alpha_rad,mach,CN,CA,CM,CMQ,CNR,CLP,CNB,CYB
-3.141593,0.0000,-0.000000,0.000000,-0.000000,-0.072240,0.000000,0.000000,0.000000,0.000000
-3.141593,0.2000,-0.000000,0.000000,-0.000000,-0.072240,0.000000,0.000000,0.000000,0.000000
-3.141593,0.4000,-0.000000,0.000000,-0.000000,-0.076480,0.000000,0.000000,0.000000,0.000000
-3.141593,0.6000,-0.000000,0.000000,-0.000000,-0.083130,0.000000,0.000000,0.000000,0.000000
-3.141593,0.8000,-0.000000,0.000000,-0.000000,-0.096640,0.000000,0.000000,0.000000,0.000000
-3.141593,0.9500,-0.000000,0.000000,-0.000000,-0.119000,0.000000,0.000000,0.000000,0.000000
-3.141593,1.0500,-90.025000,0.211000,-0.573700,-0.193200,0.000000,0.000000,0.000000,-80.385979
-3.141593,1.2000,-82.107000,0.173000,-0.537900,-0.147900,0.000000,0.000000,0.000000,-73.338598
-3.141593,1.4000,-80.148000,0.173000,-0.534500,-0.112300,0.000000,0.000000,0.000000,-71.447837
-3.141593,1.8000,-75.282000,0.196000,-0.508700,-0.095600,0.000000,0.000000,0.000000,-65.030710
-3.141593,2.2000,-67.178000,0.193000,-0.456600,-0.082720,0.000000,0.000000,0.000000,-57.467667
-3.141593,2.6000,-57.755000,0.190000,-0.393400,-0.070060,0.000000,0.000000,0.000000,-49.239993
-3.141593,3.0000,-50.232000,0.186000,-0.342500,-0.060210,0.000000,0.000000,0.000000,-42.885891
-3.141593,3.5000,-43.504000,0.190000,-0.296800,-0.051540,0.000000,0.000000,0.000000,-37.408414
-3.141593,4.0000,-38.184000,0.193000,-0.260700,-0.044880,0.000000,0.000000,0.000000,-33.300307
-3.141593,4.5000,-33.996000,0.194000,-0.232200,-0.039760,0.000000,0.000000,0.000000,-29.948504
-3.141593,5.0000,-30.704000,0.193000,-0.209800,-0.035760,0.000000,0.000000,0.000000,-27.083715
-3.054326,0.0000,-0.000000,0.000000,-30.781000,-0.072240,-11.260000,0.000000,0.000000,0.000000
-3.054326,0.2000,-0.000000,0.000000,-30.715200,-0.072240,-11.290000,0.000000,0.000000,0.000000
-3.054326,0.4000,-0.000000,0.000000,-30.978400,-0.076480,-11.430000,0.000000,0.000000,0.000000
-3.054326,0.6000,-0.000000,0.000000,-31.398800,-0.083130,-11.700000,0.000000,0.000000,0.000000
-3.054326,0.8000,-0.000000,0.000000,-30.610200,-0.096640,-11.600000,0.000000,0.000000,0.000000
-3.054326,0.9500,-0.000000,0.000000,-28.048500,-0.119000,-10.800000,0.000000,0.000000,0.000000
-3.054326,1.0500,-83.182000,7.406000,-1.213300,-0.193200,-10.800000,0.000000,0.000000,-68.926823
-3.054326,1.2000,-75.851000,6.734000,-1.147300,-0.147900,-10.800000,0.000000,0.000000,-63.254541
-3.054326,1.4000,-74.022000,6.571000,-1.146700,-0.112300,-10.800000,0.000000,0.000000,-62.280512
-3.054326,1.8000,-69.706000,6.202000,-1.022900,-0.095600,-10.800000,0.000000,0.000000,-56.430613
-3.054326,2.2000,-62.282000,5.551000,-0.893400,-0.082720,-10.800000,0.000000,0.000000,-49.091024
-3.054326,2.6000,-53.607000,4.797000,-0.756000,-0.070060,-10.800000,0.000000,0.000000,-40.920646
-3.054326,3.0000,-46.674000,4.196000,-0.649400,-0.060210,-10.800000,0.000000,0.000000,-34.366009
-3.054326,3.5000,-40.470000,3.664000,-0.555700,-0.051540,-10.800000,0.000000,0.000000,-28.332763
-3.054326,4.0000,-35.562000,3.244000,-0.483300,-0.044880,-10.800000,0.000000,0.000000,-23.405326
-3.054326,4.5000,-31.699000,2.911000,-0.427200,-0.039760,-10.800000,0.000000,0.000000,-19.635264
-3.054326,5.0000,-28.665000,2.648000,-0.383600,-0.035760,-10.800000,0.000000,0.000000,-16.850689
-2.967060,0.0000,-60.124000,8.852000,-30.434500,-0.072240,-10.830000,-1.452000,1.046221,0.000000
-2.967060,0.2000,-60.218000,9.105000,-30.375100,-0.072240,-10.860000,-1.452000,1.004395,0.000000
-2.967060,0.4000,-60.806000,9.213000,-30.714600,-0.076480,-11.010000,-1.452000,-0.018976,0.000000
-2.967060,0.6000,-61.907000,9.364000,-31.262200,-0.083130,-11.270000,-0.739600,-1.730333,0.000000
-2.967060,0.8000,-61.195000,9.201000,-30.588500,-0.096640,-11.180000,-1.005000,-3.101421,0.000000
-2.967060,0.9500,-57.275000,8.557000,-27.988900,-0.119000,-10.400000,-0.980500,-2.211617,0.000000
-2.967060,1.0500,-76.837000,13.412000,-1.657800,-0.193200,-10.400000,-0.980500,0.000000,-57.410371
-2.967060,1.2000,-70.019000,12.186000,-1.598700,-0.147900,-10.400000,-0.980500,0.000000,-53.027244
-2.967060,1.4000,-68.257000,11.856000,-1.624300,-0.112300,-10.400000,-0.980500,0.000000,-52.918382
-2.967060,1.8000,-64.474000,11.161000,-1.420500,-0.095600,-10.400000,-0.980500,0.000000,-47.234641
-2.967060,2.2000,-57.755000,9.973000,-1.227900,-0.082720,-10.400000,-0.980500,0.000000,-39.476792
-2.967060,2.6000,-49.876000,8.605000,-1.031800,-0.070060,-10.400000,-0.980500,0.000000,-30.647512
-2.967060,3.0000,-43.592000,7.515000,-0.882700,-0.060210,-10.400000,-0.980500,0.000000,-23.720453
-2.967060,3.5000,-38.000000,6.543000,-0.755200,-0.051540,-10.400000,-0.980500,0.000000,-18.288813
-2.967060,4.0000,-33.607000,5.774000,-0.658200,-0.044880,-10.400000,-0.980500,0.000000,-14.392700
-2.967060,4.5000,-30.129000,5.166000,-0.584100,-0.039760,-10.400000,-0.980500,0.000000,-11.711257
-2.967060,5.0000,-27.365000,4.686000,-0.525900,-0.035760,-10.400000,-0.980500,0.000000,-9.751742
-2.879793,0.0000,-55.930000,12.600000,-30.598500,-0.072240,-10.250000,-2.075000,-4.110972,-36.113530
-2.879793,0.2000,-55.960000,12.843000,-30.540000,-0.072240,-10.280000,-2.075000,-4.049093,-36.594814
-2.879793,0.4000,-56.417000,12.942000,-30.981700,-0.076480,-10.430000,-2.075000,-5.358874,-38.010020
-2.879793,0.6000,-57.303000,13.088000,-31.700800,-0.083130,-10.690000,-1.656000,-7.580232,-40.341958
-2.879793,0.8000,-56.580000,12.826000,-31.151600,-0.096640,-10.620000,-1.821000,-9.092840,-40.628437
-2.879793,0.9500,-53.107000,11.990000,-28.434500,-0.119000,-9.870000,-1.731000,-7.322401,-36.147907
-2.879793,1.0500,-71.144000,18.433000,-1.889800,-0.193200,-9.870000,-1.731000,0.000000,-45.876731
-2.879793,1.2000,-64.782000,16.692000,-1.871000,-0.147900,-9.870000,-1.731000,0.000000,-42.456173
-2.879793,1.4000,-63.043000,16.159000,-1.950600,-0.112300,-9.870000,-1.731000,0.000000,-42.845784
-2.879793,1.8000,-59.845000,15.192000,-1.694500,-0.095600,-9.870000,-1.731000,0.000000,-36.084882
-2.879793,2.2000,-53.967000,13.565000,-1.459900,-0.082720,-9.870000,-1.731000,0.000000,-27.152470
-2.879793,2.6000,-47.047000,11.700000,-1.229000,-0.070060,-9.870000,-1.731000,0.000000,-19.875906
-2.879793,3.0000,-41.493000,10.210000,-1.057300,-0.060210,-9.870000,-1.731000,0.000000,-15.005765
-2.879793,3.5000,-36.385000,8.880000,-0.906400,-0.051540,-9.870000,-1.731000,0.000000,-11.814390
-2.879793,4.0000,-32.271000,7.829000,-0.788800,-0.044880,-9.870000,-1.731000,0.000000,-9.419426
-2.879793,4.5000,-28.961000,7.009000,-0.691600,-0.039760,-9.870000,-1.731000,0.000000,-7.500018
-2.879793,5.0000,-26.333000,6.369000,-0.611500,-0.035760,-9.870000,-1.731000,0.000000,-5.690617
-2.792527,0.0000,-52.126000,15.968000,-31.152000,-0.072240,-9.529000,-2.822000,-8.084434,-29.427112
-2.792527,0.2000,-52.101000,16.193000,-31.081800,-0.072240,-9.555000,-2.822000,-7.797956,-29.833912
-2.792527,0.4000,-52.446000,16.271000,-31.649900,-0.076480,-9.701000,-2.822000,-9.350671,-31.042853
-2.792527,0.6000,-53.152000,16.390000,-32.585500,-0.083130,-9.962000,-2.715000,-12.077950,-32.967992
-2.792527,0.8000,-52.452000,16.035000,-32.175900,-0.096640,-9.903000,-2.773000,-13.779635,-32.904966
-2.792527,0.9500,-49.407000,15.072000,-29.267100,-0.119000,-9.194000,-2.605000,-11.378942,-28.309845
-2.792527,1.0500,-66.236000,22.660000,-1.925500,-0.193200,-9.194000,-2.605000,0.000000,-34.348820
-2.792527,1.2000,-60.318000,20.411000,-1.972800,-0.147900,-9.194000,-2.605000,0.000000,-31.409546
-2.792527,1.4000,-58.630000,19.608000,-2.133600,-0.112300,-9.194000,-2.605000,0.000000,-31.535597
-2.792527,1.8000,-56.226000,18.419000,-1.851200,-0.095600,-9.194000,-2.605000,0.000000,-23.542836
-2.792527,2.2000,-51.347000,16.432000,-1.600100,-0.082720,-9.194000,-2.605000,0.000000,-18.414864
-2.792527,2.6000,-45.014000,14.164000,-1.346400,-0.070060,-9.194000,-2.605000,0.000000,-14.386970
-2.792527,3.0000,-39.787000,12.361000,-1.154100,-0.060210,-9.194000,-2.605000,0.000000,-12.249838
-2.792527,3.5000,-34.917000,10.775000,-0.972700,-0.051540,-9.194000,-2.605000,0.000000,-9.230350
-2.792527,4.0000,-31.060000,9.556000,-0.818600,-0.044880,-9.194000,-2.605000,0.000000,-6.474423
-2.792527,4.5000,-28.009000,8.597000,-0.697600,-0.039760,-9.194000,-2.605000,0.000000,-2.955889
-2.792527,5.0000,-25.627000,7.859000,-0.594600,-0.035760,-9.194000,-2.605000,0.000000,-0.086517
-2.705260,0.0000,-48.640000,19.087000,-32.009600,-0.072240,-8.678000,-3.678000,-11.361753,-23.772019
-2.705260,0.2000,-48.568000,19.292000,-31.901300,-0.072240,-8.703000,-3.678000,-10.588260,-24.087146
-2.705260,0.4000,-48.824000,19.347000,-32.614000,-0.076480,-8.841000,-3.678000,-12.267026,-25.061174
-2.705260,0.6000,-49.396000,19.441000,-33.808600,-0.083130,-9.090000,-3.880000,-15.395376,-26.487839
-2.705260,0.8000,-48.760000,19.019000,-33.556900,-0.096640,-9.044000,-3.794000,-20.511889,-27.135281
-2.705260,0.9500,-46.184000,17.990000,-30.420600,-0.119000,-8.389000,-3.561000,-15.911038,-21.583320
-2.705260,1.0500,-62.238000,26.240000,-1.804400,-0.193200,-8.389000,-3.561000,0.000000,-23.393867
-2.705260,1.2000,-56.813000,23.479000,-1.934700,-0.147900,-8.389000,-3.561000,0.000000,-20.231140
-2.705260,1.4000,-55.314000,22.340000,-2.188400,-0.112300,-8.389000,-3.561000,0.000000,-19.629534
-2.705260,1.8000,-53.813000,20.957000,-1.908600,-0.095600,-8.389000,-3.561000,0.000000,-16.529832
-2.705260,2.2000,-49.133000,18.682000,-1.638400,-0.082720,-8.389000,-3.561000,0.000000,-15.830824
-2.705260,2.6000,-43.190000,16.130000,-1.360900,-0.070060,-8.389000,-3.561000,0.000000,-13.235325
-2.705260,3.0000,-38.179000,14.153000,-1.135500,-0.060210,-8.389000,-3.561000,0.000000,-9.912170
-2.705260,3.5000,-33.738000,12.435000,-0.923500,-0.051540,-8.389000,-3.561000,0.000000,-5.473466
-2.705260,4.0000,-30.204000,11.107000,-0.748000,-0.044880,-8.389000,-3.561000,0.000000,-1.038200
-2.705260,4.5000,-27.602000,10.071000,-0.607000,-0.039760,-8.389000,-3.561000,0.000000,2.437935
-2.705260,5.0000,-25.550000,9.259000,-0.490000,-0.035760,-8.389000,-3.561000,0.000000,4.940042
-2.617994,0.0000,-45.365000,22.017000,-33.134700,-0.072240,-7.727000,-4.663000,-17.188734,-21.039010
-2.617994,0.2000,-45.254000,22.204000,-32.930300,-0.072240,-7.748000,-4.663000,-16.065737,-21.434351
-2.617994,0.4000,-45.440000,22.244000,-33.790700,-0.076480,-7.874000,-4.663000,-18.936255,-22.643292
-2.617994,0.6000,-45.916000,22.330000,-35.272500,-0.083130,-8.103000,-4.827000,-30.962639,-27.204036
-2.617994,0.8000,-45.258000,21.685000,-35.756300,-0.096640,-8.098000,-4.839000,-33.317496,-24.631456
-2.617994,0.9500,-43.227000,20.758000,-32.043800,-0.119000,-7.490000,-4.596000,-19.274300,-15.177652
-2.617994,1.0500,-59.206000,29.270000,-1.575800,-0.193200,-7.490000,-4.596000,0.000000,-13.842660
-2.617994,1.2000,-54.424000,25.995000,-1.800000,-0.147900,-7.490000,-4.596000,0.000000,-10.129894
-2.617994,1.4000,-53.287000,24.454000,-2.150500,-0.112300,-7.490000,-4.596000,0.000000,-12.301404
-2.617994,1.8000,-51.719000,22.919000,-1.864800,-0.095600,-7.490000,-4.596000,0.000000,-15.406835
-2.617994,2.2000,-47.190000,20.479000,-1.572200,-0.082720,-7.490000,-4.596000,0.000000,-15.349539
-2.617994,2.6000,-41.482000,17.818000,-1.258900,-0.070060,-7.490000,-4.596000,0.000000,-11.338835
-2.617994,3.0000,-36.969000,15.738000,-1.022500,-0.060210,-7.490000,-4.596000,0.000000,-6.365561
-2.617994,3.5000,-32.974000,13.970000,-0.786700,-0.051540,-7.490000,-4.596000,0.000000,-0.854280
-2.617994,4.0000,-30.014000,12.562000,-0.602500,-0.044880,-7.490000,-4.596000,0.000000,3.340917
-2.617994,4.5000,-27.669000,11.446000,-0.448100,-0.039760,-7.490000,-4.596000,0.000000,5.648218
-2.617994,5.0000,-25.811000,10.557000,-0.316500,-0.035760,-7.490000,-4.596000,0.000000,8.353725
-2.530727,0.0000,-41.984000,24.559000,-35.009500,-0.072240,-6.724000,-6.034000,-53.508528,-32.034070
-2.530727,0.2000,-41.823000,24.706000,-34.704900,-0.072240,-6.743000,-6.034000,-53.181943,-32.028341
-2.530727,0.4000,-41.904000,24.667000,-35.919200,-0.076480,-6.862000,-6.034000,-55.387830,-31.856453
-2.530727,0.6000,-41.921000,24.228000,-39.212800,-0.083130,-7.129000,-5.748000,-57.467667,-30.045907
-2.530727,0.8000,-41.763000,23.920000,-39.371700,-0.096640,-7.107000,-6.007000,-40.897727,-19.944661
-2.530727,0.9500,-40.618000,23.604000,-33.784300,-0.119000,-6.509000,-5.690000,-20.500430,-8.903764
-2.530727,1.0500,-57.184000,31.797000,-1.290500,-0.193200,-6.509000,-5.690000,0.000000,-6.594744
-2.530727,1.2000,-53.196000,28.015000,-1.613800,-0.147900,-6.509000,-5.690000,0.000000,-5.219073
-2.530727,1.4000,-51.875000,26.034000,-2.036700,-0.112300,-6.509000,-5.690000,0.000000,-12.278486
-2.530727,1.8000,-49.939000,24.463000,-1.731400,-0.095600,-6.509000,-5.690000,0.000000,-15.618829
-2.530727,2.2000,-45.301000,22.034000,-1.404100,-0.082720,-6.509000,-5.690000,0.000000,-14.238001
-2.530727,2.6000,-40.174000,19.305000,-1.089000,-0.070060,-6.509000,-5.690000,0.000000,-8.915223
-2.530727,3.0000,-36.117000,17.236000,-0.831700,-0.060210,-6.509000,-5.690000,0.000000,-2.826401
-2.530727,3.5000,-32.791000,15.382000,-0.598800,-0.051540,-6.509000,-5.690000,0.000000,1.830600
-2.530727,4.0000,-30.133000,13.891000,-0.401600,-0.044880,-6.509000,-5.690000,0.000000,4.580798
-2.530727,4.5000,-28.062000,12.677000,-0.235700,-0.039760,-6.509000,-5.690000,0.000000,7.626068
-2.530727,5.0000,-26.616000,11.725000,-0.071900,-0.035760,-6.509000,-5.690000,0.000000,10.032491
-2.443461,0.0000,-37.301000,25.094000,-42.473500,-0.072240,-5.838000,-7.258000,-94.709924,-37.654786
-2.443461,0.2000,-37.164000,25.256000,-42.212000,-0.072240,-5.854000,-7.258000,-91.558656,-36.812538
-2.443461,0.4000,-37.374000,25.333000,-43.457600,-0.076480,-5.957000,-7.258000,-86.115557,-34.119637
-2.443461,0.6000,-38.067000,25.706000,-45.301200,-0.083130,-6.133000,-7.137000,-66.749583,-24.058498
-2.443461,0.8000,-38.650000,26.366000,-42.894600,-0.096640,-6.026000,-7.259000,-38.966860,-12.817066
-2.443461,0.9500,-38.164000,26.487000,-35.622000,-0.119000,-5.489000,-6.783000,-23.640239,-5.074114
-2.443461,1.0500,-56.151000,33.827000,-0.994800,-0.193200,-5.489000,-6.783000,0.000000,-4.372814
-2.443461,1.2000,-52.502000,29.559000,-1.404200,-0.147900,-5.489000,-6.783000,0.000000,-7.448451
-2.443461,1.4000,-50.589000,27.190000,-1.854700,-0.112300,-5.489000,-6.783000,0.000000,-14.220812
-2.443461,1.8000,-48.246000,25.770000,-1.518300,-0.095600,-5.489000,-6.783000,0.000000,-16.730368
-2.443461,2.2000,-43.850000,23.384000,-1.191200,-0.082720,-5.489000,-6.783000,0.000000,-12.484750
-2.443461,2.6000,-39.109000,20.720000,-0.856200,-0.070060,-5.489000,-6.783000,0.000000,-6.514530
-2.443461,3.0000,-35.844000,18.565000,-0.613200,-0.060210,-5.489000,-6.783000,0.000000,-1.468491
-2.443461,3.5000,-32.864000,16.623000,-0.370600,-0.051540,-5.489000,-6.783000,0.000000,1.433540
-2.443461,4.0000,-30.552000,15.044000,-0.150600,-0.044880,-5.489000,-6.783000,0.000000,4.769301
-2.443461,4.5000,-28.952000,13.750000,0.051800,-0.039760,-5.489000,-6.783000,0.000000,7.282294
-2.443461,5.0000,-27.723000,12.673000,0.236700,-0.035760,-5.489000,-6.783000,0.000000,7.952654
-2.356194,0.0000,-33.384000,25.879000,-51.543200,-0.072240,-4.894000,-8.011000,-113.159165,-26.499298
-2.356194,0.2000,-33.280000,26.124000,-50.688400,-0.072240,-4.896000,-8.011000,-102.674037,-25.038256
-2.356194,0.4000,-33.624000,26.507000,-50.952000,-0.076480,-4.955000,-8.011000,-85.599895,-20.769720
-2.356194,0.6000,-34.687000,27.590000,-50.864700,-0.083130,-5.046000,-8.745000,-60.733526,-13.722339
-2.356194,0.8000,-35.711000,28.909000,-46.172500,-0.096640,-4.915000,-8.475000,-36.159366,-6.944248
-2.356194,0.9500,-35.681000,29.267000,-37.910200,-0.119000,-4.477000,-7.852000,-28.802588,-2.611542
-2.356194,1.0500,-55.615000,35.342000,-0.719000,-0.193200,-4.477000,-7.852000,-8.090164,24.574160
-2.356194,1.2000,-51.852000,30.659000,-1.185700,-0.147900,-4.477000,-7.852000,-7.414074,22.689129
-2.356194,1.4000,-49.634000,28.068000,-1.621900,-0.112300,-4.477000,-7.852000,-7.196350,22.448486
-2.356194,1.8000,-46.665000,26.901000,-1.262700,-0.095600,-4.477000,-7.852000,-5.713535,19.572238
-2.356194,2.2000,-42.627000,24.644000,-0.935400,-0.082720,-4.477000,-7.852000,-4.573349,17.366351
-2.356194,2.6000,-38.679000,21.912000,-0.617000,-0.070060,-4.477000,-7.852000,-3.523117,15.200570
-2.356194,3.0000,-35.781000,19.678000,-0.369800,-0.060210,-4.477000,-7.852000,-2.809785,13.538993
-2.356194,3.5000,-33.150000,17.667000,-0.094800,-0.051540,-4.477000,-7.852000,-2.221357,12.089409
-2.356194,4.0000,-31.377000,15.976000,0.150400,-0.044880,-4.477000,-7.852000,-1.801952,10.926305
-2.356194,4.5000,-30.033000,14.555000,0.375000,-0.039760,-4.477000,-7.852000,-1.501722,9.980925
-2.356194,5.0000,-28.977000,13.329000,0.526800,-0.035760,-4.477000,-7.852000,-1.285717,9.207432
-2.268928,0.0000,-29.896000,27.107000,-60.039100,-0.072240,-3.881000,-8.746000,-69.156006,-17.137168
-2.268928,0.2000,-29.795000,27.402000,-58.216400,-0.072240,-3.873000,-8.764000,-63.483724,-16.896525
-2.268928,0.4000,-30.185000,28.000000,-57.257200,-0.076480,-3.900000,-8.839000,-53.181943,-15.716232
-2.268928,0.6000,-31.393000,29.508000,-55.675100,-0.083130,-3.951000,-9.004000,-39.287716,-13.596288
-2.268928,0.8000,-32.662000,31.200000,-49.723900,-0.096640,-3.842000,-8.931000,48.632658,-8.290699
-2.268928,0.9500,-32.875000,31.609000,-42.504900,-0.119000,-3.517000,-8.413000,792.400631,-8.433939
-2.268928,1.0500,-54.935000,36.310000,-0.484500,-0.193200,-3.517000,-8.413000,-8.090164,-18.151303
-2.268928,1.2000,-51.045000,31.345000,-0.973400,-0.147900,-3.517000,-8.413000,-7.414074,-20.517619
-2.268928,1.4000,-48.709000,28.799000,-1.347100,-0.112300,-3.517000,-8.413000,-7.196350,-20.477512
-2.268928,1.8000,-45.478000,27.878000,-0.991900,-0.095600,-3.517000,-8.413000,-5.713535,-17.171545
-2.268928,2.2000,-41.553000,25.633000,-0.678600,-0.082720,-3.517000,-8.413000,-4.573349,-11.138300
-2.268928,2.6000,-38.410000,22.834000,-0.368900,-0.070060,-3.517000,-8.413000,-3.523117,-7.855251
-2.268928,3.0000,-35.885000,20.556000,-0.095700,-0.060210,-3.517000,-8.413000,-2.809785,-6.199403
-2.268928,3.5000,-33.753000,18.424000,0.196200,-0.051540,-3.517000,-8.413000,-2.221357,-5.426483
-2.268928,4.0000,-32.265000,16.600000,0.444800,-0.044880,-3.517000,-8.413000,-1.801952,-5.685460
-2.268928,4.5000,-31.039000,15.025000,0.609500,-0.039760,-3.517000,-8.413000,-1.501722,-2.746187
-2.268928,5.0000,-30.262000,13.750000,0.769800,-0.035760,-3.517000,-8.413000,-1.285717,-1.775023
-2.181662,0.0000,-26.527000,28.373000,-67.718900,-0.072240,-2.887000,-9.646000,-106.856629,-17.818987
-2.181662,0.2000,-26.410000,28.667000,-64.620800,-0.072240,-2.876000,-9.672000,-83.308063,-17.773151
-2.181662,0.4000,-26.798000,29.348000,-63.009000,-0.076480,-2.894000,-9.772000,-78.667105,-17.297596
-2.181662,0.6000,-28.009000,31.053000,-60.886200,-0.083130,-2.931000,-9.977000,-80.156796,-15.767799
-2.181662,0.8000,-29.437000,33.011000,-55.109900,-0.096640,-2.859000,-9.936000,-172.059226,-13.934334
-2.181662,0.9500,-29.661000,33.241000,-6.838600,-0.119000,-2.640000,-9.359000,24.900746,-16.850689
-2.181662,1.0500,-54.024000,36.695000,-0.319800,-0.193200,-2.640000,-9.359000,-8.090164,-29.547433
-2.181662,1.2000,-50.315000,31.555000,-0.810200,-0.147900,-2.640000,-9.359000,-7.414074,-27.948881
-2.181662,1.4000,-47.741000,29.328000,-1.072900,-0.112300,-2.640000,-9.359000,-7.196350,-24.516864
-2.181662,1.8000,-44.341000,28.541000,-0.737600,-0.095600,-2.640000,-9.359000,-5.713535,-23.537106
-2.181662,2.2000,-40.963000,26.277000,-0.444100,-0.082720,-2.640000,-9.359000,-4.573349,-19.234193
-2.181662,2.6000,-38.212000,23.430000,-0.126500,-0.070060,-2.640000,-9.359000,-3.523117,-16.707449
-2.181662,3.0000,-35.966000,21.061000,0.151100,-0.060210,-2.640000,-9.359000,-2.809785,-15.149004
-2.181662,3.5000,-34.221000,18.758000,0.390900,-0.051540,-2.640000,-9.359000,-2.221357,-13.286891
-2.181662,4.0000,-32.904000,16.854000,0.610900,-0.044880,-2.640000,-9.359000,-1.801952,-12.123787
-2.181662,4.5000,-32.048000,15.273000,0.788100,-0.039760,-2.640000,-9.359000,-1.501722,-10.290322
-2.181662,5.0000,-31.457000,13.983000,0.953300,-0.035760,-2.640000,-9.359000,-1.285717,-9.402237
-2.094395,0.0000,-23.147000,29.213000,-78.692500,-0.072240,-2.002000,-10.470000,-324.809774,-19.726937
-2.094395,0.2000,-23.010000,29.487000,-72.754100,-0.072240,-1.991000,-10.510000,-191.024129,-19.870176
-2.094395,0.4000,-23.370000,30.192000,-70.982800,-0.076480,-2.005000,-10.630000,-226.203738,-20.053523
-2.094395,0.6000,-24.560000,32.046000,-69.662500,-0.083130,-2.036000,-10.880000,-994.654732,-19.675371
-2.094395,0.8000,-25.956000,34.046000,-79.755600,-0.096640,-2.001000,-10.850000,42.484821,-21.136413
-2.094395,0.9500,-26.050000,33.925000,-38.159100,-0.119000,-1.871000,-10.220000,-225.401597,-25.164306
-2.094395,1.0500,-52.770000,36.472000,-0.240800,-0.193200,-1.871000,-10.220000,-8.090164,-40.445091
-2.094395,1.2000,-49.412000,31.452000,-0.665200,-0.147900,-1.871000,-10.220000,-7.414074,-35.494735
-2.094395,1.4000,-46.691000,29.729000,-0.802300,-0.112300,-1.871000,-10.220000,-7.196350,-30.613135
-2.094395,1.8000,-43.143000,28.763000,-0.530900,-0.095600,-1.871000,-10.220000,-5.713535,-30.842318
-2.094395,2.2000,-40.279000,26.384000,-0.281700,-0.082720,-1.871000,-10.220000,-4.573349,-27.393112
-2.094395,2.6000,-37.835000,23.496000,0.020100,-0.070060,-1.871000,-10.220000,-3.523117,-25.135658
-2.094395,3.0000,-35.898000,21.039000,0.252000,-0.060210,-1.871000,-10.220000,-2.809785,-22.975608
-2.094395,3.5000,-34.499000,18.754000,0.487800,-0.051540,-1.871000,-10.220000,-2.221357,-21.113495
-2.094395,4.0000,-33.475000,16.861000,0.696900,-0.044880,-1.871000,-10.220000,-1.801952,-19.331596
-2.094395,4.5000,-32.841000,15.294000,0.863500,-0.039760,-1.871000,-10.220000,-1.501722,-18.179951
-2.094395,5.0000,-32.397000,14.024000,1.021400,-0.035760,-1.871000,-10.220000,-1.285717,-17.354892
-2.007129,0.0000,-19.771000,29.415000,-0.000000,-0.072240,-1.270000,-11.230000,264.076248,-24.035580
-2.007129,0.2000,-19.611000,29.653000,-97.965500,-0.072240,-1.260000,-11.270000,135.848293,-24.276222
-2.007129,0.4000,-19.922000,30.334000,-0.000000,-0.076480,-1.272000,-11.420000,68.984119,-24.723129
-2.007129,0.6000,-21.009000,32.207000,-0.000000,-0.083130,-1.298000,-11.700000,19.131061,-26.252926
-2.007129,0.8000,-22.214000,34.037000,-47.695200,-0.096640,-1.289000,-11.670000,73.682372,-29.994341
-2.007129,0.9500,-22.221000,33.608000,-46.173900,-0.119000,-1.224000,-10.970000,-116.023954,-34.027963
-2.007129,1.0500,-51.371000,35.613000,-0.261600,-0.193200,-1.224000,-10.970000,-8.090164,-50.935948
-2.007129,1.2000,-48.339000,30.987000,-0.567100,-0.147900,-1.224000,-10.970000,-7.414074,-43.109345
-2.007129,1.4000,-45.514000,29.602000,-0.623400,-0.112300,-1.224000,-10.970000,-7.196350,-38.703299
-2.007129,1.8000,-41.789000,28.433000,-0.408200,-0.095600,-1.224000,-10.970000,-5.713535,-38.456927
-2.007129,2.2000,-39.461000,25.999000,-0.202000,-0.082720,-1.224000,-10.970000,-4.573349,-34.807186
-2.007129,2.6000,-37.281000,23.135000,0.074700,-0.070060,-1.224000,-10.970000,-3.523117,-32.893507
-2.007129,3.0000,-35.748000,20.703000,0.277900,-0.060210,-1.224000,-10.970000,-2.809785,-30.469896
-2.007129,3.5000,-34.541000,18.438000,0.478600,-0.051540,-1.224000,-10.970000,-2.221357,-29.129174
-2.007129,4.0000,-33.780000,16.583000,0.652800,-0.044880,-1.224000,-10.970000,-1.801952,-27.507704
-2.007129,4.5000,-33.290000,15.063000,0.796100,-0.039760,-1.224000,-10.970000,-1.501722,-26.482109
-2.007129,5.0000,-32.950000,13.839000,0.933000,-0.035760,-1.224000,-10.970000,-1.285717,-25.674239
-1.919862,0.0000,-16.427000,28.795000,-32.605800,-0.072240,-0.710800,-11.900000,257.716416,-30.068825
-1.919862,0.2000,-16.245000,28.997000,-49.044200,-0.072240,-0.700600,-11.940000,29.341169,-30.309467
-1.919862,0.4000,-16.515000,29.658000,-58.946700,-0.076480,-0.709000,-12.100000,36.067693,-30.974098
-1.919862,0.6000,-17.414000,31.387000,-66.323200,-0.083130,-0.727300,-12.400000,778.076686,-34.022234
-1.919862,0.8000,-18.382000,32.927000,-66.890600,-0.096640,-0.731600,-12.360000,-270.894446,-39.006967
-1.919862,0.9500,-18.280000,32.153000,-58.413900,-0.119000,-0.708400,-11.600000,-211.077652,-42.805677
-1.919862,1.0500,-49.795000,34.106000,-0.375000,-0.193200,-0.708400,-11.600000,-8.090164,-61.191893
-1.919862,1.2000,-47.050000,30.147000,-0.526300,-0.147900,-0.708400,-11.600000,-7.414074,-51.314100
-1.919862,1.4000,-44.267000,28.941000,-0.543300,-0.112300,-0.708400,-11.600000,-7.196350,-47.314855
-1.919862,1.8000,-40.446000,27.600000,-0.374600,-0.095600,-0.708400,-11.600000,-5.713535,-44.742274
-1.919862,2.2000,-38.536000,25.257000,-0.184000,-0.082720,-0.708400,-11.600000,-4.573349,-42.290015
-1.919862,2.6000,-36.532000,22.380000,0.035500,-0.070060,-0.708400,-11.600000,-3.523117,-40.674274
-1.919862,3.0000,-35.324000,19.974000,0.184800,-0.060210,-0.708400,-11.600000,-2.809785,-38.691840
-1.919862,3.5000,-34.257000,17.762000,0.335800,-0.051540,-0.708400,-11.600000,-2.221357,-37.133395
-1.919862,4.0000,-33.714000,15.971000,0.463800,-0.044880,-0.708400,-11.600000,-1.801952,-35.689541
-1.919862,4.5000,-33.324000,14.522000,0.572700,-0.039760,-0.708400,-11.600000,-1.501722,-34.623840
-1.919862,5.0000,-33.051000,13.365000,0.677200,-0.035760,-0.708400,-11.600000,-1.285717,-33.781592
-1.832596,0.0000,-13.188000,27.283000,-79.431900,-0.072240,-0.323300,-12.430000,-587.281740,-36.823997
-1.832596,0.2000,-12.984000,27.447000,-92.844700,-0.072240,-0.312000,-12.480000,-626.815828,-37.064640
-1.832596,0.4000,-13.195000,28.046000,-96.193000,-0.076480,-0.315900,-12.650000,-601.032727,-38.244933
-1.832596,0.6000,-13.899000,29.539000,-98.736300,-0.083130,-0.325500,-12.960000,-584.416951,-42.232719
-1.832596,0.8000,-14.631000,30.687000,-94.975400,-0.096640,-0.332600,-12.910000,-549.180047,-48.002404
-1.832596,0.9500,-14.478000,29.642000,-83.014200,-0.119000,-0.330500,-12.080000,-493.545845,-50.511959
-1.832596,1.0500,-47.940000,31.987000,-0.548700,-0.193200,-0.330500,-12.080000,-8.090164,-69.786259
-1.832596,1.2000,-45.450000,28.774000,-0.568900,-0.147900,-0.330500,-12.080000,-7.414074,-60.160568
-1.832596,1.4000,-42.790000,27.674000,-0.564900,-0.112300,-0.330500,-12.080000,-7.196350,-55.250320
-1.832596,1.8000,-39.173000,26.381000,-0.410800,-0.095600,-0.330500,-12.080000,-5.713535,-51.932895
-1.832596,2.2000,-37.382000,24.001000,-0.272900,-0.082720,-0.330500,-12.080000,-4.573349,-50.586444
-1.832596,2.6000,-35.543000,21.146000,-0.121500,-0.070060,-0.330500,-12.080000,-3.523117,-48.363367
-1.832596,3.0000,-34.597000,18.805000,-0.026700,-0.060210,-0.330500,-12.080000,-2.809785,-46.443959
-1.832596,3.5000,-33.687000,16.677000,0.070900,-0.051540,-0.330500,-12.080000,-2.221357,-44.541739
-1.832596,4.0000,-33.278000,14.974000,0.150700,-0.044880,-0.330500,-12.080000,-1.801952,-43.183829
-1.832596,4.5000,-32.961000,13.610000,0.220400,-0.039760,-0.330500,-12.080000,-1.501722,-42.037913
-1.832596,5.0000,-32.727000,12.528000,0.287500,-0.035760,-0.330500,-12.080000,-1.285717,-41.126911
-1.745329,0.0000,-10.162000,24.863000,-0.000000,-0.072240,-0.100700,-12.810000,-1199.773623,-43.837001
-1.745329,0.2000,-9.940000,24.989000,-0.000000,-0.072240,-0.088350,-12.860000,-1640.951125,-44.048995
-1.745329,0.4000,-10.089000,25.478000,-0.000000,-0.076480,-0.088310,-13.040000,-1744.656486,-45.584522
-1.745329,0.6000,-10.615000,26.641000,-0.000000,-0.083130,-0.090760,-13.360000,-1815.703253,-50.214021
-1.745329,0.8000,-11.152000,27.329000,-0.000000,-0.096640,-0.095370,-13.280000,-1765.282967,-56.058191
-1.745329,0.9500,-11.024000,26.133000,-0.000000,-0.119000,-0.100300,-12.390000,-1610.584362,-57.227025
-1.745329,1.0500,-45.921000,29.373000,-0.738100,-0.193200,-0.100300,-12.390000,-8.090164,-76.317978
-1.745329,1.2000,-43.658000,26.748000,-0.693100,-0.147900,-0.100300,-12.390000,-7.414074,-68.697640
-1.745329,1.4000,-41.163000,25.940000,-0.652000,-0.112300,-0.100300,-12.390000,-7.196350,-63.254541
-1.745329,1.8000,-37.675000,24.536000,-0.544300,-0.095600,-0.100300,-12.390000,-5.713535,-60.447047
-1.745329,2.2000,-36.006000,22.170000,-0.458500,-0.082720,-0.100300,-12.390000,-4.573349,-58.212512
-1.745329,2.6000,-34.420000,19.402000,-0.367100,-0.070060,-0.100300,-12.390000,-3.523117,-55.250320
-1.745329,3.0000,-33.623000,17.167000,-0.315400,-0.060210,-0.100300,-12.390000,-2.809785,-53.113188
-1.745329,3.5000,-32.883000,15.153000,-0.263500,-0.051540,-0.100300,-12.390000,-2.221357,-50.947407
-1.745329,4.0000,-32.564000,13.553000,-0.224200,-0.044880,-0.100300,-12.390000,-1.801952,-49.463446
-1.745329,4.5000,-32.307000,12.283000,-0.189400,-0.039760,-0.100300,-12.390000,-1.501722,-48.197210
-1.745329,5.0000,-32.103000,11.282000,-0.156200,-0.035760,-0.100300,-12.390000,-1.285717,-47.183074
-1.658063,0.0000,-7.503000,21.543000,-0.000000,-0.072240,-0.041490,-13.010000,-2760.510657,-50.431745
-1.658063,0.2000,-7.269000,21.633000,-0.000000,-0.072240,-0.028640,-13.060000,-5303.870310,-50.580714
-1.658063,0.4000,-7.369000,21.991000,-0.000000,-0.076480,-0.027190,-13.250000,-5981.679381,-52.207914
-1.658063,0.6000,-7.770000,22.776000,-0.000000,-0.083130,-0.027110,-13.570000,-6245.239967,-57.009301
-1.658063,0.8000,-8.199000,23.018000,-0.000000,-0.096640,-0.028850,-13.460000,-5769.684997,-62.337808
-1.658063,0.9500,-8.144000,21.764000,-0.000000,-0.119000,-0.031180,-12.520000,-5115.367195,-62.395104
-1.658063,1.0500,-43.881000,26.260000,-0.914500,-0.193200,-0.031180,-12.520000,-8.090164,-82.162148
-1.658063,1.2000,-41.771000,24.016000,-0.854700,-0.147900,-0.031180,-12.520000,-7.414074,-76.489866
-1.658063,1.4000,-39.382000,23.423000,-0.802700,-0.112300,-0.031180,-12.520000,-7.196350,-72.249978
-1.658063,1.8000,-36.031000,22.014000,-0.730500,-0.095600,-0.031180,-12.520000,-5.713535,-67.838203
-1.658063,2.2000,-34.515000,19.762000,-0.680400,-0.082720,-0.031180,-12.520000,-4.573349,-64.457752
-1.658063,2.6000,-33.173000,17.155000,-0.628500,-0.070060,-0.031180,-12.520000,-3.523117,-60.790822
-1.658063,3.0000,-32.534000,15.070000,-0.602900,-0.060210,-0.031180,-12.520000,-2.809785,-58.212512
-1.658063,3.5000,-31.957000,13.201000,-0.578700,-0.051540,-0.031180,-12.520000,-2.221357,-55.760253
-1.658063,4.0000,-31.733000,11.722000,-0.564300,-0.044880,-0.031180,-12.520000,-1.801952,-54.052838
-1.658063,4.5000,-31.542000,10.556000,-0.551800,-0.039760,-0.031180,-12.520000,-1.501722,-52.643362
-1.658063,5.0000,-31.375000,9.639000,-0.540400,-0.035760,-0.031180,-12.520000,-1.285717,-51.520365
-1.570796,0.0000,-5.432000,17.448000,-0.000000,-0.072240,-0.157800,-13.000000,244.137317,-54.534123
-1.570796,0.2000,-5.191000,17.507000,-0.000000,-0.072240,-0.145300,-13.050000,418.545669,-54.660174
-1.570796,0.4000,-5.263000,17.731000,-0.000000,-0.076480,-0.145400,-13.240000,458.881898,-56.298833
-1.570796,0.6000,-5.600000,18.130000,-0.000000,-0.083130,-0.148100,-13.560000,479.565675,-61.134597
-1.570796,0.8000,-6.006000,17.970000,-0.000000,-0.096640,-0.147900,-13.430000,463.580152,-66.119330
-1.570796,0.9500,-6.053000,16.759000,-0.000000,-0.119000,-0.139700,-12.470000,429.317276,-65.546372
-1.570796,1.0500,-41.900000,22.558000,-1.028100,-0.193200,-0.139700,-12.470000,-8.090164,-86.402036
-1.570796,1.2000,-39.953000,20.574000,-0.973200,-0.147900,-0.139700,-12.470000,-7.414074,-81.302711
-1.570796,1.4000,-37.629000,20.083000,-0.927700,-0.112300,-0.139700,-12.470000,-7.196350,-77.750373
-1.570796,1.8000,-34.419000,18.863000,-0.873200,-0.095600,-0.139700,-12.470000,-5.713535,-72.078091
-1.570796,2.2000,-33.089000,16.833000,-0.840400,-0.082720,-0.139700,-12.470000,-4.573349,-71.562429
-1.570796,2.6000,-31.979000,14.471000,-0.805700,-0.070060,-0.139700,-12.470000,-3.523117,-67.207949
-1.570796,3.0000,-31.510000,12.587000,-0.786900,-0.060210,-0.139700,-12.470000,-2.809785,-64.171273
-1.570796,3.5000,-31.091000,10.901000,-0.768600,-0.051540,-0.139700,-12.470000,-2.221357,-61.363780
-1.570796,4.0000,-30.979000,9.568000,-0.758900,-0.044880,-0.139700,-12.470000,-1.801952,-59.415723
-1.570796,4.5000,-30.869000,8.518000,-0.750700,-0.039760,-0.139700,-12.470000,-1.501722,-57.868737
-1.570796,5.0000,-30.759000,7.693000,-0.743700,-0.035760,-0.139700,-12.470000,-1.285717,-56.631148
-1.483530,0.0000,-4.156000,13.009000,-0.000000,-0.072240,-0.468300,-12.730000,3076.783360,-54.511205
-1.483530,0.2000,-3.912000,13.035000,-0.000000,-0.072240,-0.457000,-12.780000,5715.254006,-54.711740
-1.483530,0.4000,-3.973000,13.120000,-0.000000,-0.076480,-0.461100,-12.970000,6417.127305,-56.396236
-1.483530,0.6000,-4.305000,13.126000,-0.000000,-0.083130,-0.471100,-13.300000,6692.147047,-61.306484
-1.483530,0.8000,-4.763000,12.568000,-0.000000,-0.096640,-0.469100,-13.180000,6199.403343,-66.577696
-1.483530,0.9500,-4.919000,11.421000,-0.000000,-0.119000,-0.441700,-12.220000,5502.686664,-66.405808
-1.483530,1.0500,-40.124000,18.476000,-0.998900,-0.193200,-0.441700,-12.220000,-8.090164,-87.089585
-1.483530,1.2000,-38.378000,16.786000,-0.955200,-0.147900,-0.441700,-12.220000,-7.414074,-81.016232
-1.483530,1.4000,-36.108000,16.405000,-0.917900,-0.112300,-0.441700,-12.220000,-7.196350,-76.776345
-1.483530,1.8000,-33.028000,15.427000,-0.868100,-0.095600,-0.441700,-12.220000,-5.713535,-71.505133
-1.483530,2.2000,-32.060000,13.051000,-0.761000,-0.082720,-0.441700,-12.220000,-4.573349,-75.401246
-1.483530,2.6000,-31.169000,11.012000,-0.720100,-0.070060,-0.441700,-12.220000,-3.523117,-70.588400
-1.483530,3.0000,-30.891000,9.381000,-0.685400,-0.060210,-0.441700,-12.220000,-2.809785,-67.265245
-1.483530,3.5000,-30.640000,7.923000,-0.644400,-0.051540,-0.441700,-12.220000,-2.221357,-64.285865
-1.483530,4.0000,-30.673000,6.768000,-0.611400,-0.044880,-0.441700,-12.220000,-1.801952,-62.165921
-1.483530,4.5000,-30.682000,5.859000,-0.579600,-0.039760,-0.441700,-12.220000,-1.501722,-60.504343
-1.483530,5.0000,-30.672000,5.146000,-0.549100,-0.035760,-0.441700,-12.220000,-1.285717,-59.186540
-1.396263,0.0000,-3.690000,8.707000,-80.008000,-0.072240,-0.970200,-12.230000,1220.400104,-51.485987
-1.396263,0.2000,-3.451000,8.690000,-86.552800,-0.072240,-0.961100,-12.280000,1556.153372,-51.801114
-1.396263,0.4000,-3.527000,8.632000,-88.325900,-0.076480,-0.973000,-12.480000,1636.940421,-53.439774
-1.396263,0.6000,-3.924000,8.241000,-90.238800,-0.083130,-0.996800,-12.810000,1700.538736,-58.212512
-1.396263,0.8000,-4.526000,7.246000,-87.099000,-0.096640,-0.996900,-12.710000,1654.702112,-63.999386
-1.396263,0.9500,-4.822000,6.104000,-76.977900,-0.119000,-0.946900,-11.800000,1491.982099,-64.686935
-1.396263,1.0500,-38.635000,14.281000,-0.776000,-0.193200,-0.946900,-11.800000,-8.090164,-85.542599
-1.396263,1.2000,-37.070000,13.065000,-0.777100,-0.147900,-0.946900,-11.800000,-7.414074,-77.234711
-1.396263,1.4000,-34.803000,12.922000,-0.767400,-0.112300,-0.946900,-11.800000,-7.196350,-71.734316
-1.396263,1.8000,-31.871000,12.097000,-0.695300,-0.095600,-0.946900,-11.800000,-5.713535,-67.322541
-1.396263,2.2000,-31.664000,9.317000,-0.311400,-0.082720,-0.946900,-11.800000,-4.573349,-72.880232
-1.396263,2.6000,-30.981000,7.647000,-0.242100,-0.070060,-0.946900,-11.800000,-3.523117,-67.895499
-1.396263,3.0000,-30.914000,6.306000,-0.169500,-0.060210,-0.946900,-11.800000,-2.809785,-64.515048
-1.396263,3.5000,-30.849000,5.114000,-0.076100,-0.051540,-0.946900,-11.800000,-2.221357,-61.421076
-1.396263,4.0000,-31.065000,4.171000,0.010200,-0.044880,-0.946900,-11.800000,-1.801952,-59.243836
-1.396263,4.5000,-31.237000,3.432000,0.095900,-0.039760,-0.946900,-11.800000,-1.501722,-57.524963
-1.396263,5.0000,-31.375000,2.857000,0.180600,-0.035760,-0.946900,-11.800000,-1.285717,-56.132675
-1.308997,0.0000,-3.936000,4.792000,-33.298600,-0.072240,-1.645000,-11.570000,366.922172,-47.085672
-1.308997,0.2000,-3.713000,4.725000,-34.610200,-0.072240,-1.640000,-11.620000,402.502851,-47.463824
-1.308997,0.4000,-3.831000,4.543000,-34.885200,-0.076480,-1.665000,-11.810000,412.930683,-48.781627
-1.308997,0.6000,-4.367000,3.797000,-35.192400,-0.083130,-1.712000,-12.130000,424.447135,-52.992866
-1.308997,0.8000,-5.227000,2.365000,-33.397400,-0.096640,-1.723000,-12.060000,413.732824,-58.670878
-1.308997,0.9500,-5.728000,1.178000,-28.778200,-0.119000,-1.653000,-11.200000,370.990172,-60.561639
-1.308997,1.0500,-37.531000,10.034000,-0.303400,-0.193200,-1.653000,-11.200000,-8.090164,-82.104852
-1.308997,1.2000,-35.988000,9.534000,-0.443200,-0.147900,-1.653000,-11.200000,-7.414074,-71.562429
-1.308997,1.4000,-33.637000,9.711000,-0.500800,-0.112300,-1.653000,-11.200000,-7.196350,-66.634992
-1.308997,1.8000,-30.873000,9.039000,-0.382000,-0.095600,-1.653000,-11.200000,-5.713535,-61.077301
-1.308997,2.2000,-31.857000,5.937000,0.496500,-0.082720,-1.653000,-11.200000,-4.573349,-67.609020
-1.308997,2.6000,-31.348000,4.677000,0.602400,-0.070060,-1.653000,-11.200000,-3.523117,-62.738879
-1.308997,3.0000,-31.487000,3.662000,0.720900,-0.060210,-1.653000,-11.200000,-2.809785,-59.186540
-1.308997,3.5000,-31.596000,2.778000,0.880300,-0.051540,-1.653000,-11.200000,-2.221357,-56.006624
-1.308997,4.0000,-32.004000,2.084000,1.034100,-0.044880,-1.653000,-11.200000,-1.801952,-53.760630
-1.308997,4.5000,-32.355000,1.551000,1.189000,-0.039760,-1.653000,-11.200000,-1.501722,-52.030297
-1.308997,5.0000,-32.664000,1.149000,1.344400,-0.035760,-1.653000,-11.200000,-1.285717,-50.632280
-1.221730,0.0000,-4.753000,1.428000,-15.963800,-0.072240,-2.469000,-10.760000,144.385364,-41.568088
-1.221730,0.2000,-4.557000,1.312000,-16.307400,-0.072240,-2.469000,-10.810000,151.432745,-41.974888
-1.221730,0.4000,-4.730000,1.055000,-16.257100,-0.076480,-2.512000,-10.990000,153.953760,-42.799947
-1.221730,0.6000,-5.454000,0.054000,-16.157600,-0.083130,-2.591000,-11.300000,157.276915,-46.100184
-1.221730,0.8000,-6.659000,-1.718000,-14.890500,-0.096640,-2.624000,-11.240000,152.693252,-50.993244
-1.221730,0.9500,-7.478000,-3.019000,-12.226300,-0.119000,-2.542000,-10.440000,136.478547,-54.075757
-1.221730,1.0500,-36.766000,5.958000,0.454300,-0.193200,-2.542000,-10.440000,-8.090164,-74.942880
-1.221730,1.2000,-35.070000,6.312000,0.029500,-0.147900,-2.542000,-10.440000,-7.414074,-64.056681
-1.221730,1.4000,-32.662000,6.627000,-0.081000,-0.112300,-2.542000,-10.440000,-7.196350,-60.045977
-1.221730,1.8000,-29.944000,6.345000,0.034500,-0.095600,-2.542000,-10.440000,-5.713535,-54.809143
-1.221730,2.2000,-32.448000,3.169000,1.573400,-0.082720,-2.542000,-10.440000,-4.573349,-59.759498
-1.221730,2.6000,-32.158000,2.345000,1.704000,-0.070060,-2.542000,-10.440000,-3.523117,-55.284698
-1.221730,3.0000,-32.358000,1.680000,1.862000,-0.060210,-2.542000,-10.440000,-2.809785,-51.480258
-1.221730,3.5000,-32.630000,1.133000,2.080100,-0.051540,-2.542000,-10.440000,-2.221357,-48.483689
-1.221730,4.0000,-33.167000,0.717000,2.296900,-0.044880,-2.542000,-10.440000,-1.801952,-46.048618
-1.221730,4.5000,-33.676000,0.418000,2.517300,-0.039760,-2.542000,-10.440000,-1.501722,-44.346933
-1.221730,5.0000,-34.140000,0.218000,2.741000,-0.035760,-2.542000,-10.440000,-1.285717,-42.977564
-1.134464,0.0000,-5.949000,-1.248000,-8.102300,-0.072240,-3.411000,-9.830000,68.411161,-35.116583
-1.134464,0.2000,-5.791000,-1.407000,-8.182500,-0.072240,-3.418000,-9.875000,70.473809,-35.534842
-1.134464,0.4000,-6.023000,-1.686000,-8.015200,-0.076480,-3.483000,-10.040000,71.390541,-36.130719
-1.134464,0.6000,-6.963000,-2.831000,-7.741700,-0.083130,-3.604000,-10.320000,72.765640,-37.901158
-1.134464,0.8000,-8.559000,-4.800000,-6.742600,-0.096640,-3.668000,-10.270000,70.473809,-41.550899
-1.134464,0.9500,-9.796000,-6.226000,-4.955300,-0.119000,-3.579000,-9.552000,62.968062,-44.902702
-1.134464,1.0500,-36.174000,2.408000,1.439500,-0.193200,-3.579000,-9.552000,-8.090164,-64.056681
-1.134464,1.2000,-34.150000,3.468000,0.628100,-0.147900,-3.579000,-9.552000,-7.414074,-55.313346
-1.134464,1.4000,-31.718000,3.976000,0.423800,-0.112300,-3.579000,-9.552000,-7.196350,-50.884382
-1.134464,1.8000,-29.340000,3.943000,0.580800,-0.095600,-3.579000,-9.552000,-5.713535,-47.836246
-1.134464,2.2000,-33.132000,1.172000,2.768500,-0.082720,-3.579000,-9.552000,-4.573349,-49.709818
-1.134464,2.6000,-33.015000,0.781000,2.897900,-0.070060,-3.579000,-9.552000,-3.523117,-45.716302
-1.134464,3.0000,-33.171000,0.466000,3.072400,-0.060210,-3.579000,-9.552000,-2.809785,-41.808730
-1.134464,3.5000,-33.581000,0.260000,3.323100,-0.051540,-3.579000,-9.552000,-2.221357,-39.110099
-1.134464,4.0000,-34.131000,0.129000,3.580900,-0.044880,-3.579000,-9.552000,-1.801952,-36.531789
-1.134464,4.5000,-34.741000,0.074000,3.845200,-0.039760,-3.579000,-9.552000,-1.501722,-34.904589
-1.134464,5.0000,-35.312000,0.086000,4.117400,-0.035760,-3.579000,-9.552000,-1.285717,-33.603975
-1.047198,0.0000,-7.324000,-3.175000,-4.022100,-0.072240,-4.436000,-8.813000,37.013074,-28.533298
-1.047198,0.2000,-7.213000,-3.372000,-4.009000,-0.072240,-4.451000,-8.852000,37.700623,-28.848425
-1.047198,0.4000,-7.521000,-3.662000,-3.799400,-0.076480,-4.540000,-8.993000,37.872510,-29.152093
-1.047198,0.6000,-8.610000,-4.762000,-3.456800,-0.083130,-4.706000,-9.237000,38.233474,-28.963017
-1.047198,0.8000,-10.585000,-6.757000,-2.588500,-0.096640,-4.805000,-9.195000,37.081829,-30.355304
-1.047198,0.9500,-12.254000,-8.204000,-1.235100,-0.119000,-4.713000,-8.554000,33.157068,-33.856076
-1.047198,1.0500,-35.664000,-0.377000,2.533700,-0.193200,-4.713000,-8.554000,-8.090164,-50.655199
-1.047198,1.2000,-33.228000,1.035000,1.348700,-0.147900,-4.713000,-8.554000,-7.414074,-45.034483
-1.047198,1.4000,-30.823000,1.832000,0.956500,-0.112300,-4.713000,-8.554000,-7.196350,-40.187260
-1.047198,1.8000,-28.808000,2.051000,1.149800,-0.095600,-4.713000,-8.554000,-5.713535,-37.740730
-1.047198,2.2000,-33.552000,-0.024000,3.902500,-0.082720,-4.713000,-8.554000,-4.573349,-37.952724
-1.047198,2.6000,-33.516000,-0.019000,3.996100,-0.070060,-4.713000,-8.554000,-3.523117,-34.509248
-1.047198,3.0000,-33.538000,-0.019000,4.154700,-0.060210,-4.713000,-8.554000,-2.809785,-30.899614
-1.047198,3.5000,-33.997000,0.089000,4.401100,-0.051540,-4.713000,-8.554000,-2.221357,-28.304115
-1.047198,4.0000,-34.472000,0.219000,4.665100,-0.044880,-4.713000,-8.554000,-1.801952,-25.869044
-1.047198,4.5000,-35.105000,0.388000,4.940100,-0.039760,-4.713000,-8.554000,-1.501722,-24.253303
-1.047198,5.0000,-35.709000,0.598000,5.228700,-0.035760,-4.713000,-8.554000,-1.285717,-23.055822
-0.959931,0.0000,-8.756000,-4.398000,-1.642500,-0.072240,-5.519000,-7.749000,22.379731,-22.442757
-0.959931,0.2000,-8.680000,-4.614000,-1.602900,-0.072240,-5.540000,-7.779000,22.534430,-22.540160
-0.959931,0.4000,-9.023000,-4.866000,-1.405600,-0.076480,-5.649000,-7.889000,22.225033,-22.139089
-0.959931,0.6000,-10.149000,-5.790000,-1.069000,-0.083130,-5.852000,-8.085000,21.961472,-20.700965
-0.959931,0.8000,-12.345000,-7.551000,-0.270900,-0.096640,-5.984000,-8.033000,20.958796,-18.838852
-0.959931,0.9500,-14.495000,-9.007000,0.831400,-0.119000,-5.882000,-7.478000,18.592480,-21.503106
-0.959931,1.0500,-34.982000,-2.297000,3.595500,-0.193200,-5.882000,-7.478000,-8.090164,-34.474871
-0.959931,1.2000,-32.164000,-0.855000,2.127000,-0.147900,-5.882000,-7.478000,-7.414074,-32.647135
-0.959931,1.4000,-29.710000,0.275000,1.430700,-0.112300,-5.882000,-7.478000,-7.196350,-29.335439
-0.959931,1.8000,-27.919000,0.733000,1.626100,-0.095600,-5.882000,-7.478000,-5.713535,-26.103957
-0.959931,2.2000,-33.372000,-0.516000,4.806600,-0.082720,-5.882000,-7.478000,-4.573349,-25.089822
-0.959931,2.6000,-33.322000,-0.190000,4.830000,-0.070060,-5.882000,-7.478000,-3.523117,-22.288058
-0.959931,3.0000,-33.197000,0.064000,4.938400,-0.060210,-5.882000,-7.478000,-2.809785,-19.698289
-0.959931,3.5000,-33.548000,0.422000,5.143200,-0.051540,-5.882000,-7.478000,-2.221357,-16.747556
-0.959931,4.0000,-33.898000,0.758000,5.375200,-0.044880,-5.882000,-7.478000,-1.801952,-14.891173
-0.959931,4.5000,-34.437000,1.103000,5.625400,-0.039760,-5.882000,-7.478000,-1.501722,-13.023331
-0.959931,5.0000,-34.994000,1.468000,5.895000,-0.035760,-5.882000,-7.478000,-1.285717,-11.963359
-0.872665,0.0000,-10.144000,-4.972000,-0.115800,-0.072240,-6.634000,-6.661000,12.610801,-16.621506
-0.872665,0.2000,-10.085000,-5.193000,-0.076300,-0.072240,-6.658000,-6.681000,12.456102,-16.501184
-0.872665,0.4000,-10.394000,-5.371000,0.079700,-0.076480,-6.779000,-6.759000,11.814390,-15.326621
-0.872665,0.6000,-11.478000,-6.089000,0.376000,-0.083130,-7.008000,-6.907000,11.155488,-13.183759
-0.872665,0.8000,-13.616000,-7.415000,1.069100,-0.096640,-7.150000,-6.831000,9.751742,-7.889629
-0.872665,0.9500,-16.073000,-8.685000,2.010400,-0.119000,-7.024000,-6.363000,8.428209,-8.136001
-0.872665,1.0500,-33.597000,-3.368000,4.488500,-0.193200,-7.024000,-6.363000,-8.090164,24.574160
-0.872665,1.2000,-30.739000,-2.163000,2.905600,-0.147900,-7.024000,-6.363000,-7.414074,22.689129
-0.872665,1.4000,-28.366000,-0.929000,1.949200,-0.112300,-7.024000,-6.363000,-7.196350,22.448486
-0.872665,1.8000,-26.599000,-0.112000,1.983400,-0.095600,-7.024000,-6.363000,-5.713535,19.572238
-0.872665,2.2000,-32.351000,-0.497000,5.358200,-0.082720,-7.024000,-6.363000,-4.573349,17.366351
-0.872665,2.6000,-32.206000,0.048000,5.286500,-0.070060,-7.024000,-6.363000,-3.523117,15.200570
-0.872665,3.0000,-32.021000,0.470000,5.316900,-0.060210,-7.024000,-6.363000,-2.809785,13.538993
-0.872665,3.5000,-32.053000,0.990000,5.452000,-0.051540,-7.024000,-6.363000,-2.221357,12.089409
-0.872665,4.0000,-32.299000,1.457000,5.619600,-0.044880,-7.024000,-6.363000,-1.801952,10.926305
-0.872665,4.5000,-32.596000,1.909000,5.816900,-0.039760,-7.024000,-6.363000,-1.501722,9.980925
-0.872665,5.0000,-33.039000,2.366000,6.037100,-0.035760,-7.024000,-6.363000,-1.285717,9.207432
-0.785398,0.0000,-11.692000,-5.039000,1.108300,-0.072240,-7.800000,-5.292000,14.163517,-18.036711
-0.785398,0.2000,-11.592000,-5.249000,1.114000,-0.072240,-7.818000,-5.321000,13.384294,-16.627235
-0.785398,0.4000,-11.701000,-5.331000,1.148500,-0.076480,-7.921000,-5.421000,10.983601,-12.267026
-0.785398,0.6000,-12.437000,-5.758000,1.294500,-0.083130,-8.137000,-5.579000,8.325077,-5.018537
-0.785398,0.8000,-14.299000,-6.640000,1.839600,-0.096640,-8.257000,-5.551000,5.658531,1.674756
-0.785398,0.9500,-16.748000,-7.539000,2.643000,-0.119000,-8.079000,-5.172000,4.539545,5.384657
-0.785398,1.0500,-31.311000,-3.704000,5.092800,-0.193200,-8.079000,-5.172000,-8.090164,5.752496
-0.785398,1.2000,-28.878000,-2.795000,3.500600,-0.147900,-8.079000,-5.172000,-7.414074,-2.223076
-0.785398,1.4000,-26.605000,-1.685000,2.422500,-0.112300,-8.079000,-5.172000,-7.196350,-5.279233
-0.785398,1.8000,-24.864000,-0.593000,2.230500,-0.095600,-8.079000,-5.172000,-5.713535,-7.076029
-0.785398,2.2000,-30.772000,-0.200000,5.495200,-0.082720,-8.079000,-5.172000,-4.573349,-1.903939
-0.785398,2.6000,-30.098000,0.452000,5.328300,-0.070060,-8.079000,-5.172000,-3.523117,5.095314
-0.785398,3.0000,-29.811000,0.948000,5.270900,-0.060210,-8.079000,-5.172000,-2.809785,3.767770
-0.785398,3.5000,-29.541000,1.534000,5.318800,-0.051540,-8.079000,-5.172000,-2.221357,0.716197
-0.785398,4.0000,-29.612000,2.045000,5.406100,-0.044880,-8.079000,-5.172000,-1.801952,2.438508
-0.785398,4.5000,-29.718000,2.528000,5.530900,-0.039760,-8.079000,-5.172000,-1.501722,1.877583
-0.785398,5.0000,-29.937000,3.007000,5.684900,-0.035760,-8.079000,-5.172000,-1.285717,12.759770
-0.698132,0.0000,-13.739000,-4.594000,2.360900,-0.072240,-9.066000,-4.204000,14.547398,-19.709748
-0.698132,0.2000,-13.536000,-4.803000,2.314200,-0.072240,-9.066000,-4.224000,14.123410,-18.850311
-0.698132,0.4000,-13.270000,-4.836000,2.182400,-0.076480,-9.116000,-4.299000,12.708204,-15.933956
-0.698132,0.6000,-13.202000,-4.993000,2.029800,-0.083130,-9.247000,-4.457000,8.525612,-5.465444
-0.698132,0.8000,-14.331000,-5.459000,2.258200,-0.096640,-9.270000,-4.475000,3.935647,5.614413
-0.698132,0.9500,-16.446000,-5.931000,2.908000,-0.119000,-9.003000,-4.186000,1.532089,12.100869
-0.698132,1.0500,-27.980000,-3.494000,5.348200,-0.193200,-9.003000,-4.186000,-8.090164,19.005010
-0.698132,1.2000,-26.145000,-2.895000,3.878100,-0.147900,-9.003000,-4.186000,-7.414074,13.836931
-0.698132,1.4000,-24.331000,-2.041000,2.834100,-0.112300,-9.003000,-4.186000,-7.196350,6.514530
-0.698132,1.8000,-23.032000,-0.805000,2.412200,-0.095600,-9.003000,-4.186000,-5.713535,3.417120
-0.698132,2.2000,-28.256000,0.160000,5.247200,-0.082720,-9.003000,-4.186000,-4.573349,10.118435
-0.698132,2.6000,-27.086000,0.813000,4.993400,-0.070060,-9.003000,-4.186000,-3.523117,11.797201
-0.698132,3.0000,-26.686000,1.299000,4.854500,-0.060210,-9.003000,-4.186000,-2.809785,14.598965
-0.698132,3.5000,-26.322000,1.861000,4.811800,-0.051540,-9.003000,-4.186000,-2.221357,18.454971
-0.698132,4.0000,-26.041000,2.341000,4.822700,-0.044880,-9.003000,-4.186000,-1.801952,21.589050
-0.698132,4.5000,-26.009000,2.787000,4.871400,-0.039760,-9.003000,-4.186000,-1.501722,23.181872
-0.698132,5.0000,-25.107000,2.785000,4.527300,-0.035760,-9.003000,-4.186000,-1.285717,23.892340
-0.610865,0.0000,-16.259000,-3.404000,3.647100,-0.072240,-10.440000,-3.282000,7.998491,-7.305212
-0.610865,0.2000,-15.998000,-3.650000,3.578900,-0.072240,-10.430000,-3.294000,7.952654,-7.098947
-0.610865,0.4000,-15.467000,-3.757000,3.366500,-0.076480,-10.430000,-3.341000,7.666175,-6.079082
-0.610865,0.6000,-14.128000,-3.917000,2.782500,-0.083130,-10.360000,-3.437000,6.319724,-1.485107
-0.610865,0.8000,-13.968000,-4.156000,2.526500,-0.096640,-10.180000,-3.456000,2.692329,8.634474
-0.610865,0.9500,-15.382000,-4.292000,2.910500,-0.119000,-9.771000,-3.254000,-0.829643,17.767421
-0.610865,1.0500,-24.119000,-2.939000,5.241300,-0.193200,-9.771000,-3.254000,-8.090164,29.089067
-0.610865,1.2000,-22.575000,-2.595000,3.985600,-0.147900,-9.771000,-3.254000,-7.414074,27.364464
-0.610865,1.4000,-21.623000,-2.013000,3.088300,-0.112300,-9.771000,-3.254000,-7.196350,19.566509
-0.610865,1.8000,-20.694000,-0.789000,2.502700,-0.095600,-9.771000,-3.254000,-5.713535,14.318215
-0.610865,2.2000,-24.884000,0.434000,4.695200,-0.082720,-9.771000,-3.254000,-4.573349,20.391568
-0.610865,2.6000,-23.782000,1.006000,4.367500,-0.070060,-9.771000,-3.254000,-3.523117,23.227709
-0.610865,3.0000,-22.767000,1.375000,4.118300,-0.060210,-9.771000,-3.254000,-2.809785,28.899991
-0.610865,3.5000,-21.228000,1.405000,3.494800,-0.051540,-9.771000,-3.254000,-2.221357,31.644459
-0.610865,4.0000,-20.241000,1.493000,3.165800,-0.044880,-9.771000,-3.254000,-1.801952,32.280442
-0.610865,4.5000,-19.695000,1.661000,3.036600,-0.039760,-9.771000,-3.254000,-1.501722,32.492437
-0.610865,5.0000,-19.466000,1.871000,3.000700,-0.035760,-9.771000,-3.254000,-1.285717,30.217794
-0.523599,0.0000,-15.869000,-2.018000,3.756800,-0.072240,-11.230000,-2.493000,-1.171699,11.957629
-0.523599,0.2000,-15.651000,-2.283000,3.702300,-0.072240,-11.220000,-2.498000,-0.946526,11.625314
-0.523599,0.4000,-15.151000,-2.428000,3.520400,-0.076480,-11.240000,-2.521000,-0.254164,10.559612
-0.523599,0.6000,-14.160000,-2.639000,3.132700,-0.083130,-11.260000,-2.546000,2.033427,6.972896
-0.523599,0.8000,-13.358000,-2.825000,2.728100,-0.096640,-11.000000,-2.538000,1.072004,12.204001
-0.523599,0.9500,-13.741000,-2.820000,2.763200,-0.119000,-10.380000,-2.402000,-2.380640,21.382785
-0.523599,1.0500,-20.199000,-2.220000,4.812000,-0.193200,-10.380000,-2.402000,-8.090164,34.669676
-0.523599,1.2000,-18.578000,-2.050000,3.809100,-0.147900,-10.380000,-2.402000,-7.414074,34.222769
-0.523599,1.4000,-18.117000,-1.690000,3.121800,-0.112300,-10.380000,-2.402000,-7.196350,31.123067
-0.523599,1.8000,-17.731000,-0.612000,2.489200,-0.095600,-10.380000,-2.402000,-5.713535,24.705940
-0.523599,2.2000,-21.088000,0.559000,3.946500,-0.082720,-10.380000,-2.402000,-4.573349,34.096718
-0.523599,2.6000,-19.105000,0.747000,3.220500,-0.070060,-10.380000,-2.402000,-3.523117,35.792673
-0.523599,3.0000,-17.211000,0.683000,2.542600,-0.060210,-10.380000,-2.402000,-2.809785,35.511924
-0.523599,3.5000,-15.967000,0.768000,2.177300,-0.051540,-10.380000,-2.402000,-2.221357,32.859130
-0.523599,4.0000,-15.277000,0.842000,1.955200,-0.044880,-10.380000,-2.402000,-1.801952,31.730403
-0.523599,4.5000,-14.972000,1.008000,1.923700,-0.039760,-10.380000,-2.402000,-1.501722,30.361034
-0.523599,5.0000,-14.738000,1.189000,1.937100,-0.035760,-10.380000,-2.402000,-1.285717,30.040177
-0.436332,0.0000,-14.132000,-0.889000,3.442600,-0.072240,-11.690000,-1.763000,-5.294703,22.815179
-0.436332,0.2000,-13.995000,-1.150000,3.413600,-0.072240,-11.700000,-1.765000,-5.054634,22.408379
-0.436332,0.4000,-13.732000,-1.270000,3.322100,-0.076480,-11.770000,-1.775000,-4.208948,20.741072
-0.436332,0.6000,-13.236000,-1.435000,3.137500,-0.083130,-11.900000,-1.787000,-2.343970,17.200193
-0.436332,0.8000,-12.150000,-1.620000,2.713600,-0.096640,-11.620000,-1.747000,-0.909857,15.784987
-0.436332,0.9500,-11.738000,-1.636000,2.495000,-0.119000,-10.830000,-1.628000,-1.528078,18.644047
-0.436332,1.0500,-16.297000,-1.471000,4.141600,-0.193200,-10.830000,-1.628000,-8.090164,37.849592
-0.436332,1.2000,-14.801000,-1.404000,3.388000,-0.147900,-10.830000,-1.628000,-7.414074,35.798403
-0.436332,1.4000,-14.265000,-1.200000,2.913200,-0.112300,-10.830000,-1.628000,-7.196350,35.271282
-0.436332,1.8000,-14.282000,-0.350000,2.320400,-0.095600,-10.830000,-1.628000,-5.713535,33.661270
-0.436332,2.2000,-15.812000,0.348000,2.766000,-0.082720,-10.830000,-1.628000,-4.573349,45.836624
-0.436332,2.6000,-14.131000,0.354000,1.992100,-0.070060,-10.830000,-1.628000,-3.523117,38.714758
-0.436332,3.0000,-13.064000,0.418000,1.678000,-0.060210,-10.830000,-1.628000,-2.809785,32.395034
-0.436332,3.5000,-12.207000,0.509000,1.457400,-0.051540,-10.830000,-1.628000,-2.221357,29.472949
-0.436332,4.0000,-11.507000,0.575000,1.315600,-0.044880,-10.830000,-1.628000,-1.801952,28.768211
-0.436332,4.5000,-11.211000,0.663000,1.257700,-0.039760,-10.830000,-1.628000,-1.501722,28.968746
-0.436332,5.0000,-10.977000,0.756000,1.236600,-0.035760,-10.830000,-1.628000,-1.285717,29.008853
-0.349066,0.0000,-11.400000,-0.170000,2.832700,-0.072240,-11.870000,-1.154000,-7.872440,30.544380
-0.349066,0.2000,-11.322000,-0.423000,2.820100,-0.072240,-11.880000,-1.155000,-7.734930,30.338115
-0.349066,0.4000,-11.219000,-0.503000,2.785800,-0.076480,-12.000000,-1.162000,-7.265105,29.318250
-0.349066,0.6000,-11.045000,-0.590000,2.723600,-0.083130,-12.210000,-1.172000,-6.210862,27.095174
-0.349066,0.8000,-10.642000,-0.660000,2.569400,-0.096640,-12.050000,-1.123000,-4.024456,22.299517
-0.349066,0.9500,-10.489000,-0.583000,2.496400,-0.119000,-11.290000,-0.980100,-0.190508,13.728069
-0.349066,1.0500,-12.484000,-0.776000,3.322000,-0.193200,-11.290000,-0.980100,-8.090164,38.479846
-0.349066,1.2000,-11.285000,-0.764000,2.792900,-0.147900,-11.290000,-0.980100,-7.414074,35.374414
-0.349066,1.4000,-10.804000,-0.665000,2.493600,-0.112300,-11.290000,-0.980100,-7.196350,33.523761
-0.349066,1.8000,-10.385000,-0.082000,1.996700,-0.095600,-11.290000,-0.980100,-5.713535,36.262499
-0.349066,2.2000,-10.701000,0.212000,1.771100,-0.082720,-11.290000,-0.980100,-4.573349,45.320962
-0.349066,2.6000,-10.122000,0.284000,1.368400,-0.070060,-11.290000,-0.980100,-3.523117,36.589085
-0.349066,3.0000,-9.598000,0.320000,1.132700,-0.060210,-11.290000,-0.980100,-2.809785,33.139879
-0.349066,3.5000,-8.970000,0.376000,0.965400,-0.051540,-11.290000,-0.980100,-2.221357,28.218171
-0.349066,4.0000,-8.439000,0.411000,0.852000,-0.044880,-11.290000,-0.980100,-1.801952,27.582188
-0.349066,4.5000,-8.046000,0.452000,0.793900,-0.039760,-11.290000,-0.980100,-1.501722,26.447732
-0.349066,5.0000,-7.743000,0.495000,0.764500,-0.035760,-11.290000,-0.980100,-1.285717,27.049338
-0.331613,0.0000,-10.791000,-0.074000,2.692200,-0.072240,-11.880000,-1.047000,-8.193296,31.655918
-0.331613,0.2000,-10.722000,-0.325000,2.681900,-0.072240,-11.900000,-1.048000,-8.072975,31.472572
-0.331613,0.4000,-10.641000,-0.399000,2.655000,-0.076480,-12.020000,-1.055000,-7.660446,30.555839
-0.331613,0.6000,-10.513000,-0.473000,2.610100,-0.083130,-12.240000,-1.064000,-6.778091,28.590594
-0.331613,0.8000,-10.203000,-0.523000,2.490800,-0.096640,-12.100000,-1.021000,-4.902227,24.419461
-0.331613,0.9500,-10.246000,-0.404000,2.492400,-0.119000,-11.360000,-0.884300,-1.102371,15.487049
-0.331613,1.0500,-11.755000,-0.652000,3.147800,-0.193200,-11.360000,-0.884300,-8.090164,38.411091
-0.331613,1.2000,-10.618000,-0.647000,2.659700,-0.147900,-11.360000,-0.884300,-7.414074,35.082206
-0.331613,1.4000,-10.170000,-0.564000,2.390100,-0.112300,-11.360000,-0.884300,-7.196350,33.179986
-0.331613,1.8000,-9.675000,-0.035000,1.915800,-0.095600,-11.360000,-0.884300,-5.713535,35.362955
-0.331613,2.2000,-9.806000,0.213000,1.642900,-0.082720,-11.360000,-0.884300,-4.573349,44.329745
-0.331613,2.6000,-9.380000,0.278000,1.267800,-0.070060,-11.360000,-0.884300,-3.523117,37.104747
-0.331613,3.0000,-8.912000,0.308000,1.045800,-0.060210,-11.360000,-0.884300,-2.809785,33.861806
-0.331613,3.5000,-8.385000,0.357000,0.885000,-0.051540,-11.360000,-0.884300,-2.221357,28.590594
-0.331613,4.0000,-7.862000,0.388000,0.777000,-0.044880,-11.360000,-0.884300,-1.801952,27.438949
-0.331613,4.5000,-7.497000,0.422000,0.718800,-0.039760,-11.360000,-0.884300,-1.501722,26.138335
-0.331613,5.0000,-7.181000,0.457000,0.687500,-0.035760,-11.360000,-0.884300,-1.285717,25.783101
-0.314159,0.0000,-10.166000,0.010000,2.546600,-0.072240,-11.880000,-0.945700,-8.468316,32.641406
-0.314159,0.2000,-10.106000,-0.240000,2.538400,-0.072240,-11.900000,-0.946400,-8.353725,32.480977
-0.314159,0.4000,-10.045000,-0.307000,2.518400,-0.076480,-12.030000,-0.952100,-7.987032,31.644459
-0.314159,0.6000,-9.956000,-0.370000,2.487000,-0.083130,-12.270000,-0.961500,-7.259375,29.925586
-0.314159,0.8000,-9.725000,-0.403000,2.398200,-0.096640,-12.130000,-0.923900,-5.660823,26.373247
-0.314159,0.9500,-9.924000,-0.251000,2.458000,-0.119000,-11.410000,-0.804800,-2.746760,19.153979
-0.314159,1.0500,-11.032000,-0.532000,2.971700,-0.193200,-11.410000,-0.804800,-8.090164,38.514223
-0.314159,1.2000,-9.965000,-0.532000,2.523000,-0.147900,-11.410000,-0.804800,-7.414074,34.961885
-0.314159,1.4000,-9.545000,-0.465000,2.283000,-0.112300,-11.410000,-0.804800,-7.196350,33.185715
-0.314159,1.8000,-8.996000,0.011000,1.829600,-0.095600,-11.410000,-0.804800,-5.713535,34.514978
-0.314159,2.2000,-8.941000,0.218000,1.523000,-0.082720,-11.410000,-0.804800,-4.573349,43.046319
-0.314159,2.6000,-8.627000,0.275000,1.174900,-0.070060,-11.410000,-0.804800,-3.523117,37.832403
-0.314159,3.0000,-8.223000,0.300000,0.964800,-0.060210,-11.410000,-0.804800,-2.809785,33.919101
-0.314159,3.5000,-7.790000,0.342000,0.810400,-0.051540,-11.410000,-0.804800,-2.221357,29.530245
-0.314159,4.0000,-7.303000,0.369000,0.707300,-0.044880,-11.410000,-0.804800,-1.801952,26.665456
-0.314159,4.5000,-6.957000,0.396000,0.649500,-0.039760,-11.410000,-0.804800,-1.501722,26.218549
-0.314159,5.0000,-6.663000,0.424000,0.616600,-0.035760,-11.410000,-0.804800,-1.285717,24.923664
-0.296706,0.0000,-9.529000,0.083000,2.396700,-0.072240,-11.880000,-0.849600,-8.657392,33.369062
-0.296706,0.2000,-9.476000,-0.165000,2.390200,-0.072240,-11.910000,-0.850200,-8.559989,33.248741
-0.296706,0.4000,-9.433000,-0.226000,2.376200,-0.076480,-12.040000,-0.855600,-8.256322,32.555462
-0.296706,0.6000,-9.378000,-0.279000,2.356700,-0.083130,-12.280000,-0.864200,-7.620339,31.019935
-0.296706,0.8000,-9.213000,-0.298000,2.293200,-0.096640,-12.160000,-0.831700,-6.313995,28.023366
-0.296706,0.9500,-9.531000,-0.124000,2.396500,-0.119000,-11.450000,-0.729200,-4.175716,22.482864
-0.296706,1.0500,-10.312000,-0.415000,2.794300,-0.193200,-11.450000,-0.729200,-8.090164,38.497034
-0.296706,1.2000,-9.314000,-0.420000,2.383400,-0.147900,-11.450000,-0.729200,-7.414074,34.749890
-0.296706,1.4000,-8.924000,-0.367000,2.170800,-0.112300,-11.450000,-0.729200,-7.196350,32.910696
-0.296706,1.8000,-8.335000,0.055000,1.739000,-0.095600,-11.450000,-0.729200,-5.713535,33.793051
-0.296706,2.2000,-8.121000,0.227000,1.411700,-0.082720,-11.450000,-0.729200,-4.573349,40.851891
-0.296706,2.6000,-7.882000,0.275000,1.087400,-0.070060,-11.450000,-0.729200,-3.523117,38.193367
-0.296706,3.0000,-7.558000,0.294000,0.888400,-0.060210,-11.450000,-0.729200,-2.809785,33.632623
-0.296706,3.5000,-7.192000,0.331000,0.741300,-0.051540,-11.450000,-0.729200,-2.221357,30.372493
-0.296706,4.0000,-6.776000,0.353000,0.642300,-0.044880,-11.450000,-0.729200,-1.801952,26.201360
-0.296706,4.5000,-6.426000,0.375000,0.585700,-0.039760,-11.450000,-0.729200,-1.501722,26.035202
-0.296706,5.0000,-6.156000,0.397000,0.551900,-0.035760,-11.450000,-0.729200,-1.285717,24.906475
-0.279253,0.0000,-8.886000,0.147000,2.244500,-0.072240,-11.880000,-0.758900,-8.777713,33.884724
-0.279253,0.2000,-8.840000,-0.100000,2.239500,-0.072240,-11.910000,-0.759400,-8.697499,33.798780
-0.279253,0.4000,-8.810000,-0.156000,2.230100,-0.076480,-12.040000,-0.765600,-8.514153,33.386251
-0.279253,0.6000,-8.785000,-0.200000,2.221000,-0.083130,-12.290000,-0.772800,-7.924006,31.936668
-0.279253,0.8000,-8.674000,-0.207000,2.177900,-0.096640,-12.180000,-0.744700,-6.869764,29.415653
-0.279253,0.9500,-9.076000,-0.023000,2.312200,-0.119000,-11.470000,-0.657500,-5.412732,25.525270
-0.279253,1.0500,-9.601000,-0.303000,2.616000,-0.193200,-11.470000,-0.657500,-8.090164,38.325147
-0.279253,1.2000,-8.678000,-0.312000,2.241400,-0.147900,-11.470000,-0.657500,-7.414074,34.446223
-0.279253,1.4000,-8.320000,-0.272000,2.053900,-0.112300,-11.470000,-0.657500,-7.196350,32.429411
-0.279253,1.8000,-7.698000,0.098000,1.644600,-0.095600,-11.470000,-0.657500,-5.713535,32.486707
-0.279253,2.2000,-7.361000,0.238000,1.308300,-0.082720,-11.470000,-0.657500,-4.573349,38.032938
-0.279253,2.6000,-7.139000,0.277000,1.005000,-0.070060,-11.470000,-0.657500,-3.523117,38.233474
-0.279253,3.0000,-6.901000,0.291000,0.816900,-0.060210,-11.470000,-0.657500,-2.809785,34.045152
-0.279253,3.5000,-6.586000,0.322000,0.677400,-0.051540,-11.470000,-0.657500,-2.221357,30.991287
-0.279253,4.0000,-6.253000,0.340000,0.582300,-0.044880,-11.470000,-0.657500,-1.801952,27.077985
-0.279253,4.5000,-5.912000,0.358000,0.527200,-0.039760,-11.470000,-0.657500,-1.501722,25.147118
-0.279253,5.0000,-5.659000,0.375000,0.493000,-0.035760,-11.470000,-0.657500,-1.285717,24.780425
-0.261799,0.0000,-8.238000,0.202000,2.090200,-0.072240,-11.880000,-0.680300,-9.247539,35.202527
-0.261799,0.2000,-8.199000,-0.044000,2.086500,-0.072240,-11.900000,-0.679500,-9.115759,34.990533
-0.261799,0.4000,-8.175000,-0.097000,2.079000,-0.076480,-12.040000,-0.681800,-8.771984,34.176932
-0.261799,0.6000,-8.179000,-0.131000,2.080200,-0.083130,-12.300000,-0.692400,-8.474046,33.466465
-0.261799,0.8000,-8.113000,-0.130000,2.053500,-0.096640,-12.190000,-0.663300,-7.351049,30.641783
-0.261799,0.9500,-8.566000,0.056000,2.207600,-0.119000,-11.480000,-0.596200,-6.915601,29.289602
-0.261799,1.0500,-8.897000,-0.195000,2.437500,-0.193200,-11.480000,-0.596200,-8.090164,38.199096
-0.261799,1.2000,-8.048000,-0.208000,2.097600,-0.147900,-11.480000,-0.596200,-7.414074,34.325902
-0.261799,1.4000,-7.726000,-0.181000,1.933000,-0.112300,-11.480000,-0.596200,-7.196350,32.188769
-0.261799,1.8000,-7.098000,0.139000,1.546500,-0.095600,-11.480000,-0.596200,-5.713535,31.409546
-0.261799,2.2000,-6.664000,0.251000,1.208600,-0.082720,-11.480000,-0.596200,-4.573349,35.534842
-0.261799,2.6000,-6.414000,0.281000,0.926700,-0.070060,-11.480000,-0.596200,-3.523117,37.150583
-0.261799,3.0000,-6.241000,0.290000,0.749100,-0.060210,-11.480000,-0.596200,-2.809785,34.509248
-0.261799,3.5000,-5.984000,0.315000,0.616300,-0.051540,-11.480000,-0.596200,-2.221357,30.727727
-0.261799,4.0000,-5.711000,0.330000,0.525800,-0.044880,-11.480000,-0.596200,-1.801952,28.126498
-0.261799,4.5000,-5.432000,0.344000,0.473000,-0.039760,-11.480000,-0.596200,-1.501722,24.774695
-0.261799,5.0000,-5.174000,0.357000,0.439400,-0.035760,-11.480000,-0.596200,-1.285717,24.253303
-0.244346,0.0000,-7.556000,0.244000,1.921700,-0.072240,-11.860000,-0.607600,-9.688716,36.411468
-0.244346,0.2000,-7.527000,0.000000,1.921300,-0.072240,-11.890000,-0.607100,-9.585584,36.273958
-0.244346,0.4000,-7.531000,-0.045000,1.923900,-0.076480,-12.030000,-0.608800,-9.264728,35.511924
-0.244346,0.6000,-7.537000,-0.076000,1.925100,-0.083130,-12.290000,-0.616800,-8.926682,34.692594
-0.244346,0.8000,-7.534000,-0.064000,1.921300,-0.096640,-12.190000,-0.590500,-7.929736,32.102825
-0.244346,0.9500,-7.971000,0.107000,2.070800,-0.119000,-11.470000,-0.558900,-9.556936,36.027586
-0.244346,1.0500,-8.200000,-0.092000,2.259200,-0.193200,-11.470000,-0.558900,-8.090164,37.895429
-0.244346,1.2000,-7.424000,-0.109000,1.952500,-0.147900,-11.470000,-0.558900,-7.414074,34.119637
-0.244346,1.4000,-7.139000,-0.092000,1.808700,-0.112300,-11.470000,-0.558900,-7.196350,31.999693
-0.244346,1.8000,-6.513000,0.178000,1.446200,-0.095600,-11.470000,-0.558900,-5.713535,30.870966
-0.244346,2.2000,-6.012000,0.265000,1.112900,-0.082720,-11.470000,-0.558900,-4.573349,33.540949
-0.244346,2.6000,-5.729000,0.287000,0.851700,-0.070060,-11.470000,-0.558900,-3.523117,34.967614
-0.244346,3.0000,-5.585000,0.291000,0.685600,-0.060210,-11.470000,-0.558900,-2.809785,34.514978
-0.244346,3.5000,-5.406000,0.311000,0.559100,-0.051540,-11.470000,-0.558900,-2.221357,30.739186
-0.244346,4.0000,-5.166000,0.322000,0.472800,-0.044880,-11.470000,-0.558900,-1.801952,28.481732
-0.244346,4.5000,-4.948000,0.333000,0.422100,-0.039760,-11.470000,-0.558900,-1.501722,25.519540
-0.244346,5.0000,-4.713000,0.343000,0.390400,-0.035760,-11.470000,-0.558900,-1.285717,23.474081
-0.226893,0.0000,-6.874000,0.282000,1.752000,-0.072240,-11.850000,-0.532400,-9.579854,36.188014
-0.226893,0.2000,-6.849000,0.038000,1.752000,-0.072240,-11.870000,-0.533200,-9.562666,36.268228
-0.226893,0.4000,-6.856000,-0.005000,1.755600,-0.076480,-12.020000,-0.538400,-9.511099,36.159366
-0.226893,0.6000,-6.894000,-0.027000,1.768600,-0.083130,-12.290000,-0.544600,-9.161595,35.299930
-0.226893,0.8000,-6.924000,-0.012000,1.776700,-0.096640,-12.190000,-0.531100,-8.829280,34.423304
-0.226893,0.9500,-7.213000,0.115000,1.874000,-0.119000,-11.430000,-0.511300,-11.058085,39.929429
-0.226893,1.0500,-7.516000,0.007000,2.081400,-0.193200,-11.430000,-0.511300,-8.090164,37.414144
-0.226893,1.2000,-6.808000,-0.014000,1.806400,-0.147900,-11.430000,-0.511300,-7.414074,33.804510
-0.226893,1.4000,-6.559000,-0.007000,1.681700,-0.112300,-11.430000,-0.511300,-7.196350,31.759051
-0.226893,1.8000,-5.944000,0.216000,1.344700,-0.095600,-11.430000,-0.511300,-5.713535,29.994341
-0.226893,2.2000,-5.403000,0.281000,1.020900,-0.082720,-11.430000,-0.511300,-4.573349,31.266307
-0.226893,2.6000,-5.099000,0.295000,0.779600,-0.070060,-11.430000,-0.511300,-3.523117,32.268983
-0.226893,3.0000,-4.941000,0.293000,0.626000,-0.060210,-11.430000,-0.511300,-2.809785,33.455006
-0.226893,3.5000,-4.819000,0.309000,0.506500,-0.051540,-11.430000,-0.511300,-2.221357,31.094420
-0.226893,4.0000,-4.627000,0.317000,0.424500,-0.044880,-11.430000,-0.511300,-1.801952,28.143687
-0.226893,4.5000,-4.454000,0.324000,0.374700,-0.039760,-11.430000,-0.511300,-1.501722,26.275844
-0.226893,5.0000,-4.270000,0.332000,0.344600,-0.035760,-11.430000,-0.511300,-1.285717,23.663157
-0.209440,0.0000,-6.210000,0.316000,1.587400,-0.072240,-11.830000,-0.461100,-9.287646,35.414521
-0.209440,0.2000,-6.188000,0.073000,1.587600,-0.072240,-11.860000,-0.461700,-9.270457,35.500465
-0.209440,0.4000,-6.198000,0.032000,1.591900,-0.076480,-12.010000,-0.466200,-9.230350,35.420251
-0.209440,0.6000,-6.238000,0.013000,1.605300,-0.083130,-12.270000,-0.476600,-9.218891,35.385873
-0.209440,0.8000,-6.267000,0.027000,1.613000,-0.096640,-12.170000,-0.471400,-9.304835,35.603597
-0.209440,0.9500,-6.482000,0.125000,1.684900,-0.119000,-11.400000,-0.441300,-10.611178,38.817891
-0.209440,1.0500,-6.843000,0.099000,1.904700,-0.193200,-11.400000,-0.441300,-8.090164,36.909941
-0.209440,1.2000,-6.201000,0.076000,1.659800,-0.147900,-11.400000,-0.441300,-7.414074,33.208634
-0.209440,1.4000,-5.986000,0.073000,1.552400,-0.112300,-11.400000,-0.441300,-7.196350,31.409546
-0.209440,1.8000,-5.400000,0.252000,1.241000,-0.095600,-11.400000,-0.441300,-5.713535,29.089067
-0.209440,2.2000,-4.846000,0.297000,0.931600,-0.082720,-11.400000,-0.441300,-4.573349,29.226577
-0.209440,2.6000,-4.525000,0.303000,0.710100,-0.070060,-11.400000,-0.441300,-3.523117,29.793805
-0.209440,3.0000,-4.338000,0.297000,0.569300,-0.060210,-11.400000,-0.441300,-2.809785,31.002746
-0.209440,3.5000,-4.241000,0.309000,0.457700,-0.051540,-11.400000,-0.441300,-2.221357,30.802211
-0.209440,4.0000,-4.108000,0.314000,0.380200,-0.044880,-11.400000,-0.441300,-1.801952,27.862938
-0.209440,4.5000,-3.956000,0.319000,0.332200,-0.039760,-11.400000,-0.441300,-1.501722,26.098228
-0.209440,5.0000,-3.815000,0.323000,0.301900,-0.035760,-11.400000,-0.441300,-1.285717,24.304870
-0.191986,0.0000,-5.567000,0.349000,1.427800,-0.072240,-11.820000,-0.396300,-9.047004,34.641028
-0.191986,0.2000,-5.547000,0.106000,1.428400,-0.072240,-11.840000,-0.396700,-9.035544,34.738431
-0.191986,0.4000,-5.560000,0.067000,1.433300,-0.076480,-11.990000,-0.400600,-9.001167,34.686865
-0.191986,0.6000,-5.601000,0.050000,1.446900,-0.083130,-12.260000,-0.409800,-8.989708,34.692594
-0.191986,0.8000,-5.622000,0.061000,1.452000,-0.096640,-12.160000,-0.406100,-9.132947,35.042099
-0.191986,0.9500,-5.779000,0.137000,1.503700,-0.119000,-11.370000,-0.377600,-10.198649,37.717812
-0.191986,1.0500,-6.182000,0.186000,1.729500,-0.193200,-11.370000,-0.377600,-8.090164,36.480223
-0.191986,1.2000,-5.611000,0.160000,1.513100,-0.147900,-11.370000,-0.377600,-7.414074,32.704431
-0.191986,1.4000,-5.424000,0.148000,1.421500,-0.112300,-11.370000,-0.377600,-7.196350,31.100149
-0.191986,1.8000,-4.872000,0.286000,1.135800,-0.095600,-11.370000,-0.377600,-5.713535,28.498921
-0.191986,2.2000,-4.320000,0.313000,0.845200,-0.082720,-11.370000,-0.377600,-4.573349,27.742616
-0.191986,2.6000,-3.995000,0.312000,0.643600,-0.070060,-11.370000,-0.377600,-3.523117,27.484785
-0.191986,3.0000,-3.794000,0.302000,0.514600,-0.060210,-11.370000,-0.377600,-2.809785,28.292656
-0.191986,3.5000,-3.678000,0.310000,0.412300,-0.051540,-11.370000,-0.377600,-2.221357,29.530245
-0.191986,4.0000,-3.590000,0.313000,0.339900,-0.044880,-11.370000,-0.377600,-1.801952,27.960340
-0.191986,4.5000,-3.480000,0.315000,0.293700,-0.039760,-11.370000,-0.377600,-1.501722,25.674239
-0.191986,5.0000,-3.360000,0.317000,0.264100,-0.035760,-11.370000,-0.377600,-1.285717,24.201737
-0.174533,0.0000,-4.941000,0.380000,1.271500,-0.072240,-11.800000,-0.338200,-8.783443,33.741485
-0.174533,0.2000,-4.924000,0.137000,1.272200,-0.072240,-11.830000,-0.338400,-8.777713,33.844617
-0.174533,0.4000,-4.938000,0.100000,1.277800,-0.076480,-11.980000,-0.341700,-8.754795,33.821699
-0.174533,0.6000,-4.979000,0.085000,1.291600,-0.083130,-12.250000,-0.349800,-8.754795,33.873265
-0.174533,0.8000,-4.993000,0.094000,1.294300,-0.096640,-12.140000,-0.346400,-8.869387,34.176932
-0.174533,0.9500,-5.101000,0.151000,1.328800,-0.119000,-11.340000,-0.320300,-9.786119,36.514600
-0.174533,1.0500,-5.530000,0.267000,1.556100,-0.193200,-11.340000,-0.320300,-8.090164,35.901535
-0.174533,1.2000,-5.026000,0.238000,1.366800,-0.147900,-11.340000,-0.320300,-7.414074,32.257524
-0.174533,1.4000,-4.867000,0.219000,1.289300,-0.112300,-11.340000,-0.320300,-7.196350,30.624594
-0.174533,1.8000,-4.356000,0.318000,1.029400,-0.095600,-11.340000,-0.320300,-5.713535,27.903045
-0.174533,2.2000,-3.825000,0.330000,0.761500,-0.082720,-11.340000,-0.320300,-4.573349,26.207090
-0.174533,2.6000,-3.513000,0.322000,0.578900,-0.070060,-11.340000,-0.320300,-3.523117,25.485163
-0.174533,3.0000,-3.297000,0.309000,0.462000,-0.060210,-11.340000,-0.320300,-2.809785,25.783101
-0.174533,3.5000,-3.156000,0.313000,0.369100,-0.051540,-11.340000,-0.320300,-2.221357,26.865991
-0.174533,4.0000,-3.078000,0.314000,0.302900,-0.044880,-11.340000,-0.320300,-1.801952,27.221225
-0.174533,4.5000,-3.007000,0.314000,0.259400,-0.039760,-11.340000,-0.320300,-1.501722,25.599754
-0.174533,5.0000,-2.919000,0.314000,0.230500,-0.035760,-11.340000,-0.320300,-1.285717,23.789208
-0.157080,0.0000,-4.338000,0.408000,1.121200,-0.072240,-11.780000,-0.286900,-8.439668,32.641406
-0.157080,0.2000,-4.323000,0.166000,1.122000,-0.072240,-11.810000,-0.287000,-8.433939,32.755997
-0.157080,0.4000,-4.338000,0.129000,1.127800,-0.076480,-11.960000,-0.289800,-8.433939,32.755997
-0.157080,0.6000,-4.378000,0.117000,1.141200,-0.083130,-12.230000,-0.296900,-8.479775,32.841941
-0.157080,0.8000,-4.387000,0.124000,1.142400,-0.096640,-12.130000,-0.293800,-8.542801,33.105501
-0.157080,0.9500,-4.453000,0.166000,1.162100,-0.119000,-11.320000,-0.269600,-9.322023,35.110854
-0.157080,1.0500,-4.894000,0.342000,1.385100,-0.193200,-11.320000,-0.269600,-8.090164,24.574160
-0.157080,1.2000,-4.455000,0.310000,1.221200,-0.147900,-11.320000,-0.269600,-7.414074,22.689129
-0.157080,1.4000,-4.324000,0.284000,1.156500,-0.112300,-11.320000,-0.269600,-7.196350,22.448486
-0.157080,1.8000,-3.855000,0.347000,0.922600,-0.095600,-11.320000,-0.269600,-5.713535,19.572238
-0.157080,2.2000,-3.362000,0.346000,0.679900,-0.082720,-11.320000,-0.269600,-4.573349,17.366351
-0.157080,2.6000,-3.062000,0.332000,0.516200,-0.070060,-11.320000,-0.269600,-3.523117,15.200570
-0.157080,3.0000,-2.851000,0.315000,0.411000,-0.060210,-11.320000,-0.269600,-2.809785,13.538993
-0.157080,3.5000,-2.696000,0.317000,0.327600,-0.051540,-11.320000,-0.269600,-2.221357,12.089409
-0.157080,4.0000,-2.596000,0.316000,0.268300,-0.044880,-11.320000,-0.269600,-1.801952,10.926305
-0.157080,4.5000,-2.543000,0.315000,0.228200,-0.039760,-11.320000,-0.269600,-1.501722,9.980925
-0.157080,5.0000,-2.487000,0.313000,0.200900,-0.035760,-11.320000,-0.269600,-1.285717,9.207432
-0.139626,0.0000,-3.757000,0.434000,0.976300,-0.072240,-11.770000,-0.329100,-8.239133,31.781969
-0.139626,0.2000,-3.745000,0.193000,0.977100,-0.072240,-11.790000,-0.328400,-8.239133,31.908020
-0.139626,0.4000,-3.760000,0.157000,0.982900,-0.076480,-11.940000,-0.328500,-8.244863,31.942397
-0.139626,0.6000,-3.799000,0.146000,0.995700,-0.083130,-12.220000,-0.332300,-8.290699,32.074177
-0.139626,0.8000,-3.803000,0.152000,0.995300,-0.096640,-12.110000,-0.332900,-8.382373,32.286172
-0.139626,0.9500,-3.835000,0.182000,1.003100,-0.119000,-11.290000,-0.336600,-8.972519,33.924831
-0.139626,1.0500,-4.273000,0.409000,1.216600,-0.193200,-11.290000,-0.336600,-8.090164,34.572273
-0.139626,1.2000,-3.896000,0.376000,1.076700,-0.147900,-11.290000,-0.336600,-7.414074,31.209011
-0.139626,1.4000,-3.791000,0.343000,1.023500,-0.112300,-11.290000,-0.336600,-7.196350,29.851101
-0.139626,1.8000,-3.368000,0.375000,0.815600,-0.095600,-11.290000,-0.336600,-5.713535,26.694104
-0.139626,2.2000,-2.923000,0.361000,0.600200,-0.082720,-11.290000,-0.336600,-4.573349,23.880881
-0.139626,2.6000,-2.646000,0.342000,0.455000,-0.070060,-11.290000,-0.336600,-3.523117,22.437027
-0.139626,3.0000,-2.442000,0.322000,0.361600,-0.060210,-11.290000,-0.336600,-2.809785,21.858340
-0.139626,3.5000,-2.283000,0.321000,0.287700,-0.051540,-11.290000,-0.336600,-2.221357,21.302571
-0.139626,4.0000,-2.173000,0.319000,0.235200,-0.044880,-11.290000,-0.336600,-1.801952,22.058875
-0.139626,4.5000,-2.104000,0.316000,0.199400,-0.039760,-11.290000,-0.336600,-1.501722,22.878205
-0.139626,5.0000,-2.063000,0.313000,0.174300,-0.035760,-11.290000,-0.336600,-1.285717,23.508458
-0.130900,0.0000,-3.474000,0.447000,0.905300,-0.072240,-11.760000,-0.307800,-8.021409,30.962639
-0.130900,0.2000,-3.463000,0.205000,0.906200,-0.072240,-11.780000,-0.307100,-8.015680,31.088690
-0.130900,0.4000,-3.479000,0.170000,0.911900,-0.076480,-11.930000,-0.307100,-8.021409,31.134527
-0.130900,0.6000,-3.516000,0.159000,0.924200,-0.083130,-12.210000,-0.310600,-8.072975,31.283496
-0.130900,0.8000,-3.519000,0.165000,0.923200,-0.096640,-12.100000,-0.311200,-8.147460,31.472572
-0.130900,0.9500,-3.535000,0.190000,0.926000,-0.119000,-11.280000,-0.314600,-8.691770,32.950803
-0.130900,1.0500,-3.968000,0.441000,1.133500,-0.193200,-11.280000,-0.314600,-8.090164,33.821699
-0.130900,1.2000,-3.620000,0.406000,1.005000,-0.147900,-11.280000,-0.314600,-7.414074,30.567298
-0.130900,1.4000,-3.527000,0.371000,0.957000,-0.112300,-11.280000,-0.314600,-7.196350,29.306791
-0.130900,1.8000,-3.130000,0.388000,0.762100,-0.095600,-11.280000,-0.314600,-5.713535,26.161253
-0.130900,2.2000,-2.710000,0.369000,0.561000,-0.082720,-11.280000,-0.314600,-4.573349,23.170413
-0.130900,2.6000,-2.446000,0.347000,0.424900,-0.070060,-11.280000,-0.314600,-3.523117,21.623427
-0.130900,3.0000,-2.249000,0.326000,0.337500,-0.060210,-11.280000,-0.314600,-2.809785,20.763990
-0.130900,3.5000,-2.094000,0.323000,0.268300,-0.051540,-11.280000,-0.314600,-2.221357,20.351461
-0.130900,4.0000,-1.980000,0.321000,0.219300,-0.044880,-11.280000,-0.314600,-1.801952,20.620751
-0.130900,4.5000,-1.905000,0.317000,0.185500,-0.039760,-11.280000,-0.314600,-1.501722,21.102036
-0.130900,5.0000,-1.858000,0.314000,0.161900,-0.035760,-11.280000,-0.314600,-1.285717,21.886988
-0.122173,0.0000,-3.199000,0.458000,0.836300,-0.072240,-11.750000,-0.288200,-7.906818,30.441248
-0.122173,0.2000,-3.189000,0.217000,0.837200,-0.072240,-11.770000,-0.287500,-7.906818,30.573028
-0.122173,0.4000,-3.205000,0.182000,0.842900,-0.076480,-11.930000,-0.287400,-7.918277,30.636053
-0.122173,0.6000,-3.241000,0.172000,0.854800,-0.083130,-12.200000,-0.290800,-7.969843,30.802211
-0.122173,0.8000,-3.241000,0.177000,0.853100,-0.096640,-12.090000,-0.291300,-8.032868,30.968369
-0.122173,0.9500,-3.245000,0.197000,0.851400,-0.119000,-11.270000,-0.294100,-8.508423,32.257524
-0.122173,1.0500,-3.669000,0.470000,1.051100,-0.193200,-11.270000,-0.294100,-8.090164,33.460735
-0.122173,1.2000,-3.350000,0.434000,0.933700,-0.147900,-11.270000,-0.294100,-7.414074,30.275090
-0.122173,1.4000,-3.268000,0.397000,0.890600,-0.112300,-11.270000,-0.294100,-7.196350,29.106256
-0.122173,1.8000,-2.897000,0.400000,0.708900,-0.095600,-11.270000,-0.294100,-5.713535,25.954988
-0.122173,2.2000,-2.504000,0.376000,0.522200,-0.082720,-11.270000,-0.294100,-4.573349,22.792261
-0.122173,2.6000,-2.255000,0.351000,0.395100,-0.070060,-11.270000,-0.294100,-3.523117,21.119224
-0.122173,3.0000,-2.067000,0.329000,0.313700,-0.060210,-11.270000,-0.294100,-2.809785,20.030605
-0.122173,3.5000,-1.915000,0.326000,0.249200,-0.051540,-11.270000,-0.294100,-2.221357,19.583697
-0.122173,4.0000,-1.800000,0.322000,0.203600,-0.044880,-11.270000,-0.294100,-1.801952,19.348785
-0.122173,4.5000,-1.723000,0.318000,0.171900,-0.039760,-11.270000,-0.294100,-1.501722,19.732666
-0.122173,5.0000,-1.668000,0.314000,0.149800,-0.035760,-11.270000,-0.294100,-1.285717,20.271247
-0.113446,0.0000,-2.927000,0.470000,0.767300,-0.072240,-11.740000,-0.270300,-7.849522,30.063096
-0.113446,0.2000,-2.918000,0.228000,0.768200,-0.072240,-11.760000,-0.269600,-7.849522,30.194876
-0.113446,0.4000,-2.933000,0.193000,0.773800,-0.076480,-11.920000,-0.269500,-7.866711,30.275090
-0.113446,0.6000,-2.967000,0.184000,0.785200,-0.083130,-12.190000,-0.272700,-7.929736,30.469896
-0.113446,0.8000,-2.967000,0.189000,0.783000,-0.096640,-12.080000,-0.273000,-7.975573,30.613135
-0.113446,0.9500,-2.959000,0.206000,0.777500,-0.119000,-11.260000,-0.275300,-8.382373,31.707484
-0.113446,1.0500,-3.370000,0.498000,0.969500,-0.193200,-11.260000,-0.275300,-8.090164,33.283118
-0.113446,1.2000,-3.080000,0.461000,0.862800,-0.147900,-11.260000,-0.275300,-7.414074,30.154769
-0.113446,1.4000,-3.007000,0.421000,0.824400,-0.112300,-11.260000,-0.275300,-7.196350,29.071879
-0.113446,1.8000,-2.663000,0.412000,0.655800,-0.095600,-11.260000,-0.275300,-5.713535,25.914881
-0.113446,2.2000,-2.299000,0.383000,0.483800,-0.082720,-11.260000,-0.275300,-4.573349,22.522971
-0.113446,2.6000,-2.065000,0.356000,0.365700,-0.070060,-11.260000,-0.275300,-3.523117,20.798368
-0.113446,3.0000,-1.888000,0.333000,0.290200,-0.060210,-11.260000,-0.275300,-2.809785,19.549320
-0.113446,3.5000,-1.741000,0.328000,0.230400,-0.051540,-11.260000,-0.275300,-2.221357,18.821664
-0.113446,4.0000,-1.631000,0.324000,0.188000,-0.044880,-11.260000,-0.275300,-1.801952,18.409134
-0.113446,4.5000,-1.549000,0.320000,0.158600,-0.039760,-11.260000,-0.275300,-1.501722,18.517996
-0.113446,5.0000,-1.493000,0.315000,0.137900,-0.035760,-11.260000,-0.275300,-1.285717,18.815934
-0.104720,0.0000,-2.660000,0.480000,0.699300,-0.072240,-11.730000,-0.254000,-6.726525,26.734211
-0.104720,0.2000,-2.651000,0.239000,0.700200,-0.072240,-11.750000,-0.253300,-6.720795,26.865991
-0.104720,0.4000,-2.666000,0.204000,0.705600,-0.076480,-11.900000,-0.253200,-6.737984,26.923287
-0.104720,0.6000,-2.699000,0.195000,0.716400,-0.083130,-12.180000,-0.256200,-6.783820,27.077985
-0.104720,0.8000,-2.697000,0.200000,0.713900,-0.096640,-12.070000,-0.256500,-6.829657,27.221225
-0.104720,0.9500,-2.681000,0.214000,0.705100,-0.119000,-11.250000,-0.258000,-7.230727,28.315574
-0.104720,1.0500,-3.075000,0.525000,0.888700,-0.193200,-11.250000,-0.258000,-8.090164,29.301062
-0.104720,1.2000,-2.812000,0.487000,0.792400,-0.147900,-11.250000,-0.258000,-7.414074,26.556594
-0.104720,1.4000,-2.749000,0.444000,0.758300,-0.112300,-11.250000,-0.258000,-7.196350,25.639861
-0.104720,1.8000,-2.432000,0.423000,0.602900,-0.095600,-11.250000,-0.258000,-5.713535,22.689129
-0.104720,2.2000,-2.099000,0.390000,0.445600,-0.082720,-11.250000,-0.258000,-4.573349,19.463376
-0.104720,2.6000,-1.880000,0.361000,0.336600,-0.070060,-11.250000,-0.258000,-3.523117,18.076818
-0.104720,3.0000,-1.715000,0.336000,0.266900,-0.060210,-11.250000,-0.258000,-2.809785,17.016847
-0.104720,3.5000,-1.575000,0.331000,0.211800,-0.051540,-11.250000,-0.258000,-2.221357,16.300649
-0.104720,4.0000,-1.469000,0.326000,0.172800,-0.044880,-11.250000,-0.258000,-1.801952,16.054277
-0.104720,4.5000,-1.389000,0.321000,0.145500,-0.039760,-11.250000,-0.258000,-1.501722,15.951145
-0.104720,5.0000,-1.330000,0.316000,0.126300,-0.035760,-11.250000,-0.258000,-1.285717,16.277731
-0.095993,0.0000,-2.446000,0.486000,0.649900,-0.072240,-11.710000,-0.239400,-6.720795,26.476380
-0.095993,0.2000,-2.439000,0.244000,0.650900,-0.072240,-11.740000,-0.238700,-6.720795,26.613890
-0.095993,0.4000,-2.454000,0.210000,0.656200,-0.076480,-11.890000,-0.238500,-6.737984,26.688374
-0.095993,0.6000,-2.486000,0.201000,0.666800,-0.083130,-12.170000,-0.241500,-6.801009,26.871721
-0.095993,0.8000,-2.482000,0.205000,0.663800,-0.096640,-12.060000,-0.241700,-6.835386,26.986312
-0.095993,0.9500,-2.455000,0.217000,0.651300,-0.119000,-11.230000,-0.242200,-7.150513,27.874397
-0.095993,1.0500,-2.846000,0.543000,0.809200,-0.193200,-11.230000,-0.242200,-8.090164,29.278143
-0.095993,1.2000,-2.605000,0.505000,0.722900,-0.147900,-11.230000,-0.242200,-7.414074,26.579512
-0.095993,1.4000,-2.549000,0.461000,0.692800,-0.112300,-11.230000,-0.242200,-7.196350,25.731535
-0.095993,1.8000,-2.255000,0.429000,0.550600,-0.095600,-11.230000,-0.242200,-5.713535,22.775072
-0.095993,2.2000,-1.948000,0.392000,0.408000,-0.082720,-11.230000,-0.242200,-4.573349,19.486295
-0.095993,2.6000,-1.739000,0.362000,0.308000,-0.070060,-11.230000,-0.242200,-3.523117,17.887742
-0.095993,3.0000,-1.581000,0.336000,0.244200,-0.060210,-11.230000,-0.242200,-2.809785,16.776204
-0.095993,3.5000,-1.446000,0.330000,0.193600,-0.051540,-11.230000,-0.242200,-2.221357,15.888120
-0.095993,4.0000,-1.341000,0.326000,0.157800,-0.044880,-11.230000,-0.242200,-1.801952,15.389646
-0.095993,4.5000,-1.261000,0.321000,0.132700,-0.039760,-11.230000,-0.242200,-1.501722,15.194841
-0.095993,5.0000,-1.200000,0.315000,0.115100,-0.035760,-11.230000,-0.242200,-1.285717,15.154734
-0.087266,0.0000,-2.184000,0.496000,0.582000,-0.072240,-11.700000,-0.226400,-7.683364,28.859884
-0.087266,0.2000,-2.178000,0.254000,0.582900,-0.072240,-11.730000,-0.225700,-7.689094,29.008853
-0.087266,0.4000,-2.192000,0.220000,0.587900,-0.076480,-11.880000,-0.225600,-7.729201,29.140633
-0.087266,0.6000,-2.222000,0.212000,0.597700,-0.083130,-12.160000,-0.228600,-7.815144,29.415653
-0.087266,0.8000,-2.218000,0.216000,0.594600,-0.096640,-12.050000,-0.228600,-7.826603,29.478679
-0.087266,0.9500,-2.185000,0.225000,0.580400,-0.119000,-11.220000,-0.228100,-7.992761,29.965693
-0.087266,1.0500,-2.552000,0.567000,0.730200,-0.193200,-11.220000,-0.228100,-8.090164,32.681513
-0.087266,1.2000,-2.337000,0.528000,0.653500,-0.147900,-11.220000,-0.228100,-7.414074,29.719321
-0.087266,1.4000,-2.289000,0.482000,0.627300,-0.112300,-11.220000,-0.228100,-7.196350,28.865614
-0.087266,1.8000,-2.023000,0.440000,0.498100,-0.095600,-11.220000,-0.228100,-5.713535,25.714346
-0.087266,2.2000,-1.748000,0.399000,0.370300,-0.082720,-11.220000,-0.228100,-4.573349,22.076064
-0.087266,2.6000,-1.558000,0.367000,0.279400,-0.070060,-11.220000,-0.228100,-3.523117,19.944661
-0.087266,3.0000,-1.412000,0.340000,0.221400,-0.060210,-11.220000,-0.228100,-2.809785,18.449241
-0.087266,3.5000,-1.289000,0.334000,0.175400,-0.051540,-11.220000,-0.228100,-2.221357,17.200193
-0.087266,4.0000,-1.191000,0.328000,0.142900,-0.044880,-11.220000,-0.228100,-1.801952,16.283461
-0.087266,4.5000,-1.115000,0.323000,0.120000,-0.039760,-11.220000,-0.228100,-1.501722,15.767799
-0.087266,5.0000,-1.056000,0.317000,0.103900,-0.035760,-11.220000,-0.228100,-1.285717,15.446942
-0.078540,0.0000,-1.930000,0.505000,0.515800,-0.072240,-11.690000,-0.215000,-7.482829,28.023366
-0.078540,0.2000,-1.924000,0.264000,0.516700,-0.072240,-11.720000,-0.214400,-7.488558,28.172335
-0.078540,0.4000,-1.937000,0.230000,0.521400,-0.076480,-11.870000,-0.214300,-7.528665,28.321304
-0.078540,0.6000,-1.965000,0.222000,0.530400,-0.083130,-12.140000,-0.217300,-7.620339,28.607783
-0.078540,0.8000,-1.961000,0.225000,0.527100,-0.096640,-12.030000,-0.217200,-7.626068,28.647890
-0.078540,0.9500,-1.924000,0.233000,0.511800,-0.119000,-11.210000,-0.215500,-7.723471,28.963017
-0.078540,1.0500,-2.264000,0.588000,0.652200,-0.193200,-11.210000,-0.215500,-8.090164,31.913749
-0.078540,1.2000,-2.075000,0.548000,0.584700,-0.147900,-11.210000,-0.215500,-7.414074,29.060419
-0.078540,1.4000,-2.035000,0.500000,0.562100,-0.112300,-11.210000,-0.215500,-7.196350,28.286926
-0.078540,1.8000,-1.795000,0.450000,0.446100,-0.095600,-11.210000,-0.215500,-5.713535,25.164306
-0.078540,2.2000,-1.553000,0.406000,0.332800,-0.082720,-11.210000,-0.215500,-4.573349,21.571861
-0.078540,2.6000,-1.381000,0.372000,0.250900,-0.070060,-11.210000,-0.215500,-3.523117,19.434728
-0.078540,3.0000,-1.250000,0.344000,0.198800,-0.060210,-11.210000,-0.215500,-2.809785,17.836176
-0.078540,3.5000,-1.137000,0.336000,0.157400,-0.051540,-11.210000,-0.215500,-2.221357,16.558480
-0.078540,4.0000,-1.048000,0.330000,0.128200,-0.044880,-11.210000,-0.215500,-1.801952,15.550075
-0.078540,4.5000,-0.978000,0.324000,0.107500,-0.039760,-11.210000,-0.215500,-1.501722,14.856796
-0.078540,5.0000,-0.922000,0.319000,0.092900,-0.035760,-11.210000,-0.215500,-1.285717,14.455725
-0.069813,0.0000,-1.684000,0.513000,0.451400,-0.072240,-11.680000,-0.205400,-7.276564,27.163929
-0.069813,0.2000,-1.679000,0.272000,0.452200,-0.072240,-11.700000,-0.204700,-7.288023,27.318628
-0.069813,0.4000,-1.691000,0.238000,0.456500,-0.076480,-11.860000,-0.204800,-7.333860,27.479056
-0.069813,0.6000,-1.716000,0.230000,0.464700,-0.083130,-12.130000,-0.207800,-7.431263,27.782723
-0.069813,0.8000,-1.711000,0.234000,0.461500,-0.096640,-12.020000,-0.207500,-7.425533,27.799912
-0.069813,0.9500,-1.672000,0.240000,0.445600,-0.119000,-11.190000,-0.204500,-7.454181,27.943152
-0.069813,1.0500,-1.983000,0.607000,0.575200,-0.193200,-11.190000,-0.204500,-8.090164,31.123067
-0.069813,1.2000,-1.819000,0.566000,0.516600,-0.147900,-11.190000,-0.204500,-7.414074,28.378600
-0.069813,1.4000,-1.785000,0.517000,0.497300,-0.112300,-11.190000,-0.204500,-7.196350,27.685321
-0.069813,1.8000,-1.573000,0.458000,0.394400,-0.095600,-11.190000,-0.204500,-5.713535,24.591349
-0.069813,2.2000,-1.362000,0.411000,0.295500,-0.082720,-11.190000,-0.204500,-4.573349,21.067658
-0.069813,2.6000,-1.210000,0.376000,0.222700,-0.070060,-11.190000,-0.204500,-3.523117,18.924796
-0.069813,3.0000,-1.093000,0.347000,0.176400,-0.060210,-11.190000,-0.204500,-2.809785,17.291866
-0.069813,3.5000,-0.992000,0.339000,0.139600,-0.051540,-11.190000,-0.204500,-2.221357,15.933956
-0.069813,4.0000,-0.912000,0.332000,0.113600,-0.044880,-11.190000,-0.204500,-1.801952,14.908362
-0.069813,4.5000,-0.848000,0.326000,0.095200,-0.039760,-11.190000,-0.204500,-1.501722,14.111950
-0.069813,5.0000,-0.797000,0.320000,0.082100,-0.035760,-11.190000,-0.204500,-1.285717,13.538993
-0.061087,0.0000,-1.445000,0.520000,0.388800,-0.072240,-11.660000,-0.197400,-7.076029,26.293033
-0.061087,0.2000,-1.441000,0.279000,0.389500,-0.072240,-11.690000,-0.196700,-7.087488,26.453461
-0.061087,0.4000,-1.452000,0.246000,0.393400,-0.076480,-11.840000,-0.196900,-7.133325,26.619619
-0.061087,0.6000,-1.474000,0.238000,0.400700,-0.083130,-12.120000,-0.200000,-7.236457,26.940476
-0.061087,0.8000,-1.469000,0.241000,0.397600,-0.096640,-12.010000,-0.199500,-7.219268,26.934746
-0.061087,0.9500,-1.430000,0.246000,0.381700,-0.119000,-11.180000,-0.195100,-7.184891,26.900368
-0.061087,1.0500,-1.709000,0.624000,0.499200,-0.193200,-11.180000,-0.195100,-8.090164,30.315197
-0.061087,1.2000,-1.569000,0.583000,0.449200,-0.147900,-11.180000,-0.195100,-7.414074,27.673862
-0.061087,1.4000,-1.541000,0.532000,0.432900,-0.112300,-11.180000,-0.195100,-7.196350,27.055067
-0.061087,1.8000,-1.356000,0.466000,0.343100,-0.095600,-11.180000,-0.195100,-5.713535,23.995472
-0.061087,2.2000,-1.176000,0.417000,0.258300,-0.082720,-11.180000,-0.195100,-4.573349,20.563455
-0.061087,2.6000,-1.043000,0.379000,0.194700,-0.070060,-11.180000,-0.195100,-3.523117,18.414864
-0.061087,3.0000,-0.940000,0.350000,0.154100,-0.060210,-11.180000,-0.195100,-2.809785,16.781934
-0.061087,3.5000,-0.852000,0.341000,0.121900,-0.051540,-11.180000,-0.195100,-2.221357,15.360998
-0.061087,4.0000,-0.781000,0.334000,0.099100,-0.044880,-11.180000,-0.195100,-1.801952,14.283838
-0.061087,4.5000,-0.724000,0.328000,0.083000,-0.039760,-11.180000,-0.195100,-1.501722,13.453049
-0.061087,5.0000,-0.679000,0.321000,0.071500,-0.035760,-11.180000,-0.195100,-1.285717,12.799877
-0.052360,0.0000,-1.214000,0.526000,0.327900,-0.072240,-11.650000,-0.191000,-6.875494,25.399219
-0.052360,0.2000,-1.211000,0.285000,0.328600,-0.072240,-11.680000,-0.190400,-6.881223,25.565377
-0.052360,0.4000,-1.220000,0.252000,0.332000,-0.076480,-11.830000,-0.190700,-6.938519,25.748723
-0.052360,0.6000,-1.240000,0.244000,0.338400,-0.083130,-12.100000,-0.193900,-7.041651,26.081039
-0.052360,0.8000,-1.235000,0.248000,0.335500,-0.096640,-11.990000,-0.193200,-7.018733,26.052391
-0.052360,0.9500,-1.197000,0.252000,0.320100,-0.119000,-11.170000,-0.187300,-6.915601,25.846126
-0.052360,1.0500,-1.442000,0.639000,0.424300,-0.193200,-11.170000,-0.187300,-8.090164,29.484408
-0.052360,1.2000,-1.325000,0.596000,0.382500,-0.147900,-11.170000,-0.187300,-7.414074,26.957664
-0.052360,1.4000,-1.303000,0.545000,0.369100,-0.112300,-11.170000,-0.187300,-7.196350,26.407625
-0.052360,1.8000,-1.145000,0.473000,0.292300,-0.095600,-11.170000,-0.187300,-5.713535,23.376678
-0.052360,2.2000,-0.995000,0.421000,0.221300,-0.082720,-11.170000,-0.187300,-4.573349,20.059252
-0.052360,2.6000,-0.880000,0.383000,0.166800,-0.070060,-11.170000,-0.187300,-3.523117,17.910661
-0.052360,3.0000,-0.793000,0.353000,0.132000,-0.060210,-11.170000,-0.187300,-2.809785,16.277731
-0.052360,3.5000,-0.717000,0.343000,0.104400,-0.051540,-11.170000,-0.187300,-2.221357,14.845336
-0.052360,4.0000,-0.656000,0.336000,0.084800,-0.044880,-11.170000,-0.187300,-1.801952,13.705150
-0.052360,4.5000,-0.607000,0.329000,0.070900,-0.039760,-11.170000,-0.187300,-1.501722,12.834255
-0.052360,5.0000,-0.567000,0.323000,0.061000,-0.035760,-11.170000,-0.187300,-1.285717,12.140976
-0.043633,0.0000,-0.991000,0.532000,0.268800,-0.072240,-11.630000,-0.186300,-6.669229,24.499675
-0.043633,0.2000,-0.988000,0.290000,0.269400,-0.072240,-11.660000,-0.185800,-6.680688,24.665833
-0.043633,0.4000,-0.997000,0.257000,0.272300,-0.076480,-11.810000,-0.186200,-6.737984,24.860639
-0.043633,0.6000,-1.013000,0.250000,0.277800,-0.083130,-12.080000,-0.189600,-6.852575,25.210143
-0.043633,0.8000,-1.009000,0.253000,0.275100,-0.096640,-11.980000,-0.188600,-6.812468,25.158577
-0.043633,0.9500,-0.973000,0.256000,0.260900,-0.119000,-11.150000,-0.181100,-6.646310,24.774695
-0.043633,1.0500,-1.182000,0.651000,0.350500,-0.193200,-11.150000,-0.181100,-8.090164,28.636431
-0.043633,1.2000,-1.087000,0.608000,0.316600,-0.147900,-11.150000,-0.181100,-7.414074,26.218549
-0.043633,1.4000,-1.070000,0.556000,0.305900,-0.112300,-11.150000,-0.181100,-7.196350,25.737264
-0.043633,1.8000,-0.939000,0.479000,0.242100,-0.095600,-11.150000,-0.181100,-5.713535,22.734965
-0.043633,2.2000,-0.818000,0.425000,0.184400,-0.082720,-11.150000,-0.181100,-4.573349,19.555050
-0.043633,2.6000,-0.722000,0.385000,0.138900,-0.070060,-11.150000,-0.181100,-3.523117,17.406458
-0.043633,3.0000,-0.649000,0.355000,0.110000,-0.060210,-11.150000,-0.181100,-2.809785,15.767799
-0.043633,3.5000,-0.586000,0.345000,0.086900,-0.051540,-11.150000,-0.181100,-2.221357,14.335404
-0.043633,4.0000,-0.535000,0.337000,0.070600,-0.044880,-11.150000,-0.181100,-1.801952,13.189488
-0.043633,4.5000,-0.494000,0.330000,0.059000,-0.039760,-11.150000,-0.181100,-1.501722,12.267026
-0.043633,5.0000,-0.460000,0.324000,0.050700,-0.035760,-11.150000,-0.181100,-1.285717,11.533640
-0.034907,0.0000,-0.777000,0.536000,0.211500,-0.072240,-11.620000,-0.183300,-6.468694,23.582943
-0.034907,0.2000,-0.774000,0.295000,0.212000,-0.072240,-11.640000,-0.182800,-6.480153,23.749101
-0.034907,0.4000,-0.781000,0.261000,0.214400,-0.076480,-11.790000,-0.183400,-6.537448,23.955365
-0.034907,0.6000,-0.795000,0.254000,0.218800,-0.083130,-12.070000,-0.187000,-6.657770,24.322058
-0.034907,0.8000,-0.791000,0.257000,0.216500,-0.096640,-11.960000,-0.185800,-6.611933,24.247574
-0.034907,0.9500,-0.759000,0.260000,0.204100,-0.119000,-11.130000,-0.176500,-6.382750,23.691805
-0.034907,1.0500,-0.930000,0.661000,0.278000,-0.193200,-11.130000,-0.176500,-8.090164,27.771264
-0.034907,1.2000,-0.856000,0.618000,0.251500,-0.147900,-11.130000,-0.176500,-7.414074,25.467974
-0.034907,1.4000,-0.844000,0.565000,0.243300,-0.112300,-11.130000,-0.176500,-7.196350,25.043985
-0.034907,1.8000,-0.739000,0.484000,0.192400,-0.095600,-11.130000,-0.176500,-5.713535,22.076064
-0.034907,2.2000,-0.645000,0.428000,0.147500,-0.082720,-11.130000,-0.176500,-4.573349,19.050847
-0.034907,2.6000,-0.569000,0.387000,0.111100,-0.070060,-11.130000,-0.176500,-3.523117,16.902255
-0.034907,3.0000,-0.511000,0.356000,0.088000,-0.060210,-11.130000,-0.176500,-2.809785,15.263596
-0.034907,3.5000,-0.460000,0.346000,0.069500,-0.051540,-11.130000,-0.176500,-2.221357,13.825472
-0.034907,4.0000,-0.419000,0.338000,0.056500,-0.044880,-11.130000,-0.176500,-1.801952,12.673826
-0.034907,4.5000,-0.386000,0.331000,0.047100,-0.039760,-11.130000,-0.176500,-1.501722,11.745635
-0.034907,5.0000,-0.359000,0.324000,0.040500,-0.035760,-11.130000,-0.176500,-1.285717,10.995060
-0.026180,0.0000,-0.570000,0.539000,0.156000,-0.072240,-11.600000,-0.181900,-6.262429,22.649022
-0.026180,0.2000,-0.568000,0.298000,0.156300,-0.072240,-11.630000,-0.181400,-6.273888,22.820909
-0.026180,0.4000,-0.574000,0.265000,0.158200,-0.076480,-11.780000,-0.182300,-6.342643,23.038633
-0.026180,0.6000,-0.584000,0.258000,0.161600,-0.083130,-12.050000,-0.186100,-6.462964,23.416785
-0.026180,0.8000,-0.581000,0.261000,0.159800,-0.096640,-11.940000,-0.184700,-6.405668,23.325112
-0.026180,0.9500,-0.555000,0.263000,0.149600,-0.119000,-11.120000,-0.173500,-6.113460,22.591726
-0.026180,1.0500,-0.686000,0.669000,0.206600,-0.193200,-11.120000,-0.173500,-8.090164,26.883180
-0.026180,1.2000,-0.632000,0.625000,0.187300,-0.147900,-11.120000,-0.173500,-7.414074,24.694481
-0.026180,1.4000,-0.623000,0.572000,0.181300,-0.112300,-11.120000,-0.173500,-7.196350,24.327788
-0.026180,1.8000,-0.545000,0.488000,0.143300,-0.095600,-11.120000,-0.173500,-5.713535,21.394244
-0.026180,2.2000,-0.477000,0.430000,0.110700,-0.082720,-11.120000,-0.173500,-4.573349,18.546644
-0.026180,2.6000,-0.420000,0.389000,0.083400,-0.070060,-11.120000,-0.173500,-3.523117,16.403782
-0.026180,3.0000,-0.376000,0.358000,0.066000,-0.060210,-11.120000,-0.173500,-2.809785,14.759393
-0.026180,3.5000,-0.338000,0.347000,0.052200,-0.051540,-11.120000,-0.173500,-2.221357,13.321269
-0.026180,4.0000,-0.308000,0.339000,0.042400,-0.044880,-11.120000,-0.173500,-1.801952,12.163894
-0.026180,4.5000,-0.283000,0.332000,0.035400,-0.039760,-11.120000,-0.173500,-1.501722,11.229973
-0.026180,5.0000,-0.263000,0.325000,0.030400,-0.035760,-11.120000,-0.173500,-1.285717,10.473668
-0.017453,0.0000,-0.372000,0.541000,0.102200,-0.072240,-11.580000,-0.182200,-6.056164,21.703641
-0.017453,0.2000,-0.371000,0.300000,0.102400,-0.072240,-11.610000,-0.181800,-6.073353,21.881258
-0.017453,0.4000,-0.374000,0.267000,0.103700,-0.076480,-11.760000,-0.182900,-6.142108,22.110441
-0.017453,0.6000,-0.381000,0.260000,0.106000,-0.083130,-12.030000,-0.187000,-6.268158,22.505782
-0.017453,0.8000,-0.379000,0.263000,0.104700,-0.096640,-11.920000,-0.185200,-6.205133,22.385461
-0.017453,0.9500,-0.360000,0.265000,0.097400,-0.119000,-11.100000,-0.172000,-5.844170,21.480188
-0.017453,1.0500,-0.449000,0.674000,0.136400,-0.193200,-11.100000,-0.172000,-8.090164,25.983636
-0.017453,1.2000,-0.414000,0.631000,0.123900,-0.147900,-11.100000,-0.172000,-7.414074,23.909529
-0.017453,1.4000,-0.409000,0.577000,0.120100,-0.112300,-11.100000,-0.172000,-7.196350,23.594402
-0.017453,1.8000,-0.357000,0.490000,0.094800,-0.095600,-11.100000,-0.172000,-5.713535,20.689506
-0.017453,2.2000,-0.314000,0.432000,0.073800,-0.082720,-11.100000,-0.172000,-4.573349,18.042441
-0.017453,2.6000,-0.276000,0.390000,0.055600,-0.070060,-11.100000,-0.172000,-3.523117,15.899579
-0.017453,3.0000,-0.246000,0.359000,0.044100,-0.060210,-11.100000,-0.172000,-2.809785,14.260920
-0.017453,3.5000,-0.221000,0.348000,0.034800,-0.051540,-11.100000,-0.172000,-2.221357,12.817066
-0.017453,4.0000,-0.201000,0.340000,0.028300,-0.044880,-11.100000,-0.172000,-1.801952,11.659691
-0.017453,4.5000,-0.184000,0.332000,0.023600,-0.039760,-11.100000,-0.172000,-1.501722,10.720040
-0.017453,5.0000,-0.171000,0.326000,0.020300,-0.035760,-11.100000,-0.172000,-1.285717,9.958006
-0.008727,0.0000,-0.182000,0.543000,0.050200,-0.072240,-11.560000,-0.184100,-5.855629,20.746802
-0.008727,0.2000,-0.181000,0.301000,0.050300,-0.072240,-11.590000,-0.183800,-5.867088,20.924419
-0.008727,0.4000,-0.183000,0.268000,0.051000,-0.076480,-11.740000,-0.185100,-5.941572,21.165061
-0.008727,0.6000,-0.187000,0.261000,0.052200,-0.083130,-12.010000,-0.189500,-6.073353,21.577591
-0.008727,0.8000,-0.185000,0.264000,0.051500,-0.096640,-11.900000,-0.187500,-5.998868,21.434351
-0.008727,0.9500,-0.175000,0.267000,0.047500,-0.119000,-11.080000,-0.172200,-5.579463,20.357190
-0.008727,1.0500,-0.221000,0.678000,0.067500,-0.193200,-11.080000,-0.172200,-8.090164,25.061174
-0.008727,1.2000,-0.204000,0.634000,0.061500,-0.147900,-11.080000,-0.172200,-7.414074,23.101658
-0.008727,1.4000,-0.201000,0.580000,0.059600,-0.112300,-11.080000,-0.172200,-7.196350,22.843827
-0.008727,1.8000,-0.175000,0.492000,0.047000,-0.095600,-11.080000,-0.172200,-5.713535,19.967579
-0.008727,2.2000,-0.155000,0.433000,0.036900,-0.082720,-11.080000,-0.172200,-4.573349,17.543968
-0.008727,2.6000,-0.136000,0.391000,0.027900,-0.070060,-11.080000,-0.172200,-3.523117,15.401106
-0.008727,3.0000,-0.121000,0.359000,0.022100,-0.060210,-11.080000,-0.172200,-2.809785,13.762446
-0.008727,3.5000,-0.108000,0.348000,0.017400,-0.051540,-11.080000,-0.172200,-2.221357,12.312863
-0.008727,4.0000,-0.098000,0.340000,0.014200,-0.044880,-11.080000,-0.172200,-1.801952,11.155488
-0.008727,4.5000,-0.090000,0.333000,0.011800,-0.039760,-11.080000,-0.172200,-1.501722,10.215837
-0.008727,5.0000,-0.083000,0.326000,0.010200,-0.035760,-11.080000,-0.172200,-1.285717,9.448074
0.000000,0.0000,0.000000,0.543000,0.000000,-0.072240,-11.540000,-0.187800,-5.651083,19.784233
0.000000,0.2000,0.000000,0.302000,0.000000,-0.072240,-11.570000,-0.187500,-5.666553,19.967579
0.000000,0.4000,0.000000,0.269000,0.000000,-0.076480,-11.720000,-0.189100,-5.746767,20.219681
0.000000,0.6000,0.000000,0.262000,0.000000,-0.083130,-11.990000,-0.193900,-5.884277,20.643669
0.000000,0.8000,0.000000,0.265000,0.000000,-0.096640,-11.880000,-0.191600,-5.798333,20.483241
0.000000,0.9500,0.000000,0.267000,0.000000,-0.119000,-11.060000,-0.174000,-5.314184,19.222734
0.000000,1.0500,0.000000,0.679000,0.000000,-0.193200,-11.060000,-0.174000,-8.090164,24.574160
0.000000,1.2000,0.000000,0.635000,0.000000,-0.147900,-11.060000,-0.174000,-7.414074,22.689129
0.000000,1.4000,0.000000,0.581000,0.000000,-0.112300,-11.060000,-0.174000,-7.196350,22.448486
0.000000,1.8000,0.000000,0.492000,0.000000,-0.095600,-11.060000,-0.174000,-5.713535,19.572238
0.000000,2.2000,0.000000,0.433000,0.000000,-0.082720,-11.060000,-0.174000,-4.573349,17.366351
0.000000,2.6000,0.000000,0.391000,0.000000,-0.070060,-11.060000,-0.174000,-3.523117,15.200570
0.000000,3.0000,0.000000,0.360000,0.000000,-0.060210,-11.060000,-0.174000,-2.809785,13.538993
0.000000,3.5000,0.000000,0.348000,0.000000,-0.051540,-11.060000,-0.174000,-2.221357,12.089409
0.000000,4.0000,0.000000,0.340000,0.000000,-0.044880,-11.060000,-0.174000,-1.801952,10.926305
0.000000,4.5000,0.000000,0.333000,0.000000,-0.039760,-11.060000,-0.174000,-1.501722,9.980925
0.000000,5.0000,0.000000,0.326000,0.000000,-0.035760,-11.060000,-0.174000,-1.285717,9.207432
0.008727,0.0000,0.182000,0.543000,-0.050200,-0.072240,-11.560000,-0.184100,-5.855629,20.746802
0.008727,0.2000,0.181000,0.301000,-0.050300,-0.072240,-11.590000,-0.183800,-5.867088,20.924419
0.008727,0.4000,0.183000,0.268000,-0.051000,-0.076480,-11.740000,-0.185100,-5.941572,21.165061
0.008727,0.6000,0.187000,0.261000,-0.052200,-0.083130,-12.010000,-0.189500,-6.073353,21.577591
0.008727,0.8000,0.185000,0.264000,-0.051500,-0.096640,-11.900000,-0.187500,-5.998868,21.434351
0.008727,0.9500,0.175000,0.267000,-0.047500,-0.119000,-11.080000,-0.172200,-5.579463,20.357190
0.008727,1.0500,0.221000,0.678000,-0.067500,-0.193200,-11.080000,-0.172200,-8.090164,25.061174
0.008727,1.2000,0.204000,0.634000,-0.061500,-0.147900,-11.080000,-0.172200,-7.414074,23.101658
0.008727,1.4000,0.201000,0.580000,-0.059600,-0.112300,-11.080000,-0.172200,-7.196350,22.843827
0.008727,1.8000,0.175000,0.492000,-0.047000,-0.095600,-11.080000,-0.172200,-5.713535,19.967579
0.008727,2.2000,0.155000,0.433000,-0.036900,-0.082720,-11.080000,-0.172200,-4.573349,17.543968
0.008727,2.6000,0.136000,0.391000,-0.027900,-0.070060,-11.080000,-0.172200,-3.523117,15.401106
0.008727,3.0000,0.121000,0.359000,-0.022100,-0.060210,-11.080000,-0.172200,-2.809785,13.762446
0.008727,3.5000,0.108000,0.348000,-0.017400,-0.051540,-11.080000,-0.172200,-2.221357,12.312863
0.008727,4.0000,0.098000,0.340000,-0.014200,-0.044880,-11.080000,-0.172200,-1.801952,11.155488
0.008727,4.5000,0.090000,0.333000,-0.011800,-0.039760,-11.080000,-0.172200,-1.501722,10.215837
0.008727,5.0000,0.083000,0.326000,-0.010200,-0.035760,-11.080000,-0.172200,-1.285717,9.448074
0.017453,0.0000,0.372000,0.541000,-0.102200,-0.072240,-11.580000,-0.182200,-6.056164,21.703641
0.017453,0.2000,0.371000,0.300000,-0.102400,-0.072240,-11.610000,-0.181800,-6.073353,21.881258
0.017453,0.4000,0.374000,0.267000,-0.103700,-0.076480,-11.760000,-0.182900,-6.142108,22.110441
0.017453,0.6000,0.381000,0.260000,-0.106000,-0.083130,-12.030000,-0.187000,-6.268158,22.505782
0.017453,0.8000,0.379000,0.263000,-0.104700,-0.096640,-11.920000,-0.185200,-6.205133,22.385461
0.017453,0.9500,0.360000,0.265000,-0.097400,-0.119000,-11.100000,-0.172000,-5.844170,21.480188
0.017453,1.0500,0.449000,0.674000,-0.136400,-0.193200,-11.100000,-0.172000,-8.090164,25.983636
0.017453,1.2000,0.414000,0.631000,-0.123900,-0.147900,-11.100000,-0.172000,-7.414074,23.909529
0.017453,1.4000,0.409000,0.577000,-0.120100,-0.112300,-11.100000,-0.172000,-7.196350,23.594402
0.017453,1.8000,0.357000,0.490000,-0.094800,-0.095600,-11.100000,-0.172000,-5.713535,20.689506
0.017453,2.2000,0.314000,0.432000,-0.073800,-0.082720,-11.100000,-0.172000,-4.573349,18.042441
0.017453,2.6000,0.276000,0.390000,-0.055600,-0.070060,-11.100000,-0.172000,-3.523117,15.899579
0.017453,3.0000,0.246000,0.359000,-0.044100,-0.060210,-11.100000,-0.172000,-2.809785,14.260920
0.017453,3.5000,0.221000,0.348000,-0.034800,-0.051540,-11.100000,-0.172000,-2.221357,12.817066
0.017453,4.0000,0.201000,0.340000,-0.028300,-0.044880,-11.100000,-0.172000,-1.801952,11.659691
0.017453,4.5000,0.184000,0.332000,-0.023600,-0.039760,-11.100000,-0.172000,-1.501722,10.720040
0.017453,5.0000,0.171000,0.326000,-0.020300,-0.035760,-11.100000,-0.172000,-1.285717,9.958006
0.026180,0.0000,0.570000,0.539000,-0.156000,-0.072240,-11.600000,-0.181900,-6.262429,22.649022
0.026180,0.2000,0.568000,0.298000,-0.156300,-0.072240,-11.630000,-0.181400,-6.273888,22.820909
0.026180,0.4000,0.574000,0.265000,-0.158200,-0.076480,-11.780000,-0.182300,-6.342643,23.038633
0.026180,0.6000,0.584000,0.258000,-0.161600,-0.083130,-12.050000,-0.186100,-6.462964,23.416785
0.026180,0.8000,0.581000,0.261000,-0.159800,-0.096640,-11.940000,-0.184700,-6.405668,23.325112
0.026180,0.9500,0.555000,0.263000,-0.149600,-0.119000,-11.120000,-0.173500,-6.113460,22.591726
0.026180,1.0500,0.686000,0.669000,-0.206600,-0.193200,-11.120000,-0.173500,-8.090164,26.883180
0.026180,1.2000,0.632000,0.625000,-0.187300,-0.147900,-11.120000,-0.173500,-7.414074,24.694481
0.026180,1.4000,0.623000,0.572000,-0.181300,-0.112300,-11.120000,-0.173500,-7.196350,24.327788
0.026180,1.8000,0.545000,0.488000,-0.143300,-0.095600,-11.120000,-0.173500,-5.713535,21.394244
0.026180,2.2000,0.477000,0.430000,-0.110700,-0.082720,-11.120000,-0.173500,-4.573349,18.546644
0.026180,2.6000,0.420000,0.389000,-0.083400,-0.070060,-11.120000,-0.173500,-3.523117,16.403782
0.026180,3.0000,0.376000,0.358000,-0.066000,-0.060210,-11.120000,-0.173500,-2.809785,14.759393
0.026180,3.5000,0.338000,0.347000,-0.052200,-0.051540,-11.120000,-0.173500,-2.221357,13.321269
0.026180,4.0000,0.308000,0.339000,-0.042400,-0.044880,-11.120000,-0.173500,-1.801952,12.163894
0.026180,4.5000,0.283000,0.332000,-0.035400,-0.039760,-11.120000,-0.173500,-1.501722,11.229973
0.026180,5.0000,0.263000,0.325000,-0.030400,-0.035760,-11.120000,-0.173500,-1.285717,10.473668
0.034907,0.0000,0.777000,0.536000,-0.211500,-0.072240,-11.620000,-0.183300,-6.468694,23.582943
0.034907,0.2000,0.774000,0.295000,-0.212000,-0.072240,-11.640000,-0.182800,-6.480153,23.749101
0.034907,0.4000,0.781000,0.261000,-0.214400,-0.076480,-11.790000,-0.183400,-6.537448,23.955365
0.034907,0.6000,0.795000,0.254000,-0.218800,-0.083130,-12.070000,-0.187000,-6.657770,24.322058
0.034907,0.8000,0.791000,0.257000,-0.216500,-0.096640,-11.960000,-0.185800,-6.611933,24.247574
0.034907,0.9500,0.759000,0.260000,-0.204100,-0.119000,-11.130000,-0.176500,-6.382750,23.691805
0.034907,1.0500,0.930000,0.661000,-0.278000,-0.193200,-11.130000,-0.176500,-8.090164,27.771264
0.034907,1.2000,0.856000,0.618000,-0.251500,-0.147900,-11.130000,-0.176500,-7.414074,25.467974
0.034907,1.4000,0.844000,0.565000,-0.243300,-0.112300,-11.130000,-0.176500,-7.196350,25.043985
0.034907,1.8000,0.739000,0.484000,-0.192400,-0.095600,-11.130000,-0.176500,-5.713535,22.076064
0.034907,2.2000,0.645000,0.428000,-0.147500,-0.082720,-11.130000,-0.176500,-4.573349,19.050847
0.034907,2.6000,0.569000,0.387000,-0.111100,-0.070060,-11.130000,-0.176500,-3.523117,16.902255
0.034907,3.0000,0.511000,0.356000,-0.088000,-0.060210,-11.130000,-0.176500,-2.809785,15.263596
0.034907,3.5000,0.460000,0.346000,-0.069500,-0.051540,-11.130000,-0.176500,-2.221357,13.825472
0.034907,4.0000,0.419000,0.338000,-0.056500,-0.044880,-11.130000,-0.176500,-1.801952,12.673826
0.034907,4.5000,0.386000,0.331000,-0.047100,-0.039760,-11.130000,-0.176500,-1.501722,11.745635
0.034907,5.0000,0.359000,0.324000,-0.040500,-0.035760,-11.130000,-0.176500,-1.285717,10.995060
0.043633,0.0000,0.991000,0.532000,-0.268800,-0.072240,-11.630000,-0.186300,-6.669229,24.499675
0.043633,0.2000,0.988000,0.290000,-0.269400,-0.072240,-11.660000,-0.185800,-6.680688,24.665833
0.043633,0.4000,0.997000,0.257000,-0.272300,-0.076480,-11.810000,-0.186200,-6.737984,24.860639
0.043633,0.6000,1.013000,0.250000,-0.277800,-0.083130,-12.080000,-0.189600,-6.852575,25.210143
0.043633,0.8000,1.009000,0.253000,-0.275100,-0.096640,-11.980000,-0.188600,-6.812468,25.158577
0.043633,0.9500,0.973000,0.256000,-0.260900,-0.119000,-11.150000,-0.181100,-6.646310,24.774695
0.043633,1.0500,1.182000,0.651000,-0.350500,-0.193200,-11.150000,-0.181100,-8.090164,28.636431
0.043633,1.2000,1.087000,0.608000,-0.316600,-0.147900,-11.150000,-0.181100,-7.414074,26.218549
0.043633,1.4000,1.070000,0.556000,-0.305900,-0.112300,-11.150000,-0.181100,-7.196350,25.737264
0.043633,1.8000,0.939000,0.479000,-0.242100,-0.095600,-11.150000,-0.181100,-5.713535,22.734965
0.043633,2.2000,0.818000,0.425000,-0.184400,-0.082720,-11.150000,-0.181100,-4.573349,19.555050
0.043633,2.6000,0.722000,0.385000,-0.138900,-0.070060,-11.150000,-0.181100,-3.523117,17.406458
0.043633,3.0000,0.649000,0.355000,-0.110000,-0.060210,-11.150000,-0.181100,-2.809785,15.767799
0.043633,3.5000,0.586000,0.345000,-0.086900,-0.051540,-11.150000,-0.181100,-2.221357,14.335404
0.043633,4.0000,0.535000,0.337000,-0.070600,-0.044880,-11.150000,-0.181100,-1.801952,13.189488
0.043633,4.5000,0.494000,0.330000,-0.059000,-0.039760,-11.150000,-0.181100,-1.501722,12.267026
0.043633,5.0000,0.460000,0.324000,-0.050700,-0.035760,-11.150000,-0.181100,-1.285717,11.533640
0.052360,0.0000,1.214000,0.526000,-0.327900,-0.072240,-11.650000,-0.191000,-6.875494,25.399219
0.052360,0.2000,1.211000,0.285000,-0.328600,-0.072240,-11.680000,-0.190400,-6.881223,25.565377
0.052360,0.4000,1.220000,0.252000,-0.332000,-0.076480,-11.830000,-0.190700,-6.938519,25.748723
0.052360,0.6000,1.240000,0.244000,-0.338400,-0.083130,-12.100000,-0.193900,-7.041651,26.081039
0.052360,0.8000,1.235000,0.248000,-0.335500,-0.096640,-11.990000,-0.193200,-7.018733,26.052391
0.052360,0.9500,1.197000,0.252000,-0.320100,-0.119000,-11.170000,-0.187300,-6.915601,25.846126
0.052360,1.0500,1.442000,0.639000,-0.424300,-0.193200,-11.170000,-0.187300,-8.090164,29.484408
0.052360,1.2000,1.325000,0.596000,-0.382500,-0.147900,-11.170000,-0.187300,-7.414074,26.957664
0.052360,1.4000,1.303000,0.545000,-0.369100,-0.112300,-11.170000,-0.187300,-7.196350,26.407625
0.052360,1.8000,1.145000,0.473000,-0.292300,-0.095600,-11.170000,-0.187300,-5.713535,23.376678
0.052360,2.2000,0.995000,0.421000,-0.221300,-0.082720,-11.170000,-0.187300,-4.573349,20.059252
0.052360,2.6000,0.880000,0.383000,-0.166800,-0.070060,-11.170000,-0.187300,-3.523117,17.910661
0.052360,3.0000,0.793000,0.353000,-0.132000,-0.060210,-11.170000,-0.187300,-2.809785,16.277731
0.052360,3.5000,0.717000,0.343000,-0.104400,-0.051540,-11.170000,-0.187300,-2.221357,14.845336
0.052360,4.0000,0.656000,0.336000,-0.084800,-0.044880,-11.170000,-0.187300,-1.801952,13.705150
0.052360,4.5000,0.607000,0.329000,-0.070900,-0.039760,-11.170000,-0.187300,-1.501722,12.834255
0.052360,5.0000,0.567000,0.323000,-0.061000,-0.035760,-11.170000,-0.187300,-1.285717,12.140976
0.061087,0.0000,1.445000,0.520000,-0.388800,-0.072240,-11.660000,-0.197400,-7.076029,26.293033
0.061087,0.2000,1.441000,0.279000,-0.389500,-0.072240,-11.690000,-0.196700,-7.087488,26.453461
0.061087,0.4000,1.452000,0.246000,-0.393400,-0.076480,-11.840000,-0.196900,-7.133325,26.619619
0.061087,0.6000,1.474000,0.238000,-0.400700,-0.083130,-12.120000,-0.200000,-7.236457,26.940476
0.061087,0.8000,1.469000,0.241000,-0.397600,-0.096640,-12.010000,-0.199500,-7.219268,26.934746
0.061087,0.9500,1.430000,0.246000,-0.381700,-0.119000,-11.180000,-0.195100,-7.184891,26.900368
0.061087,1.0500,1.709000,0.624000,-0.499200,-0.193200,-11.180000,-0.195100,-8.090164,30.315197
0.061087,1.2000,1.569000,0.583000,-0.449200,-0.147900,-11.180000,-0.195100,-7.414074,27.673862
0.061087,1.4000,1.541000,0.532000,-0.432900,-0.112300,-11.180000,-0.195100,-7.196350,27.055067
0.061087,1.8000,1.356000,0.466000,-0.343100,-0.095600,-11.180000,-0.195100,-5.713535,23.995472
0.061087,2.2000,1.176000,0.417000,-0.258300,-0.082720,-11.180000,-0.195100,-4.573349,20.563455
0.061087,2.6000,1.043000,0.379000,-0.194700,-0.070060,-11.180000,-0.195100,-3.523117,18.414864
0.061087,3.0000,0.940000,0.350000,-0.154100,-0.060210,-11.180000,-0.195100,-2.809785,16.781934
0.061087,3.5000,0.852000,0.341000,-0.121900,-0.051540,-11.180000,-0.195100,-2.221357,15.360998
0.061087,4.0000,0.781000,0.334000,-0.099100,-0.044880,-11.180000,-0.195100,-1.801952,14.283838
0.061087,4.5000,0.724000,0.328000,-0.083000,-0.039760,-11.180000,-0.195100,-1.501722,13.453049
0.061087,5.0000,0.679000,0.321000,-0.071500,-0.035760,-11.180000,-0.195100,-1.285717,12.799877
0.069813,0.0000,1.684000,0.513000,-0.451400,-0.072240,-11.680000,-0.205400,-7.276564,27.163929
0.069813,0.2000,1.679000,0.272000,-0.452200,-0.072240,-11.700000,-0.204700,-7.288023,27.318628
0.069813,0.4000,1.691000,0.238000,-0.456500,-0.076480,-11.860000,-0.204800,-7.333860,27.479056
0.069813,0.6000,1.716000,0.230000,-0.464700,-0.083130,-12.130000,-0.207800,-7.431263,27.782723
0.069813,0.8000,1.711000,0.234000,-0.461500,-0.096640,-12.020000,-0.207500,-7.425533,27.799912
0.069813,0.9500,1.672000,0.240000,-0.445600,-0.119000,-11.190000,-0.204500,-7.454181,27.943152
0.069813,1.0500,1.983000,0.607000,-0.575200,-0.193200,-11.190000,-0.204500,-8.090164,31.123067
0.069813,1.2000,1.819000,0.566000,-0.516600,-0.147900,-11.190000,-0.204500,-7.414074,28.378600
0.069813,1.4000,1.785000,0.517000,-0.497300,-0.112300,-11.190000,-0.204500,-7.196350,27.685321
0.069813,1.8000,1.573000,0.458000,-0.394400,-0.095600,-11.190000,-0.204500,-5.713535,24.591349
0.069813,2.2000,1.362000,0.411000,-0.295500,-0.082720,-11.190000,-0.204500,-4.573349,21.067658
0.069813,2.6000,1.210000,0.376000,-0.222700,-0.070060,-11.190000,-0.204500,-3.523117,18.924796
0.069813,3.0000,1.093000,0.347000,-0.176400,-0.060210,-11.190000,-0.204500,-2.809785,17.291866
0.069813,3.5000,0.992000,0.339000,-0.139600,-0.051540,-11.190000,-0.204500,-2.221357,15.933956
0.069813,4.0000,0.912000,0.332000,-0.113600,-0.044880,-11.190000,-0.204500,-1.801952,14.908362
0.069813,4.5000,0.848000,0.326000,-0.095200,-0.039760,-11.190000,-0.204500,-1.501722,14.111950
0.069813,5.0000,0.797000,0.320000,-0.082100,-0.035760,-11.190000,-0.204500,-1.285717,13.538993
0.078540,0.0000,1.930000,0.505000,-0.515800,-0.072240,-11.690000,-0.215000,-7.482829,28.023366
0.078540,0.2000,1.924000,0.264000,-0.516700,-0.072240,-11.720000,-0.214400,-7.488558,28.172335
0.078540,0.4000,1.937000,0.230000,-0.521400,-0.076480,-11.870000,-0.214300,-7.528665,28.321304
0.078540,0.6000,1.965000,0.222000,-0.530400,-0.083130,-12.140000,-0.217300,-7.620339,28.607783
0.078540,0.8000,1.961000,0.225000,-0.527100,-0.096640,-12.030000,-0.217200,-7.626068,28.647890
0.078540,0.9500,1.924000,0.233000,-0.511800,-0.119000,-11.210000,-0.215500,-7.723471,28.963017
0.078540,1.0500,2.264000,0.588000,-0.652200,-0.193200,-11.210000,-0.215500,-8.090164,31.913749
0.078540,1.2000,2.075000,0.548000,-0.584700,-0.147900,-11.210000,-0.215500,-7.414074,29.060419
0.078540,1.4000,2.035000,0.500000,-0.562100,-0.112300,-11.210000,-0.215500,-7.196350,28.286926
0.078540,1.8000,1.795000,0.450000,-0.446100,-0.095600,-11.210000,-0.215500,-5.713535,25.164306
0.078540,2.2000,1.553000,0.406000,-0.332800,-0.082720,-11.210000,-0.215500,-4.573349,21.571861
0.078540,2.6000,1.381000,0.372000,-0.250900,-0.070060,-11.210000,-0.215500,-3.523117,19.434728
0.078540,3.0000,1.250000,0.344000,-0.198800,-0.060210,-11.210000,-0.215500,-2.809785,17.836176
0.078540,3.5000,1.137000,0.336000,-0.157400,-0.051540,-11.210000,-0.215500,-2.221357,16.558480
0.078540,4.0000,1.048000,0.330000,-0.128200,-0.044880,-11.210000,-0.215500,-1.801952,15.550075
0.078540,4.5000,0.978000,0.324000,-0.107500,-0.039760,-11.210000,-0.215500,-1.501722,14.856796
0.078540,5.0000,0.922000,0.319000,-0.092900,-0.035760,-11.210000,-0.215500,-1.285717,14.455725
0.087266,0.0000,2.184000,0.496000,-0.582000,-0.072240,-11.700000,-0.226400,-7.683364,28.859884
0.087266,0.2000,2.178000,0.254000,-0.582900,-0.072240,-11.730000,-0.225700,-7.689094,29.008853
0.087266,0.4000,2.192000,0.220000,-0.587900,-0.076480,-11.880000,-0.225600,-7.729201,29.140633
0.087266,0.6000,2.222000,0.212000,-0.597700,-0.083130,-12.160000,-0.228600,-7.815144,29.415653
0.087266,0.8000,2.218000,0.216000,-0.594600,-0.096640,-12.050000,-0.228600,-7.826603,29.478679
0.087266,0.9500,2.185000,0.225000,-0.580400,-0.119000,-11.220000,-0.228100,-7.992761,29.965693
0.087266,1.0500,2.552000,0.567000,-0.730200,-0.193200,-11.220000,-0.228100,-8.090164,32.681513
0.087266,1.2000,2.337000,0.528000,-0.653500,-0.147900,-11.220000,-0.228100,-7.414074,29.719321
0.087266,1.4000,2.289000,0.482000,-0.627300,-0.112300,-11.220000,-0.228100,-7.196350,28.865614
0.087266,1.8000,2.023000,0.440000,-0.498100,-0.095600,-11.220000,-0.228100,-5.713535,25.714346
0.087266,2.2000,1.748000,0.399000,-0.370300,-0.082720,-11.220000,-0.228100,-4.573349,22.076064
0.087266,2.6000,1.558000,0.367000,-0.279400,-0.070060,-11.220000,-0.228100,-3.523117,19.944661
0.087266,3.0000,1.412000,0.340000,-0.221400,-0.060210,-11.220000,-0.228100,-2.809785,18.449241
0.087266,3.5000,1.289000,0.334000,-0.175400,-0.051540,-11.220000,-0.228100,-2.221357,17.200193
0.087266,4.0000,1.191000,0.328000,-0.142900,-0.044880,-11.220000,-0.228100,-1.801952,16.283461
0.087266,4.5000,1.115000,0.323000,-0.120000,-0.039760,-11.220000,-0.228100,-1.501722,15.767799
0.087266,5.0000,1.056000,0.317000,-0.103900,-0.035760,-11.220000,-0.228100,-1.285717,15.446942
0.095993,0.0000,2.446000,0.486000,-0.649900,-0.072240,-11.710000,-0.239400,-6.720795,26.476380
0.095993,0.2000,2.439000,0.244000,-0.650900,-0.072240,-11.740000,-0.238700,-6.720795,26.613890
0.095993,0.4000,2.454000,0.210000,-0.656200,-0.076480,-11.890000,-0.238500,-6.737984,26.688374
0.095993,0.6000,2.486000,0.201000,-0.666800,-0.083130,-12.170000,-0.241500,-6.801009,26.871721
0.095993,0.8000,2.482000,0.205000,-0.663800,-0.096640,-12.060000,-0.241700,-6.835386,26.986312
0.095993,0.9500,2.455000,0.217000,-0.651300,-0.119000,-11.230000,-0.242200,-7.150513,27.874397
0.095993,1.0500,2.846000,0.543000,-0.809200,-0.193200,-11.230000,-0.242200,-8.090164,29.278143
0.095993,1.2000,2.605000,0.505000,-0.722900,-0.147900,-11.230000,-0.242200,-7.414074,26.579512
0.095993,1.4000,2.549000,0.461000,-0.692800,-0.112300,-11.230000,-0.242200,-7.196350,25.731535
0.095993,1.8000,2.255000,0.429000,-0.550600,-0.095600,-11.230000,-0.242200,-5.713535,22.775072
0.095993,2.2000,1.948000,0.392000,-0.408000,-0.082720,-11.230000,-0.242200,-4.573349,19.486295
0.095993,2.6000,1.739000,0.362000,-0.308000,-0.070060,-11.230000,-0.242200,-3.523117,17.887742
0.095993,3.0000,1.581000,0.336000,-0.244200,-0.060210,-11.230000,-0.242200,-2.809785,16.776204
0.095993,3.5000,1.446000,0.330000,-0.193600,-0.051540,-11.230000,-0.242200,-2.221357,15.888120
0.095993,4.0000,1.341000,0.326000,-0.157800,-0.044880,-11.230000,-0.242200,-1.801952,15.389646
0.095993,4.5000,1.261000,0.321000,-0.132700,-0.039760,-11.230000,-0.242200,-1.501722,15.194841
0.095993,5.0000,1.200000,0.315000,-0.115100,-0.035760,-11.230000,-0.242200,-1.285717,15.154734
0.104720,0.0000,2.660000,0.480000,-0.699300,-0.072240,-11.730000,-0.254000,-6.726525,26.734211
0.104720,0.2000,2.651000,0.239000,-0.700200,-0.072240,-11.750000,-0.253300,-6.720795,26.865991
0.104720,0.4000,2.666000,0.204000,-0.705600,-0.076480,-11.900000,-0.253200,-6.737984,26.923287
0.104720,0.6000,2.699000,0.195000,-0.716400,-0.083130,-12.180000,-0.256200,-6.783820,27.077985
0.104720,0.8000,2.697000,0.200000,-0.713900,-0.096640,-12.070000,-0.256500,-6.829657,27.221225
0.104720,0.9500,2.681000,0.214000,-0.705100,-0.119000,-11.250000,-0.258000,-7.230727,28.315574
0.104720,1.0500,3.075000,0.525000,-0.888700,-0.193200,-11.250000,-0.258000,-8.090164,29.301062
0.104720,1.2000,2.812000,0.487000,-0.792400,-0.147900,-11.250000,-0.258000,-7.414074,26.556594
0.104720,1.4000,2.749000,0.444000,-0.758300,-0.112300,-11.250000,-0.258000,-7.196350,25.639861
0.104720,1.8000,2.432000,0.423000,-0.602900,-0.095600,-11.250000,-0.258000,-5.713535,22.689129
0.104720,2.2000,2.099000,0.390000,-0.445600,-0.082720,-11.250000,-0.258000,-4.573349,19.463376
0.104720,2.6000,1.880000,0.361000,-0.336600,-0.070060,-11.250000,-0.258000,-3.523117,18.076818
0.104720,3.0000,1.715000,0.336000,-0.266900,-0.060210,-11.250000,-0.258000,-2.809785,17.016847
0.104720,3.5000,1.575000,0.331000,-0.211800,-0.051540,-11.250000,-0.258000,-2.221357,16.300649
0.104720,4.0000,1.469000,0.326000,-0.172800,-0.044880,-11.250000,-0.258000,-1.801952,16.054277
0.104720,4.5000,1.389000,0.321000,-0.145500,-0.039760,-11.250000,-0.258000,-1.501722,15.951145
0.104720,5.0000,1.330000,0.316000,-0.126300,-0.035760,-11.250000,-0.258000,-1.285717,16.277731
0.113446,0.0000,2.927000,0.470000,-0.767300,-0.072240,-11.740000,-0.270300,-7.849522,30.063096
0.113446,0.2000,2.918000,0.228000,-0.768200,-0.072240,-11.760000,-0.269600,-7.849522,30.194876
0.113446,0.4000,2.933000,0.193000,-0.773800,-0.076480,-11.920000,-0.269500,-7.866711,30.275090
0.113446,0.6000,2.967000,0.184000,-0.785200,-0.083130,-12.190000,-0.272700,-7.929736,30.469896
0.113446,0.8000,2.967000,0.189000,-0.783000,-0.096640,-12.080000,-0.273000,-7.975573,30.613135
0.113446,0.9500,2.959000,0.206000,-0.777500,-0.119000,-11.260000,-0.275300,-8.382373,31.707484
0.113446,1.0500,3.370000,0.498000,-0.969500,-0.193200,-11.260000,-0.275300,-8.090164,33.283118
0.113446,1.2000,3.080000,0.461000,-0.862800,-0.147900,-11.260000,-0.275300,-7.414074,30.154769
0.113446,1.4000,3.007000,0.421000,-0.824400,-0.112300,-11.260000,-0.275300,-7.196350,29.071879
0.113446,1.8000,2.663000,0.412000,-0.655800,-0.095600,-11.260000,-0.275300,-5.713535,25.914881
0.113446,2.2000,2.299000,0.383000,-0.483800,-0.082720,-11.260000,-0.275300,-4.573349,22.522971
0.113446,2.6000,2.065000,0.356000,-0.365700,-0.070060,-11.260000,-0.275300,-3.523117,20.798368
0.113446,3.0000,1.888000,0.333000,-0.290200,-0.060210,-11.260000,-0.275300,-2.809785,19.549320
0.113446,3.5000,1.741000,0.328000,-0.230400,-0.051540,-11.260000,-0.275300,-2.221357,18.821664
0.113446,4.0000,1.631000,0.324000,-0.188000,-0.044880,-11.260000,-0.275300,-1.801952,18.409134
0.113446,4.5000,1.549000,0.320000,-0.158600,-0.039760,-11.260000,-0.275300,-1.501722,18.517996
0.113446,5.0000,1.493000,0.315000,-0.137900,-0.035760,-11.260000,-0.275300,-1.285717,18.815934
0.122173,0.0000,3.199000,0.458000,-0.836300,-0.072240,-11.750000,-0.288200,-7.906818,30.441248
0.122173,0.2000,3.189000,0.217000,-0.837200,-0.072240,-11.770000,-0.287500,-7.906818,30.573028
0.122173,0.4000,3.205000,0.182000,-0.842900,-0.076480,-11.930000,-0.287400,-7.918277,30.636053
0.122173,0.6000,3.241000,0.172000,-0.854800,-0.083130,-12.200000,-0.290800,-7.969843,30.802211
0.122173,0.8000,3.241000,0.177000,-0.853100,-0.096640,-12.090000,-0.291300,-8.032868,30.968369
0.122173,0.9500,3.245000,0.197000,-0.851400,-0.119000,-11.270000,-0.294100,-8.508423,32.257524
0.122173,1.0500,3.669000,0.470000,-1.051100,-0.193200,-11.270000,-0.294100,-8.090164,33.460735
0.122173,1.2000,3.350000,0.434000,-0.933700,-0.147900,-11.270000,-0.294100,-7.414074,30.275090
0.122173,1.4000,3.268000,0.397000,-0.890600,-0.112300,-11.270000,-0.294100,-7.196350,29.106256
0.122173,1.8000,2.897000,0.400000,-0.708900,-0.095600,-11.270000,-0.294100,-5.713535,25.954988
0.122173,2.2000,2.504000,0.376000,-0.522200,-0.082720,-11.270000,-0.294100,-4.573349,22.792261
0.122173,2.6000,2.255000,0.351000,-0.395100,-0.070060,-11.270000,-0.294100,-3.523117,21.119224
0.122173,3.0000,2.067000,0.329000,-0.313700,-0.060210,-11.270000,-0.294100,-2.809785,20.030605
0.122173,3.5000,1.915000,0.326000,-0.249200,-0.051540,-11.270000,-0.294100,-2.221357,19.583697
0.122173,4.0000,1.800000,0.322000,-0.203600,-0.044880,-11.270000,-0.294100,-1.801952,19.348785
0.122173,4.5000,1.723000,0.318000,-0.171900,-0.039760,-11.270000,-0.294100,-1.501722,19.732666
0.122173,5.0000,1.668000,0.314000,-0.149800,-0.035760,-11.270000,-0.294100,-1.285717,20.271247
0.130900,0.0000,3.474000,0.447000,-0.905300,-0.072240,-11.760000,-0.307800,-8.021409,30.962639
0.130900,0.2000,3.463000,0.205000,-0.906200,-0.072240,-11.780000,-0.307100,-8.015680,31.088690
0.130900,0.4000,3.479000,0.170000,-0.911900,-0.076480,-11.930000,-0.307100,-8.021409,31.134527
0.130900,0.6000,3.516000,0.159000,-0.924200,-0.083130,-12.210000,-0.310600,-8.072975,31.283496
0.130900,0.8000,3.519000,0.165000,-0.923200,-0.096640,-12.100000,-0.311200,-8.147460,31.472572
0.130900,0.9500,3.535000,0.190000,-0.926000,-0.119000,-11.280000,-0.314600,-8.691770,32.950803
0.130900,1.0500,3.968000,0.441000,-1.133500,-0.193200,-11.280000,-0.314600,-8.090164,33.821699
0.130900,1.2000,3.620000,0.406000,-1.005000,-0.147900,-11.280000,-0.314600,-7.414074,30.567298
0.130900,1.4000,3.527000,0.371000,-0.957000,-0.112300,-11.280000,-0.314600,-7.196350,29.306791
0.130900,1.8000,3.130000,0.388000,-0.762100,-0.095600,-11.280000,-0.314600,-5.713535,26.161253
0.130900,2.2000,2.710000,0.369000,-0.561000,-0.082720,-11.280000,-0.314600,-4.573349,23.170413
0.130900,2.6000,2.446000,0.347000,-0.424900,-0.070060,-11.280000,-0.314600,-3.523117,21.623427
0.130900,3.0000,2.249000,0.326000,-0.337500,-0.060210,-11.280000,-0.314600,-2.809785,20.763990
0.130900,3.5000,2.094000,0.323000,-0.268300,-0.051540,-11.280000,-0.314600,-2.221357,20.351461
0.130900,4.0000,1.980000,0.321000,-0.219300,-0.044880,-11.280000,-0.314600,-1.801952,20.620751
0.130900,4.5000,1.905000,0.317000,-0.185500,-0.039760,-11.280000,-0.314600,-1.501722,21.102036
0.130900,5.0000,1.858000,0.314000,-0.161900,-0.035760,-11.280000,-0.314600,-1.285717,21.886988
0.139626,0.0000,3.757000,0.434000,-0.976300,-0.072240,-11.770000,-0.329100,-8.239133,31.781969
0.139626,0.2000,3.745000,0.193000,-0.977100,-0.072240,-11.790000,-0.328400,-8.239133,31.908020
0.139626,0.4000,3.760000,0.157000,-0.982900,-0.076480,-11.940000,-0.328500,-8.244863,31.942397
0.139626,0.6000,3.799000,0.146000,-0.995700,-0.083130,-12.220000,-0.332300,-8.290699,32.074177
0.139626,0.8000,3.803000,0.152000,-0.995300,-0.096640,-12.110000,-0.332900,-8.382373,32.286172
0.139626,0.9500,3.835000,0.182000,-1.003100,-0.119000,-11.290000,-0.336600,-8.972519,33.924831
0.139626,1.0500,4.273000,0.409000,-1.216600,-0.193200,-11.290000,-0.336600,-8.090164,34.572273
0.139626,1.2000,3.896000,0.376000,-1.076700,-0.147900,-11.290000,-0.336600,-7.414074,31.209011
0.139626,1.4000,3.791000,0.343000,-1.023500,-0.112300,-11.290000,-0.336600,-7.196350,29.851101
0.139626,1.8000,3.368000,0.375000,-0.815600,-0.095600,-11.290000,-0.336600,-5.713535,26.694104
0.139626,2.2000,2.923000,0.361000,-0.600200,-0.082720,-11.290000,-0.336600,-4.573349,23.880881
0.139626,2.6000,2.646000,0.342000,-0.455000,-0.070060,-11.290000,-0.336600,-3.523117,22.437027
0.139626,3.0000,2.442000,0.322000,-0.361600,-0.060210,-11.290000,-0.336600,-2.809785,21.858340
0.139626,3.5000,2.283000,0.321000,-0.287700,-0.051540,-11.290000,-0.336600,-2.221357,21.302571
0.139626,4.0000,2.173000,0.319000,-0.235200,-0.044880,-11.290000,-0.336600,-1.801952,22.058875
0.139626,4.5000,2.104000,0.316000,-0.199400,-0.039760,-11.290000,-0.336600,-1.501722,22.878205
0.139626,5.0000,2.063000,0.313000,-0.174300,-0.035760,-11.290000,-0.336600,-1.285717,23.508458
0.157080,0.0000,4.338000,0.408000,-1.121200,-0.072240,-11.780000,-0.286900,-8.439668,32.641406
0.157080,0.2000,4.323000,0.166000,-1.122000,-0.072240,-11.810000,-0.287000,-8.433939,32.755997
0.157080,0.4000,4.338000,0.129000,-1.127800,-0.076480,-11.960000,-0.289800,-8.433939,32.755997
0.157080,0.6000,4.378000,0.117000,-1.141200,-0.083130,-12.230000,-0.296900,-8.479775,32.841941
0.157080,0.8000,4.387000,0.124000,-1.142400,-0.096640,-12.130000,-0.293800,-8.542801,33.105501
0.157080,0.9500,4.453000,0.166000,-1.162100,-0.119000,-11.320000,-0.269600,-9.322023,35.110854
0.157080,1.0500,4.894000,0.342000,-1.385100,-0.193200,-11.320000,-0.269600,-8.090164,24.574160
0.157080,1.2000,4.455000,0.310000,-1.221200,-0.147900,-11.320000,-0.269600,-7.414074,22.689129
0.157080,1.4000,4.324000,0.284000,-1.156500,-0.112300,-11.320000,-0.269600,-7.196350,22.448486
0.157080,1.8000,3.855000,0.347000,-0.922600,-0.095600,-11.320000,-0.269600,-5.713535,19.572238
0.157080,2.2000,3.362000,0.346000,-0.679900,-0.082720,-11.320000,-0.269600,-4.573349,17.366351
0.157080,2.6000,3.062000,0.332000,-0.516200,-0.070060,-11.320000,-0.269600,-3.523117,15.200570
0.157080,3.0000,2.851000,0.315000,-0.411000,-0.060210,-11.320000,-0.269600,-2.809785,13.538993
0.157080,3.5000,2.696000,0.317000,-0.327600,-0.051540,-11.320000,-0.269600,-2.221357,12.089409
0.157080,4.0000,2.596000,0.316000,-0.268300,-0.044880,-11.320000,-0.269600,-1.801952,10.926305
0.157080,4.5000,2.543000,0.315000,-0.228200,-0.039760,-11.320000,-0.269600,-1.501722,9.980925
0.157080,5.0000,2.487000,0.313000,-0.200900,-0.035760,-11.320000,-0.269600,-1.285717,9.207432
0.174533,0.0000,4.941000,0.380000,-1.271500,-0.072240,-11.800000,-0.338200,-8.783443,33.741485
0.174533,0.2000,4.924000,0.137000,-1.272200,-0.072240,-11.830000,-0.338400,-8.777713,33.844617
0.174533,0.4000,4.938000,0.100000,-1.277800,-0.076480,-11.980000,-0.341700,-8.754795,33.821699
0.174533,0.6000,4.979000,0.085000,-1.291600,-0.083130,-12.250000,-0.349800,-8.754795,33.873265
0.174533,0.8000,4.993000,0.094000,-1.294300,-0.096640,-12.140000,-0.346400,-8.869387,34.176932
0.174533,0.9500,5.101000,0.151000,-1.328800,-0.119000,-11.340000,-0.320300,-9.786119,36.514600
0.174533,1.0500,5.530000,0.267000,-1.556100,-0.193200,-11.340000,-0.320300,-8.090164,35.901535
0.174533,1.2000,5.026000,0.238000,-1.366800,-0.147900,-11.340000,-0.320300,-7.414074,32.257524
0.174533,1.4000,4.867000,0.219000,-1.289300,-0.112300,-11.340000,-0.320300,-7.196350,30.624594
0.174533,1.8000,4.356000,0.318000,-1.029400,-0.095600,-11.340000,-0.320300,-5.713535,27.903045
0.174533,2.2000,3.825000,0.330000,-0.761500,-0.082720,-11.340000,-0.320300,-4.573349,26.207090
0.174533,2.6000,3.513000,0.322000,-0.578900,-0.070060,-11.340000,-0.320300,-3.523117,25.485163
0.174533,3.0000,3.297000,0.309000,-0.462000,-0.060210,-11.340000,-0.320300,-2.809785,25.783101
0.174533,3.5000,3.156000,0.313000,-0.369100,-0.051540,-11.340000,-0.320300,-2.221357,26.865991
0.174533,4.0000,3.078000,0.314000,-0.302900,-0.044880,-11.340000,-0.320300,-1.801952,27.221225
0.174533,4.5000,3.007000,0.314000,-0.259400,-0.039760,-11.340000,-0.320300,-1.501722,25.599754
0.174533,5.0000,2.919000,0.314000,-0.230500,-0.035760,-11.340000,-0.320300,-1.285717,23.789208
0.191986,0.0000,5.567000,0.349000,-1.427800,-0.072240,-11.820000,-0.396300,-9.047004,34.641028
0.191986,0.2000,5.547000,0.106000,-1.428400,-0.072240,-11.840000,-0.396700,-9.035544,34.738431
0.191986,0.4000,5.560000,0.067000,-1.433300,-0.076480,-11.990000,-0.400600,-9.001167,34.686865
0.191986,0.6000,5.601000,0.050000,-1.446900,-0.083130,-12.260000,-0.409800,-8.989708,34.692594
0.191986,0.8000,5.622000,0.061000,-1.452000,-0.096640,-12.160000,-0.406100,-9.132947,35.042099
0.191986,0.9500,5.779000,0.137000,-1.503700,-0.119000,-11.370000,-0.377600,-10.198649,37.717812
0.191986,1.0500,6.182000,0.186000,-1.729500,-0.193200,-11.370000,-0.377600,-8.090164,36.480223
0.191986,1.2000,5.611000,0.160000,-1.513100,-0.147900,-11.370000,-0.377600,-7.414074,32.704431
0.191986,1.4000,5.424000,0.148000,-1.421500,-0.112300,-11.370000,-0.377600,-7.196350,31.100149
0.191986,1.8000,4.872000,0.286000,-1.135800,-0.095600,-11.370000,-0.377600,-5.713535,28.498921
0.191986,2.2000,4.320000,0.313000,-0.845200,-0.082720,-11.370000,-0.377600,-4.573349,27.742616
0.191986,2.6000,3.995000,0.312000,-0.643600,-0.070060,-11.370000,-0.377600,-3.523117,27.484785
0.191986,3.0000,3.794000,0.302000,-0.514600,-0.060210,-11.370000,-0.377600,-2.809785,28.292656
0.191986,3.5000,3.678000,0.310000,-0.412300,-0.051540,-11.370000,-0.377600,-2.221357,29.530245
0.191986,4.0000,3.590000,0.313000,-0.339900,-0.044880,-11.370000,-0.377600,-1.801952,27.960340
0.191986,4.5000,3.480000,0.315000,-0.293700,-0.039760,-11.370000,-0.377600,-1.501722,25.674239
0.191986,5.0000,3.360000,0.317000,-0.264100,-0.035760,-11.370000,-0.377600,-1.285717,24.201737
0.209440,0.0000,6.210000,0.316000,-1.587400,-0.072240,-11.830000,-0.461100,-9.287646,35.414521
0.209440,0.2000,6.188000,0.073000,-1.587600,-0.072240,-11.860000,-0.461700,-9.270457,35.500465
0.209440,0.4000,6.198000,0.032000,-1.591900,-0.076480,-12.010000,-0.466200,-9.230350,35.420251
0.209440,0.6000,6.238000,0.013000,-1.605300,-0.083130,-12.270000,-0.476600,-9.218891,35.385873
0.209440,0.8000,6.267000,0.027000,-1.613000,-0.096640,-12.170000,-0.471400,-9.304835,35.603597
0.209440,0.9500,6.482000,0.125000,-1.684900,-0.119000,-11.400000,-0.441300,-10.611178,38.817891
0.209440,1.0500,6.843000,0.099000,-1.904700,-0.193200,-11.400000,-0.441300,-8.090164,36.909941
0.209440,1.2000,6.201000,0.076000,-1.659800,-0.147900,-11.400000,-0.441300,-7.414074,33.208634
0.209440,1.4000,5.986000,0.073000,-1.552400,-0.112300,-11.400000,-0.441300,-7.196350,31.409546
0.209440,1.8000,5.400000,0.252000,-1.241000,-0.095600,-11.400000,-0.441300,-5.713535,29.089067
0.209440,2.2000,4.846000,0.297000,-0.931600,-0.082720,-11.400000,-0.441300,-4.573349,29.226577
0.209440,2.6000,4.525000,0.303000,-0.710100,-0.070060,-11.400000,-0.441300,-3.523117,29.793805
0.209440,3.0000,4.338000,0.297000,-0.569300,-0.060210,-11.400000,-0.441300,-2.809785,31.002746
0.209440,3.5000,4.241000,0.309000,-0.457700,-0.051540,-11.400000,-0.441300,-2.221357,30.802211
0.209440,4.0000,4.108000,0.314000,-0.380200,-0.044880,-11.400000,-0.441300,-1.801952,27.862938
0.209440,4.5000,3.956000,0.319000,-0.332200,-0.039760,-11.400000,-0.441300,-1.501722,26.098228
0.209440,5.0000,3.815000,0.323000,-0.301900,-0.035760,-11.400000,-0.441300,-1.285717,24.304870
0.226893,0.0000,6.874000,0.282000,-1.752000,-0.072240,-11.850000,-0.532400,-9.579854,36.188014
0.226893,0.2000,6.849000,0.038000,-1.752000,-0.072240,-11.870000,-0.533200,-9.562666,36.268228
0.226893,0.4000,6.856000,-0.005000,-1.755600,-0.076480,-12.020000,-0.538400,-9.511099,36.159366
0.226893,0.6000,6.894000,-0.027000,-1.768600,-0.083130,-12.290000,-0.544600,-9.161595,35.299930
0.226893,0.8000,6.924000,-0.012000,-1.776700,-0.096640,-12.190000,-0.531100,-8.829280,34.423304
0.226893,0.9500,7.213000,0.115000,-1.874000,-0.119000,-11.430000,-0.511300,-11.058085,39.929429
0.226893,1.0500,7.516000,0.007000,-2.081400,-0.193200,-11.430000,-0.511300,-8.090164,37.414144
0.226893,1.2000,6.808000,-0.014000,-1.806400,-0.147900,-11.430000,-0.511300,-7.414074,33.804510
0.226893,1.4000,6.559000,-0.007000,-1.681700,-0.112300,-11.430000,-0.511300,-7.196350,31.759051
0.226893,1.8000,5.944000,0.216000,-1.344700,-0.095600,-11.430000,-0.511300,-5.713535,29.994341
0.226893,2.2000,5.403000,0.281000,-1.020900,-0.082720,-11.430000,-0.511300,-4.573349,31.266307
0.226893,2.6000,5.099000,0.295000,-0.779600,-0.070060,-11.430000,-0.511300,-3.523117,32.268983
0.226893,3.0000,4.941000,0.293000,-0.626000,-0.060210,-11.430000,-0.511300,-2.809785,33.455006
0.226893,3.5000,4.819000,0.309000,-0.506500,-0.051540,-11.430000,-0.511300,-2.221357,31.094420
0.226893,4.0000,4.627000,0.317000,-0.424500,-0.044880,-11.430000,-0.511300,-1.801952,28.143687
0.226893,4.5000,4.454000,0.324000,-0.374700,-0.039760,-11.430000,-0.511300,-1.501722,26.275844
0.226893,5.0000,4.270000,0.332000,-0.344600,-0.035760,-11.430000,-0.511300,-1.285717,23.663157
0.244346,0.0000,7.556000,0.244000,-1.921700,-0.072240,-11.860000,-0.607600,-9.688716,36.411468
0.244346,0.2000,7.527000,0.000000,-1.921300,-0.072240,-11.890000,-0.607100,-9.585584,36.273958
0.244346,0.4000,7.531000,-0.045000,-1.923900,-0.076480,-12.030000,-0.608800,-9.264728,35.511924
0.244346,0.6000,7.537000,-0.076000,-1.925100,-0.083130,-12.290000,-0.616800,-8.926682,34.692594
0.244346,0.8000,7.534000,-0.064000,-1.921300,-0.096640,-12.190000,-0.590500,-7.929736,32.102825
0.244346,0.9500,7.971000,0.107000,-2.070800,-0.119000,-11.470000,-0.558900,-9.556936,36.027586
0.244346,1.0500,8.200000,-0.092000,-2.259200,-0.193200,-11.470000,-0.558900,-8.090164,37.895429
0.244346,1.2000,7.424000,-0.109000,-1.952500,-0.147900,-11.470000,-0.558900,-7.414074,34.119637
0.244346,1.4000,7.139000,-0.092000,-1.808700,-0.112300,-11.470000,-0.558900,-7.196350,31.999693
0.244346,1.8000,6.513000,0.178000,-1.446200,-0.095600,-11.470000,-0.558900,-5.713535,30.870966
0.244346,2.2000,6.012000,0.265000,-1.112900,-0.082720,-11.470000,-0.558900,-4.573349,33.540949
0.244346,2.6000,5.729000,0.287000,-0.851700,-0.070060,-11.470000,-0.558900,-3.523117,34.967614
0.244346,3.0000,5.585000,0.291000,-0.685600,-0.060210,-11.470000,-0.558900,-2.809785,34.514978
0.244346,3.5000,5.406000,0.311000,-0.559100,-0.051540,-11.470000,-0.558900,-2.221357,30.739186
0.244346,4.0000,5.166000,0.322000,-0.472800,-0.044880,-11.470000,-0.558900,-1.801952,28.481732
0.244346,4.5000,4.948000,0.333000,-0.422100,-0.039760,-11.470000,-0.558900,-1.501722,25.519540
0.244346,5.0000,4.713000,0.343000,-0.390400,-0.035760,-11.470000,-0.558900,-1.285717,23.474081
0.261799,0.0000,8.238000,0.202000,-2.090200,-0.072240,-11.880000,-0.680300,-9.247539,35.202527
0.261799,0.2000,8.199000,-0.044000,-2.086500,-0.072240,-11.900000,-0.679500,-9.115759,34.990533
0.261799,0.4000,8.175000,-0.097000,-2.079000,-0.076480,-12.040000,-0.681800,-8.771984,34.176932
0.261799,0.6000,8.179000,-0.131000,-2.080200,-0.083130,-12.300000,-0.692400,-8.474046,33.466465
0.261799,0.8000,8.113000,-0.130000,-2.053500,-0.096640,-12.190000,-0.663300,-7.351049,30.641783
0.261799,0.9500,8.566000,0.056000,-2.207600,-0.119000,-11.480000,-0.596200,-6.915601,29.289602
0.261799,1.0500,8.897000,-0.195000,-2.437500,-0.193200,-11.480000,-0.596200,-8.090164,38.199096
0.261799,1.2000,8.048000,-0.208000,-2.097600,-0.147900,-11.480000,-0.596200,-7.414074,34.325902
0.261799,1.4000,7.726000,-0.181000,-1.933000,-0.112300,-11.480000,-0.596200,-7.196350,32.188769
0.261799,1.8000,7.098000,0.139000,-1.546500,-0.095600,-11.480000,-0.596200,-5.713535,31.409546
0.261799,2.2000,6.664000,0.251000,-1.208600,-0.082720,-11.480000,-0.596200,-4.573349,35.534842
0.261799,2.6000,6.414000,0.281000,-0.926700,-0.070060,-11.480000,-0.596200,-3.523117,37.150583
0.261799,3.0000,6.241000,0.290000,-0.749100,-0.060210,-11.480000,-0.596200,-2.809785,34.509248
0.261799,3.5000,5.984000,0.315000,-0.616300,-0.051540,-11.480000,-0.596200,-2.221357,30.727727
0.261799,4.0000,5.711000,0.330000,-0.525800,-0.044880,-11.480000,-0.596200,-1.801952,28.126498
0.261799,4.5000,5.432000,0.344000,-0.473000,-0.039760,-11.480000,-0.596200,-1.501722,24.774695
0.261799,5.0000,5.174000,0.357000,-0.439400,-0.035760,-11.480000,-0.596200,-1.285717,24.253303
0.279253,0.0000,8.886000,0.147000,-2.244500,-0.072240,-11.880000,-0.758900,-8.777713,33.884724
0.279253,0.2000,8.840000,-0.100000,-2.239500,-0.072240,-11.910000,-0.759400,-8.697499,33.798780
0.279253,0.4000,8.810000,-0.156000,-2.230100,-0.076480,-12.040000,-0.765600,-8.514153,33.386251
0.279253,0.6000,8.785000,-0.200000,-2.221000,-0.083130,-12.290000,-0.772800,-7.924006,31.936668
0.279253,0.8000,8.674000,-0.207000,-2.177900,-0.096640,-12.180000,-0.744700,-6.869764,29.415653
0.279253,0.9500,9.076000,-0.023000,-2.312200,-0.119000,-11.470000,-0.657500,-5.412732,25.525270
0.279253,1.0500,9.601000,-0.303000,-2.616000,-0.193200,-11.470000,-0.657500,-8.090164,38.325147
0.279253,1.2000,8.678000,-0.312000,-2.241400,-0.147900,-11.470000,-0.657500,-7.414074,34.446223
0.279253,1.4000,8.320000,-0.272000,-2.053900,-0.112300,-11.470000,-0.657500,-7.196350,32.429411
0.279253,1.8000,7.698000,0.098000,-1.644600,-0.095600,-11.470000,-0.657500,-5.713535,32.486707
0.279253,2.2000,7.361000,0.238000,-1.308300,-0.082720,-11.470000,-0.657500,-4.573349,38.032938
0.279253,2.6000,7.139000,0.277000,-1.005000,-0.070060,-11.470000,-0.657500,-3.523117,38.233474
0.279253,3.0000,6.901000,0.291000,-0.816900,-0.060210,-11.470000,-0.657500,-2.809785,34.045152
0.279253,3.5000,6.586000,0.322000,-0.677400,-0.051540,-11.470000,-0.657500,-2.221357,30.991287
0.279253,4.0000,6.253000,0.340000,-0.582300,-0.044880,-11.470000,-0.657500,-1.801952,27.077985
0.279253,4.5000,5.912000,0.358000,-0.527200,-0.039760,-11.470000,-0.657500,-1.501722,25.147118
0.279253,5.0000,5.659000,0.375000,-0.493000,-0.035760,-11.470000,-0.657500,-1.285717,24.780425
0.296706,0.0000,9.529000,0.083000,-2.396700,-0.072240,-11.880000,-0.849600,-8.657392,33.369062
0.296706,0.2000,9.476000,-0.165000,-2.390200,-0.072240,-11.910000,-0.850200,-8.559989,33.248741
0.296706,0.4000,9.433000,-0.226000,-2.376200,-0.076480,-12.040000,-0.855600,-8.256322,32.555462
0.296706,0.6000,9.378000,-0.279000,-2.356700,-0.083130,-12.280000,-0.864200,-7.620339,31.019935
0.296706,0.8000,9.213000,-0.298000,-2.293200,-0.096640,-12.160000,-0.831700,-6.313995,28.023366
0.296706,0.9500,9.531000,-0.124000,-2.396500,-0.119000,-11.450000,-0.729200,-4.175716,22.482864
0.296706,1.0500,10.312000,-0.415000,-2.794300,-0.193200,-11.450000,-0.729200,-8.090164,38.497034
0.296706,1.2000,9.314000,-0.420000,-2.383400,-0.147900,-11.450000,-0.729200,-7.414074,34.749890
0.296706,1.4000,8.924000,-0.367000,-2.170800,-0.112300,-11.450000,-0.729200,-7.196350,32.910696
0.296706,1.8000,8.335000,0.055000,-1.739000,-0.095600,-11.450000,-0.729200,-5.713535,33.793051
0.296706,2.2000,8.121000,0.227000,-1.411700,-0.082720,-11.450000,-0.729200,-4.573349,40.851891
0.296706,2.6000,7.882000,0.275000,-1.087400,-0.070060,-11.450000,-0.729200,-3.523117,38.193367
0.296706,3.0000,7.558000,0.294000,-0.888400,-0.060210,-11.450000,-0.729200,-2.809785,33.632623
0.296706,3.5000,7.192000,0.331000,-0.741300,-0.051540,-11.450000,-0.729200,-2.221357,30.372493
0.296706,4.0000,6.776000,0.353000,-0.642300,-0.044880,-11.450000,-0.729200,-1.801952,26.201360
0.296706,4.5000,6.426000,0.375000,-0.585700,-0.039760,-11.450000,-0.729200,-1.501722,26.035202
0.296706,5.0000,6.156000,0.397000,-0.551900,-0.035760,-11.450000,-0.729200,-1.285717,24.906475
0.314159,0.0000,10.166000,0.010000,-2.546600,-0.072240,-11.880000,-0.945700,-8.468316,32.641406
0.314159,0.2000,10.106000,-0.240000,-2.538400,-0.072240,-11.900000,-0.946400,-8.353725,32.480977
0.314159,0.4000,10.045000,-0.307000,-2.518400,-0.076480,-12.030000,-0.952100,-7.987032,31.644459
0.314159,0.6000,9.956000,-0.370000,-2.487000,-0.083130,-12.270000,-0.961500,-7.259375,29.925586
0.314159,0.8000,9.725000,-0.403000,-2.398200,-0.096640,-12.130000,-0.923900,-5.660823,26.373247
0.314159,0.9500,9.924000,-0.251000,-2.458000,-0.119000,-11.410000,-0.804800,-2.746760,19.153979
0.314159,1.0500,11.032000,-0.532000,-2.971700,-0.193200,-11.410000,-0.804800,-8.090164,38.514223
0.314159,1.2000,9.965000,-0.532000,-2.523000,-0.147900,-11.410000,-0.804800,-7.414074,34.961885
0.314159,1.4000,9.545000,-0.465000,-2.283000,-0.112300,-11.410000,-0.804800,-7.196350,33.185715
0.314159,1.8000,8.996000,0.011000,-1.829600,-0.095600,-11.410000,-0.804800,-5.713535,34.514978
0.314159,2.2000,8.941000,0.218000,-1.523000,-0.082720,-11.410000,-0.804800,-4.573349,43.046319
0.314159,2.6000,8.627000,0.275000,-1.174900,-0.070060,-11.410000,-0.804800,-3.523117,37.832403
0.314159,3.0000,8.223000,0.300000,-0.964800,-0.060210,-11.410000,-0.804800,-2.809785,33.919101
0.314159,3.5000,7.790000,0.342000,-0.810400,-0.051540,-11.410000,-0.804800,-2.221357,29.530245
0.314159,4.0000,7.303000,0.369000,-0.707300,-0.044880,-11.410000,-0.804800,-1.801952,26.665456
0.314159,4.5000,6.957000,0.396000,-0.649500,-0.039760,-11.410000,-0.804800,-1.501722,26.218549
0.314159,5.0000,6.663000,0.424000,-0.616600,-0.035760,-11.410000,-0.804800,-1.285717,24.923664
0.331613,0.0000,10.791000,-0.074000,-2.692200,-0.072240,-11.880000,-1.047000,-8.193296,31.655918
0.331613,0.2000,10.722000,-0.325000,-2.681900,-0.072240,-11.900000,-1.048000,-8.072975,31.472572
0.331613,0.4000,10.641000,-0.399000,-2.655000,-0.076480,-12.020000,-1.055000,-7.660446,30.555839
0.331613,0.6000,10.513000,-0.473000,-2.610100,-0.083130,-12.240000,-1.064000,-6.778091,28.590594
0.331613,0.8000,10.203000,-0.523000,-2.490800,-0.096640,-12.100000,-1.021000,-4.902227,24.419461
0.331613,0.9500,10.246000,-0.404000,-2.492400,-0.119000,-11.360000,-0.884300,-1.102371,15.487049
0.331613,1.0500,11.755000,-0.652000,-3.147800,-0.193200,-11.360000,-0.884300,-8.090164,38.411091
0.331613,1.2000,10.618000,-0.647000,-2.659700,-0.147900,-11.360000,-0.884300,-7.414074,35.082206
0.331613,1.4000,10.170000,-0.564000,-2.390100,-0.112300,-11.360000,-0.884300,-7.196350,33.179986
0.331613,1.8000,9.675000,-0.035000,-1.915800,-0.095600,-11.360000,-0.884300,-5.713535,35.362955
0.331613,2.2000,9.806000,0.213000,-1.642900,-0.082720,-11.360000,-0.884300,-4.573349,44.329745
0.331613,2.6000,9.380000,0.278000,-1.267800,-0.070060,-11.360000,-0.884300,-3.523117,37.104747
0.331613,3.0000,8.912000,0.308000,-1.045800,-0.060210,-11.360000,-0.884300,-2.809785,33.861806
0.331613,3.5000,8.385000,0.357000,-0.885000,-0.051540,-11.360000,-0.884300,-2.221357,28.590594
0.331613,4.0000,7.862000,0.388000,-0.777000,-0.044880,-11.360000,-0.884300,-1.801952,27.438949
0.331613,4.5000,7.497000,0.422000,-0.718800,-0.039760,-11.360000,-0.884300,-1.501722,26.138335
0.331613,5.0000,7.181000,0.457000,-0.687500,-0.035760,-11.360000,-0.884300,-1.285717,25.783101
0.349066,0.0000,11.400000,-0.170000,-2.832700,-0.072240,-11.870000,-1.154000,-7.872440,30.544380
0.349066,0.2000,11.322000,-0.423000,-2.820100,-0.072240,-11.880000,-1.155000,-7.734930,30.338115
0.349066,0.4000,11.219000,-0.503000,-2.785800,-0.076480,-12.000000,-1.162000,-7.265105,29.318250
0.349066,0.6000,11.045000,-0.590000,-2.723600,-0.083130,-12.210000,-1.172000,-6.210862,27.095174
0.349066,0.8000,10.642000,-0.660000,-2.569400,-0.096640,-12.050000,-1.123000,-4.024456,22.299517
0.349066,0.9500,10.489000,-0.583000,-2.496400,-0.119000,-11.290000,-0.980100,-0.190508,13.728069
0.349066,1.0500,12.484000,-0.776000,-3.322000,-0.193200,-11.290000,-0.980100,-8.090164,38.479846
0.349066,1.2000,11.285000,-0.764000,-2.792900,-0.147900,-11.290000,-0.980100,-7.414074,35.374414
0.349066,1.4000,10.804000,-0.665000,-2.493600,-0.112300,-11.290000,-0.980100,-7.196350,33.523761
0.349066,1.8000,10.385000,-0.082000,-1.996700,-0.095600,-11.290000,-0.980100,-5.713535,36.262499
0.349066,2.2000,10.701000,0.212000,-1.771100,-0.082720,-11.290000,-0.980100,-4.573349,45.320962
0.349066,2.6000,10.122000,0.284000,-1.368400,-0.070060,-11.290000,-0.980100,-3.523117,36.589085
0.349066,3.0000,9.598000,0.320000,-1.132700,-0.060210,-11.290000,-0.980100,-2.809785,33.139879
0.349066,3.5000,8.970000,0.376000,-0.965400,-0.051540,-11.290000,-0.980100,-2.221357,28.218171
0.349066,4.0000,8.439000,0.411000,-0.852000,-0.044880,-11.290000,-0.980100,-1.801952,27.582188
0.349066,4.5000,8.046000,0.452000,-0.793900,-0.039760,-11.290000,-0.980100,-1.501722,26.447732
0.349066,5.0000,7.743000,0.495000,-0.764500,-0.035760,-11.290000,-0.980100,-1.285717,27.049338
0.436332,0.0000,14.132000,-0.889000,-3.442600,-0.072240,-11.690000,-1.763000,-5.294703,22.815179
0.436332,0.2000,13.995000,-1.150000,-3.413600,-0.072240,-11.700000,-1.765000,-5.054634,22.408379
0.436332,0.4000,13.732000,-1.270000,-3.322100,-0.076480,-11.770000,-1.775000,-4.208948,20.741072
0.436332,0.6000,13.236000,-1.435000,-3.137500,-0.083130,-11.900000,-1.787000,-2.343970,17.200193
0.436332,0.8000,12.150000,-1.620000,-2.713600,-0.096640,-11.620000,-1.747000,-0.909857,15.784987
0.436332,0.9500,11.738000,-1.636000,-2.495000,-0.119000,-10.830000,-1.628000,-1.528078,18.644047
0.436332,1.0500,16.297000,-1.471000,-4.141600,-0.193200,-10.830000,-1.628000,-8.090164,37.849592
0.436332,1.2000,14.801000,-1.404000,-3.388000,-0.147900,-10.830000,-1.628000,-7.414074,35.798403
0.436332,1.4000,14.265000,-1.200000,-2.913200,-0.112300,-10.830000,-1.628000,-7.196350,35.271282
0.436332,1.8000,14.282000,-0.350000,-2.320400,-0.095600,-10.830000,-1.628000,-5.713535,33.661270
0.436332,2.2000,15.812000,0.348000,-2.766000,-0.082720,-10.830000,-1.628000,-4.573349,45.836624
0.436332,2.6000,14.131000,0.354000,-1.992100,-0.070060,-10.830000,-1.628000,-3.523117,38.714758
0.436332,3.0000,13.064000,0.418000,-1.678000,-0.060210,-10.830000,-1.628000,-2.809785,32.395034
0.436332,3.5000,12.207000,0.509000,-1.457400,-0.051540,-10.830000,-1.628000,-2.221357,29.472949
0.436332,4.0000,11.507000,0.575000,-1.315600,-0.044880,-10.830000,-1.628000,-1.801952,28.768211
0.436332,4.5000,11.211000,0.663000,-1.257700,-0.039760,-10.830000,-1.628000,-1.501722,28.968746
0.436332,5.0000,10.977000,0.756000,-1.236600,-0.035760,-10.830000,-1.628000,-1.285717,29.008853
0.523599,0.0000,15.869000,-2.018000,-3.756800,-0.072240,-11.230000,-2.493000,-1.171699,11.957629
0.523599,0.2000,15.651000,-2.283000,-3.702300,-0.072240,-11.220000,-2.498000,-0.946526,11.625314
0.523599,0.4000,15.151000,-2.428000,-3.520400,-0.076480,-11.240000,-2.521000,-0.254164,10.559612
0.523599,0.6000,14.160000,-2.639000,-3.132700,-0.083130,-11.260000,-2.546000,2.033427,6.972896
0.523599,0.8000,13.358000,-2.825000,-2.728100,-0.096640,-11.000000,-2.538000,1.072004,12.204001
0.523599,0.9500,13.741000,-2.820000,-2.763200,-0.119000,-10.380000,-2.402000,-2.380640,21.382785
0.523599,1.0500,20.199000,-2.220000,-4.812000,-0.193200,-10.380000,-2.402000,-8.090164,34.669676
0.523599,1.2000,18.578000,-2.050000,-3.809100,-0.147900,-10.380000,-2.402000,-7.414074,34.222769
0.523599,1.4000,18.117000,-1.690000,-3.121800,-0.112300,-10.380000,-2.402000,-7.196350,31.123067
0.523599,1.8000,17.731000,-0.612000,-2.489200,-0.095600,-10.380000,-2.402000,-5.713535,24.705940
0.523599,2.2000,21.088000,0.559000,-3.946500,-0.082720,-10.380000,-2.402000,-4.573349,34.096718
0.523599,2.6000,19.105000,0.747000,-3.220500,-0.070060,-10.380000,-2.402000,-3.523117,35.792673
0.523599,3.0000,17.211000,0.683000,-2.542600,-0.060210,-10.380000,-2.402000,-2.809785,35.511924
0.523599,3.5000,15.967000,0.768000,-2.177300,-0.051540,-10.380000,-2.402000,-2.221357,32.859130
0.523599,4.0000,15.277000,0.842000,-1.955200,-0.044880,-10.380000,-2.402000,-1.801952,31.730403
0.523599,4.5000,14.972000,1.008000,-1.923700,-0.039760,-10.380000,-2.402000,-1.501722,30.361034
0.523599,5.0000,14.738000,1.189000,-1.937100,-0.035760,-10.380000,-2.402000,-1.285717,30.040177
0.610865,0.0000,16.259000,-3.404000,-3.647100,-0.072240,-10.440000,-3.282000,7.998491,-7.305212
0.610865,0.2000,15.998000,-3.650000,-3.578900,-0.072240,-10.430000,-3.294000,7.952654,-7.098947
0.610865,0.4000,15.467000,-3.757000,-3.366500,-0.076480,-10.430000,-3.341000,7.666175,-6.079082
0.610865,0.6000,14.128000,-3.917000,-2.782500,-0.083130,-10.360000,-3.437000,6.319724,-1.485107
0.610865,0.8000,13.968000,-4.156000,-2.526500,-0.096640,-10.180000,-3.456000,2.692329,8.634474
0.610865,0.9500,15.382000,-4.292000,-2.910500,-0.119000,-9.771000,-3.254000,-0.829643,17.767421
0.610865,1.0500,24.119000,-2.939000,-5.241300,-0.193200,-9.771000,-3.254000,-8.090164,29.089067
0.610865,1.2000,22.575000,-2.595000,-3.985600,-0.147900,-9.771000,-3.254000,-7.414074,27.364464
0.610865,1.4000,21.623000,-2.013000,-3.088300,-0.112300,-9.771000,-3.254000,-7.196350,19.566509
0.610865,1.8000,20.694000,-0.789000,-2.502700,-0.095600,-9.771000,-3.254000,-5.713535,14.318215
0.610865,2.2000,24.884000,0.434000,-4.695200,-0.082720,-9.771000,-3.254000,-4.573349,20.391568
0.610865,2.6000,23.782000,1.006000,-4.367500,-0.070060,-9.771000,-3.254000,-3.523117,23.227709
0.610865,3.0000,22.767000,1.375000,-4.118300,-0.060210,-9.771000,-3.254000,-2.809785,28.899991
0.610865,3.5000,21.228000,1.405000,-3.494800,-0.051540,-9.771000,-3.254000,-2.221357,31.644459
0.610865,4.0000,20.241000,1.493000,-3.165800,-0.044880,-9.771000,-3.254000,-1.801952,32.280442
0.610865,4.5000,19.695000,1.661000,-3.036600,-0.039760,-9.771000,-3.254000,-1.501722,32.492437
0.610865,5.0000,19.466000,1.871000,-3.000700,-0.035760,-9.771000,-3.254000,-1.285717,30.217794
0.698132,0.0000,13.739000,-4.594000,-2.360900,-0.072240,-9.066000,-4.204000,14.547398,-19.709748
0.698132,0.2000,13.536000,-4.803000,-2.314200,-0.072240,-9.066000,-4.224000,14.123410,-18.850311
0.698132,0.4000,13.270000,-4.836000,-2.182400,-0.076480,-9.116000,-4.299000,12.708204,-15.933956
0.698132,0.6000,13.202000,-4.993000,-2.029800,-0.083130,-9.247000,-4.457000,8.525612,-5.465444
0.698132,0.8000,14.331000,-5.459000,-2.258200,-0.096640,-9.270000,-4.475000,3.935647,5.614413
0.698132,0.9500,16.446000,-5.931000,-2.908000,-0.119000,-9.003000,-4.186000,1.532089,12.100869
0.698132,1.0500,27.980000,-3.494000,-5.348200,-0.193200,-9.003000,-4.186000,-8.090164,19.005010
0.698132,1.2000,26.145000,-2.895000,-3.878100,-0.147900,-9.003000,-4.186000,-7.414074,13.836931
0.698132,1.4000,24.331000,-2.041000,-2.834100,-0.112300,-9.003000,-4.186000,-7.196350,6.514530
0.698132,1.8000,23.032000,-0.805000,-2.412200,-0.095600,-9.003000,-4.186000,-5.713535,3.417120
0.698132,2.2000,28.256000,0.160000,-5.247200,-0.082720,-9.003000,-4.186000,-4.573349,10.118435
0.698132,2.6000,27.086000,0.813000,-4.993400,-0.070060,-9.003000,-4.186000,-3.523117,11.797201
0.698132,3.0000,26.686000,1.299000,-4.854500,-0.060210,-9.003000,-4.186000,-2.809785,14.598965
0.698132,3.5000,26.322000,1.861000,-4.811800,-0.051540,-9.003000,-4.186000,-2.221357,18.454971
0.698132,4.0000,26.041000,2.341000,-4.822700,-0.044880,-9.003000,-4.186000,-1.801952,21.589050
0.698132,4.5000,26.009000,2.787000,-4.871400,-0.039760,-9.003000,-4.186000,-1.501722,23.181872
0.698132,5.0000,25.107000,2.785000,-4.527300,-0.035760,-9.003000,-4.186000,-1.285717,23.892340
0.785398,0.0000,11.692000,-5.039000,-1.108300,-0.072240,-7.800000,-5.292000,14.163517,-18.036711
0.785398,0.2000,11.592000,-5.249000,-1.114000,-0.072240,-7.818000,-5.321000,13.384294,-16.627235
0.785398,0.4000,11.701000,-5.331000,-1.148500,-0.076480,-7.921000,-5.421000,10.983601,-12.267026
0.785398,0.6000,12.437000,-5.758000,-1.294500,-0.083130,-8.137000,-5.579000,8.325077,-5.018537
0.785398,0.8000,14.299000,-6.640000,-1.839600,-0.096640,-8.257000,-5.551000,5.658531,1.674756
0.785398,0.9500,16.748000,-7.539000,-2.643000,-0.119000,-8.079000,-5.172000,4.539545,5.384657
0.785398,1.0500,31.311000,-3.704000,-5.092800,-0.193200,-8.079000,-5.172000,-8.090164,5.752496
0.785398,1.2000,28.878000,-2.795000,-3.500600,-0.147900,-8.079000,-5.172000,-7.414074,-2.223076
0.785398,1.4000,26.605000,-1.685000,-2.422500,-0.112300,-8.079000,-5.172000,-7.196350,-5.279233
0.785398,1.8000,24.864000,-0.593000,-2.230500,-0.095600,-8.079000,-5.172000,-5.713535,-7.076029
0.785398,2.2000,30.772000,-0.200000,-5.495200,-0.082720,-8.079000,-5.172000,-4.573349,-1.903939
0.785398,2.6000,30.098000,0.452000,-5.328300,-0.070060,-8.079000,-5.172000,-3.523117,5.095314
0.785398,3.0000,29.811000,0.948000,-5.270900,-0.060210,-8.079000,-5.172000,-2.809785,3.767770
0.785398,3.5000,29.541000,1.534000,-5.318800,-0.051540,-8.079000,-5.172000,-2.221357,0.716197
0.785398,4.0000,29.612000,2.045000,-5.406100,-0.044880,-8.079000,-5.172000,-1.801952,2.438508
0.785398,4.5000,29.718000,2.528000,-5.530900,-0.039760,-8.079000,-5.172000,-1.501722,1.877583
0.785398,5.0000,29.937000,3.007000,-5.684900,-0.035760,-8.079000,-5.172000,-1.285717,12.759770
0.872665,0.0000,10.144000,-4.972000,0.115800,-0.072240,-6.634000,-6.661000,12.610801,-16.621506
0.872665,0.2000,10.085000,-5.193000,0.076300,-0.072240,-6.658000,-6.681000,12.456102,-16.501184
0.872665,0.4000,10.394000,-5.371000,-0.079700,-0.076480,-6.779000,-6.759000,11.814390,-15.326621
0.872665,0.6000,11.478000,-6.089000,-0.376000,-0.083130,-7.008000,-6.907000,11.155488,-13.183759
0.872665,0.8000,13.616000,-7.415000,-1.069100,-0.096640,-7.150000,-6.831000,9.751742,-7.889629
0.872665,0.9500,16.073000,-8.685000,-2.010400,-0.119000,-7.024000,-6.363000,8.428209,-8.136001
0.872665,1.0500,33.597000,-3.368000,-4.488500,-0.193200,-7.024000,-6.363000,-8.090164,24.574160
0.872665,1.2000,30.739000,-2.163000,-2.905600,-0.147900,-7.024000,-6.363000,-7.414074,22.689129
0.872665,1.4000,28.366000,-0.929000,-1.949200,-0.112300,-7.024000,-6.363000,-7.196350,22.448486
0.872665,1.8000,26.599000,-0.112000,-1.983400,-0.095600,-7.024000,-6.363000,-5.713535,19.572238
0.872665,2.2000,32.351000,-0.497000,-5.358200,-0.082720,-7.024000,-6.363000,-4.573349,17.366351
0.872665,2.6000,32.206000,0.048000,-5.286500,-0.070060,-7.024000,-6.363000,-3.523117,15.200570
0.872665,3.0000,32.021000,0.470000,-5.316900,-0.060210,-7.024000,-6.363000,-2.809785,13.538993
0.872665,3.5000,32.053000,0.990000,-5.452000,-0.051540,-7.024000,-6.363000,-2.221357,12.089409
0.872665,4.0000,32.299000,1.457000,-5.619600,-0.044880,-7.024000,-6.363000,-1.801952,10.926305
0.872665,4.5000,32.596000,1.909000,-5.816900,-0.039760,-7.024000,-6.363000,-1.501722,9.980925
0.872665,5.0000,33.039000,2.366000,-6.037100,-0.035760,-7.024000,-6.363000,-1.285717,9.207432
0.959931,0.0000,8.756000,-4.398000,1.642500,-0.072240,-5.519000,-7.749000,22.379731,-22.442757
0.959931,0.2000,8.680000,-4.614000,1.602900,-0.072240,-5.540000,-7.779000,22.534430,-22.540160
0.959931,0.4000,9.023000,-4.866000,1.405600,-0.076480,-5.649000,-7.889000,22.225033,-22.139089
0.959931,0.6000,10.149000,-5.790000,1.069000,-0.083130,-5.852000,-8.085000,21.961472,-20.700965
0.959931,0.8000,12.345000,-7.551000,0.270900,-0.096640,-5.984000,-8.033000,20.958796,-18.838852
0.959931,0.9500,14.495000,-9.007000,-0.831400,-0.119000,-5.882000,-7.478000,18.592480,-21.503106
0.959931,1.0500,34.982000,-2.297000,-3.595500,-0.193200,-5.882000,-7.478000,-8.090164,-34.474871
0.959931,1.2000,32.164000,-0.855000,-2.127000,-0.147900,-5.882000,-7.478000,-7.414074,-32.647135
0.959931,1.4000,29.710000,0.275000,-1.430700,-0.112300,-5.882000,-7.478000,-7.196350,-29.335439
0.959931,1.8000,27.919000,0.733000,-1.626100,-0.095600,-5.882000,-7.478000,-5.713535,-26.103957
0.959931,2.2000,33.372000,-0.516000,-4.806600,-0.082720,-5.882000,-7.478000,-4.573349,-25.089822
0.959931,2.6000,33.322000,-0.190000,-4.830000,-0.070060,-5.882000,-7.478000,-3.523117,-22.288058
0.959931,3.0000,33.197000,0.064000,-4.938400,-0.060210,-5.882000,-7.478000,-2.809785,-19.698289
0.959931,3.5000,33.548000,0.422000,-5.143200,-0.051540,-5.882000,-7.478000,-2.221357,-16.747556
0.959931,4.0000,33.898000,0.758000,-5.375200,-0.044880,-5.882000,-7.478000,-1.801952,-14.891173
0.959931,4.5000,34.437000,1.103000,-5.625400,-0.039760,-5.882000,-7.478000,-1.501722,-13.023331
0.959931,5.0000,34.994000,1.468000,-5.895000,-0.035760,-5.882000,-7.478000,-1.285717,-11.963359
1.047198,0.0000,7.324000,-3.175000,4.022100,-0.072240,-4.436000,-8.813000,37.013074,-28.533298
1.047198,0.2000,7.213000,-3.372000,4.009000,-0.072240,-4.451000,-8.852000,37.700623,-28.848425
1.047198,0.4000,7.521000,-3.662000,3.799400,-0.076480,-4.540000,-8.993000,37.872510,-29.152093
1.047198,0.6000,8.610000,-4.762000,3.456800,-0.083130,-4.706000,-9.237000,38.233474,-28.963017
1.047198,0.8000,10.585000,-6.757000,2.588500,-0.096640,-4.805000,-9.195000,37.081829,-30.355304
1.047198,0.9500,12.254000,-8.204000,1.235100,-0.119000,-4.713000,-8.554000,33.157068,-33.856076
1.047198,1.0500,35.664000,-0.377000,-2.533700,-0.193200,-4.713000,-8.554000,-8.090164,-50.655199
1.047198,1.2000,33.228000,1.035000,-1.348700,-0.147900,-4.713000,-8.554000,-7.414074,-45.034483
1.047198,1.4000,30.823000,1.832000,-0.956500,-0.112300,-4.713000,-8.554000,-7.196350,-40.187260
1.047198,1.8000,28.808000,2.051000,-1.149800,-0.095600,-4.713000,-8.554000,-5.713535,-37.740730
1.047198,2.2000,33.552000,-0.024000,-3.902500,-0.082720,-4.713000,-8.554000,-4.573349,-37.952724
1.047198,2.6000,33.516000,-0.019000,-3.996100,-0.070060,-4.713000,-8.554000,-3.523117,-34.509248
1.047198,3.0000,33.538000,-0.019000,-4.154700,-0.060210,-4.713000,-8.554000,-2.809785,-30.899614
1.047198,3.5000,33.997000,0.089000,-4.401100,-0.051540,-4.713000,-8.554000,-2.221357,-28.304115
1.047198,4.0000,34.472000,0.219000,-4.665100,-0.044880,-4.713000,-8.554000,-1.801952,-25.869044
1.047198,4.5000,35.105000,0.388000,-4.940100,-0.039760,-4.713000,-8.554000,-1.501722,-24.253303
1.047198,5.0000,35.709000,0.598000,-5.228700,-0.035760,-4.713000,-8.554000,-1.285717,-23.055822
1.134464,0.0000,5.949000,-1.248000,8.102300,-0.072240,-3.411000,-9.830000,68.411161,-35.116583
1.134464,0.2000,5.791000,-1.407000,8.182500,-0.072240,-3.418000,-9.875000,70.473809,-35.534842
1.134464,0.4000,6.023000,-1.686000,8.015200,-0.076480,-3.483000,-10.040000,71.390541,-36.130719
1.134464,0.6000,6.963000,-2.831000,7.741700,-0.083130,-3.604000,-10.320000,72.765640,-37.901158
1.134464,0.8000,8.559000,-4.800000,6.742600,-0.096640,-3.668000,-10.270000,70.473809,-41.550899
1.134464,0.9500,9.796000,-6.226000,4.955300,-0.119000,-3.579000,-9.552000,62.968062,-44.902702
1.134464,1.0500,36.174000,2.408000,-1.439500,-0.193200,-3.579000,-9.552000,-8.090164,-64.056681
1.134464,1.2000,34.150000,3.468000,-0.628100,-0.147900,-3.579000,-9.552000,-7.414074,-55.313346
1.134464,1.4000,31.718000,3.976000,-0.423800,-0.112300,-3.579000,-9.552000,-7.196350,-50.884382
1.134464,1.8000,29.340000,3.943000,-0.580800,-0.095600,-3.579000,-9.552000,-5.713535,-47.836246
1.134464,2.2000,33.132000,1.172000,-2.768500,-0.082720,-3.579000,-9.552000,-4.573349,-49.709818
1.134464,2.6000,33.015000,0.781000,-2.897900,-0.070060,-3.579000,-9.552000,-3.523117,-45.716302
1.134464,3.0000,33.171000,0.466000,-3.072400,-0.060210,-3.579000,-9.552000,-2.809785,-41.808730
1.134464,3.5000,33.581000,0.260000,-3.323100,-0.051540,-3.579000,-9.552000,-2.221357,-39.110099
1.134464,4.0000,34.131000,0.129000,-3.580900,-0.044880,-3.579000,-9.552000,-1.801952,-36.531789
1.134464,4.5000,34.741000,0.074000,-3.845200,-0.039760,-3.579000,-9.552000,-1.501722,-34.904589
1.134464,5.0000,35.312000,0.086000,-4.117400,-0.035760,-3.579000,-9.552000,-1.285717,-33.603975
1.221730,0.0000,4.753000,1.428000,15.963800,-0.072240,-2.469000,-10.760000,144.385364,-41.568088
1.221730,0.2000,4.557000,1.312000,16.307400,-0.072240,-2.469000,-10.810000,151.432745,-41.974888
1.221730,0.4000,4.730000,1.055000,16.257100,-0.076480,-2.512000,-10.990000,153.953760,-42.799947
1.221730,0.6000,5.454000,0.054000,16.157600,-0.083130,-2.591000,-11.300000,157.276915,-46.100184
1.221730,0.8000,6.659000,-1.718000,14.890500,-0.096640,-2.624000,-11.240000,152.693252,-50.993244
1.221730,0.9500,7.478000,-3.019000,12.226300,-0.119000,-2.542000,-10.440000,136.478547,-54.075757
1.221730,1.0500,36.766000,5.958000,-0.454300,-0.193200,-2.542000,-10.440000,-8.090164,-74.942880
1.221730,1.2000,35.070000,6.312000,-0.029500,-0.147900,-2.542000,-10.440000,-7.414074,-64.056681
1.221730,1.4000,32.662000,6.627000,0.081000,-0.112300,-2.542000,-10.440000,-7.196350,-60.045977
1.221730,1.8000,29.944000,6.345000,-0.034500,-0.095600,-2.542000,-10.440000,-5.713535,-54.809143
1.221730,2.2000,32.448000,3.169000,-1.573400,-0.082720,-2.542000,-10.440000,-4.573349,-59.759498
1.221730,2.6000,32.158000,2.345000,-1.704000,-0.070060,-2.542000,-10.440000,-3.523117,-55.284698
1.221730,3.0000,32.358000,1.680000,-1.862000,-0.060210,-2.542000,-10.440000,-2.809785,-51.480258
1.221730,3.5000,32.630000,1.133000,-2.080100,-0.051540,-2.542000,-10.440000,-2.221357,-48.483689
1.221730,4.0000,33.167000,0.717000,-2.296900,-0.044880,-2.542000,-10.440000,-1.801952,-46.048618
1.221730,4.5000,33.676000,0.418000,-2.517300,-0.039760,-2.542000,-10.440000,-1.501722,-44.346933
1.221730,5.0000,34.140000,0.218000,-2.741000,-0.035760,-2.542000,-10.440000,-1.285717,-42.977564
1.308997,0.0000,3.936000,4.792000,33.298600,-0.072240,-1.645000,-11.570000,366.922172,-47.085672
1.308997,0.2000,3.713000,4.725000,34.610200,-0.072240,-1.640000,-11.620000,402.502851,-47.463824
1.308997,0.4000,3.831000,4.543000,34.885200,-0.076480,-1.665000,-11.810000,412.930683,-48.781627
1.308997,0.6000,4.367000,3.797000,35.192400,-0.083130,-1.712000,-12.130000,424.447135,-52.992866
1.308997,0.8000,5.227000,2.365000,33.397400,-0.096640,-1.723000,-12.060000,413.732824,-58.670878
1.308997,0.9500,5.728000,1.178000,28.778200,-0.119000,-1.653000,-11.200000,370.990172,-60.561639
1.308997,1.0500,37.531000,10.034000,0.303400,-0.193200,-1.653000,-11.200000,-8.090164,-82.104852
1.308997,1.2000,35.988000,9.534000,0.443200,-0.147900,-1.653000,-11.200000,-7.414074,-71.562429
1.308997,1.4000,33.637000,9.711000,0.500800,-0.112300,-1.653000,-11.200000,-7.196350,-66.634992
1.308997,1.8000,30.873000,9.039000,0.382000,-0.095600,-1.653000,-11.200000,-5.713535,-61.077301
1.308997,2.2000,31.857000,5.937000,-0.496500,-0.082720,-1.653000,-11.200000,-4.573349,-67.609020
1.308997,2.6000,31.348000,4.677000,-0.602400,-0.070060,-1.653000,-11.200000,-3.523117,-62.738879
1.308997,3.0000,31.487000,3.662000,-0.720900,-0.060210,-1.653000,-11.200000,-2.809785,-59.186540
1.308997,3.5000,31.596000,2.778000,-0.880300,-0.051540,-1.653000,-11.200000,-2.221357,-56.006624
1.308997,4.0000,32.004000,2.084000,-1.034100,-0.044880,-1.653000,-11.200000,-1.801952,-53.760630
1.308997,4.5000,32.355000,1.551000,-1.189000,-0.039760,-1.653000,-11.200000,-1.501722,-52.030297
1.308997,5.0000,32.664000,1.149000,-1.344400,-0.035760,-1.653000,-11.200000,-1.285717,-50.632280
1.396263,0.0000,3.690000,8.707000,80.008000,-0.072240,-0.970200,-12.230000,1220.400104,-51.485987
1.396263,0.2000,3.451000,8.690000,86.552800,-0.072240,-0.961100,-12.280000,1556.153372,-51.801114
1.396263,0.4000,3.527000,8.632000,88.325900,-0.076480,-0.973000,-12.480000,1636.940421,-53.439774
1.396263,0.6000,3.924000,8.241000,90.238800,-0.083130,-0.996800,-12.810000,1700.538736,-58.212512
1.396263,0.8000,4.526000,7.246000,87.099000,-0.096640,-0.996900,-12.710000,1654.702112,-63.999386
1.396263,0.9500,4.822000,6.104000,76.977900,-0.119000,-0.946900,-11.800000,1491.982099,-64.686935
1.396263,1.0500,38.635000,14.281000,0.776000,-0.193200,-0.946900,-11.800000,-8.090164,-85.542599
1.396263,1.2000,37.070000,13.065000,0.777100,-0.147900,-0.946900,-11.800000,-7.414074,-77.234711
1.396263,1.4000,34.803000,12.922000,0.767400,-0.112300,-0.946900,-11.800000,-7.196350,-71.734316
1.396263,1.8000,31.871000,12.097000,0.695300,-0.095600,-0.946900,-11.800000,-5.713535,-67.322541
1.396263,2.2000,31.664000,9.317000,0.311400,-0.082720,-0.946900,-11.800000,-4.573349,-72.880232
1.396263,2.6000,30.981000,7.647000,0.242100,-0.070060,-0.946900,-11.800000,-3.523117,-67.895499
1.396263,3.0000,30.914000,6.306000,0.169500,-0.060210,-0.946900,-11.800000,-2.809785,-64.515048
1.396263,3.5000,30.849000,5.114000,0.076100,-0.051540,-0.946900,-11.800000,-2.221357,-61.421076
1.396263,4.0000,31.065000,4.171000,-0.010200,-0.044880,-0.946900,-11.800000,-1.801952,-59.243836
1.396263,4.5000,31.237000,3.432000,-0.095900,-0.039760,-0.946900,-11.800000,-1.501722,-57.524963
1.396263,5.0000,31.375000,2.857000,-0.180600,-0.035760,-0.946900,-11.800000,-1.285717,-56.132675
1.483530,0.0000,4.156000,13.009000,0.000000,-0.072240,-0.468300,-12.730000,3076.783360,-54.511205
1.483530,0.2000,3.912000,13.035000,0.000000,-0.072240,-0.457000,-12.780000,5715.254006,-54.711740
1.483530,0.4000,3.973000,13.120000,0.000000,-0.076480,-0.461100,-12.970000,6417.127305,-56.396236
1.483530,0.6000,4.305000,13.126000,0.000000,-0.083130,-0.471100,-13.300000,6692.147047,-61.306484
1.483530,0.8000,4.763000,12.568000,0.000000,-0.096640,-0.469100,-13.180000,6199.403343,-66.577696
1.483530,0.9500,4.919000,11.421000,0.000000,-0.119000,-0.441700,-12.220000,5502.686664,-66.405808
1.483530,1.0500,40.124000,18.476000,0.998900,-0.193200,-0.441700,-12.220000,-8.090164,-87.089585
1.483530,1.2000,38.378000,16.786000,0.955200,-0.147900,-0.441700,-12.220000,-7.414074,-81.016232
1.483530,1.4000,36.108000,16.405000,0.917900,-0.112300,-0.441700,-12.220000,-7.196350,-76.776345
1.483530,1.8000,33.028000,15.427000,0.868100,-0.095600,-0.441700,-12.220000,-5.713535,-71.505133
1.483530,2.2000,32.060000,13.051000,0.761000,-0.082720,-0.441700,-12.220000,-4.573349,-75.401246
1.483530,2.6000,31.169000,11.012000,0.720100,-0.070060,-0.441700,-12.220000,-3.523117,-70.588400
1.483530,3.0000,30.891000,9.381000,0.685400,-0.060210,-0.441700,-12.220000,-2.809785,-67.265245
1.483530,3.5000,30.640000,7.923000,0.644400,-0.051540,-0.441700,-12.220000,-2.221357,-64.285865
1.483530,4.0000,30.673000,6.768000,0.611400,-0.044880,-0.441700,-12.220000,-1.801952,-62.165921
1.483530,4.5000,30.682000,5.859000,0.579600,-0.039760,-0.441700,-12.220000,-1.501722,-60.504343
1.483530,5.0000,30.672000,5.146000,0.549100,-0.035760,-0.441700,-12.220000,-1.285717,-59.186540
1.570796,0.0000,5.432000,17.448000,0.000000,-0.072240,-0.157800,-13.000000,244.137317,-54.534123
1.570796,0.2000,5.191000,17.507000,0.000000,-0.072240,-0.145300,-13.050000,418.545669,-54.660174
1.570796,0.4000,5.263000,17.731000,0.000000,-0.076480,-0.145400,-13.240000,458.881898,-56.298833
1.570796,0.6000,5.600000,18.130000,0.000000,-0.083130,-0.148100,-13.560000,479.565675,-61.134597
1.570796,0.8000,6.006000,17.970000,0.000000,-0.096640,-0.147900,-13.430000,463.580152,-66.119330
1.570796,0.9500,6.053000,16.759000,0.000000,-0.119000,-0.139700,-12.470000,429.317276,-65.546372
1.570796,1.0500,41.900000,22.558000,1.028100,-0.193200,-0.139700,-12.470000,-8.090164,-86.402036
1.570796,1.2000,39.953000,20.574000,0.973200,-0.147900,-0.139700,-12.470000,-7.414074,-81.302711
1.570796,1.4000,37.629000,20.083000,0.927700,-0.112300,-0.139700,-12.470000,-7.196350,-77.750373
1.570796,1.8000,34.419000,18.863000,0.873200,-0.095600,-0.139700,-12.470000,-5.713535,-72.078091
1.570796,2.2000,33.089000,16.833000,0.840400,-0.082720,-0.139700,-12.470000,-4.573349,-71.562429
1.570796,2.6000,31.979000,14.471000,0.805700,-0.070060,-0.139700,-12.470000,-3.523117,-67.207949
1.570796,3.0000,31.510000,12.587000,0.786900,-0.060210,-0.139700,-12.470000,-2.809785,-64.171273
1.570796,3.5000,31.091000,10.901000,0.768600,-0.051540,-0.139700,-12.470000,-2.221357,-61.363780
1.570796,4.0000,30.979000,9.568000,0.758900,-0.044880,-0.139700,-12.470000,-1.801952,-59.415723
1.570796,4.5000,30.869000,8.518000,0.750700,-0.039760,-0.139700,-12.470000,-1.501722,-57.868737
1.570796,5.0000,30.759000,7.693000,0.743700,-0.035760,-0.139700,-12.470000,-1.285717,-56.631148
1.658063,0.0000,7.503000,21.543000,0.000000,-0.072240,-0.041490,-13.010000,-2760.510657,-50.431745
1.658063,0.2000,7.269000,21.633000,0.000000,-0.072240,-0.028640,-13.060000,-5303.870310,-50.580714
1.658063,0.4000,7.369000,21.991000,0.000000,-0.076480,-0.027190,-13.250000,-5981.679381,-52.207914
1.658063,0.6000,7.770000,22.776000,0.000000,-0.083130,-0.027110,-13.570000,-6245.239967,-57.009301
1.658063,0.8000,8.199000,23.018000,0.000000,-0.096640,-0.028850,-13.460000,-5769.684997,-62.337808
1.658063,0.9500,8.144000,21.764000,0.000000,-0.119000,-0.031180,-12.520000,-5115.367195,-62.395104
1.658063,1.0500,43.881000,26.260000,0.914500,-0.193200,-0.031180,-12.520000,-8.090164,-82.162148
1.658063,1.2000,41.771000,24.016000,0.854700,-0.147900,-0.031180,-12.520000,-7.414074,-76.489866
1.658063,1.4000,39.382000,23.423000,0.802700,-0.112300,-0.031180,-12.520000,-7.196350,-72.249978
1.658063,1.8000,36.031000,22.014000,0.730500,-0.095600,-0.031180,-12.520000,-5.713535,-67.838203
1.658063,2.2000,34.515000,19.762000,0.680400,-0.082720,-0.031180,-12.520000,-4.573349,-64.457752
1.658063,2.6000,33.173000,17.155000,0.628500,-0.070060,-0.031180,-12.520000,-3.523117,-60.790822
1.658063,3.0000,32.534000,15.070000,0.602900,-0.060210,-0.031180,-12.520000,-2.809785,-58.212512
1.658063,3.5000,31.957000,13.201000,0.578700,-0.051540,-0.031180,-12.520000,-2.221357,-55.760253
1.658063,4.0000,31.733000,11.722000,0.564300,-0.044880,-0.031180,-12.520000,-1.801952,-54.052838
1.658063,4.5000,31.542000,10.556000,0.551800,-0.039760,-0.031180,-12.520000,-1.501722,-52.643362
1.658063,5.0000,31.375000,9.639000,0.540400,-0.035760,-0.031180,-12.520000,-1.285717,-51.520365
1.745329,0.0000,10.162000,24.863000,0.000000,-0.072240,-0.100700,-12.810000,-1199.773623,-43.837001
1.745329,0.2000,9.940000,24.989000,0.000000,-0.072240,-0.088350,-12.860000,-1640.951125,-44.048995
1.745329,0.4000,10.089000,25.478000,0.000000,-0.076480,-0.088310,-13.040000,-1744.656486,-45.584522
1.745329,0.6000,10.615000,26.641000,0.000000,-0.083130,-0.090760,-13.360000,-1815.703253,-50.214021
1.745329,0.8000,11.152000,27.329000,0.000000,-0.096640,-0.095370,-13.280000,-1765.282967,-56.058191
1.745329,0.9500,11.024000,26.133000,0.000000,-0.119000,-0.100300,-12.390000,-1610.584362,-57.227025
1.745329,1.0500,45.921000,29.373000,0.738100,-0.193200,-0.100300,-12.390000,-8.090164,-76.317978
1.745329,1.2000,43.658000,26.748000,0.693100,-0.147900,-0.100300,-12.390000,-7.414074,-68.697640
1.745329,1.4000,41.163000,25.940000,0.652000,-0.112300,-0.100300,-12.390000,-7.196350,-63.254541
1.745329,1.8000,37.675000,24.536000,0.544300,-0.095600,-0.100300,-12.390000,-5.713535,-60.447047
1.745329,2.2000,36.006000,22.170000,0.458500,-0.082720,-0.100300,-12.390000,-4.573349,-58.212512
1.745329,2.6000,34.420000,19.402000,0.367100,-0.070060,-0.100300,-12.390000,-3.523117,-55.250320
1.745329,3.0000,33.623000,17.167000,0.315400,-0.060210,-0.100300,-12.390000,-2.809785,-53.113188
1.745329,3.5000,32.883000,15.153000,0.263500,-0.051540,-0.100300,-12.390000,-2.221357,-50.947407
1.745329,4.0000,32.564000,13.553000,0.224200,-0.044880,-0.100300,-12.390000,-1.801952,-49.463446
1.745329,4.5000,32.307000,12.283000,0.189400,-0.039760,-0.100300,-12.390000,-1.501722,-48.197210
1.745329,5.0000,32.103000,11.282000,0.156200,-0.035760,-0.100300,-12.390000,-1.285717,-47.183074
1.832596,0.0000,13.188000,27.283000,79.431900,-0.072240,-0.323300,-12.430000,-587.281740,-36.823997
1.832596,0.2000,12.984000,27.447000,92.844700,-0.072240,-0.312000,-12.480000,-626.815828,-37.064640
1.832596,0.4000,13.195000,28.046000,96.193000,-0.076480,-0.315900,-12.650000,-601.032727,-38.244933
1.832596,0.6000,13.899000,29.539000,98.736300,-0.083130,-0.325500,-12.960000,-584.416951,-42.232719
1.832596,0.8000,14.631000,30.687000,94.975400,-0.096640,-0.332600,-12.910000,-549.180047,-48.002404
1.832596,0.9500,14.478000,29.642000,83.014200,-0.119000,-0.330500,-12.080000,-493.545845,-50.511959
1.832596,1.0500,47.940000,31.987000,0.548700,-0.193200,-0.330500,-12.080000,-8.090164,-69.786259
1.832596,1.2000,45.450000,28.774000,0.568900,-0.147900,-0.330500,-12.080000,-7.414074,-60.160568
1.832596,1.4000,42.790000,27.674000,0.564900,-0.112300,-0.330500,-12.080000,-7.196350,-55.250320
1.832596,1.8000,39.173000,26.381000,0.410800,-0.095600,-0.330500,-12.080000,-5.713535,-51.932895
1.832596,2.2000,37.382000,24.001000,0.272900,-0.082720,-0.330500,-12.080000,-4.573349,-50.586444
1.832596,2.6000,35.543000,21.146000,0.121500,-0.070060,-0.330500,-12.080000,-3.523117,-48.363367
1.832596,3.0000,34.597000,18.805000,0.026700,-0.060210,-0.330500,-12.080000,-2.809785,-46.443959
1.832596,3.5000,33.687000,16.677000,-0.070900,-0.051540,-0.330500,-12.080000,-2.221357,-44.541739
1.832596,4.0000,33.278000,14.974000,-0.150700,-0.044880,-0.330500,-12.080000,-1.801952,-43.183829
1.832596,4.5000,32.961000,13.610000,-0.220400,-0.039760,-0.330500,-12.080000,-1.501722,-42.037913
1.832596,5.0000,32.727000,12.528000,-0.287500,-0.035760,-0.330500,-12.080000,-1.285717,-41.126911
1.919862,0.0000,16.427000,28.795000,32.605800,-0.072240,-0.710800,-11.900000,257.716416,-30.068825
1.919862,0.2000,16.245000,28.997000,49.044200,-0.072240,-0.700600,-11.940000,29.341169,-30.309467
1.919862,0.4000,16.515000,29.658000,58.946700,-0.076480,-0.709000,-12.100000,36.067693,-30.974098
1.919862,0.6000,17.414000,31.387000,66.323200,-0.083130,-0.727300,-12.400000,778.076686,-34.022234
1.919862,0.8000,18.382000,32.927000,66.890600,-0.096640,-0.731600,-12.360000,-270.894446,-39.006967
1.919862,0.9500,18.280000,32.153000,58.413900,-0.119000,-0.708400,-11.600000,-211.077652,-42.805677
1.919862,1.0500,49.795000,34.106000,0.375000,-0.193200,-0.708400,-11.600000,-8.090164,-61.191893
1.919862,1.2000,47.050000,30.147000,0.526300,-0.147900,-0.708400,-11.600000,-7.414074,-51.314100
1.919862,1.4000,44.267000,28.941000,0.543300,-0.112300,-0.708400,-11.600000,-7.196350,-47.314855
1.919862,1.8000,40.446000,27.600000,0.374600,-0.095600,-0.708400,-11.600000,-5.713535,-44.742274
1.919862,2.2000,38.536000,25.257000,0.184000,-0.082720,-0.708400,-11.600000,-4.573349,-42.290015
1.919862,2.6000,36.532000,22.380000,-0.035500,-0.070060,-0.708400,-11.600000,-3.523117,-40.674274
1.919862,3.0000,35.324000,19.974000,-0.184800,-0.060210,-0.708400,-11.600000,-2.809785,-38.691840
1.919862,3.5000,34.257000,17.762000,-0.335800,-0.051540,-0.708400,-11.600000,-2.221357,-37.133395
1.919862,4.0000,33.714000,15.971000,-0.463800,-0.044880,-0.708400,-11.600000,-1.801952,-35.689541
1.919862,4.5000,33.324000,14.522000,-0.572700,-0.039760,-0.708400,-11.600000,-1.501722,-34.623840
1.919862,5.0000,33.051000,13.365000,-0.677200,-0.035760,-0.708400,-11.600000,-1.285717,-33.781592
2.007129,0.0000,19.771000,29.415000,0.000000,-0.072240,-1.270000,-11.230000,264.076248,-24.035580
2.007129,0.2000,19.611000,29.653000,97.965500,-0.072240,-1.260000,-11.270000,135.848293,-24.276222
2.007129,0.4000,19.922000,30.334000,0.000000,-0.076480,-1.272000,-11.420000,68.984119,-24.723129
2.007129,0.6000,21.009000,32.207000,0.000000,-0.083130,-1.298000,-11.700000,19.131061,-26.252926
2.007129,0.8000,22.214000,34.037000,47.695200,-0.096640,-1.289000,-11.670000,73.682372,-29.994341
2.007129,0.9500,22.221000,33.608000,46.173900,-0.119000,-1.224000,-10.970000,-116.023954,-34.027963
2.007129,1.0500,51.371000,35.613000,0.261600,-0.193200,-1.224000,-10.970000,-8.090164,-50.935948
2.007129,1.2000,48.339000,30.987000,0.567100,-0.147900,-1.224000,-10.970000,-7.414074,-43.109345
2.007129,1.4000,45.514000,29.602000,0.623400,-0.112300,-1.224000,-10.970000,-7.196350,-38.703299
2.007129,1.8000,41.789000,28.433000,0.408200,-0.095600,-1.224000,-10.970000,-5.713535,-38.456927
2.007129,2.2000,39.461000,25.999000,0.202000,-0.082720,-1.224000,-10.970000,-4.573349,-34.807186
2.007129,2.6000,37.281000,23.135000,-0.074700,-0.070060,-1.224000,-10.970000,-3.523117,-32.893507
2.007129,3.0000,35.748000,20.703000,-0.277900,-0.060210,-1.224000,-10.970000,-2.809785,-30.469896
2.007129,3.5000,34.541000,18.438000,-0.478600,-0.051540,-1.224000,-10.970000,-2.221357,-29.129174
2.007129,4.0000,33.780000,16.583000,-0.652800,-0.044880,-1.224000,-10.970000,-1.801952,-27.507704
2.007129,4.5000,33.290000,15.063000,-0.796100,-0.039760,-1.224000,-10.970000,-1.501722,-26.482109
2.007129,5.0000,32.950000,13.839000,-0.933000,-0.035760,-1.224000,-10.970000,-1.285717,-25.674239
2.094395,0.0000,23.147000,29.213000,78.692500,-0.072240,-2.002000,-10.470000,-324.809774,-19.726937
2.094395,0.2000,23.010000,29.487000,72.754100,-0.072240,-1.991000,-10.510000,-191.024129,-19.870176
2.094395,0.4000,23.370000,30.192000,70.982800,-0.076480,-2.005000,-10.630000,-226.203738,-20.053523
2.094395,0.6000,24.560000,32.046000,69.662500,-0.083130,-2.036000,-10.880000,-994.654732,-19.675371
2.094395,0.8000,25.956000,34.046000,79.755600,-0.096640,-2.001000,-10.850000,42.484821,-21.136413
2.094395,0.9500,26.050000,33.925000,38.159100,-0.119000,-1.871000,-10.220000,-225.401597,-25.164306
2.094395,1.0500,52.770000,36.472000,0.240800,-0.193200,-1.871000,-10.220000,-8.090164,-40.445091
2.094395,1.2000,49.412000,31.452000,0.665200,-0.147900,-1.871000,-10.220000,-7.414074,-35.494735
2.094395,1.4000,46.691000,29.729000,0.802300,-0.112300,-1.871000,-10.220000,-7.196350,-30.613135
2.094395,1.8000,43.143000,28.763000,0.530900,-0.095600,-1.871000,-10.220000,-5.713535,-30.842318
2.094395,2.2000,40.279000,26.384000,0.281700,-0.082720,-1.871000,-10.220000,-4.573349,-27.393112
2.094395,2.6000,37.835000,23.496000,-0.020100,-0.070060,-1.871000,-10.220000,-3.523117,-25.135658
2.094395,3.0000,35.898000,21.039000,-0.252000,-0.060210,-1.871000,-10.220000,-2.809785,-22.975608
2.094395,3.5000,34.499000,18.754000,-0.487800,-0.051540,-1.871000,-10.220000,-2.221357,-21.113495
2.094395,4.0000,33.475000,16.861000,-0.696900,-0.044880,-1.871000,-10.220000,-1.801952,-19.331596
2.094395,4.5000,32.841000,15.294000,-0.863500,-0.039760,-1.871000,-10.220000,-1.501722,-18.179951
2.094395,5.0000,32.397000,14.024000,-1.021400,-0.035760,-1.871000,-10.220000,-1.285717,-17.354892
2.181662,0.0000,26.527000,28.373000,67.718900,-0.072240,-2.887000,-9.646000,-106.856629,-17.818987
2.181662,0.2000,26.410000,28.667000,64.620800,-0.072240,-2.876000,-9.672000,-83.308063,-17.773151
2.181662,0.4000,26.798000,29.348000,63.009000,-0.076480,-2.894000,-9.772000,-78.667105,-17.297596
2.181662,0.6000,28.009000,31.053000,60.886200,-0.083130,-2.931000,-9.977000,-80.156796,-15.767799
2.181662,0.8000,29.437000,33.011000,55.109900,-0.096640,-2.859000,-9.936000,-172.059226,-13.934334
2.181662,0.9500,29.661000,33.241000,6.838600,-0.119000,-2.640000,-9.359000,24.900746,-16.850689
2.181662,1.0500,54.024000,36.695000,0.319800,-0.193200,-2.640000,-9.359000,-8.090164,-29.547433
2.181662,1.2000,50.315000,31.555000,0.810200,-0.147900,-2.640000,-9.359000,-7.414074,-27.948881
2.181662,1.4000,47.741000,29.328000,1.072900,-0.112300,-2.640000,-9.359000,-7.196350,-24.516864
2.181662,1.8000,44.341000,28.541000,0.737600,-0.095600,-2.640000,-9.359000,-5.713535,-23.537106
2.181662,2.2000,40.963000,26.277000,0.444100,-0.082720,-2.640000,-9.359000,-4.573349,-19.234193
2.181662,2.6000,38.212000,23.430000,0.126500,-0.070060,-2.640000,-9.359000,-3.523117,-16.707449
2.181662,3.0000,35.966000,21.061000,-0.151100,-0.060210,-2.640000,-9.359000,-2.809785,-15.149004
2.181662,3.5000,34.221000,18.758000,-0.390900,-0.051540,-2.640000,-9.359000,-2.221357,-13.286891
2.181662,4.0000,32.904000,16.854000,-0.610900,-0.044880,-2.640000,-9.359000,-1.801952,-12.123787
2.181662,4.5000,32.048000,15.273000,-0.788100,-0.039760,-2.640000,-9.359000,-1.501722,-10.290322
2.181662,5.0000,31.457000,13.983000,-0.953300,-0.035760,-2.640000,-9.359000,-1.285717,-9.402237
2.268928,0.0000,29.896000,27.107000,60.039100,-0.072240,-3.881000,-8.746000,-69.156006,-17.137168
2.268928,0.2000,29.795000,27.402000,58.216400,-0.072240,-3.873000,-8.764000,-63.483724,-16.896525
2.268928,0.4000,30.185000,28.000000,57.257200,-0.076480,-3.900000,-8.839000,-53.181943,-15.716232
2.268928,0.6000,31.393000,29.508000,55.675100,-0.083130,-3.951000,-9.004000,-39.287716,-13.596288
2.268928,0.8000,32.662000,31.200000,49.723900,-0.096640,-3.842000,-8.931000,48.632658,-8.290699
2.268928,0.9500,32.875000,31.609000,42.504900,-0.119000,-3.517000,-8.413000,792.400631,-8.433939
2.268928,1.0500,54.935000,36.310000,0.484500,-0.193200,-3.517000,-8.413000,-8.090164,-18.151303
2.268928,1.2000,51.045000,31.345000,0.973400,-0.147900,-3.517000,-8.413000,-7.414074,-20.517619
2.268928,1.4000,48.709000,28.799000,1.347100,-0.112300,-3.517000,-8.413000,-7.196350,-20.477512
2.268928,1.8000,45.478000,27.878000,0.991900,-0.095600,-3.517000,-8.413000,-5.713535,-17.171545
2.268928,2.2000,41.553000,25.633000,0.678600,-0.082720,-3.517000,-8.413000,-4.573349,-11.138300
2.268928,2.6000,38.410000,22.834000,0.368900,-0.070060,-3.517000,-8.413000,-3.523117,-7.855251
2.268928,3.0000,35.885000,20.556000,0.095700,-0.060210,-3.517000,-8.413000,-2.809785,-6.199403
2.268928,3.5000,33.753000,18.424000,-0.196200,-0.051540,-3.517000,-8.413000,-2.221357,-5.426483
2.268928,4.0000,32.265000,16.600000,-0.444800,-0.044880,-3.517000,-8.413000,-1.801952,-5.685460
2.268928,4.5000,31.039000,15.025000,-0.609500,-0.039760,-3.517000,-8.413000,-1.501722,-2.746187
2.268928,5.0000,30.262000,13.750000,-0.769800,-0.035760,-3.517000,-8.413000,-1.285717,-1.775023
2.356194,0.0000,33.384000,25.879000,51.543200,-0.072240,-4.894000,-8.011000,-113.159165,-26.499298
2.356194,0.2000,33.280000,26.124000,50.688400,-0.072240,-4.896000,-8.011000,-102.674037,-25.038256
2.356194,0.4000,33.624000,26.507000,50.952000,-0.076480,-4.955000,-8.011000,-85.599895,-20.769720
2.356194,0.6000,34.687000,27.590000,50.864700,-0.083130,-5.046000,-8.745000,-60.733526,-13.722339
2.356194,0.8000,35.711000,28.909000,46.172500,-0.096640,-4.915000,-8.475000,-36.159366,-6.944248
2.356194,0.9500,35.681000,29.267000,37.910200,-0.119000,-4.477000,-7.852000,-28.802588,-2.611542
2.356194,1.0500,55.615000,35.342000,0.719000,-0.193200,-4.477000,-7.852000,-8.090164,24.574160
2.356194,1.2000,51.852000,30.659000,1.185700,-0.147900,-4.477000,-7.852000,-7.414074,22.689129
2.356194,1.4000,49.634000,28.068000,1.621900,-0.112300,-4.477000,-7.852000,-7.196350,22.448486
2.356194,1.8000,46.665000,26.901000,1.262700,-0.095600,-4.477000,-7.852000,-5.713535,19.572238
2.356194,2.2000,42.627000,24.644000,0.935400,-0.082720,-4.477000,-7.852000,-4.573349,17.366351
2.356194,2.6000,38.679000,21.912000,0.617000,-0.070060,-4.477000,-7.852000,-3.523117,15.200570
2.356194,3.0000,35.781000,19.678000,0.369800,-0.060210,-4.477000,-7.852000,-2.809785,13.538993
2.356194,3.5000,33.150000,17.667000,0.094800,-0.051540,-4.477000,-7.852000,-2.221357,12.089409
2.356194,4.0000,31.377000,15.976000,-0.150400,-0.044880,-4.477000,-7.852000,-1.801952,10.926305
2.356194,4.5000,30.033000,14.555000,-0.375000,-0.039760,-4.477000,-7.852000,-1.501722,9.980925
2.356194,5.0000,28.977000,13.329000,-0.526800,-0.035760,-4.477000,-7.852000,-1.285717,9.207432
2.443461,0.0000,37.301000,25.094000,42.473500,-0.072240,-5.838000,-7.258000,-94.709924,-37.654786
2.443461,0.2000,37.164000,25.256000,42.212000,-0.072240,-5.854000,-7.258000,-91.558656,-36.812538
2.443461,0.4000,37.374000,25.333000,43.457600,-0.076480,-5.957000,-7.258000,-86.115557,-34.119637
2.443461,0.6000,38.067000,25.706000,45.301200,-0.083130,-6.133000,-7.137000,-66.749583,-24.058498
2.443461,0.8000,38.650000,26.366000,42.894600,-0.096640,-6.026000,-7.259000,-38.966860,-12.817066
2.443461,0.9500,38.164000,26.487000,35.622000,-0.119000,-5.489000,-6.783000,-23.640239,-5.074114
2.443461,1.0500,56.151000,33.827000,0.994800,-0.193200,-5.489000,-6.783000,0.000000,-4.372814
2.443461,1.2000,52.502000,29.559000,1.404200,-0.147900,-5.489000,-6.783000,0.000000,-7.448451
2.443461,1.4000,50.589000,27.190000,1.854700,-0.112300,-5.489000,-6.783000,0.000000,-14.220812
2.443461,1.8000,48.246000,25.770000,1.518300,-0.095600,-5.489000,-6.783000,0.000000,-16.730368
2.443461,2.2000,43.850000,23.384000,1.191200,-0.082720,-5.489000,-6.783000,0.000000,-12.484750
2.443461,2.6000,39.109000,20.720000,0.856200,-0.070060,-5.489000,-6.783000,0.000000,-6.514530
2.443461,3.0000,35.844000,18.565000,0.613200,-0.060210,-5.489000,-6.783000,0.000000,-1.468491
2.443461,3.5000,32.864000,16.623000,0.370600,-0.051540,-5.489000,-6.783000,0.000000,1.433540
2.443461,4.0000,30.552000,15.044000,0.150600,-0.044880,-5.489000,-6.783000,0.000000,4.769301
2.443461,4.5000,28.952000,13.750000,-0.051800,-0.039760,-5.489000,-6.783000,0.000000,7.282294
2.443461,5.0000,27.723000,12.673000,-0.236700,-0.035760,-5.489000,-6.783000,0.000000,7.952654
2.530727,0.0000,41.984000,24.559000,35.009500,-0.072240,-6.724000,-6.034000,-53.508528,-32.034070
2.530727,0.2000,41.823000,24.706000,34.704900,-0.072240,-6.743000,-6.034000,-53.181943,-32.028341
2.530727,0.4000,41.904000,24.667000,35.919200,-0.076480,-6.862000,-6.034000,-55.387830,-31.856453
2.530727,0.6000,41.921000,24.228000,39.212800,-0.083130,-7.129000,-5.748000,-57.467667,-30.045907
2.530727,0.8000,41.763000,23.920000,39.371700,-0.096640,-7.107000,-6.007000,-40.897727,-19.944661
2.530727,0.9500,40.618000,23.604000,33.784300,-0.119000,-6.509000,-5.690000,-20.500430,-8.903764
2.530727,1.0500,57.184000,31.797000,1.290500,-0.193200,-6.509000,-5.690000,0.000000,-6.594744
2.530727,1.2000,53.196000,28.015000,1.613800,-0.147900,-6.509000,-5.690000,0.000000,-5.219073
2.530727,1.4000,51.875000,26.034000,2.036700,-0.112300,-6.509000,-5.690000,0.000000,-12.278486
2.530727,1.8000,49.939000,24.463000,1.731400,-0.095600,-6.509000,-5.690000,0.000000,-15.618829
2.530727,2.2000,45.301000,22.034000,1.404100,-0.082720,-6.509000,-5.690000,0.000000,-14.238001
2.530727,2.6000,40.174000,19.305000,1.089000,-0.070060,-6.509000,-5.690000,0.000000,-8.915223
2.530727,3.0000,36.117000,17.236000,0.831700,-0.060210,-6.509000,-5.690000,0.000000,-2.826401
2.530727,3.5000,32.791000,15.382000,0.598800,-0.051540,-6.509000,-5.690000,0.000000,1.830600
2.530727,4.0000,30.133000,13.891000,0.401600,-0.044880,-6.509000,-5.690000,0.000000,4.580798
2.530727,4.5000,28.062000,12.677000,0.235700,-0.039760,-6.509000,-5.690000,0.000000,7.626068
2.530727,5.0000,26.616000,11.725000,0.071900,-0.035760,-6.509000,-5.690000,0.000000,10.032491
2.617994,0.0000,45.365000,22.017000,33.134700,-0.072240,-7.727000,-4.663000,-17.188734,-21.039010
2.617994,0.2000,45.254000,22.204000,32.930300,-0.072240,-7.748000,-4.663000,-16.065737,-21.434351
2.617994,0.4000,45.440000,22.244000,33.790700,-0.076480,-7.874000,-4.663000,-18.936255,-22.643292
2.617994,0.6000,45.916000,22.330000,35.272500,-0.083130,-8.103000,-4.827000,-30.962639,-27.204036
2.617994,0.8000,45.258000,21.685000,35.756300,-0.096640,-8.098000,-4.839000,-33.317496,-24.631456
2.617994,0.9500,43.227000,20.758000,32.043800,-0.119000,-7.490000,-4.596000,-19.274300,-15.177652
2.617994,1.0500,59.206000,29.270000,1.575800,-0.193200,-7.490000,-4.596000,0.000000,-13.842660
2.617994,1.2000,54.424000,25.995000,1.800000,-0.147900,-7.490000,-4.596000,0.000000,-10.129894
2.617994,1.4000,53.287000,24.454000,2.150500,-0.112300,-7.490000,-4.596000,0.000000,-12.301404
2.617994,1.8000,51.719000,22.919000,1.864800,-0.095600,-7.490000,-4.596000,0.000000,-15.406835
2.617994,2.2000,47.190000,20.479000,1.572200,-0.082720,-7.490000,-4.596000,0.000000,-15.349539
2.617994,2.6000,41.482000,17.818000,1.258900,-0.070060,-7.490000,-4.596000,0.000000,-11.338835
2.617994,3.0000,36.969000,15.738000,1.022500,-0.060210,-7.490000,-4.596000,0.000000,-6.365561
2.617994,3.5000,32.974000,13.970000,0.786700,-0.051540,-7.490000,-4.596000,0.000000,-0.854280
2.617994,4.0000,30.014000,12.562000,0.602500,-0.044880,-7.490000,-4.596000,0.000000,3.340917
2.617994,4.5000,27.669000,11.446000,0.448100,-0.039760,-7.490000,-4.596000,0.000000,5.648218
2.617994,5.0000,25.811000,10.557000,0.316500,-0.035760,-7.490000,-4.596000,0.000000,8.353725
2.705260,0.0000,48.640000,19.087000,32.009600,-0.072240,-8.678000,-3.678000,-11.361753,-23.772019
2.705260,0.2000,48.568000,19.292000,31.901300,-0.072240,-8.703000,-3.678000,-10.588260,-24.087146
2.705260,0.4000,48.824000,19.347000,32.614000,-0.076480,-8.841000,-3.678000,-12.267026,-25.061174
2.705260,0.6000,49.396000,19.441000,33.808600,-0.083130,-9.090000,-3.880000,-15.395376,-26.487839
2.705260,0.8000,48.760000,19.019000,33.556900,-0.096640,-9.044000,-3.794000,-20.511889,-27.135281
2.705260,0.9500,46.184000,17.990000,30.420600,-0.119000,-8.389000,-3.561000,-15.911038,-21.583320
2.705260,1.0500,62.238000,26.240000,1.804400,-0.193200,-8.389000,-3.561000,0.000000,-23.393867
2.705260,1.2000,56.813000,23.479000,1.934700,-0.147900,-8.389000,-3.561000,0.000000,-20.231140
2.705260,1.4000,55.314000,22.340000,2.188400,-0.112300,-8.389000,-3.561000,0.000000,-19.629534
2.705260,1.8000,53.813000,20.957000,1.908600,-0.095600,-8.389000,-3.561000,0.000000,-16.529832
2.705260,2.2000,49.133000,18.682000,1.638400,-0.082720,-8.389000,-3.561000,0.000000,-15.830824
2.705260,2.6000,43.190000,16.130000,1.360900,-0.070060,-8.389000,-3.561000,0.000000,-13.235325
2.705260,3.0000,38.179000,14.153000,1.135500,-0.060210,-8.389000,-3.561000,0.000000,-9.912170
2.705260,3.5000,33.738000,12.435000,0.923500,-0.051540,-8.389000,-3.561000,0.000000,-5.473466
2.705260,4.0000,30.204000,11.107000,0.748000,-0.044880,-8.389000,-3.561000,0.000000,-1.038200
2.705260,4.5000,27.602000,10.071000,0.607000,-0.039760,-8.389000,-3.561000,0.000000,2.437935
2.705260,5.0000,25.550000,9.259000,0.490000,-0.035760,-8.389000,-3.561000,0.000000,4.940042
2.792527,0.0000,52.126000,15.968000,31.152000,-0.072240,-9.529000,-2.822000,-8.084434,-29.427112
2.792527,0.2000,52.101000,16.193000,31.081800,-0.072240,-9.555000,-2.822000,-7.797956,-29.833912
2.792527,0.4000,52.446000,16.271000,31.649900,-0.076480,-9.701000,-2.822000,-9.350671,-31.042853
2.792527,0.6000,53.152000,16.390000,32.585500,-0.083130,-9.962000,-2.715000,-12.077950,-32.967992
2.792527,0.8000,52.452000,16.035000,32.175900,-0.096640,-9.903000,-2.773000,-13.779635,-32.904966
2.792527,0.9500,49.407000,15.072000,29.267100,-0.119000,-9.194000,-2.605000,-11.378942,-28.309845
2.792527,1.0500,66.236000,22.660000,1.925500,-0.193200,-9.194000,-2.605000,0.000000,-34.348820
2.792527,1.2000,60.318000,20.411000,1.972800,-0.147900,-9.194000,-2.605000,0.000000,-31.409546
2.792527,1.4000,58.630000,19.608000,2.133600,-0.112300,-9.194000,-2.605000,0.000000,-31.535597
2.792527,1.8000,56.226000,18.419000,1.851200,-0.095600,-9.194000,-2.605000,0.000000,-23.542836
2.792527,2.2000,51.347000,16.432000,1.600100,-0.082720,-9.194000,-2.605000,0.000000,-18.414864
2.792527,2.6000,45.014000,14.164000,1.346400,-0.070060,-9.194000,-2.605000,0.000000,-14.386970
2.792527,3.0000,39.787000,12.361000,1.154100,-0.060210,-9.194000,-2.605000,0.000000,-12.249838
2.792527,3.5000,34.917000,10.775000,0.972700,-0.051540,-9.194000,-2.605000,0.000000,-9.230350
2.792527,4.0000,31.060000,9.556000,0.818600,-0.044880,-9.194000,-2.605000,0.000000,-6.474423
2.792527,4.5000,28.009000,8.597000,0.697600,-0.039760,-9.194000,-2.605000,0.000000,-2.955889
2.792527,5.0000,25.627000,7.859000,0.594600,-0.035760,-9.194000,-2.605000,0.000000,-0.086517
2.879793,0.0000,55.930000,12.600000,30.598500,-0.072240,-10.250000,-2.075000,-4.110972,-36.113530
2.879793,0.2000,55.960000,12.843000,30.540000,-0.072240,-10.280000,-2.075000,-4.049093,-36.594814
2.879793,0.4000,56.417000,12.942000,30.981700,-0.076480,-10.430000,-2.075000,-5.358874,-38.010020
2.879793,0.6000,57.303000,13.088000,31.700800,-0.083130,-10.690000,-1.656000,-7.580232,-40.341958
2.879793,0.8000,56.580000,12.826000,31.151600,-0.096640,-10.620000,-1.821000,-9.092840,-40.628437
2.879793,0.9500,53.107000,11.990000,28.434500,-0.119000,-9.870000,-1.731000,-7.322401,-36.147907
2.879793,1.0500,71.144000,18.433000,1.889800,-0.193200,-9.870000,-1.731000,0.000000,-45.876731
2.879793,1.2000,64.782000,16.692000,1.871000,-0.147900,-9.870000,-1.731000,0.000000,-42.456173
2.879793,1.4000,63.043000,16.159000,1.950600,-0.112300,-9.870000,-1.731000,0.000000,-42.845784
2.879793,1.8000,59.845000,15.192000,1.694500,-0.095600,-9.870000,-1.731000,0.000000,-36.084882
2.879793,2.2000,53.967000,13.565000,1.459900,-0.082720,-9.870000,-1.731000,0.000000,-27.152470
2.879793,2.6000,47.047000,11.700000,1.229000,-0.070060,-9.870000,-1.731000,0.000000,-19.875906
2.879793,3.0000,41.493000,10.210000,1.057300,-0.060210,-9.870000,-1.731000,0.000000,-15.005765
2.879793,3.5000,36.385000,8.880000,0.906400,-0.051540,-9.870000,-1.731000,0.000000,-11.814390
2.879793,4.0000,32.271000,7.829000,0.788800,-0.044880,-9.870000,-1.731000,0.000000,-9.419426
2.879793,4.5000,28.961000,7.009000,0.691600,-0.039760,-9.870000,-1.731000,0.000000,-7.500018
2.879793,5.0000,26.333000,6.369000,0.611500,-0.035760,-9.870000,-1.731000,0.000000,-5.690617
2.967060,0.0000,60.124000,8.852000,30.434500,-0.072240,-10.830000,-1.452000,1.046221,0.000000
2.967060,0.2000,60.218000,9.105000,30.375100,-0.072240,-10.860000,-1.452000,1.004395,0.000000
2.967060,0.4000,60.806000,9.213000,30.714600,-0.076480,-11.010000,-1.452000,-0.018976,0.000000
2.967060,0.6000,61.907000,9.364000,31.262200,-0.083130,-11.270000,-0.739600,-1.730333,0.000000
2.967060,0.8000,61.195000,9.201000,30.588500,-0.096640,-11.180000,-1.005000,-3.101421,0.000000
2.967060,0.9500,57.275000,8.557000,27.988900,-0.119000,-10.400000,-0.980500,-2.211617,0.000000
2.967060,1.0500,76.837000,13.412000,1.657800,-0.193200,-10.400000,-0.980500,0.000000,-57.410371
2.967060,1.2000,70.019000,12.186000,1.598700,-0.147900,-10.400000,-0.980500,0.000000,-53.027244
2.967060,1.4000,68.257000,11.856000,1.624300,-0.112300,-10.400000,-0.980500,0.000000,-52.918382
2.967060,1.8000,64.474000,11.161000,1.420500,-0.095600,-10.400000,-0.980500,0.000000,-47.234641
2.967060,2.2000,57.755000,9.973000,1.227900,-0.082720,-10.400000,-0.980500,0.000000,-39.476792
2.967060,2.6000,49.876000,8.605000,1.031800,-0.070060,-10.400000,-0.980500,0.000000,-30.647512
2.967060,3.0000,43.592000,7.515000,0.882700,-0.060210,-10.400000,-0.980500,0.000000,-23.720453
2.967060,3.5000,38.000000,6.543000,0.755200,-0.051540,-10.400000,-0.980500,0.000000,-18.288813
2.967060,4.0000,33.607000,5.774000,0.658200,-0.044880,-10.400000,-0.980500,0.000000,-14.392700
2.967060,4.5000,30.129000,5.166000,0.584100,-0.039760,-10.400000,-0.980500,0.000000,-11.711257
2.967060,5.0000,27.365000,4.686000,0.525900,-0.035760,-10.400000,-0.980500,0.000000,-9.751742
3.054326,0.0000,0.000000,0.000000,30.781000,-0.072240,-11.260000,0.000000,0.000000,0.000000
3.054326,0.2000,0.000000,0.000000,30.715200,-0.072240,-11.290000,0.000000,0.000000,0.000000
3.054326,0.4000,0.000000,0.000000,30.978400,-0.076480,-11.430000,0.000000,0.000000,0.000000
3.054326,0.6000,0.000000,0.000000,31.398800,-0.083130,-11.700000,0.000000,0.000000,0.000000
3.054326,0.8000,0.000000,0.000000,30.610200,-0.096640,-11.600000,0.000000,0.000000,0.000000
3.054326,0.9500,0.000000,0.000000,28.048500,-0.119000,-10.800000,0.000000,0.000000,0.000000
3.054326,1.0500,83.182000,7.406000,1.213300,-0.193200,-10.800000,0.000000,0.000000,-68.926823
3.054326,1.2000,75.851000,6.734000,1.147300,-0.147900,-10.800000,0.000000,0.000000,-63.254541
3.054326,1.4000,74.022000,6.571000,1.146700,-0.112300,-10.800000,0.000000,0.000000,-62.280512
3.054326,1.8000,69.706000,6.202000,1.022900,-0.095600,-10.800000,0.000000,0.000000,-56.430613
3.054326,2.2000,62.282000,5.551000,0.893400,-0.082720,-10.800000,0.000000,0.000000,-49.091024
3.054326,2.6000,53.607000,4.797000,0.756000,-0.070060,-10.800000,0.000000,0.000000,-40.920646
3.054326,3.0000,46.674000,4.196000,0.649400,-0.060210,-10.800000,0.000000,0.000000,-34.366009
3.054326,3.5000,40.470000,3.664000,0.555700,-0.051540,-10.800000,0.000000,0.000000,-28.332763
3.054326,4.0000,35.562000,3.244000,0.483300,-0.044880,-10.800000,0.000000,0.000000,-23.405326
3.054326,4.5000,31.699000,2.911000,0.427200,-0.039760,-10.800000,0.000000,0.000000,-19.635264
3.054326,5.0000,28.665000,2.648000,0.383600,-0.035760,-10.800000,0.000000,0.000000,-16.850689
3.141593,0.0000,0.000000,0.000000,0.000000,-0.072240,0.000000,0.000000,0.000000,0.000000
3.141593,0.2000,0.000000,0.000000,0.000000,-0.072240,0.000000,0.000000,0.000000,0.000000
3.141593,0.4000,0.000000,0.000000,0.000000,-0.076480,0.000000,0.000000,0.000000,0.000000
3.141593,0.6000,0.000000,0.000000,0.000000,-0.083130,0.000000,0.000000,0.000000,0.000000
3.141593,0.8000,0.000000,0.000000,0.000000,-0.096640,0.000000,0.000000,0.000000,0.000000
3.141593,0.9500,0.000000,0.000000,0.000000,-0.119000,0.000000,0.000000,0.000000,0.000000
3.141593,1.0500,90.025000,0.211000,0.573700,-0.193200,0.000000,0.000000,0.000000,-80.385979
3.141593,1.2000,82.107000,0.173000,0.537900,-0.147900,0.000000,0.000000,0.000000,-73.338598
3.141593,1.4000,80.148000,0.173000,0.534500,-0.112300,0.000000,0.000000,0.000000,-71.447837
3.141593,1.8000,75.282000,0.196000,0.508700,-0.095600,0.000000,0.000000,0.000000,-65.030710
3.141593,2.2000,67.178000,0.193000,0.456600,-0.082720,0.000000,0.000000,0.000000,-57.467667
3.141593,2.6000,57.755000,0.190000,0.393400,-0.070060,0.000000,0.000000,0.000000,-49.239993
3.141593,3.0000,50.232000,0.186000,0.342500,-0.060210,0.000000,0.000000,0.000000,-42.885891
3.141593,3.5000,43.504000,0.190000,0.296800,-0.051540,0.000000,0.000000,0.000000,-37.408414
3.141593,4.0000,38.184000,0.193000,0.260700,-0.044880,0.000000,0.000000,0.000000,-33.300307
3.141593,4.5000,33.996000,0.194000,0.232200,-0.039760,0.000000,0.000000,0.000000,-29.948504
3.141593,5.0000,30.704000,0.193000,0.209800,-0.035760,0.000000,0.000000,0.000000,-27.083715
