time,x,y,z,vx,vy,vz,phi,theta,psi,p,q,r,elevator,aileron,rudder,throttle,elevator_cmd,aileron_cmd,rudder_cmd,throttle_cmd,tvc_pitch,tvc_yaw,alpha,beta,mach,airspeed,altitude,mass,thrust,pitch_sp,roll_sp,heading_sp,altitude_sp,speed_sp,qbar,rocket_table_aero_fx,rocket_table_aero_fy,rocket_table_aero_fz,rocket_table_aero_mx,rocket_table_aero_my,rocket_table_aero_mz,solid_motor_fx,solid_motor_fy,solid_motor_fz,solid_motor_mx,solid_motor_my,solid_motor_mz
0,0,0,-2,2.6,0,-29.9,0,1.4835299,0,0,0,0,-4.9642439e-15,0,0,0.004,-7.4463659e-14,0,0,1,0,0,-0.13405503,-0.067319448,0.088159585,29.9995,2,85,6670,1.4835299,0,0,nan,nan,551.1258,-27.33532,150.82144,255.62485,0,549.33266,-322.15258,6670,0,0,0,0,0
0.05,0.14159259,0.00186341,-3.577491,3.0772731,0.06981211,-33.364408,-0.0077515395,1.4847618,-0.0077807393,4.7419074e-20,0.047539618,-0.023923216,0.17160918,-2.384359e-21,-0.16698057,0.098962639,0.7854,-6.7216406e-21,-0.51387603,1,0,0,-0.11367657,-0.057471163,0.09825116,33.43293,3.577491,84.761941,6920.125,1.4835299,0,0,nan,nan,684.39339,-35.435211,79.290292,183.72935,-4.5710833e-21,333.33913,-107.18759,6920.125,0,0,0,0,0
0.1,0.30616952,0.0059786206,-5.3319894,3.5192218,0.088455629,-36.986584,-0.023045228,1.4878032,-0.023129348,-7.9286753e-20,0.073536559,-0.022554874,0.26179939,-2.8784643e-21,-0.26179939,0.18487116,0.7854,9.1525861e-21,-0.39260042,1,0,0,-0.095959427,-0.049953292,0.10885087,37.039068,5.3319894,84.523882,7170.25,1.4835299,0,0,nan,nan,839.85416,-44.089196,19.394474,141.01486,7.4811334e-21,201.86596,79.192485,7170.25,0,0,0,0,0
0.15,0.49235379,0.010473012,-7.2713624,3.9410583,0.090337308,-40.765621,-0.03614555,1.4918902,-0.03627288,-3.978438e-19,0.090217038,-0.01458836,0.26179939,2.4181577e-20,-0.24824295,0.26258882,0.7854,3.7811342e-20,-0.20799334,1,0,0,-0.080289256,-0.044104376,0.11993663,40.810368,7.2713624,84.285823,7420.375,1.4835299,0,0,nan,nan,1019.3983,-54.241207,17.385162,108.73187,6.7352717e-18,110.70045,85.951382,7420.375,0,0,0,0,0
0.2,0.69898365,0.014986939,-9.4034628,4.3344176,0.092422703,-44.702148,-0.045938121,1.4965687,-0.04609433,-1.1577578e-19,0.096291881,-0.0090375978,0.26179939,1.049898e-20,-0.15076373,0.33289656,0.7854,9.1491312e-21,-0.10656975,1,0,0,-0.066657698,-0.03932566,0.13150049,44.744081,9.4034628,84.047764,7670.5,1.4835299,0,0,nan,nan,1225.1385,-65.077485,45.274158,68.297233,3.5084916e-18,-1.8856472,-3.8182146,7670.5,0,0,0,0,0
0.25,0.92436664,0.019973588,-11.735064,4.6869254,0.107969,-48.723767,-0.056459854,1.5012493,-0.056643199,1.168202e-19,0.08973435,-0.012144816,0.26179939,6.4385947e-21,-0.12088103,0.39650088,0.7854,-7.7680767e-21,-0.11985468,1,0,0,-0.055328789,-0.034936359,0.14332249,48.765327,11.735064,83.804168,7663.5521,1.4835299,0,0,nan,nan,1454.9198,-76.400208,52.042233,22.090667,2.5371756e-18,-130.98201,-25.11785,7663.5521,0,0,0,0,0
0.3,1.1662123,0.025596967,-14.267885,4.9912596,0.11554311,-52.751061,-0.069577636,1.5052562,-0.069790873,3.7584889e-19,0.069280008,-0.012568618,0.26179939,-2.4234806e-20,-0.11399389,0.45404091,0.7854,-2.1313473e-20,-0.10521028,1,0,0,-0.046582842,-0.031176696,0.15516735,52.794017,14.267885,83.560573,7656.6042,1.4835299,0,0,nan,nan,1704.8279,-87.676671,40.307096,-25.981278,-3.9621665e-20,-267.05081,8.7254604,7656.6042,0,0,0,0,0
0.35,1.4221966,0.03144898,-17.002197,5.2520453,0.11866661,-56.783496,-0.082266865,1.5078947,-0.08250622,4.0626456e-19,0.034765161,-0.01220188,0.26179939,-2.1351687e-20,-0.096315022,0.50609484,0.70137549,-1.9874143e-20,-0.087641435,1,0,0,-0.040633779,-0.02796151,0.16703013,56.828448,17.002197,83.316978,7649.6562,1.4835299,0,0,nan,nan,1974.8253,-98.881099,44.435299,-70.465255,-4.5443907e-20,-398.15218,-3.9546251,7649.6562,0,0,0,0,0
0.4,1.6903912,0.03744793,-19.938239,5.480911,0.12098129,-60.820314,-0.093098451,1.5084891,-0.093358941,4.3069969e-19,-0.01253399,-0.012810779,0.26179939,-1.9382478e-20,-0.084823498,0.55318574,0.3265504,-1.8358018e-20,-0.079747401,1,0,0,-0.037684301,-0.025095818,0.1789072,60.867351,19.938239,83.073383,7642.7083,1.4835299,0,0,nan,nan,2264.8707,-109.83148,45.051786,-104.60442,-5.1295388e-20,-509.17298,-4.9668564,7642.7083,0,0,0,0,0
0.45,1.9698716,0.04349182,-23.076194,5.7213806,0.12022656,-64.859081,-0.10052205,1.5066087,-0.10079728,6.5053217e-19,-0.055986367,-0.013133248,0.14296641,-1.9494543e-20,-0.07621583,0.59578681,0.026716369,-2.4372181e-20,-0.071480525,1,0,0,-0.037320854,-0.022532281,0.19079398,64.909145,23.076194,82.829787,7635.7604,1.4835299,0,0,nan,nan,2574.8712,-120.32244,44.68947,24.430694,-8.2527281e-20,-128.54596,-1.7786588,7635.7604,0,0,0,0,0
0.5,2.2644962,0.049425193,-26.415957,6.096293,0.11642243,-68.891979,-0.10652812,1.5040142,-0.10681631,8.3765249e-19,-0.037077012,-0.013241259,0.0663661,-2.4599653e-20,-0.068004077,0.63432612,0.08589777,-2.7804649e-20,-0.063638406,1,0,0,-0.035976216,-0.0202265,0.20267813,68.949598,26.415957,82.586192,7628.8125,1.4835299,0,0,nan,nan,2904.4766,-131.83175,44.343279,167.87828,-1.1255073e-19,282.31828,-0.693242,7628.8125,0,0,0,0,0
0.55,2.5785497,0.055090799,-29.957347,6.4710779,0.10933293,-72.925591,-0.11400403,1.50255,-0.11430933,8.029262e-19,-0.024098955,-0.013285706,0.11002754,-2.4329971e-20,-0.06088743,0.66919093,0.11912024,-2.3785648e-20,-0.057170331,1,0,0,-0.033923768,-0.018143379,0.21456921,72.991936,29.957347,82.342597,7621.8646,1.4835299,0,0,nan,nan,3253.9166,-147.31869,43.399671,69.299563,-1.1386745e-19,-20.193796,0.20178077,7621.8646,0,0,0,0,0
0.6,2.9105114,0.060315937,-33.700465,6.8246695,0.098641921,-76.960186,-0.12137062,1.5012054,-0.12169343,7.3650159e-19,-0.026112831,-0.013207019,0.09900754,-2.1568035e-20,-0.054576202,0.7007316,0.088250422,-1.9591236e-20,-0.051198186,1,0,0,-0.032385296,-0.0162569,0.22646527,77.035474,33.700465,82.099001,7614.9167,1.4835299,0,0,nan,nan,3623.114,-163.43002,42.240751,88.275318,-1.1007194e-19,24.250942,1.2834903,7614.9167,0,0,0,0,0
0.65,3.2607206,0.064918526,-37.645254,7.201232,0.084257394,-80.992307,-0.12852477,1.4999448,-0.12886528,7.0177088e-19,-0.020568448,-0.013023042,0.0901599,-1.8221778e-20,-0.048821045,0.72926505,0.089842143,-1.6855668e-20,-0.045734465,1,0,0,-0.03075576,-0.014544794,0.23836045,81.078183,37.645254,81.855406,7607.9687,1.4835299,0,0,nan,nan,4011.8426,-180.32436,40.789814,102.80308,-1.1021667e-19,57.57295,2.2797406,7607.9687,0,0,0,0,0
0.7,3.6299122,0.068710453,-41.791608,7.5812479,0.066052569,-85.02281,-0.135779,1.4989516,-0.13613802,7.4592349e-19,-0.016598981,-0.012745335,0.089545114,-1.6642938e-20,-0.04356334,0.75507801,0.087820085,-1.6258682e-20,-0.040751715,1,0,0,-0.029080917,-0.012989733,0.25025515,85.120172,41.791608,81.611811,7601.0208,1.4835299,0,0,nan,nan,4420.0567,-197.98979,39.150023,93.04575,-1.2280073e-19,21.359558,3.0290861,7601.0208,0,0,0,0,0
0.75,4.0181113,0.071499814,-46.139444,7.9628915,0.043994868,-89.051363,-0.14288925,1.4980919,-0.14326688,7.8969721e-19,-0.014456928,-0.012396878,0.084489906,-1.6038168e-20,-0.038796613,0.77842985,0.08139669,-1.5691812e-20,-0.036253956,1,0,0,-0.027485488,-0.011576493,0.262148,89.160954,46.139444,81.368215,7594.0729,1.4835299,0,0,nan,nan,4847.645,-216.3895,37.33628,95.824572,-1.3597887e-19,23.530141,3.6984932,7594.0729,0,0,0,0,0
0.8,4.4255238,0.07309296,-50.688645,8.3496995,0.018043598,-93.077252,-0.14981568,1.4973484,-0.15021185,8.0147681e-19,-0.011916583,-0.011976708,0.079811931,-1.5337281e-20,-0.034478021,0.79955524,0.07754252,-1.4579285e-20,-0.032169481,1,0,0,-0.025921109,-0.010292685,0.27403727,93.199908,50.688645,81.12462,7587.125,1.4835299,0,0,nan,nan,5294.4699,-235.49114,35.338019,97.071012,-1.4409441e-19,22.807937,4.370352,7587.125,0,0,0,0,0
0.85,4.8523461,0.073295122,-55.439072,8.7390698,-0.01179309,-97.100273,-0.1565498,1.4967213,-0.15696433,8.4459983e-19,-0.0098672162,-0.011494129,0.075819728,-1.4554848e-20,-0.03055767,0.81866645,0.073521312,-1.4118543e-20,-0.028464971,1,0,0,-0.02439623,-0.0091279582,0.28592196,97.236666,55.439072,80.881025,7580.1771,1.4835299,0,0,nan,nan,5760.4093,-255.14476,33.24126,96.128824,-1.5847284e-19,16.528534,4.8864536,7580.1771,0,0,0,0,0
0.9,5.29868,0.071913315,-60.390576,9.1302391,-0.045456342,-101.12009,-0.16302958,1.4961829,-0.16346207,8.5579544e-19,-0.0083115533,-0.010963224,0.071609007,-1.365386e-20,-0.027011125,0.83595552,0.069245273,-1.3192639e-20,-0.025120819,1,0,0,-0.022927951,-0.0080729867,0.2978009,101.27081,60.390576,80.637429,7573.2292,1.4835299,0,0,nan,nan,6245.325,-275.45235,31.074333,95.83038,-1.6728407e-19,13.636921,5.3056657,7573.2292,0,0,0,0,0
0.95,5.7646129,0.068758117,-65.542985,9.5229911,-0.082861705,-105.1363,-0.1692158,1.4957166,-0.16966566,8.7456434e-19,-0.0070086757,-0.010392614,0.06748694,-1.2942155e-20,-0.023810173,0.85159618,0.065229836,-1.2473535e-20,-0.02210537,1,0,0,-0.021518675,-0.0071195095,0.30967283,105.30187,65.542985,80.393834,7566.2812,1.4835299,0,0,nan,nan,6749.0644,-296.39392,28.868082,95.166172,-1.7780638e-19,11.112854,5.6392758,7566.2812,0,0,0,0,0
1,6.2502074,0.063645113,-70.896112,9.9166355,-0.12389123,-109.14855,-0.17507878,1.49531,-0.17554529,8.7730351e-19,-0.0059909417,-0.0097925487,0.063521485,-1.2097292e-20,-0.020927003,0.86574559,0.061329955,-1.1611648e-20,-0.019393654,1,0,0,-0.020173098,-0.0062600502,0.32153656,109.32943,70.896112,80.150239,7559.3333,1.4835299,0,0,nan,nan,7271.4669,-317.94849,26.663143,93.982934,-1.8523237e-19,8.4082446,5.8670341,7559.3333,0,0,0,0,0
1.05,6.7554959,0.056396498,-76.449748,10.310712,-0.16839931,-113.15648,-0.1805896,1.4949502,-0.18107193,8.6014488e-19,-0.0052197672,-0.0091735253,0.059675908,-1.1110694e-20,-0.018338092,0.87854595,0.057563153,-1.0594488e-20,-0.016963382,1,0,0,-0.018895654,-0.0054876711,0.33339091,113.35306,76.449748,79.906644,7552.3854,1.4835299,0,0,nan,nan,7812.3625,-340.0944,24.486336,92.624003,-1.8833681e-19,6.3976867,6.001575,7552.3854,0,0,0,0,0
1.1,7.2804918,0.046842249,-82.20367,10.704877,-0.21621983,-117.15971,-0.18572817,1.4946272,-0.18622537,8.7833109e-19,-0.0046397805,-0.0085448439,0.055994755,-1.0441063e-20,-0.016020737,0.89012586,0.05398143,-1.0094081e-20,-0.014792153,1,0,0,-0.01768814,-0.0047958904,0.34523473,117.37233,82.20367,79.663048,7545.4375,1.4835299,0,0,nan,nan,8371.5727,-362.80998,22.363255,90.998816,-1.9917916e-19,4.6946558,6.0491255,7545.4375,0,0,0,0,0
1.15,7.825194,0.034821068,-88.157633,11.09901,-0.26717106,-121.1579,-0.19048294,1.4943333,-0.19099402,8.725944e-19,-0.0041753925,-0.0079153821,0.052524825,-9.7492768e-21,-0.013953367,0.90060171,0.050664472,-9.3795624e-21,-0.012859221,1,0,0,-0.016549171,-0.0041785998,0.35706697,121.38687,88.157633,79.419453,7538.4896,1.4835299,0,0,nan,nan,8948.9134,-385.97963,20.308148,89.930275,-2.0486884e-19,4.2162911,6.0150143,7538.4896,0,0,0,0,0
1.2,8.389603,0.02018096,-94.311379,11.493043,-0.3210609,-125.15074,-0.19485506,1.4940646,-0.195379,8.6670288e-19,-0.0038211109,-0.007293222,0.049325076,-9.0667362e-21,-0.012115659,0.91007874,0.04757802,-8.7336586e-21,-0.011144863,1,0,0,-0.015474238,-0.0036299998,0.36888672,125.39633,94.311379,79.175858,7531.5417,1.4835299,0,0,nan,nan,9544.1989,-409.62918,18.346509,88.264929,-2.1046544e-19,2.4513478,5.9065002,7531.5417,0,0,0,0,0
1.25,8.9737028,0.0027799251,-100.66463,11.886613,-0.3776823,-129.13792,-0.19884006,1.4938138,-0.1993758,8.5076658e-19,-0.003628039,-0.0066858361,0.046270559,-8.4335364e-21,-0.010488532,0.91865219,0.044598735,-8.0542591e-21,-0.0096307401,1,0,0,-0.01446567,-0.0031444972,0.38069299,129.40037,100.66463,78.932262,7524.5937,1.4835299,0,0,nan,nan,10157.232,-433.75648,16.496305,86.620686,-2.1343381e-19,1.3795428,5.7310476,7524.5937,0,0,0,0,0
1.3,9.5774695,-0.017513532,-107.2171,12.279684,-0.43682311,-133.11912,-0.2024403,1.4935751,-0.20298676,8.4460995e-19,-0.0035165077,-0.0060995417,0.043379966,-7.8380578e-21,-0.0090538721,0.92640822,0.041811659,-7.5272915e-21,-0.0082990917,1,0,0,-0.013522256,-0.0027167233,0.39248483,133.39862,107.2171,78.688667,7517.6458,1.4835299,0,0,nan,nan,10787.808,-458.33872,14.767253,84.940523,-2.1866249e-19,0.72304659,5.5012774,7517.6458,0,0,0,0,0
1.35,10.200875,-0.040820217,-113.96848,12.672151,-0.49826116,-137.09394,-0.20566721,1.4933453,-0.20622335,8.4225149e-19,-0.0034484304,-0.0055448589,0.04070219,-7.3349101e-21,-0.0077999017,0.93342475,0.039317972,-7.0803086e-21,-0.0071545993,1,0,0,-0.012641557,-0.0023414583,0.40426109,137.39067,113.96848,78.445072,7510.6979,1.4835299,0,0,nan,nan,11435.702,-484.16033,13.223272,83.427321,-2.2486799e-19,1.4234126,4.9621422,7510.6979,0,0,0,0,0
1.4,10.843887,-0.067249284,-120.91843,13.063744,-0.56179035,-141.06102,-0.20855651,1.493125,-0.20912136,8.3972157e-19,-0.0033531038,-0.0050366466,0.038441418,-6.8986503e-21,-0.0067471559,0.93977231,0.037231215,-6.6714308e-21,-0.0061971866,1,0,0,-0.01181802,-0.0020131272,0.41601772,141.37513,120.91843,78.201476,7503.75,1.4835299,0,0,nan,nan,12100.514,-511.99373,11.580295,80.673964,-2.3111655e-19,-0.25857295,4.8968056,7503.75,0,0,0,0,0
1.45,11.506441,-0.096903382,-128.06652,13.453796,-0.62729812,-145.01964,-0.21111123,1.4929093,-0.21168383,8.3308493e-19,-0.0034435342,-0.0045344676,0.03629354,-6.4761978e-21,-0.0058199952,0.94551466,0.035105108,-6.2660634e-21,-0.0053298407,1,0,0,-0.011055871,-0.001728305,0.42775251,145.35121,128.06652,77.957881,7496.8021,1.4835299,0,0,nan,nan,12781.924,-540.48382,10.147469,78.174563,-2.3614756e-19,-1.0015626,4.6362195,7496.8021,0,0,0,0,0
1.5,12.188469,-0.12987449,-135.41233,13.84266,-0.69449697,-148.9693,-0.21333697,1.4926936,-0.21391636,8.2334041e-19,-0.0035235933,-0.004074679,0.034252135,-6.0865917e-21,-0.0050066589,0.95070951,0.033156414,-5.872416e-21,-0.0045830458,1,0,0,-0.010352102,-0.0014824765,0.43946411,149.31842,135.41233,77.714286,7489.8542,1.4835299,0,0,nan,nan,13479.648,-569.61624,8.9218901,76.024752,-2.401491e-19,-0.63157856,4.1911249,7489.8542,0,0,0,0,0
1.55,12.88991,-0.16624217,-142.9554,14.230269,-0.76319277,-152.90955,-0.21526686,1.4924786,-0.21585217,8.1446132e-19,-0.003601176,-0.0036546084,0.032375242,-5.7196975e-21,-0.0043056031,0.95540906,0.031360063,-5.5171433e-21,-0.0039398262,1,0,0,-0.0097014968,-0.0012710804,0.45115117,153.2763,142.9554,77.47069,7482.9062,1.4835299,0,0,nan,nan,14193.395,-599.37683,7.7946653,73.627211,-2.4423533e-19,-0.88957935,3.8594027,7482.9062,0,0,0,0,0
1.6,13.610699,-0.20607704,-150.69525,14.616536,-0.83320582,-156.83992,-0.21692378,1.4922633,-0.21751419,8.0841764e-19,-0.0036978012,-0.0032701596,0.030623874,-5.3896642e-21,-0.0036997297,0.95966054,0.029675479,-5.2086816e-21,-0.0033841558,1,0,0,-0.0091013281,-0.0010902642,0.46281237,157.22436,150.69525,77.227095,7475.9583,1.4835299,0,0,nan,nan,14922.865,-629.75071,6.8121775,71.308954,-2.4903298e-19,-0.9093205,3.4967359,7475.9583,0,0,0,0,0
1.65,14.35077,-0.24944049,-158.63137,15.001522,-0.90435287,-160.75997,-0.21833235,1.4920472,-0.21892713,8.0224356e-19,-0.0037788014,-0.0029240277,0.028996866,-5.0877648e-21,-0.0031791899,0.96350667,0.028125059,-4.923319e-21,-0.0029090253,1,0,0,-0.0085477237,-0.0009363135,0.47444642,161.16215,158.63137,76.9835,7469.0104,1.4835299,0,0,nan,nan,15667.749,-660.723,5.9563041,69.332059,-2.5372403e-19,-0.28379909,3.1349999,7469.0104,0,0,0,0,0
1.7,15.110066,-0.2963853,-166.76324,15.385469,-0.97647387,-164.66923,-0.21952482,1.4918324,-0.22012332,7.9398083e-19,-0.0037876198,-0.0026143378,0.027534472,-4.7970561e-21,-0.0027344224,0.96698609,0.026754905,-4.6473448e-21,-0.0025039388,1,0,0,-0.0080333442,-0.00080581455,0.48605203,165.0892,166.76324,76.739904,7462.0625,1.4835299,0,0,nan,nan,16427.729,-692.27947,5.2108741,67.341463,-2.5771841e-19,-0.24350303,2.7960575,7462.0625,0,0,0,0,0
1.75,15.888529,-0.34695659,-175.0903,15.768117,-1.0494217,-168.56726,-0.22052714,1.4916195,-0.22112877,7.8560018e-19,-0.0038398291,-0.002339359,0.026181412,-4.5337828e-21,-0.0023557314,0.97013377,0.025441378,-4.3913383e-21,-0.0021599321,1,0,0,-0.0075559941,-0.0006956802,0.49762793,169.00506,175.0903,76.496309,7455.1146,1.4835299,0,0,nan,nan,17202.482,-724.40464,4.5710103,65.194269,-2.615139e-19,-0.62169087,2.4698821,7455.1146,0,0,0,0,0
1.8,16.686093,-0.40119243,-183.61199,16.149524,-1.1230626,-172.45363,-0.22135718,1.4914065,-0.22196143,7.7907894e-19,-0.0038941165,-0.0020973786,0.024903176,-4.2934206e-21,-0.0020348031,0.97298133,0.024212181,-4.1639957e-21,-0.0018692278,1,0,0,-0.0071142449,-0.0006030979,0.50917289,172.90928,183.61199,76.252714,7448.1667,1.4835299,0,0,nan,nan,17991.676,-757.0826,4.0241275,63.270276,-2.657807e-19,-0.4061549,2.1651682,7448.1667,0,0,0,0,0
1.85,17.502699,-0.45912457,-192.3277,16.529704,-1.1972779,-176.32791,-0.22203766,1.4911937,-0.22264407,7.7046919e-19,-0.0039332806,-0.0018859352,0.023716736,-4.0677483e-21,-0.0017639149,0.9755574,0.023075218,-3.9421032e-21,-0.0016243988,1,0,0,-0.0067048814,-0.00052554715,0.52068566,176.80144,192.3277,76.009119,7441.2187,1.4835299,0,0,nan,nan,18794.971,-790.2977,3.559323,61.296511,-2.691854e-19,-0.37121592,1.8847482,7441.2187,0,0,0,0,0
1.9,18.338283,-0.52077913,-201.23683,16.908603,-1.271962,-180.18967,-0.22258864,1.4909812,-0.2231968,7.6373426e-19,-0.0039704664,-0.001702512,0.022610681,-3.8577735e-21,-0.0015360607,0.97788786,0.02201128,-3.7449686e-21,-0.0014189064,1,0,0,-0.0063256231,-0.00046078728,0.53216505,180.68108,201.23683,75.765523,7434.2708,1.4835299,0,0,nan,nan,19612.022,-824.03394,3.1667424,59.349915,-2.7309321e-19,-0.3202247,1.6287476,7434.2708,0,0,0,0,0
1.95,19.192781,-0.58617729,-210.33874,17.286216,-1.3470222,-184.03849,-0.22302812,1.4907689,-0.22363769,7.56903e-19,-0.0039983501,-0.0015444882,0.021578449,-3.660335e-21,-0.0013450223,0.97999612,0.021019837,-3.5608104e-21,-0.0012469332,1,0,0,-0.0059741792,-0.00040684019,0.54360987,184.5478,210.33874,75.521928,7427.3229,1.4835299,0,0,nan,nan,20442.477,-858.27518,2.8363218,57.449755,-2.7682895e-19,-0.21284075,1.3985078,7427.3229,0,0,0,0,0
2,20.066129,-0.65533586,-219.63277,17.662525,-1.4223777,-187.87396,-0.22337306,1.4905571,-0.22398374,7.489719e-19,-0.00401619,-0.0014091815,0.020616552,-3.4825343e-21,-0.0011852599,0.98190337,0.020095714,-3.3839807e-21,-0.0011033148,1,0,0,-0.0056482476,-0.00036197708,0.55501894,188.40118,219.63277,75.278333,7420.375,1.4835299,0,0,nan,nan,21285.978,-893.00518,2.5590304,55.569677,-2.8001493e-19,-0.12768835,1.1937328,7420.375,0,0,0,0,0
2.05,20.95826,-0.72826787,-229.11825,18.037505,-1.497958,-191.69568,-0.22363845,1.4903461,-0.22424999,7.4046247e-19,-0.0040250774,-0.0012939803,0.019719027,-3.309614e-21,-0.0010519027,0.98362877,0.019232823,-3.216272e-21,-0.000983548,1,0,0,-0.0053457597,-0.00032469959,0.56639112,192.24079,229.11825,75.034737,7413.4271,1.4835299,0,0,nan,nan,22142.162,-928.20753,2.3266451,53.721076,-2.8282351e-19,-0.03774884,1.0135491,7413.4271,0,0,0,0,0
2.1,21.869108,-0.80498308,-238.79448,18.411137,-1.5737027,-195.50325,-0.22383759,1.490136,-0.22444978,7.3236881e-19,-0.0040244769,-0.0011963772,0.018881027,-3.1481225e-21,-0.00094070647,0.98518967,0.018426961,-3.0611474e-21,-0.00088372379,1,0,0,-0.0050647653,-0.00029372021,0.57772528,196.06625,238.79448,74.791142,7406.4792,1.4835299,0,0,nan,nan,23010.659,-963.86571,2.131758,51.902518,-2.8562853e-19,0.051359791,0.85674898,7406.4792,0,0,0,0,0
2.15,22.798605,-0.8854884,-248.66073,18.783394,-1.6495595,-199.29628,-0.22398218,1.4899272,-0.22459484,7.2370657e-19,-0.0040150288,-0.0011140158,0.018098032,-2.9955695e-21,-0.00084799995,0.98660175,0.017673545,-2.9135575e-21,-0.00080047927,1,0,0,-0.0048034575,-0.00026794222,0.58902031,199.87715,248.66073,74.547547,7399.5313,1.4835299,0,0,nan,nan,23891.095,-999.96309,1.9678886,50.111148,-2.8804839e-19,0.13208991,0.72165763,7399.5313,0,0,0,0,0
2.2,23.746681,-0.96978836,-258.71628,19.15425,-1.7254837,-203.07438,-0.22408231,1.4897198,-0.2246953,7.1399688e-19,-0.00399746,-0.0010447264,0.017365479,-2.8498132e-21,-0.00077063067,0.98787919,0.016966106,-2.7711547e-21,-0.00073085136,1,0,0,-0.0045601858,-0.00024643923,0.60027512,203.6731,258.71628,74.303951,7392.5833,1.4835299,0,0,nan,nan,24783.093,-1036.5206,1.8276053,48.306814,-2.8986129e-19,0.085099054,0.60864904,7392.5833,0,0,0,0,0
2.25,24.713261,-1.0578855,-268.96037,19.523432,-1.8014419,-206.83666,-0.22413974,1.4895118,-0.22475292,7.0572204e-19,-0.0040872618,-0.00098633067,0.016588009,-2.7152569e-21,-0.00070359942,0.98903484,0.016134662,-2.645111e-21,-0.00066880771,1,0,0,-0.0043368749,-0.00022852486,0.61148708,207.4532,268.96037,74.060356,7385.6354,1.4835299,0,0,nan,nan,25686.138,-1075.0275,1.6787827,46.51446,-2.9151861e-19,-0.56444634,0.48229156,7385.6354,0,0,0,0,0
2.3,25.698271,-1.1497805,-279.39216,19.891515,-1.8773944,-210.58214,-0.22415947,1.489302,-0.22477271,6.9739783e-19,-0.0040558352,-0.00094217999,0.015823508,-2.5926676e-21,-0.00064791462,0.9900803,0.015424482,-2.5263924e-21,-0.00061977121,1,0,0,-0.0041304643,-0.00021343634,0.62265347,211.21651,279.39216,73.816761,7378.6875,1.4835299,0,0,nan,nan,26599.693,-1114.0079,1.5386321,45.508934,-2.9298485e-19,0.76414093,0.37961702,7378.6875,0,0,0,0,0
2.35,26.701654,-1.2454728,-290.01082,20.25823,-1.9533298,-214.31042,-0.22416317,1.4890955,-0.22477643,6.8780276e-19,-0.0040035551,-0.00090517964,0.015142316,-2.4754448e-21,-0.00060191897,0.99102608,0.014769693,-2.4101617e-21,-0.00057810297,1,0,0,-0.0039357599,-0.00020059847,0.63377307,214.96259,290.01082,73.573165,7371.7396,1.4835299,0,0,nan,nan,27523.34,-1153.4461,1.3931729,43.817794,-2.9374192e-19,0.21208719,0.32608332,7371.7396,0,0,0,0,0
2.4,27.723336,-1.344961,-300.81547,20.623416,-2.0292258,-218.02108,-0.22415095,1.4888909,-0.22476416,6.7966641e-19,-0.0039791516,-0.00087445356,0.014489788,-2.3645891e-21,-0.0005628184,0.99188169,0.014133632,-2.3055821e-21,-0.00054265329,1,0,0,-0.0037538634,-0.00018963182,0.6448447,218.69102,300.81547,73.32957,7364.7917,1.4835299,0,0,nan,nan,28456.653,-1193.3241,1.2617868,42.419338,-2.9494802e-19,0.36403335,0.26209177,7364.7917,0,0,0,0,0
2.45,28.763243,-1.4482426,-311.80522,20.987165,-2.1050622,-221.71371,-0.22412718,1.4886884,-0.22474031,6.7149424e-19,-0.0039321487,-0.00084964099,0.013877238,-2.2627401e-21,-0.00052978974,0.99265573,0.013545733,-2.2067806e-21,-0.0005127051,1,0,0,-0.0035832256,-0.00018016146,0.65586717,222.4014,311.80522,73.085975,7357.8438,1.4835299,0,0,nan,nan,29399.205,-1233.6244,1.1313506,41.031986,-2.9597651e-19,0.4764248,0.21497777,7357.8438,0,0,0,0,0
2.5,29.821301,-1.5553144,-322.97917,21.349381,-2.180825,-225.3879,-0.22409665,1.4884885,-0.22470969,6.6305012e-19,-0.0038851627,-0.00082917067,0.01330303,-2.1658294e-21,-0.00050158624,0.99335596,0.012989973,-2.1125862e-21,-0.00048690387,1,0,0,-0.0034227615,-0.00017190707,0.66683934,226.09331,322.97917,72.84238,7350.8958,1.4835299,0,0,nan,nan,30350.566,-1274.3292,1.0025156,39.611077,-2.9672269e-19,0.44024277,0.17692639,7350.8958,0,0,0,0,0
2.55,30.897432,-1.6661722,-334.33637,21.71003,-2.2565005,-229.04326,-0.22406158,1.4882911,-0.2246745,6.5482776e-19,-0.0038366982,-0.00081242387,0.012760241,-2.0750442e-21,-0.00047727142,0.99398943,0.012464777,-2.0242106e-21,-0.00046457907,1,0,0,-0.0032718765,-0.00016464376,0.67776007,229.76636,334.33637,72.598784,7343.9479,1.4835299,0,0,nan,nan,31310.301,-1315.4207,0.87481054,38.24739,-2.9740678e-19,0.49406221,0.14431896,7343.9479,0,0,0,0,0
2.6,31.991558,-1.7808115,-345.87588,22.06908,-2.332077,-232.67942,-0.22402454,1.4880963,-0.22463733,6.4610336e-19,-0.003783935,-0.00079872291,0.012248508,-1.9868658e-21,-0.000456164,0.9945625,0.011969823,-1.9390591e-21,-0.000445094,1,0,0,-0.00312973,-0.00015818745,0.68862827,233.42016,345.87588,72.355189,7337,1.4835299,0,0,nan,nan,32277.975,-1356.8807,0.74620979,36.891812,-2.9770139e-19,0.51217114,0.11845667,7337,0,0,0,0,0
2.65,33.103596,-1.8992271,-357.59673,22.426484,-2.4075445,-236.29598,-0.22398748,1.4879043,-0.22460014,6.3688331e-19,-0.0037301148,-0.00078747935,0.011765019,-1.9026623e-21,-0.00043766566,0.99508093,0.011501402,-1.8569505e-21,-0.00042792262,1,0,0,-0.0029956743,-0.00015239437,0.69944285,237.05432,357.59673,72.111594,7330.0521,1.4835299,0,0,nan,nan,33253.149,-1398.691,0.61635611,35.554555,-2.9760131e-19,0.52352802,0.09707751,7330.0521,0,0,0,0,0
2.7,34.233465,-2.0214132,-369.49793,22.782202,-2.4828938,-239.89259,-0.22395187,1.4877151,-0.22456441,6.2840233e-19,-0.0036746874,-0.0007782725,0.011307546,-1.8241472e-21,-0.0004213201,0.99554994,0.011058076,-1.7811978e-21,-0.00041267804,1,0,0,-0.0028691219,-0.00014714959,0.71020276,240.66849,369.49793,71.867998,7323.1042,1.4835299,0,0,nan,nan,34235.386,-1440.8333,0.48454568,34.239374,-2.976836e-19,0.53931352,0.079472824,7323.1042,0,0,0,0,0
2.75,35.381078,-2.1473638,-381.57848,23.136195,-2.5581171,-243.46888,-0.223919,1.4875286,-0.22453142,6.1845067e-19,-0.0036180549,-0.00077073678,0.010874406,-1.7474422e-21,-0.00040676331,0.99597422,0.010638058,-1.7052485e-21,-0.0003990379,1,0,0,-0.0027495162,-0.00014236191,0.72090696,244.26228,381.57848,71.624403,7316.1563,1.4835299,0,0,nan,nan,35224.244,-1483.2891,0.3502545,32.940792,-2.969034e-19,0.54692032,0.064988886,7316.1563,0,0,0,0,0
2.8,36.546348,-2.2770724,-393.83735,23.488421,-2.6332071,-247.0245,-0.22388983,1.4873451,-0.22450215,6.1048854e-19,-0.0035607289,-0.00076458681,0.010463787,-1.6761321e-21,-0.00039370354,0.99635806,0.010239615,-1.6384569e-21,-0.00038674981,1,0,0,-0.0026363672,-0.00013795918,0.73155445,247.83537,393.83735,71.380808,7309.2083,1.4835299,0,0,nan,nan,36219.283,-1526.04,0.21315808,31.660988,-2.9691762e-19,0.55322391,0.052888251,7309.2083,0,0,0,0,0
2.85,37.729187,-2.4105321,-406.27349,23.838841,-2.7081574,-250.55912,-0.22386518,1.4871644,-0.22447742,6.0203427e-19,-0.0035028279,-0.00075959802,0.010074149,-1.6099304e-21,-0.00038191108,0.99670529,0.0098613385,-1.573667e-21,-0.00037561386,1,0,0,-0.0025292231,-0.00013388395,0.74214424,251.38739,406.27349,71.137212,7302.2604,1.4835299,0,0,nan,nan,37220.063,-1569.0673,0.072956529,30.399238,-2.9654298e-19,0.55743162,0.042714649,7302.2604,0,0,0,0,0
2.9,38.929503,-2.5477359,-418.88585,24.187415,-2.7829619,-254.0724,-0.2238457,1.4869866,-0.22445787,5.9384211e-19,-0.0034446206,-0.00075559067,0.0097040722,-1.5464875e-21,-0.0003712022,0.99701943,0.0095018503,-1.5126862e-21,-0.00036546923,1,0,0,-0.0024276707,-0.0001300904,0.75267539,254.91802,418.88585,70.893617,7295.3125,1.4835299,0,0,nan,nan,38226.141,-1612.3525,-0.070558993,29.155059,-2.9614824e-19,0.55926859,0.034052739,7295.3125,0,0,0,0,0
2.95,40.147202,-2.6886763,-431.67336,24.534106,-2.8576155,-257.56403,-0.2238319,1.4868116,-0.22444402,5.8443283e-19,-0.0033862909,-0.0007524245,0.0093522424,-1.4853984e-21,-0.00036142996,0.9973036,0.0091599085,-1.4515904e-21,-0.00035618741,1,0,0,-0.0023313333,-0.0001265418,0.76314697,258.42692,431.67336,70.650022,7288.3646,1.4835299,0,0,nan,nan,39237.08,-1655.877,-0.21754655,27.928521,-2.9499328e-19,0.5597455,0.026575806,7288.3646,0,0,0,0,0
3,41.38219,-2.8333457,-444.63493,24.878874,-2.9321131,-261.03369,-0.22382421,1.4866395,-0.2244363,5.7726814e-19,-0.0033279843,-0.00074998886,0.009017466,-1.4287693e-21,-0.00035247618,0.99756069,0.0088343775,-1.3988062e-21,-0.00034766434,1,0,0,-0.0022398641,-0.00012320847,0.77355808,261.9138,444.63493,70.406426,7281.4167,1.4835299,0,0,nan,nan,40252.438,-1699.6221,-0.36812737,26.7193,-2.9482602e-19,0.55877518,0.020035222,7281.4167,0,0,0,0,0
3.05,42.634369,-2.9817361,-457.76944,25.221684,-3.0064502,-264.48108,-0.22382298,1.4864703,-0.22443506,5.6864103e-19,-0.0032698403,-0.0007481966,0.0086986402,-1.3741678e-21,-0.00034424487,0.99779326,0.0085242031,-1.344997e-21,-0.00033981504,1,0,0,-0.0021529449,-0.00012006621,0.78390784,265.37834,457.76944,70.162831,7274.4688,1.4835299,0,0,nan,nan,41271.78,-1743.5692,-0.52238843,25.527246,-2.9377307e-19,0.5566392,0.014230939,7274.4688,0,0,0,0,0
3.1,43.903641,-3.1338395,-471.07579,25.562499,-3.0806227,-267.90591,-0.22382848,1.486304,-0.22444059,5.6004226e-19,-0.0032119676,-0.00074697898,0.0083947497,-1.3220599e-21,-0.0003366574,0.99800366,0.008228418,-1.2937005e-21,-0.00033256953,1,0,0,-0.0020702824,-0.00011709509,0.79419542,268.82025,471.07579,69.919236,7267.5208,1.4835299,0,0,nan,nan,42294.67,-1787.6998,-0.68039332,24.352208,-2.9258928e-19,0.55354588,0.0090103597,7267.5208,0,0,0,0,0
3.15,45.189906,-3.2896474,-484.55283,25.901265,-3.154628,-271.30789,-0.2238407,1.4861404,-0.22445285,5.5173067e-19,-0.0031605768,-0.00074381514,0.0081095442,-1.2723047e-21,-0.00032961381,0.998194,0.0079597828,-1.2463586e-21,-0.00032546128,1,0,0,-0.0019917027,-0.00011429809,0.80441997,272.23924,484.55283,69.67564,7260.5729,1.4835299,0,0,nan,nan,43320.672,-1832.0534,-0.84833759,23.044661,-2.9071987e-19,0.1889272,0.11734415,7260.5729,0,0,0,0,0
3.2,46.493055,-3.4491513,-498.19941,26.237794,-3.2284367,-274.68669,-0.2238503,1.4859781,-0.22446249,5.4447581e-19,-0.0031705738,-0.00072948549,0.007844175,-1.2274533e-21,-0.00032028525,0.99836619,0.0076957655,-1.2046821e-21,-0.00031470679,1,0,0,-0.0019192172,-0.00011201083,0.81458049,275.63496,498.19941,69.432045,7253.625,1.4835299,0,0,nan,nan,44349.332,-1876.6404,-0.91478607,21.812887,-2.8837587e-19,-0.071996193,0.10101428,7253.625,0,0,0,0,0
3.25,47.812981,-3.6123391,-512.01437,26.572343,-3.3019743,-278.042,-0.22385348,1.4858158,-0.22446567,5.3654674e-19,-0.0031466773,-0.00072301877,0.0075897121,-1.1861931e-21,-0.00031175241,0.99852197,0.0074541948,-1.1632887e-21,-0.00030769361,1,0,0,-0.0018526693,-0.00011006018,0.82467614,279.00712,512.01437,69.18845,7246.6771,1.4835299,0,0,nan,nan,45380.211,-1921.3707,-0.96358715,20.944675,-2.8556216e-19,0.45610755,0.048135178,7246.6771,0,0,0,0,0
3.3,49.149588,-3.7791976,-525.99653,26.904871,-3.3752525,-281.37356,-0.22385861,1.4856555,-0.22447082,5.2844823e-19,-0.003100823,-0.00071675249,0.0073575611,-1.1459744e-21,-0.0003048706,0.99866289,0.0072310416,-1.123237e-21,-0.00030104854,1,0,0,-0.001789796,-0.00010826246,0.83470616,282.35546,525.99653,68.944855,7239.7292,1.4835299,0,0,nan,nan,46412.882,-1966.2254,-1.0394898,19.871065,-2.825491e-19,0.39332603,0.06705692,7239.7292,0,0,0,0,0
3.35,50.50277,-3.9497136,-540.14469,27.235286,-3.4482632,-284.68112,-0.22386556,1.4854973,-0.2244778,5.2118035e-19,-0.0030577194,-0.00071057549,0.0071364136,-1.1069884e-21,-0.00029823849,0.99879037,0.0070153599,-1.0865356e-21,-0.00029470648,1,0,0,-0.0017304342,-0.00010666349,0.84466981,285.67972,540.14469,68.701259,7232.7813,1.4835299,0,0,nan,nan,47446.919,-2011.186,-1.0994502,18.876616,-2.7987676e-19,0.46517463,0.049818581,7232.7813,0,0,0,0,0
3.4,51.872423,-4.1238735,-554.45764,27.563599,-3.5209951,-287.96444,-0.22387558,1.4853416,-0.22448785,5.1202234e-19,-0.0030057535,-0.00070568312,0.0069263526,-1.0690936e-21,-0.00029230992,0.9989057,0.0068116884,-1.0474298e-21,-0.00028914125,1,0,0,-0.0016740136,-0.00010519535,0.8545664,288.97966,554.45764,68.457664,7225.8333,1.4835299,0,0,nan,nan,48481.9,-2056.234,-1.1638931,17.892988,-2.7608794e-19,0.51110185,0.046345238,7225.8333,0,0,0,0,0
3.45,53.25844,-4.3016632,-568.93418,27.889758,-3.5934439,-291.2233,-0.22388965,1.4851885,-0.22450198,5.0518398e-19,-0.0029530686,-0.00070093006,0.0067262365,-1.033178e-21,-0.00028683223,0.99901004,0.0066164071,-1.014505e-21,-0.00028385707,1,0,0,-0.0016201487,-0.00010384194,0.86439525,292.25505,568.93418,68.214069,7218.8854,1.4835299,0,0,nan,nan,49517.409,-2101.3512,-1.2278264,16.905964,-2.7345348e-19,0.50423925,0.043627508,7218.8854,0,0,0,0,0
3.5,54.660712,-4.4830684,-583.57307,28.213737,-3.6656018,-294.45746,-0.2239079,1.485038,-0.2245203,4.9792866e-19,-0.0028997893,-0.0006966242,0.0065343289,-1.0000835e-21,-0.00028172169,0.99910443,0.0064290358,-9.8202898e-22,-0.00027896355,1,0,0,-0.0015686515,-0.00010259007,0.87415571,295.50567,583.57307,67.970473,7211.9375,1.4835299,0,0,nan,nan,50553.034,-2146.5194,-1.2904253,15.943941,-2.7050476e-19,0.51730906,0.039353568,7211.9375,0,0,0,0,0
3.55,56.079131,-4.6680744,-598.37307,28.535507,-3.7374625,-297.66674,-0.22393067,1.4848902,-0.22454315,4.8989978e-19,-0.0028459721,-0.00069262599,0.0063502877,-9.6739717e-22,-0.00027696856,0.99918981,0.0062491972,-9.492851e-22,-0.00027438864,1,0,0,-0.0015192975,-0.00010142395,0.88384719,298.73131,598.37307,67.726878,7204.9896,1.4835299,0,0,nan,nan,51588.369,-2191.7207,-1.3533571,14.990776,-2.6704861e-19,0.51311876,0.03732879,7204.9896,0,0,0,0,0
3.6,57.513584,-4.8566662,-613.33293,28.855039,-3.8090201,-300.85092,-0.22395805,1.484745,-0.22457063,4.8221623e-19,-0.0027927808,-0.00068885217,0.0061733385,-9.3558326e-22,-0.00027250848,0.99926706,0.0060760546,-9.1841493e-22,-0.00027008595,1,0,0,-0.0014719394,-0.00010033613,0.8934691,301.93177,613.33293,67.483283,7198.0417,1.4835299,0,0,nan,nan,52623.01,-2236.9375,-1.4156317,14.052676,-2.6369643e-19,0.5079815,0.034972335,7198.0417,0,0,0,0,0
3.65,58.96396,-5.0488285,-628.4514,29.172306,-3.8802683,-304.00983,-0.22399008,1.4846025,-0.22460278,4.7425646e-19,-0.0027400877,-0.00068530896,0.0060029885,-9.0530931e-22,-0.00026832152,0.99933694,0.0059092975,-8.8815644e-22,-0.00026604609,1,0,0,-0.0014264451,-9.9318813e-05,0.90302088,305.10687,628.4514,67.239687,7191.0938,1.4835299,0,0,nan,nan,53656.562,-2282.152,-1.4776043,13.129552,-2.6011278e-19,0.502154,0.033031577,7191.0938,0,0,0,0,0
3.7,60.430144,-5.2445456,-643.7272,29.487284,-3.9512016,-307.14329,-0.22402678,1.4844625,-0.22463961,4.6750531e-19,-0.002688162,-0.00068195082,0.0058388255,-8.7646599e-22,-0.00026438313,0.99940016,0.0057484812,-8.6121056e-22,-0.00026224049,1,0,0,-0.0013826965,-9.8366146e-05,0.91250203,308.25642,643.7272,66.996092,7184.1458,1.4835299,0,0,nan,nan,54688.636,-2327.3471,-1.5392423,12.220552,-2.5711662e-19,0.49382528,0.03133994,7184.1458,0,0,0,0,0
3.75,61.912022,-5.4438018,-659.15906,29.799947,-4.0218146,-310.25113,-0.22406812,1.4843251,-0.22468111,4.598565e-19,-0.0026370982,-0.00067876616,0.0056804427,-8.4909332e-22,-0.00026067344,0.99945735,0.005593242,-8.3359553e-22,-0.00025865493,1,0,0,-0.0013405916,-9.7473428e-05,0.92191205,311.38026,659.15906,66.752497,7177.1979,1.4835299,0,0,nan,nan,55718.847,-2372.5056,-1.6005014,11.32678,-2.5355527e-19,0.48561117,0.02973045,7177.1979,0,0,0,0,0
3.8,63.409477,-5.6465807,-674.74569,30.110275,-4.092102,-313.33321,-0.22411406,1.4841902,-0.22472723,4.5292347e-19,-0.0025869192,-0.00067574121,0.0055275029,-8.2263039e-22,-0.00025717779,0.99950909,0.0054432622,-8.0821727e-22,-0.0002552752,1,0,0,-0.0013000356,-9.6636488e-05,0.93125048,314.47824,674.74569,66.508901,7170.25,1.4835299,0,0,nan,nan,56746.818,-2417.6107,-1.66143,10.447993,-2.503201e-19,0.47677486,0.028271647,7170.25,0,0,0,0,0
3.85,64.922392,-5.8528662,-690.48581,30.418245,-4.1620589,-316.38938,-0.22416457,1.4840578,-0.22477792,4.460835e-19,-0.0025376764,-0.00067286412,0.0053796845,-7.9755932e-22,-0.00025388232,0.99955589,0.0052982297,-7.8387375e-22,-0.00025208858,1,0,0,-0.001260942,-9.5851819e-05,0.9405169,317.55021,690.48581,66.265306,7163.3021,1.4835299,0,0,nan,nan,57772.179,-2462.6457,-1.7220132,9.5844697,-2.4707215e-19,0.46773762,0.026890059,7163.3021,0,0,0,0,0
3.9,66.450648,-6.0626415,-706.37811,30.723838,-4.2316806,-319.41951,-0.22421957,1.4839277,-0.22483313,4.3847552e-19,-0.0024893771,-0.00067012737,0.005236692,-7.7305603e-22,-0.00025077555,0.99959824,0.0051578645,-7.5902296e-22,-0.00024908464,1,0,0,-0.0012232304,-9.5116288e-05,0.94971092,320.59604,706.37811,66.021711,7156.3542,1.4835299,0,0,nan,nan,58794.566,-2507.5943,-1.7822628,8.7363992,-2.4333693e-19,0.45864218,0.025582685,7156.3542,0,0,0,0,0
3.95,67.994078,-6.275858,-722.41998,31.022587,-4.2989198,-322.33587,-0.22435033,1.4838195,-0.22496439,4.3144818e-19,-0.0014434386,-0.00075754508,0.0055245654,-4.7571474e-22,-0.0002758653,0.99963654,0.0058635034,-3.0771682e-22,-0.00030298765,1,0,0,-0.0011575939,-9.1648061e-05,0.95857232,323.52792,722.41998,65.778116,7149.4063,1.4835299,0,0,nan,nan,59781.218,-2799.0123,-1.3183152,10.525172,-2.4122144e-19,7.2507021,-0.76783022,7149.4063,0,0,0,0,0
4,69.551932,-6.4923398,-738.6025,31.298807,-4.3622749,-325.03793,-0.22460184,1.4837425,-0.22521685,4.2411612e-19,-0.0016026102,-0.00076167246,0.0060162021,-2.6803233e-22,-0.000315589,0.9996712,0.0061970683,-1.9126412e-22,-0.00032973323,1,0,0,-0.0010759106,-8.5257257e-05,0.96680005,326.24432,738.6025,65.53452,7142.4583,1.4835299,0,0,nan,nan,60693.379,-3084.6616,-1.6801683,4.1623052,-2.3875886e-19,-5.0966766,0.36161496,7142.4583,0,0,0,0,0
4.05,71.10715,-6.7118998,-754.91654,30.874309,-4.4218141,-327.59502,-0.21218179,1.4785372,-0.21274672,4.4861979e-19,-0.22786925,-0.00076627245,0.061494305,-1.7941659e-22,-0.00034043744,0.99970255,0.039248557,-1.497981e-22,-0.00036023643,1,0,0,-0.0083370458,-7.9161483e-05,0.9744321,328.75822,754.91654,65.290925,7135.5104,1.3613568,0,0,nan,nan,61534.255,-3349.1632,-1.0761079,-150.80158,-2.5190458e-19,-468.61444,-0.46731279,7135.5104,0,0,0,0,0
4.1,72.667723,-6.9343341,-771.35145,31.721599,-4.4771585,-329.84706,-0.19496184,1.4702795,-0.19544664,4.5296002e-19,-0.060410409,-0.000765772,0.07827614,-1.4243792e-22,-0.00037781554,0.99973091,0.11936348,-1.2142622e-22,-0.00039212026,1,0,0,-0.01476603,-7.1246073e-05,0.98147899,331.07329,771.35145,65.04733,7128.5625,1.3613568,0,0,nan,nan,62303.858,-3595.1074,-1.2714193,832.4468,-2.5539709e-19,1722.2621,0.64527638,7128.5625,0,0,0,0,0
4.15,74.267784,-7.1594561,-787.89479,32.164936,-4.5292594,-331.95413,-0.19307605,1.4691158,-0.19355118,4.3790184e-19,-0.027654095,-0.00070638331,0.13562408,-1.1228807e-22,-0.00038941793,0.99975656,0.14866478,-9.8935186e-23,-0.00039530037,1,0,0,-0.015148517,-6.5623793e-05,0.9880033,333.2108,787.89479,64.803734,7121.6146,1.3613568,0,0,nan,nan,63009.041,-3834.3635,-0.96550907,-96.625299,-2.4808683e-19,-478.45706,0.20408556,7121.6146,0,0,0,0,0
4.2,75.882352,-7.3870995,-804.54,32.483343,-4.5778364,-333.89865,-0.18989548,1.4672418,-0.19035379,4.3869423e-19,-0.031201469,-0.00069917158,0.14832759,-9.4535147e-23,-0.00041213159,0.99977977,0.15957025,-8.6355367e-23,-0.00042894772,1,0,0,-0.016594583,-6.0653197e-05,0.99401993,335.17589,804.54,64.560139,7114.6667,1.3613568,0,0,nan,nan,63650.781,-4056.3662,-0.79562192,274.50359,-2.4954701e-19,390.27311,0.15040028,7114.6667,0,0,0,0,0
4.25,77.516743,-7.6170928,-821.27806,32.881245,-4.623216,-335.67079,-0.18886825,1.4665003,-0.18932099,4.3258703e-19,-0.0054225852,-0.00067236096,0.17730368,-8.2199938e-23,-0.00043951137,0.99980077,0.193382,-7.600919e-23,-0.00045358634,1,0,0,-0.016613472,-5.6285423e-05,0.99955082,336.97607,821.27806,64.316544,7107.7188,1.3613568,0,0,nan,nan,64231.136,-4265.2627,-0.73877922,121.89633,-2.4698946e-19,31.566786,0.25003455,7107.7188,0,0,0,0,0
4.3,79.168589,-7.8492828,-838.10122,33.2077,-4.665579,-337.29526,-0.1888777,1.4663289,-0.1893305,4.2584103e-19,-0.00052294328,-0.00065572164,0.20371187,-7.2668626e-23,-0.00046869301,0.99981977,0.21857811,-6.8019857e-23,-0.00048791734,1,0,0,-0.016232361,-5.2773718e-05,1.0046306,338.62312,838.10122,64.072948,7100.7708,1.3613568,0,0,nan,nan,64753.923,-4459.9505,-0.59419743,152.96226,-2.4393686e-19,56.6464,0.10772656,7100.7708,0,0,0,0,0
4.35,80.836752,-8.0835216,-855.00208,33.527613,-4.7051055,-338.7755,-0.18931852,1.4663974,-0.18977373,4.1845545e-19,0.0025502102,-0.00064284402,0.23115375,-6.5324123e-23,-0.00050664193,0.99983695,0.24665034,-6.1641983e-23,-0.00052919451,1,0,0,-0.015594727,-4.9662259e-05,1.0092853,340.12597,855.00208,63.829353,7093.8229,1.3613568,0,0,nan,nan,65222.027,-4640.517,-0.53503748,141.65288,-2.4039258e-19,-4.8341704,0.13394218,7093.8229,0,0,0,0,0
4.4,82.520391,-8.3196731,-871.97373,33.828565,-4.742005,-340.1228,-0.18978138,1.4664812,-0.19023912,4.1128566e-19,0.00084834522,-0.00063081946,0.25887898,-5.9461834e-23,-0.0005499941,0.9998525,0.2747572,-5.6523095e-23,-0.0005762892,1,0,0,-0.014967993,-4.7003407e-05,1.013545,341.49483,871.97373,63.585758,7086.875,1.3613568,0,0,nan,nan,65638.931,-4806.9822,-0.45262613,147.16998,-2.3685062e-19,-15.74345,0.093688823,7086.875,0,0,0,0,0
4.45,84.219744,-8.5576094,-889.00963,34.176108,-4.7764241,-341.34027,-0.19059881,1.4667595,-0.19106101,4.0665186e-19,0.017988525,-0.00062145944,0.26179939,-5.478651e-23,-0.00060125922,0.99986656,0.32667754,-5.2636892e-23,-0.00063201523,1,0,0,-0.013978766,-4.4662805e-05,1.0174357,342.73853,889.00963,63.342162,7079.9271,1.3613568,0,0,nan,nan,66007.702,-4960.6919,-0.40331972,264.56139,-2.3467416e-19,299.08833,0.092164973,7079.9271,0,0,0,0,0
4.5,85.936951,-8.7972112,-906.10352,34.502382,-4.8085818,-342.44293,-0.19366317,1.468231,-0.19414179,3.9902133e-19,0.037495051,-0.00061274993,0.26179939,-5.1092905e-23,-0.00066031234,0.99987928,0.3941768,-4.9033657e-23,-0.00069593918,1,0,0,-0.011810912,-4.268548e-05,1.0209838,343.86612,906.10352,63.098567,7072.9792,1.3613568,0,0,nan,nan,66331.575,-5104.3001,-0.38329876,110.91987,-2.3070831e-19,-9.0669765,0.064934233,7072.9792,0,0,0,0,0
4.55,87.666826,-9.0383714,-923.25026,34.681188,-4.8387,-343.45148,-0.19695825,1.4697751,-0.19745402,3.9446599e-19,0.020814255,-0.00060774013,0.26179939,-4.79487e-23,-0.00073056834,0.99989079,0.42883336,-4.6327228e-23,-0.00077350684,1,0,0,-0.0099738503,-4.0980917e-05,1.024217,344.88697,923.25026,62.854972,7066.0313,1.3613568,0,0,nan,nan,66613.974,-5235.1002,-0.35805853,-6.7546516,-2.2842338e-19,-235.30356,0.038198724,7066.0313,0,0,0,0,0
4.6,89.404442,-9.2809909,-940.44513,34.839654,-4.8668981,-344.36319,-0.19837358,1.4703352,-0.19887656,3.8703061e-19,0.0058659816,-0.00060336639,0.26179939,-4.5141103e-23,-0.00081382385,0.9999012,0.4668199,-4.3688677e-23,-0.00086372435,1,0,0,-0.0091747245,-3.9406499e-05,1.0271602,345.80955,940.44513,62.611376,7059.0833,1.3613568,0,0,nan,nan,66858.041,-5351.9301,-0.32226134,76.971667,-2.2436267e-19,-2.0688594,0.047644719,7059.0833,0,0,0,0,0
4.65,91.151525,-9.5249767,-957.68325,35.057399,-4.8933102,-345.1795,-0.19956837,1.4707792,-0.20007737,3.7970747e-19,0.015325929,-0.00059829877,0.26179939,-4.2673603e-23,-0.00090968982,0.99991062,0.54867919,-4.1398013e-23,-0.00096721194,1,0,0,-0.0083001989,-3.7972477e-05,1.0298386,346.64242,957.68325,62.367781,7052.1354,1.3613568,0,0,nan,nan,67067,-5457.5817,-0.28327274,121.40071,-2.204006e-19,129.37543,0.04671433,7052.1354,0,0,0,0,0
4.7,92.909285,-9.7702441,-974.96021,35.24811,-4.9181281,-345.91691,-0.20184049,1.471745,-0.2023608,3.7346321e-19,0.021569407,-0.00059381925,0.26179939,-4.0609462e-23,-0.0010214741,0.99991915,0.64346414,-3.949005e-23,-0.0010892042,1,0,0,-0.0069519946,-3.6681991e-05,1.032278,347.39432,974.96021,62.124186,7045.1875,1.3613568,0,0,nan,nan,67244.183,-5553.1245,-0.24661813,40.862093,-2.1722844e-19,-38.292592,0.038568265,7045.1875,0,0,0,0,0
4.75,94.67481,-10.016717,-992.27241,35.370969,-4.9415084,-346.58651,-0.20392004,1.4725983,-0.2044505,3.6539981e-19,0.011809829,-0.00059015403,0.26179939,-3.8465936e-23,-0.0011541174,0.99992685,0.7239077,-3.7607766e-23,-0.0012348974,1,0,0,-0.0058962344,-3.5507473e-05,1.0345,348.07259,992.27241,61.880591,7038.2396,1.3613568,0,0,nan,nan,67392.412,-5639.2508,-0.2102254,2.3778625,-2.1285999e-19,-107.72185,0.032689508,7038.2396,0,0,0,0,0
4.8,96.446176,-10.264327,-1009.6165,35.493767,-4.9635526,-347.18861,-0.20504243,1.4729855,-0.2055783,3.5938794e-19,0.0062491682,-0.00058677662,0.26179939,-3.6912129e-23,-0.0013127545,0.99993383,0.7854,-3.6116391e-23,-0.0014095753,1,0,0,-0.0052996107,-3.4420265e-05,1.0365234,348.68364,1009.6165,61.636995,7031.2917,1.3613568,0,0,nan,nan,67514.163,-5716.4783,-0.17299544,46.963115,-2.0951762e-19,14.926587,0.032279364,7031.2917,0,0,0,0,0
4.85,98.224341,-10.513009,-1026.9891,35.638908,-4.9843722,-347.72733,-0.20619095,1.4733815,-0.20673232,3.5199075e-19,0.010974833,-0.00058355731,0.26179939,-3.5459618e-23,-0.0015039619,0.99994014,0.7854,-3.46334e-23,-0.0016214695,1,0,0,-0.0046145157,-3.341949e-05,1.0383664,349.23359,1026.9891,61.3934,7024.3438,1.3613568,0,0,nan,nan,67611.821,-5786.0374,-0.13922642,54.405327,-2.0534607e-19,46.460064,0.028391986,7024.3438,0,0,0,0,0
4.9,100.00938,-10.762706,-1044.3873,35.760793,-5.0040948,-348.2125,-0.20775982,1.4739677,-0.20830862,3.456877e-19,0.011759549,-0.00058092925,0.26179939,-3.4131728e-23,-0.0017385825,0.99994585,0.7854,-3.3382239e-23,-0.0018841776,1,0,0,-0.0037879864,-3.2499598e-05,1.0400456,349.7281,1044.3873,61.149805,7017.3958,1.3613568,0,0,nan,nan,67687.613,-5848.6345,-0.10968947,13.875244,-2.0180817e-19,-36.141141,0.021937318,7017.3958,0,0,0,0,0
4.95,101.79969,-11.013364,-1061.8086,35.853534,-5.0228246,-348.64984,-0.2090532,1.4744203,-0.20960805,3.3826811e-19,0.0066506718,-0.00057887596,0.26179939,-3.2815679e-23,-0.0020324645,0.99995101,0.7854,-3.2127695e-23,-0.0022165475,1,0,0,-0.0031690392,-3.1638466e-05,1.0415763,350.17236,1061.8086,60.906209,7010.4479,1.3613568,0,0,nan,nan,67743.568,-5904.5243,-0.081086697,6.2263718,-1.9753469e-19,-41.901517,0.017623963,7010.4479,0,0,0,0,0
5,103.59463,-11.264936,-1079.2507,35.950007,-5.0406439,-349.04116,-0.20993327,1.4746809,-0.21049221,3.3341613e-19,0.0052251002,-0.00057723793,0.26179939,-3.1771855e-23,-0.0024087778,0.99995568,0.7854,-3.1203429e-23,-0.0026473691,1,0,0,-0.002723944,-3.0815407e-05,1.0429726,350.57111,1079.2507,60.662614,7003.5,1.3613568,0,0,nan,nan,67781.573,-5954.3136,-0.052923719,25.732212,-1.9469203e-19,14.391591,0.013302365,7003.5,0,0,0,0,0
5.05,105.39402,-11.517298,-1096.7072,36.011625,-5.0523977,-349.12683,-0.21078296,1.4749279,-0.21134583,3.2828723e-19,0.0028709762,-0.00054668654,0.26179939,-3.0920688e-23,-0.0026968279,0.99995991,0.7854,-3.0611525e-23,-0.0026946908,1,0,0,-0.0023126088,-3.0732527e-05,1.0434543,350.66227,1096.7072,60.546353,6303.15,1.3613568,0,0,nan,nan,67700.454,-5963.462,-0.29940334,-26.946192,-1.9151154e-19,-106.0335,0.61238808,6303.15,0,0,0,0,0
5.1,107.19391,-11.769979,-1114.1546,35.967548,-5.053081,-348.66457,-0.21050717,1.4746793,-0.21106877,3.2243461e-19,-0.015545999,-0.00050125648,0.26179939,-3.0612248e-23,-0.0023799649,0.99996373,0.7854,-3.055656e-23,-0.0021054363,1,0,0,-0.0025660528,-3.3343952e-05,1.0422831,350.19802,1114.1546,60.430091,5602.8,1.3613568,0,0,nan,nan,67405.463,-5898.8291,-0.10112074,-70.007821,-1.8746951e-19,-212.43824,0.10336564,5602.8,0,0,0,0,0
5.15,108.99024,-12.022445,-1131.5668,35.881966,-5.0435583,-347.70441,-0.20808168,1.4734504,-0.20863189,3.1913191e-19,-0.03328013,-0.00050717456,0.26179939,-3.0827119e-23,-0.0018738359,0.99996719,0.7854,-3.1308636e-23,-0.0015961833,1,0,0,-0.0038101003,-3.6558528e-05,1.0396235,349.23406,1131.5668,60.31383,4902.45,1.3613568,0,0,nan,nan,66920.061,-5768.5516,-0.049983496,-17.793058,-1.8444831e-19,-105.46151,-0.098235307,4902.45,0,0,0,0,0
5.2,110.78236,-12.274212,-1148.9199,35.797458,-5.0249563,-346.29152,-0.20448904,1.4716333,-0.20502184,3.1589326e-19,-0.039957097,-0.00051566331,0.26179939,-3.19507e-23,-0.0014144037,0.99997031,0.72732086,-3.2661961e-23,-0.0011828008,1,0,0,-0.005532269,-3.9598734e-05,1.0356198,347.81927,1148.9199,60.197568,4202.1,1.3613568,0,0,nan,nan,66265.592,-5581.4083,-0.10801367,19.273534,-1.8115403e-19,-48.117512,-0.095205433,4202.1,0,0,0,0,0
5.25,112.5696,-12.524849,-1166.1924,35.678769,-4.9981356,-344.47166,-0.20042045,1.4695104,-0.20093273,3.1275867e-19,-0.048132563,-0.00052747941,0.26179939,-3.3546223e-23,-0.0010637613,0.99997315,0.52182491,-3.4709971e-23,-0.00089852874,1,0,0,-0.0075546707,-4.2505934e-05,1.0303971,345.99601,1166.1924,60.081307,3501.75,1.3613568,0,0,nan,nan,65461.177,-5345.413,-0.1810379,6.944149,-1.7768304e-19,-119.87356,-0.10724671,3501.75,0,0,0,0,0
5.3,114.34973,-12.773962,-1183.3649,35.516005,-4.9638544,-342.28263,-0.1954269,1.4668106,-0.19591276,3.0782929e-19,-0.062739955,-0.00053560362,0.26179939,-3.5465489e-23,-0.0008164118,0.99997571,0.37573742,-3.7394587e-23,-0.00069962338,1,0,0,-0.010191279,-4.537804e-05,1.024064,343.80103,1183.3649,59.965046,2801.4,1.3613568,0,0,nan,nan,64523.926,-5065.53,-0.27301073,27.260659,-1.732022e-19,-138.7703,-0.051726973,2801.4,0,0,0,0,0
5.35,116.12149,-13.026149,-1200.4196,35.34795,-5.3170575,-339.7459,-0.17426141,1.4636815,-0.17634303,0.12289308,-0.075244968,0.11744047,0.26179939,4.2145582e-05,-0.14040272,0.99997802,0.27932579,4.6465013e-05,-0.33859503,1,0,0,-0.013451736,-0.0027027104,1.0167183,341.2675,1200.4196,59.848784,2101.05,1.3613568,0,0,nan,nan,63469.613,-4749.0352,-1093.4937,81.513791,8.0930343,-106.16755,2652.5046,2101.05,0,0,0,0,0
5.4,117.88509,-13.3053,-1217.3396,35.208109,-5.4246957,-336.89384,-0.063694396,1.461052,-0.07607841,0.28818127,-0.075149205,0.181315,0.2429142,1.0924457e-05,-0.078896257,0.99998012,0.22443836,-1.848832e-05,-0.013371258,1,0,0,-0.016892031,-0.013822359,1.0084258,338.41769,1217.3396,59.732523,1400.7,1.3613568,0,0,nan,nan,62309.913,-4404.7789,1631.4091,225.83596,1.6816865,167.51268,-3498.9396,1400.7,0,0,0,0,0
5.45,119.64416,-13.543468,-1234.1101,35.144313,-4.3339733,-333.75022,-0.044542754,1.4579065,-0.070894249,0.24571403,-0.052272151,-0.095889668,0.21421041,-2.1327151e-05,-0.1378595,0.99998201,0.19981723,-2.3608894e-05,-0.19854817,1,0,0,-0.019270296,-0.011420719,0.99921085,335.26004,1234.1101,59.616261,700.35,1.3613568,0,0,nan,nan,61051.425,-4036.0136,-156.75117,237.79345,-3.1528281,165.1072,702.22249,700.35,0,0,0,0,0
5.5,121.39734,-13.772054,-1250.7165,34.956877,-4.8061232,-330.32835,-0.036261544,1.4554877,-0.073000903,0.1729551,-0.046730445,0.083829248,0.18751185,-1.662256e-05,-0.11956778,0.99998373,0.17184872,-1.7689849e-05,-0.065753085,1,0,0,-0.021105263,-0.012897983,0.98922483,331.84555,1250.7165,59.5,5.3742042e-09,1.3613568,0,0,nan,nan,59716.199,-3654.0999,2.5322107,154.91291,-1.9799216,-35.015038,357.98323,5.3742042e-09,0,0,0,0,0
5.55,123.14063,-14.001502,-1267.15,34.794779,-4.2562408,-326.92158,-0.010702144,1.4531817,-0.054559681,0.11270878,-0.043048889,-0.032882965,0.16188853,-2.4544193e-05,-0.081915453,0.99998528,0.15102655,-2.5605472e-05,-0.095858707,1,0,0,-0.022947678,-0.013666748,0.9792249,328.42834,1267.15,59.5,0,1.3613568,0,0,nan,nan,58397.801,-3287.1263,581.44844,263.72422,-2.1842826,192.68847,-999.92484,0,0,0,0,0,0
5.6,124.8782,-14.211073,-1283.4199,34.693637,-4.2657872,-323.79469,-0.019958258,1.451433,-0.06828258,0.066898861,-0.028737226,0.0085764522,0.14870162,-1.3349068e-05,-0.095564694,0.99998668,0.14241953,-5.7225711e-06,-0.08402469,1,0,0,-0.024012909,-0.012305799,0.97010036,325.30656,1283.4199,59.5,0,1.3613568,0,0,nan,nan,57200.883,-2966.4323,-289.85374,211.16728,-0.87533577,14.932042,1008.869,0,0,0,0,0,0
5.65,126.60997,-14.424913,-1299.5397,34.584326,-4.1688405,-320.92519,-0.0046051121,1.4499656,-0.055717482,0.048410804,-0.031125948,0.017365542,0.13652317,-1.5207355e-05,-0.067485282,0.99998795,0.12973466,-2.2619492e-05,-0.060477751,1,0,0,-0.024966388,-0.013709806,0.96172678,322.43826,1299.5397,59.5,0,1.3613568,0,0,nan,nan,56107.154,-2682.3039,440.71562,221.05643,-0.66487835,-7.6751271,-710.42658,0,0,0,0,0,0
5.7,128.33792,-14.626203,-1315.5216,34.535926,-3.9463797,-318.27665,-0.0058294193,1.4484389,-0.05891905,0.029791312,-0.029272013,-0.014001991,0.12633082,-1.9958546e-05,-0.071297901,0.9999891,0.12158106,-1.595078e-05,-0.073484949,1,0,0,-0.025858666,-0.012793593,0.95401517,319.79341,1315.5216,59.5,0,1.3613568,0,0,nan,nan,55103.328,-2429.0689,-18.981087,250.95978,-0.48476169,20.292243,337.31083,0,0,0,0,0,0
5.75,130.06399,-14.824245,-1331.3757,34.523283,-3.9458075,-315.81124,-0.0025050733,1.4470333,-0.056827376,0.020857218,-0.023526505,0.016294232,0.12027888,-1.9564837e-05,-0.063515833,0.99999014,0.12007313,-2.6612662e-05,-0.057812187,1,0,0,-0.026540211,-0.013181815,0.94686624,317.33856,1331.3757,59.5,0,1.3613568,0,0,nan,nan,54175.562,-2282.2017,176.45647,338.25688,-0.28514785,189.84644,-125.17602,0,0,0,0,0,0
5.8,131.79112,-15.017022,-1347.1083,34.547219,-3.7626247,-313.40261,6.6747783e-05,1.4461999,-0.055054718,0.010764653,-0.014457583,-0.0067942158,0.12346794,-2.6059415e-05,-0.063221592,0.99999108,0.12491113,-2.0847632e-05,-0.066492682,1,0,0,-0.026577018,-0.012939223,0.93988293,314.94053,1347.1083,59.5,0,1.3613568,0,0,nan,nan,53276.875,-2243.2911,141.59895,240.67483,-0.36560302,-61.701239,-36.723844,0,0,0,0,0,0
5.85,133.51772,-15.203443,-1362.7214,34.520594,-3.7029364,-311.03196,-0.00021660297,1.4452885,-0.055677102,0.0034308194,-0.021255287,0.0075905266,0.12359894,-1.0697863e-05,-0.064579612,0.99999193,0.12324374,-5.5164578e-06,-0.062439887,1,0,0,-0.026836884,-0.012782126,0.93300133,312.57785,1362.7214,59.5,0,1.3613568,0,0,nan,nan,52399.463,-2204.8042,75.054332,270.96155,-0.14740936,-13.178918,128.98288,0,0,0,0,0,0
5.9,135.24402,-15.386102,-1378.2166,34.5359,-3.582058,-308.68852,0.0031684174,1.4442503,-0.0523439,-0.0005917614,-0.019784053,0.0043142873,0.12410301,-1.2540086e-05,-0.061494674,0.9999927,0.12481884,-1.5415816e-05,-0.061500961,1,0,0,-0.027101924,-0.012909173,0.92620623,310.24539,1378.2166,59.5,0,1.3613568,0,0,nan,nan,51541.228,-2167.1749,181.96232,290.35893,-0.16795549,9.4999042,-114.32731,0,0,0,0,0,0
5.95,136.97124,-15.562041,-1393.5954,34.552838,-3.4626723,-306.37605,0.0035551568,1.4432503,-0.051804294,-0.00543491,-0.020739065,0.0020951177,0.12509851,-1.1184734e-05,-0.062822691,0.9999934,0.12543355,-8.053706e-06,-0.062997442,1,0,0,-0.027324814,-0.012680153,0.91950066,307.94415,1393.5954,59.5,0,1.3613568,0,0,nan,nan,50702.153,-2130.5083,106.29872,288.56763,-0.14515402,-16.261622,71.279976,0,0,0,0,0,0
6,138.69943,-15.732964,-1408.8593,34.578627,-3.3639529,-304.0928,0.00513779,1.4421854,-0.049847601,-0.0088482538,-0.02154473,0.0064572515,0.12565614,-8.8948389e-06,-0.061297371,0.99999403,0.12603693,-9.8014702e-06,-0.060238504,1,0,0,-0.027579716,-0.012688654,0.91288269,305.67345,1408.8593,59.5,0,1.3613568,0,0,nan,nan,49881.674,-2094.6085,148.43953,303.94317,-0.11148205,-0.80088882,-21.7797,0,0,0,0,0,0
6.05,140.42925,-15.898111,-1424.0097,34.616807,-3.2376996,-301.8379,0.0063656515,1.4411027,-0.048081638,-0.012302255,-0.02182145,0.0030463673,0.12642005,-1.0141223e-05,-0.060756753,0.9999946,0.12683967,-9.575795e-06,-0.060912988,1,0,0,-0.027815897,-0.012574408,0.90634839,303.43193,1424.0097,59.5,0,1.3613568,0,0,nan,nan,49079.027,-2059.5555,144.00379,310.25529,-0.12413243,-5.8153048,-6.0497495,0,0,0,0,0,0
6.1,142.16113,-16.057335,-1439.0481,34.661497,-3.1283958,-299.61111,0.0070386607,1.4399947,-0.046703114,-0.015415251,-0.022457074,0.0049850185,0.12709743,-7.9144601e-06,-0.060356551,0.99999511,0.12745698,-6.973768e-06,-0.059698421,1,0,0,-0.028051691,-0.012457572,0.89989781,301.2196,1439.0481,59.5,0,1.3613568,0,0,nan,nan,48293.891,-2025.2922,135.46581,318.61735,-0.092567669,-4.9727872,18.871957,0,0,0,0,0,0
6.15,143.89546,-16.210988,-1453.9757,34.715527,-3.0106574,-297.41155,0.008096603,1.438859,-0.044797357,-0.017916973,-0.0228949,0.0046649762,0.12775137,-7.6579451e-06,-0.0592404,0.99999558,0.12812188,-7.7479581e-06,-0.05884592,1,0,0,-0.028282837,-0.012374033,0.89352797,299.03542,1453.9757,59.5,0,1.3613568,0,0,nan,nan,47525.634,-1991.799,151.21624,326.61797,-0.086752378,-4.0479492,-15.130474,0,0,0,0,0,0
6.2,145.63269,-16.35864,-1468.794,34.777303,-2.8922098,-295.23871,0.0086645487,1.4377016,-0.043262128,-0.02027295,-0.023359594,0.004302011,0.12839503,-6.8695729e-06,-0.058735046,0.999996,0.12874321,-6.0591109e-06,-0.058378941,1,0,0,-0.028507115,-0.012232501,0.88723743,296.87888,1468.794,59.5,0,1.3613568,0,0,nan,nan,46773.804,-1959.0589,142.0571,333.6029,-0.074594958,-4.5731956,9.5128171,0,0,0,0,0,0
6.25,147.37318,-16.5005,-1483.5043,34.84634,-2.7768251,-293.09198,0.0092824918,1.4365204,-0.041568219,-0.022166306,-0.023815826,0.0049667907,0.1289999,-5.8546682e-06,-0.057815125,0.99999638,0.12933229,-5.6129512e-06,-0.057250681,1,0,0,-0.028726302,-0.012115825,0.88102457,294.74943,1483.5043,59.5,0,1.3613568,0,0,nan,nan,46037.938,-1927.0463,147.46902,340.6179,-0.060226294,-4.0768674,-1.4909271,0,0,0,0,0,0
6.3,149.1173,-16.636481,-1498.1079,34.922666,-2.6576439,-290.97078,0.0098031799,1.4353172,-0.039883912,-0.02380498,-0.024240962,0.0045393152,0.1295815,-5.4830854e-06,-0.056978583,0.99999673,0.12989978,-5.1422285e-06,-0.056575841,1,0,0,-0.028938938,-0.011979211,0.87488745,292.64637,1498.1079,59.5,0,1.3613568,0,0,nan,nan,45317.553,-1895.7416,147.80524,347.05608,-0.05405488,-4.0236364,-1.1566602,0,0,0,0,0,0
6.35,150.8654,-16.766549,-1512.6061,35.005497,-2.5406931,-288.87456,0.010170648,1.4340928,-0.038276564,-0.02519906,-0.024661348,0.0047660771,0.13013306,-4.6979422e-06,-0.056172334,0.99999704,0.13043346,-4.2907275e-06,-0.055656735,1,0,0,-0.029145203,-0.01183437,0.86882463,290.56922,1512.6061,59.5,0,1.3613568,0,0,nan,nan,44612.232,-1865.1245,146.2086,353.14153,-0.043274486,-3.8901393,3.152476,0,0,0,0,0,0
6.4,152.61778,-16.890771,-1527,35.09464,-2.4232348,-286.80279,0.010531795,1.4328475,-0.036611934,-0.026325383,-0.025063042,0.0047709981,0.13065441,-4.1995927e-06,-0.055235004,0.99999732,0.13093863,-3.981695e-06,-0.054732353,1,0,0,-0.029344902,-0.01169064,0.86283444,288.51738,1527,59.5,0,1.3613568,0,0,nan,nan,43921.541,-1835.1749,148.0885,358.8681,-0.036240111,-3.7091253,-1.6365824,0,0,0,0,0,0
6.45,154.37477,-17.00911,-1541.2909,35.189681,-2.3059107,-284.75492,0.010782254,1.4315826,-0.035006304,-0.027272435,-0.025449915,0.004691327,0.13114626,-3.7150106e-06,-0.054367013,0.99999758,0.1314134,-3.3969218e-06,-0.05387342,1,0,0,-0.029537768,-0.011534729,0.85691534,286.49032,1541.2909,59.5,0,1.3613568,0,0,nan,nan,43245.07,-1805.8742,146.55275,364.19882,-0.029629513,-3.5857854,1.1946135,0,0,0,0,0,0
6.5,156.13665,-17.121615,-1555.4799,35.290217,-2.1896896,-282.73047,0.010983985,1.4302986,-0.033406587,-0.028019935,-0.025822474,0.0047716697,0.13160711,-3.198241e-06,-0.053439676,0.99999781,0.13185686,-2.9567715e-06,-0.052907068,1,0,0,-0.029723723,-0.011377655,0.85106586,284.48752,1555.4799,59.5,0,1.3613568,0,0,nan,nan,42582.431,-1777.2038,146.34159,369.17887,-0.022919633,-3.4282924,0.2223595,0,0,0,0,0,0
6.55,157.90368,-17.228314,-1569.5683,35.395946,-2.0737109,-280.72893,0.011136348,1.4289963,-0.0318229,-0.028602506,-0.02617888,0.0047048377,0.13203704,-2.8056876e-06,-0.052503256,0.99999802,0.13226945,-2.5820362e-06,-0.051986388,1,0,0,-0.029902582,-0.011215384,0.84528451,282.50847,1569.5683,59.5,0,1.3613568,0,0,nan,nan,41933.238,-1749.1461,145.66507,373.79781,-0.01784817,-3.2791364,-0.18766957,0,0,0,0,0,0
6.6,159.67611,-17.329236,-1583.5572,35.506493,-1.9587969,-278.74983,0.011228779,1.4276766,-0.030273527,-0.02904041,-0.026520141,0.0046967624,0.13243563,-2.3886517e-06,-0.051569639,0.9999982,0.1326503,-2.1599297e-06,-0.05103734,1,0,0,-0.030074211,-0.011048533,0.83956991,280.55267,1583.5572,59.5,0,1.3613568,0,0,nan,nan,41297.126,-1721.6841,144.33499,378.06536,-0.012706383,-3.1318115,0.48297199,0,0,0,0,0,0
6.65,161.45418,-17.424438,-1597.4476,35.621538,-1.8448373,-276.79271,0.011285655,1.4263401,-0.028741107,-0.0293398,-0.02684569,0.004674509,0.13280242,-2.0208067e-06,-0.050610613,0.99999838,0.13299926,-1.8315171e-06,-0.050073693,1,0,0,-0.030238481,-0.010879472,0.83392066,278.61965,1597.4476,59.5,0,1.3613568,0,0,nan,nan,40673.74,-1694.8011,143.3448,381.99204,-0.0082975615,-2.9779957,-0.15712552,0,0,0,0,0,0
6.7,163.2381,-17.513964,-1611.2407,35.740762,-1.731908,-274.85711,0.011299552,1.4249878,-0.027239584,-0.029522747,-0.027155372,0.0046239108,0.13313723,-1.6860884e-06,-0.049655029,0.99999853,0.13331606,-1.4980506e-06,-0.049119223,1,0,0,-0.030395256,-0.010706751,0.82833543,276.70893,1611.2407,59.5,0,1.3613568,0,0,nan,nan,40062.737,-1668.4813,141.82864,385.58083,-0.0044131095,-2.8275998,0.049800758,0,0,0,0,0,0
6.75,165.02807,-17.597875,-1624.9375,35.863846,-1.6202712,-272.9426,0.01127846,1.4236204,-0.025766528,-0.029597887,-0.027449291,0.004591246,0.13343969,-1.3624708e-06,-0.048691493,0.99999867,0.13360033,-1.1911512e-06,-0.048149237,1,0,0,-0.030544415,-0.010531905,0.82281293,274.82007,1624.9375,59.5,0,1.3613568,0,0,nan,nan,39463.788,-1642.7093,140.25936,388.84092,-0.00079803932,-2.6752736,-0.014190082,0,0,0,0,0,0
6.8,166.82429,-17.676234,-1638.5391,35.990495,-1.5099035,-271.04875,0.011227532,1.4222387,-0.024321928,-0.029577058,-0.027727217,0.0045383164,0.13370955,-1.0732643e-06,-0.047723729,0.9999988,0.13385187,-9.169648e-07,-0.047182673,1,0,0,-0.03068584,-0.010355087,0.81735189,272.95263,1638.5391,59.5,0,1.3613568,0,0,nan,nan,38876.572,-1617.4702,138.57452,391.77868,0.0023183976,-2.5225213,-0.16218397,0,0,0,0,0,0
6.85,168.62692,-17.749108,-1652.0465,36.120412,-1.4009593,-269.17516,0.011147346,1.4208436,-0.022909754,-0.029471743,-0.027989182,0.0044840151,0.13394658,-8.0029087e-07,-0.046757487,0.99999891,0.13407043,-6.5159506e-07,-0.046215795,1,0,0,-0.030819415,-0.010176485,0.81195108,271.10617,1652.0465,59.5,0,1.3613568,0,0,nan,nan,38300.78,-1592.7496,136.67314,394.40057,0.0051460181,-2.3705199,-0.10831937,0,0,0,0,0,0
6.9,170.43612,-17.816571,-1665.4607,36.253314,-1.2935177,-267.32142,0.011043222,1.4194358,-0.021528713,-0.029289904,-0.028235161,0.0044271304,0.13415051,-5.4715474e-07,-0.04578975,0.99999902,0.13425578,-4.1176467e-07,-0.045248231,1,0,0,-0.030945032,-0.0099967744,0.8066093,269.28027,1665.4607,59.5,0,1.3613568,0,0,nan,nan,37736.115,-1568.5336,134.71216,396.71402,0.0076613874,-2.2179978,-0.20670313,0,0,0,0,0,0
6.95,172.25203,-17.8787,-1678.7826,36.388928,-1.1876357,-265.48714,0.010917095,1.4180161,-0.020180503,-0.029040783,-0.028465129,0.004362024,0.13432114,-3.1435498e-07,-0.044824903,0.99999911,0.13440772,-1.8794994e-07,-0.044285646,1,0,0,-0.031062587,-0.0098160916,0.8013254,267.47454,1678.7826,59.5,0,1.3613568,0,0,nan,nan,37182.287,-1544.8088,132.61511,398.72543,0.0098742842,-2.0660835,-0.23628946,0,0,0,0,0,0
7,174.07478,-17.935573,-1692.0134,36.526546,-1.0834536,-263.67203,0.010769243,1.4165853,-0.018868064,-0.02873179,-0.028713483,0.0042776924,0.13456714,-9.1439687e-08,-0.043905255,0.99999919,0.13475143,3.6826081e-08,-0.04341663,1,0,0,-0.031173695,-0.009634722,0.79609829,265.68858,1692.0134,59.5,0,1.3613568,0,0,nan,nan,36639.021,-1521.5596,129.96623,398.50833,0.011885907,-4.0412414,-0.1168682,0,0,0,0,0,0
7.05,175.90441,-17.987291,-1705.1538,36.664355,-0.98158022,-261.87596,0.010609721,1.4151351,-0.017584157,-0.028367088,-0.029233555,0.0042757947,0.13484522,1.1454253e-07,-0.043024729,0.99999927,0.13497722,2.0153647e-07,-0.042522833,1,0,0,-0.03129335,-0.0094564993,0.79092705,263.92208,1705.1538,59.5,0,1.3613568,0,0,nan,nan,36106.065,-1498.7498,127.09264,398.60744,0.013643614,-4.2745518,0.30478858,0,0,0,0,0,0
7.1,177.74096,-18.033962,-1718.2048,36.803876,-0.88154753,-260.09832,0.010450278,1.413663,-0.016319328,-0.027966951,-0.029528897,0.0042005969,0.13509748,2.2043295e-07,-0.042134727,0.99999934,0.13525348,2.7312787e-07,-0.041645626,1,0,0,-0.031418058,-0.0092811366,0.78581047,262.17463,1718.2048,59.5,0,1.3613568,0,0,nan,nan,35583.144,-1476.3735,124.82843,399.76454,0.014372547,-1.7555272,-0.76758525,0,0,0,0,0,0
7.15,179.58453,-18.075677,-1731.1674,36.944633,-0.78349201,-258.33882,0.010268095,1.41218,-0.015097967,-0.027545804,-0.029720427,0.0040994867,0.13538006,3.577757e-07,-0.041274248,0.9999994,0.13553228,4.5698905e-07,-0.040793981,1,0,0,-0.031538566,-0.0091053769,0.78074756,260.44586,1731.1674,59.5,0,1.3613568,0,0,nan,nan,35070.01,-1454.4342,121.93904,399.74949,0.015365453,-1.8675124,-0.29528388,0,0,0,0,0,0
7.2,181.43516,-18.112542,-1744.0425,37.086214,-0.687581,-256.59716,0.01007227,1.4106875,-0.013912281,-0.027088695,-0.02989823,0.0040276815,0.1356331,5.4457494e-07,-0.040412474,0.99999946,0.13576719,6.4716673e-07,-0.039929683,1,0,0,-0.031654869,-0.0089311785,0.77573733,258.73543,1744.0425,59.5,0,1.3613568,0,0,nan,nan,34566.419,-1432.9206,119.29571,399.84172,0.016772258,-1.3224263,-0.44696601,0,0,0,0,0,0
7.25,183.29288,-18.144658,-1756.8309,37.228617,-0.59363787,-254.87297,0.0098644859,1.4091876,-0.012762528,-0.026593245,-0.030018629,0.0039298742,0.1358619,7.2345085e-07,-0.03955815,0.99999951,0.13598366,8.2412151e-07,-0.039083962,1,0,0,-0.031764693,-0.0087578941,0.77077875,257.04299,1756.8309,59.5,0,1.3613568,0,0,nan,nan,34072.133,-1411.8254,116.63471,399.68741,0.01804616,-0.96073008,-0.56289893,0,0,0,0,0,0
7.3,185.15774,-18.172126,-1769.5335,37.371577,-0.50176421,-253.16595,0.0096438437,1.4076824,-0.011651499,-0.026062061,-0.030116735,0.0038395623,0.13606209,9.035577e-07,-0.038715077,0.99999956,0.13616465,1.0016875e-06,-0.038243974,1,0,0,-0.03186692,-0.0085855576,0.76587088,255.36821,1769.5335,59.5,0,1.3613568,0,0,nan,nan,33586.922,-1391.1393,113.88179,399.26731,0.019275897,-0.8016787,-0.44523417,0,0,0,0,0,0
7.35,187.02976,-18.19505,-1782.1512,37.514934,-0.41193179,-251.47579,0.00941549,1.4061729,-0.010575747,-0.025498367,-0.030193847,0.0037498107,0.13622687,1.0652539e-06,-0.03787698,0.9999996,0.1363098,1.1488591e-06,-0.037410108,1,0,0,-0.03196112,-0.008414702,0.76101276,253.71074,1782.1512,59.5,0,1.3613568,0,0,nan,nan,33110.562,-1370.8527,111.22013,398.68259,0.020288115,-0.58107322,-0.54289669,0,0,0,0,0,0
7.4,188.90896,-18.21353,-1794.6848,37.658529,-0.32411375,-249.80218,0.0091800245,1.4046601,-0.0095361557,-0.024909275,-0.030250841,0.0036546573,0.13635643,1.2057388e-06,-0.037049157,0.99999964,0.13641915,1.2806907e-06,-0.036588323,1,0,0,-0.03204675,-0.0082451544,0.75620346,252.07028,1794.6848,59.5,0,1.3613568,0,0,nan,nan,32642.837,-1350.956,108.52566,397.88201,0.021069256,-0.42538964,-0.53412757,0,0,0,0,0,0
7.45,190.79533,-18.227669,-1807.135,37.802191,-0.23832717,-248.14482,0.0089392791,1.4031449,-0.0085320318,-0.024300127,-0.030292491,0.0035627055,0.13644878,1.3317677e-06,-0.036230471,0.99999967,0.13649028,1.3978163e-06,-0.035774225,1,0,0,-0.032123558,-0.0080771625,0.75144209,250.4465,1807.135,59.5,0,1.3613568,0,0,nan,nan,32183.538,-1331.4397,105.84793,396.88765,0.021689166,-0.28177514,-0.53259854,0,0,0,0,0,0
7.5,192.68889,-18.237566,-1819.5028,37.945765,-0.15454449,-246.50343,0.0086951915,1.4016281,-0.0075623276,-0.023675707,-0.030318965,0.0034691696,0.13650305,1.441093e-06,-0.035420925,0.9999997,0.13652316,1.4983609e-06,-0.034970431,1,0,0,-0.032191346,-0.0079108489,0.74672776,248.8391,1819.5028,59.5,0,1.3613568,0,0,nan,nan,31732.461,-1312.2946,103.2001,395.70518,0.022136615,-0.14236844,-0.5621682,0,0,0,0,0,0
7.55,194.58962,-18.243322,-1831.7889,38.089099,-0.072755622,-244.87772,0.0084486362,1.4001104,-0.0066268327,-0.02304047,-0.030331334,0.0033753878,0.13651887,1.5373078e-06,-0.034621956,0.99999973,0.13651729,1.5881684e-06,-0.034177281,1,0,0,-0.032249958,-0.0077462576,0.74205962,247.24778,1831.7889,59.5,0,1.3613568,0,0,nan,nan,31289.409,-1293.5116,100.56031,394.33503,0.022450475,-0.014240065,-0.55861999,0,0,0,0,0,0
7.6,196.4975,-18.245036,-1843.9941,38.232043,0.0070523122,-243.26743,0.0082009348,1.3985925,-0.005724684,-0.022397844,-0.030330299,0.0032824381,0.13649575,1.6220799e-06,-0.033833184,0.99999976,0.13647229,1.6664253e-06,-0.033394285,1,0,0,-0.032299285,-0.0075835245,0.73743682,245.67224,1843.9941,59.5,0,1.3613568,0,0,nan,nan,30854.191,-1275.0818,97.950379,392.78431,0.022651194,0.11109215,-0.56883445,0,0,0,0,0,0
7.65,198.41253,-18.242807,-1856.1191,38.374455,0.084900753,-241.67229,0.0079530546,1.397075,-0.0048552128,-0.021750971,-0.030316153,0.0031892574,0.13643346,1.6957779e-06,-0.033055168,0.99999978,0.13638802,1.7344012e-06,-0.032622471,1,0,0,-0.032339238,-0.0074227122,0.73285856,244.1122,1856.1191,59.5,0,1.3613568,0,0,nan,nan,30426.621,-1256.9965,95.366946,391.05681,0.022747434,0.23294854,-0.57686407,0,0,0,0,0,0
7.7,200.33465,-18.236732,-1868.1647,38.516194,0.16080673,-240.09204,0.0077057804,1.3955586,-0.0040177847,-0.021102566,-0.030289261,0.0030966922,0.13633183,1.7600475e-06,-0.032288261,0.9999998,0.13626432,1.7936414e-06,-0.031861775,1,0,0,-0.032369743,-0.0072638897,0.72832404,242.56739,1868.1647,59.5,0,1.3613568,0,0,nan,nan,30006.521,-1239.2474,92.811184,389.15697,0.022757725,0.35190969,-0.57883997,0,0,0,0,0,0
7.75,202.26385,-18.226908,-1880.1317,38.657125,0.23479149,-238.52643,0.0074599073,1.3940439,-0.0032116282,-0.020454931,-0.030249873,0.0030047367,0.13619074,1.8155346e-06,-0.031532542,0.99999982,0.13610111,1.8443516e-06,-0.031112407,1,0,0,-0.032390739,-0.007107128,0.72383247,241.03752,1880.1317,59.5,0,1.3613568,0,0,nan,nan,29593.715,-1221.8263,90.289212,387.08948,0.022691524,0.46888883,-0.58417586,0,0,0,0,0,0
7.8,204.20007,-18.213431,-1892.0207,38.797118,0.30687773,-236.97521,0.0072160478,1.3925315,-0.0024360457,-0.019810123,-0.030198204,0.0029133656,0.13601011,1.8629819e-06,-0.030788322,0.99999984,0.13589832,1.8875594e-06,-0.03037468,1,0,0,-0.032402174,-0.0069524752,0.71938311,239.52235,1892.0207,59.5,0,1.3613568,0,0,nan,nan,29188.035,-1204.7254,87.800677,384.8587,0.022558548,0.58381745,-0.58650946,0,0,0,0,0,0
7.85,206.14326,-18.196394,-1903.8325,38.936043,0.37708839,-235.43815,0.0069747509,1.3910221,-0.0016903071,-0.019169899,-0.030134468,0.002822863,0.13578989,1.9032294e-06,-0.030055739,0.99999985,0.13565592,1.9239296e-06,-0.029648639,1,0,0,-0.032404004,-0.0067999804,0.71497521,238.02161,1903.8325,59.5,0,1.3613568,0,0,nan,nan,28789.316,-1187.9369,85.348274,382.46913,0.022368714,0.69688957,-0.58781812,0,0,0,0,0,0
7.9,208.09338,-18.175892,-1915.5678,39.073779,0.44544842,-233.91503,0.006736498,1.3895163,-0.00097366665,-0.01853578,-0.030058859,0.0027332384,0.13553007,1.9368326e-06,-0.029334919,0.99999987,0.13537392,1.9539709e-06,-0.028934448,1,0,0,-0.03239619,-0.0066496841,0.71060806,236.53504,1915.5678,59.5,0,1.3613568,0,0,nan,nan,28397.399,-1171.4534,82.934014,379.92525,0.022129203,0.80816376,-0.58893568,0,0,0,0,0,0
7.95,210.05035,-18.152015,-1927.2273,39.210206,0.51198347,-232.4056,0.0065016848,1.3880145,-0.00028539393,-0.017909082,-0.029971575,0.0026445935,0.13523065,1.9644027e-06,-0.028625994,0.99999988,0.13505233,1.9783218e-06,-0.028232206,1,0,0,-0.032378701,-0.0065016185,0.70628094,235.06241,1927.2273,59.5,0,1.3613568,0,0,nan,nan,28012.129,-1155.2676,80.558865,377.2315,0.021847216,0.91761955,-0.58857425,0,0,0,0,0,0
8,212.0141,-18.124854,-1938.8116,39.345208,0.57672007,-230.90966,0.0062706561,1.3865174,0.00037525279,-0.017290926,-0.029872813,0.0025570345,0.13489166,1.9864808e-06,-0.027929034,0.99999989,0.1346912,1.9974494e-06,-0.027541963,1,0,0,-0.03235151,-0.006355812,0.70199317,233.60347,1938.8116,59.5,0,1.3613568,0,0,nan,nan,27633.356,-1139.3726,78.224443,374.39232,0.021529028,1.025254,-0.58760827,0,0,0,0,0,0
8.05,213.97232,-18.094394,-1950.3238,38.856812,0.6462051,-229.54643,0.0058598546,1.3807292,0.00082183362,-0.016658379,-0.25432924,0.0017964156,0.23818341,2.5784307e-06,-0.027509879,0.9999999,0.21189599,3.669513e-06,-0.027616326,1,0,0,-0.039336877,-0.0061895079,0.69781569,232.18181,1950.3238,59.5,0,1.2217305,0,0,nan,nan,27266.523,-1112.7864,85.708947,-297.49583,0.025487856,-2175.8937,-13.904204,0,0,0,0,0,0
8.1,215.91644,-18.060389,-1961.7664,39.154231,0.71465213,-228.05878,0.0049659469,1.3661296,0.00073718483,-0.015609123,-0.25699581,0.0012225433,0.18721107,6.2465923e-06,-0.028183554,0.99999991,0.19068078,8.5253894e-06,-0.028454043,1,0,0,-0.051700235,-0.0059471419,0.69362369,230.75589,1961.7664,59.5,0,1.2217305,0,0,nan,nan,26901.726,-1072.1266,78.783378,1306.7407,0.051770116,1716.2766,15.756739,0,0,0,0,0,0
8.15,217.89622,-18.023221,-1973.1311,40.033864,0.77466974,-226.47236,0.0045515537,1.3575546,0.0010710606,-0.013911891,-0.097473964,0.0032747275,0.24707046,7.5495348e-06,-0.027591689,0.99999992,0.28892449,6.4773643e-06,-0.026820036,1,0,0,-0.055435156,-0.0057726526,0.68941316,229.32437,1973.1311,59.5,0,1.2217305,0,0,nan,nan,26538.69,-1047.4393,78.803016,1056.6277,0.059930443,759.14711,13.268232,0,0,0,0,0,0
8.2,219.91237,-17.982907,-1984.4182,40.623031,0.84157497,-224.95893,0.0045967718,1.3538652,0.0017926913,-0.01256634,-0.052660795,0.0031588926,0.26179939,3.6263547e-06,-0.026391169,0.99999993,0.31901317,1.1401482e-06,-0.025951264,1,0,0,-0.055532182,-0.0056344682,0.68529291,227.92347,1984.4182,59.5,0,1.2217305,0,0,nan,nan,26185.742,-1032.9649,84.297765,910.42509,0.030735246,346.74947,-8.078022,0,0,0,0,0,0
8.25,221.95627,-17.939229,-1995.6303,41.135251,0.90709925,-223.47081,0.0045974761,1.351912,0.0024214967,-0.012054571,-0.029469438,0.0028421413,0.26179939,3.8445238e-07,-0.025755256,0.99999993,0.33771194,-7.6945709e-07,-0.025346029,1,0,0,-0.05420154,-0.005478485,0.68121709,226.53791,1995.6303,59.5,0,1.2217305,0,0,nan,nan,25839.221,-1022.599,76.648942,777.20629,0.0073680152,64.046709,2.7944136,0,0,0,0,0,0
8.3,224.02301,-17.892389,-2006.7688,41.532908,0.96888087,-222.01569,0.0046284521,1.3503677,0.0030681065,-0.011990307,-0.037192267,0.0029954596,0.26179939,-9.1163854e-07,-0.024861298,0.99999994,0.33577304,-1.3368988e-06,-0.024349578,1,0,0,-0.052947354,-0.0053432377,0.67718751,225.16827,2006.7688,59.5,0,1.2217305,0,0,nan,nan,25499.165,-1012.2015,75.243387,654.19922,-0.0017347069,-194.71244,-1.8125946,0,0,0,0,0,0
8.35,226.10777,-17.842467,-2017.8352,41.867833,1.0302019,-220.58356,0.0046042657,1.3479454,0.0036597354,-0.01207263,-0.061277552,0.0026115936,0.26179939,-1.0535709e-06,-0.024123562,0.99999995,0.32051884,-7.8974304e-07,-0.023793581,1,0,0,-0.052830454,-0.0052027255,0.67319792,223.81246,2017.8352,59.5,0,1.2217305,0,0,nan,nan,25165.01,-998.98268,73.106848,633.86612,-0.0026287063,-227.27522,-2.9430525,0,0,0,0,0,0
8.4,228.20949,-17.789535,-2028.8301,42.224162,1.0889833,-219.15737,0.0044796528,1.3444091,0.0041518271,-0.012071396,-0.078093784,0.002471753,0.26179939,-1.3671672e-07,-0.023552585,0.99999995,0.30802827,4.8934689e-07,-0.023214935,1,0,0,-0.053706135,-0.0050562045,0.66923991,222.46769,2028.8301,59.5,0,1.2217305,0,0,nan,nan,24836.044,-983.40621,69.648574,699.71234,0.0036427094,-70.974634,0.59138762,0,0,0,0,0,0
8.45,230.33047,-17.733716,-2039.7537,42.641972,1.1458368,-217.72833,0.0043386019,1.3404702,0.0046225968,-0.011874486,-0.076371916,0.0024759373,0.26179939,8.1071772e-07,-0.022912002,0.99999996,0.30787377,1.2026385e-06,-0.022545022,1,0,0,-0.054675838,-0.0049149178,0.66530902,221.13245,2039.7537,59.5,0,1.2217305,0,0,nan,nan,24511.871,-967.84767,67.8121,771.76853,0.0098868204,98.102941,0.10569217,0,0,0,0,0,0
8.5,232.47347,-17.675085,-2050.6058,43.098384,1.2013478,-216.3005,0.0042085296,1.3369617,0.005091343,-0.011550418,-0.062541287,0.0024382613,0.26179939,1.2177338e-06,-0.022255051,0.99999996,0.31729309,1.3091924e-06,-0.021882159,1,0,0,-0.055006927,-0.0047776609,0.66140679,219.80725,2050.6058,59.5,0,1.2217305,0,0,nan,nan,24192.542,-954.16093,65.552999,788.13004,0.012352151,144.34692,0.11942433,0,0,0,0,0,0
8.55,234.63921,-17.61372,-2061.3868,43.543446,1.2551481,-214.88422,0.004097127,1.3341531,0.0055619561,-0.011199465,-0.050670461,0.002410901,0.26179939,1.1935856e-06,-0.021570316,0.99999996,0.32666655,1.1079736e-06,-0.021180627,1,0,0,-0.054660026,-0.0046464188,0.65753784,218.49363,2061.3868,59.5,0,1.2217305,0,0,nan,nan,23878.332,-942.39045,63.244025,747.68052,0.011927225,65.948433,-0.24786383,0,0,0,0,0,0
8.6,236.82624,-17.549703,-2072.0974,43.946335,1.307313,-213.48622,0.0039931767,1.3316964,0.0060231023,-0.010878853,-0.049456295,0.0023161659,0.26179939,1.0202957e-06,-0.02088832,0.99999997,0.32880241,9.4422963e-07,-0.020519063,1,0,0,-0.054129151,-0.0045197004,0.65370481,217.19244,2072.0974,59.5,0,1.2217305,0,0,nan,nan,23569.359,-931.2637,61.096553,693.1173,0.010561073,-42.951519,-0.98058916,0,0,0,0,0,0
8.65,239.03246,-17.483119,-2082.7385,44.313416,1.3577953,-212.10525,0.0038734197,1.3290614,0.0064525668,-0.010586084,-0.057114249,0.002183004,0.26179939,1.0058046e-06,-0.020258704,0.99999997,0.32379937,1.0666142e-06,-0.019919922,1,0,0,-0.053918025,-0.0043944302,0.64990643,215.90327,2082.7385,59.5,0,1.2217305,0,0,nan,nan,23265.458,-919.53786,58.8479,665.75235,0.010248781,-91.723218,-0.92795948,0,0,0,0,0,0
8.7,241.25673,-17.414051,-2093.3108,44.672976,1.4066325,-210.73501,0.0037326211,1.3259865,0.0068454519,-0.010281226,-0.065671429,0.0020694927,0.26179939,1.2191864e-06,-0.019672157,0.99999997,0.31703887,1.3769744e-06,-0.019351297,1,0,0,-0.054156319,-0.0042702052,0.64613938,214.62499,2093.3108,59.5,0,1.2217305,0,0,nan,nan,22966.323,-906.9212,56.726856,674.90552,0.011370713,-60.259319,-0.62506106,0,0,0,0,0,0
8.75,243.49929,-17.342576,-2103.8148,45.047996,1.4540167,-209.3701,0.0035801816,1.3226019,0.0072099844,-0.0099357783,-0.068642184,0.0019844006,0.26179939,1.5066444e-06,-0.019106904,0.99999998,0.31375789,1.6543706e-06,-0.018792488,1,0,0,-0.054603822,-0.0041476895,0.64240092,213.35668,2103.8148,59.5,0,1.2217305,0,0,nan,nan,22671.696,-894.01134,54.736856,700.23737,0.012907986,6.4839272,-0.35195595,0,0,0,0,0,0
8.8,245.76107,-17.268765,-2114.2507,45.440709,1.5000422,-208.00969,0.0034288584,1.3192278,0.0075571657,-0.0095533556,-0.065395849,0.0019229304,0.26179939,1.7001615e-06,-0.018543724,0.99999998,0.31520287,1.7663099e-06,-0.018226711,1,0,0,-0.054927812,-0.0040280254,0.63869034,212.09812,2114.2507,59.5,0,1.2217305,0,0,nan,nan,22381.47,-881.5971,52.811927,715.2245,0.013815181,50.225081,-0.23514097,0,0,0,0,0,0
8.85,248.04263,-17.192685,-2124.6186,45.836765,1.5447083,-206.65682,0.0032863264,1.3160892,0.007893541,-0.0091585458,-0.059993357,0.0018648181,0.26179939,1.7383938e-06,-0.017975539,0.99999998,0.31875423,1.7243523e-06,-0.017657315,1,0,0,-0.054971382,-0.0039119733,0.63500868,210.84962,2124.6186,59.5,0,1.2217305,0,0,nan,nan,22095.659,-870.02797,50.941311,708.19927,0.013752215,45.510674,-0.35061241,0,0,0,0,0,0
8.9,250.34375,-17.114406,-2134.9192,46.220191,1.5879675,-205.31515,0.0031515838,1.3131781,0.0082180306,-0.0087749279,-0.056963532,0.0017931278,0.26179939,1.6793477e-06,-0.017412163,0.99999998,0.32082602,1.6386489e-06,-0.017100416,1,0,0,-0.05482016,-0.0037993123,0.63135717,209.6116,2134.9192,59.5,0,1.2217305,0,0,nan,nan,21814.291,-859.08552,49.097173,686.49559,0.013110055,8.6403768,-0.5266866,0,0,0,0,0,0
8.95,252.66359,-17.033998,-2145.153,46.585241,1.6297936,-203.98601,0.0030191963,1.3103214,0.0085258351,-0.0084103268,-0.05794393,0.0017080913,0.26179939,1.6239586e-06,-0.016866221,0.99999998,0.31968389,1.6074656e-06,-0.016566587,1,0,0,-0.054676647,-0.0036893405,0.62773597,208.3841,2145.153,59.5,0,1.2217305,0,0,nan,nan,21537.318,-848.29706,47.288118,665.84214,0.012509135,-25.769398,-0.62014931,0,0,0,0,0,0
9,255.00134,-16.951532,-2155.3207,46.937659,1.6702358,-202.668,0.002885,1.307347,0.008813482,-0.0080579397,-0.061315976,0.0016192078,0.26179939,1.6308219e-06,-0.01634339,0.99999999,0.31619661,1.6524011e-06,-0.016056649,1,0,0,-0.054685955,-0.0035814554,0.62414405,207.16677,2155.3207,59.5,0,1.2217305,0,0,nan,nan,21264.61,-837.33711,45.537364,656.93553,0.012287651,-34.291387,-0.59845461,0,0,0,0,0,0
9.05,257.35661,-16.867075,-2165.4226,47.28755,1.7093913,-201.35854,0.0027487695,1.3042041,0.0090810794,-0.007707101,-0.064220593,0.0015364799,0.26179939,1.6905455e-06,-0.015840848,0.99999999,0.31255869,1.7301581e-06,-0.01556361,1,0,0,-0.05484926,-0.0034754752,0.62057995,205.95911,2165.4226,59.5,0,1.2217305,0,0,nan,nan,20996.012,-826.20973,43.853182,659.42074,0.01237403,-17.826607,-0.5064518,0,0,0,0,0,0
9.1,259.72946,-16.78069,-2175.4592,47.641236,1.7473477,-200.05588,0.0026133895,1.3009669,0.0093315178,-0.0073528209,-0.064867785,0.0014638322,0.26179939,1.7546189e-06,-0.015351235,0.99999999,0.31042825,1.7830281e-06,-0.015079333,1,0,0,-0.055060632,-0.0033716085,0.61704262,204.76078,2175.4592,59.5,0,1.2217305,0,0,nan,nan,20731.4,-815.15099,42.23234,665.2311,0.012479209,5.8268527,-0.42534643,0,0,0,0,0,0
9.15,262.12008,-16.692434,-2185.4309,47.997982,1.7841445,-198.76004,0.0024821115,1.2977511,0.0095680147,-0.0069981408,-0.063470679,0.0013982034,0.26179939,1.7815211e-06,-0.014868932,0.99999999,0.30992254,1.7835658e-06,-0.014600445,1,0,0,-0.055207505,-0.0032701572,0.61353174,203.57166,2185.4309,59.5,0,1.2217305,0,0,nan,nan,20470.703,-804.4013,40.663178,666.22606,0.012370066,18.789897,-0.40174487,0,0,0,0,0,0
9.2,264.52851,-16.602367,-2195.338,48.352414,1.819777,-197.47222,0.0023564551,1.2946247,0.0097922731,-0.0066501157,-0.061564177,0.0013340155,0.26179939,1.7634148e-06,-0.014393094,0.99999999,0.30992367,1.7440925e-06,-0.014128762,1,0,0,-0.05524869,-0.0031712575,0.61004753,202.39181,2195.338,59.5,0,1.2217305,0,0,nan,nan,20213.885,-794.04025,39.135553,659.68964,0.012013266,15.154756,-0.42844963,0,0,0,0,0,0
9.25,266.95449,-16.510546,-2205.1808,48.699365,1.8542313,-196.19366,0.0022359435,1.2915748,0.010004272,-0.0063143173,-0.060626647,0.0012675378,0.26179939,1.7211574e-06,-0.013926485,0.99999999,0.30913568,1.6961183e-06,-0.013668304,1,0,0,-0.055223593,-0.0030748124,0.60659014,201.22129,2205.1808,59.5,0,1.2217305,0,0,nan,nan,19960.905,-783.97585,37.647502,648.63976,0.011534167,1.6099419,-0.46956981,0,0,0,0,0,0
9.3,269.39761,-16.417031,-2214.96,49.037255,1.8875176,-194.92471,0.0021191634,1.2885368,0.010203208,-0.0059920564,-0.061118162,0.0011986063,0.26179939,1.6819255e-06,-0.013472418,0.99999999,0.30698641,1.6641467e-06,-0.013221876,1,0,0,-0.055205408,-0.0029805882,0.60315939,200.06001,2214.96,59.5,0,1.2217305,0,0,nan,nan,19711.703,-774.05016,36.202496,638.2647,0.011085042,-10.427015,-0.49133604,0,0,0,0,0,0
9.35,271.85743,-16.321879,-2224.676,49.368176,1.9196789,-193.66473,0.0020050337,1.2854503,0.010388594,-0.0056812072,-0.062451402,0.0011297246,0.26179939,1.660049e-06,-0.013032117,0.99999999,0.30378284,1.6525754e-06,-0.012787815,1,0,0,-0.055244516,-0.0028883708,0.59975468,198.90778,2224.676,59.5,0,1.2217305,0,0,nan,nan,19466.191,-764.18912,34.787915,631.60667,0.010740775,-14.655547,-0.43084545,0,0,0,0,0,0
9.4,274.33368,-16.225145,-2234.3292,49.6938,1.950735,-192.41305,0.001894541,1.2822832,0.010561964,-0.0053791144,-0.064421098,0.0010777262,0.26179939,1.646849e-06,-0.012584308,0.99999999,0.29918819,1.6361046e-06,-0.01233146,1,0,0,-0.055364373,-0.0027985444,0.59637503,197.76427,2234.3292,59.5,0,1.2217305,0,0,nan,nan,19224.259,-754.70462,33.485192,626.07372,0.010448841,-20.95799,-0.4158757,0,0,0,0,0,0
9.45,276.82613,-16.126881,-2243.9199,50.017203,1.980876,-191.16859,0.0017874184,1.2790127,0.010723471,-0.0050859062,-0.066358658,0.0010056916,0.26179939,1.6265362e-06,-0.012145226,0.99999999,0.29420146,1.6183997e-06,-0.011906601,1,0,0,-0.055571794,-0.0027102946,0.5930194,196.62912,2243.9199,59.5,0,1.2217305,0,0,nan,nan,18985.795,-745.18123,32.28716,626.4132,0.010128121,-14.239772,-0.55058977,0,0,0,0,0,0
9.5,279.33477,-16.027133,-2253.4486,50.341943,2.0100794,-189.93025,0.0016818239,1.2756682,0.010871633,-0.0048007489,-0.067235441,0.00094134187,0.26179939,1.6212533e-06,-0.011725895,0.99999999,0.2898209,1.6203528e-06,-0.011492574,1,0,0,-0.055818299,-0.0026233342,0.58968712,195.50211,2253.4486,59.5,0,1.2217305,0,0,nan,nan,18750.713,-735.71669,31.00826,629.2439,0.0098928228,-1.9803801,-0.37263476,0,0,0,0,0,0
9.55,281.8597,-15.925946,-2262.9155,50.66837,2.0383624,-188.69779,0.0015802918,1.2723095,0.011009448,-0.0045221393,-0.066941091,0.00088771371,0.26179939,1.611313e-06,-0.011310987,1,0.28630433,1.5998069e-06,-0.011080343,1,0,0,-0.056041976,-0.0025383086,0.58637784,194.38311,2262.9155,59.5,0,1.2217305,0,0,nan,nan,18518.95,-726.43061,29.826135,630.48606,0.0096392978,6.8460161,-0.38090551,0,0,0,0,0,0
9.6,284.40095,-15.823367,-2272.3209,50.994221,2.0657572,-187.47173,0.001483357,1.2689819,0.011137837,-0.0042521385,-0.066113577,0.00083221287,0.26179939,1.5805307e-06,-0.01090462,1,0.28318795,1.5592621e-06,-0.010679892,1,0,0,-0.056209271,-0.0024551221,0.58309153,193.27211,2272.3209,59.5,0,1.2217305,0,0,nan,nan,18290.463,-717.38345,28.667068,628.0648,0.0092878366,7.7024602,-0.39291329,0,0,0,0,0,0
9.65,286.95842,-15.71944,-2281.6652,51.316664,2.0922388,-186.25277,0.0013906694,1.265692,0.011256929,-0.0039928987,-0.065555808,0.00077845623,0.26179939,1.5388832e-06,-0.010507972,1,0.27974411,1.5144122e-06,-0.010288179,1,0,0,-0.056328524,-0.0023737733,0.57982821,192.16911,2281.6652,59.5,0,1.2217305,0,0,nan,nan,18065.214,-708.55403,27.524746,622.63985,0.0088922983,2.066745,-0.38404711,0,0,0,0,0,0
9.7,289.53189,-15.61421,-2290.9488,51.634144,2.1178125,-185.04128,0.0013019435,1.2624136,0.011366988,-0.003744976,-0.065707675,0.00072494002,0.26179939,1.4955789e-06,-0.010120618,1,0.27548388,1.472227e-06,-0.0099065792,1,0,0,-0.056434542,-0.0022942433,0.57658778,191.07407,2290.9488,59.5,0,1.2217305,0,0,nan,nan,17843.155,-699.87262,26.422859,616.48106,0.008499821,-5.0617921,-0.40109854,0,0,0,0,0,0
9.75,292.12112,-15.507724,-2300.1719,51.946963,2.142504,-183.83712,0.001216555,1.2591115,0.011467925,-0.0035077886,-0.066475917,0.00067096745,0.26179939,1.4577177e-06,-0.0097443174,1,0.27038959,1.4387403e-06,-0.0095365926,1,0,0,-0.056561191,-0.0022163924,0.57336992,189.98689,2300.1719,59.5,0,1.2217305,0,0,nan,nan,17624.229,-691.27402,25.349797,611.6897,0.0081446954,-9.0763602,-0.40163646,0,0,0,0,0,0
9.8,294.72591,-15.400023,-2309.335,52.256614,2.1663467,-182.63974,0.0011341508,1.2557646,0.011559885,-0.0032800552,-0.067425194,0.00061830207,0.26179939,1.4276606e-06,-0.0093788019,1,0.2648089,1.4124311e-06,-0.0091768227,1,0,0,-0.056721534,-0.0021401475,0.57017419,188.9074,2309.335,59.5,0,1.2217305,0,0,nan,nan,17408.37,-682.73348,24.307884,609.00534,0.0078366162,-8.3748801,-0.39079999,0,0,0,0,0,0
9.85,297.34614,-15.291149,-2318.4384,52.565249,2.1893848,-181.44841,0.0010547182,1.2523764,0.011643305,-0.0030606552,-0.067859527,0.0005674692,0.26095975,1.4017935e-06,-0.0090230682,1,0.25941837,1.387508e-06,-0.0088263045,1,0,0,-0.056900201,-0.0020654796,0.56700004,187.83542,2318.4384,59.5,0,1.2217305,0,0,nan,nan,17195.508,-674.27806,23.295927,612.80391,0.007556586,10.910256,-0.3751061,0,0,0,0,0,0
9.9,299.98195,-15.181141,-2327.4823,52.880656,2.2117088,-180.26038,0.00097875042,1.2490475,0.011719112,-0.0028491941,-0.064544821,0.00052140628,0.25851482,1.3732504e-06,-0.0086746935,1,0.25767274,1.3543682e-06,-0.0084804444,1,0,0,-0.056952225,-0.001992498,0.5638457,186.77036,2327.4823,59.5,0,1.2217305,0,0,nan,nan,16985.5,-666.15965,22.280299,619.16592,0.0072711754,43.8386,-0.31645473,0,0,0,0,0,0
9.95,302.63351,-15.070036,-2336.4669,53.19206,2.2332074,-179.07891,0.0009072294,1.2459197,0.011788755,-0.0026465565,-0.060779094,0.00047974984,0.25743939,1.3307419e-06,-0.0083288706,1,0.2567426,1.3027781e-06,-0.0081363513,1,0,0,-0.056795821,-0.0019215082,0.56071231,185.7126,2336.4669,59.5,0,1.2217305,0,0,nan,nan,16778.38,-658.51411,21.300938,604.65482,0.0069290194,23.915269,-0.33920924,0,0,0,0,0,0
10,305.30033,-14.957877,-2345.3927,53.491052,2.2538215,-177.90663,0.00083950256,1.2429259,0.011852037,-0.0024542997,-0.059142541,0.00043369688,0.25540705,1.2790312e-06,-0.0079902411,1,0.25388666,1.2512068e-06,-0.0078036721,1,0,0,-0.056545964,-0.0018523572,0.5576007,184.66239,2345.3927,59.5,0,1.2217305,0,0,nan,nan,16574.164,-651.13052,20.354734,591.02884,0.0065548693,10.789912,-0.38945595,0,0,0,0,0,0
10.05,307.98188,-14.844708,-2354.26,53.78121,2.2735955,-176.74229,0.00077439802,1.2399958,0.011908258,-0.0022721409,-0.057989521,0.00038660421,0.25234647,1.2364069e-06,-0.0076624953,1,0.25054838,1.2163844e-06,-0.0074813898,1,0,0,-0.056253331,-0.0017848374,0.55450981,183.61939,2354.26,59.5,0,1.2217305,0,0,nan,nan,16372.753,-643.91323,19.413668,581.605,0.0062320869,11.928993,-0.37628985,0,0,0,0,0,0
10.1,310.67775,-14.73057,-2363.0693,54.063571,2.2925499,-175.58547,0.000711699,1.2371263,0.011957664,-0.0020982443,-0.056756895,0.0003415417,0.24911491,1.2061988e-06,-0.0073430728,1,0.24728681,1.1914806e-06,-0.0071662993,1,0,0,-0.055915729,-0.0017189567,0.55143912,182.58342,2363.0693,59.5,0,1.2217305,0,0,nan,nan,16174.082,-636.86113,18.504204,570.9392,0.0059731759,11.021748,-0.37279986,0,0,0,0,0,0
10.15,313.38753,-14.615504,-2371.821,54.337056,2.3106967,-174.4365,0.00065127505,1.2343141,0.012000498,-0.0019311849,-0.055731574,0.00029668278,0.24574827,1.1825139e-06,-0.0070319435,1,0.24380066,1.170398e-06,-0.0068601269,1,0,0,-0.055543239,-0.0016546471,0.54838848,181.55443,2371.821,59.5,0,1.2217305,0,0,nan,nan,15978.112,-629.95352,17.626487,559.428,0.005749807,8.7525828,-0.37794594,0,0,0,0,0,0
10.2,316.11077,-14.499549,-2380.5154,54.601601,2.3280534,-173.29537,0.00059289753,1.2315486,0.012036846,-0.0017701671,-0.054864685,0.00025243372,0.24216274,1.1625897e-06,-0.006729703,1,0.24010939,1.1521604e-06,-0.0065627422,1,0,0,-0.05514746,-0.0015918268,0.54535762,180.53231,2380.5154,59.5,0,1.2217305,0,0,nan,nan,15784.794,-623.16779,16.773593,548.24186,0.0055486712,8.0786186,-0.37180594,0,0,0,0,0,0
10.25,318.84703,-14.382745,-2389.1529,54.857437,2.3446406,-172.16197,0.00053649514,1.2288255,0.012066925,-0.0016146681,-0.054028786,0.00020942476,0.23844093,1.1446697e-06,-0.0064358104,1,0.23633255,1.1348347e-06,-0.0062734129,1,0,0,-0.054732098,-0.0015304551,0.54234623,179.51696,2389.1529,59.5,0,1.2217305,0,0,nan,nan,15594.079,-616.49507,15.949186,537.09295,0.0053614254,7.9396772,-0.36539743,0,0,0,0,0,0
10.3,321.59587,-14.26513,-2397.734,55.10453,2.3604779,-171.03629,0.00048203872,1.2261437,0.012090977,-0.0014644042,-0.05321422,0.00016749741,0.23463284,1.1270892e-06,-0.0061500208,1,0.23247753,1.1171814e-06,-0.0059921431,1,0,0,-0.054299058,-0.0014704869,0.53935407,178.50831,2397.734,59.5,0,1.2217305,0,0,nan,nan,15405.922,-609.92986,15.152942,525.7973,0.005180562,7.6758659,-0.3595163,0,0,0,0,0,0
10.35,324.35685,-14.146741,-2406.2589,55.342845,2.3755842,-169.91834,0.00042949175,1.223502,0.012109227,-0.0013192438,-0.052423529,0.00012672261,0.23074009,1.1091631e-06,-0.0058722046,1,0.22853823,1.0989839e-06,-0.0057187262,1,0,0,-0.053850489,-0.0014118779,0.5363809,177.50625,2406.2589,59.5,0,1.2217305,0,0,nan,nan,15220.28,-603.46648,14.383458,514.46956,0.00500305,7.5202991,-0.35198032,0,0,0,0,0,0
10.4,327.12954,-14.027613,-2414.7282,55.572415,2.3899787,-168.80808,0.00037883231,1.2208996,0.012121908,-0.0011791074,-0.051641432,8.7182365e-05,0.22677037,1.0906508e-06,-0.0056021108,1,0.22452886,1.0801e-06,-0.0054528945,1,0,0,-0.053387739,-0.0013545901,0.53342647,176.51072,2414.7282,59.5,0,1.2217305,0,0,nan,nan,15037.11,-597.10071,13.640557,503.14234,0.0048278397,7.4970556,-0.34412496,0,0,0,0,0,0
10.45,329.91349,-13.907782,-2423.1421,55.793271,2.4036808,-167.7055,0.00033004004,1.2183363,0.012129254,-0.0010439373,-0.050859834,4.8869128e-05,0.22273468,1.0714409e-06,-0.0053395248,1,0.22045802,1.0604946e-06,-0.0051944599,1,0,0,-0.05291153,-0.0012985866,0.53049056,175.52162,2423.1421,59.5,0,1.2217305,0,0,nan,nan,14856.369,-590.82945,12.923564,491.79576,0.0046544622,7.5013298,-0.33605157,0,0,0,0,0,0
10.5,332.70829,-13.787283,-2431.5011,56.005435,2.4167091,-166.61057,0.00028309105,1.2158121,0.012131494,-0.00091368152,-0.050077356,1.1791826e-05,0.21863794,1.0515457e-06,-0.0050842442,1,0.21632783,1.0402301e-06,-0.0049432138,1,0,0,-0.052422429,-0.0012438322,0.52757293,174.53888,2431.5011,59.5,0,1.2217305,0,0,nan,nan,14678.017,-584.64993,12.231732,480.43644,0.0044829659,7.5165106,-0.32767368,0,0,0,0,0,0
10.55,335.51348,-13.666148,-2439.8055,56.209147,2.4290839,-165.52324,0.00023795722,1.2133277,0.012128848,-0.00078828191,-0.049245257,-2.4107202e-05,0.21450467,1.0310342e-06,-0.0048360899,1,0.21219558,1.0194066e-06,-0.0046990203,1,0,0,-0.051919022,-0.0011902958,0.52467345,173.56245,2439.8055,59.5,0,1.2217305,0,0,nan,nan,14502.019,-578.43185,11.562341,469.56425,0.0043137222,8.3869973,-0.31997968,0,0,0,0,0,0
10.6,338.32866,-13.544409,-2448.0557,56.404507,2.4408227,-164.44356,0.00019460446,1.2108863,0.012121529,-0.00066766877,-0.048385107,-5.8759599e-05,0.21037427,1.0100381e-06,-0.0045948783,1,0.20804773,9.9815804e-07,-0.0044616091,1,0,0,-0.051398482,-0.0011379522,0.52179215,172.59232,2448.0557,59.5,0,1.2217305,0,0,nan,nan,14328.349,-572.28575,10.915775,458.24596,0.0041471117,7.9851635,-0.31061595,0,0,0,0,0,0
10.65,341.15341,-13.422099,-2456.2521,56.591336,2.4519408,-163.37157,0.00015300467,1.2084867,0.012109751,-0.00055176545,-0.047573042,-9.2192826e-05,0.20617296,9.8858963e-07,-0.0043603491,1,0.2037962,9.7646991e-07,-0.0042307922,1,0,0,-0.05086377,-0.0010867726,0.51892882,171.62844,2456.2521,59.5,0,1.2217305,0,0,nan,nan,14156.968,-566.22488,10.293035,446.94299,0.0039832065,7.6787959,-0.30261679,0,0,0,0,0,0
10.7,343.98729,-13.299247,-2464.3951,56.769765,2.4624573,-162.30722,0.00011311518,1.2061273,0.012093712,-0.00044049068,-0.046770099,-0.00012448792,0.20189304,9.6681205e-07,-0.0041323967,1,0.19948074,9.545632e-07,-0.0040064813,1,0,0,-0.050316403,-0.0010367228,0.51608325,170.67072,2464.3951,59.5,0,1.2217305,0,0,nan,nan,13987.839,-560.24576,9.6928291,435.77197,0.0038224349,7.7496127,-0.29408016,0,0,0,0,0,0
10.75,346.8299,-13.175883,-2472.4851,56.939879,2.4723899,-161.25048,7.489454e-05,1.2038082,0.012073605,-0.00033374671,-0.045959875,-0.00015559315,0.1975605,9.4486259e-07,-0.0039108286,1,0.19512144,9.3253179e-07,-0.0037884282,1,0,0,-0.049756467,-0.00098777248,0.51325521,169.71909,2472.4851,59.5,0,1.2217305,0,0,nan,nan,13820.924,-554.34671,9.1145597,424.59941,0.0036653267,7.7798167,-0.28521932,0,0,0,0,0,0
10.8,349.68081,-13.052037,-2480.5224,57.101706,2.4817557,-160.20132,3.830414e-05,1.2015296,0.012049621,-0.00023142821,-0.045150095,-0.00018553895,0.19317867,9.2277161e-07,-0.0036954459,1,0.19071096,9.1036763e-07,-0.0035764671,1,0,0,-0.049184345,-0.00093989252,0.51044449,168.77348,2480.5224,59.5,0,1.2217305,0,0,nan,nan,13656.185,-548.52578,8.5578149,413.42985,0.003511908,7.7593812,-0.27666534,0,0,0,0,0,0
10.85,352.53961,-12.927735,-2488.5074,57.255297,2.4905715,-159.15972,3.3011742e-06,1.1992915,0.012021942,-0.00013342962,-0.044341055,-0.00021435639,0.18874561,9.0058132e-07,-0.003486092,1,0.18624978,8.881401e-07,-0.0033704449,1,0,0,-0.048600519,-0.00089305365,0.5076509,167.8338,2488.5074,59.5,0,1.2217305,0,0,nan,nan,13493.589,-542.78094,8.021828,402.29904,0.003362245,7.7702552,-0.26803654,0,0,0,0,0,0
10.9,355.4059,-12.803005,-2496.4406,57.40072,2.498854,-158.12566,-3.0157753e-05,1.1970939,0.011990746,-3.9641922e-05,-0.043529907,-0.00024205447,0.18426436,8.7835552e-07,-0.0032825969,1,0.1817425,8.6590824e-07,-0.0031701844,1,0,0,-0.04800528,-0.00084722794,0.50487422,166.9,2496.4406,59.5,0,1.2217305,0,0,nan,nan,13333.098,-537.11046,7.5059982,391.20718,0.0032164759,7.7944919,-0.25939821,0,0,0,0,0,0
10.95,358.27927,-12.677874,-2504.3222,57.538036,2.5066197,-157.09909,-6.2116137e-05,1.194937,0.011956202,5.0046891e-05,-0.04271652,-0.00026865611,0.17973772,8.5614201e-07,-0.0030847934,1,0.17719085,8.4371382e-07,-0.0029755256,1,0,0,-0.047398858,-0.00080238835,0.50211425,165.97199,2504.3222,59.5,0,1.2217305,0,0,nan,nan,13174.679,-531.51269,7.0097495,380.15303,0.0030746711,7.8126024,-0.25085232,0,0,0,0,0,0
11,361.15931,-12.552367,-2512.1526,57.66731,2.5138844,-156.07999,-9.2618406e-05,1.1928207,0.011918476,0.00013575058,-0.041901399,-0.00029418493,0.17516703,8.3398776e-07,-0.0028925243,1,0.17259582,8.2160573e-07,-0.002786314,1,0,0,-0.046781492,-0.00075850845,0.49937079,165.04971,2512.1526,59.5,0,1.2217305,0,0,nan,nan,13018.298,-525.98605,6.5324691,369.14294,0.0029368917,7.8286675,-0.24236096,0,0,0,0,0,0
11.05,364.04566,-12.426507,-2519.9323,57.791783,2.5207012,-155.06705,-0.00012170972,1.1907603,0.011877725,0.00021758479,-0.04006756,-0.00031848577,0.17107736,8.1194629e-07,-0.0027055708,1,0.16926051,7.9963693e-07,-0.0026021839,1,0,0,-0.046117529,-0.00071556888,0.49664314,164.13292,2519.9323,59.5,0,1.2217305,0,0,nan,nan,12863.895,-520.56559,6.0700076,365.49967,0.0028032154,24.70679,-0.22801009,0,0,0,0,0,0
11.1,366.93813,-12.300318,-2527.6615,57.909699,2.52706,-154.06091,-0.00014939914,1.1888107,0.011834141,0.00029565968,-0.038064161,-0.00034110107,0.1681043,7.8977236e-07,-0.0025231911,1,0.16633912,7.7717375e-07,-0.0024222574,1,0,0,-0.045363862,-0.00067358902,0.49393129,163.22162,2527.6615,59.5,0,1.2217305,0,0,nan,nan,12711.447,-515.29334,5.6244933,351.11534,0.0026726924,12.613095,-0.21822816,0,0,0,0,0,0
11.15,369.83624,-12.173822,-2535.3405,58.018055,2.5329413,-153.06274,-0.00017571651,1.1869355,0.01178789,0.0003700356,-0.036917715,-0.00036318759,0.16455411,7.6705334e-07,-0.0023456708,1,0.16244168,7.5435679e-07,-0.0022477252,1,0,0,-0.044577408,-0.00063253797,0.4912354,162.31585,2535.3405,59.5,0,1.2217305,0,0,nan,nan,12560.943,-510.10738,5.1991722,340.4161,0.0025438369,11.371593,-0.21628349,0,0,0,0,0,0
11.2,372.73961,-12.047042,-2542.9699,58.119358,2.5383885,-152.07151,-0.00020077596,1.1851195,0.011739045,0.00044080478,-0.035656796,-0.00038453714,0.16080499,7.4491234e-07,-0.0021734827,1,0.15872866,7.3282971e-07,-0.00207839,1,0,0,-0.043757458,-0.00059236887,0.48855488,161.41543,2542.9699,59.5,0,1.2217305,0,0,nan,nan,12412.329,-505.00552,4.7878163,330.22959,0.0024204392,12.028622,-0.20644836,0,0,0,0,0,0
11.25,375.64786,-11.92,-2550.5498,58.213245,2.5434094,-151.08743,-0.00022462846,1.1833661,0.011687735,0.00050815462,-0.034445653,-0.00040480505,0.15709367,7.2383578e-07,-0.0020061191,1,0.15500824,7.1224729e-07,-0.0019136653,1,0,0,-0.042903976,-0.00055306732,0.48588979,160.52035,2550.5498,59.5,0,1.2217305,0,0,nan,nan,12265.588,-499.7963,4.3923574,319.80229,0.0023038581,11.10706,-0.1986708,0,0,0,0,0,0
11.3,378.56063,-11.792718,-2558.0807,58.299781,2.5480183,-150.11056,-0.00024732173,1.1816705,0.011634089,0.00057226044,-0.033355201,-0.00042428343,0.15331975,7.0348752e-07,-0.0018435309,1,0.15117627,6.9227242e-07,-0.0017537788,1,0,0,-0.042022117,-0.00051460673,0.48324025,159.63066,2558.0807,59.5,0,1.2217305,0,0,nan,nan,12120.705,-494.63224,4.0134249,309.26034,0.0021927979,9.8949255,-0.19206892,0,0,0,0,0,0
11.35,381.47755,-11.665214,-2565.5629,58.379042,2.5522295,-149.14087,-0.00026891281,1.180027,0.011578213,0.00063327309,-0.032350734,-0.00044292935,0.14944628,6.8380446e-07,-0.0016857138,1,0.14725894,6.7294856e-07,-0.0015985852,1,0,0,-0.041117828,-0.00047695507,0.48060606,158.74629,2565.5629,59.5,0,1.2217305,0,0,nan,nan,11977.65,-489.54055,3.6500384,298.94053,0.0020868836,9.4189465,-0.18420952,0,0,0,0,0,0
11.4,384.39826,-11.537509,-2572.9968,58.451146,2.5560574,-148.17829,-0.00028944339,1.1784327,0.011520224,0.00069133311,-0.031390279,-0.00046069025,0.14551578,6.6467222e-07,-0.0015324842,1,0.14330225,6.5407126e-07,-0.0014478843,1,0,0,-0.040193967,-0.00044008579,0.477987,157.86716,2572.9968,59.5,0,1.2217305,0,0,nan,nan,11836.392,-484.51778,3.3022607,288.62303,0.0019855766,8.9796416,-0.17650839,0,0,0,0,0,0
11.45,387.32241,-11.409622,-2580.3828,58.516114,2.5595152,-147.22279,-0.00030895059,1.1768853,0.011460237,0.00074656143,-0.030474971,-0.00047760413,0.14153841,6.4591218e-07,-0.0013837169,1,0.13929883,6.3548658e-07,-0.0013015881,1,0,0,-0.039253313,-0.00040397202,0.47538288,156.99321,2580.3828,59.5,0,1.2217305,0,0,nan,nan,11696.901,-479.56064,2.9696256,278.33988,0.0018881587,8.5943995,-0.16894627,0,0,0,0,0,0
11.5,390.24963,-11.28157,-2587.7211,58.574021,2.5626166,-146.27432,-0.00032746989,1.1753829,0.011398362,0.00079906238,-0.029592814,-0.00049367396,0.13751935,6.2742551e-07,-0.0012392961,1,0.13525945,6.1713456e-07,-0.0011595646,1,0,0,-0.038298056,-0.00036858803,0.47279348,156.12436,2587.7211,59.5,0,1.2217305,0,0,nan,nan,11559.147,-474.66639,2.6515643,268.13649,0.0017941982,8.3342275,-0.16126347,0,0,0,0,0,0
11.55,393.17958,-11.153372,-2595.0122,58.624944,2.5653746,-145.33284,-0.00034503327,1.1739239,0.011334708,0.00084893015,-0.028735312,-0.00050890517,0.13346849,6.0914721e-07,-0.0010990861,1,0.13119249,5.9895798e-07,-0.0010216779,1,0,0,-0.03732977,-0.00033390981,0.47021861,155.26055,2595.0122,59.5,0,1.2217305,0,0,nan,nan,11423.102,-469.83277,2.3476686,257.99839,0.0017033893,8.1166248,-0.15366966,0,0,0,0,0,0
11.6,396.11192,-11.025043,-2602.2564,58.668956,2.5678023,-144.39829,-0.00036167109,1.1725073,0.011269382,0.00089625114,-0.027898595,-0.00052331674,0.12939102,5.910319e-07,-0.00096296144,1,0.12710122,5.8092708e-07,-0.0008878085,1,0,0,-0.036349771,-0.00029991422,0.46765807,154.4017,2602.2564,59.5,0,1.2217305,0,0,nan,nan,11288.738,-465.0578,2.057464,247.93665,0.0016155008,7.9387039,-0.14618251,0,0,0,0,0,0
11.65,399.04628,-10.896601,-2609.454,58.70614,2.569912,-143.47064,-0.00037741291,1.1711321,0.011202487,0.00094110649,-0.027078561,-0.00053692519,0.12529119,5.7306169e-07,-0.00083080049,1,0.12299,5.630364e-07,-0.00075783435,1,0,0,-0.03535911,-0.00026657913,0.46511166,153.54774,2609.454,59.5,0,1.2217305,0,0,nan,nan,11156.027,-460.33973,1.7804718,237.95892,0.0015303949,7.7950258,-0.13879189,0,0,0,0,0,0
11.7,401.98235,-10.768061,-2616.6054,58.7367,2.5717176,-142.54977,-0.00039228755,1.1697978,0.011134122,0.00098357327,-0.026242903,-0.00054974108,0.12118471,5.5523606e-07,-0.00070247917,1,0.11890433,5.4529843e-07,-0.00063162545,1,0,0,-0.034357561,-0.00023388375,0.46257921,152.69863,2616.6054,59.5,0,1.2217305,0,0,nan,nan,11024.944,-455.6495,1.5159631,228.60481,0.0014478602,8.6304503,-0.13126043,0,0,0,0,0,0
11.75,404.9198,-10.639438,-2623.7109,58.761019,2.5732341,-141.63555,-0.00040632466,1.1685072,0.011064383,0.0010237237,-0.025355613,-0.0005617714,0.11715831,5.3760244e-07,-0.00057785954,1,0.1149084,5.2778825e-07,-0.00050905187,1,0,0,-0.033340343,-0.00020181003,0.46006058,151.85429,2623.7109,59.5,0,1.2217305,0,0,nan,nan,10895.463,-450.99765,1.2637331,218.96816,0.0013679721,8.0807882,-0.1241531,0,0,0,0,0,0
11.8,407.8583,-10.510745,-2630.7709,58.778839,2.5744694,-140.72806,-0.00041955247,1.167259,0.010993363,0.0010616361,-0.024547169,-0.00057307608,0.11310457,5.2019014e-07,-0.00045685895,1,0.11081677,5.1049581e-07,-0.00039005659,1,0,0,-0.032311199,-0.00017033728,0.45755562,151.0147,2630.7709,59.5,0,1.2217305,0,0,nan,nan,10767.561,-446.40531,1.0235126,209.41249,0.001290844,7.5921215,-0.1173554,0,0,0,0,0,0
11.85,410.79755,-10.381997,-2637.7857,58.790393,2.5754364,-139.82719,-0.00043199886,1.1660507,0.01092115,0.0010973876,-0.023754384,-0.00058366924,0.10900743,5.0298836e-07,-0.00033938227,1,0.10671096,4.934134e-07,-0.00027452203,1,0,0,-0.031271722,-0.00013944512,0.45506412,150.17976,2637.7857,59.5,0,1.2217305,0,0,nan,nan,10641.211,-441.8704,0.79478124,200.1034,0.0012163649,7.5986514,-0.11057129,0,0,0,0,0,0
11.9,413.73722,-10.253207,-2644.7555,58.795765,2.5761463,-138.93287,-0.00044369185,1.1648818,0.01084783,0.0011310528,-0.022971435,-0.00059356417,0.10490275,4.8600665e-07,-0.00022531464,1,0.1026005,4.7655727e-07,-0.00016233423,1,0,0,-0.030222241,-0.00010911445,0.45258588,149.34942,2644.7555,59.5,0,1.2217305,0,0,nan,nan,10516.387,-437.39166,0.5771755,190.79873,0.0011444868,7.4016202,-0.1039467,0,0,0,0,0,0
11.95,416.67702,-10.124388,-2651.6808,58.795005,2.5766093,-138.04506,-0.00045465814,1.1637516,0.010773486,0.0011627051,-0.022208344,-0.0006027845,0.10078203,4.6924889e-07,-0.00011455075,1,0.098470006,4.5992466e-07,-5.3393371e-05,1,0,0,-0.029163887,-7.9326618e-05,0.45012071,148.52361,2651.6808,59.5,0,1.2217305,0,0,nan,nan,10393.065,-432.96741,0.37030719,181.59583,0.0010751461,7.2537653,-0.097511291,0,0,0,0,0,0
12,419.61663,-9.9955512,-2658.5619,58.788211,2.576836,-137.16369,-0.00046492407,1.1626592,0.010698195,0.0011924158,-0.021457249,-0.00061135168,0.096647795,4.527172e-07,-6.9902544e-06,1,0.094330182,4.4352177e-07,5.240011e-05,1,0,0,-0.028097356,-5.0063524e-05,0.44766843,147.70227,2658.5619,59.5,0,1.2217305,0,0,nan,nan,10271.22,-428.59624,0.17377214,172.49947,0.0010082757,7.1532587,-0.091230472,0,0,0,0,0,0
12.05,422.55576,-9.8667084,-2665.3991,58.775468,2.5768371,-136.28871,-0.00047452013,1.1616042,0.010622031,0.0012202551,-0.020717241,-0.00061940501,0.092504895,4.3645766e-07,9.7382471e-05,1,0.090182639,4.2746938e-07,0.00015494717,1,0,0,-0.027023199,-2.1302971e-05,0.44522885,146.88532,2665.3991,59.5,0,1.2217305,0,0,nan,nan,10150.829,-424.27688,-0.012045875,163.49372,0.00094393256,7.0428611,-0.086801625,0,0,0,0,0,0
12.1,425.49411,-9.7378708,-2672.1926,58.756883,2.5766221,-135.42004,-0.00048348307,1.1605858,0.010545052,0.0012463021,-0.019983411,-0.00062682365,0.088355086,4.2068445e-07,0.00019859774,1,0.086035071,4.1197028e-07,0.00025450282,1,0,0,-0.025941805,6.97477e-06,0.4428018,146.07271,2672.1926,59.5,0,1.2217305,0,0,nan,nan,10031.867,-419.95237,-0.18945647,154.863,0.00088255902,7.434818,-0.079274319,0,0,0,0,0,0
12.15,428.4314,-9.6090489,-2678.9429,58.733047,2.576206,-134.55757,-0.00049182712,1.1596061,0.010467339,0.0012706333,-0.019168694,-0.0006335475,0.084282806,4.0525735e-07,0.00029698062,1,0.082030203,3.9667697e-07,0.00035132136,1,0,0,-0.024847909,3.4779297e-05,0.44038748,145.26451,2678.9429,59.5,0,1.2217305,0,0,nan,nan,9914.3298,-415.47965,-0.35705618,146.60904,0.00082349633,7.694385,-0.073313162,0,0,0,0,0,0
12.2,431.36738,-9.4802525,-2685.6502,58.703793,2.5755956,-133.70141,-0.00049957412,1.1586661,0.010388961,0.0012933111,-0.018413034,-0.00063970846,0.080243209,3.9003728e-07,0.00039255523,1,0.077963395,3.8156397e-07,0.00044532936,1,0,0,-0.023742303,6.2127898e-05,0.43798596,144.46073,2685.6502,59.5,0,1.2217305,0,0,nan,nan,9798.2051,-411.055,-0.51559347,138.05195,0.0007665422,6.9099818,-0.067643885,0,0,0,0,0,0
12.25,434.30176,-9.351491,-2692.3149,58.669239,2.5748003,-132.85148,-0.0005067441,1.1577627,0.010309986,0.0013143933,-0.017696233,-0.0006452997,0.076150415,3.7498777e-07,0.00048539296,1,0.07385405,3.6660026e-07,0.0005366669,1,0,0,-0.022627978,8.9036426e-05,0.43559706,143.66131,2692.3149,59.5,0,1.2217305,0,0,nan,nan,9683.4704,-406.67671,-0.66550243,129.84261,0.00071154121,6.8879352,-0.061998369,0,0,0,0,0,0
12.3,437.23429,-9.2227736,-2698.9372,58.629547,2.5738297,-132.00771,-0.00051335784,1.156895,0.010230478,0.0013339341,-0.016983301,-0.00065035158,0.072051532,3.6009829e-07,0.00057559452,1,0.06975595,3.5181147e-07,0.00062541046,1,0,0,-0.021504962,0.00011552021,0.43322062,142.8662,2698.9372,59.5,0,1.2217305,0,0,nan,nan,9570.1033,-402.34409,-0.80698923,121.67379,0.00065841224,6.746491,-0.056719107,0,0,0,0,0,0
12.35,440.16471,-9.0941087,-2705.5174,58.584748,2.5726916,-131.17003,-0.00051943766,1.1560626,0.010150494,0.0013519877,-0.016290562,-0.00065489095,0.067946119,3.4541976e-07,0.00066323023,1,0.065643543,3.3726497e-07,0.00071163113,1,0,0,-0.020374201,0.00014159484,0.43085645,142.07533,2705.5174,59.5,0,1.2217305,0,0,nan,nan,9458.0827,-398.05617,-0.94046195,113.5762,0.00060723577,6.556468,-0.051564869,0,0,0,0,0,0
12.4,443.09277,-8.9655046,-2712.0559,58.534932,2.5713945,-130.33841,-0.00052500499,1.1552643,0.010070094,0.0013686106,-0.015612969,-0.0006589336,0.063829894,3.3099176e-07,0.00074838386,1,0.06152326,3.2298295e-07,0.00079541695,1,0,0,-0.019236508,0.00016727518,0.42850442,141.28866,2712.0559,59.5,0,1.2217305,0,0,nan,nan,9347.3874,-393.81207,-1.0662122,105.59942,0.00055805777,6.4454155,-0.04659807,0,0,0,0,0,0
12.45,446.01823,-8.8369691,-2718.553,58.480188,2.5699462,-129.51276,-0.00053008109,1.1544997,0.00998933,0.0013838597,-0.014946945,-0.00066250204,0.059709165,3.1683352e-07,0.00083113388,1,0.057400651,3.089804e-07,0.00087684074,1,0,0,-0.018092383,0.00019257583,0.42616434,140.50612,2718.553,59.5,0,1.2217305,0,0,nan,nan,9237.9968,-389.61101,-1.1845416,97.716876,0.00051086906,6.3285704,-0.041822016,0,0,0,0,0,0
12.5,448.94083,-8.7085094,-2725.0089,58.420691,2.5683555,-128.693,-0.00053468709,1.1537682,0.0099082548,0.0013977905,-0.014274638,-0.00066561538,0.05559236,3.0296279e-07,0.00091155425,1,0.053305471,2.9528177e-07,0.00095597569,1,0,0,-0.016941521,0.00021751132,0.42383611,139.72767,2725.0089,59.5,0,1.2217305,0,0,nan,nan,9129.8921,-385.3749,-1.2954928,90.4913,0.00046550679,7.005111,-0.037219676,0,0,0,0,0,0
12.55,451.86035,-8.5801323,-2731.424,58.357055,2.5666357,-127.87895,-0.00053884763,1.1530722,0.0098269128,0.0014104539,-0.013542483,-0.00066829716,0.051574262,2.8948113e-07,0.00098970361,1,0.049339583,2.820623e-07,0.0010328655,1,0,0,-0.015777592,0.00024209873,0.42151986,138.95336,2731.424,59.5,0,1.2217305,0,0,nan,nan,9023.0663,-381.08961,-1.399161,83.33036,0.00042212205,6.681068,-0.032705463,0,0,0,0,0,0
12.6,454.77659,-8.4518443,-2737.7986,58.289075,2.5647912,-127.0707,-0.00054258306,1.1524111,0.0097453506,0.0014219129,-0.012883813,-0.00067054337,0.047553547,2.764533e-07,0.0010656529,1,0.045284157,2.6925203e-07,0.0011076132,1,0,0,-0.014603268,0.00026635314,0.41921551,138.18316,2737.7986,59.5,0,1.2217305,0,0,nan,nan,8917.503,-376.85341,-1.4961585,76.143806,0.00038099331,6.0974475,-0.028159769,0,0,0,0,0,0
12.65,457.68933,-8.3236514,-2744.1328,58.216934,2.5628301,-126.26812,-0.00054590751,1.1517821,0.0096636181,0.0014322257,-0.012249134,-0.00067237549,0.043488327,2.6371842e-07,0.0011395012,1,0.041210599,2.5664579e-07,0.0011803009,1,0,0,-0.013420421,0.00029028825,0.41692289,137.417,2744.1328,59.5,0,1.2217305,0,0,nan,nan,8813.1817,-372.66525,-1.5865999,69.229207,0.00034166311,6.0800453,-0.024047227,0,0,0,0,0,0
12.7,460.59837,-8.1955591,-2750.4271,58.140729,2.5607592,-125.47116,-0.00054883908,1.1511847,0.0095817579,0.0014414397,-0.011623761,-0.00067382732,0.039422064,2.5120857e-07,0.0012112994,1,0.037143806,2.4426841e-07,0.0012509656,1,0,0,-0.012229234,0.00031391851,0.41464184,136.65484,2750.4271,59.5,0,1.2217305,0,0,nan,nan,8710.0828,-368.52434,-1.6708476,62.330873,0.00030391697,5.8893243,-0.02005454,0,0,0,0,0,0
12.75,463.50349,-8.0675729,-2756.6816,58.060489,2.5585847,-124.67975,-0.00055139518,1.1506181,0.009499811,0.0014496002,-0.011019672,-0.00067490422,0.03534724,2.3894634e-07,0.0012811138,1,0.033062163,2.3214645e-07,0.0013196905,1,0,0,-0.011030753,0.00033725753,0.41237218,135.89661,2756.6816,59.5,0,1.2217305,0,0,nan,nan,8608.1872,-364.42981,-1.7491704,55.519588,0.00026776324,5.7135346,-0.016143749,0,0,0,0,0,0
12.8,466.40451,-7.9396978,-2762.8967,57.976296,2.5563129,-123.89382,-0.00055359176,1.1500813,0.0094178175,0.0014567519,-0.010430092,-0.00067562334,0.031263471,2.2693119e-07,0.001349018,1,0.028975461,2.2026908e-07,0.0013865413,1,0,0,-0.0098256844,0.00036031842,0.41011377,135.14226,2762.8967,59.5,0,1.2217305,0,0,nan,nan,8507.4758,-360.38084,-1.8217651,48.814036,0.00023315473,5.596191,-0.012449091,0,0,0,0,0,0
12.85,469.30123,-7.8119385,-2769.0726,57.888223,2.5539497,-123.11332,-0.00055544506,1.1495737,0.0093358147,0.0014629383,-0.0098524306,-0.00067600363,0.027176342,2.151673e-07,0.001415071,1,0.024887683,2.0864942e-07,0.0014515737,1,0,0,-0.008614517,0.00038311427,0.40786644,134.39173,2769.0726,59.5,0,1.2217305,0,0,nan,nan,8407.9303,-356.37666,-1.8888636,42.305253,0.00020001936,5.678008,-0.0088901265,0,0,0,0,0,0
12.9,472.19346,-7.6842994,-2775.2097,57.79673,2.5515052,-122.338,-0.00055697345,1.1490963,0.0092538355,0.0014681965,-0.0092033249,-0.00067606722,0.02316293,2.0372249e-07,0.0014793237,1,0.020954248,1.9743786e-07,0.0015148231,1,0,0,-0.0073928159,0.00040565947,0.40563002,133.64497,2775.2097,59.5,0,1.2217305,0,0,nan,nan,8309.532,-352.41709,-1.9502799,36.436952,0.00016813972,6.2905706,-0.0055953276,0,0,0,0,0,0
12.95,475.08103,-7.5567843,-2781.3081,57.701722,2.5489833,-121.56787,-0.00055819751,1.1486512,0.0091719082,0.001472573,-0.0085926048,-0.0006758238,0.019217996,1.9276644e-07,0.0015418028,1,0.01699385,1.8675452e-07,0.0015763309,1,0,0,-0.0061598027,0.00042796912,0.40340436,132.90193,2781.3081,59.5,0,1.2217305,0,0,nan,nan,8212.2634,-348.50156,-2.0066484,30.130418,0.000138211,5.4669556,-0.0020676163,0,0,0,0,0,0
13,477.96377,-7.4293971,-2787.3681,57.60322,2.5463891,-120.80288,-0.00055912736,1.148235,0.0090900697,0.0014761205,-0.008031739,-0.00067525976,0.015218918,1.8218293e-07,0.0016026086,1,0.012972784,1.7631671e-07,0.0016362242,1,0,0,-0.0049188912,0.00045005527,0.40118932,132.16255,2787.3681,59.5,0,1.2217305,0,0,nan,nan,8116.1074,-344.62897,-2.0580536,24.149156,0.00010991515,5.3675818,0.0011951253,0,0,0,0,0,0
13.05,480.8415,-7.3021413,-2793.39,57.501387,2.5437284,-120.04291,-0.00055977139,1.1478468,0.0090083563,0.0014788786,-0.0074742053,-0.00067419894,0.011213867,1.7178197e-07,0.0016621834,1,0.0089764344,1.6593625e-07,0.0016957688,1,0,0,-0.0036700799,0.00047192628,0.39898468,131.42677,2793.39,59.5,0,1.2217305,0,0,nan,nan,8021.0439,-340.9328,-2.1061489,18.249943,8.275359e-05,5.3089761,0.011922855,0,0,0,0,0,0
13.1,483.71406,-7.1750199,-2799.374,57.396158,2.5410065,-119.28775,-0.00056009084,1.1474862,0.0089268542,0.0014808593,-0.0069351604,-0.00067258228,0.0072163047,1.6071193e-07,0.0017222977,1,0.004972328,1.5421868e-07,0.0017556592,1,0,0,-0.0024140539,0.00049358305,0.39678973,130.69434,2799.374,59.5,0,1.2217305,0,0,nan,nan,7927.0345,-337.42577,-2.1426407,12.349948,5.4845893e-05,5.02265,0.0064336635,0,0,0,0,0,0
13.15,486.58127,-7.048036,-2805.3203,57.287574,2.5382314,-118.53732,-0.0005601494,1.1471518,0.008845538,0.0014820375,-0.0064198305,-0.00067147174,0.0031960645,1.49445e-07,0.0017806703,1,0.0009395525,1.4351163e-07,0.0018128114,1,0,0,-0.0011519724,0.00051508557,0.39460426,129.96519,2805.3203,59.5,0,1.2217305,0,0,nan,nan,7834.0601,-333.9473,-2.1773232,6.595517,2.7288662e-05,4.8865624,0.0079411646,0,0,0,0,0,0
13.2,489.44298,-6.921192,-2811.2293,57.175739,2.535405,-117.79155,-0.00055998947,1.146843,0.0087644049,0.0014824825,-0.0059151724,-0.00066978494,-0.00083825865,1.3962344e-07,0.0018374822,1,-0.0030993946,1.3439806e-07,0.0018691614,1,0,0,0.00011585171,0.00053643351,0.39242816,129.23929,2811.2293,59.5,0,1.2217305,0,0,nan,nan,7742.1064,-330.47142,-2.2230214,0.95533681,3.7169387e-06,4.8039356,0.037167463,0,0,0,0,0,0
13.25,492.29902,-6.7944916,-2817.1011,57.06079,2.5324769,-117.0505,-0.00055915127,1.1465591,0.0086839981,0.0014822402,-0.0054186576,-0.00065796757,-0.0048767695,1.2497739e-07,0.0019034278,1,-0.0071394073,1.1095741e-07,0.0019456002,1,0,0,0.0013892873,0.00055699406,0.3902617,128.51673,2817.1011,59.5,0,1.2217305,0,0,nan,nan,7651.1753,-326.7749,-2.3392468,-4.5937478,-2.7673389e-05,4.6969577,0.12368909,0,0,0,0,0,0
13.3,495.14924,-6.6679397,-2822.9359,56.942822,2.5294685,-116.3142,-0.00055703557,1.1462998,0.0086050303,0.0014804796,-0.0049366615,-0.00064985757,-0.0089233172,8.7524034e-08,0.001979092,1,-0.011192917,6.2926399e-08,0.0020194732,1,0,0,0.0026678988,0.00057661713,0.38810508,127.79756,2822.9359,59.5,0,1.2217305,0,0,nan,nan,7561.2635,-323.11863,-2.3895041,-10.059805,-0.00010524357,4.5553428,0.028925827,0,0,0,0,0,0
13.35,497.99349,-6.5415399,-2828.734,56.821909,2.5263868,-115.58259,-0.00055452682,1.1460643,0.0085266441,0.0014763368,-0.0044669902,-0.00064685216,-0.012981785,4.8528695e-08,0.0020469276,1,-0.015256951,3.0900216e-08,0.0020837768,1,0,0,0.0039512753,0.0005956925,0.38595814,127.08173,2828.734,59.5,0,1.2217305,0,0,nan,nan,7472.356,-319.50207,-2.4723556,-15.415376,-0.00018367556,4.4562137,0.03433039,0,0,0,0,0,0
13.4,500.83163,-6.4152963,-2834.4957,56.698123,2.5232162,-114.85561,-0.00055184505,1.145852,0.0084487185,0.0014704207,-0.0040075557,-0.0006423234,-0.017048473,2.5037792e-08,0.0021132776,1,-0.019327849,1.5184249e-08,0.002150728,1,0,0,0.0052391782,0.00061412884,0.38382075,126.36921,2834.4957,59.5,0,1.2217305,0,0,nan,nan,7384.4378,-315.92466,-2.5528675,-20.675735,-0.00022855578,4.355136,0.039825573,0,0,0,0,0,0
13.45,503.66351,-6.2892131,-2840.2211,56.571531,2.5199664,-114.13318,-0.00054899989,1.1456624,0.0083713177,0.0014635494,-0.0035586891,-0.00063862323,-0.021122849,1.1560761e-08,0.0021795135,1,-0.023406565,5.9330672e-09,0.0022160297,1,0,0,0.006531348,0.00063195564,0.38169279,125.65993,2840.2211,59.5,0,1.2217305,0,0,nan,nan,7297.4942,-312.38583,-2.6246374,-25.839406,-0.00025215801,4.2561054,0.026722268,0,0,0,0,0,0
13.5,506.48899,-6.1632943,-2845.9105,56.442202,2.5166401,-113.41524,-0.00054615074,1.145495,0.0082943065,0.001456205,-0.003119753,-0.00063567812,-0.025204576,4.8418695e-09,0.0022436224,1,-0.027492145,2.6265505e-09,0.0022790916,1,0,0,0.007827561,0.00064923094,0.37957411,124.95387,2845.9105,59.5,0,1.2217305,0,0,nan,nan,7211.5111,-308.88505,-2.6986995,-30.904756,-0.00026173198,4.1640719,0.026534916,0,0,0,0,0,0
13.55,509.30794,-6.0375437,-2851.5641,56.310169,2.5132374,-112.70175,-0.00054334219,1.1453493,0.0082176531,0.0014487316,-0.0026987742,-0.00063266167,-0.02929592,2.8313694e-09,0.0023064505,1,-0.031601415,2.4406643e-09,0.0023413687,1,0,0,0.009127292,0.00066595352,0.37746458,124.25096,2851.5641,59.5,0,1.2217305,0,0,nan,nan,7126.4744,-305.41224,-2.7704224,-36.196687,-0.00026194478,3.4998425,0.026542414,0,0,0,0,0,0
13.6,512.12022,-5.911965,-2857.1822,56.175116,2.509759,-111.99283,-0.00054057923,1.1452224,0.0081413542,0.0014413115,-0.0023666515,-0.00062982367,-0.033505071,2.8708583e-09,0.0023681346,1,-0.035894758,3.183802e-09,0.002402299,1,0,0,0.010424468,0.00068213895,0.37536413,123.55119,2857.1822,59.5,0,1.2217305,0,0,nan,nan,7042.372,-301.95237,-2.838654,-41.495935,-0.00025843107,3.2748907,0.024540716,0,0,0,0,0,0
13.65,514.92568,-5.7865619,-2862.7649,56.037382,2.5062103,-111.28831,-0.00053787989,1.1451128,0.0080653856,0.001434017,-0.0019952955,-0.00062711553,-0.037753934,3.8339054e-09,0.0024284123,1,-0.04011563,4.5517186e-09,0.0024618108,1,0,0,0.011720153,0.00069780338,0.37327267,122.85452,2862.7649,59.5,0,1.2217305,0,0,nan,nan,6959.1918,-298.52472,-2.9052719,-46.433925,-0.00025322072,3.7438001,0.02470898,0,0,0,0,0,0
13.7,517.7242,-5.6613379,-2868.3125,55.896982,2.5025934,-110.58816,-0.00053524664,1.1450223,0.0079897374,0.0014268845,-0.001610828,-0.00062437923,-0.04195397,5.2925453e-09,0.0024874192,1,-0.044304296,6.1517952e-09,0.0025201373,1,0,0,0.013016109,0.00071295163,0.37119007,122.16092,2868.3125,59.5,0,1.2217305,0,0,nan,nan,6876.9208,-295.12876,-2.9696834,-51.469031,-0.00024718675,3.6029526,0.025251002,0,0,0,0,0,0
13.75,520.51562,-5.5362964,-2873.8252,55.753935,2.4989107,-109.89232,-0.00053267131,1.1449507,0.0079144098,0.0014199243,-0.0012379128,-0.00062163161,-0.046156762,6.7657217e-09,0.0025451928,1,-0.04851167,7.5374283e-09,0.0025772039,1,0,0,0.014311892,0.00072758979,0.36911622,121.47033,2873.8252,59.5,0,1.2217305,0,0,nan,nan,6795.5461,-291.76422,-3.0316594,-56.348939,-0.00024125727,3.5844718,0.025578135,0,0,0,0,0,0
13.8,523.29983,-5.4114405,-2879.3032,55.608354,2.4951656,-109.20074,-0.00053014716,1.1448978,0.0078394017,0.0014131256,-0.00086286474,-0.00061885812,-0.050357612,7.9939691e-09,0.002601693,1,-0.052707378,8.5955178e-09,0.0026329935,1,0,0,0.015608008,0.0007417242,0.36705102,120.78273,2879.3032,59.5,0,1.2217305,0,0,nan,nan,6715.0555,-288.43074,-3.0914099,-61.107882,-0.00023590585,3.5991885,0.026286855,0,0,0,0,0,0
13.85,526.07671,-5.2867732,-2884.7467,55.460305,2.4913609,-108.51334,-0.00052766516,1.1448636,0.0077647152,0.0014064695,-0.0004899447,-0.0006160293,-0.054550547,8.8664075e-09,0.0026569382,1,-0.056897695,9.2425272e-09,0.0026875404,1,0,0,0.016904793,0.00075535967,0.36499434,120.09808,2884.7467,59.5,0,1.2217305,0,0,nan,nan,6635.4368,-285.12797,-3.1488356,-65.781162,-0.00023131218,3.5527702,0.027096949,0,0,0,0,0,0
13.9,528.84612,-5.1622977,-2890.156,55.309739,2.4874987,-107.83013,-0.00052521519,1.1448477,0.0076903549,0.001399931,-0.00014639588,-0.00061314455,-0.058757324,9.3044743e-09,0.0027109328,1,-0.061142839,9.4307837e-09,0.0027408306,1,0,0,0.018201026,0.00076850289,0.36294612,119.41635,2890.156,59.5,0,1.2217305,0,0,nan,nan,6556.6791,-281.79642,-3.2029262,-70.890762,-0.000227772,2.7650575,0.027809667,0,0,0,0,0,0
13.95,531.60794,-5.0380165,-2895.5312,55.156429,2.4835806,-107.15126,-0.00052278622,1.1448473,0.007616328,0.0013934786,0.00014587337,-0.00061021867,-0.063078652,9.2959689e-09,0.0027636529,1,-0.065507807,9.1746051e-09,0.0027928282,1,0,0,0.019491139,0.00078116829,0.36090642,118.73755,2895.5312,59.5,0,1.2217305,0,0,nan,nan,6478.7767,-278.45694,-3.2537917,-75.696263,-0.00022521815,3.0633046,0.028391417,0,0,0,0,0,0
14,534.36203,-4.9139326,-2900.8725,55.000684,2.4796116,-106.47655,-0.00052037249,1.1448625,0.007542637,0.0013870886,0.00048427019,-0.00060723311,-0.060228183,8.8957906e-09,0.0028150866,1,0.7854,8.5845675e-09,0.0028435507,1,0,0,0.020777981,0.00079336328,0.35887516,118.06166,2900.8725,59.5,0,1.0471976,0,0,nan,nan,6401.7188,-275.15313,-3.3023711,-111.54825,-0.00022338487,-87.371119,0.02938905,0,0,0,0,0,0
14.05,537.10355,-4.7900856,-2906.1824,54.554039,2.4733407,-105.93692,-0.0005160448,1.1430035,0.0074713855,0.0013804765,-0.11516516,-0.00061707342,0.11430474,-1.8077677e-08,0.0028598471,1,0.66180243,-6.6265527e-08,0.0028757695,1,0,0,0.017473019,0.00080573032,0.35683241,117.38213,2906.1824,59.5,0,1.0471976,0,0,nan,nan,6324.7899,-272.71927,-3.0577895,-798.56237,-0.00026788212,-2129.3367,-0.4520202,0,0,0,0,0,0
14.1,539.81214,-4.6666276,-2911.4702,53.757235,2.4647616,-105.56307,-0.00050432515,1.1309207,0.0074085259,0.0013690531,-0.38251698,-0.00070321151,0.16803535,-2.1427307e-07,0.0028310555,1,-0.017116178,-3.7234932e-07,0.0027760019,1,0,0,0.00060754797,0.00082336227,0.35479015,116.70288,2911.4702,59.5,0,1.0471976,0,0,nan,nan,6248.4097,-271.25488,-2.2206453,-724.54875,-0.00060694068,-2095.7694,-1.5328559,0,0,0,0,0,0
14.15,542.49076,-4.5435187,-2916.735,53.518788,2.4602958,-104.93547,-0.00048665181,1.1088933,0.0073526985,0.0013451456,-0.44882071,-0.00065014255,-0.0064975748,-5.2645507e-07,0.0028783677,1,-0.29853832,-7.3871316e-07,0.0030385481,1,0,0,-0.020972735,0.00083937469,0.35277761,116.03351,2916.735,59.5,0,1.0471976,0,0,nan,nan,6173.6007,-266.04494,-3.742843,389.83982,-0.0011167135,913.10669,1.0941068,0,0,0,0,0,0
14.2,545.17637,-4.4205003,-2921.9591,53.987296,2.4610334,-103.95777,-0.00046335245,1.0906472,0.0073043592,0.0013040695,-0.24952901,-0.00061818293,-0.055319966,-9.2396456e-07,0.0031918369,1,0.066738824,-1.0800531e-06,0.003298966,1,0,0,-0.031928531,0.00084658201,0.35072871,115.35233,2921.9591,59.5,0,1.0471976,0,0,nan,nan,6098.0567,-260.13323,-3.3004199,790.14698,-0.001761274,1940.792,-1.048414,0,0,0,0,0,0
14.25,547.88384,-4.297451,-2927.1351,54.24035,2.4602189,-103.08987,-0.0004546438,1.0815264,0.007241886,0.0012531544,-0.14508745,-0.00070711666,0.11921296,-8.5673515e-07,0.0032128495,1,0.26640716,-6.5110353e-07,0.0031852495,1,0,0,-0.035781191,0.00085718607,0.34871056,114.68141,2927.1351,59.5,0,1.0471976,0,0,nan,nan,6024.1247,-255.88975,-3.6376039,137.2185,-0.0016225894,-9.5272861,-0.37849554,0,0,0,0,0,0
14.3,550.59371,-4.1745324,-2932.2732,54.1448,2.456263,-102.40957,-0.00045133041,1.0733032,0.0071755996,0.0012170905,-0.18938297,-0.00068182065,0.15902071,-4.2189609e-07,0.0032477054,1,0.11335373,-2.1888185e-07,0.0033186723,1,0,0,-0.042144108,0.00086549845,0.34674581,114.02819,2932.2732,59.5,0,1.0471976,0,0,nan,nan,5952.552,-250.68221,-4.0473968,95.110018,-0.00089250377,-211.31049,0.34063051,0,0,0,0,0,0
14.35,553.30244,-4.0517876,-2937.3753,54.243888,2.4537201,-101.62719,-0.00044456122,1.0641583,0.0071144852,0.0011971339,-0.16182396,-0.00067264576,0.11679625,-2.319991e-07,0.0033866039,1,0.12755368,-1.9038084e-07,0.0034434977,1,0,0,-0.047469296,0.00087108668,0.34476533,113.36993,2937.3753,59.5,0,1.0471976,0,0,nan,nan,5880.9415,-245.66141,-3.9076478,365.65057,-0.00057669154,508.91575,-0.40284969,0,0,0,0,0,0
14.4,556.01818,-3.9291523,-2942.4373,54.375996,2.4514713,-100.82878,-0.00044118083,1.0571053,0.0070501859,0.0011822787,-0.1255883,-0.00070795612,0.1575469,-1.5604953e-07,0.0034291915,1,0.17623273,-9.5987973e-08,0.0034362601,1,0,0,-0.050332411,0.00087771049,0.34279077,112.71374,2942.4373,59.5,0,1.0471976,0,0,nan,nan,5810.0389,-241.68675,-4.0074055,255.23181,-0.00044922987,152.45967,-0.27212951,0,0,0,0,0,0
14.45,558.73886,-3.8066452,-2947.4604,54.454267,2.4486825,-100.0626,-0.00044038116,1.0511013,0.0069834202,0.0011722111,-0.11466113,-0.00071359342,0.1688371,-3.0963688e-08,0.0034572485,1,0.16841028,3.5847181e-08,0.0034833429,1,0,0,-0.052655979,0.00088401086,0.34083565,112.06408,2947.4604,59.5,0,1.0471976,0,0,nan,nan,5740.2927,-237.96966,-4.1211109,252.36474,-0.00024814818,118.22773,-0.054312012,0,0,0,0,0,0
14.5,561.46377,-3.6842765,-2952.445,54.548228,2.4459802,-99.289562,-0.00043987626,1.0457188,0.0069165256,0.001167287,-0.099364248,-0.00071905431,0.17125129,5.9366694e-08,0.0035048072,1,0.17513253,9.6982117e-08,0.0035264935,1,0,0,-0.054161788,0.00088992492,0.33888787,111.41696,2952.445,59.5,0,1.0471976,0,0,nan,nan,5671.2839,-234.47436,-4.0941865,269.14288,-0.00010642877,152.2933,-0.17343998,0,0,0,0,0,0
14.55,564.19344,-3.5620421,-2957.3909,54.640629,2.443271,-98.519312,-0.00044031495,1.0410958,0.006848535,0.0011655223,-0.085702556,-0.00073106573,0.17872844,1.1781928e-07,0.0035310601,1,0.18234837,1.4855943e-07,0.0035418655,1,0,0,-0.054886843,0.0008961954,0.33695023,110.7733,2957.3909,59.5,0,1.0471976,0,0,nan,nan,5603.0983,-231.46436,-4.1054896,257.51178,-1.6920186e-05,112.82744,-0.13369698,0,0,0,0,0,0
14.6,566.92754,-3.4399451,-2962.2985,54.725559,2.4404897,-97.75511,-0.00044143458,1.0370701,0.0067796177,0.0011661107,-0.075394384,-0.00073715118,0.18317551,1.6793505e-07,0.0035506105,1,0.18457088,1.9204241e-07,0.0035620705,1,0,0,-0.055054664,0.00090261692,0.33502324,110.13327,2962.2985,59.5,0,1.0471976,0,0,nan,nan,5535.7451,-228.79936,-4.1082925,247.31056,5.7822048e-05,85.465783,-0.083908538,0,0,0,0,0,0
14.65,569.66571,-3.3179883,-2967.168,54.803421,2.4376608,-96.996641,-0.00044270649,1.0334992,0.0067102814,0.0011684659,-0.067424467,-0.00074149466,0.18383873,2.0010972e-07,0.0035699034,1,0.18339882,2.1262111e-07,0.0035795469,1,0,0,-0.054804119,0.00090918797,0.33310638,109.4967,2967.168,59.5,0,1.0471976,0,0,nan,nan,5469.1985,-226.39069,-4.0870551,237.90945,0.00010392046,68.14171,-0.078715492,0,0,0,0,0,0
14.7,572.40762,-3.1961739,-2971.9998,54.874601,2.4347975,-96.243621,-0.00044398255,1.0302884,0.006640634,0.001171726,-0.060957881,-0.00074506971,0.18192294,2.1391229e-07,0.0035848202,1,0.18033915,2.1775622e-07,0.0035922992,1,0,0,-0.054226385,0.00091598317,0.33119923,108.86344,2971.9998,59.5,0,1.0471976,0,0,nan,nan,5403.4362,-224.17968,-4.0644835,228.32229,0.00012182008,55.869493,-0.058869762,0,0,0,0,0,0
14.75,575.15292,-3.0745034,-2976.794,54.938743,2.4319,-95.49623,-0.00044510791,1.027372,0.0065708352,0.0011752129,-0.055664305,-0.00074678506,0.17825852,2.1444396e-07,0.0035974312,1,0.1757963,2.1165463e-07,0.0036041786,1,0,0,-0.053391899,0.00092297097,0.32930155,108.23341,2976.794,59.5,0,1.0471976,0,0,nan,nan,5338.4426,-222.12172,-4.0365612,218.04397,0.0001200344,45.62422,-0.040354666,0,0,0,0,0,0
14.8,577.90125,-2.9529785,-2981.551,54.995673,2.4289732,-94.754558,-0.00044594654,1.0246965,0.0065010555,0.0011784319,-0.051277675,-0.0007472241,0.17317465,2.0433934e-07,0.00360877,1,0.17009997,1.9630879e-07,0.0036147237,1,0,0,-0.052356933,0.00093014074,0.32741311,107.60655,2981.551,59.5,0,1.0471976,0,0,nan,nan,5274.2028,-220.18137,-4.0027702,209.37177,0.00010311214,42.425152,-0.028204513,0,0,0,0,0,0
14.85,580.65231,-2.8316002,-2986.271,55.04799,2.4260413,-94.017084,-0.00044645241,1.0222435,0.0064313845,0.0011810155,-0.04665737,-0.00074673971,0.16850687,1.8687542e-07,0.0036185515,1,0.16625783,1.7590415e-07,0.0036235478,1,0,0,-0.051112513,0.00093750461,0.3255334,106.98267,2986.271,59.5,0,1.0471976,0,0,nan,nan,5210.693,-218.20239,-3.9620857,201.68296,7.6099922e-05,41.993335,-0.017832883,0,0,0,0,0,0
14.9,583.40583,-2.7103689,-2990.9543,55.093055,2.4230911,-93.285486,-0.00044662059,1.0200068,0.0063618812,0.0011827656,-0.042841011,-0.0007453795,0.16416439,1.6600213e-07,0.0036266492,1,0.16140344,1.537205e-07,0.0036308685,1,0,0,-0.049694849,0.00094508028,0.32366291,106.36194,2990.9543,59.5,0,1.0471976,0,0,nan,nan,5147.9217,-216.3034,-3.9187579,190.05247,4.514507e-05,31.796104,-0.0057378533,0,0,0,0,0,0
14.95,586.16141,-2.5892855,-2995.6011,55.130818,2.4201249,-92.559812,-0.00044641062,1.0179409,0.0062926529,0.0011836032,-0.039723849,-0.00074300151,0.1587107,1.4281214e-07,0.0036338965,1,0.15549153,1.2915454e-07,0.0036378143,1,0,0,-0.048151071,0.00095285634,0.32180148,105.74429,2995.6011,59.5,0,1.0471976,0,0,nan,nan,5085.8763,-214.46398,-3.87252,180.40751,1.1913325e-05,28.515741,0.0041680416,0,0,0,0,0,0
15,588.91873,-2.4683506,-3000.2118,55.162031,2.4171516,-91.839614,-0.00044580852,1.016024,0.0062237786,0.0011834628,-0.036896648,-0.00073995501,0.15285396,1.1735809e-07,0.0036404963,1,0.14951422,1.0266864e-07,0.0036439685,1,0,0,-0.046495791,0.00096083233,0.3199488,105.12964,3000.2118,59.5,0,1.0471976,0,0,nan,nan,5024.5401,-212.67662,-3.8234583,170.49889,-2.342183e-05,25.343507,0.011169085,0,0,0,0,0,0
15.05,591.67745,-2.3475645,-3004.7866,55.186374,2.4141715,-91.125107,-0.00044482642,1.0142397,0.0061553096,0.001182304,-0.034433094,-0.00073631986,0.14670146,9.0695835e-08,0.0036463438,1,0.14315119,7.5615337e-08,0.0036494747,1,0,0,-0.044749778,0.00096900933,0.31810477,104.51795,3004.7866,59.5,0,1.0471976,0,0,nan,nan,4963.903,-210.93208,-3.7731484,160.32021,-5.9338098e-05,21.971691,0.01846939,0,0,0,0,0,0
15.1,594.43722,-2.2269275,-3009.3258,55.203977,2.4111875,-90.416233,-0.00044347473,1.0125711,0.0060872998,0.0011801273,-0.032253153,-0.00073209866,0.14019987,6.3663678e-08,0.0036517598,1,0.13651005,4.8517634e-08,0.003654734,1,0,0,-0.04292973,0.00097738334,0.31626922,103.90915,3009.3258,59.5,0,1.0471976,0,0,nan,nan,4903.9529,-209.19316,-3.7204937,150.79675,-9.4810573e-05,20.28807,0.025327534,0,0,0,0,0,0
15.15,597.19771,-2.1064397,-3013.8297,55.215411,2.4082072,-89.712708,-0.0004417687,1.0110081,0.006019796,0.0011769514,-0.030221315,-0.00072734816,0.1336204,3.6767225e-08,0.0036570424,1,0.12991871,2.1824272e-08,0.0036599576,1,0,0,-0.041040612,0.00098596683,0.31444206,103.30322,3013.8297,59.5,0,1.0471976,0,0,nan,nan,4844.6804,-207.43968,-3.6643066,141.40429,-0.00012926215,18.295357,0.03029856,0,0,0,0,0,0
15.2,599.95863,-1.9861007,-3018.2986,55.220509,2.4052322,-89.014665,-0.00043973296,1.0095409,0.0059528324,0.0011728176,-0.028434422,-0.00072227024,0.12687689,1.0500713e-08,0.0036620872,1,0.12302555,-3.9493835e-09,0.0036648367,1,0,0,-0.039095066,0.00099476888,0.3126232,102.70012,3018.2986,59.5,0,1.0471976,0,0,nan,nan,4786.0765,-205.71545,-3.6071638,131.90405,-0.00016187496,16.088904,0.034414012,0,0,0,0,0,0
15.25,602.71966,-1.8659104,-3022.7327,55.219437,2.4022648,-88.322014,-0.00043739514,1.0081583,0.0058864357,0.001167786,-0.02682798,-0.00071686729,0.11989339,-1.4697381e-08,0.0036669225,1,0.11594037,-2.8480527e-08,0.0036696042,1,0,0,-0.03710339,0.00100379,0.31081248,102.09981,3022.7327,59.5,0,1.0471976,0,0,nan,nan,4728.1294,-204.01646,-3.5495158,122.70498,-0.00019214337,14.74164,0.038329041,0,0,0,0,0,0
15.3,605.48048,-1.7458682,-3027.1323,55.212341,2.3993072,-87.634674,-0.00043478225,1.0068528,0.0058206296,0.0011619263,-0.025354539,-0.00071119761,0.11277296,-3.8628481e-08,0.0036716706,1,0.10875344,-5.1664641e-08,0.0036743076,1,0,0,-0.035072382,0.0010130305,0.30900973,101.50221,3027.1323,59.5,0,1.0471976,0,0,nan,nan,4670.8279,-202.33995,-3.4912836,113.57294,-0.00021989458,13.485536,0.041409077,0,0,0,0,0,0
15.35,608.24082,-1.6259735,-3031.4976,55.199566,2.3963636,-86.952491,-0.00043192611,1.0056188,0.0057554272,0.0011553078,-0.02394509,-0.00070542411,0.10561397,-6.1067148e-08,0.0036761997,1,0.10164131,-7.3118705e-08,0.0036785908,1,0,0,-0.033004748,0.0010224996,0.30721489,100.90733,3031.4976,59.5,0,1.0471976,0,0,nan,nan,4614.1644,-200.56355,-3.4312053,105.21611,-0.00024526275,13.32877,0.042347706,0,0,0,0,0,0
15.4,611.00038,-1.5062257,-3035.8289,55.181288,2.3934361,-86.275443,-0.00042886627,1.0044538,0.0056908283,0.0011480107,-0.022630556,-0.00069951171,0.09850919,-8.1418125e-08,0.003680312,1,0.09449652,-9.2233986e-08,0.0036825954,1,0,0,-0.030902399,0.001032208,0.30542802,100.31516,3035.8289,59.5,0,1.0471976,0,0,nan,nan,4558.1345,-198.79299,-3.3717047,96.488015,-0.00026729682,11.826913,0.045694962,0,0,0,0,0,0
15.45,613.7589,-1.3866238,-3040.1266,55.15749,2.3905253,-85.60355,-0.00042562285,1.003351,0.00562685,0.0011401294,-0.021447718,-0.00069336161,0.091254649,-9.98557e-08,0.0036844624,1,0.087156275,-1.0978908e-07,0.0036868164,1,0,0,-0.028773039,0.0010421519,0.303649,99.725669,3040.1266,59.5,0,1.0471976,0,0,nan,nan,4502.7284,-197.03652,-3.3118204,88.057982,-0.0002863055,10.953777,0.047979365,0,0,0,0,0,0
15.5,616.51609,-1.267167,-3044.3907,55.128391,2.3876336,-84.936686,-0.00042221566,1.0023055,0.0055635045,0.0011317383,-0.020337094,-0.00068710612,0.083903393,-1.1694442e-07,0.0036886558,1,0.079772896,-1.2617968e-07,0.0036909895,1,0,0,-0.026619941,0.0010523345,0.30187767,99.138808,3044.3907,59.5,0,1.0471976,0,0,nan,nan,4447.9359,-195.2931,-3.2516792,79.802679,-0.00030308455,10.313922,0.049409299,0,0,0,0,0,0
15.55,619.27171,-1.1478543,-3048.6217,55.094317,2.3847641,-84.274716,-0.00041866887,1.0013146,0.0055007946,0.001122894,-0.019243476,-0.00068077036,0.076563548,-1.3273769e-07,0.0036928008,1,0.072509847,-1.4118897e-07,0.0036951082,1,0,0,-0.024443121,0.0010627624,0.30011406,98.554579,3048.6217,59.5,0,1.0471976,0,0,nan,nan,4393.7518,-193.39244,-3.1904965,72.30215,-0.00031808063,10.67224,0.050761429,0,0,0,0,0,0
15.6,622.02552,-1.0286845,-3052.8196,55.055559,2.3819198,-83.617602,-0.00041500673,1.0003784,0.00543872,0.0011136517,-0.018183705,-0.00067437575,0.069368281,-1.4699202e-07,0.0036968782,1,0.06532396,-1.5454588e-07,0.0036991457,1,0,0,-0.022240517,0.0010734465,0.29835838,97.973054,3052.8196,59.5,0,1.0471976,0,0,nan,nan,4340.1768,-191.46669,-3.1289989,64.453591,-0.00033084763,9.5234884,0.052031898,0,0,0,0,0,0
15.65,624.77727,-0.90965627,-3056.9848,55.01203,2.3791007,-82.965403,-0.00041124739,0.99949235,0.0053772836,0.0011040763,-0.017231761,-0.0006679057,0.062064696,-1.5975197e-07,0.0037009444,1,0.057940891,-1.6655467e-07,0.0037032378,1,0,0,-0.02001845,0.0010843907,0.29661052,97.394194,3056.9848,59.5,0,1.0471976,0,0,nan,nan,4287.2019,-189.55863,-3.0676108,56.871054,-0.00034144386,8.8542513,0.053296772,0,0,0,0,0,0
15.7,627.52674,-0.79076835,-3061.1175,54.963956,2.3763089,-82.317975,-0.00040740561,0.99865264,0.0053164886,0.0010942236,-0.016326327,-0.00066138952,0.054678341,-1.7133084e-07,0.0037050626,1,0.050535282,-1.7753266e-07,0.0037073744,1,0,0,-0.017778749,0.0010955986,0.29487034,96.81795,3061.1175,59.5,0,1.0471976,0,0,nan,nan,4234.8172,-187.66772,-3.0061838,49.497365,-0.00035031124,8.4812027,0.054069977,0,0,0,0,0,0
15.75,630.2737,-0.67201932,-3065.218,54.911684,2.3735475,-81.675114,-0.00040349784,0.99785793,0.0052563331,0.0010841359,-0.015412962,-0.00065486235,0.047337812,-1.8183757e-07,0.0037091838,1,0.043287651,-1.8740031e-07,0.0037114797,1,0,0,-0.015519312,0.0011070822,0.29313774,96.24429,3065.218,59.5,0,1.0471976,0,0,nan,nan,4183.0146,-185.73801,-2.9428522,42.949053,-0.00035792778,8.9288092,0.054586021,0,0,0,0,0,0
15.8,633.01795,-0.55340755,-3069.2864,54.855451,2.3708196,-81.036705,-0.00039954174,0.99710894,0.0051968114,0.0010738528,-0.014528839,-0.00064833651,0.040137802,-1.9109448e-07,0.0037132495,1,0.03608803,-1.9593853e-07,0.0037155187,1,0,0,-0.013237368,0.0011188607,0.29141269,95.673204,3069.2864,59.5,0,1.0471976,0,0,nan,nan,4131.7879,-183.8193,-2.8792735,36.073003,-0.00036390058,7.9463475,0.055284683,0,0,0,0,0,0
15.85,635.75929,-0.43493138,-3073.323,54.795198,2.3681252,-80.402777,-0.00039554858,0.99640185,0.0051379226,0.0010634213,-0.013730704,-0.00064178229,0.032832531,-1.9920099e-07,0.0037173354,1,0.02871294,-2.0349416e-07,0.003719646,1,0,0,-0.010938042,0.0011309396,0.28969508,95.104649,3073.323,59.5,0,1.0471976,0,0,nan,nan,4081.1281,-181.92045,-2.8158078,29.463644,-0.00036835286,7.4639421,0.055975609,0,0,0,0,0,0
15.9,638.49753,-0.31658909,-3077.328,54.731121,2.3654659,-79.773195,-0.00039152712,0.99573379,0.005079666,0.0010528789,-0.012965249,-0.00063522758,0.025459569,-2.0647897e-07,0.0037214887,1,0.021325753,-2.1036355e-07,0.003723822,1,0,0,-0.0086223514,0.0011433248,0.28798475,94.538578,3077.328,59.5,0,1.0471976,0,0,nan,nan,4031.0262,-180.03398,-2.7522546,23.076181,-0.00037171184,7.2809274,0.056265131,0,0,0,0,0,0
15.95,641.23248,-0.19837887,-3081.3016,54.663672,2.3628452,-79.147738,-0.00038748864,0.99510466,0.0050220361,0.0010422493,-0.012157404,-0.00062870322,0.01819689,-2.1298099e-07,0.0037256408,1,0.01420046,-2.1636569e-07,0.0037279448,1,0,0,-0.0062856844,0.0011560302,0.2862818,93.975017,3081.3016,59.5,0,1.0471976,0,0,nan,nan,3981.4792,-178.017,-2.6872276,17.449427,-0.00037440206,7.7696082,0.056285992,0,0,0,0,0,0
16,643.96398,-0.08029871,-3085.2441,54.59289,2.3602644,-78.526447,-0.00038344563,0.99451544,0.0049650244,0.0010315596,-0.011398432,-0.00062221258,0.011059234,-2.1848786e-07,0.0037297104,1,0.007030725,-2.2131072e-07,0.0037319806,1,0,0,-0.0039274944,0.0011690712,0.28458629,93.413988,3085.2441,59.5,0,1.0471976,0,0,nan,nan,3932.484,-176.01748,-2.6222628,11.404821,-0.00037587491,6.7959269,0.056673908,0,0,0,0,0,0
16.05,646.69186,0.037653366,-3089.1556,54.518788,2.3577239,-77.909302,-0.00037940371,0.99396216,0.0049086287,0.0010208427,-0.010710213,-0.00061571922,0.0037952956,-2.2315237e-07,0.0037337958,1,-0.00029549448,-2.2560346e-07,0.0037361013,1,0,0,-0.0015520839,0.0011824551,0.28289811,92.855454,3089.1556,59.5,0,1.0471976,0,0,nan,nan,3884.0325,-174.0351,-2.5572941,5.6749628,-0.00037633765,6.4849713,0.056987883,0,0,0,0,0,0
16.1,649.41596,0.15547935,-3093.0363,54.441544,2.355211,-77.296184,-0.00037534644,0.99344271,0.0048528713,0.001010124,-0.010043889,-0.00060629871,-0.0035183412,-2.2751733e-07,0.0037401278,1,-0.0076158499,-2.3095504e-07,0.00375144,1,0,0,0.00084025428,0.0011960255,0.28121717,92.299381,3093.0363,59.5,0,1.0471976,0,0,nan,nan,3836.117,-172.03077,-2.595176,0.072915889,-0.00037585993,6.2765126,0.22830246,0,0,0,0,0,0
16.15,652.13612,0.2731775,-3096.8865,54.361248,2.3525998,-76.687103,-0.00037021212,0.99295595,0.0047990235,0.00099917727,-0.0094066491,-0.00057549515,-0.01084738,-2.6258755e-07,0.0038064226,1,-0.01496214,-3.0361498e-07,0.0038598312,1,0,0,0.0032485698,0.001207708,0.27954355,91.745798,3096.8865,59.5,0,1.0471976,0,0,nan,nan,3788.735,-169.97575,-2.6602874,-5.4809418,-0.00040610541,5.9312161,0.24638634,0,0,0,0,0,0
16.2,654.8522,0.39074438,-3100.7063,54.277961,2.3499683,-76.082025,-0.00036368538,0.99250022,0.0047475188,0.00098636032,-0.0088031221,-0.00055918434,-0.018221212,-3.6392939e-07,0.0038929622,1,-0.022362883,-4.2549644e-07,0.0039325167,1,0,0,0.0056714753,0.0012180911,0.2778772,91.194684,3100.7063,59.5,0,1.0471976,0,0,nan,nan,3741.88,-167.94401,-2.6621521,-10.917035,-0.00050306624,5.6567661,0.087149763,0,0,0,0,0,0
16.25,657.56404,0.50817894,-3104.496,54.191767,2.3472967,-75.480878,-0.00035695786,0.99207403,0.0046970857,0.00097077818,-0.0082247404,-0.00054917333,-0.025635131,-4.5435037e-07,0.0039542762,1,-0.029795514,-4.92289e-07,0.0039876277,1,0,0,0.0081081911,0.0012276334,0.276218,90.645999,3104.496,59.5,0,1.0471976,0,0,nan,nan,3695.5439,-165.93521,-2.7227249,-16.241068,-0.00058615115,5.4333334,0.10685945,0,0,0,0,0,0
16.3,660.2715,0.62547845,-3108.2557,54.102565,2.344566,-74.883753,-0.0003501963,0.99167565,0.0046476662,0.00095348095,-0.0077149422,-0.00053778548,-0.033146036,-5.008687e-07,0.004017469,1,-0.037441808,-5.1784013e-07,0.0040539497,1,0,0,0.010554997,0.0012361452,0.27456592,90.099735,3108.2557,59.5,0,1.0471976,0,0,nan,nan,3649.7214,-163.82479,-2.7682169,-22.132357,-0.00062330635,4.2397129,0.093461669,0,0,0,0,0,0
16.35,662.97442,0.74264033,-3111.9856,54.010285,2.3417911,-74.290795,-0.0003435253,0.99130055,0.0045991815,0.00093556756,-0.0072641412,-0.00052929286,-0.040934409,-5.1792115e-07,0.0040805319,1,-0.045311017,-5.2104706e-07,0.0041143389,1,0,0,0.013005258,0.0012438174,0.27292114,89.555946,3111.9856,59.5,0,1.0471976,0,0,nan,nan,3604.4123,-161.69471,-2.8059537,-27.497924,-0.00063040098,4.5703507,0.065867303,0,0,0,0,0,0
16.4,665.67267,0.85966242,-3115.686,53.915209,2.3389722,-73.701804,-0.00033716199,0.99094896,0.0045513879,0.00091776539,-0.0067784886,-0.00052248576,-0.048699809,-5.1278337e-07,0.0041389292,1,-0.053029013,-5.0507022e-07,0.0041710392,1,0,0,0.015462544,0.0012507535,0.27128356,89.0146,3115.686,59.5,0,1.0471976,0,0,nan,nan,3559.6093,-159.58648,-2.8486345,-32.843269,-0.00061562529,4.6236127,0.059574989,0,0,0,0,0,0
16.45,668.36609,0.97654248,-3119.357,53.817287,2.3361087,-73.116798,-0.00033116423,0.99062139,0.0045041947,0.00090059609,-0.0063117124,-0.00051632741,-0.056441548,-4.9285697e-07,0.0041957554,1,-0.060796961,-4.7924689e-07,0.0042272363,1,0,0,0.017926246,0.001256978,0.26965304,88.475653,3119.357,59.5,0,1.0471976,0,0,nan,nan,3515.3043,-157.49131,-2.8880879,-38.367882,-0.00058702296,4.0740578,0.051810282,0,0,0,0,0,0
16.5,671.05454,1.0932784,-3122.9989,53.716251,2.3332032,-72.535961,-0.00032555385,0.99031515,0.0044575297,0.0008843354,-0.0059305857,-0.00051108247,-0.064388791,-4.6566767e-07,0.0042508772,1,-0.068911995,-4.4924693e-07,0.0042811349,1,0,0,0.020389449,0.00126256,0.26802953,87.939082,3122.9989,59.5,0,1.0471976,0,0,nan,nan,3471.4911,-155.3839,-2.9233982,-44.096785,-0.00055246107,3.6217767,0.043950233,0,0,0,0,0,0
16.55,673.73787,1.209868,-3126.6118,53.612337,2.330259,-71.95913,-0.00032034518,0.99002811,0.0044113185,0.00086909932,-0.0055256899,-0.00050647675,-0.072457899,-4.3489321e-07,0.0043038606,1,-0.076950833,-4.1710893e-07,0.0043330507,1,0,0,0.022852732,0.0012675481,0.26641294,87.404859,3126.6118,59.5,0,1.0471976,0,0,nan,nan,3428.163,-153.30135,-2.9577397,-49.377306,-0.00051541322,4.0818769,0.039828209,0,0,0,0,0,0
16.6,676.41594,1.3263096,-3130.196,53.50562,2.327278,-71.386235,-0.00031552587,0.98976201,0.004365514,0.00085492717,-0.0051033797,-0.00050226135,-0.080445766,-4.0280224e-07,0.0043551759,1,-0.084914134,-3.8482238e-07,0.0043834924,1,0,0,0.025318405,0.0012719681,0.26480314,86.872942,3130.196,59.5,0,1.0471976,0,0,nan,nan,3385.3123,-151.24307,-2.9902177,-54.719866,-0.00047809439,3.9731694,0.036561343,0,0,0,0,0,0
16.65,679.0886,1.4426012,-3133.7517,53.396005,2.3242617,-70.817346,-0.00031107211,0.98951635,0.004320082,0.00084180096,-0.0047268167,-0.00049838851,-0.088486094,-3.7113676e-07,0.0044048865,1,-0.093066984,-3.5370587e-07,0.0044322737,1,0,0,0.027784099,0.0012758481,0.26320008,86.343309,3133.7517,59.5,0,1.0471976,0,0,nan,nan,3342.9333,-149.10412,-3.0199114,-60.425529,-0.00044230834,3.0517036,0.033744646,0,0,0,0,0,0
16.7,681.75571,1.5587413,-3137.279,53.28346,2.3212127,-70.25258,-0.00030695655,0.98928769,0.0042749948,0.00082966409,-0.0043984366,-0.00049478942,-0.096790876,-3.4081482e-07,0.0044529077,1,-0.10145866,-3.2429492e-07,0.0044793504,1,0,0,0.030244698,0.0012792193,0.26160391,85.816011,3137.279,59.5,0,1.0471976,0,0,nan,nan,3301.0255,-146.93874,-3.047284,-65.652154,-0.00040875085,3.4447692,0.031783017,0,0,0,0,0,0
16.75,684.41713,1.6747281,-3140.7781,53.168288,2.3181341,-69.691719,-0.00030315002,0.98907671,0.0042302307,0.00081844954,-0.0040213035,-0.00049135969,-0.10506191,-3.1235265e-07,0.0044993173,1,-0.10966439,-2.9698785e-07,0.0045249015,1,0,0,0.032704635,0.0012821013,0.26001453,85.291016,3140.7781,59.5,0,1.0471976,0,0,nan,nan,3259.5824,-144.80309,-3.0729076,-70.794944,-0.00037771242,3.6700505,0.030737686,0,0,0,0,0,0
16.8,687.07273,1.7905604,-3144.2493,53.050458,2.3150276,-69.134756,-0.00029962057,0.98888472,0.0041857754,0.00080808161,-0.0036460005,-0.0004880443,-0.11327435,-2.8616048e-07,0.0045442347,1,-0.11788044,-2.7216221e-07,0.0045689822,1,0,0,0.035164451,0.0012845099,0.25843182,84.768279,3144.2493,59.5,0,1.0471976,0,0,nan,nan,3218.5963,-142.67911,-3.0963444,-76.009845,-0.00034949399,3.3863266,0.029404408,0,0,0,0,0,0
16.85,689.72237,1.9062367,-3147.6928,52.929811,2.3118953,-68.581862,-0.00029634271,0.98871002,0.0041416118,0.00079847555,-0.0033387506,-0.00048502757,-0.12164995,-2.6229662e-07,0.0045871731,1,-0.12641568,-2.494163e-07,0.004610544,1,0,0,0.03761918,0.0012864741,0.25685583,84.247821,3147.6928,59.5,0,1.0471976,0,0,nan,nan,3178.0648,-140.43617,-3.1167541,-81.46635,-0.00032423615,2.868058,0.026846772,0,0,0,0,0,0
16.9,692.36591,2.0217558,-3151.1087,52.806574,2.3087395,-68.032928,-0.00029329707,0.9885507,0.0040977203,0.00078955964,-0.0030113416,-0.00048203124,-0.13016105,-2.4013457e-07,0.0046280215,1,-0.13490096,-2.2822637e-07,0.0046505435,1,0,0,0.040069243,0.0012880094,0.25528664,83.729662,3151.1087,59.5,0,1.0471976,0,0,nan,nan,3137.9854,-138.22333,-3.1365343,-86.422946,-0.00030108201,3.3805069,0.028290616,0,0,0,0,0,0
16.95,695.00324,2.1371166,-3154.4972,52.680852,2.3055622,-67.487857,-0.00029044678,0.98840864,0.0040541059,0.00078127133,-0.0026570986,-0.00047895502,-0.1385764,-2.2019487e-07,0.0046676316,1,-0.14327731,-2.0977337e-07,0.0046894629,1,0,0,0.042517686,0.0012891205,0.2537241,83.213758,3154.4972,59.5,0,1.0471976,0,0,nan,nan,3098.3507,-136.03948,-3.1539463,-91.41971,-0.00028040013,3.3597516,0.028388172,0,0,0,0,0,0
17,697.63421,2.2523181,-3157.8586,52.552567,2.3023655,-66.946673,-0.00028776165,0.98828396,0.00401077,0.00077353209,-0.0023303649,-0.00047584195,-0.14700588,-2.0306308e-07,0.0047059091,1,-0.15178549,-1.9423578e-07,0.0047271046,1,0,0,0.044963126,0.001289825,0.25216809,82.700062,3157.8586,59.5,0,1.0471976,0,0,nan,nan,3059.1532,-133.86875,-3.1678785,-96.749593,-0.00026271329,2.6476418,0.030512559,0,0,0,0,0,0
17.05,700.2587,2.3673593,-3161.193,52.421546,2.2991527,-66.409483,-0.00028520533,0.98817399,0.0039677261,0.00076625458,-0.0020517176,-0.000472552,-0.15567378,-1.8900961e-07,0.0047434773,1,-0.16055301,-1.8203907e-07,0.0047642633,1,0,0,0.047399845,0.0012901548,0.25061849,82.188534,3161.193,59.5,0,1.0471976,0,0,nan,nan,3020.3863,-131.71648,-3.1772536,-101.78424,-0.00024810949,2.921175,0.030325722,0,0,0,0,0,0
17.1,702.87659,2.4822396,-3164.5007,52.288069,2.2959279,-65.876074,-0.00028275618,0.98807907,0.0039249755,0.00075935259,-0.00172625,-0.00046935949,-0.1643222,-1.7797414e-07,0.0047797732,1,-0.16913107,-1.7240001e-07,0.0047996645,1,0,0,0.049831894,0.0012901348,0.24907519,81.679142,3164.5007,59.5,0,1.0471976,0,0,nan,nan,2982.0438,-129.59503,-3.1848304,-106.65882,-0.00023632198,3.2168985,0.029885429,0,0,0,0,0,0
17.15,705.48774,2.5969584,-3167.7818,52.152134,2.2926924,-65.346414,-0.00028040316,0.98800074,0.0038825116,0.00075275936,-0.0013951403,-0.00046614803,-0.17288956,-1.688793e-07,0.004814587,1,-0.17768679,-1.6420142e-07,0.0048337505,1,0,0,0.052260447,0.0012897753,0.24753806,81.171839,3167.7818,59.5,0,1.0471976,0,0,nan,nan,2944.1185,-127.50361,-3.1911492,-111.513,-0.00022637738,3.1389893,0.030621252,0,0,0,0,0,0
17.2,708.09202,2.7115151,-3171.0365,52.012359,2.2894429,-64.821441,-0.00027812533,0.9879303,0.0038403427,0.00074642646,-0.0017146237,-0.00046289416,-0.18267146,-1.6139027e-07,0.0048482406,1,-0.1895075,-1.5774935e-07,0.0048667253,1,0,0,0.05465558,0.0012890974,0.24600681,80.666533,3171.0365,59.5,0,1.0471976,0,0,nan,nan,2906.6002,-125.32609,-3.1919989,-120.7136,-0.00021814217,-10.437481,0.029436108,0,0,0,0,0,0
17.25,710.68919,2.825909,-3174.265,51.868651,2.2861841,-64.301241,-0.00027589754,0.98781644,0.0037984844,0.00074030257,-0.0028621518,-0.00045997044,-0.19729537,-1.561058e-07,0.0048799378,1,-0.20621861,-1.5364561e-07,0.0048969379,1,0,0,0.05696344,0.0012881528,0.2444814,80.163204,3174.265,59.5,0,1.0471976,0,0,nan,nan,2869.484,-123.19924,-3.1890602,-124.37203,-0.00021180037,-9.182848,0.025584984,0,0,0,0,0,0
17.3,713.27916,2.9401401,-3177.4677,51.724297,2.282931,-63.783603,-0.00027372771,0.9876553,0.0037569148,0.00073434185,-0.0035057348,-0.00045715924,-0.21297647,-1.5198406e-07,0.0049091678,1,-0.2214208,-1.4970339e-07,0.0049251041,1,0,0,0.059228868,0.0012869668,0.24296232,79.662015,3177.4677,59.5,0,1.0471976,0,0,nan,nan,2832.7781,-121.11578,-3.1859131,-126.25203,-0.00020647885,-3.4394269,0.026636382,0,0,0,0,0,0
17.35,715.8619,3.0542087,-3180.6445,51.57917,2.2796839,-63.26858,-0.00027161197,0.98747346,0.0037156284,0.00072853015,-0.0037481762,-0.00045418098,-0.22739602,-1.4796354e-07,0.0049371248,1,-0.2352386,-1.4580204e-07,0.0049525214,1,0,0,0.061476631,0.0012855399,0.24144945,79.162926,3180.6445,59.5,0,1.0471976,0,0,nan,nan,2796.4762,-119.03926,-3.1811337,-129.46969,-0.00020137112,-1.892339,0.02754648,0,0,0,0,0,0
17.4,718.43734,3.1681151,-3183.7956,51.43241,2.2764413,-62.75681,-0.00026953887,0.98728081,0.0036746299,0.00072285586,-0.0039719995,-0.00045119905,-0.24146756,-1.4441896e-07,0.0049638644,1,-0.24944218,-1.4260457e-07,0.00497842,1,0,0,0.063702914,0.0012838891,0.23994275,78.665921,3183.7956,59.5,0,1.0471976,0,0,nan,nan,2760.5735,-116.86383,-3.1737343,-133.35672,-0.00019687629,-2.1587748,0.027246195,0,0,0,0,0,0
17.45,721.00541,3.2818594,-3186.9212,51.284152,2.2732052,-62.248227,-0.00026750134,0.98707751,0.0036339199,0.00071730178,-0.0041470288,-0.00044816589,-0.255827,-1.4156606e-07,0.0049891655,1,-0.26388436,-1.4019975e-07,0.0050030246,1,0,0,0.065909378,0.0012820266,0.23844226,78.171014,3186.9212,59.5,0,1.0471976,0,0,nan,nan,2725.0677,-114.72802,-3.1654709,-136.59516,-0.00019297439,-1.0250939,0.028291604,0,0,0,0,0,0
17.5,723.56602,3.3954421,-3190.0215,51.132933,2.269971,-61.743761,-0.00026548592,0.98686218,0.0035935076,0.00071184853,-0.004944677,-0.00044505727,-0.26179939,-1.3975868e-07,0.005013384,1,-0.28210417,-1.3921069e-07,0.0050265878,1,0,0,0.06807204,0.0012799576,0.23694748,77.678042,3190.0215,59.5,0,1.0471976,0,0,nan,nan,2689.9438,-112.63839,-3.1546282,-148.65483,-0.00018989259,-25.998867,0.026626969,0,0,0,0,0,0
17.55,726.11883,3.5088626,-3193.0968,50.971456,2.2667155,-61.248168,-0.0002634551,0.98651926,0.0035534315,0.00070646144,-0.0096167148,-0.00044267039,-0.26179939,-1.4058828e-07,0.0050349204,1,-0.32302658,-1.4206932e-07,0.0050454769,1,0,0,0.069962061,0.001277741,0.23545631,77.186313,3193.0968,59.5,0,1.0471976,0,0,nan,nan,2655.151,-110.66439,-3.1344752,-164.43707,-0.0001886722,-63.777425,0.012345086,0,0,0,0,0,0
17.6,728.66335,3.6221201,-3196.1474,50.801097,2.2634529,-60.760441,-0.00026140618,0.98585478,0.0035136867,0.00070107644,-0.017787254,-0.0004418409,-0.26179939,-1.4442879e-07,0.0050493431,1,-0.38813129,-1.4683758e-07,0.0050550082,1,0,0,0.071404801,0.0012755091,0.23396862,76.695784,3196.1474,59.5,0,1.0471976,0,0,nan,nan,2620.6842,-108.8567,-3.106096,-176.07954,-0.00018952735,-92.230642,-0.0048406587,0,0,0,0,0,0
17.65,731.1992,3.7352146,-3199.1739,50.625216,2.2602023,-60.278257,-0.00025936468,0.98471959,0.0034742334,0.00069566681,-0.028332291,-0.00044221488,-0.26179939,-1.4826154e-07,0.00505513,1,-0.4743016,-1.5005942e-07,0.0050562244,1,0,0,0.07230214,0.0012733798,0.23248487,76.206606,3199.1739,59.5,0,1.0471976,0,0,nan,nan,2586.5513,-107.24011,-3.0711002,-182.20158,-0.0001900587,-108.72631,-0.017971024,0,0,0,0,0,0
17.7,733.7262,3.8481473,-3202.1763,50.447659,2.256985,-59.798979,-0.00025734349,0.98302524,0.0034350438,0.00069025973,-0.039988122,-0.00044357025,-0.26179939,-1.5059697e-07,0.005052983,1,-0.57665216,-1.51398e-07,0.0050496525,1,0,0,0.072625559,0.001271464,0.23100579,75.719013,3202.1763,59.5,0,1.0471976,0,0,nan,nan,2552.7658,-105.81709,-3.0284894,-182.74571,-0.00018923105,-113.15555,-0.030633584,0,0,0,0,0,0
17.75,736.24435,3.9609204,-3205.1547,50.272106,2.2538204,-59.320075,-0.00025536307,0.98074573,0.0033960771,0.0006848987,-0.051544288,-0.00044567548,-0.26179939,-1.508438e-07,0.0050431309,1,-0.68946138,-1.5035344e-07,0.0050357222,1,0,0,0.072407912,0.0012698647,0.22953214,75.233261,3205.1547,59.5,0,1.0471976,0,0,nan,nan,2519.3421,-104.57143,-2.980577,-178.23235,-0.00018671156,-106.65414,-0.039171089,0,0,0,0,0,0
17.8,738.75384,4.0735368,-3208.1092,50.101717,2.2507234,-58.839357,-0.00025343546,0.97791196,0.0033573004,0.00067963277,-0.061958622,-0.00044804381,-0.26179939,-1.4895378e-07,0.0050268958,1,-0.7854,-1.4748508e-07,0.0050164354,1,0,0,0.071732146,0.0012686503,0.22806468,74.749589,3208.1092,59.5,0,1.0471976,0,0,nan,nan,2486.2932,-103.47275,-2.9293499,-169.61864,-0.00018257786,-91.297046,-0.042584897,0,0,0,0,0,0
17.85,741.25498,4.1860001,-3211.0396,49.938879,2.2477044,-58.355134,-0.00025155589,0.9746012,0.0033186992,0.00067449698,-0.070437756,-0.00045023131,-0.26179939,-1.4612199e-07,0.005006286,1,-0.7854,-1.4459714e-07,0.004993934,1,0,0,0.070716572,0.001267855,0.22660396,74.268187,3211.0396,59.5,0,1.0471976,0,0,nan,nan,2453.6284,-102.48164,-2.8765781,-158.13571,-0.00017775195,-69.746764,-0.041465312,0,0,0,0,0,0
17.9,743.7482,4.2983146,-3213.9456,49.785069,2.2447687,-57.866318,-0.00024970663,0.97092349,0.0032802762,0.00066949343,-0.07648231,-0.00045186531,-0.26179939,-1.4417772e-07,0.0049833976,1,-0.7854,-1.4365422e-07,0.0049703151,1,0,0,0.069498569,0.0012674789,0.22515038,73.789181,3213.9456,59.5,0,1.0471976,0,0,nan,nan,2421.3526,-101.55495,-2.8239549,-145.22522,-0.00017355552,-45.063153,-0.036791796,0,0,0,0,0,0
17.95,746.23394,4.4104842,-3216.8271,49.640667,2.2419162,-57.372559,-0.00024786359,0.96700575,0.0032420459,0.00066458687,-0.079935241,-0.00045275058,-0.26179939,-1.4474094e-07,0.0049599294,1,-0.7854,-1.4590569e-07,0.0049469316,1,0,0,0.068215061,0.0012674976,0.22370409,73.312616,3216.8271,59.5,0,1.0471976,0,0,nan,nan,2389.465,-100.65168,-2.7732208,-132.36008,-0.00017112442,-20.31613,-0.028824125,0,0,0,0,0,0
18,748.71269,4.5225131,-3219.6838,49.505356,2.2391425,-56.873998,-0.00024599518,0.96297632,0.0032040382,0.0006597188,-0.080879868,-0.00045252941,-0.26179939,-1.4893553e-07,0.0049379225,1,-0.7854,-1.5253148e-07,0.0049264146,1,0,0,0.066992966,0.0012678505,0.22226508,72.838494,3219.6838,59.5,0,1.0471976,0,0,nan,nan,2357.9624,-99.735533,-2.7260705,-120.32045,-0.00017108598,2.6379366,-0.017334543,0,0,0,0,0,0
18.05,751.18488,4.6344051,-3222.5154,49.378237,2.2364408,-56.371194,-0.00024405965,0.95895459,0.0031663033,0.00065480893,-0.079601632,-0.00045111906,-0.26179939,-1.5823695e-07,0.0049194174,1,-0.7854,-1.6499554e-07,0.0049101879,1,0,0,0.065940295,0.0012684589,0.22083327,72.366786,3222.5154,59.5,0,1.0471976,0,0,nan,nan,2326.8391,-98.777314,-2.682564,-109.96978,-0.00017431094,21.924321,-0.0056855541,0,0,0,0,0,0
18.1,753.65088,4.7461636,-3225.3219,49.257929,2.2338022,-55.865077,-0.00024202222,0.95504141,0.0031288916,0.00064975815,-0.076552607,-0.00044858494,-0.26179939,-1.73308e-07,0.004905387,1,-0.7854,-1.8325991e-07,0.0048988585,1,0,0,0.065137726,0.001269239,0.2194085,71.897438,3225.3219,59.5,0,1.0471976,0,0,nan,nan,2296.0882,-97.75677,-2.6433959,-101.90287,-0.00018110018,36.254629,0.0059136973,0,0,0,0,0,0
18.15,756.11099,4.8577914,-3228.1029,49.142756,2.2312168,-55.356819,-0.00023985541,0.9513123,0.0030918535,0.00064446902,-0.07228824,-0.00044501788,-0.26179939,-1.9376311e-07,0.0048964698,1,-0.7854,-2.0652542e-07,0.0048929124,1,0,0,0.064634731,0.0012701034,0.21799055,71.430381,3228.1029,59.5,0,1.0471976,0,0,nan,nan,2265.7017,-96.663145,-2.6085728,-96.430911,-0.00019107571,44.958347,0.01654645,0,0,0,0,0,0
18.2,758.56544,4.9692911,-3230.8585,49.03094,2.2286746,-54.847698,-0.00023753998,0.94781376,0.0030552368,0.0006388596,-0.067403945,-0.00044060214,-0.26179939,-2.1870317e-07,0.0048928661,1,-0.7854,-2.3366636e-07,0.0048922393,1,0,0,0.064449028,0.0012709718,0.2165792,70.965539,3230.8585,59.5,0,1.0471976,0,0,nan,nan,2235.6717,-95.494748,-2.5776685,-93.594872,-0.00020355278,47.953177,0.025233282,0,0,0,0,0,0
18.25,761.01434,5.0806645,-3233.5887,48.920768,2.2261666,-54.338969,-0.0002350673,0.94456275,0.0030190819,0.0006328703,-0.062477344,-0.00043557392,-0.26179939,-2.468578e-07,0.0048942582,1,-0.7854,-2.6323018e-07,0.0048962751,1,0,0,0.064568923,0.0012717766,0.21517423,70.502837,3233.5887,59.5,0,1.0471976,0,0,nan,nan,2205.9901,-94.257779,-2.5500971,-93.200956,-0.00021764802,45.667051,0.031549678,0,0,0,0,0,0
18.3,763.45774,5.1919132,-3236.2935,48.810729,2.2236852,-53.831761,-0.00023243914,0.94154874,0.0029834193,0.00062646838,-0.058020424,-0.00043018546,-0.26179939,-2.76728e-07,0.0048999669,1,-0.7854,-2.9364317e-07,0.0049041673,1,0,0,0.064957907,0.0012724666,0.2137754,70.042201,3236.2935,59.5,0,1.0471976,0,0,nan,nan,2176.6491,-92.964629,-2.5250713,-94.871512,-0.00023238061,38.926906,0.035253289,0,0,0,0,0,0
18.35,765.89561,5.3030383,-3238.9729,48.699618,2.2212244,-53.326987,-0.00022966673,0.9387379,0.0029482684,0.00061964897,-0.054444318,-0.00042468955,-0.26179939,-3.0676492e-07,0.0049090409,1,-0.7854,-3.2336475e-07,0.0049148339,1,0,0,0.065560789,0.0012730096,0.21238251,69.583564,3238.9729,59.5,0,1.0471976,0,0,nan,nan,2147.6415,-91.631898,-2.5017141,-98.104183,-0.00024678762,28.829629,0.036329187,0,0,0,0,0,0
18.4,768.32789,5.4140408,-3241.6272,48.58659,2.2187807,-52.825297,-0.00022676941,0.93607873,0.0029136372,0.00061243357,-0.052037825,-0.00041931679,-0.26179939,-3.3549084e-07,0.0049203555,1,-0.7854,-3.5098576e-07,0.0049270867,1,0,0,0.066310615,0.0012733921,0.21099539,69.126868,3241.6272,59.5,0,1.0471976,0,0,nan,nan,2118.9609,-90.278371,-2.4791641,-102.33275,-0.00025999693,16.609521,0.035013894,0,0,0,0,0,0
18.45,770.75446,5.5249215,-3244.2565,48.471179,2.2163523,-52.327055,-0.00022377257,0.9335084,0.0028795224,0.0006048666,-0.050959405,-0.00041425824,-0.26179939,-3.6160559e-07,0.0049327339,1,-0.7854,-3.7533275e-07,0.0049397492,1,0,0,0.067135652,0.0012736179,0.20961392,68.67207,3244.2565,59.5,0,1.0471976,0,0,nan,nan,2090.6018,-88.923102,-2.4566348,-106.98406,-0.000271286,3.5144,0.031708288,0,0,0,0,0,0
18.5,773.1752,5.6356812,-3246.861,48.353292,2.2139392,-51.832342,-0.00022070535,0.93095923,0.0028459108,0.00059701048,-0.05124126,-0.00040965546,-0.26179939,-3.8407908e-07,0.0049450496,1,-0.7854,-3.9554672e-07,0.0049517474,1,0,0,0.067965856,0.0012737058,0.20823801,68.219147,3246.861,59.5,0,1.0471976,0,0,nan,nan,2062.5598,-87.583793,-2.4334714,-111.52686,-0.00028012749,-9.3003877,0.026923875,0,0,0,0,0,0
18.55,775.58999,5.7463205,-3249.4408,48.233158,2.2115431,-51.34099,-0.00021759818,0.92836471,0.0028127817,0.00058893968,-0.052803299,-0.00040559547,-0.26179939,-4.0221478e-07,0.004956312,1,-0.7854,-4.1112983e-07,0.0049621867,1,0,0,0.06873835,0.0012736856,0.20686766,67.768092,3249.4408,59.5,0,1.0471976,0,0,nan,nan,2034.832,-86.275521,-2.4091866,-115.50953,-0.00028621411,-20.853957,0.021226862,0,0,0,0,0,0
18.6,777.99873,5.8568406,-3251.9961,48.111269,2.2091666,-50.852623,-0.0002144805,0.9256646,0.0027801092,0.00058073434,-0.055474316,-0.00040211116,-0.26179939,-4.1568341e-07,0.0049657318,1,-0.7854,-4.2196197e-07,0.0049704036,1,0,0,0.069401597,0.0012735946,0.20550291,67.31892,3251.9961,59.5,0,1.0471976,0,0,nan,nan,2007.4165,-85.009884,-2.3834753,-118.58553,-0.00028946411,-30.394881,0.015177295,0,0,0,0,0,0
18.65,780.40134,5.9672423,-3254.5271,47.988304,2.2068133,-50.366717,-0.00021137872,0.92280891,0.0027478646,0.00057247393,-0.05901799,-0.00039918842,-0.26179939,-4.2452402e-07,0.0049727585,1,-0.7854,-4.2828157e-07,0.0049759772,1,0,0,0.069918095,0.0012734737,0.20414387,66.871666,3254.5271,59.5,0,1.0471976,0,0,nan,nan,1980.3125,-83.794576,-2.3561458,-120.55385,-0.00029001336,-37.474053,0.0091025287,0,0,0,0,0,0
18.7,782.7978,6.077527,-3257.0338,47.865007,2.2044866,-49.882689,-0.00020831569,0.9197603,0.0027160176,0.00056423156,-0.063170303,-0.00039679925,-0.26179939,-4.2905011e-07,0.0049769629,1,-0.7854,-4.3049835e-07,0.004978532,1,0,0,0.070264605,0.0012733659,0.20279068,66.426375,3257.0338,59.5,0,1.0471976,0,0,nan,nan,1953.52,-82.633546,-2.3273154,-121.33227,-0.00028814572,-41.897433,0.0037037117,0,0,0,0,0,0
18.75,785.1881,6.1876961,-3259.5163,47.742208,2.2021901,-49.399883,-0.00020530794,0.9164952,0.002684541,0.00055607154,-0.067640753,-0.00039480367,-0.26179939,-4.2983616e-07,0.0049783979,1,-0.7854,-4.2944969e-07,0.0049785283,1,0,0,0.070433787,0.0012733073,0.20144352,65.983105,3259.5163,59.5,0,1.0471976,0,0,nan,nan,1927.0397,-81.526859,-2.2972656,-120.81019,-0.00028424333,-43.486306,-0.00043233836,0,0,0,0,0,0
18.8,787.57229,6.2977512,-3261.9748,47.620725,2.1999273,-48.917645,-0.00020236389,0.91300466,0.0026534134,0.00054804328,-0.072143664,-0.00039310504,-0.26179939,-4.2795012e-07,0.004977409,1,-0.7854,-4.2636993e-07,0.0049762442,1,0,0,0.070433188,0.0012733293,0.20010259,65.541922,3261.9748,59.5,0,1.0471976,0,0,nan,nan,1900.8725,-80.471187,-2.2660514,-119.09269,-0.00027895294,-42.470117,-0.0037866535,0,0,0,0,0,0
18.85,789.95044,6.4076939,-3264.4091,47.501126,2.1976996,-48.435361,-0.00019947863,0.90929275,0.0026226278,0.00054017665,-0.076465434,-0.00039123222,-0.26179939,-4.2486619e-07,0.0049780746,1,-0.7854,-4.2340766e-07,0.0049797022,1,0,0,0.070280464,0.0012734404,0.19876773,65.102774,3264.4091,59.5,0,1.0471976,0,0,nan,nan,1875.0126,-79.76345,-2.2347031,-116.63689,-0.00027308573,-40.082612,-0.0024444182,0,0,0,0,0,0
18.9,792.32267,6.5175262,-3266.8193,47.383791,2.1955108,-47.9525,-0.00019664134,0.90537207,0.002592184,0.0005324686,-0.080449752,-0.00038982207,-0.26179939,-4.2295352e-07,0.0049799098,1,-0.7854,-4.2189312e-07,0.0049799293,1,0,0,0.069999208,0.0012736893,0.19743863,64.665554,3266.8193,59.5,0,1.0471976,0,0,nan,nan,1849.451,-79.1093,-2.1997077,-113.37254,-0.00026788115,-35.941591,-0.0095648977,0,0,0,0,0,0
18.95,794.6891,6.62725,-3269.2053,47.269167,2.1933617,-47.468686,-0.00019387747,0.90126362,0.0025620368,0.00052491142,-0.083934683,-0.00038861776,-0.26179939,-4.2004319e-07,0.0049786027,1,-0.7854,-4.1789113e-07,0.0049775395,1,0,0,0.06962089,0.0012741016,0.19611546,64.230323,3269.2053,59.5,0,1.0471976,0,0,nan,nan,1824.1887,-78.475362,-2.1672046,-109.5682,-0.00026225507,-30.583163,-0.0082522113,0,0,0,0,0,0
19,797.04987,6.7368673,-3271.5671,47.157494,2.1912516,-46.983701,-0.00019117687,0.89699489,0.0025321861,0.00051752356,-0.086825593,-0.00038718595,-0.26179939,-4.1593932e-07,0.0049767923,1,-0.7854,-4.1373938e-07,0.0049758468,1,0,0,0.069179611,0.0012746623,0.19479839,63.797132,3271.5671,59.5,0,1.0471976,0,0,nan,nan,1799.2258,-77.853581,-2.1346749,-105.48663,-0.00025614627,-24.568927,-0.00704492,0,0,0,0,0,0
19.05,799.40512,6.84638,-3273.9046,47.048883,2.1891809,-46.497429,-0.00018852508,0.89259693,0.0025026376,0.00051030379,-0.08907451,-0.00038562946,-0.26179939,-4.1277378e-07,0.004975143,1,-0.7854,-4.114605e-07,0.0049742436,1,0,0,0.068710647,0.0012753705,0.19348754,63.366024,3273.9046,59.5,0,1.0471976,0,0,nan,nan,1774.5619,-77.236267,-2.1024527,-101.31879,-0.00025060941,-18.338865,-0.006090009,0,0,0,0,0,0
19.1,801.75502,6.9557901,-3276.2178,46.943309,2.1871483,-46.009864,-0.0001859128,0.888102,0.002473392,0.0005032287,-0.090682886,-0.00038389866,-0.26179939,-4.1142962e-07,0.0049737802,1,-0.7854,-4.1121457e-07,0.0049732108,1,0,0,0.068247764,0.0012762171,0.19218304,62.937035,3276.2178,59.5,0,1.0471976,0,0,nan,nan,1750.1963,-76.616412,-2.0713086,-97.279625,-0.00024605138,-12.360348,-0.0040646634,0,0,0,0,0,0
19.15,804.09971,7.0650995,-3278.5065,46.840619,2.1851526,-45.521108,-0.00018332869,0.88354118,0.0024444551,0.00049626907,-0.09169725,-0.00038193801,-0.26179939,-4.1215473e-07,0.0049733351,1,-0.7854,-4.1314275e-07,0.0049734122,1,0,0,0.067820928,0.0012771852,0.19088496,62.510193,3278.5065,59.5,0,1.0471976,0,0,nan,nan,1726.1278,-75.988181,-2.0412158,-93.549171,-0.00024255499,-7.0243742,-0.0018167737,0,0,0,0,0,0
19.2,806.43933,7.1743099,-3280.7708,46.74056,2.1831917,-45.031349,-0.00018076245,0.87894233,0.0024158342,0.00048939445,-0.092200335,-0.00037975642,-0.26179939,-4.1501831e-07,0.0049741862,1,-0.7854,-4.1717055e-07,0.004975051,1,0,0,0.067454681,0.0012782569,0.18959336,62.085517,3280.7708,59.5,0,1.0471976,0,0,nan,nan,1702.3546,-75.34717,-2.0122894,-90.264784,-0.00024011275,-2.6287881,0.00043355364,0,0,0,0,0,0
19.25,808.774,7.2834231,-3283.0106,46.642809,2.1812637,-44.540841,-0.00017820606,0.87432847,0.0023875364,0.0004825764,-0.092300896,-0.00037736426,-0.26179939,-4.1982261e-07,0.0049765554,1,-0.7854,-4.2298093e-07,0.0049783248,1,0,0,0.067167108,0.0012794124,0.18830831,61.663024,3283.0106,59.5,0,1.0471976,0,0,nan,nan,1678.8749,-74.690525,-1.9846319,-87.517533,-0.00023859257,0.62945614,0.0026545101,0,0,0,0,0,0
19.3,811.10383,7.3924406,-3285.2259,46.547004,2.1793664,-44.049877,-0.0001756533,0.8697168,0.0023595685,0.00047579108,-0.092123157,-0.00037478327,-0.26179939,-4.2624927e-07,0.0049806093,1,-0.7854,-4.3022223e-07,0.004983345,1,0,0,0.066969361,0.0012806316,0.18702983,61.242725,3285.2259,59.5,0,1.0471976,0,0,nan,nan,1655.6863,-74.016927,-1.9582119,-85.352328,-0.00023781276,2.653883,0.0046367834,0,0,0,0,0,0
19.35,813.42892,7.501364,-3287.4166,46.452773,2.1774976,-43.558769,-0.00017310013,0.86511812,0.0023319366,0.00046902005,-0.091796645,-0.00037205009,-0.26179939,-4.3393188e-07,0.0049863881,1,-0.7854,-4.3850131e-07,0.0049900802,1,0,0,0.066865713,0.0012818955,0.18575796,60.824631,3287.4166,59.5,0,1.0471976,0,0,nan,nan,1632.7868,-73.326486,-1.932963,-83.771198,-0.00023757819,3.4412602,0.0062637079,0,0,0,0,0,0
19.4,815.74932,7.6101945,-3289.5828,46.359757,2.1756554,-43.067821,-0.00017054466,0.86053683,0.0023046449,0.00046225055,-0.091447056,-0.00036920681,-0.26179939,-4.4246343e-07,0.0049938259,1,-0.7854,-4.4739587e-07,0.0049984146,1,0,0,0.066854049,0.0012831874,0.18449273,60.40875,3289.5828,59.5,0,1.0471976,0,0,nan,nan,1610.1738,-72.620542,-1.9087806,-82.738985,-0.000237685,3.0691235,0.0074728012,0,0,0,0,0,0
19.45,818.06509,7.7189336,-3291.7244,46.267632,2.173838,-42.577317,-0.00016798694,0.85597127,0.0022776962,0.00045547558,-0.091188615,-0.00036629853,-0.26179939,-4.5142875e-07,0.0050027754,1,-0.7854,-4.5649502e-07,0.005008158,1,0,0,0.066926726,0.0012844934,0.18323416,59.99509,3291.7244,59.5,0,1.0471976,0,0,nan,nan,1587.8451,-71.901423,-1.8855219,-82.190678,-0.00023793593,1.6797424,0.0082195061,0,0,0,0,0,0
19.5,820.37628,7.8275823,-3293.8415,46.176128,2.1720438,-42.087499,-0.0001654287,0.85141449,0.0022510909,0.00044869355,-0.091118218,-0.00036337069,-0.26179939,-4.6043238e-07,0.0050130196,1,-0.7854,-4.6541991e-07,0.0050190593,1,0,0,0.067071665,0.001285803,0.18198228,59.583663,3293.8415,59.5,0,1.0471976,0,0,nan,nan,1565.7984,-71.172164,-1.8630279,-82.039648,-0.00023815239,-0.53782798,0.0084995543,0,0,0,0,0,0
19.55,822.6829,7.9361419,-3295.9341,46.08503,2.1702719,-41.59856,-0.000162873,0.84685516,0.0022248277,0.00044190757,-0.091311478,-0.00036046564,-0.26179939,-4.6911883e-07,0.005024293,1,-0.7854,-4.7384276e-07,0.0050308322,1,0,0,0.067273605,0.0012871093,0.18073714,59.174479,3295.9341,59.5,0,1.0471976,0,0,nan,nan,1544.0316,-70.436232,-1.8411333,-82.186078,-0.00023818237,-3.3661133,0.0083406911,0,0,0,0,0,0
19.6,824.98497,8.0446134,-3298.0023,45.994194,2.1685212,-41.11064,-0.00016032388,0.84227875,0.0021989032,0.00043512468,-0.091820646,-0.00035762048,-0.26179939,-4.7719119e-07,0.005036304,1,-0.7854,-4.8150355e-07,0.0050431758,1,0,0,0.067515393,0.0012884089,0.17949879,58.767554,3298.0023,59.5,0,1.0471976,0,0,nan,nan,1522.5427,-69.697251,-1.819677,-82.525017,-0.00023790679,-6.5767291,0.0077932894,0,0,0,0,0,0
19.65,827.2825,8.1529978,-3300.0462,45.903537,2.1667914,-40.623818,-0.0001577859,0.83766869,0.0021733124,0.00042835479,-0.092674282,-0.00035486546,-0.26179939,-4.8442389e-07,0.0050487544,1,-0.7854,-4.8821894e-07,0.0050557934,1,0,0,0.067779231,0.0012897015,0.17826727,58.362906,3300.0462,59.5,0,1.0471976,0,0,nan,nan,1501.3298,-68.958773,-1.7985112,-82.953574,-0.00023724304,-9.9460305,0.0069260119,0,0,0,0,0,0
19.7,829.5755,8.2612963,-3302.0657,45.81304,2.165082,-40.138121,-0.00015526382,0.83300752,0.0021480488,0.00042160969,-0.093878425,-0.00035222299,-0.26179939,-4.9066925e-07,0.0050613577,1,-0.7854,-4.9388564e-07,0.0050684097,1,0,0,0.068047817,0.0012909899,0.17704267,57.960558,3302.0657,59.5,0,1.0471976,0,0,nan,nan,1480.3913,-68.224072,-1.7775086,-83.376956,-0.00023614533,-13.268188,0.0058186007,0,0,0,0,0,0
19.75,831.86399,8.3695098,-3304.061,45.722738,2.163393,-39.653522,-0.00015276223,0.82827797,0.0021231051,0.00041490195,-0.095418983,-0.00034970724,-0.26179939,-4.9585849e-07,0.0050738552,1,-0.7854,-4.9847842e-07,0.0050807848,1,0,0,0.068305315,0.0012922789,0.17582506,57.560537,3304.061,59.5,0,1.0471976,0,0,nan,nan,1459.7258,-67.495996,-1.756567,-83.713108,-0.00023460287,-16.365263,0.0045549795,0,0,0,0,0,0
19.8,834.14796,8.4776393,-3306.032,45.632709,2.1617246,-39.169953,-0.00015028527,0.8234639,0.0020984732,0.00040824405,-0.097265008,-0.00034732442,-0.26179939,-4.9999765e-07,0.0050860274,1,-0.7854,-5.020433e-07,0.0050927238,1,0,0,0.068538114,0.0012935752,0.17461454,57.162871,3306.032,59.5,0,1.0471976,0,0,nan,nan,1439.332,-66.776862,-1.7356115,-83.895921,-0.00023263587,-19.094122,0.0032176233,0,0,0,0,0,0
19.85,836.42744,8.5856859,-3307.979,45.543065,2.160077,-38.687313,-0.00014783643,0.81855105,0.0020741444,0.0004016475,-0.099372551,-0.00034507344,-0.26179939,-5.031591e-07,0.0050977024,1,-0.7854,-5.0468686e-07,0.0051040833,1,0,0,0.068735372,0.0012948863,0.17341121,56.767597,3307.979,59.5,0,1.0471976,0,0,nan,nan,1419.2088,-66.068397,-1.7145953,-83.877003,-0.00023029018,-21.350246,0.0018826802,0,0,0,0,0,0
19.9,838.70246,8.6936506,-3309.9017,45.453941,2.1584505,-38.205474,-0.00014541838,0.81352758,0.0020501106,0.00039512223,-0.10168875,-0.0003429469,-0.26179939,-5.054697e-07,0.0051087606,1,-0.7854,-5.0656286e-07,0.0051147734,1,0,0,0.068889334,0.0012962203,0.17221519,56.374752,3309.9017,59.5,0,1.0471976,0,0,nan,nan,1399.3554,-65.37173,-1.6934984,-83.626144,-0.00022763085,-23.068698,0.0006162577,0,0,0,0,0,0
19.95,840.97303,8.8015345,-3311.8005,45.365483,2.1568455,-37.724296,-0.00014303288,0.80838443,0.0020263635,0.00038867616,-0.10415589,-0.00034093239,-0.26179939,-5.0709676e-07,0.0051191356,1,-0.7854,-5.0785726e-07,0.0051247571,1,0,0,0.068995429,0.0012975853,0.17102661,55.984376,3311.8005,59.5,0,1.0471976,0,0,nan,nan,1379.7708,-64.687408,-1.6723251,-83.130645,-0.0002247354,-24.222617,-0.00052802384,0,0,0,0,0,0
20,843.23919,8.9093387,-3313.6751,45.277837,2.1552622,-37.243633,-0.00014068084,0.80311548,0.0020028957,0.00038231486,-0.10671525,-0.00033901383,-0.26179939,-5.0823295e-07,0.0051288119,1,-0.7854,-5.0877285e-07,0.0051340463,1,0,0,0.069052184,0.0012989886,0.16984561,55.596512,3313.6751,59.5,0,1.0471976,0,0,nan,nan,1360.4544,-64.015457,-1.6511005,-82.393724,-0.00022168712,-24.819723,-0.0015103327,0,0,0,0,0,0
20.05,845.501,9.0170643,-3315.5258,45.191141,2.153701,-36.763345,-0.00013836231,0.79771746,0.0019797004,0.00037604156,-0.10931042,-0.00033717282,-0.26179939,-5.0908129e-07,0.0051378202,1,-0.7854,-5.0951453e-07,0.0051426959,1,0,0,0.069060975,0.0013004365,0.16867231,55.211205,3315.5258,59.5,0,1.0471976,0,0,nan,nan,1341.4054,-63.355452,-1.629866,-81.432242,-0.00021856896,-24.89733,-0.002304882,0,0,0,0,0,0
20.1,847.7585,9.1247123,-3317.3524,45.105518,2.152162,-36.283299,-0.00013607658,0.79218987,0.0019567715,0.00036985717,-0.11189012,-0.00033539001,-0.26179939,-5.0984121e-07,0.0051462304,1,-0.7854,-5.1027627e-07,0.005150796,1,0,0,0.069025645,0.0013019343,0.16750686,54.828501,3317.3524,59.5,0,1.0471976,0,0,nan,nan,1322.6231,-62.706612,-1.6086751,-80.273974,-0.00021545828,-24.516413,-0.0028993057,0,0,0,0,0,0
20.15,850.01174,9.2322839,-3319.1551,45.021072,2.1506454,-35.803383,-0.00013382237,0.78653455,0.0019341041,0.00036376052,-0.11441035,-0.00033364622,-0.26179939,-5.1069651e-07,0.0051541439,1,-0.7854,-5.1123032e-07,0.0051584629,1,0,0,0.06895204,0.0013034854,0.1663494,54.448446,3319.1551,59.5,0,1.0471976,0,0,nan,nan,1304.1069,-62.067893,-1.5875886,-78.954669,-0.00021242277,-23.75518,-0.0032933574,0,0,0,0,0,0
20.2,852.26079,9.3397802,-3320.9337,44.93788,2.149151,-35.323504,-0.00013159789,0.78075536,0.0019116937,0.00035774868,-0.11683587,-0.00033192344,-0.26179939,-5.1180579e-07,0.0051616844,1,-0.7854,-5.125191e-07,0.0051658306,1,0,0,0.068847494,0.0013050919,0.16520008,54.071085,3320.9337,59.5,0,1.0471976,0,0,nan,nan,1285.8559,-61.438089,-1.5666703,-77.515082,-0.00020951751,-22.702625,-0.0034971309,0,0,0,0,0,0
20.25,854.50572,9.4472023,-3322.6884,44.855995,2.1476787,-34.843594,-0.00012940108,0.7748577,0.0018895371,0.00035181735,-0.11914096,-0.0003302056,-0.26179939,-5.1329577e-07,0.0051689891,1,-0.7854,-5.1425014e-07,0.0051730412,1,0,0,0.068720292,0.0013067542,0.16405902,53.696463,3322.6884,59.5,0,1.0471976,0,0,nan,nan,1267.8694,-60.815921,-1.5459836,-75.998154,-0.00020678338,-21.452394,-0.0035289913,0,0,0,0,0,0
20.3,856.74658,9.5545514,-3324.4191,44.775444,2.1462283,-34.363609,-0.00012722971,0.76884801,0.0018676314,0.00034596127,-0.12130971,-0.00032847915,-0.26179939,-5.1525733e-07,0.0051761997,1,-0.7854,-5.1649371e-07,0.005180237,1,0,0,0.068579148,0.0013084711,0.16292639,53.324627,3324.4191,59.5,0,1.0471976,0,0,nan,nan,1250.1464,-60.200124,-1.5255874,-74.446476,-0.00020424657,-20.097277,-0.0034133876,0,0,0,0,0,0
20.35,858.98344,9.6618284,-3326.1257,44.69623,2.1447995,-33.88353,-0.00012508153,0.76273331,0.0018459745,0.0003401746,-0.12333561,-0.00032673339,-0.26179939,-5.1774442e-07,0.0051834548,1,-0.7854,-5.1928322e-07,0.0051875528,1,0,0,0.068432723,0.00131024,0.1618023,52.95562,3326.1257,59.5,0,1.0471976,0,0,nan,nan,1232.6861,-59.589514,-1.5055342,-72.900127,-0.00020191915,-18.724515,-0.003178687,0,0,0,0,0,0
20.4,861.21638,9.7690345,-3327.8084,44.618333,2.1433918,-33.403358,-0.00012295442,0.75652071,0.0018245648,0.00033445138,-0.12522081,-0.00032496061,-0.26179939,-5.207753e-07,0.0051908829,1,-0.7854,-5.2261763e-07,0.0051951098,1,0,0,0.0682892,0.0013120573,0.16068689,52.589484,3327.8084,59.5,0,1.0471976,0,0,nan,nan,1215.4873,-58.983046,-1.4858678,-71.394946,-0.00019980036,-17.412064,-0.0028551438,0,0,0,0,0,0
20.45,863.44545,9.8761707,-3329.467,44.541715,2.1420047,-32.92312,-0.00012084644,0.75021705,0.0018034009,0.00032878579,-0.12697502,-0.00032315606,-0.26179939,-5.2433576e-07,0.0051985968,1,-0.7854,-5.2646573e-07,0.0052030108,1,0,0,0.068155936,0.001313918,0.15958029,52.226264,3329.467,59.5,0,1.0471976,0,0,nan,nan,1198.5492,-58.379856,-1.4666221,-69.961264,-0.00019787856,-16.225848,-0.0024730866,0,0,0,0,0,0
20.5,865.67072,9.9832381,-3331.1016,44.466325,2.1406376,-32.442854,-0.00011875594,0.74382852,0.0017824818,0.00032317248,-0.12861412,-0.00032131782,-0.26179939,-5.2838388e-07,0.0052066893,1,-0.7854,-5.307715e-07,0.0052113363,1,0,0,0.068039186,0.0013158166,0.15848265,51.866001,3331.1016,59.5,0,1.0471976,0,0,nan,nan,1181.8704,-57.779283,-1.4478206,-68.623099,-0.00019613353,-15.218022,-0.0020613789,0,0,0,0,0,0
20.55,867.89225,10.090238,-3332.7123,44.392098,2.1392901,-31.962617,-0.00011668156,0.7373604,0.0017618063,0.00031760676,-0.13015871,-0.00031944644,-0.26179939,-5.3285566e-07,0.0052152304,1,-0.7854,-5.3546027e-07,0.0052201431,1,0,0,0.067943924,0.0013177469,0.15739407,51.508736,3332.7123,59.5,0,1.0471976,0,0,nan,nan,1165.4498,-57.180884,-1.4294763,-67.397771,-0.00019453882,-14.426158,-0.0016461867,0,0,0,0,0,0
20.6,870.1101,10.19717,-3334.2989,44.318965,2.1379615,-31.48247,-0.00011462232,0.73081684,0.0017413734,0.00031208476,-0.13163258,-0.00031754462,-0.26179939,-5.3767127e-07,0.0052242657,1,-0.7854,-5.4044499e-07,0.0052294632,1,0,0,0.067873736,0.0013197026,0.15631469,51.15451,3334.2989,59.5,0,1.0471976,0,0,nan,nan,1149.2862,-56.584433,-1.4115925,-66.295907,-0.00019306426,-13.873266,-0.0012500638,0,0,0,0,0,0
20.65,872.32431,10.304037,-3335.8615,44.246852,2.1366512,-31.002485,-0.00011257754,0.72420079,0.0017211818,0.00030660348,-0.13306122,-0.00031561676,-0.26179939,-5.4274122e-07,0.0052338165,1,-0.7854,-5.4563242e-07,0.0052393042,1,0,0,0.067830793,0.001321677,0.15524464,50.803364,3335.8615,59.5,0,1.0471976,0,0,nan,nan,1133.3783,-55.989911,-1.394163,-65.321771,-0.00019167813,-13.568529,-0.00089134909,0,0,0,0,0,0
20.7,874.53494,10.410838,-3337.4001,44.175687,2.1353586,-30.522732,-0.00011054687,0.71751388,0.0017012304,0.00030116083,-0.13447042,-0.00031366852,-0.26179939,-5.4797235e-07,0.0052438805,1,-0.7854,-5.5092883e-07,0.005249651,1,0,0,0.067815897,0.0013236638,0.15418404,50.45534,3337.4001,59.5,0,1.0471976,0,0,nan,nan,1117.7249,-55.397481,-1.3771744,-64.473855,-0.0001903492,-13.5086,-0.00058385717,0,0,0,0,0,0
20.75,876.74204,10.517575,-3338.9147,44.105402,2.1340832,-30.043282,-0.00010853024,0.71075648,0.0016815173,0.0002957556,-0.13588508,-0.00031170637,-0.26179939,-5.5327313e-07,0.0052544338,1,-0.7854,-5.5624492e-07,0.0052604683,1,0,0,0.06782858,0.0013256568,0.15313302,50.110478,3338.9147,59.5,0,1.0471976,0,0,nan,nan,1102.3247,-54.807468,-1.3606064,-63.745666,-0.00018904831,-13.679311,-0.00033683116,0,0,0,0,0,0
20.8,878.94564,10.624249,-3340.4054,44.035933,2.1328245,-29.5642,-0.00010652782,0.70392775,0.0016620407,0.00029038735,-0.13732815,-0.00030973715,-0.26179939,-5.5855825e-07,0.0052654332,1,-0.7854,-5.6149992e-07,0.005271703,1,0,0,0.067867247,0.0013276501,0.1520917,49.76882,3340.4054,59.5,0,1.0471976,0,0,nan,nan,1087.1764,-54.220329,-1.3444342,-63.12663,-0.00018774969,-14.057664,-0.00015512067,0,0,0,0,0,0
20.85,881.14578,10.730861,-3341.8721,43.967226,2.131582,-29.085544,-0.00010453996,0.69702578,0.0016427984,0.00028505631,-0.13881985,-0.00030776771,-0.26179939,-5.6375225e-07,0.0052768199,1,-0.7854,-5.6662472e-07,0.0052832885,1,0,0,0.067929362,0.0013296387,0.15106023,49.430409,3341.8721,59.5,0,1.0471976,0,0,nan,nan,1072.2786,-53.636614,-1.3286295,-62.603073,-0.00018643184,-14.61395,-3.9542057e-05,0,0,0,0,0,0
20.9,883.34251,10.83741,-3343.3149,43.899233,2.1303552,-28.607365,-0.00010256714,0.69004772,0.0016237879,0.00027976327,-0.14037702,-0.00030580455,-0.26179939,-5.6879222e-07,0.0052885226,1,-0.7854,-5.7156396e-07,0.0052951473,1,0,0,0.068011646,0.0013316176,0.15003873,49.095286,3343.3149,59.5,0,1.0471976,0,0,nan,nan,1057.6302,-53.056944,-1.3131623,-62.159202,-0.00018507808,-15.313892,1.2623507e-05,0,0,0,0,0,0
20.95,885.53585,10.943899,-3344.7338,43.831919,2.1291439,-28.129702,-0.00010060995,0.68298995,0.0016050066,0.00027450943,-0.14201282,-0.00030385355,-0.26179939,-5.7362945e-07,0.0053004613,1,-0.7854,-5.762772e-07,0.0053071956,1,0,0,0.068110289,0.0013335826,0.14902733,48.763497,3344.7338,59.5,0,1.0471976,0,0,nan,nan,1043.2299,-52.481972,-1.2980019,-61.77805,-0.00018367673,-16.120698,7.0384705e-06,0,0,0,0,0,0
21,887.72585,11.050327,-3346.1288,43.765256,2.1279476,-27.652586,-9.8668968e-05,0.67584832,0.0015864514,0.00026929625,-0.14373651,-0.00030191979,-0.26179939,-5.7823024e-07,0.0053125509,1,-0.7854,-5.8073916e-07,0.0053193464,1,0,0,0.068221156,0.0013355301,0.14802618,48.435085,3346.1288,59.5,0,1.0471976,0,0,nan,nan,1029.0764,-51.91236,-1.2831187,-61.442345,-0.00018222103,-16.996948,-4.8334092e-05,0,0,0,0,0,0
21.05,889.91252,11.156696,-3347.5,43.699226,2.126766,-27.176034,-9.674479e-05,0.66861828,0.0015681191,0.00026412532,-0.1455535,-0.00030000735,-0.26179939,-5.825758e-07,0.0053247045,1,-0.7854,-5.8493926e-07,0.0053315126,1,0,0,0.068339996,0.0013374569,0.14703542,48.110097,3347.5,59.5,0,1.0471976,0,0,nan,nan,1015.1686,-51.348753,-1.2684847,-61.135276,-0.00018070878,-17.906256,-0.00014388696,0,0,0,0,0,0
21.1,892.09591,11.263006,-3348.8474,43.633821,2.125599,-26.700055,-9.4837949e-05,0.66129511,0.0015500063,0.00025899822,-0.1474655,-0.00029811927,-0.26179939,-5.8666141e-07,0.0053368367,1,-0.7854,-5.8888035e-07,0.0053436105,1,0,0,0.068462616,0.0013393603,0.14605519,47.788581,3348.8474,59.5,0,1.0471976,0,0,nan,nan,1001.5054,-50.791757,-1.2540747,-60.841135,-0.0001791419,-18.814661,-0.00026900598,0,0,0,0,0,0
21.15,894.27604,11.369259,-3350.171,43.569038,2.1244463,-26.224647,-9.2948897e-05,0.65387409,0.0015321098,0.00025391646,-0.14947086,-0.00029625749,-0.26179939,-5.9049504e-07,0.0053488662,1,-0.7854,-5.9257701e-07,0.0053555615,1,0,0,0.068585045,0.001341238,0.14508564,47.470584,3350.171,59.5,0,1.0471976,0,0,nan,nan,988.08555,-50.241923,-1.2398666,-60.545827,-0.00017752569,-19.691726,-0.00041266139,0,0,0,0,0,0
21.2,896.45295,11.475454,-3351.4708,43.504883,2.1233076,-25.749799,-9.1077987e-05,0.64635064,0.0015144258,0.00024888133,-0.15156497,-0.0002944229,-0.26179939,-5.9409545e-07,0.0053607179,1,-0.7854,-5.9605346e-07,0.0053672949,1,0,0,0.068703668,0.0013430878,0.14412693,47.156157,3351.4708,59.5,0,1.0471976,0,0,nan,nan,974.90803,-49.699739,-1.2258421,-60.23724,-0.00017586817,-20.511345,-0.00056393295,0,0,0,0,0,0
21.25,898.62667,11.581592,-3352.7469,43.441366,2.1221829,-25.275494,-8.9225449e-05,0.6387205,0.0014969509,0.00024389387,-0.15374074,-0.0002926154,-0.26179939,-5.9748998e-07,0.0053723248,1,-0.7854,-5.9934125e-07,0.0053787484,1,0,0,0.068815331,0.0013449081,0.14317922,46.845351,3352.7469,59.5,0,1.0471976,0,0,nan,nan,961.97177,-49.165616,-1.2119864,-59.905488,-0.00017417927,-21.25226,-0.00071245524,0,0,0,0,0,0
21.3,900.79723,11.687674,-3353.9993,43.378501,2.1210719,-24.801707,-8.7391395e-05,0.63097978,0.0014796816,0.00023895484,-0.15598911,-0.00029083398,-0.26179939,-6.007122e-07,0.0053836294,1,-0.7854,-6.0247678e-07,0.0053898698,1,0,0,0.068917411,0.001346697,0.14224266,46.538217,3353.9993,59.5,0,1.0471976,0,0,nan,nan,949.27577,-48.639891,-1.1982889,-59.543026,-0.00017247012,-21.898307,-0.00084877514,0,0,0,0,0,0
21.35,902.96466,11.793701,-3355.2281,43.316305,2.1199746,-24.328408,-8.5575811e-05,0.6231251,0.0014626144,0.00023406464,-0.15829959,-0.00028907686,-0.26179939,-6.0379948e-07,0.0053945838,1,-0.7854,-6.0549891e-07,0.0054006171,1,0,0,0.069007867,0.0013484529,0.14131742,46.23481,3355.2281,59.5,0,1.0471976,0,0,nan,nan,936.81904,-48.12282,-1.1847426,-59.144657,-0.00017075231,-22.438428,-0.00096461937,0,0,0,0,0,0
21.4,905.12899,11.899674,-3356.4331,43.254796,2.1188907,-23.855566,-8.3778567e-05,0.61515364,0.0014457459,0.00022922338,-0.16066079,-0.00028734162,-0.26179939,-6.0679069e-07,0.0054051505,1,-0.7854,-6.0844673e-07,0.0054109584,1,0,0,0.069085254,0.0013501741,0.14040367,45.935184,3356.4331,59.5,0,1.0471976,0,0,nan,nan,924.60061,-47.61459,-1.171344,-58.707446,-0.00016903728,-22.866473,-0.0010530742,0,0,0,0,0,0
21.45,907.29027,12.005593,-3357.6146,43.193991,2.1178203,-23.383147,-8.1999431e-05,0.60706314,0.0014290728,0.00022443081,-0.16306092,-0.00028562534,-0.26179939,-6.0972399e-07,0.0054153018,1,-0.7854,-6.113575e-07,0.0054208713,1,0,0,0.069148718,0.0013518585,0.13950159,45.639395,3357.6146,59.5,0,1.0471976,0,0,nan,nan,912.61957,-47.115314,-1.1580926,-58.230548,-0.00016733576,-23.180834,-0.0011086831,0,0,0,0,0,0
21.5,909.44852,12.111459,-3358.7724,43.13391,2.1167631,-22.911116,-8.0238078e-05,0.59885192,0.0014125921,0.00021968643,-0.16548821,-0.00028392478,-0.26179939,-6.12635e-07,0.0054250195,1,-0.7854,-6.1426491e-07,0.0054303428,1,0,0,0.069197966,0.0013535041,0.13861133,45.3475,3358.7724,59.5,0,1.0471976,0,0,nan,nan,900.87499,-46.625048,-1.1449907,-57.714988,-0.00016565736,-23.383951,-0.0011274714,0,0,0,0,0,0
21.55,911.60379,12.217272,-3359.9066,43.074566,2.1157189,-22.439438,-7.8494113e-05,0.59051892,0.0013963007,0.00021498946,-0.16793133,-0.00028223647,-0.26179939,-6.1555514e-07,0.0054342937,1,-0.7854,-6.1719772e-07,0.0054393672,1,0,0,0.06923322,0.0013551086,0.13773309,45.059555,3359.9066,59.5,0,1.0471976,0,0,nan,nan,889.36601,-46.143793,-1.1320426,-57.163387,-0.00016401021,-23.481728,-0.0011069076,0,0,0,0,0,0
21.6,913.75611,12.323033,-3361.0173,43.015975,2.1146877,-21.968083,-7.6767088e-05,0.58206359,0.0013801959,0.0002103389,-0.17037973,-0.00028055687,-0.26179939,-6.1851045e-07,0.0054431217,1,-0.7854,-6.2017866e-07,0.0054479459,1,0,0,0.069255157,0.0013566693,0.13686704,44.77562,3361.0173,59.5,0,1.0471976,0,0,nan,nan,878.09173,-45.671508,-1.1192546,-56.579673,-0.00016240079,-23.482886,-0.0010458138,0,0,0,0,0,0
21.65,915.90552,12.428743,-3362.1044,42.958146,2.1136693,-21.497021,-7.5056521e-05,0.57348591,0.0013642748,0.00020573364,-0.17282386,-0.00027888249,-0.26179939,-6.2152073e-07,0.0054515071,1,-0.7854,-6.2322386e-07,0.0054560851,1,0,0,0.069264832,0.0013581831,0.13601337,44.495752,3362.1044,59.5,0,1.0471976,0,0,nan,nan,867.0513,-45.208119,-1.1066337,-55.968768,-0.00016083377,-23.3983,-0.00094423558,0,0,0,0,0,0
21.7,918.05205,12.534402,-3363.1679,42.901088,2.1126635,-21.026226,-7.3361912e-05,0.56478629,0.0013485351,0.0002011724,-0.17525538,-0.00027720999,-0.26179939,-6.2459898e-07,0.0054594578,1,-0.7854,-6.2634246e-07,0.0054637952,1,0,0,0.06926361,0.0013596467,0.13517224,44.220013,3363.1679,59.5,0,1.0471976,0,0,nan,nan,856.24388,-44.753526,-1.0941882,-55.33629,-0.00015931205,-23.240341,-0.00080328392,0,0,0,0,0,0
21.75,920.19575,12.640011,-3364.2079,42.844805,2.1116701,-20.555675,-7.1682768e-05,0.55596554,0.0013329743,0.00019665388,-0.17766732,-0.00027553625,-0.26179939,-6.2775131e-07,0.005466985,1,-0.7854,-6.295367e-07,0.0054710885,1,0,0,0.069253074,0.0013610563,0.13434386,43.94846,3364.2079,59.5,0,1.0471976,0,0,nan,nan,845.66861,-44.307619,-1.0819262,-54.688262,-0.00015783681,-23.022242,-0.00062495923,0,0,0,0,0,0
21.8,922.33666,12.745571,-3365.2244,42.7893,2.110689,-20.085351,-7.0018608e-05,0.54702478,0.0013175902,0.00019217675,-0.18005407,-0.00027385843,-0.26179939,-6.3097701e-07,0.0054741014,1,-0.7854,-6.3280217e-07,0.0054779785,1,0,0,0.069234955,0.0013624078,0.13352841,43.681155,3365.2244,59.5,0,1.0471976,0,0,nan,nan,835.32467,-43.870279,-1.0698558,-54.030842,-0.00015640762,-22.757517,-0.00041196676,0,0,0,0,0,0
21.85,924.47481,12.851082,-3366.2174,42.73457,2.1097199,-19.615238,-6.8368985e-05,0.53796537,0.0013023805,0.00018773974,-0.18241145,-0.00027217406,-0.26179939,-6.3426906e-07,0.0054808202,1,-0.7854,-6.3612843e-07,0.0054844781,1,0,0,0.069211043,0.0013636968,0.13272606,43.418159,3366.2174,59.5,0,1.0471976,0,0,nan,nan,825.21123,-43.44139,-1.0579848,-53.370084,-0.00015502267,-22.459443,-0.00016753218,0,0,0,0,0,0
21.9,926.61024,12.956545,-3367.1869,42.680611,2.1087627,-19.145328,-6.673349e-05,0.52878885,0.0012873433,0.00018334161,-0.18473662,-0.000270481,-0.26179939,-6.3761466e-07,0.0054871536,1,-0.7854,-6.3949969e-07,0.0054905986,1,0,0,0.069183127,0.0013649184,0.13193702,43.159531,3367.1869,59.5,0,1.0471976,0,0,nan,nan,815.32744,-43.020846,-1.0463199,-52.711732,-0.00015367897,-22.140614,0.00010477619,0,0,0,0,0,0
21.95,928.74299,13.061961,-3368.1329,42.627417,2.1078171,-18.675614,-6.5111764e-05,0.51949688,0.0012724767,0.00017898124,-0.187028,-0.00026877752,-0.26179939,-6.4099611e-07,0.0054931117,1,-0.7854,-6.428957e-07,0.0054963487,1,0,0,0.06915292,0.0013660676,0.13116146,42.905333,3368.1329,59.5,0,1.0471976,0,0,nan,nan,805.67249,-42.608551,-1.034867,-52.061053,-0.00015237258,-21.812572,0.00040121273,0,0,0,0,0,0
22,930.8731,13.167329,-3369.0554,42.574979,2.1068828,-18.206094,-6.35035e-05,0.51009117,0.0012577786,0.00017465763,-0.18928516,-0.00026706224,-0.26179939,-6.4439166e-07,0.0054987016,1,-0.7854,-6.4629271e-07,0.0055017338,1,0,0,0.069122007,0.0013671389,0.13039957,42.655625,3369.0554,59.5,0,1.0471976,0,0,nan,nan,796.24556,-42.204431,-1.023631,-51.4227,-0.00015109891,-21.485522,0.00071800348,0,0,0,0,0,0
22.05,933.0006,13.272651,-3369.9545,42.523286,2.1059597,-17.736769,-6.1908448e-05,0.50057341,0.0012432473,0.00017036991,-0.19150864,-0.00026533416,-0.26179939,-6.477765e-07,0.0055039267,1,-0.7854,-6.4966448e-07,0.0055067547,1,0,0,0.069091798,0.0013681267,0.12965153,42.410468,3369.9545,59.5,0,1.0471976,0,0,nan,nan,787.04581,-41.808431,-1.0126151,-50.800621,-0.00014985292,-21.168124,0.0010514757,0,0,0,0,0,0
22.1,935.12554,13.377927,-3370.83,42.472327,2.1050476,-17.267641,-6.0326413e-05,0.49094526,0.001228881,0.00016611738,-0.19369981,-0.00026359262,-0.26179939,-6.5112374e-07,0.0055087859,1,-0.7854,-6.5298319e-07,0.0055114079,1,0,0,0.069063491,0.0013690252,0.12891755,42.169923,3370.83,59.5,0,1.0471976,0,0,nan,nan,778.07244,-41.420519,-1.0018215,-50.197993,-0.00014862934,-20.867366,0.0013981666,0,0,0,0,0,0
22.15,937.24795,13.483158,-3371.6822,42.422088,2.1041461,-16.798716,-5.8757255e-05,0.48120828,0.0012146779,0.00016189946,-0.1958607,-0.00026183726,-0.26179939,-6.5440534e-07,0.0055132734,1,-0.7854,-6.5622041e-07,0.0055156848,1,0,0,0.069038044,0.0013698284,0.1281978,41.93405,3371.6822,59.5,0,1.0471976,0,0,nan,nan,769.32461,-41.040686,-0.99125105,-49.617197,-0.00014742296,-20.588499,0.0017549096,0,0,0,0,0,0
22.2,939.36786,13.588344,-3372.5108,42.372556,2.1032551,-16.330001,-5.7200884e-05,0.47136394,0.0012006362,0.00015771573,-0.19799377,-0.00026006798,-0.26179939,-6.5759302e-07,0.0055173784,1,-0.7854,-6.5934796e-07,0.0055195719,1,0,0,0.06901616,0.0013705302,0.12749246,41.70291,3372.5108,59.5,0,1.0471976,0,0,nan,nan,760.80152,-40.668948,-0.9809032,-49.059817,-0.0001462287,-20.33504,0.0021188999,0,0,0,0,0,0
22.25,941.48531,13.693485,-3373.3161,42.323718,2.1023742,-15.861506,-5.5657259e-05,0.46141356,0.0011867542,0.00015356591,-0.20010177,-0.00025828493,-0.26179939,-6.6065904e-07,0.0055210851,1,-0.7854,-6.6233858e-07,0.0055230504,1,0,0,0.06899828,0.0013711244,0.12680172,41.476562,3373.3161,59.5,0,1.0471976,0,0,nan,nan,752.50236,-40.305344,-0.97077623,-48.526667,-0.00014504186,-20.108831,0.0024877381,0,0,0,0,0,0
22.3,943.60034,13.798583,-3374.0979,42.27556,2.1015034,-15.393237,-5.4126378e-05,0.45135833,0.0011730302,0.00014944985,-0.20218757,-0.00025648841,-0.26179939,-6.6357688e-07,0.0055243728,1,-0.7854,-6.651666e-07,0.005526097,1,0,0,0.06898458,0.0013716049,0.12612577,41.255067,3374.0979,59.5,0,1.0471976,0,0,nan,nan,744.4263,-39.949931,-0.96086733,-48.017834,-0.00014385817,-19.91014,0.0028594557,0,0,0,0,0,0
22.35,945.71298,13.903637,-3374.8564,42.228069,2.1006423,-14.925205,-5.2608273e-05,0.44119928,0.0011594623,0.00014536752,-0.204254,-0.00025467889,-0.26179939,-6.6632181e-07,0.005527216,1,-0.7854,-6.6780843e-07,0.0055286837,1,0,0,0.068974986,0.0013719655,0.12546479,41.038484,3374.8564,59.5,0,1.0471976,0,0,nan,nan,736.57256,-39.602789,-0.95117268,-47.532745,-0.00014267388,-19.737799,0.0032325216,0,0,0,0,0,0
22.4,947.82325,14.008649,-3375.5914,42.181233,2.0997908,-14.457418,-5.1103005e-05,0.43093732,0.0011460487,0.00014131897,-0.20630369,-0.00025285692,-0.26179939,-6.688713e-07,0.0055295851,1,-0.7854,-6.7024285e-07,0.0055307786,1,0,0,0.068969187,0.0013721999,0.12481896,40.826871,3375.5914,59.5,0,1.0471976,0,0,nan,nan,728.94034,-39.264013,-0.94168762,-47.070242,-0.00014148585,-19.58937,0.0036058339,0,0,0,0,0,0
22.45,949.9312,14.113618,-3376.303,42.135039,2.0989486,-13.989882,-4.9610658e-05,0.42057324,0.0011327877,0.00013730435,-0.20833897,-0.00025102309,-0.26179939,-6.7120534e-07,0.0055314466,1,-0.7854,-6.7245131e-07,0.0055323463,1,0,0,0.068966653,0.0013723022,0.12418845,40.620288,3376.303,59.5,0,1.0471976,0,0,nan,nan,721.52885,-38.933711,-0.93240681,-46.628664,-0.00014029156,-19.461329,0.003978699,0,0,0,0,0,0
22.5,952.03686,14.218546,-3376.9913,42.089477,2.0981155,-13.522605,-4.8131329e-05,0.41010769,0.0011196774,0.00013332386,-0.21036173,-0.00024917804,-0.26179939,-6.7330656e-07,0.005532764,1,-0.7854,-6.7441796e-07,0.0055333486,1,0,0,0.068966668,0.0013722662,0.12357346,40.418792,3376.9913,59.5,0,1.0471976,0,0,nan,nan,714.33731,-38.612004,-0.92332437,-46.205942,-0.00013908905,-19.349264,0.0043507991,0,0,0,0,0,0
22.55,954.14025,14.323432,-3377.6562,42.044537,2.0972913,-13.055591,-4.6665126e-05,0.39954128,0.001106716,0.00012937776,-0.21237341,-0.00024732237,-0.26179939,-6.7516031e-07,0.0055334979,1,-0.7854,-6.7612967e-07,0.0055337449,1,0,0,0.068968352,0.0013720862,0.12297414,40.222441,3377.6562,59.5,0,1.0471976,0,0,nan,nan,707.36496,-38.29902,-0.91443404,-45.799687,-0.00013787697,-19.248072,0.0047221517,0,0,0,0,0,0
22.6,956.24141,14.428277,-3378.2978,42.00021,2.0964759,-12.588842,-4.5212163e-05,0.38887453,0.0010939016,0.00012546634,-0.21437485,-0.00024545663,-0.26179939,-6.767546e-07,0.0055336072,1,-0.7854,-6.7757589e-07,0.0055334931,1,0,0,0.068970695,0.0013717565,0.12239069,40.031291,3378.2978,59.5,0,1.0471976,0,0,nan,nan,700.61102,-37.994891,-0.90572934,-45.407281,-0.00013665449,-19.152158,0.0050930634,0,0,0,0,0,0
22.65,958.34037,14.533081,-3378.9161,41.956489,2.095669,-12.12236,-4.3772551e-05,0.37810795,0.0010812324,0.00012158988,-0.21636632,-0.00024358134,-0.26179939,-6.7807994e-07,0.0055330494,1,-0.7854,-6.7874846e-07,0.0055325502,1,0,0,0.068972591,0.0013712714,0.12182326,39.845399,3378.9161,59.5,0,1.0471976,0,0,nan,nan,694.07477,-37.699755,-0.89720369,-45.025965,-0.00013542127,-19.055624,0.0054640793,0,0,0,0,0,0
22.7,960.43716,14.637845,-3379.511,41.913365,2.0948704,-11.656143,-4.2346399e-05,0.36724205,0.0010687064,0.00011774871,-0.21834745,-0.00024169689,-0.26179939,-6.7912907e-07,0.0055317815,1,-0.7854,-6.7964134e-07,0.0055308731,1,0,0,0.068972864,0.0013706256,0.12127204,39.664819,3379.511,59.5,0,1.0471976,0,0,nan,nan,687.75545,-37.413747,-0.88885056,-44.652924,-0.00013417734,-18.952448,0.0058359313,0,0,0,0,0,0
22.75,962.5318,14.74257,-3380.0826,41.870832,2.09408,-11.190188,-4.0933812e-05,0.35627735,0.0010563218,0.00011394313,-0.22031724,-0.00023980359,-0.26179939,-6.7989676e-07,0.0055297607,1,-0.7854,-6.802503e-07,0.0055284191,1,0,0,0.068970309,0.0013698139,0.12073719,39.489607,3380.0826,59.5,0,1.0471976,0,0,nan,nan,681.65236,-37.137,-0.88066356,-44.285356,-0.00013292307,-18.836642,0.0062094852,0,0,0,0,0,0
22.8,964.62434,14.847255,-3380.6309,41.828885,2.0932977,-10.724491,-3.9534883e-05,0.34521446,0.0010440766,0.00011017341,-0.22227408,-0.00023790165,-0.26179939,-6.8037938e-07,0.0055269445,1,-0.7854,-6.8057256e-07,0.0055251465,1,0,0,0.068963714,0.0013688313,0.12021887,39.319817,3380.6309,59.5,0,1.0471976,0,0,nan,nan,675.76479,-36.869644,-0.87263658,-43.920543,-0.00013165908,-18.702406,0.0065856905,0,0,0,0,0,0
22.85,966.71479,14.951901,-3381.156,41.78752,2.0925232,-10.259043,-3.8149699e-05,0.33405409,0.0010319691,0.00010643982,-0.22421579,-0.00023599116,-0.26179939,-6.8057462e-07,0.0055232922,1,-0.7854,-6.8060643e-07,0.0055210152,1,0,0,0.068951893,0.0013676729,0.11971724,39.1555,3381.156,59.5,0,1.0471976,0,0,nan,nan,670.09204,-36.6118,-0.86476383,-43.55591,-0.00013038615,-18.544245,0.0069655318,0,0,0,0,0,0
22.9,968.80318,15.056509,-3381.6578,41.74673,2.0917564,-9.7938344,-3.6778336e-05,0.32279705,0.0010199972,0.00010274262,-0.2261396,-0.00023407209,-0.26179939,-6.8048109e-07,0.0055187646,1,-0.7854,-6.8035094e-07,0.0055159872,1,0,0,0.068933707,0.0013663342,0.11923247,38.996708,3381.6578,59.5,0,1.0471976,0,0,nan,nan,664.63344,-36.363584,-0.85703994,-43.189071,-0.00012910515,-18.35708,0.0073499846,0,0,0,0,0,0
22.95,970.88955,15.161078,-3382.1363,41.706512,2.0909971,-9.3288552,-3.5420861e-05,0.31144431,0.0010081593,9.908201e-05,-0.22804226,-0.00023214432,-0.26179939,-6.80098e-07,0.0055133248,1,-0.7854,-6.7980553e-07,0.0055100272,1,0,0,0.068908094,0.0013648108,0.1187647,38.843492,3382.1363,59.5,0,1.0471976,0,0,nan,nan,659.38833,-36.125101,-0.84945997,-42.817871,-0.00012781697,-18.136334,0.007739975,0,0,0,0,0,0
23,972.97392,15.26561,-3382.5916,41.666862,2.0902453,-8.8640924,-3.4077332e-05,0.29999702,0.00099645333,9.545819e-05,-0.22992006,-0.00023020763,-0.26179939,-6.7942478e-07,0.0055069388,1,-0.7854,-6.7896968e-07,0.0055031027,1,0,0,0.068874081,0.0013630985,0.1183141,38.695901,3382.5916,59.5,0,1.0471976,0,0,nan,nan,654.35605,-35.896446,-0.84201952,-42.440416,-0.00012652245,-17.877994,0.0081363452,0,0,0,0,0,0
23.05,975.05632,15.370105,-3383.0237,41.627775,2.0895008,-8.3995318,-3.2747803e-05,0.28845651,0.00098487762,9.1871329e-05,-0.23176891,-0.0002282617,-0.26179939,-6.7846079e-07,0.0054995755,1,-0.7854,-6.7784266e-07,0.0054951843,1,0,0,0.068830806,0.0013611934,0.1178808,38.553983,3383.0237,59.5,0,1.0471976,0,0,nan,nan,649.53599,-35.677703,-0.83471466,-42.055093,-0.00012522234,-17.578662,0.0085398234,0,0,0,0,0,0
23.1,977.13679,15.474562,-3383.4325,41.589248,2.0887634,-7.9351582,-3.1432322e-05,0.27682435,0.00097343036,8.8321577e-05,-0.23358439,-0.00022630613,-0.26179939,-6.7720509e-07,0.0054912071,1,-0.7854,-6.7642326e-07,0.0054862462,1,0,0,0.068777528,0.0013590916,0.11746495,38.417784,3383.4325,59.5,0,1.0471976,0,0,nan,nan,644.92752,-35.468946,-0.827542,-41.660586,-0.00012391723,-17.23558,0.0089509997,0,0,0,0,0,0
23.15,979.21533,15.578983,-3383.8181,41.551275,2.088033,-7.4709553,-3.0130932e-05,0.2651023,0.00096210982,8.4809071e-05,-0.23536183,-0.00022434048,-0.26179939,-6.7565618e-07,0.0054818094,1,-0.7854,-6.7470963e-07,0.0054762662,1,0,0,0.068713635,0.0013567898,0.11706669,38.28735,3383.8181,59.5,0,1.0471976,0,0,nan,nan,640.53004,-35.270237,-0.82049866,-41.255883,-0.00012260754,-16.846648,0.009370308,0,0,0,0,0,0
23.2,981.292,15.683367,-3384.1805,41.513851,2.0873095,-7.0069063,-2.8843679e-05,0.25329239,0.00095091431,8.1333938e-05,-0.23709638,-0.00022236423,-0.26179939,-6.7381185e-07,0.0054713618,1,-0.7854,-6.7269912e-07,0.0054652258,1,0,0,0.068638656,0.0013542844,0.11668615,38.162723,3384.1805,59.5,0,1.0471976,0,0,nan,nan,636.34298,-35.081625,-0.81358225,-40.84027,-0.00012129348,-16.410416,0.0097980116,0,0,0,0,0,0
23.25,983.3668,15.787715,-3384.5197,41.476973,2.0865927,-6.5429939,-2.7570611e-05,0.24139688,0.00093984218,7.7896303e-05,-0.23878305,-0.00022037687,-0.26179939,-6.7166905e-07,0.0054598474,1,-0.7854,-6.703882e-07,0.0054531102,1,0,0,0.06855226,0.0013515725,0.11632345,38.043945,3384.5197,59.5,0,1.0471976,0,0,nan,nan,632.36575,-34.903151,-0.80679085,-40.41333,-0.00011997502,-15.926074,0.010234196,0,0,0,0,0,0
23.3,985.43978,15.892028,-3384.8357,41.440632,2.0858825,-6.0792005,-2.631178e-05,0.22941829,0.00092889184,7.4496294e-05,-0.24041683,-0.00021837783,-0.26179939,-6.6922385e-07,0.0054472533,1,-0.7854,-6.6777245e-07,0.0054399085,1,0,0,0.068454255,0.0013486511,0.11597873,37.931056,3384.8357,59.5,0,1.0471976,0,0,nan,nan,628.59781,-34.734842,-0.800123,-39.974928,-0.00011865191,-15.393422,0.010678764,0,0,0,0,0,0
23.35,987.51095,15.996305,-3385.1286,41.404823,2.0851789,-5.6155089,-2.5067244e-05,0.21735938,0.00091806172,7.1134049e-05,-0.24199268,-0.00021636658,-0.26179939,-6.6647144e-07,0.00543357,1,-0.7854,-6.6484655e-07,0.0054256134,1,0,0,0.068344591,0.0013455176,0.11565209,37.824093,3385.1286,59.5,0,1.0471976,0,0,nan,nan,625.03861,-34.576716,-0.79357759,-39.525198,-0.00011732367,-14.812839,0.011131437,0,0,0,0,0,0
23.4,989.58034,16.100547,-3385.3982,41.369539,2.0844816,-5.1519016,-2.3837072e-05,0.20522316,0.00090735033,6.7809723e-05,-0.24350565,-0.00021434258,-0.26179939,-6.6340613e-07,0.0054187918,1,-0.7854,-6.6160435e-07,0.0054102211,1,0,0,0.068223352,0.0013421694,0.11534365,37.723093,3385.3982,59.5,0,1.0471976,0,0,nan,nan,621.68762,-34.428781,-0.78715392,-39.06452,-0.00011598959,-14.18524,0.011591759,0,0,0,0,0,0
23.45,991.64798,16.204754,-3385.6447,41.334772,2.0837905,-4.6883622,-2.2621345e-05,0.1930129,0.00089675623,6.4523495e-05,-0.24495091,-0.00021230533,-0.26179939,-6.6002148e-07,0.0054029163,1,-0.7854,-6.5803902e-07,0.0053937312,1,0,0,0.06809075,0.0013386045,0.1150535,37.628088,3385.6447,59.5,0,1.0471976,0,0,nan,nan,618.54433,-34.291036,-0.78085155,-38.5935,-0.00011464877,-13.512027,0.012059106,0,0,0,0,0,0
23.5,993.71389,16.308928,-3385.868,41.300514,2.0831056,-4.2248746,-2.1420156e-05,0.18073209,0.00088627802,6.1275571e-05,-0.24632379,-0.00021025437,-0.26179939,-6.5631042e-07,0.0053859449,1,-0.7854,-6.5414318e-07,0.0053761469,1,0,0,0.067947118,0.0013348207,0.11478175,37.53911,3385.868,59.5,0,1.0471976,0,0,nan,nan,615.60822,-34.163472,-0.77467031,-38.112948,-0.0001133001,-12.795037,0.012532693,0,0,0,0,0,0
23.55,995.77811,16.413067,-3386.0681,41.266754,2.0824266,-3.7614236,-2.0233612e-05,0.16838447,0.00087591435,5.8066193e-05,-0.24761984,-0.00020818932,-0.26179939,-6.5226541e-07,0.0053678817,1,-0.7854,-6.4990908e-07,0.0053574739,1,0,0,0.067792899,0.0013308163,0.11452849,37.456189,3386.0681,59.5,0,1.0471976,0,0,nan,nan,612.87881,-34.046071,-0.76861026,-37.62385,-0.00011194233,-12.036493,0.013011589,0,0,0,0,0,0
23.6,997.84064,16.517172,-3386.2451,41.233484,2.0817536,-3.2979952,-1.9061838e-05,0.15597397,0.00086566395,5.4895637e-05,-0.24883485,-0.00020610984,-0.26179939,-6.4787863e-07,0.005348734,1,-0.7854,-6.4532878e-07,0.0053377214,1,0,0,0.067628637,0.0013265898,0.11429379,37.379349,3386.2451,59.5,0,1.0471976,0,0,nan,nan,610.3556,-33.93881,-0.76267158,-37.127346,-0.00011057409,-11.238945,0.013494732,0,0,0,0,0,0
23.65,999.90153,16.621243,-3386.3988,41.200692,2.0810862,-2.8345764,-1.7904973e-05,0.14350475,0.00085552557,5.1764223e-05,-0.24996489,-0.00020401568,-0.26179939,-6.4314221e-07,0.0053285118,1,-0.7854,-6.4039446e-07,0.0053169007,1,0,0,0.067454965,0.0013221399,0.11407772,37.308616,3386.3988,59.5,0,1.0471976,0,0,nan,nan,608.03813,-33.841657,-0.75685459,-36.624704,-0.00010919388,-10.405216,0.013980944,0,0,0,0,0,0
23.7,1001.9608,16.725282,-3386.5294,41.168367,2.0804245,-2.3711556,-1.6763174e-05,0.13098113,0.00084549803,4.8672311e-05,-0.25100635,-0.00020190668,-0.26179939,-6.3804843e-07,0.0053072277,1,-0.7854,-6.3509856e-07,0.0052950256,1,0,0,0.067272592,0.0013174656,0.11388036,37.244011,3386.5294,59.5,0,1.0471976,0,0,nan,nan,605.92592,-33.754577,-0.75115965,-36.117294,-0.00010780017,-9.5383511,0.014468946,0,0,0,0,0,0
23.75,1004.0184,16.829287,-3386.6369,41.136498,2.0797682,-1.9077225,-1.5636614e-05,0.11840764,0.00083558019,4.5620309e-05,-0.25195593,-0.00019978278,-0.26179939,-6.3259001e-07,0.0052848964,1,-0.7854,-6.2943408e-07,0.0052721123,1,0,0,0.067082295,0.001312566,0.11370176,37.185552,3386.6369,59.5,0,1.0471976,0,0,nan,nan,604.01852,-33.677529,-0.74558717,-35.606566,-0.00010639139,-8.6415648,0.01495738,0,0,0,0,0,0
23.8,1006.0745,16.93326,-3386.7211,41.105072,2.0791173,-1.4442681,-1.4525484e-05,0.10578893,0.00082577095,4.2608667e-05,-0.25281068,-0.00019764401,-0.26179939,-6.267603e-07,0.0052615349,1,-0.7854,-6.2339481e-07,0.0052481787,1,0,0,0.066884902,0.0013074408,0.11354197,37.133254,3386.7211,59.5,0,1.0471976,0,0,nan,nan,602.31546,-33.61047,-0.74013751,-35.094029,-0.00010496598,-7.7181934,0.01544482,0,0,0,0,0,0
23.85,1008.129,17.0372,-3386.7822,41.074077,2.0784717,-0.98078533,-1.3429989e-05,0.093129807,0.00081606928,3.963788e-05,-0.25356799,-0.0001954905,-0.26179939,-6.2055354e-07,0.0052371618,1,-0.7854,-6.1697553e-07,0.0052232444,1,0,0,0.066681283,0.0013020895,0.11340102,37.087131,3386.7822,59.5,0,1.0471976,0,0,nan,nan,600.81632,-33.55335,-0.73481101,-34.581226,-0.0001035224,-6.7716504,0.015929797,0,0,0,0,0,0
23.9,1010.182,17.141108,-3386.8201,41.0435,2.0778311,-0.51726828,-1.235035e-05,0.080435206,0.00080647416,3.6708485e-05,-0.25422562,-0.00019332249,-0.26179939,-6.1396507e-07,0.0052117973,1,-0.7854,-6.1017228e-07,0.0051973305,1,0,0,0.066472342,0.0012965124,0.11327895,37.047193,3386.8201,59.5,0,1.0471976,0,0,nan,nan,599.52064,-33.506118,-0.7296079,-34.069719,-0.00010205922,-5.8053849,0.01641081,0,0,0,0,0,0
23.95,1012.2334,17.244985,-3386.8349,41.013326,2.0771955,-0.053712791,-1.1286801e-05,0.067710153,0.00079698462,3.382106e-05,-0.2547817,-0.00019114033,-0.26179939,-6.0699156e-07,0.0051854632,1,-0.7854,-6.029825e-07,0.0051704595,1,0,0,0.066258996,0.0012907096,0.11317579,37.013446,3386.8349,59.5,0,1.0471976,0,0,nan,nan,598.42799,-33.468721,-0.7245283,-33.561072,-0.00010057506,-4.8228455,0.016886343,0,0,0,0,0,0
24,1014.2834,17.348829,-3386.8264,40.983543,2.0765648,0.40988375,-1.0239587e-05,0.054959765,0.00078759975,3.0976219e-05,-0.25523469,-0.00018894447,-0.26179939,-5.9963117e-07,0.0051581823,1,-0.7854,-5.9540525e-07,0.0051426546,1,0,0,0.066042179,0.0012846819,0.11309153,36.985894,3386.8264,59.5,0,1.0471976,0,0,nan,nan,597.53793,-33.441104,-0.71957221,-33.056833,-9.9068709e-05,-3.8274468,0.017354884,0,0,0,0,0,0
24.05,1016.3319,17.452643,-3386.7948,40.954137,2.0759387,0.87352237,-9.208964e-06,0.042189226,0.00077831864,2.817461e-05,-0.25558342,-0.00018673547,-0.26179939,-5.9188373e-07,0.0051299784,1,-0.7854,-5.8744133e-07,0.0051139404,1,0,0,0.065822819,0.0012784301,0.11302619,36.964538,3386.7948,59.5,0,1.0471976,0,0,nan,nan,596.85004,-33.423209,-0.71473946,-32.558524,-9.7539078e-05,-2.8225416,0.017814938,0,0,0,0,0,0
24.1,1018.3789,17.556425,-3386.74,40.925094,2.0753173,1.3372026,-8.1951963e-06,0.029403769,0.00076914042,2.541691e-05,-0.25582707,-0.00018451398,-0.26179939,-5.8375088e-07,0.0051008762,1,-0.7854,-5.7909342e-07,0.0050843419,1,0,0,0.06560184,0.0012719555,0.11297975,36.949375,3386.74,59.5,0,1.0471976,0,0,nan,nan,596.36389,-33.414978,-0.7100297,-32.067626,-9.5985258e-05,-1.8113964,0.018265037,0,0,0,0,0,0
24.15,1020.4244,17.660176,-3386.662,40.896399,2.0747003,1.8009223,-7.1985536e-06,0.016608662,0.00076006427,2.2703817e-05,-0.25596515,-0.00018228076,-0.26179939,-5.7523617e-07,0.005070901,1,-0.7854,-5.7036617e-07,0.0050538848,1,0,0,0.065380148,0.0012652595,0.1129522,36.940401,3386.662,59.5,0,1.0471976,0,0,nan,nan,596.07905,-33.416352,-0.70544243,-31.585573,-9.4406526e-05,-0.79717118,0.018703758,0,0,0,0,0,0
24.2,1022.4686,17.763896,-3386.5609,40.868041,2.0740877,2.264678,-6.2193098e-06,0.0038091896,0.00075108937,2.0036049e-05,-0.25599748,-0.00018003665,-0.26179939,-5.6634513e-07,0.0050400787,1,-0.7854,-5.6126623e-07,0.0050225951,1,0,0,0.065158627,0.0012583441,0.11294351,36.937605,3386.5609,59.5,0,1.0471976,0,0,nan,nan,595.9951,-33.427271,-0.70097693,-31.113745,-9.2802358e-05,0.21709644,0.01912973,0,0,0,0,0,0
24.25,1024.5113,17.867586,-3386.4365,40.840004,2.0734794,2.7284648,-5.2577402e-06,-0.0089893643,0.00074221494,1.7414335e-05,-0.25592421,-0.00017778259,-0.26179939,-5.5708535e-07,0.0050084356,1,-0.7854,-5.5180235e-07,0.0049904994,1,0,0,0.064938134,0.0012512113,0.11295365,36.940977,3386.4365,59.5,0,1.0471976,0,0,nan,nan,596.11162,-33.447673,-0.69663229,-30.653458,-9.1172441e-05,1.2285041,0.019541645,0,0,0,0,0,0
24.3,1026.5526,17.971245,-3386.2889,40.812276,2.0728751,3.1922763,-4.314119e-06,-0.021781729,0.00073344019,1.4839411e-05,-0.25574578,-0.00017551959,-0.26179939,-5.4746646e-07,0.0049759982,1,-0.7854,-5.4198531e-07,0.0049576244,1,0,0,0.064719491,0.0012438636,0.11298257,36.950502,3386.2889,59.5,0,1.0471976,0,0,nan,nan,596.42819,-33.477497,-0.6924074,-30.205962,-8.9516681e-05,2.2342937,0.019938267,0,0,0,0,0,0
24.35,1028.5926,18.074874,-3386.1182,40.784843,2.0722748,3.656105,-3.3887175e-06,-0.034562661,0.00072476439,1.2312013e-05,-0.2554629,-0.00017324875,-0.26179939,-5.3750014e-07,0.0049427933,1,-0.7854,-5.3182792e-07,0.0049239969,1,0,0,0.064503485,0.0012363037,0.11303021,36.96616,3386.1182,59.5,0,1.0471976,0,0,nan,nan,596.94437,-33.516683,-0.68830095,-29.772441,-8.7835202e-05,3.2318575,0.020318438,0,0,0,0,0,0
24.4,1030.6312,18.178474,-3385.9243,40.757693,2.0716784,4.1199419,-2.4818011e-06,-0.047326962,0.00071618679,9.8328671e-06,-0.25507656,-0.00017097122,-0.26179939,-5.2720006e-07,0.0049088477,1,-0.7854,-5.2134496e-07,0.0048896439,1,0,0,0.064290858,0.0012285347,0.11309652,36.987931,3385.9243,59.5,0,1.0471976,0,0,nan,nan,597.65976,-33.565167,-0.68431146,-29.354005,-8.6128353e-05,4.2187415,0.020681086,0,0,0,0,0,0
24.45,1032.6684,18.282044,-3385.7071,40.730814,2.0710857,4.5837769,-1.5936274e-06,-0.060069486,0.00070770667,7.4026906e-06,-0.25458799,-0.00016868823,-0.26179939,-5.1658184e-07,0.0048741885,1,-0.7854,-5.105531e-07,0.0048545923,1,0,0,0.064082315,0.00122056,0.1131814,37.015791,3385.7071,59.5,0,1.0471976,0,0,nan,nan,598.57391,-33.622888,-0.68043722,-28.951696,-8.4396701e-05,5.1926465,0.021025228,0,0,0,0,0,0
24.5,1034.7043,18.385584,-3385.4668,40.704194,2.0704967,5.0475991,-7.2444396e-07,-0.072785157,0.00069932332,5.0221795e-06,-0.25399864,-0.00016640105,-0.26179939,-5.0566293e-07,0.0048388426,1,-0.7854,-4.9947081e-07,0.004818869,1,0,0,0.063878511,0.0012123833,0.11328478,37.049711,3385.4668,59.5,0,1.0471976,0,0,nan,nan,599.6864,-33.689782,-0.67667637,-28.566484,-8.2641029e-05,6.1514271,0.021349974,0,0,0,0,0,0
24.55,1036.7389,18.489094,-3385.2033,40.677821,2.0699112,5.511396,1.2551424e-07,-0.085468975,0.00069103602,2.6920051e-06,-0.2533102,-0.00016411101,-0.26179939,-4.9446251e-07,0.0048028368,1,-0.7854,-4.8811818e-07,0.0047825009,1,0,0,0.063680058,0.0012040083,0.11340657,37.089661,3385.2033,59.5,0,1.0471976,0,0,nan,nan,600.9968,-33.765786,-0.67302684,-28.19927,-8.0862331e-05,7.0930891,0.02165453,0,0,0,0,0,0
24.6,1038.7721,18.592576,-3384.9166,40.651685,2.0693291,5.9751546,9.560264e-07,-0.098116029,0.00068284407,4.1280746e-07,-0.25252454,-0.00016181945,-0.26179939,-4.8300134e-07,0.004766198,1,-0.7854,-4.7651684e-07,0.0047455148,1,0,0,0.063487518,0.0011954395,0.11354666,37.135607,3384.9166,59.5,0,1.0471976,0,0,nan,nan,602.50467,-33.850837,-0.66948643,-27.850888,-7.9061798e-05,8.0157856,0.021938202,0,0,0,0,0,0
24.65,1040.8041,18.696029,-3384.6067,40.625776,2.0687503,6.4388609,1.766888e-06,-0.11072151,0.00067474677,-1.8148097e-06,-0.25164372,-0.00015952777,-0.26179939,-4.7130164e-07,0.0047289527,1,-0.7854,-4.6468976e-07,0.004707937,1,0,0,0.06330141,0.0011866813,0.11370494,37.187513,3384.6067,59.5,0,1.0471976,0,0,nan,nan,604.20959,-33.944869,-0.66605275,-27.522105,-7.7240811e-05,8.917812,0.022200393,0,0,0,0,0,0
24.7,1042.8348,18.799452,-3384.2736,40.600085,2.0681748,6.9024999,2.5579127e-06,-0.12328071,0.00066674343,-3.9902847e-06,-0.25066999,-0.0001572374,-0.26179939,-4.5938689e-07,0.0046911275,1,-0.7854,-4.5266109e-07,0.0046697941,1,0,0,0.063122202,0.0011777384,0.11388129,37.24534,3384.2736,59.5,0,1.0471976,0,0,nan,nan,606.1111,-34.047819,-0.66272329,-27.213626,-7.5400931e-05,9.7976005,0.022440603,0,0,0,0,0,0
24.75,1044.8642,18.902847,-3383.9174,40.574601,2.0676023,7.3660561,3.3289337e-06,-0.13578903,0.00065883333,-6.1131024e-06,-0.24960572,-0.00015494975,-0.26179939,-4.4728166e-07,0.0046527487,1,-0.7854,-4.4045598e-07,0.0046311123,1,0,0,0.062950317,0.0011686158,0.11407558,37.309045,3383.9174,59.5,0,1.0471976,0,0,nan,nan,608.20876,-34.159621,-0.65949537,-26.926095,-7.354388e-05,10.653714,0.022658432,0,0,0,0,0,0
24.8,1046.8923,19.006214,-3383.538,40.549318,2.0670329,7.8295132,4.0798054e-06,-0.14824203,0.00065101577,-8.1827988e-06,-0.24845346,-0.00015266628,-0.26179939,-4.3501147e-07,0.0046138423,1,-0.7854,-4.2810039e-07,0.0045919174,1,0,0,0.062786133,0.0011593189,0.11428767,37.378583,3383.538,59.5,0,1.0471976,0,0,nan,nan,610.50212,-34.280209,-0.65636621,-26.660101,-7.1671533e-05,11.484842,0.022853578,0,0,0,0,0,0
24.85,1048.9192,19.109552,-3383.1354,40.524228,2.0664664,8.2928542,4.8104048e-06,-0.16063535,0.00064329005,-1.0198965e-05,-0.24721587,-0.00015038843,-0.26179939,-4.2260253e-07,0.0045744341,1,-0.7854,-4.1562091e-07,0.0045522353,1,0,0,0.06262998,0.001149853,0.11451741,37.453906,3383.1354,59.5,0,1.0471976,0,0,nan,nan,612.99073,-34.409514,-0.6533329,-26.416176,-6.9785897e-05,12.289789,0.02302583,0,0,0,0,0,0
24.9,1050.9448,19.212861,-3382.7096,40.499324,2.0659028,8.7560618,5.5206323e-06,-0.17296479,0.00063565546,-1.2161252e-05,-0.24589573,-0.00014811764,-0.26179939,-4.100816e-07,0.00453455,1,-0.7854,-4.0304454e-07,0.0045120913,1,0,0,0.062482146,0.0011402239,0.11476466,37.534965,3382.7096,59.5,0,1.0471976,0,0,nan,nan,615.67413,-34.547471,-0.65039243,-26.194798,-6.7889101e-05,13.067478,0.023175073,0,0,0,0,0,0
24.95,1052.9691,19.316143,-3382.2607,40.4746,2.0653419,9.2191179,6.2104131e-06,-0.18522631,0.00062811127,-1.4069372e-05,-0.24449594,-0.00014585535,-0.26179939,-3.9747581e-07,0.004494215,1,-0.7854,-3.9039854e-07,0.0044715107,1,0,0,0.062342876,0.0011304374,0.11502925,37.621707,3382.2607,59.5,0,1.0471976,0,0,nan,nan,618.55185,-34.694009,-0.64754167,-25.996398,-6.5983377e-05,13.816938,0.023301278,0,0,0,0,0,0
25,1054.9923,19.419397,-3381.7886,40.450051,2.0647837,9.6820041,6.8796977e-06,-0.19741598,0.00062065675,-1.5923102e-05,-0.24301948,-0.00014360298,-0.26179939,-3.8481242e-07,0.0044534544,1,-0.7854,-3.7771022e-07,0.0044305184,1,0,0,0.062212372,0.0011204995,0.115311,37.714077,3381.7886,59.5,0,1.0471976,0,0,nan,nan,621.62341,-34.849059,-0.64477744,-25.821358,-6.4071047e-05,14.537302,0.023404504,0,0,0,0,0,0
25.05,1057.0142,19.522623,-3381.2934,40.425672,2.0642281,10.144702,7.5284625e-06,-0.20953006,0.00061329117,-1.7722285e-05,-0.24146942,-0.00014136192,-0.26179939,-3.7211867e-07,0.0044122929,1,-0.7854,-3.6500677e-07,0.004389139,1,0,0,0.062090796,0.0011104166,0.11560976,37.812018,3381.2934,59.5,0,1.0471976,0,0,nan,nan,624.88835,-35.012551,-0.64209644,-25.670013,-6.2154502e-05,15.227803,0.023484893,0,0,0,0,0,0
25.1,1059.0349,19.625821,-3380.7751,40.40146,2.0636749,10.607192,8.1567107e-06,-0.22156492,0.00060601377,-1.9466837e-05,-0.23984891,-0.00013913355,-0.26179939,-3.5942161e-07,0.0043707549,1,-0.7854,-3.5231508e-07,0.0043473967,1,0,0,0.061978269,0.0011001949,0.11592533,37.91547,3380.7751,59.5,0,1.0471976,0,0,nan,nan,628.34617,-35.184413,-0.63949533,-25.542653,-6.0236191e-05,15.887773,0.023542667,0,0,0,0,0,0
25.15,1061.0544,19.728991,-3380.2336,40.377411,2.0631243,11.069455,8.764472e-06,-0.23351713,0.0005988238,-2.115674e-05,-0.23816117,-0.00013691921,-0.26179939,-3.4674793e-07,0.0043288646,1,-0.7854,-3.3966156e-07,0.0043053155,1,0,0,0.061874875,0.0010898409,0.11625753,38.024372,3380.2336,59.5,0,1.0471976,0,0,nan,nan,631.9964,-35.364572,-0.63697068,-25.439525,-5.8318604e-05,16.51664,0.023578121,0,0,0,0,0,0
25.2,1063.0727,19.832134,-3379.6691,40.353524,2.062576,11.531472,9.3518033e-06,-0.24538341,0.00059172048,-2.2792049e-05,-0.23640945,-0.00013472021,-0.26179939,-3.3412376e-07,0.0042866458,1,-0.7854,-3.2707204e-07,0.0042629191,1,0,0,0.06178066,0.0010793613,0.11660616,38.138661,3379.6691,59.5,0,1.0471976,0,0,nan,nan,635.83853,-35.552955,-0.63451903,-25.360829,-5.6404257e-05,17.113925,0.023591624,0,0,0,0,0,0
25.25,1065.0898,19.93525,-3379.0814,40.329796,2.06203,11.993222,9.9187881e-06,-0.25716063,0.00058470302,-2.437289e-05,-0.23459707,-0.00013253782,-0.26179939,-3.2157458e-07,0.0042441219,1,-0.7854,-3.1457156e-07,0.0042202305,1,0,0,0.061695632,0.0010687626,0.11697102,38.258272,3379.0814,59.5,0,1.0471976,0,0,nan,nan,639.87205,-35.749488,-0.63213686,-25.306726,-5.4495674e-05,17.679243,0.02358361,0,0,0,0,0,0
25.3,1067.1057,20.038338,-3378.4707,40.306228,2.0614862,12.454687,1.0465537e-05,-0.26884584,0.00057777063,-2.5899464e-05,-0.23272738,-0.00013037326,-0.26179939,-3.0912503e-07,0.0042013159,1,-0.7854,-3.0218428e-07,0.0041772728,1,0,0,0.061619766,0.0010580518,0.11735191,38.383137,3378.4707,59.5,0,1.0471976,0,0,nan,nan,644.09647,-35.954096,-0.6298206,-25.27733,-5.2595377e-05,18.212305,0.023554578,0,0,0,0,0,0
25.35,1069.1205,20.1414,-3377.8369,40.282819,2.0609446,12.915846,1.0992187e-05,-0.28043626,0.0005709225,-2.737204e-05,-0.23080375,-0.00012822772,-0.26179939,-2.9679884e-07,0.0041582506,1,-0.7854,-2.8993336e-07,0.0041340683,1,0,0,0.061553001,0.0010472356,0.11774862,38.513189,3377.8369,59.5,0,1.0471976,0,0,nan,nan,648.51126,-36.166702,-0.62756664,-25.272713,-5.070587e-05,18.712914,0.023505085,0,0,0,0,0,0
25.4,1071.1341,20.244434,-3377.18,40.259569,2.0604052,13.37668,1.1498901e-05,-0.29192927,0.00056415779,-2.8790959e-05,-0.22882957,-0.00012610232,-0.26179939,-2.8461865e-07,0.0041149482,1,-0.7854,-2.7784082e-07,0.0040906391,1,0,0,0.061495244,0.001036321,0.11816093,38.648358,3377.18,59.5,0,1.0471976,0,0,nan,nan,653.11591,-36.387232,-0.62537137,-25.2929,-4.8829626e-05,19.180973,0.023435744,0,0,0,0,0,0
25.45,1073.1465,20.347441,-3376.5001,40.23648,2.0598678,13.837169,1.1985867e-05,-0.30332243,0.00055747566,-3.0156633e-05,-0.22680823,-0.00012399813,-0.26179939,-2.7260596e-07,0.0040714307,1,-0.7854,-2.6592749e-07,0.0040470068,1,0,0,0.061446369,0.0010253147,0.11858863,38.788572,3376.5001,59.5,0,1.0471976,0,0,nan,nan,657.90987,-36.615606,-0.62323112,-25.337874,-4.6969073e-05,19.616479,0.023347215,0,0,0,0,0,0
25.5,1075.1577,20.450422,-3375.7972,40.213554,2.0593325,14.297293,1.2453299e-05,-0.31461345,0.00055087526,-3.1469542e-05,-0.22474312,-0.00012191619,-0.26179939,-2.6078102e-07,0.0040277194,1,-0.7854,-2.542129e-07,0.0040031928,1,0,0,0.061406219,0.0010142239,0.11903149,38.933759,3375.7972,59.5,0,1.0471976,0,0,nan,nan,662.89262,-36.851749,-0.62114222,-25.407569,-4.5126582e-05,20.019532,0.023240209,0,0,0,0,0,0
25.55,1077.1679,20.553376,-3375.0713,40.190793,2.0587992,14.757033,1.2901433e-05,-0.32580023,0.00054435571,-3.273023e-05,-0.22263762,-0.00011985744,-0.26179939,-2.4916273e-07,0.0039838355,1,-0.7854,-2.4271519e-07,0.0039592178,1,0,0,0.061374608,0.0010030553,0.11948929,39.083846,3375.0713,59.5,0,1.0471976,0,0,nan,nan,668.0636,-37.095582,-0.61910101,-25.501873,-4.3304455e-05,20.390331,0.023115474,0,0,0,0,0,0
25.6,1079.1769,20.656303,-3374.3224,40.168201,2.0582678,15.216369,1.333053e-05,-0.33688084,0.00053791613,-3.393931e-05,-0.22049507,-0.00011782281,-0.26179939,-2.3776864e-07,0.0039397996,1,-0.7854,-2.3145111e-07,0.0039151022,1,0,0,0.061351321,0.00099181588,0.1199618,39.238757,3374.3224,59.5,0,1.0471976,0,0,nan,nan,673.42228,-37.347027,-0.61710377,-25.620627,-4.1504917e-05,20.729179,0.022973799,0,0,0,0,0,0
25.65,1081.1847,20.759204,-3373.5506,40.145782,2.0577383,15.675283,1.3740872e-05,-0.3478535,0.00053155562,-3.5097454e-05,-0.21831879,-0.00011581312,-0.26179939,-2.2661483e-07,0.0038956319,1,-0.7854,-2.2043592e-07,0.0038708661,1,0,0,0.061336117,0.00098051255,0.12044879,39.398418,3373.5506,59.5,0,1.0471976,0,0,nan,nan,678.96808,-37.606005,-0.61514684,-25.763623,-3.9730099e-05,21.036481,0.022816003,0,0,0,0,0,0
25.7,1083.1915,20.862078,-3372.7558,40.123539,2.0572107,16.133756,1.413276e-05,-0.35871659,0.00052527326,-3.6205395e-05,-0.21611203,-0.00011382916,-0.26179939,-2.1571591e-07,0.0038513522,1,-0.7854,-2.096834e-07,0.0038265289,1,0,0,0.061328729,0.00096915214,0.12095002,39.562753,3372.7558,59.5,0,1.0471976,0,0,nan,nan,684.70045,-37.872438,-0.61322654,-25.930606,-3.7982035e-05,21.312748,0.022642936,0,0,0,0,0,0
25.75,1085.1971,20.964926,-3371.9382,40.101477,2.0566849,16.59177,1.4506518e-05,-0.36946869,0.00051906813,-3.7263921e-05,-0.213878,-0.00011187164,-0.26179939,-2.0508497e-07,0.00380698,1,-0.7854,-1.9920578e-07,0.00378211,1,0,0,0.061328868,0.00095774141,0.12146526,39.731684,3371.9382,59.5,0,1.0471976,0,0,nan,nan,690.61881,-38.146247,-0.61133921,-26.121272,-3.6262645e-05,21.558592,0.022455469,0,0,0,0,0,0
25.8,1087.2017,21.067747,-3371.0976,40.079602,2.056161,17.049306,1.4862486e-05,-0.38010848,0.00051293928,-3.8273875e-05,-0.21161984,-0.00010994121,-0.26179939,-1.9473359e-07,0.0037625341,1,-0.7854,-1.8901379e-07,0.003737628,1,0,0,0.061336223,0.0009462871,0.12199427,39.905134,3371.0976,59.5,0,1.0471976,0,0,nan,nan,696.7226,-38.427353,-0.60948121,-26.335271,-3.4573735e-05,21.774729,0.022254494,0,0,0,0,0,0
25.85,1089.2052,21.170543,-3370.2341,40.057919,2.0556388,17.506348,1.5201021e-05,-0.39063485,0.00050688577,-3.9236147e-05,-0.2093406,-0.00010803845,-0.26179939,-1.8467179e-07,0.0037180333,1,-0.7854,-1.7911658e-07,0.0036931013,1,0,0,0.061350464,0.00093479583,0.12253681,40.083025,3370.2341,59.5,0,1.0471976,0,0,nan,nan,703.01121,-38.715677,-0.60764894,-26.572205,-3.2916981e-05,21.961972,0.022040919,0,0,0,0,0,0
25.9,1091.2075,21.273312,-3369.3479,40.036435,2.0551185,17.962878,1.5522496e-05,-0.40104682,0.00050090662,-4.0151675e-05,-0.20704326,-0.00010616388,-0.26179939,-1.7490808e-07,0.0036734958,1,-0.7854,-1.6952182e-07,0.0036485481,1,0,0,0.061371247,0.00092327416,0.12309264,40.265279,3369.3479,59.5,0,1.0471976,0,0,nan,nan,709.48407,-39.01114,-0.60583884,-26.831634,-3.1293926e-05,22.121229,0.021815658,0,0,0,0,0,0
25.95,1093.2088,21.376056,-3368.4388,40.015156,2.0545998,18.41888,1.5827297e-05,-0.41134354,0.00049500087,-4.102144e-05,-0.20473068,-0.00010431795,-0.26179939,-1.6544945e-07,0.0036289394,1,-0.7854,-1.6023565e-07,0.0036039859,1,0,0,0.06139821,0.00091172852,0.12366153,40.451818,3368.4388,59.5,0,1.0471976,0,0,nan,nan,716.14059,-39.313664,-0.60404739,-27.113076,-2.9705975e-05,22.253499,0.021579635,0,0,0,0,0,0
26,1095.2091,21.478773,-3367.5069,39.994088,2.0540829,18.874338,1.6115821e-05,-0.42152431,0.00048916754,-4.1846458e-05,-0.20240562,-0.00010250103,-0.26179939,-1.563014e-07,0.0035843817,1,-0.7854,-1.5126275e-07,0.003559432,1,0,0,0.061430984,0.00090016526,0.12424323,40.642563,3367.5069,59.5,0,1.0471976,0,0,nan,nan,722.98014,-39.623168,-0.60227115,-27.416011,-2.8154385e-05,22.359863,0.021333771,0,0,0,0,0,0
26.05,1097.2083,21.581465,-3366.5523,39.973238,2.0535678,19.329236,1.6388479e-05,-0.43158859,0.00048340562,-4.2627781e-05,-0.20007071,-0.00010071345,-0.26179939,-1.4746797e-07,0.0035398398,1,-0.7854,-1.4260635e-07,0.0035149036,1,0,0,0.06146919,0.00088859059,0.12483749,40.837435,3366.5523,59.5,0,1.0471976,0,0,nan,nan,730.00215,-39.939575,-0.60050671,-27.739882,-2.6640265e-05,22.441474,0.021078985,0,0,0,0,0,0
26.1,1099.2065,21.684131,-3365.5749,39.952614,2.0530543,19.783559,1.6645687e-05,-0.44153594,0.00047771413,-4.3366491e-05,-0.19772849,-9.8955454e-05,-0.26179939,-1.389518e-07,0.0034953307,1,-0.7854,-1.3426831e-07,0.0034704173,1,0,0,0.061512445,0.00087701061,0.12544409,41.036356,3365.5749,59.5,0,1.0471976,0,0,nan,nan,737.20598,-40.262804,-0.59875077,-28.084105,-2.516457e-05,22.499551,0.020816186,0,0,0,0,0,0
26.15,1101.2036,21.786772,-3364.5748,39.932223,2.0525426,20.237294,1.6887872e-05,-0.45136605,0.00047209206,-4.4063692e-05,-0.19538134,-9.7227234e-05,-0.26179939,-1.3075415e-07,0.0034508709,1,-0.7854,-1.2624914e-07,0.0034259895,1,0,0,0.061560364,0.00086543127,0.12606277,41.239247,3364.5748,59.5,0,1.0471976,0,0,nan,nan,744.59102,-40.592777,-0.5970001,-28.44807,-2.3728099e-05,22.535367,0.020546272,0,0,0,0,0,0
26.2,1103.1997,21.889387,-3363.5521,39.912072,2.0520326,20.690427,1.7115463e-05,-0.46107873,0.00046653842,-4.4720512e-05,-0.19303152,-9.5528912e-05,-0.26179939,-1.2287499e-07,0.0034064767,1,-0.7854,-1.1854809e-07,0.0033816364,1,0,0,0.061612561,0.00085385838,0.12669329,41.44603,3363.5521,59.5,0,1.0471976,0,0,nan,nan,752.15667,-40.929412,-0.59525157,-28.831148,-2.2331494e-05,22.550234,0.02027012,0,0,0,0,0,0
26.25,1105.1949,21.991976,-3362.5067,39.892169,2.0515243,21.142944,1.7328894e-05,-0.47067389,0.00046105218,-4.5338094e-05,-0.19068114,-9.3860553e-05,-0.26179939,-1.1531304e-07,0.0033621641,1,-0.7854,-1.1116323e-07,0.0033373738,1,0,0,0.06166866,0.00084229763,0.12733543,41.656626,3362.5067,59.5,0,1.0471976,0,0,nan,nan,759.90228,-41.27263,-0.59350214,-29.232697,-2.0975243e-05,22.545492,0.019988588,0,0,0,0,0,0
26.3,1107.189,22.09454,-3361.4387,39.872522,2.0510176,21.594834,1.7528603e-05,-0.48015156,0.00045563235,-4.5917592e-05,-0.18833218,-9.2222161e-05,-0.26179939,-1.0806586e-07,0.0033179489,1,-0.7854,-1.0409148e-07,0.0032932173,1,0,0,0.061728287,0.00083075451,0.12798893,41.87096,3361.4387,59.5,0,1.0471976,0,0,nan,nan,767.82723,-41.622348,-0.59174888,-29.652068,-1.9659677e-05,22.522493,0.019702507,0,0,0,0,0,0
26.35,1109.1822,22.197079,-3360.3481,39.853138,2.0505127,22.046084,1.7715027e-05,-0.48951186,0.00045027792,-4.6460168e-05,-0.18598648,-9.0613686e-05,-0.26179939,-1.0112994e-07,0.0032738467,1,-0.7854,-9.7328738e-08,0.0032491824,1,0,0,0.061791082,0.00081923439,0.12865357,42.088952,3360.3481,59.5,0,1.0471976,0,0,nan,nan,775.9309,-41.978486,-0.589989,-30.088613,-1.8384973e-05,22.48259,0.019412677,0,0,0,0,0,0
26.4,1111.1744,22.299592,-3359.235,39.834025,2.0500096,22.496684,1.7888602e-05,-0.49875498,0.00044498788,-4.6966987e-05,-0.18364572,-8.9035023e-05,-0.26179939,-9.450075e-08,0.0032298726,1,-0.7854,-9.0869939e-08,0.0032052842,1,0,0,0.061856697,0.00080774245,0.1293291,42.310526,3359.235,59.5,0,1.0471976,0,0,nan,nan,784.21264,-42.34096,-0.58821982,-30.541693,-1.7151163e-05,22.427117,0.019119865,0,0,0,0,0,0
26.45,1113.1656,22.402081,-3358.0994,39.81519,2.0495081,22.946622,1.8049762e-05,-0.50788122,0.00043976124,-4.7439213e-05,-0.18131148,-8.7486016e-05,-0.26179939,-8.8172857e-08,0.0031860417,1,-0.7854,-8.4709161e-08,0.0031615375,1,0,0,0.061924801,0.00079628372,0.1300153,42.535606,3358.0994,59.5,0,1.0471976,0,0,nan,nan,792.67181,-42.709685,-0.58643877,-31.010679,-1.5958135e-05,22.357375,0.018824803,0,0,0,0,0,0
26.5,1115.1559,22.504544,-3356.9413,39.796642,2.0490084,23.39589,1.8198937e-05,-0.51689092,0.00043459701,-4.7878004e-05,-0.17898516,-8.5966463e-05,-0.26179939,-8.2140001e-08,0.0031423688,1,-0.7854,-7.8839713e-08,0.003117957,1,0,0,0.061995082,0.00078486306,0.13071192,42.764117,3356.9413,59.5,0,1.0471976,0,0,nan,nan,801.30779,-43.084577,-0.58464344,-31.494968,-1.4805638e-05,22.274621,0.018528181,0,0,0,0,0,0
26.55,1117.1453,22.606983,-3355.7607,39.778389,2.0485104,23.844477,1.8336552e-05,-0.52578453,0.00042949419,-4.8284511e-05,-0.17666807,-8.4476117e-05,-0.26179939,-7.63952e-08,0.0030988683,1,-0.7854,-7.3254229e-08,0.0030745569,1,0,0,0.062067245,0.00077348514,0.13141875,42.995983,3355.7607,59.5,0,1.0471976,0,0,nan,nan,810.11991,-43.465547,-0.58283155,-31.993982,-1.3693296e-05,22.180051,0.018230648,0,0,0,0,0,0
26.6,1119.1338,22.709396,-3354.5577,39.760436,2.0480142,24.292375,1.8463026e-05,-0.53456253,0.00042445183,-4.8659871e-05,-0.17436138,-8.301469e-05,-0.26179939,-7.0930837e-08,0.0030555546,1,-0.7854,-6.7944766e-08,0.0030313516,1,0,0,0.06214102,0.00076215446,0.13213555,43.23113,3354.5577,59.5,0,1.0471976,0,0,nan,nan,819.10754,-43.852508,-0.58100095,-32.507175,-1.2620611e-05,22.074789,0.01793281,0,0,0,0,0,0
26.65,1121.1214,22.811785,-3353.3324,39.742793,2.0475198,24.739575,1.8578771e-05,-0.54322546,0.00041946894,-4.9005205e-05,-0.17206615,-8.1581857e-05,-0.26179939,-6.5738762e-08,0.0030124416,1,-0.7854,-6.2902899e-08,0.0029883546,1,0,0,0.062216159,0.00075087536,0.13286209,43.469485,3353.3324,59.5,0,1.0471976,0,0,nan,nan,828.27003,-44.24537,-0.57914965,-33.034042,-1.1586977e-05,21.959876,0.017635227,0,0,0,0,0,0
26.7,1123.1081,22.914149,-3352.0847,39.725467,2.0470272,25.186069,1.868419e-05,-0.55177393,0.00041454458,-4.9321618e-05,-0.16978335,-8.0177261e-05,-0.26179939,-6.0810382e-08,0.0029695429,1,-0.7854,-5.8119815e-08,0.0029455796,1,0,0,0.062292437,0.00073965197,0.13359816,43.710975,3352.0847,59.5,0,1.0471976,0,0,nan,nan,837.60673,-44.64404,-0.57727577,-33.574116,-1.0591688e-05,21.836259,0.017338414,0,0,0,0,0,0
26.75,1125.094,23.016489,-3350.8147,39.708465,2.0465363,25.63185,1.8779677e-05,-0.56020857,0.00040967781,-4.961019e-05,-0.16751383,-7.8800517e-05,-0.26179939,-5.613676e-08,0.002926872,1,-0.7854,-5.3586405e-08,0.0029030398,1,0,0,0.062369654,0.00072848827,0.13434353,43.955528,3350.8147,59.5,0,1.0471976,0,0,nan,nan,847.11699,-45.048424,-0.5753776,-34.126981,-9.6339503e-06,21.704788,0.017042837,0,0,0,0,0,0
26.8,1127.079,23.118804,-3349.5224,39.691795,2.0460474,26.076911,1.8865617e-05,-0.56853007,0.00040486771,-4.987198e-05,-0.16525837,-7.745121e-05,-0.26179939,-5.1708701e-08,0.0028844418,1,-0.7854,-4.9293356e-08,0.0028607479,1,0,0,0.062447632,0.00071738804,0.13509799,44.203073,3349.5224,59.5,0,1.0471976,0,0,nan,nan,856.80015,-45.458427,-0.57345354,-34.692264,-8.7128969e-06,21.566208,0.01674892,0,0,0,0,0,0
26.85,1129.0632,23.221095,-3348.2079,39.675464,2.0455602,26.521244,1.8942382e-05,-0.57673915,0.00040011336,-5.010802e-05,-0.16301769,-7.6128909e-05,-0.26179939,-4.7516839e-08,0.0028422651,1,-0.7854,-4.5231229e-08,0.0028187164,1,0,0,0.062526217,0.00070635491,0.13586132,44.45354,3348.2079,59.5,0,1.0471976,0,0,nan,nan,866.65556,-45.873952,-0.57150213,-35.269641,-7.8275965e-06,21.42116,0.01645704,0,0,0,0,0,0
26.9,1131.0466,23.323361,-3346.8712,39.659479,2.045075,26.964843,1.9010337e-05,-0.58483656,0.00039541387,-5.0319317e-05,-0.16079243,-7.4833162e-05,-0.26179939,-4.3551723e-08,0.002800354,1,-0.7854,-4.1390543e-08,0.0027769573,1,0,0,0.062605277,0.00069539229,0.1366333,44.706859,3346.8712,59.5,0,1.0471976,0,0,nan,nan,876.68257,-46.294898,-0.56952204,-35.858839,-6.9770675e-06,21.27018,0.016167529,0,0,0,0,0,0
26.95,1133.0292,23.425603,-3345.5123,39.643849,2.0445916,27.407702,1.9069832e-05,-0.59282309,0.00039076836,-5.0506845e-05,-0.15858318,-7.3563503e-05,-0.26179939,-3.9803885e-08,0.0027587205,1,-0.7854,-3.7761844e-08,0.0027354824,1,0,0,0.0626847,0.00068450345,0.13741373,44.962963,3345.5123,59.5,0,1.0471976,0,0,nan,nan,886.88052,-46.721164,-0.56751206,-36.459627,-6.1602906e-06,21.113704,0.015880681,0,0,0,0,0,0
27,1135.011,23.527821,-3344.1313,39.628579,2.0441102,27.849815,1.912121e-05,-0.60069956,0.00038617598,-5.0671553e-05,-0.15639051,-7.2319456e-05,-0.26179939,-3.6263918e-08,0.002717376,1,-0.7854,-3.4335774e-08,0.0026943026,1,0,0,0.062764393,0.00067369147,0.1382024,45.221784,3344.1313,59.5,0,1.0471976,0,0,nan,nan,897.24876,-47.15265,-0.56547108,-37.07182,-5.37622e-06,20.952074,0.015596747,0,0,0,0,0,0
27.05,1136.9921,23.630015,-3342.7282,39.613678,2.0436307,28.291175,1.9164798e-05,-0.6084668,0.00038163588,-5.0814359e-05,-0.15421492,-7.1100537e-05,-0.26179939,-3.2922532e-08,0.0026763314,1,-0.7854,-3.1103123e-08,0.0026534289,1,0,0,0.062844278,0.00066295927,0.13899911,45.483256,3342.7282,59.5,0,1.0471976,0,0,nan,nan,907.78661,-47.589249,-0.56339811,-37.69527,-4.6237955e-06,20.785548,0.015315944,0,0,0,0,0,0
27.1,1138.9724,23.732185,-3341.3031,39.599153,2.0431532,28.731778,1.9200915e-05,-0.61612568,0.00037714722,-5.0936148e-05,-0.15205694,-6.9906257e-05,-0.26179939,-2.9770608e-08,0.0026355972,1,-0.7854,-2.8054884e-08,0.0026128712,1,0,0,0.062924293,0.00065230959,0.13980365,45.747313,3341.3031,59.5,0,1.0471976,0,0,nan,nan,918.49343,-48.030857,-0.56129226,-38.329865,-3.9019523e-06,20.614309,0.015038454,0,0,0,0,0,0
27.15,1140.952,23.834331,-3339.8559,39.585012,2.0426777,29.171618,1.9229867e-05,-0.62367709,0.00037270922,-5.1037778e-05,-0.14991703,-6.8736123e-05,-0.26179939,-2.6799247e-08,0.0025951833,1,-0.7854,-2.518229e-08,0.0025726394,1,0,0,0.063004385,0.00064174501,0.14061583,46.013891,3339.8559,59.5,0,1.0471976,0,0,nan,nan,929.36856,-48.477368,-0.55915271,-38.975518,-3.2096311e-06,20.438482,0.01476443,0,0,0,0,0,0
27.2,1142.9309,23.936454,-3338.3868,39.571261,2.0422043,29.610689,1.9251951e-05,-0.63112195,0.00036832107,-5.1120076e-05,-0.14779567,-6.7589644e-05,-0.26179939,-2.3999806e-08,0.0025550993,1,-0.7854,-2.247685e-08,0.0025327425,1,0,0,0.063084512,0.00063126796,0.14143546,46.282927,3338.3868,59.5,0,1.0471976,0,0,nan,nan,940.41132,-48.928676,-0.55697874,-39.632166,-2.5457862e-06,20.258146,0.014493997,0,0,0,0,0,0
27.25,1144.9092,24.038553,-3336.8957,39.557909,2.0417329,30.048986,1.926745e-05,-0.6384612,0.000363982,-5.1183839e-05,-0.14569333,-6.6466331e-05,-0.26179939,-2.1363927e-08,0.002515354,1,-0.7854,-1.9930371e-08,0.0024931891,1,0,0,0.063164636,0.0006208807,0.14226234,46.554357,3336.8957,59.5,0,1.0471976,0,0,nan,nan,951.62107,-49.384672,-0.55476971,-40.299757,-1.9093926e-06,20.07335,0.01422726,0,0,0,0,0,0
27.3,1146.8868,24.140628,-3335.3828,39.544963,2.0412636,30.486504,1.927664e-05,-0.64569579,0.00035969127,-5.1229835e-05,-0.14361048,-6.5365696e-05,-0.26179939,-1.8883555e-08,0.0024759557,1,-0.7854,-1.7534975e-08,0.0024539874,1,0,0,0.063244726,0.00061058534,0.14309628,46.828122,3335.3828,59.5,0,1.0471976,0,0,nan,nan,962.99715,-49.845249,-0.55252503,-40.978247,-1.2994517e-06,19.884129,0.013964302,0,0,0,0,0,0
27.35,1148.8637,24.24268,-3333.848,39.53243,2.0407964,30.923238,1.9279785e-05,-0.65282672,0.00035544812,-5.1258805e-05,-0.14154757,-6.4287257e-05,-0.26179939,-1.6550959e-08,0.0024369123,1,-0.7854,-1.5283111e-08,0.0024151447,1,0,0,0.063324748,0.00060038385,0.1439371,47.10416,3333.848,59.5,0,1.0471976,0,0,nan,nan,974.53888,-50.310301,-0.55024418,-41.667588,-7.1499538e-07,19.690524,0.01370519,0,0,0,0,0,0
27.4,1150.84,24.344709,-3332.2913,39.520319,2.0403313,31.359182,1.9277139e-05,-0.65985499,0.00035125184,-5.1271461e-05,-0.13950506,-6.3230537e-05,-0.26179939,-1.4358728e-08,0.002398231,1,-0.7854,-1.316755e-08,0.002376668,1,0,0,0.06340467,0.00059027806,0.14478461,47.382412,3332.2913,59.5,0,1.0471976,0,0,nan,nan,986.2456,-50.77972,-0.54792671,-42.367727,-1.55089e-07,19.492592,0.01344998,0,0,0,0,0,0
27.45,1152.8158,24.446714,-3330.7129,39.508637,2.0398684,31.794333,1.9268949e-05,-0.66678164,0.00034710172,-5.1268491e-05,-0.13748339,-6.2195066e-05,-0.26179939,-1.2299778e-08,0.0023599185,1,-0.7854,-1.118139e-08,0.0023385637,1,0,0,0.063484458,0.00058026963,0.14563865,47.662821,3330.7129,59.5,0,1.0471976,0,0,nan,nan,998.11666,-51.253399,-0.54557221,-43.078592,3.8116761e-07,19.290425,0.013198716,0,0,0,0,0,0
27.5,1154.7909,24.548697,-3329.1128,39.497391,2.0394077,32.228685,1.925545e-05,-0.67360771,0.00034299707,-5.1250557e-05,-0.135483,-6.1180378e-05,-0.26179939,-1.0367342e-08,0.0023219809,1,-0.7854,-9.3180371e-09,0.0023008377,1,0,0,0.063564073,0.00057036014,0.14649902,47.945328,3329.1128,59.5,0,1.0471976,0,0,nan,nan,1010.1514,-51.731234,-0.54318031,-43.800094,8.9464001e-07,19.084158,0.012951436,0,0,0,0,0,0
27.55,1156.7655,24.650656,-3327.491,39.48659,2.0389493,32.662234,1.9236871e-05,-0.68033428,0.00033893722,-5.1218296e-05,-0.1335043,-6.0186016e-05,-0.26179939,-8.5549604e-09,0.0022844239,1,-0.7854,-7.5712007e-09,0.0022634952,1,0,0,0.063643471,0.00056055099,0.14736556,48.229878,3327.491,59.5,0,1.0471976,0,0,nan,nan,1022.3491,-52.21312,-0.54075071,-44.532117,1.3861604e-06,18.873983,0.012708173,0,0,0,0,0,0
27.6,1158.7396,24.752593,-3325.8475,39.476241,2.0384931,33.094975,1.9213431e-05,-0.68696244,0.00033492151,-5.1172322e-05,-0.1315477,-5.9211527e-05,-0.26179939,-6.8564639e-09,0.0022472526,1,-0.7854,-5.9348714e-09,0.0022265412,1,0,0,0.063722604,0.0005508435,0.14823811,48.516415,3325.8475,59.5,0,1.0471976,0,0,nan,nan,1034.7092,-52.698954,-0.53828313,-45.274515,1.8565297e-06,18.660153,0.012468956,0,0,0,0,0,0
27.65,1160.7132,24.854506,-3324.1823,39.466351,2.0380392,33.526904,1.9185341e-05,-0.69349331,0.0003309493,-5.1113229e-05,-0.12961356,-5.8256465e-05,-0.26179939,-5.2659597e-09,0.0022104716,1,-0.7854,-4.4033044e-09,0.0021899799,1,0,0,0.063801416,0.00054123883,0.14911648,48.804885,3324.1823,59.5,0,1.0471976,0,0,nan,nan,1047.231,-53.188633,-0.53577736,-46.027114,2.3065212e-06,18.442987,0.012233812,0,0,0,0,0,0
27.7,1162.6863,24.956397,-3322.4956,39.456929,2.0375877,33.958018,1.9152805e-05,-0.69992802,0.00032701995,-5.1041585e-05,-0.1277022,-5.732039e-05,-0.26179939,-3.7778101e-09,0.0021740851,1,-0.7854,-2.9710004e-09,0.0021538153,1,0,0,0.063879849,0.00053173805,0.15000052,49.095236,3322.4956,59.5,0,1.0471976,0,0,nan,nan,1059.9138,-53.682056,-0.53323323,-46.789708,2.7368834e-06,18.22287,0.012002765,0,0,0,0,0,0
27.75,1164.6589,25.058266,-3320.7874,39.447981,2.0371384,34.388312,1.911602e-05,-0.70626772,0.00032313286,-5.095794e-05,-0.12581391,-5.6402867e-05,-0.26179939,-2.3866139e-09,0.0021380967,1,-0.7854,-1.6326854e-09,0.0021180508,1,0,0,0.063957838,0.00052234212,0.15089008,49.387415,3320.7874,59.5,0,1.0471976,0,0,nan,nan,1072.7569,-54.179125,-0.5306506,-47.562064,3.1483446e-06,18.00025,0.01177584,0,0,0,0,0,0
27.8,1166.6311,25.160112,-3319.0577,39.439515,2.0366916,34.817782,1.9075173e-05,-0.71251356,0.00031928742,-5.0862824e-05,-0.12394894,-5.5503465e-05,-0.26179939,-1.0871878e-09,0.0021025098,1,-0.7854,-3.8329315e-10,0.0020826896,1,0,0,0.064035316,0.0005130519,0.15178498,49.68137,3319.0577,59.5,0,1.0471976,0,0,nan,nan,1085.7597,-54.679741,-0.52802939,-48.343921,3.5416168e-06,17.775631,0.011553057,0,0,0,0,0,0
27.85,1168.6029,25.261936,-3317.3065,39.431539,2.0362472,35.246426,1.9030446e-05,-0.71866671,0.00031548304,-5.0756743e-05,-0.12210745,-5.4621758e-05,-0.26179939,1.2545135e-10,0.0020673272,1,-0.7854,7.8205166e-10,0.0020477342,1,0,0,0.064112214,0.00050386813,0.15268509,49.977053,3317.3065,59.5,0,1.0471976,0,0,nan,nan,1098.9216,-55.183806,-0.52536959,-49.134996,3.9173994e-06,17.549566,0.011334438,0,0,0,0,0,0
27.9,1170.5743,25.363738,-3315.5339,39.424059,2.0358053,35.67424,1.8982012e-05,-0.72472836,0.00031171916,-5.0640188e-05,-0.12028958,-5.3757326e-05,-0.26179939,1.2561017e-09,0.0020325516,1,-0.7854,1.8680473e-09,0.002013187,1,0,0,0.064188464,0.00049479145,0.15359024,50.274414,3315.5339,59.5,0,1.0471976,0,0,nan,nan,1112.2419,-55.691225,-0.52267121,-49.934992,4.276383e-06,17.32264,0.011119999,0,0,0,0,0,0
27.95,1172.5453,25.465518,-3313.7399,39.417082,2.0353658,36.101222,1.8930039e-05,-0.73069968,0.00030799521,-5.0513628e-05,-0.11849537,-5.2909751e-05,-0.26179939,2.3093891e-09,0.001998185,1,-0.7854,2.8792258e-09,0.00197905,1,0,0,0.064263996,0.00048582244,0.15450029,50.573404,3313.7399,59.5,0,1.0471976,0,0,nan,nan,1125.7199,-56.201902,-0.51993435,-50.743602,4.6192518e-06,17.095458,0.010909751,0,0,0,0,0,0
28,1174.516,25.567275,-3311.9247,39.410615,2.0349288,36.527368,1.8874684e-05,-0.73658185,0.00030431066,-5.0377512e-05,-0.11672484,-5.2078619e-05,-0.26179939,3.2897764e-09,0.0019642294,1,-0.7854,3.8199611e-09,0.001945325,1,0,0,0.064338749,0.00047696156,0.1554151,50.873977,3311.9247,59.5,0,1.0471976,0,0,nan,nan,1139.355,-56.715741,-0.51715916,-51.560518,4.9466859e-06,16.868628,0.0107037,0,0,0,0,0,0
28.05,1176.4864,25.669011,-3310.0881,39.404666,2.0344944,36.952676,1.8816102e-05,-0.74237607,0.00030066497,-5.023227e-05,-0.1149779,-5.1263521e-05,-0.26179939,4.20157e-09,0.0019306864,1,-0.7854,4.6944727e-09,0.0019120134,1,0,0,0.064412662,0.00046820918,0.15633452,51.176086,3310.0881,59.5,0,1.0471976,0,0,nan,nan,1153.1465,-57.232648,-0.51434584,-52.385437,5.259362e-06,16.642743,0.010501848,0,0,0,0,0,0
28.1,1178.4565,25.770726,-3308.2302,39.399239,2.0340625,37.377144,1.8754435e-05,-0.7480835,0.00029705763,-5.0078315e-05,-0.11325444,-5.0464054e-05,-0.26179939,5.0489225e-09,0.0018975572,1,-0.7854,5.5068275e-09,0.0018791163,1,0,0,0.064485684,0.00045956562,0.15725841,51.479687,3308.2302,59.5,0,1.0471976,0,0,nan,nan,1167.0938,-57.752528,-0.51149468,-53.218073,5.5579538e-06,16.418365,0.010304184,0,0,0,0,0,0
28.15,1180.4263,25.872418,-3306.3512,39.394342,2.0336333,37.80077,1.8689823e-05,-0.75370533,0.00029348813,-4.9916038e-05,-0.11155427,-4.9679817e-05,-0.26179939,5.8358327e-09,0.0018648429,1,-0.7854,6.2609376e-09,0.0018466346,1,0,0,0.064557772,0.00045103108,0.15818664,51.784735,3306.3512,59.5,0,1.0471976,0,0,nan,nan,1181.1962,-58.275286,-0.50860599,-54.058161,5.8431307e-06,16.196006,0.01011069,0,0,0,0,0,0
28.2,1182.396,25.97409,-3304.451,39.38998,2.0332066,38.223552,1.8622395e-05,-0.75924269,0.000289956,-4.9745812e-05,-0.10987715,-4.8910417e-05,-0.26179939,6.5661428e-09,0.0018325444,1,-0.7854,6.9605561e-09,0.0018145691,1,0,0,0.064628893,0.00044260572,0.15911908,52.091187,3304.451,59.5,0,1.0471976,0,0,nan,nan,1195.4532,-58.800826,-0.5056802,-54.905466,6.115556e-06,15.976115,0.009921337,0,0,0,0,0,0
28.25,1184.3654,26.07574,-3302.5297,39.386161,2.0327826,38.645489,1.8552276e-05,-0.76469675,0.00028646076,-4.9567992e-05,-0.10822282,-4.8155466e-05,-0.26179939,7.2435328e-09,0.0018006622,1,-0.7854,7.6092709e-09,0.0017829202,1,0,0,0.064699025,0.00043428959,0.16005559,52.399,3302.5297,59.5,0,1.0471976,0,0,nan,nan,1209.8639,-59.329053,-0.50271777,-55.75979,6.3758834e-06,15.759061,0.0097360853,0,0,0,0,0,0
28.3,1186.3346,26.177369,-3300.5873,39.382889,2.0323613,39.066579,1.8479583e-05,-0.77006864,0.00028300195,-4.9382913e-05,-0.10659095,-4.7414585e-05,-0.26179939,7.8715145e-09,0.0017691967,1,-0.7854,8.2104972e-09,0.0017516881,1,0,0,0.064768156,0.0004260827,0.16099605,52.708134,3300.5873,59.5,0,1.0471976,0,0,nan,nan,1224.4279,-59.85987,-0.49971923,-56.620972,6.6247538e-06,15.545127,0.0095548834,0,0,0,0,0,0
28.35,1188.3037,26.278977,-3298.6239,39.38017,2.0319427,39.48682,1.8404426e-05,-0.77535946,0.00027957913,-4.9190893e-05,-0.10498122,-4.6687402e-05,-0.26179939,8.4534232e-09,0.0017381481,1,-0.7854,8.7674697e-09,0.0017208729,1,0,0,0.064836286,0.00041798498,0.16194033,53.018548,3298.6239,59.5,0,1.0471976,0,0,nan,nan,1239.1444,-60.393179,-0.49668516,-57.488897,6.8627909e-06,15.334504,0.0093776686,0,0,0,0,0,0
28.4,1190.2726,26.380564,-3296.6395,39.378011,2.0315269,39.906211,1.8326911e-05,-0.78057032,0.00027619187,-4.8992233e-05,-0.10339328,-4.5973553e-05,-0.26179939,8.9924105e-09,0.0017075162,1,-0.7854,9.2832349e-09,0.0016904743,1,0,0,0.064903425,0.00040999628,0.16288831,53.330201,3296.6395,59.5,0,1.0471976,0,0,nan,nan,1254.0129,-60.928881,-0.49361621,-58.363493,7.0905961e-06,15.127285,0.0092043675,0,0,0,0,0,0
28.45,1192.2415,26.482131,-3294.6342,39.376416,2.0311138,40.324752,1.8247134e-05,-0.7857023,0.00027283975,-4.8787217e-05,-0.10182676,-4.5272684e-05,-0.26179939,9.491437e-09,0.0016773008,1,-0.7854,9.7606449e-09,0.001660492,1,0,0,0.064969594,0.00040211641,0.16383988,53.643056,3294.6342,59.5,0,1.0471976,0,0,nan,nan,1269.0327,-61.466877,-0.49051308,-59.244733,7.3087445e-06,14.92347,0.009034897,0,0,0,0,0,0
28.5,1194.2103,26.583676,-3292.6079,39.375393,2.0307035,40.74244,1.8165191e-05,-0.79075646,0.00026952237,-4.8576111e-05,-0.10028132,-4.4584454e-05,-0.26179939,9.9532666e-09,0.0016475014,1,-0.7854,1.0202352e-08,0.0016309254,1,0,0,0.065034822,0.00039434512,0.1647949,53.957074,3292.6079,59.5,0,1.0471976,0,0,nan,nan,1284.2032,-62.007067,-0.4873765,-60.132627,7.5177797e-06,14.722968,0.0088691654,0,0,0,0,0,0
28.55,1196.179,26.685202,-3290.5608,39.374946,2.030296,41.159275,1.8081167e-05,-0.79573385,0.00026623934,-4.8359168e-05,-0.098756618,-4.3908531e-05,-0.26179939,1.0380463e-08,0.0016181173,1,-0.7854,1.0610808e-08,0.0016017736,1,0,0,0.065099145,0.00038668209,0.16575328,54.272218,3290.5608,59.5,0,1.0471976,0,0,nan,nan,1299.5237,-62.54935,-0.48420725,-61.027226,7.71821e-06,14.525613,0.0087070739,0,0,0,0,0,0
28.6,1198.1478,26.786707,-3288.4928,39.375081,2.0298914,41.575256,1.7995148e-05,-0.80063549,0.00026299028,-4.8136628e-05,-0.097252339,-4.3244594e-05,-0.26179939,1.0775388e-08,0.0015891475,1,-0.7854,1.0988261e-08,0.0015730357,1,0,0,0.065162606,0.00037912695,0.1667149,54.588452,3288.4928,59.5,0,1.0471976,0,0,nan,nan,1314.9936,-63.093625,-0.48100615,-61.928608,7.9105049e-06,14.331172,0.0085485189,0,0,0,0,0,0
28.65,1200.1165,26.888192,-3286.4041,39.375804,2.0294896,41.99038,1.7907211e-05,-0.8054624,0.00025977483,-4.7908715e-05,-0.095768193,-4.2592335e-05,-0.26179939,1.1140205e-08,0.001560591,1,-0.7854,1.1336764e-08,0.0015447103,1,0,0,0.06522525,0.00037167929,0.16767965,54.905741,3286.4041,59.5,0,1.0471976,0,0,nan,nan,1330.6124,-63.639791,-0.47777405,-62.836874,8.0950928e-06,14.139366,0.0083933936,0,0,0,0,0,0
28.7,1202.0854,26.989657,-3284.2946,39.377121,2.0290907,42.404648,1.7817432e-05,-0.81021559,0.00025659263,-4.7675645e-05,-0.09430392,-4.1951459e-05,-0.26179939,1.1476882e-08,0.0015324464,1,-0.7854,1.1658178e-08,0.0015167959,1,0,0,0.065287122,0.00036433863,0.16864742,55.22405,3284.2946,59.5,0,1.0471976,0,0,nan,nan,1346.3794,-64.187746,-0.4745118,-63.752139,8.2723592e-06,13.949884,0.0082415905,0,0,0,0,0,0
28.75,1204.0543,27.091102,-3282.1645,39.379038,2.0286947,42.818057,1.7725883e-05,-0.81489603,0.00025344333,-4.743762e-05,-0.092859294,-4.1321682e-05,-0.26179939,1.1787201e-08,0.0015047122,1,-0.7854,1.1954184e-08,0.001489291,1,0,0,0.06534827,0.00035710446,0.16961811,55.543345,3282.1645,59.5,0,1.0471976,0,0,nan,nan,1362.2939,-64.73739,-0.47122029,-64.674522,8.4426468e-06,13.762409,0.008093003,0,0,0,0,0,0
28.8,1206.0233,27.192527,-3280.0136,39.38156,2.0283017,43.230607,1.7632634e-05,-0.81950471,0.0002503266,-4.7194836e-05,-0.091434121,-4.0702732e-05,-0.26179939,1.2072768e-08,0.0014773865,1,-0.7854,1.2226293e-08,0.0014621936,1,0,0,0.065408737,0.00034997623,0.17059162,55.863593,3280.0136,59.5,0,1.0471976,0,0,nan,nan,1378.3554,-65.288623,-0.46790041,-65.604138,8.6062565e-06,13.57663,0.0079475278,0,0,0,0,0,0
28.85,1207.9924,27.293933,-3277.8422,39.384694,2.0279116,43.642296,1.753775e-05,-0.8240426,0.00024724211,-4.6947479e-05,-0.090028239,-4.0094347e-05,-0.26179939,1.2335028e-08,0.0014504674,1,-0.7854,1.2475864e-08,0.0014355017,1,0,0,0.065468561,0.00034295335,0.17156784,56.184761,3277.8422,59.5,0,1.0471976,0,0,nan,nan,1394.5633,-65.841346,-0.46455307,-66.541089,8.7634496e-06,13.39227,0.0078050663,0,0,0,0,0,0
28.9,1209.9617,27.395319,-3275.6503,39.388447,2.0275245,44.053122,1.7441297e-05,-0.82851065,0.00024418955,-4.6695728e-05,-0.088641513,-3.9496279e-05,-0.26179939,1.2575284e-08,0.0014239528,1,-0.7854,1.2704123e-08,0.001409213,1,0,0,0.065527776,0.00033603517,0.17254669,56.506818,3275.6503,59.5,0,1.0471976,0,0,nan,nan,1410.9169,-66.395461,-0.46117918,-67.485454,8.9144511e-06,13.209095,0.0076655262,0,0,0,0,0,0
28.95,1211.9313,27.496686,-3273.4378,39.392823,2.0271404,44.463085,1.7343337e-05,-0.83290982,0.0002411686,-4.6439758e-05,-0.087273827,-3.8908286e-05,-0.26179939,1.2794707e-08,0.0013978403,1,-0.7854,1.2912177e-08,0.0013833249,1,0,0,0.06558641,0.00032922105,0.17352806,56.829733,3273.4378,59.5,0,1.0471976,0,0,nan,nan,1427.4157,-66.950872,-0.45777965,-68.437286,9.0594539e-06,13.026935,0.0075288225,0,0,0,0,0,0
29,1213.901,27.598034,-3271.2048,39.39783,2.0267593,44.872182,1.7243931e-05,-0.83724106,0.00023817897,-4.6179738e-05,-0.085925081,-3.8330139e-05,-0.26179939,1.2994365e-08,0.0013721274,1,-0.7854,1.3101035e-08,0.0013578351,1,0,0,0.065644481,0.00032251027,0.17451186,57.153476,3271.2048,59.5,0,1.0471976,0,0,nan,nan,1444.059,-67.507486,-0.4543554,-69.396604,9.1986245e-06,12.84569,0.0073948781,0,0,0,0,0,0
29.05,1215.8711,27.699363,-3268.9514,39.403473,2.0263812,45.280414,1.714314e-05,-0.84150532,0.00023522035,-4.591583e-05,-0.084595183,-3.7761614e-05,-0.26179939,1.3175233e-08,0.0013468113,1,-0.7854,1.327163e-08,0.0013327405,1,0,0,0.065702001,0.00031590211,0.175498,57.478017,3268.9514,59.5,0,1.0471976,0,0,nan,nan,1460.8463,-68.06521,-0.45090734,-70.363392,9.3321082e-06,12.665339,0.0072636243,0,0,0,0,0,0
29.1,1217.8414,27.800673,-3266.6776,39.409759,2.0260061,45.687778,1.704102e-05,-0.84570354,0.00023229247,-4.5648195e-05,-0.083284036,-3.7202495e-05,-0.26179939,1.3338218e-08,0.0013218893,1,-0.7854,1.3424834e-08,0.0013080383,1,0,0,0.065758977,0.00030939582,0.17648639,57.803328,3266.6776,59.5,0,1.0471976,0,0,nan,nan,1477.777,-68.623954,-0.4474364,-71.337598,9.460035e-06,12.48594,0.007135,0,0,0,0,0,0
29.15,1219.812,27.901964,-3264.3834,39.416693,2.0256342,46.094273,1.693763e-05,-0.84983664,0.00022939502,-4.5376991e-05,-0.081991535,-3.6652575e-05,-0.26179939,1.3484172e-08,0.0012973583,1,-0.7854,1.3561473e-08,0.0012837256,1,0,0,0.065815405,0.00030299061,0.17747694,58.12938,3264.3834,59.5,0,1.0471976,0,0,nan,nan,1494.8504,-69.183628,-0.44394349,-72.319133,9.5825256e-06,12.307627,0.0070089517,0,0,0,0,0,0
29.2,1221.783,28.003237,-3262.069,39.424282,2.0252653,46.499898,1.6833026e-05,-0.85390556,0.00022652774,-4.5102369e-05,-0.080717557,-3.6111649e-05,-0.26179939,1.3613911e-08,0.0012732153,1,-0.7854,1.3682345e-08,0.001259799,1,0,0,0.065871279,0.00029668567,0.17846958,58.456145,3262.069,59.5,0,1.0471976,0,0,nan,nan,1512.066,-69.744145,-0.44042953,-73.307879,9.6996969e-06,12.130602,0.0068854321,0,0,0,0,0,0
29.25,1223.7545,28.104491,-3259.7343,39.432531,2.0248995,46.904652,1.6727261e-05,-0.85791123,0.00022369036,-4.4824481e-05,-0.079461957,-3.5579519e-05,-0.26179939,1.3728223e-08,0.0012494571,1,-0.7854,1.3788228e-08,0.0012362553,1,0,0,0.065926588,0.00029048019,0.17946421,58.783597,3259.7343,59.5,0,1.0471976,0,0,nan,nan,1529.4232,-70.305422,-0.43689547,-74.303691,9.8116664e-06,11.955123,0.0067643992,0,0,0,0,0,0
29.3,1225.7263,28.205728,-3257.3793,39.441447,2.0245368,47.308535,1.662039e-05,-0.86185456,0.00022088261,-4.4543473e-05,-0.078224557,-3.5055991e-05,-0.26179939,1.3827883e-08,0.0012260803,1,-0.7854,1.3879889e-08,0.0012130913,1,0,0,0.065981318,0.0002843733,0.18046076,59.11171,3257.3793,59.5,0,1.0471976,0,0,nan,nan,1546.9215,-70.867372,-0.43334224,-75.306406,9.9185568e-06,11.78149,0.0066458143,0,0,0,0,0,0
29.35,1227.6986,28.306946,-3255.0042,39.451035,2.0241773,47.711545,1.6512464e-05,-0.86573644,0.00021810423,-4.4259488e-05,-0.07700515,-3.4540874e-05,-0.26179939,1.3913657e-08,0.0012030816,1,-0.7854,1.3958092e-08,0.0011903034,1,0,0,0.066035454,0.00027836416,0.18145915,59.440458,3255.0042,59.5,0,1.0471976,0,0,nan,nan,1564.5602,-71.429914,-0.42977079,-76.315852,1.0020498e-05,11.610024,0.0065296411,0,0,0,0,0,0
29.4,1229.6714,28.408146,-3252.609,39.461301,2.0238209,48.113682,1.6403533e-05,-0.86955779,0.00021535496,-4.3972664e-05,-0.075803493,-3.4033981e-05,-0.26179939,1.3986306e-08,0.0011804576,1,-0.7854,1.4023594e-08,0.0011678882,1,0,0,0.066088983,0.00027245186,0.18245929,59.769816,3252.609,59.5,0,1.0471976,0,0,nan,nan,1582.3388,-71.992965,-0.42618208,-77.331852,1.011763e-05,11.441047,0.0064158437,0,0,0,0,0,0
29.45,1231.6447,28.509329,-3250.1937,39.47225,2.0234676,48.514946,1.6293645e-05,-0.87331947,0.00021263455,-4.3683137e-05,-0.074619312,-3.353513e-05,-0.26179939,1.4046585e-08,0.0011582047,1,-0.7854,1.407715e-08,0.0011458422,1,0,0,0.066141892,0.00026663551,0.18346112,60.099759,3250.1937,59.5,0,1.0471976,0,0,nan,nan,1600.2568,-72.556444,-0.42257708,-78.354242,1.0210103e-05,11.274866,0.0063043854,0,0,0,0,0,0
29.5,1233.6186,28.610494,-3247.7583,39.483887,2.0231175,48.915336,1.6182849e-05,-0.87702236,0.00020994276,-4.3391037e-05,-0.0734523,-3.3044141e-05,-0.26179939,1.4095247e-08,0.0011363193,1,-0.7854,1.4119504e-08,0.0011241617,1,0,0,0.066194174,0.0002609142,0.18446456,60.430264,3247.7583,59.5,0,1.0471976,0,0,nan,nan,1618.3135,-73.120268,-0.41895678,-79.38287,1.0298074e-05,11.111751,0.0061952272,0,0,0,0,0,0
29.55,1235.5931,28.711641,-3245.303,39.496218,2.0227705,49.314851,1.6071187e-05,-0.8806673,0.00020727936,-4.3096491e-05,-0.072302128,-3.2560837e-05,-0.26179939,1.4133028e-08,0.001114798,1,-0.7854,1.415139e-08,0.0011028432,1,0,0,0.066245825,0.00025528699,0.18546955,60.761308,3245.303,59.5,0,1.0471976,0,0,nan,nan,1636.5084,-73.684356,-0.41532217,-80.417613,1.038171e-05,10.951921,0.006088327,0,0,0,0,0,0
29.6,1237.5682,28.812772,-3242.8276,39.509247,2.0224268,49.713492,1.5958704e-05,-0.88425513,0.0002046441,-4.2799619e-05,-0.071168444,-3.2085046e-05,-0.26179939,1.4160653e-08,0.001093637,1,-0.7854,1.4173517e-08,0.0010818831,1,0,0,0.066296849,0.00024975295,0.186476,61.092867,3242.8276,59.5,0,1.0471976,0,0,nan,nan,1654.841,-74.248627,-0.41167427,-81.458373,1.0461181e-05,10.795527,0.0059836391,0,0,0,0,0,0
29.65,1239.544,28.913885,-3240.3324,39.522981,2.0220862,50.111258,1.5845441e-05,-0.88778666,0.00020203675,-4.2500538e-05,-0.070050886,-3.16166e-05,-0.26179939,1.4178819e-08,0.0010728327,1,-0.7854,1.4186568e-08,0.0010612775,1,0,0,0.066347253,0.0002443111,0.18748385,61.42492,3240.3324,59.5,0,1.0471976,0,0,nan,nan,1673.3106,-74.812997,-0.40801411,-82.505091,1.0536658e-05,10.642648,0.0058811133,0,0,0,0,0,0
29.7,1241.5205,29.014981,-3237.8173,39.537423,2.0217488,50.508149,1.5731437e-05,-0.8912627,0.0001994571,-4.219936e-05,-0.068949087,-3.1155338e-05,-0.26179939,1.4188193e-08,0.0010523814,1,-0.7854,1.4191191e-08,0.0010410228,1,0,0,0.066397053,0.0002389605,0.18849303,61.757446,3237.8173,59.5,0,1.0471976,0,0,nan,nan,1691.9169,-75.377384,-0.4043427,-83.557741,1.0608311e-05,10.493283,0.0057806956,0,0,0,0,0,0
29.75,1243.4977,29.11606,-3235.2824,39.55258,2.0214146,50.904166,1.5616731e-05,-0.89468402,0.00019690492,-4.1896191e-05,-0.067862683,-3.0701099e-05,-0.26179939,1.4189401e-08,0.0010322793,1,-0.7854,1.4187987e-08,0.0010211154,1,0,0,0.066446267,0.00023370016,0.18950349,62.090422,3235.2824,59.5,0,1.0471976,0,0,nan,nan,1710.6592,-75.941705,-0.4006611,-84.616336,1.06763e-05,10.347352,0.0056823282,0,0,0,0,0,0
29.8,1245.4757,29.217123,-3232.7277,39.568455,2.0210836,51.299307,1.5501357e-05,-0.89805138,0.00019438001,-4.1591133e-05,-0.066791324,-3.0253733e-05,-0.26179939,1.4183026e-08,0.0010125227,1,-0.7854,1.4177512e-08,0.0010015513,1,0,0,0.066494922,0.00022852909,0.19051515,62.423829,3232.7277,59.5,0,1.0471976,0,0,nan,nan,1729.537,-76.505875,-0.39697033,-85.680919,1.0740778e-05,10.204705,0.0055859505,0,0,0,0,0,0
29.85,1247.4545,29.318169,-3230.1533,39.585055,2.0207559,51.693574,1.5385353e-05,-0.90136552,0.00019188214,-4.1284284e-05,-0.065734678,-2.9813091e-05,-0.26179939,1.4169597e-08,0.00099310789,1,-0.7854,1.4160267e-08,0.00098232676,1,0,0,0.066543045,0.00022344631,0.19152795,62.757646,3230.1533,59.5,0,1.0471976,0,0,nan,nan,1748.5497,-77.069811,-0.39327145,-86.751563,1.0801882e-05,10.065132,0.0054914999,0,0,0,0,0,0
29.9,1249.4342,29.419199,-3227.5592,39.602383,2.0204313,52.086965,1.526875e-05,-0.90462718,0.00018941112,-4.0975739e-05,-0.064692436,-2.9379034e-05,-0.26179939,1.4149591e-08,0.00097403093,1,-0.7854,1.4136696e-08,0.00096343798,1,0,0,0.066590668,0.0002184508,0.19254184,63.091854,3227.5592,59.5,0,1.0471976,0,0,nan,nan,1767.6969,-77.63343,-0.3895655,-87.828364,1.0859732e-05,9.928373,0.005398913,0,0,0,0,0,0
29.95,1251.4148,29.520213,-3224.9454,39.620446,2.02011,52.479481,1.5151583e-05,-0.90783707,0.00018696674,-4.066559e-05,-0.06366432,-2.8951425e-05,-0.26179939,1.412343e-08,0.000955288,1,-0.7854,1.4107192e-08,0.00094488107,1,0,0,0.066637823,0.00021354157,0.19355676,63.426434,3224.9454,59.5,0,1.0471976,0,0,nan,nan,1786.9781,-78.196646,-0.3858535,-88.91143,1.091443e-05,9.7941409,0.0053081267,0,0,0,0,0,0
30,1253.3962,29.621211,-3222.312,39.639249,2.0197918,52.871121,1.5033884e-05,-0.91099589,0.0001845488,-4.0353924e-05,-0.062650082,-2.8530135e-05,-0.26179939,1.409148e-08,0.00093687522,1,-0.7854,1.407209e-08,0.00092665212,1,0,0,0.066684542,0.00020871759,0.19457264,63.761367,3222.312,59.5,0,1.0471976,0,0,nan,nan,1806.3926,-78.759376,-0.38213648,-90.000874,1.0966059e-05,9.6621379,0.0052190798,0,0,0,0,0,0
30.05,1255.3787,29.722193,-3219.6591,39.658796,2.0194769,53.261885,1.4915685e-05,-0.91410432,0.00018215711,-4.0040829e-05,-0.061649502,-2.8115041e-05,-0.26179939,1.4054058e-08,0.00091878866,1,-0.7854,1.403168e-08,0.00090874719,1,0,0,0.066730854,0.00020397785,0.19558943,64.096635,3219.6591,59.5,0,1.0471976,0,0,nan,nan,1825.9401,-79.32154,-0.37841546,-91.096805,1.1014684e-05,9.5320752,0.0051317137,0,0,0,0,0,0
30.1,1257.3621,29.823159,-3216.9866,39.679094,2.0191653,53.651774,1.4797016e-05,-0.91716305,0.00017979147,-3.9726389e-05,-0.060662394,-2.7706024e-05,-0.26179939,1.4011433e-08,0.00090102439,1,-0.7854,1.3986207e-08,0.00089116232,1,0,0,0.066776787,0.00019932133,0.19660707,64.43222,3216.9866,59.5,0,1.0471976,0,0,nan,nan,1845.62,-79.883053,-0.37469145,-92.199323,1.106035e-05,9.4036919,0.0050459737,0,0,0,0,0,0
30.15,1259.3465,29.92411,-3214.2947,39.700146,2.0188568,54.040786,1.467791e-05,-0.92017275,0.00017745169,-3.9410688e-05,-0.059688592,-2.7302972e-05,-0.26179939,1.3963836e-08,0.00088357841,1,-0.7854,1.3935882e-08,0.00087389352,1,0,0,0.066822363,0.000194747,0.19762552,64.768105,3214.2947,59.5,0,1.0471976,0,0,nan,nan,1865.4317,-80.443838,-0.37096542,-93.308502,1.1103089e-05,9.2767707,0.0049618098,0,0,0,0,0,0
30.2,1261.3321,30.025046,-3211.5833,39.72196,2.0185516,54.428922,1.4558396e-05,-0.92313406,0.00017513759,-3.9093809e-05,-0.058727953,-2.6905774e-05,-0.26179939,1.3911465e-08,0.00086644673,1,-0.7854,1.3880886e-08,0.00085693677,1,0,0,0.066867601,0.00019025384,0.19864472,65.104273,3211.5833,59.5,0,1.0471976,0,0,nan,nan,1885.3749,-81.003815,-0.36723834,-94.424396,1.114292e-05,9.1511506,0.0048791766,0,0,0,0,0,0
30.25,1263.3187,30.125966,-3208.8526,39.744541,2.0182496,54.816181,1.4438507e-05,-0.92604767,0.00017284897,-3.8775835e-05,-0.057780346,-2.6514327e-05,-0.26179939,1.3854495e-08,0.00084962533,1,-0.7854,1.3821383e-08,0.00084028804,1,0,0,0.066912513,0.00018584083,0.19966462,65.440708,3208.8526,59.5,0,1.0471976,0,0,nan,nan,1905.4489,-81.562908,-0.36351119,-95.547027,1.1179851e-05,9.0267352,0.0047980342,0,0,0,0,0,0
30.3,1265.3065,30.226871,-3206.1025,39.767899,2.0179507,55.202501,1.4317749e-05,-0.92891436,0.00017058631,-3.8456816e-05,-0.056861611,-2.609491e-05,-0.26179939,1.3811516e-08,0.00083338436,1,-0.7854,1.3826308e-08,0.00082462918,1,0,0,0.066956355,0.00018150548,0.20068502,65.777345,3206.1025,59.5,0,1.0471976,0,0,nan,nan,1925.6506,-82.293647,-0.359949,-96.834382,1.1223376e-05,8.4220846,0.0053702571,0,0,0,0,0,0
30.35,1267.2955,30.327762,-3203.3331,39.792055,2.0176551,55.587674,1.419372e-05,-0.93173699,0.00016835249,-3.8135166e-05,-0.056023761,-2.5692251e-05,-0.26179939,1.3990693e-08,0.00081802138,1,-0.7854,1.4132188e-08,0.00080944691,1,0,0,0.066995058,0.00017724799,0.20170537,66.114,3203.3331,59.5,0,1.0471976,0,0,nan,nan,1945.9694,-83.113113,-0.35583146,-98.1788,1.1384119e-05,7.6373804,0.004389576,0,0,0,0,0,0
30.4,1269.2857,30.428638,-3200.5445,39.816987,2.017363,55.971697,1.4070545e-05,-0.93451961,0.00016614242,-3.7808635e-05,-0.05526272,-2.5348899e-05,-0.26179939,1.4110326e-08,0.00080269052,1,-0.7854,1.408003e-08,0.00079413462,1,0,0,0.067025584,0.00017307205,0.20272555,66.450642,3200.5445,59.5,0,1.0471976,0,0,nan,nan,1966.4038,-83.938406,-0.35203564,-99.478928,1.1514333e-05,6.9595006,0.0043736776,0,0,0,0,0,0
30.45,1271.2771,30.529499,-3197.7367,39.84266,2.0170741,56.354596,1.3949059e-05,-0.93726578,0.0001639551,-3.7480881e-05,-0.054565442,-2.4987377e-05,-0.26179939,1.3909471e-08,0.00078758984,1,-0.7854,1.3750259e-08,0.0007792299,1,0,0,0.067045801,0.00016897392,0.20374553,66.787252,3197.7367,59.5,0,1.0471976,0,0,nan,nan,1986.9527,-84.770046,-0.3482689,-100.71799,1.1471795e-05,6.424685,0.0044711949,0,0,0,0,0,0
30.5,1273.2699,30.630346,-3194.9098,39.869026,2.0167885,56.736401,1.3828223e-05,-0.9399783,0.00016179161,-3.7155358e-05,-0.0539157,-2.4630155e-05,-0.26179939,1.3614194e-08,0.00077280546,1,-0.7854,1.345045e-08,0.00076458969,1,0,0,0.067054455,0.00016495281,0.20476524,67.123815,3194.9098,59.5,0,1.0471976,0,0,nan,nan,2007.6155,-85.608369,-0.34440755,-101.88484,1.1375346e-05,6.0569293,0.004314034,0,0,0,0,0,0
30.55,1275.264,30.731178,-3192.0639,39.896035,2.0165061,57.117148,1.3708329e-05,-0.94265911,0.00015965126,-3.6832582e-05,-0.053295445,-2.4282893e-05,-0.26179939,1.3326348e-08,0.0007582497,1,-0.7854,1.3167048e-08,0.0007501619,1,0,0,0.067051226,0.00016100829,0.20578464,67.460316,3192.0639,59.5,0,1.0471976,0,0,nan,nan,2028.3913,-86.453501,-0.34057444,-102.9746,1.1279821e-05,5.8665364,0.0042600373,0,0,0,0,0,0
30.6,1277.2594,30.831997,-3189.1989,39.923634,2.0162271,57.49687,1.3589304e-05,-0.94530926,0.00015753383,-3.6512491e-05,-0.052686256,-2.3937212e-05,-0.26179939,1.3051973e-08,0.00074394195,1,-0.7854,1.2906112e-08,0.00073599982,1,0,0,0.067036699,0.0001571391,0.20680369,67.796739,3189.1989,59.5,0,1.0471976,0,0,nan,nan,2049.2795,-87.305351,-0.33674295,-103.98885,1.1188707e-05,5.8497687,0.0042233993,0,0,0,0,0,0
30.65,1279.2563,30.932802,-3186.315,39.951771,2.0159512,57.875602,1.3470857e-05,-0.94792886,0.00015543936,-3.6194791e-05,-0.052070779,-2.3594808e-05,-0.26179939,1.2812387e-08,0.00072989182,1,-0.7854,1.2689227e-08,0.00072209121,1,0,0,0.067012272,0.00015334423,0.20782235,68.133071,3186.315,59.5,0,1.0471976,0,0,nan,nan,2070.2793,-88.163624,-0.3329041,-104.93529,1.1114256e-05,5.9896146,0.0041662054,0,0,0,0,0,0
30.7,1281.2546,31.033593,-3183.4121,39.980404,2.0156786,58.25337,1.3352819e-05,-0.95051723,0.00015336778,-3.5878936e-05,-0.051434024,-2.3255775e-05,-0.26179939,1.2612569e-08,0.00071609257,1,-0.7854,1.2510841e-08,0.00070843296,1,0,0,0.066980005,0.00014962264,0.20884056,68.469298,3183.4121,59.5,0,1.0471976,0,0,nan,nan,2091.39,-89.027846,-0.32907412,-105.82688,1.1059869e-05,6.2575937,0.004123207,0,0,0,0,0,0
30.75,1283.2543,31.13437,-3180.4904,40.009499,2.0154093,58.630194,1.3234968e-05,-0.95307302,0.00015131913,-3.5564361e-05,-0.050764439,-2.2918918e-05,-0.26179939,1.2450942e-08,0.000702548,1,-0.7854,1.237102e-08,0.00069503214,1,0,0,0.066942421,0.00014597317,0.20985829,68.805406,3180.4904,59.5,0,1.0471976,0,0,nan,nan,2112.6108,-89.897408,-0.3252543,-106.68065,1.1025291e-05,6.6164373,0.0040841181,0,0,0,0,0,0
30.8,1285.2555,31.235134,-3177.5499,40.039036,2.0151431,59.006085,1.3117061e-05,-0.95559438,0.0001492935,-3.5250483e-05,-0.050054658,-2.2584227e-05,-0.26179939,1.2329135e-08,0.00068926059,1,-0.7854,1.2271658e-08,0.00068188877,1,0,0,0.066902281,0.00014239463,0.21087549,69.141379,3177.5499,59.5,0,1.0471976,0,0,nan,nan,2133.9409,-90.771612,-0.32144754,-107.51616,1.1012105e-05,7.0234126,0.0040433923,0,0,0,0,0,0
30.85,1287.2581,31.335885,-3174.5906,40.069007,2.0148801,59.381044,1.2998877e-05,-0.95807923,0.00014729097,-3.4936682e-05,-0.049301893,-2.2251697e-05,-0.26179939,1.2246419e-08,0.00067623048,1,-0.7854,1.2210083e-08,0.00066900284,1,0,0,0.066862344,0.00013888579,0.21189212,69.477204,3174.5906,59.5,0,1.0471976,0,0,nan,nan,2155.3795,-91.649733,-0.31765887,-108.3538,1.1020547e-05,7.4340072,0.0040028959,0,0,0,0,0,0
30.9,1289.2623,31.436623,-3171.6125,40.099419,2.0146203,59.755065,1.2880222e-05,-0.96052543,0.00014531167,-3.462236e-05,-0.048507929,-2.1921358e-05,-0.26179939,1.2199327e-08,0.00066345781,1,-0.7854,1.218167e-08,0.00065637418,1,0,0,0.06682515,0.00013544541,0.21290813,69.812865,3171.6125,59.5,0,1.0471976,0,0,nan,nan,2176.9256,-92.531071,-0.31389126,-109.21309,1.1049208e-05,7.8056591,0.0039601661,0,0,0,0,0,0
30.95,1291.268,31.537347,-3168.6158,40.130292,2.0143637,60.128131,1.2760941e-05,-0.96293105,0.00014335567,-3.4306973e-05,-0.047678744,-2.1593501e-05,-0.26179939,1.2182375e-08,0.0006509414,1,-0.7854,1.2179731e-08,0.00064400068,1,0,0,0.066792822,0.00013207221,0.21392346,70.148345,3168.6158,59.5,0,1.0471976,0,0,nan,nan,2198.5784,-93.415009,-0.31014709,-110.11107,1.1095396e-05,8.101221,0.0039135737,0,0,0,0,0,0
31,1293.2753,31.63806,-3165.6005,40.161657,2.0141102,60.500218,1.2640935e-05,-0.96529455,0.00014142303,-3.3990076e-05,-0.046823793,-2.126852e-05,-0.26179939,1.2187945e-08,0.0006386786,1,-0.7854,1.2195566e-08,0.00063187898,1,0,0,0.066766911,0.00012876494,0.21493807,70.483629,3165.6005,59.5,0,1.0471976,0,0,nan,nan,2220.3369,-94.301053,-0.30642823,-111.061,1.1154992e-05,8.2918675,0.0038626704,0,0,0,0,0,0
31.05,1295.2841,31.738759,-3162.5666,40.193549,2.0138599,60.871299,1.2520166e-05,-0.96761492,0.00013951376,-3.3671355e-05,-0.04595503,-2.0946878e-05,-0.26179939,1.2206977e-08,0.00062666558,1,-0.7854,1.2219573e-08,0.0006200046,1,0,0,0.066748306,0.00012552237,0.21595192,70.8187,3162.5666,59.5,0,1.0471976,0,0,nan,nan,2242.1999,-95.188873,-0.30273555,-112.07132,1.1222825e-05,8.3592104,0.0038070327,0,0,0,0,0,0
31.1,1297.2946,31.839446,-3159.5141,40.226013,2.0136127,61.241344,1.2398659e-05,-0.96989179,0.0001376278,-3.3350654e-05,-0.045085749,-2.0629078e-05,-0.26179939,1.2229878e-08,0.00061489736,1,-0.7854,1.2242067e-08,0.00060837196,1,0,0,0.066737194,0.0001223433,0.21696493,71.153541,3159.5141,59.5,0,1.0471976,0,0,nan,nan,2264.1665,-96.078312,-0.29906918,-113.14517,1.1293182e-05,8.2964529,0.0037467745,0,0,0,0,0,0
31.15,1299.3067,31.940121,-3156.4432,40.259091,2.0133685,61.610322,1.2276497e-05,-0.97212544,0.00013576504,-3.3027979e-05,-0.044229364,-2.0315606e-05,-0.26179939,1.22473e-08,0.00060336806,1,-0.7854,1.2254055e-08,0.00059697475,1,0,0,0.06673309,0.00011922658,0.21797707,71.488136,3156.4432,59.5,0,1.0471976,0,0,nan,nan,2286.2356,-96.969397,-0.29542861,-114.28029,1.1360281e-05,8.1085037,0.0036825284,0,0,0,0,0,0
31.2,1301.3204,32.040783,-3153.3538,40.292821,2.0131274,61.978204,1.2153812e-05,-0.97431683,0.00013392528,-3.2703498e-05,-0.043398226,-2.0006889e-05,-0.26179939,1.2250915e-08,0.00059207117,1,-0.7854,1.2247968e-08,0.00058580621,1,0,0,0.066734915,0.0001161711,0.21898829,71.822467,3153.3538,59.5,0,1.0471976,0,0,nan,nan,2308.4061,-97.86232,-0.29181285,-115.46949,1.1418766e-05,7.8110643,0.0036152417,0,0,0,0,0,0
31.25,1303.3359,32.141434,-3150.2461,40.327237,2.0128894,62.344968,1.2030778e-05,-0.97646748,0.00013210829,-3.2377521e-05,-0.042602582,-1.9703256e-05,-0.26179939,1.2234052e-08,0.00058099991,1,-0.7854,1.2218197e-08,0.00057485946,1,0,0,0.06674113,0.00011317581,0.21999853,72.15652,3150.2461,59.5,0,1.0471976,0,0,nan,nan,2330.6769,-98.757412,-0.28822059,-116.70141,1.146414e-05,7.4287915,0.0035461177,0,0,0,0,0,0
31.3,1305.3531,32.242073,-3147.1201,40.362363,2.0126545,62.710596,1.1907589e-05,-0.97857936,0.0001303138,-3.2050469e-05,-0.041849762,-1.9404921e-05,-0.26179939,1.2192135e-08,0.0005701475,1,-0.7854,1.2161422e-08,0.00056412781,1,0,0,0.066749902,0.00011023973,0.22100775,72.490278,3147.1201,59.5,0,1.0471976,0,0,nan,nan,2353.047,-99.655105,-0.28465041,-117.96178,1.1493096e-05,6.9927229,0.0034764928,0,0,0,0,0,0
31.35,1307.3721,32.3427,-3143.9758,40.398212,2.0124225,63.075077,1.1784446e-05,-0.9806547,0.00012854149,-3.1722841e-05,-0.04114367,-1.9111962e-05,-0.26179939,1.2122908e-08,0.00055950745,1,-0.7854,1.207671e-08,0.00055360504,1,0,0,0.066759279,0.00010736189,0.2220159,72.823728,3143.9758,59.5,0,1.0471976,0,0,nan,nan,2375.5154,-100.55588,-0.28110098,-119.23478,1.1503726e-05,6.5372159,0.0034076942,0,0,0,0,0,0
31.4,1309.3929,32.443316,-3140.8133,40.434787,2.0121936,63.438408,1.1661545e-05,-0.98269587,0.00012679104,-3.1395167e-05,-0.040484598,-1.8824331e-05,-0.26179939,1.2026448e-08,0.00054907384,1,-0.7854,1.1965409e-08,0.00054328555,1,0,0,0.066767379,0.00010454139,0.22302294,73.156855,3140.8133,59.5,0,1.0471976,0,0,nan,nan,2398.081,-101.46023,-0.2775712,-120.50452,1.1495595e-05,6.0966893,0.0033409246,0,0,0,0,0,0
31.45,1311.4155,32.54392,-3137.6327,40.47208,2.0119676,63.800591,1.1539057e-05,-0.98470517,0.00012506213,-3.1067971e-05,-0.039869375,-1.8541858e-05,-0.26179939,1.1904962e-08,0.00053884143,1,-0.7854,1.1830831e-08,0.00053316455,1,0,0,0.066772553,0.00010177734,0.22402884,73.489647,3137.6327,59.5,0,1.0471976,0,0,nan,nan,2420.7431,-102.3686,-0.27406034,-121.75655,1.1469682e-05,5.7024755,0.0032771624,0,0,0,0,0,0
31.5,1313.44,32.644513,-3134.434,40.510072,2.0117446,64.161638,1.1417124e-05,-0.98668463,0.00012335443,-3.0741734e-05,-0.039291839,-1.8264277e-05,-0.26179939,1.1762411e-08,0.00052880579,1,-0.7854,1.1677794e-08,0.00052323805,1,0,0,0.066773522,9.9068872e-05,0.22503355,73.822092,3134.434,59.5,0,1.0471976,0,0,nan,nan,2443.5006,-103.28134,-0.2705681,-122.97906,1.1428188e-05,5.3800694,0.0032170876,0,0,0,0,0,0
31.55,1315.4664,32.745095,-3131.2173,40.548739,2.0115246,64.52156,1.1295845e-05,-0.98863596,0.00012166767,-3.0416856e-05,-0.03874355,-1.7991259e-05,-0.26179939,1.1604011e-08,0.00051896328,1,-0.7854,1.1512068e-08,0.00051350285,1,0,0,0.066769473,9.6415129e-05,0.22603704,74.154179,3131.2173,59.5,0,1.0471976,0,0,nan,nan,2466.3526,-104.19868,-0.26709467,-124.1639,1.1374256e-05,5.1470227,0.0031610434,0,0,0,0,0,0
31.6,1317.4948,32.845666,-3127.9826,40.588052,2.0113074,64.880375,1.117528e-05,-0.99056039,0.0001200016,-3.0093644e-05,-0.038214696,-1.7722438e-05,-0.26179939,1.1435658e-08,0.00050931099,1,-0.7854,1.1339768e-08,0.00050395642,1,0,0,0.066760103,9.381525e-05,0.22703928,74.485896,3127.9826,59.5,0,1.0471976,0,0,nan,nan,2489.2985,-105.12072,-0.26364068,-125.30713,1.1311617e-05,5.0116646,0.0031090313,0,0,0,0,0,0
31.65,1319.5252,32.946226,-3124.73,40.627981,2.0110932,65.238099,1.1055446e-05,-0.99245864,0.000118356,-2.9772291e-05,-0.037695073,-1.7457449e-05,-0.26179939,1.1263342e-08,0.00049984663,1,-0.7854,1.1166786e-08,0.00049459677,1,0,0,0.066745617,9.1268366e-05,0.22804024,74.817235,3124.73,59.5,0,1.0471976,0,0,nan,nan,2512.3372,-106.0474,-0.26020715,-126.40923,1.1244207e-05,4.9727457,0.0030607402,0,0,0,0,0,0
31.7,1321.5576,33.046776,-3121.4595,40.668495,2.0108819,65.594747,1.0936323e-05,-0.99433093,0.00011673069,-2.9452881e-05,-0.037175071,-1.7195958e-05,-0.26179939,1.1092602e-08,0.00049056837,1,-0.7854,1.0998277e-08,0.00048542227,1,0,0,0.066726675,8.8773599e-05,0.22903988,75.148184,3121.4595,59.5,0,1.0471976,0,0,nan,nan,2535.4681,-106.97853,-0.25679538,-127.47481,1.1175798e-05,5.0200137,0.0030156026,0,0,0,0,0,0
31.75,1323.592,33.147315,-3118.1712,40.709571,2.0106734,65.950333,1.0817863e-05,-0.99617705,0.00011512554,-2.9135395e-05,-0.03664654,-1.6937686e-05,-0.26179939,1.0928076e-08,0.00048147461,1,-0.7854,1.0838273e-08,0.00047643144,1,0,0,0.066704298,8.6330054e-05,0.23003817,75.478733,3118.1712,59.5,0,1.0471976,0,0,nan,nan,2558.6902,-107.91379,-0.25340687,-128.51198,1.1109665e-05,5.1356354,0.0029728724,0,0,0,0,0,0
31.8,1325.6284,33.247844,-3114.8652,40.751191,2.0104677,66.304865,1.0700001e-05,-0.99799641,0.00011354043,-2.8819733e-05,-0.036103484,-1.6682427e-05,-0.26179939,1.0773172e-08,0.00047256387,1,-0.7854,1.0689428e-08,0.00046762277,1,0,0,0.06667975,8.3936827e-05,0.23103509,75.808874,3114.8652,59.5,0,1.0471976,0,0,nan,nan,2582.0028,-108.8528,-0.25004315,-129.53136,1.1048323e-05,5.2963019,0.0029317137,0,0,0,0,0,0
31.85,1327.667,33.348362,-3111.5415,40.793346,2.0102649,66.658346,1.058266e-05,-0.9997882,0.00011197526,-2.8505734e-05,-0.035542508,-1.6430056e-05,-0.26179939,1.0629881e-08,0.00046383453,1,-0.7854,1.055292e-08,0.00045899455,1,0,0,0.066654397,8.1593005e-05,0.2320306,76.138594,3111.5415,59.5,0,1.0471976,0,0,nan,nan,2605.4048,-109.79511,-0.24670569,-130.54495,1.0993367e-05,5.4757845,0.0028912914,0,0,0,0,0,0
31.9,1329.7077,33.44887,-3108.2001,40.836033,2.0100648,67.010775,1.0465768e-05,-1.0015515,0.00011042996,-2.8193205e-05,-0.034962981,-1.6180529e-05,-0.26179939,1.0498753e-08,0.00045528476,1,-0.7854,1.0428509e-08,0.0004505448,1,0,0,0.066629564,7.9297669e-05,0.23302467,76.467885,3108.2001,59.5,0,1.0471976,0,0,nan,nan,2628.8956,-110.74026,-0.2433958,-131.56483,1.0945402e-05,5.6476754,0.0028508554,0,0,0,0,0,0
31.95,1331.7505,33.549369,-3104.8411,40.87926,2.0098675,67.362144,1.0349263e-05,-1.0032854,0.00010890443,-2.788195e-05,-0.034366926,-1.5933873e-05,-0.26179939,1.0379005e-08,0.00044691239,1,-0.7854,1.0314718e-08,0.00044227112,1,0,0,0.066606414,7.7049904e-05,0.23401727,76.796734,3104.8411,59.5,0,1.0471976,0,0,nan,nan,2652.474,-111.68786,-0.24011454,-132.60196,1.0904079e-05,5.7880303,0.0028098074,0,0,0,0,0,0
32,1333.7955,33.649858,-3101.4646,40.923041,2.0096729,67.712443,1.0233103e-05,-1.0049892,0.00010739857,-2.7571793e-05,-0.033758639,-1.5690175e-05,-0.26179939,1.0268755e-08,0.00043871486,1,-0.7854,1.0209125e-08,0.00043417074,1,0,0,0.066585838,7.4848802e-05,0.23500836,77.125132,3101.4646,59.5,0,1.0471976,0,0,nan,nan,2676.1391,-112.63756,-0.23686267,-133.66515,1.0868223e-05,5.877649,0.0027677487,0,0,0,0,0,0
32.05,1335.8428,33.750337,-3098.0706,40.967395,2.009481,68.061656,1.0117267e-05,-1.0066624,0.00010591228,-2.7262604e-05,-0.033144108,-1.5449558e-05,-0.26179939,1.0165333e-08,0.00043068923,1,-0.7854,1.0108719e-08,0.00042624051,1,0,0,0.066568386,7.2693468e-05,0.2359979,77.453066,3098.0706,59.5,0,1.0471976,0,0,nan,nan,2699.89,-113.58912,-0.23364063,-134.76022,1.0836033e-05,5.9037745,0.0027245008,0,0,0,0,0,0
32.1,1337.8922,33.850806,-3094.6591,41.012344,2.0092919,68.409768,1.0001759e-05,-1.0083048,0.00010444542,-2.6954306e-05,-0.032530285,-1.5212163e-05,-0.26179939,1.0065651e-08,0.0004228322,1,-0.7854,1.0010276e-08,0.00041847698,1,0,0,0.066554237,7.0583027e-05,0.23698587,77.780525,3094.6591,59.5,0,1.0471976,0,0,nan,nan,2723.7256,-114.54241,-0.2304486,-135.88963,1.0805327e-05,5.8610551,0.0026801032,0,0,0,0,0,0
32.15,1339.9439,33.951266,-3091.2303,41.057912,2.0091054,68.756763,9.8866088e-06,-1.0099168,0.00010299782,-2.6646888e-05,-0.031924299,-1.4978125e-05,-0.26179939,9.9665702e-09,0.00041514024,1,-0.7854,9.9107246e-09,0.00041087646,1,0,0,0.066543206,6.8516626e-05,0.23797223,78.107499,3091.2303,59.5,0,1.0471976,0,0,nan,nan,2747.6448,-115.49743,-0.22728649,-137.05236,1.0773809e-05,5.7516977,0.0026347867,0,0,0,0,0,0
32.2,1341.9979,34.051717,-3087.7842,41.104119,2.0089215,69.102625,9.771864e-06,-1.0114987,0.00010156932,-2.6340404e-05,-0.031332695,-1.4747556e-05,-0.26179939,9.8652397e-09,0.00040760962,1,-0.7854,9.8074563e-09,0.00040343518,1,0,0,0.066534789,6.6493435e-05,0.23895694,78.433976,3087.7842,59.5,0,1.0471976,0,0,nan,nan,2771.6468,-116.45426,-0.22415402,-138.24419,1.0739323e-05,5.5848252,0.0025889291,0,0,0,0,0,0
32.25,1344.0542,34.152159,-3084.3208,41.150983,2.0087402,69.447342,9.6575881e-06,-1.0130515,0.00010015971,-2.6034964e-05,-0.030760774,-1.4520533e-05,-0.26179939,9.7593707e-09,0.00040023656,1,-0.7854,9.6985562e-09,0.00039614934,1,0,0,0.066528239,6.451265e-05,0.23993997,78.759945,3084.3208,59.5,0,1.0471976,0,0,nan,nan,2795.7303,-117.41309,-0.22105082,-139.45835,1.0700069e-05,5.3751355,0.0025429993,0,0,0,0,0,0
32.3,1346.1129,34.252592,-3080.8402,41.198515,2.0085616,69.790904,9.5438529e-06,-1.0145763,9.8768767e-05,-2.5730723e-05,-0.030212101,-1.4297085e-05,-0.26179939,9.6474234e-09,0.00039301734,1,-0.7854,9.5829369e-09,0.00038901528,1,0,0,0.066522665,6.2573488e-05,0.2409213,79.085397,3080.8402,59.5,0,1.0471976,0,0,nan,nan,2819.8946,-118.37416,-0.21797647,-140.68636,1.065477e-05,5.1410332,0.0024974956,0,0,0,0,0,0
32.35,1348.174,34.353015,-3077.3424,41.246721,2.0083855,70.133307,9.4307316e-06,-1.0160742,9.7396276e-05,-2.5427863e-05,-0.029688225,-1.4077193e-05,-0.26179939,9.5286955e-09,0.00038594836,1,-0.7854,9.4603714e-09,0.00038202952,1,0,0,0.066517133,6.067519e-05,0.24190088,79.410321,3077.3424,59.5,0,1.0471976,0,0,nan,nan,2844.1385,-119.33774,-0.21493058,-141.91901,1.0602759e-05,4.9024526,0.0024528872,0,0,0,0,0,0
32.4,1350.2375,34.45343,-3073.8275,41.295599,2.008212,70.474548,9.3182922e-06,-1.0175465,9.6042008e-05,-2.5126578e-05,-0.029188637,-1.3860793e-05,-0.26179939,9.403312e-09,0.00037902626,1,-0.7854,9.3314288e-09,0.0003751888,1,0,0,0.066510772,5.8817013e-05,0.2428787,79.734708,3073.8275,59.5,0,1.0471976,0,0,nan,nan,2868.4611,-120.30409,-0.21191288,-143.14742,1.0544003e-05,4.6786222,0.0024095634,0,0,0,0,0,0
32.45,1352.3035,34.553837,-3070.2956,41.345142,2.0080409,70.814629,9.2065926e-06,-1.0189944,9.4705741e-05,-2.4827054e-05,-0.028710944,-1.3647784e-05,-0.26179939,9.2721267e-09,0.00037224792,1,-0.7854,9.1973318e-09,0.00036849018,1,0,0,0.066502863,5.6998229e-05,0.24385472,80.05855,3070.2956,59.5,0,1.0471976,0,0,nan,nan,2892.8616,-121.27341,-0.20892319,-144.36395,1.0479051e-05,4.4860149,0.0023677975,0,0,0,0,0,0
32.5,1354.3719,34.654235,-3066.7468,41.395339,2.0078724,71.153555,9.095677e-06,-1.0204189,9.3387259e-05,-2.4529454e-05,-0.028251242,-1.3438037e-05,-0.26179939,9.1365552e-09,0.00036561049,1,-0.7854,9.0597565e-09,0.00036193095,1,0,0,0.066492906,5.5218121e-05,0.24482892,80.381837,3066.7468,59.5,0,1.0471976,0,0,nan,nan,2917.3389,-122.24586,-0.20596151,-145.563,1.040892e-05,4.3367029,0.0023277256,0,0,0,0,0,0
32.55,1356.4429,34.754625,-3063.181,41.446173,2.0077063,71.491333,8.9855732e-06,-1.0218207,9.2086362e-05,-2.4233908e-05,-0.027804639,-1.3231411e-05,-0.26179939,8.9983635e-09,0.0003591114,1,-0.7854,8.920604e-09,0.00035550867,1,0,0,0.066480658,5.3475978e-05,0.24580128,80.704564,3063.181,59.5,0,1.0471976,0,0,nan,nan,2941.8923,-123.22151,-0.20302798,-146.74145,1.0334949e-05,4.2372815,0.0022893446,0,0,0,0,0,0
32.6,1358.5165,34.855006,-3059.5983,41.497629,2.0075427,71.827969,8.8762935e-06,-1.0232004,9.080286e-05,-2.3940505e-05,-0.027365848,-1.3027762e-05,-0.26179939,8.8594401e-09,0.00035274827,1,-0.7854,8.7817711e-09,0.00034922108,1,0,0,0.066466145,5.1771097e-05,0.24677177,81.02672,3059.5983,59.5,0,1.0471976,0,0,nan,nan,2966.5208,-124.20032,-0.20012288,-147.89891,1.025862e-05,4.1884587,0.0022525254,0,0,0,0,0,0
32.65,1360.5926,34.955379,-3055.9989,41.54969,2.0073815,72.163472,8.7678359e-06,-1.0245582,8.9536581e-05,-2.3649292e-05,-0.026929795,-1.2826963e-05,-0.26179939,8.7215787e-09,0.00034651892,1,-0.7854,8.6449447e-09,0.00034306606,1,0,0,0.066449634,5.0102777e-05,0.24774037,81.3483,3055.9989,59.5,0,1.0471976,0,0,nan,nan,2991.2235,-125.18219,-0.19724657,-149.03755,1.0181388e-05,4.1853267,0.0022170396,0,0,0,0,0,0
32.7,1362.6713,35.055744,-3052.3827,41.602342,2.0072227,72.497846,8.6601875e-06,-1.0258942,8.8287364e-05,-2.3360277e-05,-0.026492164,-1.2628903e-05,-0.26179939,8.5862944e-09,0.00034042124,1,-0.7854,8.511443e-09,0.00033704159,1,0,0,0.066431585,4.8470322e-05,0.24870705,81.669295,3052.3827,59.5,0,1.0471976,0,0,nan,nan,3015.9997,-126.16693,-0.19439946,-150.16173,1.0104524e-05,4.2182556,0.0021825957,0,0,0,0,0,0
32.75,1364.7527,35.156102,-3048.7498,41.655577,2.0070662,72.831094,8.5533281e-06,-1.0272082,8.7055057e-05,-2.3073436e-05,-0.026049822,-1.2433502e-05,-0.26179939,8.4546907e-09,0.00033445322,1,-0.7854,8.3821137e-09,0.00033114561,1,0,0,0.066412591,4.6873039e-05,0.2496718,81.989699,3048.7498,59.5,0,1.0471976,0,0,nan,nan,3040.8483,-127.1543,-0.191582,-151.27734,1.0028997e-05,4.2742781,0.002148879,0,0,0,0,0,0
32.8,1366.8368,35.256451,-3045.1002,41.709388,2.0069121,73.163217,8.447235e-06,-1.0284999,8.5839516e-05,-2.2788721e-05,-0.025601089,-1.2240709e-05,-0.26179939,8.3273875e-09,0.00032861278,1,-0.7854,8.2572977e-09,0.00032537607,1,0,0,0.066393293,4.5310239e-05,0.25063459,82.309503,3045.1002,59.5,0,1.0471976,0,0,nan,nan,3065.7685,-128.14405,-0.18879458,-152.39105,9.9553963e-06,4.3387836,0.0021155907,0,0,0,0,0,0
32.85,1368.9236,35.356793,-3041.4341,41.763775,2.0067603,73.494213,8.3418868e-06,-1.0297691,8.4640599e-05,-2.2506074e-05,-0.02514581,-1.20505e-05,-0.26179939,8.2045118e-09,0.00032289785,1,-0.7854,8.1368539e-09,0.00031973083,1,0,0,0.066374306,4.3781242e-05,0.25159539,82.6287,3041.4341,59.5,0,1.0471976,0,0,nan,nan,3090.7594,-129.13591,-0.18603754,-153.50944,9.883913e-06,4.397311,0.0020824807,0,0,0,0,0,0
32.9,1371.0131,35.457128,-3037.7515,41.818742,2.0066107,73.824077,8.2372669e-06,-1.0310154,8.3458163e-05,-2.2225436e-05,-0.024685265,-1.1862874e-05,-0.26179939,8.0857461e-09,0.00031730622,1,-0.7854,8.0202376e-09,0.00031420767,1,0,0,0.066356151,4.2285373e-05,0.25255419,82.947283,3037.7515,59.5,0,1.0471976,0,0,nan,nan,3115.82,-130.12965,-0.18331109,-154.63829,9.8143606e-06,4.4372244,0.0020493721,0,0,0,0,0,0
32.95,1373.1053,35.557455,-3034.0524,41.874296,2.0064634,74.152803,8.1333662e-06,-1.0322385,8.229206e-05,-2.1946759e-05,-0.024221899,-1.1677847e-05,-0.26179939,7.9704226e-09,0.00031183565,1,-0.7854,7.9066165e-09,0.00030880426,1,0,0,0.066339202,4.0821971e-05,0.25351096,83.265242,3034.0524,59.5,0,1.0471976,0,0,nan,nan,3140.9494,-131.12507,-0.1806154,-155.78191,9.7462434e-06,4.4490818,0.002016174,0,0,0,0,0,0
33,1375.2004,35.657774,-3030.3369,41.930448,2.0063184,74.480382,8.0301842e-06,-1.0334385,8.1142135e-05,-2.1670011e-05,-0.02375894,-1.1495443e-05,-0.26179939,7.8576479e-09,0.00030648378,1,-0.7854,7.795007e-09,0.00030351821,1,0,0,0.066323651,3.9390385e-05,0.25446567,83.582571,3030.3369,59.5,0,1.0471976,0,0,nan,nan,3166.1466,-132.12207,-0.17795047,-156.94272,9.6788519e-06,4.4275464,0.001982882,0,0,0,0,0,0
33.05,1377.2983,35.758087,-3026.605,41.987208,2.0061755,74.806806,7.9277292e-06,-1.0346154,8.0008227e-05,-2.1395181e-05,-0.023299951,-1.1315687e-05,-0.26179939,7.7464397e-09,0.00030124819,1,-0.7854,7.684414e-09,0.00029834709,1,0,0,0.066309504,3.7989977e-05,0.2554183,83.899262,3026.605,59.5,0,1.0471976,0,0,nan,nan,3191.4106,-133.12058,-0.17531626,-158.12109,9.6113754e-06,4.3717555,0.0019495684,0,0,0,0,0,0
33.1,1379.399,35.858392,-3022.8569,42.044587,2.0060349,75.132065,7.8260172e-06,-1.0357695,7.8890165e-05,-2.1122285e-05,-0.022848367,-1.1138595e-05,-0.26179939,7.6358586e-09,0.00029612644,1,-0.7854,7.5739544e-09,0.00029328843,1,0,0,0.066296591,3.6620124e-05,0.25636883,84.215307,3022.8569,59.5,0,1.0471976,0,0,nan,nan,3216.7405,-134.12062,-0.17271263,-159.31542,9.5430152e-06,4.2851299,0.0019163639,0,0,0,0,0,0
33.15,1381.5026,35.958691,-3019.0925,42.102595,2.0058964,75.456153,7.7250697e-06,-1.0369013,7.7787773e-05,-2.0851356e-05,-0.022407078,-1.0964171e-05,-0.26179939,7.5251193e-09,0.00029111608,1,-0.7854,7.4629537e-09,0.0002883398,1,0,0,0.066284608,3.5280214e-05,0.25731723,84.530698,3019.0925,59.5,0,1.0471976,0,0,nan,nan,3242.1352,-135.12225,-0.17013939,-160.52247,9.4730841e-06,4.174673,0.001883433,0,0,0,0,0,0
33.2,1383.6092,36.058982,-3015.3119,42.161236,2.00576,75.779064,7.6249119e-06,-1.0380113,7.670087e-05,-2.0582447e-05,-0.021978109,-1.0792406e-05,-0.26179939,7.4136697e-09,0.00028621471,1,-0.7854,7.3510052e-09,0.00028349882,1,0,0,0.066273156,3.3969652e-05,0.25826348,84.845427,3015.3119,59.5,0,1.0471976,0,0,nan,nan,3267.5938,-136.12558,-0.16759634,-161.73785,9.401083e-06,4.0498743,0.0018509483,0,0,0,0,0,0
33.25,1385.7187,36.159267,-3011.5153,42.220515,2.0056257,76.100794,7.5255693e-06,-1.0391002,7.5629271e-05,-2.0315621e-05,-0.021562427,-1.062327e-05,-0.26179939,7.301232e-09,0.00028141996,1,-0.7854,7.2379892e-09,0.00027876316,1,0,0,0.066261807,3.2687854e-05,0.25920757,85.159489,3011.5153,59.5,0,1.0471976,0,0,nan,nan,3293.1155,-137.13073,-0.16508327,-162.95663,9.326746e-06,3.9213718,0.0018190665,0,0,0,0,0,0
33.3,1387.8311,36.259545,-3007.7025,42.280429,2.0054935,76.42134,7.4270656e-06,-1.0401686,7.4572792e-05,-2.0050945e-05,-0.02115989,-1.0456722e-05,-0.26179939,7.1878057e-09,0.00027672957,1,-0.7854,7.1240542e-09,0.00027413062,1,0,0,0.066250153,3.1434246e-05,0.26014946,85.472876,3007.7025,59.5,0,1.0471976,0,0,nan,nan,3318.6991,-138.13784,-0.1626,-164.17399,9.2500516e-06,3.799552,0.0017879085,0,0,0,0,0,0
33.35,1389.9466,36.359817,-3003.8738,42.340975,2.0053634,76.740704,7.329421e-06,-1.0412171,7.3531252e-05,-1.9788484e-05,-0.02076934,-1.0292707e-05,-0.26179939,7.0736341e-09,0.00027214137,1,-0.7854,7.0095663e-09,0.00026959908,1,0,0,0.066237858,3.0208268e-05,0.26108914,85.785582,3003.8738,59.5,0,1.0471976,0,0,nan,nan,3344.3438,-139.14699,-0.16014638,-165.38581,9.1712027e-06,3.6932671,0.0017575469,0,0,0,0,0,0
33.4,1392.0651,36.460082,-3000.0291,42.402147,2.0052353,77.058886,7.23265e-06,-1.0422464,7.2504471e-05,-1.9528295e-05,-0.020388817,-1.0131166e-05,-0.26179939,6.9591454e-09,0.00026765329,1,-0.7854,6.8950381e-09,0.00026516652,1,0,0,0.066224694,2.9009365e-05,0.2620266,86.097601,3000.0291,59.5,0,1.0471976,0,0,nan,nan,3370.0488,-140.15826,-0.15772229,-166.58915,9.0905794e-06,3.6088252,0.0017280007,0,0,0,0,0,0
33.45,1394.1867,36.560341,-2996.1685,42.463934,2.0051092,77.375889,7.1367617e-06,-1.0432569,7.1492276e-05,-1.9270422e-05,-0.020015859,-9.9720352e-06,-0.26179939,6.844877e-09,0.00026326334,1,-0.7854,6.7810461e-09,0.00026083101,1,0,0,0.06621056,2.7836995e-05,0.26296181,86.408926,2996.1685,59.5,0,1.0471976,0,0,nan,nan,3395.813,-141.17164,-0.15532767,-167.7825,9.0086754e-06,3.5493651,0.0016992382,0,0,0,0,0,0
33.5,1396.3114,36.660593,-2992.2922,42.52633,2.004985,77.691716,7.0417595e-06,-1.0442489,7.04945e-05,-1.9014894e-05,-0.019647843,-9.815254e-06,-0.26179939,6.7313946e-09,0.00025896962,1,-0.7854,6.6681508e-09,0.00025659068,1,0,0,0.066195487,2.6690619e-05,0.26389475,86.719553,2992.2922,59.5,0,1.0471976,0,0,nan,nan,3421.6357,-142.18711,-0.15296247,-168.9659,8.9260258e-06,3.5146772,0.0016711864,0,0,0,0,0,0
33.55,1398.4392,36.760839,-2988.4,42.589324,2.0048628,78.006368,6.9476421e-06,-1.0452225,6.9510978e-05,-1.8761724e-05,-0.019282327,-9.6607687e-06,-0.26179939,6.6192177e-09,0.0002547703,1,-0.7854,6.5568283e-09,0.00025244373,1,0,0,0.066179618,2.5569708e-05,0.26482541,87.029474,2988.4,59.5,0,1.0471976,0,0,nan,nan,3447.5159,-143.20458,-0.15062667,-170.14081,8.8431379e-06,3.5014658,0.0016437448,0,0,0,0,0,0
33.6,1400.5702,36.86108,-2984.4922,42.652911,2.0047426,78.319847,6.8544048e-06,-1.0461778,6.8541554e-05,-1.8510915e-05,-0.018917343,-9.5085342e-06,-0.26179939,6.5087605e-09,0.00025066358,1,-0.7854,6.4474215e-09,0.00024838839,1,0,0,0.066163187,2.4473741e-05,0.26575378,87.338686,2984.4922,59.5,0,1.0471976,0,0,nan,nan,3473.4527,-144.22392,-0.14832024,-171.30981,8.7604327e-06,3.5039963,0.0016168014,0,0,0,0,0,0
33.65,1402.7044,36.961314,-2980.5687,42.717084,2.0046242,78.632155,6.762041e-06,-1.0471149,6.7586071e-05,-1.8262456e-05,-0.018551604,-9.3585154e-06,-0.26179939,6.4002936e-09,0.00024664768,1,-0.7854,6.3401139e-09,0.00024442289,1,0,0,0.066146474,2.3402201e-05,0.26667983,87.647181,2980.5687,59.5,0,1.0471976,0,0,nan,nan,3499.4453,-145.24498,-0.14604317,-172.47617,8.6782052e-06,3.5150178,0.0015902494,0,0,0,0,0,0
33.7,1404.8418,37.061542,-2976.6296,42.781843,2.0045077,78.943288,6.6705438e-06,-1.0480337,6.6644376e-05,-1.8016331e-05,-0.01818461,-9.2106862e-06,-0.26179939,6.2939287e-09,0.00024272086,1,-0.7854,6.2349288e-09,0.00024054547,1,0,0,0.066129772,2.2354583e-05,0.26760354,87.954955,2976.6296,59.5,0,1.0471976,0,0,nan,nan,3525.4927,-146.26762,-0.1437954,-173.6434,8.5966041e-06,3.5268264,0.0015639999,0,0,0,0,0,0
33.75,1406.9824,37.161765,-2972.675,42.847186,2.0043931,79.253246,6.5799075e-06,-1.0489341,6.5716317e-05,-1.7772522e-05,-0.017816646,-9.0650286e-06,-0.26179939,6.1896271e-09,0.00023888135,1,-0.7854,6.1317489e-09,0.00023675439,1,0,0,0.066113339,2.1330388e-05,0.26852491,88.262002,2972.675,59.5,0,1.0471976,0,0,nan,nan,3551.594,-147.29169,-0.14157687,-174.81471,8.515635e-06,3.5323171,0.0015379922,0,0,0,0,0,0
33.8,1409.1264,37.261982,-2968.7049,42.913117,2.0042803,79.562025,6.4901283e-06,-1.0498161,6.480174e-05,-1.7531013e-05,-0.017448666,-8.9215295e-06,-0.26179939,6.0872265e-09,0.00023512741,1,-0.7854,6.0303527e-09,0.00023304789,1,0,0,0.066097376,2.0329125e-05,0.26944391,88.568316,2968.7049,59.5,0,1.0471976,0,0,nan,nan,3577.7483,-148.31705,-0.13938747,-175.99265,8.435181e-06,3.5258864,0.0015121979,0,0,0,0,0,0
33.85,1411.2736,37.362193,-2964.7194,42.979638,2.0041692,79.86962,6.4012053e-06,-1.0506797,6.3900489e-05,-1.7291791e-05,-0.017082106,-8.7801783e-06,-0.26179939,5.9864814e-09,0.00023145726,1,-0.7854,5.9304598e-09,0.0002294242,1,0,0,0.066081998,1.9350315e-05,0.27036052,88.873891,2964.7194,59.5,0,1.0471976,0,0,nan,nan,3603.9546,-149.34363,-0.13722706,-177.17877,8.3550385e-06,3.5040717,0.0014866201,0,0,0,0,0,0
33.9,1413.4242,37.462399,-2960.7186,43.046755,2.00406,80.176027,6.3131401e-06,-1.0515251,6.3012409e-05,-1.705485e-05,-0.016718642,-8.6409637e-06,-0.26179939,5.8871086e-09,0.00022786917,1,-0.7854,5.831779e-09,0.00022588158,1,0,0,0.066067231,1.8393485e-05,0.27127473,89.178722,2960.7186,59.5,0,1.0471976,0,0,nan,nan,3630.2121,-150.37136,-0.13509548,-178.37351,8.2749596e-06,3.4658584,0.0014612888,0,0,0,0,0,0
33.95,1415.5782,37.562599,-2956.7025,43.114471,2.0039525,80.481241,6.2259366e-06,-1.0523524,6.2137341e-05,-1.6820193e-05,-0.016359934,-8.5038715e-06,-0.26179939,5.788833e-09,0.00022436138,1,-0.7854,5.7340504e-09,0.0002224183,1,0,0,0.066053016,1.7458173e-05,0.27218652,89.482803,2956.7025,59.5,0,1.0471976,0,0,nan,nan,3656.5197,-151.40024,-0.13299255,-179.57621,8.1946966e-06,3.4126306,0.0014362516,0,0,0,0,0,0
34,1417.7355,37.662794,-2952.6711,43.18279,2.0038467,80.785258,6.1396007e-06,-1.0531619,6.1275123e-05,-1.6587828e-05,-0.016007392,-8.3688833e-06,-0.26179939,5.6914252e-09,0.00022093218,1,-0.7854,5.6370787e-09,0.00021903266,1,0,0,0.066039221,1.6543926e-05,0.27309588,89.786129,2952.6711,59.5,0,1.0471976,0,0,nan,nan,3682.8766,-152.43028,-0.13091805,-180.78526,8.1140403e-06,3.3477978,0.0014115645,0,0,0,0,0,0
34.05,1419.8963,37.762984,-2948.6246,43.251715,2.0037427,81.088073,6.0541386e-06,-1.0539539,6.0425597e-05,-1.6357768e-05,-0.015661993,-8.2359754e-06,-0.26179939,5.594728e-09,0.00021757989,1,-0.7854,5.5407518e-09,0.00021572299,1,0,0,0.066025672,1.5650301e-05,0.27400279,90.088694,2948.6246,59.5,0,1.0471976,0,0,nan,nan,3709.2818,-153.46152,-0.12887177,-181.99842,8.0328486e-06,3.2761661,0.0013872807,0,0,0,0,0,0
34.1,1422.0606,37.863169,-2944.5629,43.321246,2.0036403,81.389686,5.9695569e-06,-1.0547289,5.9588601e-05,-1.6130029e-05,-0.015324177,-8.1051193e-06,-0.26179939,5.498669e-09,0.00021430286,1,-0.7854,5.4450459e-09,0.00021248766,1,0,0,0.066012176,1.4776862e-05,0.27490723,90.390494,2944.5629,59.5,0,1.0471976,0,0,nan,nan,3735.7344,-154.49399,-0.1268535,-183.21317,7.9510621e-06,3.2031604,0.0013634428,0,0,0,0,0,0
34.15,1424.2283,37.963349,-2940.4862,43.39138,2.0035396,81.690094,5.8858608e-06,-1.0554872,5.8763976e-05,-1.5904628e-05,-0.014993819,-7.9762826e-06,-0.26179939,5.4032595e-09,0.00021109947,1,-0.7854,5.3500165e-09,0.00020932509,1,0,0,0.065998553,1.3923183e-05,0.27580918,90.691523,2940.4862,59.5,0,1.0471976,0,0,nan,nan,3762.2334,-155.52776,-0.12486303,-184.42705,7.8687057e-06,3.1340145,0.0013400764,0,0,0,0,0,0
34.2,1426.3996,38.063523,-2936.3945,43.462116,2.0034405,81.989297,5.803054e-06,-1.0562291,5.7951563e-05,-1.568158e-05,-0.014670291,-7.8494308e-06,-0.26179939,5.3085814e-09,0.00020796817,1,-0.7854,5.2557798e-09,0.00020623375,1,0,0,0.065984659,1.3088844e-05,0.27670865,90.991777,2936.3945,59.5,0,1.0471976,0,0,nan,nan,3788.7781,-156.56285,-0.12290014,-185.63805,7.7858781e-06,3.0730463,0.0013171872,0,0,0,0,0,0
34.25,1428.5744,38.163693,-2932.2879,43.533448,2.003343,82.287296,5.7211386e-06,-1.0569549,5.7151207e-05,-1.5460896e-05,-0.014352584,-7.7245285e-06,-0.26179939,5.2147656e-09,0.00020490744,1,-0.7854,5.1624871e-09,0.00020321215,1,0,0,0.065970403,1.2273434e-05,0.2776056,91.291251,2932.2879,59.5,0,1.0471976,0,0,nan,nan,3815.3675,-157.59927,-0.12096464,-186.8448,7.7027319e-06,3.0231161,0.0012947624,0,0,0,0,0,0
34.3,1430.7528,38.263858,-2928.1664,43.605371,2.0032471,82.584089,5.6401143e-06,-1.057665,5.6362755e-05,-1.5242584e-05,-0.014039474,-7.6015414e-06,-0.26179939,5.1219657e-09,0.00020191581,1,-0.7854,5.0702981e-09,0.00020025881,1,0,0,0.065955755,1.1476548e-05,0.27850003,91.589941,2928.1664,59.5,0,1.0471976,0,0,nan,nan,3842.0008,-158.63701,-0.11905632,-188.04674,7.6194475e-06,2.9853317,0.0012727736,0,0,0,0,0,0
34.35,1432.9348,38.364018,-2924.0301,43.67788,2.0031527,82.87968,5.5599793e-06,-1.0583595,5.5586056e-05,-1.5026645e-05,-0.013729716,-7.4804375e-06,-0.26179939,5.0303329e-09,0.00019899182,1,-0.7854,4.979356e-09,0.00019737233,1,0,0,0.065940747,1.0697791e-05,0.27939192,91.887842,2924.0301,59.5,0,1.0471976,0,0,nan,nan,3868.6769,-159.67601,-0.11717499,-189.24414,7.536207e-06,2.9590287,0.0012511827,0,0,0,0,0,0
34.4,1435.1205,38.464173,-2919.8791,43.750971,2.0030599,83.174066,5.4807302e-06,-1.0590386,5.4820961e-05,-1.4813074e-05,-0.01342221,-7.3611878e-06,-0.26179939,4.9399936e-09,0.00019613408,1,-0.7854,4.8897686e-09,0.0001945513,1,0,0,0.06592546,9.9367724e-06,0.28028127,92.18495,2919.8791,59.5,0,1.0471976,0,0,nan,nan,3895.3951,-160.71622,-0.11532047,-190.43795,7.4531709e-06,2.9420084,0.0012299483,0,0,0,0,0,0
34.45,1437.3098,38.564324,-2915.7133,43.824639,2.0029686,83.46725,5.402363e-06,-1.0597024,5.4067324e-05,-1.4601865e-05,-0.013116147,-7.2437665e-06,-0.26179939,4.8510345e-09,0.00019334118,1,-0.7854,4.8015976e-09,0.00019179435,1,0,0,0.065910008,9.1931087e-06,0.28116805,92.481261,2915.7133,59.5,0,1.0471976,0,0,nan,nan,3922.1545,-161.75755,-0.11349254,-191.62965,7.3704603e-06,2.9309819,0.0012090322,0,0,0,0,0,0
34.5,1439.5028,38.66447,-2911.5329,43.898881,2.0028789,83.759229,5.3248731e-06,-1.0603509,5.3324999e-05,-1.4393007e-05,-0.01281109,-7.1281511e-06,-0.26179939,4.7634953e-09,0.00019061176,1,-0.7854,4.7148558e-09,0.00018910012,1,0,0,0.065894521,8.4664246e-06,0.28205226,92.77677,2911.5329,59.5,0,1.0471976,0,0,nan,nan,3948.9542,-162.7999,-0.11169102,-192.82095,7.2881481e-06,2.9221409,0.0011884042,0,0,0,0,0,0
34.55,1441.6995,38.764612,-2907.338,43.973696,2.0027905,84.050003,5.2482562e-06,-1.0609841,5.2593842e-05,-1.4186488e-05,-0.012507001,-7.0143211e-06,-0.26179939,4.6773695e-09,0.00018794449,1,-0.7854,4.6295127e-09,0.00018646729,1,0,0,0.065879123,7.7563514e-06,0.28293388,93.071474,2907.338,59.5,0,1.0471976,0,0,nan,nan,3975.7932,-163.84319,-0.10991568,-194.01351,7.206258e-06,2.9117624,0.0011680456,0,0,0,0,0,0
34.6,1443.9,38.864749,-2903.1285,44.049084,2.0027037,84.339569,5.1725085e-06,-1.0616022,5.187371e-05,-1.3982297e-05,-0.012204202,-6.9022573e-06,-0.26179939,4.5926125e-09,0.00018533803,1,-0.7854,4.5455049e-09,0.00018389452,1,0,0,0.065863912,7.0625276e-06,0.2838129,93.365368,2903.1285,59.5,0,1.0471976,0,0,nan,nan,4002.6708,-164.88732,-0.10816631,-195.20872,7.1247713e-06,2.8967539,0.00114795,0,0,0,0,0,0
34.65,1446.1043,38.964883,-2898.9046,44.125045,2.0026182,84.627926,5.0976267e-06,-1.0622052,5.1164459e-05,-1.3780422e-05,-0.01190329,-6.7919409e-06,-0.26179939,4.5091535e-09,0.00018279106,1,-0.7854,4.4627511e-09,0.00018138053,1,0,0,0.065848954,6.3845987e-06,0.2846893,93.658449,2898.9046,59.5,0,1.0471976,0,0,nan,nan,4029.5859,-165.93225,-0.10644268,-196.40749,7.0436398e-06,2.8750629,0.001128122,0,0,0,0,0,0
34.7,1448.3124,39.065011,-2894.6663,44.201579,2.0025342,84.91507,5.0236085e-06,-1.0627932,5.0465945e-05,-1.3580855e-05,-0.011605012,-6.6833524e-06,-0.26179939,4.4269107e-09,0.0001803023,1,-0.7854,4.3811673e-09,0.00017892402,1,0,0,0.065834269,5.7222176e-06,0.28556309,93.950711,2894.6663,59.5,0,1.0471976,0,0,nan,nan,4056.5378,-166.97792,-0.10474455,-197.61015,6.9628002e-06,2.8458969,0.0011085744,0,0,0,0,0,0
34.75,1450.5243,39.165136,-2890.4137,44.278689,2.0024516,85.200999,4.9504518e-06,-1.0633663,4.9778027e-05,-1.3383587e-05,-0.011310132,-6.576471e-06,-0.26179939,4.3458051e-09,0.00017787049,1,-0.7854,4.3006793e-09,0.00017652375,1,0,0,0.065819839,5.0750437e-06,0.28643424,94.242151,2890.4137,59.5,0,1.0471976,0,0,nan,nan,4083.5255,-168.0243,-0.1030717,-198.81645,6.8821903e-06,2.8097364,0.0010893243,0,0,0,0,0,0
34.8,1452.7401,39.265257,-2886.1468,44.356374,2.0023703,85.48571,4.8781551e-06,-1.0639249,4.9100562e-05,-1.3188614e-05,-0.011019311,-6.4712745e-06,-0.26179939,4.2657721e-09,0.00017549436,1,-0.7854,4.2212333e-09,0.00017417849,1,0,0,0.06580561,4.4427435e-06,0.28730273,94.532764,2886.1468,59.5,0,1.0471976,0,0,nan,nan,4110.548,-169.07138,-0.10142387,-200.02564,6.8017619e-06,2.7681517,0.0010703889,0,0,0,0,0,0
34.85,1454.9598,39.365373,-2881.8657,44.434634,2.0022903,85.769202,4.8067167e-06,-1.0644689,4.8433409e-05,-1.299593e-05,-0.010733002,-6.3677391e-06,-0.26179939,4.1867691e-09,0.00017317272,1,-0.7854,4.1428001e-09,0.00017188703,1,0,0,0.065791507,3.8249902e-06,0.28816857,94.822548,2881.8657,59.5,0,1.0471976,0,0,nan,nan,4137.6047,-170.11917,-0.099800828,-201.23661,6.7214899e-06,2.7234669,0.0010517812,0,0,0,0,0,0
34.9,1457.1834,39.465486,-2877.5705,44.513468,2.0022117,86.051473,4.7361348e-06,-1.0649988,4.7776428e-05,-1.280553e-05,-0.010451396,-6.26584e-06,-0.26179939,4.1087783e-09,0.00017090436,1,-0.7854,4.0653754e-09,0.00016964819,1,0,0,0.065777446,3.2214632e-06,0.28903174,95.111498,2877.5705,59.5,0,1.0471976,0,0,nan,nan,4164.6944,-171.16767,-0.098202314,-202.44811,6.6413759e-06,2.6783347,0.0010335083,0,0,0,0,0,0
34.95,1459.411,39.565595,-2873.2612,44.592875,2.0021344,86.332522,4.666407e-06,-1.0655147,4.7129479e-05,-1.2617411e-05,-0.010174409,-6.1655519e-06,-0.26179939,4.0318045e-09,0.00016868811,1,-0.7854,3.9889758e-09,0.00016746082,1,0,0,0.065763349,2.6318484e-06,0.28989222,95.399611,2873.2612,59.5,0,1.0471976,0,0,nan,nan,4191.8164,-172.2169,-0.096628087,-203.65894,6.5614475e-06,2.635294,0.0010155692,0,0,0,0,0,0
35,1461.6426,39.6657,-2868.9378,44.672851,2.0020584,86.612348,4.5975303e-06,-1.0660169,4.6492425e-05,-1.2431565e-05,-0.0099017174,-6.0668495e-06,-0.26179939,3.95587e-09,0.00016652284,1,-0.7854,3.9136315e-09,0.0001653238,1,0,0,0.065749155,2.0558379e-06,0.29075002,95.686883,2868.9378,59.5,0,1.0471976,0,0,nan,nan,4218.9699,-173.26684,-0.095077895,-204.86812,6.4817525e-06,2.5963816,0.00099795585,0,0,0,0,0,0
35.05,1463.8781,39.765801,-2864.6005,44.753394,2.0019836,86.890951,4.5295011e-06,-1.0665055,4.586513e-05,-1.2247987e-05,-0.0096328189,-5.9697083e-06,-0.26179939,3.8810072e-09,0.00016440743,1,-0.7854,3.8393782e-09,0.00016323601,1,0,0,0.065734829,1.4931297e-06,0.29160511,95.973311,2864.6005,59.5,0,1.0471976,0,0,nan,nan,4246.1538,-174.31749,-0.093551491,-206.07505,6.4023514e-06,2.562854,0.00098065409,0,0,0,0,0,0
35.1,1466.1177,39.865898,-2860.2493,44.834499,2.0019101,87.168331,4.462315e-06,-1.0669807,4.524746e-05,-1.2066665e-05,-0.0093671274,-5.8741048e-06,-0.26179939,3.8072503e-09,0.00016234079,1,-0.7854,3.7662491e-09,0.00016119639,1,0,0,0.065720363,9.43428e-07,0.29245748,96.258891,2860.2493,59.5,0,1.0471976,0,0,nan,nan,4273.3674,-175.36882,-0.092048623,-207.27951,6.3233075e-06,2.5350565,0.00096364653,0,0,0,0,0,0
35.15,1468.3614,39.965992,-2855.8843,44.916163,2.0018378,87.444487,4.3959672e-06,-1.0674428,4.4639281e-05,-1.188759e-05,-0.0091040655,-5.7800169e-06,-0.26179939,3.734628e-09,0.00016032185,1,-0.7854,3.6942682e-09,0.00015920388,1,0,0,0.065705777,4.0644264e-07,0.29330714,96.543621,2855.8843,59.5,0,1.0471976,0,0,nan,nan,4300.6098,-176.42078,-0.090569039,-208.48173,6.2446792e-06,2.512448,0.00094691522,0,0,0,0,0,0
35.2,1470.6092,40.066082,-2851.5054,44.998382,2.0017667,87.71942,4.3304525e-06,-1.0678917,4.4040463e-05,-1.1710749e-05,-0.0088431503,-5.6874239e-06,-0.26179939,3.6631584e-09,0.00015834956,1,-0.7854,3.6234467e-09,0.00015725743,1,0,0,0.065691112,-1.1811056e-07,0.29415406,96.827496,2851.5054,59.5,0,1.0471976,0,0,nan,nan,4327.8802,-177.47334,-0.089112484,-209.68223,6.1665128e-06,2.4937665,0.00093044424,0,0,0,0,0,0
35.25,1472.8611,40.166169,-2847.1129,45.081154,2.0016967,87.993129,4.2657655e-06,-1.0683276,4.3450876e-05,-1.1536129e-05,-0.0085840556,-5.5963058e-06,-0.26179939,3.5928461e-09,0.00015642288,1,-0.7854,3.5537813e-09,0.00015535603,1,0,0,0.065676422,-6.3051002e-07,0.29499824,97.110514,2847.1129,59.5,0,1.0471976,0,0,nan,nan,4355.1776,-178.52643,-0.087678704,-210.88178,6.0888394e-06,2.4772959,0.00091422176,0,0,0,0,0,0
35.3,1475.1172,40.266252,-2842.7067,45.164476,2.001628,88.265613,4.2019007e-06,-1.0687507,4.2870391e-05,-1.1363714e-05,-0.008326644,-5.5066438e-06,-0.26179939,3.5236825e-09,0.00015454081,1,-0.7854,3.4852566e-09,0.00015349867,1,0,0,0.065661763,-1.1310285e-06,0.29583967,97.392672,2842.7067,59.5,0,1.0471976,0,0,nan,nan,4382.5013,-179.57998,-0.08626744,-212.08119,6.0116742e-06,2.4611854,0.00089824106,0,0,0,0,0,0
35.35,1477.3774,40.366332,-2838.2869,45.248347,2.0015604,88.536871,4.1388528e-06,-1.0691608,4.2298879e-05,-1.1193491e-05,-0.0080709642,-5.4184191e-06,-0.26179939,3.4556479e-09,0.00015270235,1,-0.7854,3.4178476e-09,0.00015168436,1,0,0,0.065647184,-1.6199329e-06,0.29667834,97.673966,2838.2869,59.5,0,1.0471976,0,0,nan,nan,4409.8503,-180.63395,-0.084878434,-213.28118,5.9350188e-06,2.4437628,0.00088250051,0,0,0,0,0,0
35.4,1479.6418,40.466408,-2833.8536,45.332764,2.0014939,88.806903,4.0766166e-06,-1.0695583,4.1736215e-05,-1.1025444e-05,-0.0078172197,-5.3316127e-06,-0.26179939,3.3887157e-09,0.00015090653,1,-0.7854,3.3515248e-09,0.00014991216,1,0,0,0.065632722,-2.0974849e-06,0.29751424,97.954394,2833.8536,59.5,0,1.0471976,0,0,nan,nan,4437.2239,-181.68828,-0.083511429,-214.48231,5.8588657e-06,2.4237919,0.00086700262,0,0,0,0,0,0
35.45,1481.9105,40.566481,-2829.4068,45.417728,2.0014285,89.075705,4.0151869e-06,-1.0699431,4.1182273e-05,-1.0859561e-05,-0.0075657134,-5.2462054e-06,-0.26179939,3.3228565e-09,0.00014915239,1,-0.7854,3.2862588e-09,0.00014818111,1,0,0,0.065618393,-2.5639404e-06,0.29834737,98.233953,2829.4068,59.5,0,1.0471976,0,0,nan,nan,4464.6211,-182.74293,-0.082166166,-215.68482,5.7832033e-06,2.400636,0.00085175245,0,0,0,0,0,0
35.5,1484.1834,40.666551,-2824.9465,45.503237,2.0013642,89.343278,3.9545588e-06,-1.0703154,4.0636927e-05,-1.0695827e-05,-0.0073167823,-5.1621774e-06,-0.26179939,3.2580428e-09,0.000147439,1,-0.7854,3.2220239e-09,0.00014649029,1,0,0,0.065604196,-3.0195501e-06,0.29917771,98.512639,2824.9465,59.5,0,1.0471976,0,0,nan,nan,4492.0411,-183.79787,-0.080842388,-216.88869,5.7080214e-06,2.3743067,0.00083675564,0,0,0,0,0,0
35.55,1486.4607,40.766618,-2820.473,45.58929,2.001301,89.609619,3.8947271e-06,-1.0706753,4.0100055e-05,-1.0534228e-05,-0.0070707317,-5.0795084e-06,-0.26179939,3.1942519e-09,0.00014576544,1,-0.7854,3.1588008e-09,0.0001448388,1,0,0,0.065590114,-3.4645597e-06,0.30000525,98.790449,2820.473,59.5,0,1.0471976,0,0,nan,nan,4519.483,-184.85307,-0.079539836,-218.0936,5.6333147e-06,2.3454012,0.00082201656,0,0,0,0,0,0
35.6,1488.7422,40.866681,-2815.9861,45.675886,2.0012388,89.874728,3.8356867e-06,-1.071023,3.9571534e-05,-1.0374751e-05,-0.0068277818,-4.9981776e-06,-0.26179939,3.1314679e-09,0.00014413082,1,-0.7854,3.0965776e-09,0.00014322575,1,0,0,0.065576116,-3.8992095e-06,0.30082999,99.067382,2815.9861,59.5,0,1.0471976,0,0,nan,nan,4546.946,-185.90853,-0.078258255,-219.29905,5.5590858e-06,2.3149454,0.00080753691,0,0,0,0,0,0
35.65,1491.0281,40.966742,-2811.4861,45.763024,2.0011777,90.138602,3.7774322e-06,-1.0713586,3.9051242e-05,-1.0217382e-05,-0.006588033,-4.9181644e-06,-0.26179939,3.0696818e-09,0.00014253426,1,-0.7854,3.0353489e-09,0.00014165027,1,0,0,0.065562166,-4.3237349e-06,0.30165192,99.343434,2811.4861,59.5,0,1.0471976,0,0,nan,nan,4574.4292,-186.96423,-0.076997388,-220.50445,5.4853455e-06,2.2841795,0.00079331492,0,0,0,0,0,0
35.7,1493.3183,41.066799,-2806.9728,45.8507,2.0011176,90.401243,3.719958e-06,-1.0716824,3.853906e-05,-1.0062107e-05,-0.0063514552,-4.8394483e-06,-0.26179939,3.0088901e-09,0.00014097491,1,-0.7854,2.9751141e-09,0.00014011153,1,0,0,0.06554823,-4.7383666e-06,0.30247104,99.618602,2806.9728,59.5,0,1.0471976,0,0,nan,nan,4601.9319,-188.02015,-0.075756978,-221.70919,5.4121114e-06,2.2543253,0.00077934536,0,0,0,0,0,0
35.75,1495.613,41.166854,-2802.4465,45.938912,2.0010585,90.662649,3.6632583e-06,-1.0719943,3.803487e-05,-9.908911e-06,-0.0061179009,-4.7620092e-06,-0.26179939,2.9490932e-09,0.00013945193,1,-0.7854,2.9158745e-09,0.00013860869,1,0,0,0.065534281,-5.1433305e-06,0.30328732,99.892884,2802.4465,59.5,0,1.0471976,0,0,nan,nan,4629.453,-189.07629,-0.074536769,-222.9128,5.3394056e-06,2.2263781,0.00076562016,0,0,0,0,0,0
35.8,1497.9121,41.266905,-2797.9071,46.027657,2.0010004,90.922819,3.6073271e-06,-1.0722947,3.7538554e-05,-9.7577793e-06,-0.0058871367,-4.6858277e-06,-0.26179939,2.8902922e-09,0.00013796449,1,-0.7854,2.8576314e-09,0.00013714094,1,0,0,0.065520303,-5.5388475e-06,0.30410077,100.16628,2797.9071,59.5,0,1.0471976,0,0,nan,nan,4656.9919,-190.13263,-0.073336503,-224.11494,5.2672512e-06,2.2009562,0.00075212961,0,0,0,0,0,0
35.85,1500.2156,41.366954,-2793.3547,46.116933,2.0009432,91.181754,3.552158e-06,-1.0725835,3.7049997e-05,-9.6086954e-06,-0.005658887,-4.6108854e-06,-0.26179939,2.8324868e-09,0.0001365118,1,-0.7854,2.8003829e-09,0.00013570749,1,0,0,0.065506293,-5.925134e-06,0.30491138,100.43878,2793.3547,59.5,0,1.0471976,0,0,nan,nan,4684.5477,-191.18912,-0.072155922,-225.31551,5.19567e-06,2.1782289,0.00073886372,0,0,0,0,0,0
35.9,1502.5236,41.467,-2788.7895,46.206736,2.0008871,91.439454,3.4977446e-06,-1.072861,3.6569085e-05,-9.4616429e-06,-0.0054328807,-4.5371644e-06,-0.26179939,2.7756735e-09,0.00013509306,1,-0.7854,2.7441236e-09,0.00013430755,1,0,0,0.06549226,-6.302402e-06,0.30571915,100.71039,2788.7895,59.5,0,1.0471976,0,0,nan,nan,4712.1196,-192.24575,-0.070994766,-226.5146,5.1246793e-06,2.1579299,0.00072581356,0,0,0,0,0,0
35.95,1504.8361,41.567043,-2784.2113,46.297062,2.0008318,91.695917,3.4440804e-06,-1.0731273,3.6095704e-05,-9.3166046e-06,-0.0052088929,-4.4646475e-06,-0.26179939,2.7198448e-09,0.0001337075,1,-0.7854,2.6888435e-09,0.00013294037,1,0,0,0.065478221,-6.6708586e-06,0.30652405,100.9811,2784.2113,59.5,0,1.0471976,0,0,nan,nan,4739.7066,-193.30247,-0.069852777,-227.71245,5.0542911e-06,2.1394457,0.00071297222,0,0,0,0,0,0
36,1507.1531,41.667083,-2779.6204,46.38791,2.0007775,91.951144,3.391159e-06,-1.0733824,3.5629743e-05,-9.1735634e-06,-0.0049867745,-4.3933177e-06,-0.26179939,2.6649889e-09,0.00013235436,1,-0.7854,2.6345286e-09,0.00013160518,1,0,0,0.0654642,-7.0307067e-06,0.3073261,101.25092,2779.6204,59.5,0,1.0471976,0,0,nan,nan,4767.3081,-194.35925,-0.068729696,-228.90942,4.9845118e-06,2.121956,0.00070033542,0,0,0,0,0,0
36.05,1509.4747,41.767121,-2775.0167,46.479277,2.000724,92.205134,3.3389738e-06,-1.0736264,3.5171091e-05,-9.0325019e-06,-0.0047664652,-4.3231585e-06,-0.26179939,2.6110909e-09,0.0001310329,1,-0.7854,2.5811625e-09,0.00013030127,1,0,0,0.065450221,-7.3821444e-06,0.30812528,101.51983,2775.0167,59.5,0,1.0471976,0,0,nan,nan,4794.9232,-195.41603,-0.067625265,-230.10586,4.9153434e-06,2.1045992,0.00068790138,0,0,0,0,0,0
36.1,1511.8009,41.867156,-2770.4004,46.571161,2.0006715,92.457887,3.2875183e-06,-1.0738595,3.4719638e-05,-8.8934026e-06,-0.0045479901,-4.2541531e-06,-0.26179939,2.5581339e-09,0.00012974239,1,-0.7854,2.528728e-09,0.00012902791,1,0,0,0.065436305,-7.7253659e-06,0.30892159,101.78784,2770.4004,59.5,0,1.0471976,0,0,nan,nan,4822.551,-196.47277,-0.066539229,-231.30209,4.8467848e-06,2.0866286,0.00067567039,0,0,0,0,0,0
36.15,1514.1317,41.967188,-2765.7715,46.663558,2.0006198,92.709402,3.236786e-06,-1.0740817,3.4275277e-05,-8.7562482e-06,-0.0043314412,-4.1862846e-06,-0.26179939,2.506101e-09,0.00012848213,1,-0.7854,2.4772081e-09,0.00012778439,1,0,0,0.065422465,-8.060561e-06,0.30971501,102.05495,2765.7715,59.5,0,1.0471976,0,0,nan,nan,4850.1907,-197.52945,-0.065471334,-232.4983,4.7788342e-06,2.0675343,0.00066364388,0,0,0,0,0,0
36.2,1516.4671,42.067218,-2761.13,46.756469,2.0005691,92.959678,3.1867705e-06,-1.0742931,3.38379e-05,-8.6210215e-06,-0.0041169486,-4.1195359e-06,-0.26179939,2.4549762e-09,0.00012725142,1,-0.7854,2.4265879e-09,0.00012657004,1,0,0,0.065408705,-8.3879153e-06,0.31050555,102.32115,2761.13,59.5,0,1.0471976,0,0,nan,nan,4877.8416,-198.58603,-0.064421329,-233.69458,4.7114905e-06,2.04711,0.00065182343,0,0,0,0,0,0
36.25,1518.8071,42.167245,-2756.476,46.84989,2.0005191,93.208714,3.1374653e-06,-1.0744939,3.3407401e-05,-8.487705e-06,-0.0039046484,-4.0538895e-06,-0.26179939,2.4047458e-09,0.00012604957,1,-0.7854,2.376855e-09,0.00012538418,1,0,0,0.065395024,-8.7076104e-06,0.3112932,102.58644,2756.476,59.5,0,1.0471976,0,0,nan,nan,4905.5028,-199.64247,-0.063388965,-234.89083,4.6447553e-06,2.0254594,0.00064020979,0,0,0,0,0,0
36.3,1521.1519,42.26727,-2751.8096,46.943819,2.00047,93.456511,3.0888637e-06,-1.0746841,3.2983676e-05,-8.3562815e-06,-0.0036946521,-3.9893282e-06,-0.26179939,2.3553983e-09,0.00012487593,1,-0.7854,2.3279993e-09,0.00012422615,1,0,0,0.065381412,-9.0198242e-06,0.31207795,102.85082,2751.8096,59.5,0,1.0471976,0,0,nan,nan,4933.1734,-200.69877,-0.062373995,-236.08687,4.5786327e-06,2.0029455,0.00062880221,0,0,0,0,0,0
36.35,1523.5013,42.367292,-2747.1309,47.038254,2.0004217,93.703066,3.040959e-06,-1.0748638,3.2566621e-05,-8.2267334e-06,-0.0034870243,-3.9258348e-06,-0.26179939,2.3069247e-09,0.00012372984,1,-0.7854,2.280013e-09,0.00012309532,1,0,0,0.065367854,-9.3247304e-06,0.31285979,103.11429,2747.1309,59.5,0,1.0471976,0,0,nan,nan,4960.8528,-201.75489,-0.061376173,-237.28243,4.5131298e-06,1.9800968,0.00061759811,0,0,0,0,0,0
36.4,1525.8555,42.467312,-2742.4398,47.133194,2.0003742,93.94838,2.9937445e-06,-1.0750332,3.2156135e-05,-8.0990429e-06,-0.0032817707,-3.8633921e-06,-0.26179939,2.2593175e-09,0.00012261067,1,-0.7854,2.2328892e-09,0.00012199107,1,0,0,0.065354335,-9.6224992e-06,0.31363873,103.37684,2742.4398,59.5,0,1.0471976,0,0,nan,nan,4988.54,-202.81081,-0.060395257,-238.4772,4.4482553e-06,1.9574925,0.00060659311,0,0,0,0,0,0
36.45,1528.2145,42.56733,-2737.7366,47.228634,2.0003275,94.192453,2.9472132e-06,-1.0751924,3.1752116e-05,-7.9731919e-06,-0.003078839,-3.8019836e-06,-0.26179939,2.2125698e-09,0.00012151781,1,-0.7854,2.1866209e-09,0.00012091276,1,0,0,0.065340843,-9.9132971e-06,0.31441475,103.63847,2737.7366,59.5,0,1.0471976,0,0,nan,nan,5016.2342,-203.86653,-0.059431003,-239.67092,4.3840187e-06,1.9356498,0.00059578152,0,0,0,0,0,0
36.5,1530.5782,42.667345,-2733.0211,47.324572,2.0002815,94.435284,2.9013582e-06,-1.0753415,3.1354465e-05,-7.8491623e-06,-0.00287813,-3.7415931e-06,-0.26179939,2.1666743e-09,0.00012045063,1,-0.7854,2.1412004e-09,0.00011985981,1,0,0,0.065327368,-1.0197287e-05,0.31518785,103.89919,2733.0211,59.5,0,1.0471976,0,0,nan,nan,5043.9348,-204.92201,-0.058483169,-240.86339,4.3204285e-06,1.9149329,0.000585157,0,0,0,0,0,0
36.55,1532.9467,42.767358,-2728.2935,47.421006,2.0002363,94.676873,2.8561724e-06,-1.0754807,3.0963084e-05,-7.7269354e-06,-0.0026795165,-3.6822052e-06,-0.26179939,2.1216224e-09,0.00011940855,1,-0.7854,2.0966184e-09,0.00011883163,1,0,0,0.065313908,-1.0474628e-05,0.31595803,104.15898,2728.2935,59.5,0,1.0471976,0,0,nan,nan,5071.6408,-205.97723,-0.057551515,-242.05452,4.2574914e-06,1.8955006,0.00057471331,0,0,0,0,0,0
36.6,1535.3201,42.867369,-2723.5539,47.517932,2.0001919,94.917221,2.8116488e-06,-1.0756099,3.0577876e-05,-7.6064926e-06,-0.0024828657,-3.6238047e-06,-0.26179939,2.077404e-09,0.00011839099,1,-0.7854,2.0528638e-09,0.00011782765,1,0,0,0.065300464,-1.0745475e-05,0.31672528,104.41786,2723.5539,59.5,0,1.0471976,0,0,nan,nan,5099.3515,-207.03216,-0.056635798,-243.24429,4.1952117e-06,1.8772963,0.00056444498,0,0,0,0,0,0
36.65,1537.6983,42.967377,-2718.8023,47.615347,2.0001482,95.156326,2.7677804e-06,-1.0757294,3.0198745e-05,-7.4878151e-06,-0.0022880601,-3.5663769e-06,-0.26179939,2.0340072e-09,0.00011739737,1,-0.7854,2.0099236e-09,0.00011684729,1,0,0,0.065287043,-1.1009982e-05,0.31748959,104.67581,2718.8023,59.5,0,1.0471976,0,0,nan,nan,5127.066,-208.08677,-0.05573578,-244.4328,4.1335909e-06,1.8600813,0.00055434781,0,0,0,0,0,0
36.7,1540.0815,43.067383,-2714.0388,47.713248,2.0001052,95.39419,2.7245602e-06,-1.0758391,2.9825597e-05,-7.3708842e-06,-0.002095014,-3.5099072e-06,-0.26179939,1.9914188e-09,0.00011642714,1,-0.7854,1.9677841e-09,0.00011589,1,0,0,0.065273655,-1.1268296e-05,0.31825097,104.93283,2714.0388,59.5,0,1.0471976,0,0,nan,nan,5154.7837,-209.14102,-0.054851222,-245.62016,4.072628e-06,1.8434976,0.00054441902,0,0,0,0,0,0
36.75,1542.4695,43.167388,-2709.2634,47.811633,2.000063,95.630811,2.6819811e-06,-1.0759393,2.9458337e-05,-7.2556812e-06,-0.0019036812,-3.4543814e-06,-0.26179939,1.9496247e-09,0.00011547975,1,-0.7854,1.926431e-09,0.00011495525,1,0,0,0.065260309,-1.1520563e-05,0.3190094,105.18893,2709.2634,59.5,0,1.0471976,0,0,nan,nan,5182.5037,-210.19489,-0.053981889,-246.80655,4.012321e-06,1.8271489,0.00053465714,0,0,0,0,0,0
36.8,1544.8624,43.26739,-2704.4762,47.910499,2.0000214,95.86619,2.6400362e-06,-1.0760299,2.9096875e-05,-7.1421874e-06,-0.0017140558,-3.3997849e-06,-0.26179939,1.9086109e-09,0.00011455466,1,-0.7854,1.8858504e-09,0.00011404251,1,0,0,0.065247015,-1.1766925e-05,0.31976489,105.4441,2704.4762,59.5,0,1.0471976,0,0,nan,nan,5210.2252,-211.24835,-0.053127546,-247.99208,3.9526669e-06,1.8106793,0.00052506164,0,0,0,0,0,0
36.85,1547.2603,43.36739,-2699.6773,48.009842,1.9999805,96.100326,2.5987186e-06,-1.0761111,2.8741118e-05,-7.0303842e-06,-0.0015261641,-3.3461034e-06,-0.26179939,1.8683638e-09,0.00011365135,1,-0.7854,1.8460294e-09,0.00011315127,1,0,0,0.06523378,-1.2007521e-05,0.32051742,105.69834,2699.6773,59.5,0,1.0471976,0,0,nan,nan,5237.9475,-212.30135,-0.052287964,-249.17686,3.8936635e-06,1.7938373,0.0005156324,0,0,0,0,0,0
36.9,1549.6632,43.467388,-2694.8667,48.109662,1.9999403,96.33322,2.5580213e-06,-1.0761829,2.8390976e-05,-6.9202532e-06,-0.0013400517,-3.2933225e-06,-0.26179939,1.8288713e-09,0.00011276932,1,-0.7854,1.8069563e-09,0.00011228101,1,0,0,0.065220606,-1.2242487e-05,0.321267,105.95165,2694.8667,59.5,0,1.0471976,0,0,nan,nan,5265.6697,-213.35387,-0.051462914,-250.36091,3.8353096e-06,1.7765128,0.00050636914,0,0,0,0,0,0
36.95,1552.0711,43.567384,-2690.0444,48.209954,1.9999007,96.564871,2.5179374e-06,-1.0762455,2.8046362e-05,-6.8117757e-06,-0.0011557683,-3.2414276e-06,-0.26179939,1.7901222e-09,0.00011190806,1,-0.7854,1.7686207e-09,0.00011143125,1,0,0,0.065207491,-1.2471956e-05,0.32201363,106.20402,2690.0444,59.5,0,1.0471976,0,0,nan,nan,5293.3911,-214.40589,-0.050652171,-251.54417,3.7776054e-06,1.7587425,0.00049727097,0,0,0,0,0,0
37,1554.484,43.667378,-2685.2106,48.310718,1.9998618,96.795278,2.4784598e-06,-1.0762989,2.7707187e-05,-6.7049334e-06,-0.0009733532,-3.1904044e-06,-0.26179939,1.7521065e-09,0.00011106709,1,-0.7854,1.7310133e-09,0.00011060152,1,0,0,0.065194433,-1.2696057e-05,0.32275728,106.45546,2685.2106,59.5,0,1.0471976,0,0,nan,nan,5321.111,-215.45739,-0.049855512,-252.72656,3.7205527e-06,1.7406863,0.00048833607,0,0,0,0,0,0
37.05,1556.902,43.76737,-2680.3654,48.411948,1.9998236,97.024442,2.4395816e-06,-1.0763432,2.7373365e-05,-6.5997076e-06,-0.0007928248,-3.1402385e-06,-0.26179939,1.7148153e-09,0.00011024593,1,-0.7854,1.6941254e-09,0.00010979132,1,0,0,0.065181426,-1.2914917e-05,0.32349798,106.70597,2680.3654,59.5,0,1.0471976,0,0,nan,nan,5348.8285,-216.50833,-0.049072718,-253.90794,3.6641538e-06,1.7225822,0.00047956164,0,0,0,0,0,0
37.1,1559.325,43.867361,-2675.5087,48.513644,1.9997859,97.252364,2.4012957e-06,-1.0763786,2.704481e-05,-6.4960796e-06,-0.00061417503,-3.0909162e-06,-0.26179939,1.6782397e-09,0.00010944412,1,-0.7854,1.6579482e-09,0.00010900022,1,0,0,0.065168462,-1.312866e-05,0.3242357,106.95554,2675.5087,59.5,0,1.0471976,0,0,nan,nan,5376.5429,-217.5587,-0.048303569,-255.08816,3.6084114e-06,1.7046898,0.00047094404,0,0,0,0,0,0
37.15,1561.7532,43.967349,-2670.6406,48.615802,1.9997489,97.479041,2.363595e-06,-1.076405,2.6721439e-05,-6.3940307e-06,-0.00043736996,-3.0424237e-06,-0.26179939,1.6423709e-09,0.0001086612,1,-0.7854,1.6224728e-09,0.00010822776,1,0,0,0.065155538,-1.3337408e-05,0.32497045,107.20417,2670.6406,59.5,0,1.0471976,0,0,nan,nan,5404.2535,-218.60847,-0.047547849,-256.26708,3.5533278e-06,1.687236,0.00046247912,0,0,0,0,0,0
37.2,1564.1864,44.067336,-2665.7613,48.718418,1.9997125,97.704476,2.3264725e-06,-1.0764227,2.640317e-05,-6.2935421e-06,-0.00026235551,-2.9947477e-06,-0.26179939,1.6071995e-09,0.00010789673,1,-0.7854,1.5876892e-09,0.00010747351,1,0,0,0.06514265,-1.3541278e-05,0.32570222,107.45186,2665.7613,59.5,0,1.0471976,0,0,nan,nan,5431.9594,-219.65762,-0.046805344,-257.44463,3.498904e-06,1.6703726,0.00045416262,0,0,0,0,0,0
37.25,1566.6248,44.16732,-2660.8706,48.821491,1.9996767,97.928668,2.2899212e-06,-1.0764316,2.6089919e-05,-6.194595e-06,-8.9066556e-05,-2.9478754e-06,-0.26179939,1.5727151e-09,0.00010715027,1,-0.7854,1.5535866e-09,0.00010673703,1,0,0,0.065129797,-1.3740387e-05,0.32643102,107.69861,2660.8706,59.5,0,1.0471976,0,0,nan,nan,5459.6599,-220.70614,-0.046075841,-258.62073,3.4451396e-06,1.6541534,0.00044599055,0,0,0,0,0,0
37.3,1569.0684,44.267303,-2655.9689,48.925016,1.9996414,98.151617,2.2539339e-06,-1.076432,2.5781607e-05,-6.0971707e-06,8.2562619e-05,-2.9017941e-06,-0.26179939,1.5389066e-09,0.00010642141,1,-0.7854,1.5201535e-09,0.0001060179,1,0,0,0.06511698,-1.3934847e-05,0.32715683,107.94442,2655.9689,59.5,0,1.0471976,0,0,nan,nan,5487.3543,-221.75398,-0.045359127,-259.7954,3.3920324e-06,1.6385339,0.00043795955,0,0,0,0,0,0
37.35,1571.5171,44.367285,-2651.0559,49.028991,1.9996067,98.373323,2.2185039e-06,-1.0764238,2.5478154e-05,-6.0012505e-06,0.00025258888,-2.8564914e-06,-0.26179939,1.5057623e-09,0.00010570971,1,-0.7854,1.4873779e-09,0.00010531571,1,0,0,0.065104202,-1.4124769e-05,0.32787966,108.18928,2651.0559,59.5,0,1.0471976,0,0,nan,nan,5515.0418,-222.80112,-0.044654994,-260.96865,3.3395791e-06,1.6233902,0.00043006698,0,0,0,0,0,0
37.4,1573.9711,44.467264,-2646.132,49.133413,1.9995726,98.593787,2.183624e-06,-1.0764071,2.5179482e-05,-5.9068157e-06,0.00042105357,-2.811955e-06,-0.26179939,1.47327e-09,0.00010501479,1,-0.7854,1.4552475e-09,0.00010463006,1,0,0,0.065091468,-1.4310261e-05,0.3285995,108.4332,2646.132,59.5,0,1.0471976,0,0,nan,nan,5542.7216,-223.84754,-0.043963234,-262.14054,3.2877755e-06,1.6085528,0.00042231099,0,0,0,0,0,0
37.45,1576.4302,44.567242,-2641.197,49.238279,1.999539,98.813009,2.1492876e-06,-1.076382,2.4885513e-05,-5.813848e-06,0.00058797971,-2.7681729e-06,-0.26179939,1.4414177e-09,0.00010433623,1,-0.7854,1.4237504e-09,0.00010396057,1,0,0,0.065078782,-1.4491429e-05,0.32931635,108.67618,2641.197,59.5,0,1.0471976,0,0,nan,nan,5570.3931,-224.89321,-0.043283642,-263.31114,3.2366171e-06,1.5938457,0.00041469027,0,0,0,0,0,0
37.5,1578.8947,44.667218,-2636.2511,49.343585,1.999506,99.030988,2.1154877e-06,-1.0763486,2.4596171e-05,-5.7223291e-06,0.00075337315,-2.7251329e-06,-0.26179939,1.4101938e-09,0.00010367365,1,-0.7854,1.3928753e-09,0.00010330684,1,0,0,0.065066147,-1.4668374e-05,0.33003021,108.91821,2636.2511,59.5,0,1.0471976,0,0,nan,nan,5598.0555,-225.93809,-0.042616018,-264.48047,3.1860995e-06,1.5791226,0.00040720387,0,0,0,0,0,0
37.55,1581.3644,44.767193,-2631.2944,49.449329,1.9994735,99.247726,2.0822176e-06,-1.076307,2.4311381e-05,-5.6322406e-06,0.00091722716,-2.682823e-06,-0.26179939,1.3795871e-09,0.00010302668,1,-0.7854,1.3626115e-09,0.0001026685,1,0,0,0.065053566,-1.4841199e-05,0.33074108,109.1593,2631.2944,59.5,0,1.0471976,0,0,nan,nan,5625.708,-226.98218,-0.04196016,-265.64856,3.1362192e-06,1.5642934,0.00039985084,0,0,0,0,0,0
37.6,1583.8394,44.867165,-2626.3268,49.555508,1.9994416,99.463223,2.0494705e-06,-1.0762573,2.4031069e-05,-5.5435646e-06,0.001079529,-2.6412311e-06,-0.26179939,1.3495875e-09,0.00010239493,1,-0.7854,1.3329492e-09,0.00010204519,1,0,0,0.06504104,-1.501e-05,0.33144894,109.39944,2626.3268,59.5,0,1.0471976,0,0,nan,nan,5653.3499,-228.02543,-0.041315873,-266.81539,3.0869732e-06,1.5493359,0.00039262998,0,0,0,0,0,0
37.65,1586.3197,44.967137,-2621.3485,49.662119,1.9994101,99.677477,2.0172397e-06,-1.0761994,2.3755161e-05,-5.456283e-06,0.0012402668,-2.6003455e-06,-0.26179939,1.3201854e-09,0.00010177806,1,-0.7854,1.3038792e-09,0.00010143654,1,0,0,0.065028566,-1.5174874e-05,0.33215381,109.63863,2621.3485,59.5,0,1.0471976,0,0,nan,nan,5680.9805,-229.06783,-0.040682963,-267.98093,3.0383596e-06,1.534292,0.00038553964,0,0,0,0,0,0
37.7,1588.8054,45.067107,-2616.3595,49.769159,1.9993791,99.890491,1.9855183e-06,-1.0761336,2.3483586e-05,-5.3703777e-06,0.0013994359,-2.5601542e-06,-0.26179939,1.2913718e-09,0.0001011757,1,-0.7854,1.2753927e-09,0.00010084222,1,0,0,0.065016144,-1.5335915e-05,0.33285568,109.87687,2616.3595,59.5,0,1.0471976,0,0,nan,nan,5708.5991,-230.10934,-0.040061239,-269.14509,2.9903767e-06,1.5192515,0.00037857767,0,0,0,0,0,0
37.75,1591.2965,45.167075,-2611.3599,49.876624,1.9993487,100.10226,1.9542997e-06,-1.0760598,2.3216273e-05,-5.2858308e-06,0.001557042,-2.5206459e-06,-0.26179939,1.2631378e-09,0.00010058752,1,-0.7854,1.247481e-09,0.00010026188,1,0,0,0.065003772,-1.5493214e-05,0.33355455,110.11416,2611.3599,59.5,0,1.0471976,0,0,nan,nan,5736.2049,-231.14997,-0.039450512,-270.30782,2.9430231e-06,1.5043268,0.00037174149,0,0,0,0,0,0
37.8,1593.7929,45.267042,-2606.3497,49.984513,1.9993187,100.3128,1.9235771e-06,-1.0759782,2.2953151e-05,-5.2026245e-06,0.0017131028,-2.4818091e-06,-0.26179939,1.2354746e-09,0.00010001317,1,-0.7854,1.2201351e-09,9.9695191e-05,1,0,0,0.064991445,-1.5646861e-05,0.33425041,110.3505,2606.3497,59.5,0,1.0471976,0,0,nan,nan,5763.7972,-232.18966,-0.038850595,-271.46904,2.8962968e-06,1.4896261,0.00036502821,0,0,0,0,0,0
37.85,1596.2947,45.367007,-2601.3291,50.092821,1.9992892,100.52209,1.893344e-06,-1.0758889,2.2694153e-05,-5.1207408e-06,0.0018676462,-2.4436327e-06,-0.26179939,1.2083731e-09,9.9452324e-05,1,-0.7854,1.1933457e-09,9.9141826e-05,1,0,0,0.064979164,-1.5796942e-05,0.33494326,110.58589,2601.3291,59.5,0,1.0471976,0,0,nan,nan,5791.3752,-233.22842,-0.038261305,-272.62868,2.8501955e-06,1.4752308,0.00035843486,0,0,0,0,0,0
37.9,1598.8019,45.466971,-2596.298,50.201545,1.9992602,100.73014,1.8635936e-06,-1.0757918,2.243921e-05,-5.0401621e-06,0.0020207062,-2.406106e-06,-0.26179939,1.1818241e-09,9.8904666e-05,1,-0.7854,1.1671033e-09,9.8601467e-05,1,0,0,0.064966927,-1.5943544e-05,0.33563311,110.82032,2596.298,59.5,0,1.0471976,0,0,nan,nan,5818.9384,-234.2662,-0.037682458,-273.7867,2.8047157e-06,1.4611802,0.00035195863,0,0,0,0,0,0
37.95,1601.3146,45.566933,-2591.2565,50.310683,1.9992316,100.93695,1.8343194e-06,-1.0756871,2.2188255e-05,-4.9608706e-06,0.0021723188,-2.3692183e-06,-0.26179939,1.1558175e-09,9.8369879e-05,1,-0.7854,1.1413979e-09,9.8073804e-05,1,0,0,0.064954734,-1.608675e-05,0.33631995,111.05381,2591.2565,59.5,0,1.0471976,0,0,nan,nan,5846.4859,-235.303,-0.037113874,-274.94309,2.7598532e-06,1.4474679,0.00034559699,0,0,0,0,0,0
38,1603.8328,45.666894,-2586.2047,50.42023,1.9992035,101.14253,1.805515e-06,-1.0755749,2.1941223e-05,-4.8828489e-06,0.0023225173,-2.3329593e-06,-0.26179939,1.1303434e-09,9.7847656e-05,1,-0.7854,1.1162192e-09,9.7558535e-05,1,0,0,0.064942587,-1.622664e-05,0.33700378,111.28634,2586.2047,59.5,0,1.0471976,0,0,nan,nan,5874.0171,-236.33878,-0.036555376,-276.09784,2.7156031e-06,1.4340478,0.0003393478,0,0,0,0,0,0
38.05,1606.3564,45.766853,-2581.1427,50.530185,1.9991758,101.34686,1.7771737e-06,-1.0754552,2.1698048e-05,-4.8060795e-06,0.0024713288,-2.2973186e-06,-0.26179939,1.1053916e-09,9.7337697e-05,1,-0.7854,1.0915572e-09,9.7055364e-05,1,0,0,0.064930488,-1.6363295e-05,0.33768459,111.51791,2581.1427,59.5,0,1.0471976,0,0,nan,nan,5901.5312,-237.37352,-0.036006788,-277.25096,2.67196e-06,1.4208482,0.00033320935,0,0,0,0,0,0
38.1,1608.8856,45.866811,-2576.0704,50.640543,1.9991486,101.54996,1.7492894e-06,-1.0753281,2.1458668e-05,-4.7305454e-06,0.0026187721,-2.2622862e-06,-0.26179939,1.080952e-09,9.6839707e-05,1,-0.7854,1.0674018e-09,9.6564e-05,1,0,0,0.064918438,-1.6496792e-05,0.3383624,111.74854,2576.0704,59.5,0,1.0471976,0,0,nan,nan,5929.0276,-238.4072,-0.035467936,-278.40248,2.6289182e-06,1.4077902,0.00032718021,0,0,0,0,0,0
38.15,1611.4203,45.966768,-2570.9881,50.751301,1.9991217,101.75182,1.7218555e-06,-1.0751936,2.1223018e-05,-4.6562293e-06,0.0027648586,-2.2278519e-06,-0.26179939,1.0570149e-09,9.6353401e-05,1,-0.7854,1.0437436e-09,9.6084161e-05,1,0,0,0.064906439,-1.6627206e-05,0.33903719,111.9782,2570.9881,59.5,0,1.0471976,0,0,nan,nan,5956.5055,-239.43979,-0.03493865,-279.55238,2.5864724e-06,1.3948049,0.00032125914,0,0,0,0,0,0
38.2,1613.9605,46.066724,-2565.8957,50.862456,1.9990953,101.95245,1.6948659e-06,-1.0750519,2.0991036e-05,-4.5831144e-06,0.0029095932,-2.1940059e-06,-0.26179939,1.033571e-09,9.58785e-05,1,-0.7854,1.0205733e-09,9.5615573e-05,1,0,0,0.064894492,-1.6754612e-05,0.33970897,112.20691,2565.8957,59.5,0,1.0471976,0,0,nan,nan,5983.9643,-240.47127,-0.034418761,-280.70068,2.5446174e-06,1.381847,0.00031544491,0,0,0,0,0,0
38.25,1616.5063,46.166678,-2560.7933,50.974006,1.9990693,102.15184,1.6683142e-06,-1.074903,2.0762663e-05,-4.5111839e-06,0.0030529778,-2.1607381e-06,-0.26179939,1.0106111e-09,9.5414731e-05,1,-0.7854,9.9788226e-10,9.5157965e-05,1,0,0,0.064882597,-1.6879081e-05,0.34037773,112.43467,2560.7933,59.5,0,1.0471976,0,0,nan,nan,6011.4033,-241.50162,-0.033908103,-281.84737,2.5033488e-06,1.3689016,0.00030973619,0,0,0,0,0,0
38.3,1619.0577,46.266631,-2555.6809,51.085946,1.9990438,102.34999,1.6421943e-06,-1.0747469,2.0537837e-05,-4.4404212e-06,0.0031950142,-2.1280389e-06,-0.26179939,9.8812696e-10,9.4961827e-05,1,-0.7854,9.7566222e-10,9.4711075e-05,1,0,0,0.064870754,-1.7000684e-05,0.34104348,112.66147,2555.6809,59.5,0,1.0471976,0,0,nan,nan,6038.8217,-242.53081,-0.033406515,-282.9924,2.4626622e-06,1.3559833,0.00030413142,0,0,0,0,0,0
38.35,1621.6147,46.366582,-2550.5587,51.198274,1.9990186,102.54691,1.6165e-06,-1.0745838,2.0316499e-05,-4.3708097e-06,0.0033357069,-2.0958987e-06,-0.26179939,9.6611022e-10,9.4519528e-05,1,-0.7854,9.5390508e-10,9.4274647e-05,1,0,0,0.064858963,-1.711949e-05,0.34170621,112.88731,2550.5587,59.5,0,1.0471976,0,0,nan,nan,6066.219,-243.55882,-0.032913835,-284.13575,2.4225536e-06,1.3431288,0.00029862879,0,0,0,0,0,0
38.4,1624.1773,46.466533,-2545.4266,51.310987,1.9989938,102.74259,1.5912252e-06,-1.0744136,2.0098591e-05,-4.3023331e-06,0.003475065,-2.064308e-06,-0.26179939,9.4455287e-10,9.4087581e-05,1,-0.7854,9.3260283e-10,9.384843e-05,1,0,0,0.064847222,-1.7235566e-05,0.34236592,113.1122,2545.4266,59.5,0,1.0471976,0,0,nan,nan,6093.5943,-244.58564,-0.032429904,-285.27737,2.3830192e-06,1.3303861,0.00029322632,0,0,0,0,0,0
38.45,1626.7456,46.566482,-2540.2848,51.42408,1.9989693,102.93704,1.5663638e-06,-1.0742366,1.9884056e-05,-4.234975e-06,0.0036131024,-2.0332574e-06,-0.26179939,9.2344689e-10,9.3665739e-05,1,-0.7854,9.1174746e-10,9.343218e-05,1,0,0,0.06483553,-1.7348977e-05,0.34302262,113.33613,2540.2848,59.5,0,1.0471976,0,0,nan,nan,6120.9471,-245.61124,-0.031954568,-286.41722,2.3440546e-06,1.3178016,0.00028792188,0,0,0,0,0,0
38.5,1629.3195,46.666429,-2535.1333,51.537551,1.9989453,103.13026,1.5419099e-06,-1.0740526,1.9672837e-05,-4.1687193e-06,0.0037498375,-2.0027379e-06,-0.26179939,9.027842e-10,9.3253758e-05,1,-0.7854,8.9133081e-10,9.3025659e-05,1,0,0,0.064823887,-1.7459788e-05,0.3436763,113.5591,2535.1333,59.5,0,1.0471976,0,0,nan,nan,6148.2766,-246.63559,-0.031487672,-287.55526,2.3056554e-06,1.3054094,0.00028271333,0,0,0,0,0,0
38.55,1631.8991,46.766376,-2529.9722,51.651397,1.9989216,103.32224,1.5178574e-06,-1.0738619,1.9464879e-05,-4.1035499e-06,0.0038852912,-1.9727406e-06,-0.26179939,8.8255658e-10,9.2851404e-05,1,-0.7854,8.7134461e-10,9.2628632e-05,1,0,0,0.064812293,-1.7568061e-05,0.34432696,113.78111,2529.9722,59.5,0,1.0471976,0,0,nan,nan,6175.5823,-247.65868,-0.031029064,-288.69146,2.2678166e-06,1.2932249,0.00027759865,0,0,0,0,0,0
38.6,1634.4844,46.866322,-2524.8015,51.765614,1.9988983,103.513,1.4942004e-06,-1.0736644,1.9260126e-05,-4.0394509e-06,0.0040194853,-1.9432568e-06,-0.26179939,8.6275573e-10,9.2458445e-05,1,-0.7854,8.517805e-10,9.2240873e-05,1,0,0,0.064800748,-1.7673856e-05,0.3449746,114.00217,2524.8015,59.5,0,1.0471976,0,0,nan,nan,6202.8633,-248.68049,-0.030578595,-289.82581,2.2305326e-06,1.2812431,0.00027257597,0,0,0,0,0,0
38.65,1637.0754,46.966266,-2519.6213,51.880198,1.9988754,103.70252,1.4709331e-06,-1.0734602,1.9058526e-05,-3.9764066e-06,0.0041524397,-1.9142777e-06,-0.26179939,8.4337328e-10,9.2074655e-05,1,-0.7854,8.3263011e-10,9.1862159e-05,1,0,0,0.064789252,-1.7777234e-05,0.34561923,114.22227,2519.6213,59.5,0,1.0471976,0,0,nan,nan,6230.1192,-249.70099,-0.030136118,-290.9583,2.1937978e-06,1.2694417,0.00026764364,0,0,0,0,0,0
38.7,1639.6722,47.066209,-2514.4317,51.995147,1.9988527,103.89081,1.4480498e-06,-1.0732494,1.8860024e-05,-3.9144014e-06,0.0042841717,-1.885795e-06,-0.26179939,8.244009e-10,9.1699815e-05,1,-0.7854,8.1388515e-10,9.1492272e-05,1,0,0,0.064777806,-1.7878252e-05,0.34626084,114.44141,2514.4317,59.5,0,1.0471976,0,0,nan,nan,6257.3491,-250.72017,-0.029701487,-292.08891,2.1576062e-06,1.2577882,0.00026280019,0,0,0,0,0,0
38.75,1642.2747,47.166151,-2509.2326,52.110457,1.9988305,104.07788,1.4255448e-06,-1.0730321,1.8664569e-05,-3.85342e-06,0.004414695,-1.8578003e-06,-0.26179939,8.0583041e-10,9.1333709e-05,1,-0.7854,7.9553755e-10,9.1131001e-05,1,0,0,0.064766412,-1.7976967e-05,0.34689944,114.65959,2509.2326,59.5,0,1.0471976,0,0,nan,nan,6284.5525,-251.73799,-0.029274559,-293.21766,2.1219517e-06,1.2462477,0.00025804433,0,0,0,0,0,0
38.8,1644.883,47.266092,-2504.0243,52.226125,1.9988085,104.26371,1.4034123e-06,-1.0728082,1.8472109e-05,-3.7934471e-06,0.0045440199,-1.8302853e-06,-0.26179939,7.8765384e-10,9.0976129e-05,1,-0.7854,7.7757948e-10,9.0778139e-05,1,0,0,0.064755068,-1.8073435e-05,0.34753501,114.87681,2504.0243,59.5,0,1.0471976,0,0,nan,nan,6311.7286,-252.75445,-0.028855195,-294.34452,2.0868286e-06,1.2347915,0.00025337481,0,0,0,0,0,0
38.85,1647.4971,47.366032,-2498.8067,52.342147,1.9987869,104.44832,1.3816468e-06,-1.072578,1.8282594e-05,-3.7344677e-06,0.0046721541,-1.8032419e-06,-0.26179939,7.6986348e-10,9.0626869e-05,1,-0.7854,7.6000338e-10,9.0433484e-05,1,0,0,0.064743777,-1.8167709e-05,0.34816757,115.09307,2498.8067,59.5,0,1.0471976,0,0,nan,nan,6338.877,-253.76951,-0.028443256,-295.4695,2.0522312e-06,1.223402,0.00024879039,0,0,0,0,0,0
38.9,1650.117,47.465971,-2493.5798,52.45852,1.9987657,104.6317,1.3602428e-06,-1.0723413,1.8095974e-05,-3.6764668e-06,0.0047991042,-1.7766619e-06,-0.26179939,7.5245191e-10,9.0285729e-05,1,-0.7854,7.4280197e-10,9.0096839e-05,1,0,0,0.064732537,-1.8259842e-05,0.34879712,115.30838,2493.5798,59.5,0,1.0471976,0,0,nan,nan,6365.9968,-254.78317,-0.028038605,-296.59256,2.0181541e-06,1.2120753,0.00024428977,0,0,0,0,0,0
38.95,1652.7427,47.565909,-2488.3439,52.575241,1.9987447,104.81386,1.3391948e-06,-1.0720983,1.79122e-05,-3.6194297e-06,0.0049248772,-1.7505376e-06,-0.26179939,7.3541191e-10,8.9952515e-05,1,-0.7854,7.2596816e-10,8.9768012e-05,1,0,0,0.06472135,-1.8349885e-05,0.34942365,115.52272,2488.3439,59.5,0,1.0471976,0,0,nan,nan,6393.0874,-255.79539,-0.02764111,-297.7137,1.9845921e-06,1.2008202,0.00023987154,0,0,0,0,0,0
39,1655.3743,47.665846,-2483.0988,52.692306,1.998724,104.99479,1.3184974e-06,-1.0718491,1.7731223e-05,-3.5633418e-06,0.0050494814,-1.724861e-06,-0.26179939,7.1873648e-10,8.9627037e-05,1,-0.7854,7.0949502e-10,8.9446816e-05,1,0,0,0.064710214,-1.8437889e-05,0.35004716,115.73611,2483.0988,59.5,0,1.0471976,0,0,nan,nan,6420.1483,-256.80616,-0.027250639,-298.83287,1.9515401e-06,1.1896536,0.00023553418,0,0,0,0,0,0
39.05,1658.0118,47.765781,-2477.8448,52.809712,1.9987037,105.1745,1.2981451e-06,-1.0715936,1.7552997e-05,-3.5081887e-06,0.0051729268,-1.6996244e-06,-0.26179939,7.024187e-10,8.9309109e-05,1,-0.7854,6.9337568e-10,8.9133066e-05,1,0,0,0.064699129,-1.8523902e-05,0.35066766,115.94854,2477.8448,59.5,0,1.0471976,0,0,nan,nan,6447.1787,-257.81545,-0.026867062,-299.95007,1.9189928e-06,1.1785957,0.00023127612,0,0,0,0,0,0
39.1,1660.6551,47.865716,-2472.5818,52.927456,1.9986837,105.35298,1.2781328e-06,-1.0713321,1.7377474e-05,-3.4539559e-06,0.0052952259,-1.6748204e-06,-0.26179939,6.8645172e-10,8.8998549e-05,1,-0.7854,6.776033e-10,8.8826585e-05,1,0,0,0.064688095,-1.8607973e-05,0.35128515,116.16001,2472.5818,59.5,0,1.0471976,0,0,nan,nan,6474.1781,-258.82326,-0.026490252,-301.06524,1.8869451e-06,1.1676642,0.00022709574,0,0,0,0,0,0
39.15,1663.3043,47.96565,-2467.3099,53.045533,1.9986639,105.53025,1.258455e-06,-1.0710644,1.7204609e-05,-3.4006295e-06,0.0054163924,-1.6504415e-06,-0.26179939,6.7082869e-10,8.8695181e-05,1,-0.7854,6.6217104e-10,8.8527198e-05,1,0,0,0.064677112,-1.8690148e-05,0.35189962,116.37052,2467.3099,59.5,0,1.0471976,0,0,nan,nan,6501.1459,-259.82955,-0.026120084,-302.17838,1.8553915e-06,1.1568701,0.00022299148,0,0,0,0,0,0
39.2,1665.9594,48.065583,-2462.0291,53.163941,1.9986445,105.70629,1.2391068e-06,-1.0707907,1.7034357e-05,-3.3481953e-06,0.0055364408,-1.6264805e-06,-0.26179939,6.5554276e-10,8.8398832e-05,1,-0.7854,6.4707205e-10,8.8234734e-05,1,0,0,0.06466618,-1.8770472e-05,0.35251109,116.58007,2462.0291,59.5,0,1.0471976,0,0,nan,nan,6528.0813,-260.83432,-0.025756435,-303.28947,1.8243262e-06,1.1462156,0.00021896183,0,0,0,0,0,0
39.25,1668.6204,48.165514,-2456.7396,53.282677,1.9986253,105.88111,1.2200829e-06,-1.070511,1.6866673e-05,-3.2966396e-06,0.0056553854,-1.6029302e-06,-0.26179939,6.4058711e-10,8.8109334e-05,1,-0.7854,6.3229953e-10,8.7949027e-05,1,0,0,0.064655298,-1.8848989e-05,0.35311954,116.78866,2456.7396,59.5,0,1.0471976,0,0,nan,nan,6554.9837,-261.83753,-0.025399183,-304.39849,1.7937435e-06,1.1356942,0.00021500539,0,0,0,0,0,0
39.3,1671.2874,48.265445,-2451.4414,53.401736,1.9986064,106.05472,1.2013782e-06,-1.0702254,1.6701514e-05,-3.2459486e-06,0.0057732396,-1.5797837e-06,-0.26179939,6.2595496e-10,8.7826522e-05,1,-0.7854,6.1784675e-10,8.7669916e-05,1,0,0,0.064644468,-1.8925744e-05,0.35372499,116.9963,2451.4414,59.5,0,1.0471976,0,0,nan,nan,6581.8527,-262.83917,-0.025048208,-305.50542,1.7636375e-06,1.1252934,0.00021112088,0,0,0,0,0,0
39.35,1673.9604,48.365375,-2446.1345,53.521115,1.9985878,106.2271,1.1829878e-06,-1.0699339,1.6538836e-05,-3.1961089e-06,0.005890015,-1.5570339e-06,-0.26179939,6.1163966e-10,8.7550235e-05,1,-0.7854,6.037071e-10,8.7397241e-05,1,0,0,0.064633689,-1.9000778e-05,0.35432742,117.20298,2446.1345,59.5,0,1.0471976,0,0,nan,nan,6608.6875,-263.83923,-0.024703395,-306.61026,1.7340021e-06,1.1149975,0.00020730709,0,0,0,0,0,0
39.4,1676.6393,48.465304,-2440.819,53.640811,1.9985694,106.39827,1.1649068e-06,-1.0696366,1.6378597e-05,-3.1471071e-06,0.0060057219,-1.5346742e-06,-0.26179939,5.9763466e-10,8.7280317e-05,1,-0.7854,5.8987415e-10,8.7130848e-05,1,0,0,0.064622961,-1.9074133e-05,0.35492685,117.4087,2440.819,59.5,0,1.0471976,0,0,nan,nan,6635.4875,-264.83767,-0.024364626,-307.71299,1.7048314e-06,1.1047922,0.00020356289,0,0,0,0,0,0
39.45,1679.3242,48.565232,-2435.495,53.76082,1.9985513,106.56823,1.1471302e-06,-1.0693336,1.6220757e-05,-3.0989302e-06,0.0061203691,-1.5126978e-06,-0.26179939,5.8393361e-10,8.7016615e-05,1,-0.7854,5.7634163e-10,8.6870586e-05,1,0,0,0.064612286,-1.9145848e-05,0.35552328,117.61346,2435.495,59.5,0,1.0471976,0,0,nan,nan,6662.2521,-265.83449,-0.02403179,-308.81361,1.6761198e-06,1.0946669,0.00019988716,0,0,0,0,0,0
39.5,1682.0151,48.665159,-2430.1626,53.88114,1.9985335,106.73697,1.1296532e-06,-1.0690249,1.6065273e-05,-3.051565e-06,0.0062339648,-1.491098e-06,-0.26179939,5.7053032e-10,8.6758979e-05,1,-0.7854,5.6310345e-10,8.6616308e-05,1,0,0,0.064601663,-1.9215963e-05,0.3561167,117.81727,2430.1626,59.5,0,1.0471976,0,0,nan,nan,6688.9807,-266.82966,-0.023704775,-309.9121,1.6478613e-06,1.0846171,0.00019627877,0,0,0,0,0,0
39.55,1684.7121,48.765085,-2424.8217,54.001765,1.9985159,106.9045,1.1124712e-06,-1.0687104,1.5912105e-05,-3.0049987e-06,0.0063465167,-1.4698685e-06,-0.26179939,5.5741877e-10,8.6507265e-05,1,-0.7854,5.5015369e-10,8.6367871e-05,1,0,0,0.064591092,-1.9284517e-05,0.35670712,118.02012,2424.8217,59.5,0,1.0471976,0,0,nan,nan,6715.6728,-267.82316,-0.023383471,-311.00844,1.6200507e-06,1.0746436,0.00019273654,0,0,0,0,0,0
39.6,1687.4151,48.865011,-2419.4725,54.122694,1.9984986,107.07082,1.0955794e-06,-1.0683904,1.5761214e-05,-2.9592187e-06,0.0064580331,-1.4490027e-06,-0.26179939,5.4459309e-10,8.6261329e-05,1,-0.7854,5.3748654e-10,8.6125134e-05,1,0,0,0.064580573,-1.9351546e-05,0.35729454,118.22201,2419.4725,59.5,0,1.0471976,0,0,nan,nan,6742.3277,-268.81499,-0.023067772,-312.1026,1.5926823e-06,1.0647522,0.00018925929,0,0,0,0,0,0
39.65,1690.1241,48.964935,-2414.115,54.243922,1.9984816,107.23592,1.0789731e-06,-1.0680649,1.5612562e-05,-2.9142125e-06,0.006568523,-1.4284943e-06,-0.26179939,5.3204752e-10,8.6021034e-05,1,-0.7854,5.2509629e-10,8.5887961e-05,1,0,0,0.064570106,-1.9417087e-05,0.35787897,118.42295,2414.115,59.5,0,1.0471976,0,0,nan,nan,6768.9448,-269.80511,-0.022757571,-313.19458,1.5657507e-06,1.0549505,0.00018584576,0,0,0,0,0,0
39.7,1692.8392,49.064859,-2408.7492,54.365446,1.9984647,107.39982,1.0626478e-06,-1.0677338,1.546611e-05,-2.8699676e-06,0.006677996,-1.4083373e-06,-0.26179939,5.1977637e-10,8.5786244e-05,1,-0.7854,5.129773e-10,8.5656219e-05,1,0,0,0.06455969,-1.9481176e-05,0.35846039,118.62293,2408.7492,59.5,0,1.0471976,0,0,nan,nan,6795.5236,-270.7935,-0.022452764,-314.28436,1.5392506e-06,1.0452459,0.00018249472,0,0,0,0,0,0
39.75,1695.5604,49.164782,-2403.3753,54.487262,1.9984481,107.56251,1.046599e-06,-1.0673973,1.5321819e-05,-2.8264719e-06,0.0067864625,-1.3885255e-06,-0.26179939,5.0777403e-10,8.5556828e-05,1,-0.7854,5.0112399e-10,8.5429776e-05,1,0,0,0.064549326,-1.9543848e-05,0.35903882,118.82196,2403.3753,59.5,0,1.0471976,0,0,nan,nan,6822.0634,-271.78017,-0.022153251,-315.3719,1.5131764e-06,1.0356436,0.00017920495,0,0,0,0,0,0
39.8,1698.2877,49.264704,-2397.9933,54.609368,1.9984318,107.72399,1.0308222e-06,-1.0670554,1.5179654e-05,-2.7837133e-06,0.0068939334,-1.3690529e-06,-0.26179939,4.9603493e-10,8.5332656e-05,1,-0.7854,4.8953082e-10,8.5208507e-05,1,0,0,0.064539014,-1.9605135e-05,0.35961426,119.02003,2397.9933,59.5,0,1.0471976,0,0,nan,nan,6848.5637,-272.76507,-0.021858931,-316.4572,1.4875225e-06,1.0261447,0.00017597524,0,0,0,0,0,0
39.85,1701.0211,49.364625,-2392.6033,54.731759,1.9984156,107.88427,1.0153129e-06,-1.0667082,1.5039578e-05,-2.7416798e-06,0.0070004193,-1.3499137e-06,-0.26179939,4.8455356e-10,8.5113603e-05,1,-0.7854,4.7819231e-10,8.4992287e-05,1,0,0,0.064528753,-1.9665071e-05,0.36018671,119.21714,2392.6033,59.5,0,1.0471976,0,0,nan,nan,6875.0239,-273.7482,-0.021569706,-317.54024,1.4622833e-06,1.0167469,0.00017280448,0,0,0,0,0,0
39.9,1703.7607,49.464545,-2387.2052,54.854431,1.9983997,108.04334,1.0000669e-06,-1.0663556,1.4901555e-05,-2.7003599e-06,0.0071059305,-1.3311022e-06,-0.26179939,4.7332448e-10,8.4899546e-05,1,-0.7854,4.6710307e-10,8.4780996e-05,1,0,0,0.064518544,-1.9723689e-05,0.36075617,119.4133,2387.2052,59.5,0,1.0471976,0,0,nan,nan,6901.4434,-274.72954,-0.021285478,-318.62101,1.4374532e-06,1.0074447,0.00016969159,0,0,0,0,0,0
39.95,1706.5063,49.564465,-2381.7993,54.977382,1.9983841,108.20121,9.8507993e-07,-1.0659978,1.476555e-05,-2.6597418e-06,0.0072104765,-1.3126126e-06,-0.26179939,4.6234234e-10,8.4690365e-05,1,-0.7854,4.562578e-10,8.4574514e-05,1,0,0,0.064508386,-1.978102e-05,0.36132264,119.60851,2381.7993,59.5,0,1.0471976,0,0,nan,nan,6927.8217,-275.70907,-0.021006153,-319.69949,1.4130265e-06,0.99823111,0.00016663555,0,0,0,0,0,0
40,1709.2582,49.664384,-2376.3854,55.100608,1.9983686,108.35788,9.7034769e-07,-1.0656348,1.4631528e-05,-2.6198142e-06,0.0073140664,-1.2944394e-06,-0.26179939,4.5160191e-10,8.4485944e-05,1,-0.7854,4.4565133e-10,8.4372728e-05,1,0,0,0.064498281,-1.9837094e-05,0.36188613,119.80277,2376.3854,59.5,0,1.0471976,0,0,nan,nan,6954.1581,-276.68678,-0.020731639,-320.77568,1.3889976e-06,0.98909932,0.00016363536,0,0,0,0,0,0
40.05,1712.0162,49.764302,-2370.9638,55.224105,1.9983533,108.51335,9.5586604e-07,-1.0652666,1.4499456e-05,-2.5805657e-06,0.0074167083,-1.2765772e-06,-0.26179939,4.4109805e-10,8.4286169e-05,1,-0.7854,4.352786e-10,8.4175525e-05,1,0,0,0.064488228,-1.9891941e-05,0.36244663,119.99607,2370.9638,59.5,0,1.0471976,0,0,nan,nan,6980.4522,-277.66264,-0.020461842,-321.84956,1.365361e-06,0.9800441,0.00016069008,0,0,0,0,0,0
40.1,1714.7803,49.864219,-2365.5344,55.34787,1.9983383,108.66762,9.4163088e-07,-1.0648933,1.4369299e-05,-2.5419854e-06,0.0075184101,-1.2590205e-06,-0.26179939,4.3082577e-10,8.4090929e-05,1,-0.7854,4.2513468e-10,8.3982794e-05,1,0,0,0.064478227,-1.9945591e-05,0.36300416,120.18842,2365.5344,59.5,0,1.0471976,0,0,nan,nan,7006.7034,-278.63664,-0.020196674,-322.92111,1.3421112e-06,0.97106262,0.00015779872,0,0,0,0,0,0
40.15,1717.5507,49.964136,-2360.0974,55.4719,1.9983235,108.8207,9.2763817e-07,-1.064515,1.4241026e-05,-2.5040623e-06,0.0076191794,-1.241764e-06,-0.26179939,4.2078019e-10,8.3900115e-05,1,-0.7854,4.1521476e-10,8.379443e-05,1,0,0,0.064468278,-1.9998072e-05,0.36355871,120.37982,2360.0974,59.5,0,1.0471976,0,0,nan,nan,7032.911,-279.60876,-0.019936047,-323.99033,1.319243e-06,0.96215461,0.00015496034,0,0,0,0,0,0
40.2,1720.3273,50.064052,-2354.6527,55.596189,1.9983088,108.97258,9.138839e-07,-1.0641316,1.4114604e-05,-2.4667855e-06,0.007719024,-1.2248024e-06,-0.26179939,4.1095654e-10,8.3713622e-05,1,-0.7854,4.0551413e-10,8.3610328e-05,1,0,0,0.064458381,-2.0049412e-05,0.36411028,120.57027,2354.6527,59.5,0,1.0471976,0,0,nan,nan,7059.0746,-280.57899,-0.019679873,-325.05719,1.296751e-06,0.95332174,0.00015217394,0,0,0,0,0,0
40.25,1723.1101,50.163967,-2349.2004,55.720736,1.9982944,109.12326,9.0036415e-07,-1.0637433,1.399e-05,-2.4301444e-06,0.0078179517,-1.2081308e-06,-0.26179939,4.0135015e-10,8.3531345e-05,1,-0.7854,3.9602816e-10,8.3430386e-05,1,0,0,0.064448535,-2.0099637e-05,0.36465888,120.75977,2349.2004,59.5,0,1.0471976,0,0,nan,nan,7085.1936,-281.54731,-0.019428069,-326.12167,1.2746301e-06,0.94456675,0.00014943855,0,0,0,0,0,0
40.3,1725.8991,50.263881,-2343.7407,55.845537,1.9982801,109.27275,8.8707503e-07,-1.06335,1.3867185e-05,-2.3941285e-06,0.0079159709,-1.191744e-06,-0.26179939,3.9195642e-10,8.3353185e-05,1,-0.7854,3.8675231e-10,8.3254505e-05,1,0,0,0.064438742,-2.0148774e-05,0.36520451,120.94831,2343.7407,59.5,0,1.0471976,0,0,nan,nan,7111.2675,-282.51369,-0.01918055,-327.18378,1.2528749e-06,0.93589222,0.00014675318,0,0,0,0,0,0
40.35,1728.6944,50.363795,-2338.2735,55.970588,1.9982661,109.42106,8.7401272e-07,-1.0629519,1.3746126e-05,-2.3587275e-06,0.00801309,-1.175637e-06,-0.26179939,3.8277084e-10,8.3179044e-05,1,-0.7854,3.7768208e-10,8.3082588e-05,1,0,0,0.064429001,-2.0196849e-05,0.36574718,121.13591,2338.2735,59.5,0,1.0471976,0,0,nan,nan,7137.2957,-283.47814,-0.018937235,-328.24348,1.2314804e-06,0.92729975,0.00014411687,0,0,0,0,0,0
40.4,1731.4959,50.463708,-2332.7989,56.095885,1.9982522,109.56817,8.6117345e-07,-1.0625489,1.3626795e-05,-2.3239311e-06,0.0081093177,-1.1598051e-06,-0.26179939,3.7378895e-10,8.3008825e-05,1,-0.7854,3.6881307e-10,8.291454e-05,1,0,0,0.064419311,-2.0243888e-05,0.36628688,121.32257,2332.7989,59.5,0,1.0471976,0,0,nan,nan,7163.2777,-284.44063,-0.018698043,-329.30077,1.2104413e-06,0.91878936,0.00014152867,0,0,0,0,0,0
40.45,1734.3037,50.56362,-2327.317,56.221425,1.9982386,109.71409,8.485535e-07,-1.0621412,1.3509161e-05,-2.2897293e-06,0.0082046623,-1.1442434e-06,-0.26179939,3.6500636e-10,8.2842435e-05,1,-0.7854,3.6014092e-10,8.275027e-05,1,0,0,0.064409673,-2.0289913e-05,0.36682362,121.50827,2327.317,59.5,0,1.0471976,0,0,nan,nan,7189.213,-285.40114,-0.018462897,-330.35562,1.1897524e-06,0.91035947,0.00013898769,0,0,0,0,0,0
40.5,1737.1178,50.663532,-2321.8278,56.347204,1.9982251,109.85883,8.3614922e-07,-1.0617287,1.3393195e-05,-2.2561123e-06,0.0082991322,-1.1289473e-06,-0.26179939,3.5641875e-10,8.2679783e-05,1,-0.7854,3.5166136e-10,8.2589687e-05,1,0,0,0.064400087,-2.0334951e-05,0.36735741,121.69303,2321.8278,59.5,0,1.0471976,0,0,nan,nan,7215.1009,-286.35965,-0.018231717,-331.40804,1.1694085e-06,0.90200726,0.00013649305,0,0,0,0,0,0
40.55,1739.9382,50.763442,-2316.3314,56.473219,1.9982117,110.00239,8.23957e-07,-1.0613115,1.3278869e-05,-2.2230702e-06,0.0083927353,-1.1139121e-06,-0.26179939,3.480219e-10,8.2520779e-05,1,-0.7854,3.433702e-10,8.2432703e-05,1,0,0,0.064390553,-2.0379023e-05,0.36788823,121.87684,2316.3314,59.5,0,1.0471976,0,0,nan,nan,7240.9411,-287.31616,-0.018004429,-332.458,1.1494046e-06,0.89372932,0.0001340439,0,0,0,0,0,0
40.6,1742.7649,50.863353,-2310.8279,56.599467,1.9981986,110.14476,8.1197329e-07,-1.0608896,1.3166154e-05,-2.1905934e-06,0.0084854791,-1.0991333e-06,-0.26179939,3.3981165e-10,8.2365337e-05,1,-0.7854,3.3526335e-10,8.2279232e-05,1,0,0,0.064381071,-2.0422153e-05,0.36841611,122.0597,2310.8279,59.5,0,1.0471976,0,0,nan,nan,7266.7329,-288.27065,-0.017780958,-333.5055,1.1297355e-06,0.8855224,0.00013163943,0,0,0,0,0,0
40.65,1745.5979,50.963262,-2305.3172,56.725943,1.9981856,110.28595,8.0019459e-07,-1.0604631,1.3055023e-05,-2.1586724e-06,0.0085773709,-1.0846065e-06,-0.26179939,3.3178395e-10,8.2213373e-05,1,-0.7854,3.273368e-10,8.2129192e-05,1,0,0,0.064371641,-2.0464362e-05,0.36894103,122.24163,2305.3172,59.5,0,1.0471976,0,0,nan,nan,7292.4759,-289.2231,-0.017561231,-334.55052,1.1103962e-06,0.877384,0.00012927882,0,0,0,0,0,0
40.7,1748.4372,51.063171,-2299.7996,56.852644,1.9981728,110.42596,7.8861746e-07,-1.0600321,1.2945449e-05,-2.127298e-06,0.0086684179,-1.0703272e-06,-0.26179939,3.2393483e-10,8.2064802e-05,1,-0.7854,3.1958665e-10,8.1982501e-05,1,0,0,0.064362262,-2.0505673e-05,0.36946301,122.4226,2299.7996,59.5,0,1.0471976,0,0,nan,nan,7318.1696,-290.17349,-0.017345176,-335.59304,1.0913818e-06,0.86931265,0.00012696129,0,0,0,0,0,0
40.75,1751.2829,51.16308,-2294.2749,56.979566,1.9981602,110.56479,7.7723851e-07,-1.0595965,1.2837404e-05,-2.0964609e-06,0.0087586268,-1.0562912e-06,-0.26179939,3.1626043e-10,8.1919546e-05,1,-0.7854,3.1200906e-10,8.1839079e-05,1,0,0,0.064352936,-2.0546106e-05,0.36998205,122.60264,2294.2749,59.5,0,1.0471976,0,0,nan,nan,7343.8133,-291.12181,-0.017132724,-336.63307,1.0726873e-06,0.86130796,0.00012468604,0,0,0,0,0,0
40.8,1754.1349,51.262987,-2288.7434,57.106707,1.9981477,110.70245,7.6605439e-07,-1.0591564,1.2730863e-05,-2.0661521e-06,0.0088480048,-1.0424943e-06,-0.26179939,3.0875695e-10,8.1777524e-05,1,-0.7854,3.046003e-10,8.1698848e-05,1,0,0,0.064343661,-2.0585682e-05,0.37049815,122.78173,2288.7434,59.5,0,1.0471976,0,0,nan,nan,7369.4067,-292.06805,-0.016923804,-337.67057,1.0543081e-06,0.85337031,0.00012245226,0,0,0,0,0,0
40.85,1756.9933,51.362894,-2283.205,57.234062,1.9981354,110.83893,7.5506182e-07,-1.0587119,1.2625799e-05,-2.0363626e-06,0.0089365588,-1.0289322e-06,-0.26179939,3.0142069e-10,8.163866e-05,1,-0.7854,2.9735669e-10,8.1561733e-05,1,0,0,0.064334438,-2.0624422e-05,0.37101131,122.95988,2283.205,59.5,0,1.0471976,0,0,nan,nan,7394.9492,-293.01219,-0.01671835,-338.70555,1.0362393e-06,0.84550041,0.00012025918,0,0,0,0,0,0
40.9,1759.8581,51.462801,-2277.6598,57.361628,1.9981233,110.97424,7.4425754e-07,-1.0582629,1.2522188e-05,-2.0070838e-06,0.0090242959,-1.0156009e-06,-0.26179939,2.94248e-10,8.150288e-05,1,-0.7854,2.9027463e-10,8.1427659e-05,1,0,0,0.064325266,-2.0662344e-05,0.37152154,123.1371,2277.6598,59.5,0,1.0471976,0,0,nan,nan,7420.4404,-293.95421,-0.016516295,-339.73799,1.0184762e-06,0.83769884,0.00011810602,0,0,0,0,0,0
40.95,1762.7292,51.562707,-2272.1078,57.4894,1.9981113,111.10838,7.3363837e-07,-1.0578096,1.2420004e-05,-1.9783069e-06,0.0091112233,-1.0024963e-06,-0.26179939,2.872353e-10,8.1370111e-05,1,-0.7854,2.8335058e-10,8.1296556e-05,1,0,0,0.064316147,-2.0699469e-05,0.37202884,123.31337,2272.1078,59.5,0,1.0471976,0,0,nan,nan,7445.8796,-294.89411,-0.016317574,-340.76786,1.0010141e-06,0.82996566,0.000115992,0,0,0,0,0,0
41,1765.6068,51.662612,-2266.5492,57.617377,1.9980994,111.24134,7.2320117e-07,-1.057352,1.2319224e-05,-1.9500234e-06,0.009197348,-9.8961465e-07,-0.26179939,2.8037909e-10,8.124028e-05,1,-0.7854,2.7658107e-10,8.1168352e-05,1,0,0,0.064307079,-2.0735814e-05,0.37253321,123.4887,2266.5492,59.5,0,1.0471976,0,0,nan,nan,7471.2665,-295.83186,-0.016122123,-341.79517,9.8384831e-07,0.82230027,0.0001139164,0,0,0,0,0,0
41.05,1768.4907,51.762517,-2260.984,57.745554,1.9980877,111.37315,7.1294285e-07,-1.0568901,1.2219821e-05,-1.922225e-06,0.0092826771,-9.7695194e-07,-0.26179939,2.7367592e-10,8.1113319e-05,1,-0.7854,2.6996268e-10,8.1042979e-05,1,0,0,0.064298062,-2.0771397e-05,0.37303466,123.6631,2260.984,59.5,0,1.0471976,0,0,nan,nan,7496.6005,-296.76745,-0.015929881,-342.81991,9.669743e-07,0.81470142,0.00011187848,0,0,0,0,0,0
41.1,1771.3811,51.862421,-2255.4122,57.873927,1.9980762,111.50378,7.0286036e-07,-1.0564239,1.2121775e-05,-1.8949033e-06,0.0093672174,-9.6450439e-07,-0.26179939,2.671224e-10,8.0989159e-05,1,-0.7854,2.6349208e-10,8.0920371e-05,1,0,0,0.064289097,-2.0806237e-05,0.3735332,123.83656,2255.4122,59.5,0,1.0471976,0,0,nan,nan,7521.8812,-297.70087,-0.015740784,-343.84205,9.5038743e-07,0.80716744,0.00010987754,0,0,0,0,0,0
41.15,1774.2779,51.962324,-2249.8339,58.002493,1.9980648,111.63326,6.9295071e-07,-1.0559535,1.202506e-05,-1.8680504e-06,0.0094509756,-9.5226827e-07,-0.26179939,2.6071523e-10,8.0867734e-05,1,-0.7854,2.5716598e-10,8.0800461e-05,1,0,0,0.064280184,-2.0840352e-05,0.37402882,124.00909,2249.8339,59.5,0,1.0471976,0,0,nan,nan,7547.108,-298.6321,-0.015554774,-344.86158,9.3408319e-07,0.7996965,0.0001079129,0,0,0,0,0,0
41.2,1777.1811,52.062227,-2244.2491,58.131248,1.9980536,111.76157,6.8321094e-07,-1.055479,1.1929654e-05,-1.8416582e-06,0.0095339582,-9.4023992e-07,-0.26179939,2.5445117e-10,8.0748981e-05,1,-0.7854,2.509812e-10,8.0683185e-05,1,0,0,0.064271322,-2.0873756e-05,0.37452152,124.18068,2244.2491,59.5,0,1.0471976,0,0,nan,nan,7572.2806,-299.56114,-0.015371792,-345.87851,9.1805711e-07,0.79228697,0.00010598389,0,0,0,0,0,0
41.25,1780.0907,52.16213,-2238.658,58.260189,1.9980424,111.88872,6.7363816e-07,-1.0550003,1.1835534e-05,-1.8157188e-06,0.0096161715,-9.2841573e-07,-0.26179939,2.4832704e-10,8.0632835e-05,1,-0.7854,2.449346e-10,8.0568483e-05,1,0,0,0.064262512,-2.0906468e-05,0.37501132,124.35133,2238.658,59.5,0,1.0471976,0,0,nan,nan,7597.3984,-300.48796,-0.015191778,-346.89281,9.0230478e-07,0.78493757,0.00010408985,0,0,0,0,0,0
41.3,1783.0068,52.262032,-2233.0605,58.389312,1.9980315,112.01472,6.6422951e-07,-1.0545175,1.1742679e-05,-1.7902244e-06,0.0096976217,-9.1679214e-07,-0.26179939,2.4233975e-10,8.0519235e-05,1,-0.7854,2.3902312e-10,8.0456293e-05,1,0,0,0.064253753,-2.0938503e-05,0.37549822,124.52106,2233.0605,59.5,0,1.0471976,0,0,nan,nan,7622.4609,-301.41255,-0.015014678,-347.90448,8.8682186e-07,0.77764752,0.00010223012,0,0,0,0,0,0
41.35,1785.9294,52.361933,-2227.4568,58.518614,1.9980206,112.13955,6.5498218e-07,-1.0540307,1.1651067e-05,-1.7651676e-06,0.0097783151,-9.0536569e-07,-0.26179939,2.3648627e-10,8.0408122e-05,1,-0.7854,2.3324377e-10,8.0346556e-05,1,0,0,0.064245045,-2.0969878e-05,0.37598222,124.68985,2227.4568,59.5,0,1.0471976,0,0,nan,nan,7647.4678,-302.3349,-0.014840435,-348.91349,8.7160405e-07,0.77041642,0.00010040406,0,0,0,0,0,0
41.4,1788.8584,52.461834,-2221.8469,58.648091,1.9980099,112.26324,6.4589341e-07,-1.0535399,1.1560676e-05,-1.7405407e-06,0.0098582576,-8.9413295e-07,-0.26179939,2.3076364e-10,8.0299436e-05,1,-0.7854,2.2759363e-10,8.0239214e-05,1,0,0,0.064236389,-2.1000606e-05,0.37646332,124.85771,2221.8469,59.5,0,1.0471976,0,0,nan,nan,7672.4184,-303.25499,-0.014668994,-349.91986,8.5664713e-07,0.76324414,9.861104e-05,0,0,0,0,0,0
41.45,1791.794,52.561734,-2216.2308,58.777739,1.9979993,112.38577,6.3696047e-07,-1.0530451,1.1471486e-05,-1.7163364e-06,0.0099374555,-8.8309056e-07,-0.26179939,2.2516895e-10,8.0193121e-05,1,-0.7854,2.2206982e-10,8.0134212e-05,1,0,0,0.064227785,-2.1030704e-05,0.37694153,125.02465,2216.2308,59.5,0,1.0471976,0,0,nan,nan,7697.3124,-304.17281,-0.014500303,-350.92355,8.4194692e-07,0.7561306,9.6850426e-05,0,0,0,0,0,0
41.5,1794.736,52.661634,-2210.6085,58.907555,1.9979889,112.50715,6.2818069e-07,-1.0525463,1.1383475e-05,-1.6925475e-06,0.010015915,-8.7223523e-07,-0.26179939,2.1969937e-10,8.0089121e-05,1,-0.7854,2.1666954e-10,8.0031493e-05,1,0,0,0.064219231,-2.1060185e-05,0.37741685,125.19065,2210.6085,59.5,0,1.0471976,0,0,nan,nan,7722.1494,-305.08836,-0.014334309,-351.92456,8.2749929e-07,0.74907558,9.5121603e-05,0,0,0,0,0,0
41.55,1797.6845,52.761533,-2204.9803,59.037536,1.9979786,112.62739,6.1955143e-07,-1.0520437,1.1296625e-05,-1.6691668e-06,0.010093642,-8.6156371e-07,-0.26179939,2.143521e-10,7.9987381e-05,1,-0.7854,2.1139002e-10,7.9931005e-05,1,0,0,0.064210729,-2.1089064e-05,0.37788929,125.35573,2204.9803,59.5,0,1.0471976,0,0,nan,nan,7746.9288,-306.0016,-0.014170961,-352.92288,8.1330015e-07,0.74207861,9.3423965e-05,0,0,0,0,0,0
41.6,1800.6395,52.861432,-2199.3461,59.167677,1.9979684,112.74648,6.1107011e-07,-1.0515371,1.1210914e-05,-1.6461873e-06,0.010170642,-8.5107282e-07,-0.26179939,2.0912441e-10,7.9887849e-05,1,-0.7854,2.0622857e-10,7.9832695e-05,1,0,0,0.064202277,-2.1117355e-05,0.37835885,125.51988,2199.3461,59.5,0,1.0471976,0,0,nan,nan,7771.6502,-306.91255,-0.014010208,-353.9185,7.9934546e-07,0.73513894,9.175692e-05,0,0,0,0,0,0
41.65,1803.601,52.96133,-2193.7059,59.297976,1.9979583,112.86442,6.0273417e-07,-1.0510268,1.1126323e-05,-1.623602e-06,0.010246922,-8.4075945e-07,-0.26179939,2.0401362e-10,7.9790472e-05,1,-0.7854,2.0118255e-10,7.9736512e-05,1,0,0,0.064193877,-2.1145072e-05,0.37882553,125.68311,2193.7059,59.5,0,1.0471976,0,0,nan,nan,7796.3132,-307.82116,-0.013852001,-354.91141,7.8563122e-07,0.7282556,9.0119895e-05,0,0,0,0,0,0
41.7,1806.569,53.061227,-2188.0599,59.428428,1.9979483,112.98123,5.9454112e-07,-1.0505126,1.1042834e-05,-1.6014042e-06,0.010322488,-8.3062051e-07,-0.26179939,1.9901713e-10,7.9695201e-05,1,-0.7854,1.9624936e-10,7.9642406e-05,1,0,0,0.064185528,-2.1172227e-05,0.37928935,125.84541,2188.0599,59.5,0,1.0471976,0,0,nan,nan,7820.9173,-308.72745,-0.013696292,-355.9016,7.721535e-07,0.72142752,8.8512326e-05,0,0,0,0,0,0
41.75,1809.5435,53.161125,-2182.408,59.55903,1.9979385,113.09689,5.8648847e-07,-1.0499947,1.0960427e-05,-1.5795872e-06,0.010397344,-8.20653e-07,-0.26179939,1.9413236e-10,7.9601985e-05,1,-0.7854,1.9142648e-10,7.9550328e-05,1,0,0,0.06417723,-2.1198833e-05,0.3797503,126.0068,2182.408,59.5,0,1.0471976,0,0,nan,nan,7845.4622,-309.63139,-0.013543034,-356.88906,7.5890839e-07,0.71465363,8.6933661e-05,0,0,0,0,0,0
41.8,1812.5246,53.261021,-2176.7504,59.689778,1.9979288,113.21142,5.7857382e-07,-1.049473,1.0879083e-05,-1.5581444e-06,0.010471497,-8.1085394e-07,-0.26179939,1.8935681e-10,7.9510777e-05,1,-0.7854,1.8671143e-10,7.9460232e-05,1,0,0,0.064168983,-2.1224903e-05,0.38020838,126.16726,2176.7504,59.5,0,1.0471976,0,0,nan,nan,7869.9473,-310.53297,-0.013392179,-357.87378,7.4589207e-07,0.70793302,8.5383362e-05,0,0,0,0,0,0
41.85,1815.5123,53.360918,-2171.0871,59.82067,1.9979192,113.32481,5.7079477e-07,-1.0489477,1.0798785e-05,-1.5370694e-06,0.010544952,-8.0122045e-07,-0.26179939,1.8468803e-10,7.9421531e-05,1,-0.7854,1.821018e-10,7.9372071e-05,1,0,0,0.064160787,-2.125045e-05,0.38066361,126.3268,2171.0871,59.5,0,1.0471976,0,0,nan,nan,7894.3722,-311.43218,-0.013243683,-358.85575,7.3310075e-07,0.70126497,8.3860897e-05,0,0,0,0,0,0
41.9,1818.5064,53.460813,-2165.4182,59.951701,1.9979097,113.43707,5.6314899e-07,-1.0484187,1.0719515e-05,-1.5163558e-06,0.010617715,-7.9174965e-07,-0.26179939,1.8012363e-10,7.9334199e-05,1,-0.7854,1.7759521e-10,7.92858e-05,1,0,0,0.064152642,-2.1275484e-05,0.38111598,126.48542,2165.4182,59.5,0,1.0471976,0,0,nan,nan,7918.7365,-312.32901,-0.013097501,-359.83496,7.2053072e-07,0.69464892,8.2365743e-05,0,0,0,0,0,0
41.95,1821.5072,53.560709,-2159.7437,60.082868,1.9979003,113.5482,5.5563416e-07,-1.0478861,1.0641254e-05,-1.4959972e-06,0.01068979,-7.8243873e-07,-0.26179939,1.7566126e-10,7.9248738e-05,1,-0.7854,1.7318936e-10,7.9201374e-05,1,0,0,0.064144547,-2.1300018e-05,0.38156551,126.64312,2159.7437,59.5,0,1.0471976,0,0,nan,nan,7943.0399,-313.22345,-0.012953589,-360.8114,7.0817831e-07,0.68808448,8.0897382e-05,0,0,0,0,0,0
42,1824.5145,53.660603,-2154.0636,60.214167,1.9978911,113.65819,5.4824802e-07,-1.0473499,1.0563986e-05,-1.4759877e-06,0.010761184,-7.7328495e-07,-0.26179939,1.7129863e-10,7.9165103e-05,1,-0.7854,1.6888198e-10,7.9118751e-05,1,0,0,0.064136503,-2.1324064e-05,0.38201219,126.79991,2154.0636,59.5,0,1.0471976,0,0,nan,nan,7967.2818,-314.11547,-0.012811905,-361.78506,6.9603989e-07,0.6815713,7.9455309e-05,0,0,0,0,0,0
42.05,1827.5283,53.760498,-2148.3781,60.345595,1.9978819,113.76707,5.4098833e-07,-1.0468101,1.0487695e-05,-1.4563211e-06,0.010831902,-7.6428559e-07,-0.26179939,1.6703351e-10,7.9083253e-05,1,-0.7854,1.6467086e-10,7.9037889e-05,1,0,0,0.06412851,-2.1347632e-05,0.38245604,126.95578,2148.3781,59.5,0,1.0471976,0,0,nan,nan,7991.4619,-315.00508,-0.012672406,-362.75593,6.8411191e-07,0.67510899,7.8039025e-05,0,0,0,0,0,0
42.1,1830.5488,53.860392,-2142.6872,60.477148,1.9978728,113.87481,5.3385291e-07,-1.0462668,1.0412362e-05,-1.4369915e-06,0.010901949,-7.55438e-07,-0.26179939,1.6286369e-10,7.9003146e-05,1,-0.7854,1.6055382e-10,7.8958747e-05,1,0,0,0.064120567,-2.1370732e-05,0.38289704,127.11074,2142.6872,59.5,0,1.0471976,0,0,nan,nan,8015.5797,-315.89226,-0.012535052,-363.724,6.7239083e-07,0.66869709,7.6648041e-05,0,0,0,0,0,0
42.15,1833.5758,53.960285,-2136.9908,60.608822,1.9978639,113.98144,5.268396e-07,-1.04572,1.0337972e-05,-1.4179931e-06,0.010971329,-7.4673957e-07,-0.26179939,1.5878702e-10,7.8924741e-05,1,-0.7854,1.5652876e-10,7.8881284e-05,1,0,0,0.064112675,-2.1393377e-05,0.38333522,127.26479,2136.9908,59.5,0,1.0471976,0,0,nan,nan,8039.6349,-316.777,-0.012399802,-364.68927,6.6087318e-07,0.66233501,7.5281878e-05,0,0,0,0,0,0
42.2,1836.6094,54.060178,-2131.2892,60.740615,1.997855,114.08694,5.1994628e-07,-1.0451698,1.0264508e-05,-1.39932e-06,0.011040049,-7.3818773e-07,-0.26179939,1.5480141e-10,7.8847998e-05,1,-0.7854,1.5259358e-10,7.8805463e-05,1,0,0,0.064104833,-2.1415575e-05,0.38377057,127.41793,2131.2892,59.5,0,1.0471976,0,0,nan,nan,8063.627,-317.65928,-0.012266617,-365.65172,6.4955555e-07,0.65602208,7.3940069e-05,0,0,0,0,0,0
42.25,1839.6496,54.16007,-2125.5824,60.872523,1.9978463,114.19133,5.1317087e-07,-1.0446162,1.0191955e-05,-1.3809667e-06,0.011108114,-7.2977996e-07,-0.26179939,1.509048e-10,7.877288e-05,1,-0.7854,1.4874627e-10,7.8731244e-05,1,0,0,0.064097042,-2.1437338e-05,0.3842031,127.57015,2125.5824,59.5,0,1.0471976,0,0,nan,nan,8087.5557,-318.5391,-0.012135458,-366.61135,6.3843455e-07,0.64975758,7.2622156e-05,0,0,0,0,0,0
42.3,1842.6964,54.259963,-2119.8703,61.004541,1.9978377,114.2946,5.0651131e-07,-1.0440592,1.0120298e-05,-1.3629276e-06,0.011175528,-7.2151379e-07,-0.26179939,1.4709518e-10,7.8699348e-05,1,-0.7854,1.4498483e-10,7.865859e-05,1,0,0,0.064089301,-2.1458674e-05,0.38463282,127.72147,2119.8703,59.5,0,1.0471976,0,0,nan,nan,8111.4205,-319.41645,-0.012006287,-367.56814,6.2750686e-07,0.64354077,7.1327692e-05,0,0,0,0,0,0
42.35,1845.7498,54.359854,-2114.1531,61.136668,1.9978291,114.39676,4.999656e-07,-1.0434988,1.004952e-05,-1.3451972e-06,0.011242296,-7.1338679e-07,-0.26179939,1.4337059e-10,7.8627366e-05,1,-0.7854,1.4130733e-10,7.8587466e-05,1,0,0,0.06408161,-2.1479594e-05,0.38505972,127.87188,2114.1531,59.5,0,1.0471976,0,0,nan,nan,8135.2211,-320.29131,-0.011879067,-368.5221,6.167692e-07,0.63737097,7.0056236e-05,0,0,0,0,0,0
42.4,1848.8098,54.459746,-2108.4309,61.268898,1.9978207,114.49781,4.9353176e-07,-1.0429351,9.9796075e-06,-1.3277702e-06,0.011308424,-7.0539658e-07,-0.26179939,1.3972909e-10,7.8556898e-05,1,-0.7854,1.3771186e-10,7.8517836e-05,1,0,0,0.064073969,-2.1500107e-05,0.38548382,128.02139,2108.4309,59.5,0,1.0471976,0,0,nan,nan,8158.957,-321.16367,-0.011753762,-369.4732,6.0621834e-07,0.6312476,6.8807358e-05,0,0,0,0,0,0
42.45,1851.8764,54.559636,-2102.7036,61.401229,1.9978123,114.59775,4.8720784e-07,-1.0423681,9.9105451e-06,-1.3106412e-06,0.011373915,-6.975408e-07,-0.26179939,1.3616882e-10,7.8487909e-05,1,-0.7854,1.3419658e-10,7.8449666e-05,1,0,0,0.064066378,-2.1520221e-05,0.38590512,128.16999,2102.7036,59.5,0,1.0471976,0,0,nan,nan,8182.628,-322.03352,-0.011630336,-370.42145,5.9585111e-07,0.62517014,6.7580634e-05,0,0,0,0,0,0
42.5,1854.9496,54.659527,-2096.9713,61.533656,1.997804,114.69659,4.8099192e-07,-1.0417978,9.8423184e-06,-1.2938051e-06,0.011438776,-6.8981717e-07,-0.26179939,1.3268794e-10,7.8420364e-05,1,-0.7854,1.3075967e-10,7.8382921e-05,1,0,0,0.064058838,-2.1539947e-05,0.38632362,128.31769,2096.9713,59.5,0,1.0471976,0,0,nan,nan,8206.2335,-322.90086,-0.011508755,-371.36683,5.8566438e-07,0.61913814,6.6375647e-05,0,0,0,0,0,0
42.55,1858.0295,54.759417,-2091.2341,61.666178,1.9977959,114.79432,4.7488214e-07,-1.0412243,9.7749131e-06,-1.2772568e-06,0.01150301,-6.8222341e-07,-0.26179939,1.2928465e-10,7.8354231e-05,1,-0.7854,1.2739936e-10,7.8317569e-05,1,0,0,0.064051347,-2.1559292e-05,0.38673933,128.46449,2091.2341,59.5,0,1.0471976,0,0,nan,nan,8229.7733,-323.76566,-0.011388983,-372.30934,5.7565508e-07,0.61315119,6.5191987e-05,0,0,0,0,0,0
42.6,1861.116,54.859306,-2085.4921,61.798789,1.9977878,114.89095,4.6887663e-07,-1.0406477,9.7083153e-06,-1.2609913e-06,0.011566622,-6.7475732e-07,-0.26179939,1.259572e-10,7.8289476e-05,1,-0.7854,1.2411391e-10,7.8253578e-05,1,0,0,0.064043906,-2.1578265e-05,0.38715225,128.61038,2085.4921,59.5,0,1.0471976,0,0,nan,nan,8253.247,-324.62793,-0.011270988,-373.24896,5.6582017e-07,0.60720885,6.4029253e-05,0,0,0,0,0,0
42.65,1864.2091,54.959196,-2079.7453,61.931487,1.9977798,114.98648,4.6297359e-07,-1.0400678,9.6425112e-06,-1.2450036e-06,0.011629617,-6.674167e-07,-0.26179939,1.2270387e-10,7.8226068e-05,1,-0.7854,1.2090163e-10,7.8190917e-05,1,0,0,0.064036515,-2.1596874e-05,0.38756239,128.75538,2079.7453,59.5,0,1.0471976,0,0,nan,nan,8276.6542,-325.48764,-0.011154736,-374.1857,5.5615667e-07,0.60131069,6.2887052e-05,0,0,0,0,0,0
42.7,1867.3089,55.059084,-2073.9937,62.064269,1.9977719,115.08092,4.5717123e-07,-1.0394848,9.5774873e-06,-1.2292889e-06,0.011691999,-6.6019942e-07,-0.26179939,1.1952299e-10,7.8163977e-05,1,-0.7854,1.1776087e-10,7.8129554e-05,1,0,0,0.064029174,-2.1615128e-05,0.38796976,128.89948,2073.9937,59.5,0,1.0471976,0,0,nan,nan,8299.9945,-326.3448,-0.011040196,-375.11954,5.4666163e-07,0.5954562,6.1764996e-05,0,0,0,0,0,0
42.75,1870.4153,55.158973,-2068.2374,62.197129,1.997764,115.17426,4.514678e-07,-1.0388988,9.5132303e-06,-1.2138425e-06,0.011753774,-6.5310338e-07,-0.26179939,1.164129e-10,7.8103171e-05,1,-0.7854,1.1469001e-10,7.806946e-05,1,0,0,0.064021882,-2.1633034e-05,0.38837436,129.04269,2068.2374,59.5,0,1.0471976,0,0,nan,nan,8323.2675,-327.19939,-0.010927336,-376.05047,5.3733216e-07,0.58964486,6.066271e-05,0,0,0,0,0,0
42.8,1873.5283,55.258861,-2062.4764,62.330066,1.9977563,115.26651,4.4586156e-07,-1.0383096,9.4497272e-06,-1.1986596e-06,0.011814945,-6.461265e-07,-0.26179939,1.1337202e-10,7.8043621e-05,1,-0.7854,1.1168745e-10,7.8010606e-05,1,0,0,0.06401464,-2.16506e-05,0.38877619,129.185,2062.4764,59.5,0,1.0471976,0,0,nan,nan,8346.473,-328.05139,-0.010816125,-376.97849,5.281654e-07,0.58387611,5.9579822e-05,0,0,0,0,0,0
42.85,1876.648,55.358748,-2056.7109,62.463076,1.9977487,115.35767,4.4035083e-07,-1.0377174,9.3869653e-06,-1.1837357e-06,0.011875516,-6.3926677e-07,-0.26179939,1.1039877e-10,7.7985299e-05,1,-0.7854,1.0875165e-10,7.7952963e-05,1,0,0,0.064007448,-2.1667834e-05,0.38917526,129.32642,2056.7109,59.5,0,1.0471976,0,0,nan,nan,8369.6106,-328.90081,-0.010706533,-377.90359,5.1915856e-07,0.57814941,5.851597e-05,0,0,0,0,0,0
42.9,1879.7744,55.458636,-2050.9409,62.596154,1.9977411,115.44774,4.3493395e-07,-1.0371222,9.3249317e-06,-1.1690663e-06,0.011935493,-6.3252218e-07,-0.26179939,1.0749161e-10,7.7928176e-05,1,-0.7854,1.058811e-10,7.7896504e-05,1,0,0,0.064000304,-2.1684742e-05,0.38957157,129.46695,2050.9409,59.5,0,1.0471976,0,0,nan,nan,8392.6798,-329.74763,-0.010598531,-378.82577,5.1030887e-07,0.57246423,5.7470801e-05,0,0,0,0,0,0
42.95,1882.9074,55.558523,-2045.1663,62.729299,1.9977336,115.53673,4.2960927e-07,-1.036524,9.2636143e-06,-1.1546468e-06,0.011994879,-6.2589079e-07,-0.26179939,1.0464905e-10,7.7872224e-05,1,-0.7854,1.0307432e-10,7.7841201e-05,1,0,0,0.06399321,-2.1701332e-05,0.38996514,129.60659,2045.1663,59.5,0,1.0471976,0,0,nan,nan,8415.6804,-330.59184,-0.010492088,-379.74501,5.0161362e-07,0.5668201,5.6443964e-05,0,0,0,0,0,0
43,1886.047,55.658409,-2039.3874,62.862506,1.9977262,115.62464,4.2437518e-07,-1.0359228,9.2030009e-06,-1.140473e-06,0.012053679,-6.1937067e-07,-0.26179939,1.0186963e-10,7.7817417e-05,1,-0.7854,1.0032987e-10,7.7787029e-05,1,0,0,0.063986166,-2.1717612e-05,0.39035596,129.74534,2039.3874,59.5,0,1.0471976,0,0,nan,nan,8438.6121,-331.43343,-0.010387178,-380.66131,4.9307012e-07,0.56121655,5.5435119e-05,0,0,0,0,0,0
43.05,1889.1934,55.758295,-2033.6041,62.995771,1.9977189,115.71147,4.1923012e-07,-1.0353187,9.1430794e-06,-1.1265406e-06,0.012111897,-6.1295993e-07,-0.26179939,9.9151915e-11,7.7763729e-05,1,-0.7854,9.7646334e-11,7.773396e-05,1,0,0,0.06397917,-2.1733587e-05,0.39074405,129.8832,2033.6041,59.5,0,1.0471976,0,0,nan,nan,8461.4744,-332.27239,-0.010283771,-381.57466,4.8467576e-07,0.55565317,5.4443929e-05,0,0,0,0,0,0
43.1,1892.3464,55.858181,-2027.8164,63.129093,1.9977116,115.79723,4.1417252e-07,-1.0347118,9.0838382e-06,-1.1128453e-06,0.012169537,-6.0665671e-07,-0.26179939,9.6494508e-11,7.7711134e-05,1,-0.7854,9.502233e-11,7.768197e-05,1,0,0,0.063972223,-2.1749265e-05,0.3911294,130.02018,2027.8164,59.5,0,1.0471976,0,0,nan,nan,8484.2671,-333.10872,-0.010181841,-382.48506,4.7642795e-07,0.55012956,5.3470066e-05,0,0,0,0,0,0
43.15,1895.506,55.958066,-2022.0245,63.262466,1.9977044,115.88191,4.0920086e-07,-1.0341019,9.0252657e-06,-1.099383e-06,0.012226603,-6.0045921e-07,-0.26179939,9.3896044e-11,7.7659607e-05,1,-0.7854,9.2456512e-11,7.7631035e-05,1,0,0,0.063965326,-2.1764652e-05,0.39151202,130.15628,2022.0245,59.5,0,1.0471976,0,0,nan,nan,8506.9898,-333.9424,-0.010081361,-383.3925,4.6832414e-07,0.54464531,5.2513205e-05,0,0,0,0,0,0
43.2,1898.6723,56.057951,-2016.2284,63.395887,1.9976973,115.96552,4.0431364e-07,-1.0334892,8.9673506e-06,-1.0861497e-06,0.0122831,-5.9436562e-07,-0.26179939,9.1355188e-11,7.7609124e-05,1,-0.7854,8.9947562e-11,7.7581129e-05,1,0,0,0.063958477,-2.1779754e-05,0.39189192,130.29149,2016.2284,59.5,0,1.0471976,0,0,nan,nan,8529.6422,-334.77342,-0.009982305,-384.29697,4.6036184e-07,0.53920001,5.1573031e-05,0,0,0,0,0,0
43.25,1901.8453,56.157836,-2010.4282,63.529354,1.9976903,116.04806,3.9950938e-07,-1.0328737,8.9100818e-06,-1.0731413e-06,0.012339031,-5.8837419e-07,-0.26179939,8.8870634e-11,7.755966e-05,1,-0.7854,8.7494193e-11,7.7532231e-05,1,0,0,0.063951677,-2.1794578e-05,0.39226911,130.42582,2010.4282,59.5,0,1.0471976,0,0,nan,nan,8552.2239,-335.60179,-0.0098846469,-385.19846,4.5253857e-07,0.53379322,5.0649234e-05,0,0,0,0,0,0
43.3,1905.025,56.25772,-2004.6238,63.662863,1.9976834,116.12953,3.9478665e-07,-1.0322554,8.8534482e-06,-1.0603539e-06,0.0123944,-5.824832e-07,-0.26179939,8.6441108e-11,7.7511193e-05,1,-0.7854,8.5095145e-11,7.7484316e-05,1,0,0,0.063944926,-2.1809129e-05,0.39264358,130.55928,2004.6238,59.5,0,1.0471976,0,0,nan,nan,8574.7347,-336.42748,-0.0097883618,-386.09698,4.4485193e-07,0.52842451,4.9741508e-05,0,0,0,0,0,0
43.35,1908.2113,56.357604,-1998.8154,63.79641,1.9976765,116.20994,3.9014401e-07,-1.0316344,8.7974392e-06,-1.0477836e-06,0.012449212,-5.7669095e-07,-0.26179939,8.4065364e-11,7.74637e-05,1,-0.7854,8.2749188e-11,7.7437362e-05,1,0,0,0.063938223,-2.1823414e-05,0.39301535,130.69186,1998.8154,59.5,0,1.0471976,0,0,nan,nan,8597.1743,-337.25049,-0.009693425,-386.9925,4.3729952e-07,0.52309344,4.8849559e-05,0,0,0,0,0,0
43.4,1911.4044,56.457488,-1993.003,63.929992,1.9976697,116.28929,3.8558007e-07,-1.0310106,8.7420442e-06,-1.0354267e-06,0.01250347,-5.7099578e-07,-0.26179939,8.1742183e-11,7.7417159e-05,1,-0.7854,8.0455122e-11,7.7391348e-05,1,0,0,0.063931569,-2.1837439e-05,0.39338441,130.82356,1993.003,59.5,0,1.0471976,0,0,nan,nan,8619.5422,-338.07081,-0.0095998124,-387.88504,4.2987901e-07,0.51779957,4.7973093e-05,0,0,0,0,0,0
43.45,1914.6041,56.557371,-1987.1866,64.063606,1.9976629,116.36759,3.8109345e-07,-1.0303842,8.6872528e-06,-1.0232795e-06,0.012557178,-5.6539605e-07,-0.26179939,7.9470378e-11,7.7371548e-05,1,-0.7854,7.8211771e-11,7.7346252e-05,1,0,0,0.063924963,-2.1851208e-05,0.39375079,130.95439,1987.1866,59.5,0,1.0471976,0,0,nan,nan,8641.8383,-338.88844,-0.0095075004,-388.77457,4.225881e-07,0.51254247,4.7111824e-05,0,0,0,0,0,0
43.5,1917.8105,56.657254,-1981.3664,64.197248,1.9976563,116.44483,3.7668282e-07,-1.029755,8.6330547e-06,-1.0113382e-06,0.012610339,-5.5989015e-07,-0.26179939,7.7248785e-11,7.7326846e-05,1,-0.7854,7.6017989e-11,7.7302053e-05,1,0,0,0.063918406,-2.1864728e-05,0.39411447,131.08435,1981.3664,59.5,0,1.0471976,0,0,nan,nan,8664.0622,-339.70336,-0.0094164658,-389.66111,4.1542451e-07,0.50732175,4.6265472e-05,0,0,0,0,0,0
43.55,1921.0235,56.757137,-1975.5423,64.330914,1.9976497,116.52101,3.7234683e-07,-1.0291232,8.57944e-06,-9.9959927e-07,0.012662959,-5.544765e-07,-0.26179939,7.5076269e-11,7.7283032e-05,1,-0.7854,7.3872656e-11,7.7258731e-05,1,0,0,0.063911896,-2.1878003e-05,0.39447548,131.21344,1975.5423,59.5,0,1.0471976,0,0,nan,nan,8686.2135,-340.51556,-0.0093266859,-390.54463,4.0838603e-07,0.50213701,4.5433762e-05,0,0,0,0,0,0
43.6,1924.2433,56.857019,-1969.7145,64.464603,1.9976431,116.59615,3.6808419e-07,-1.0284888,8.5263989e-06,-9.880592e-07,0.012715039,-5.4915356e-07,-0.26179939,7.2951722e-11,7.7240086e-05,1,-0.7854,7.1774678e-11,7.7216266e-05,1,0,0,0.063905435,-2.189104e-05,0.3948338,131.34165,1969.7145,59.5,0,1.0471976,0,0,nan,nan,8708.2921,-341.32504,-0.0092381385,-391.42513,4.0147047e-07,0.49698787,4.4616426e-05,0,0,0,0,0,0
43.65,1927.4697,56.956901,-1963.8829,64.598309,1.9976367,116.67024,3.6389362e-07,-1.0278519,8.4739215e-06,-9.767145e-07,0.012766585,-5.439198e-07,-0.26179939,7.0874059e-11,7.7197988e-05,1,-0.7854,6.9722983e-11,7.7174638e-05,1,0,0,0.063899022,-2.1903843e-05,0.39518946,131.46901,1963.8829,59.5,0,1.0471976,0,0,nan,nan,8730.2976,-342.1318,-0.0091508018,-392.30262,3.9467568e-07,0.49187398,4.3813197e-05,0,0,0,0,0,0
43.7,1930.7029,57.056783,-1958.0476,64.73203,1.9976302,116.74328,3.5977387e-07,-1.0272123,8.4219984e-06,-9.6556175e-07,0.0128176,-5.3877373e-07,-0.26179939,6.8842222e-11,7.715672e-05,1,-0.7854,6.7716529e-11,7.7133829e-05,1,0,0,0.063892657,-2.1916418e-05,0.39554245,131.59549,1958.0476,59.5,0,1.0471976,0,0,nan,nan,8752.2298,-342.93581,-0.0090646545,-393.17707,3.8799954e-07,0.48679497,4.3023819e-05,0,0,0,0,0,0
43.75,1933.9427,57.156664,-1952.2087,64.865763,1.9976239,116.81529,3.5572369e-07,-1.0265702,8.3706203e-06,-9.5459761e-07,0.012868086,-5.3371388e-07,-0.26179939,6.6855177e-11,7.7116262e-05,1,-0.7854,6.5754293e-11,7.709382e-05,1,0,0,0.06388634,-2.1928768e-05,0.39589278,131.72111,1952.2087,59.5,0,1.0471976,0,0,nan,nan,8774.0882,-343.73709,-0.0089796756,-394.0485,3.8143999e-07,0.48175046,4.2248034e-05,0,0,0,0,0,0
43.8,1937.1892,57.256545,-1946.3662,64.999504,1.9976176,116.88625,3.5174187e-07,-1.0259256,8.3197779e-06,-9.4381878e-07,0.012918049,-5.287388e-07,-0.26179939,6.4911913e-11,7.7076596e-05,1,-0.7854,6.3835279e-11,7.7054593e-05,1,0,0,0.06388007,-2.19409e-05,0.39624046,131.84588,1946.3662,59.5,0,1.0471976,0,0,nan,nan,8795.8727,-344.53561,-0.0088958447,-394.91688,3.7499497e-07,0.4767401,4.1485597e-05,0,0,0,0,0,0
43.85,1940.4424,57.356426,-1940.5202,65.13325,1.9976114,116.95618,3.4782722e-07,-1.0252785,8.2694623e-06,-9.3322202e-07,0.012967491,-5.2384707e-07,-0.26179939,6.3011444e-11,7.7037704e-05,1,-0.7854,6.1958513e-11,7.701613e-05,1,0,0,0.063873848,-2.1952817e-05,0.39658549,131.96978,1940.5202,59.5,0,1.0471976,0,0,nan,nan,8817.583,-345.33137,-0.0088131417,-395.78223,3.6866247e-07,0.4717635,4.0736262e-05,0,0,0,0,0,0
43.9,1943.7022,57.456307,-1934.6708,65.266997,1.9976053,117.02507,3.4397857e-07,-1.024629,8.2196645e-06,-9.2280417e-07,0.013016417,-5.190373e-07,-0.26179939,6.1152804e-11,7.6999569e-05,1,-0.7854,6.0123043e-11,7.6978414e-05,1,0,0,0.063867674,-2.1964524e-05,0.39692788,132.09282,1934.6708,59.5,0,1.0471976,0,0,nan,nan,8839.2188,-346.12436,-0.0087315469,-396.64452,3.6244054e-07,0.46682031,3.999979e-05,0,0,0,0,0,0
43.95,1946.9688,57.556187,-1928.8179,65.400742,1.9975992,117.09294,3.4019476e-07,-1.023977,8.1703759e-06,-9.1256208e-07,0.013064828,-5.1430813e-07,-0.26179939,5.9335051e-11,7.6962173e-05,1,-0.7854,5.8327938e-11,7.6941427e-05,1,0,0,0.063861547,-2.1976026e-05,0.39726763,132.215,1928.8179,59.5,0,1.0471976,0,0,nan,nan,8860.7798,-346.91458,-0.008651041,-397.50377,3.5632722e-07,0.46191015,3.9275949e-05,0,0,0,0,0,0
44,1950.242,57.656067,-1922.9616,65.534483,1.9975931,117.15978,3.3647467e-07,-1.0233226,8.1215878e-06,-9.024927e-07,0.01311273,-5.096582e-07,-0.26179939,5.7557266e-11,7.69255e-05,1,-0.7854,5.6572291e-11,7.6905155e-05,1,0,0,0.063855468,-2.1987327e-05,0.39760476,132.33634,1922.9616,59.5,0,1.0471976,0,0,nan,nan,8882.2657,-347.70201,-0.0085716052,-398.35995,3.5032061e-07,0.45703268,3.8564506e-05,0,0,0,0,0,0
44.05,1953.522,57.755946,-1917.1021,65.668215,1.9975871,117.22559,3.3281719e-07,-1.0226658,8.0732919e-06,-8.9259301e-07,0.013160124,-5.0508619e-07,-0.26179939,5.581855e-11,7.6889533e-05,1,-0.7854,5.4855216e-11,7.6869579e-05,1,0,0,0.063849435,-2.1998432e-05,0.39793926,132.45681,1917.1021,59.5,0,1.0471976,0,0,nan,nan,8903.6764,-348.48666,-0.0084932209,-399.21308,3.4441885e-07,0.45218755,3.786524e-05,0,0,0,0,0,0
44.1,1956.8086,57.855825,-1911.2392,65.801935,1.9975812,117.29038,3.2922122e-07,-1.0220067,8.0254799e-06,-8.8286005e-07,0.013207015,-5.0059081e-07,-0.26179939,5.4118025e-11,7.6854257e-05,1,-0.7854,5.3175845e-11,7.6834686e-05,1,0,0,0.06384345,-2.2009343e-05,0.39827114,132.57644,1911.2392,59.5,0,1.0471976,0,0,nan,nan,8925.0115,-349.26852,-0.00841587,-400.06313,3.386201e-07,0.44737443,3.7177927e-05,0,0,0,0,0,0
44.15,1960.1019,57.955704,-1905.3732,65.935641,1.9975754,117.35415,3.256857e-07,-1.0213452,7.9781435e-06,-8.7329091e-07,0.013253407,-4.9617078e-07,-0.26179939,5.2454832e-11,7.6819656e-05,1,-0.7854,5.1533332e-11,7.6800458e-05,1,0,0,0.063837512,-2.2020067e-05,0.39860042,132.69522,1905.3732,59.5,0,1.0471976,0,0,nan,nan,8946.2707,-350.04757,-0.0083395348,-400.91012,3.3292253e-07,0.44259298,3.6502353e-05,0,0,0,0,0,0
44.2,1963.4019,58.055583,-1899.504,66.069328,1.9975696,117.41691,3.2220956e-07,-1.0206814,7.931275e-06,-8.6388272e-07,0.013299301,-4.9182485e-07,-0.26179939,5.0828136e-11,7.6785714e-05,1,-0.7854,4.9926851e-11,7.6766882e-05,1,0,0,0.063831621,-2.2030605e-05,0.39892709,132.81315,1899.504,59.5,0,1.0471976,0,0,nan,nan,8967.4539,-350.82381,-0.0082641977,-401.75403,3.273244e-07,0.43784289,3.5838306e-05,0,0,0,0,0,0
44.25,1966.7086,58.155461,-1893.6316,66.202994,1.9975638,117.47865,3.1879177e-07,-1.0200154,7.8848663e-06,-8.5463269e-07,0.013344702,-4.8755178e-07,-0.26179939,4.9237117e-11,7.6752418e-05,1,-0.7854,4.8355595e-11,7.6733942e-05,1,0,0,0.063825776,-2.2040963e-05,0.39925116,132.93023,1893.6316,59.5,0,1.0471976,0,0,nan,nan,8988.5607,-351.59724,-0.0081898418,-402.59485,3.2182394e-07,0.43312383,3.5185578e-05,0,0,0,0,0,0
44.3,1970.0219,58.255339,-1887.7562,66.336636,1.9975581,117.53938,3.1543132e-07,-1.0193471,7.8389097e-06,-8.4553805e-07,0.013389612,-4.8335036e-07,-0.26179939,4.7680976e-11,7.6719751e-05,1,-0.7854,4.6818774e-11,7.6701624e-05,1,0,0,0.063819979,-2.2051145e-05,0.39957263,133.04647,1887.7562,59.5,0,1.0471976,0,0,nan,nan,9009.5909,-352.36785,-0.0081164503,-403.4326,3.1641945e-07,0.42843549,3.4543965e-05,0,0,0,0,0,0
44.35,1973.342,58.355217,-1881.8778,66.47025,1.9975525,117.59911,3.121272e-07,-1.0186765,7.7933978e-06,-8.3659609e-07,0.013434036,-4.7921941e-07,-0.26179939,4.6158933e-11,7.66877e-05,1,-0.7854,4.5315619e-11,7.6669915e-05,1,0,0,0.063814228,-2.2061153e-05,0.39989152,133.16186,1881.8778,59.5,0,1.0471976,0,0,nan,nan,9030.5444,-353.13563,-0.0080440069,-404.26725,3.1110924e-07,0.42377754,3.3913268e-05,0,0,0,0,0,0
44.4,1976.6687,58.455094,-1875.9965,66.603852,1.9975469,117.65781,3.0883626e-07,-1.0180039,7.7483726e-06,-8.2780149e-07,0.013464264,-4.7291138e-07,-0.26179939,4.4978196e-11,7.6660867e-05,1,-0.7854,4.5011731e-11,7.6650404e-05,1,0,0,0.063808182,-2.2071039e-05,0.40020781,133.27641,1875.9965,59.5,0,1.0471976,0,0,nan,nan,9051.4194,-353.93177,-0.0079737575,-405.20257,3.0665658e-07,0.0047599084,7.6343446e-05,0,0,0,0,0,0
44.45,1980.0021,58.554972,-1870.1122,66.737484,1.9975414,117.71542,3.0536571e-07,-1.0173311,7.7040548e-06,-8.190179e-07,0.013439698,-4.6756366e-07,-0.26179939,4.7686206e-11,7.6644637e-05,1,-0.7854,4.9901547e-11,7.6635128e-05,1,0,0,0.063799478,-2.2080773e-05,0.40052138,133.39008,1870.1122,59.5,0,1.0471976,0,0,nan,nan,9072.2111,-354.74367,-0.0078648178,-406.10638,3.118447e-07,-0.44838312,1.7839633e-05,0,0,0,0,0,0
44.5,1983.3421,58.654849,-1864.225,66.871065,1.9975359,117.772,3.0201006e-07,-1.0166604,7.660105e-06,-8.1005824e-07,0.013382976,-4.6466996e-07,-0.26179939,4.9751062e-11,7.6626395e-05,1,-0.7854,4.9669136e-11,7.6616277e-05,1,0,0,0.063786477,-2.2090169e-05,0.40083226,133.50286,1864.225,59.5,0,1.0471976,0,0,nan,nan,9092.9195,-355.55703,-0.0077889094,-406.86535,3.154088e-07,-0.59102645,3.7184404e-05,0,0,0,0,0,0
44.55,1986.6889,58.754725,-1858.3351,67.004487,1.9975305,117.8276,2.9871619e-07,-1.0159926,7.6165917e-06,-8.0112779e-07,0.013327137,-4.5930378e-07,-0.26179939,4.862039e-11,7.6610245e-05,1,-0.7854,4.8008177e-11,7.6602116e-05,1,0,0,0.06376929,-2.20994e-05,0.40114047,133.61477,1858.3351,59.5,0,1.0471976,0,0,nan,nan,9113.5451,-356.37179,-0.0077151297,-407.48212,3.1101681e-07,-0.42974901,4.8838283e-05,0,0,0,0,0,0
44.6,1990.0423,58.854602,-1852.4424,67.137662,1.9975252,117.88228,2.9537673e-07,-1.0153271,7.5736361e-06,-7.9230423e-07,0.013299287,-4.5417931e-07,-0.26179939,4.8450161e-11,7.6596387e-05,1,-0.7854,4.8759988e-11,7.6588747e-05,1,0,0,0.063749414,-2.2108503e-05,0.40144603,133.72582,1852.4424,59.5,0,1.0471976,0,0,nan,nan,9134.0882,-357.18636,-0.0076372919,-408.0044,3.090295e-07,-0.06918854,3.9428236e-05,0,0,0,0,0,0
44.65,1993.4024,58.954478,-1846.547,67.270547,1.9975199,117.93606,2.9204585e-07,-1.014662,7.5311711e-06,-7.8349753e-07,0.013312728,-4.4972681e-07,-0.26179939,4.9135893e-11,7.6582785e-05,1,-0.7854,4.9445218e-11,7.6575221e-05,1,0,0,0.063729013,-2.2117451e-05,0.40174895,133.83601,1846.547,59.5,0,1.0471976,0,0,nan,nan,9154.549,-357.99842,-0.0075631673,-408.50197,3.0918182e-07,0.33822048,3.6359531e-05,0,0,0,0,0,0
44.7,1996.7691,59.054354,-1840.6489,67.403148,1.9975147,117.98896,2.8875915e-07,-1.0139952,7.4891551e-06,-7.7470123e-07,0.013364902,-4.4563982e-07,-0.26179939,4.9232548e-11,7.656938e-05,1,-0.7854,4.9002544e-11,7.6561884e-05,1,0,0,0.063710097,-2.2126237e-05,0.40204925,133.94534,1840.6489,59.5,0,1.0471976,0,0,nan,nan,9174.9273,-358.80577,-0.0074881714,-409.04023,3.0785783e-07,0.6500166,3.1312435e-05,0,0,0,0,0,0
44.75,2000.1424,59.154229,-1834.7482,67.53551,1.9975095,118.04094,2.8555444e-07,-1.0133252,7.4475415e-06,-7.6598175e-07,0.013440862,-4.4215038e-07,-0.26179939,4.8108187e-11,7.6555855e-05,1,-0.7854,4.7079691e-11,7.6548194e-05,1,0,0,0.063693889,-2.213483e-05,0.40234691,134.05381,1834.7482,59.5,0,1.0471976,0,0,nan,nan,9195.2227,-359.60704,-0.0074120649,-409.65944,3.0347331e-07,0.7788303,2.6065538e-05,0,0,0,0,0,0
44.8,2003.5224,59.254105,-1828.845,67.667694,1.9975044,118.09196,2.8246804e-07,-1.0126513,7.4062803e-06,-7.5743791e-07,0.013520249,-4.390401e-07,-0.26179939,4.5512665e-11,7.6542067e-05,1,-0.7854,4.370667e-11,7.6534322e-05,1,0,0,0.063680556,-2.2143202e-05,0.40264195,134.16142,1828.845,59.5,0,1.0471976,0,0,nan,nan,9215.4346,-360.40202,-0.0073361463,-410.36562,2.9540047e-07,0.71204969,2.4227009e-05,0,0,0,0,0,0
44.85,2006.909,59.35398,-1822.9391,67.799755,1.9974993,118.14201,2.7950698e-07,-1.0119736,7.3653504e-06,-7.4916448e-07,0.013584903,-4.3599731e-07,-0.26179939,4.1864829e-11,7.6528321e-05,1,-0.7854,3.9684674e-11,7.6520698e-05,1,0,0,0.063669332,-2.2151346e-05,0.40293436,134.26817,1822.9391,59.5,0,1.0471976,0,0,nan,nan,9235.5624,-361.19151,-0.0072607937,-411.13423,2.8469644e-07,0.50365015,2.4737799e-05,0,0,0,0,0,0
44.9,2010.3021,59.453855,-1817.0309,67.931724,1.9974943,118.19105,2.7665431e-07,-1.0112933,7.3247544e-06,-7.4120782e-07,0.01362448,-4.3281411e-07,-0.26179939,3.8020447e-11,7.6514978e-05,1,-0.7854,3.5968223e-11,7.6507677e-05,1,0,0,0.063658928,-2.215927e-05,0.40322414,134.37407,1817.0309,59.5,0,1.0471976,0,0,nan,nan,9255.6058,-361.97689,-0.0071868881,-411.92331,2.7352329e-07,0.24537265,2.6969049e-05,0,0,0,0,0,0
44.95,2013.7019,59.553729,-1811.1202,68.063599,1.9974894,118.2391,2.7387846e-07,-1.0106116,7.2845111e-06,-7.3355189e-07,0.013638574,-4.2935532e-07,-0.26179939,3.4794203e-11,7.6502373e-05,1,-0.7854,3.32618e-11,7.6495559e-05,1,0,0,0.063648046,-2.2166994e-05,0.4035113,134.47911,1811.1202,59.5,0,1.0471976,0,0,nan,nan,9275.5646,-362.75957,-0.0071150846,-412.69024,2.6394272e-07,0.030120212,2.9894731e-05,0,0,0,0,0,0
45,2017.1082,59.653604,-1805.2071,68.195353,1.9974845,118.28617,2.7114416e-07,-1.0099297,7.2446465e-06,-7.2613131e-07,0.01363518,-4.2562063e-07,-0.26179939,3.269489e-11,7.6490717e-05,1,-0.7854,3.1855564e-11,7.6484455e-05,1,0,0,0.06363581,-2.2174548e-05,0.40379585,134.58329,1805.2071,59.5,0,1.0471976,0,0,nan,nan,9295.4387,-363.54053,-0.0070454974,-413.406,2.5724413e-07,-0.079036038,3.2139129e-05,0,0,0,0,0,0
45.05,2020.5211,59.753478,-1799.2916,68.326945,1.9974796,118.3323,2.6842488e-07,-1.0092482,7.2051806e-06,-7.1885876e-07,0.013626637,-4.2172731e-07,-0.26179939,3.1794848e-11,7.6480021e-05,1,-0.7854,3.1569757e-11,7.6474267e-05,1,0,0,0.063621986,-2.2181956e-05,0.40407781,134.68663,1799.2916,59.5,0,1.0471976,0,0,nan,nan,9315.2282,-364.32005,-0.0069778878,-414.06255,2.5360973e-07,-0.064857566,3.2901181e-05,0,0,0,0,0,0
45.1,2023.9406,59.853352,-1793.3739,68.458335,1.9974748,118.37749,2.657099e-07,-1.0085669,7.1661202e-06,-7.1165641e-07,0.013624792,-4.1784394e-07,-0.26179939,3.1765454e-11,7.6470129e-05,1,-0.7854,3.1890229e-11,7.6464765e-05,1,0,0,0.063606949,-2.2189234e-05,0.40435719,134.78912,1793.3739,59.5,0,1.0471976,0,0,nan,nan,9334.9334,-365.09771,-0.0069117493,-414.67202,2.5220084e-07,0.045943475,3.199771e-05,0,0,0,0,0,0
45.15,2027.3667,59.953225,-1787.454,68.589498,1.9974701,118.42178,2.6300485e-07,-1.0078855,7.1274561e-06,-7.0447946e-07,0.013637137,-4.1412935e-07,-0.26179939,3.2054346e-11,7.6460795e-05,1,-0.7854,3.2198531e-11,7.6455671e-05,1,0,0,0.063591456,-2.2196386e-05,0.404634,134.89077,1787.454,59.5,0,1.0471976,0,0,nan,nan,9354.5542,-365.87269,-0.0068465082,-415.25928,2.5160657e-07,0.19893153,2.9805658e-05,0,0,0,0,0,0
45.2,2030.7993,60.053099,-1781.5319,68.720428,1.9974654,118.46517,2.6032694e-07,-1.007203,7.0891671e-06,-6.9732476e-07,0.013665044,-4.1068119e-07,-0.26179939,3.210526e-11,7.6451769e-05,1,-0.7854,3.199198e-11,7.6446762e-05,1,0,0,0.063576326,-2.2203407e-05,0.40490826,134.99159,1781.5319,59.5,0,1.0471976,0,0,nan,nan,9374.0906,-366.64408,-0.0067817344,-415.85157,2.504041e-07,0.33476113,2.7085074e-05,0,0,0,0,0,0
45.25,2034.2385,60.152972,-1775.6076,68.851135,1.9974607,118.50765,2.5769707e-07,-1.0065189,7.0512268e-06,-6.9022432e-07,0.013704338,-4.0751257e-07,-0.26179939,3.1542176e-11,7.6442881e-05,1,-0.7854,3.1030874e-11,7.6437926e-05,1,0,0,0.063562159,-2.2210287e-05,0.40517995,135.09157,1775.6076,59.5,0,1.0471976,0,0,nan,nan,9393.5423,-367.4112,-0.0067172496,-416.46892,2.4763058e-07,0.40986538,2.464614e-05,0,0,0,0,0,0
45.3,2037.6842,60.252845,-1769.6812,68.981641,1.9974561,118.54921,2.5513203e-07,-1.0058326,7.0136107e-06,-6.8322817e-07,0.013747636,-4.045619e-07,-0.26179939,3.026359e-11,7.6434079e-05,1,-0.7854,2.9373447e-11,7.6429178e-05,1,0,0,0.063549168,-2.2217016e-05,0.4054491,135.19071,1769.6812,59.5,0,1.0471976,0,0,nan,nan,9412.909,-368.17379,-0.0066531388,-417.11868,2.4302695e-07,0.40842949,2.3069592e-05,0,0,0,0,0,0
45.35,2041.1364,60.352717,-1763.7528,69.111967,1.9974515,118.58985,2.5263943e-07,-1.0051442,6.9763026e-06,-6.7638419e-07,0.013787373,-4.0172574e-07,-0.26179939,2.8429009e-11,7.642542e-05,1,-0.7854,2.7304958e-11,7.6420629e-05,1,0,0,0.063537176,-2.2223589e-05,0.40571571,135.28903,1763.7528,59.5,0,1.0471976,0,0,nan,nan,9432.1906,-368.93204,-0.0065896723,-417.79516,2.3700541e-07,0.34305451,2.2553376e-05,0,0,0,0,0,0
45.4,2044.5951,60.45259,-1757.8223,69.242128,1.997447,118.62955,2.5021654e-07,-1.0044541,6.939296e-06,-6.6972198e-07,0.013818373,-3.9890021e-07,-0.26179939,2.6360673e-11,7.6417029e-05,1,-0.7854,2.5203326e-11,7.6412428e-05,1,0,0,0.063525744,-2.2230008e-05,0.40597978,135.38651,1757.8223,59.5,0,1.0471976,0,0,nan,nan,9451.3867,-369.68642,-0.0065271763,-418.48375,2.3039827e-07,0.2457447,2.290761e-05,0,0,0,0,0,0
45.45,2048.0603,60.552462,-1751.8899,69.372125,1.9974425,118.66832,2.4785278e-07,-1.0037626,6.9025925e-06,-6.6324563e-07,0.013839195,-3.9601583e-07,-0.26179939,2.4407783e-11,7.6409043e-05,1,-0.7854,2.3396699e-11,7.6404699e-05,1,0,0,0.063514358,-2.2236281e-05,0.40624131,135.48316,1751.8899,59.5,0,1.0471976,0,0,nan,nan,9470.4972,-370.43751,-0.0064659072,-419.16733,2.2410835e-07,0.1538492,2.3683256e-05,0,0,0,0,0,0
45.5,2051.532,60.652334,-1745.9556,69.50195,1.9974381,118.70617,2.4553442e-07,-1.0030703,6.8661981e-06,-6.5693624e-07,0.013851979,-3.9305487e-07,-0.26179939,2.2824922e-11,7.6401555e-05,1,-0.7854,2.2062101e-11,7.6397502e-05,1,0,0,0.063502622,-2.2242421e-05,0.40650033,135.57898,1745.9556,59.5,0,1.0471976,0,0,nan,nan,9489.5221,-371.18573,-0.0064059706,-419.83251,2.1879447e-07,0.096539265,2.4367338e-05,0,0,0,0,0,0
45.55,2055.0103,60.752206,-1740.0194,69.631587,1.9974337,118.7431,2.4324959e-07,-1.0023775,6.830118e-06,-6.5076169e-07,0.01386112,-3.9004829e-07,-0.26179939,2.1703167e-11,7.6394586e-05,1,-0.7854,2.1192346e-11,7.6390819e-05,1,0,0,0.063490367,-2.2248439e-05,0.40675684,135.67398,1740.0194,59.5,0,1.0471976,0,0,nan,nan,9508.4613,-371.93129,-0.006347305,-420.47351,2.146919e-07,0.086310186,2.4567176e-05,0,0,0,0,0,0
45.6,2058.4949,60.852077,-1734.0814,69.76102,1.9974294,118.77913,2.4099174e-07,-1.0016842,6.7943533e-06,-6.4468923e-07,0.013871386,-3.8705675e-07,-0.26179939,2.0968106e-11,7.6388092e-05,1,-0.7854,2.0630736e-11,7.6384566e-05,1,0,0,0.06347767,-2.2254344e-05,0.40701084,135.76816,1734.0814,59.5,0,1.0471976,0,0,nan,nan,9527.3148,-372.67409,-0.0062897253,-421.09284,2.1160601e-07,0.11755924,2.4123666e-05,0,0,0,0,0,0
45.65,2061.9861,60.951949,-1728.1415,69.890235,1.9974251,118.81427,2.3876069e-07,-1.0009903,6.7588992e-06,-6.3869608e-07,0.013886245,-3.8414463e-07,-0.26179939,2.0433998e-11,7.6381977e-05,1,-0.7854,2.0150232e-11,7.6378636e-05,1,0,0,0.063464787,-2.226014e-05,0.40726235,135.86153,1728.1415,59.5,0,1.0471976,0,0,nan,nan,9546.0826,-373.41386,-0.0062330015,-421.69908,2.0905206e-07,0.17155104,2.3126458e-05,0,0,0,0,0,0
45.7,2065.4837,61.05182,-1722.2,70.019226,1.9974208,118.84853,2.3656141e-07,-1.0002955,6.7237454e-06,-6.3277482e-07,0.013906901,-3.8135715e-07,-0.26179939,1.9886196e-11,7.6376139e-05,1,-0.7854,1.9542762e-11,7.6372928e-05,1,0,0,0.063452031,-2.2265828e-05,0.40751138,135.95408,1722.2,59.5,0,1.0471976,0,0,nan,nan,9564.7646,-374.15024,-0.006176939,-422.30287,2.0646953e-07,0.22502074,2.1841838e-05,0,0,0,0,0,0
45.75,2068.9878,61.151691,-1716.2568,70.147996,1.9974166,118.8819,2.344012e-07,-0.99959959,6.6888791e-06,-6.2693269e-07,0.013932277,-3.7870784e-07,-0.26179939,1.915908e-11,7.6370498e-05,1,-0.7854,1.8686632e-11,7.6367383e-05,1,0,0,0.063439661,-2.2271405e-05,0.40775794,136.04582,1716.2568,59.5,0,1.0471976,0,0,nan,nan,9583.3608,-374.88293,-0.0061214342,-422.91301,2.0342565e-07,0.25887722,2.0592329e-05,0,0,0,0,0,0
45.8,2072.4982,61.251562,-1710.3119,70.27655,1.9974124,118.91439,2.3228654e-07,-0.99890232,6.6542878e-06,-6.2118596e-07,0.013959774,-3.7617896e-07,-0.26179939,1.8183842e-11,7.6365016e-05,1,-0.7854,1.7572905e-11,7.6361989e-05,1,0,0,0.063427798,-2.2276869e-05,0.40800203,136.13675,1710.3119,59.5,0,1.0471976,0,0,nan,nan,9601.871,-375.61178,-0.0060664891,-423.5337,1.9974097e-07,0.26401657,1.9636993e-05,0,0,0,0,0,0
45.85,2076.0151,61.351432,-1704.3654,70.404896,1.9974083,118.94599,2.3022081e-07,-0.99820368,6.6199613e-06,-6.1555221e-07,0.01398642,-3.7373249e-07,-0.26179939,1.6995048e-11,7.6359701e-05,1,-0.7854,1.6288819e-11,7.6356775e-05,1,0,0,0.063416408,-2.2282219e-05,0.40824366,136.22687,1704.3654,59.5,0,1.0471976,0,0,nan,nan,9620.2951,-376.33682,-0.0060121874,-424.16393,1.9550723e-07,0.24273846,1.9093337e-05,0,0,0,0,0,0
45.9,2079.5385,61.451302,-1698.4174,70.533039,1.9974042,118.9767,2.2820342e-07,-0.99750378,6.5858935e-06,-6.100435e-07,0.014009956,-3.7132626e-07,-0.26179939,1.5700827e-11,7.6354591e-05,1,-0.7854,1.4971245e-11,7.6351793e-05,1,0,0,0.063405344,-2.2287456e-05,0.40848284,136.31618,1698.4174,59.5,0,1.0471976,0,0,nan,nan,9638.6329,-377.05822,-0.0059586465,-424.7987,1.9100964e-07,0.20601389,1.8920758e-05,0,0,0,0,0,0
45.95,2083.0682,61.551173,-1692.4678,70.660979,1.9974001,119.00653,2.2623046e-07,-0.99680279,6.5520817e-06,-6.0466257e-07,0.014029487,-3.6892882e-07,-0.26179939,1.4433111e-11,7.6349733e-05,1,-0.7854,1.3751261e-11,7.6347088e-05,1,0,0,0.063394413,-2.2292585e-05,0.40871957,136.40469,1692.4678,59.5,0,1.0471976,0,0,nan,nan,9656.8843,-377.77619,-0.0059059667,-425.43143,1.8659624e-07,0.16823671,1.8961061e-05,0,0,0,0,0,0
46,2086.6043,61.651042,-1686.5168,70.788714,1.9973961,119.03548,2.2429639e-07,-0.99610092,6.5185252e-06,-5.9940289e-07,0.014045559,-3.6652808e-07,-0.26179939,1.3298367e-11,7.6345163e-05,1,-0.7854,1.2710304e-11,7.6342684e-05,1,0,0,0.063383449,-2.229761e-05,0.40895386,136.49241,1686.5168,59.5,0,1.0471976,0,0,nan,nan,9675.0492,-378.49091,-0.0058541944,-426.05648,1.8254798e-07,0.14168578,1.901269e-05,0,0,0,0,0,0
46.05,2090.1468,61.750912,-1680.5643,70.916236,1.9973921,119.06355,2.2239599e-07,-0.9953983,6.4852235e-06,-5.9425189e-07,0.014059716,-3.6413186e-07,-0.26179939,1.2345599e-11,7.6340891e-05,1,-0.7854,1.1860958e-11,7.6338576e-05,1,0,0,0.063372369,-2.2302539e-05,0.40918573,136.57932,1680.5643,59.5,0,1.0471976,0,0,nan,nan,9693.1277,-379.20249,-0.0058033103,-426.67095,1.78994e-07,0.13265479,1.8907485e-05,0,0,0,0,0,0
46.1,2093.6957,61.850782,-1674.6105,71.043537,1.9973881,119.09075,2.2052582e-07,-0.99469498,6.4521748e-06,-5.8919566e-07,0.014073802,-3.6176147e-07,-0.26179939,1.1559632e-11,7.6336898e-05,1,-0.7854,1.1154709e-11,7.6334732e-05,1,0,0,0.063361183,-2.2307376e-05,0.40941518,136.66544,1674.6105,59.5,0,1.0471976,0,0,nan,nan,9711.1197,-379.91089,-0.0057532432,-427.27521,1.7589339e-07,0.14030526,1.8563064e-05,0,0,0,0,0,0
46.15,2097.2509,61.950651,-1668.6553,71.170613,1.9973842,119.11709,2.1868493e-07,-0.99399093,6.4193752e-06,-5.8422337e-07,0.014089269,-3.5944171e-07,-0.26179939,1.0877587e-11,7.6333148e-05,1,-0.7854,1.0509343e-11,7.6331106e-05,1,0,0,0.063349979,-2.2312123e-05,0.40964222,136.75077,1668.6553,59.5,0,1.0471976,0,0,nan,nan,9729.0252,-380.61604,-0.0057038986,-427.87221,1.7307866e-07,0.15818099,1.7996733e-05,0,0,0,0,0,0
46.2,2100.8125,62.05052,-1662.6989,71.297458,1.9973803,119.14257,2.1687444e-07,-0.99328605,6.3868187e-06,-5.793298e-07,0.014106745,-3.5719139e-07,-0.26179939,1.0218883e-11,7.6329597e-05,1,-0.7854,9.8431409e-12,7.6327655e-05,1,0,0,0.063338873,-2.2316783e-05,0.40986686,136.83531,1662.6989,59.5,0,1.0471976,0,0,nan,nan,9746.8441,-381.31779,-0.0056551913,-428.46602,1.703352e-07,0.1774105,1.7302521e-05,0,0,0,0,0,0
46.25,2104.3804,62.150389,-1656.7411,71.424072,1.9973765,119.1672,2.150966e-07,-0.99258026,6.3544981e-06,-5.7451554e-07,0.014125958,-3.5501753e-07,-0.26179939,9.5160688e-12,7.6326209e-05,1,-0.7854,9.1029132e-12,7.632435e-05,1,0,0,0.063327968,-2.2321357e-05,0.41008911,136.91906,1656.7411,59.5,0,1.0471976,0,0,nan,nan,9764.5764,-382.01602,-0.0056070687,-429.06023,1.6748334e-07,0.19020142,1.660546e-05,0,0,0,0,0,0
46.3,2107.9546,62.250258,-1650.7822,71.550457,1.9973727,119.19098,2.1335358e-07,-0.99187348,6.3224062e-06,-5.6978514e-07,0.014145989,-3.5291465e-07,-0.26179939,8.7357008e-12,7.6322961e-05,1,-0.7854,8.2772386e-12,7.6321179e-05,1,0,0,0.063317319,-2.2325843e-05,0.41030898,137.00202,1650.7822,59.5,0,1.0471976,0,0,nan,nan,9782.222,-382.71065,-0.0055595197,-429.65677,1.6443416e-07,0.19236294,1.6012779e-05,0,0,0,0,0,0
46.35,2111.5352,62.350126,-1644.8221,71.676613,1.9973689,119.21391,2.1164648e-07,-0.99116571,6.2905365e-06,-5.6514423e-07,0.014165706,-3.508685e-07,-0.26179939,7.883785e-12,7.631985e-05,1,-0.7854,7.3929143e-12,7.6318146e-05,1,0,0,0.063306923,-2.2330244e-05,0.41052647,137.08421,1644.8221,59.5,0,1.0471976,0,0,nan,nan,9799.7809,-383.40171,-0.0055125667,-430.25555,1.6120418e-07,0.184143,1.5579556e-05,0,0,0,0,0,0
46.4,2115.122,62.449995,-1638.8609,71.802541,1.9973651,119.23599,2.0997493e-07,-0.99045697,6.2588844e-06,-5.6059679e-07,0.014184195,-3.4886229e-07,-0.26179939,6.9965857e-12,7.6316886e-05,1,-0.7854,6.4987693e-12,7.6315268e-05,1,0,0,0.063296727,-2.2334559e-05,0.41074159,137.16561,1638.8609,59.5,0,1.0471976,0,0,nan,nan,9817.2529,-384.08923,-0.0054662477,-430.85483,1.5789096e-07,0.16937419,1.5298358e-05,0,0,0,0,0,0
46.45,2118.7152,62.549863,-1632.8986,71.928243,1.9973614,119.25722,2.0833723e-07,-0.98974735,6.2274462e-06,-5.561434e-07,0.014201041,-3.4688267e-07,-0.26179939,6.1225485e-12,7.6314083e-05,1,-0.7854,5.6446715e-12,7.6312558e-05,1,0,0,0.063286659,-2.2338793e-05,0.41095435,137.24624,1632.8986,59.5,0,1.0471976,0,0,nan,nan,9834.6381,-384.77329,-0.0054205968,-431.45211,1.5462472e-07,0.1535142,1.5112481e-05,0,0,0,0,0,0
46.5,2122.3146,62.649731,-1626.9352,72.053714,1.9973578,119.27761,2.06731e-07,-0.98903692,6.1962196e-06,-5.517811e-07,0.01421639,-3.4492355e-07,-0.26179939,5.3031756e-12,7.631145e-05,1,-0.7854,4.8638722e-12,7.6310022e-05,1,0,0,0.063276656,-2.2342948e-05,0.41116476,137.3261,1626.9352,59.5,0,1.0471976,0,0,nan,nan,9851.9363,-385.45399,-0.005375628,-432.04517,1.5151699e-07,0.14145442,1.4944186e-05,0,0,0,0,0,0
46.55,2125.9203,62.749599,-1620.9709,72.178952,1.9973541,119.29717,2.0515386e-07,-0.98832576,6.1652021e-06,-5.4750446e-07,0.014230796,-3.4298666e-07,-0.26179939,4.5596942e-12,7.6308989e-05,1,-0.7854,4.1642592e-12,7.6307656e-05,1,0,0,0.06326668,-2.2347026e-05,0.41137282,137.40518,1620.9709,59.5,0,1.0471976,0,0,nan,nan,9869.1476,-386.13134,-0.0053313308,-432.63275,1.4862468e-07,0.13590399,1.4725511e-05,0,0,0,0,0,0
46.6,2129.5322,62.849466,-1615.0056,72.303954,1.9973505,119.31589,2.0360411e-07,-0.98761388,6.1343911e-06,-5.433073e-07,0.014244958,-3.4107936e-07,-0.26179939,3.8891533e-12,7.6306691e-05,1,-0.7854,3.5300088e-12,7.6305446e-05,1,0,0,0.063256733,-2.2351032e-05,0.41157856,137.48349,1615.0056,59.5,0,1.0471976,0,0,nan,nan,9886.272,-386.80536,-0.0052876733,-433.21487,1.4593948e-07,0.13681824,1.4420404e-05,0,0,0,0,0,0
46.65,2133.1504,62.949334,-1609.0393,72.428715,1.9973469,119.33378,2.0208093e-07,-0.98690128,6.1037831e-06,-5.3918444e-07,0.014259451,-3.3921079e-07,-0.26179939,3.2696565e-12,7.6304539e-05,1,-0.7854,2.931236e-12,7.630337e-05,1,0,0,0.063246844,-2.2354968e-05,0.41178196,137.56104,1609.0393,59.5,0,1.0471976,0,0,nan,nan,9903.3094,-387.476,-0.0052446142,-433.79259,1.4340189e-07,0.1418938,1.4031868e-05,0,0,0,0,0,0
46.7,2136.7749,63.049201,-1603.0722,72.553233,1.9973433,119.35085,2.0058436e-07,-0.98618795,6.0733739e-06,-5.3513277e-07,0.014274542,-3.3738808e-07,-0.26179939,2.6712942e-12,7.6302513e-05,1,-0.7854,2.3368567e-12,7.6301409e-05,1,0,0,0.063237057,-2.2358835e-05,0.41198306,137.63782,1603.0722,59.5,0,1.0471976,0,0,nan,nan,9920.2598,-388.14322,-0.0052021149,-434.36745,1.4093077e-07,0.14777341,1.3594126e-05,0,0,0,0,0,0
46.75,2140.4055,63.149068,-1597.1043,72.677507,1.9973398,119.36709,1.991149e-07,-0.98547385,6.0431587e-06,-5.3115143e-07,0.014290157,-3.3561392e-07,-0.26179939,2.0679416e-12,7.6300595e-05,1,-0.7854,1.725587e-12,7.6299548e-05,1,0,0,0.06322741,-2.2362633e-05,0.41218184,137.71384,1597.1043,59.5,0,1.0471976,0,0,nan,nan,9937.1232,-388.80696,-0.0051601491,-434.94085,1.3845523e-07,0.1514138,1.3155127e-05,0,0,0,0,0,0
46.8,2144.0424,63.248935,-1591.1356,72.801536,1.9973363,119.38252,1.9767305e-07,-0.98475896,6.013133e-06,-5.2724115e-07,0.01430596,-3.3388616e-07,-0.26179939,1.4456302e-12,7.6298774e-05,1,-0.7854,1.0915437e-12,7.6297779e-05,1,0,0,0.063217926,-2.2366365e-05,0.41237832,137.78911,1591.1356,59.5,0,1.0471976,0,0,nan,nan,9953.8996,-389.46721,-0.0051187063,-435.5136,1.3593745e-07,0.1511057,1.2757189e-05,0,0,0,0,0,0
46.85,2147.6854,63.348802,-1585.1661,72.92532,1.9973328,119.39714,1.9625895e-07,-0.98404329,5.9832922e-06,-5.234032e-07,0.014321527,-3.3219912e-07,-0.26179939,8.0515552e-13,7.6297044e-05,1,-0.7854,4.4343044e-13,7.62961e-05,1,0,0,0.063208604,-2.2370032e-05,0.41257251,137.86362,1585.1661,59.5,0,1.0471976,0,0,nan,nan,9970.5889,-390.12395,-0.0050777893,-436.08569,1.3337977e-07,0.1468449,1.2422961e-05,0,0,0,0,0,0
46.9,2151.3346,63.448668,-1579.1959,73.048858,1.9973294,119.41094,1.9487221e-07,-0.98332685,5.9536329e-06,-5.196383e-07,0.014336506,-3.3054602e-07,-0.26179939,1.5902285e-13,7.6295406e-05,1,-0.7854,-2.0127107e-13,7.6294514e-05,1,0,0,0.063199426,-2.2373634e-05,0.41276442,137.93737,1579.1959,59.5,0,1.0471976,0,0,nan,nan,9987.1912,-390.77721,-0.0050374075,-436.65651,1.3081644e-07,0.14003481,1.2150763e-05,0,0,0,0,0,0
46.95,2154.99,63.548535,-1573.225,73.17215,1.997326,119.42394,1.935119e-07,-0.98260968,5.9241517e-06,-5.1594597e-07,0.014350732,-3.289213e-07,-0.26179939,-4.7518893e-13,7.6293862e-05,1,-0.7854,-8.241683e-13,7.6293023e-05,1,0,0,0.063190364,-2.2377173e-05,0.41295406,138.01037,1573.225,59.5,0,1.0471976,0,0,nan,nan,10003.706,-391.42702,-0.0049975688,-437.2251,1.2829551e-07,0.13274133,1.1919369e-05,0,0,0,0,0,0
47,2158.6516,63.648401,-1567.2535,73.295194,1.9973226,119.43613,1.9217686e-07,-0.98189182,5.8948459e-06,-5.1232439e-07,0.014364255,-3.2732214e-07,-0.26179939,-1.0820699e-12,7.6292413e-05,1,-0.7854,-1.4127445e-12,7.6291626e-05,1,0,0,0.063181393,-2.2380652e-05,0.41314142,138.08263,1567.2535,59.5,0,1.0471976,0,0,nan,nan,10020.135,-392.07342,-0.0049582738,-437.79062,1.2585904e-07,0.12684215,1.1698905e-05,0,0,0,0,0,0
47.05,2162.3193,63.748267,-1561.2814,73.417987,1.9973192,119.44752,1.9086593e-07,-0.98117329,5.8657129e-06,-5.0877078e-07,0.01437728,-3.2574878e-07,-0.26179939,-1.6535476e-12,7.6291056e-05,1,-0.7854,-1.9638318e-12,7.629032e-05,1,0,0,0.0631725,-2.2384073e-05,0.41332653,138.15414,1561.2814,59.5,0,1.0471976,0,0,nan,nan,10036.476,-392.7164,-0.0049195137,-438.35258,1.2352906e-07,0.12339155,1.1462954e-05,0,0,0,0,0,0
47.1,2165.9932,63.848133,-1555.3088,73.540527,1.9973159,119.45811,1.8957816e-07,-0.98045412,5.83675e-06,-5.0528211e-07,0.014390073,-3.2420364e-07,-0.26179939,-2.1905426e-12,7.6289785e-05,1,-0.7854,-2.4831786e-12,7.6289095e-05,1,0,0,0.063163685,-2.2387437e-05,0.41350939,138.22491,1555.3088,59.5,0,1.0471976,0,0,nan,nan,10052.73,-393.35598,-0.0048812717,-438.91099,1.2130274e-07,0.12238957,1.1197328e-05,0,0,0,0,0,0
47.15,2169.6731,63.947998,-1549.3357,73.662813,1.9973126,119.46791,1.8831299e-07,-0.97973431,5.807954e-06,-5.0185567e-07,0.01440285,-3.2268985e-07,-0.26179939,-2.7011164e-12,7.6288591e-05,1,-0.7854,-2.9818814e-12,7.6287942e-05,1,0,0,0.063154957,-2.2390746e-05,0.41369001,138.29493,1549.3357,59.5,0,1.0471976,0,0,nan,nan,10068.896,-393.99215,-0.0048435274,-439.46625,1.1915789e-07,0.12296801,1.0902966e-05,0,0,0,0,0,0
47.2,2173.3592,64.047864,-1543.3621,73.784841,1.9973093,119.47692,1.8707016e-07,-0.97901386,5.7793219e-06,-4.9848959e-07,0.014415715,-3.2120979e-07,-0.26179939,-3.1964295e-12,7.6287465e-05,1,-0.7854,-3.4715922e-12,7.628685e-05,1,0,0,0.063146334,-2.2394002e-05,0.4138684,138.36422,1543.3621,59.5,0,1.0471976,0,0,nan,nan,10084.976,-394.62487,-0.0048062616,-440.01894,1.1706357e-07,0.12385406,1.0592918e-05,0,0,0,0,0,0
47.25,2177.0514,64.147729,-1537.388,73.906612,1.9973061,119.48514,1.8584959e-07,-0.97829276,5.7508502e-06,-4.9518279e-07,0.014428637,-3.1976415e-07,-0.26179939,-3.6863073e-12,7.6286395e-05,1,-0.7854,-3.9603681e-12,7.6285811e-05,1,0,0,0.063137828,-2.2397205e-05,0.41404457,138.43277,1537.388,59.5,0,1.0471976,0,0,nan,nan,10100.969,-395.25415,-0.0047694599,-440.56961,1.1499269e-07,0.12389752,1.0285515e-05,0,0,0,0,0,0
47.3,2180.7496,64.247595,-1531.4136,74.028123,1.9973028,119.49258,1.8465121e-07,-0.97757102,5.7225356e-06,-4.9193486e-07,0.014441493,-3.1835177e-07,-0.26179939,-4.1760899e-12,7.6285377e-05,1,-0.7854,-4.450556e-12,7.6284819e-05,1,0,0,0.063129449,-2.2400357e-05,0.41421852,138.5006,1531.4136,59.5,0,1.0471976,0,0,nan,nan,10116.875,-395.87996,-0.0047331141,-441.11854,1.1293051e-07,0.12246139,9.9968391e-06,0,0,0,0,0,0
47.35,2184.4539,64.34746,-1525.4388,74.149375,1.9972996,119.49924,1.8347481e-07,-0.97684864,5.6943749e-06,-4.8874558e-07,0.014454124,-3.1697015e-07,-0.26179939,-4.6656476e-12,7.6284405e-05,1,-0.7854,-4.9390928e-12,7.6283872e-05,1,0,0,0.063121195,-2.240346e-05,0.41439026,138.56769,1525.4388,59.5,0,1.0471976,0,0,nan,nan,10132.694,-396.5023,-0.0046972212,-441.66575,1.1087734e-07,0.11955949,9.7353086e-06,0,0,0,0,0,0
47.4,2188.1643,64.447325,-1519.4637,74.270365,1.9972965,119.50513,1.8231999e-07,-0.97612564,5.6663651e-06,-4.8561453e-07,0.014466399,-3.1561641e-07,-0.26179939,-5.1505164e-12,7.6283476e-05,1,-0.7854,-5.4196828e-12,7.6282968e-05,1,0,0,0.063113059,-2.2406513e-05,0.41455981,138.63405,1519.4637,59.5,0,1.0471976,0,0,nan,nan,10148.425,-397.1212,-0.0046617804,-442.21099,1.0884575e-07,0.11573591,9.4999615e-06,0,0,0,0,0,0
47.45,2191.8807,64.547189,-1513.4883,74.391093,1.9972933,119.51024,1.8118618e-07,-0.97540203,5.6385037e-06,-4.8254088e-07,0.014478262,-3.1428816e-07,-0.26179939,-5.6243916e-12,7.628259e-05,1,-0.7854,-5.885748e-12,7.6282105e-05,1,0,0,0.063105031,-2.2409519e-05,0.41472716,138.69969,1513.4883,59.5,0,1.0471976,0,0,nan,nan,10164.07,-397.73665,-0.0046267904,-442.75391,1.068531e-07,0.11177472,9.2824239e-06,0,0,0,0,0,0
47.5,2195.6032,64.647054,-1507.5127,74.511557,1.9972902,119.51459,1.800727e-07,-0.97467784,5.610788e-06,-4.7952328e-07,0.014489735,-3.1298409e-07,-0.26179939,-6.0818172e-12,7.6281745e-05,1,-0.7854,-6.3329233e-12,7.6281281e-05,1,0,0,0.063097101,-2.2412479e-05,0.41489234,138.76461,1507.5127,59.5,0,1.0471976,0,0,nan,nan,10179.628,-398.34867,-0.004592247,-443.29419,1.0491441e-07,0.10837449,9.0712e-06,0,0,0,0,0,0
47.55,2199.3316,64.746918,-1501.5369,74.631756,1.9972871,119.51817,1.7897888e-07,-0.97395309,5.5832158e-06,-4.7656008e-07,0.014500899,-3.1170403e-07,-0.26179939,-6.5200815e-12,7.6280936e-05,1,-0.7854,-6.7603251e-12,7.6280492e-05,1,0,0,0.063089264,-2.2415395e-05,0.41505534,138.82881,1501.5369,59.5,0,1.0471976,0,0,nan,nan,10195.099,-398.95727,-0.0045581426,-443.83166,1.0303733e-07,0.10591125,8.8563435e-06,0,0,0,0,0,0
47.6,2203.0661,64.846783,-1495.5609,74.751688,1.997284,119.52099,1.7790416e-07,-0.97322778,5.5557845e-06,-4.7364953e-07,0.014511854,-3.1044865e-07,-0.26179939,-6.9397938e-12,7.628016e-05,1,-0.7854,-7.1703253e-12,7.6279733e-05,1,0,0,0.06308152,-2.2418267e-05,0.41521618,138.89229,1495.5609,59.5,0,1.0471976,0,0,nan,nan,10210.483,-399.56245,-0.0045244667,-444.36635,1.0121995e-07,0.10436,8.6327507e-06,0,0,0,0,0,0
47.65,2206.8065,64.946647,-1489.5848,74.871351,1.9972809,119.52305,1.768481e-07,-0.97250193,5.5284917e-06,-4.7079004e-07,0.01452268,-3.0921883e-07,-0.26179939,-7.3441372e-12,7.627941e-05,1,-0.7854,-7.5671812e-12,7.6278996e-05,1,0,0,0.063073874,-2.2421098e-05,0.41537486,138.95506,1489.5848,59.5,0,1.0471976,0,0,nan,nan,10225.78,-400.1642,-0.0044912077,-444.89841,9.9453193e-08,0.10337537,8.4011193e-06,0,0,0,0,0,0
47.7,2210.553,65.046511,-1483.6086,74.990744,1.9972779,119.52436,1.7581041e-07,-0.97177553,5.5013347e-06,-4.6798033e-07,0.014533411,-3.0801516e-07,-0.26179939,-7.7373431e-12,7.6278681e-05,1,-0.7854,-7.9552481e-12,7.6278278e-05,1,0,0,0.06306633,-2.2423887e-05,0.4155314,139.01711,1483.6086,59.5,0,1.0471976,0,0,nan,nan,10240.991,-400.76253,-0.0044583546,-445.42808,9.7725149e-08,0.10247406,8.1666389e-06,0,0,0,0,0,0
47.75,2214.3054,65.146375,-1477.6323,75.109866,1.9972749,119.52492,1.7479084e-07,-0.97104861,5.4743111e-06,-4.6521944e-07,0.014544034,-3.0683754e-07,-0.26179939,-8.123053e-12,7.6277967e-05,1,-0.7854,-8.3374698e-12,7.6277571e-05,1,0,0,0.063058893,-2.2426637e-05,0.4156858,139.07846,1477.6323,59.5,0,1.0471976,0,0,nan,nan,10256.114,-401.35741,-0.0044258984,-445.95555,9.6025619e-08,0.10123495,7.9362806e-06,0,0,0,0,0,0
47.8,2218.0637,65.246238,-1471.6561,75.228715,1.9972719,119.52473,1.7378914e-07,-0.97032115,5.4474182e-06,-4.6250664e-07,0.014554501,-3.0568522e-07,-0.26179939,-8.5032042e-12,7.6277265e-05,1,-0.7854,-8.7146655e-12,7.6276873e-05,1,0,0,0.063051566,-2.2429348e-05,0.41583807,139.1391,1471.6561,59.5,0,1.0471976,0,0,nan,nan,10271.151,-401.94886,-0.0043938326,-446.48092,9.4349191e-08,0.099441006,7.7159176e-06,0,0,0,0,0,0
47.85,2221.828,65.346102,-1465.6799,75.347291,1.9972689,119.52379,1.7280503e-07,-0.96959318,5.4206536e-06,-4.598413e-07,0.014564754,-3.0455694e-07,-0.26179939,-8.8777179e-12,7.6276569e-05,1,-0.7854,-9.0856938e-12,7.6276181e-05,1,0,0,0.063044349,-2.2432022e-05,0.41598822,139.19904,1465.6799,59.5,0,1.0471976,0,0,nan,nan,10286.101,-402.53687,-0.0043621524,-447.0042,9.2696006e-08,0.097121558,7.5083557e-06,0,0,0,0,0,0
47.9,2225.5982,65.445965,-1459.7037,75.465592,1.997266,119.52212,1.7183815e-07,-0.9688647,5.3940151e-06,-4.5722269e-07,0.014574747,-3.0345137e-07,-0.26179939,-9.2449835e-12,7.6275878e-05,1,-0.7854,-9.4483152e-12,7.6275491e-05,1,0,0,0.063037237,-2.2434658e-05,0.41613625,139.25828,1459.7037,59.5,0,1.0471976,0,0,nan,nan,10300.965,-403.12145,-0.0043308542,-447.52528,9.1070448e-08,0.094497286,7.3128247e-06,0,0,0,0,0,0
47.95,2229.3743,65.545828,-1453.7277,75.583618,1.997263,119.51971,1.7088808e-07,-0.96813573,5.3675003e-06,-4.5464994e-07,0.014584464,-3.0236736e-07,-0.26179939,-9.6028021e-12,7.6275188e-05,1,-0.7854,-9.8002852e-12,7.6274802e-05,1,0,0,0.063030227,-2.2437259e-05,0.41628218,139.31682,1453.7277,59.5,0,1.0471976,0,0,nan,nan,10315.742,-403.70261,-0.0042999337,-448.04404,8.9478906e-08,0.091865181,7.1258747e-06,0,0,0,0,0,0
48,2233.1563,65.645691,-1447.7518,75.701366,1.9972601,119.51657,1.6995437e-07,-0.96740628,5.3411073e-06,-4.5212202e-07,0.014593917,-3.0130424e-07,-0.26179939,-9.9493767e-12,7.6274498e-05,1,-0.7854,-1.0140248e-11,7.6274111e-05,1,0,0,0.063023316,-2.2439826e-05,0.41642601,139.37466,1447.7518,59.5,0,1.0471976,0,0,nan,nan,10330.432,-404.28034,-0.0042693857,-448.56036,8.7926121e-08,0.089476204,6.9430868e-06,0,0,0,0,0,0
48.05,2236.9442,65.745554,-1441.776,75.818836,1.9972573,119.5127,1.6903658e-07,-0.96667636,5.3148339e-06,-4.4963777e-07,0.014603139,-3.0026172e-07,-0.26179939,-1.0283962e-11,7.6273805e-05,1,-0.7854,-1.0468138e-11,7.6273415e-05,1,0,0,0.063016501,-2.2442359e-05,0.41656776,139.43181,1441.776,59.5,0,1.0471976,0,0,nan,nan,10345.036,-404.85467,-0.0042392038,-449.0742,8.6414306e-08,0.087451698,6.7608354e-06,0,0,0,0,0,0
48.1,2240.738,65.845417,-1435.8005,75.936026,1.9972544,119.5081,1.6813434e-07,-0.96594599,5.2886781e-06,-4.4719605e-07,0.014612167,-2.9923985e-07,-0.26179939,-1.0607018e-11,7.6273104e-05,1,-0.7854,-1.0785043e-11,7.6272708e-05,1,0,0,0.063009781,-2.244486e-05,0.41670743,139.48828,1435.8005,59.5,0,1.0471976,0,0,nan,nan,10359.553,-405.42558,-0.0042093805,-449.58558,8.4941998e-08,0.085762278,6.57745e-06,0,0,0,0,0,0
48.15,2244.5376,65.94528,-1429.8252,76.052935,1.9972515,119.50279,1.6724729e-07,-0.96521517,5.2626378e-06,-4.4479578e-07,0.01462103,-2.9823869e-07,-0.26179939,-1.0919896e-11,7.6272391e-05,1,-0.7854,-1.1092665e-11,7.6271989e-05,1,0,0,0.06300316,-2.2447329e-05,0.41684503,139.54405,1429.8252,59.5,0,1.0471976,0,0,nan,nan,10373.984,-405.99308,-0.0041799082,-450.09456,8.3505269e-08,0.08426581,6.393454e-06,0,0,0,0,0,0
48.2,2248.343,66.045142,-1423.8502,76.169562,1.9972487,119.49675,1.6637515e-07,-0.96448391,5.2367111e-06,-4.42436e-07,0.01462974,-2.972582e-07,-0.26179939,-1.1224245e-11,7.6271664e-05,1,-0.7854,-1.1392652e-11,7.6271252e-05,1,0,0,0.062996638,-2.2449768e-05,0.41698056,139.59914,1423.8502,59.5,0,1.0471976,0,0,nan,nan,10388.329,-406.55717,-0.0041507795,-450.60124,8.2099428e-08,0.082779969,6.2109535e-06,0,0,0,0,0,0
48.25,2252.1543,66.145005,-1417.8755,76.285905,1.9972459,119.49,1.6551765e-07,-0.96375221,5.2108958e-06,-4.4011591e-07,0.014638289,-2.9629806e-07,-0.26179939,-1.1521421e-11,7.6270918e-05,1,-0.7854,-1.1686069e-11,7.6270495e-05,1,0,0,0.062990217,-2.2452177e-05,0.41711405,139.65354,1417.8755,59.5,0,1.0471976,0,0,nan,nan,10402.588,-407.11784,-0.0041219882,-451.10569,8.0720449e-08,0.081156526,6.0325515e-06,0,0,0,0,0,0
48.3,2255.9714,66.244867,-1411.9012,76.401964,1.9972431,119.48254,1.6467453e-07,-0.9630201,5.18519e-06,-4.3783475e-07,0.014646658,-2.9535772e-07,-0.26179939,-1.1812119e-11,7.627015e-05,1,-0.7854,-1.1973192e-11,7.6269714e-05,1,0,0,0.062983897,-2.2454557e-05,0.41724548,139.70727,1411.9012,59.5,0,1.0471976,0,0,nan,nan,10416.76,-407.6751,-0.0040935288,-451.60794,7.9366462e-08,0.079329692,5.8602794e-06,0,0,0,0,0,0
48.35,2259.7943,66.344729,-1405.9273,76.517738,1.9972404,119.47437,1.6384551e-07,-0.96228757,5.1595918e-06,-4.3559184e-07,0.014654828,-2.9443646e-07,-0.26179939,-1.2096303e-11,7.6269358e-05,1,-0.7854,-1.2253613e-11,7.6268907e-05,1,0,0,0.062977678,-2.245691e-05,0.41737488,139.76032,1405.9273,59.5,0,1.0471976,0,0,nan,nan,10430.847,-408.22896,-0.0040653964,-452.10799,7.8037306e-08,0.077325349,5.6949262e-06,0,0,0,0,0,0
48.4,2263.6229,66.444591,-1399.9538,76.633225,1.9972376,119.46549,1.6303027e-07,-0.96155463,5.1340993e-06,-4.3338643e-07,0.014662783,-2.9353356e-07,-0.26179939,-1.2373419e-11,7.6268538e-05,1,-0.7854,-1.2526576e-11,7.6268072e-05,1,0,0,0.062971558,-2.2459235e-05,0.41750226,139.81269,1399.9538,59.5,0,1.0471976,0,0,nan,nan,10444.847,-408.77942,-0.0040375867,-452.60581,7.6734696e-08,0.075234776,5.535948e-06,0,0,0,0,0,0
48.45,2267.4573,66.544453,-1393.9807,76.748424,1.9972349,119.45592,1.622285e-07,-0.96082131,5.1087108e-06,-4.3121775e-07,0.014670521,-2.9264839e-07,-0.26179939,-1.264276e-11,7.6267689e-05,1,-0.7854,-1.2791394e-11,7.6267205e-05,1,0,0,0.062965535,-2.2461534e-05,0.41762761,139.8644,1393.9807,59.5,0,1.0471976,0,0,nan,nan,10458.761,-409.32647,-0.0040100951,-453.10135,7.5460507e-08,0.073168957,5.3818856e-06,0,0,0,0,0,0
48.5,2271.2975,66.644314,-1388.0082,76.863335,1.9972322,119.44564,1.6143987e-07,-0.9600876,5.0834245e-06,-4.2908497e-07,0.014678048,-2.9178051e-07,-0.26179939,-1.2903816e-11,7.6266808e-05,1,-0.7854,-1.3047741e-11,7.6266306e-05,1,0,0,0.062959607,-2.2463808e-05,0.41775095,139.91543,1388.0082,59.5,0,1.0471976,0,0,nan,nan,10472.59,-409.87013,-0.0039829165,-453.59457,7.4216109e-08,0.07121387,5.2310513e-06,0,0,0,0,0,0
48.55,2275.1434,66.744176,-1382.0362,76.977955,1.9972295,119.43468,1.6066406e-07,-0.95935352,5.0582387e-06,-4.2698723e-07,0.014685379,-2.9092964e-07,-0.26179939,-1.3156485e-11,7.6265893e-05,1,-0.7854,-1.3295765e-11,7.626537e-05,1,0,0,0.062953775,-2.2466057e-05,0.4178723,139.9658,1382.0362,59.5,0,1.0471976,0,0,nan,nan,10486.332,-410.4104,-0.0039560455,-454.08546,7.3001814e-08,0.069403146,5.0821698e-06,0,0,0,0,0,0
48.6,2278.9951,66.844037,-1376.0647,77.092285,1.9972268,119.42302,1.5990078e-07,-0.95861908,5.0331518e-06,-4.2492368e-07,0.014692528,-2.9009558e-07,-0.26179939,-1.3401095e-11,7.626494e-05,1,-0.7854,-1.3536011e-11,7.6264396e-05,1,0,0,0.062948037,-2.2468282e-05,0.41799164,140.0155,1376.0647,59.5,0,1.0471976,0,0,nan,nan,10499.989,-410.94729,-0.0039294766,-454.57405,7.1816491e-08,0.067715102,4.9347578e-06,0,0,0,0,0,0
48.65,2282.8524,66.943899,-1370.0938,77.206323,1.9972241,119.41068,1.5914975e-07,-0.95788429,5.008162e-06,-4.2289353e-07,0.014699505,-2.8927816e-07,-0.26179939,-1.363826e-11,7.6263947e-05,1,-0.7854,-1.3769192e-11,7.626338e-05,1,0,0,0.062942395,-2.2470485e-05,0.418109,140.06454,1370.0938,59.5,0,1.0471976,0,0,nan,nan,10513.561,-411.48079,-0.003903204,-455.06036,7.0658397e-08,0.066090861,4.7891352e-06,0,0,0,0,0,0
48.7,2286.7155,67.04376,-1364.1236,77.320067,1.9972215,119.39765,1.5841072e-07,-0.95714915,4.9832679e-06,-4.2089602e-07,0.014706312,-2.8847711e-07,-0.26179939,-1.3868651e-11,7.6262911e-05,1,-0.7854,-1.3995954e-11,7.626232e-05,1,0,0,0.062936848,-2.2472665e-05,0.41822439,140.11292,1364.1236,59.5,0,1.0471976,0,0,nan,nan,10527.047,-412.01091,-0.0038772223,-455.54443,6.95254e-08,0.064462994,4.6461448e-06,0,0,0,0,0,0
48.75,2290.5842,67.143621,-1358.1541,77.433517,1.9972189,119.38395,1.5768344e-07,-0.95641367,4.9584677e-06,-4.1893046e-07,0.014712948,-2.8769211e-07,-0.26179939,-1.40928e-11,7.6261831e-05,1,-0.7854,-1.4216705e-11,7.6261213e-05,1,0,0,0.062931397,-2.2474824e-05,0.4183378,140.16065,1358.1541,59.5,0,1.0471976,0,0,nan,nan,10540.447,-412.53764,-0.0038515266,-456.02628,6.8416044e-08,0.062782142,4.5067188e-06,0,0,0,0,0,0
48.8,2294.4586,67.243482,-1352.1852,77.546673,1.9972163,119.36957,1.5696768e-07,-0.95567787,4.9337599e-06,-4.169962e-07,0.014719405,-2.8692273e-07,-0.26179939,-1.4310972e-11,7.6260702e-05,1,-0.7854,-1.4431555e-11,7.6260057e-05,1,0,0,0.062926041,-2.2476962e-05,0.41844926,140.20773,1352.1852,59.5,0,1.0471976,0,0,nan,nan,10553.762,-413.06101,-0.0038261121,-456.50594,6.7329541e-08,0.061032045,4.3714969e-06,0,0,0,0,0,0
48.85,2298.3387,67.343343,-1346.2171,77.659532,1.9972137,119.35451,1.5626317e-07,-0.95494175,4.9091431e-06,-4.1509258e-07,0.014725676,-2.861685e-07,-0.26179939,-1.4523182e-11,7.6259524e-05,1,-0.7854,-1.4640393e-11,7.625885e-05,1,0,0,0.06292078,-2.2479079e-05,0.41855876,140.25415,1346.2171,59.5,0,1.0471976,0,0,nan,nan,10566.992,-413.581,-0.0038009747,-456.98339,6.626561e-08,0.059229481,4.2406212e-06,0,0,0,0,0,0
48.9,2302.2243,67.443203,-1340.2497,77.772094,1.9972111,119.33879,1.5556968e-07,-0.95420531,4.8846156e-06,-4.1321896e-07,0.014731759,-2.8542897e-07,-0.26179939,-1.4729276e-11,7.6258294e-05,1,-0.7854,-1.4843013e-11,7.6257591e-05,1,0,0,0.062915613,-2.2481178e-05,0.41866632,140.29992,1340.2497,59.5,0,1.0471976,0,0,nan,nan,10580.137,-414.09762,-0.0037761099,-457.45864,6.5224748e-08,0.057411885,4.1137546e-06,0,0,0,0,0,0
48.95,2306.1156,67.543064,-1334.2832,77.884358,1.9972086,119.3224,1.5488694e-07,-0.95346858,4.8601762e-06,-4.1137468e-07,0.014737653,-2.8470372e-07,-0.26179939,-1.4929081e-11,7.625701e-05,1,-0.7854,-1.5039261e-11,7.6256276e-05,1,0,0,0.06291054,-2.2483258e-05,0.41877194,140.34505,1334.2832,59.5,0,1.0471976,0,0,nan,nan,10593.197,-414.61088,-0.0037515135,-457.93166,6.4207339e-08,0.055619499,3.9902735e-06,0,0,0,0,0,0
49,2310.0125,67.642924,-1328.3175,77.996323,1.997206,119.30535,1.5421469e-07,-0.95273156,4.8358233e-06,-4.0955905e-07,0.014743363,-2.8399243e-07,-0.26179939,-1.5122514e-11,7.625567e-05,1,-0.7854,-1.5229126e-11,7.6254904e-05,1,0,0,0.062905558,-2.2485319e-05,0.41887564,140.38954,1328.3175,59.5,0,1.0471976,0,0,nan,nan,10606.171,-415.12078,-0.0037271811,-458.40244,6.3213652e-08,0.053879748,3.8695393e-06,0,0,0,0,0,0
49.05,2313.915,67.742784,-1322.3526,78.107988,1.9972035,119.28765,1.535527e-07,-0.95199426,4.8115557e-06,-4.0777142e-07,0.014748894,-2.8329482e-07,-0.26179939,-1.5309642e-11,7.6254272e-05,1,-0.7854,-1.5412772e-11,7.6253474e-05,1,0,0,0.062900669,-2.2487364e-05,0.41897742,140.43339,1322.3526,59.5,0,1.0471976,0,0,nan,nan,10619.061,-415.62733,-0.0037031083,-458.871,6.2243337e-08,0.052199279,3.7511172e-06,0,0,0,0,0,0
49.1,2317.8231,67.842644,-1316.3887,78.219353,1.997201,119.26928,1.5290073e-07,-0.95125669,4.7873721e-06,-4.0601111e-07,0.014754253,-2.8261063e-07,-0.26179939,-1.5490688e-11,7.6252815e-05,1,-0.7854,-1.5590492e-11,7.6251982e-05,1,0,0,0.062895871,-2.2489391e-05,0.41907729,140.4766,1316.3887,59.5,0,1.0471976,0,0,nan,nan,10631.866,-416.13052,-0.0036792904,-459.33733,6.129565e-08,0.050565261,3.6348858e-06,0,0,0,0,0,0
49.15,2321.7367,67.942504,-1310.4257,78.330415,1.9971985,119.25027,1.5225855e-07,-0.95051885,4.7632709e-06,-4.0427751e-07,0.014759443,-2.8193961e-07,-0.26179939,-1.5665956e-11,7.6251295e-05,1,-0.7854,-1.5762607e-11,7.6250427e-05,1,0,0,0.062891165,-2.2491403e-05,0.41917525,140.51917,1310.4257,59.5,0,1.0471976,0,0,nan,nan,10644.587,-416.63037,-0.0036557229,-459.80147,6.0369735e-08,0.048953754,3.521009e-06,0,0,0,0,0,0
49.2,2325.6559,68.042364,-1304.4636,78.441175,1.997196,119.23061,1.5162594e-07,-0.94978076,4.7392511e-06,-4.0257e-07,0.014764465,-2.812815e-07,-0.26179939,-1.5835743e-11,7.6249711e-05,1,-0.7854,-1.5929396e-11,7.6248807e-05,1,0,0,0.06288655,-2.2493399e-05,0.41927133,140.56111,1304.4636,59.5,0,1.0471976,0,0,nan,nan,10657.223,-417.12688,-0.0036324017,-460.26342,5.9464625e-08,0.047340722,3.4098016e-06,0,0,0,0,0,0
49.25,2329.5806,68.142224,-1298.5026,78.551632,1.9971935,119.2103,1.510027e-07,-0.94904242,4.7153114e-06,-4.00888e-07,0.014769318,-2.8063598e-07,-0.26179939,-1.6000283e-11,7.6248062e-05,1,-0.7854,-1.6091042e-11,7.624712e-05,1,0,0,0.062882026,-2.249538e-05,0.41936552,140.60242,1298.5026,59.5,0,1.0471976,0,0,nan,nan,10669.775,-417.62005,-0.0036093224,-460.72319,5.8579523e-08,0.045711057,3.3015685e-06,0,0,0,0,0,0
49.3,2333.5109,68.242084,-1292.5426,78.661784,1.9971911,119.18935,1.5038861e-07,-0.94830384,4.6914504e-06,-3.9923095e-07,0.014774,-2.8000272e-07,-0.26179939,-1.6159704e-11,7.6246345e-05,1,-0.7854,-1.6247614e-11,7.6245365e-05,1,0,0,0.062877593,-2.2497346e-05,0.41945783,140.64311,1292.5426,59.5,0,1.0471976,0,0,nan,nan,10682.242,-418.10989,-0.0035864813,-461.1808,5.7714085e-08,0.044062567,3.1964724e-06,0,0,0,0,0,0
49.35,2337.4466,68.341943,-1286.5836,78.77163,1.9971887,119.16777,1.4978347e-07,-0.94756503,4.6676671e-06,-3.9759829e-07,0.01477851,-2.7938138e-07,-0.26179939,-1.6314049e-11,7.6244559e-05,1,-0.7854,-1.6399119e-11,7.624354e-05,1,0,0,0.06287325,-2.2499299e-05,0.41954827,140.68317,1286.5836,59.5,0,1.0471976,0,0,nan,nan,10694.625,-418.5964,-0.0035638744,-461.63625,5.6868024e-08,0.042404369,3.0944855e-06,0,0,0,0,0,0
49.4,2341.3878,68.441802,-1280.6258,78.881171,1.9971862,119.14555,1.4918706e-07,-0.946826,4.6439602e-06,-3.9598947e-07,0.014782847,-2.7877162e-07,-0.26179939,-1.6463316e-11,7.6242702e-05,1,-0.7854,-1.654554e-11,7.6241643e-05,1,0,0,0.062868997,-2.2501239e-05,0.41963686,140.72261,1280.6258,59.5,0,1.0471976,0,0,nan,nan,10706.925,-419.07958,-0.0035414979,-462.08952,5.6041447e-08,0.040751302,2.9954136e-06,0,0,0,0,0,0
49.45,2345.3345,68.541662,-1274.669,78.990404,1.9971838,119.1227,1.4859918e-07,-0.94608676,4.6203286e-06,-3.9440393e-07,0.014787013,-2.7817315e-07,-0.26179939,-1.6607507e-11,7.6240773e-05,1,-0.7854,-1.6686894e-11,7.6239672e-05,1,0,0,0.062864834,-2.2503165e-05,0.41972359,140.76143,1274.669,59.5,0,1.0471976,0,0,nan,nan,10719.14,-419.55945,-0.0035193481,-462.54063,5.5234123e-08,0.039117215,2.8989892e-06,0,0,0,0,0,0
49.5,2349.2866,68.641521,-1268.7135,79.09933,1.9971815,119.09923,1.4801963e-07,-0.94534731,4.5967713e-06,-3.9284114e-07,0.014791009,-2.7758569e-07,-0.26179939,-1.6746663e-11,7.6238769e-05,1,-0.7854,-1.6823251e-11,7.6237627e-05,1,0,0,0.062860758,-2.250508e-05,0.41980848,140.79963,1268.7135,59.5,0,1.0471976,0,0,nan,nan,10731.271,-420.036,-0.0034974211,-462.98957,5.4445873e-08,0.037509871,2.8049671e-06,0,0,0,0,0,0
49.55,2353.2442,68.74138,-1262.7591,79.207948,1.9971791,119.07513,1.4744821e-07,-0.94460767,4.5732871e-06,-3.9130054e-07,0.01479484,-2.7700898e-07,-0.26179939,-1.6880884e-11,7.623669e-05,1,-0.7854,-1.6954744e-11,7.6235505e-05,1,0,0,0.062856771,-2.2506983e-05,0.41989154,140.83722,1262.7591,59.5,0,1.0471976,0,0,nan,nan,10743.319,-420.50924,-0.0034757133,-463.43635,5.3676407e-08,0.035929098,2.7131985e-06,0,0,0,0,0,0
49.6,2357.2072,68.841239,-1256.8059,79.316255,1.9971767,119.05041,1.4688472e-07,-0.94386783,4.549875e-06,-3.8978161e-07,0.014798506,-2.7644278e-07,-0.26179939,-1.7010316e-11,7.6234534e-05,1,-0.7854,-1.7081539e-11,7.6233306e-05,1,0,0,0.062852872,-2.2508875e-05,0.41997277,140.87419,1256.8059,59.5,0,1.0471976,0,0,nan,nan,10755.283,-420.97918,-0.0034542208,-463.88098,5.2925263e-08,0.034368296,2.6236551e-06,0,0,0,0,0,0
49.65,2361.1756,68.941098,-1250.854,79.424253,1.9971744,119.02507,1.4632899e-07,-0.94312782,4.5265339e-06,-3.8828384e-07,0.014802011,-2.7588684e-07,-0.26179939,-1.7135123e-11,7.6232299e-05,1,-0.7854,-1.72038e-11,7.6231027e-05,1,0,0,0.062849061,-2.2510757e-05,0.42005218,140.91056,1250.854,59.5,0,1.0471976,0,0,nan,nan,10767.164,-421.44582,-0.0034329399,-464.32347,5.2191751e-08,0.0328181,2.5364014e-06,0,0,0,0,0,0
49.7,2365.1494,69.040956,-1244.9034,79.53194,1.997172,118.99913,1.4578082e-07,-0.94238764,4.5032629e-06,-3.8680673e-07,0.014805354,-2.7534091e-07,-0.26179939,-1.7255458e-11,7.6229985e-05,1,-0.7854,-1.7321669e-11,7.6228667e-05,1,0,0,0.062845337,-2.2512628e-05,0.42012978,140.94632,1244.9034,59.5,0,1.0471976,0,0,nan,nan,10778.962,-421.90916,-0.0034118671,-464.76382,5.1475584e-08,0.031270416,2.451537e-06,0,0,0,0,0,0
49.75,2369.1286,69.140815,-1238.954,79.639315,1.9971697,118.97257,1.4524004e-07,-0.9416473,4.4800609e-06,-3.853498e-07,0.014808536,-2.7480472e-07,-0.26179939,-1.7371447e-11,7.6227589e-05,1,-0.7854,-1.7435248e-11,7.6226225e-05,1,0,0,0.0628417,-2.2514489e-05,0.42020558,140.98148,1238.954,59.5,0,1.0471976,0,0,nan,nan,10790.676,-422.36922,-0.0033909989,-465.20205,5.077613e-08,0.02972122,2.3691418e-06,0,0,0,0,0,0
49.8,2373.1131,69.240673,-1233.0061,79.746377,1.9971674,118.9454,1.4470647e-07,-0.9409068,4.456927e-06,-3.8391256e-07,0.014811556,-2.74278e-07,-0.26179939,-1.7483172e-11,7.622511e-05,1,-0.7854,-1.7544601e-11,7.62237e-05,1,0,0,0.062838149,-2.2516342e-05,0.42027958,141.01604,1233.0061,59.5,0,1.0471976,0,0,nan,nan,10802.308,-422.826,-0.0033703318,-465.63815,5.0093102e-08,0.028171291,2.2892283e-06,0,0,0,0,0,0
49.85,2377.103,69.340531,-1227.0594,79.853127,1.9971651,118.91764,1.4417995e-07,-0.94016615,4.4338603e-06,-3.8249456e-07,0.014814415,-2.7376049e-07,-0.26179939,-1.7590688e-11,7.6222548e-05,1,-0.7854,-1.7649776e-11,7.622109e-05,1,0,0,0.062834685,-2.2518185e-05,0.4203518,141.04999,1227.0594,59.5,0,1.0471976,0,0,nan,nan,10813.856,-423.27949,-0.0033498626,-466.07214,4.942644e-08,0.026624976,2.2117422e-06,0,0,0,0,0,0
49.9,2381.0982,69.44039,-1221.1142,79.959562,1.9971628,118.88927,1.436603e-07,-0.93942537,4.4108599e-06,-3.8109534e-07,0.014817114,-2.7325192e-07,-0.26179939,-1.7694045e-11,7.62199e-05,1,-0.7854,-1.7750814e-11,7.6218394e-05,1,0,0,0.062831306,-2.2520021e-05,0.42042224,141.08336,1221.1142,59.5,0,1.0471976,0,0,nan,nan,10825.322,-423.72972,-0.0033295879,-466.50401,4.87758e-08,0.025087827,2.1365756e-06,0,0,0,0,0,0
49.95,2385.0987,69.540248,-1215.1705,80.065683,1.9971606,118.86031,1.4314734e-07,-0.93868445,4.3879249e-06,-3.7971443e-07,0.014819652,-2.7275206e-07,-0.26179939,-1.7793289e-11,7.6217166e-05,1,-0.7854,-1.7847772e-11,7.6215612e-05,1,0,0,0.062828012,-2.2521848e-05,0.42049091,141.11612,1215.1705,59.5,0,1.0471976,0,0,nan,nan,10836.705,-424.17668,-0.0033095045,-466.93377,4.8141008e-08,0.023564216,2.0636085e-06,0,0,0,0,0,0
50,2389.1046,69.640106,-1209.2282,80.171488,1.9971583,118.83075,1.4264093e-07,-0.93794341,4.3650543e-06,-3.783514e-07,0.014822033,-2.7226066e-07,-0.26179939,-1.7888492e-11,7.6214345e-05,1,-0.7854,-1.7940734e-11,7.6212741e-05,1,0,0,0.062824803,-2.2523668e-05,0.42055783,141.1483,1209.2282,59.5,0,1.0471976,0,0,nan,nan,10848.006,-424.62038,-0.0032896091,-467.36142,4.7521832e-08,0.022055853,1.9927423e-06,0,0,0,0,0,0
50.05,2393.1157,69.739964,-1203.2873,80.276978,1.9971561,118.80061,1.4214088e-07,-0.93720225,4.3422475e-06,-3.7700579e-07,0.014824257,-2.717775e-07,-0.26179939,-1.7979739e-11,7.6211435e-05,1,-0.7854,-1.8029792e-11,7.6209781e-05,1,0,0,0.062821679,-2.2525481e-05,0.42062299,141.17989,1203.2873,59.5,0,1.0471976,0,0,nan,nan,10859.225,-425.06082,-0.0032698985,-467.78697,4.6917928e-08,0.020561594,1.9239172e-06,0,0,0,0,0,0
50.1,2397.132,69.839821,-1197.3481,80.382151,1.9971539,118.76988,1.4164705e-07,-0.93646099,4.3195035e-06,-3.7567719e-07,0.014826326,-2.7130236e-07,-0.26179939,-1.8067132e-11,7.6208435e-05,1,-0.7854,-1.8115054e-11,7.620673e-05,1,0,0,0.062818638,-2.2527288e-05,0.4206864,141.2109,1197.3481,59.5,0,1.0471976,0,0,nan,nan,10870.361,-425.49801,-0.0032503696,-468.21042,4.6328949e-08,0.019078384,1.8571209e-06,0,0,0,0,0,0
50.15,2401.1537,69.939679,-1191.4103,80.487006,1.9971516,118.73857,1.4115929e-07,-0.93571963,4.2968215e-06,-3.7436517e-07,0.01482824,-2.7083502e-07,-0.26179939,-1.8150773e-11,7.6205344e-05,1,-0.7854,-1.819662e-11,7.6203589e-05,1,0,0,0.062815681,-2.2529088e-05,0.42074808,141.24132,1191.4103,59.5,0,1.0471976,0,0,nan,nan,10881.415,-425.93196,-0.0032310193,-468.63178,4.5754492e-08,0.017602748,1.7923642e-06,0,0,0,0,0,0
50.2,2405.1805,70.039537,-1185.4741,80.591543,1.9971494,118.70668,1.4067743e-07,-0.93497817,4.2742009e-06,-3.7306931e-07,0.014830001,-2.7037525e-07,-0.26179939,-1.8230753e-11,7.6202162e-05,1,-0.7854,-1.8274574e-11,7.6200355e-05,1,0,0,0.062812808,-2.2530883e-05,0.42080803,141.27116,1185.4741,59.5,0,1.0471976,0,0,nan,nan,10892.388,-426.36268,-0.0032118444,-469.05106,4.519433e-08,0.016132171,1.7296653e-06,0,0,0,0,0,0
50.25,2409.2126,70.139394,-1179.5396,80.695762,1.9971472,118.67421,1.4020134e-07,-0.93423663,4.2516408e-06,-3.7178923e-07,0.01483161,-2.6992284e-07,-0.26179939,-1.8307153e-11,7.6198886e-05,1,-0.7854,-1.8348986e-11,7.6197027e-05,1,0,0,0.062810017,-2.2532672e-05,0.42086626,141.30042,1179.5396,59.5,0,1.0471976,0,0,nan,nan,10903.279,-426.79016,-0.0031928422,-469.46827,4.4648001e-08,0.014665845,1.6690276e-06,0,0,0,0,0,0
50.3,2413.2499,70.239251,-1173.6067,80.799662,1.9971451,118.64117,1.3973087e-07,-0.93349502,4.2291405e-06,-3.7052452e-07,0.014833065,-2.6947756e-07,-0.26179939,-1.8380036e-11,7.6195517e-05,1,-0.7854,-1.8419917e-11,7.6193605e-05,1,0,0,0.062807309,-2.2534456e-05,0.42092278,141.3291,1173.6067,59.5,0,1.0471976,0,0,nan,nan,10914.088,-427.21442,-0.0031740095,-469.8834,4.4115452e-08,0.013204626,1.6104251e-06,0,0,0,0,0,0
50.35,2417.2924,70.339108,-1167.6754,80.903241,1.9971429,118.60757,1.3926587e-07,-0.93275333,4.2066992e-06,-3.692748e-07,0.014834369,-2.6903918e-07,-0.26179939,-1.8449465e-11,7.6192054e-05,1,-0.7854,-1.8487425e-11,7.6190088e-05,1,0,0,0.062804683,-2.2536235e-05,0.4209776,141.35722,1167.6754,59.5,0,1.0471976,0,0,nan,nan,10924.816,-427.63545,-0.0031553436,-470.29646,4.3596396e-08,0.011750353,1.5538119e-06,0,0,0,0,0,0
50.4,2421.34,70.438966,-1161.7458,81.0065,1.9971407,118.57339,1.3880621e-07,-0.93201158,4.1843164e-06,-3.6803969e-07,0.014835521,-2.6860751e-07,-0.26179939,-1.8515491e-11,7.6188494e-05,1,-0.7854,-1.8551561e-11,7.6186475e-05,1,0,0,0.062802139,-2.253801e-05,0.42103072,141.38476,1161.7458,59.5,0,1.0471976,0,0,nan,nan,10935.462,-428.05328,-0.0031368415,-470.70746,4.3090489e-08,0.010304925,1.4991266e-06,0,0,0,0,0,0
50.45,2425.3928,70.538823,-1155.818,81.109438,1.9971386,118.53866,1.3835174e-07,-0.93126978,4.1619912e-06,-3.6681881e-07,0.014836523,-2.6818234e-07,-0.26179939,-1.8578175e-11,7.6184839e-05,1,-0.7854,-1.8612391e-11,7.6182765e-05,1,0,0,0.062799676,-2.2539781e-05,0.42108215,141.41174,1155.818,59.5,0,1.0471976,0,0,nan,nan,10946.028,-428.4679,-0.0031185006,-471.1164,4.2597677e-08,0.0088695232,1.4463088e-06,0,0,0,0,0,0
50.5,2429.4507,70.638679,-1149.8919,81.212055,1.9971365,118.50337,1.3790233e-07,-0.93052794,4.1397231e-06,-3.656118e-07,0.014837376,-2.6776345e-07,-0.26179939,-1.8637583e-11,7.6181086e-05,1,-0.7854,-1.8669981e-11,7.6178958e-05,1,0,0,0.062797294,-2.2541548e-05,0.4211319,141.43815,1149.8919,59.5,0,1.0471976,0,0,nan,nan,10956.513,-428.87932,-0.003100318,-471.52329,4.2117501e-08,0.0074442587,1.3953113e-06,0,0,0,0,0,0
50.55,2433.5138,70.738536,-1143.9676,81.314349,1.9971343,118.46752,1.3745785e-07,-0.92978605,4.1175114e-06,-3.6441829e-07,0.014838081,-2.6735067e-07,-0.26179939,-1.8693779e-11,7.6177235e-05,1,-0.7854,-1.8724398e-11,7.6175052e-05,1,0,0,0.062794993,-2.2543312e-05,0.42117999,141.464,1143.9676,59.5,0,1.0471976,0,0,nan,nan,10966.917,-429.28754,-0.0030822909,-471.92812,4.1649966e-08,0.0060283029,1.3461024e-06,0,0,0,0,0,0
50.6,2437.582,70.838393,-1138.0451,81.41632,1.9971322,118.43112,1.3701817e-07,-0.92904413,4.0953556e-06,-3.6323794e-07,0.014838639,-2.6694379e-07,-0.26179939,-1.8746841e-11,7.6173285e-05,1,-0.7854,-1.8775725e-11,7.6171046e-05,1,0,0,0.062792771,-2.2545073e-05,0.4212264,141.48928,1138.0451,59.5,0,1.0471976,0,0,nan,nan,10977.24,-429.69258,-0.0030644168,-472.33092,4.1194554e-08,0.0046203531,1.298665e-06,0,0,0,0,0,0
50.65,2441.6552,70.938249,-1132.1244,81.517968,1.9971301,118.39418,1.3658317e-07,-0.92830219,4.0732549e-06,-3.620704e-07,0.01483905,-2.6654263e-07,-0.26179939,-1.8796838e-11,7.6169235e-05,1,-0.7854,-1.8824024e-11,7.6166941e-05,1,0,0,0.06279063,-2.2546832e-05,0.42127117,141.51401,1132.1244,59.5,0,1.0471976,0,0,nan,nan,10987.483,-430.09443,-0.0030466929,-472.73167,4.0751155e-08,0.0032191951,1.2529896e-06,0,0,0,0,0,0
50.7,2445.7335,71.038106,-1126.2056,81.619292,1.997128,118.35668,1.3615271e-07,-0.92756023,4.0512088e-06,-3.6091533e-07,0.014839316,-2.6614699e-07,-0.26179939,-1.8843834e-11,7.6165086e-05,1,-0.7854,-1.8869355e-11,7.6162735e-05,1,0,0,0.062788567,-2.2548588e-05,0.42131428,141.53819,1126.2056,59.5,0,1.0471976,0,0,nan,nan,10997.645,-430.49312,-0.0030291167,-473.1304,4.0319426e-08,0.0018241251,1.2090665e-06,0,0,0,0,0,0
50.75,2449.8169,71.137962,-1120.2887,81.720292,1.997126,118.31865,1.3572667e-07,-0.92681826,4.0292167e-06,-3.597724e-07,0.014839437,-2.6575669e-07,-0.26179939,-1.8887886e-11,7.6160835e-05,1,-0.7854,-1.8911776e-11,7.6158428e-05,1,0,0,0.062786584,-2.2550342e-05,0.42135576,141.56181,1120.2887,59.5,0,1.0471976,0,0,nan,nan,11007.728,-430.88863,-0.0030116856,-473.5271,3.989926e-08,0.00043509471,1.1668721e-06,0,0,0,0,0,0
50.8,2453.9054,71.237818,-1114.3737,81.820966,1.9971239,118.28008,1.3530494e-07,-0.92607629,4.0072781e-06,-3.5864129e-07,0.014839413,-2.6537154e-07,-0.26179939,-1.8929055e-11,7.6156483e-05,1,-0.7854,-1.8951343e-11,7.6154019e-05,1,0,0,0.06278468,-2.2552094e-05,0.4213956,141.58489,1114.3737,59.5,0,1.0471976,0,0,nan,nan,11017.731,-431.28099,-0.002994397,-473.92177,3.9490313e-08,-0.00094742555,1.126381e-06,0,0,0,0,0,0
50.85,2457.9988,71.337675,-1108.4606,81.921316,1.9971218,118.24097,1.348874e-07,-0.92533432,3.9853925e-06,-3.5752167e-07,0.014839245,-2.6499137e-07,-0.26179939,-1.8967393e-11,7.6152029e-05,1,-0.7854,-1.8988109e-11,7.6149507e-05,1,0,0,0.062782853,-2.2553845e-05,0.42143382,141.60741,1108.4606,59.5,0,1.0471976,0,0,nan,nan,11027.653,-431.67019,-0.0029772486,-474.31443,3.9092478e-08,-0.002322757,1.0875555e-06,0,0,0,0,0,0
50.9,2462.0973,71.437531,-1102.5495,82.021339,1.9971198,118.20133,1.3447394e-07,-0.92459237,3.9635593e-06,-3.5641325e-07,0.014838935,-2.6461598e-07,-0.26179939,-1.9002949e-11,7.6147472e-05,1,-0.7854,-1.9022122e-11,7.6144892e-05,1,0,0,0.062781105,-2.2555594e-05,0.42147043,141.62939,1102.5495,59.5,0,1.0471976,0,0,nan,nan,11037.497,-432.05624,-0.0029602378,-474.70507,3.8705473e-08,-0.0036903453,1.0503584e-06,0,0,0,0,0,0
50.95,2466.2008,71.537387,-1096.6404,82.121036,1.9971178,118.16117,1.3406443e-07,-0.92385043,3.941778e-06,-3.553157e-07,0.014838482,-2.6424522e-07,-0.26179939,-1.9035777e-11,7.6142811e-05,1,-0.7854,-1.9053438e-11,7.6140173e-05,1,0,0,0.062779433,-2.2557343e-05,0.42150543,141.65083,1096.6404,59.5,0,1.0471976,0,0,nan,nan,11047.261,-432.43915,-0.0029433623,-475.0937,3.832913e-08,-0.0050499809,1.014753e-06,0,0,0,0,0,0
51,2470.3092,71.637242,-1090.7333,82.220406,1.9971158,118.12047,1.3365877e-07,-0.92310852,3.9200482e-06,-3.5422873e-07,0.014837888,-2.6387891e-07,-0.26179939,-1.9065932e-11,7.6138047e-05,1,-0.7854,-1.908211e-11,7.613535e-05,1,0,0,0.062777839,-2.2559091e-05,0.42153883,141.67173,1090.7333,59.5,0,1.0471976,0,0,nan,nan,11056.945,-432.81893,-0.0029266197,-475.48033,3.7963167e-08,-0.006401843,9.8071041e-07,0,0,0,0,0,0
51.05,2474.4226,71.737098,-1084.8283,82.319448,1.9971137,118.07926,1.3325686e-07,-0.92236664,3.8983693e-06,-3.5315205e-07,0.014837153,-2.6351687e-07,-0.26179939,-1.9093467e-11,7.6133178e-05,1,-0.7854,-1.9108191e-11,7.6130423e-05,1,0,0,0.062776322,-2.2560839e-05,0.42157063,141.69209,1084.8283,59.5,0,1.0471976,0,0,nan,nan,11066.551,-433.19559,-0.0029100076,-475.86497,3.7607479e-08,-0.0077463838,9.4820709e-07,0,0,0,0,0,0
51.1,2478.5409,71.836954,-1078.9253,82.418163,1.9971117,118.03753,1.3285858e-07,-0.9216248,3.8767409e-06,-3.5208536e-07,0.014836279,-2.6315896e-07,-0.26179939,-1.9118436e-11,7.6128204e-05,1,-0.7854,-1.913174e-11,7.612539e-05,1,0,0,0.062774881,-2.2562587e-05,0.42160086,141.71191,1078.9253,59.5,0,1.0471976,0,0,nan,nan,11076.078,-433.56912,-0.0028935237,-476.24761,3.7261842e-08,-0.0090841277,9.172235e-07,0,0,0,0,0,0
51.15,2482.6642,71.936809,-1073.0245,82.51655,1.9971097,117.99528,1.3246383e-07,-0.92088301,3.8551626e-06,-3.5102838e-07,0.014835265,-2.62805e-07,-0.26179939,-1.9140897e-11,7.6123124e-05,1,-0.7854,-1.9152809e-11,7.6120252e-05,1,0,0,0.062773516,-2.2564335e-05,0.4216295,141.73121,1073.0245,59.5,0,1.0471976,0,0,nan,nan,11085.526,-433.93955,-0.0028771659,-476.62826,3.6925975e-08,-0.010415481,8.8774105e-07,0,0,0,0,0,0
51.2,2486.7924,72.036665,-1067.1257,82.614607,1.9971078,117.95252,1.3207251e-07,-0.92014128,3.833634e-06,-3.4998085e-07,0.014834113,-2.6245484e-07,-0.26179939,-1.9160898e-11,7.6117939e-05,1,-0.7854,-1.9171447e-11,7.6115007e-05,1,0,0,0.062772226,-2.2566083e-05,0.42165658,141.74997,1067.1257,59.5,0,1.0471976,0,0,nan,nan,11094.896,-434.30687,-0.0028609318,-477.00693,3.6599656e-08,-0.011740623,8.5974093e-07,0,0,0,0,0,0
51.25,2490.9255,72.13652,-1061.2291,82.712336,1.9971058,117.90925,1.3168452e-07,-0.9193996,3.8121545e-06,-3.4894248e-07,0.014832824,-2.6210831e-07,-0.26179939,-1.9178487e-11,7.6112648e-05,1,-0.7854,-1.9187697e-11,7.6109656e-05,1,0,0,0.062771012,-2.2567832e-05,0.4216821,141.7682,1061.2291,59.5,0,1.0471976,0,0,nan,nan,11104.187,-434.67109,-0.0028448192,-477.38362,3.6282779e-08,-0.013059506,8.3319961e-07,0,0,0,0,0,0
51.3,2495.0634,72.236375,-1055.3347,82.809735,1.9971038,117.86548,1.3129976e-07,-0.918658,3.7907239e-06,-3.4791301e-07,0.014831397,-2.6176527e-07,-0.26179939,-1.9193709e-11,7.610725e-05,1,-0.7854,-1.9201606e-11,7.6104198e-05,1,0,0,0.062769873,-2.2569581e-05,0.42170607,141.78591,1055.3347,59.5,0,1.0471976,0,0,nan,nan,11113.4,-435.03222,-0.0028288261,-477.75833,3.5975183e-08,-0.014371946,8.0809249e-07,0,0,0,0,0,0
51.35,2499.2062,72.336231,-1049.4425,82.906805,1.9971019,117.8212,1.3091813e-07,-0.91791646,3.7693417e-06,-3.4689218e-07,0.014829833,-2.6142556e-07,-0.26179939,-1.9206614e-11,7.6101744e-05,1,-0.7854,-1.9213225e-11,7.6098633e-05,1,0,0,0.062768807,-2.2571332e-05,0.42172849,141.8031,1049.4425,59.5,0,1.0471976,0,0,nan,nan,11122.536,-435.39027,-0.0028129502,-478.13108,3.5676587e-08,-0.015677744,7.8439063e-07,0,0,0,0,0,0
51.4,2503.3539,72.436086,-1043.5525,83.003544,1.9970999,117.77643,1.3053955e-07,-0.91717501,3.7480076e-06,-3.4587973e-07,0.014828134,-2.6108902e-07,-0.26179939,-1.9217242e-11,7.6096132e-05,1,-0.7854,-1.922259e-11,7.609296e-05,1,0,0,0.062767816,-2.2573084e-05,0.42174937,141.81977,1043.5525,59.5,0,1.0471976,0,0,nan,nan,11131.593,-435.74524,-0.0027971895,-478.50186,3.5386889e-08,-0.016976794,7.6206604e-07,0,0,0,0,0,0
51.45,2507.5064,72.535941,-1037.6648,83.099952,1.997098,117.73116,1.3016392e-07,-0.91643365,3.7267212e-06,-3.4487542e-07,0.0148263,-2.6075552e-07,-0.26179939,-1.9225639e-11,7.6090411e-05,1,-0.7854,-1.9229749e-11,7.6087179e-05,1,0,0,0.062766899,-2.2574838e-05,0.42176873,141.83592,1037.6648,59.5,0,1.0471976,0,0,nan,nan,11140.573,-436.09715,-0.0027815419,-478.87069,3.5105809e-08,-0.018269131,7.4109532e-07,0,0,0,0,0,0
51.5,2511.6637,72.635795,-1031.7793,83.196029,1.9970961,117.6854,1.2979115e-07,-0.91569238,3.7054821e-06,-3.4387901e-07,0.014824331,-2.6042492e-07,-0.26179939,-1.9231847e-11,7.6084582e-05,1,-0.7854,-1.9234744e-11,7.6081289e-05,1,0,0,0.062766055,-2.2576594e-05,0.42178656,141.85156,1031.7793,59.5,0,1.0471976,0,0,nan,nan,11149.476,-436.44599,-0.0027660054,-479.23756,3.4833304e-08,-0.019554918,7.2145465e-07,0,0,0,0,0,0
51.55,2515.8258,72.73565,-1025.8962,83.291775,1.9970942,117.63915,1.2942115e-07,-0.91495121,3.68429e-06,-3.4289024e-07,0.014822229,-2.6009706e-07,-0.26179939,-1.9235915e-11,7.6078645e-05,1,-0.7854,-1.9237626e-11,7.6075292e-05,1,0,0,0.062765284,-2.2578351e-05,0.42180289,141.86668,1025.8962,59.5,0,1.0471976,0,0,nan,nan,11158.301,-436.79179,-0.0027505779,-479.60248,3.4569095e-08,-0.020834378,7.0312329e-07,0,0,0,0,0,0
51.6,2519.9927,72.835505,-1020.0153,83.387189,1.9970923,117.59241,1.2905383e-07,-0.91421015,3.6631447e-06,-3.4190888e-07,0.014819993,-2.5977181e-07,-0.26179939,-1.9237887e-11,7.60726e-05,1,-0.7854,-1.9238433e-11,7.6069185e-05,1,0,0,0.062764585,-2.258011e-05,0.4218177,141.88129,1020.0153,59.5,0,1.0471976,0,0,nan,nan,11167.049,-437.13453,-0.0027352575,-479.96545,3.4313023e-08,-0.022107722,6.8608098e-07,0,0,0,0,0,0
51.65,2524.1643,72.935359,-1014.1368,83.482271,1.9970904,117.54519,1.2868912e-07,-0.91346921,3.6420457e-06,-3.4093471e-07,0.014817626,-2.5944904e-07,-0.26179939,-1.9237802e-11,7.6066445e-05,1,-0.7854,-1.9237209e-11,7.6062969e-05,1,0,0,0.062763959,-2.2581872e-05,0.42183102,141.8954,1014.1368,59.5,0,1.0471976,0,0,nan,nan,11175.721,-437.47425,-0.0027200423,-480.32649,3.4064927e-08,-0.023375092,6.703099e-07,0,0,0,0,0,0
51.7,2528.3407,73.035214,-1008.2607,83.577021,1.9970885,117.49749,1.2832692e-07,-0.91272839,3.6209928e-06,-3.3996751e-07,0.014815126,-2.591286e-07,-0.26179939,-1.9235702e-11,7.6060181e-05,1,-0.7854,-1.9233991e-11,7.6056644e-05,1,0,0,0.062763404,-2.2583637e-05,0.42184285,141.909,1008.2607,59.5,0,1.0471976,0,0,nan,nan,11184.316,-437.81093,-0.0027049304,-480.68559,3.3824707e-08,-0.024636542,6.5578776e-07,0,0,0,0,0,0
51.75,2532.5218,73.135068,-1002.387,83.671437,1.9970866,117.44932,1.2796716e-07,-0.9119877,3.5999857e-06,-3.3900704e-07,0.014812495,-2.5881037e-07,-0.26179939,-1.9231626e-11,7.6053808e-05,1,-0.7854,-1.9228817e-11,7.605021e-05,1,0,0,0.062762921,-2.2585404e-05,0.42185319,141.92209,1002.387,59.5,0,1.0471976,0,0,nan,nan,11192.835,-438.14459,-0.0026899198,-481.04276,3.3592147e-08,-0.025892058,6.4249416e-07,0,0,0,0,0,0
51.8,2536.7077,73.234923,-996.5157,83.765521,1.9970848,117.40067,1.2760975e-07,-0.91124714,3.5790242e-06,-3.3805309e-07,0.014809734,-2.5849422e-07,-0.26179939,-1.9225611e-11,7.6047325e-05,1,-0.7854,-1.9221729e-11,7.6043666e-05,1,0,0,0.062762509,-2.2587174e-05,0.42186206,141.93469,996.5157,59.5,0,1.0471976,0,0,nan,nan,11201.277,-438.47523,-0.0026750087,-481.39801,3.3366967e-08,-0.027141599,6.3040726e-07,0,0,0,0,0,0
51.85,2540.8982,73.334777,-990.64684,83.859271,1.9970829,117.35155,1.2725462e-07,-0.91050672,3.5581079e-06,-3.3710546e-07,0.014806843,-2.5818002e-07,-0.26179939,-1.9217698e-11,7.6040733e-05,1,-0.7854,-1.9212764e-11,7.6037011e-05,1,0,0,0.062762167,-2.2588947e-05,0.42186946,141.94679,990.64684,59.5,0,1.0471976,0,0,nan,nan,11209.643,-438.80287,-0.0026601952,-481.75133,3.3149189e-08,-0.028385142,6.195043e-07,0,0,0,0,0,0
51.9,2545.0934,73.434631,-984.78045,83.952688,1.9970811,117.30197,1.269017e-07,-0.90976645,3.5372365e-06,-3.3616394e-07,0.014803822,-2.5786764e-07,-0.26179939,-1.9207926e-11,7.603403e-05,1,-0.7854,-1.920196e-11,7.6030247e-05,1,0,0,0.062761896,-2.2590724e-05,0.4218754,141.95839,984.78045,59.5,0,1.0471976,0,0,nan,nan,11217.934,-439.12751,-0.0026454777,-482.10274,3.2938715e-08,-0.029622708,6.0976358e-07,0,0,0,0,0,0
51.95,2549.2933,73.534485,-978.91655,84.045771,1.9970792,117.25192,1.265509e-07,-0.90902633,3.51641e-06,-3.3522831e-07,0.014800673,-2.5755697e-07,-0.26179939,-1.9196331e-11,7.6027218e-05,1,-0.7854,-1.9189354e-11,7.6023373e-05,1,0,0,0.062761695,-2.2592504e-05,0.42187989,141.9695,978.91655,59.5,0,1.0471976,0,0,nan,nan,11226.149,-439.44916,-0.0026308543,-482.45223,3.2735089e-08,-0.03085437,6.0116463e-07,0,0,0,0,0,0
52,2553.4978,73.634339,-973.05517,84.138519,1.9970774,117.20142,1.2620216e-07,-0.90828638,3.495628e-06,-3.3429839e-07,0.014797395,-2.5724787e-07,-0.26179939,-1.9182949e-11,7.6020295e-05,1,-0.7854,-1.9174982e-11,7.6016389e-05,1,0,0,0.062761564,-2.2594287e-05,0.42188294,141.98012,973.05517,59.5,0,1.0471976,0,0,nan,nan,11234.288,-439.76783,-0.0026163232,-482.79982,3.2538454e-08,-0.032080235,5.936882e-07,0,0,0,0,0,0
52.05,2557.7069,73.734193,-967.19632,84.230933,1.9970756,117.15045,1.2585541e-07,-0.90754659,3.4748902e-06,-3.3337398e-07,0.014793991,-2.5694024e-07,-0.26179939,-1.9167817e-11,7.6013262e-05,1,-0.7854,-1.9158879e-11,7.6009294e-05,1,0,0,0.062761501,-2.2596074e-05,0.42188455,141.99025,967.19632,59.5,0,1.0471976,0,0,nan,nan,11242.353,-440.08352,-0.0026018829,-483.14551,3.2348592e-08,-0.033300415,5.8731499e-07,0,0,0,0,0,0
52.1,2561.9207,73.834046,-961.34003,84.323012,1.9970738,117.09904,1.2551057e-07,-0.90680697,3.4541966e-06,-3.324549e-07,0.014790459,-2.5663396e-07,-0.26179939,-1.9150969e-11,7.6006118e-05,1,-0.7854,-1.9141077e-11,7.6002088e-05,1,0,0,0.062761508,-2.2597866e-05,0.42188472,141.9999,961.34003,59.5,0,1.0471976,0,0,nan,nan,11250.342,-440.39625,-0.0025875314,-483.4893,3.216523e-08,-0.034515006,5.8202691e-07,0,0,0,0,0,0
52.15,2566.139,73.9339,-955.48632,84.414757,1.997072,117.04717,1.2516757e-07,-0.90606754,3.4335469e-06,-3.3154094e-07,0.014786801,-2.5632891e-07,-0.26179939,-1.9132439e-11,7.5998865e-05,1,-0.7854,-1.9121617e-11,7.5994773e-05,1,0,0,0.062761583,-2.2599661e-05,0.42188348,142.00906,955.48632,59.5,0,1.0471976,0,0,nan,nan,11258.257,-440.70602,-0.0025732673,-483.8312,3.1988331e-08,-0.035724073,5.7780575e-07,0,0,0,0,0,0
52.2,2570.362,74.033753,-949.63522,84.506166,1.9970702,116.99485,1.2482635e-07,-0.90532829,3.4129408e-06,-3.3063194e-07,0.014783017,-2.5602498e-07,-0.26179939,-1.9112263e-11,7.59915e-05,1,-0.7854,-1.9100528e-11,7.5987346e-05,1,0,0,0.062761726,-2.260146e-05,0.42188082,142.01774,949.63522,59.5,0,1.0471976,0,0,nan,nan,11266.096,-441.01284,-0.0025590889,-484.1712,3.181774e-08,-0.036927648,5.746315e-07,0,0,0,0,0,0
52.25,2574.5895,74.133607,-943.78674,84.597239,1.9970684,116.94209,1.2448685e-07,-0.90458923,3.3923783e-06,-3.2972771e-07,0.014779108,-2.5572206e-07,-0.26179939,-1.9090474e-11,7.5984025e-05,1,-0.7854,-1.9077845e-11,7.5979809e-05,1,0,0,0.062761937,-2.2603264e-05,0.42187676,142.02594,943.78674,59.5,0,1.0471976,0,0,nan,nan,11273.862,-441.31671,-0.0025449945,-484.50933,3.1653302e-08,-0.038125751,5.7248567e-07,0,0,0,0,0,0
52.3,2578.8215,74.23346,-937.94091,84.687977,1.9970666,116.88889,1.2414899e-07,-0.90385037,3.3718591e-06,-3.2882809e-07,0.014775074,-2.5542004e-07,-0.26179939,-1.9067105e-11,7.5976439e-05,1,-0.7854,-1.9053599e-11,7.5972161e-05,1,0,0,0.062762216,-2.2605072e-05,0.4218713,142.03366,937.94091,59.5,0,1.0471976,0,0,nan,nan,11281.553,-441.61766,-0.0025309825,-484.84558,3.1494983e-08,-0.039318396,5.7134935e-07,0,0,0,0,0,0
52.35,2583.0581,74.333314,-932.09775,84.778379,1.9970648,116.83525,1.2381273e-07,-0.90311172,3.3513831e-06,-3.279329e-07,0.014770916,-2.5511881e-07,-0.26179939,-1.9042186e-11,7.5968743e-05,1,-0.7854,-1.902782e-11,7.5964403e-05,1,0,0,0.062762562,-2.2606885e-05,0.42186444,142.04092,932.09775,59.5,0,1.0471976,0,0,nan,nan,11289.171,-441.91568,-0.0025170515,-485.17995,3.134251e-08,-0.040505615,5.712046e-07,0,0,0,0,0,0
52.4,2587.2992,74.433167,-926.25728,84.868445,1.9970631,116.78117,1.2347799e-07,-0.90237327,3.3309501e-06,-3.2704197e-07,0.014766635,-2.5481829e-07,-0.26179939,-1.9015749e-11,7.5960936e-05,1,-0.7854,-1.9000541e-11,7.5956534e-05,1,0,0,0.062762974,-2.2608703e-05,0.4218562,142.0477,926.25728,59.5,0,1.0471976,0,0,nan,nan,11296.715,-442.21078,-0.0025031999,-485.51245,3.119573e-08,-0.041687454,5.720319e-07,0,0,0,0,0,0
52.45,2591.5447,74.53302,-920.41953,84.958175,1.9970613,116.72667,1.2314471e-07,-0.90163505,3.3105599e-06,-3.2615514e-07,0.014762231,-2.5451835e-07,-0.26179939,-1.8987825e-11,7.5953018e-05,1,-0.7854,-1.8971793e-11,7.5948555e-05,1,0,0,0.062763453,-2.2610525e-05,0.42184658,142.05401,920.41953,59.5,0,1.0471976,0,0,nan,nan,11304.185,-442.50297,-0.0024894261,-485.84309,3.1054788e-08,-0.042863975,5.7381405e-07,0,0,0,0,0,0
52.5,2595.7948,74.632873,-914.58451,85.047568,1.9970596,116.67173,1.2281285e-07,-0.90089704,3.2902125e-06,-3.2527226e-07,0.014757705,-2.542189e-07,-0.26179939,-1.8958446e-11,7.594499e-05,1,-0.7854,-1.8941607e-11,7.5940464e-05,1,0,0,0.062763997,-2.2612353e-05,0.4218356,142.05985,914.58451,59.5,0,1.0471976,0,0,nan,nan,11311.581,-442.79227,-0.0024757287,-486.17186,3.0919174e-08,-0.044035248,5.7653422e-07,0,0,0,0,0,0
52.55,2600.0493,74.732726,-908.75225,85.136624,1.9970579,116.61637,1.2248233e-07,-0.90015927,3.2699076e-06,-3.2439316e-07,0.014753057,-2.5391984e-07,-0.26179939,-1.8927641e-11,7.5936851e-05,1,-0.7854,-1.8910012e-11,7.5932264e-05,1,0,0,0.062764608,-2.2614185e-05,0.42182325,142.06523,908.75225,59.5,0,1.0471976,0,0,nan,nan,11318.905,-443.07867,-0.0024621062,-486.49878,3.0789034e-08,-0.045201337,5.8017388e-07,0,0,0,0,0,0
52.6,2604.3083,74.832579,-902.92277,85.225344,1.9970561,116.56059,1.2215311e-07,-0.89942173,3.2496453e-06,-3.235177e-07,0.014748287,-2.5362108e-07,-0.26179939,-1.8895438e-11,7.5928602e-05,1,-0.7854,-1.8877033e-11,7.5923953e-05,1,0,0,0.062765283,-2.2616023e-05,0.42180954,142.07015,902.92277,59.5,0,1.0471976,0,0,nan,nan,11326.156,-443.36219,-0.0024485571,-486.82385,3.0664157e-08,-0.046362297,5.8471769e-07,0,0,0,0,0,0
52.65,2608.5717,74.932431,-897.09609,85.313727,1.9970544,116.50438,1.2182513e-07,-0.89868443,3.2294253e-06,-3.2264573e-07,0.014743397,-2.5332252e-07,-0.26179939,-1.8861867e-11,7.5920242e-05,1,-0.7854,-1.8842704e-11,7.5915531e-05,1,0,0,0.062766024,-2.2617866e-05,0.42179449,142.07461,897.09609,59.5,0,1.0471976,0,0,nan,nan,11333.334,-443.64283,-0.0024350801,-487.14707,3.0544453e-08,-0.047518171,5.9014756e-07,0,0,0,0,0,0
52.7,2612.8395,75.032284,-891.27223,85.401772,1.9970527,116.44776,1.2149834e-07,-0.89794738,3.2092475e-06,-3.2177709e-07,0.014738386,-2.5302407e-07,-0.26179939,-1.8826956e-11,7.5911772e-05,1,-0.7854,-1.880705e-11,7.5906999e-05,1,0,0,0.062766829,-2.2619715e-05,0.4217781,142.07861,891.27223,59.5,0,1.0471976,0,0,nan,nan,11340.44,-443.92061,-0.0024216738,-487.46845,3.0429709e-08,-0.048668993,5.9644801e-07,0,0,0,0,0,0
52.75,2617.1117,75.132137,-885.45121,85.489481,1.997051,116.39073,1.2117269e-07,-0.89721059,3.1891119e-06,-3.2091166e-07,0.014733256,-2.5272564e-07,-0.26179939,-1.8790734e-11,7.5903192e-05,1,-0.7854,-1.8770101e-11,7.5898357e-05,1,0,0,0.062767698,-2.2621569e-05,0.42176037,142.08215,885.45121,59.5,0,1.0471976,0,0,nan,nan,11347.473,-444.19553,-0.0024083367,-487.788,3.0319897e-08,-0.049814794,6.0360146e-07,0,0,0,0,0,0
52.8,2621.3882,75.231989,-879.63305,85.576852,1.9970493,116.33329,1.2084811e-07,-0.89647405,3.1690184e-06,-3.200493e-07,0.014728007,-2.5242714e-07,-0.26179939,-1.8753227e-11,7.5894501e-05,1,-0.7854,-1.8731883e-11,7.5889605e-05,1,0,0,0.062768632,-2.2623428e-05,0.42174132,142.08524,879.63305,59.5,0,1.0471976,0,0,nan,nan,11354.434,-444.4676,-0.0023950676,-488.10571,3.0214926e-08,-0.050955608,6.1159052e-07,0,0,0,0,0,0
52.85,2625.6692,75.331842,-873.81777,85.663886,1.9970476,116.27544,1.2052458e-07,-0.89573778,3.1489668e-06,-3.1918985e-07,0.014722638,-2.5212848e-07,-0.26179939,-1.8714463e-11,7.5885701e-05,1,-0.7854,-1.8692421e-11,7.5880743e-05,1,0,0,0.062769629,-2.2625294e-05,0.42172096,142.08789,873.81777,59.5,0,1.0471976,0,0,nan,nan,11361.324,-444.73683,-0.002381865,-488.42159,3.0114586e-08,-0.052091473,6.2040122e-07,0,0,0,0,0,0
52.9,2629.9544,75.431694,-868.00539,85.750582,1.997046,116.21718,1.2020203e-07,-0.89500178,3.1289571e-06,-3.1833321e-07,0.014717152,-2.5182958e-07,-0.26179939,-1.8674467e-11,7.5876791e-05,1,-0.7854,-1.8651744e-11,7.5871772e-05,1,0,0,0.062770689,-2.2627165e-05,0.42169928,142.09008,868.00539,59.5,0,1.0471976,0,0,nan,nan,11368.142,-445.00323,-0.0023687278,-488.73564,3.001885e-08,-0.053222436,6.3001557e-07,0,0,0,0,0,0
52.95,2634.244,75.531546,-862.19594,85.83694,1.9970443,116.15853,1.1988042e-07,-0.89426605,3.1089892e-06,-3.1747923e-07,0.014711548,-2.5153035e-07,-0.26179939,-1.8633266e-11,7.5867771e-05,1,-0.7854,-1.8609875e-11,7.586269e-05,1,0,0,0.062771811,-2.2629043e-05,0.42167629,142.09183,862.19594,59.5,0,1.0471976,0,0,nan,nan,11374.888,-445.2668,-0.0023556546,-489.04788,2.9927628e-08,-0.054348544,6.4041824e-07,0,0,0,0,0,0
53,2638.538,75.631398,-856.38943,85.92296,1.9970426,116.09947,1.195597e-07,-0.89353061,3.0890631e-06,-3.1662779e-07,0.014705827,-2.5123071e-07,-0.26179939,-1.8590886e-11,7.5858641e-05,1,-0.7854,-1.8566841e-11,7.5853499e-05,1,0,0,0.062772997,-2.2630926e-05,0.42165201,142.09313,856.38943,59.5,0,1.0471976,0,0,nan,nan,11381.563,-445.52757,-0.0023426441,-489.3583,2.9840772e-08,-0.055469845,6.5159426e-07,0,0,0,0,0,0
53.05,2642.8362,75.731251,-850.58588,86.008643,1.997041,116.04002,1.1923984e-07,-0.89279546,3.0691787e-06,-3.1577876e-07,0.01469999,-2.5093058e-07,-0.26179939,-1.8547352e-11,7.5849402e-05,1,-0.7854,-1.8522666e-11,7.5844199e-05,1,0,0,0.062774244,-2.2632815e-05,0.42162644,142.094,850.58588,59.5,0,1.0471976,0,0,nan,nan,11388.168,-445.78552,-0.0023296951,-489.66691,2.9758073e-08,-0.056586384,6.6352791e-07,0,0,0,0,0,0
53.1,2647.1386,75.831103,-844.78532,86.093987,1.9970393,115.98018,1.1892077e-07,-0.8920606,3.0493359e-06,-3.1493204e-07,0.014694036,-2.5062989e-07,-0.26179939,-1.8502685e-11,7.5840054e-05,1,-0.7854,-1.8477371e-11,7.583479e-05,1,0,0,0.062775554,-2.2634711e-05,0.42159959,142.09442,844.78532,59.5,0,1.0471976,0,0,nan,nan,11394.701,-446.04068,-0.0023168063,-489.97371,2.9679627e-08,-0.0576982,6.7620439e-07,0,0,0,0,0,0
53.15,2651.4454,75.930955,-838.98775,86.178994,1.9970377,115.91995,1.1860247e-07,-0.89132605,3.0295347e-06,-3.1408749e-07,0.014687967,-2.5032855e-07,-0.26179939,-1.8456912e-11,7.5830597e-05,1,-0.7854,-1.8430986e-11,7.5825272e-05,1,0,0,0.062776924,-2.2636613e-05,0.42157146,142.09441,838.98775,59.5,0,1.0471976,0,0,nan,nan,11401.165,-446.29306,-0.0023039767,-490.27872,2.9605164e-08,-0.05880533,6.8960748e-07,0,0,0,0,0,0
53.2,2655.7564,76.030806,-833.19321,86.263662,1.9970361,115.85933,1.1828489e-07,-0.8905918,3.0097751e-06,-3.1324502e-07,0.014681782,-2.5002649e-07,-0.26179939,-1.8410056e-11,7.5821031e-05,1,-0.7854,-1.838353e-11,7.5815645e-05,1,0,0,0.062778356,-2.2638521e-05,0.42154207,142.09397,833.19321,59.5,0,1.0471976,0,0,nan,nan,11407.558,-446.54265,-0.0022912049,-490.58192,2.9534659e-08,-0.059907806,7.0372379e-07,0,0,0,0,0,0
53.25,2660.0716,76.130658,-827.4017,86.347992,1.9970345,115.79833,1.1796799e-07,-0.88985786,2.990057e-06,-3.1240449e-07,0.014675483,-2.4972364e-07,-0.26179939,-1.8362144e-11,7.5811356e-05,1,-0.7854,-1.8335034e-11,7.5805909e-05,1,0,0,0.062779849,-2.2640436e-05,0.42151141,142.09309,827.4017,59.5,0,1.0471976,0,0,nan,nan,11413.88,-446.78947,-0.0022784898,-490.88333,2.9467966e-08,-0.061005662,7.1853803e-07,0,0,0,0,0,0
53.3,2664.391,76.23051,-821.61326,86.431984,1.9970329,115.73695,1.1765173e-07,-0.88912424,2.9703804e-06,-3.1156582e-07,0.014669069,-2.4941992e-07,-0.26179939,-1.8313198e-11,7.5801573e-05,1,-0.7854,-1.8285513e-11,7.5796066e-05,1,0,0,0.062781402,-2.2642357e-05,0.42147951,142.09178,821.61326,59.5,0,1.0471976,0,0,nan,nan,11420.133,-447.03354,-0.0022658303,-491.18296,2.9405119e-08,-0.062098933,7.3403546e-07,0,0,0,0,0,0
53.35,2668.7146,76.330361,-815.82789,86.515638,1.9970312,115.6752,1.1733607e-07,-0.88839094,2.9507453e-06,-3.1072889e-07,0.014662542,-2.4911527e-07,-0.26179939,-1.8263238e-11,7.5791682e-05,1,-0.7854,-1.8234991e-11,7.5786114e-05,1,0,0,0.062783015,-2.2644284e-05,0.42144635,142.09005,815.82789,59.5,0,1.0471976,0,0,nan,nan,11426.317,-447.27485,-0.0022532253,-491.4808,2.9345853e-08,-0.063187656,7.5020131e-07,0,0,0,0,0,0
53.4,2673.0424,76.430213,-810.04562,86.598953,1.9970297,115.61307,1.1702097e-07,-0.88765797,2.9311516e-06,-3.098936e-07,0.014655902,-2.4880961e-07,-0.26179939,-1.8212286e-11,7.5781683e-05,1,-0.7854,-1.8183489e-11,7.5776055e-05,1,0,0,0.062784688,-2.2646219e-05,0.42141195,142.08789,810.04562,59.5,0,1.0471976,0,0,nan,nan,11432.431,-447.51342,-0.0022406736,-491.77686,2.9290082e-08,-0.064271867,7.6702228e-07,0,0,0,0,0,0
53.45,2677.3743,76.530064,-804.26646,86.68193,1.9970281,115.55056,1.167064e-07,-0.88692534,2.9115994e-06,-3.0905984e-07,0.014649148,-2.4850288e-07,-0.26179939,-1.8160365e-11,7.5771576e-05,1,-0.7854,-1.8131034e-11,7.5765888e-05,1,0,0,0.06278642,-2.2648159e-05,0.42137633,142.08531,804.26646,59.5,0,1.0471976,0,0,nan,nan,11438.476,-447.74925,-0.0022281742,-492.07114,2.9237905e-08,-0.065351605,7.844834e-07,0,0,0,0,0,0
53.5,2681.7104,76.629916,-798.49044,86.764569,1.9970265,115.48769,1.1639232e-07,-0.88619304,2.8920886e-06,-3.0822753e-07,0.014642283,-2.4819501e-07,-0.26179939,-1.8107499e-11,7.5761362e-05,1,-0.7854,-1.8077642e-11,7.5755614e-05,1,0,0,0.062788212,-2.2650107e-05,0.42133947,142.0823,798.49044,59.5,0,1.0471976,0,0,nan,nan,11444.452,-447.98236,-0.002215726,-492.36366,2.9189116e-08,-0.066426906,8.0257041e-07,0,0,0,0,0,0
53.55,2686.0506,76.729767,-792.71758,86.846869,1.9970249,115.42446,1.160787e-07,-0.8854611,2.8726193e-06,-3.0739656e-07,0.014635305,-2.4788593e-07,-0.26179939,-1.8053705e-11,7.5751041e-05,1,-0.7854,-1.8023334e-11,7.5745233e-05,1,0,0,0.062790062,-2.2652061e-05,0.4213014,142.07888,792.71758,59.5,0,1.0471976,0,0,nan,nan,11450.359,-448.21275,-0.002203328,-492.6544,2.9143571e-08,-0.067497805,8.2127146e-07,0,0,0,0,0,0
53.6,2690.3949,76.829618,-786.94788,86.928831,1.9970234,115.36086,1.157655e-07,-0.8847295,2.8531914e-06,-3.0656685e-07,0.014628217,-2.4757559e-07,-0.26179939,-1.7999005e-11,7.5740613e-05,1,-0.7854,-1.7968133e-11,7.5734745e-05,1,0,0,0.062791971,-2.2654023e-05,0.42126212,142.07505,786.94788,59.5,0,1.0471976,0,0,nan,nan,11456.198,-448.44044,-0.002190979,-492.94339,2.9101248e-08,-0.068564334,8.4057189e-07,0,0,0,0,0,0
53.65,2694.7433,76.929469,-781.18137,87.010455,1.9970218,115.2969,1.1545269e-07,-0.88399826,2.8338049e-06,-3.0573829e-07,0.014621017,-2.4726393e-07,-0.26179939,-1.7943422e-11,7.5730079e-05,1,-0.7854,-1.7912061e-11,7.5724151e-05,1,0,0,0.062793937,-2.2655991e-05,0.42122163,142.0708,781.18137,59.5,0,1.0471976,0,0,nan,nan,11461.969,-448.66542,-0.0021786782,-493.23062,2.9062003e-08,-0.069626525,8.6045786e-07,0,0,0,0,0,0
53.7,2699.0958,77.02932,-775.41806,87.09174,1.9970202,115.23259,1.1514024e-07,-0.88326739,2.8144599e-06,-3.0491082e-07,0.014613707,-2.4695087e-07,-0.26179939,-1.7886974e-11,7.5719438e-05,1,-0.7854,-1.7855134e-11,7.5713451e-05,1,0,0,0.062795962,-2.2657966e-05,0.42117995,142.06613,775.41806,59.5,0,1.0471976,0,0,nan,nan,11467.671,-448.88772,-0.0021664244,-493.51609,2.9025815e-08,-0.070684407,8.8091668e-07,0,0,0,0,0,0
53.75,2703.4523,77.129171,-769.65799,87.172687,1.9970187,115.16792,1.1482812e-07,-0.88253688,2.7951565e-06,-3.0408433e-07,0.014606286,-2.4663637e-07,-0.26179939,-1.782968e-11,7.5708691e-05,1,-0.7854,-1.7797373e-11,7.5702645e-05,1,0,0,0.062798044,-2.2659948e-05,0.42113707,142.06106,769.65799,59.5,0,1.0471976,0,0,nan,nan,11473.306,-449.10734,-0.0021542168,-493.79982,2.8992602e-08,-0.071738012,9.0193404e-07,0,0,0,0,0,0
53.8,2707.8129,77.229022,-763.90115,87.253296,1.9970172,115.1029,1.1451629e-07,-0.88180675,2.7758945e-06,-3.0325875e-07,0.014598756,-2.4632036e-07,-0.26179939,-1.7771561e-11,7.5697839e-05,1,-0.7854,-1.7738796e-11,7.5691734e-05,1,0,0,0.062800182,-2.2661937e-05,0.42109301,142.05558,763.90115,59.5,0,1.0471976,0,0,nan,nan,11478.874,-449.32429,-0.0021420544,-494.0818,2.8962222e-08,-0.072787371,9.2350004e-07,0,0,0,0,0,0
53.85,2712.1775,77.328873,-758.14757,87.333566,1.9970156,115.03753,1.1420473e-07,-0.88107699,2.7566741e-06,-3.02434e-07,0.014591117,-2.460028e-07,-0.26179939,-1.7712636e-11,7.5686882e-05,1,-0.7854,-1.7679425e-11,7.5680717e-05,1,0,0,0.062802378,-2.2663933e-05,0.42104777,142.0497,758.14757,59.5,0,1.0471976,0,0,nan,nan,11484.374,-449.53858,-0.0021299362,-494.36204,2.8934654e-08,-0.073832514,9.4559849e-07,0,0,0,0,0,0
53.9,2716.5461,77.428724,-752.39727,87.413498,1.9970141,114.97182,1.1389341e-07,-0.88034762,2.7374952e-06,-3.0161e-07,0.014583369,-2.4568361e-07,-0.26179939,-1.7652924e-11,7.5675819e-05,1,-0.7854,-1.7619278e-11,7.5669596e-05,1,0,0,0.06280463,-2.2665937e-05,0.42100137,142.04341,752.39727,59.5,0,1.0471976,0,0,nan,nan,11489.807,-449.75021,-0.0021178613,-494.64055,2.8909758e-08,-0.074873472,9.6821811e-07,0,0,0,0,0,0
53.95,2720.9187,77.528575,-746.65026,87.493092,1.9970126,114.90576,1.135823e-07,-0.87961864,2.7183579e-06,-3.0078667e-07,0.014575513,-2.4536277e-07,-0.26179939,-1.7592445e-11,7.5664652e-05,1,-0.7854,-1.7558373e-11,7.5658371e-05,1,0,0,0.062806938,-2.2667947e-05,0.4209538,142.03672,746.65026,59.5,0,1.0471976,0,0,nan,nan,11495.173,-449.95921,-0.0021058288,-494.91732,2.8887574e-08,-0.075910276,9.913475e-07,0,0,0,0,0,0
54,2725.2952,77.628425,-740.90657,87.572348,1.9970111,114.83937,1.1327137e-07,-0.87889005,2.6992623e-06,-2.9996394e-07,0.014567549,-2.450402e-07,-0.26179939,-1.7531216e-11,7.5653381e-05,1,-0.7854,-1.7496729e-11,7.5647041e-05,1,0,0,0.062809302,-2.2669965e-05,0.42090507,142.02964,740.90657,59.5,0,1.0471976,0,0,nan,nan,11500.472,-450.16557,-0.0020938378,-495.19237,2.8867841e-08,-0.076942955,1.0149715e-06,0,0,0,0,0,0
54.05,2729.6757,77.728276,-735.1662,87.651265,1.9970096,114.77264,1.129606e-07,-0.87816187,2.6802084e-06,-2.9914173e-07,0.014559478,-2.4471586e-07,-0.26179939,-1.7469254e-11,7.5642006e-05,1,-0.7854,-1.7434362e-11,7.5635608e-05,1,0,0,0.062811721,-2.2671989e-05,0.4208552,142.02216,735.1662,59.5,0,1.0471976,0,0,nan,nan,11505.705,-450.3693,-0.0020818875,-495.4657,2.8850721e-08,-0.077971537,1.0390807e-06,0,0,0,0,0,0
54.1,2734.0602,77.828126,-729.42918,87.729845,1.9970081,114.70558,1.1264996e-07,-0.87743409,2.6611962e-06,-2.9831998e-07,0.0145513,-2.443897e-07,-0.26179939,-1.7406578e-11,7.5630528e-05,1,-0.7854,-1.737129e-11,7.5624072e-05,1,0,0,0.062814196,-2.2674022e-05,0.42080418,142.01428,729.42918,59.5,0,1.0471976,0,0,nan,nan,11510.873,-450.57042,-0.0020699769,-495.7373,2.8835893e-08,-0.07899605,1.0636609e-06,0,0,0,0,0,0
54.15,2738.4486,77.927976,-723.69551,87.808087,1.9970067,114.63818,1.1233943e-07,-0.87670673,2.6422258e-06,-2.9749862e-07,0.014543015,-2.4406168e-07,-0.26179939,-1.7343205e-11,7.5618946e-05,1,-0.7854,-1.7307532e-11,7.5612433e-05,1,0,0,0.062816725,-2.2676061e-05,0.42075202,142.00601,723.69551,59.5,0,1.0471976,0,0,nan,nan,11515.974,-450.76894,-0.0020581052,-496.00719,2.8823461e-08,-0.08001652,1.0887018e-06,0,0,0,0,0,0
54.2,2742.8408,78.027827,-717.96523,87.885991,1.9970052,114.57046,1.1202899e-07,-0.87597978,2.6232972e-06,-2.9667758e-07,0.014534623,-2.4373174e-07,-0.26179939,-1.7279152e-11,7.5607262e-05,1,-0.7854,-1.7243102e-11,7.5600691e-05,1,0,0,0.062819309,-2.2678108e-05,0.42069874,141.99736,717.96523,59.5,0,1.0471976,0,0,nan,nan,11521.009,-450.96486,-0.0020462716,-496.27538,2.8813223e-08,-0.081032975,1.1141897e-06,0,0,0,0,0,0
54.25,2747.237,78.127677,-712.23834,87.963557,1.9970037,114.50241,1.1171861e-07,-0.87525325,2.6044106e-06,-2.9585681e-07,0.014526127,-2.4339984e-07,-0.26179939,-1.7214435e-11,7.5595475e-05,1,-0.7854,-1.7178018e-11,7.5588847e-05,1,0,0,0.062821946,-2.2680161e-05,0.42064433,141.98831,712.23834,59.5,0,1.0471976,0,0,nan,nan,11525.979,-451.15819,-0.0020344754,-496.54186,2.8805286e-08,-0.082045439,1.140115e-06,0,0,0,0,0,0
54.3,2751.637,78.227527,-706.51486,88.040785,1.9970023,114.43404,1.1140826e-07,-0.87452715,2.5855659e-06,-2.9503623e-07,0.014517524,-2.4306594e-07,-0.26179939,-1.7149073e-11,7.5583586e-05,1,-0.7854,-1.7112299e-11,7.5576901e-05,1,0,0,0.062824638,-2.2682223e-05,0.42058881,141.97888,706.51486,59.5,0,1.0471976,0,0,nan,nan,11530.884,-451.34894,-0.0020227156,-496.80663,2.8799388e-08,-0.08305394,1.166465e-06,0,0,0,0,0,0
54.35,2756.0409,78.327377,-700.7948,88.117676,1.9970008,114.36535,1.1109794e-07,-0.87380148,2.5667632e-06,-2.9421579e-07,0.014508817,-2.4272999e-07,-0.26179939,-1.708308e-11,7.5571596e-05,1,-0.7854,-1.7045958e-11,7.5564854e-05,1,0,0,0.062827383,-2.2684291e-05,0.42053218,141.96907,700.7948,59.5,0,1.0471976,0,0,nan,nan,11535.724,-451.53713,-0.0020109915,-497.06971,2.8795512e-08,-0.084058502,1.1932283e-06,0,0,0,0,0,0
54.4,2760.4486,78.427227,-695.07819,88.19423,1.9969994,114.29635,1.1078761e-07,-0.87307625,2.5480026e-06,-2.9339544e-07,0.014500005,-2.4239196e-07,-0.26179939,-1.7016473e-11,7.5559504e-05,1,-0.7854,-1.6979012e-11,7.5552706e-05,1,0,0,0.062830182,-2.2686367e-05,0.42047445,141.95888,695.07819,59.5,0,1.0471976,0,0,nan,nan,11540.499,-451.72276,-0.0019993024,-497.3311,2.8793706e-08,-0.085059152,1.2203933e-06,0,0,0,0,0,0
54.45,2764.8602,78.527077,-689.36503,88.270446,1.9969979,114.22703,1.1047726e-07,-0.87235146,2.5292842e-06,-2.9257511e-07,0.01449109,-2.4205179e-07,-0.26179939,-1.6949268e-11,7.5547312e-05,1,-0.7854,-1.6911475e-11,7.5540458e-05,1,0,0,0.062833033,-2.2688451e-05,0.42041562,141.94831,689.36503,59.5,0,1.0471976,0,0,nan,nan,11545.21,-451.90583,-0.0019876475,-497.5908,2.8793707e-08,-0.086055913,1.2479487e-06,0,0,0,0,0,0
54.5,2769.2755,78.626927,-683.65535,88.346325,1.9969965,114.15739,1.1016686e-07,-0.87162713,2.510608e-06,-2.9175475e-07,0.01448207,-2.4170945e-07,-0.26179939,-1.6881481e-11,7.553502e-05,1,-0.7854,-1.6843366e-11,7.5528109e-05,1,0,0,0.062835936,-2.2690542e-05,0.4203557,141.93736,683.65535,59.5,0,1.0471976,0,0,nan,nan,11549.856,-452.08637,-0.001976026,-497.84881,2.8795746e-08,-0.087048811,1.2758862e-06,0,0,0,0,0,0
54.55,2773.6947,78.726777,-677.94916,88.421867,1.9969951,114.08745,1.098564e-07,-0.87090324,2.4919742e-06,-2.9093431e-07,0.014472947,-2.4136491e-07,-0.26179939,-1.6813127e-11,7.5522627e-05,1,-0.7854,-1.67747e-11,7.5515661e-05,1,0,0,0.062838892,-2.269264e-05,0.4202947,141.92603,677.94916,59.5,0,1.0471976,0,0,nan,nan,11554.439,-452.26438,-0.0019644373,-498.10515,2.879938e-08,-0.088037868,1.3041913e-06,0,0,0,0,0,0
54.6,2778.1176,78.826627,-672.24647,88.497072,1.9969937,114.01721,1.0954587e-07,-0.87017981,2.4733827e-06,-2.9011375e-07,0.014463722,-2.4101813e-07,-0.26179939,-1.6744221e-11,7.5510136e-05,1,-0.7854,-1.6705487e-11,7.5503114e-05,1,0,0,0.0628419,-2.2694745e-05,0.42023262,141.91434,672.24647,59.5,0,1.0471976,0,0,nan,nan,11558.957,-452.43987,-0.0019528805,-498.35981,2.8804901e-08,-0.089023107,1.3328541e-06,0,0,0,0,0,0
54.65,2782.5442,78.926476,-666.5473,88.57194,1.9969923,113.94666,1.0923523e-07,-0.86945685,2.4548337e-06,-2.89293e-07,0.014454394,-2.4066906e-07,-0.26179939,-1.6674778e-11,7.5497545e-05,1,-0.7854,-1.6635748e-11,7.5490468e-05,1,0,0,0.06284496,-2.2696859e-05,0.42016947,141.90227,666.5473,59.5,0,1.0471976,0,0,nan,nan,11563.412,-452.61284,-0.0019413552,-498.6128,2.8812049e-08,-0.090004551,1.3618661e-06,0,0,0,0,0,0
54.7,2786.9746,79.026326,-660.85167,88.646472,1.9969909,113.87581,1.0892448e-07,-0.86873436,2.4363273e-06,-2.8847203e-07,0.014444963,-2.4031768e-07,-0.26179939,-1.6604813e-11,7.5484856e-05,1,-0.7854,-1.6565493e-11,7.5477723e-05,1,0,0,0.06284807,-2.2698979e-05,0.42010526,141.88984,660.85167,59.5,0,1.0471976,0,0,nan,nan,11567.804,-452.78331,-0.0019298605,-498.86412,2.8820812e-08,-0.090982222,1.3912136e-06,0,0,0,0,0,0
54.75,2791.4087,79.126175,-655.15958,88.720667,1.9969895,113.80467,1.086136e-07,-0.86801234,2.4178635e-06,-2.8765079e-07,0.014435431,-2.3996396e-07,-0.26179939,-1.6534339e-11,7.5472068e-05,1,-0.7854,-1.6494741e-11,7.5464881e-05,1,0,0,0.062851232,-2.2701107e-05,0.42003999,141.87704,655.15958,59.5,0,1.0471976,0,0,nan,nan,11572.133,-452.95129,-0.0019183958,-499.11378,2.8831114e-08,-0.091956141,1.4208887e-06,0,0,0,0,0,0
54.8,2795.8465,79.226025,-649.47106,88.794526,1.9969881,113.73323,1.0830258e-07,-0.8672908,2.3994425e-06,-2.8682923e-07,0.014425798,-2.3960785e-07,-0.26179939,-1.6463375e-11,7.5459183e-05,1,-0.7854,-1.6423504e-11,7.5451941e-05,1,0,0,0.062854444,-2.2703242e-05,0.41997368,141.86387,649.47106,59.5,0,1.0471976,0,0,nan,nan,11576.399,-453.11679,-0.0019069604,-499.36178,2.8842819e-08,-0.09292633,1.4508801e-06,0,0,0,0,0,0
54.85,2800.288,79.325874,-643.78612,88.868049,1.9969867,113.66149,1.0799139e-07,-0.86656974,2.3810643e-06,-2.8600732e-07,0.014416064,-2.3924933e-07,-0.26179939,-1.6391928e-11,7.5446201e-05,1,-0.7854,-1.6351791e-11,7.5438905e-05,1,0,0,0.062857707,-2.2705385e-05,0.41990632,141.85035,643.78612,59.5,0,1.0471976,0,0,nan,nan,11580.602,-453.27981,-0.0018955538,-499.60813,2.88561e-08,-0.093892811,1.4811772e-06,0,0,0,0,0,0
54.9,2804.7332,79.425723,-638.10478,88.941235,1.9969853,113.58947,1.0768003e-07,-0.86584917,2.362729e-06,-2.8518501e-07,0.014406229,-2.3888836e-07,-0.26179939,-1.6320013e-11,7.5433122e-05,1,-0.7854,-1.6279619e-11,7.5425772e-05,1,0,0,0.06286102,-2.2707536e-05,0.41983792,141.83646,638.10478,59.5,0,1.0471976,0,0,nan,nan,11584.743,-453.44037,-0.0018841752,-499.85283,2.887076e-08,-0.094855604,1.5117706e-06,0,0,0,0,0,0
54.95,2809.182,79.525573,-632.42704,89.014086,1.996984,113.51716,1.0736848e-07,-0.8651291,2.3444367e-06,-2.8436227e-07,0.014396294,-2.3852493e-07,-0.26179939,-1.6247651e-11,7.5419947e-05,1,-0.7854,-1.6207008e-11,7.5412543e-05,1,0,0,0.062864382,-2.2709693e-05,0.41976849,141.82222,632.42704,59.5,0,1.0471976,0,0,nan,nan,11588.822,-453.59848,-0.0018728241,-500.09588,2.8886665e-08,-0.095814728,1.5426505e-06,0,0,0,0,0,0
55,2813.6344,79.625422,-626.75292,89.086602,1.9969826,113.44457,1.0705672e-07,-0.86440952,2.3261876e-06,-2.8353906e-07,0.014386259,-2.3815899e-07,-0.26179939,-1.6174848e-11,7.5406676e-05,1,-0.7854,-1.6133963e-11,7.5399219e-05,1,0,0,0.062867794,-2.2711859e-05,0.41969804,141.80762,626.75292,59.5,0,1.0471976,0,0,nan,nan,11592.84,-453.75414,-0.0018614999,-500.3373,2.8903864e-08,-0.096770204,1.5738063e-06,0,0,0,0,0,0
55.05,2818.0905,79.725271,-621.08244,89.158782,1.9969813,113.3717,1.0674475e-07,-0.86369045,2.3079817e-06,-2.8271534e-07,0.014376125,-2.3779052e-07,-0.26179939,-1.6101618e-11,7.539331e-05,1,-0.7854,-1.6060497e-11,7.5385799e-05,1,0,0,0.062871255,-2.2714031e-05,0.41962657,141.79267,621.08244,59.5,0,1.0471976,0,0,nan,nan,11596.795,-453.90737,-0.001850202,-500.57707,2.8922284e-08,-0.097722051,1.6052289e-06,0,0,0,0,0,0
55.1,2822.5502,79.82512,-615.41561,89.230626,1.9969799,113.29855,1.0643256e-07,-0.86297189,2.2898191e-06,-2.8189107e-07,0.014365892,-2.374195e-07,-0.26179939,-1.6027976e-11,7.5379849e-05,1,-0.7854,-1.5986626e-11,7.5372285e-05,1,0,0,0.062874765,-2.2716211e-05,0.41955409,141.77736,615.41561,59.5,0,1.0471976,0,0,nan,nan,11600.689,-454.05817,-0.0018389298,-500.81521,2.8941854e-08,-0.098670288,1.6369086e-06,0,0,0,0,0,0
55.15,2827.0134,79.924969,-609.75244,89.302136,1.9969786,113.22512,1.0612012e-07,-0.86225385,2.2716999e-06,-2.8106624e-07,0.01435556,-2.370459e-07,-0.26179939,-1.5953931e-11,7.5366293e-05,1,-0.7854,-1.5912362e-11,7.5358677e-05,1,0,0,0.062878323,-2.2718399e-05,0.4194806,141.76171,609.75244,59.5,0,1.0471976,0,0,nan,nan,11604.522,-454.20655,-0.0018276828,-501.05173,2.8962625e-08,-0.099614932,1.6688367e-06,0,0,0,0,0,0
55.2,2831.4802,80.024818,-604.09295,89.373311,1.9969773,113.15142,1.0580743e-07,-0.86153632,2.2536242e-06,-2.802408e-07,0.01434513,-2.366697e-07,-0.26179939,-1.58795e-11,7.5352644e-05,1,-0.7854,-1.5837717e-11,7.5344976e-05,1,0,0,0.06288193,-2.2720594e-05,0.41940611,141.74571,604.09295,59.5,0,1.0471976,0,0,nan,nan,11608.295,-454.35253,-0.0018164604,-501.28662,2.8984401e-08,-0.100556,1.7010028e-06,0,0,0,0,0,0
55.25,2835.9506,80.124667,-598.43716,89.444151,1.996976,113.07745,1.0549449e-07,-0.86081931,2.2355922e-06,-2.7941472e-07,0.014334602,-2.3629086e-07,-0.26179939,-1.5804696e-11,7.5338902e-05,1,-0.7854,-1.5762707e-11,7.5331181e-05,1,0,0,0.062885584,-2.2722796e-05,0.41933063,141.72936,598.43716,59.5,0,1.0471976,0,0,nan,nan,11612.006,-454.49611,-0.001805262,-501.51989,2.9007234e-08,-0.10149352,1.7333969e-06,0,0,0,0,0,0
55.3,2840.4245,80.224515,-592.78507,89.514657,1.9969746,113.00321,1.0518127e-07,-0.86010284,2.217604e-06,-2.7858798e-07,0.014323976,-2.3590938e-07,-0.26179939,-1.5729528e-11,7.5325067e-05,1,-0.7854,-1.5687337e-11,7.5317294e-05,1,0,0,0.062889286,-2.2725006e-05,0.41925417,141.71267,592.78507,59.5,0,1.0471976,0,0,nan,nan,11615.657,-454.6373,-0.0017940873,-501.75154,2.903093e-08,-0.10242749,1.7660117e-06,0,0,0,0,0,0
55.35,2844.9019,80.324364,-587.13669,89.584829,1.9969733,112.9287,1.0486777e-07,-0.8593869,2.1996596e-06,-2.7776056e-07,0.014313253,-2.3552523e-07,-0.26179939,-1.5654008e-11,7.5311139e-05,1,-0.7854,-1.5611626e-11,7.5303315e-05,1,0,0,0.062893036,-2.2727223e-05,0.41917673,141.69564,587.13669,59.5,0,1.0471976,0,0,nan,nan,11619.248,-454.77612,-0.0017829356,-501.98159,2.9055665e-08,-0.10335795,1.7988371e-06,0,0,0,0,0,0
55.4,2849.3828,80.424213,-581.49205,89.654667,1.996972,112.85394,1.0455399e-07,-0.85867149,2.1817591e-06,-2.7693241e-07,0.014302434,-2.3513838e-07,-0.26179939,-1.557815e-11,7.529712e-05,1,-0.7854,-1.5535579e-11,7.5289245e-05,1,0,0,0.062896832,-2.2729448e-05,0.41909831,141.67827,581.49205,59.5,0,1.0471976,0,0,nan,nan,11622.78,-454.91256,-0.0017718064,-502.21002,2.9081245e-08,-0.1042849,1.8318656e-06,0,0,0,0,0,0
55.45,2853.8672,80.524061,-575.85115,89.724172,1.9969708,112.77891,1.042399e-07,-0.85795663,2.1639028e-06,-2.7610353e-07,0.014291518,-2.3474882e-07,-0.26179939,-1.5501963e-11,7.528301e-05,1,-0.7854,-1.5459213e-11,7.5275083e-05,1,0,0,0.062900675,-2.2731679e-05,0.41901892,141.66057,575.85115,59.5,0,1.0471976,0,0,nan,nan,11626.251,-455.04665,-0.0017606994,-502.43686,2.9107662e-08,-0.10520836,1.8650856e-06,0,0,0,0,0,0
55.5,2858.3551,80.62391,-570.21401,89.793343,1.9969695,112.70362,1.0392551e-07,-0.85724232,2.1460906e-06,-2.7527388e-07,0.014280506,-2.3435653e-07,-0.26179939,-1.5425462e-11,7.5268809e-05,1,-0.7854,-1.5382538e-11,7.5260832e-05,1,0,0,0.062904565,-2.2733919e-05,0.41893857,141.64252,570.21401,59.5,0,1.0471976,0,0,nan,nan,11629.663,-455.17839,-0.0017496139,-502.66209,2.9134783e-08,-0.10612835,1.8984915e-06,0,0,0,0,0,0
55.55,2862.8464,80.723758,-564.58064,89.86218,1.9969682,112.62809,1.0361081e-07,-0.85652856,2.1283228e-06,-2.7444345e-07,0.014269398,-2.3396149e-07,-0.26179939,-1.5348656e-11,7.5254517e-05,1,-0.7854,-1.5305564e-11,7.524649e-05,1,0,0,0.0629085,-2.2736165e-05,0.41885727,141.62415,564.58064,59.5,0,1.0471976,0,0,nan,nan,11633.016,-455.30779,-0.0017385496,-502.88573,2.9162724e-08,-0.10704487,1.9320721e-06,0,0,0,0,0,0
55.6,2867.3412,80.823607,-558.95106,89.930685,1.9969669,112.55229,1.0329578e-07,-0.85581536,2.1105993e-06,-2.7361221e-07,0.014258194,-2.3356369e-07,-0.26179939,-1.5271556e-11,7.5240136e-05,1,-0.7854,-1.5228304e-11,7.5232059e-05,1,0,0,0.062912482,-2.2738419e-05,0.41877502,141.60544,558.95106,59.5,0,1.0471976,0,0,nan,nan,11636.31,-455.43487,-0.0017275059,-503.10778,2.9191354e-08,-0.10795796,1.9658207e-06,0,0,0,0,0,0
55.65,2871.8393,80.923455,-553.32527,89.998858,1.9969657,112.47625,1.0298043e-07,-0.85510272,2.0929205e-06,-2.7278015e-07,0.014246896,-2.331631e-07,-0.26179939,-1.5194175e-11,7.5225666e-05,1,-0.7854,-1.5150766e-11,7.5217539e-05,1,0,0,0.062916508,-2.274068e-05,0.41869183,141.58641,553.32527,59.5,0,1.0471976,0,0,nan,nan,11639.545,-455.55962,-0.0017164825,-503.32824,2.9220604e-08,-0.10886762,1.9997278e-06,0,0,0,0,0,0
55.7,2876.3409,81.023303,-547.70328,90.066698,1.9969644,112.39996,1.0266475e-07,-0.85439065,2.0752862e-06,-2.7194724e-07,0.014235503,-2.3275972e-07,-0.26179939,-1.511652e-11,7.5211107e-05,1,-0.7854,-1.5072964e-11,7.5202931e-05,1,0,0,0.062920581,-2.2742948e-05,0.41860769,141.56705,547.70328,59.5,0,1.0471976,0,0,nan,nan,11642.722,-455.68206,-0.001705479,-503.54713,2.9250529e-08,-0.10977387,2.0337864e-06,0,0,0,0,0,0
55.75,2880.8459,81.123151,-542.08512,90.134206,1.9969632,112.32343,1.0234872e-07,-0.85367915,2.0576968e-06,-2.7111348e-07,0.014224016,-2.3235352e-07,-0.26179939,-1.5038605e-11,7.519646e-05,1,-0.7854,-1.4994904e-11,7.5188235e-05,1,0,0,0.062924698,-2.2745224e-05,0.41852263,141.54736,542.08512,59.5,0,1.0471976,0,0,nan,nan,11645.84,-455.8022,-0.0016944948,-503.76443,2.9280997e-08,-0.11067672,2.0679878e-06,0,0,0,0,0,0
55.8,2885.3542,81.223,-536.47079,90.201382,1.9969619,112.24666,1.0203236e-07,-0.85296823,2.0401523e-06,-2.7027884e-07,0.014212435,-2.319445e-07,-0.26179939,-1.4960438e-11,7.5181726e-05,1,-0.7854,-1.49166e-11,7.5173451e-05,1,0,0,0.062928859,-2.2747506e-05,0.41843665,141.52735,536.47079,59.5,0,1.0471976,0,0,nan,nan,11648.901,-455.92005,-0.0016835296,-503.98016,2.9312004e-08,-0.11157618,2.1023229e-06,0,0,0,0,0,0
55.85,2889.8659,81.322848,-530.86031,90.268227,1.9969607,112.16964,1.0171564e-07,-0.85225789,2.0226528e-06,-2.6944331e-07,0.014200761,-2.3153265e-07,-0.26179939,-1.4882031e-11,7.5166905e-05,1,-0.7854,-1.4838059e-11,7.5158582e-05,1,0,0,0.062933066,-2.2749796e-05,0.41834974,141.50702,530.86031,59.5,0,1.0471976,0,0,nan,nan,11651.904,-456.03562,-0.001672583,-504.19432,2.934348e-08,-0.11247227,2.1367845e-06,0,0,0,0,0,0
55.9,2894.3809,81.422696,-525.25368,90.33474,1.9969595,112.09239,1.0139856e-07,-0.85154813,2.0051984e-06,-2.6860688e-07,0.014188993,-2.3111794e-07,-0.26179939,-1.4803392e-11,7.5151997e-05,1,-0.7854,-1.4759295e-11,7.5143626e-05,1,0,0,0.062937316,-2.2752093e-05,0.41826192,141.48636,525.25368,59.5,0,1.0471976,0,0,nan,nan,11654.849,-456.14892,-0.0016616547,-504.40692,2.9375543e-08,-0.11336501,2.1713646e-06,0,0,0,0,0,0
55.95,2898.8992,81.522544,-519.65092,90.400923,1.9969583,112.0149,1.0108113e-07,-0.85083896,1.9877893e-06,-2.6776953e-07,0.014177132,-2.3070038e-07,-0.26179939,-1.4724535e-11,7.5137003e-05,1,-0.7854,-1.4680318e-11,7.5128584e-05,1,0,0,0.06294161,-2.2754398e-05,0.4181732,141.4654,519.65092,59.5,0,1.0471976,0,0,nan,nan,11657.737,-456.25995,-0.0016507441,-504.61795,2.9407879e-08,-0.11425439,2.2060565e-06,0,0,0,0,0,0
56,2903.4208,81.622391,-514.05204,90.466775,1.9969571,111.93719,1.0076334e-07,-0.85013039,1.9704256e-06,-2.6693125e-07,0.014165179,-2.3027994e-07,-0.26179939,-1.4645467e-11,7.5121925e-05,1,-0.7854,-1.4601133e-11,7.5113458e-05,1,0,0,0.062945947,-2.2756709e-05,0.41808357,141.44411,514.05204,59.5,0,1.0471976,0,0,nan,nan,11660.569,-456.36874,-0.0016398511,-504.82743,2.9440544e-08,-0.11514045,2.2408507e-06,0,0,0,0,0,0
56.05,2907.9457,81.722239,-508.45705,90.532297,1.9969558,111.85924,1.0044518e-07,-0.84942242,1.9531074e-06,-2.6609203e-07,0.014153133,-2.2985662e-07,-0.26179939,-1.4566197e-11,7.5106761e-05,1,-0.7854,-1.4521754e-11,7.5098247e-05,1,0,0,0.062950328,-2.2759027e-05,0.41799305,141.42251,508.45705,59.5,0,1.0471976,0,0,nan,nan,11663.343,-456.47528,-0.0016289752,-505.03536,2.9473656e-08,-0.11602318,2.2757409e-06,0,0,0,0,0,0
56.1,2912.4739,81.822087,-502.86596,90.597488,1.9969547,111.78106,1.0012665e-07,-0.84871506,1.9358348e-06,-2.6525187e-07,0.014140996,-2.2943042e-07,-0.26179939,-1.4486736e-11,7.5091513e-05,1,-0.7854,-1.444219e-11,7.5082952e-05,1,0,0,0.062954751,-2.2761352e-05,0.41790165,141.40061,502.86596,59.5,0,1.0471976,0,0,nan,nan,11666.061,-456.57959,-0.001618116,-505.24174,2.9507087e-08,-0.11690261,2.3107195e-06,0,0,0,0,0,0
56.15,2917.0054,81.921935,-497.27879,90.66235,1.9969535,111.70267,9.9807754e-08,-0.8480083,1.918608e-06,-2.6441075e-07,0.014128767,-2.2900131e-07,-0.26179939,-1.4407096e-11,7.5076182e-05,1,-0.7854,-1.436245e-11,7.5067574e-05,1,0,0,0.062959218,-2.2763685e-05,0.41780936,141.37839,497.27879,59.5,0,1.0471976,0,0,nan,nan,11668.723,-456.68168,-0.0016072733,-505.44657,2.9540832e-08,-0.11777873,2.3457789e-06,0,0,0,0,0,0
56.2,2921.54,82.021782,-491.69554,90.726883,1.9969523,111.62404,9.9488481e-08,-0.84730216,1.9014271e-06,-2.6356867e-07,0.014116447,-2.2856931e-07,-0.26179939,-1.432728e-11,7.5060767e-05,1,-0.7854,-1.4282539e-11,7.5052113e-05,1,0,0,0.062963726,-2.2766024e-05,0.41771619,141.35586,491.69554,59.5,0,1.0471976,0,0,nan,nan,11671.329,-456.78155,-0.0015964467,-505.64987,2.9574701e-08,-0.11865157,2.380911e-06,0,0,0,0,0,0
56.25,2926.0779,82.12163,-486.11623,90.791087,1.9969511,111.5452,9.9168833e-08,-0.84659663,1.8842922e-06,-2.6272562e-07,0.014104036,-2.2813439e-07,-0.26179939,-1.4247302e-11,7.504527e-05,1,-0.7854,-1.4202472e-11,7.5036569e-05,1,0,0,0.062968277,-2.276837e-05,0.41762215,141.33303,486.11623,59.5,0,1.0471976,0,0,nan,nan,11673.879,-456.87922,-0.0015856359,-505.85163,2.9608938e-08,-0.11952114,2.4161104e-06,0,0,0,0,0,0
56.3,2930.619,82.221477,-480.54087,90.854962,1.9969499,111.46615,9.8848808e-08,-0.84589173,1.8672035e-06,-2.6188159e-07,0.014091535,-2.2769656e-07,-0.26179939,-1.4167169e-11,7.5029691e-05,1,-0.7854,-1.4122255e-11,7.5020945e-05,1,0,0,0.062972869,-2.2770723e-05,0.41752725,141.30989,480.54087,59.5,0,1.0471976,0,0,nan,nan,11676.373,-456.9747,-0.0015748406,-506.05186,2.9643228e-08,-0.12038744,2.451368e-06,0,0,0,0,0,0
56.35,2935.1633,82.321325,-474.96946,90.918509,1.9969488,111.38688,9.8528404e-08,-0.84518746,1.850161e-06,-2.6103658e-07,0.014078944,-2.272558e-07,-0.26179939,-1.4086893e-11,7.5014031e-05,1,-0.7854,-1.40419e-11,7.5005239e-05,1,0,0,0.062977503,-2.2773083e-05,0.41743148,141.28646,474.96946,59.5,0,1.0471976,0,0,nan,nan,11678.812,-457.06799,-0.0015640605,-506.25056,2.9677631e-08,-0.12125049,2.4866788e-06,0,0,0,0,0,0
56.4,2939.7107,82.421172,-469.40202,90.981727,1.9969476,111.30739,9.8207621e-08,-0.84448381,1.8331649e-06,-2.6019059e-07,0.014066262,-2.2681213e-07,-0.26179939,-1.4006479e-11,7.4998289e-05,1,-0.7854,-1.3961412e-11,7.4989453e-05,1,0,0,0.062982178,-2.277545e-05,0.41733487,141.26272,469.40202,59.5,0,1.0471976,0,0,nan,nan,11681.196,-457.1591,-0.0015532954,-506.44774,2.9712205e-08,-0.12211029,2.5220352e-06,0,0,0,0,0,0
56.45,2944.2613,82.52102,-463.83856,91.044618,1.9969465,111.2277,9.7886458e-08,-0.84378081,1.8162153e-06,-2.5934362e-07,0.014053492,-2.2636552e-07,-0.26179939,-1.3925935e-11,7.4982468e-05,1,-0.7854,-1.3880798e-11,7.4973587e-05,1,0,0,0.062986894,-2.2777824e-05,0.4172374,141.23869,463.83856,59.5,0,1.0471976,0,0,nan,nan,11683.526,-457.24806,-0.0015425448,-506.64339,2.9746885e-08,-0.12296686,2.5574292e-06,0,0,0,0,0,0
56.5,2948.8151,82.620867,-458.2791,91.107182,1.9969454,111.1478,9.7564915e-08,-0.84307844,1.7993123e-06,-2.5849565e-07,0.014040632,-2.2591598e-07,-0.26179939,-1.3845272e-11,7.4966567e-05,1,-0.7854,-1.3800069e-11,7.4957641e-05,1,0,0,0.062991651,-2.2780204e-05,0.4171391,141.21435,458.2791,59.5,0,1.0471976,0,0,nan,nan,11685.801,-457.33485,-0.0015318086,-506.83754,2.9781668e-08,-0.12382021,2.5928551e-06,0,0,0,0,0,0
56.55,2953.3719,82.720714,-452.72363,91.169419,1.9969442,111.06769,9.7242991e-08,-0.84237672,1.7824561e-06,-2.576467e-07,0.014027683,-2.254635e-07,-0.26179939,-1.3764498e-11,7.4950587e-05,1,-0.7854,-1.3719235e-11,7.4941617e-05,1,0,0,0.062996449,-2.2782591e-05,0.41703996,141.18973,452.72363,59.5,0,1.0471976,0,0,nan,nan,11688.021,-457.41951,-0.0015210866,-507.03017,2.9816364e-08,-0.12467034,2.628307e-06,0,0,0,0,0,0
56.6,2957.9319,82.820561,-447.17217,91.231329,1.9969431,110.98738,9.6920688e-08,-0.84167565,1.7656468e-06,-2.5679675e-07,0.014014646,-2.2500809e-07,-0.26179939,-1.3683619e-11,7.4934529e-05,1,-0.7854,-1.3638301e-11,7.4925515e-05,1,0,0,0.063001286,-2.2784984e-05,0.41693998,141.16481,447.17217,59.5,0,1.0471976,0,0,nan,nan,11690.188,-457.50202,-0.0015103784,-507.2213,2.9851097e-08,-0.12551727,2.6637769e-06,0,0,0,0,0,0
56.65,2962.4949,82.920409,-441.62473,91.292913,1.996942,110.90687,9.6598006e-08,-0.84097523,1.7488845e-06,-2.5594582e-07,0.014001521,-2.2454974e-07,-0.26179939,-1.3602647e-11,7.4918392e-05,1,-0.7854,-1.3557277e-11,7.4909335e-05,1,0,0,0.063006163,-2.2787385e-05,0.41683919,141.1396,441.62473,59.5,0,1.0471976,0,0,nan,nan,11692.3,-457.58241,-0.0014996838,-507.41093,2.9885739e-08,-0.12636099,2.6992585e-06,0,0,0,0,0,0
56.7,2967.061,83.020256,-436.08132,91.354172,1.9969409,110.82617,9.6274945e-08,-0.84027547,1.7321694e-06,-2.550939e-07,0.013988308,-2.2408846e-07,-0.26179939,-1.3521585e-11,7.4902178e-05,1,-0.7854,-1.3476169e-11,7.4893078e-05,1,0,0,0.06301108,-2.2789792e-05,0.41673757,141.11411,436.08132,59.5,0,1.0471976,0,0,nan,nan,11694.359,-457.66069,-0.0014890026,-507.59906,2.9920413e-08,-0.12720153,2.7347476e-06,0,0,0,0,0,0
56.75,2971.6302,83.120103,-430.54196,91.415104,1.9969398,110.74527,9.5951507e-08,-0.83957637,1.7155015e-06,-2.54241e-07,0.013975008,-2.2362424e-07,-0.26179939,-1.3440444e-11,7.4885888e-05,1,-0.7854,-1.3394984e-11,7.4876745e-05,1,0,0,0.063016036,-2.2792205e-05,0.41663514,141.08832,430.54196,59.5,0,1.0471976,0,0,nan,nan,11696.365,-457.73685,-0.0014783345,-507.78569,2.995493e-08,-0.12803889,2.770235e-06,0,0,0,0,0,0
56.8,2976.2024,83.21995,-425.00664,91.475712,1.9969387,110.66417,9.5627693e-08,-0.83887794,1.6988811e-06,-2.5338711e-07,0.01396162,-2.2315708e-07,-0.26179939,-1.335923e-11,7.4869521e-05,1,-0.7854,-1.3313733e-11,7.4860336e-05,1,0,0,0.063021031,-2.2794625e-05,0.4165319,141.06225,425.00664,59.5,0,1.0471976,0,0,nan,nan,11698.318,-457.81092,-0.0014676794,-507.97084,2.9989351e-08,-0.12887308,2.8057158e-06,0,0,0,0,0,0
56.85,2980.7776,83.319796,-419.47538,91.535995,1.9969376,110.58289,9.5303506e-08,-0.83818019,1.6823081e-06,-2.5253224e-07,0.013948146,-2.2268699e-07,-0.26179939,-1.3277953e-11,7.4853079e-05,1,-0.7854,-1.3232423e-11,7.4843852e-05,1,0,0,0.063026065,-2.2797051e-05,0.41642786,141.0359,419.47538,59.5,0,1.0471976,0,0,nan,nan,11700.218,-457.8829,-0.001457037,-508.1545,3.0023675e-08,-0.1297041,2.8411847e-06,0,0,0,0,0,0
56.9,2985.3559,83.419643,-413.94819,91.595954,1.9969365,110.50141,9.4978946e-08,-0.8374831,1.6657828e-06,-2.516764e-07,0.013934585,-2.2221397e-07,-0.26179939,-1.319662e-11,7.4836562e-05,1,-0.7854,-1.3151059e-11,7.4827293e-05,1,0,0,0.063031138,-2.2799484e-05,0.41632303,141.00927,413.94819,59.5,0,1.0471976,0,0,nan,nan,11702.065,-457.95281,-0.0014464072,-508.33668,3.0057839e-08,-0.13053197,2.8766349e-06,0,0,0,0,0,0
56.95,2989.9371,83.51949,-408.42508,91.655589,1.9969354,110.41976,9.4654017e-08,-0.8367867,1.6493052e-06,-2.5081958e-07,0.013920938,-2.2173802e-07,-0.26179939,-1.3115236e-11,7.4819971e-05,1,-0.7854,-1.3069649e-11,7.481066e-05,1,0,0,0.063036248,-2.2801923e-05,0.4162174,140.98236,408.42508,59.5,0,1.0471976,0,0,nan,nan,11703.86,-458.02065,-0.0014357897,-508.51738,3.0091779e-08,-0.13135668,2.9120602e-06,0,0,0,0,0,0
57,2994.5213,83.619337,-402.90606,91.7149,1.9969344,110.33791,9.4328721e-08,-0.83609098,1.6328756e-06,-2.4996181e-07,0.013907206,-2.2125914e-07,-0.26179939,-1.3033809e-11,7.4803306e-05,1,-0.7854,-1.29882e-11,7.4793954e-05,1,0,0,0.063041397,-2.2804368e-05,0.41611099,140.95517,402.90606,59.5,0,1.0471976,0,0,nan,nan,11705.603,-458.08643,-0.0014251843,-508.69661,3.0125494e-08,-0.13217826,2.9474553e-06,0,0,0,0,0,0
57.05,2999.1085,83.719184,-397.39113,91.773889,1.9969333,110.25589,9.4003061e-08,-0.83539595,1.6164939e-06,-2.4910307e-07,0.013893388,-2.2077734e-07,-0.26179939,-1.2952348e-11,7.4786567e-05,1,-0.7854,-1.2906722e-11,7.4777174e-05,1,0,0,0.063046583,-2.280682e-05,0.4160038,140.9277,397.39113,59.5,0,1.0471976,0,0,nan,nan,11707.294,-458.15016,-0.0014145909,-508.87437,3.0158923e-08,-0.1329967,2.9828138e-06,0,0,0,0,0,0
57.1,3003.6986,83.81903,-391.8803,91.832554,1.9969323,110.17369,9.367704e-08,-0.83470162,1.6001604e-06,-2.4824339e-07,0.013879484,-2.2029263e-07,-0.26179939,-1.287086e-11,7.4769757e-05,1,-0.7854,-1.282522e-11,7.4760323e-05,1,0,0,0.063051807,-2.2809278e-05,0.41589583,140.89996,391.8803,59.5,0,1.0471976,0,0,nan,nan,11708.934,-458.21185,-0.0014040094,-509.05067,3.0192127e-08,-0.133812,3.018131e-06,0,0,0,0,0,0
57.15,3008.2916,83.918877,-386.3736,91.890898,1.9969312,110.09131,9.335066e-08,-0.83400798,1.5838752e-06,-2.4738276e-07,0.013865496,-2.19805e-07,-0.26179939,-1.278935e-11,7.4752874e-05,1,-0.7854,-1.27437e-11,7.47434e-05,1,0,0,0.063057068,-2.2811742e-05,0.4157871,140.87195,386.3736,59.5,0,1.0471976,0,0,nan,nan,11710.522,-458.27151,-0.0013934394,-509.22551,3.0225105e-08,-0.13462419,3.053401e-06,0,0,0,0,0,0
57.2,3012.8876,84.018723,-380.87101,91.948919,1.9969302,110.00875,9.3023926e-08,-0.83331504,1.5676383e-06,-2.465212e-07,0.013851424,-2.1931447e-07,-0.26179939,-1.2707825e-11,7.4735919e-05,1,-0.7854,-1.2662167e-11,7.4726406e-05,1,0,0,0.063062366,-2.2814212e-05,0.4156776,140.84367,380.87101,59.5,0,1.0471976,0,0,nan,nan,11712.059,-458.32915,-0.001382881,-509.39889,3.0257734e-08,-0.13543326,3.0886178e-06,0,0,0,0,0,0
57.25,3017.4864,84.11857,-375.37256,92.006619,1.9969292,109.92603,9.2696841e-08,-0.83262281,1.55145e-06,-2.4565871e-07,0.013837267,-2.1882104e-07,-0.26179939,-1.262629e-11,7.4718894e-05,1,-0.7854,-1.2580629e-11,7.4709342e-05,1,0,0,0.0630677,-2.2816688e-05,0.41556735,140.81511,375.37256,59.5,0,1.0471976,0,0,nan,nan,11713.545,-458.38478,-0.0013723339,-509.57082,3.0290138e-08,-0.13623922,3.123776e-06,0,0,0,0,0,0
57.3,3022.0881,84.218416,-369.87825,92.063998,1.9969281,109.84313,9.2369409e-08,-0.83193129,1.5353103e-06,-2.4479531e-07,0.013823026,-2.1832471e-07,-0.26179939,-1.2544757e-11,7.4701799e-05,1,-0.7854,-1.24991e-11,7.4692207e-05,1,0,0,0.063073071,-2.281917e-05,0.41545634,140.7863,369.87825,59.5,0,1.0471976,0,0,nan,nan,11714.98,-458.43841,-0.001361798,-509.7413,3.032213e-08,-0.13704207,3.1588711e-06,0,0,0,0,0,0
57.35,3026.6927,84.318263,-364.38808,92.121057,1.9969271,109.76007,9.2041635e-08,-0.83124048,1.5192193e-06,-2.43931e-07,0.013808702,-2.178255e-07,-0.26179939,-1.2463228e-11,7.4684634e-05,1,-0.7854,-1.2417573e-11,7.4675004e-05,1,0,0,0.063078478,-2.2821658e-05,0.41534459,140.75721,364.38808,59.5,0,1.0471976,0,0,nan,nan,11716.365,-458.49005,-0.0013512732,-509.91034,3.0353713e-08,-0.13784182,3.1938973e-06,0,0,0,0,0,0
57.4,3031.3001,84.418109,-358.90208,92.177795,1.9969261,109.67684,9.1713522e-08,-0.83055039,1.5031771e-06,-2.4306579e-07,0.013794295,-2.1732342e-07,-0.26179939,-1.238171e-11,7.4667401e-05,1,-0.7854,-1.2336065e-11,7.4657731e-05,1,0,0,0.063083921,-2.2824152e-05,0.41523209,140.72787,358.90208,59.5,0,1.0471976,0,0,nan,nan,11717.7,-458.53971,-0.0013407594,-510.07794,3.0384947e-08,-0.13863848,3.2288494e-06,0,0,0,0,0,0
57.45,3035.9103,84.517955,-353.42024,92.234214,1.9969251,109.59345,9.1385075e-08,-0.82986102,1.487184e-06,-2.421997e-07,0.013779804,-2.1681846e-07,-0.26179939,-1.2300212e-11,7.4650099e-05,1,-0.7854,-1.2254579e-11,7.4640391e-05,1,0,0,0.0630894,-2.2826652e-05,0.41511886,140.69826,353.42024,59.5,0,1.0471976,0,0,nan,nan,11718.985,-458.5874,-0.0013302563,-510.24411,3.0415711e-08,-0.13943206,3.2637226e-06,0,0,0,0,0,0
57.5,3040.5234,84.617802,-347.94257,92.290314,1.9969241,109.5099,9.10563e-08,-0.82917238,1.47124e-06,-2.4133274e-07,0.013765231,-2.1631064e-07,-0.26179939,-1.2218737e-11,7.4632729e-05,1,-0.7854,-1.2173118e-11,7.4622983e-05,1,0,0,0.063094913,-2.2829158e-05,0.4150049,140.66839,347.94257,59.5,0,1.0471976,0,0,nan,nan,11720.22,-458.63313,-0.001319764,-510.40884,3.0446191e-08,-0.14022254,3.2985121e-06,0,0,0,0,0,0
57.55,3045.1392,84.717648,-342.46908,92.346095,1.9969232,109.42618,9.07272e-08,-0.82848447,1.4553451e-06,-2.4046492e-07,0.013750576,-2.1579997e-07,-0.26179939,-1.2137291e-11,7.4615291e-05,1,-0.7854,-1.2091691e-11,7.4605509e-05,1,0,0,0.063100462,-2.283167e-05,0.41489021,140.63827,342.46908,59.5,0,1.0471976,0,0,nan,nan,11721.406,-458.6769,-0.0013092823,-510.57215,3.0476141e-08,-0.14100995,3.3332118e-06,0,0,0,0,0,0
57.6,3049.7579,84.817494,-336.99978,92.401557,1.9969222,109.34232,9.039778e-08,-0.8277973,1.4394997e-06,-2.3959625e-07,0.013735839,-2.1528646e-07,-0.26179939,-1.2055881e-11,7.4597788e-05,1,-0.7854,-1.2010303e-11,7.4587968e-05,1,0,0,0.063106046,-2.2834187e-05,0.4147748,140.60789,336.99978,59.5,0,1.0471976,0,0,nan,nan,11722.543,-458.71873,-0.0012988111,-510.73404,3.0505624e-08,-0.14179428,3.3678181e-06,0,0,0,0,0,0
57.65,3054.3793,84.91734,-331.53468,92.456702,1.9969212,109.2583,9.0068048e-08,-0.82711086,1.4237036e-06,-2.3872674e-07,0.013721021,-2.1477012e-07,-0.26179939,-1.1974513e-11,7.4580218e-05,1,-0.7854,-1.1928959e-11,7.4570361e-05,1,0,0,0.063111665,-2.283671e-05,0.41465868,140.57725,331.53468,59.5,0,1.0471976,0,0,nan,nan,11723.631,-458.75863,-0.0012883504,-510.89451,3.0534703e-08,-0.14257554,3.4023259e-06,0,0,0,0,0,0
57.7,3059.0034,85.017186,-326.07379,92.511529,1.9969202,109.17412,8.9738007e-08,-0.82642517,1.4079572e-06,-2.3785642e-07,0.013706121,-2.1425096e-07,-0.26179939,-1.1893193e-11,7.4562583e-05,1,-0.7854,-1.1847668e-11,7.455269e-05,1,0,0,0.063117317,-2.2839238e-05,0.41454184,140.54636,326.07379,59.5,0,1.0471976,0,0,nan,nan,11724.67,-458.7966,-0.0012778999,-511.05356,3.0563257e-08,-0.14335374,3.4367303e-06,0,0,0,0,0,0
57.75,3063.6303,85.117032,-320.61711,92.566039,1.9969193,109.0898,8.9407663e-08,-0.82574022,1.3922604e-06,-2.3698529e-07,0.01369114,-2.1372899e-07,-0.26179939,-1.1811927e-11,7.4544883e-05,1,-0.7854,-1.1766433e-11,7.4534954e-05,1,0,0,0.063123004,-2.2841772e-05,0.41442431,140.51522,320.61711,59.5,0,1.0471976,0,0,nan,nan,11725.66,-458.83266,-0.0012674597,-511.21121,3.0591162e-08,-0.14412887,3.4710264e-06,0,0,0,0,0,0
57.8,3068.2599,85.216878,-315.16464,92.620233,1.9969183,109.00533,8.9077023e-08,-0.82505602,1.3766133e-06,-2.3611337e-07,0.013676079,-2.1320422e-07,-0.26179939,-1.1730719e-11,7.4527119e-05,1,-0.7854,-1.1685258e-11,7.4517154e-05,1,0,0,0.063128725,-2.2844312e-05,0.41430607,140.48383,315.16464,59.5,0,1.0471976,0,0,nan,nan,11726.603,-458.86682,-0.0012570297,-511.36745,3.061867e-08,-0.14490094,3.5052112e-06,0,0,0,0,0,0
57.85,3072.8922,85.316724,-309.71641,92.67411,1.9969174,108.92071,8.8746092e-08,-0.82437258,1.3610162e-06,-2.3524067e-07,0.013660937,-2.1267666e-07,-0.26179939,-1.1649574e-11,7.4509292e-05,1,-0.7854,-1.1604151e-11,7.4499291e-05,1,0,0,0.063134479,-2.2846856e-05,0.41418714,140.4522,309.71641,59.5,0,1.0471976,0,0,nan,nan,11727.497,-458.89908,-0.0012466098,-511.52228,3.064572e-08,-0.14566996,3.5392784e-06,0,0,0,0,0,0
57.9,3077.5272,85.41657,-304.2724,92.727672,1.9969165,108.83596,8.8414876e-08,-0.8236899,1.3454691e-06,-2.3436721e-07,0.013645715,-2.1214634e-07,-0.26179939,-1.1568501e-11,7.4491401e-05,1,-0.7854,-1.152312e-11,7.4481366e-05,1,0,0,0.063140267,-2.2849407e-05,0.41406752,140.42032,304.2724,59.5,0,1.0471976,0,0,nan,nan,11728.344,-458.92945,-0.0012362,-511.67573,3.0672128e-08,-0.14643592,3.5732239e-06,0,0,0,0,0,0
57.95,3082.1649,85.516415,-298.83264,92.78092,1.9969155,108.75106,8.8083382e-08,-0.82300798,1.3299722e-06,-2.3349301e-07,0.013630414,-2.1161325e-07,-0.26179939,-1.1487503e-11,7.4473448e-05,1,-0.7854,-1.1442164e-11,7.4463378e-05,1,0,0,0.063146088,-2.2851962e-05,0.41394722,140.38819,298.83264,59.5,0,1.0471976,0,0,nan,nan,11729.143,-458.95795,-0.0012258002,-511.82777,3.0697898e-08,-0.14719884,3.6070445e-06,0,0,0,0,0,0
58,3086.8052,85.616261,-293.39713,92.833852,1.9969146,108.66602,8.7751616e-08,-0.82232683,1.3145254e-06,-2.3261807e-07,0.013615033,-2.1107742e-07,-0.26179939,-1.1406584e-11,7.4455434e-05,1,-0.7854,-1.1361292e-11,7.4445329e-05,1,0,0,0.063151941,-2.2854523e-05,0.41382624,140.35582,293.39713,59.5,0,1.0471976,0,0,nan,nan,11729.895,-458.98459,-0.0012154103,-511.97843,3.0723217e-08,-0.14795871,3.6407352e-06,0,0,0,0,0,0
58.05,3091.4482,85.716107,-287.96587,92.886471,1.9969137,108.58084,8.7419585e-08,-0.82164645,1.299129e-06,-2.3174243e-07,0.013599573,-2.1053885e-07,-0.26179939,-1.1325751e-11,7.4437358e-05,1,-0.7854,-1.1280509e-11,7.4427219e-05,1,0,0,0.063157827,-2.2857089e-05,0.41370458,140.32321,287.96587,59.5,0,1.0471976,0,0,nan,nan,11730.6,-459.00936,-0.0012050303,-512.12771,3.0747841e-08,-0.14871554,3.6742918e-06,0,0,0,0,0,0
58.1,3096.0937,85.815953,-282.53888,92.938775,1.9969128,108.49553,8.7087295e-08,-0.82096684,1.2837831e-06,-2.3086609e-07,0.013584034,-2.0999757e-07,-0.26179939,-1.1245009e-11,7.4419221e-05,1,-0.7854,-1.1199819e-11,7.4409049e-05,1,0,0,0.063163746,-2.285966e-05,0.41358226,140.29036,282.53888,59.5,0,1.0471976,0,0,nan,nan,11731.258,-459.03229,-0.0011946602,-512.2756,3.0771896e-08,-0.14946933,3.7077105e-06,0,0,0,0,0,0
58.15,3100.7419,85.915798,-277.11615,92.990767,1.9969119,108.41009,8.6754754e-08,-0.82028802,1.2684877e-06,-2.2998908e-07,0.013568417,-2.0945358e-07,-0.26179939,-1.1164363e-11,7.4401025e-05,1,-0.7854,-1.1119227e-11,7.4390819e-05,1,0,0,0.063169696,-2.2862236e-05,0.41345928,140.25728,277.11615,59.5,0,1.0471976,0,0,nan,nan,11731.869,-459.05338,-0.0011842999,-512.42212,3.0795261e-08,-0.15022008,3.740987e-06,0,0,0,0,0,0
58.2,3105.3927,86.015644,-271.6977,93.042446,1.996911,108.32452,8.6421967e-08,-0.81960997,1.2532429e-06,-2.2911141e-07,0.013552722,-2.089069e-07,-0.26179939,-1.1083816e-11,7.438277e-05,1,-0.7854,-1.1038737e-11,7.4372531e-05,1,0,0,0.063175679,-2.2864818e-05,0.41333564,140.22396,271.6977,59.5,0,1.0471976,0,0,nan,nan,11732.435,-459.07264,-0.0011739494,-512.56727,3.0818064e-08,-0.15096779,3.7741177e-06,0,0,0,0,0,0
58.25,3110.0461,86.115489,-266.28353,93.093814,1.9969101,108.23882,8.6088944e-08,-0.81893271,1.2380489e-06,-2.2823309e-07,0.013536949,-2.0835755e-07,-0.26179939,-1.1003372e-11,7.4364455e-05,1,-0.7854,-1.0958353e-11,7.4354183e-05,1,0,0,0.063181693,-2.2867404e-05,0.41321134,140.1904,266.28353,59.5,0,1.0471976,0,0,nan,nan,11732.954,-459.09008,-0.0011636087,-512.71105,3.0840308e-08,-0.15171247,3.8070988e-06,0,0,0,0,0,0
58.3,3114.702,86.215335,-260.87365,93.144869,1.9969093,108.15299,8.575569e-08,-0.81825625,1.2229058e-06,-2.2735416e-07,0.013521099,-2.0780555e-07,-0.26179939,-1.0923041e-11,7.4346083e-05,1,-0.7854,-1.0878088e-11,7.4335778e-05,1,0,0,0.063187738,-2.2869995e-05,0.4130864,140.15661,260.87365,59.5,0,1.0471976,0,0,nan,nan,11733.427,-459.10572,-0.0011532778,-512.85347,3.0861747e-08,-0.15245412,3.8399253e-06,0,0,0,0,0,0
58.35,3119.3604,86.31518,-255.46806,93.195614,1.9969084,108.06704,8.5422213e-08,-0.81758057,1.2078136e-06,-2.2647462e-07,0.013505171,-2.072509e-07,-0.26179939,-1.0842826e-11,7.4327653e-05,1,-0.7854,-1.0797936e-11,7.4317316e-05,1,0,0,0.063193815,-2.2872591e-05,0.41296081,140.1226,255.46806,59.5,0,1.0471976,0,0,nan,nan,11733.855,-459.11955,-0.0011429566,-512.99453,3.0882573e-08,-0.15319274,3.8725949e-06,0,0,0,0,0,0
58.4,3124.0214,86.415026,-250.06678,93.246047,1.9969075,107.98096,8.508852e-08,-0.8169057,1.1927725e-06,-2.255945e-07,0.013489167,-2.0669362e-07,-0.26179939,-1.0762729e-11,7.4309166e-05,1,-0.7854,-1.0717907e-11,7.4298798e-05,1,0,0,0.063199922,-2.2875192e-05,0.41283459,140.08835,250.06678,59.5,0,1.0471976,0,0,nan,nan,11734.237,-459.13159,-0.0011326451,-513.13423,3.0902664e-08,-0.15392834,3.9051042e-06,0,0,0,0,0,0
58.45,3128.6849,86.514871,-244.6698,93.296171,1.9969067,107.89477,8.475462e-08,-0.81623163,1.1777826e-06,-2.2471381e-07,0.013473086,-2.0613374e-07,-0.26179939,-1.0682753e-11,7.4290622e-05,1,-0.7854,-1.0638e-11,7.4280223e-05,1,0,0,0.063206061,-2.2877797e-05,0.41270773,140.05387,244.6698,59.5,0,1.0471976,0,0,nan,nan,11734.575,-459.14185,-0.0011223434,-513.27258,3.0922086e-08,-0.1546609,3.9374481e-06,0,0,0,0,0,0
58.5,3133.3509,86.614716,-239.27713,93.345986,1.9969059,107.80846,8.4420519e-08,-0.81555836,1.1628439e-06,-2.2383258e-07,0.013456929,-2.0557127e-07,-0.26179939,-1.0602906e-11,7.4272023e-05,1,-0.7854,-1.0558227e-11,7.4261593e-05,1,0,0,0.063212229,-2.2880408e-05,0.41258024,140.01917,239.27713,59.5,0,1.0471976,0,0,nan,nan,11734.867,-459.15034,-0.0011120515,-513.40958,3.0940843e-08,-0.15539045,3.9696237e-06,0,0,0,0,0,0
58.55,3138.0194,86.714562,-233.88878,93.395491,1.996905,107.72203,8.4086226e-08,-0.8148859,1.1479565e-06,-2.2295083e-07,0.013440696,-2.0500622e-07,-0.26179939,-1.0523192e-11,7.4253369e-05,1,-0.7854,-1.0478588e-11,7.4242908e-05,1,0,0,0.063218428,-2.2883022e-05,0.41245214,139.98425,233.88878,59.5,0,1.0471976,0,0,nan,nan,11735.115,-459.15707,-0.0011017693,-513.54525,3.0958878e-08,-0.15611697,4.0016282e-06,0,0,0,0,0,0
58.6,3142.6904,86.814407,-228.50475,93.444688,1.9969042,107.63549,8.3751749e-08,-0.81421426,1.1331206e-06,-2.2206857e-07,0.013424387,-2.0443861e-07,-0.26179939,-1.0443614e-11,7.423466e-05,1,-0.7854,-1.0399088e-11,7.4224169e-05,1,0,0,0.063224657,-2.2885642e-05,0.41232341,139.9491,228.50475,59.5,0,1.0471976,0,0,nan,nan,11735.319,-459.16204,-0.0010914969,-513.67957,3.0976193e-08,-0.15684046,4.0334581e-06,0,0,0,0,0,0
58.65,3147.3638,86.914252,-223.12506,93.493577,1.9969034,107.54884,8.3417095e-08,-0.81354343,1.1183362e-06,-2.2118583e-07,0.013408003,-2.0386847e-07,-0.26179939,-1.0364178e-11,7.4215897e-05,1,-0.7854,-1.0319732e-11,7.4205376e-05,1,0,0,0.063230915,-2.2888265e-05,0.41219407,139.91374,223.12506,59.5,0,1.0471976,0,0,nan,nan,11735.478,-459.16527,-0.0010812342,-513.81256,3.0992732e-08,-0.15756094,4.0651093e-06,0,0,0,0,0,0
58.7,3152.0396,87.014097,-217.7497,93.542158,1.9969025,107.46208,8.3082272e-08,-0.81287343,1.1036035e-06,-2.2030263e-07,0.013391545,-2.0329581e-07,-0.26179939,-1.0284885e-11,7.4197081e-05,1,-0.7854,-1.024052e-11,7.418653e-05,1,0,0,0.063237203,-2.2890894e-05,0.41206412,139.87815,217.7497,59.5,0,1.0471976,0,0,nan,nan,11735.593,-459.16677,-0.0010709814,-513.94422,3.1008623e-08,-0.1582784,4.0965786e-06,0,0,0,0,0,0
58.75,3156.7179,87.113942,-212.37868,93.590433,1.9969017,107.37521,8.274729e-08,-0.81220425,1.0889225e-06,-2.1941898e-07,0.013375011,-2.0272065e-07,-0.26179939,-1.020574e-11,7.4178213e-05,1,-0.7854,-1.016146e-11,7.4167632e-05,1,0,0,0.06324352,-2.2893526e-05,0.41193357,139.84234,212.37868,59.5,0,1.0471976,0,0,nan,nan,11735.665,-459.16654,-0.0010607384,-514.07456,3.1023621e-08,-0.15899284,4.1278641e-06,0,0,0,0,0,0
58.8,3161.3986,87.213787,-207.01201,93.638402,1.9969009,107.28823,8.2412155e-08,-0.81153589,1.0742932e-06,-2.1853492e-07,0.013358403,-2.0214301e-07,-0.26179939,-1.0126747e-11,7.4159292e-05,1,-0.7854,-1.0082553e-11,7.4148682e-05,1,0,0,0.063249867,-2.2896163e-05,0.41180242,139.80632,207.01201,59.5,0,1.0471976,0,0,nan,nan,11735.693,-459.1646,-0.0010505052,-514.20357,3.1037981e-08,-0.15970426,4.1589604e-06,0,0,0,0,0,0
58.85,3166.0817,87.313632,-201.64968,93.686064,1.9969001,107.20115,8.2076877e-08,-0.81086837,1.0597159e-06,-2.1765046e-07,0.013341722,-2.0156291e-07,-0.26179939,-1.0047911e-11,7.4140319e-05,1,-0.7854,-1.0003806e-11,7.4129681e-05,1,0,0,0.063256242,-2.2898804e-05,0.41167068,139.77009,201.64968,59.5,0,1.0471976,0,0,nan,nan,11735.678,-459.16095,-0.0010402819,-514.33127,3.1051582e-08,-0.16041266,4.1898666e-06,0,0,0,0,0,0
58.9,3170.7671,87.413477,-196.29172,93.733421,1.9968994,107.11397,8.1741463e-08,-0.81020169,1.0451906e-06,-2.1676562e-07,0.013324966,-2.0098036e-07,-0.26179939,-9.9692372e-12,7.4121296e-05,1,-0.7854,-9.9252236e-12,7.4110629e-05,1,0,0,0.063262645,-2.2901449e-05,0.41153834,139.73364,196.29172,59.5,0,1.0471976,0,0,nan,nan,11735.62,-459.1556,-0.0010300686,-514.45766,3.1064367e-08,-0.16111805,4.2205791e-06,0,0,0,0,0,0
58.95,3175.4549,87.513322,-190.93811,93.780474,1.9968986,107.02669,8.1405923e-08,-0.80953584,1.0307173e-06,-2.1588043e-07,0.013308137,-2.0039539e-07,-0.26179939,-9.8907276e-12,7.4102222e-05,1,-0.7854,-9.8468068e-12,7.4091527e-05,1,0,0,0.063269077,-2.2904099e-05,0.41140543,139.69698,190.93811,59.5,0,1.0471976,0,0,nan,nan,11735.519,-459.14856,-0.0010198653,-514.58273,3.1076403e-08,-0.16182041,4.2510951e-06,0,0,0,0,0,0
59,3180.145,87.613167,-185.58887,93.827223,1.9968978,106.93931,8.1070264e-08,-0.80887084,1.0162962e-06,-2.1499491e-07,0.013291236,-1.9980802e-07,-0.26179939,-9.8123841e-12,7.4083098e-05,1,-0.7854,-9.768557e-12,7.4072375e-05,1,0,0,0.063275537,-2.2906752e-05,0.41127193,139.66011,185.58887,59.5,0,1.0471976,0,0,nan,nan,11735.376,-459.13985,-0.0010096719,-514.7065,3.1087695e-08,-0.16251976,4.2814111e-06,0,0,0,0,0,0
59.05,3184.8375,87.713012,-180.24401,93.873668,1.9968971,106.85184,8.0734496e-08,-0.80820669,1.0019273e-06,-2.1410907e-07,0.013274261,-1.9921826e-07,-0.26179939,-9.7342116e-12,7.4063925e-05,1,-0.7854,-9.6904816e-12,7.4053175e-05,1,0,0,0.063282025,-2.290941e-05,0.41113786,139.62304,180.24401,59.5,0,1.0471976,0,0,nan,nan,11735.19,-459.12946,-0.00099948869,-514.82898,3.1098061e-08,-0.1632161,4.3115243e-06,0,0,0,0,0,0
59.1,3189.5323,87.812857,-174.90352,93.91981,1.9968963,106.76427,8.0398627e-08,-0.80754338,9.8761071e-07,-2.1322295e-07,0.013257214,-1.9862615e-07,-0.26179939,-9.6562138e-12,7.4044704e-05,1,-0.7854,-9.6125825e-12,7.4033927e-05,1,0,0,0.063288541,-2.2912071e-05,0.41100322,139.58575,174.90352,59.5,0,1.0471976,0,0,nan,nan,11734.963,-459.11742,-0.00098931556,-514.95015,3.1107693e-08,-0.16390941,4.3414333e-06,0,0,0,0,0,0
59.15,3194.2294,87.912702,-169.56741,93.965649,1.9968956,106.67661,8.0062666e-08,-0.80688093,9.7334652e-07,-2.1233657e-07,0.013240095,-1.9803169e-07,-0.26179939,-9.5783947e-12,7.4025434e-05,1,-0.7854,-9.5348646e-12,7.401463e-05,1,0,0,0.063295084,-2.2914736e-05,0.41086801,139.54826,169.56741,59.5,0,1.0471976,0,0,nan,nan,11734.693,-459.10372,-0.00097915261,-515.07003,3.1116597e-08,-0.16459971,4.3711337e-06,0,0,0,0,0,0
59.2,3198.9288,88.012546,-164.23568,94.011187,1.9968948,106.58886,7.9726621e-08,-0.80621934,9.5913479e-07,-2.1144995e-07,0.013222904,-1.9743492e-07,-0.26179939,-9.5007573e-12,7.4006117e-05,1,-0.7854,-9.4573295e-12,7.3995287e-05,1,0,0,0.063301654,-2.2917405e-05,0.41073224,139.51057,164.23568,59.5,0,1.0471976,0,0,nan,nan,11734.382,-459.08839,-0.00096899991,-515.18863,3.1124591e-08,-0.165287,4.4006241e-06,0,0,0,0,0,0
59.25,3203.6304,88.112391,-158.90835,94.056423,1.9968941,106.50103,7.9390503e-08,-0.80555861,9.4497561e-07,-2.105631e-07,0.013205641,-1.9683585e-07,-0.26179939,-9.4233041e-12,7.3986754e-05,1,-0.7854,-9.3799812e-12,7.3975897e-05,1,0,0,0.063308251,-2.2920078e-05,0.41059592,139.47268,158.90835,59.5,0,1.0471976,0,0,nan,nan,11734.03,-459.07142,-0.00095885752,-515.30595,3.1131867e-08,-0.16597126,4.429901e-06,0,0,0,0,0,0
59.3,3208.3343,88.212236,-153.58541,94.101359,1.9968934,106.4131,7.9054318e-08,-0.80489874,9.3086904e-07,-2.0967607e-07,0.013188308,-1.962345e-07,-0.26179939,-9.3460394e-12,7.3967344e-05,1,-0.7854,-9.302821e-12,7.3956462e-05,1,0,0,0.063314875,-2.2922755e-05,0.41045904,139.43458,153.58541,59.5,0,1.0471976,0,0,nan,nan,11733.637,-459.05283,-0.00094872551,-515.42198,3.1138181e-08,-0.16665251,4.458963e-06,0,0,0,0,0,0
59.35,3213.0405,88.31208,-148.26686,94.145995,1.9968926,106.32509,7.8718077e-08,-0.80423975,9.1681516e-07,-2.0878886e-07,0.013170903,-1.956309e-07,-0.26179939,-9.2689652e-12,7.3947888e-05,1,-0.7854,-9.2258563e-12,7.393698e-05,1,0,0,0.063321525,-2.2925435e-05,0.41032162,139.39629,148.26686,59.5,0,1.0471976,0,0,nan,nan,11733.202,-459.03262,-0.00093860396,-515.53674,3.1143789e-08,-0.16733073,4.4878064e-06,0,0,0,0,0,0
59.4,3217.7488,88.411925,-142.95272,94.190331,1.9968919,106.237,7.8381788e-08,-0.80358162,9.0281405e-07,-2.0790151e-07,0.013153428,-1.9502506e-07,-0.26179939,-9.192087e-12,7.3928387e-05,1,-0.7854,-9.1490881e-12,7.3917455e-05,1,0,0,0.063328202,-2.2928118e-05,0.41018366,139.3578,142.95272,59.5,0,1.0471976,0,0,nan,nan,11732.727,-459.01081,-0.00092849292,-515.65023,3.114857e-08,-0.16800594,4.5164309e-06,0,0,0,0,0,0
59.45,3222.4594,88.51177,-137.64299,94.234368,1.9968912,106.14883,7.8045461e-08,-0.80292437,8.8886576e-07,-2.0701403e-07,0.013135883,-1.9441702e-07,-0.26179939,-9.1154056e-12,7.3908842e-05,1,-0.7854,-9.072518e-12,7.3897885e-05,1,0,0,0.063334905,-2.2930805e-05,0.41004516,139.31911,137.64299,59.5,0,1.0471976,0,0,nan,nan,11732.212,-458.9874,-0.0009183925,-515.76245,3.1152532e-08,-0.16867813,4.5448319e-06,0,0,0,0,0,0
59.5,3227.1722,88.611614,-132.33766,94.278106,1.9968905,106.06058,7.7709105e-08,-0.802268,8.7497037e-07,-2.0612645e-07,0.013118268,-1.9380679e-07,-0.26179939,-9.0389253e-12,7.3889253e-05,1,-0.7854,-8.9961501e-12,7.3878271e-05,1,0,0,0.063341634,-2.2933496e-05,0.40990612,139.28023,132.33766,59.5,0,1.0471976,0,0,nan,nan,11731.656,-458.96241,-0.00090830276,-515.87341,3.1155555e-08,-0.16934729,4.5730079e-06,0,0,0,0,0,0
59.55,3231.8871,88.711459,-127.03675,94.321547,1.9968898,105.97226,7.7372728e-08,-0.80161251,8.6112794e-07,-2.0523879e-07,0.013100583,-1.931944e-07,-0.26179939,-8.9626485e-12,7.386962e-05,1,-0.7854,-8.9199886e-12,7.3858614e-05,1,0,0,0.063348388,-2.293619e-05,0.40976656,139.24116,127.03675,59.5,0,1.0471976,0,0,nan,nan,11731.06,-458.93584,-0.0008982238,-515.98312,3.1157831e-08,-0.17001344,4.6009576e-06,0,0,0,0,0,0
59.6,3236.6042,88.811303,-121.74026,94.36469,1.9968892,105.88386,7.703634e-08,-0.80095791,8.4733855e-07,-2.0435108e-07,0.013082829,-1.9257986e-07,-0.26179939,-8.8865771e-12,7.3849945e-05,1,-0.7854,-8.8440325e-12,7.3838915e-05,1,0,0,0.063355168,-2.2938887e-05,0.40962647,139.2019,121.74026,59.5,0,1.0471976,0,0,nan,nan,11730.425,-458.9077,-0.00088815569,-516.09157,3.115918e-08,-0.17067656,4.6286775e-06,0,0,0,0,0,0
59.65,3241.3235,88.911148,-116.44819,94.407537,1.9968885,105.79538,7.6699949e-08,-0.80030419,8.3360225e-07,-2.0346335e-07,0.013065006,-1.9196321e-07,-0.26179939,-8.8107149e-12,7.3830227e-05,1,-0.7854,-8.768289e-12,7.3819174e-05,1,0,0,0.063361973,-2.2941587e-05,0.40948586,139.16244,116.44819,59.5,0,1.0471976,0,0,nan,nan,11729.75,-458.878,-0.00087809854,-516.19877,3.1159795e-08,-0.17133666,4.6561664e-06,0,0,0,0,0,0
59.7,3246.0449,89.010992,-111.16055,94.450088,1.9968878,105.70684,7.6363567e-08,-0.79965137,8.199191e-07,-2.025756e-07,0.013047115,-1.9134446e-07,-0.26179939,-8.735066e-12,7.3810468e-05,1,-0.7854,-8.6927597e-12,7.3799392e-05,1,0,0,0.063368804,-2.2944291e-05,0.40934474,139.1228,111.16055,59.5,0,1.0471976,0,0,nan,nan,11729.036,-458.84675,-0.00086805243,-516.30472,3.1159494e-08,-0.17199373,4.683423e-06,0,0,0,0,0,0
59.75,3250.7684,89.110836,-105.87733,94.492343,1.9968872,105.61822,7.60272e-08,-0.79899944,8.0628917e-07,-2.0168788e-07,0.013029155,-1.9072364e-07,-0.26179939,-8.6596305e-12,7.3790668e-05,1,-0.7854,-8.6174443e-12,7.3779569e-05,1,0,0,0.063375658,-2.2946997e-05,0.40920311,139.08297,105.87733,59.5,0,1.0471976,0,0,nan,nan,11728.283,-458.81396,-0.00085801746,-516.40943,3.1158346e-08,-0.17264777,4.7104424e-06,0,0,0,0,0,0
59.8,3255.4941,89.210681,-100.59855,94.534304,1.9968865,105.52954,7.569086e-08,-0.79834842,7.9271251e-07,-2.0080021e-07,0.013011127,-1.9010077e-07,-0.26179939,-8.5844126e-12,7.3770827e-05,1,-0.7854,-8.5423497e-12,7.3759705e-05,1,0,0,0.063382538,-2.2949707e-05,0.40906097,139.04296,100.59855,59.5,0,1.0471976,0,0,nan,nan,11727.491,-458.77964,-0.00084799374,-516.51291,3.1156358e-08,-0.17329879,4.7372262e-06,0,0,0,0,0,0
59.85,3260.2218,89.310525,-95.324202,94.57597,1.9968859,105.44079,7.5354554e-08,-0.7976983,7.7918918e-07,-1.999126e-07,0.012993031,-1.8947588e-07,-0.26179939,-8.5094137e-12,7.3750946e-05,1,-0.7854,-8.4674726e-12,7.3739803e-05,1,0,0,0.063389442,-2.295242e-05,0.40891833,139.00276,95.324202,59.5,0,1.0471976,0,0,nan,nan,11726.66,-458.74379,-0.00083798136,-516.61516,3.1153472e-08,-0.17394677,4.763771e-06,0,0,0,0,0,0
59.9,3264.9516,89.410369,-90.054293,94.617343,1.9968852,105.35198,7.5018293e-08,-0.79704908,7.6571923e-07,-1.9902509e-07,0.012974868,-1.8884899e-07,-0.26179939,-8.4346368e-12,7.3731026e-05,1,-0.7854,-8.392823e-12,7.3719861e-05,1,0,0,0.06339637,-2.2955135e-05,0.40877519,138.96238,90.054293,59.5,0,1.0471976,0,0,nan,nan,11725.791,-458.70643,-0.00082798043,-516.71618,3.1149758e-08,-0.17459173,4.7900746e-06,0,0,0,0,0,0
59.95,3269.6834,89.510214,-84.788827,94.658423,1.9968846,105.26311,7.4682086e-08,-0.79640078,7.5230272e-07,-1.9813769e-07,0.012956638,-1.8822012e-07,-0.26179939,-8.3600861e-12,7.3711068e-05,1,-0.7854,-8.3183992e-12,7.369988e-05,1,0,0,0.063403322,-2.2957854e-05,0.40863156,138.92182,84.788827,59.5,0,1.0471976,0,0,nan,nan,11724.884,-458.66757,-0.00081799106,-516.81597,3.114516e-08,-0.17523365,4.8161367e-06,0,0,0,0,0,0
60,3274.4173,89.610058,-79.527806,94.69921,1.996884,105.17418,7.4345942e-08,-0.79575338,7.3893971e-07,-1.9725043e-07,0.012938341,-1.875893e-07,-0.26179939,-8.2857632e-12,7.3691071e-05,1,-0.7854,-8.244204e-12,7.3679862e-05,1,0,0,0.063410298,-2.2960575e-05,0.40848744,138.88108,79.527806,59.5,0,1.0471976,0,0,nan,nan,11723.938,-458.62721,-0.00080801335,-516.91454,3.1139745e-08,-0.17587254,4.8419536e-06,0,0,0,0,0,0
60.05,3279.1533,89.709902,-74.271233,94.739706,1.9968834,105.08518,7.400987e-08,-0.79510691,7.2563023e-07,-1.9636334e-07,0.012919978,-1.8695656e-07,-0.26179939,-8.2116693e-12,7.3671036e-05,1,-0.7854,-8.1702387e-12,7.3659807e-05,1,0,0,0.063417297,-2.2963299e-05,0.40834283,138.84016,74.271233,59.5,0,1.0471976,0,0,nan,nan,11722.956,-458.58536,-0.00079804742,-517.0119,3.1133397e-08,-0.17650839,4.8675249e-06,0,0,0,0,0,0
60.1,3283.8912,89.809746,-69.01911,94.77991,1.9968828,104.99614,7.367388e-08,-0.79446135,7.1237435e-07,-1.9547645e-07,0.012901548,-1.8632191e-07,-0.26179939,-8.1378057e-12,7.3650964e-05,1,-0.7854,-8.0965037e-12,7.3639714e-05,1,0,0,0.06342432,-2.2966026e-05,0.40819775,138.79906,69.01911,59.5,0,1.0471976,0,0,nan,nan,11721.935,-458.54203,-0.00078809338,-517.10805,3.1126307e-08,-0.1771412,4.8928489e-06,0,0,0,0,0,0
60.15,3288.6312,89.90959,-63.771442,94.819824,1.9968822,104.90703,7.3337981e-08,-0.79381671,6.991721e-07,-1.9458977e-07,0.012883053,-1.8568539e-07,-0.26179939,-8.0641759e-12,7.3630856e-05,1,-0.7854,-8.0230077e-12,7.3619586e-05,1,0,0,0.063431365,-2.2968755e-05,0.40805219,138.75779,63.771442,59.5,0,1.0471976,0,0,nan,nan,11720.878,-458.49723,-0.00077815135,-517.20299,3.1118234e-08,-0.17777098,4.917924e-06,0,0,0,0,0,0
60.2,3293.3731,90.009434,-58.52823,94.859448,1.9968816,104.81788,7.3002182e-08,-0.79317301,6.8602354e-07,-1.9370333e-07,0.012864492,-1.8504701e-07,-0.26179939,-7.9907848e-12,7.3610712e-05,1,-0.7854,-7.9497501e-12,7.3599422e-05,1,0,0,0.063438434,-2.2971486e-05,0.40790616,138.71635,58.52823,59.5,0,1.0471976,0,0,nan,nan,11719.783,-458.45097,-0.00076822145,-517.29673,3.1109433e-08,-0.17839771,4.9427489e-06,0,0,0,0,0,0
60.25,3298.117,90.109278,-53.289477,94.898782,1.996881,104.72867,7.2666493e-08,-0.79253023,6.729287e-07,-1.9281715e-07,0.012845866,-1.8440681e-07,-0.26179939,-7.9176315e-12,7.3590532e-05,1,-0.7854,-7.8767297e-12,7.3579222e-05,1,0,0,0.063445525,-2.2974221e-05,0.40775966,138.67474,53.289477,59.5,0,1.0471976,0,0,nan,nan,11718.652,-458.40326,-0.00075830381,-517.38927,3.10996e-08,-0.17902139,4.9673213e-06,0,0,0,0,0,0
60.3,3302.8629,90.209122,-48.055185,94.937828,1.9968804,104.63941,7.2330924e-08,-0.79188838,6.5988762e-07,-1.9193126e-07,0.012827175,-1.8376481e-07,-0.26179939,-7.8447194e-12,7.3570318e-05,1,-0.7854,-7.8039537e-12,7.3558988e-05,1,0,0,0.063452639,-2.2976957e-05,0.4076127,138.63295,48.055185,59.5,0,1.0471976,0,0,nan,nan,11717.484,-458.35411,-0.00074839853,-517.48061,3.1088989e-08,-0.17964204,4.9916411e-06,0,0,0,0,0,0
60.35,3307.6107,90.308967,-42.825358,94.976586,1.9968799,104.5501,7.1995483e-08,-0.79124748,6.4690036e-07,-1.9104569e-07,0.01280842,-1.8312102e-07,-0.26179939,-7.7720502e-12,7.3550069e-05,1,-0.7854,-7.7314212e-12,7.3538721e-05,1,0,0,0.063459776,-2.2979696e-05,0.40746528,138.59099,42.825358,59.5,0,1.0471976,0,0,nan,nan,11716.279,-458.30352,-0.00073850576,-517.57077,3.1077483e-08,-0.18025963,5.0157061e-06,0,0,0,0,0,0
60.4,3312.3605,90.40881,-37.599997,95.015056,1.9968793,104.46075,7.166018e-08,-0.79060751,6.3396695e-07,-1.9016046e-07,0.0127896,-1.8247549e-07,-0.26179939,-7.6996236e-12,7.3529787e-05,1,-0.7854,-7.6591311e-12,7.3518419e-05,1,0,0,0.063466934,-2.2982437e-05,0.4073174,138.54887,37.599997,59.5,0,1.0471976,0,0,nan,nan,11715.039,-458.2515,-0.00072862561,-517.65974,3.106515e-08,-0.18087417,5.039515e-06,0,0,0,0,0,0
60.45,3317.1121,90.508654,-32.379105,95.05324,1.9968787,104.37136,7.1325025e-08,-0.78996848,6.2108741e-07,-1.8927559e-07,0.012770717,-1.8182823e-07,-0.26179939,-7.6274446e-12,7.3509471e-05,1,-0.7854,-7.5870906e-12,7.3498085e-05,1,0,0,0.063474114,-2.2985181e-05,0.40716908,138.50658,32.379105,59.5,0,1.0471976,0,0,nan,nan,11713.763,-458.19807,-0.00071875821,-517.74753,3.1051936e-08,-0.18148566,5.0630668e-06,0,0,0,0,0,0
60.5,3321.8657,90.608498,-27.162683,95.091137,1.9968782,104.28192,7.0990026e-08,-0.7893304,6.082618e-07,-1.8839111e-07,0.01275177,-1.8117926e-07,-0.26179939,-7.5555148e-12,7.3489122e-05,1,-0.7854,-7.5153009e-12,7.3477719e-05,1,0,0,0.063481316,-2.2987926e-05,0.40702031,138.46412,27.162683,59.5,0,1.0471976,0,0,nan,nan,11712.451,-458.14324,-0.00070890371,-517.83414,3.1037847e-08,-0.18209409,5.0863605e-06,0,0,0,0,0,0
60.55,3326.6212,90.708342,-21.950735,95.128749,1.9968777,104.19244,7.0655193e-08,-0.78869327,5.9549014e-07,-1.8750704e-07,0.01273276,-1.8052863e-07,-0.26179939,-7.4838355e-12,7.3468742e-05,1,-0.7854,-7.4437623e-12,7.345732e-05,1,0,0,0.063488539,-2.2990674e-05,0.40687109,138.4215,21.950735,59.5,0,1.0471976,0,0,nan,nan,11711.103,-458.087,-0.00069906222,-517.91958,3.1022889e-08,-0.18269947,5.1093949e-06,0,0,0,0,0,0
60.6,3331.3785,90.808186,-16.743261,95.166076,1.9968771,104.10292,7.0320536e-08,-0.78805708,5.8277247e-07,-1.8662341e-07,0.012713686,-1.7987634e-07,-0.26179939,-7.412409e-12,7.344833e-05,1,-0.7854,-7.3724774e-12,7.3436891e-05,1,0,0,0.063495784,-2.2993423e-05,0.40672144,138.37872,16.743261,59.5,0,1.0471976,0,0,nan,nan,11709.72,-458.02937,-0.00068923388,-518.00385,3.1007132e-08,-0.18330178,5.1321686e-06,0,0,0,0,0,0
60.65,3336.1377,90.90803,-11.540265,95.203119,1.9968766,104.01336,6.9986063e-08,-0.78742186,5.7010881e-07,-1.8574025e-07,0.01269455,-1.7922243e-07,-0.26179939,-7.3412357e-12,7.3427887e-05,1,-0.7854,-7.301447e-12,7.341643e-05,1,0,0,0.06350305,-2.2996175e-05,0.40657136,138.33578,11.540265,59.5,0,1.0471976,0,0,nan,nan,11708.302,-457.97036,-0.00067941884,-518.08695,3.0990457e-08,-0.18390104,5.1546813e-06,0,0,0,0,0,0
60.7,3340.8987,91.007874,-6.3417469,95.239879,1.9968761,103.92377,6.9651785e-08,-0.78678759,5.574992e-07,-1.8485757e-07,0.012675352,-1.7856692e-07,-0.26179939,-7.2703177e-12,7.3407413e-05,1,-0.7854,-7.2306725e-12,7.339594e-05,1,0,0,0.063510337,-2.2998928e-05,0.40642085,138.29268,6.3417469,59.5,0,1.0471976,0,0,nan,nan,11706.85,-457.90998,-0.00066961722,-518.1689,3.0972873e-08,-0.18449723,5.1769309e-06,0,0,0,0,0,0
60.75,3345.6616,91.107718,-1.1477095,95.276355,1.9968756,103.83414,6.931771e-08,-0.78615429,5.4494366e-07,-1.839754e-07,0.012656092,-1.7790985e-07,-0.26179939,-7.1996556e-12,7.338691e-05,1,-0.7854,-7.1601536e-12,7.337542e-05,1,0,0,0.063517644,-2.3001684e-05,0.40626991,138.24942,1.1477095,59.5,0,1.0471976,0,0,nan,nan,11705.362,-457.84823,-0.00065982918,-518.24969,3.0954508e-08,-0.18509035,5.198917e-06,0,0,0,0,0,0
