alpha_rad,mach,CN,CA,CM,CMQ,CNR,CLP,CNB,CYB
-3.141593,0.0000,-0.000000,0.000000,-0.000000,-0.083590,0.000000,0.000000,0.000000,0.000000
-3.141593,0.2000,-0.000000,0.000000,-0.000000,-0.083590,0.000000,0.000000,0.000000,0.000000
-3.141593,0.4000,-0.000000,0.000000,-0.000000,-0.087840,0.000000,0.000000,0.000000,0.000000
-3.141593,0.6000,-0.000000,0.000000,-0.000000,-0.094490,0.000000,0.000000,0.000000,0.000000
-3.141593,0.8000,-0.000000,0.000000,-0.000000,-0.108000,0.000000,0.000000,0.000000,0.000000
-3.141593,0.9500,-0.000000,0.000000,-0.000000,-0.130400,0.000000,0.000000,0.000000,0.000000
-3.141593,1.0500,-90.025000,0.236000,-0.573700,-0.211100,0.000000,0.000000,0.000000,-80.385979
-3.141593,1.2000,-82.107000,0.246000,-0.537900,-0.167000,0.000000,0.000000,0.000000,-73.224006
-3.141593,1.4000,-80.148000,0.246000,-0.534500,-0.133500,0.000000,0.000000,0.000000,-71.390541
-3.141593,1.8000,-75.282000,0.258000,-0.508700,-0.120000,0.000000,0.000000,0.000000,-64.973414
-3.141593,2.2000,-67.178000,0.249000,-0.456600,-0.109600,0.000000,0.000000,0.000000,-57.410371
-3.141593,2.6000,-57.755000,0.235000,-0.393400,-0.099080,0.000000,0.000000,0.000000,-49.199886
-3.141593,3.0000,-50.232000,0.221000,-0.342500,-0.088170,0.000000,0.000000,0.000000,-42.862973
-3.141593,3.5000,-43.504000,0.212000,-0.296800,-0.077670,0.000000,0.000000,0.000000,-37.402685
-3.141593,4.0000,-38.184000,0.205000,-0.260700,-0.069140,0.000000,0.000000,0.000000,-33.311766
-3.141593,4.5000,-33.996000,0.198000,-0.232200,-0.062240,0.000000,0.000000,0.000000,-29.977152
-3.141593,5.0000,-30.704000,0.194000,-0.209800,-0.056660,0.000000,0.000000,0.000000,-27.118092
-3.054326,0.0000,-0.000000,0.000000,-30.779800,-0.083590,-11.260000,0.000000,0.000000,0.000000
-3.054326,0.2000,-0.000000,0.000000,-30.714000,-0.083590,-11.290000,0.000000,0.000000,0.000000
-3.054326,0.4000,-0.000000,0.000000,-30.977200,-0.087840,-11.430000,0.000000,0.000000,0.000000
-3.054326,0.6000,-0.000000,0.000000,-31.397600,-0.094490,-11.700000,0.000000,0.000000,0.000000
-3.054326,0.8000,-0.000000,0.000000,-30.609100,-0.108000,-11.600000,0.000000,0.000000,0.000000
-3.054326,0.9500,-0.000000,0.000000,-28.047300,-0.130400,-10.800000,0.000000,0.000000,0.000000
-3.054326,1.0500,-83.180000,7.431000,-1.211300,-0.211100,-10.800000,0.000000,0.000000,-68.926823
-3.054326,1.2000,-75.850000,6.807000,-1.145400,-0.167000,-10.800000,0.000000,0.000000,-63.197245
-3.054326,1.4000,-74.021000,6.644000,-1.144700,-0.133500,-10.800000,0.000000,0.000000,-62.223217
-3.054326,1.8000,-69.706000,6.264000,-1.020700,-0.120000,-10.800000,0.000000,0.000000,-56.367588
-3.054326,2.2000,-62.283000,5.606000,-0.891200,-0.109600,-10.800000,0.000000,0.000000,-49.022269
-3.054326,2.6000,-53.608000,4.843000,-0.753600,-0.099080,-10.800000,0.000000,0.000000,-40.840432
-3.054326,3.0000,-46.675000,4.231000,-0.647100,-0.088170,-10.800000,0.000000,0.000000,-34.285794
-3.054326,3.5000,-40.472000,3.686000,-0.553500,-0.077670,-10.800000,0.000000,0.000000,-28.258278
-3.054326,4.0000,-35.564000,3.256000,-0.481100,-0.069140,-10.800000,0.000000,0.000000,-23.319382
-3.054326,4.5000,-31.701000,2.916000,-0.425100,-0.062240,-10.800000,0.000000,0.000000,-19.543590
-3.054326,5.0000,-28.668000,2.649000,-0.381500,-0.056660,-10.800000,0.000000,0.000000,-16.764745
-2.967060,0.0000,-60.148000,8.818000,-30.429800,-0.083590,-10.830000,-1.452000,1.099506,0.000000
-2.967060,0.2000,-60.246000,9.063000,-30.370400,-0.083590,-10.860000,-1.452000,1.057680,0.000000
-2.967060,0.4000,-60.835000,9.168000,-30.709800,-0.087840,-11.010000,-1.452000,0.034412,0.000000
-2.967060,0.6000,-61.937000,9.317000,-31.257400,-0.094490,-11.270000,-0.739600,-1.676475,0.000000
-2.967060,0.8000,-61.224000,9.154000,-30.583800,-0.108000,-11.180000,-1.005000,-3.048135,0.000000
-2.967060,0.9500,-57.305000,8.509000,-27.984200,-0.130400,-10.400000,-0.980500,-2.158332,0.000000
-2.967060,1.0500,-76.832000,13.436000,-1.650000,-0.211100,-10.400000,-0.980500,0.000000,-57.467667
-2.967060,1.2000,-70.014000,12.258000,-1.591100,-0.167000,-10.400000,-0.980500,0.000000,-53.010055
-2.967060,1.4000,-68.253000,11.927000,-1.616400,-0.133500,-10.400000,-0.980500,0.000000,-52.884004
-2.967060,1.8000,-64.475000,11.222000,-1.412000,-0.120000,-10.400000,-0.980500,0.000000,-47.160156
-2.967060,2.2000,-57.759000,10.026000,-1.218600,-0.109600,-10.400000,-0.980500,0.000000,-39.356471
-2.967060,2.6000,-49.882000,8.650000,-1.021600,-0.099080,-10.400000,-0.980500,0.000000,-30.498543
-2.967060,3.0000,-43.599000,7.549000,-0.872500,-0.088170,-10.400000,-0.980500,0.000000,-23.548565
-2.967060,3.5000,-38.010000,6.564000,-0.744700,-0.077670,-10.400000,-0.980500,0.000000,-18.111196
-2.967060,4.0000,-33.620000,5.786000,-0.647400,-0.069140,-10.400000,-0.980500,0.000000,-14.215083
-2.967060,4.5000,-30.144000,5.170000,-0.573200,-0.062240,-10.400000,-0.980500,0.000000,-11.539370
-2.967060,5.0000,-27.381000,4.686000,-0.515100,-0.056660,-10.400000,-0.980500,0.000000,-9.591313
-2.879793,0.0000,-55.967000,12.593000,-30.587900,-0.083590,-10.250000,-2.075000,-4.033050,-35.918724
-2.879793,0.2000,-56.002000,12.828000,-30.529400,-0.083590,-10.280000,-2.075000,-3.971170,-36.388550
-2.879793,0.4000,-56.460000,12.925000,-30.971200,-0.087840,-10.430000,-2.075000,-5.280952,-37.803755
-2.879793,0.6000,-57.347000,13.069000,-31.690300,-0.094490,-10.690000,-1.656000,-7.505747,-40.129964
-2.879793,0.8000,-56.625000,12.806000,-31.141000,-0.108000,-10.620000,-1.821000,-9.018356,-40.416443
-2.879793,0.9500,-53.151000,11.971000,-28.424000,-0.130400,-9.870000,-1.731000,-7.242187,-35.935913
-2.879793,1.0500,-71.133000,18.457000,-1.872500,-0.211100,-9.870000,-1.731000,0.000000,-45.916838
-2.879793,1.2000,-64.771000,16.760000,-1.854100,-0.167000,-9.870000,-1.731000,0.000000,-42.444713
-2.879793,1.4000,-63.037000,16.227000,-1.932700,-0.133500,-9.870000,-1.731000,0.000000,-42.799947
-2.879793,1.8000,-59.848000,15.250000,-1.674400,-0.120000,-9.870000,-1.731000,0.000000,-35.947372
-2.879793,2.2000,-53.980000,13.617000,-1.437100,-0.109600,-9.870000,-1.731000,0.000000,-26.934746
-2.879793,2.6000,-47.068000,11.742000,-1.203000,-0.099080,-9.870000,-1.731000,0.000000,-19.635264
-2.879793,3.0000,-41.519000,10.244000,-1.030400,-0.088170,-9.870000,-1.731000,0.000000,-14.765122
-2.879793,3.5000,-36.416000,8.900000,-0.880200,-0.077670,-9.870000,-1.731000,0.000000,-11.596666
-2.879793,4.0000,-32.303000,7.841000,-0.763700,-0.069140,-9.870000,-1.731000,0.000000,-9.218891
-2.879793,4.5000,-28.993000,7.013000,-0.668000,-0.062240,-9.870000,-1.731000,0.000000,-7.316671
-2.879793,5.0000,-26.365000,6.369000,-0.589200,-0.056660,-9.870000,-1.731000,0.000000,-5.522740
-2.792527,0.0000,-52.168000,16.009000,-31.133600,-0.083590,-9.529000,-2.822000,-7.987032,-29.203659
-2.792527,0.2000,-52.148000,16.227000,-31.063500,-0.083590,-9.555000,-2.822000,-7.700553,-29.604729
-2.792527,0.4000,-52.495000,16.303000,-31.631500,-0.087840,-9.701000,-2.822000,-9.253268,-30.807941
-2.792527,0.6000,-53.202000,16.420000,-32.567100,-0.094490,-9.962000,-2.715000,-11.974818,-32.733079
-2.792527,0.8000,-52.502000,16.065000,-32.157400,-0.108000,-9.903000,-2.773000,-13.676503,-32.664324
-2.792527,0.9500,-49.458000,15.102000,-29.248400,-0.130400,-9.194000,-2.605000,-11.270080,-28.057743
-2.792527,1.0500,-66.220000,22.682000,-1.894800,-0.211100,-9.194000,-2.605000,0.000000,-34.366009
-2.792527,1.2000,-60.304000,20.476000,-1.942100,-0.167000,-9.194000,-2.605000,0.000000,-31.369439
-2.792527,1.4000,-58.625000,19.673000,-2.100500,-0.133500,-9.194000,-2.605000,0.000000,-31.432465
-2.792527,1.8000,-56.243000,18.475000,-1.812300,-0.120000,-9.194000,-2.605000,0.000000,-23.307923
-2.792527,2.2000,-51.383000,16.481000,-1.554900,-0.109600,-9.194000,-2.605000,0.000000,-18.139844
-2.792527,2.6000,-45.059000,14.204000,-1.297800,-0.099080,-9.194000,-2.605000,0.000000,-14.129139
-2.792527,3.0000,-39.835000,12.393000,-1.107000,-0.088170,-9.194000,-2.605000,0.000000,-12.037843
-2.792527,3.5000,-34.965000,10.794000,-0.929100,-0.077670,-9.194000,-2.605000,0.000000,-9.041274
-2.792527,4.0000,-31.109000,9.567000,-0.778300,-0.069140,-9.194000,-2.605000,0.000000,-6.302536
-2.792527,4.5000,-28.057000,8.602000,-0.660000,-0.062240,-9.194000,-2.605000,0.000000,-2.774262
-2.792527,5.0000,-25.675000,7.860000,-0.559200,-0.056660,-9.194000,-2.605000,0.000000,0.102903
-2.705260,0.0000,-48.670000,19.198000,-31.981600,-0.083590,-8.678000,-3.678000,-11.241432,-23.531377
-2.705260,0.2000,-48.604000,19.397000,-31.873300,-0.083590,-8.703000,-3.678000,-10.473668,-23.846503
-2.705260,0.4000,-48.862000,19.449000,-32.586000,-0.087840,-8.841000,-3.678000,-12.146705,-24.820532
-2.705260,0.6000,-49.435000,19.542000,-33.780400,-0.094490,-9.090000,-3.880000,-15.275055,-26.241467
-2.705260,0.8000,-48.799000,19.122000,-33.528400,-0.108000,-9.044000,-3.794000,-20.380109,-26.865991
-2.705260,0.9500,-46.224000,18.099000,-30.390900,-0.130400,-8.389000,-3.561000,-15.767799,-21.296841
-2.705260,1.0500,-62.220000,26.261000,-1.755700,-0.211100,-8.389000,-3.561000,0.000000,-23.348030
-2.705260,1.2000,-56.801000,23.540000,-1.885200,-0.167000,-8.389000,-3.561000,0.000000,-20.122278
-2.705260,1.4000,-55.320000,22.400000,-2.133400,-0.133500,-8.389000,-3.561000,0.000000,-19.423269
-2.705260,1.8000,-53.856000,21.009000,-1.843000,-0.120000,-8.389000,-3.561000,0.000000,-16.254813
-2.705260,2.2000,-49.194000,18.728000,-1.568200,-0.109600,-8.389000,-3.561000,0.000000,-15.590182
-2.705260,2.6000,-43.257000,16.168000,-1.288600,-0.099080,-8.389000,-3.561000,0.000000,-13.034790
-2.705260,3.0000,-38.245000,14.182000,-1.068100,-0.088170,-8.389000,-3.561000,0.000000,-9.740283
-2.705260,3.5000,-33.804000,12.453000,-0.861600,-0.077670,-8.389000,-3.561000,0.000000,-5.301006
-2.705260,4.0000,-30.270000,11.117000,-0.690900,-0.069140,-8.389000,-3.561000,0.000000,-0.848550
-2.705260,4.5000,-27.671000,10.075000,-0.552600,-0.062240,-8.389000,-3.561000,0.000000,2.640762
-2.705260,5.0000,-25.620000,9.259000,-0.437900,-0.056660,-8.389000,-3.561000,0.000000,5.149745
-2.617994,0.0000,-45.358000,22.218000,-33.095500,-0.083590,-7.727000,-4.663000,-17.051224,-20.809827
-2.617994,0.2000,-45.254000,22.398000,-32.891100,-0.083590,-7.748000,-4.663000,-15.928227,-21.205168
-2.617994,0.4000,-45.443000,22.436000,-33.751500,-0.087840,-7.874000,-4.663000,-18.798745,-22.408379
-2.617994,0.6000,-45.919000,22.523000,-35.233000,-0.094490,-8.103000,-4.827000,-30.825129,-26.963394
-2.617994,0.8000,-45.260000,21.889000,-35.714800,-0.108000,-8.098000,-4.839000,-33.151338,-24.350706
-2.617994,0.9500,-43.227000,20.975000,-32.000100,-0.130400,-7.490000,-4.596000,-19.090954,-14.862525
-2.617994,1.0500,-59.195000,29.289000,-1.504200,-0.211100,-7.490000,-4.596000,0.000000,-13.710880
-2.617994,1.2000,-54.424000,26.051000,-1.725500,-0.167000,-7.490000,-4.596000,0.000000,-9.923629
-2.617994,1.4000,-53.316000,24.509000,-2.066300,-0.133500,-7.490000,-4.596000,0.000000,-12.032114
-2.617994,1.8000,-51.787000,22.966000,-1.771500,-0.120000,-7.490000,-4.596000,0.000000,-15.177652
-2.617994,2.2000,-47.274000,20.521000,-1.476500,-0.109600,-7.490000,-4.596000,0.000000,-15.171922
-2.617994,2.6000,-41.567000,17.852000,-1.163600,-0.099080,-7.490000,-4.596000,0.000000,-11.178407
-2.617994,3.0000,-37.053000,15.765000,-0.933200,-0.088170,-7.490000,-4.596000,0.000000,-6.210862
-2.617994,3.5000,-33.059000,13.986000,-0.704600,-0.077670,-7.490000,-4.596000,0.000000,-0.671507
-2.617994,4.0000,-30.104000,12.571000,-0.524900,-0.069140,-7.490000,-4.596000,0.000000,3.544317
-2.617994,4.5000,-27.762000,11.450000,-0.374600,-0.062240,-7.490000,-4.596000,0.000000,5.855629
-2.617994,5.0000,-25.905000,10.558000,-0.246300,-0.056660,-7.490000,-4.596000,0.000000,8.571449
-2.530727,0.0000,-41.910000,24.862000,-34.957900,-0.083590,-6.724000,-6.034000,-53.359559,-31.827806
-2.530727,0.2000,-41.757000,25.004000,-34.653200,-0.083590,-6.743000,-6.034000,-53.032974,-31.822076
-2.530727,0.4000,-41.840000,24.964000,-35.867400,-0.087840,-6.862000,-6.034000,-55.238861,-31.650189
-2.530727,0.6000,-41.856000,24.530000,-39.160100,-0.094490,-7.129000,-5.748000,-57.295780,-29.816724
-2.530727,0.8000,-41.689000,24.249000,-39.314800,-0.108000,-7.107000,-6.007000,-40.708651,-19.669641
-2.530727,0.9500,-40.535000,23.961000,-33.723100,-0.130400,-6.509000,-5.690000,-20.282706,-8.582908
-2.530727,1.0500,-57.191000,31.814000,-1.190800,-0.211100,-6.509000,-5.690000,0.000000,-6.359832
-2.530727,1.2000,-53.224000,28.064000,-1.507800,-0.167000,-6.509000,-5.690000,0.000000,-4.946918
-2.530727,1.4000,-51.935000,26.083000,-1.920700,-0.133500,-6.509000,-5.690000,0.000000,-12.037843
-2.530727,1.8000,-50.033000,24.505000,-1.610400,-0.120000,-6.509000,-5.690000,0.000000,-15.446942
-2.530727,2.2000,-45.403000,22.071000,-1.284900,-0.109600,-6.509000,-5.690000,0.000000,-14.106221
-2.530727,2.6000,-40.279000,19.336000,-0.969600,-0.099080,-6.509000,-5.690000,0.000000,-8.783443
-2.530727,3.0000,-36.222000,17.260000,-0.720000,-0.088170,-6.509000,-5.690000,0.000000,-2.665400
-2.530727,3.5000,-32.902000,15.396000,-0.493900,-0.077670,-6.509000,-5.690000,0.000000,2.015093
-2.530727,4.0000,-30.249000,13.899000,-0.302600,-0.069140,-6.509000,-5.690000,0.000000,4.767009
-2.530727,4.5000,-28.182000,12.680000,-0.141900,-0.062240,-6.509000,-5.690000,0.000000,7.832333
-2.530727,5.0000,-26.740000,11.725000,0.018900,-0.056660,-6.509000,-5.690000,0.000000,10.250215
-2.443461,0.0000,-37.125000,25.506000,-42.408700,-0.083590,-5.838000,-7.258000,-94.595332,-37.494358
-2.443461,0.2000,-36.996000,25.664000,-42.147200,-0.083590,-5.854000,-7.258000,-91.444064,-36.652110
-2.443461,0.4000,-37.207000,25.742000,-43.392500,-0.087840,-5.957000,-7.258000,-86.000965,-33.959209
-2.443461,0.6000,-37.893000,26.132000,-45.233400,-0.094490,-6.133000,-7.137000,-66.577696,-23.857963
-2.443461,0.8000,-38.453000,26.837000,-42.820000,-0.108000,-6.026000,-7.259000,-38.749136,-12.559235
-2.443461,0.9500,-37.942000,27.008000,-35.540000,-0.130400,-5.489000,-6.783000,-23.382408,-4.765290
-2.443461,1.0500,-56.193000,33.842000,-0.861700,-0.211100,-5.489000,-6.783000,0.000000,-4.069719
-2.443461,1.2000,-52.565000,29.602000,-1.264800,-0.167000,-5.489000,-6.783000,0.000000,-7.190620
-2.443461,1.4000,-50.677000,27.234000,-1.708900,-0.133500,-5.489000,-6.783000,0.000000,-14.026007
-2.443461,1.8000,-48.362000,25.807000,-1.372100,-0.120000,-5.489000,-6.783000,0.000000,-16.621506
-2.443461,2.2000,-43.975000,23.416000,-1.047900,-0.109600,-5.489000,-6.783000,0.000000,-12.370159
-2.443461,2.6000,-39.235000,20.747000,-0.713700,-0.099080,-5.489000,-6.783000,0.000000,-6.388479
-2.443461,3.0000,-35.976000,18.586000,-0.476800,-0.088170,-5.489000,-6.783000,0.000000,-1.310354
-2.443461,3.5000,-33.002000,16.636000,-0.242700,-0.077670,-5.489000,-6.783000,0.000000,1.588812
-2.443461,4.0000,-30.696000,15.051000,-0.029900,-0.069140,-5.489000,-6.783000,0.000000,4.942334
-2.443461,4.5000,-29.103000,13.753000,0.167400,-0.062240,-5.489000,-6.783000,0.000000,7.465640
-2.443461,5.0000,-27.879000,12.673000,0.348600,-0.056660,-5.489000,-6.783000,0.000000,8.141730
-2.356194,0.0000,-33.069000,26.394000,-51.464700,-0.083590,-4.894000,-8.011000,-112.987277,-26.384706
-2.356194,0.2000,-32.973000,26.635000,-50.609900,-0.083590,-4.896000,-8.011000,-102.502150,-24.929394
-2.356194,0.4000,-33.317000,27.020000,-50.873000,-0.087840,-4.955000,-8.011000,-85.485303,-20.660858
-2.356194,0.6000,-34.358000,28.140000,-50.780200,-0.094490,-5.046000,-8.745000,-60.561639,-13.556181
-2.356194,0.8000,-35.334000,29.531000,-46.077500,-0.108000,-4.915000,-8.475000,-35.907265,-6.715065
-2.356194,0.9500,-35.253000,29.964000,-37.804100,-0.130400,-4.477000,-7.852000,-28.510380,-2.327355
-2.356194,1.0500,-55.700000,35.355000,-0.550800,-0.211100,-4.477000,-7.852000,-7.368237,25.874774
-2.356194,1.2000,-51.951000,30.696000,-1.014700,-0.167000,-4.477000,-7.852000,-6.697877,23.984013
-2.356194,1.4000,-49.754000,28.105000,-1.447100,-0.133500,-4.477000,-7.852000,-6.543178,23.628779
-2.356194,1.8000,-46.804000,26.932000,-1.093700,-0.120000,-4.477000,-7.852000,-5.197873,20.506159
-2.356194,2.2000,-42.775000,24.672000,-0.769600,-0.109600,-4.477000,-7.852000,-4.156236,18.122655
-2.356194,2.6000,-38.835000,21.935000,-0.449400,-0.099080,-4.477000,-7.852000,-3.170175,15.842283
-2.356194,3.0000,-35.943000,19.696000,-0.209500,-0.088170,-4.477000,-7.852000,-2.511847,14.111950
-2.356194,3.5000,-33.319000,17.678000,0.055100,-0.077670,-4.477000,-7.852000,-1.983007,12.582153
-2.356194,4.0000,-31.554000,15.982000,0.293500,-0.069140,-4.477000,-7.852000,-1.606574,11.350294
-2.356194,4.5000,-30.218000,14.558000,0.512200,-0.062240,-4.477000,-7.852000,-1.341294,10.353347
-2.356194,5.0000,-29.168000,13.330000,0.660100,-0.056660,-4.477000,-7.852000,-1.148780,9.539747
-2.268928,0.0000,-29.410000,27.709000,-59.947000,-0.083590,-3.881000,-8.746000,-68.984119,-17.091331
-2.268928,0.2000,-29.317000,28.000000,-58.124300,-0.083590,-3.873000,-8.764000,-63.311836,-16.856418
-2.268928,0.4000,-29.705000,28.603000,-57.164200,-0.087840,-3.900000,-8.839000,-53.015785,-15.670396
-2.268928,0.6000,-30.865000,30.168000,-55.573500,-0.094490,-3.951000,-9.004000,-39.092910,-13.521804
-2.268928,0.8000,-32.047000,31.962000,-49.607100,-0.108000,-3.842000,-8.931000,48.896218,-8.136001
-2.268928,0.9500,-32.180000,32.464000,-42.374300,-0.130400,-3.517000,-8.413000,792.973588,-8.284970
-2.268928,1.0500,-55.066000,36.321000,-0.284200,-0.211100,-3.517000,-8.413000,-7.368237,-17.899202
-2.268928,1.2000,-51.182000,31.375000,-0.774300,-0.167000,-3.517000,-8.413000,-6.697877,-20.328543
-2.268928,1.4000,-48.862000,28.829000,-1.146800,-0.133500,-3.517000,-8.413000,-6.543178,-20.368650
-2.268928,1.8000,-45.646000,27.904000,-0.800600,-0.120000,-3.517000,-8.413000,-5.197873,-17.097061
-2.268928,2.2000,-41.728000,25.656000,-0.492100,-0.109600,-3.517000,-8.413000,-4.156236,-11.040897
-2.268928,2.6000,-38.599000,22.853000,-0.178000,-0.099080,-3.517000,-8.413000,-3.170175,-7.763578
-2.268928,3.0000,-36.078000,20.570000,0.086500,-0.088170,-3.517000,-8.413000,-2.511847,-6.124919
-2.268928,3.5000,-33.956000,18.433000,0.368100,-0.077670,-3.517000,-8.413000,-1.983007,-5.322205
-2.268928,4.0000,-32.477000,16.605000,0.609200,-0.069140,-3.517000,-8.413000,-1.606574,-5.589203
-2.268928,4.5000,-31.260000,15.027000,0.767600,-0.062240,-3.517000,-8.413000,-1.341294,-2.631595
-2.268928,5.0000,-30.491000,13.750000,0.924200,-0.056660,-3.517000,-8.413000,-1.148780,-1.661578
-2.181662,0.0000,-25.844000,29.033000,-67.613600,-0.083590,-2.887000,-9.646000,-106.742037,-17.853365
-2.181662,0.2000,-25.735000,29.324000,-64.515500,-0.083590,-2.876000,-9.672000,-83.136176,-17.807528
-2.181662,0.4000,-26.114000,30.015000,-62.902000,-0.087840,-2.894000,-9.772000,-78.495218,-17.331973
-2.181662,0.6000,-27.246000,31.795000,-60.767600,-0.094490,-2.931000,-9.977000,-79.927612,-15.767799
-2.181662,0.8000,-28.527000,33.889000,-54.970000,-0.108000,-2.859000,-9.936000,-171.830043,-13.888497
-2.181662,0.9500,-28.654000,34.209000,-6.684500,-0.130400,-2.640000,-9.359000,25.152847,-16.839230
-2.181662,1.0500,-54.207000,36.703000,-0.090800,-0.211100,-2.640000,-9.359000,-7.368237,-29.364087
-2.181662,1.2000,-50.498000,31.579000,-0.584700,-0.167000,-2.640000,-9.359000,-6.697877,-27.828560
-2.181662,1.4000,-47.931000,29.352000,-0.850700,-0.133500,-2.640000,-9.359000,-6.543178,-24.465298
-2.181662,1.8000,-44.542000,28.562000,-0.526700,-0.120000,-2.640000,-9.359000,-5.197873,-23.508458
-2.181662,2.2000,-41.175000,26.296000,-0.236600,-0.109600,-2.640000,-9.359000,-4.156236,-19.188357
-2.181662,2.6000,-38.437000,23.445000,0.084800,-0.099080,-2.640000,-9.359000,-3.170175,-16.673072
-2.181662,3.0000,-36.194000,21.073000,0.352600,-0.088170,-2.640000,-9.359000,-2.511847,-15.114627
-2.181662,3.5000,-34.461000,18.765000,0.582800,-0.077670,-2.640000,-9.359000,-1.983007,-13.252514
-2.181662,4.0000,-33.153000,16.858000,0.794700,-0.069140,-2.640000,-9.359000,-1.606574,-12.089409
-2.181662,4.5000,-32.309000,15.274000,0.966100,-0.062240,-2.640000,-9.359000,-1.341294,-10.244485
-2.181662,5.0000,-31.726000,13.983000,1.127400,-0.056660,-2.640000,-9.359000,-1.148780,-9.367860
-2.094395,0.0000,-22.250000,29.895000,-78.574800,-0.083590,-2.002000,-10.470000,-324.695183,-19.835799
-2.094395,0.2000,-22.122000,30.167000,-72.636400,-0.083590,-1.991000,-10.510000,-190.909537,-19.984768
-2.094395,0.4000,-22.464000,30.886000,-70.862600,-0.087840,-2.005000,-10.630000,-226.031850,-20.156655
-2.094395,0.6000,-23.529000,32.833000,-69.526500,-0.094490,-2.036000,-10.880000,-994.654732,-19.761314
-2.094395,0.8000,-24.713000,34.991000,-79.593000,-0.108000,-2.001000,-10.850000,42.725463,-21.216627
-2.094395,0.9500,-24.710000,34.941000,-37.984500,-0.130400,-1.871000,-10.220000,-225.172413,-25.290357
-2.094395,1.0500,-53.007000,36.478000,0.012300,-0.211100,-1.871000,-10.220000,-7.368237,-40.330499
-2.094395,1.2000,-49.646000,31.471000,-0.417700,-0.167000,-1.871000,-10.220000,-6.697877,-35.443169
-2.094395,1.4000,-46.922000,29.747000,-0.562300,-0.133500,-1.871000,-10.220000,-6.543178,-30.607405
-2.094395,1.8000,-43.381000,28.779000,-0.303600,-0.120000,-1.871000,-10.220000,-5.197873,-30.865236
-2.094395,2.2000,-40.532000,26.398000,-0.056400,-0.109600,-1.871000,-10.220000,-4.156236,-27.404571
-2.094395,2.6000,-38.099000,23.508000,0.248200,-0.099080,-1.871000,-10.220000,-3.170175,-25.170036
-2.094395,3.0000,-36.165000,21.048000,0.470500,-0.088170,-1.871000,-10.220000,-2.511847,-23.004255
-2.094395,3.5000,-34.778000,18.759000,0.696800,-0.077670,-1.871000,-10.220000,-1.983007,-21.142143
-2.094395,4.0000,-33.763000,16.865000,0.897900,-0.069140,-1.871000,-10.220000,-1.606574,-19.360244
-2.094395,4.5000,-33.141000,15.295000,1.059000,-0.062240,-1.871000,-10.220000,-1.341294,-18.214328
-2.094395,5.0000,-32.705000,14.024000,1.213000,-0.056660,-1.871000,-10.220000,-1.148780,-17.400728
-2.007129,0.0000,-18.658000,30.077000,-0.000000,-0.083590,-1.270000,-11.230000,264.190839,-24.213196
-2.007129,0.2000,-18.507000,30.313000,-97.836600,-0.083590,-1.260000,-11.270000,135.962885,-24.459568
-2.007129,0.4000,-18.789000,31.012000,-0.000000,-0.087840,-1.272000,-11.420000,69.098710,-24.895016
-2.007129,0.6000,-19.696000,32.990000,-0.000000,-0.094490,-1.298000,-11.700000,19.314407,-26.430543
-2.007129,0.8000,-20.634000,34.977000,-47.512800,-0.108000,-1.289000,-11.670000,73.911556,-30.194876
-2.007129,0.9500,-20.543000,34.605000,-45.980500,-0.130400,-1.224000,-10.970000,-115.852066,-34.274335
-2.007129,1.0500,-51.672000,35.618000,0.012000,-0.211100,-1.224000,-10.970000,-7.368237,-50.907300
-2.007129,1.2000,-48.629000,31.000000,-0.301600,-0.167000,-1.224000,-10.970000,-6.697877,-43.132263
-2.007129,1.4000,-45.793000,29.615000,-0.368600,-0.133500,-1.224000,-10.970000,-6.543178,-38.749136
-2.007129,1.8000,-42.068000,28.444000,-0.168400,-0.120000,-1.224000,-10.970000,-5.197873,-38.531412
-2.007129,2.2000,-39.757000,26.008000,0.037300,-0.109600,-1.224000,-10.970000,-4.156236,-34.887400
-2.007129,2.6000,-37.585000,23.143000,0.315400,-0.099080,-1.224000,-10.970000,-3.170175,-32.996639
-2.007129,3.0000,-36.057000,20.709000,0.509900,-0.088170,-1.224000,-10.970000,-2.511847,-30.567298
-2.007129,3.5000,-34.860000,18.442000,0.701000,-0.077670,-1.224000,-10.970000,-1.983007,-29.238036
-2.007129,4.0000,-34.109000,16.585000,0.868200,-0.069140,-1.224000,-10.970000,-1.606574,-27.616566
-2.007129,4.5000,-33.629000,15.063000,1.006100,-0.062240,-1.224000,-10.970000,-1.341294,-26.602430
-2.007129,5.0000,-33.297000,13.839000,1.139200,-0.056660,-1.224000,-10.970000,-1.148780,-25.800290
-1.919862,0.0000,-15.111000,29.393000,-32.467300,-0.083590,-0.710800,-11.900000,257.831008,-30.309467
-1.919862,0.2000,-14.937000,29.593000,-48.905700,-0.083590,-0.700600,-11.940000,29.438572,-30.550110
-1.919862,0.4000,-15.158000,30.277000,-58.802800,-0.087840,-0.709000,-12.100000,36.188014,-31.214741
-1.919862,0.6000,-15.828000,32.109000,-66.155900,-0.094490,-0.727300,-12.400000,778.076686,-34.291524
-1.919862,0.8000,-16.478000,33.791000,-66.691000,-0.108000,-0.731600,-12.360000,-270.722558,-39.322093
-1.919862,0.9500,-16.296000,33.053000,-58.206100,-0.130400,-0.708400,-11.600000,-210.905764,-43.160911
-1.919862,1.0500,-50.165000,34.109000,-0.084800,-0.211100,-0.708400,-11.600000,-7.368237,-61.306484
-1.919862,1.2000,-47.403000,30.155000,-0.247200,-0.167000,-0.708400,-11.600000,-6.697877,-51.434421
-1.919862,1.4000,-44.605000,28.949000,-0.276500,-0.133500,-0.708400,-11.600000,-6.543178,-47.435176
-1.919862,1.8000,-40.775000,27.607000,-0.125000,-0.120000,-0.708400,-11.600000,-5.197873,-44.885514
-1.919862,2.2000,-38.880000,25.264000,0.064800,-0.109600,-0.708400,-11.600000,-4.156236,-42.456173
-1.919862,2.6000,-36.878000,22.386000,0.284100,-0.099080,-0.708400,-11.600000,-3.170175,-40.857620
-1.919862,3.0000,-35.675000,19.978000,0.426000,-0.088170,-0.708400,-11.600000,-2.511847,-38.875186
-1.919862,3.5000,-34.616000,17.764000,0.567700,-0.077670,-0.708400,-11.600000,-1.983007,-37.322471
-1.919862,4.0000,-34.082000,15.973000,0.689900,-0.069140,-0.708400,-11.600000,-1.606574,-35.884347
-1.919862,4.5000,-33.703000,14.523000,0.793700,-0.062240,-0.708400,-11.600000,-1.341294,-34.835834
-1.919862,5.0000,-33.435000,13.365000,0.894600,-0.056660,-0.708400,-11.600000,-1.148780,-33.999316
-1.832596,0.0000,-11.695000,27.774000,-79.285500,-0.083590,-0.323300,-12.430000,-587.281740,-37.116206
-1.832596,0.2000,-11.500000,27.937000,-92.698300,-0.083590,-0.312000,-12.480000,-626.242870,-37.362578
-1.832596,0.4000,-11.641000,28.559000,-96.039700,-0.087840,-0.315900,-12.650000,-601.032727,-38.548600
-1.832596,0.6000,-12.071000,30.141000,-98.556800,-0.094490,-0.325500,-12.960000,-584.416951,-42.576494
-1.832596,0.8000,-12.443000,31.406000,-94.761700,-0.108000,-0.332600,-12.910000,-549.008159,-48.409204
-1.832596,0.9500,-12.229000,30.381000,-82.794600,-0.130400,-0.330500,-12.080000,-493.431253,-50.947407
-1.832596,1.0500,-48.384000,31.989000,-0.247500,-0.211100,-0.330500,-12.080000,-7.368237,-70.015443
-1.832596,1.2000,-45.870000,28.779000,-0.281100,-0.167000,-0.330500,-12.080000,-6.697877,-60.389752
-1.832596,1.4000,-43.191000,27.679000,-0.290400,-0.133500,-0.330500,-12.080000,-6.543178,-55.473774
-1.832596,1.8000,-39.557000,26.385000,-0.154400,-0.120000,-0.330500,-12.080000,-5.197873,-52.162078
-1.832596,2.2000,-37.775000,24.005000,-0.019200,-0.109600,-0.330500,-12.080000,-4.156236,-50.844275
-1.832596,2.6000,-35.933000,21.149000,0.130200,-0.099080,-0.330500,-12.080000,-3.170175,-48.626928
-1.832596,3.0000,-34.991000,18.807000,0.218800,-0.088170,-0.330500,-12.080000,-2.511847,-46.713249
-1.832596,3.5000,-34.086000,16.679000,0.308100,-0.077670,-0.330500,-12.080000,-1.983007,-44.822488
-1.832596,4.0000,-33.686000,14.974000,0.383200,-0.069140,-0.330500,-12.080000,-1.606574,-43.476037
-1.832596,4.5000,-33.376000,13.610000,0.448600,-0.062240,-0.330500,-12.080000,-1.341294,-42.335851
-1.832596,5.0000,-33.146000,12.528000,0.512500,-0.056660,-0.330500,-12.080000,-1.148780,-41.430578
-1.745329,0.0000,-8.532000,25.213000,-0.000000,-0.083590,-0.100700,-12.810000,-1199.773623,-44.163587
-1.745329,0.2000,-8.318000,25.337000,-0.000000,-0.083590,-0.088350,-12.860000,-1640.951125,-44.381311
-1.745329,0.4000,-8.380000,25.845000,-0.000000,-0.087840,-0.088310,-13.040000,-1744.656486,-45.928297
-1.745329,0.6000,-8.596000,27.073000,-0.000000,-0.094490,-0.090760,-13.360000,-1815.703253,-50.615092
-1.745329,0.8000,-8.750000,27.843000,-0.000000,-0.108000,-0.095370,-13.280000,-1765.282967,-56.533746
-1.745329,0.9500,-8.569000,26.658000,-0.000000,-0.130400,-0.100300,-12.390000,-1610.584362,-57.696850
-1.745329,1.0500,-46.442000,29.374000,-0.431400,-0.211100,-0.100300,-12.390000,-7.368237,-76.661753
-1.745329,1.2000,-44.152000,26.750000,-0.400700,-0.167000,-0.100300,-12.390000,-6.697877,-69.098710
-1.745329,1.4000,-41.631000,25.942000,-0.374000,-0.133500,-0.100300,-12.390000,-6.543178,-63.598315
-1.745329,1.8000,-38.118000,24.537000,-0.285500,-0.120000,-0.100300,-12.390000,-5.197873,-60.790822
-1.745329,2.2000,-36.448000,22.172000,-0.204500,-0.109600,-0.100300,-12.390000,-4.156236,-58.613582
-1.745329,2.6000,-34.856000,19.403000,-0.116800,-0.099080,-0.100300,-12.390000,-3.170175,-55.605554
-1.745329,3.0000,-34.060000,17.168000,-0.070600,-0.088170,-0.100300,-12.390000,-2.511847,-53.474151
-1.745329,3.5000,-33.322000,15.154000,-0.025300,-0.077670,-0.100300,-12.390000,-1.983007,-51.308371
-1.745329,4.0000,-33.009000,13.553000,0.010300,-0.069140,-0.100300,-12.390000,-1.606574,-49.835869
-1.745329,4.5000,-32.757000,12.283000,0.041700,-0.062240,-0.100300,-12.390000,-1.341294,-48.575362
-1.745329,5.0000,-32.555000,11.282000,0.072400,-0.056660,-0.100300,-12.390000,-1.148780,-47.566956
-1.658063,0.0000,-5.786000,21.725000,-0.000000,-0.083590,-0.041490,-13.010000,-2760.510657,-50.781249
-1.658063,0.2000,-5.560000,21.814000,-0.000000,-0.083590,-0.028640,-13.060000,-5303.870310,-50.930218
-1.658063,0.4000,-5.562000,22.182000,-0.000000,-0.087840,-0.027190,-13.250000,-5981.679381,-52.580337
-1.658063,0.6000,-5.629000,23.002000,-0.000000,-0.094490,-0.027110,-13.570000,-6245.239967,-57.467667
-1.658063,0.8000,-5.660000,23.285000,-0.000000,-0.108000,-0.028850,-13.460000,-5769.684997,-62.853470
-1.658063,0.9500,-5.559000,22.037000,-0.000000,-0.130400,-0.031180,-12.520000,-5115.367195,-62.910766
-1.658063,1.0500,-44.482000,26.261000,-0.607100,-0.211100,-0.031180,-12.520000,-7.368237,-82.677810
-1.658063,1.2000,-42.342000,24.016000,-0.561900,-0.167000,-0.031180,-12.520000,-6.697877,-77.005528
-1.658063,1.4000,-39.922000,23.424000,-0.525300,-0.133500,-0.031180,-12.520000,-6.543178,-72.708344
-1.658063,1.8000,-36.534000,22.015000,-0.474100,-0.120000,-0.031180,-12.520000,-5.197873,-68.296569
-1.658063,2.2000,-35.007000,19.762000,-0.431100,-0.109600,-0.031180,-12.520000,-4.156236,-64.916118
-1.658063,2.6000,-33.654000,17.156000,-0.384800,-0.099080,-0.031180,-12.520000,-3.170175,-61.249188
-1.658063,3.0000,-33.011000,15.070000,-0.363700,-0.088170,-0.031180,-12.520000,-2.511847,-58.613582
-1.658063,3.5000,-32.432000,13.201000,-0.344400,-0.077670,-0.031180,-12.520000,-1.983007,-56.201430
-1.658063,4.0000,-32.211000,11.722000,-0.332300,-0.069140,-0.031180,-12.520000,-1.606574,-54.494016
-1.658063,4.5000,-32.021000,10.556000,-0.322000,-0.062240,-0.031180,-12.520000,-1.341294,-53.095999
-1.658063,5.0000,-31.855000,9.639000,-0.312400,-0.056660,-0.031180,-12.520000,-1.148780,-51.967272
-1.570796,0.0000,-3.686000,17.448000,-0.000000,-0.083590,-0.157800,-13.000000,244.137317,-54.883627
-1.570796,0.2000,-3.453000,17.507000,-0.000000,-0.083590,-0.145300,-13.050000,418.602965,-55.009678
-1.570796,0.4000,-3.423000,17.731000,-0.000000,-0.087840,-0.145400,-13.240000,458.881898,-56.671256
-1.570796,0.6000,-3.418000,18.130000,-0.000000,-0.094490,-0.148100,-13.560000,479.622970,-61.535667
-1.570796,0.8000,-3.421000,17.970000,-0.000000,-0.108000,-0.147900,-13.430000,463.580152,-66.634992
-1.570796,0.9500,-3.424000,16.759000,-0.000000,-0.130400,-0.139700,-12.470000,429.317276,-66.062034
-1.570796,1.0500,-42.583000,22.558000,-0.724700,-0.211100,-0.139700,-12.470000,-7.368237,-87.089585
-1.570796,1.2000,-40.603000,20.574000,-0.684000,-0.167000,-0.139700,-12.470000,-6.697877,-81.932965
-1.570796,1.4000,-38.242000,20.083000,-0.655200,-0.133500,-0.139700,-12.470000,-6.543178,-78.380626
-1.570796,1.8000,-34.981000,18.863000,-0.623700,-0.120000,-0.139700,-12.470000,-5.197873,-72.651048
-1.570796,2.2000,-33.629000,16.833000,-0.600300,-0.109600,-0.139700,-12.470000,-4.156236,-72.078091
-1.570796,2.6000,-32.501000,14.471000,-0.573600,-0.099080,-0.139700,-12.470000,-3.170175,-67.723611
-1.570796,3.0000,-32.025000,12.587000,-0.558100,-0.088170,-0.139700,-12.470000,-2.511847,-64.629639
-1.570796,3.5000,-31.599000,10.901000,-0.542800,-0.077670,-0.139700,-12.470000,-1.983007,-61.879442
-1.570796,4.0000,-31.485000,9.568000,-0.533900,-0.069140,-0.139700,-12.470000,-1.606574,-59.931385
-1.570796,4.5000,-31.373000,8.518000,-0.526400,-0.062240,-0.139700,-12.470000,-1.341294,-58.384399
-1.570796,5.0000,-31.262000,7.693000,-0.520200,-0.056660,-0.139700,-12.470000,-1.148780,-57.129622
-1.483530,0.0000,-2.439000,12.828000,-0.000000,-0.083590,-0.468300,-12.730000,3076.783360,-54.843520
-1.483530,0.2000,-2.203000,12.855000,-0.000000,-0.083590,-0.457000,-12.780000,5715.254006,-55.038326
-1.483530,0.4000,-2.167000,12.930000,-0.000000,-0.087840,-0.461100,-12.970000,6417.127305,-56.740010
-1.483530,0.6000,-2.165000,12.901000,-0.000000,-0.094490,-0.471100,-13.300000,6692.147047,-61.707555
-1.483530,0.8000,-2.224000,12.301000,-0.000000,-0.108000,-0.469100,-13.180000,6199.403343,-67.093358
-1.483530,0.9500,-2.334000,11.149000,-0.000000,-0.130400,-0.441700,-12.220000,5502.686664,-66.864175
-1.483530,1.0500,-40.885000,18.476000,-0.704200,-0.211100,-0.441700,-12.220000,-7.368237,-87.949022
-1.483530,1.2000,-39.108000,16.786000,-0.673400,-0.167000,-0.441700,-12.220000,-6.697877,-81.818373
-1.483530,1.4000,-36.793000,16.405000,-0.654200,-0.133500,-0.441700,-12.220000,-6.543178,-77.521190
-1.483530,1.8000,-33.645000,15.428000,-0.629700,-0.120000,-0.441700,-12.220000,-5.197873,-72.192682
-1.483530,2.2000,-32.645000,13.051000,-0.534400,-0.109600,-0.441700,-12.220000,-4.156236,-75.974204
-1.483530,2.6000,-31.729000,11.013000,-0.504200,-0.099080,-0.441700,-12.220000,-3.170175,-71.161358
-1.483530,3.0000,-31.439000,9.381000,-0.471400,-0.088170,-0.441700,-12.220000,-2.511847,-67.838203
-1.483530,3.5000,-31.176000,7.923000,-0.431400,-0.077670,-0.441700,-12.220000,-1.983007,-64.858822
-1.483530,4.0000,-31.203000,6.768000,-0.397400,-0.069140,-0.441700,-12.220000,-1.606574,-62.738879
-1.483530,4.5000,-31.206000,5.859000,-0.364900,-0.062240,-0.441700,-12.220000,-1.341294,-61.077301
-1.483530,5.0000,-31.192000,5.146000,-0.334200,-0.056660,-0.441700,-12.220000,-1.148780,-59.702202
-1.396263,0.0000,-2.060000,8.361000,-79.855800,-0.083590,-0.970200,-12.230000,1220.400104,-51.783926
-1.396263,0.2000,-1.828000,8.345000,-86.400600,-0.083590,-0.961100,-12.280000,1555.580414,-52.099052
-1.396263,0.4000,-1.818000,8.268000,-88.165600,-0.087840,-0.973000,-12.480000,1636.940421,-53.749171
-1.396263,0.6000,-1.905000,7.812000,-90.050200,-0.094490,-0.996800,-12.810000,1699.965778,-58.613582
-1.396263,0.8000,-2.123000,6.735000,-86.875500,-0.108000,-0.996900,-12.710000,1654.702112,-64.457752
-1.396263,0.9500,-2.366000,5.582000,-76.749700,-0.130400,-0.946900,-11.800000,1491.982099,-65.145301
-1.396263,1.0500,-39.470000,14.282000,-0.494300,-0.211100,-0.946900,-11.800000,-7.368237,-86.516627
-1.396263,1.2000,-37.874000,13.067000,-0.506400,-0.167000,-0.946900,-11.800000,-6.697877,-78.151443
-1.396263,1.4000,-35.555000,12.925000,-0.516200,-0.133500,-0.946900,-11.800000,-6.543178,-72.593753
-1.396263,1.8000,-32.540000,12.099000,-0.471900,-0.120000,-0.946900,-11.800000,-5.197873,-68.067386
-1.396263,2.2000,-32.289000,9.319000,-0.102000,-0.109600,-0.946900,-11.800000,-4.156236,-73.510485
-1.396263,2.6000,-31.573000,7.648000,-0.046300,-0.099080,-0.946900,-11.800000,-3.170175,-68.525752
-1.396263,3.0000,-31.490000,6.307000,0.025900,-0.088170,-0.946900,-11.800000,-2.511847,-65.145301
-1.396263,3.5000,-31.407000,5.115000,0.120300,-0.077670,-0.946900,-11.800000,-1.983007,-61.994033
-1.396263,4.0000,-31.612000,4.172000,0.209400,-0.069140,-0.946900,-11.800000,-1.606574,-59.816794
-1.396263,4.5000,-31.775000,3.432000,0.297400,-0.062240,-0.946900,-11.800000,-1.341294,-58.040625
-1.396263,5.0000,-31.906000,2.857000,0.383500,-0.056660,-0.946900,-11.800000,-1.148780,-56.665526
-1.308997,0.0000,-2.441000,4.307000,-33.152200,-0.083590,-1.645000,-11.570000,366.864876,-47.332043
-1.308997,0.2000,-2.226000,4.243000,-34.463800,-0.083590,-1.640000,-11.620000,402.388260,-47.710196
-1.308997,0.4000,-2.275000,4.037000,-34.731900,-0.087840,-1.665000,-11.810000,412.816091,-49.027999
-1.308997,0.6000,-2.536000,3.202000,-35.012900,-0.094490,-1.712000,-12.130000,424.332543,-53.279345
-1.308997,0.8000,-3.037000,1.654000,-33.183600,-0.108000,-1.723000,-12.060000,413.560937,-59.014653
-1.308997,0.9500,-3.477000,0.446000,-28.558600,-0.130400,-1.653000,-11.200000,370.875581,-60.905414
-1.308997,1.0500,-38.431000,10.036000,-0.038600,-0.211100,-1.653000,-11.200000,-7.368237,-83.136176
-1.308997,1.2000,-36.861000,9.539000,-0.186900,-0.167000,-1.653000,-11.200000,-6.697877,-72.593753
-1.308997,1.4000,-34.450000,9.716000,-0.265300,-0.133500,-1.653000,-11.200000,-6.543178,-67.494428
-1.308997,1.8000,-31.586000,9.043000,-0.176800,-0.120000,-1.653000,-11.200000,-5.197873,-61.822146
-1.308997,2.2000,-32.515000,5.941000,0.685500,-0.109600,-1.653000,-11.200000,-4.156236,-68.296569
-1.308997,2.6000,-31.965000,4.680000,0.774800,-0.099080,-1.653000,-11.200000,-3.170175,-63.369132
-1.308997,3.0000,-32.084000,3.665000,0.894500,-0.088170,-1.653000,-11.200000,-2.511847,-59.816794
-1.308997,3.5000,-32.169000,2.780000,1.056800,-0.077670,-1.653000,-11.200000,-1.983007,-56.579582
-1.308997,4.0000,-32.561000,2.085000,1.215300,-0.069140,-1.653000,-11.200000,-1.606574,-54.310669
-1.308997,4.5000,-32.899000,1.552000,1.374100,-0.062240,-1.653000,-11.200000,-1.341294,-52.557419
-1.308997,5.0000,-33.199000,1.149000,1.531900,-0.056660,-1.653000,-11.200000,-1.148780,-51.147942
-1.221730,0.0000,-3.433000,0.840000,-15.825200,-0.083590,-2.469000,-10.760000,144.270773,-41.757164
-1.221730,0.2000,-3.245000,0.728000,-16.168800,-0.083590,-2.469000,-10.810000,151.318154,-42.158235
-1.221730,0.4000,-3.369000,0.449000,-16.113300,-0.087840,-2.512000,-10.990000,153.839168,-42.977564
-1.221730,0.6000,-3.863000,-0.655000,-15.990200,-0.094490,-2.591000,-11.300000,157.105027,-46.294990
-1.221730,0.8000,-4.751000,-2.569000,-14.690900,-0.108000,-2.624000,-11.240000,152.521365,-51.239616
-1.221730,0.9500,-5.490000,-3.905000,-12.018400,-0.130400,-2.542000,-10.440000,136.363955,-54.362236
-1.221730,1.0500,-37.718000,5.960000,0.698000,-0.211100,-2.542000,-10.440000,-7.368237,-76.031499
-1.221730,1.2000,-36.001000,6.320000,0.268300,-0.167000,-2.542000,-10.440000,-6.697877,-65.088006
-1.221730,1.4000,-33.526000,6.636000,0.135900,-0.133500,-2.542000,-10.440000,-6.543178,-60.962709
-1.221730,1.8000,-30.691000,6.353000,0.218600,-0.120000,-2.542000,-10.440000,-5.197873,-55.594095
-1.221730,2.2000,-33.131000,3.175000,1.739400,-0.109600,-2.542000,-10.440000,-4.156236,-60.447047
-1.221730,2.6000,-32.794000,2.350000,1.851300,-0.099080,-2.542000,-10.440000,-3.170175,-55.909222
-1.221730,3.0000,-32.968000,1.684000,2.011400,-0.088170,-2.542000,-10.440000,-2.511847,-52.058945
-1.221730,3.5000,-33.210000,1.135000,2.234400,-0.077670,-2.542000,-10.440000,-1.983007,-49.027999
-1.221730,4.0000,-33.727000,0.718000,2.457500,-0.069140,-2.542000,-10.440000,-1.606574,-46.558550
-1.221730,4.5000,-34.219000,0.419000,2.683300,-0.062240,-2.542000,-10.440000,-1.341294,-44.833947
-1.221730,5.0000,-34.672000,0.218000,2.910600,-0.056660,-2.542000,-10.440000,-1.148780,-43.447390
-1.134464,0.0000,-4.830000,-1.896000,-7.973400,-0.083590,-3.411000,-9.830000,68.296569,-35.231175
-1.134464,0.2000,-4.679000,-2.051000,-8.053600,-0.083590,-3.418000,-9.875000,70.359217,-35.649434
-1.134464,0.4000,-4.882000,-2.346000,-7.882800,-0.087840,-3.483000,-10.040000,71.218654,-36.233851
-1.134464,0.6000,-5.642000,-3.597000,-7.589100,-0.094490,-3.604000,-10.320000,72.593753,-37.998561
-1.134464,0.8000,-6.970000,-5.722000,-6.560100,-0.108000,-3.668000,-10.270000,70.244626,-41.682680
-1.134464,0.9500,-8.109000,-7.204000,-4.762000,-0.130400,-3.579000,-9.552000,62.796174,-45.074590
-1.134464,1.0500,-37.162000,2.413000,1.658200,-0.211100,-3.579000,-9.552000,-7.368237,-65.088006
-1.134464,1.2000,-35.123000,3.482000,0.846100,-0.167000,-3.579000,-9.552000,-6.697877,-56.298833
-1.134464,1.4000,-32.620000,3.989000,0.619600,-0.133500,-3.579000,-9.552000,-6.543178,-51.806844
-1.134464,1.8000,-30.114000,3.954000,0.743100,-0.120000,-3.579000,-9.552000,-5.197873,-48.598280
-1.134464,2.2000,-33.830000,1.182000,2.910000,-0.109600,-3.579000,-9.552000,-4.156236,-50.345801
-1.134464,2.6000,-33.661000,0.789000,3.018900,-0.099080,-3.579000,-9.552000,-3.170175,-46.289260
-1.134464,3.0000,-33.784000,0.472000,3.196000,-0.088170,-3.579000,-9.552000,-2.511847,-42.335851
-1.134464,3.5000,-34.161000,0.264000,3.453900,-0.077670,-3.579000,-9.552000,-1.983007,-39.597113
-1.134464,4.0000,-34.686000,0.131000,3.719000,-0.069140,-3.579000,-9.552000,-1.606574,-36.978696
-1.134464,4.5000,-35.276000,0.075000,3.990300,-0.062240,-3.579000,-9.552000,-1.341294,-35.322848
-1.134464,5.0000,-35.832000,0.086000,4.267000,-0.056660,-3.579000,-9.552000,-1.148780,-33.999316
-1.047198,0.0000,-6.417000,-3.840000,-3.904500,-0.083590,-4.436000,-8.813000,36.875564,-28.579135
-1.047198,0.2000,-6.312000,-4.031000,-3.891400,-0.083590,-4.451000,-8.852000,37.563113,-28.888532
-1.047198,0.4000,-6.603000,-4.334000,-3.679200,-0.087840,-4.540000,-8.993000,37.723541,-29.186470
-1.047198,0.6000,-7.566000,-5.527000,-3.320700,-0.094490,-4.706000,-9.237000,38.038668,-28.974476
-1.047198,0.8000,-9.329000,-7.678000,-2.425900,-0.108000,-4.805000,-9.195000,36.835457,-30.361034
-1.047198,0.9500,-10.901000,-9.196000,-1.060400,-0.130400,-4.713000,-8.554000,32.927884,-33.907642
-1.047198,1.0500,-36.670000,-0.371000,2.725300,-0.211100,-4.713000,-8.554000,-7.368237,-51.554742
-1.047198,1.2000,-34.225000,1.054000,1.543100,-0.167000,-4.713000,-8.554000,-6.697877,-45.922567
-1.047198,1.4000,-31.750000,1.851000,1.130600,-0.133500,-4.713000,-8.554000,-6.543178,-41.035237
-1.047198,1.8000,-29.598000,2.066000,1.290300,-0.120000,-4.713000,-8.554000,-5.197873,-38.434009
-1.047198,2.2000,-34.253000,-0.010000,4.018500,-0.109600,-4.713000,-8.554000,-4.156236,-38.502764
-1.047198,2.6000,-34.161000,-0.008000,4.090300,-0.099080,-4.713000,-8.554000,-3.170175,-35.001992
-1.047198,3.0000,-34.147000,-0.010000,4.251900,-0.088170,-4.713000,-8.554000,-2.511847,-31.340791
-1.047198,3.5000,-34.569000,0.095000,4.507600,-0.077670,-4.713000,-8.554000,-1.983007,-28.705186
-1.047198,4.0000,-35.014000,0.222000,4.779600,-0.069140,-4.713000,-8.554000,-1.606574,-26.224278
-1.047198,4.5000,-35.624000,0.389000,5.062900,-0.062240,-4.713000,-8.554000,-1.341294,-24.579889
-1.047198,5.0000,-36.211000,0.598000,5.357000,-0.056660,-4.713000,-8.554000,-1.148780,-23.359489
-0.959931,0.0000,-8.058000,-5.037000,-1.537200,-0.083590,-5.519000,-7.749000,22.236492,-22.419839
-0.959931,0.2000,-7.987000,-5.246000,-1.497600,-0.083590,-5.540000,-7.779000,22.385461,-22.511512
-0.959931,0.4000,-8.320000,-5.507000,-1.298700,-0.087840,-5.649000,-7.889000,22.070334,-22.098982
-0.959931,0.6000,-9.367000,-6.505000,-0.950300,-0.094490,-5.852000,-8.085000,21.760937,-20.632210
-0.959931,0.8000,-11.416000,-8.401000,-0.131000,-0.108000,-5.984000,-8.033000,20.695236,-18.724261
-0.959931,0.9500,-13.468000,-9.948000,0.985400,-0.130400,-5.882000,-7.478000,18.340379,-21.428622
-0.959931,1.0500,-35.988000,-2.289000,3.758700,-0.211100,-5.882000,-7.478000,-7.368237,-35.196797
-0.959931,1.2000,-33.165000,-0.831000,2.295500,-0.167000,-5.882000,-7.478000,-6.697877,-33.363332
-0.959931,1.4000,-30.646000,0.300000,1.582300,-0.133500,-5.882000,-7.478000,-6.543178,-30.040177
-0.959931,1.8000,-28.711000,0.754000,1.744100,-0.120000,-5.882000,-7.478000,-5.197873,-26.671185
-0.959931,2.2000,-34.064000,-0.498000,4.896900,-0.109600,-5.882000,-7.478000,-4.156236,-25.525270
-0.959931,2.6000,-33.956000,-0.175000,4.897900,-0.099080,-5.882000,-7.478000,-3.170175,-22.666210
-0.959931,3.0000,-33.791000,0.075000,5.009900,-0.088170,-5.882000,-7.478000,-2.511847,-20.036334
-0.959931,3.5000,-34.101000,0.429000,5.225200,-0.077670,-5.882000,-7.478000,-1.983007,-17.034035
-0.959931,4.0000,-34.419000,0.762000,5.466100,-0.069140,-5.882000,-7.478000,-1.606574,-15.149004
-0.959931,4.5000,-34.932000,1.104000,5.725500,-0.062240,-5.882000,-7.478000,-1.341294,-13.241055
-0.959931,5.0000,-35.471000,1.468000,6.001300,-0.056660,-5.882000,-7.478000,-1.148780,-12.163894
-0.872665,0.0000,-9.638000,-5.550000,-0.023700,-0.083590,-6.634000,-6.661000,12.450373,-16.535562
-0.872665,0.2000,-9.585000,-5.764000,0.015800,-0.083590,-6.658000,-6.681000,12.295674,-16.403782
-0.872665,0.4000,-9.890000,-5.946000,0.172700,-0.087840,-6.779000,-6.759000,11.653962,-15.217759
-0.872665,0.6000,-10.925000,-6.720000,0.477600,-0.094490,-7.008000,-6.907000,10.960683,-13.046249
-0.872665,0.8000,-12.976000,-8.147000,1.185900,-0.108000,-7.150000,-6.831000,9.488181,-7.677634
-0.872665,0.9500,-15.353000,-9.511000,2.141000,-0.130400,-7.024000,-6.363000,8.141730,-7.918277
-0.872665,1.0500,-34.579000,-3.357000,4.620800,-0.211100,-7.024000,-6.363000,-7.368237,25.874774
-0.872665,1.2000,-31.720000,-2.132000,3.045800,-0.167000,-7.024000,-6.363000,-6.697877,23.984013
-0.872665,1.4000,-29.290000,-0.899000,2.076500,-0.133500,-7.024000,-6.363000,-6.543178,23.628779
-0.872665,1.8000,-27.378000,-0.087000,2.078800,-0.120000,-7.024000,-6.363000,-5.197873,20.506159
-0.872665,2.2000,-33.023000,-0.474000,5.423700,-0.109600,-7.024000,-6.363000,-4.156236,18.122655
-0.872665,2.6000,-32.818000,0.067000,5.329200,-0.099080,-7.024000,-6.363000,-3.170175,15.842283
-0.872665,3.0000,-32.593000,0.485000,5.364900,-0.088170,-7.024000,-6.363000,-2.511847,14.111950
-0.872665,3.5000,-32.579000,1.000000,5.510500,-0.077670,-7.024000,-6.363000,-1.983007,12.582153
-0.872665,4.0000,-32.791000,1.462000,5.688300,-0.069140,-7.024000,-6.363000,-1.606574,11.350294
-0.872665,4.5000,-33.059000,1.911000,5.894600,-0.062240,-7.024000,-6.363000,-1.341294,10.353347
-0.872665,5.0000,-33.483000,2.366000,6.121600,-0.056660,-7.024000,-6.363000,-1.148780,9.539747
-0.785398,0.0000,-11.353000,-5.531000,1.186800,-0.083590,-7.800000,-5.292000,14.003089,-17.887742
-0.785398,0.2000,-11.257000,-5.732000,1.192500,-0.083590,-7.818000,-5.321000,13.223866,-16.478266
-0.785398,0.4000,-11.365000,-5.815000,1.227500,-0.087840,-7.921000,-5.421000,10.823173,-12.112328
-0.785398,0.6000,-12.076000,-6.278000,1.378900,-0.094490,-8.137000,-5.579000,8.124542,-4.810554
-0.785398,0.8000,-13.891000,-7.231000,1.934600,-0.108000,-8.257000,-5.551000,5.409295,1.949202
-0.785398,0.9500,-16.290000,-8.205000,2.749100,-0.130400,-8.079000,-5.172000,4.246190,5.713535
-0.785398,1.0500,-32.245000,-3.692000,5.193100,-0.211100,-8.079000,-5.172000,-7.368237,5.620143
-0.785398,1.2000,-29.820000,-2.759000,3.612900,-0.167000,-8.079000,-5.172000,-6.697877,-2.438508
-0.785398,1.4000,-27.494000,-1.648000,2.524500,-0.133500,-8.079000,-5.172000,-6.543178,-5.492946
-0.785398,1.8000,-25.613000,-0.562000,2.303800,-0.120000,-8.079000,-5.172000,-5.197873,-7.322401
-0.785398,2.2000,-31.416000,-0.172000,5.540300,-0.109600,-8.079000,-5.172000,-4.156236,-2.071815
-0.785398,2.6000,-30.676000,0.475000,5.348000,-0.099080,-8.079000,-5.172000,-3.170175,5.050050
-0.785398,3.0000,-30.350000,0.966000,5.297100,-0.088170,-8.079000,-5.172000,-2.511847,3.704745
-0.785398,3.5000,-30.033000,1.545000,5.355500,-0.077670,-8.079000,-5.172000,-1.983007,0.668069
-0.785398,4.0000,-30.068000,2.051000,5.453600,-0.069140,-8.079000,-5.172000,-1.606574,2.451113
-0.785398,4.5000,-30.144000,2.530000,5.587700,-0.062240,-8.079000,-5.172000,-1.341294,1.895344
-0.785398,5.0000,-30.342000,3.007000,5.748400,-0.056660,-8.079000,-5.172000,-1.148780,12.811336
-0.698132,0.0000,-13.535000,-4.983000,2.425700,-0.083590,-9.066000,-4.204000,14.392700,-19.532131
-0.698132,0.2000,-13.335000,-5.183000,2.379100,-0.083590,-9.066000,-4.224000,13.968711,-18.672695
-0.698132,0.4000,-13.069000,-5.216000,2.247500,-0.087840,-9.116000,-4.299000,12.553505,-15.750610
-0.698132,0.6000,-12.993000,-5.389000,2.097600,-0.094490,-9.247000,-4.457000,8.342265,-5.241418
-0.698132,0.8000,-14.099000,-5.900000,2.332800,-0.108000,-9.270000,-4.475000,3.717923,5.890006
-0.698132,0.9500,-16.189000,-6.422000,2.990000,-0.130400,-9.003000,-4.186000,1.275404,12.433184
-0.698132,1.0500,-28.842000,-3.479000,5.415700,-0.211100,-9.003000,-4.186000,-7.368237,19.159709
-0.698132,1.2000,-27.022000,-2.852000,3.960900,-0.167000,-9.003000,-4.186000,-6.697877,13.968711
-0.698132,1.4000,-25.161000,-1.997000,2.909600,-0.133500,-9.003000,-4.186000,-6.543178,6.594744
-0.698132,1.8000,-23.737000,-0.768000,2.465900,-0.120000,-9.003000,-4.186000,-5.197873,3.438893
-0.698132,2.2000,-28.859000,0.193000,5.273800,-0.109600,-9.003000,-4.186000,-4.156236,10.158542
-0.698132,2.6000,-27.619000,0.840000,4.993000,-0.099080,-9.003000,-4.186000,-3.170175,11.865956
-0.698132,3.0000,-27.183000,1.320000,4.861500,-0.088170,-9.003000,-4.186000,-2.511847,14.696367
-0.698132,3.5000,-26.773000,1.874000,4.830300,-0.077670,-9.003000,-4.186000,-1.983007,18.558103
-0.698132,4.0000,-26.456000,2.349000,4.851000,-0.069140,-9.003000,-4.186000,-1.606574,21.715100
-0.698132,4.5000,-26.393000,2.790000,4.909400,-0.062240,-9.003000,-4.186000,-1.341294,23.325112
-0.698132,5.0000,-25.470000,2.785000,4.571600,-0.056660,-9.003000,-4.186000,-1.148780,24.047039
-0.610865,0.0000,-16.155000,-3.687000,3.698800,-0.083590,-10.440000,-3.282000,7.849522,-7.104677
-0.610865,0.2000,-15.897000,-3.924000,3.630500,-0.083590,-10.430000,-3.294000,7.803685,-6.892682
-0.610865,0.4000,-15.365000,-4.029000,3.418200,-0.087840,-10.430000,-3.341000,7.517206,-5.872817
-0.610865,0.6000,-14.025000,-4.192000,2.835200,-0.094490,-10.360000,-3.437000,6.159296,-1.257642
-0.610865,0.8000,-13.856000,-4.458000,2.583400,-0.108000,-10.180000,-3.456000,2.502680,8.903764
-0.610865,0.9500,-15.260000,-4.621000,2.971700,-0.130400,-9.771000,-3.254000,-1.049086,18.088278
-0.610865,1.0500,-24.893000,-2.922000,5.279800,-0.211100,-9.771000,-3.254000,-7.368237,29.501597
-0.610865,1.2000,-23.364000,-2.545000,4.038600,-0.167000,-9.771000,-3.254000,-6.697877,27.811371
-0.610865,1.4000,-22.375000,-1.964000,3.138600,-0.133500,-9.771000,-3.254000,-6.543178,19.967579
-0.610865,1.8000,-21.338000,-0.747000,2.537200,-0.120000,-9.771000,-3.254000,-5.197873,14.616153
-0.610865,2.2000,-25.433000,0.471000,4.705300,-0.109600,-9.771000,-3.254000,-4.156236,20.632210
-0.610865,2.6000,-24.268000,1.037000,4.353400,-0.099080,-9.771000,-3.254000,-3.170175,23.451163
-0.610865,3.0000,-23.212000,1.398000,4.109100,-0.088170,-9.771000,-3.254000,-2.511847,29.140633
-0.610865,3.5000,-21.631000,1.420000,3.497700,-0.077670,-9.771000,-3.254000,-1.983007,31.902290
-0.610865,4.0000,-20.609000,1.501000,3.178400,-0.069140,-9.771000,-3.254000,-1.606574,32.526814
-0.610865,4.5000,-20.032000,1.664000,3.057900,-0.062240,-9.771000,-3.254000,-1.341294,32.744538
-0.610865,5.0000,-19.783000,1.871000,3.028400,-0.056660,-9.771000,-3.254000,-1.148780,30.481355
-0.523599,0.0000,-15.832000,-2.201000,3.796000,-0.083590,-11.230000,-2.493000,-1.306917,12.163894
-0.523599,0.2000,-15.614000,-2.456000,3.741500,-0.083590,-11.220000,-2.498000,-1.081744,11.831578
-0.523599,0.4000,-15.115000,-2.598000,3.559600,-0.087840,-11.240000,-2.521000,-0.390070,10.765877
-0.523599,0.6000,-14.124000,-2.810000,3.172200,-0.094490,-11.260000,-2.546000,1.893053,7.190620
-0.523599,0.8000,-13.320000,-3.007000,2.769600,-0.108000,-11.000000,-2.538000,0.909857,12.456102
-0.523599,0.9500,-13.700000,-3.014000,2.806900,-0.130400,-10.380000,-2.402000,-2.561121,21.669264
-0.523599,1.0500,-20.877000,-2.201000,4.828500,-0.211100,-10.380000,-2.402000,-7.368237,35.305659
-0.523599,1.2000,-19.263000,-1.994000,3.836000,-0.167000,-10.380000,-2.402000,-6.697877,34.910318
-0.523599,1.4000,-18.771000,-1.635000,3.147000,-0.133500,-10.380000,-2.402000,-6.543178,31.822076
-0.523599,1.8000,-18.295000,-0.565000,2.504700,-0.120000,-10.380000,-2.402000,-5.197873,25.278898
-0.523599,2.2000,-21.574000,0.601000,3.944100,-0.109600,-10.380000,-2.402000,-4.156236,34.543625
-0.523599,2.6000,-19.532000,0.781000,3.195800,-0.099080,-10.380000,-2.402000,-3.170175,36.182285
-0.523599,3.0000,-17.601000,0.710000,2.523000,-0.088170,-10.380000,-2.402000,-2.511847,35.878617
-0.523599,3.5000,-16.315000,0.784000,2.167500,-0.077670,-10.380000,-2.402000,-1.983007,33.225823
-0.523599,4.0000,-15.594000,0.851000,1.955200,-0.069140,-10.380000,-2.402000,-1.606574,32.097096
-0.523599,4.5000,-15.261000,1.012000,1.932000,-0.062240,-10.380000,-2.402000,-1.341294,30.716267
-0.523599,5.0000,-15.006000,1.189000,1.950600,-0.056660,-10.380000,-2.402000,-1.148780,30.389681
-0.436332,0.0000,-14.132000,-0.986000,3.470700,-0.083590,-11.690000,-1.763000,-5.414451,23.009985
-0.436332,0.2000,-13.996000,-1.238000,3.441600,-0.083590,-11.700000,-1.765000,-5.173809,22.603185
-0.436332,0.4000,-13.733000,-1.355000,3.350100,-0.087840,-11.770000,-1.775000,-4.328696,20.935878
-0.436332,0.6000,-13.237000,-1.518000,3.165600,-0.094490,-11.900000,-1.787000,-2.465437,17.389269
-0.436332,0.8000,-12.151000,-1.706000,2.742200,-0.108000,-11.620000,-1.747000,-1.041637,16.002711
-0.436332,0.9500,-11.739000,-1.727000,2.524700,-0.130400,-10.830000,-1.628000,-1.671891,18.878959
-0.436332,1.0500,-16.873000,-1.450000,4.142900,-0.211100,-10.830000,-1.628000,-7.368237,38.686110
-0.436332,1.2000,-15.378000,-1.344000,3.396500,-0.167000,-10.830000,-1.628000,-6.697877,36.657840
-0.436332,1.4000,-14.807000,-1.140000,2.917300,-0.133500,-10.830000,-1.628000,-6.543178,36.147907
-0.436332,1.8000,-14.752000,-0.299000,2.319100,-0.120000,-10.830000,-1.628000,-5.197873,34.469141
-0.436332,2.2000,-16.219000,0.393000,2.751700,-0.109600,-10.830000,-1.628000,-4.156236,46.506984
-0.436332,2.6000,-14.493000,0.392000,1.961100,-0.099080,-10.830000,-1.628000,-3.170175,39.281986
-0.436332,3.0000,-13.393000,0.447000,1.651700,-0.088170,-10.830000,-1.628000,-2.511847,32.899237
-0.436332,3.5000,-12.500000,0.527000,1.440200,-0.077670,-10.830000,-1.628000,-1.983007,29.937045
-0.436332,4.0000,-11.769000,0.585000,1.305900,-0.069140,-10.830000,-1.628000,-1.606574,29.215118
-0.436332,4.5000,-11.448000,0.666000,1.255800,-0.062240,-10.830000,-1.628000,-1.341294,29.398464
-0.436332,5.0000,-11.197000,0.757000,1.239900,-0.056660,-10.830000,-1.628000,-1.148780,29.421383
-0.349066,0.0000,-11.415000,-0.201000,2.851100,-0.083590,-11.870000,-1.154000,-7.975573,30.716267
-0.349066,0.2000,-11.338000,-0.445000,2.838500,-0.083590,-11.880000,-1.155000,-7.838063,30.498543
-0.349066,0.4000,-11.234000,-0.522000,2.804100,-0.087840,-12.000000,-1.162000,-7.368237,29.478679
-0.349066,0.6000,-11.060000,-0.608000,2.741900,-0.094490,-12.210000,-1.172000,-6.313995,27.255602
-0.349066,0.8000,-10.658000,-0.677000,2.587800,-0.108000,-12.050000,-1.123000,-4.127588,22.465675
-0.349066,0.9500,-10.505000,-0.600000,2.515100,-0.130400,-11.290000,-0.980100,-0.298626,13.905686
-0.349066,1.0500,-12.952000,-0.754000,3.314100,-0.211100,-11.290000,-0.980100,-7.368237,39.505440
-0.349066,1.2000,-11.751000,-0.699000,2.790100,-0.167000,-11.290000,-0.980100,-6.697877,36.388550
-0.349066,1.4000,-11.237000,-0.600000,2.485200,-0.133500,-11.290000,-0.980100,-6.543178,34.503518
-0.349066,1.8000,-10.750000,-0.027000,1.981000,-0.120000,-11.290000,-0.980100,-5.197873,37.202150
-0.349066,2.2000,-11.020000,0.261000,1.747500,-0.109600,-11.290000,-0.980100,-4.156236,46.191857
-0.349066,2.6000,-10.408000,0.324000,1.332700,-0.099080,-11.290000,-0.980100,-3.170175,37.316741
-0.349066,3.0000,-9.861000,0.351000,1.103400,-0.088170,-11.290000,-0.980100,-2.511847,33.798780
-0.349066,3.5000,-9.203000,0.395000,0.944400,-0.077670,-11.290000,-0.980100,-1.983007,28.768211
-0.349066,4.0000,-8.647000,0.423000,0.837900,-0.069140,-11.290000,-0.980100,-1.606574,28.097850
-0.349066,4.5000,-8.232000,0.456000,0.785700,-0.062240,-11.290000,-0.980100,-1.341294,26.917557
-0.349066,5.0000,-7.913000,0.495000,0.760100,-0.056660,-11.290000,-0.980100,-1.148780,27.507704
-0.331613,0.0000,-10.807000,-0.095000,2.708900,-0.083590,-11.880000,-1.047000,-8.290699,31.816346
-0.331613,0.2000,-10.739000,-0.337000,2.698500,-0.083590,-11.900000,-1.048000,-8.170378,31.627270
-0.331613,0.4000,-10.657000,-0.408000,2.671700,-0.087840,-12.020000,-1.055000,-7.757849,30.710538
-0.331613,0.6000,-10.529000,-0.480000,2.626700,-0.094490,-12.240000,-1.064000,-6.875494,28.745293
-0.331613,0.8000,-10.220000,-0.530000,2.507500,-0.108000,-12.100000,-1.021000,-5.000203,24.574160
-0.331613,0.9500,-10.263000,-0.410000,2.509200,-0.130400,-11.360000,-0.884300,-1.203784,15.647477
-0.331613,1.0500,-12.200000,-0.630000,3.138700,-0.211100,-11.360000,-0.884300,-7.368237,39.465333
-0.331613,1.2000,-11.062000,-0.581000,2.655400,-0.167000,-11.360000,-0.884300,-6.697877,36.119259
-0.331613,1.4000,-10.581000,-0.498000,2.380300,-0.133500,-11.360000,-0.884300,-6.543178,34.182662
-0.331613,1.8000,-10.020000,0.021000,1.898300,-0.120000,-11.360000,-0.884300,-5.197873,36.302606
-0.331613,2.2000,-10.105000,0.263000,1.617500,-0.109600,-11.360000,-0.884300,-4.156236,45.223559
-0.331613,2.6000,-9.649000,0.319000,1.231700,-0.099080,-11.360000,-0.884300,-3.170175,37.866781
-0.331613,3.0000,-9.160000,0.340000,1.016100,-0.088170,-11.360000,-0.884300,-2.511847,34.555085
-0.331613,3.5000,-8.605000,0.377000,0.863700,-0.077670,-11.360000,-0.884300,-1.983007,29.163552
-0.331613,4.0000,-8.059000,0.399000,0.762200,-0.069140,-11.360000,-0.884300,-1.606574,27.971800
-0.331613,4.5000,-7.673000,0.426000,0.709900,-0.062240,-11.360000,-0.884300,-1.341294,26.619619
-0.331613,5.0000,-7.341000,0.457000,0.682200,-0.056660,-11.360000,-0.884300,-1.148780,26.235737
-0.314159,0.0000,-10.183000,-0.001000,2.561600,-0.083590,-11.880000,-0.945700,-8.559989,32.796104
-0.314159,0.2000,-10.123000,-0.242000,2.553300,-0.083590,-11.900000,-0.946400,-8.451127,32.629946
-0.314159,0.4000,-10.062000,-0.306000,2.533300,-0.087840,-12.030000,-0.952100,-8.078705,31.793428
-0.314159,0.6000,-9.972000,-0.367000,2.502000,-0.094490,-12.270000,-0.961500,-7.351049,30.068825
-0.314159,0.8000,-9.742000,-0.400000,2.413300,-0.108000,-12.130000,-0.923900,-5.752496,26.522216
-0.314159,0.9500,-9.940000,-0.247000,2.473100,-0.130400,-11.410000,-0.804800,-2.841871,19.302948
-0.314159,1.0500,-11.454000,-0.509000,2.961700,-0.211100,-11.410000,-0.804800,-7.368237,39.602843
-0.314159,1.2000,-10.385000,-0.465000,2.517400,-0.167000,-11.410000,-0.804800,-6.697877,36.027586
-0.314159,1.4000,-9.934000,-0.398000,2.271900,-0.133500,-11.410000,-0.804800,-6.543178,34.205580
-0.314159,1.8000,-9.320000,0.067000,1.810700,-0.120000,-11.410000,-0.804800,-5.197873,35.460358
-0.314159,2.2000,-9.221000,0.268000,1.496100,-0.109600,-11.410000,-0.804800,-4.156236,43.951592
-0.314159,2.6000,-8.880000,0.317000,1.138300,-0.099080,-11.410000,-0.804800,-3.170175,38.628815
-0.314159,3.0000,-8.456000,0.332000,0.934600,-0.088170,-11.410000,-0.804800,-2.511847,34.629569
-0.314159,3.5000,-7.998000,0.362000,0.788900,-0.077670,-11.410000,-0.804800,-1.983007,30.137580
-0.314159,4.0000,-7.488000,0.380000,0.692000,-0.069140,-11.410000,-0.804800,-1.606574,27.198307
-0.314159,4.5000,-7.122000,0.400000,0.639900,-0.062240,-11.410000,-0.804800,-1.341294,26.711292
-0.314159,5.0000,-6.815000,0.424000,0.610600,-0.056660,-11.410000,-0.804800,-1.148780,25.370571
-0.296706,0.0000,-9.545000,0.081000,2.410100,-0.083590,-11.880000,-0.849600,-8.743336,33.518031
-0.296706,0.2000,-9.493000,-0.158000,2.403600,-0.083590,-11.910000,-0.850200,-8.651663,33.391980
-0.296706,0.4000,-9.449000,-0.216000,2.389600,-0.087840,-12.040000,-0.855600,-8.347995,32.692972
-0.296706,0.6000,-9.394000,-0.267000,2.370100,-0.094490,-12.280000,-0.864200,-7.706282,31.157445
-0.296706,0.8000,-9.229000,-0.286000,2.306700,-0.108000,-12.160000,-0.831700,-6.399939,28.160876
-0.296706,0.9500,-9.548000,-0.112000,2.410000,-0.130400,-11.450000,-0.729200,-4.265098,22.626103
-0.296706,1.0500,-10.712000,-0.392000,2.783400,-0.211100,-11.450000,-0.729200,-7.368237,39.620032
-0.296706,1.2000,-9.712000,-0.352000,2.376800,-0.167000,-11.450000,-0.729200,-6.697877,35.838510
-0.296706,1.4000,-9.291000,-0.300000,2.158700,-0.133500,-11.450000,-0.729200,-6.543178,33.947749
-0.296706,1.8000,-8.640000,0.112000,1.719100,-0.120000,-11.450000,-0.729200,-5.197873,34.738431
-0.296706,2.2000,-8.382000,0.277000,1.383700,-0.109600,-11.450000,-0.729200,-4.156236,41.751435
-0.296706,2.6000,-8.119000,0.317000,1.050400,-0.099080,-11.450000,-0.729200,-3.170175,39.018426
-0.296706,3.0000,-7.777000,0.327000,0.858000,-0.088170,-11.450000,-0.729200,-2.511847,34.360279
-0.296706,3.5000,-7.387000,0.351000,0.719500,-0.077670,-11.450000,-0.729200,-1.983007,31.014205
-0.296706,4.0000,-6.951000,0.364000,0.626800,-0.069140,-11.450000,-0.729200,-1.606574,26.745670
-0.296706,4.5000,-6.582000,0.379000,0.575600,-0.062240,-11.450000,-0.729200,-1.341294,26.545135
-0.296706,5.0000,-6.298000,0.397000,0.545200,-0.056660,-11.450000,-0.729200,-1.148780,25.376301
-0.279253,0.0000,-8.902000,0.152000,2.256400,-0.083590,-11.880000,-0.758900,-8.863657,34.022234
-0.279253,0.2000,-8.856000,-0.086000,2.251400,-0.083590,-11.910000,-0.759400,-8.783443,33.930561
-0.279253,0.4000,-8.826000,-0.139000,2.242000,-0.087840,-12.040000,-0.765600,-8.600097,33.512301
-0.279253,0.6000,-8.801000,-0.180000,2.232900,-0.094490,-12.290000,-0.772800,-8.004220,32.062718
-0.279253,0.8000,-8.690000,-0.188000,2.189800,-0.108000,-12.180000,-0.744700,-6.955708,29.547433
-0.279253,0.9500,-9.092000,-0.002000,2.324200,-0.130400,-11.470000,-0.657500,-5.497530,25.657050
-0.279253,1.0500,-9.978000,-0.279000,2.604600,-0.211100,-11.470000,-0.657500,-7.368237,39.476792
-0.279253,1.2000,-9.053000,-0.244000,2.233900,-0.167000,-11.470000,-0.657500,-6.697877,35.563490
-0.279253,1.4000,-8.665000,-0.204000,2.041000,-0.133500,-11.470000,-0.657500,-6.543178,33.483654
-0.279253,1.8000,-7.983000,0.155000,1.623900,-0.120000,-11.470000,-0.657500,-5.197873,33.426358
-0.279253,2.2000,-7.604000,0.289000,1.279500,-0.109600,-11.470000,-0.657500,-4.156236,38.915293
-0.279253,2.6000,-7.358000,0.320000,0.967700,-0.099080,-11.470000,-0.657500,-3.170175,39.075722
-0.279253,3.0000,-7.105000,0.324000,0.786300,-0.088170,-11.470000,-0.657500,-2.511847,34.795727
-0.279253,3.5000,-6.769000,0.343000,0.655300,-0.077670,-11.470000,-0.657500,-1.983007,31.655918
-0.279253,4.0000,-6.416000,0.352000,0.566700,-0.069140,-11.470000,-0.657500,-1.606574,27.650943
-0.279253,4.5000,-6.058000,0.362000,0.516600,-0.062240,-11.470000,-0.657500,-1.341294,25.657050
-0.279253,5.0000,-5.792000,0.375000,0.485700,-0.056660,-11.470000,-0.657500,-1.148780,25.261709
-0.261799,0.0000,-8.254000,0.215000,2.100700,-0.083590,-11.880000,-0.680300,-9.327753,35.334307
-0.261799,0.2000,-8.214000,-0.022000,2.097100,-0.083590,-11.900000,-0.679500,-9.190243,35.110854
-0.261799,0.4000,-8.190000,-0.072000,2.089500,-0.087840,-12.040000,-0.681800,-8.852198,34.297254
-0.261799,0.6000,-8.195000,-0.104000,2.090700,-0.094490,-12.300000,-0.692400,-8.554260,33.581056
-0.261799,0.8000,-8.129000,-0.103000,2.064000,-0.108000,-12.190000,-0.663300,-7.431263,30.762104
-0.261799,0.9500,-8.582000,0.084000,2.218100,-0.130400,-11.480000,-0.596200,-6.995815,29.409924
-0.261799,1.0500,-9.251000,-0.171000,2.425600,-0.211100,-11.480000,-0.596200,-7.368237,39.379389
-0.261799,1.2000,-8.399000,-0.139000,2.089400,-0.167000,-11.480000,-0.596200,-6.697877,35.466088
-0.261799,1.4000,-8.049000,-0.112000,1.919700,-0.133500,-11.480000,-0.596200,-6.543178,33.254470
-0.261799,1.8000,-7.364000,0.197000,1.525500,-0.120000,-11.480000,-0.596200,-5.197873,32.337738
-0.261799,2.2000,-6.890000,0.303000,1.179600,-0.109600,-11.480000,-0.596200,-4.156236,36.400009
-0.261799,2.6000,-6.616000,0.324000,0.889300,-0.099080,-11.480000,-0.596200,-3.170175,37.992831
-0.261799,3.0000,-6.430000,0.323000,0.718400,-0.088170,-11.480000,-0.596200,-2.511847,35.282741
-0.261799,3.5000,-6.153000,0.336000,0.593900,-0.077670,-11.480000,-0.596200,-1.983007,31.403817
-0.261799,4.0000,-5.863000,0.342000,0.509900,-0.069140,-11.480000,-0.596200,-1.606574,28.722374
-0.261799,4.5000,-5.568000,0.348000,0.462200,-0.062240,-11.480000,-0.596200,-1.341294,25.284627
-0.261799,5.0000,-5.298000,0.357000,0.431700,-0.056660,-11.480000,-0.596200,-1.148780,24.734588
-0.244346,0.0000,-7.570000,0.263000,1.930900,-0.083590,-11.860000,-0.607600,-9.763201,36.531789
-0.244346,0.2000,-7.542000,0.029000,1.930500,-0.083590,-11.890000,-0.607100,-9.660068,36.382820
-0.244346,0.4000,-7.546000,-0.014000,1.933100,-0.087840,-12.030000,-0.608800,-9.339212,35.620786
-0.244346,0.6000,-7.552000,-0.043000,1.934300,-0.094490,-12.290000,-0.616800,-9.001167,34.801456
-0.244346,0.8000,-7.548000,-0.031000,1.930500,-0.108000,-12.190000,-0.590500,-8.004220,32.211687
-0.244346,0.9500,-7.985000,0.141000,2.080100,-0.130400,-11.470000,-0.558900,-9.631421,36.136448
-0.244346,1.0500,-8.530000,-0.068000,2.247000,-0.211100,-11.470000,-0.558900,-7.368237,39.098640
-0.244346,1.2000,-7.752000,-0.039000,1.943700,-0.167000,-11.470000,-0.558900,-6.697877,35.282741
-0.244346,1.4000,-7.441000,-0.023000,1.795100,-0.133500,-11.470000,-0.558900,-6.543178,33.082583
-0.244346,1.8000,-6.760000,0.237000,1.425100,-0.120000,-11.470000,-0.558900,-5.197873,31.804887
-0.244346,2.2000,-6.221000,0.317000,1.084000,-0.109600,-11.470000,-0.558900,-4.156236,34.394656
-0.244346,2.6000,-5.915000,0.330000,0.814600,-0.099080,-11.470000,-0.558900,-3.170175,35.792673
-0.244346,3.0000,-5.758000,0.324000,0.655000,-0.088170,-11.470000,-0.558900,-2.511847,35.305659
-0.244346,3.5000,-5.561000,0.332000,0.536700,-0.077670,-11.470000,-0.558900,-1.983007,31.426735
-0.244346,4.0000,-5.306000,0.334000,0.456700,-0.069140,-11.470000,-0.558900,-1.606574,29.094797
-0.244346,4.5000,-5.073000,0.337000,0.411100,-0.062240,-11.470000,-0.558900,-1.341294,26.058121
-0.244346,5.0000,-4.828000,0.343000,0.382400,-0.056660,-11.470000,-0.558900,-1.148780,23.955365
-0.226893,0.0000,-6.887000,0.306000,1.760000,-0.083590,-11.850000,-0.532400,-9.648609,36.296876
-0.226893,0.2000,-6.862000,0.072000,1.759900,-0.083590,-11.870000,-0.533200,-9.631421,36.365631
-0.226893,0.4000,-6.869000,0.031000,1.763500,-0.087840,-12.020000,-0.538400,-9.579854,36.256769
-0.226893,0.6000,-6.908000,0.011000,1.776500,-0.094490,-12.290000,-0.544600,-9.230350,35.397333
-0.226893,0.8000,-6.938000,0.027000,1.784600,-0.108000,-12.190000,-0.531100,-8.898035,34.514978
-0.226893,0.9500,-7.226000,0.154000,1.882000,-0.130400,-11.430000,-0.511300,-11.126840,40.026832
-0.226893,1.0500,-7.823000,0.031000,2.069200,-0.211100,-11.430000,-0.511300,-7.368237,38.640274
-0.226893,1.2000,-7.113000,0.056000,1.797300,-0.167000,-11.430000,-0.511300,-6.697877,34.990533
-0.226893,1.4000,-6.839000,0.062000,1.668000,-0.133500,-11.430000,-0.511300,-6.543178,32.853400
-0.226893,1.8000,-6.172000,0.275000,1.323900,-0.120000,-11.430000,-0.511300,-5.197873,30.933991
-0.226893,2.2000,-5.594000,0.334000,0.992400,-0.109600,-11.430000,-0.511300,-4.156236,32.097096
-0.226893,2.6000,-5.269000,0.338000,0.743200,-0.099080,-11.430000,-0.511300,-3.170175,33.065394
-0.226893,3.0000,-5.099000,0.327000,0.595500,-0.088170,-11.430000,-0.511300,-2.511847,34.239958
-0.226893,3.5000,-4.961000,0.330000,0.484100,-0.077670,-11.430000,-0.511300,-1.983007,31.799158
-0.226893,4.0000,-4.755000,0.329000,0.408200,-0.069140,-11.430000,-0.511300,-1.606574,28.768211
-0.226893,4.5000,-4.570000,0.329000,0.363400,-0.062240,-11.430000,-0.511300,-1.341294,26.831614
-0.226893,5.0000,-4.376000,0.332000,0.336300,-0.056660,-11.430000,-0.511300,-1.148780,24.150171
-0.209440,0.0000,-6.222000,0.346000,1.594100,-0.083590,-11.830000,-0.461100,-9.350671,35.511924
-0.209440,0.2000,-6.200000,0.112000,1.594400,-0.083590,-11.860000,-0.461700,-9.333482,35.586409
-0.209440,0.4000,-6.210000,0.073000,1.598700,-0.087840,-12.010000,-0.466200,-9.293375,35.506195
-0.209440,0.6000,-6.250000,0.056000,1.612100,-0.094490,-12.270000,-0.476600,-9.281916,35.471817
-0.209440,0.8000,-6.279000,0.070000,1.619800,-0.108000,-12.170000,-0.471400,-9.367860,35.689541
-0.209440,0.9500,-6.494000,0.169000,1.691700,-0.130400,-11.400000,-0.441300,-10.674204,38.903834
-0.209440,1.0500,-7.126000,0.124000,1.892600,-0.211100,-11.400000,-0.441300,-7.368237,38.158989
-0.209440,1.2000,-6.482000,0.147000,1.650600,-0.167000,-11.400000,-0.441300,-6.697877,34.406116
-0.209440,1.4000,-6.245000,0.143000,1.538900,-0.133500,-11.400000,-0.441300,-6.543178,32.521084
-0.209440,1.8000,-5.610000,0.312000,1.220700,-0.120000,-11.400000,-0.441300,-5.197873,30.022988
-0.209440,2.2000,-5.021000,0.350000,0.904000,-0.109600,-11.400000,-0.441300,-4.156236,30.045907
-0.209440,2.6000,-4.679000,0.347000,0.674800,-0.099080,-11.400000,-0.441300,-3.170175,30.567298
-0.209440,3.0000,-4.480000,0.332000,0.539200,-0.088170,-11.400000,-0.441300,-2.511847,31.764780
-0.209440,3.5000,-4.370000,0.330000,0.435300,-0.077670,-11.400000,-0.441300,-1.983007,31.518408
-0.209440,4.0000,-4.224000,0.326000,0.363800,-0.069140,-11.400000,-0.441300,-1.606574,28.498921
-0.209440,4.5000,-4.060000,0.323000,0.320600,-0.062240,-11.400000,-0.441300,-1.341294,26.671185
-0.209440,5.0000,-3.911000,0.323000,0.293400,-0.056660,-11.400000,-0.441300,-1.148780,24.814802
-0.191986,0.0000,-5.578000,0.382000,1.433500,-0.083590,-11.820000,-0.396300,-9.104299,34.726972
-0.191986,0.2000,-5.558000,0.149000,1.434100,-0.083590,-11.840000,-0.396700,-9.092840,34.812916
-0.191986,0.4000,-5.571000,0.112000,1.439100,-0.087840,-11.990000,-0.400600,-9.058463,34.761349
-0.191986,0.6000,-5.612000,0.097000,1.452600,-0.094490,-12.260000,-0.409800,-9.047004,34.767079
-0.191986,0.8000,-5.632000,0.109000,1.457700,-0.108000,-12.160000,-0.406100,-9.190243,35.116583
-0.191986,0.9500,-5.790000,0.185000,1.509400,-0.130400,-11.370000,-0.377600,-10.261674,37.792296
-0.191986,1.0500,-6.442000,0.210000,1.717600,-0.211100,-11.370000,-0.377600,-7.368237,37.746460
-0.191986,1.2000,-5.868000,0.231000,1.503900,-0.167000,-11.370000,-0.377600,-6.697877,33.913372
-0.191986,1.4000,-5.660000,0.219000,1.408200,-0.133500,-11.370000,-0.377600,-6.543178,32.223146
-0.191986,1.8000,-5.063000,0.346000,1.116200,-0.120000,-11.370000,-0.377600,-5.197873,29.432842
-0.191986,2.2000,-4.479000,0.367000,0.818700,-0.109600,-11.370000,-0.377600,-4.156236,28.550487
-0.191986,2.6000,-4.135000,0.356000,0.609900,-0.099080,-11.370000,-0.377600,-3.170175,28.229631
-0.191986,3.0000,-3.922000,0.337000,0.485500,-0.088170,-11.370000,-0.377600,-2.511847,29.020312
-0.191986,3.5000,-3.793000,0.332000,0.390100,-0.077670,-11.370000,-0.377600,-1.983007,30.240712
-0.191986,4.0000,-3.695000,0.326000,0.323500,-0.069140,-11.370000,-0.377600,-1.606574,28.602053
-0.191986,4.5000,-3.574000,0.320000,0.282000,-0.062240,-11.370000,-0.377600,-1.341294,26.247197
-0.191986,5.0000,-3.447000,0.317000,0.255300,-0.056660,-11.370000,-0.377600,-1.148780,24.723129
-0.174533,0.0000,-4.950000,0.417000,1.276300,-0.083590,-11.800000,-0.338200,-8.835009,33.815969
-0.174533,0.2000,-4.933000,0.183000,1.277000,-0.083590,-11.830000,-0.338400,-8.829280,33.913372
-0.174533,0.4000,-4.947000,0.148000,1.282500,-0.087840,-11.980000,-0.341700,-8.806361,33.890454
-0.174533,0.6000,-4.988000,0.136000,1.296400,-0.094490,-12.250000,-0.349800,-8.812091,33.936290
-0.174533,0.8000,-5.002000,0.145000,1.299000,-0.108000,-12.140000,-0.346400,-8.920953,34.239958
-0.174533,0.9500,-5.110000,0.203000,1.333600,-0.130400,-11.340000,-0.320300,-9.837685,36.577626
-0.174533,1.0500,-5.765000,0.292000,1.544700,-0.211100,-11.340000,-0.320300,-7.368237,37.184961
-0.174533,1.2000,-5.260000,0.310000,1.357700,-0.167000,-11.340000,-0.320300,-6.697877,33.489383
-0.174533,1.4000,-5.081000,0.290000,1.276500,-0.133500,-11.340000,-0.320300,-6.543178,31.759051
-0.174533,1.8000,-4.529000,0.378000,1.010800,-0.120000,-11.340000,-0.320300,-5.197873,28.842695
-0.174533,2.2000,-3.969000,0.384000,0.736500,-0.109600,-11.340000,-0.320300,-4.156236,27.003501
-0.174533,2.6000,-3.638000,0.366000,0.547200,-0.099080,-11.340000,-0.320300,-3.170175,26.212819
-0.174533,3.0000,-3.412000,0.343000,0.434200,-0.088170,-11.340000,-0.320300,-2.511847,26.482109
-0.174533,3.5000,-3.258000,0.335000,0.347400,-0.077670,-11.340000,-0.320300,-1.983007,27.542081
-0.174533,4.0000,-3.170000,0.327000,0.286500,-0.069140,-11.340000,-0.320300,-1.606574,27.862938
-0.174533,4.5000,-3.090000,0.319000,0.247500,-0.062240,-11.340000,-0.320300,-1.341294,26.184171
-0.174533,5.0000,-2.995000,0.314000,0.221500,-0.056660,-11.340000,-0.320300,-1.148780,24.316329
-0.157080,0.0000,-4.345000,0.448000,1.125100,-0.083590,-11.780000,-0.286900,-8.491235,32.704431
-0.157080,0.2000,-4.331000,0.215000,1.125900,-0.083590,-11.810000,-0.287000,-8.485505,32.807563
-0.157080,0.4000,-4.346000,0.181000,1.131600,-0.087840,-11.960000,-0.289800,-8.485505,32.807563
-0.157080,0.6000,-4.386000,0.170000,1.145000,-0.094490,-12.230000,-0.296900,-8.531342,32.893507
-0.157080,0.8000,-4.395000,0.178000,1.146200,-0.108000,-12.130000,-0.293800,-8.588637,33.157068
-0.157080,0.9500,-4.461000,0.220000,1.166000,-0.130400,-11.320000,-0.269600,-9.367860,35.162420
-0.157080,1.0500,-5.105000,0.366000,1.374100,-0.211100,-11.320000,-0.269600,-7.368237,25.874774
-0.157080,1.2000,-4.665000,0.382000,1.212400,-0.167000,-11.320000,-0.269600,-6.697877,23.984013
-0.157080,1.4000,-4.517000,0.356000,1.144400,-0.133500,-11.320000,-0.269600,-6.543178,23.628779
-0.157080,1.8000,-4.011000,0.408000,0.905100,-0.120000,-11.320000,-0.269600,-5.197873,20.506159
-0.157080,2.2000,-3.490000,0.400000,0.656600,-0.109600,-11.320000,-0.269600,-4.156236,18.122655
-0.157080,2.6000,-3.174000,0.377000,0.486700,-0.099080,-11.320000,-0.269600,-3.170175,15.842283
-0.157080,3.0000,-2.952000,0.350000,0.385000,-0.088170,-11.320000,-0.269600,-2.511847,14.111950
-0.157080,3.5000,-2.785000,0.338000,0.306900,-0.077670,-11.320000,-0.269600,-1.983007,12.582153
-0.157080,4.0000,-2.676000,0.328000,0.252300,-0.069140,-11.320000,-0.269600,-1.606574,11.350294
-0.157080,4.5000,-2.616000,0.319000,0.216300,-0.062240,-11.320000,-0.269600,-1.341294,10.353347
-0.157080,5.0000,-2.554000,0.313000,0.191800,-0.056660,-11.320000,-0.269600,-1.148780,9.539747
-0.139626,0.0000,-3.763000,0.477000,0.979300,-0.083590,-11.770000,-0.329100,-8.284970,31.833535
-0.139626,0.2000,-3.751000,0.243000,0.980200,-0.083590,-11.790000,-0.328400,-8.279240,31.948127
-0.139626,0.4000,-3.767000,0.210000,0.986000,-0.087840,-11.940000,-0.328500,-8.290699,31.982504
-0.139626,0.6000,-3.805000,0.201000,0.998700,-0.094490,-12.220000,-0.332300,-8.336536,32.114284
-0.139626,0.8000,-3.810000,0.208000,0.998300,-0.108000,-12.110000,-0.332900,-8.428209,32.326279
-0.139626,0.9500,-3.841000,0.238000,1.006100,-0.130400,-11.290000,-0.336600,-9.018356,33.959209
-0.139626,1.0500,-4.461000,0.434000,1.206300,-0.211100,-11.290000,-0.336600,-7.368237,35.878617
-0.139626,1.2000,-4.082000,0.448000,1.068400,-0.167000,-11.290000,-0.336600,-6.697877,32.463789
-0.139626,1.4000,-3.962000,0.415000,1.012200,-0.133500,-11.290000,-0.336600,-6.543178,30.997017
-0.139626,1.8000,-3.506000,0.436000,0.799400,-0.120000,-11.290000,-0.336600,-5.197873,27.628025
-0.139626,2.2000,-3.036000,0.416000,0.578800,-0.109600,-11.290000,-0.336600,-4.156236,24.665833
-0.139626,2.6000,-2.744000,0.387000,0.428000,-0.099080,-11.290000,-0.336600,-3.170175,23.130306
-0.139626,3.0000,-2.531000,0.357000,0.337700,-0.088170,-11.290000,-0.336600,-2.511847,22.511512
-0.139626,3.5000,-2.361000,0.343000,0.268400,-0.077670,-11.290000,-0.336600,-1.983007,21.904177
-0.139626,4.0000,-2.243000,0.331000,0.219900,-0.069140,-11.290000,-0.336600,-1.606574,22.631833
-0.139626,4.5000,-2.166000,0.321000,0.187600,-0.062240,-11.290000,-0.336600,-1.341294,23.433974
-0.139626,5.0000,-2.121000,0.313000,0.165100,-0.056660,-11.290000,-0.336600,-1.148780,24.047039
-0.130900,0.0000,-3.480000,0.490000,0.908000,-0.083590,-11.760000,-0.307800,-8.061516,31.008476
-0.130900,0.2000,-3.469000,0.257000,0.908900,-0.083590,-11.780000,-0.307100,-8.055787,31.128797
-0.130900,0.4000,-3.484000,0.224000,0.914600,-0.087840,-11.930000,-0.307100,-8.061516,31.168904
-0.130900,0.6000,-3.522000,0.216000,0.926900,-0.094490,-12.210000,-0.310600,-8.113082,31.317873
-0.130900,0.8000,-3.524000,0.222000,0.925800,-0.108000,-12.100000,-0.311200,-8.193296,31.506949
-0.130900,0.9500,-3.541000,0.247000,0.928700,-0.130400,-11.280000,-0.314600,-8.731877,32.979451
-0.130900,1.0500,-4.144000,0.465000,1.123600,-0.211100,-11.280000,-0.314600,-7.368237,35.133772
-0.130900,1.2000,-3.795000,0.478000,0.996900,-0.167000,-11.280000,-0.314600,-6.697877,31.822076
-0.130900,1.4000,-3.687000,0.443000,0.946100,-0.133500,-11.280000,-0.314600,-6.543178,30.458436
-0.130900,1.8000,-3.259000,0.449000,0.746700,-0.120000,-11.280000,-0.314600,-5.197873,27.095174
-0.130900,2.2000,-2.816000,0.423000,0.540600,-0.109600,-11.280000,-0.314600,-4.156236,23.955365
-0.130900,2.6000,-2.538000,0.392000,0.399300,-0.099080,-11.280000,-0.314600,-3.170175,22.310977
-0.130900,3.0000,-2.332000,0.361000,0.314700,-0.088170,-11.280000,-0.314600,-2.511847,21.411433
-0.130900,3.5000,-2.167000,0.345000,0.249800,-0.077670,-11.280000,-0.314600,-1.983007,20.941607
-0.130900,4.0000,-2.045000,0.333000,0.204500,-0.069140,-11.280000,-0.314600,-1.606574,21.176520
-0.130900,4.5000,-1.963000,0.322000,0.173900,-0.062240,-11.280000,-0.314600,-1.341294,21.634886
-0.130900,5.0000,-1.911000,0.314000,0.152700,-0.056660,-11.280000,-0.314600,-1.148780,22.402650
-0.122173,0.0000,-3.204000,0.502000,0.838600,-0.083590,-11.750000,-0.288200,-7.946925,30.481355
-0.122173,0.2000,-3.194000,0.269000,0.839500,-0.083590,-11.770000,-0.287500,-7.941195,30.601676
-0.122173,0.4000,-3.209000,0.237000,0.845200,-0.087840,-11.930000,-0.287400,-7.952654,30.664701
-0.122173,0.6000,-3.246000,0.229000,0.857100,-0.094490,-12.200000,-0.290800,-8.004220,30.830859
-0.122173,0.8000,-3.246000,0.235000,0.855400,-0.108000,-12.090000,-0.291300,-8.067246,30.997017
-0.122173,0.9500,-3.250000,0.256000,0.853700,-0.130400,-11.270000,-0.294100,-8.548530,32.286172
-0.122173,1.0500,-3.833000,0.495000,1.041600,-0.211100,-11.270000,-0.294100,-7.368237,34.772809
-0.122173,1.2000,-3.513000,0.507000,0.925900,-0.167000,-11.270000,-0.294100,-6.697877,31.529867
-0.122173,1.4000,-3.417000,0.469000,0.880200,-0.133500,-11.270000,-0.294100,-6.543178,30.257901
-0.122173,1.8000,-3.017000,0.461000,0.694200,-0.120000,-11.270000,-0.294100,-5.197873,26.888909
-0.122173,2.2000,-2.603000,0.431000,0.503000,-0.109600,-11.270000,-0.294100,-4.156236,23.565754
-0.122173,2.6000,-2.340000,0.396000,0.370900,-0.099080,-11.270000,-0.294100,-3.170175,21.806774
-0.122173,3.0000,-2.144000,0.364000,0.292100,-0.088170,-11.270000,-0.294100,-2.511847,20.660858
-0.122173,3.5000,-1.982000,0.347000,0.231600,-0.077670,-11.270000,-0.294100,-1.983007,20.168114
-0.122173,4.0000,-1.860000,0.335000,0.189300,-0.069140,-11.270000,-0.294100,-1.606574,19.887365
-0.122173,4.5000,-1.775000,0.323000,0.160700,-0.062240,-11.270000,-0.294100,-1.341294,20.242599
-0.122173,5.0000,-1.717000,0.314000,0.140800,-0.056660,-11.270000,-0.294100,-1.148780,20.763990
-0.113446,0.0000,-2.931000,0.514000,0.769300,-0.083590,-11.740000,-0.270300,-7.883899,30.097473
-0.113446,0.2000,-2.922000,0.281000,0.770300,-0.083590,-11.760000,-0.269600,-7.883899,30.223524
-0.113446,0.4000,-2.937000,0.249000,0.775800,-0.087840,-11.920000,-0.269500,-7.901088,30.298008
-0.113446,0.6000,-2.972000,0.242000,0.787200,-0.094490,-12.190000,-0.272700,-7.964113,30.492814
-0.113446,0.8000,-2.971000,0.247000,0.785000,-0.108000,-12.080000,-0.273000,-8.009950,30.630324
-0.113446,0.9500,-2.964000,0.265000,0.779500,-0.130400,-11.260000,-0.275300,-8.416750,31.724673
-0.113446,1.0500,-3.522000,0.523000,0.960400,-0.211100,-11.260000,-0.275300,-7.368237,34.600921
-0.113446,1.2000,-3.231000,0.534000,0.855400,-0.167000,-11.260000,-0.275300,-6.697877,31.409546
-0.113446,1.4000,-3.145000,0.494000,0.814500,-0.133500,-11.260000,-0.275300,-6.543178,30.223524
-0.113446,1.8000,-2.774000,0.473000,0.642000,-0.120000,-11.260000,-0.275300,-5.197873,26.848802
-0.113446,2.2000,-2.390000,0.438000,0.465600,-0.109600,-11.260000,-0.275300,-4.156236,23.290734
-0.113446,2.6000,-2.144000,0.401000,0.343000,-0.099080,-11.260000,-0.275300,-3.170175,21.480188
-0.113446,3.0000,-1.959000,0.368000,0.269900,-0.088170,-11.260000,-0.275300,-2.511847,20.173844
-0.113446,3.5000,-1.802000,0.350000,0.213700,-0.077670,-11.260000,-0.275300,-1.983007,19.394621
-0.113446,4.0000,-1.685000,0.337000,0.174500,-0.069140,-11.260000,-0.275300,-1.606574,18.936255
-0.113446,4.5000,-1.597000,0.324000,0.147800,-0.062240,-11.260000,-0.275300,-1.341294,19.010740
-0.113446,5.0000,-1.537000,0.315000,0.129100,-0.056660,-11.260000,-0.275300,-1.148780,19.291489
-0.104720,0.0000,-2.664000,0.526000,0.701000,-0.083590,-11.730000,-0.254000,-6.760902,26.762859
-0.104720,0.2000,-2.655000,0.293000,0.702000,-0.083590,-11.750000,-0.253300,-6.755172,26.883180
-0.104720,0.4000,-2.670000,0.261000,0.707300,-0.087840,-11.900000,-0.253200,-6.766632,26.940476
-0.104720,0.6000,-2.703000,0.254000,0.718100,-0.094490,-12.180000,-0.256200,-6.818198,27.095174
-0.104720,0.8000,-2.701000,0.259000,0.715600,-0.108000,-12.070000,-0.256500,-6.858305,27.232684
-0.104720,0.9500,-2.684000,0.273000,0.706800,-0.130400,-11.250000,-0.258000,-7.259375,28.332763
-0.104720,1.0500,-3.215000,0.549000,0.880200,-0.211100,-11.250000,-0.258000,-7.368237,30.613135
-0.104720,1.2000,-2.951000,0.560000,0.785300,-0.167000,-11.250000,-0.258000,-6.697877,27.817101
-0.104720,1.4000,-2.876000,0.517000,0.749000,-0.133500,-11.250000,-0.258000,-6.543178,26.791507
-0.104720,1.8000,-2.534000,0.485000,0.589900,-0.120000,-11.250000,-0.258000,-5.197873,23.623050
-0.104720,2.2000,-2.183000,0.445000,0.428600,-0.109600,-11.250000,-0.258000,-4.156236,20.231140
-0.104720,2.6000,-1.952000,0.406000,0.315400,-0.099080,-11.250000,-0.258000,-3.170175,18.752909
-0.104720,3.0000,-1.780000,0.371000,0.247900,-0.088170,-11.250000,-0.258000,-2.511847,17.635641
-0.104720,3.5000,-1.632000,0.353000,0.196100,-0.077670,-11.250000,-0.258000,-1.983007,16.862148
-0.104720,4.0000,-1.518000,0.339000,0.160000,-0.069140,-11.250000,-0.258000,-1.606574,16.569939
-0.104720,4.5000,-1.433000,0.326000,0.135200,-0.062240,-11.250000,-0.258000,-1.341294,16.426700
-0.104720,5.0000,-1.370000,0.317000,0.117800,-0.056660,-11.250000,-0.258000,-1.148780,16.730368
-0.095993,0.0000,-2.449000,0.531000,0.651300,-0.083590,-11.710000,-0.239400,-6.755172,26.499298
-0.095993,0.2000,-2.442000,0.299000,0.652300,-0.083590,-11.740000,-0.238700,-6.749443,26.625349
-0.095993,0.4000,-2.457000,0.267000,0.657700,-0.087840,-11.890000,-0.238500,-6.772361,26.699833
-0.095993,0.6000,-2.489000,0.260000,0.668200,-0.094490,-12.170000,-0.241500,-6.829657,26.877450
-0.095993,0.8000,-2.486000,0.265000,0.665200,-0.108000,-12.060000,-0.241700,-6.864034,26.997771
-0.095993,0.9500,-2.458000,0.277000,0.652700,-0.130400,-11.230000,-0.242200,-7.179161,27.880126
-0.095993,1.0500,-2.974000,0.568000,0.801200,-0.211100,-11.230000,-0.242200,-7.368237,30.595946
-0.095993,1.2000,-2.732000,0.578000,0.716200,-0.167000,-11.230000,-0.242200,-6.697877,27.840019
-0.095993,1.4000,-2.665000,0.534000,0.684100,-0.133500,-11.230000,-0.242200,-6.543178,26.883180
-0.095993,1.8000,-2.348000,0.490000,0.538500,-0.120000,-11.230000,-0.242200,-5.197873,23.703264
-0.095993,2.2000,-2.025000,0.447000,0.392200,-0.109600,-11.230000,-0.242200,-4.156236,20.248328
-0.095993,2.6000,-1.804000,0.407000,0.288300,-0.099080,-11.230000,-0.242200,-3.170175,18.558103
-0.095993,3.0000,-1.640000,0.372000,0.226500,-0.088170,-11.230000,-0.242200,-2.511847,17.389269
-0.095993,3.5000,-1.498000,0.352000,0.179100,-0.077670,-11.230000,-0.242200,-1.983007,16.438159
-0.095993,4.0000,-1.386000,0.338000,0.145900,-0.069140,-11.230000,-0.242200,-1.606574,15.893849
-0.095993,4.5000,-1.301000,0.325000,0.123100,-0.062240,-11.230000,-0.242200,-1.341294,15.653207
-0.095993,5.0000,-1.236000,0.316000,0.107000,-0.056660,-11.230000,-0.242200,-1.148780,15.590182
-0.087266,0.0000,-2.187000,0.542000,0.583200,-0.083590,-11.700000,-0.226400,-7.712012,28.877073
-0.087266,0.2000,-2.180000,0.309000,0.584100,-0.083590,-11.730000,-0.225700,-7.717742,29.014583
-0.087266,0.4000,-2.194000,0.278000,0.589100,-0.087840,-11.880000,-0.225600,-7.752119,29.146363
-0.087266,0.6000,-2.224000,0.272000,0.598900,-0.094490,-12.160000,-0.228600,-7.843792,29.415653
-0.087266,0.8000,-2.220000,0.276000,0.595800,-0.108000,-12.050000,-0.228600,-7.855251,29.478679
-0.087266,0.9500,-2.188000,0.286000,0.581600,-0.130400,-11.220000,-0.228100,-8.021409,29.971422
-0.087266,1.0500,-2.668000,0.592000,0.722800,-0.211100,-11.220000,-0.228100,-7.368237,33.993586
-0.087266,1.2000,-2.452000,0.601000,0.647300,-0.167000,-11.220000,-0.228100,-6.697877,30.979828
-0.087266,1.4000,-2.395000,0.555000,0.619200,-0.133500,-11.220000,-0.228100,-6.543178,30.017259
-0.087266,1.8000,-2.107000,0.502000,0.487000,-0.120000,-11.220000,-0.228100,-5.197873,26.642537
-0.087266,2.2000,-1.817000,0.454000,0.355800,-0.109600,-11.220000,-0.228100,-4.156236,22.838098
-0.087266,2.6000,-1.617000,0.412000,0.261300,-0.099080,-11.220000,-0.228100,-3.170175,20.609292
-0.087266,3.0000,-1.466000,0.376000,0.205200,-0.088170,-11.220000,-0.228100,-2.511847,19.062306
-0.087266,3.5000,-1.335000,0.355000,0.162000,-0.077670,-11.220000,-0.228100,-1.983007,17.738773
-0.087266,4.0000,-1.232000,0.341000,0.131800,-0.069140,-11.220000,-0.228100,-1.606574,16.776204
-0.087266,4.5000,-1.151000,0.327000,0.111000,-0.062240,-11.220000,-0.228100,-1.341294,16.220435
-0.087266,5.0000,-1.089000,0.317000,0.096300,-0.056660,-11.220000,-0.228100,-1.148780,15.865201
-0.078540,0.0000,-1.932000,0.552000,0.516800,-0.083590,-11.690000,-0.215000,-7.505747,28.029095
-0.078540,0.2000,-1.927000,0.319000,0.517700,-0.083590,-11.720000,-0.214400,-7.511477,28.172335
-0.078540,0.4000,-1.940000,0.288000,0.522300,-0.087840,-11.870000,-0.214300,-7.551584,28.315574
-0.078540,0.6000,-1.967000,0.282000,0.531300,-0.094490,-12.140000,-0.217300,-7.648987,28.602053
-0.078540,0.8000,-1.963000,0.286000,0.528100,-0.108000,-12.030000,-0.217200,-7.648987,28.642160
-0.078540,0.9500,-1.926000,0.294000,0.512800,-0.130400,-11.210000,-0.215500,-7.752119,28.957287
-0.078540,1.0500,-2.368000,0.613000,0.645300,-0.211100,-11.210000,-0.215500,-7.368237,33.225823
-0.078540,1.2000,-2.179000,0.621000,0.579000,-0.167000,-11.210000,-0.215500,-6.697877,30.315197
-0.078540,1.4000,-2.129000,0.574000,0.554600,-0.133500,-11.210000,-0.215500,-6.543178,29.432842
-0.078540,1.8000,-1.871000,0.512000,0.435900,-0.120000,-11.210000,-0.215500,-5.197873,26.086768
-0.078540,2.2000,-1.615000,0.461000,0.319600,-0.109600,-11.210000,-0.215500,-4.156236,22.328165
-0.078540,2.6000,-1.435000,0.417000,0.234500,-0.099080,-11.210000,-0.215500,-3.170175,20.093630
-0.078540,3.0000,-1.298000,0.379000,0.184000,-0.088170,-11.210000,-0.215500,-2.511847,18.437782
-0.078540,3.5000,-1.179000,0.358000,0.145200,-0.077670,-11.210000,-0.215500,-1.983007,17.097061
-0.078540,4.0000,-1.085000,0.343000,0.118000,-0.069140,-11.210000,-0.215500,-1.606574,16.031359
-0.078540,4.5000,-1.010000,0.329000,0.099200,-0.062240,-11.210000,-0.215500,-1.341294,15.292244
-0.078540,5.0000,-0.951000,0.319000,0.085900,-0.056660,-11.210000,-0.215500,-1.148780,14.862525
-0.069813,0.0000,-1.685000,0.560000,0.452200,-0.083590,-11.680000,-0.205400,-7.299482,27.163929
-0.069813,0.2000,-1.680000,0.327000,0.453000,-0.083590,-11.700000,-0.204700,-7.310941,27.312898
-0.069813,0.4000,-1.692000,0.296000,0.457300,-0.087840,-11.860000,-0.204800,-7.356778,27.467597
-0.069813,0.6000,-1.717000,0.291000,0.465500,-0.094490,-12.130000,-0.207800,-7.454181,27.771264
-0.069813,0.8000,-1.713000,0.295000,0.462200,-0.108000,-12.020000,-0.207500,-7.442722,27.788453
-0.069813,0.9500,-1.674000,0.301000,0.446300,-0.130400,-11.190000,-0.204500,-7.477099,27.931693
-0.069813,1.0500,-2.075000,0.632000,0.568900,-0.211100,-11.190000,-0.204500,-7.368237,32.440870
-0.069813,1.2000,-1.911000,0.640000,0.511400,-0.167000,-11.190000,-0.204500,-6.697877,29.633377
-0.069813,1.4000,-1.869000,0.591000,0.490500,-0.133500,-11.190000,-0.204500,-6.543178,28.831236
-0.069813,1.8000,-1.641000,0.521000,0.385200,-0.120000,-11.190000,-0.204500,-5.197873,25.513811
-0.069813,2.2000,-1.417000,0.467000,0.283600,-0.109600,-11.190000,-0.204500,-4.156236,21.823962
-0.069813,2.6000,-1.257000,0.421000,0.208000,-0.099080,-11.190000,-0.204500,-3.170175,19.577968
-0.069813,3.0000,-1.135000,0.383000,0.163100,-0.088170,-11.190000,-0.204500,-2.511847,17.887742
-0.069813,3.5000,-1.028000,0.361000,0.128600,-0.077670,-11.190000,-0.204500,-1.983007,16.466807
-0.069813,4.0000,-0.944000,0.345000,0.104400,-0.069140,-11.190000,-0.204500,-1.606574,15.383917
-0.069813,4.5000,-0.876000,0.331000,0.087600,-0.062240,-11.190000,-0.204500,-1.341294,14.535939
-0.069813,5.0000,-0.822000,0.320000,0.075700,-0.056660,-11.190000,-0.204500,-1.148780,13.934334
-0.061087,0.0000,-1.446000,0.567000,0.389400,-0.083590,-11.660000,-0.197400,-7.093218,26.287304
-0.061087,0.2000,-1.442000,0.335000,0.390100,-0.083590,-11.690000,-0.196700,-7.104677,26.436273
-0.061087,0.4000,-1.453000,0.304000,0.394000,-0.087840,-11.840000,-0.196900,-7.156243,26.602430
-0.061087,0.6000,-1.475000,0.298000,0.401300,-0.094490,-12.120000,-0.200000,-7.253646,26.923287
-0.061087,0.8000,-1.470000,0.302000,0.398200,-0.108000,-12.010000,-0.199500,-7.242187,26.917557
-0.061087,0.9500,-1.431000,0.308000,0.382200,-0.130400,-11.180000,-0.195100,-7.207809,26.883180
-0.061087,1.0500,-1.790000,0.649000,0.493600,-0.211100,-11.180000,-0.195100,-7.368237,31.627270
-0.061087,1.2000,-1.649000,0.656000,0.444500,-0.167000,-11.180000,-0.195100,-6.697877,28.934369
-0.061087,1.4000,-1.615000,0.606000,0.426900,-0.133500,-11.180000,-0.195100,-6.543178,28.200983
-0.061087,1.8000,-1.415000,0.528000,0.335000,-0.120000,-11.180000,-0.195100,-5.197873,24.912205
-0.061087,2.2000,-1.224000,0.472000,0.247800,-0.109600,-11.180000,-0.195100,-4.156236,21.314030
-0.061087,2.6000,-1.084000,0.425000,0.181700,-0.099080,-11.180000,-0.195100,-3.170175,19.062306
-0.061087,3.0000,-0.977000,0.386000,0.142400,-0.088170,-11.180000,-0.195100,-2.511847,17.372080
-0.061087,3.5000,-0.884000,0.363000,0.112100,-0.077670,-11.180000,-0.195100,-1.983007,15.882390
-0.061087,4.0000,-0.809000,0.347000,0.091000,-0.069140,-11.180000,-0.195100,-1.606574,14.747934
-0.061087,4.5000,-0.749000,0.332000,0.076300,-0.062240,-11.180000,-0.195100,-1.341294,13.871308
-0.061087,5.0000,-0.700000,0.322000,0.065700,-0.056660,-11.180000,-0.195100,-1.148780,13.183759
-0.052360,0.0000,-1.215000,0.574000,0.328300,-0.083590,-11.650000,-0.191000,-6.886953,25.393489
-0.052360,0.2000,-1.212000,0.341000,0.329000,-0.083590,-11.680000,-0.190400,-6.898412,25.548188
-0.052360,0.4000,-1.221000,0.311000,0.332400,-0.087840,-11.830000,-0.190700,-6.949978,25.725805
-0.052360,0.6000,-1.241000,0.305000,0.338800,-0.094490,-12.100000,-0.193900,-7.058840,26.058121
-0.052360,0.8000,-1.236000,0.309000,0.335900,-0.108000,-11.990000,-0.193200,-7.035922,26.029473
-0.052360,0.9500,-1.198000,0.313000,0.320500,-0.130400,-11.170000,-0.187300,-6.932789,25.823208
-0.052360,1.0500,-1.511000,0.664000,0.419400,-0.211100,-11.170000,-0.187300,-7.368237,30.796481
-0.052360,1.2000,-1.394000,0.670000,0.378400,-0.167000,-11.170000,-0.187300,-6.697877,28.212442
-0.052360,1.4000,-1.366000,0.619000,0.363900,-0.133500,-11.170000,-0.187300,-6.543178,27.547811
-0.052360,1.8000,-1.195000,0.535000,0.285200,-0.120000,-11.170000,-0.187300,-5.197873,24.287681
-0.052360,2.2000,-1.035000,0.476000,0.212200,-0.109600,-11.170000,-0.187300,-4.156236,20.804098
-0.052360,2.6000,-0.915000,0.428000,0.155500,-0.099080,-11.170000,-0.187300,-3.170175,18.552373
-0.052360,3.0000,-0.824000,0.388000,0.121800,-0.088170,-11.170000,-0.187300,-2.511847,16.862148
-0.052360,3.5000,-0.744000,0.365000,0.095900,-0.077670,-11.170000,-0.187300,-1.983007,15.360998
-0.052360,4.0000,-0.679000,0.348000,0.077700,-0.069140,-11.170000,-0.187300,-1.606574,14.163517
-0.052360,4.5000,-0.627000,0.334000,0.065000,-0.062240,-11.170000,-0.187300,-1.341294,13.241055
-0.052360,5.0000,-0.585000,0.323000,0.056000,-0.056660,-11.170000,-0.187300,-1.148780,12.513398
-0.043633,0.0000,-0.992000,0.579000,0.269100,-0.083590,-11.630000,-0.186300,-6.686417,24.482487
-0.043633,0.2000,-0.989000,0.346000,0.269700,-0.083590,-11.660000,-0.185800,-6.692147,24.642915
-0.043633,0.4000,-0.997000,0.316000,0.272600,-0.087840,-11.810000,-0.186200,-6.749443,24.831991
-0.043633,0.6000,-1.014000,0.311000,0.278100,-0.094490,-12.080000,-0.189600,-6.864034,25.181495
-0.043633,0.8000,-1.010000,0.314000,0.275400,-0.108000,-11.980000,-0.188600,-6.829657,25.129929
-0.043633,0.9500,-0.974000,0.318000,0.261200,-0.130400,-11.150000,-0.181100,-6.663499,24.746047
-0.043633,1.0500,-1.240000,0.676000,0.346400,-0.211100,-11.150000,-0.181100,-7.368237,29.942774
-0.043633,1.2000,-1.144000,0.682000,0.313100,-0.167000,-11.150000,-0.181100,-6.697877,27.467597
-0.043633,1.4000,-1.122000,0.630000,0.301400,-0.133500,-11.150000,-0.181100,-6.543178,26.871721
-0.043633,1.8000,-0.981000,0.541000,0.236100,-0.120000,-11.150000,-0.181100,-5.197873,23.640239
-0.043633,2.2000,-0.852000,0.480000,0.176700,-0.109600,-11.150000,-0.181100,-4.156236,20.288436
-0.043633,2.6000,-0.751000,0.431000,0.129400,-0.099080,-11.150000,-0.181100,-3.170175,18.042441
-0.043633,3.0000,-0.675000,0.390000,0.101400,-0.088170,-11.150000,-0.181100,-2.511847,16.346486
-0.043633,3.5000,-0.608000,0.367000,0.079700,-0.077670,-11.150000,-0.181100,-1.983007,14.845336
-0.043633,4.0000,-0.555000,0.350000,0.064600,-0.069140,-11.150000,-0.181100,-1.606574,13.642125
-0.043633,4.5000,-0.511000,0.335000,0.054000,-0.062240,-11.150000,-0.181100,-1.341294,12.673826
-0.043633,5.0000,-0.476000,0.324000,0.046400,-0.056660,-11.150000,-0.181100,-1.148780,11.900333
-0.034907,0.0000,-0.777000,0.583000,0.211700,-0.083590,-11.620000,-0.183300,-6.480153,23.560025
-0.034907,0.2000,-0.775000,0.351000,0.212200,-0.083590,-11.640000,-0.182800,-6.491612,23.720453
-0.034907,0.4000,-0.782000,0.320000,0.214600,-0.087840,-11.790000,-0.183400,-6.548908,23.920988
-0.034907,0.6000,-0.795000,0.315000,0.219000,-0.094490,-12.070000,-0.187000,-6.669229,24.287681
-0.034907,0.8000,-0.791000,0.319000,0.216700,-0.108000,-11.960000,-0.185800,-6.623392,24.213196
-0.034907,0.9500,-0.760000,0.322000,0.204300,-0.130400,-11.130000,-0.176500,-6.394209,23.657427
-0.034907,1.0500,-0.976000,0.686000,0.274600,-0.211100,-11.130000,-0.176500,-7.368237,29.071879
-0.034907,1.2000,-0.902000,0.692000,0.248600,-0.167000,-11.130000,-0.176500,-6.697877,26.711292
-0.034907,1.4000,-0.885000,0.638000,0.239600,-0.133500,-11.130000,-0.176500,-6.543178,26.172712
-0.034907,1.8000,-0.772000,0.546000,0.187500,-0.120000,-11.130000,-0.176500,-5.197873,22.975608
-0.034907,2.2000,-0.672000,0.483000,0.141300,-0.109600,-11.130000,-0.176500,-4.156236,19.778503
-0.034907,2.6000,-0.592000,0.433000,0.103500,-0.099080,-11.130000,-0.176500,-3.170175,17.532509
-0.034907,3.0000,-0.531000,0.392000,0.081100,-0.088170,-11.130000,-0.176500,-2.511847,15.836553
-0.034907,3.5000,-0.478000,0.368000,0.063700,-0.077670,-11.130000,-0.176500,-1.983007,14.329674
-0.034907,4.0000,-0.435000,0.351000,0.051600,-0.069140,-11.130000,-0.176500,-1.606574,13.120734
-0.034907,4.5000,-0.400000,0.336000,0.043100,-0.062240,-11.130000,-0.176500,-1.341294,12.140976
-0.034907,5.0000,-0.371000,0.325000,0.037000,-0.056660,-11.130000,-0.176500,-1.148780,11.350294
-0.026180,0.0000,-0.570000,0.587000,0.156100,-0.083590,-11.600000,-0.181900,-6.268158,22.620374
-0.026180,0.2000,-0.569000,0.354000,0.156400,-0.083590,-11.630000,-0.181400,-6.285347,22.780802
-0.026180,0.4000,-0.574000,0.324000,0.158300,-0.087840,-11.780000,-0.182300,-6.348372,22.998526
-0.026180,0.6000,-0.584000,0.318000,0.161700,-0.094490,-12.050000,-0.186100,-6.468694,23.376678
-0.026180,0.8000,-0.581000,0.322000,0.159900,-0.108000,-11.940000,-0.184700,-6.417127,23.279275
-0.026180,0.9500,-0.555000,0.325000,0.149700,-0.130400,-11.120000,-0.173500,-6.119189,22.545889
-0.026180,1.0500,-0.720000,0.694000,0.204000,-0.211100,-11.120000,-0.173500,-7.368237,28.178064
-0.026180,1.2000,-0.666000,0.699000,0.185100,-0.167000,-11.120000,-0.173500,-6.697877,25.932070
-0.026180,1.4000,-0.654000,0.645000,0.178600,-0.133500,-11.120000,-0.173500,-6.543178,25.456515
-0.026180,1.8000,-0.570000,0.550000,0.139600,-0.120000,-11.120000,-0.173500,-5.197873,22.288058
-0.026180,2.2000,-0.497000,0.485000,0.106000,-0.109600,-11.120000,-0.173500,-4.156236,19.268571
-0.026180,2.6000,-0.437000,0.435000,0.077600,-0.099080,-11.120000,-0.173500,-3.170175,17.022576
-0.026180,3.0000,-0.392000,0.393000,0.060800,-0.088170,-11.120000,-0.173500,-2.511847,15.326621
-0.026180,3.5000,-0.351000,0.369000,0.047800,-0.077670,-11.120000,-0.173500,-1.983007,13.814012
-0.026180,4.0000,-0.319000,0.352000,0.038700,-0.069140,-11.120000,-0.173500,-1.606574,12.599342
-0.026180,4.5000,-0.293000,0.337000,0.032300,-0.062240,-11.120000,-0.173500,-1.341294,11.619584
-0.026180,5.0000,-0.272000,0.325000,0.027700,-0.056660,-11.120000,-0.173500,-1.148780,10.823173
-0.017453,0.0000,-0.372000,0.589000,0.102200,-0.083590,-11.580000,-0.182200,-6.061893,21.669264
-0.017453,0.2000,-0.371000,0.356000,0.102500,-0.083590,-11.610000,-0.181800,-6.079082,21.835422
-0.017453,0.4000,-0.374000,0.326000,0.103800,-0.087840,-11.760000,-0.182900,-6.147837,22.064605
-0.017453,0.6000,-0.381000,0.321000,0.106100,-0.094490,-12.030000,-0.187000,-6.273888,22.454216
-0.017453,0.8000,-0.379000,0.324000,0.104800,-0.108000,-11.920000,-0.185200,-6.210862,22.339624
-0.017453,0.9500,-0.360000,0.327000,0.097400,-0.130400,-11.100000,-0.172000,-5.849899,21.428622
-0.017453,1.0500,-0.472000,0.700000,0.134700,-0.211100,-11.100000,-0.172000,-7.368237,27.272791
-0.017453,1.2000,-0.437000,0.704000,0.122400,-0.167000,-11.100000,-0.172000,-6.697877,25.135658
-0.017453,1.4000,-0.429000,0.650000,0.118200,-0.133500,-11.100000,-0.172000,-6.543178,24.711670
-0.017453,1.8000,-0.374000,0.553000,0.092300,-0.120000,-11.100000,-0.172000,-5.197873,21.577591
-0.017453,2.2000,-0.327000,0.487000,0.070600,-0.109600,-11.100000,-0.172000,-4.156236,18.764368
-0.017453,2.6000,-0.287000,0.436000,0.051800,-0.099080,-11.100000,-0.172000,-3.170175,16.518373
-0.017453,3.0000,-0.257000,0.394000,0.040500,-0.088170,-11.100000,-0.172000,-2.511847,14.816689
-0.017453,3.5000,-0.230000,0.370000,0.031900,-0.077670,-11.100000,-0.172000,-1.983007,13.304080
-0.017453,4.0000,-0.208000,0.352000,0.025800,-0.069140,-11.100000,-0.172000,-1.606574,12.089409
-0.017453,4.5000,-0.191000,0.337000,0.021500,-0.062240,-11.100000,-0.172000,-1.341294,11.103922
-0.017453,5.0000,-0.177000,0.326000,0.018500,-0.056660,-11.100000,-0.172000,-1.148780,10.301781
-0.008727,0.0000,-0.182000,0.590000,0.050200,-0.083590,-11.560000,-0.184100,-5.855629,20.706695
-0.008727,0.2000,-0.181000,0.358000,0.050300,-0.083590,-11.590000,-0.183800,-5.872817,20.878582
-0.008727,0.4000,-0.183000,0.327000,0.051000,-0.087840,-11.740000,-0.185100,-5.947302,21.113495
-0.008727,0.6000,-0.187000,0.322000,0.052200,-0.094490,-12.010000,-0.189500,-6.079082,21.520295
-0.008727,0.8000,-0.185000,0.326000,0.051500,-0.108000,-11.900000,-0.187500,-6.004598,21.382785
-0.008727,0.9500,-0.175000,0.328000,0.047500,-0.130400,-11.080000,-0.172200,-5.582328,20.299895
-0.008727,1.0500,-0.232000,0.703000,0.066700,-0.211100,-11.080000,-0.172200,-7.368237,26.344599
-0.008727,1.2000,-0.215000,0.708000,0.060700,-0.167000,-11.080000,-0.172200,-6.697877,24.327788
-0.008727,1.4000,-0.211000,0.653000,0.058700,-0.133500,-11.080000,-0.172200,-6.543178,23.955365
-0.008727,1.8000,-0.184000,0.554000,0.045800,-0.120000,-11.080000,-0.172200,-5.197873,20.844205
-0.008727,2.2000,-0.161000,0.488000,0.035300,-0.109600,-11.080000,-0.172200,-4.156236,18.260165
-0.008727,2.6000,-0.141000,0.437000,0.025900,-0.099080,-11.080000,-0.172200,-3.170175,16.014170
-0.008727,3.0000,-0.126000,0.395000,0.020300,-0.088170,-11.080000,-0.172200,-2.511847,14.312486
-0.008727,3.5000,-0.113000,0.370000,0.015900,-0.077670,-11.080000,-0.172200,-1.983007,12.794148
-0.008727,4.0000,-0.102000,0.353000,0.012900,-0.069140,-11.080000,-0.172200,-1.606574,11.579477
-0.008727,4.5000,-0.093000,0.337000,0.010800,-0.062240,-11.080000,-0.172200,-1.341294,10.588260
-0.008727,5.0000,-0.086000,0.326000,0.009200,-0.056660,-11.080000,-0.172200,-1.148780,9.786119
0.000000,0.0000,0.000000,0.591000,0.000000,-0.083590,-11.540000,-0.187800,-5.651083,19.738396
0.000000,0.2000,0.000000,0.358000,0.000000,-0.083590,-11.570000,-0.187500,-5.666553,19.910283
0.000000,0.4000,0.000000,0.328000,0.000000,-0.087840,-11.720000,-0.189100,-5.746767,20.156655
0.000000,0.6000,0.000000,0.323000,0.000000,-0.094490,-11.990000,-0.193900,-5.884277,20.586374
0.000000,0.8000,0.000000,0.326000,0.000000,-0.108000,-11.880000,-0.191600,-5.798333,20.420216
0.000000,0.9500,0.000000,0.329000,0.000000,-0.130400,-11.060000,-0.174000,-5.314184,19.165438
0.000000,1.0500,0.000000,0.704000,0.000000,-0.211100,-11.060000,-0.174000,-7.368237,25.874774
0.000000,1.2000,0.000000,0.709000,0.000000,-0.167000,-11.060000,-0.174000,-6.697877,23.984013
0.000000,1.4000,0.000000,0.654000,0.000000,-0.133500,-11.060000,-0.174000,-6.543178,23.628779
0.000000,1.8000,0.000000,0.555000,0.000000,-0.120000,-11.060000,-0.174000,-5.197873,20.506159
0.000000,2.2000,0.000000,0.489000,0.000000,-0.109600,-11.060000,-0.174000,-4.156236,18.122655
0.000000,2.6000,0.000000,0.437000,0.000000,-0.099080,-11.060000,-0.174000,-3.170175,15.842283
0.000000,3.0000,0.000000,0.395000,0.000000,-0.088170,-11.060000,-0.174000,-2.511847,14.111950
0.000000,3.5000,0.000000,0.370000,0.000000,-0.077670,-11.060000,-0.174000,-1.983007,12.582153
0.000000,4.0000,0.000000,0.353000,0.000000,-0.069140,-11.060000,-0.174000,-1.606574,11.350294
0.000000,4.5000,0.000000,0.338000,0.000000,-0.062240,-11.060000,-0.174000,-1.341294,10.353347
0.000000,5.0000,0.000000,0.326000,0.000000,-0.056660,-11.060000,-0.174000,-1.148780,9.539747
0.008727,0.0000,0.182000,0.590000,-0.050200,-0.083590,-11.560000,-0.184100,-5.855629,20.706695
0.008727,0.2000,0.181000,0.358000,-0.050300,-0.083590,-11.590000,-0.183800,-5.872817,20.878582
0.008727,0.4000,0.183000,0.327000,-0.051000,-0.087840,-11.740000,-0.185100,-5.947302,21.113495
0.008727,0.6000,0.187000,0.322000,-0.052200,-0.094490,-12.010000,-0.189500,-6.079082,21.520295
0.008727,0.8000,0.185000,0.326000,-0.051500,-0.108000,-11.900000,-0.187500,-6.004598,21.382785
0.008727,0.9500,0.175000,0.328000,-0.047500,-0.130400,-11.080000,-0.172200,-5.582328,20.299895
0.008727,1.0500,0.232000,0.703000,-0.066700,-0.211100,-11.080000,-0.172200,-7.368237,26.344599
0.008727,1.2000,0.215000,0.708000,-0.060700,-0.167000,-11.080000,-0.172200,-6.697877,24.327788
0.008727,1.4000,0.211000,0.653000,-0.058700,-0.133500,-11.080000,-0.172200,-6.543178,23.955365
0.008727,1.8000,0.184000,0.554000,-0.045800,-0.120000,-11.080000,-0.172200,-5.197873,20.844205
0.008727,2.2000,0.161000,0.488000,-0.035300,-0.109600,-11.080000,-0.172200,-4.156236,18.260165
0.008727,2.6000,0.141000,0.437000,-0.025900,-0.099080,-11.080000,-0.172200,-3.170175,16.014170
0.008727,3.0000,0.126000,0.395000,-0.020300,-0.088170,-11.080000,-0.172200,-2.511847,14.312486
0.008727,3.5000,0.113000,0.370000,-0.015900,-0.077670,-11.080000,-0.172200,-1.983007,12.794148
0.008727,4.0000,0.102000,0.353000,-0.012900,-0.069140,-11.080000,-0.172200,-1.606574,11.579477
0.008727,4.5000,0.093000,0.337000,-0.010800,-0.062240,-11.080000,-0.172200,-1.341294,10.588260
0.008727,5.0000,0.086000,0.326000,-0.009200,-0.056660,-11.080000,-0.172200,-1.148780,9.786119
0.017453,0.0000,0.372000,0.589000,-0.102200,-0.083590,-11.580000,-0.182200,-6.061893,21.669264
0.017453,0.2000,0.371000,0.356000,-0.102500,-0.083590,-11.610000,-0.181800,-6.079082,21.835422
0.017453,0.4000,0.374000,0.326000,-0.103800,-0.087840,-11.760000,-0.182900,-6.147837,22.064605
0.017453,0.6000,0.381000,0.321000,-0.106100,-0.094490,-12.030000,-0.187000,-6.273888,22.454216
0.017453,0.8000,0.379000,0.324000,-0.104800,-0.108000,-11.920000,-0.185200,-6.210862,22.339624
0.017453,0.9500,0.360000,0.327000,-0.097400,-0.130400,-11.100000,-0.172000,-5.849899,21.428622
0.017453,1.0500,0.472000,0.700000,-0.134700,-0.211100,-11.100000,-0.172000,-7.368237,27.272791
0.017453,1.2000,0.437000,0.704000,-0.122400,-0.167000,-11.100000,-0.172000,-6.697877,25.135658
0.017453,1.4000,0.429000,0.650000,-0.118200,-0.133500,-11.100000,-0.172000,-6.543178,24.711670
0.017453,1.8000,0.374000,0.553000,-0.092300,-0.120000,-11.100000,-0.172000,-5.197873,21.577591
0.017453,2.2000,0.327000,0.487000,-0.070600,-0.109600,-11.100000,-0.172000,-4.156236,18.764368
0.017453,2.6000,0.287000,0.436000,-0.051800,-0.099080,-11.100000,-0.172000,-3.170175,16.518373
0.017453,3.0000,0.257000,0.394000,-0.040500,-0.088170,-11.100000,-0.172000,-2.511847,14.816689
0.017453,3.5000,0.230000,0.370000,-0.031900,-0.077670,-11.100000,-0.172000,-1.983007,13.304080
0.017453,4.0000,0.208000,0.352000,-0.025800,-0.069140,-11.100000,-0.172000,-1.606574,12.089409
0.017453,4.5000,0.191000,0.337000,-0.021500,-0.062240,-11.100000,-0.172000,-1.341294,11.103922
0.017453,5.0000,0.177000,0.326000,-0.018500,-0.056660,-11.100000,-0.172000,-1.148780,10.301781
0.026180,0.0000,0.570000,0.587000,-0.156100,-0.083590,-11.600000,-0.181900,-6.268158,22.620374
0.026180,0.2000,0.569000,0.354000,-0.156400,-0.083590,-11.630000,-0.181400,-6.285347,22.780802
0.026180,0.4000,0.574000,0.324000,-0.158300,-0.087840,-11.780000,-0.182300,-6.348372,22.998526
0.026180,0.6000,0.584000,0.318000,-0.161700,-0.094490,-12.050000,-0.186100,-6.468694,23.376678
0.026180,0.8000,0.581000,0.322000,-0.159900,-0.108000,-11.940000,-0.184700,-6.417127,23.279275
0.026180,0.9500,0.555000,0.325000,-0.149700,-0.130400,-11.120000,-0.173500,-6.119189,22.545889
0.026180,1.0500,0.720000,0.694000,-0.204000,-0.211100,-11.120000,-0.173500,-7.368237,28.178064
0.026180,1.2000,0.666000,0.699000,-0.185100,-0.167000,-11.120000,-0.173500,-6.697877,25.932070
0.026180,1.4000,0.654000,0.645000,-0.178600,-0.133500,-11.120000,-0.173500,-6.543178,25.456515
0.026180,1.8000,0.570000,0.550000,-0.139600,-0.120000,-11.120000,-0.173500,-5.197873,22.288058
0.026180,2.2000,0.497000,0.485000,-0.106000,-0.109600,-11.120000,-0.173500,-4.156236,19.268571
0.026180,2.6000,0.437000,0.435000,-0.077600,-0.099080,-11.120000,-0.173500,-3.170175,17.022576
0.026180,3.0000,0.392000,0.393000,-0.060800,-0.088170,-11.120000,-0.173500,-2.511847,15.326621
0.026180,3.5000,0.351000,0.369000,-0.047800,-0.077670,-11.120000,-0.173500,-1.983007,13.814012
0.026180,4.0000,0.319000,0.352000,-0.038700,-0.069140,-11.120000,-0.173500,-1.606574,12.599342
0.026180,4.5000,0.293000,0.337000,-0.032300,-0.062240,-11.120000,-0.173500,-1.341294,11.619584
0.026180,5.0000,0.272000,0.325000,-0.027700,-0.056660,-11.120000,-0.173500,-1.148780,10.823173
0.034907,0.0000,0.777000,0.583000,-0.211700,-0.083590,-11.620000,-0.183300,-6.480153,23.560025
0.034907,0.2000,0.775000,0.351000,-0.212200,-0.083590,-11.640000,-0.182800,-6.491612,23.720453
0.034907,0.4000,0.782000,0.320000,-0.214600,-0.087840,-11.790000,-0.183400,-6.548908,23.920988
0.034907,0.6000,0.795000,0.315000,-0.219000,-0.094490,-12.070000,-0.187000,-6.669229,24.287681
0.034907,0.8000,0.791000,0.319000,-0.216700,-0.108000,-11.960000,-0.185800,-6.623392,24.213196
0.034907,0.9500,0.760000,0.322000,-0.204300,-0.130400,-11.130000,-0.176500,-6.394209,23.657427
0.034907,1.0500,0.976000,0.686000,-0.274600,-0.211100,-11.130000,-0.176500,-7.368237,29.071879
0.034907,1.2000,0.902000,0.692000,-0.248600,-0.167000,-11.130000,-0.176500,-6.697877,26.711292
0.034907,1.4000,0.885000,0.638000,-0.239600,-0.133500,-11.130000,-0.176500,-6.543178,26.172712
0.034907,1.8000,0.772000,0.546000,-0.187500,-0.120000,-11.130000,-0.176500,-5.197873,22.975608
0.034907,2.2000,0.672000,0.483000,-0.141300,-0.109600,-11.130000,-0.176500,-4.156236,19.778503
0.034907,2.6000,0.592000,0.433000,-0.103500,-0.099080,-11.130000,-0.176500,-3.170175,17.532509
0.034907,3.0000,0.531000,0.392000,-0.081100,-0.088170,-11.130000,-0.176500,-2.511847,15.836553
0.034907,3.5000,0.478000,0.368000,-0.063700,-0.077670,-11.130000,-0.176500,-1.983007,14.329674
0.034907,4.0000,0.435000,0.351000,-0.051600,-0.069140,-11.130000,-0.176500,-1.606574,13.120734
0.034907,4.5000,0.400000,0.336000,-0.043100,-0.062240,-11.130000,-0.176500,-1.341294,12.140976
0.034907,5.0000,0.371000,0.325000,-0.037000,-0.056660,-11.130000,-0.176500,-1.148780,11.350294
0.043633,0.0000,0.992000,0.579000,-0.269100,-0.083590,-11.630000,-0.186300,-6.686417,24.482487
0.043633,0.2000,0.989000,0.346000,-0.269700,-0.083590,-11.660000,-0.185800,-6.692147,24.642915
0.043633,0.4000,0.997000,0.316000,-0.272600,-0.087840,-11.810000,-0.186200,-6.749443,24.831991
0.043633,0.6000,1.014000,0.311000,-0.278100,-0.094490,-12.080000,-0.189600,-6.864034,25.181495
0.043633,0.8000,1.010000,0.314000,-0.275400,-0.108000,-11.980000,-0.188600,-6.829657,25.129929
0.043633,0.9500,0.974000,0.318000,-0.261200,-0.130400,-11.150000,-0.181100,-6.663499,24.746047
0.043633,1.0500,1.240000,0.676000,-0.346400,-0.211100,-11.150000,-0.181100,-7.368237,29.942774
0.043633,1.2000,1.144000,0.682000,-0.313100,-0.167000,-11.150000,-0.181100,-6.697877,27.467597
0.043633,1.4000,1.122000,0.630000,-0.301400,-0.133500,-11.150000,-0.181100,-6.543178,26.871721
0.043633,1.8000,0.981000,0.541000,-0.236100,-0.120000,-11.150000,-0.181100,-5.197873,23.640239
0.043633,2.2000,0.852000,0.480000,-0.176700,-0.109600,-11.150000,-0.181100,-4.156236,20.288436
0.043633,2.6000,0.751000,0.431000,-0.129400,-0.099080,-11.150000,-0.181100,-3.170175,18.042441
0.043633,3.0000,0.675000,0.390000,-0.101400,-0.088170,-11.150000,-0.181100,-2.511847,16.346486
0.043633,3.5000,0.608000,0.367000,-0.079700,-0.077670,-11.150000,-0.181100,-1.983007,14.845336
0.043633,4.0000,0.555000,0.350000,-0.064600,-0.069140,-11.150000,-0.181100,-1.606574,13.642125
0.043633,4.5000,0.511000,0.335000,-0.054000,-0.062240,-11.150000,-0.181100,-1.341294,12.673826
0.043633,5.0000,0.476000,0.324000,-0.046400,-0.056660,-11.150000,-0.181100,-1.148780,11.900333
0.052360,0.0000,1.215000,0.574000,-0.328300,-0.083590,-11.650000,-0.191000,-6.886953,25.393489
0.052360,0.2000,1.212000,0.341000,-0.329000,-0.083590,-11.680000,-0.190400,-6.898412,25.548188
0.052360,0.4000,1.221000,0.311000,-0.332400,-0.087840,-11.830000,-0.190700,-6.949978,25.725805
0.052360,0.6000,1.241000,0.305000,-0.338800,-0.094490,-12.100000,-0.193900,-7.058840,26.058121
0.052360,0.8000,1.236000,0.309000,-0.335900,-0.108000,-11.990000,-0.193200,-7.035922,26.029473
0.052360,0.9500,1.198000,0.313000,-0.320500,-0.130400,-11.170000,-0.187300,-6.932789,25.823208
0.052360,1.0500,1.511000,0.664000,-0.419400,-0.211100,-11.170000,-0.187300,-7.368237,30.796481
0.052360,1.2000,1.394000,0.670000,-0.378400,-0.167000,-11.170000,-0.187300,-6.697877,28.212442
0.052360,1.4000,1.366000,0.619000,-0.363900,-0.133500,-11.170000,-0.187300,-6.543178,27.547811
0.052360,1.8000,1.195000,0.535000,-0.285200,-0.120000,-11.170000,-0.187300,-5.197873,24.287681
0.052360,2.2000,1.035000,0.476000,-0.212200,-0.109600,-11.170000,-0.187300,-4.156236,20.804098
0.052360,2.6000,0.915000,0.428000,-0.155500,-0.099080,-11.170000,-0.187300,-3.170175,18.552373
0.052360,3.0000,0.824000,0.388000,-0.121800,-0.088170,-11.170000,-0.187300,-2.511847,16.862148
0.052360,3.5000,0.744000,0.365000,-0.095900,-0.077670,-11.170000,-0.187300,-1.983007,15.360998
0.052360,4.0000,0.679000,0.348000,-0.077700,-0.069140,-11.170000,-0.187300,-1.606574,14.163517
0.052360,4.5000,0.627000,0.334000,-0.065000,-0.062240,-11.170000,-0.187300,-1.341294,13.241055
0.052360,5.0000,0.585000,0.323000,-0.056000,-0.056660,-11.170000,-0.187300,-1.148780,12.513398
0.061087,0.0000,1.446000,0.567000,-0.389400,-0.083590,-11.660000,-0.197400,-7.093218,26.287304
0.061087,0.2000,1.442000,0.335000,-0.390100,-0.083590,-11.690000,-0.196700,-7.104677,26.436273
0.061087,0.4000,1.453000,0.304000,-0.394000,-0.087840,-11.840000,-0.196900,-7.156243,26.602430
0.061087,0.6000,1.475000,0.298000,-0.401300,-0.094490,-12.120000,-0.200000,-7.253646,26.923287
0.061087,0.8000,1.470000,0.302000,-0.398200,-0.108000,-12.010000,-0.199500,-7.242187,26.917557
0.061087,0.9500,1.431000,0.308000,-0.382200,-0.130400,-11.180000,-0.195100,-7.207809,26.883180
0.061087,1.0500,1.790000,0.649000,-0.493600,-0.211100,-11.180000,-0.195100,-7.368237,31.627270
0.061087,1.2000,1.649000,0.656000,-0.444500,-0.167000,-11.180000,-0.195100,-6.697877,28.934369
0.061087,1.4000,1.615000,0.606000,-0.426900,-0.133500,-11.180000,-0.195100,-6.543178,28.200983
0.061087,1.8000,1.415000,0.528000,-0.335000,-0.120000,-11.180000,-0.195100,-5.197873,24.912205
0.061087,2.2000,1.224000,0.472000,-0.247800,-0.109600,-11.180000,-0.195100,-4.156236,21.314030
0.061087,2.6000,1.084000,0.425000,-0.181700,-0.099080,-11.180000,-0.195100,-3.170175,19.062306
0.061087,3.0000,0.977000,0.386000,-0.142400,-0.088170,-11.180000,-0.195100,-2.511847,17.372080
0.061087,3.5000,0.884000,0.363000,-0.112100,-0.077670,-11.180000,-0.195100,-1.983007,15.882390
0.061087,4.0000,0.809000,0.347000,-0.091000,-0.069140,-11.180000,-0.195100,-1.606574,14.747934
0.061087,4.5000,0.749000,0.332000,-0.076300,-0.062240,-11.180000,-0.195100,-1.341294,13.871308
0.061087,5.0000,0.700000,0.322000,-0.065700,-0.056660,-11.180000,-0.195100,-1.148780,13.183759
0.069813,0.0000,1.685000,0.560000,-0.452200,-0.083590,-11.680000,-0.205400,-7.299482,27.163929
0.069813,0.2000,1.680000,0.327000,-0.453000,-0.083590,-11.700000,-0.204700,-7.310941,27.312898
0.069813,0.4000,1.692000,0.296000,-0.457300,-0.087840,-11.860000,-0.204800,-7.356778,27.467597
0.069813,0.6000,1.717000,0.291000,-0.465500,-0.094490,-12.130000,-0.207800,-7.454181,27.771264
0.069813,0.8000,1.713000,0.295000,-0.462200,-0.108000,-12.020000,-0.207500,-7.442722,27.788453
0.069813,0.9500,1.674000,0.301000,-0.446300,-0.130400,-11.190000,-0.204500,-7.477099,27.931693
0.069813,1.0500,2.075000,0.632000,-0.568900,-0.211100,-11.190000,-0.204500,-7.368237,32.440870
0.069813,1.2000,1.911000,0.640000,-0.511400,-0.167000,-11.190000,-0.204500,-6.697877,29.633377
0.069813,1.4000,1.869000,0.591000,-0.490500,-0.133500,-11.190000,-0.204500,-6.543178,28.831236
0.069813,1.8000,1.641000,0.521000,-0.385200,-0.120000,-11.190000,-0.204500,-5.197873,25.513811
0.069813,2.2000,1.417000,0.467000,-0.283600,-0.109600,-11.190000,-0.204500,-4.156236,21.823962
0.069813,2.6000,1.257000,0.421000,-0.208000,-0.099080,-11.190000,-0.204500,-3.170175,19.577968
0.069813,3.0000,1.135000,0.383000,-0.163100,-0.088170,-11.190000,-0.204500,-2.511847,17.887742
0.069813,3.5000,1.028000,0.361000,-0.128600,-0.077670,-11.190000,-0.204500,-1.983007,16.466807
0.069813,4.0000,0.944000,0.345000,-0.104400,-0.069140,-11.190000,-0.204500,-1.606574,15.383917
0.069813,4.5000,0.876000,0.331000,-0.087600,-0.062240,-11.190000,-0.204500,-1.341294,14.535939
0.069813,5.0000,0.822000,0.320000,-0.075700,-0.056660,-11.190000,-0.204500,-1.148780,13.934334
0.078540,0.0000,1.932000,0.552000,-0.516800,-0.083590,-11.690000,-0.215000,-7.505747,28.029095
0.078540,0.2000,1.927000,0.319000,-0.517700,-0.083590,-11.720000,-0.214400,-7.511477,28.172335
0.078540,0.4000,1.940000,0.288000,-0.522300,-0.087840,-11.870000,-0.214300,-7.551584,28.315574
0.078540,0.6000,1.967000,0.282000,-0.531300,-0.094490,-12.140000,-0.217300,-7.648987,28.602053
0.078540,0.8000,1.963000,0.286000,-0.528100,-0.108000,-12.030000,-0.217200,-7.648987,28.642160
0.078540,0.9500,1.926000,0.294000,-0.512800,-0.130400,-11.210000,-0.215500,-7.752119,28.957287
0.078540,1.0500,2.368000,0.613000,-0.645300,-0.211100,-11.210000,-0.215500,-7.368237,33.225823
0.078540,1.2000,2.179000,0.621000,-0.579000,-0.167000,-11.210000,-0.215500,-6.697877,30.315197
0.078540,1.4000,2.129000,0.574000,-0.554600,-0.133500,-11.210000,-0.215500,-6.543178,29.432842
0.078540,1.8000,1.871000,0.512000,-0.435900,-0.120000,-11.210000,-0.215500,-5.197873,26.086768
0.078540,2.2000,1.615000,0.461000,-0.319600,-0.109600,-11.210000,-0.215500,-4.156236,22.328165
0.078540,2.6000,1.435000,0.417000,-0.234500,-0.099080,-11.210000,-0.215500,-3.170175,20.093630
0.078540,3.0000,1.298000,0.379000,-0.184000,-0.088170,-11.210000,-0.215500,-2.511847,18.437782
0.078540,3.5000,1.179000,0.358000,-0.145200,-0.077670,-11.210000,-0.215500,-1.983007,17.097061
0.078540,4.0000,1.085000,0.343000,-0.118000,-0.069140,-11.210000,-0.215500,-1.606574,16.031359
0.078540,4.5000,1.010000,0.329000,-0.099200,-0.062240,-11.210000,-0.215500,-1.341294,15.292244
0.078540,5.0000,0.951000,0.319000,-0.085900,-0.056660,-11.210000,-0.215500,-1.148780,14.862525
0.087266,0.0000,2.187000,0.542000,-0.583200,-0.083590,-11.700000,-0.226400,-7.712012,28.877073
0.087266,0.2000,2.180000,0.309000,-0.584100,-0.083590,-11.730000,-0.225700,-7.717742,29.014583
0.087266,0.4000,2.194000,0.278000,-0.589100,-0.087840,-11.880000,-0.225600,-7.752119,29.146363
0.087266,0.6000,2.224000,0.272000,-0.598900,-0.094490,-12.160000,-0.228600,-7.843792,29.415653
0.087266,0.8000,2.220000,0.276000,-0.595800,-0.108000,-12.050000,-0.228600,-7.855251,29.478679
0.087266,0.9500,2.188000,0.286000,-0.581600,-0.130400,-11.220000,-0.228100,-8.021409,29.971422
0.087266,1.0500,2.668000,0.592000,-0.722800,-0.211100,-11.220000,-0.228100,-7.368237,33.993586
0.087266,1.2000,2.452000,0.601000,-0.647300,-0.167000,-11.220000,-0.228100,-6.697877,30.979828
0.087266,1.4000,2.395000,0.555000,-0.619200,-0.133500,-11.220000,-0.228100,-6.543178,30.017259
0.087266,1.8000,2.107000,0.502000,-0.487000,-0.120000,-11.220000,-0.228100,-5.197873,26.642537
0.087266,2.2000,1.817000,0.454000,-0.355800,-0.109600,-11.220000,-0.228100,-4.156236,22.838098
0.087266,2.6000,1.617000,0.412000,-0.261300,-0.099080,-11.220000,-0.228100,-3.170175,20.609292
0.087266,3.0000,1.466000,0.376000,-0.205200,-0.088170,-11.220000,-0.228100,-2.511847,19.062306
0.087266,3.5000,1.335000,0.355000,-0.162000,-0.077670,-11.220000,-0.228100,-1.983007,17.738773
0.087266,4.0000,1.232000,0.341000,-0.131800,-0.069140,-11.220000,-0.228100,-1.606574,16.776204
0.087266,4.5000,1.151000,0.327000,-0.111000,-0.062240,-11.220000,-0.228100,-1.341294,16.220435
0.087266,5.0000,1.089000,0.317000,-0.096300,-0.056660,-11.220000,-0.228100,-1.148780,15.865201
0.095993,0.0000,2.449000,0.531000,-0.651300,-0.083590,-11.710000,-0.239400,-6.755172,26.499298
0.095993,0.2000,2.442000,0.299000,-0.652300,-0.083590,-11.740000,-0.238700,-6.749443,26.625349
0.095993,0.4000,2.457000,0.267000,-0.657700,-0.087840,-11.890000,-0.238500,-6.772361,26.699833
0.095993,0.6000,2.489000,0.260000,-0.668200,-0.094490,-12.170000,-0.241500,-6.829657,26.877450
0.095993,0.8000,2.486000,0.265000,-0.665200,-0.108000,-12.060000,-0.241700,-6.864034,26.997771
0.095993,0.9500,2.458000,0.277000,-0.652700,-0.130400,-11.230000,-0.242200,-7.179161,27.880126
0.095993,1.0500,2.974000,0.568000,-0.801200,-0.211100,-11.230000,-0.242200,-7.368237,30.595946
0.095993,1.2000,2.732000,0.578000,-0.716200,-0.167000,-11.230000,-0.242200,-6.697877,27.840019
0.095993,1.4000,2.665000,0.534000,-0.684100,-0.133500,-11.230000,-0.242200,-6.543178,26.883180
0.095993,1.8000,2.348000,0.490000,-0.538500,-0.120000,-11.230000,-0.242200,-5.197873,23.703264
0.095993,2.2000,2.025000,0.447000,-0.392200,-0.109600,-11.230000,-0.242200,-4.156236,20.248328
0.095993,2.6000,1.804000,0.407000,-0.288300,-0.099080,-11.230000,-0.242200,-3.170175,18.558103
0.095993,3.0000,1.640000,0.372000,-0.226500,-0.088170,-11.230000,-0.242200,-2.511847,17.389269
0.095993,3.5000,1.498000,0.352000,-0.179100,-0.077670,-11.230000,-0.242200,-1.983007,16.438159
0.095993,4.0000,1.386000,0.338000,-0.145900,-0.069140,-11.230000,-0.242200,-1.606574,15.893849
0.095993,4.5000,1.301000,0.325000,-0.123100,-0.062240,-11.230000,-0.242200,-1.341294,15.653207
0.095993,5.0000,1.236000,0.316000,-0.107000,-0.056660,-11.230000,-0.242200,-1.148780,15.590182
0.104720,0.0000,2.664000,0.526000,-0.701000,-0.083590,-11.730000,-0.254000,-6.760902,26.762859
0.104720,0.2000,2.655000,0.293000,-0.702000,-0.083590,-11.750000,-0.253300,-6.755172,26.883180
0.104720,0.4000,2.670000,0.261000,-0.707300,-0.087840,-11.900000,-0.253200,-6.766632,26.940476
0.104720,0.6000,2.703000,0.254000,-0.718100,-0.094490,-12.180000,-0.256200,-6.818198,27.095174
0.104720,0.8000,2.701000,0.259000,-0.715600,-0.108000,-12.070000,-0.256500,-6.858305,27.232684
0.104720,0.9500,2.684000,0.273000,-0.706800,-0.130400,-11.250000,-0.258000,-7.259375,28.332763
0.104720,1.0500,3.215000,0.549000,-0.880200,-0.211100,-11.250000,-0.258000,-7.368237,30.613135
0.104720,1.2000,2.951000,0.560000,-0.785300,-0.167000,-11.250000,-0.258000,-6.697877,27.817101
0.104720,1.4000,2.876000,0.517000,-0.749000,-0.133500,-11.250000,-0.258000,-6.543178,26.791507
0.104720,1.8000,2.534000,0.485000,-0.589900,-0.120000,-11.250000,-0.258000,-5.197873,23.623050
0.104720,2.2000,2.183000,0.445000,-0.428600,-0.109600,-11.250000,-0.258000,-4.156236,20.231140
0.104720,2.6000,1.952000,0.406000,-0.315400,-0.099080,-11.250000,-0.258000,-3.170175,18.752909
0.104720,3.0000,1.780000,0.371000,-0.247900,-0.088170,-11.250000,-0.258000,-2.511847,17.635641
0.104720,3.5000,1.632000,0.353000,-0.196100,-0.077670,-11.250000,-0.258000,-1.983007,16.862148
0.104720,4.0000,1.518000,0.339000,-0.160000,-0.069140,-11.250000,-0.258000,-1.606574,16.569939
0.104720,4.5000,1.433000,0.326000,-0.135200,-0.062240,-11.250000,-0.258000,-1.341294,16.426700
0.104720,5.0000,1.370000,0.317000,-0.117800,-0.056660,-11.250000,-0.258000,-1.148780,16.730368
0.113446,0.0000,2.931000,0.514000,-0.769300,-0.083590,-11.740000,-0.270300,-7.883899,30.097473
0.113446,0.2000,2.922000,0.281000,-0.770300,-0.083590,-11.760000,-0.269600,-7.883899,30.223524
0.113446,0.4000,2.937000,0.249000,-0.775800,-0.087840,-11.920000,-0.269500,-7.901088,30.298008
0.113446,0.6000,2.972000,0.242000,-0.787200,-0.094490,-12.190000,-0.272700,-7.964113,30.492814
0.113446,0.8000,2.971000,0.247000,-0.785000,-0.108000,-12.080000,-0.273000,-8.009950,30.630324
0.113446,0.9500,2.964000,0.265000,-0.779500,-0.130400,-11.260000,-0.275300,-8.416750,31.724673
0.113446,1.0500,3.522000,0.523000,-0.960400,-0.211100,-11.260000,-0.275300,-7.368237,34.600921
0.113446,1.2000,3.231000,0.534000,-0.855400,-0.167000,-11.260000,-0.275300,-6.697877,31.409546
0.113446,1.4000,3.145000,0.494000,-0.814500,-0.133500,-11.260000,-0.275300,-6.543178,30.223524
0.113446,1.8000,2.774000,0.473000,-0.642000,-0.120000,-11.260000,-0.275300,-5.197873,26.848802
0.113446,2.2000,2.390000,0.438000,-0.465600,-0.109600,-11.260000,-0.275300,-4.156236,23.290734
0.113446,2.6000,2.144000,0.401000,-0.343000,-0.099080,-11.260000,-0.275300,-3.170175,21.480188
0.113446,3.0000,1.959000,0.368000,-0.269900,-0.088170,-11.260000,-0.275300,-2.511847,20.173844
0.113446,3.5000,1.802000,0.350000,-0.213700,-0.077670,-11.260000,-0.275300,-1.983007,19.394621
0.113446,4.0000,1.685000,0.337000,-0.174500,-0.069140,-11.260000,-0.275300,-1.606574,18.936255
0.113446,4.5000,1.597000,0.324000,-0.147800,-0.062240,-11.260000,-0.275300,-1.341294,19.010740
0.113446,5.0000,1.537000,0.315000,-0.129100,-0.056660,-11.260000,-0.275300,-1.148780,19.291489
0.122173,0.0000,3.204000,0.502000,-0.838600,-0.083590,-11.750000,-0.288200,-7.946925,30.481355
0.122173,0.2000,3.194000,0.269000,-0.839500,-0.083590,-11.770000,-0.287500,-7.941195,30.601676
0.122173,0.4000,3.209000,0.237000,-0.845200,-0.087840,-11.930000,-0.287400,-7.952654,30.664701
0.122173,0.6000,3.246000,0.229000,-0.857100,-0.094490,-12.200000,-0.290800,-8.004220,30.830859
0.122173,0.8000,3.246000,0.235000,-0.855400,-0.108000,-12.090000,-0.291300,-8.067246,30.997017
0.122173,0.9500,3.250000,0.256000,-0.853700,-0.130400,-11.270000,-0.294100,-8.548530,32.286172
0.122173,1.0500,3.833000,0.495000,-1.041600,-0.211100,-11.270000,-0.294100,-7.368237,34.772809
0.122173,1.2000,3.513000,0.507000,-0.925900,-0.167000,-11.270000,-0.294100,-6.697877,31.529867
0.122173,1.4000,3.417000,0.469000,-0.880200,-0.133500,-11.270000,-0.294100,-6.543178,30.257901
0.122173,1.8000,3.017000,0.461000,-0.694200,-0.120000,-11.270000,-0.294100,-5.197873,26.888909
0.122173,2.2000,2.603000,0.431000,-0.503000,-0.109600,-11.270000,-0.294100,-4.156236,23.565754
0.122173,2.6000,2.340000,0.396000,-0.370900,-0.099080,-11.270000,-0.294100,-3.170175,21.806774
0.122173,3.0000,2.144000,0.364000,-0.292100,-0.088170,-11.270000,-0.294100,-2.511847,20.660858
0.122173,3.5000,1.982000,0.347000,-0.231600,-0.077670,-11.270000,-0.294100,-1.983007,20.168114
0.122173,4.0000,1.860000,0.335000,-0.189300,-0.069140,-11.270000,-0.294100,-1.606574,19.887365
0.122173,4.5000,1.775000,0.323000,-0.160700,-0.062240,-11.270000,-0.294100,-1.341294,20.242599
0.122173,5.0000,1.717000,0.314000,-0.140800,-0.056660,-11.270000,-0.294100,-1.148780,20.763990
0.130900,0.0000,3.480000,0.490000,-0.908000,-0.083590,-11.760000,-0.307800,-8.061516,31.008476
0.130900,0.2000,3.469000,0.257000,-0.908900,-0.083590,-11.780000,-0.307100,-8.055787,31.128797
0.130900,0.4000,3.484000,0.224000,-0.914600,-0.087840,-11.930000,-0.307100,-8.061516,31.168904
0.130900,0.6000,3.522000,0.216000,-0.926900,-0.094490,-12.210000,-0.310600,-8.113082,31.317873
0.130900,0.8000,3.524000,0.222000,-0.925800,-0.108000,-12.100000,-0.311200,-8.193296,31.506949
0.130900,0.9500,3.541000,0.247000,-0.928700,-0.130400,-11.280000,-0.314600,-8.731877,32.979451
0.130900,1.0500,4.144000,0.465000,-1.123600,-0.211100,-11.280000,-0.314600,-7.368237,35.133772
0.130900,1.2000,3.795000,0.478000,-0.996900,-0.167000,-11.280000,-0.314600,-6.697877,31.822076
0.130900,1.4000,3.687000,0.443000,-0.946100,-0.133500,-11.280000,-0.314600,-6.543178,30.458436
0.130900,1.8000,3.259000,0.449000,-0.746700,-0.120000,-11.280000,-0.314600,-5.197873,27.095174
0.130900,2.2000,2.816000,0.423000,-0.540600,-0.109600,-11.280000,-0.314600,-4.156236,23.955365
0.130900,2.6000,2.538000,0.392000,-0.399300,-0.099080,-11.280000,-0.314600,-3.170175,22.310977
0.130900,3.0000,2.332000,0.361000,-0.314700,-0.088170,-11.280000,-0.314600,-2.511847,21.411433
0.130900,3.5000,2.167000,0.345000,-0.249800,-0.077670,-11.280000,-0.314600,-1.983007,20.941607
0.130900,4.0000,2.045000,0.333000,-0.204500,-0.069140,-11.280000,-0.314600,-1.606574,21.176520
0.130900,4.5000,1.963000,0.322000,-0.173900,-0.062240,-11.280000,-0.314600,-1.341294,21.634886
0.130900,5.0000,1.911000,0.314000,-0.152700,-0.056660,-11.280000,-0.314600,-1.148780,22.402650
0.139626,0.0000,3.763000,0.477000,-0.979300,-0.083590,-11.770000,-0.329100,-8.284970,31.833535
0.139626,0.2000,3.751000,0.243000,-0.980200,-0.083590,-11.790000,-0.328400,-8.279240,31.948127
0.139626,0.4000,3.767000,0.210000,-0.986000,-0.087840,-11.940000,-0.328500,-8.290699,31.982504
0.139626,0.6000,3.805000,0.201000,-0.998700,-0.094490,-12.220000,-0.332300,-8.336536,32.114284
0.139626,0.8000,3.810000,0.208000,-0.998300,-0.108000,-12.110000,-0.332900,-8.428209,32.326279
0.139626,0.9500,3.841000,0.238000,-1.006100,-0.130400,-11.290000,-0.336600,-9.018356,33.959209
0.139626,1.0500,4.461000,0.434000,-1.206300,-0.211100,-11.290000,-0.336600,-7.368237,35.878617
0.139626,1.2000,4.082000,0.448000,-1.068400,-0.167000,-11.290000,-0.336600,-6.697877,32.463789
0.139626,1.4000,3.962000,0.415000,-1.012200,-0.133500,-11.290000,-0.336600,-6.543178,30.997017
0.139626,1.8000,3.506000,0.436000,-0.799400,-0.120000,-11.290000,-0.336600,-5.197873,27.628025
0.139626,2.2000,3.036000,0.416000,-0.578800,-0.109600,-11.290000,-0.336600,-4.156236,24.665833
0.139626,2.6000,2.744000,0.387000,-0.428000,-0.099080,-11.290000,-0.336600,-3.170175,23.130306
0.139626,3.0000,2.531000,0.357000,-0.337700,-0.088170,-11.290000,-0.336600,-2.511847,22.511512
0.139626,3.5000,2.361000,0.343000,-0.268400,-0.077670,-11.290000,-0.336600,-1.983007,21.904177
0.139626,4.0000,2.243000,0.331000,-0.219900,-0.069140,-11.290000,-0.336600,-1.606574,22.631833
0.139626,4.5000,2.166000,0.321000,-0.187600,-0.062240,-11.290000,-0.336600,-1.341294,23.433974
0.139626,5.0000,2.121000,0.313000,-0.165100,-0.056660,-11.290000,-0.336600,-1.148780,24.047039
0.157080,0.0000,4.345000,0.448000,-1.125100,-0.083590,-11.780000,-0.286900,-8.491235,32.704431
0.157080,0.2000,4.331000,0.215000,-1.125900,-0.083590,-11.810000,-0.287000,-8.485505,32.807563
0.157080,0.4000,4.346000,0.181000,-1.131600,-0.087840,-11.960000,-0.289800,-8.485505,32.807563
0.157080,0.6000,4.386000,0.170000,-1.145000,-0.094490,-12.230000,-0.296900,-8.531342,32.893507
0.157080,0.8000,4.395000,0.178000,-1.146200,-0.108000,-12.130000,-0.293800,-8.588637,33.157068
0.157080,0.9500,4.461000,0.220000,-1.166000,-0.130400,-11.320000,-0.269600,-9.367860,35.162420
0.157080,1.0500,5.105000,0.366000,-1.374100,-0.211100,-11.320000,-0.269600,-7.368237,25.874774
0.157080,1.2000,4.665000,0.382000,-1.212400,-0.167000,-11.320000,-0.269600,-6.697877,23.984013
0.157080,1.4000,4.517000,0.356000,-1.144400,-0.133500,-11.320000,-0.269600,-6.543178,23.628779
0.157080,1.8000,4.011000,0.408000,-0.905100,-0.120000,-11.320000,-0.269600,-5.197873,20.506159
0.157080,2.2000,3.490000,0.400000,-0.656600,-0.109600,-11.320000,-0.269600,-4.156236,18.122655
0.157080,2.6000,3.174000,0.377000,-0.486700,-0.099080,-11.320000,-0.269600,-3.170175,15.842283
0.157080,3.0000,2.952000,0.350000,-0.385000,-0.088170,-11.320000,-0.269600,-2.511847,14.111950
0.157080,3.5000,2.785000,0.338000,-0.306900,-0.077670,-11.320000,-0.269600,-1.983007,12.582153
0.157080,4.0000,2.676000,0.328000,-0.252300,-0.069140,-11.320000,-0.269600,-1.606574,11.350294
0.157080,4.5000,2.616000,0.319000,-0.216300,-0.062240,-11.320000,-0.269600,-1.341294,10.353347
0.157080,5.0000,2.554000,0.313000,-0.191800,-0.056660,-11.320000,-0.269600,-1.148780,9.539747
0.174533,0.0000,4.950000,0.417000,-1.276300,-0.083590,-11.800000,-0.338200,-8.835009,33.815969
0.174533,0.2000,4.933000,0.183000,-1.277000,-0.083590,-11.830000,-0.338400,-8.829280,33.913372
0.174533,0.4000,4.947000,0.148000,-1.282500,-0.087840,-11.980000,-0.341700,-8.806361,33.890454
0.174533,0.6000,4.988000,0.136000,-1.296400,-0.094490,-12.250000,-0.349800,-8.812091,33.936290
0.174533,0.8000,5.002000,0.145000,-1.299000,-0.108000,-12.140000,-0.346400,-8.920953,34.239958
0.174533,0.9500,5.110000,0.203000,-1.333600,-0.130400,-11.340000,-0.320300,-9.837685,36.577626
0.174533,1.0500,5.765000,0.292000,-1.544700,-0.211100,-11.340000,-0.320300,-7.368237,37.184961
0.174533,1.2000,5.260000,0.310000,-1.357700,-0.167000,-11.340000,-0.320300,-6.697877,33.489383
0.174533,1.4000,5.081000,0.290000,-1.276500,-0.133500,-11.340000,-0.320300,-6.543178,31.759051
0.174533,1.8000,4.529000,0.378000,-1.010800,-0.120000,-11.340000,-0.320300,-5.197873,28.842695
0.174533,2.2000,3.969000,0.384000,-0.736500,-0.109600,-11.340000,-0.320300,-4.156236,27.003501
0.174533,2.6000,3.638000,0.366000,-0.547200,-0.099080,-11.340000,-0.320300,-3.170175,26.212819
0.174533,3.0000,3.412000,0.343000,-0.434200,-0.088170,-11.340000,-0.320300,-2.511847,26.482109
0.174533,3.5000,3.258000,0.335000,-0.347400,-0.077670,-11.340000,-0.320300,-1.983007,27.542081
0.174533,4.0000,3.170000,0.327000,-0.286500,-0.069140,-11.340000,-0.320300,-1.606574,27.862938
0.174533,4.5000,3.090000,0.319000,-0.247500,-0.062240,-11.340000,-0.320300,-1.341294,26.184171
0.174533,5.0000,2.995000,0.314000,-0.221500,-0.056660,-11.340000,-0.320300,-1.148780,24.316329
0.191986,0.0000,5.578000,0.382000,-1.433500,-0.083590,-11.820000,-0.396300,-9.104299,34.726972
0.191986,0.2000,5.558000,0.149000,-1.434100,-0.083590,-11.840000,-0.396700,-9.092840,34.812916
0.191986,0.4000,5.571000,0.112000,-1.439100,-0.087840,-11.990000,-0.400600,-9.058463,34.761349
0.191986,0.6000,5.612000,0.097000,-1.452600,-0.094490,-12.260000,-0.409800,-9.047004,34.767079
0.191986,0.8000,5.632000,0.109000,-1.457700,-0.108000,-12.160000,-0.406100,-9.190243,35.116583
0.191986,0.9500,5.790000,0.185000,-1.509400,-0.130400,-11.370000,-0.377600,-10.261674,37.792296
0.191986,1.0500,6.442000,0.210000,-1.717600,-0.211100,-11.370000,-0.377600,-7.368237,37.746460
0.191986,1.2000,5.868000,0.231000,-1.503900,-0.167000,-11.370000,-0.377600,-6.697877,33.913372
0.191986,1.4000,5.660000,0.219000,-1.408200,-0.133500,-11.370000,-0.377600,-6.543178,32.223146
0.191986,1.8000,5.063000,0.346000,-1.116200,-0.120000,-11.370000,-0.377600,-5.197873,29.432842
0.191986,2.2000,4.479000,0.367000,-0.818700,-0.109600,-11.370000,-0.377600,-4.156236,28.550487
0.191986,2.6000,4.135000,0.356000,-0.609900,-0.099080,-11.370000,-0.377600,-3.170175,28.229631
0.191986,3.0000,3.922000,0.337000,-0.485500,-0.088170,-11.370000,-0.377600,-2.511847,29.020312
0.191986,3.5000,3.793000,0.332000,-0.390100,-0.077670,-11.370000,-0.377600,-1.983007,30.240712
0.191986,4.0000,3.695000,0.326000,-0.323500,-0.069140,-11.370000,-0.377600,-1.606574,28.602053
0.191986,4.5000,3.574000,0.320000,-0.282000,-0.062240,-11.370000,-0.377600,-1.341294,26.247197
0.191986,5.0000,3.447000,0.317000,-0.255300,-0.056660,-11.370000,-0.377600,-1.148780,24.723129
0.209440,0.0000,6.222000,0.346000,-1.594100,-0.083590,-11.830000,-0.461100,-9.350671,35.511924
0.209440,0.2000,6.200000,0.112000,-1.594400,-0.083590,-11.860000,-0.461700,-9.333482,35.586409
0.209440,0.4000,6.210000,0.073000,-1.598700,-0.087840,-12.010000,-0.466200,-9.293375,35.506195
0.209440,0.6000,6.250000,0.056000,-1.612100,-0.094490,-12.270000,-0.476600,-9.281916,35.471817
0.209440,0.8000,6.279000,0.070000,-1.619800,-0.108000,-12.170000,-0.471400,-9.367860,35.689541
0.209440,0.9500,6.494000,0.169000,-1.691700,-0.130400,-11.400000,-0.441300,-10.674204,38.903834
0.209440,1.0500,7.126000,0.124000,-1.892600,-0.211100,-11.400000,-0.441300,-7.368237,38.158989
0.209440,1.2000,6.482000,0.147000,-1.650600,-0.167000,-11.400000,-0.441300,-6.697877,34.406116
0.209440,1.4000,6.245000,0.143000,-1.538900,-0.133500,-11.400000,-0.441300,-6.543178,32.521084
0.209440,1.8000,5.610000,0.312000,-1.220700,-0.120000,-11.400000,-0.441300,-5.197873,30.022988
0.209440,2.2000,5.021000,0.350000,-0.904000,-0.109600,-11.400000,-0.441300,-4.156236,30.045907
0.209440,2.6000,4.679000,0.347000,-0.674800,-0.099080,-11.400000,-0.441300,-3.170175,30.567298
0.209440,3.0000,4.480000,0.332000,-0.539200,-0.088170,-11.400000,-0.441300,-2.511847,31.764780
0.209440,3.5000,4.370000,0.330000,-0.435300,-0.077670,-11.400000,-0.441300,-1.983007,31.518408
0.209440,4.0000,4.224000,0.326000,-0.363800,-0.069140,-11.400000,-0.441300,-1.606574,28.498921
0.209440,4.5000,4.060000,0.323000,-0.320600,-0.062240,-11.400000,-0.441300,-1.341294,26.671185
0.209440,5.0000,3.911000,0.323000,-0.293400,-0.056660,-11.400000,-0.441300,-1.148780,24.814802
0.226893,0.0000,6.887000,0.306000,-1.760000,-0.083590,-11.850000,-0.532400,-9.648609,36.296876
0.226893,0.2000,6.862000,0.072000,-1.759900,-0.083590,-11.870000,-0.533200,-9.631421,36.365631
0.226893,0.4000,6.869000,0.031000,-1.763500,-0.087840,-12.020000,-0.538400,-9.579854,36.256769
0.226893,0.6000,6.908000,0.011000,-1.776500,-0.094490,-12.290000,-0.544600,-9.230350,35.397333
0.226893,0.8000,6.938000,0.027000,-1.784600,-0.108000,-12.190000,-0.531100,-8.898035,34.514978
0.226893,0.9500,7.226000,0.154000,-1.882000,-0.130400,-11.430000,-0.511300,-11.126840,40.026832
0.226893,1.0500,7.823000,0.031000,-2.069200,-0.211100,-11.430000,-0.511300,-7.368237,38.640274
0.226893,1.2000,7.113000,0.056000,-1.797300,-0.167000,-11.430000,-0.511300,-6.697877,34.990533
0.226893,1.4000,6.839000,0.062000,-1.668000,-0.133500,-11.430000,-0.511300,-6.543178,32.853400
0.226893,1.8000,6.172000,0.275000,-1.323900,-0.120000,-11.430000,-0.511300,-5.197873,30.933991
0.226893,2.2000,5.594000,0.334000,-0.992400,-0.109600,-11.430000,-0.511300,-4.156236,32.097096
0.226893,2.6000,5.269000,0.338000,-0.743200,-0.099080,-11.430000,-0.511300,-3.170175,33.065394
0.226893,3.0000,5.099000,0.327000,-0.595500,-0.088170,-11.430000,-0.511300,-2.511847,34.239958
0.226893,3.5000,4.961000,0.330000,-0.484100,-0.077670,-11.430000,-0.511300,-1.983007,31.799158
0.226893,4.0000,4.755000,0.329000,-0.408200,-0.069140,-11.430000,-0.511300,-1.606574,28.768211
0.226893,4.5000,4.570000,0.329000,-0.363400,-0.062240,-11.430000,-0.511300,-1.341294,26.831614
0.226893,5.0000,4.376000,0.332000,-0.336300,-0.056660,-11.430000,-0.511300,-1.148780,24.150171
0.244346,0.0000,7.570000,0.263000,-1.930900,-0.083590,-11.860000,-0.607600,-9.763201,36.531789
0.244346,0.2000,7.542000,0.029000,-1.930500,-0.083590,-11.890000,-0.607100,-9.660068,36.382820
0.244346,0.4000,7.546000,-0.014000,-1.933100,-0.087840,-12.030000,-0.608800,-9.339212,35.620786
0.244346,0.6000,7.552000,-0.043000,-1.934300,-0.094490,-12.290000,-0.616800,-9.001167,34.801456
0.244346,0.8000,7.548000,-0.031000,-1.930500,-0.108000,-12.190000,-0.590500,-8.004220,32.211687
0.244346,0.9500,7.985000,0.141000,-2.080100,-0.130400,-11.470000,-0.558900,-9.631421,36.136448
0.244346,1.0500,8.530000,-0.068000,-2.247000,-0.211100,-11.470000,-0.558900,-7.368237,39.098640
0.244346,1.2000,7.752000,-0.039000,-1.943700,-0.167000,-11.470000,-0.558900,-6.697877,35.282741
0.244346,1.4000,7.441000,-0.023000,-1.795100,-0.133500,-11.470000,-0.558900,-6.543178,33.082583
0.244346,1.8000,6.760000,0.237000,-1.425100,-0.120000,-11.470000,-0.558900,-5.197873,31.804887
0.244346,2.2000,6.221000,0.317000,-1.084000,-0.109600,-11.470000,-0.558900,-4.156236,34.394656
0.244346,2.6000,5.915000,0.330000,-0.814600,-0.099080,-11.470000,-0.558900,-3.170175,35.792673
0.244346,3.0000,5.758000,0.324000,-0.655000,-0.088170,-11.470000,-0.558900,-2.511847,35.305659
0.244346,3.5000,5.561000,0.332000,-0.536700,-0.077670,-11.470000,-0.558900,-1.983007,31.426735
0.244346,4.0000,5.306000,0.334000,-0.456700,-0.069140,-11.470000,-0.558900,-1.606574,29.094797
0.244346,4.5000,5.073000,0.337000,-0.411100,-0.062240,-11.470000,-0.558900,-1.341294,26.058121
0.244346,5.0000,4.828000,0.343000,-0.382400,-0.056660,-11.470000,-0.558900,-1.148780,23.955365
0.261799,0.0000,8.254000,0.215000,-2.100700,-0.083590,-11.880000,-0.680300,-9.327753,35.334307
0.261799,0.2000,8.214000,-0.022000,-2.097100,-0.083590,-11.900000,-0.679500,-9.190243,35.110854
0.261799,0.4000,8.190000,-0.072000,-2.089500,-0.087840,-12.040000,-0.681800,-8.852198,34.297254
0.261799,0.6000,8.195000,-0.104000,-2.090700,-0.094490,-12.300000,-0.692400,-8.554260,33.581056
0.261799,0.8000,8.129000,-0.103000,-2.064000,-0.108000,-12.190000,-0.663300,-7.431263,30.762104
0.261799,0.9500,8.582000,0.084000,-2.218100,-0.130400,-11.480000,-0.596200,-6.995815,29.409924
0.261799,1.0500,9.251000,-0.171000,-2.425600,-0.211100,-11.480000,-0.596200,-7.368237,39.379389
0.261799,1.2000,8.399000,-0.139000,-2.089400,-0.167000,-11.480000,-0.596200,-6.697877,35.466088
0.261799,1.4000,8.049000,-0.112000,-1.919700,-0.133500,-11.480000,-0.596200,-6.543178,33.254470
0.261799,1.8000,7.364000,0.197000,-1.525500,-0.120000,-11.480000,-0.596200,-5.197873,32.337738
0.261799,2.2000,6.890000,0.303000,-1.179600,-0.109600,-11.480000,-0.596200,-4.156236,36.400009
0.261799,2.6000,6.616000,0.324000,-0.889300,-0.099080,-11.480000,-0.596200,-3.170175,37.992831
0.261799,3.0000,6.430000,0.323000,-0.718400,-0.088170,-11.480000,-0.596200,-2.511847,35.282741
0.261799,3.5000,6.153000,0.336000,-0.593900,-0.077670,-11.480000,-0.596200,-1.983007,31.403817
0.261799,4.0000,5.863000,0.342000,-0.509900,-0.069140,-11.480000,-0.596200,-1.606574,28.722374
0.261799,4.5000,5.568000,0.348000,-0.462200,-0.062240,-11.480000,-0.596200,-1.341294,25.284627
0.261799,5.0000,5.298000,0.357000,-0.431700,-0.056660,-11.480000,-0.596200,-1.148780,24.734588
0.279253,0.0000,8.902000,0.152000,-2.256400,-0.083590,-11.880000,-0.758900,-8.863657,34.022234
0.279253,0.2000,8.856000,-0.086000,-2.251400,-0.083590,-11.910000,-0.759400,-8.783443,33.930561
0.279253,0.4000,8.826000,-0.139000,-2.242000,-0.087840,-12.040000,-0.765600,-8.600097,33.512301
0.279253,0.6000,8.801000,-0.180000,-2.232900,-0.094490,-12.290000,-0.772800,-8.004220,32.062718
0.279253,0.8000,8.690000,-0.188000,-2.189800,-0.108000,-12.180000,-0.744700,-6.955708,29.547433
0.279253,0.9500,9.092000,-0.002000,-2.324200,-0.130400,-11.470000,-0.657500,-5.497530,25.657050
0.279253,1.0500,9.978000,-0.279000,-2.604600,-0.211100,-11.470000,-0.657500,-7.368237,39.476792
0.279253,1.2000,9.053000,-0.244000,-2.233900,-0.167000,-11.470000,-0.657500,-6.697877,35.563490
0.279253,1.4000,8.665000,-0.204000,-2.041000,-0.133500,-11.470000,-0.657500,-6.543178,33.483654
0.279253,1.8000,7.983000,0.155000,-1.623900,-0.120000,-11.470000,-0.657500,-5.197873,33.426358
0.279253,2.2000,7.604000,0.289000,-1.279500,-0.109600,-11.470000,-0.657500,-4.156236,38.915293
0.279253,2.6000,7.358000,0.320000,-0.967700,-0.099080,-11.470000,-0.657500,-3.170175,39.075722
0.279253,3.0000,7.105000,0.324000,-0.786300,-0.088170,-11.470000,-0.657500,-2.511847,34.795727
0.279253,3.5000,6.769000,0.343000,-0.655300,-0.077670,-11.470000,-0.657500,-1.983007,31.655918
0.279253,4.0000,6.416000,0.352000,-0.566700,-0.069140,-11.470000,-0.657500,-1.606574,27.650943
0.279253,4.5000,6.058000,0.362000,-0.516600,-0.062240,-11.470000,-0.657500,-1.341294,25.657050
0.279253,5.0000,5.792000,0.375000,-0.485700,-0.056660,-11.470000,-0.657500,-1.148780,25.261709
0.296706,0.0000,9.545000,0.081000,-2.410100,-0.083590,-11.880000,-0.849600,-8.743336,33.518031
0.296706,0.2000,9.493000,-0.158000,-2.403600,-0.083590,-11.910000,-0.850200,-8.651663,33.391980
0.296706,0.4000,9.449000,-0.216000,-2.389600,-0.087840,-12.040000,-0.855600,-8.347995,32.692972
0.296706,0.6000,9.394000,-0.267000,-2.370100,-0.094490,-12.280000,-0.864200,-7.706282,31.157445
0.296706,0.8000,9.229000,-0.286000,-2.306700,-0.108000,-12.160000,-0.831700,-6.399939,28.160876
0.296706,0.9500,9.548000,-0.112000,-2.410000,-0.130400,-11.450000,-0.729200,-4.265098,22.626103
0.296706,1.0500,10.712000,-0.392000,-2.783400,-0.211100,-11.450000,-0.729200,-7.368237,39.620032
0.296706,1.2000,9.712000,-0.352000,-2.376800,-0.167000,-11.450000,-0.729200,-6.697877,35.838510
0.296706,1.4000,9.291000,-0.300000,-2.158700,-0.133500,-11.450000,-0.729200,-6.543178,33.947749
0.296706,1.8000,8.640000,0.112000,-1.719100,-0.120000,-11.450000,-0.729200,-5.197873,34.738431
0.296706,2.2000,8.382000,0.277000,-1.383700,-0.109600,-11.450000,-0.729200,-4.156236,41.751435
0.296706,2.6000,8.119000,0.317000,-1.050400,-0.099080,-11.450000,-0.729200,-3.170175,39.018426
0.296706,3.0000,7.777000,0.327000,-0.858000,-0.088170,-11.450000,-0.729200,-2.511847,34.360279
0.296706,3.5000,7.387000,0.351000,-0.719500,-0.077670,-11.450000,-0.729200,-1.983007,31.014205
0.296706,4.0000,6.951000,0.364000,-0.626800,-0.069140,-11.450000,-0.729200,-1.606574,26.745670
0.296706,4.5000,6.582000,0.379000,-0.575600,-0.062240,-11.450000,-0.729200,-1.341294,26.545135
0.296706,5.0000,6.298000,0.397000,-0.545200,-0.056660,-11.450000,-0.729200,-1.148780,25.376301
0.314159,0.0000,10.183000,-0.001000,-2.561600,-0.083590,-11.880000,-0.945700,-8.559989,32.796104
0.314159,0.2000,10.123000,-0.242000,-2.553300,-0.083590,-11.900000,-0.946400,-8.451127,32.629946
0.314159,0.4000,10.062000,-0.306000,-2.533300,-0.087840,-12.030000,-0.952100,-8.078705,31.793428
0.314159,0.6000,9.972000,-0.367000,-2.502000,-0.094490,-12.270000,-0.961500,-7.351049,30.068825
0.314159,0.8000,9.742000,-0.400000,-2.413300,-0.108000,-12.130000,-0.923900,-5.752496,26.522216
0.314159,0.9500,9.940000,-0.247000,-2.473100,-0.130400,-11.410000,-0.804800,-2.841871,19.302948
0.314159,1.0500,11.454000,-0.509000,-2.961700,-0.211100,-11.410000,-0.804800,-7.368237,39.602843
0.314159,1.2000,10.385000,-0.465000,-2.517400,-0.167000,-11.410000,-0.804800,-6.697877,36.027586
0.314159,1.4000,9.934000,-0.398000,-2.271900,-0.133500,-11.410000,-0.804800,-6.543178,34.205580
0.314159,1.8000,9.320000,0.067000,-1.810700,-0.120000,-11.410000,-0.804800,-5.197873,35.460358
0.314159,2.2000,9.221000,0.268000,-1.496100,-0.109600,-11.410000,-0.804800,-4.156236,43.951592
0.314159,2.6000,8.880000,0.317000,-1.138300,-0.099080,-11.410000,-0.804800,-3.170175,38.628815
0.314159,3.0000,8.456000,0.332000,-0.934600,-0.088170,-11.410000,-0.804800,-2.511847,34.629569
0.314159,3.5000,7.998000,0.362000,-0.788900,-0.077670,-11.410000,-0.804800,-1.983007,30.137580
0.314159,4.0000,7.488000,0.380000,-0.692000,-0.069140,-11.410000,-0.804800,-1.606574,27.198307
0.314159,4.5000,7.122000,0.400000,-0.639900,-0.062240,-11.410000,-0.804800,-1.341294,26.711292
0.314159,5.0000,6.815000,0.424000,-0.610600,-0.056660,-11.410000,-0.804800,-1.148780,25.370571
0.331613,0.0000,10.807000,-0.095000,-2.708900,-0.083590,-11.880000,-1.047000,-8.290699,31.816346
0.331613,0.2000,10.739000,-0.337000,-2.698500,-0.083590,-11.900000,-1.048000,-8.170378,31.627270
0.331613,0.4000,10.657000,-0.408000,-2.671700,-0.087840,-12.020000,-1.055000,-7.757849,30.710538
0.331613,0.6000,10.529000,-0.480000,-2.626700,-0.094490,-12.240000,-1.064000,-6.875494,28.745293
0.331613,0.8000,10.220000,-0.530000,-2.507500,-0.108000,-12.100000,-1.021000,-5.000203,24.574160
0.331613,0.9500,10.263000,-0.410000,-2.509200,-0.130400,-11.360000,-0.884300,-1.203784,15.647477
0.331613,1.0500,12.200000,-0.630000,-3.138700,-0.211100,-11.360000,-0.884300,-7.368237,39.465333
0.331613,1.2000,11.062000,-0.581000,-2.655400,-0.167000,-11.360000,-0.884300,-6.697877,36.119259
0.331613,1.4000,10.581000,-0.498000,-2.380300,-0.133500,-11.360000,-0.884300,-6.543178,34.182662
0.331613,1.8000,10.020000,0.021000,-1.898300,-0.120000,-11.360000,-0.884300,-5.197873,36.302606
0.331613,2.2000,10.105000,0.263000,-1.617500,-0.109600,-11.360000,-0.884300,-4.156236,45.223559
0.331613,2.6000,9.649000,0.319000,-1.231700,-0.099080,-11.360000,-0.884300,-3.170175,37.866781
0.331613,3.0000,9.160000,0.340000,-1.016100,-0.088170,-11.360000,-0.884300,-2.511847,34.555085
0.331613,3.5000,8.605000,0.377000,-0.863700,-0.077670,-11.360000,-0.884300,-1.983007,29.163552
0.331613,4.0000,8.059000,0.399000,-0.762200,-0.069140,-11.360000,-0.884300,-1.606574,27.971800
0.331613,4.5000,7.673000,0.426000,-0.709900,-0.062240,-11.360000,-0.884300,-1.341294,26.619619
0.331613,5.0000,7.341000,0.457000,-0.682200,-0.056660,-11.360000,-0.884300,-1.148780,26.235737
0.349066,0.0000,11.415000,-0.201000,-2.851100,-0.083590,-11.870000,-1.154000,-7.975573,30.716267
0.349066,0.2000,11.338000,-0.445000,-2.838500,-0.083590,-11.880000,-1.155000,-7.838063,30.498543
0.349066,0.4000,11.234000,-0.522000,-2.804100,-0.087840,-12.000000,-1.162000,-7.368237,29.478679
0.349066,0.6000,11.060000,-0.608000,-2.741900,-0.094490,-12.210000,-1.172000,-6.313995,27.255602
0.349066,0.8000,10.658000,-0.677000,-2.587800,-0.108000,-12.050000,-1.123000,-4.127588,22.465675
0.349066,0.9500,10.505000,-0.600000,-2.515100,-0.130400,-11.290000,-0.980100,-0.298626,13.905686
0.349066,1.0500,12.952000,-0.754000,-3.314100,-0.211100,-11.290000,-0.980100,-7.368237,39.505440
0.349066,1.2000,11.751000,-0.699000,-2.790100,-0.167000,-11.290000,-0.980100,-6.697877,36.388550
0.349066,1.4000,11.237000,-0.600000,-2.485200,-0.133500,-11.290000,-0.980100,-6.543178,34.503518
0.349066,1.8000,10.750000,-0.027000,-1.981000,-0.120000,-11.290000,-0.980100,-5.197873,37.202150
0.349066,2.2000,11.020000,0.261000,-1.747500,-0.109600,-11.290000,-0.980100,-4.156236,46.191857
0.349066,2.6000,10.408000,0.324000,-1.332700,-0.099080,-11.290000,-0.980100,-3.170175,37.316741
0.349066,3.0000,9.861000,0.351000,-1.103400,-0.088170,-11.290000,-0.980100,-2.511847,33.798780
0.349066,3.5000,9.203000,0.395000,-0.944400,-0.077670,-11.290000,-0.980100,-1.983007,28.768211
0.349066,4.0000,8.647000,0.423000,-0.837900,-0.069140,-11.290000,-0.980100,-1.606574,28.097850
0.349066,4.5000,8.232000,0.456000,-0.785700,-0.062240,-11.290000,-0.980100,-1.341294,26.917557
0.349066,5.0000,7.913000,0.495000,-0.760100,-0.056660,-11.290000,-0.980100,-1.148780,27.507704
0.436332,0.0000,14.132000,-0.986000,-3.470700,-0.083590,-11.690000,-1.763000,-5.414451,23.009985
0.436332,0.2000,13.996000,-1.238000,-3.441600,-0.083590,-11.700000,-1.765000,-5.173809,22.603185
0.436332,0.4000,13.733000,-1.355000,-3.350100,-0.087840,-11.770000,-1.775000,-4.328696,20.935878
0.436332,0.6000,13.237000,-1.518000,-3.165600,-0.094490,-11.900000,-1.787000,-2.465437,17.389269
0.436332,0.8000,12.151000,-1.706000,-2.742200,-0.108000,-11.620000,-1.747000,-1.041637,16.002711
0.436332,0.9500,11.739000,-1.727000,-2.524700,-0.130400,-10.830000,-1.628000,-1.671891,18.878959
0.436332,1.0500,16.873000,-1.450000,-4.142900,-0.211100,-10.830000,-1.628000,-7.368237,38.686110
0.436332,1.2000,15.378000,-1.344000,-3.396500,-0.167000,-10.830000,-1.628000,-6.697877,36.657840
0.436332,1.4000,14.807000,-1.140000,-2.917300,-0.133500,-10.830000,-1.628000,-6.543178,36.147907
0.436332,1.8000,14.752000,-0.299000,-2.319100,-0.120000,-10.830000,-1.628000,-5.197873,34.469141
0.436332,2.2000,16.219000,0.393000,-2.751700,-0.109600,-10.830000,-1.628000,-4.156236,46.506984
0.436332,2.6000,14.493000,0.392000,-1.961100,-0.099080,-10.830000,-1.628000,-3.170175,39.281986
0.436332,3.0000,13.393000,0.447000,-1.651700,-0.088170,-10.830000,-1.628000,-2.511847,32.899237
0.436332,3.5000,12.500000,0.527000,-1.440200,-0.077670,-10.830000,-1.628000,-1.983007,29.937045
0.436332,4.0000,11.769000,0.585000,-1.305900,-0.069140,-10.830000,-1.628000,-1.606574,29.215118
0.436332,4.5000,11.448000,0.666000,-1.255800,-0.062240,-10.830000,-1.628000,-1.341294,29.398464
0.436332,5.0000,11.197000,0.757000,-1.239900,-0.056660,-10.830000,-1.628000,-1.148780,29.421383
0.523599,0.0000,15.832000,-2.201000,-3.796000,-0.083590,-11.230000,-2.493000,-1.306917,12.163894
0.523599,0.2000,15.614000,-2.456000,-3.741500,-0.083590,-11.220000,-2.498000,-1.081744,11.831578
0.523599,0.4000,15.115000,-2.598000,-3.559600,-0.087840,-11.240000,-2.521000,-0.390070,10.765877
0.523599,0.6000,14.124000,-2.810000,-3.172200,-0.094490,-11.260000,-2.546000,1.893053,7.190620
0.523599,0.8000,13.320000,-3.007000,-2.769600,-0.108000,-11.000000,-2.538000,0.909857,12.456102
0.523599,0.9500,13.700000,-3.014000,-2.806900,-0.130400,-10.380000,-2.402000,-2.561121,21.669264
0.523599,1.0500,20.877000,-2.201000,-4.828500,-0.211100,-10.380000,-2.402000,-7.368237,35.305659
0.523599,1.2000,19.263000,-1.994000,-3.836000,-0.167000,-10.380000,-2.402000,-6.697877,34.910318
0.523599,1.4000,18.771000,-1.635000,-3.147000,-0.133500,-10.380000,-2.402000,-6.543178,31.822076
0.523599,1.8000,18.295000,-0.565000,-2.504700,-0.120000,-10.380000,-2.402000,-5.197873,25.278898
0.523599,2.2000,21.574000,0.601000,-3.944100,-0.109600,-10.380000,-2.402000,-4.156236,34.543625
0.523599,2.6000,19.532000,0.781000,-3.195800,-0.099080,-10.380000,-2.402000,-3.170175,36.182285
0.523599,3.0000,17.601000,0.710000,-2.523000,-0.088170,-10.380000,-2.402000,-2.511847,35.878617
0.523599,3.5000,16.315000,0.784000,-2.167500,-0.077670,-10.380000,-2.402000,-1.983007,33.225823
0.523599,4.0000,15.594000,0.851000,-1.955200,-0.069140,-10.380000,-2.402000,-1.606574,32.097096
0.523599,4.5000,15.261000,1.012000,-1.932000,-0.062240,-10.380000,-2.402000,-1.341294,30.716267
0.523599,5.0000,15.006000,1.189000,-1.950600,-0.056660,-10.380000,-2.402000,-1.148780,30.389681
0.610865,0.0000,16.155000,-3.687000,-3.698800,-0.083590,-10.440000,-3.282000,7.849522,-7.104677
0.610865,0.2000,15.897000,-3.924000,-3.630500,-0.083590,-10.430000,-3.294000,7.803685,-6.892682
0.610865,0.4000,15.365000,-4.029000,-3.418200,-0.087840,-10.430000,-3.341000,7.517206,-5.872817
0.610865,0.6000,14.025000,-4.192000,-2.835200,-0.094490,-10.360000,-3.437000,6.159296,-1.257642
0.610865,0.8000,13.856000,-4.458000,-2.583400,-0.108000,-10.180000,-3.456000,2.502680,8.903764
0.610865,0.9500,15.260000,-4.621000,-2.971700,-0.130400,-9.771000,-3.254000,-1.049086,18.088278
0.610865,1.0500,24.893000,-2.922000,-5.279800,-0.211100,-9.771000,-3.254000,-7.368237,29.501597
0.610865,1.2000,23.364000,-2.545000,-4.038600,-0.167000,-9.771000,-3.254000,-6.697877,27.811371
0.610865,1.4000,22.375000,-1.964000,-3.138600,-0.133500,-9.771000,-3.254000,-6.543178,19.967579
0.610865,1.8000,21.338000,-0.747000,-2.537200,-0.120000,-9.771000,-3.254000,-5.197873,14.616153
0.610865,2.2000,25.433000,0.471000,-4.705300,-0.109600,-9.771000,-3.254000,-4.156236,20.632210
0.610865,2.6000,24.268000,1.037000,-4.353400,-0.099080,-9.771000,-3.254000,-3.170175,23.451163
0.610865,3.0000,23.212000,1.398000,-4.109100,-0.088170,-9.771000,-3.254000,-2.511847,29.140633
0.610865,3.5000,21.631000,1.420000,-3.497700,-0.077670,-9.771000,-3.254000,-1.983007,31.902290
0.610865,4.0000,20.609000,1.501000,-3.178400,-0.069140,-9.771000,-3.254000,-1.606574,32.526814
0.610865,4.5000,20.032000,1.664000,-3.057900,-0.062240,-9.771000,-3.254000,-1.341294,32.744538
0.610865,5.0000,19.783000,1.871000,-3.028400,-0.056660,-9.771000,-3.254000,-1.148780,30.481355
0.698132,0.0000,13.535000,-4.983000,-2.425700,-0.083590,-9.066000,-4.204000,14.392700,-19.532131
0.698132,0.2000,13.335000,-5.183000,-2.379100,-0.083590,-9.066000,-4.224000,13.968711,-18.672695
0.698132,0.4000,13.069000,-5.216000,-2.247500,-0.087840,-9.116000,-4.299000,12.553505,-15.750610
0.698132,0.6000,12.993000,-5.389000,-2.097600,-0.094490,-9.247000,-4.457000,8.342265,-5.241418
0.698132,0.8000,14.099000,-5.900000,-2.332800,-0.108000,-9.270000,-4.475000,3.717923,5.890006
0.698132,0.9500,16.189000,-6.422000,-2.990000,-0.130400,-9.003000,-4.186000,1.275404,12.433184
0.698132,1.0500,28.842000,-3.479000,-5.415700,-0.211100,-9.003000,-4.186000,-7.368237,19.159709
0.698132,1.2000,27.022000,-2.852000,-3.960900,-0.167000,-9.003000,-4.186000,-6.697877,13.968711
0.698132,1.4000,25.161000,-1.997000,-2.909600,-0.133500,-9.003000,-4.186000,-6.543178,6.594744
0.698132,1.8000,23.737000,-0.768000,-2.465900,-0.120000,-9.003000,-4.186000,-5.197873,3.438893
0.698132,2.2000,28.859000,0.193000,-5.273800,-0.109600,-9.003000,-4.186000,-4.156236,10.158542
0.698132,2.6000,27.619000,0.840000,-4.993000,-0.099080,-9.003000,-4.186000,-3.170175,11.865956
0.698132,3.0000,27.183000,1.320000,-4.861500,-0.088170,-9.003000,-4.186000,-2.511847,14.696367
0.698132,3.5000,26.773000,1.874000,-4.830300,-0.077670,-9.003000,-4.186000,-1.983007,18.558103
0.698132,4.0000,26.456000,2.349000,-4.851000,-0.069140,-9.003000,-4.186000,-1.606574,21.715100
0.698132,4.5000,26.393000,2.790000,-4.909400,-0.062240,-9.003000,-4.186000,-1.341294,23.325112
0.698132,5.0000,25.470000,2.785000,-4.571600,-0.056660,-9.003000,-4.186000,-1.148780,24.047039
0.785398,0.0000,11.353000,-5.531000,-1.186800,-0.083590,-7.800000,-5.292000,14.003089,-17.887742
0.785398,0.2000,11.257000,-5.732000,-1.192500,-0.083590,-7.818000,-5.321000,13.223866,-16.478266
0.785398,0.4000,11.365000,-5.815000,-1.227500,-0.087840,-7.921000,-5.421000,10.823173,-12.112328
0.785398,0.6000,12.076000,-6.278000,-1.378900,-0.094490,-8.137000,-5.579000,8.124542,-4.810554
0.785398,0.8000,13.891000,-7.231000,-1.934600,-0.108000,-8.257000,-5.551000,5.409295,1.949202
0.785398,0.9500,16.290000,-8.205000,-2.749100,-0.130400,-8.079000,-5.172000,4.246190,5.713535
0.785398,1.0500,32.245000,-3.692000,-5.193100,-0.211100,-8.079000,-5.172000,-7.368237,5.620143
0.785398,1.2000,29.820000,-2.759000,-3.612900,-0.167000,-8.079000,-5.172000,-6.697877,-2.438508
0.785398,1.4000,27.494000,-1.648000,-2.524500,-0.133500,-8.079000,-5.172000,-6.543178,-5.492946
0.785398,1.8000,25.613000,-0.562000,-2.303800,-0.120000,-8.079000,-5.172000,-5.197873,-7.322401
0.785398,2.2000,31.416000,-0.172000,-5.540300,-0.109600,-8.079000,-5.172000,-4.156236,-2.071815
0.785398,2.6000,30.676000,0.475000,-5.348000,-0.099080,-8.079000,-5.172000,-3.170175,5.050050
0.785398,3.0000,30.350000,0.966000,-5.297100,-0.088170,-8.079000,-5.172000,-2.511847,3.704745
0.785398,3.5000,30.033000,1.545000,-5.355500,-0.077670,-8.079000,-5.172000,-1.983007,0.668069
0.785398,4.0000,30.068000,2.051000,-5.453600,-0.069140,-8.079000,-5.172000,-1.606574,2.451113
0.785398,4.5000,30.144000,2.530000,-5.587700,-0.062240,-8.079000,-5.172000,-1.341294,1.895344
0.785398,5.0000,30.342000,3.007000,-5.748400,-0.056660,-8.079000,-5.172000,-1.148780,12.811336
0.872665,0.0000,9.638000,-5.550000,0.023700,-0.083590,-6.634000,-6.661000,12.450373,-16.535562
0.872665,0.2000,9.585000,-5.764000,-0.015800,-0.083590,-6.658000,-6.681000,12.295674,-16.403782
0.872665,0.4000,9.890000,-5.946000,-0.172700,-0.087840,-6.779000,-6.759000,11.653962,-15.217759
0.872665,0.6000,10.925000,-6.720000,-0.477600,-0.094490,-7.008000,-6.907000,10.960683,-13.046249
0.872665,0.8000,12.976000,-8.147000,-1.185900,-0.108000,-7.150000,-6.831000,9.488181,-7.677634
0.872665,0.9500,15.353000,-9.511000,-2.141000,-0.130400,-7.024000,-6.363000,8.141730,-7.918277
0.872665,1.0500,34.579000,-3.357000,-4.620800,-0.211100,-7.024000,-6.363000,-7.368237,25.874774
0.872665,1.2000,31.720000,-2.132000,-3.045800,-0.167000,-7.024000,-6.363000,-6.697877,23.984013
0.872665,1.4000,29.290000,-0.899000,-2.076500,-0.133500,-7.024000,-6.363000,-6.543178,23.628779
0.872665,1.8000,27.378000,-0.087000,-2.078800,-0.120000,-7.024000,-6.363000,-5.197873,20.506159
0.872665,2.2000,33.023000,-0.474000,-5.423700,-0.109600,-7.024000,-6.363000,-4.156236,18.122655
0.872665,2.6000,32.818000,0.067000,-5.329200,-0.099080,-7.024000,-6.363000,-3.170175,15.842283
0.872665,3.0000,32.593000,0.485000,-5.364900,-0.088170,-7.024000,-6.363000,-2.511847,14.111950
0.872665,3.5000,32.579000,1.000000,-5.510500,-0.077670,-7.024000,-6.363000,-1.983007,12.582153
0.872665,4.0000,32.791000,1.462000,-5.688300,-0.069140,-7.024000,-6.363000,-1.606574,11.350294
0.872665,4.5000,33.059000,1.911000,-5.894600,-0.062240,-7.024000,-6.363000,-1.341294,10.353347
0.872665,5.0000,33.483000,2.366000,-6.121600,-0.056660,-7.024000,-6.363000,-1.148780,9.539747
0.959931,0.0000,8.058000,-5.037000,1.537200,-0.083590,-5.519000,-7.749000,22.236492,-22.419839
0.959931,0.2000,7.987000,-5.246000,1.497600,-0.083590,-5.540000,-7.779000,22.385461,-22.511512
0.959931,0.4000,8.320000,-5.507000,1.298700,-0.087840,-5.649000,-7.889000,22.070334,-22.098982
0.959931,0.6000,9.367000,-6.505000,0.950300,-0.094490,-5.852000,-8.085000,21.760937,-20.632210
0.959931,0.8000,11.416000,-8.401000,0.131000,-0.108000,-5.984000,-8.033000,20.695236,-18.724261
0.959931,0.9500,13.468000,-9.948000,-0.985400,-0.130400,-5.882000,-7.478000,18.340379,-21.428622
0.959931,1.0500,35.988000,-2.289000,-3.758700,-0.211100,-5.882000,-7.478000,-7.368237,-35.196797
0.959931,1.2000,33.165000,-0.831000,-2.295500,-0.167000,-5.882000,-7.478000,-6.697877,-33.363332
0.959931,1.4000,30.646000,0.300000,-1.582300,-0.133500,-5.882000,-7.478000,-6.543178,-30.040177
0.959931,1.8000,28.711000,0.754000,-1.744100,-0.120000,-5.882000,-7.478000,-5.197873,-26.671185
0.959931,2.2000,34.064000,-0.498000,-4.896900,-0.109600,-5.882000,-7.478000,-4.156236,-25.525270
0.959931,2.6000,33.956000,-0.175000,-4.897900,-0.099080,-5.882000,-7.478000,-3.170175,-22.666210
0.959931,3.0000,33.791000,0.075000,-5.009900,-0.088170,-5.882000,-7.478000,-2.511847,-20.036334
0.959931,3.5000,34.101000,0.429000,-5.225200,-0.077670,-5.882000,-7.478000,-1.983007,-17.034035
0.959931,4.0000,34.419000,0.762000,-5.466100,-0.069140,-5.882000,-7.478000,-1.606574,-15.149004
0.959931,4.5000,34.932000,1.104000,-5.725500,-0.062240,-5.882000,-7.478000,-1.341294,-13.241055
0.959931,5.0000,35.471000,1.468000,-6.001300,-0.056660,-5.882000,-7.478000,-1.148780,-12.163894
1.047198,0.0000,6.417000,-3.840000,3.904500,-0.083590,-4.436000,-8.813000,36.875564,-28.579135
1.047198,0.2000,6.312000,-4.031000,3.891400,-0.083590,-4.451000,-8.852000,37.563113,-28.888532
1.047198,0.4000,6.603000,-4.334000,3.679200,-0.087840,-4.540000,-8.993000,37.723541,-29.186470
1.047198,0.6000,7.566000,-5.527000,3.320700,-0.094490,-4.706000,-9.237000,38.038668,-28.974476
1.047198,0.8000,9.329000,-7.678000,2.425900,-0.108000,-4.805000,-9.195000,36.835457,-30.361034
1.047198,0.9500,10.901000,-9.196000,1.060400,-0.130400,-4.713000,-8.554000,32.927884,-33.907642
1.047198,1.0500,36.670000,-0.371000,-2.725300,-0.211100,-4.713000,-8.554000,-7.368237,-51.554742
1.047198,1.2000,34.225000,1.054000,-1.543100,-0.167000,-4.713000,-8.554000,-6.697877,-45.922567
1.047198,1.4000,31.750000,1.851000,-1.130600,-0.133500,-4.713000,-8.554000,-6.543178,-41.035237
1.047198,1.8000,29.598000,2.066000,-1.290300,-0.120000,-4.713000,-8.554000,-5.197873,-38.434009
1.047198,2.2000,34.253000,-0.010000,-4.018500,-0.109600,-4.713000,-8.554000,-4.156236,-38.502764
1.047198,2.6000,34.161000,-0.008000,-4.090300,-0.099080,-4.713000,-8.554000,-3.170175,-35.001992
1.047198,3.0000,34.147000,-0.010000,-4.251900,-0.088170,-4.713000,-8.554000,-2.511847,-31.340791
1.047198,3.5000,34.569000,0.095000,-4.507600,-0.077670,-4.713000,-8.554000,-1.983007,-28.705186
1.047198,4.0000,35.014000,0.222000,-4.779600,-0.069140,-4.713000,-8.554000,-1.606574,-26.224278
1.047198,4.5000,35.624000,0.389000,-5.062900,-0.062240,-4.713000,-8.554000,-1.341294,-24.579889
1.047198,5.0000,36.211000,0.598000,-5.357000,-0.056660,-4.713000,-8.554000,-1.148780,-23.359489
1.134464,0.0000,4.830000,-1.896000,7.973400,-0.083590,-3.411000,-9.830000,68.296569,-35.231175
1.134464,0.2000,4.679000,-2.051000,8.053600,-0.083590,-3.418000,-9.875000,70.359217,-35.649434
1.134464,0.4000,4.882000,-2.346000,7.882800,-0.087840,-3.483000,-10.040000,71.218654,-36.233851
1.134464,0.6000,5.642000,-3.597000,7.589100,-0.094490,-3.604000,-10.320000,72.593753,-37.998561
1.134464,0.8000,6.970000,-5.722000,6.560100,-0.108000,-3.668000,-10.270000,70.244626,-41.682680
1.134464,0.9500,8.109000,-7.204000,4.762000,-0.130400,-3.579000,-9.552000,62.796174,-45.074590
1.134464,1.0500,37.162000,2.413000,-1.658200,-0.211100,-3.579000,-9.552000,-7.368237,-65.088006
1.134464,1.2000,35.123000,3.482000,-0.846100,-0.167000,-3.579000,-9.552000,-6.697877,-56.298833
1.134464,1.4000,32.620000,3.989000,-0.619600,-0.133500,-3.579000,-9.552000,-6.543178,-51.806844
1.134464,1.8000,30.114000,3.954000,-0.743100,-0.120000,-3.579000,-9.552000,-5.197873,-48.598280
1.134464,2.2000,33.830000,1.182000,-2.910000,-0.109600,-3.579000,-9.552000,-4.156236,-50.345801
1.134464,2.6000,33.661000,0.789000,-3.018900,-0.099080,-3.579000,-9.552000,-3.170175,-46.289260
1.134464,3.0000,33.784000,0.472000,-3.196000,-0.088170,-3.579000,-9.552000,-2.511847,-42.335851
1.134464,3.5000,34.161000,0.264000,-3.453900,-0.077670,-3.579000,-9.552000,-1.983007,-39.597113
1.134464,4.0000,34.686000,0.131000,-3.719000,-0.069140,-3.579000,-9.552000,-1.606574,-36.978696
1.134464,4.5000,35.276000,0.075000,-3.990300,-0.062240,-3.579000,-9.552000,-1.341294,-35.322848
1.134464,5.0000,35.832000,0.086000,-4.267000,-0.056660,-3.579000,-9.552000,-1.148780,-33.999316
1.221730,0.0000,3.433000,0.840000,15.825200,-0.083590,-2.469000,-10.760000,144.270773,-41.757164
1.221730,0.2000,3.245000,0.728000,16.168800,-0.083590,-2.469000,-10.810000,151.318154,-42.158235
1.221730,0.4000,3.369000,0.449000,16.113300,-0.087840,-2.512000,-10.990000,153.839168,-42.977564
1.221730,0.6000,3.863000,-0.655000,15.990200,-0.094490,-2.591000,-11.300000,157.105027,-46.294990
1.221730,0.8000,4.751000,-2.569000,14.690900,-0.108000,-2.624000,-11.240000,152.521365,-51.239616
1.221730,0.9500,5.490000,-3.905000,12.018400,-0.130400,-2.542000,-10.440000,136.363955,-54.362236
1.221730,1.0500,37.718000,5.960000,-0.698000,-0.211100,-2.542000,-10.440000,-7.368237,-76.031499
1.221730,1.2000,36.001000,6.320000,-0.268300,-0.167000,-2.542000,-10.440000,-6.697877,-65.088006
1.221730,1.4000,33.526000,6.636000,-0.135900,-0.133500,-2.542000,-10.440000,-6.543178,-60.962709
1.221730,1.8000,30.691000,6.353000,-0.218600,-0.120000,-2.542000,-10.440000,-5.197873,-55.594095
1.221730,2.2000,33.131000,3.175000,-1.739400,-0.109600,-2.542000,-10.440000,-4.156236,-60.447047
1.221730,2.6000,32.794000,2.350000,-1.851300,-0.099080,-2.542000,-10.440000,-3.170175,-55.909222
1.221730,3.0000,32.968000,1.684000,-2.011400,-0.088170,-2.542000,-10.440000,-2.511847,-52.058945
1.221730,3.5000,33.210000,1.135000,-2.234400,-0.077670,-2.542000,-10.440000,-1.983007,-49.027999
1.221730,4.0000,33.727000,0.718000,-2.457500,-0.069140,-2.542000,-10.440000,-1.606574,-46.558550
1.221730,4.5000,34.219000,0.419000,-2.683300,-0.062240,-2.542000,-10.440000,-1.341294,-44.833947
1.221730,5.0000,34.672000,0.218000,-2.910600,-0.056660,-2.542000,-10.440000,-1.148780,-43.447390
1.308997,0.0000,2.441000,4.307000,33.152200,-0.083590,-1.645000,-11.570000,366.864876,-47.332043
1.308997,0.2000,2.226000,4.243000,34.463800,-0.083590,-1.640000,-11.620000,402.388260,-47.710196
1.308997,0.4000,2.275000,4.037000,34.731900,-0.087840,-1.665000,-11.810000,412.816091,-49.027999
1.308997,0.6000,2.536000,3.202000,35.012900,-0.094490,-1.712000,-12.130000,424.332543,-53.279345
1.308997,0.8000,3.037000,1.654000,33.183600,-0.108000,-1.723000,-12.060000,413.560937,-59.014653
1.308997,0.9500,3.477000,0.446000,28.558600,-0.130400,-1.653000,-11.200000,370.875581,-60.905414
1.308997,1.0500,38.431000,10.036000,0.038600,-0.211100,-1.653000,-11.200000,-7.368237,-83.136176
1.308997,1.2000,36.861000,9.539000,0.186900,-0.167000,-1.653000,-11.200000,-6.697877,-72.593753
1.308997,1.4000,34.450000,9.716000,0.265300,-0.133500,-1.653000,-11.200000,-6.543178,-67.494428
1.308997,1.8000,31.586000,9.043000,0.176800,-0.120000,-1.653000,-11.200000,-5.197873,-61.822146
1.308997,2.2000,32.515000,5.941000,-0.685500,-0.109600,-1.653000,-11.200000,-4.156236,-68.296569
1.308997,2.6000,31.965000,4.680000,-0.774800,-0.099080,-1.653000,-11.200000,-3.170175,-63.369132
1.308997,3.0000,32.084000,3.665000,-0.894500,-0.088170,-1.653000,-11.200000,-2.511847,-59.816794
1.308997,3.5000,32.169000,2.780000,-1.056800,-0.077670,-1.653000,-11.200000,-1.983007,-56.579582
1.308997,4.0000,32.561000,2.085000,-1.215300,-0.069140,-1.653000,-11.200000,-1.606574,-54.310669
1.308997,4.5000,32.899000,1.552000,-1.374100,-0.062240,-1.653000,-11.200000,-1.341294,-52.557419
1.308997,5.0000,33.199000,1.149000,-1.531900,-0.056660,-1.653000,-11.200000,-1.148780,-51.147942
1.396263,0.0000,2.060000,8.361000,79.855800,-0.083590,-0.970200,-12.230000,1220.400104,-51.783926
1.396263,0.2000,1.828000,8.345000,86.400600,-0.083590,-0.961100,-12.280000,1555.580414,-52.099052
1.396263,0.4000,1.818000,8.268000,88.165600,-0.087840,-0.973000,-12.480000,1636.940421,-53.749171
1.396263,0.6000,1.905000,7.812000,90.050200,-0.094490,-0.996800,-12.810000,1699.965778,-58.613582
1.396263,0.8000,2.123000,6.735000,86.875500,-0.108000,-0.996900,-12.710000,1654.702112,-64.457752
1.396263,0.9500,2.366000,5.582000,76.749700,-0.130400,-0.946900,-11.800000,1491.982099,-65.145301
1.396263,1.0500,39.470000,14.282000,0.494300,-0.211100,-0.946900,-11.800000,-7.368237,-86.516627
1.396263,1.2000,37.874000,13.067000,0.506400,-0.167000,-0.946900,-11.800000,-6.697877,-78.151443
1.396263,1.4000,35.555000,12.925000,0.516200,-0.133500,-0.946900,-11.800000,-6.543178,-72.593753
1.396263,1.8000,32.540000,12.099000,0.471900,-0.120000,-0.946900,-11.800000,-5.197873,-68.067386
1.396263,2.2000,32.289000,9.319000,0.102000,-0.109600,-0.946900,-11.800000,-4.156236,-73.510485
1.396263,2.6000,31.573000,7.648000,0.046300,-0.099080,-0.946900,-11.800000,-3.170175,-68.525752
1.396263,3.0000,31.490000,6.307000,-0.025900,-0.088170,-0.946900,-11.800000,-2.511847,-65.145301
1.396263,3.5000,31.407000,5.115000,-0.120300,-0.077670,-0.946900,-11.800000,-1.983007,-61.994033
1.396263,4.0000,31.612000,4.172000,-0.209400,-0.069140,-0.946900,-11.800000,-1.606574,-59.816794
1.396263,4.5000,31.775000,3.432000,-0.297400,-0.062240,-0.946900,-11.800000,-1.341294,-58.040625
1.396263,5.0000,31.906000,2.857000,-0.383500,-0.056660,-0.946900,-11.800000,-1.148780,-56.665526
1.483530,0.0000,2.439000,12.828000,0.000000,-0.083590,-0.468300,-12.730000,3076.783360,-54.843520
1.483530,0.2000,2.203000,12.855000,0.000000,-0.083590,-0.457000,-12.780000,5715.254006,-55.038326
1.483530,0.4000,2.167000,12.930000,0.000000,-0.087840,-0.461100,-12.970000,6417.127305,-56.740010
1.483530,0.6000,2.165000,12.901000,0.000000,-0.094490,-0.471100,-13.300000,6692.147047,-61.707555
1.483530,0.8000,2.224000,12.301000,0.000000,-0.108000,-0.469100,-13.180000,6199.403343,-67.093358
1.483530,0.9500,2.334000,11.149000,0.000000,-0.130400,-0.441700,-12.220000,5502.686664,-66.864175
1.483530,1.0500,40.885000,18.476000,0.704200,-0.211100,-0.441700,-12.220000,-7.368237,-87.949022
1.483530,1.2000,39.108000,16.786000,0.673400,-0.167000,-0.441700,-12.220000,-6.697877,-81.818373
1.483530,1.4000,36.793000,16.405000,0.654200,-0.133500,-0.441700,-12.220000,-6.543178,-77.521190
1.483530,1.8000,33.645000,15.428000,0.629700,-0.120000,-0.441700,-12.220000,-5.197873,-72.192682
1.483530,2.2000,32.645000,13.051000,0.534400,-0.109600,-0.441700,-12.220000,-4.156236,-75.974204
1.483530,2.6000,31.729000,11.013000,0.504200,-0.099080,-0.441700,-12.220000,-3.170175,-71.161358
1.483530,3.0000,31.439000,9.381000,0.471400,-0.088170,-0.441700,-12.220000,-2.511847,-67.838203
1.483530,3.5000,31.176000,7.923000,0.431400,-0.077670,-0.441700,-12.220000,-1.983007,-64.858822
1.483530,4.0000,31.203000,6.768000,0.397400,-0.069140,-0.441700,-12.220000,-1.606574,-62.738879
1.483530,4.5000,31.206000,5.859000,0.364900,-0.062240,-0.441700,-12.220000,-1.341294,-61.077301
1.483530,5.0000,31.192000,5.146000,0.334200,-0.056660,-0.441700,-12.220000,-1.148780,-59.702202
1.570796,0.0000,3.686000,17.448000,0.000000,-0.083590,-0.157800,-13.000000,244.137317,-54.883627
1.570796,0.2000,3.453000,17.507000,0.000000,-0.083590,-0.145300,-13.050000,418.602965,-55.009678
1.570796,0.4000,3.423000,17.731000,0.000000,-0.087840,-0.145400,-13.240000,458.881898,-56.671256
1.570796,0.6000,3.418000,18.130000,0.000000,-0.094490,-0.148100,-13.560000,479.622970,-61.535667
1.570796,0.8000,3.421000,17.970000,0.000000,-0.108000,-0.147900,-13.430000,463.580152,-66.634992
1.570796,0.9500,3.424000,16.759000,0.000000,-0.130400,-0.139700,-12.470000,429.317276,-66.062034
1.570796,1.0500,42.583000,22.558000,0.724700,-0.211100,-0.139700,-12.470000,-7.368237,-87.089585
1.570796,1.2000,40.603000,20.574000,0.684000,-0.167000,-0.139700,-12.470000,-6.697877,-81.932965
1.570796,1.4000,38.242000,20.083000,0.655200,-0.133500,-0.139700,-12.470000,-6.543178,-78.380626
1.570796,1.8000,34.981000,18.863000,0.623700,-0.120000,-0.139700,-12.470000,-5.197873,-72.651048
1.570796,2.2000,33.629000,16.833000,0.600300,-0.109600,-0.139700,-12.470000,-4.156236,-72.078091
1.570796,2.6000,32.501000,14.471000,0.573600,-0.099080,-0.139700,-12.470000,-3.170175,-67.723611
1.570796,3.0000,32.025000,12.587000,0.558100,-0.088170,-0.139700,-12.470000,-2.511847,-64.629639
1.570796,3.5000,31.599000,10.901000,0.542800,-0.077670,-0.139700,-12.470000,-1.983007,-61.879442
1.570796,4.0000,31.485000,9.568000,0.533900,-0.069140,-0.139700,-12.470000,-1.606574,-59.931385
1.570796,4.5000,31.373000,8.518000,0.526400,-0.062240,-0.139700,-12.470000,-1.341294,-58.384399
1.570796,5.0000,31.262000,7.693000,0.520200,-0.056660,-0.139700,-12.470000,-1.148780,-57.129622
1.658063,0.0000,5.786000,21.725000,0.000000,-0.083590,-0.041490,-13.010000,-2760.510657,-50.781249
1.658063,0.2000,5.560000,21.814000,0.000000,-0.083590,-0.028640,-13.060000,-5303.870310,-50.930218
1.658063,0.4000,5.562000,22.182000,0.000000,-0.087840,-0.027190,-13.250000,-5981.679381,-52.580337
1.658063,0.6000,5.629000,23.002000,0.000000,-0.094490,-0.027110,-13.570000,-6245.239967,-57.467667
1.658063,0.8000,5.660000,23.285000,0.000000,-0.108000,-0.028850,-13.460000,-5769.684997,-62.853470
1.658063,0.9500,5.559000,22.037000,0.000000,-0.130400,-0.031180,-12.520000,-5115.367195,-62.910766
1.658063,1.0500,44.482000,26.261000,0.607100,-0.211100,-0.031180,-12.520000,-7.368237,-82.677810
1.658063,1.2000,42.342000,24.016000,0.561900,-0.167000,-0.031180,-12.520000,-6.697877,-77.005528
1.658063,1.4000,39.922000,23.424000,0.525300,-0.133500,-0.031180,-12.520000,-6.543178,-72.708344
1.658063,1.8000,36.534000,22.015000,0.474100,-0.120000,-0.031180,-12.520000,-5.197873,-68.296569
1.658063,2.2000,35.007000,19.762000,0.431100,-0.109600,-0.031180,-12.520000,-4.156236,-64.916118
1.658063,2.6000,33.654000,17.156000,0.384800,-0.099080,-0.031180,-12.520000,-3.170175,-61.249188
1.658063,3.0000,33.011000,15.070000,0.363700,-0.088170,-0.031180,-12.520000,-2.511847,-58.613582
1.658063,3.5000,32.432000,13.201000,0.344400,-0.077670,-0.031180,-12.520000,-1.983007,-56.201430
1.658063,4.0000,32.211000,11.722000,0.332300,-0.069140,-0.031180,-12.520000,-1.606574,-54.494016
1.658063,4.5000,32.021000,10.556000,0.322000,-0.062240,-0.031180,-12.520000,-1.341294,-53.095999
1.658063,5.0000,31.855000,9.639000,0.312400,-0.056660,-0.031180,-12.520000,-1.148780,-51.967272
1.745329,0.0000,8.532000,25.213000,0.000000,-0.083590,-0.100700,-12.810000,-1199.773623,-44.163587
1.745329,0.2000,8.318000,25.337000,0.000000,-0.083590,-0.088350,-12.860000,-1640.951125,-44.381311
1.745329,0.4000,8.380000,25.845000,0.000000,-0.087840,-0.088310,-13.040000,-1744.656486,-45.928297
1.745329,0.6000,8.596000,27.073000,0.000000,-0.094490,-0.090760,-13.360000,-1815.703253,-50.615092
1.745329,0.8000,8.750000,27.843000,0.000000,-0.108000,-0.095370,-13.280000,-1765.282967,-56.533746
1.745329,0.9500,8.569000,26.658000,0.000000,-0.130400,-0.100300,-12.390000,-1610.584362,-57.696850
1.745329,1.0500,46.442000,29.374000,0.431400,-0.211100,-0.100300,-12.390000,-7.368237,-76.661753
1.745329,1.2000,44.152000,26.750000,0.400700,-0.167000,-0.100300,-12.390000,-6.697877,-69.098710
1.745329,1.4000,41.631000,25.942000,0.374000,-0.133500,-0.100300,-12.390000,-6.543178,-63.598315
1.745329,1.8000,38.118000,24.537000,0.285500,-0.120000,-0.100300,-12.390000,-5.197873,-60.790822
1.745329,2.2000,36.448000,22.172000,0.204500,-0.109600,-0.100300,-12.390000,-4.156236,-58.613582
1.745329,2.6000,34.856000,19.403000,0.116800,-0.099080,-0.100300,-12.390000,-3.170175,-55.605554
1.745329,3.0000,34.060000,17.168000,0.070600,-0.088170,-0.100300,-12.390000,-2.511847,-53.474151
1.745329,3.5000,33.322000,15.154000,0.025300,-0.077670,-0.100300,-12.390000,-1.983007,-51.308371
1.745329,4.0000,33.009000,13.553000,-0.010300,-0.069140,-0.100300,-12.390000,-1.606574,-49.835869
1.745329,4.5000,32.757000,12.283000,-0.041700,-0.062240,-0.100300,-12.390000,-1.341294,-48.575362
1.745329,5.0000,32.555000,11.282000,-0.072400,-0.056660,-0.100300,-12.390000,-1.148780,-47.566956
1.832596,0.0000,11.695000,27.774000,79.285500,-0.083590,-0.323300,-12.430000,-587.281740,-37.116206
1.832596,0.2000,11.500000,27.937000,92.698300,-0.083590,-0.312000,-12.480000,-626.242870,-37.362578
1.832596,0.4000,11.641000,28.559000,96.039700,-0.087840,-0.315900,-12.650000,-601.032727,-38.548600
1.832596,0.6000,12.071000,30.141000,98.556800,-0.094490,-0.325500,-12.960000,-584.416951,-42.576494
1.832596,0.8000,12.443000,31.406000,94.761700,-0.108000,-0.332600,-12.910000,-549.008159,-48.409204
1.832596,0.9500,12.229000,30.381000,82.794600,-0.130400,-0.330500,-12.080000,-493.431253,-50.947407
1.832596,1.0500,48.384000,31.989000,0.247500,-0.211100,-0.330500,-12.080000,-7.368237,-70.015443
1.832596,1.2000,45.870000,28.779000,0.281100,-0.167000,-0.330500,-12.080000,-6.697877,-60.389752
1.832596,1.4000,43.191000,27.679000,0.290400,-0.133500,-0.330500,-12.080000,-6.543178,-55.473774
1.832596,1.8000,39.557000,26.385000,0.154400,-0.120000,-0.330500,-12.080000,-5.197873,-52.162078
1.832596,2.2000,37.775000,24.005000,0.019200,-0.109600,-0.330500,-12.080000,-4.156236,-50.844275
1.832596,2.6000,35.933000,21.149000,-0.130200,-0.099080,-0.330500,-12.080000,-3.170175,-48.626928
1.832596,3.0000,34.991000,18.807000,-0.218800,-0.088170,-0.330500,-12.080000,-2.511847,-46.713249
1.832596,3.5000,34.086000,16.679000,-0.308100,-0.077670,-0.330500,-12.080000,-1.983007,-44.822488
1.832596,4.0000,33.686000,14.974000,-0.383200,-0.069140,-0.330500,-12.080000,-1.606574,-43.476037
1.832596,4.5000,33.376000,13.610000,-0.448600,-0.062240,-0.330500,-12.080000,-1.341294,-42.335851
1.832596,5.0000,33.146000,12.528000,-0.512500,-0.056660,-0.330500,-12.080000,-1.148780,-41.430578
1.919862,0.0000,15.111000,29.393000,32.467300,-0.083590,-0.710800,-11.900000,257.831008,-30.309467
1.919862,0.2000,14.937000,29.593000,48.905700,-0.083590,-0.700600,-11.940000,29.438572,-30.550110
1.919862,0.4000,15.158000,30.277000,58.802800,-0.087840,-0.709000,-12.100000,36.188014,-31.214741
1.919862,0.6000,15.828000,32.109000,66.155900,-0.094490,-0.727300,-12.400000,778.076686,-34.291524
1.919862,0.8000,16.478000,33.791000,66.691000,-0.108000,-0.731600,-12.360000,-270.722558,-39.322093
1.919862,0.9500,16.296000,33.053000,58.206100,-0.130400,-0.708400,-11.600000,-210.905764,-43.160911
1.919862,1.0500,50.165000,34.109000,0.084800,-0.211100,-0.708400,-11.600000,-7.368237,-61.306484
1.919862,1.2000,47.403000,30.155000,0.247200,-0.167000,-0.708400,-11.600000,-6.697877,-51.434421
1.919862,1.4000,44.605000,28.949000,0.276500,-0.133500,-0.708400,-11.600000,-6.543178,-47.435176
1.919862,1.8000,40.775000,27.607000,0.125000,-0.120000,-0.708400,-11.600000,-5.197873,-44.885514
1.919862,2.2000,38.880000,25.264000,-0.064800,-0.109600,-0.708400,-11.600000,-4.156236,-42.456173
1.919862,2.6000,36.878000,22.386000,-0.284100,-0.099080,-0.708400,-11.600000,-3.170175,-40.857620
1.919862,3.0000,35.675000,19.978000,-0.426000,-0.088170,-0.708400,-11.600000,-2.511847,-38.875186
1.919862,3.5000,34.616000,17.764000,-0.567700,-0.077670,-0.708400,-11.600000,-1.983007,-37.322471
1.919862,4.0000,34.082000,15.973000,-0.689900,-0.069140,-0.708400,-11.600000,-1.606574,-35.884347
1.919862,4.5000,33.703000,14.523000,-0.793700,-0.062240,-0.708400,-11.600000,-1.341294,-34.835834
1.919862,5.0000,33.435000,13.365000,-0.894600,-0.056660,-0.708400,-11.600000,-1.148780,-33.999316
2.007129,0.0000,18.658000,30.077000,0.000000,-0.083590,-1.270000,-11.230000,264.190839,-24.213196
2.007129,0.2000,18.507000,30.313000,97.836600,-0.083590,-1.260000,-11.270000,135.962885,-24.459568
2.007129,0.4000,18.789000,31.012000,0.000000,-0.087840,-1.272000,-11.420000,69.098710,-24.895016
2.007129,0.6000,19.696000,32.990000,0.000000,-0.094490,-1.298000,-11.700000,19.314407,-26.430543
2.007129,0.8000,20.634000,34.977000,47.512800,-0.108000,-1.289000,-11.670000,73.911556,-30.194876
2.007129,0.9500,20.543000,34.605000,45.980500,-0.130400,-1.224000,-10.970000,-115.852066,-34.274335
2.007129,1.0500,51.672000,35.618000,-0.012000,-0.211100,-1.224000,-10.970000,-7.368237,-50.907300
2.007129,1.2000,48.629000,31.000000,0.301600,-0.167000,-1.224000,-10.970000,-6.697877,-43.132263
2.007129,1.4000,45.793000,29.615000,0.368600,-0.133500,-1.224000,-10.970000,-6.543178,-38.749136
2.007129,1.8000,42.068000,28.444000,0.168400,-0.120000,-1.224000,-10.970000,-5.197873,-38.531412
2.007129,2.2000,39.757000,26.008000,-0.037300,-0.109600,-1.224000,-10.970000,-4.156236,-34.887400
2.007129,2.6000,37.585000,23.143000,-0.315400,-0.099080,-1.224000,-10.970000,-3.170175,-32.996639
2.007129,3.0000,36.057000,20.709000,-0.509900,-0.088170,-1.224000,-10.970000,-2.511847,-30.567298
2.007129,3.5000,34.860000,18.442000,-0.701000,-0.077670,-1.224000,-10.970000,-1.983007,-29.238036
2.007129,4.0000,34.109000,16.585000,-0.868200,-0.069140,-1.224000,-10.970000,-1.606574,-27.616566
2.007129,4.5000,33.629000,15.063000,-1.006100,-0.062240,-1.224000,-10.970000,-1.341294,-26.602430
2.007129,5.0000,33.297000,13.839000,-1.139200,-0.056660,-1.224000,-10.970000,-1.148780,-25.800290
2.094395,0.0000,22.250000,29.895000,78.574800,-0.083590,-2.002000,-10.470000,-324.695183,-19.835799
2.094395,0.2000,22.122000,30.167000,72.636400,-0.083590,-1.991000,-10.510000,-190.909537,-19.984768
2.094395,0.4000,22.464000,30.886000,70.862600,-0.087840,-2.005000,-10.630000,-226.031850,-20.156655
2.094395,0.6000,23.529000,32.833000,69.526500,-0.094490,-2.036000,-10.880000,-994.654732,-19.761314
2.094395,0.8000,24.713000,34.991000,79.593000,-0.108000,-2.001000,-10.850000,42.725463,-21.216627
2.094395,0.9500,24.710000,34.941000,37.984500,-0.130400,-1.871000,-10.220000,-225.172413,-25.290357
2.094395,1.0500,53.007000,36.478000,-0.012300,-0.211100,-1.871000,-10.220000,-7.368237,-40.330499
2.094395,1.2000,49.646000,31.471000,0.417700,-0.167000,-1.871000,-10.220000,-6.697877,-35.443169
2.094395,1.4000,46.922000,29.747000,0.562300,-0.133500,-1.871000,-10.220000,-6.543178,-30.607405
2.094395,1.8000,43.381000,28.779000,0.303600,-0.120000,-1.871000,-10.220000,-5.197873,-30.865236
2.094395,2.2000,40.532000,26.398000,0.056400,-0.109600,-1.871000,-10.220000,-4.156236,-27.404571
2.094395,2.6000,38.099000,23.508000,-0.248200,-0.099080,-1.871000,-10.220000,-3.170175,-25.170036
2.094395,3.0000,36.165000,21.048000,-0.470500,-0.088170,-1.871000,-10.220000,-2.511847,-23.004255
2.094395,3.5000,34.778000,18.759000,-0.696800,-0.077670,-1.871000,-10.220000,-1.983007,-21.142143
2.094395,4.0000,33.763000,16.865000,-0.897900,-0.069140,-1.871000,-10.220000,-1.606574,-19.360244
2.094395,4.5000,33.141000,15.295000,-1.059000,-0.062240,-1.871000,-10.220000,-1.341294,-18.214328
2.094395,5.0000,32.705000,14.024000,-1.213000,-0.056660,-1.871000,-10.220000,-1.148780,-17.400728
2.181662,0.0000,25.844000,29.033000,67.613600,-0.083590,-2.887000,-9.646000,-106.742037,-17.853365
2.181662,0.2000,25.735000,29.324000,64.515500,-0.083590,-2.876000,-9.672000,-83.136176,-17.807528
2.181662,0.4000,26.114000,30.015000,62.902000,-0.087840,-2.894000,-9.772000,-78.495218,-17.331973
2.181662,0.6000,27.246000,31.795000,60.767600,-0.094490,-2.931000,-9.977000,-79.927612,-15.767799
2.181662,0.8000,28.527000,33.889000,54.970000,-0.108000,-2.859000,-9.936000,-171.830043,-13.888497
2.181662,0.9500,28.654000,34.209000,6.684500,-0.130400,-2.640000,-9.359000,25.152847,-16.839230
2.181662,1.0500,54.207000,36.703000,0.090800,-0.211100,-2.640000,-9.359000,-7.368237,-29.364087
2.181662,1.2000,50.498000,31.579000,0.584700,-0.167000,-2.640000,-9.359000,-6.697877,-27.828560
2.181662,1.4000,47.931000,29.352000,0.850700,-0.133500,-2.640000,-9.359000,-6.543178,-24.465298
2.181662,1.8000,44.542000,28.562000,0.526700,-0.120000,-2.640000,-9.359000,-5.197873,-23.508458
2.181662,2.2000,41.175000,26.296000,0.236600,-0.109600,-2.640000,-9.359000,-4.156236,-19.188357
2.181662,2.6000,38.437000,23.445000,-0.084800,-0.099080,-2.640000,-9.359000,-3.170175,-16.673072
2.181662,3.0000,36.194000,21.073000,-0.352600,-0.088170,-2.640000,-9.359000,-2.511847,-15.114627
2.181662,3.5000,34.461000,18.765000,-0.582800,-0.077670,-2.640000,-9.359000,-1.983007,-13.252514
2.181662,4.0000,33.153000,16.858000,-0.794700,-0.069140,-2.640000,-9.359000,-1.606574,-12.089409
2.181662,4.5000,32.309000,15.274000,-0.966100,-0.062240,-2.640000,-9.359000,-1.341294,-10.244485
2.181662,5.0000,31.726000,13.983000,-1.127400,-0.056660,-2.640000,-9.359000,-1.148780,-9.367860
2.268928,0.0000,29.410000,27.709000,59.947000,-0.083590,-3.881000,-8.746000,-68.984119,-17.091331
2.268928,0.2000,29.317000,28.000000,58.124300,-0.083590,-3.873000,-8.764000,-63.311836,-16.856418
2.268928,0.4000,29.705000,28.603000,57.164200,-0.087840,-3.900000,-8.839000,-53.015785,-15.670396
2.268928,0.6000,30.865000,30.168000,55.573500,-0.094490,-3.951000,-9.004000,-39.092910,-13.521804
2.268928,0.8000,32.047000,31.962000,49.607100,-0.108000,-3.842000,-8.931000,48.896218,-8.136001
2.268928,0.9500,32.180000,32.464000,42.374300,-0.130400,-3.517000,-8.413000,792.973588,-8.284970
2.268928,1.0500,55.066000,36.321000,0.284200,-0.211100,-3.517000,-8.413000,-7.368237,-17.899202
2.268928,1.2000,51.182000,31.375000,0.774300,-0.167000,-3.517000,-8.413000,-6.697877,-20.328543
2.268928,1.4000,48.862000,28.829000,1.146800,-0.133500,-3.517000,-8.413000,-6.543178,-20.368650
2.268928,1.8000,45.646000,27.904000,0.800600,-0.120000,-3.517000,-8.413000,-5.197873,-17.097061
2.268928,2.2000,41.728000,25.656000,0.492100,-0.109600,-3.517000,-8.413000,-4.156236,-11.040897
2.268928,2.6000,38.599000,22.853000,0.178000,-0.099080,-3.517000,-8.413000,-3.170175,-7.763578
2.268928,3.0000,36.078000,20.570000,-0.086500,-0.088170,-3.517000,-8.413000,-2.511847,-6.124919
2.268928,3.5000,33.956000,18.433000,-0.368100,-0.077670,-3.517000,-8.413000,-1.983007,-5.322205
2.268928,4.0000,32.477000,16.605000,-0.609200,-0.069140,-3.517000,-8.413000,-1.606574,-5.589203
2.268928,4.5000,31.260000,15.027000,-0.767600,-0.062240,-3.517000,-8.413000,-1.341294,-2.631595
2.268928,5.0000,30.491000,13.750000,-0.924200,-0.056660,-3.517000,-8.413000,-1.148780,-1.661578
2.356194,0.0000,33.069000,26.394000,51.464700,-0.083590,-4.894000,-8.011000,-112.987277,-26.384706
2.356194,0.2000,32.973000,26.635000,50.609900,-0.083590,-4.896000,-8.011000,-102.502150,-24.929394
2.356194,0.4000,33.317000,27.020000,50.873000,-0.087840,-4.955000,-8.011000,-85.485303,-20.660858
2.356194,0.6000,34.358000,28.140000,50.780200,-0.094490,-5.046000,-8.745000,-60.561639,-13.556181
2.356194,0.8000,35.334000,29.531000,46.077500,-0.108000,-4.915000,-8.475000,-35.907265,-6.715065
2.356194,0.9500,35.253000,29.964000,37.804100,-0.130400,-4.477000,-7.852000,-28.510380,-2.327355
2.356194,1.0500,55.700000,35.355000,0.550800,-0.211100,-4.477000,-7.852000,-7.368237,25.874774
2.356194,1.2000,51.951000,30.696000,1.014700,-0.167000,-4.477000,-7.852000,-6.697877,23.984013
2.356194,1.4000,49.754000,28.105000,1.447100,-0.133500,-4.477000,-7.852000,-6.543178,23.628779
2.356194,1.8000,46.804000,26.932000,1.093700,-0.120000,-4.477000,-7.852000,-5.197873,20.506159
2.356194,2.2000,42.775000,24.672000,0.769600,-0.109600,-4.477000,-7.852000,-4.156236,18.122655
2.356194,2.6000,38.835000,21.935000,0.449400,-0.099080,-4.477000,-7.852000,-3.170175,15.842283
2.356194,3.0000,35.943000,19.696000,0.209500,-0.088170,-4.477000,-7.852000,-2.511847,14.111950
2.356194,3.5000,33.319000,17.678000,-0.055100,-0.077670,-4.477000,-7.852000,-1.983007,12.582153
2.356194,4.0000,31.554000,15.982000,-0.293500,-0.069140,-4.477000,-7.852000,-1.606574,11.350294
2.356194,4.5000,30.218000,14.558000,-0.512200,-0.062240,-4.477000,-7.852000,-1.341294,10.353347
2.356194,5.0000,29.168000,13.330000,-0.660100,-0.056660,-4.477000,-7.852000,-1.148780,9.539747
2.443461,0.0000,37.125000,25.506000,42.408700,-0.083590,-5.838000,-7.258000,-94.595332,-37.494358
2.443461,0.2000,36.996000,25.664000,42.147200,-0.083590,-5.854000,-7.258000,-91.444064,-36.652110
2.443461,0.4000,37.207000,25.742000,43.392500,-0.087840,-5.957000,-7.258000,-86.000965,-33.959209
2.443461,0.6000,37.893000,26.132000,45.233400,-0.094490,-6.133000,-7.137000,-66.577696,-23.857963
2.443461,0.8000,38.453000,26.837000,42.820000,-0.108000,-6.026000,-7.259000,-38.749136,-12.559235
2.443461,0.9500,37.942000,27.008000,35.540000,-0.130400,-5.489000,-6.783000,-23.382408,-4.765290
2.443461,1.0500,56.193000,33.842000,0.861700,-0.211100,-5.489000,-6.783000,0.000000,-4.069719
2.443461,1.2000,52.565000,29.602000,1.264800,-0.167000,-5.489000,-6.783000,0.000000,-7.190620
2.443461,1.4000,50.677000,27.234000,1.708900,-0.133500,-5.489000,-6.783000,0.000000,-14.026007
2.443461,1.8000,48.362000,25.807000,1.372100,-0.120000,-5.489000,-6.783000,0.000000,-16.621506
2.443461,2.2000,43.975000,23.416000,1.047900,-0.109600,-5.489000,-6.783000,0.000000,-12.370159
2.443461,2.6000,39.235000,20.747000,0.713700,-0.099080,-5.489000,-6.783000,0.000000,-6.388479
2.443461,3.0000,35.976000,18.586000,0.476800,-0.088170,-5.489000,-6.783000,0.000000,-1.310354
2.443461,3.5000,33.002000,16.636000,0.242700,-0.077670,-5.489000,-6.783000,0.000000,1.588812
2.443461,4.0000,30.696000,15.051000,0.029900,-0.069140,-5.489000,-6.783000,0.000000,4.942334
2.443461,4.5000,29.103000,13.753000,-0.167400,-0.062240,-5.489000,-6.783000,0.000000,7.465640
2.443461,5.0000,27.879000,12.673000,-0.348600,-0.056660,-5.489000,-6.783000,0.000000,8.141730
2.530727,0.0000,41.910000,24.862000,34.957900,-0.083590,-6.724000,-6.034000,-53.359559,-31.827806
2.530727,0.2000,41.757000,25.004000,34.653200,-0.083590,-6.743000,-6.034000,-53.032974,-31.822076
2.530727,0.4000,41.840000,24.964000,35.867400,-0.087840,-6.862000,-6.034000,-55.238861,-31.650189
2.530727,0.6000,41.856000,24.530000,39.160100,-0.094490,-7.129000,-5.748000,-57.295780,-29.816724
2.530727,0.8000,41.689000,24.249000,39.314800,-0.108000,-7.107000,-6.007000,-40.708651,-19.669641
2.530727,0.9500,40.535000,23.961000,33.723100,-0.130400,-6.509000,-5.690000,-20.282706,-8.582908
2.530727,1.0500,57.191000,31.814000,1.190800,-0.211100,-6.509000,-5.690000,0.000000,-6.359832
2.530727,1.2000,53.224000,28.064000,1.507800,-0.167000,-6.509000,-5.690000,0.000000,-4.946918
2.530727,1.4000,51.935000,26.083000,1.920700,-0.133500,-6.509000,-5.690000,0.000000,-12.037843
2.530727,1.8000,50.033000,24.505000,1.610400,-0.120000,-6.509000,-5.690000,0.000000,-15.446942
2.530727,2.2000,45.403000,22.071000,1.284900,-0.109600,-6.509000,-5.690000,0.000000,-14.106221
2.530727,2.6000,40.279000,19.336000,0.969600,-0.099080,-6.509000,-5.690000,0.000000,-8.783443
2.530727,3.0000,36.222000,17.260000,0.720000,-0.088170,-6.509000,-5.690000,0.000000,-2.665400
2.530727,3.5000,32.902000,15.396000,0.493900,-0.077670,-6.509000,-5.690000,0.000000,2.015093
2.530727,4.0000,30.249000,13.899000,0.302600,-0.069140,-6.509000,-5.690000,0.000000,4.767009
2.530727,4.5000,28.182000,12.680000,0.141900,-0.062240,-6.509000,-5.690000,0.000000,7.832333
2.530727,5.0000,26.740000,11.725000,-0.018900,-0.056660,-6.509000,-5.690000,0.000000,10.250215
2.617994,0.0000,45.358000,22.218000,33.095500,-0.083590,-7.727000,-4.663000,-17.051224,-20.809827
2.617994,0.2000,45.254000,22.398000,32.891100,-0.083590,-7.748000,-4.663000,-15.928227,-21.205168
2.617994,0.4000,45.443000,22.436000,33.751500,-0.087840,-7.874000,-4.663000,-18.798745,-22.408379
2.617994,0.6000,45.919000,22.523000,35.233000,-0.094490,-8.103000,-4.827000,-30.825129,-26.963394
2.617994,0.8000,45.260000,21.889000,35.714800,-0.108000,-8.098000,-4.839000,-33.151338,-24.350706
2.617994,0.9500,43.227000,20.975000,32.000100,-0.130400,-7.490000,-4.596000,-19.090954,-14.862525
2.617994,1.0500,59.195000,29.289000,1.504200,-0.211100,-7.490000,-4.596000,0.000000,-13.710880
2.617994,1.2000,54.424000,26.051000,1.725500,-0.167000,-7.490000,-4.596000,0.000000,-9.923629
2.617994,1.4000,53.316000,24.509000,2.066300,-0.133500,-7.490000,-4.596000,0.000000,-12.032114
2.617994,1.8000,51.787000,22.966000,1.771500,-0.120000,-7.490000,-4.596000,0.000000,-15.177652
2.617994,2.2000,47.274000,20.521000,1.476500,-0.109600,-7.490000,-4.596000,0.000000,-15.171922
2.617994,2.6000,41.567000,17.852000,1.163600,-0.099080,-7.490000,-4.596000,0.000000,-11.178407
2.617994,3.0000,37.053000,15.765000,0.933200,-0.088170,-7.490000,-4.596000,0.000000,-6.210862
2.617994,3.5000,33.059000,13.986000,0.704600,-0.077670,-7.490000,-4.596000,0.000000,-0.671507
2.617994,4.0000,30.104000,12.571000,0.524900,-0.069140,-7.490000,-4.596000,0.000000,3.544317
2.617994,4.5000,27.762000,11.450000,0.374600,-0.062240,-7.490000,-4.596000,0.000000,5.855629
2.617994,5.0000,25.905000,10.558000,0.246300,-0.056660,-7.490000,-4.596000,0.000000,8.571449
2.705260,0.0000,48.670000,19.198000,31.981600,-0.083590,-8.678000,-3.678000,-11.241432,-23.531377
2.705260,0.2000,48.604000,19.397000,31.873300,-0.083590,-8.703000,-3.678000,-10.473668,-23.846503
2.705260,0.4000,48.862000,19.449000,32.586000,-0.087840,-8.841000,-3.678000,-12.146705,-24.820532
2.705260,0.6000,49.435000,19.542000,33.780400,-0.094490,-9.090000,-3.880000,-15.275055,-26.241467
2.705260,0.8000,48.799000,19.122000,33.528400,-0.108000,-9.044000,-3.794000,-20.380109,-26.865991
2.705260,0.9500,46.224000,18.099000,30.390900,-0.130400,-8.389000,-3.561000,-15.767799,-21.296841
2.705260,1.0500,62.220000,26.261000,1.755700,-0.211100,-8.389000,-3.561000,0.000000,-23.348030
2.705260,1.2000,56.801000,23.540000,1.885200,-0.167000,-8.389000,-3.561000,0.000000,-20.122278
2.705260,1.4000,55.320000,22.400000,2.133400,-0.133500,-8.389000,-3.561000,0.000000,-19.423269
2.705260,1.8000,53.856000,21.009000,1.843000,-0.120000,-8.389000,-3.561000,0.000000,-16.254813
2.705260,2.2000,49.194000,18.728000,1.568200,-0.109600,-8.389000,-3.561000,0.000000,-15.590182
2.705260,2.6000,43.257000,16.168000,1.288600,-0.099080,-8.389000,-3.561000,0.000000,-13.034790
2.705260,3.0000,38.245000,14.182000,1.068100,-0.088170,-8.389000,-3.561000,0.000000,-9.740283
2.705260,3.5000,33.804000,12.453000,0.861600,-0.077670,-8.389000,-3.561000,0.000000,-5.301006
2.705260,4.0000,30.270000,11.117000,0.690900,-0.069140,-8.389000,-3.561000,0.000000,-0.848550
2.705260,4.5000,27.671000,10.075000,0.552600,-0.062240,-8.389000,-3.561000,0.000000,2.640762
2.705260,5.0000,25.620000,9.259000,0.437900,-0.056660,-8.389000,-3.561000,0.000000,5.149745
2.792527,0.0000,52.168000,16.009000,31.133600,-0.083590,-9.529000,-2.822000,-7.987032,-29.203659
2.792527,0.2000,52.148000,16.227000,31.063500,-0.083590,-9.555000,-2.822000,-7.700553,-29.604729
2.792527,0.4000,52.495000,16.303000,31.631500,-0.087840,-9.701000,-2.822000,-9.253268,-30.807941
2.792527,0.6000,53.202000,16.420000,32.567100,-0.094490,-9.962000,-2.715000,-11.974818,-32.733079
2.792527,0.8000,52.502000,16.065000,32.157400,-0.108000,-9.903000,-2.773000,-13.676503,-32.664324
2.792527,0.9500,49.458000,15.102000,29.248400,-0.130400,-9.194000,-2.605000,-11.270080,-28.057743
2.792527,1.0500,66.220000,22.682000,1.894800,-0.211100,-9.194000,-2.605000,0.000000,-34.366009
2.792527,1.2000,60.304000,20.476000,1.942100,-0.167000,-9.194000,-2.605000,0.000000,-31.369439
2.792527,1.4000,58.625000,19.673000,2.100500,-0.133500,-9.194000,-2.605000,0.000000,-31.432465
2.792527,1.8000,56.243000,18.475000,1.812300,-0.120000,-9.194000,-2.605000,0.000000,-23.307923
2.792527,2.2000,51.383000,16.481000,1.554900,-0.109600,-9.194000,-2.605000,0.000000,-18.139844
2.792527,2.6000,45.059000,14.204000,1.297800,-0.099080,-9.194000,-2.605000,0.000000,-14.129139
2.792527,3.0000,39.835000,12.393000,1.107000,-0.088170,-9.194000,-2.605000,0.000000,-12.037843
2.792527,3.5000,34.965000,10.794000,0.929100,-0.077670,-9.194000,-2.605000,0.000000,-9.041274
2.792527,4.0000,31.109000,9.567000,0.778300,-0.069140,-9.194000,-2.605000,0.000000,-6.302536
2.792527,4.5000,28.057000,8.602000,0.660000,-0.062240,-9.194000,-2.605000,0.000000,-2.774262
2.792527,5.0000,25.675000,7.860000,0.559200,-0.056660,-9.194000,-2.605000,0.000000,0.102903
2.879793,0.0000,55.967000,12.593000,30.587900,-0.083590,-10.250000,-2.075000,-4.033050,-35.918724
2.879793,0.2000,56.002000,12.828000,30.529400,-0.083590,-10.280000,-2.075000,-3.971170,-36.388550
2.879793,0.4000,56.460000,12.925000,30.971200,-0.087840,-10.430000,-2.075000,-5.280952,-37.803755
2.879793,0.6000,57.347000,13.069000,31.690300,-0.094490,-10.690000,-1.656000,-7.505747,-40.129964
2.879793,0.8000,56.625000,12.806000,31.141000,-0.108000,-10.620000,-1.821000,-9.018356,-40.416443
2.879793,0.9500,53.151000,11.971000,28.424000,-0.130400,-9.870000,-1.731000,-7.242187,-35.935913
2.879793,1.0500,71.133000,18.457000,1.872500,-0.211100,-9.870000,-1.731000,0.000000,-45.916838
2.879793,1.2000,64.771000,16.760000,1.854100,-0.167000,-9.870000,-1.731000,0.000000,-42.444713
2.879793,1.4000,63.037000,16.227000,1.932700,-0.133500,-9.870000,-1.731000,0.000000,-42.799947
2.879793,1.8000,59.848000,15.250000,1.674400,-0.120000,-9.870000,-1.731000,0.000000,-35.947372
2.879793,2.2000,53.980000,13.617000,1.437100,-0.109600,-9.870000,-1.731000,0.000000,-26.934746
2.879793,2.6000,47.068000,11.742000,1.203000,-0.099080,-9.870000,-1.731000,0.000000,-19.635264
2.879793,3.0000,41.519000,10.244000,1.030400,-0.088170,-9.870000,-1.731000,0.000000,-14.765122
2.879793,3.5000,36.416000,8.900000,0.880200,-0.077670,-9.870000,-1.731000,0.000000,-11.596666
2.879793,4.0000,32.303000,7.841000,0.763700,-0.069140,-9.870000,-1.731000,0.000000,-9.218891
2.879793,4.5000,28.993000,7.013000,0.668000,-0.062240,-9.870000,-1.731000,0.000000,-7.316671
2.879793,5.0000,26.365000,6.369000,0.589200,-0.056660,-9.870000,-1.731000,0.000000,-5.522740
2.967060,0.0000,60.148000,8.818000,30.429800,-0.083590,-10.830000,-1.452000,1.099506,0.000000
2.967060,0.2000,60.246000,9.063000,30.370400,-0.083590,-10.860000,-1.452000,1.057680,0.000000
2.967060,0.4000,60.835000,9.168000,30.709800,-0.087840,-11.010000,-1.452000,0.034412,0.000000
2.967060,0.6000,61.937000,9.317000,31.257400,-0.094490,-11.270000,-0.739600,-1.676475,0.000000
2.967060,0.8000,61.224000,9.154000,30.583800,-0.108000,-11.180000,-1.005000,-3.048135,0.000000
2.967060,0.9500,57.305000,8.509000,27.984200,-0.130400,-10.400000,-0.980500,-2.158332,0.000000
2.967060,1.0500,76.832000,13.436000,1.650000,-0.211100,-10.400000,-0.980500,0.000000,-57.467667
2.967060,1.2000,70.014000,12.258000,1.591100,-0.167000,-10.400000,-0.980500,0.000000,-53.010055
2.967060,1.4000,68.253000,11.927000,1.616400,-0.133500,-10.400000,-0.980500,0.000000,-52.884004
2.967060,1.8000,64.475000,11.222000,1.412000,-0.120000,-10.400000,-0.980500,0.000000,-47.160156
2.967060,2.2000,57.759000,10.026000,1.218600,-0.109600,-10.400000,-0.980500,0.000000,-39.356471
2.967060,2.6000,49.882000,8.650000,1.021600,-0.099080,-10.400000,-0.980500,0.000000,-30.498543
2.967060,3.0000,43.599000,7.549000,0.872500,-0.088170,-10.400000,-0.980500,0.000000,-23.548565
2.967060,3.5000,38.010000,6.564000,0.744700,-0.077670,-10.400000,-0.980500,0.000000,-18.111196
2.967060,4.0000,33.620000,5.786000,0.647400,-0.069140,-10.400000,-0.980500,0.000000,-14.215083
2.967060,4.5000,30.144000,5.170000,0.573200,-0.062240,-10.400000,-0.980500,0.000000,-11.539370
2.967060,5.0000,27.381000,4.686000,0.515100,-0.056660,-10.400000,-0.980500,0.000000,-9.591313
3.054326,0.0000,0.000000,0.000000,30.779800,-0.083590,-11.260000,0.000000,0.000000,0.000000
3.054326,0.2000,0.000000,0.000000,30.714000,-0.083590,-11.290000,0.000000,0.000000,0.000000
3.054326,0.4000,0.000000,0.000000,30.977200,-0.087840,-11.430000,0.000000,0.000000,0.000000
3.054326,0.6000,0.000000,0.000000,31.397600,-0.094490,-11.700000,0.000000,0.000000,0.000000
3.054326,0.8000,0.000000,0.000000,30.609100,-0.108000,-11.600000,0.000000,0.000000,0.000000
3.054326,0.9500,0.000000,0.000000,28.047300,-0.130400,-10.800000,0.000000,0.000000,0.000000
3.054326,1.0500,83.180000,7.431000,1.211300,-0.211100,-10.800000,0.000000,0.000000,-68.926823
3.054326,1.2000,75.850000,6.807000,1.145400,-0.167000,-10.800000,0.000000,0.000000,-63.197245
3.054326,1.4000,74.021000,6.644000,1.144700,-0.133500,-10.800000,0.000000,0.000000,-62.223217
3.054326,1.8000,69.706000,6.264000,1.020700,-0.120000,-10.800000,0.000000,0.000000,-56.367588
3.054326,2.2000,62.283000,5.606000,0.891200,-0.109600,-10.800000,0.000000,0.000000,-49.022269
3.054326,2.6000,53.608000,4.843000,0.753600,-0.099080,-10.800000,0.000000,0.000000,-40.840432
3.054326,3.0000,46.675000,4.231000,0.647100,-0.088170,-10.800000,0.000000,0.000000,-34.285794
3.054326,3.5000,40.472000,3.686000,0.553500,-0.077670,-10.800000,0.000000,0.000000,-28.258278
3.054326,4.0000,35.564000,3.256000,0.481100,-0.069140,-10.800000,0.000000,0.000000,-23.319382
3.054326,4.5000,31.701000,2.916000,0.425100,-0.062240,-10.800000,0.000000,0.000000,-19.543590
3.054326,5.0000,28.668000,2.649000,0.381500,-0.056660,-10.800000,0.000000,0.000000,-16.764745
3.141593,0.0000,0.000000,0.000000,0.000000,-0.083590,0.000000,0.000000,0.000000,0.000000
3.141593,0.2000,0.000000,0.000000,0.000000,-0.083590,0.000000,0.000000,0.000000,0.000000
3.141593,0.4000,0.000000,0.000000,0.000000,-0.087840,0.000000,0.000000,0.000000,0.000000
3.141593,0.6000,0.000000,0.000000,0.000000,-0.094490,0.000000,0.000000,0.000000,0.000000
3.141593,0.8000,0.000000,0.000000,0.000000,-0.108000,0.000000,0.000000,0.000000,0.000000
3.141593,0.9500,0.000000,0.000000,0.000000,-0.130400,0.000000,0.000000,0.000000,0.000000
3.141593,1.0500,90.025000,0.236000,0.573700,-0.211100,0.000000,0.000000,0.000000,-80.385979
3.141593,1.2000,82.107000,0.246000,0.537900,-0.167000,0.000000,0.000000,0.000000,-73.224006
3.141593,1.4000,80.148000,0.246000,0.534500,-0.133500,0.000000,0.000000,0.000000,-71.390541
3.141593,1.8000,75.282000,0.258000,0.508700,-0.120000,0.000000,0.000000,0.000000,-64.973414
3.141593,2.2000,67.178000,0.249000,0.456600,-0.109600,0.000000,0.000000,0.000000,-57.410371
3.141593,2.6000,57.755000,0.235000,0.393400,-0.099080,0.000000,0.000000,0.000000,-49.199886
3.141593,3.0000,50.232000,0.221000,0.342500,-0.088170,0.000000,0.000000,0.000000,-42.862973
3.141593,3.5000,43.504000,0.212000,0.296800,-0.077670,0.000000,0.000000,0.000000,-37.402685
3.141593,4.0000,38.184000,0.205000,0.260700,-0.069140,0.000000,0.000000,0.000000,-33.311766
3.141593,4.5000,33.996000,0.198000,0.232200,-0.062240,0.000000,0.000000,0.000000,-29.977152
3.141593,5.0000,30.704000,0.194000,0.209800,-0.056660,0.000000,0.000000,0.000000,-27.118092
