time,x,y,z,vx,vy,vz,phi,theta,psi,p,q,r,elevator,aileron,rudder,throttle,elevator_cmd,aileron_cmd,rudder_cmd,throttle_cmd,tvc_pitch,tvc_yaw,alpha,beta,mach,airspeed,altitude,mass,thrust,pitch_sp,roll_sp,heading_sp,altitude_sp,speed_sp,qbar,rocket_table_aero_fx,rocket_table_aero_fy,rocket_table_aero_fz,rocket_table_aero_mx,rocket_table_aero_my,rocket_table_aero_mz,solid_motor_fx,solid_motor_fy,solid_motor_fz,solid_motor_mx,solid_motor_my,solid_motor_mz
0,1820,80,-4500,95,12,190,-1.5284227e-17,-1.0995574,0.10471976,0,0,0,-5.713749e-06,2.7808315e-20,-0.002704932,0.002,-0.00011427498,5.561663e-19,-0.054098641,1,0,0,0.0045058698,0.0094193476,0.65958703,212.76513,4500,118,15000,-1.1039839,nan,0.12564262,nan,nan,17587.878,-281.23157,-130.41611,-61.494928,1.5353758e-17,-52.496829,115.81562,15000,0,0,0,0,0
0.005,1820.4756,80.060048,-4499.0488,95.284683,12.024023,190.60383,-2.5137202e-05,-1.099563,0.10474797,7.2141903e-09,-0.0027859353,0.0066957712,-7.939553e-05,8.6621158e-08,-0.014204301,0.01194016,-0.00046473843,9.0856651e-07,-0.053151472,1,0,0,0.0045782105,0.0093495912,0.66164904,213.43282,4499.0488,117.96376,15016.667,-1.1040269,nan,0.12560408,nan,nan,17700.235,-282.95042,-149.377,-62.780205,4.8100309e-05,-53.521613,142.79525,15016.667,0,0,0,0,0
0.01,1820.9526,80.120215,-4498.0946,95.569851,12.047395,191.20838,-0.00012125568,-1.0995826,0.10485584,1.5846345e-07,-0.0056191489,0.014659377,-0.00021617043,7.0754607e-07,-0.022839749,0.021781315,-0.00081842532,4.3493779e-06,-0.05186091,1,0,0,0.0046358127,0.0092407251,0.66371352,214.10134,4498.0946,117.92752,15033.333,-1.1040701,nan,0.12556552,nan,nan,17813.103,-284.67637,-163.22146,-63.771084,0.0003951454,-54.235939,162.81663,15033.333,0,0,0,0,0
0.015,1821.431,80.180498,-4497.1373,95.85546,12.070338,191.81366,-0.00029943058,-1.0996164,0.10505581,8.6884018e-07,-0.0084838699,0.023550892,-0.00040228349,2.3634225e-06,-0.029182217,0.031524451,-0.0011738456,1.0651177e-05,-0.050232653,1,0,0,0.0046785756,0.0090881971,0.66578047,214.77067,4497.1373,117.89129,15050,-1.1041133,nan,0.12552695,nan,nan,17926.485,-286.40943,-172.76046,-64.483605,0.0013274446,-54.665644,177.06957,15050,0,0,0,0,0
0.02,1821.9108,80.240896,-4496.177,96.141473,12.093047,192.41967,-0.00056765047,-1.0996645,0.10535684,2.8301666e-06,-0.011365571,0.03308722,-0.00062676964,5.4972381e-06,-0.033675166,0.041170545,-0.0015296144,2.0012201e-05,-0.048275139,1,0,0,0.004706471,0.0088888929,0.66784992,215.44084,4496.177,117.85505,15066.667,-1.1041567,nan,0.12548839,nan,nan,18040.382,-288.14963,-178.62753,-64.93051,0.0031051809,-54.831338,186.48236,15066.667,0,0,0,0,0
0.025,1822.3921,80.301406,-4495.2137,96.427853,12.115696,193.02643,-0.00093132401,-1.0997269,0.10576499,6.9811459e-06,-0.014250722,0.04302967,-0.00088084204,1.0481184e-05,-0.036664016,0.050720563,-0.0018844221,3.2523375e-05,-0.045999427,1,0,0,0.0047195385,0.0086409073,0.66992185,216.11183,4495.2137,117.81881,15083.333,-1.1042001,nan,0.12544983,nan,nan,18154.796,-289.89699,-181.32084,-65.122125,0.0059540788,-54.749676,191.78271,15083.333,0,0,0,0,0
0.03,1822.8748,80.36203,-4494.2474,96.714566,12.138442,193.63394,-0.0013936755,-1.0998037,0.1062839,1.447093e-05,-0.017126601,0.053174456,-0.0011574134,1.7611098e-05,-0.038418899,0.060175462,-0.0022370138,4.8187076e-05,-0.043419074,1,0,0,0.0047178808,0.0083433638,0.67199629,216.78365,4494.2474,117.78257,15100,-1.1042436,nan,0.12541126,nan,nan,18269.73,-291.65154,-181.23587,-65.067051,0.010061138,-54.434361,193.54517,15100,0,0,0,0,0
0.035,1823.359,80.422768,-4493.278,97.001581,12.161426,194.24222,-0.0019560559,-1.0998945,0.10691509,2.6619614e-05,-0.019981161,0.063345443,-0.0014507215,2.7105905e-05,-0.039152243,0.069536189,-0.002586175,6.6932432e-05,-0.040550019,1,0,0,0.0047016605,0.0079962718,0.67407323,217.45631,4493.278,117.74633,15116.667,-1.1042872,nan,0.1253727,nan,nan,18385.185,-293.41328,-178.69076,-64.772711,0.015573119,-53.896937,192.22788,15116.667,0,0,0,0,0
0.04,1823.8446,80.483622,-4492.3056,97.288867,12.184777,194.85127,-0.0026181889,-1.0999993,0.10765826,4.4878e-05,-0.022802926,0.073388653,-0.0017560377,3.9110253e-05,-0.039032346,0.078803683,-0.0029307233,8.8627866e-05,-0.037410459,1,0,0,0.0046710966,0.0076004118,0.67615267,218.1298,4492.3056,117.7101,15133.333,-1.1043309,nan,0.12533413,nan,nan,18501.163,-295.18225,-173.94606,-64.245782,0.022596853,-53.147406,188.20119,15133.333,0,0,0,0,0
0.045,1824.3316,80.544593,-4491.3301,97.576394,12.208617,195.4611,-0.0033783681,-1.1001178,0.10851151,7.0788185e-05,-0.025580918,0.083168141,-0.0020694396,5.3699073e-05,-0.038193851,0.087978872,-0.0032695046,0.00011309149,-0.034020716,1,0,0,0.0046264618,0.0071572421,0.67823464,218.80412,4491.3301,117.67386,15150,-1.1043747,nan,0.12529555,nan,nan,18617.665,-296.95847,-167.2199,-63.492531,0.031200705,-52.194716,181.76981,15150,0,0,0,0,0
0.05,1824.82,80.605685,-4490.3516,97.864134,12.233054,196.07172,-0.0042336184,-1.1002495,0.10947155,0.00010594592,-0.028304618,0.092562913,-0.0023876348,7.0883219e-05,-0.036745818,0.097062676,-0.0036013936,0.00014009981,-0.030403096,1,0,0,0.0045680803,0.0066688207,0.68031912,219.47928,4490.3516,117.63762,15166.667,-1.1044185,nan,0.12525696,nan,nan,18734.694,-298.74194,-158.69985,-62.519077,0.041416748,-51.047142,173.18993,15166.667,0,0,0,0,0
0.055,1825.3099,80.6669,-4489.37,98.15206,12.258191,196.68314,-0.0051798288,-1.1003941,0.11053379,0.00015196533,-0.030963928,0.10146467,-0.0027078258,9.0615606e-05,-0.034777944,0.106056,-0.0039252962,0.00016939512,-0.026581741,1,0,0,0.0044963254,0.0061377399,0.68240611,220.15528,4489.37,117.60138,15183.333,-1.1044625,nan,0.12521835,nan,nan,18852.252,-300.5327,-148.55188,-61.33159,0.053243329,-49.712572,162.68253,15183.333,0,0,0,0,0
0.06,1825.8013,80.728242,-4488.3853,98.440147,12.284121,197.29537,-0.006211867,-1.1005511,0.11169251,0.00021044626,-0.033549161,0.10977617,-0.0030276054,0.00011279748,-0.032365335,0.11495976,-0.0042401556,0.00020069181,-0.022582464,1,0,0,0.004411617,0.0055670684,0.68449563,220.83212,4488.3853,117.56514,15200,-1.1045065,nan,0.12517971,nan,nan,18970.34,-302.33076,-136.92737,-59.936452,0.066647823,-48.198738,150.44346,15200,0,0,0,0,0
0.065,1826.294,80.789716,-4487.3976,98.728369,12.310932,197.90841,-0.0073236785,-1.1007201,0.11294097,0.00028294445,-0.036051034,0.11741011,-0.0033448776,0.0001372846,-0.029572157,0.12377483,-0.0045449583,0.00023368193,-0.01843258,1,0,0,0.0043144199,0.0049603003,0.68658767,221.50979,4487.3976,117.52891,15216.667,-1.1045507,nan,0.12514103,nan,nan,19088.959,-304.13614,-123.96834,-58.340363,0.081569437,-46.51338,136.65129,15216.667,0,0,0,0,0
0.07,1826.7883,80.851326,-4486.4069,99.016703,12.3387,198.52227,-0.0085083768,-1.1009004,0.11427152,0.00037094448,-0.038460671,0.12428829,-0.0036577989,0.00016389315,-0.02645443,0.1325021,-0.0048387428,0.00026804006,-0.014160723,1,0,0,0.0042052413,0.004321308,0.68868223,222.18831,4486.4069,117.49267,15233.333,-1.1045949,nan,0.1251023,nan,nan,19208.112,-305.94886,-109.81139,-56.550429,0.097921997,-44.664368,121.47316,15233.333,0,0,0,0,0
0.075,1827.2839,80.913077,-4485.413,99.305127,12.367497,199.13696,-0.0097583269,-1.1010916,0.11567566,0.00047583545,-0.040769616,0.13034118,-0.0039647333,0.00019240537,-0.02306214,0.14114245,-0.0051206082,0.00030342773,-0.0097966485,1,0,0,0.0040846284,0.0036542973,0.6907793,222.86766,4485.413,117.45643,15250,-1.1046392,nan,0.12506352,nan,nan,19327.799,-307.76892,-94.590592,-54.57422,0.11559665,-42.659795,105.06924,15250,0,0,0,0,0
0.08,1827.781,80.974974,-4484.4161,99.59362,12.397384,199.75249,-0.011065225,-1.101293,0.11714414,0.00059888939,-0.042969841,0.13550756,-0.0042642207,0.00022257486,-0.019440828,0.14969674,-0.0053897226,0.00033949739,-0.0053710322,1,0,0,0.0039531667,0.002963765,0.6928789,223.54785,4484.4161,117.42019,15266.667,-1.1046836,nan,0.12502467,nan,nan,19448.023,-309.59635,-78.439591,-52.419804,0.13446446,-40.508033,87.595872,15266.667,0,0,0,0,0
0.085,1828.2796,81.037022,-4483.4161,99.882162,12.428417,200.36885,-0.012420176,-1.101504,0.11866708,0.00074124217,-0.045053766,0.13973441,-0.0045549542,0.00025413152,-0.015632775,0.15816583,-0.0056453322,0.00037589613,-0.00091525654,1,0,0,0.0038114772,0.0022544573,0.69498101,224.22887,4483.4161,117.38395,15283.333,-1.1047281,nan,0.12498575,nan,nan,19568.785,-311.43116,-61.492986,-50.095766,0.15437896,-38.217769,69.207976,15283.333,0,0,0,0,0
0.09,1828.7796,81.099228,-4482.413,100.17074,12.46064,200.98606,-0.01381377,-1.1017239,0.12023402,0.00090387695,-0.047014273,0.14297688,-0.0048357634,0.00028678618,-0.011677871,0.16655056,-0.0058867688,0.00041226908,0.0035388112,1,0,0,0.0036602142,0.001531328,0.69708563,224.91074,4482.413,117.34772,15300,-1.1047726,nan,0.12494673,nan,nan,19690.086,-313.27336,-43.88724,-47.611216,0.17517849,-35.798024,50.060555,15300,0,0,0,0,0
0.095,1829.281,81.161598,-4481.4069,100.45932,12.49409,201.60411,-0.01523616,-1.1019522,0.12183403,0.0010876099,-0.048844729,0.14519827,-0.0051056049,0.00032023493,-0.0076142278,0.17485179,-0.0061134569,0.00044826268,0.0079590476,1,0,0,0.0035000625,0.00079949735,0.69919275,225.59343,4481.4069,117.31148,15316.667,-1.1048173,nan,0.12490761,nan,nan,19811.929,-315.12298,-25.76114,-44.97578,0.19668854,-33.258156,30.309694,15316.667,0,0,0,0,0
0.1,1829.7839,81.224137,-4480.3976,100.74791,12.528795,202.22302,-0.016677141,-1.1021883,0.12345576,0.0012930953,-0.050538475,0.14637034,-0.0053636632,0.00035416317,-0.0034776272,0.18307033,-0.0063260044,0.000483527,0.012322709,1,0,0,0.0033317366,6.421023e-05,0.70130238,226.27696,4480.3976,117.27524,15333.333,-1.104862,nan,0.12486838,nan,nan,19934.313,-317.03179,-7.2638015,-42.169966,0.21880728,-30.560445,10.126011,15333.333,0,0,0,0,0
0.105,1830.2882,81.286853,-4479.3853,101.03648,12.564773,202.84279,-0.018126231,-1.1024313,0.12508759,0.0015208915,-0.052086814,0.14647306,-0.005609356,0.00038824867,0.00069707045,0.19120701,-0.0065234191,0.00051771577,0.016583827,1,0,0,0.0031559908,-0.00066920718,0.7034145,226.96132,4479.3853,117.239,15350,-1.1049068,nan,0.12482901,nan,nan,20057.24,-318.98156,11.488688,-39.214984,0.2413316,-27.731751,-10.38138,15350,0,0,0,0,0
0.11,1830.7939,81.34975,-4478.3698,101.32502,12.602034,203.46342,-0.019572736,-1.1026808,0.12671765,0.0017712918,-0.053484158,0.1454916,-0.0058418643,0.00042216549,0.0048718262,0.19926266,-0.0067046795,0.00055049513,0.020702094,1,0,0,0.0029736072,-0.0013953766,0.7055291,227.64651,4478.3698,117.20276,15366.667,-1.1049517,nan,0.12478951,nan,nan,20180.712,-320.94055,30.356706,-36.140898,0.26401472,-24.812489,-31.083354,15366.667,0,0,0,0,0
0.115,1831.3011,81.412837,-4477.3512,101.61352,12.640579,204.0849,-0.021005814,-1.102936,0.1283339,0.0020443732,-0.054725978,0.14341994,-0.006060487,0.00045558753,0.0090099085,0.20723806,-0.0068695922,0.0005815433,0.024646287,1,0,0,0.0027853872,-0.0021089043,0.70764618,228.33252,4477.3512,117.16652,15383.333,-1.1049966,nan,0.12474985,nan,nan,20304.73,-322.90883,49.188111,-32.960064,0.28665124,-21.814309,-51.784494,15383.333,0,0,0,0,0
0.12,1831.8098,81.476119,-4476.3296,101.90198,12.680399,204.70725,-0.022414565,-1.1031964,0.12992427,0.0023400058,-0.05580837,0.1402617,-0.0062646535,0.00048819169,0.013075996,0.21513404,-0.0070180721,0.00061055294,0.028386366,1,0,0,0.0025921489,-0.0028044301,0.70976574,229.01936,4476.3296,117.13029,15400,-1.1050417,nan,0.12471002,nan,nan,20429.294,-324.88646,67.830359,-29.685195,0.30903264,-18.749041,-72.315049,15400,0,0,0,0,0
0.125,1832.3199,81.539603,-4475.3048,102.19038,12.721474,205.33047,-0.023788126,-1.1034612,0.13147672,0.0026578506,-0.056728057,0.13602945,-0.0064539175,0.00051966075,0.017036151,0.22295136,-0.0071501394,0.0006372337,0.031893662,1,0,0,0.0023947238,-0.0034766724,0.71188776,229.70702,4475.3048,117.09405,15416.667,-1.1050868,nan,0.12467001,nan,nan,20554.407,-326.87349,86.131246,-26.329318,0.33094915,-15.628664,-92.505807,15416.667,0,0,0,0,0
0.13,1832.8314,81.603294,-4474.2769,102.47873,12.763775,205.95456,-0.02511576,-1.10373,0.13297935,0.002997359,-0.057482405,0.13074461,-0.0066279527,0.00054968626,0.020857848,0.23069083,-0.0072659148,0.0006613146,0.035141112,1,0,0,0.0021939539,-0.0041204724,0.71401225,230.3955,4474.2769,117.05781,15433.333,-1.105132,nan,0.12462981,nan,nan,20680.071,-328.86998,103.93975,-22.905739,0.35219163,-12.46527,-112.18889,15433.333,0,0,0,0,0
0.135,1833.3444,81.6672,-4473.2459,102.76702,12.807263,206.57952,-0.026386942,-1.104002,0.1344205,0.0033577739,-0.058069421,0.1244374,-0.0067865471,0.00057797122,0.024510052,0.23835321,-0.0073656133,0.00068254615,0.038103502,1,0,0,0.0019906876,-0.0047308368,0.71613921,231.0848,4473.2459,117.02157,15450,-1.1051773,nan,0.1245894,nan,nan,20806.285,-330.87597,121.10697,-19.427993,0.37255347,-9.2710285,-131.19872,15450,0,0,0,0,0
0.14,1833.8588,81.731325,-4472.2117,103.05526,12.851891,207.20536,-0.027591448,-1.1042768,0.13578886,0.0037381335,-0.058487763,0.11714671,-0.0069295977,0.00060423265,0.027963334,0.24593927,-0.0074495354,0.0007007024,0.040757686,1,0,0,0.0017857773,-0.0053029805,0.71826862,231.77493,4472.2117,116.98533,15466.667,-1.1052227,nan,0.12454877,nan,nan,20933.053,-332.89149,137.48713,-15.90981,0.39183234,-6.0581491,-149.37303,15466.667,0,0,0,0,0
0.145,1834.3746,81.795675,-4471.1744,103.34344,12.8976,207.83206,-0.028719446,-1.1045536,0.13707354,0.0041372758,-0.058736738,0.10891984,-0.0070571035,0.000628204,0.031189999,0.25344978,-0.0075180582,0.00071558269,0.043082799,1,0,0,0.0015800755,-0.0058323679,0.72040049,232.46587,4471.1744,116.9491,15483.333,-1.1052681,nan,0.12450791,nan,nan,21060.375,-334.91659,152.93868,-12.365061,0.40983208,-2.8388487,-166.55403,15483.333,0,0,0,0,0
0.15,1834.8919,81.860256,-4470.134,103.63157,12.944325,208.45965,-0.029761578,-1.104832,0.1382642,0.0045538455,-0.058816303,0.099812307,-0.0071691584,0.00064963738,0.034164245,0.26088548,-0.0075716244,0.00072701339,0.045060451,1,0,0,0.0013744319,-0.006314752,0.72253482,233.15764,4470.134,116.91286,15500,-1.1053136,nan,0.12446682,nan,nan,21188.253,-336.95128,167.32535,-8.8077224,0.42636436,0.37468314,-182.58956,15500,0,0,0,0,0
0.155,1835.4107,81.925073,-4469.0905,103.91967,12.991989,209.08811,-0.030709044,-1.1051113,0.1393511,0.0049863028,-0.05872706,0.0898875,-0.0072659433,0.00066830566,0.036862314,0.26824712,-0.0076107315,0.0007348492,0.046674907,1,0,0,0.0011696899,-0.0067462134,0.72467161,233.85022,4469.0905,116.87662,15516.667,-1.1053592,nan,0.12442547,nan,nan,21316.689,-338.9956,180.5173,-5.2518303,0.44125047,3.5703157,-197.33433,15516.667,0,0,0,0,0
0.16,1835.9308,81.99013,-4468.0438,104.20773,13.04051,209.71745,-0.031553684,-1.105391,0.14032523,0.0054329338,-0.058470258,0.079216273,-0.0073477168,0.00068400436,0.039262657,0.27553544,-0.0076359197,0.0007389745,0.04791325,1,0,0,0.00096668337,-0.0071231954,0.72681086,234.54363,4468.0438,116.84038,15533.333,-1.1054048,nan,0.12438386,nan,nan,21445.684,-341.04956,192.39222,-1.7114382,0.45432286,6.736007,-210.65114,15533.333,0,0,0,0,0
0.165,1836.4524,82.05543,-4466.9939,104.49576,13.089797,210.34767,-0.032288054,-1.1056705,0.14117837,0.0058918615,-0.058047779,0.067876516,-0.0074148058,0.00069655338,0.04134609,0.28275116,-0.0076477599,0.00073930424,0.04876552,1,0,0,0.0007662336,-0.0074425386,0.72895256,235.23785,4466.9939,116.80414,15550,-1.1054505,nan,0.12434199,nan,nan,21575.241,-343.11317,202.83645,1.799424,0.46542675,9.8598312,-222.4121,15550,0,0,0,0,0
0.17,1836.9755,82.120979,-4465.9409,104.78379,13.139752,210.97876,-0.032905502,-1.1059492,0.14190316,0.0063610601,-0.057462139,0.055952631,-0.0074675951,0.00070579853,0.043095945,0.28989502,-0.0076468423,0.00073578476,0.049224833,1,0,0,0.00056914604,-0.0077015114,0.73109673,235.9329,4465.9409,116.76791,15566.667,-1.1054963,nan,0.12429983,nan,nan,21705.361,-345.18643,211.74605,5.266791,0.47442162,12.930005,-232.49985,15566.667,0,0,0,0,0
0.175,1837.5,82.186779,-4464.8848,105.07183,13.190271,211.61074,-0.033400229,-1.1062265,0.14249322,0.0068383694,-0.056716471,0.043534952,-0.0075065175,0.00071161282,0.044498213,0.29696772,-0.0076337651,0.00072839433,0.049287475,1,0,0,0.00037620721,-0.0078978382,0.73324336,236.62877,4464.8848,116.73167,15583.333,-1.1055421,nan,0.1242574,nan,nan,21836.046,-347.26936,219.02782,8.6768021,0.48118253,15.934913,-240.80869,15583.333,0,0,0,0,0
0.18,1838.0259,82.252832,-4463.8254,105.35989,13.241244,212.24359,-0.033767357,-1.1065017,0.14294317,0.0073215108,-0.05581452,0.030719112,-0.007532043,0.00071389759,0.045541665,0.30396998,-0.0076091243,0.00071714341,0.048952976,1,0,0,0.00018818176,-0.0080297246,0.73539246,237.32547,4463.8254,116.69543,15600,-1.105588,nan,0.12421468,nan,nan,21967.297,-349.36194,224.60032,12.015742,0.48560146,18.863132,-247.24574,15600,0,0,0,0,0
0.185,1838.5533,82.319141,-4462.763,105.64799,13.292558,212.87732,-0.034002985,-1.1067743,0.1432487,0.0078081047,-0.054760629,0.017605342,-0.0075446689,0.0007125834,0.046217968,0.31090249,-0.0075735053,0.0007020747,0.048224149,1,0,0,5.8094737e-06,-0.0080958783,0.73754403,238.02299,4462.763,116.65919,15616.667,-1.105634,nan,0.12417166,nan,nan,22099.117,-351.46416,228.39474,15.270081,0.48758841,21.703452,-251.73198,15616.667,0,0,0,0,0
0.19,1839.0821,82.385706,-4461.6973,105.93614,13.344097,213.51193,-0.034104226,-1.1070435,0.14340665,0.0082956894,-0.053559724,0.004294942,-0.0075449095,0.00070763066,0.046521745,0.31776596,-0.0075274749,0.00068326276,0.047106789,1,0,0,-0.00017019756,-0.0080955122,0.73969808,238.72134,4461.6973,116.62295,15633.333,-1.10568,nan,0.12412836,nan,nan,22231.508,-353.5638,230.53138,18.426517,0.48707281,24.444907,-254.33901,15633.333,0,0,0,0,0
0.195,1839.6124,82.45253,-4460.6285,106.22438,13.395744,214.14742,-0.034069218,-1.1073087,0.14341498,0.0087817402,-0.052217304,-0.0091093823,-0.0075332885,0.00069902987,0.046450536,0.32456106,-0.0074715775,0.00066081238,0.045609675,1,0,0,-0.00033915767,-0.0080283426,0.74185462,239.42052,4460.6285,116.58672,15650,-1.1057261,nan,0.12408475,nan,nan,22364.472,-355.67165,230.79029,21.472014,0.48400323,27.076793,-254.87966,15650,0,0,0,0,0
0.2,1840.1441,82.519612,-4459.5565,106.51273,13.447377,214.78379,-0.033897173,-1.1075692,0.14327282,0.0092636893,-0.050739418,-0.02249784,-0.0075103299,0.00068680164,0.046004964,0.33128849,-0.00740633,0.0006348587,0.04374533,1,0,0,-0.00050042228,-0.0078946411,0.74401364,240.12053,4459.5565,116.55048,15666.667,-1.1057723,nan,0.12404085,nan,nan,22498.011,-357.78821,229.13337,24.393853,0.47834899,29.588702,-253.3123,15666.667,0,0,0,0,0
0.205,1840.6772,82.586952,-4458.4813,106.8012,13.49887,215.42103,-0.033588434,-1.1078243,0.14298057,0.0097389462,-0.049132654,-0.035759011,-0.0074765525,0.00067099671,0.045188798,0.33794891,-0.0073322199,0.00060556688,0.041529518,1,0,0,-0.0006533784,-0.0076952313,0.74617516,240.82137,4458.4813,116.51424,15683.333,-1.1058185,nan,0.12399665,nan,nan,22632.126,-359.91356,225.54449,27.179667,0.47010049,31.97055,-249.61741,15683.333,0,0,0,0,0
0.21,1841.2118,82.654549,-4457.4029,107.08981,13.550098,216.05914,-0.033144491,-1.1080732,0.1425399,0.01020492,-0.047404113,-0.048780828,-0.0074324635,0.00065169581,0.044008964,0.34454299,-0.0072497049,0.00057313104,0.038981146,1,0,0,-0.00079745105,-0.007431491,0.74833918,241.52305,4457.4029,116.478,15700,-1.1058648,nan,0.12395215,nan,nan,22766.821,-362.04782,220.02409,29.817497,0.45926969,34.212607,-243.79369,15700,0,0,0,0,0
0.215,1841.7478,82.722401,-4456.3213,107.37861,13.600937,216.69812,-0.032567989,-1.1083153,0.14195372,0.01065904,-0.045561394,-0.061451552,-0.007378555,0.00062900917,0.042475525,0.3510714,-0.0071592156,0.00053777275,0.036122138,1,0,0,-0.0009321055,-0.0071053486,0.7505057,242.22556,4456.3213,116.44176,15716.667,-1.1059112,nan,0.12390737,nan,nan,22902.096,-364.19108,212.58965,32.295835,0.44589048,36.305536,-235.85855,15716.667,0,0,0,0,0
0.22,1842.2853,82.790507,-4455.2365,107.6676,13.651264,217.33796,-0.031862724,-1.1085498,0.14122626,0.011098778,-0.043612567,-0.073660757,-0.0073153022,0.0006030759,0.040601633,0.35753478,-0.0070611596,0.00049973938,0.032977286,1,0,0,-0.0010568495,-0.0067192751,0.75267472,242.92892,4455.2365,116.40553,15733.333,-1.1059576,nan,0.1238623,nan,nan,23037.955,-366.34346,203.27601,34.603677,0.43001873,38.240427,-225.8485,15733.333,0,0,0,0,0
0.225,1842.8242,82.858863,-4454.1486,107.95682,13.700962,217.97867,-0.031033635,-1.1087761,0.14036296,0.011521672,-0.041566151,-0.085300348,-0.0072431622,0.00057406295,0.038403453,0.36393378,-0.0069559278,0.00045930218,0.029574068,1,0,0,-0.001171235,-0.0062762711,0.75484626,243.63311,4454.1486,116.36929,15750,-1.106004,nan,0.12381694,nan,nan,23174.398,-368.50507,192.13551,36.730576,0.41173233,40.00885,-213.81931,15750,0,0,0,0,0
0.23,1843.3646,82.927466,-4453.0574,108.2463,13.749914,218.62023,-0.030086773,-1.1089933,0.13937052,0.011925344,-0.039431082,-0.09626557,-0.0071625758,0.00054216399,0.035900059,0.37026905,-0.0068439017,0.00041675414,0.025942434,1,0,0,-0.0012748604,-0.0057798491,0.75702031,244.33814,4453.0574,116.33305,15766.667,-1.1060505,nan,0.12377132,nan,nan,23311.428,-370.67601,179.23801,38.666698,0.39113081,41.602892,-199.84602,15766.667,0,0,0,0,0
0.235,1843.9064,82.996312,-4451.963,108.53605,13.798011,219.26265,-0.029029276,-1.1092008,0.13825681,0.012307527,-0.03721669,-0.10645602,-0.0070739702,0.00050759789,0.033113307,0.37654122,-0.0067254626,0.00037240756,0.02211457,1,0,0,-0.0013673718,-0.00523401,0.75919687,245.04401,4451.963,116.29681,15783.333,-1.1060971,nan,0.12372542,nan,nan,23449.046,-372.85642,164.67069,40.40288,0.368335,43.015215,-184.02281,15783.333,0,0,0,0,0
0.24,1844.4497,83.065397,-4450.8654,108.8261,13.84515,219.90591,-0.027869314,-1.1093979,0.13703087,0.012666081,-0.034932663,-0.11577665,-0.0069777633,0.00047060705,0.030067667,0.38275092,-0.0066010011,0.00032659148,0.018124635,1,0,0,-0.0014484647,-0.0046432156,0.76137594,245.75072,4450.8654,116.26057,15800,-1.1061437,nan,0.12367927,nan,nan,23587.254,-375.0464,148.53769,41.93069,0.34348626,44.239111,-166.46258,15800,0,0,0,0,0
0.245,1844.9944,83.134715,-4449.7646,109.11648,13.891234,220.55001,-0.026616038,-1.1095841,0.13570278,0.012999015,-0.032589015,-0.12413875,-0.0068743695,0.00043145551,0.026790047,0.38889877,-0.0064709275,0.00027964893,0.01400847,1,0,0,-0.0015178854,-0.004012356,0.76355753,246.45827,4449.7646,116.22434,15816.667,-1.1061904,nan,0.12363287,nan,nan,23726.055,-377.24607,130.9596,43.242488,0.31674565,45.268556,-147.29641,15816.667,0,0,0,0,0
0.25,1845.5405,83.204262,-4448.6606,109.40722,13.936176,221.19494,-0.025279512,-1.1097587,0.13428364,0.013304509,-0.030196046,-0.13146084,-0.0067642062,0.00039042675,0.023309571,0.39498539,-0.0063356823,0.00023193396,0.009803288,1,0,0,-0.0015754319,-0.0033467123,0.76574163,247.16666,4448.6606,116.1881,15833.333,-1.1062371,nan,0.12358624,nan,nan,23865.449,-379.45556,112.0727,44.331487,0.28829288,46.098276,-126.6728,15833.333,0,0,0,0,0
0.255,1846.0881,83.274031,-4447.5533,109.69834,13.979898,221.8407,-0.023870633,-1.1099213,0.13278549,0.013580928,-0.027764304,-0.13766966,-0.0066477014,0.0003478214,0.019657347,0.40101138,-0.0061957455,0.00018380855,0.0055473478,1,0,0,-0.0016209549,-0.0026519154,0.76792823,247.87589,4447.5533,116.15186,15850,-1.1062839,nan,0.12353939,nan,nan,24005.439,-381.67498,92.0281,45.191813,0.25832498,46.723801,-104.75666,15850,0,0,0,0,0
0.26,1846.6372,83.344015,-4446.4428,109.98985,14.022331,222.48727,-0.022401045,-1.1100713,0.13122114,0.01382684,-0.02530454,-0.14270091,-0.0065253018,0.00030395469,0.015866203,0.40697736,-0.0060516461,0.00013563946,0.0012796031,1,0,0,-0.0016543587,-0.0019339001,0.77011734,248.58596,4446.4428,116.11562,15866.667,-1.1063308,nan,0.12349232,nan,nan,24146.025,-383.90445,70.990624,45.818565,0.22705486,47.141534,-81.728241,15866.667,0,0,0,0,0
0.265,1847.1878,83.41421,-4445.3291,110.28179,14.063419,223.13465,-0.020883043,-1.1102085,0.12960416,0.014041033,-0.022827666,-0.14650009,-0.0063974804,0.00025915377,0.011970408,0.41288391,-0.0059039697,8.7794876e-05,-0.0029606542,1,0,0,-0.0016756012,-0.0011988562,0.77230895,249.29687,4445.3291,116.07938,15883.333,-1.1063777,nan,0.12344506,nan,nan,24287.21,-386.14408,49.137581,46.207876,0.19470967,47.348802,-57.781684,15883.333,0,0,0,0,0
0.27,1847.7397,83.484607,-4444.2121,110.57418,14.103117,223.78283,-0.019329464,-1.1103325,0.1279487,0.014222528,-0.020344701,-0.1490232,-0.0062647442,0.00021375487,0.0080053693,0.41873163,-0.0057533643,4.0641111e-05,-0.0071341644,1,0,0,-0.001684695,-0.00045317559,0.77450306,250.00861,4444.2121,116.04315,15900,-1.1064246,nan,0.12339761,nan,nan,24428.994,-388.394,26.657341,46.356961,0.16152897,47.343923,-33.123556,15900,0,0,0,0,0
0.275,1848.2932,83.5552,-4443.0919,110.86702,14.141391,224.4318,-0.017753577,-1.1104431,0.12626937,0.014370587,-0.017866726,-0.15023732,-0.0061276417,0.00016810034,0.0040073141,0.42452111,-0.0056005446,-5.4607595e-06,-0.011202076,1,0,0,-0.0016817066,0.00029660304,0.77669965,250.72118,4443.0919,116.00691,15916.667,-1.1064716,nan,0.12335,nan,nan,24571.38,-390.6543,3.7477587,46.264168,0.1277627,47.126248,-7.9711081,15916.667,0,0,0,0,0
0.28,1848.8481,83.625981,-4441.9684,111.16035,14.178222,225.08155,-0.016168962,-1.1105402,0.12458113,0.014484728,-0.015404824,-0.15012117,-0.0059867683,0.00012253562,1.2960086e-05,0.43025293,-0.0054462931,-5.0158259e-05,-0.015126326,1,0,0,-0.0016667565,0.0010438523,0.77889873,251.43458,4441.9684,115.97067,15933.333,-1.1065187,nan,0.12330223,nan,nan,24714.368,-392.9251,-19.385542,45.929025,0.093669127,46.696216,17.449579,15933.333,0,0,0,0,0
0.285,1849.4045,83.696943,-4440.8417,111.45418,14.213603,225.73207,-0.014589385,-1.1106239,0.12289916,0.014564728,-0.012970029,-0.14866628,-0.0058427713,7.7406144e-05,-0.0039408355,0.43592765,-0.0052914599,-9.3110847e-05,-0.018870097,1,0,0,-0.0016400191,0.0017819165,0.78110028,252.14882,4440.8417,115.93443,15950,-1.1065658,nan,0.12325432,nan,nan,24857.96,-395.20651,-42.53105,45.35227,0.059512509,46.055387,42.869221,15950,0,0,0,0,0
0.29,1849.9624,83.76808,-4439.7118,111.74853,14.247541,226.38334,-0.013028652,-1.1106941,0.12123865,0.014610633,-0.010573266,-0.14587692,-0.0056963529,3.305411e-05,-0.0078174507,0.44154586,-0.0051369586,-0.00013399342,-0.022398182,1,0,0,-0.0016017214,0.0025041789,0.78330431,252.86388,4439.7118,115.89819,15966.667,-1.106613,nan,0.1232063,nan,nan,25002.158,-397.49862,-65.473488,44.535882,0.025560735,45.206474,68.087129,15966.667,0,0,0,0,0
0.295,1850.5217,83.839383,-4438.5785,112.0434,14.280057,227.03537,-0.01150049,-1.1107511,0.11961472,0.014622754,-0.0082252932,-0.14176874,-0.0055482713,-1.0184669e-05,-0.011580825,0.44710811,-0.0049837605,-0.00017249921,-0.025677162,1,0,0,-0.0015521422,0.0032041196,0.78551081,253.57977,4438.5785,115.86196,15983.333,-1.1066602,nan,0.12315816,nan,nan,25146.963,-399.80153,-87.995748,43.483099,-0.0079171721,44.153363,92.864131,15983.333,0,0,0,0,0
0.3,1851.0825,83.910846,-4437.4421,112.33881,14.311184,227.68813,-0.010018418,-1.1107951,0.11804226,0.014601672,-0.0059366422,-0.13636998,-0.00539934,-5.1983872e-05,-0.015195806,0.45261496,-0.0048328853,-0.00020834262,-0.02867586,1,0,0,-0.0014916113,0.0038753752,0.78771976,254.29649,4437.4421,115.82572,16000,-1.1067075,nan,0.12310992,nan,nan,25292.376,-402.11533,-109.88094,42.198425,-0.040653555,42.90112,116.96086,16000,0,0,0,0,0
0.305,1851.6448,83.982462,-4436.3023,112.6346,14.340952,228.34128,-0.0085956079,-1.1108266,0.11653578,0.014548236,-0.0037175591,-0.12972146,-0.0052504247,-9.2029763e-05,-0.018628496,0.45806695,-0.004685392,-0.00024126264,-0.031365698,1,0,0,-0.0014205094,0.0045118077,0.78992997,255.01364,4436.3023,115.79182,15994.444,-1.1067549,nan,0.12306161,nan,nan,25438.321,-404.43887,-130.91431,40.687543,-0.072384487,41.455888,140.13992,15994.444,0,0,0,0,0
0.31,1852.2086,84.054224,-4435.1593,112.93051,14.369392,228.99428,-0.0072447596,-1.1108459,0.11510926,0.014463553,-0.0015779522,-0.1218764,-0.0051024391,-0.00013002437,-0.021846609,0.46346465,-0.004542367,-0.00027102553,-0.033721024,1,0,0,-0.0013392654,0.0051075642,0.79213962,255.73064,4435.1593,115.75792,15988.889,-1.1068023,nan,0.12301323,nan,nan,25584.683,-406.77036,-150.88538,38.957362,-0.10285221,39.824939,162.16829,15988.889,0,0,0,0,0
0.315,1852.7738,84.126126,-4434.013,113.22657,14.396579,229.64711,-0.0059779662,-1.1108535,0.11377601,0.014348988,0.00047267233,-0.11290013,-0.0049563372,-0.0001656881,-0.024819794,0.46880859,-0.0044049051,-0.00029742532,-0.035719313,1,0,0,-0.0012483493,0.0056571222,0.79434871,256.44749,4434.013,115.72402,15983.333,-1.1068497,nan,0.1229648,nan,nan,25731.46,-409.10986,-169.59083,37.016156,-0.13180814,38.016836,182.82053,15983.333,0,0,0,0,0
0.32,1853.3405,84.198161,-4432.8635,113.52276,14.422603,230.29978,-0.0048065903,-1.1108501,0.11254855,0.014206148,0.0024252718,-0.10286967,-0.0048131043,-0.00019876228,-0.027519945,0.47409929,-0.0042740935,-0.00032028666,-0.037341456,1,0,0,-0.0011482744,0.006155354,0.79655723,257.16419,4432.8635,115.69012,15977.778,-1.1068972,nan,0.12291633,nan,nan,25878.654,-411.45739,-186.83647,34.873396,-0.15901523,36.041237,201.881,15977.778,0,0,0,0,0
0.325,1853.9087,84.270325,-4431.7107,113.8191,14.447562,230.95227,-0.0037411446,-1.1108364,0.11143843,0.014036872,0.0042713213,-0.091873119,-0.0046737457,-0.00022901158,-0.029921499,0.47933731,-0.0041509953,-0.0003394665,-0.03857198,1,0,0,-0.0010395942,0.006597581,0.79876518,257.88073,4431.7107,115.65622,15972.222,-1.1069448,nan,0.12286783,nan,nan,26026.263,-413.81299,-202.4394,32.539694,-0.18425037,33.90883,219.14617,15972.222,0,0,0,0,0
0.33,1854.4784,84.342611,-4430.5546,114.11557,14.471569,231.60458,-0.0027911795,-1.1108129,0.11045618,0.013843217,0.0060028662,-0.080009005,-0.004539274,-0.00025622627,-0.032001708,0.48452315,-0.0040366317,-0.00035485555,-0.039399231,1,0,0,-0.00092289947,0.0069796243,0.80097256,258.59712,4430.5546,115.62232,15966.667,-1.1069924,nan,0.1228193,nan,nan,26174.289,-416.17667,-216.23008,30.026742,-0.20730673,31.631264,234.42701,15966.667,0,0,0,0,0
0.335,1855.0496,84.415015,-4429.3953,114.41219,14.494743,232.2567,-0.0019651789,-1.1107806,0.10961114,0.013627438,0.0076125696,-0.067385458,-0.0044106959,-0.00028022421,-0.033740888,0.48965734,-0.0039319649,-0.00036637931,-0.039815524,1,0,0,-0.00079881568,0.0072978507,0.80317938,259.31336,4429.3953,115.58842,15961.111,-1.1070401,nan,0.12277077,nan,nan,26322.73,-418.54845,-228.05437,27.347245,-0.22799588,29.221071,247.55121,15961.111,0,0,0,0,0
0.34,1855.6223,84.487534,-4428.2327,114.70895,14.517214,232.90862,-0.0012704664,-1.11074,0.10891135,0.013391972,0.0090937572,-0.054119285,-0.0042889978,-0.00030085259,-0.035122641,0.49474039,-0.003837882,-0.00037399882,-0.039817252,1,0,0,-0.00066799935,0.0075492147,0.80538563,260.02945,4428.2327,115.55452,15955.556,-1.1070879,nan,0.12272223,nan,nan,26471.588,-420.92833,-237.7754,24.51483,-0.24614985,26.691567,258.36532,15955.556,0,0,0,0,0
0.345,1856.1964,84.560164,-4427.0668,115.00584,14.539119,233.56034,-0.00071312107,-1.110692,0.10836349,0.013139413,0.010440456,-0.040334943,-0.0041751311,-0.0003179894,-0.036134044,0.49977282,-0.0037551799,-0.00037771106,-0.039404951,1,0,0,-0.00053113475,0.007731295,0.80759131,260.74539,4427.0668,115.52062,15950,-1.1071357,nan,0.1226737,nan,nan,26620.862,-423.31631,-245.27531,21.543966,-0.26162299,24.056761,266.73667,15950,0,0,0,0,0
0.35,1856.772,84.632903,-4425.8977,115.30286,14.560603,234.21185,-0.0002979064,-1.1106374,0.10797282,0.012872493,0.011647429,-0.026163402,-0.0040699981,-0.00033154459,-0.036765802,0.50475512,-0.0036845526,-0.00037754896,-0.038583325,1,0,0,-0.00038893022,0.0078423253,0.80979644,261.46118,4425.8977,115.48672,15944.444,-1.1071836,nan,0.12262518,nan,nan,26770.553,-425.71237,-250.45684,18.44986,-0.27429361,21.331239,272.55519,15944.444,0,0,0,0,0
0.355,1857.3491,84.705749,-4424.7254,115.6,14.581815,234.86315,-2.8210441e-05,-1.110577,0.10774302,0.012594056,0.012710205,-0.011740921,-0.0039744381,-0.00034146094,-0.037012371,0.5096878,-0.0036265803,-0.00037358111,-0.037361226,1,0,0,-0.00024211445,0.007881219,0.81200102,262.17683,4424.7254,115.45282,15938.889,-1.1072315,nan,0.12257666,nan,nan,26920.661,-428.1165,-253.24472,15.24836,-0.28406542,18.530062,275.73498,15938.889,0,0,0,0,0
0.36,1857.9277,84.7787,-4423.5498,115.89725,14.602907,235.51423,9.3999743e-05,-1.1105116,0.10767627,0.012307029,0.0136251,0.0027922485,-0.003889215,-0.00034771461,-0.036872038,0.51457135,-0.0035817214,-0.00036591102,-0.035751593,1,0,0,-9.1432528e-05,0.0078475878,0.81420504,262.89232,4423.5498,115.41892,15933.333,-1.1072796,nan,0.12252817,nan,nan,27071.187,-430.52865,-253.58683,11.955848,-0.29086873,15.668646,276.21565,15933.333,0,0,0,0,0
0.365,1858.5078,84.851757,-4422.3709,116.19461,14.624034,236.1651,6.8210058e-05,-1.1104419,0.10777309,0.012014402,0.014389236,0.017293564,-0.0038150055,-0.00035031538,-0.036346965,0.51940626,-0.0035503074,-0.00035467618,-0.033771309,1,0,0,6.2357999e-05,0.0077417513,0.81640852,263.60767,4422.3709,115.38502,15927.778,-1.1073276,nan,0.12247968,nan,nan,27222.13,-432.93271,-251.53205,8.5891304,-0.29466122,12.762652,274.0241,15927.778,0,0,0,0,0
0.37,1859.0894,84.924919,-4421.1888,116.49205,14.645347,236.81575,-0.00010464567,-1.1103686,0.10803243,0.011719192,0.015000555,0.031624617,-0.0037523904,-0.00034930643,-0.0354431,0.52419301,-0.003532541,-0.00034004613,-0.031440437,1,0,0,0.00021849121,0.0075647113,0.81861146,264.32288,4421.1888,115.35112,15922.222,-1.1073758,nan,0.12243121,nan,nan,27373.491,-435.31915,-247.11053,5.1653338,-0.29542886,9.8278746,269.1802,15922.222,0,0,0,0,0
0.375,1859.6724,84.998189,-4420.0034,116.78957,14.666997,237.46619,-0.00042221033,-1.1102926,0.10845166,0.01142442,0.015457821,0.045643191,-0.0037018469,-0.00034476375,-0.034170122,0.52893209,-0.0035284967,-0.00032222015,-0.028783003,1,0,0,0.0003761969,0.007318172,0.82081386,265.03795,4420.0034,115.31722,15916.667,-1.107424,nan,0.12238274,nan,nan,27525.272,-437.71104,-240.22306,1.7017944,-0.29318641,6.8801305,261.60957,15916.667,0,0,0,0,0
0.38,1860.257,85.071568,-4418.8147,117.08716,14.689139,238.1164,-0.00088066815,-1.1102145,0.10902656,0.011133083,0.015760625,0.059206581,-0.0036637435,-0.0003367953,-0.032541484,0.53362396,-0.0035381252,-0.00030142642,-0.025826686,1,0,0,0.00053470466,0.0070045472,0.82301574,265.75288,4418.8147,115.28332,15911.111,-1.1074723,nan,0.12233429,nan,nan,27677.472,-440.10845,-230.90979,-1.784046,-0.28797681,3.9351585,251.35593,15911.111,0,0,0,0,0
0.385,1860.843,85.145059,-4417.6229,117.3848,14.711921,238.76639,-0.0014747626,-1.1101349,0.10975128,0.01084812,0.015909378,0.07217499,-0.0036383378,-0.00032554003,-0.030574308,0.5382691,-0.0035612599,-0.00027792,-0.022602357,1,0,0,0.00069324798,0.006626939,0.82521709,266.46767,4417.6229,115.24942,15905.556,-1.1075206,nan,0.12228583,nan,nan,27830.091,-442.51149,-219.2368,-5.2747411,-0.27987143,1.0085221,238.49172,15905.556,0,0,0,0,0
0.39,1861.4305,85.218666,-4416.4277,117.68247,14.735489,239.41616,-0.0021978354,-1.1100546,0.11061844,0.01057239,0.015905301,0.084413034,-0.0036257759,-0.00031116664,-0.028289241,0.54286798,-0.0035976264,-0.00025198031,-0.019143782,1,0,0,0.00085106826,0.0061891155,0.82741791,267.18233,4416.4277,115.21552,15900,-1.107569,nan,0.12223736,nan,nan,27983.13,-444.92026,-205.29599,-8.7529375,-0.26896967,-1.8844794,223.11797,15900,0,0,0,0,0
0.395,1862.0195,85.292392,-4415.2294,117.98016,14.759979,240.06571,-0.0030418812,-1.1099742,0.11161919,0.010308641,0.015750413,0.095791243,-0.0036260951,-0.00029387197,-0.025710263,0.54742105,-0.0036468537,-0.00022390844,-0.015487289,1,0,0,0.0010074188,0.0056954797,0.82961822,267.89684,4415.2294,115.18162,15894.444,-1.1076175,nan,0.12218888,nan,nan,28136.588,-447.33485,-189.20473,-12.201467,-0.2553983,-4.728891,205.36391,15894.444,0,0,0,0,0
0.4,1862.61,85.366242,-4414.0277,118.27785,14.78552,240.71504,-0.0039976166,-1.1098942,0.11274324,0.010059484,0.015447511,0.10618753,-0.0036392283,-0.0002738791,-0.022864459,0.55192877,-0.0037084874,-0.00019402416,-0.011671392,1,0,0,0.0011615687,0.0051510317,0.831818,268.61122,4414.0277,115.14772,15888.889,-1.1076661,nan,0.12214036,nan,nan,28290.467,-449.75538,-171.10518,-15.603431,-0.2393105,-7.5101728,185.38619,15888.889,0,0,0,0,0
0.405,1863.202,85.440223,-4412.8229,118.57553,14.812231,241.36414,-0.0050545635,-1.1098153,0.11397898,0.0098273643,0.015000148,0.1154886,-0.003665011,-0.00025143525,-0.019781761,0.5563916,-0.0037820041,-0.00016266278,-0.0077364036,1,0,0,0.0013128064,0.0045613243,0.83401725,269.32547,4412.8229,115.11382,15883.333,-1.1077147,nan,0.12209181,nan,nan,28444.765,-452.18197,-151.16335,-18.942285,-0.22088465,-10.214263,163.3678,15883.333,0,0,0,0,0
0.41,1863.7955,85.514339,-4411.6147,118.87318,14.840221,242.01303,-0.0062011467,-1.1097381,0.1153136,0.0096145421,0.014412609,0.12359134,-0.0037031896,-0.00022680931,-0.016494649,0.56080997,-0.003866826,-0.00013017181,-0.0037240097,1,0,0,0.0014604438,0.0039324109,0.83621598,270.03957,4411.6147,115.07991,15877.778,-1.1077634,nan,0.12204321,nan,nan,28599.484,-454.61475,-129.56779,-22.201909,-0.20032273,-12.827632,139.51669,15877.778,0,0,0,0,0
0.415,1864.3904,85.588599,-4410.4034,119.17078,14.869584,242.6617,-0.0074248038,-1.1096631,0.1167332,0.0094230656,0.013689882,0.13040407,-0.0037534311,-0.00020028926,-0.013037826,0.56518434,-0.0039623356,-9.6907484e-05,0.00032317122,1,0,0,0.0016038191,0.0032707887,0.83841417,270.75354,4410.4034,115.04601,15872.222,-1.1078122,nan,0.12199454,nan,nan,28754.621,-457.05384,-106.52806,-25.366678,-0.1778486,-15.337326,114.06403,15872.222,0,0,0,0,0
0.42,1864.9869,85.663008,-4409.1888,119.46832,14.900403,243.31015,-0.0087121077,-1.109591,0.1182229,0.0092547508,0.012837626,0.13584772,-0.0038153345,-0.00017217931,-0.0094478571,0.56951514,-0.0040678899,-6.3231202e-05,0.0043620449,1,0,0,0.0017423005,0.0025833348,0.84061183,271.46736,4409.1888,115.01211,15866.667,-1.1078611,nan,0.12194579,nan,nan,28910.179,-459.49937,-82.272909,-28.421528,-0.1537059,-17.731012,87.262136,15866.667,0,0,0,0,0
0.425,1865.5848,85.737574,-4407.9709,119.76578,14.932745,243.95838,-0.0100489,-1.1095223,0.11976702,0.0091111631,0.011862141,0.13985692,-0.0038884421,-0.00014279688,-0.0057627971,0.5738028,-0.0041828333,-2.9505867e-05,0.0083495091,1,0,0,0.0018752894,0.0018772375,0.84280894,272.18104,4407.9709,114.97821,15861.111,-1.10791,nan,0.12189694,nan,nan,29066.155,-461.95148,-57.048105,-31.352014,-0.1281558,-19.997006,59.382176,15861.111,0,0,0,0,0
0.43,1866.1842,85.812305,-4406.7498,120.06315,14.96666,244.6064,-0.011420434,-1.1094575,0.12134926,0.0089936008,0.010770327,0.14238092,-0.003972251,-0.00011246943,-0.0020217842,0.57804776,-0.0043065086,3.9077872e-06,0.012242928,1,0,0,0.0020022229,0.0011599239,0.8450055,272.89458,4406.7498,114.94431,15855.556,-1.107959,nan,0.12184798,nan,nan,29222.549,-464.4103,-31.114102,-34.144368,-0.10147448,-22.124306,30.711513,15855.556,0,0,0,0,0
0.435,1866.7852,85.887208,-4405.5255,120.36041,15.002183,245.25421,-0.012811525,-1.1093974,0.12295278,0.0089030803,0.0095696549,0.14338425,-0.0040662242,-8.1531217e-05,0.0017353747,0.58225044,-0.0044382661,3.6654859e-05,0.016000589,1,0,0,0.0021225769,0.00043898239,0.84720151,273.60797,4405.5255,114.91041,15850,-1.1080081,nan,0.12179889,nan,nan,29379.362,-466.87597,-4.7434107,-36.785555,-0.073950437,-24.102621,1.5318717,15850,0,0,0,0,0
0.44,1867.3876,85.962293,-4404.2979,120.65756,15.039332,245.90181,-0.014206704,-1.1093424,0.12456047,0.0088403259,0.0082681227,0.14284604,-0.0041698013,-5.0319891e-05,0.0054686089,0.58641126,-0.0045774706,6.8389757e-05,0.019582024,1,0,0,0.0022358687,-0.00027791321,0.84939695,274.32121,4404.2979,114.87651,15844.444,-1.1080573,nan,0.12174966,nan,nan,29536.593,-469.34863,21.782069,-39.26332,-0.045881647,-25.922395,-27.848866,15844.444,0,0,0,0,0
0.445,1867.9914,86.037566,-4403.0671,120.95458,15.078108,246.5492,-0.015590371,-1.1092932,0.12615506,0.0088057609,0.006874217,0.14076312,-0.0042824074,-1.9173194e-05,0.0091380189,0.59053064,-0.0047235048,9.8779613e-05,0.022948716,1,0,0,0.0023416589,-0.00098308307,0.85159182,275.0343,4403.0671,114.84261,15838.889,-1.1081065,nan,0.12170026,nan,nan,29694.241,-471.82842,48.173985,-41.566249,-0.017572611,-27.574838,-57.090082,15838.889,0,0,0,0,0
0.45,1868.5968,86.113037,-4401.8331,121.25145,15.118492,247.19639,-0.016946976,-1.1092505,0.12771934,0.0087995026,0.0053968716,0.1371496,-0.0044034606,1.1574481e-05,0.012704344,0.59460898,-0.0048757709,0.00012750796,0.02606451,1,0,0,0.002439554,-0.0016689305,0.85378611,275.74723,4401.8331,114.80871,15833.333,-1.1081558,nan,0.12165068,nan,nan,29852.305,-474.31548,74.140904,-43.683817,0.010668747,-29.051956,-85.869711,15833.333,0,0,0,0,0
0.455,1869.2037,86.188713,-4400.5958,121.54817,15.160449,247.84337,-0.018261189,-1.1092147,0.12923632,0.0088213599,0.0038454241,0.13203658,-0.0045323783,4.1595503e-05,0.016129404,0.59864671,-0.0050336889,0.00015427804,0.028895986,1,0,0,0.0025292078,-0.0023280268,0.85597981,276.46001,4400.5958,114.77481,15827.778,-1.1082052,nan,0.1216009,nan,nan,30010.786,-476.80994,99.391624,-45.606439,0.038534294,-30.346585,-113.86592,15827.778,0,0,0,0,0
0.46,1869.812,86.264601,-4399.3553,121.84474,15.203926,248.49017,-0.01951807,-1.1091864,0.13068948,0.0088708346,0.0022295705,0.125472,-0.0046685801,7.0572373e-05,0.019376527,0.60264422,-0.0051966925,0.00017881586,0.031412856,1,0,0,0.0026103233,-0.0029531944,0.85817292,277.17263,4399.3553,114.74091,15822.222,-1.1082547,nan,0.12155091,nan,nan,30169.683,-479.31193,123.63854,-47.325532,0.065718937,-31.452426,-140.7608,15822.222,0,0,0,0,0
0.465,1870.4218,86.34071,-4398.1116,122.14115,15.248854,249.13678,-0.020703232,-1.1091663,0.13206289,0.0089471256,0.00055931842,0.11752039,-0.0048114902,9.8200977e-05,0.022410971,0.60660192,-0.0053642227,0.00020087305,0.033588326,1,0,0,0.002682654,-0.0035375888,0.86036543,277.88508,4398.1116,114.70701,15816.667,-1.1083043,nan,0.12150069,nan,nan,30328.996,-481.82159,146.60107,-48.833566,0.091923887,-32.364096,-166.24418,15816.667,0,0,0,0,0
0.47,1871.0331,86.417047,-4396.8646,122.43738,15.295144,249.7832,-0.021803003,-1.1091548,0.13334142,0.0090491367,-0.0011550627,0.10826241,-0.0049605366,0.00012419373,0.025200321,0.61052019,-0.0055357201,0.00022022939,0.035399423,1,0,0,0.0027460051,-0.0040747779,0.86255733,278.59738,4396.8646,114.67311,15811.111,-1.1083539,nan,0.12145022,nan,nan,30488.724,-484.33905,168.00905,-50.124123,0.11685989,-33.077166,-190.01734,15811.111,0,0,0,0,0
0.475,1871.6459,86.493617,-4395.6144,122.73345,15.342695,250.42944,-0.022804587,-1.1091524,0.13451092,0.0091754871,-0.002903093,0.097794092,-0.005115149,0.00014828251,0.027714872,0.61439944,-0.0057106151,0.00023669516,0.036827277,1,0,0,0.0028002341,-0.0045588175,0.86474864,279.30951,4395.6144,114.63921,15805.556,-1.1084037,nan,0.1213995,nan,nan,30648.868,-486.86442,187.60611,-51.191957,0.1402504,-33.588222,-211.79673,15805.556,0,0,0,0,0
0.48,1872.2601,86.570427,-4394.3609,123.02935,15.391387,251.07552,-0.02369621,-1.1091596,0.13555835,0.0093245257,-0.0046741369,0.086226049,-0.0052747544,0.00017022147,0.029927974,0.61824006,-0.0058883181,0.00025011303,0.037857364,1,0,0,0.0028452519,-0.004984323,0.86693933,280.02149,4394.3609,114.60531,15800,-1.1084535,nan,0.12134851,nan,nan,30809.426,-489.39783,205.15296,-52.033048,0.16183463,-33.894912,-231.31761,15800,0,0,0,0,0
0.485,1872.8759,86.647483,-4393.1043,123.32507,15.44109,251.72144,-0.024467255,-1.1091768,0.13647198,0.0094943477,-0.0064574598,0.073682356,-0.0054387723,0.00018978953,0.031816354,0.62204241,-0.0060682094,0.00026035972,0.038479697,1,0,0,0.0028810226,-0.0053465349,0.86912942,280.73329,4393.1043,114.57141,15794.444,-1.1085034,nan,0.12129723,nan,nan,30970.4,-491.93938,220.43054,-52.644664,0.18137054,-33.996009,-248.33751,15794.444,0,0,0,0,0
0.49,1873.4931,86.72479,-4391.8444,123.62063,15.49166,252.3672,-0.025108399,-1.1092041,0.13724151,0.0096828148,-0.0082422881,0.060299328,-0.0056066076,0.00020679268,0.033360401,0.6258069,-0.0062496297,0.00026734727,0.038688962,1,0,0,0.0029075638,-0.0056413789,0.8713189,281.44494,4391.8444,114.53751,15788.889,-1.1085533,nan,0.12124566,nan,nan,31131.79,-494.48917,233.24296,-53.025407,0.19863753,-33.891464,-262.63951,15788.889,0,0,0,0,0
0.495,1874.1118,86.80235,-4390.5812,123.91602,15.542941,253.01282,-0.025611721,-1.109242,0.13785818,0.0098875774,-0.010017871,0.046224107,-0.0057776445,0.00022106594,0.034544403,0.6295339,-0.006431872,0.0002710239,0.03848461,1,0,0,0.0029249461,-0.0058655183,0.87350777,282.15642,4390.5812,114.50361,15783.333,-1.1086034,nan,0.1211938,nan,nan,31293.595,-497.0473,243.42031,-53.175268,0.21343907,-33.582464,-274.03528,15783.333,0,0,0,0,0
0.5,1874.732,86.880168,-4389.3149,124.21125,15.594769,253.6583,-0.025970805,-1.1092903,0.13831492,0.0101061,-0.011773547,0.031613098,-0.0059512386,0.00023247512,0.035356754,0.63322377,-0.0066141748,0.00027137451,0.037870888,1,0,0,0.002933293,-0.006016399,0.87569604,282.86775,4389.3149,114.46971,15777.778,-1.1086535,nan,0.12114162,nan,nan,31455.816,-499.61384,250.8211,-53.095667,0.22560503,-33.071474,-282.36784,15777.778,0,0,0,0,0
0.505,1875.3536,86.958247,-4388.0453,124.50632,15.646972,254.30365,-0.026180827,-1.1093493,0.13860642,0.010335687,-0.013498808,0.016630266,-0.0061267113,0.00024091812,0.035790102,0.63687689,-0.006795719,0.00026842082,0.03685681,1,0,0,0.0029327793,-0.0060922855,0.87788372,283.57891,4388.0453,114.43581,15772.222,-1.1087037,nan,0.12108913,nan,nan,31618.453,-502.18887,255.33451,-52.789485,0.2349937,-32.362289,-287.51401,15772.222,0,0,0,0,0
0.51,1875.9767,87.036586,-4386.7725,124.80125,15.699372,254.94889,-0.026238623,-1.1094188,0.13872921,0.010573516,-0.015183371,0.0014453116,-0.0063033437,0.00024632597,0.035841459,0.64049362,-0.006975626,0.00026222105,0.03545608,1,0,0,0.0029236303,-0.0060922882,0.8800708,284.28992,4386.7725,114.40191,15766.667,-1.108754,nan,0.12103632,nan,nan,31781.506,-504.77246,256.88221,-52.261086,0.24149367,-31.460054,-289.38646,15766.667,0,0,0,0,0
0.515,1876.6013,87.115188,-4385.4965,125.09603,15.751788,255.59402,-0.026142741,-1.1094986,0.13868172,0.010816662,-0.016817248,-0.013768253,-0.0064803726,0.00024866355,0.035512254,0.64407434,-0.00715296,0.00025286924,0.033686956,1,0,0,0.0029061201,-0.0060163813,0.88225729,285.00077,4385.4965,114.36801,15761.111,-1.1088044,nan,0.1209832,nan,nan,31944.977,-507.36463,255.4199,-51.51633,0.2450252,-30.371292,-287.93541,15761.111,0,0,0,0,0
0.52,1877.2274,87.194052,-4384.2172,125.39068,15.804037,256.23905,-0.025893472,-1.1095884,0.1384643,0.011062136,-0.018390815,-0.028835108,-0.0066569887,0.00024792983,0.03480834,0.64761938,-0.0073267338,0.0002404942,0.03157205,1,0,0,0.0028805697,-0.0058654105,0.8844432,285.71146,4384.2172,114.33411,15755.556,-1.1088548,nan,0.12092976,nan,nan,32108.865,-509.96544,250.93838,-50.562566,0.24554147,-29.1039,-283.14985,15755.556,0,0,0,0,0
0.525,1877.8549,87.273176,-4382.9347,125.68521,15.855938,256.88399,-0.025492864,-1.1096878,0.13807927,0.011306914,-0.019894883,-0.043580186,-0.0068323358,0.00024415787,0.033739943,0.65112912,-0.0074959169,0.00022525802,0.029138091,1,0,0,0.0028473449,-0.00564109,0.88662853,286.42201,4382.9347,114.30021,15750,-1.1089054,nan,0.120876,nan,nan,32273.171,-512.57488,243.46431,-49.408609,0.2430293,-27.667138,-275.05835,15750,0,0,0,0,0
0.53,1878.484,87.352558,-4381.649,125.97962,15.90731,257.52884,-0.024944716,-1.1097963,0.13753088,0.011547975,-0.021320768,-0.057830765,-0.0070055141,0.00023741436,0.032321561,0.6546039,-0.007659448,0.00020735425,0.026415617,1,0,0,0.0028068534,-0.0053459903,0.88881328,287.13239,4381.649,114.26631,15744.444,-1.108956,nan,0.12082193,nan,nan,32437.895,-515.19297,233.0604,-48.064707,0.2375096,-26.071591,-263.72938,15744.444,0,0,0,0,0
0.535,1879.1144,87.432197,-4380.3601,126.27392,15.957978,258.17363,-0.024254548,-1.1099134,0.13682529,0.011782329,-0.022660359,-0.071418564,-0.0071755844,0.00022779886,0.030571817,0.65804408,-0.0078162496,0.00018700572,0.023438639,1,0,0,0.0027595422,-0.0049835146,0.89099746,287.84263,4380.3601,114.23241,15738.889,-1.1090067,nan,0.12076756,nan,nan,32603.037,-517.81969,219.82529,-46.542479,0.22903742,-24.329116,-249.27111,15738.889,0,0,0,0,0
0.54,1879.7464,87.512086,-4379.0679,126.56812,16.007776,258.81834,-0.023429558,-1.1100383,0.1359705,0.012007056,-0.02390618,-0.084181823,-0.0073415762,0.00021544259,0.028513251,0.66144999,-0.0079652455,0.000164462,0.020244237,1,0,0,0.0027058944,-0.0045578655,0.89318106,288.55272,4379.0679,114.19851,15733.333,-1.1090575,nan,0.12071289,nan,nan,32768.598,-520.455,203.89289,-44.854844,0.21770165,-22.452766,-231.83077,15733.333,0,0,0,0,0
0.545,1880.3798,87.592223,-4377.7725,126.86223,16.056545,259.463,-0.022478549,-1.1101704,0.13497631,0.012219341,-0.025051453,-0.095967336,-0.0075024977,0.00020050696,0.026172074,0.66482197,-0.0081053801,0.00013999656,0.016872137,1,0,0,0.0026464256,-0.0040740011,0.89536409,289.26266,4377.7725,114.16461,15727.778,-1.1091083,nan,0.12065793,nan,nan,32934.577,-523.09886,185.43128,-43.015926,0.20362423,-20.456691,-211.59346,15727.778,0,0,0,0,0
0.55,1881.0147,87.672602,-4376.4739,127.15625,16.104136,260.1076,-0.021411843,-1.1103087,0.13385418,0.012416499,-0.02609015,-0.10663241,-0.0076573481,0.00018318171,0.023577866,0.66816037,-0.0082356393,0.00011390365,0.013364235,1,0,0,0.0025816805,-0.0035375826,0.89754655,289.97244,4376.4739,114.13071,15722.222,-1.1091593,nan,0.1206027,nan,nan,33100.976,-525.75121,164.64121,-41.040943,0.1869591,-18.356021,-188.7805,15722.222,0,0,0,0,0
0.555,1881.6511,87.753215,-4375.1721,127.4502,16.150415,260.75214,-0.020241175,-1.1104526,0.13261715,0.012596015,-0.027017042,-0.11604673,-0.0078051317,0.00016368273,0.020763236,0.67146552,-0.0083550714,8.6494934e-05,0.0097640971,1,0,0,0.0025122284,-0.0029549112,0.89972843,290.68208,4375.1721,114.09681,15716.667,-1.1092103,nan,0.1205472,nan,nan,33267.793,-528.41195,141.75407,-38.946081,0.1678907,-16.166727,-163.64722,15716.667,0,0,0,0,0
0.56,1882.2889,87.834058,-4373.8671,127.74403,16.195247,261.39652,-0.018979594,-1.110601,0.13127968,0.012754108,-0.02783654,-0.12407799,-0.0079449936,0.00014225275,0.017764254,0.67473775,-0.0084640324,5.8131376e-05,0.0061231599,1,0,0,0.0024386337,-0.0023328995,0.90190933,291.39143,4373.8671,114.06291,15711.111,-1.1092614,nan,0.12049145,nan,nan,33434.998,-539.86364,116.53704,-37.132422,0.14259879,-14.394454,-135.64011,15711.111,0,0,0,0,0
0.565,1882.9282,87.915121,-4372.5588,128.03761,16.2385,262.04046,-0.017641593,-1.1107533,0.12985786,0.012886157,-0.028565171,-0.13059858,-0.0080765698,0.00011917081,0.014619671,0.67797739,-0.0085637074,2.9214401e-05,0.0024847259,1,0,0,0.0023613687,-0.0016791138,0.90408831,292.10019,4372.5588,114.02901,15705.556,-1.1093125,nan,0.12043547,nan,nan,33602.522,-552.65577,89.870098,-35.287443,0.11617442,-12.644408,-106.10793,15705.556,0,0,0,0,0
0.57,1883.569,87.996398,-4371.2473,128.33096,16.280093,262.68395,-0.016242713,-1.1109086,0.12836888,0.012991732,-0.029201309,-0.13554175,-0.0081995557,9.4729801e-05,0.011369063,0.68118476,-0.0086535257,5.7769559e-08,-0.0011076542,1,0,0,0.002280904,-0.0010014783,0.90626532,292.80836,4371.2473,113.99511,15700,-1.1093638,nan,0.12037927,nan,nan,33770.361,-565.545,62.157382,-33.367632,0.089708782,-10.857482,-75.555663,15700,0,0,0,0,0
0.575,1884.2113,88.077878,-4369.9326,128.62407,16.31997,263.32698,-0.014799104,-1.1110664,0.12683063,0.013070956,-0.029743118,-0.13886168,-0.008313591,6.9226007e-05,0.0080529117,0.68436018,-0.0087329738,-2.90325e-05,-0.0046108455,1,0,0,0.0021977198,-0.0003081352,0.90844034,293.51591,4369.9326,113.96121,15694.444,-1.1094151,nan,0.12032287,nan,nan,33938.512,-578.53119,33.733065,-31.384521,0.063608742,-9.0439031,-44.358221,15694.444,0,0,0,0,0
0.58,1884.855,88.159555,-4368.6147,128.91694,16.358093,263.96956,-0.013327329,-1.1112258,0.12526146,0.013124348,-0.030189302,-0.14053239,-0.0084182958,4.2956915e-05,0.0047120866,0.68750398,-0.0088016486,-5.7757973e-05,-0.0079832785,1,0,0,0.002112302,0.00039265409,0.91061336,294.22286,4368.6147,113.92731,15688.889,-1.1094665,nan,0.12026628,nan,nan,34106.973,-591.61419,4.9377621,-29.35015,0.038250881,-7.2143088,-12.894488,15688.889,0,0,0,0,0
0.585,1885.5001,88.241419,-4367.2935,129.20955,16.394443,264.61167,-0.011844161,-1.1113863,0.12367994,0.01315279,-0.030539129,-0.14054786,-0.0085133018,1.6218808e-05,0.0013873374,0.69061647,-0.0088592666,-8.5830657e-05,-0.011185432,1,0,0,0.0020251396,0.0010926082,0.91278434,294.92918,4367.2935,113.89341,15683.333,-1.109518,nan,0.12020953,nan,nan,34275.741,-604.79387,-23.885677,-27.276903,0.01397841,-5.3795415,18.45741,15683.333,0,0,0,0,0
0.59,1886.1468,88.323461,-4365.9692,129.50192,16.429025,265.25331,-0.01036638,-1.1115474,0.12210467,0.013157494,-0.030792436,-0.13892208,-0.0085982774,-1.069571e-05,-0.0018812091,0.69369795,-0.0089056694,-0.00011297573,-0.014180308,1,0,0,0.0019367221,0.0017835251,0.91495327,295.63487,4365.9692,113.85951,15677.778,-1.1095695,nan,0.12015263,nan,nan,34444.815,-618.07008,-52.396363,-25.177359,-0.0089015746,-3.5504705,49.302477,15677.778,0,0,0,0,0
0.595,1886.7949,88.405673,-4364.6416,129.79403,16.461862,265.89448,-0.0089105687,-1.1117083,0.120554,0.013139962,-0.030949633,-0.13568977,-0.0086729477,-3.7500234e-05,-0.0050545588,0.69674874,-0.0089408246,-0.00013893424,-0.016933977,1,0,0,0.0018475359,0.0024573827,0.91712014,296.33993,4364.6416,113.82561,15672.222,-1.1096212,nan,0.1200956,nan,nan,34614.191,-631.44266,-80.259653,-23.064153,-0.030120427,-1.7378403,79.285559,15672.222,0,0,0,0,0
0.6,1887.4444,88.488045,-4363.3109,130.08587,16.492996,266.53517,-0.0074929076,-1.1118687,0.11904587,0.013101951,-0.031011695,-0.13090308,-0.0087371102,-6.3917101e-05,-0.008095305,0.69976915,-0.0089648232,-0.00016346549,-0.019415681,1,0,0,0.0017580624,0.003106434,0.91928491,297.04435,4363.3109,113.79171,15666.667,-1.1096729,nan,0.12003845,nan,nan,34783.869,-644.91147,-107.15115,-20.949865,-0.049449844,0.047856573,108.07554,15666.667,0,0,0,0,0
0.605,1888.0954,88.57057,-4361.9769,130.37743,16.522491,267.17537,-0.0061290008,-1.1120281,0.11759756,0.013045427,-0.030980149,-0.12463184,-0.0087906454,-8.9679809e-05,-0.01096804,0.70275947,-0.0089778723,-0.00018634898,-0.02159824,1,0,0,0.0016687744,0.0037232907,0.92144757,297.74812,4361.9769,113.75781,15661.111,-1.1097246,nan,0.11998121,nan,nan,34953.845,-658.47637,-132.76029,-18.846907,-0.066703188,1.796483,135.343,15661.111,0,0,0,0,0
0.61,1888.7479,88.653239,-4360.6398,130.6687,16.550427,267.81508,-0.0048336939,-1.1121861,0.11622551,0.012972528,-0.030857054,-0.11696277,-0.0088335225,-0.00011453532,-0.013639759,0.70572001,-0.0089802862,-0.00020738622,-0.023458365,1,0,0,0.0015801339,0.0043010068,0.9236081,298.45124,4360.6398,113.72391,15655.556,-1.1097765,nan,0.11992389,nan,nan,35124.117,-672.13723,-156.79392,-16.767438,-0.081736245,3.4983387,160.78051,15655.556,0,0,0,0,0
0.615,1889.4018,88.736044,-4359.2994,130.95967,16.576901,268.45429,-0.003620905,-1.1123424,0.11494516,0.012885519,-0.030644982,-0.10799824,-0.0088658027,-0.00013824623,-0.01608023,0.70865107,-0.0089724735,-0.00022640236,-0.024976879,1,0,0,0.0014925894,0.0048331565,0.92576648,299.1537,4359.2994,113.69001,15650,-1.1098284,nan,0.11986651,nan,nan,35294.684,-685.89392,-178.97964,-14.723288,-0.094447423,5.1442215,184.1061,15650,0,0,0,0,0
0.62,1890.0572,88.818979,-4357.9559,131.25033,16.602028,269.093,-0.0025034672,-1.1124967,0.11377072,0.012786747,-0.030346985,-0.097854866,-0.008887637,-0.00016059277,-0.018262319,0.71155292,-0.0089549233,-0.00024324748,-0.026138898,1,0,0,0.0014065733,0.0053139042,0.92792271,299.8555,4357.9559,113.65611,15644.444,-1.1098804,nan,0.11980907,nan,nan,35465.542,-699.74634,-199.06886,-12.72589,-0.10477738,6.7254711,205.06632,15644.444,0,0,0,0,0
0.625,1890.714,88.902038,-4356.6091,131.54067,16.625936,269.7312,-0.0014929871,-1.1126486,0.11271506,0.012678606,-0.029966574,-0.086661968,-0.0088992625,-0.0001813746,-0.020162283,0.71442588,-0.00892819,-0.00025779766,-0.026933947,1,0,0,0.0013224995,0.0057380679,0.93007676,300.55663,4356.6091,113.62221,15638.889,-1.1099324,nan,0.1197516,nan,nan,35636.691,-713.69437,-216.83953,-10.786227,-0.11270811,8.2339974,223.43888,15638.889,0,0,0,0,0
0.63,1891.3723,88.985214,-4355.2592,131.83066,16.648766,270.36888,-0.00059971798,-1.112798,0.11178954,0.012563488,-0.029507685,-0.074559864,-0.0089009952,-0.00020041239,-0.021760008,0.71727022,-0.0088928769,-0.00026995565,-0.027356027,1,0,0,0.0012407616,0.0061011729,0.93222862,301.25709,4355.2592,113.58831,15633.333,-1.1099846,nan,0.1196941,nan,nan,35808.129,-727.73795,-232.09851,-8.9147877,-0.11826145,9.6622962,239.03496,15633.333,0,0,0,0,0
0.635,1892.032,89.068502,-4353.9061,132.12029,16.67067,271.00603,0.00016754769,-1.1129446,0.11100391,0.012443751,-0.028974646,-0.061698075,-0.0088932212,-0.00021754921,-0.023039201,0.72008623,-0.0088496214,-0.00027965135,-0.027403624,1,0,0,0.0011617306,0.0063994973,0.93437828,301.95687,4353.9061,113.55441,15627.778,-1.1100368,nan,0.11963658,nan,nan,35979.853,-741.87698,-244.6836,-7.1215281,-0.12149709,11.003455,251.70096,15627.778,0,0,0,0,0
0.64,1892.6932,89.151897,-4352.5498,132.40956,16.691809,271.64266,0.00080156845,-1.1130881,0.1103662,0.012321675,-0.028372153,-0.048233439,-0.0088763861,-0.00023265158,-0.023987539,0.7228742,-0.0087990794,-0.00028684192,-0.027079667,1,0,0,0.0010857529,0.0066301074,0.93652573,302.65598,4352.5498,113.52051,15622.222,-1.110089,nan,0.11957905,nan,nan,36151.862,-756.11142,-254.46515,-5.4158387,-0.12251015,12.251154,261.3199,15622.222,0,0,0,0,0
0.645,1893.3559,89.235398,-4351.1903,132.69844,16.712352,272.27874,0.0012967237,-1.1132285,0.10988265,0.012199436,-0.02770523,-0.034328162,-0.0088509843,-0.00024561034,-0.02459676,0.72563439,-0.0087419126,-0.00029151158,-0.026391429,1,0,0,0.0010131491,0.0067908838,0.93867097,303.3544,4351.1903,113.48661,15616.667,-1.1101414,nan,0.11952152,nan,nan,36324.155,-770.44121,-261.34729,-3.806516,-0.1214282,13.399659,267.8123,15616.667,0,0,0,0,0
0.65,1894.0199,89.319,-4349.8276,132.98692,16.732471,272.91429,0.0016490635,-1.1133653,0.10955764,0.012079068,-0.026979204,-0.020147838,-0.0088175475,-0.0002563412,-0.02486271,0.7283671,-0.0086787772,-0.00029367124,-0.02535038,1,0,0,0.00094421213,0.0068805374,0.94081397,304.05214,4349.8276,113.45271,15611.111,-1.1101938,nan,0.11946399,nan,nan,36496.73,-784.86632,-265.26871,-2.3017357,-0.11840802,14.443815,271.13657,15611.111,0,0,0,0,0
0.655,1894.6854,89.402702,-4348.4618,133.27498,16.752345,273.54928,0.0018563384,-1.1134986,0.10939368,0.011962438,-0.02619967,-0.0058594502,-0.0087766333,-0.00026478505,-0.024785333,0.73107258,-0.0086103141,-0.00029335768,-0.023971992,1,0,0,0.00087920612,0.0068986152,0.94295474,304.74919,4348.4618,113.41881,15605.556,-1.1102462,nan,0.11940647,nan,nan,36669.585,-799.38671,-266.2031,-0.90902675,-0.11363197,15.379046,271.289,15605.556,0,0,0,0,0
0.66,1895.3524,89.486503,-4347.0928,133.56261,16.772151,274.18372,0.001918008,-1.1136279,0.10939135,0.011851221,-0.025372462,0.0083706146,-0.0087288155,-0.00027090802,-0.024368621,0.73375112,-0.008537143,-0.00029063264,-0.022275498,1,0,0,0.00081836509,0.0068454968,0.94509327,305.44555,4347.0928,113.38491,15600,-1.1102988,nan,0.11934895,nan,nan,36842.72,-814.00237,-264.15907,0.36475484,-0.10730407,16.201344,268.30326,15600,0,0,0,0,0
0.665,1896.0208,89.570404,-4345.7206,133.8498,16.792065,274.81759,0.0018352297,-1.1137532,0.1095494,0.011746883,-0.024503619,0.022378513,-0.0086746746,-0.00027470119,-0.023620504,0.73640298,-0.008459858,-0.00028558153,-0.02028361,1,0,0,0.00076189203,0.0067223803,0.94722954,306.14122,4345.7206,113.35101,15594.444,-1.1103514,nan,0.11929144,nan,nan,37016.132,-828.71328,-259.17974,1.5134542,-0.099645896,16.907281,262.24945,15594.444,0,0,0,0,0
0.67,1896.6906,89.654405,-4344.3452,134.13653,16.812261,275.45089,0.001610827,-1.1138742,0.1098647,0.011650661,-0.023599358,0.036004839,-0.0086147904,-0.00027618013,-0.022552709,0.73902843,-0.008379026,-0.000278312,-0.018022202,1,0,0,0.00070995809,0.0065312595,0.94936355,306.8362,4344.3452,113.31711,15588.889,-1.110404,nan,0.11923393,nan,nan,37189.819,-843.51943,-251.34194,2.5316472,-0.090892313,17.494005,253.23277,15588.889,0,0,0,0,0
0.675,1897.3619,89.738507,-4342.9667,134.42279,16.832908,276.08361,0.001249239,-1.1139906,0.11033232,0.011563552,-0.022666039,0.04909643,-0.0085497361,-0.00027538417,-0.021180562,0.74162772,-0.0082951878,-0.00026895219,-0.015519956,1,0,0,0.00066270195,0.0062748916,0.95149529,307.53047,4342.9667,113.28321,15583.333,-1.1104568,nan,0.11917641,nan,nan,37363.782,-858.42082,-240.75494,3.4146722,-0.081287144,17.95926,241.39173,15583.333,0,0,0,0,0
0.68,1898.0345,89.822714,-4341.585,134.70857,16.854167,276.71574,0.00075645102,-1.1141023,0.11094564,0.01148631,-0.021710135,0.061508085,-0.0084800743,-0.00027237535,-0.019522759,0.74420113,-0.008208861,-0.00025764886,-0.012807986,1,0,0,0.00062022925,0.0059567566,0.95362475,308.22405,4341.585,113.24931,15577.778,-1.1105096,nan,0.11911889,nan,nan,37538.017,-873.41743,-227.5589,4.1586633,-0.071078802,18.301402,226.89608,15577.778,0,0,0,0,0
0.685,1898.7087,89.907028,-4340.2002,134.99385,16.876192,277.34729,0.00013990756,-1.1142091,0.1116964,0.011419438,-0.020738196,0.07310415,-0.0084063546,-0.00026723725,-0.017601097,0.74674891,-0.0081205444,-0.00024456515,-0.0099194318,1,0,0,0.00058261241,0.0055810091,0.95575192,308.91692,4340.2002,113.21541,15572.222,-1.1105624,nan,0.11906136,nan,nan,37712.523,-888.50926,-211.92295,4.7605856,-0.060515972,18.519417,209.94431,15572.222,0,0,0,0,0
0.69,1899.3842,89.991455,-4338.8122,135.27863,16.899123,277.97822,-0.00059159049,-1.1143107,0.11257484,0.011363192,-0.019756816,0.083759979,-0.0083291133,-0.00026007339,-0.015440173,0.74927131,-0.0080307244,-0.00022987792,-0.0068890443,1,0,0,0.00054989037,0.0051524218,0.95787679,309.60908,4338.8122,113.18151,15566.667,-1.1106154,nan,0.11900379,nan,nan,37887.298,-903.69629,-194.04296,5.2182696,-0.049843401,18.612954,190.7609,15566.667,0,0,0,0,0
0.695,1900.0612,90.075998,-4337.421,135.5629,16.923092,278.60855,-0.0014280037,-1.1144071,0.11356983,0.011317586,-0.018772598,0.09336324,-0.0082488743,-0.00025100542,-0.013067053,0.75176859,-0.0079398809,-0.00021377415,-0.0037527491,1,0,0,0.00052206874,0.0046763238,0.95999934,310.30053,4337.421,113.14761,15561.111,-1.1106683,nan,0.11894619,nan,nan,38062.341,-918.97851,-174.139,5.5304459,-0.039297852,18.582345,169.59332,15561.111,0,0,0,0,0
0.7,1900.7395,90.160663,-4336.0267,135.84666,16.948215,279.23826,-0.0023581853,-1.1144981,0.114669,0.011282403,-0.017792116,0.10181505,-0.0081661517,-0.00024017035,-0.010510918,0.75424099,-0.0078484946,-0.00019644393,-0.000547209,1,0,0,0.00049911998,0.0041585326,0.96211956,310.99126,4336.0267,113.11371,15555.556,-1.1107214,nan,0.11888854,nan,nan,38237.648,-934.35589,-152.45257,5.696777,-0.029104283,18.428637,146.70876,15555.556,0,0,0,0,0
0.705,1901.4193,90.245456,-4334.6293,136.12989,16.974596,279.86734,-0.0033700233,-1.1145836,0.11585892,0.011257204,-0.016821876,0.10903096,-0.0080814528,-0.00022771523,-0.0078026924,0.75668877,-0.0077570533,-0.00017805778,0.0026906171,1,0,0,0.00048098381,0.0036052813,0.96423743,311.68127,4334.6293,113.07981,15550,-1.1107745,nan,0.11883083,nan,nan,38413.219,-949.8284,-129.24361,5.7178852,-0.019472278,18.153621,122.39074,15550,0,0,0,0,0
0.71,1902.1005,90.330384,-4333.2287,136.4126,17.002319,280.49578,-0.004450593,-1.1146636,0.11712522,0.011241351,-0.015868277,0.1149417,-0.0079952823,-0.00021377473,-0.0049746522,0.75911217,-0.007666058,-0.0001586147,0.0059239113,1,0,0,0.00046756787,0.0030231422,0.96635294,312.37055,4333.2287,113.04591,15544.444,-1.1108277,nan,0.11877304,nan,nan,38589.05,-965.39601,-104.78735,5.5953762,-0.010592741,17.759848,96.935497,15544.444,0,0,0,0,0
0.715,1902.7832,90.415453,-4331.825,136.69478,17.031455,281.12358,-0.0055863167,-1.1147381,0.11845285,0.011234021,-0.014937569,0.11949383,-0.0079081463,-0.00019802676,-0.0020600288,0.76151143,-0.0075760266,-0.00013258594,0.0091164258,1,0,0,0.0004587485,0.0024189473,0.96846606,313.0591,4331.825,113.01201,15538.889,-1.1108809,nan,0.11871516,nan,nan,38765.14,-981.05868,-79.370951,5.331855,-0.0026337934,17.250653,70.648396,15538.889,0,0,0,0,0
0.72,1903.4672,90.500671,-4330.4181,136.97643,17.062058,281.75071,-0.0067631289,-1.1148073,0.11982617,0.011234187,-0.014035812,0.12265007,-0.0078205565,-0.00017513239,0.00090739498,0.7638868,-0.0074874975,-0.00011764368,0.012232894,1,0,0,0.00045437175,0.0017997069,0.97057679,313.7469,4330.4181,112.97811,15533.333,-1.1109342,nan,0.11865717,nan,nan,38941.485,-996.81637,-53.290142,4.9309337,0.0040702095,16.63016,43.831687,15533.333,0,0,0,0,0
0.725,1904.1527,90.586045,-4329.0081,137.25755,17.094162,282.37718,-0.0079666427,-1.1148711,0.12122919,0.011240556,-0.013168836,0.12438859,-0.0077330336,-0.00015963292,0.0038936746,0.76623851,-0.00740103,-9.9293261e-05,0.015239322,1,0,0,0.00045425462,0.0011725292,0.9726851,314.43397,4329.0081,112.94421,15527.778,-1.1109876,nan,0.11859906,nan,nan,39118.084,-1012.669,-26.845786,4.3972305,0.0095893735,15.903285,16.787379,15527.778,0,0,0,0,0
0.73,1904.8395,90.671583,-4327.5949,137.53815,17.127785,283.00298,-0.0091823135,-1.11493,0.12264577,0.011251976,-0.012342194,0.12470455,-0.0076461098,-0.00014319886,0.0068650951,0.76856679,-0.0073172036,-7.9450789e-05,0.018103508,1,0,0,0.00045818647,0.0005445409,0.97479097,315.12028,4327.5949,112.91031,15522.222,-1.111041,nan,0.1185408,nan,nan,39294.934,-1028.6166,-0.34052038,3.7363576,0.01391775,15.075726,-10.153867,15522.222,0,0,0,0,0
0.735,1905.5278,90.757291,-4326.1787,137.81823,17.162927,283.62808,-0.010395616,-1.114984,0.12405974,0.011267217,-0.011561126,0.12360985,-0.0075603305,-0.00012600994,0.0097885815,0.77087188,-0.0072366147,-5.977572e-05,0.0207954,1,0,0,0.00046593061,-7.7198093e-05,0.97689438,315.80583,4326.1787,112.87641,15516.667,-1.1110945,nan,0.11848239,nan,nan,39472.032,-1044.659,25.924907,2.954898,0.016961151,14.153942,-36.686461,15516.667,0,0,0,0,0
0.74,1906.2174,90.843179,-4324.7593,138.0978,17.199568,284.2525,-0.011592214,-1.1150336,0.12545516,0.011284967,-0.010830515,0.12113227,-0.0074762543,-0.00010832017,0.012632077,0.77315402,-0.0071598709,-4.0568264e-05,0.023287366,1,0,0,0.00047722617,-0.00068577526,0.97899531,316.49061,4324.7593,112.84251,15511.111,-1.111148,nan,0.11842381,nan,nan,39649.376,-1060.7961,51.655085,2.0603705,0.018663681,13.145118,-62.513828,15511.111,0,0,0,0,0
0.745,1906.9085,90.929252,-4323.3368,138.37686,17.237675,284.8762,-0.012758123,-1.1150791,0.12681647,0.011303877,-0.010154853,0.11731498,-0.0073944517,-9.0378827e-05,0.015364902,0.77541342,-0.0070875842,-2.2038878e-05,0.025554475,1,0,0,0.00049179004,-0.001274502,0.98109374,317.17463,4323.3368,112.80861,15505.556,-1.1112016,nan,0.11836503,nan,nan,39826.963,-1077.028,76.563261,1.0611834,0.019005748,12.057126,-87.351705,15505.556,0,0,0,0,0
0.75,1907.6009,91.015519,-4321.9111,138.65542,17.277193,285.4992,-0.013879865,-1.1151209,0.12812867,0.011322587,-0.0095381992,0.1122158,-0.007315502,-7.242253e-05,0.017958084,0.77765032,-0.0070203617,-4.3728189e-06,0.027574743,1,0,0,0.00050931911,-0.001836987,0.98318966,317.85786,4321.9111,112.77471,15500,-1.1112553,nan,0.11830605,nan,nan,40004.791,-1093.3546,100.37452,-0.033424352,0.018001935,10.898461,-110.93122,15500,0,0,0,0,0
0.755,1908.2947,91.101986,-4320.4824,138.9335,17.318056,286.12148,-0.014944617,-1.1151595,0.12937749,0.011339769,-0.0089841547,0.10590632,-0.007239989,-5.467391e-05,0.020384673,0.77986494,-0.0069587956,1.2261286e-05,0.029329338,1,0,0,0.00052949257,-0.0023672043,0.98528304,318.54032,4320.4824,112.74081,15494.444,-1.111309,nan,0.11824685,nan,nan,40182.857,-1109.7758,122.82877,-1.2134518,0.015698885,9.6781778,-133.00176,15494.444,0,0,0,0,0
0.76,1908.99,91.18866,-4319.0506,139.21111,17.36018,286.74303,-0.015940348,-1.1151955,0.1305495,0.011354152,-0.0084958284,0.098470889,-0.0071684947,-3.7341197e-05,0.022620017,0.7820575,-0.0069034514,2.7710364e-05,0.030802745,1,0,0,0.00055197441,-0.0028595574,0.98737387,319.22198,4319.0506,112.70691,15488.889,-1.1113628,nan,0.11818741,nan,nan,40361.159,-1126.2915,143.6836,-2.4682156,0.012173144,8.4058156,-153.33354,15488.889,0,0,0,0,0
0.765,1909.6866,91.275547,-4317.6156,139.48825,17.403467,287.36385,-0.016855946,-1.1152293,0.13163234,0.011364552,-0.0080758146,0.090005476,-0.0071015924,-2.0617915e-05,0.024642014,0.78422823,-0.0068548564,4.1837292e-05,0.031982886,1,0,0,0.00057641605,-0.0033089366,0.98946213,319.90285,4317.6156,112.67301,15483.333,-1.1114167,nan,0.11812772,nan,nan,40539.694,-1142.9017,162.71676,-3.786438,0.0075288611,7.0913093,-171.71989,15483.333,0,0,0,0,0
0.77,1910.3846,91.362653,-4316.1775,139.76495,17.447807,287.98393,-0.017681329,-1.1152615,0.13261475,0.011369901,-0.007726173,0.080616407,-0.007039838,-4.6825082e-06,0.02643132,0.78637733,-0.0068134881,5.4521559e-05,0.032861206,1,0,0,0.00060245904,-0.0037107704,0.99154781,320.58293,4316.1775,112.63911,15477.778,-1.1114706,nan,0.11806777,nan,nan,40718.46,-1159.6063,179.72852,-5.1563428,0.0018953459,5.7448999,-187.97931,15477.778,0,0,0,0,0
0.775,1911.0839,91.449982,-4314.7364,140.04122,17.493079,288.60327,-0.018407548,-1.1152926,0.13348673,0.011369268,-0.0074484134,0.070419006,-0.0069837613,1.0302093e-05,0.027971532,0.78850503,-0.0067797618,6.5659894e-05,0.033432702,1,0,0,0.00062973783,-0.0040610696,0.99363088,321.26219,4314.7364,112.60521,15472.222,-1.1115245,nan,0.11800755,nan,nan,40897.455,-1176.4052,194.54367,-6.5657566,-0.0045755709,4.3770377,-201.95702,15472.222,0,0,0,0,0
0.78,1911.7847,91.537539,-4313.2921,140.31707,17.539151,289.22186,-0.019026868,-1.1153232,0.13423965,0.011361884,-0.0072434859,0.059536151,-0.0069338563,2.4188938e-05,0.029249325,0.79061154,-0.006754021,7.5166753e-05,0.033695927,1,0,0,0.00065788267,-0.004356465,0.99571135,321.94065,4313.2921,112.57131,15466.667,-1.1115786,nan,0.11794704,nan,nan,41076.676,-1193.2985,207.01318,-8.0022151,-0.011712352,2.9982832,-213.52638,15466.667,0,0,0,0,0
0.785,1912.4868,91.625328,-4311.8448,140.59252,17.585883,289.8397,-0.01953284,-1.1153538,0.13486628,0.011347156,-0.0071117768,0.048096781,-0.0068905714,3.6847492e-05,0.030254554,0.79269706,-0.0067365273,8.2974635e-05,0.033652941,1,0,0,0.00068652245,-0.0045942369,0.99778919,322.6183,4311.8448,112.53741,15461.111,-1.1116327,nan,0.11788625,nan,nan,41256.122,-1210.286,217.01567,-9.4530715,-0.019326741,1.6192083,-222.58978,15461.111,0,0,0,0,0
0.79,1913.1903,91.713352,-4310.3943,140.86759,17.633129,290.45678,-0.019920353,-1.115385,0.1353609,0.011324687,-0.0070531091,0.036234348,-0.0068543007,4.8164036e-05,0.030980318,0.79476182,-0.0067274531,8.9034216e-05,0.033309226,1,0,0,0.00071528757,-0.0047723365,0.99986439,323.29514,4310.3943,112.50351,15455.556,-1.1116868,nan,0.11782515,nan,nan,41435.791,-1227.3678,224.45837,-10.905606,-0.027216893,0.25029764,-229.07929,15455.556,0,0,0,0,0
0.795,1913.8952,91.801613,-4308.9408,141.14229,17.680738,291.0731,-0.020185673,-1.1154171,0.13571932,0.011294285,-0.007066749,0.02408525,-0.0068253745,5.8041959e-05,0.031422982,0.79680601,-0.0067268757,9.3314292e-05,0.032673563,1,0,0,0.00074381279,-0.0048894008,1.001937,323.97115,4308.9408,112.46961,15450,-1.111741,nan,0.11776376,nan,nan,41615.681,-1244.5436,229.27789,-12.347133,-0.035170624,-1.0981461,-232.9569,15450,0,0,0,0,0
0.8,1914.6015,91.890112,-4307.4842,141.41663,17.728553,291.68867,-0.020326464,-1.1154506,0.13593888,0.011255974,-0.0071514169,0.011787256,-0.0068040522,6.6401967e-05,0.031582166,0.79882984,-0.0067347739,9.5801551e-05,0.031757878,1,0,0,0.00077174002,-0.0049447576,1.0040069,324.64634,4307.4842,112.43571,15444.444,-1.1117953,nan,0.11770205,nan,nan,41795.788,-1261.8135,231.44055,-13.76511,-0.042968739,-2.4160921,-234.21443,15444.444,0,0,0,0,0
0.805,1915.3091,91.978851,-4306.0246,141.69065,17.77642,292.30347,-0.020341796,-1.1154859,0.13601852,0.011209998,-0.0073053038,-0.00052205674,-0.0067905159,7.3182153e-05,0.031460688,0.80083351,-0.0067510262,9.6500161e-05,0.030577045,1,0,0,0.00079872098,-0.0049384247,1.0060741,325.32071,4306.0246,112.40181,15438.889,-1.1118496,nan,0.11764004,nan,nan,41976.113,-1279.1774,230.94244,-15.147237,-0.050388393,-3.6938655,-232.87309,15438.889,0,0,0,0,0
0.81,1916.0181,92.067828,-4304.5618,141.96434,17.824181,292.91752,-0.020232128,-1.1155234,0.1359587,0.011156825,-0.0075260914,-0.012706831,-0.0067848648,7.8337944e-05,0.031064485,0.80281722,-0.0067754124,9.5431198e-05,0.029148675,1,0,0,0.00082441983,-0.0048710999,1.0081386,325.99424,4304.5618,112.36791,15433.333,-1.111904,nan,0.11757772,nan,nan,42156.653,-1296.6352,227.80906,-16.481558,-0.057206462,-4.9222237,-228.9827,15433.333,0,0,0,0,0
0.815,1916.7285,92.157044,-4303.096,142.23772,17.871683,293.53079,-0.019999293,-1.1155634,0.13576144,0.011097146,-0.007810977,-0.024634421,-0.0067871125,8.1841902e-05,0.030402485,0.80478118,-0.0068076167,9.2631925e-05,0.027492862,1,0,0,0.00084851562,-0.0047441444,1.0102005,326.66694,4303.096,112.33401,15427.778,-1.1119585,nan,0.1175151,nan,nan,42337.405,-1314.1868,222.09473,-17.756548,-0.063202851,-6.0924252,-222.62066,15427.778,0,0,0,0,0
0.82,1917.4402,92.246497,-4301.6271,142.5108,17.918774,294.14331,-0.019646448,-1.115606,0.13543023,0.011031867,-0.0081567015,-0.036176808,-0.0067971853,8.3683393e-05,0.029486461,0.80672557,-0.0068472332,8.8154924e-05,0.025631918,1,0,0,0.00087070458,-0.004559559,1.0122597,327.33881,4301.6271,112.30011,15422.222,-1.112013,nan,0.11745216,nan,nan,42518.368,-1331.8321,213.88159,-18.961201,-0.068163725,-7.196289,-213.89051,15422.222,0,0,0,0,0
0.825,1918.1533,92.336184,-4300.1552,142.78361,17.96531,294.75506,-0.019178028,-1.1156515,0.13496997,0.010962108,-0.0085595811,-0.04721195,-0.0068149226,8.3868114e-05,0.028330845,0.8086506,-0.0068937731,8.20671e-05,0.023590087,1,0,0,0.00089070226,-0.004319953,1.0143161,328.00984,4300.1552,112.26621,15416.667,-1.1120676,nan,0.11738893,nan,nan,42699.54,-1349.571,203.27838,-20.08511,-0.071884608,-8.2262465,-202.92033,15416.667,0,0,0,0,0
0.83,1918.8678,92.426103,-4298.6802,143.05614,18.011151,295.36604,-0.018599675,-1.1157,0.13438693,0.010889186,-0.0090155404,-0.05762503,-0.006840079,8.2417483e-05,0.026952522,0.81055646,-0.0069466742,7.444858e-05,0.021393234,1,0,0,0.00090824553,-0.0040285076,1.0163699,328.68002,4298.6802,112.23231,15411.111,-1.1121222,nan,0.1173254,nan,nan,42880.918,-1367.4032,190.41889,-21.118532,-0.07417331,-9.1753836,-189.86085,15411.111,0,0,0,0,0
0.835,1919.5836,92.516249,-4297.2021,143.3284,18.056167,295.97626,-0.017918158,-1.1157517,0.13368865,0.010814606,-0.0095201497,-0.067309606,-0.0068723283,7.9367909e-05,0.025370598,0.81244333,-0.007005311,6.5391503e-05,0.019068538,1,0,0,0.00092309427,-0.0036889334,1.0184209,329.34936,4297.2021,112.19841,15405.556,-1.1121769,nan,0.11726159,nan,nan,43062.501,-1385.3288,175.46018,-22.052457,-0.074852645,-10.037476,-174.88333,15405.556,0,0,0,0,0
0.84,1920.3008,92.606618,-4295.721,143.60041,18.100237,296.58571,-0.01714129,-1.1158066,0.13288382,0.010740042,-0.010068662,-0.076168645,-0.0069112695,7.4769935e-05,0.023606151,0.81431141,-0.0070690065,5.4998732e-05,0.016644164,1,0,0,0.00093503299,-0.0033054223,1.0204691,330.01785,4295.721,112.16451,15400,-1.1122317,nan,0.1171975,nan,nan,43244.286,-1403.3474,158.58053,-22.878663,-0.073762915,-10.807013,-158.17728,15400,0,0,0,0,0
0.845,1921.0193,92.697206,-4294.2369,143.87216,18.14325,297.19439,-0.016277819,-1.1158647,0.13198218,0.01066732,-0.010656052,-0.084115431,-0.0069564329,6.8687281e-05,0.021681958,0.81616088,-0.0071370438,4.3382493e-05,0.014148935,1,0,0,0.00094387213,-0.0028825955,1.0225146,330.68548,4294.2369,112.13061,15394.444,-1.1122866,nan,0.11713314,nan,nan,43426.271,-1421.4589,139.97728,-23.589763,-0.070764116,-11.479224,-139.94798,15394.444,0,0,0,0,0
0.85,1921.7393,92.788006,-4292.7497,144.14367,18.185108,297.80231,-0.015337328,-1.1159261,0.13099444,0.0105984,-0.011277057,-0.09107434,-0.0070072891,6.1195778e-05,0.019622217,0.81799193,-0.0072086788,3.066297e-05,0.011612007,1,0,0,0.00094944923,-0.0024254475,1.0245573,331.35224,4292.7497,112.09671,15388.889,-1.1123415,nan,0.11706853,nan,nan,43608.454,-1439.6632,119.86437,-24.179247,-0.06573785,-12.050084,-120.41395,15388.889,0,0,0,0,0
0.855,1922.4605,92.879014,-4291.2595,144.41492,18.225725,298.40945,-0.014330116,-1.1159907,0.12993208,0.010535349,-0.011926218,-0.096981486,-0.0070632577,5.2382234e-05,0.017452256,0.81980475,-0.0072831521,1.6966846e-05,0.0090625426,1,0,0,0.0009516298,-0.0019392864,1.0265973,332.01814,4291.2595,112.06281,15383.333,-1.1123964,nan,0.11700367,nan,nan,43790.831,-1457.9598,98.469826,-24.641522,-0.058588914,-12.516328,-99.804252,15383.333,0,0,0,0,0
0.86,1923.1831,92.970222,-4289.7662,144.68593,18.265029,299.01583,-0.013267076,-1.1160585,0.12880728,0.01048032,-0.012597917,-0.10178521,-0.0071237171,4.2343206e-05,0.015198231,0.82159951,-0.0073597006,2.4258412e-06,0.0065293942,1,0,0,0.00095030809,-0.0014296728,1.0286344,332.68317,4289.7662,112.02891,15377.778,-1.1124514,nan,0.11693858,nan,nan,43973.401,-1476.3486,76.033117,-24.971937,-0.049246551,-12.875454,-78.355753,15377.778,0,0,0,0,0
0.865,1923.9071,93.061623,-4288.2699,144.95668,18.302961,299.62143,-0.012159572,-1.1161294,0.12763274,0.010435525,-0.013286424,-0.10544645,-0.0071880146,3.1183733e-05,0.012886826,0.82337639,-0.0074375683,-1.2824774e-05,0.0040407958,1,0,0,0.00094540751,-0.00090235606,1.0306687,333.34733,4288.2699,111.99501,15372.222,-1.1125065,nan,0.11687327,nan,nan,44156.161,-1494.8294,52.80239,-25.166812,-0.03766535,-13.125723,-56.310393,15372.222,0,0,0,0,0
0.87,1924.6324,93.153211,-4286.7706,145.22718,18.339479,300.22626,-0.011019309,-1.1162034,0.12642156,0.010403215,-0.01398593,-0.10793892,-0.0072554761,1.9016009e-05,0.010544953,0.82513558,-0.0075160163,-2.8647648e-05,0.0016240692,1,0,0,0.00093688093,-0.00036321023,1.0327001,334.01059,4286.7706,111.96111,15366.667,-1.1125617,nan,0.11680775,nan,nan,44339.108,-1513.4018,29.031705,-25.223455,-0.023825782,-13.266159,-33.912427,15366.667,0,0,0,0,0
0.875,1925.3591,93.24498,-4285.2683,145.49741,18.374552,300.83032,-0.0098582043,-1.1162804,0.12518708,0.010385646,-0.014690597,-0.1092492,-0.0073254166,5.9580331e-06,0.0081994546,0.82687724,-0.0075943306,-4.4904798e-05,-0.00069465415,1,0,0,0.00092471077,0.00018183084,1.0347287,334.67297,4285.2683,111.92721,15361.111,-1.1126169,nan,0.11674205,nan,nan,44522.239,-1532.0655,4.9782291,-25.140177,-0.0077343679,-13.296542,-11.405711,15361.111,0,0,0,0,0
0.88,1926.0871,93.33692,-4283.7629,145.76737,18.408169,301.43359,-0.0086882557,-1.1163603,0.12394274,0.010385061,-0.015394589,-0.10937666,-0.0073971486,-7.8677593e-06,0.0058768139,0.82860156,-0.0076718298,-6.1459028e-05,-0.0028906923,1,0,0,0.00090890884,0.00072683743,1.0367544,335.33446,4283.7629,111.8933,15355.556,-1.1126722,nan,0.11667617,nan,nan,44705.551,-1550.8203,-19.10055,-24.916304,0.01057651,-13.217405,10.968937,15355.556,0,0,0,0,0
0.885,1926.8165,93.429026,-4282.2545,146.03705,18.44033,302.03609,-0.0075214136,-1.1164431,0.12270194,0.010403656,-0.016092116,-0.10833323,-0.0074699916,-2.2335874e-05,0.0036028729,0.8303087,-0.0077478704,-7.8175298e-05,-0.0049410509,1,0,0,0.00088951604,0.001265947,1.0387772,335.99504,4282.2545,111.8594,15350,-1.1127275,nan,0.11661014,nan,nan,44889.042,-1569.6658,-42.949567,-24.55218,0.031049166,-13.030026,32.976298,15350,0,0,0,0,0
0.89,1927.5472,93.52129,-4280.7431,146.30644,18.471051,302.63781,-0.0063694553,-1.1165287,0.12147791,0.010443564,-0.016777475,-0.10614307,-0.0075432788,-3.731912e-05,0.0014025663,0.83199884,-0.0078218503,-9.492203e-05,-0.0068246374,1,0,0,0.0008666018,0.0017934253,1.040797,336.65472,4280.7431,111.8255,15344.444,-1.1127829,nan,0.11654396,nan,nan,45072.71,-1588.6017,-66.318844,-24.049171,0.05360152,-12.736418,54.389168,15344.444,0,0,0,0,0
0.895,1928.2793,93.613704,-4279.2288,146.57552,18.500364,303.23875,-0.0052438618,-1.116617,0.12028355,0.010506823,-0.017445084,-0.10284208,-0.0076163647,-5.2689954e-05,-0.00070033087,0.83367214,-0.007893212,-0.00011157235,-0.0085224519,1,0,0,0.00084026341,0.0023037253,1.042814,337.31348,4279.2288,111.7916,15338.889,-1.1128384,nan,0.11647765,nan,nan,45256.55,-1607.6277,-88.966062,-23.40966,0.078128335,-12.339323,74.987282,15338.889,0,0,0,0,0
0.9,1929.0127,93.706262,-4277.7114,146.84427,18.528313,303.8389,-0.0041557005,-1.1167079,0.11913129,0.010595359,-0.01808952,-0.098477672,-0.0076886298,-6.8321789e-05,-0.0026834424,0.83532878,-0.0079614436,-0.00012800527,-0.010017787,1,0,0,0.00081062515,0.0027915434,1.0448279,337.97133,4277.7114,111.7577,15333.333,-1.1128939,nan,0.11641122,nan,nan,45440.561,-1626.7434,-110.65903,-22.637041,0.10450279,-11.842194,94.563797,15333.333,0,0,0,0,0
0.905,1929.7475,93.798958,-4276.191,147.11269,18.554956,304.43827,-0.0031155122,-1.1168013,0.11803303,0.010710962,-0.018705562,-0.093107477,-0.0077594853,-8.4090267e-05,-0.0045260064,0.83696892,-0.0080260784,-0.00014410678,-0.011296303,1,0,0,0.00077783716,0.0032518723,1.046839,338.62825,4276.191,111.7238,15327.778,-1.1129495,nan,0.11634469,nan,nan,45624.74,-1645.9485,-131.17801,-21.735703,0.13257833,-11.249187,112.93569,15327.778,0,0,0,0,0
0.91,1930.4836,93.891784,-4274.6676,147.38075,18.580365,305.03685,-0.0021332112,-1.1168972,0.11699993,0.01085527,-0.019288218,-0.086798626,-0.0078283766,-9.9874463e-05,-0.0062090591,0.83859272,-0.0080866943,-0.00015977077,-0.012346139,1,0,0,0.00074207428,0.0036800483,1.048847,339.28424,4274.6676,111.6899,15322.222,-1.1130052,nan,0.11627807,nan,nan,45809.084,-1665.2426,-150.31776,-20.711014,0.16219085,-10.56514,129.92902,15322.222,0,0,0,0,0
0.915,1931.221,93.984735,-4273.1412,147.64844,18.604622,305.63464,-0.0012179913,-1.1169955,0.11604239,0.011029747,-0.01983277,-0.079627039,-0.0078947847,-0.00011555802,-0.0077156035,0.84020035,-0.0081429118,-0.00017489992,-0.013158006,1,0,0,0.00070353462,0.0040717936,1.050852,339.9393,4273.1412,111.656,15316.667,-1.1130609,nan,0.11621138,nan,nan,45993.59,-1684.6255,-167.88947,-19.569292,0.19316101,-9.7955554,145.38742,15316.667,0,0,0,0,0
0.92,1931.9598,94.077804,-4271.6118,147.91574,18.627821,306.23164,-0.00037823976,-1.117096,0.11516989,0.011235677,-0.020334798,-0.071676479,-0.0079582282,-0.00013103023,-0.0090307535,0.84179197,-0.0081943916,-0.00018940647,-0.013725235,1,0,0,0.00066243802,0.0044232561,1.052854,340.59342,4271.6118,111.6221,15311.111,-1.1131167,nan,0.11614461,nan,nan,46178.257,-1704.0968,-183.72247,-18.317781,0.22529689,-8.9465756,159.17336,15311.111,0,0,0,0,0
0.925,1932.6999,94.170988,-4270.0795,148.18262,18.650064,306.82785,0.00037853831,-1.1171986,0.11439097,0.011474145,-0.020790221,-0.063037532,-0.0080182628,-0.00014618698,-0.010141852,0.84336773,-0.0082408319,-0.00020321283,-0.014043799,1,0,0,0.00061902432,0.0047310423,1.054853,341.2466,4270.0795,111.5882,15305.556,-1.1131726,nan,0.11607779,nan,nan,46363.081,-1723.6562,-197.66571,-16.964606,0.25839669,-8.0249548,171.16918,15305.556,0,0,0,0,0
0.93,1933.4413,94.264282,-4268.5441,148.44907,18.671464,307.42326,0.0010457856,-1.1173031,0.11371309,0.011746032,-0.021195326,-0.05380654,-0.0080744817,-0.00016093166,-0.011038566,0.8449278,-0.008281966,-0.0002162522,-0.014112302,1,0,0,0.00057355156,0.0049922462,1.0568489,341.89883,4268.5441,111.5543,15300,-1.1132285,nan,0.11601093,nan,nan,46548.061,-1743.3033,-209.5891,-15.518733,0.29225171,-7.0380254,181.27798,15300,0,0,0,0,0
0.935,1934.1841,94.357681,-4267.0058,148.71507,18.692139,308.01787,0.001617947,-1.1174095,0.11314261,0.012052008,-0.021546792,-0.044084502,-0.0081265143,-0.00017517598,-0.011712947,0.84647233,-0.0083175593,-0.00022846898,-0.013931949,1,0,0,0.00052629393,0.0052044718,1.0588418,342.55011,4267.0058,111.5204,15294.444,-1.1132844,nan,0.11594402,nan,nan,46733.193,-1763.0379,-219.38447,-13.989911,0.32664935,-5.9936597,189.42411,15294.444,0,0,0,0,0
0.94,1934.9282,94.451182,-4265.4646,148.9806,18.712214,308.61169,0.0020905131,-1.1175175,0.11268472,0.01239253,-0.021841728,-0.033975944,-0.0081740249,-0.00018884065,-0.012159477,0.84800148,-0.0083474077,-0.00023981906,-0.013506481,1,0,0,0.0004775397,0.00536585,1.0608316,343.20044,4265.4646,111.4865,15288.889,-1.1133405,nan,0.11587708,nan,nan,46918.477,-1782.8596,-226.96642,-12.388619,0.36137626,-4.9002253,195.55355,15288.889,0,0,0,0,0
0.945,1935.6737,94.544782,-4263.9203,149.24563,18.731819,309.20471,0.0024600524,-1.1176268,0.11234342,0.012767843,-0.022077689,-0.023587778,-0.0082167118,-0.00020185599,-0.012375076,0.8495154,-0.0083713351,-0.00025027012,-0.012842087,1,0,0,0.00042758895,0.0054750501,1.0628184,343.84981,4263.9203,111.4526,15283.333,-1.1133966,nan,0.11581011,nan,nan,47103.908,-1802.7682,-232.27285,-10.72599,0.39622148,-3.766534,199.63402,15283.333,0,0,0,0,0
0.95,1936.4204,94.63848,-4262.3731,149.51015,18.751087,309.79692,0.0027242312,-1.1177374,0.11212149,0.013177983,-0.022252703,-0.013028158,-0.0082543053,-0.00021416242,-0.012359094,0.85101424,-0.0083891933,-0.00025980167,-0.011947298,1,0,0,0.00037675126,0.0055312854,1.0648021,344.49822,4262.3731,111.4187,15277.778,-1.1134527,nan,0.11574311,nan,nan,47289.487,-1822.7634,-235.26525,-9.0137421,0.4309796,-2.6017856,201.65482,15277.778,0,0,0,0,0
0.955,1937.1685,94.732274,-4260.8229,149.77414,18.770152,310.38833,0.0028818233,-1.1178487,0.11202048,0.013622783,-0.022365288,-0.0024053546,-0.0082865673,-0.00022571089,-0.012113269,0.85249815,-0.008400861,-0.00026840506,-0.010832853,1,0,0,0.00032534322,0.0055343128,1.0667826,345.14566,4260.8229,111.3848,15272.222,-1.1135089,nan,0.11567609,nan,nan,47475.209,-1842.8447,-235.92876,-7.2640894,0.46545396,-1.4155044,201.6265,15272.222,0,0,0,0,0
0.96,1937.9179,94.826162,-4259.2698,150.03758,18.78915,310.97893,0.0029327071,-1.1179607,0.11204069,0.014101884,-0.022414473,0.0081733569,-0.0083132898,-0.00023646312,-0.011641666,0.85396728,-0.0084062447,-0.00027608343,-0.0095115505,1,0,0,0.00027368598,0.0054844276,1.0687601,345.79214,4259.2698,111.3509,15266.667,-1.1135652,nan,0.11560905,nan,nan,47661.073,-1863.012,-234.27201,-5.489656,0.49945971,-0.21747135,199.58029,15266.667,0,0,0,0,0
0.965,1938.6686,94.920146,-4257.7137,150.30045,18.808215,311.56872,0.0028778528,-1.118073,0.11218122,0.014614748,-0.022399807,0.018602766,-0.0083342948,-0.00024639185,-0.010950596,0.85542178,-0.0084052798,-0.0002828515,-0.0079980741,1,0,0,0.0002221026,0.0053824516,1.0707344,346.43765,4257.7137,111.317,15261.111,-1.1136215,nan,0.11554199,nan,nan,47847.077,-1883.265,-230.32669,-3.703377,0.5328268,0.98235028,195.56733,15261.111,0,0,0,0,0
0.97,1939.4206,95.014226,-4256.1547,150.56273,18.827479,312.1577,0.0027192979,-1.1181852,0.11243999,0.015160674,-0.022321366,0.028780756,-0.0083494341,-0.00025548089,-0.010048504,0.85686179,-0.0083979324,-0.00028873524,-0.006308813,1,0,0,0.00017091547,0.005229718,1.0727056,347.08218,4256.1547,111.2831,15255.556,-1.1136779,nan,0.1154749,nan,nan,48033.219,-1903.6033,-224.14692,-1.9183959,0.5654029,2.1738931,189.65774,15255.556,0,0,0,0,0
0.975,1940.174,95.108402,-4254.5928,150.82441,18.847071,312.74586,0.0024601127,-1.1182969,0.11281375,0.015738816,-0.022179765,0.038609284,-0.0083585903,-0.00026372514,-0.0089458498,0.85828746,-0.0083842019,-0.00029377161,-0.004461662,1,0,0,0.00012044362,0.0050280493,1.0746737,347.72574,4254.5928,111.2492,15250,-1.1137343,nan,0.11540778,nan,nan,48219.496,-1924.0267,-215.8084,-0.1479572,0.59705615,3.3470682,181.93946,15250,0,0,0,0,0
0.98,1940.9286,95.202677,-4253.0279,151.08548,18.867115,313.3332,0.0021043567,-1.1184079,0.11329815,0.016348208,-0.02197615,0.047995285,-0.0083616771,-0.0002711305,-0.0076549591,0.85969892,-0.0083641241,-0.00029800802,-0.002475813,1,0,0,7.1000065e-05,0.0047797323,1.0766387,348.36831,4253.0279,111.2153,15244.444,-1.1137908,nan,0.11534062,nan,nan,48405.906,-1944.5348,-205.40735,1.5947058,0.6276777,4.49185,172.51703,15244.444,0,0,0,0,0
0.985,1941.6846,95.297054,-4251.46,151.34591,18.88773,313.91971,0.0016570249,-1.1185178,0.11388779,0.01698778,-0.021712202,0.056851526,-0.0083586416,-0.00027771365,-0.0061898668,0.86109633,-0.0083377741,-0.00030150187,-0.00037153758,1,0,0,2.2889176e-05,0.004487488,1.0786005,349.00991,4251.46,111.1814,15238.889,-1.1138474,nan,0.11527343,nan,nan,48592.448,-1965.1274,-193.0593,3.2964853,0.65718409,5.5983641,161.51014,15238.889,0,0,0,0,0
0.99,1942.4418,95.391535,-4249.8892,151.6057,18.909026,314.50539,0.001123986,-1.1186261,0.1145763,0.017656393,-0.021390121,0.065097382,-0.0083494656,-0.00028350183,-0.0045661429,0.86247983,-0.00830527,-0.00030431998,0.0018300387,1,0,0,-2.3595965e-05,0.0041544381,1.0805591,349.65051,4249.8892,111.1475,15233.333,-1.113904,nan,0.11520619,nan,nan,48779.117,-1985.8023,-178.89122,4.9445161,0.68551962,6.656975,149.05433,15233.333,0,0,0,0,0
0.995,1943.2004,95.486124,-4248.3155,151.86484,18.931107,315.09023,0.00051191273,-1.1187326,0.11535642,0.018352864,-0.021012618,0.072659636,-0.0083341682,-0.00028853248,-0.0028007041,0.86384954,-0.0082667758,-0.00030653794,0.0041071755,1,0,0,-6.8176095e-05,0.0037840683,1.0825145,350.29012,4248.3155,111.1136,15227.778,-1.1139607,nan,0.11513889,nan,nan,48965.912,-2006.5598,-163.05423,6.5262921,0.71265793,7.6583743,135.29357,15227.778,0,0,0,0,0
1,1943.9602,95.580825,-4246.7389,152.12332,18.954067,315.67423,-0.00017179505,-1.1188369,0.11622006,0.019075995,-0.020582895,0.079472753,-0.008312808,-0.0002928528,-0.00091162075,0.86520561,-0.0082225044,-0.00030823944,0.0064377148,1,0,0,-0.00011058824,0.0033801865,1.0844668,350.92874,4246.7389,111.0797,15222.222,-1.1140174,nan,0.11507152,nan,nan,49152.831,-2027.4017,-145.71985,8.029783,0.73860373,8.5936675,120.38108,15222.222,0,0,0,0,0
1.005,1944.7213,95.675643,-4245.1594,152.38112,18.97799,316.25738,-0.00091909061,-1.1189387,0.11715842,0.019824605,-0.020104623,0.085479526,-0.008285486,-0.00029651933,0.0010820827,0.86654817,-0.0081727195,-0.00030951561,0.0087993185,1,0,0,-0.00015058809,0.0029468815,1.0864158,351.56635,4245.1594,111.0458,15216.667,-1.1140741,nan,0.11500408,nan,nan,49339.871,-2048.3275,-127.06601,9.4435486,0.76339451,9.4544578,104.47988,15216.667,0,0,0,0,0
1.01,1945.4838,95.770582,-4243.5769,152.63825,19.002951,316.83967,-0.0017213671,-1.1190376,0.11816206,0.020597565,-0.019581913,0.090631471,-0.0082523467,-0.00029959737,0.0031606337,0.86787736,-0.0081177367,-0.00031046425,0.011169688,1,0,0,-0.0001879522,0.0024884791,1.0883616,352.20296,4243.5769,111.0119,15211.111,-1.114131,nan,0.11493655,nan,nan,49527.029,-2069.3368,-107.28153,10.75685,0.78710158,10.232927,87.761791,15211.111,0,0,0,0,0
1.015,1946.2475,95.865649,-4241.9916,152.89471,19.029012,317.4211,-0.0025695489,-1.1191334,0.11922103,0.021393832,-0.019019286,0.094889325,-0.0082135809,-0.0003021604,0.0053037227,0.86919331,-0.0080579214,-0.0003111891,0.013526796,1,0,0,-0.00022248007,0.0020094963,1.0903042,352.83856,4241.9916,110.978,15205.556,-1.1141878,nan,0.11486891,nan,nan,49714.302,-2090.4293,-86.564115,11.959754,0.80983102,10.921913,70.404238,15205.556,0,0,0,0,0
1.02,1947.0124,95.960848,-4240.4033,153.15048,19.056225,318.00166,-0.0034541871,-1.1192259,0.12032494,0.02221248,-0.018421638,0.09822319,-0.0081694246,-0.00030428951,0.0074907122,0.87049616,-0.0079936809,-0.00031179906,0.015849067,1,0,0,-0.00025399608,0.0015145934,1.0922435,353.47315,4240.4033,110.9441,15200,-1.1142447,nan,0.11480117,nan,nan,49901.687,-2111.6044,-65.118246,13.043239,0.83172436,11.514976,52.586408,15200,0,0,0,0,0
1.025,1947.7787,96.056185,-4238.8121,153.40557,19.084628,318.58134,-0.004365556,-1.1193148,0.12146311,0.023052743,-0.0177942,0.10061263,-0.0081201555,-0.00030607271,0.0097008315,0.87178603,-0.0079254334,-0.00031240744,0.018115495,1,0,0,-0.00028235114,0.0010085267,1.0941795,354.10671,4238.8121,110.9102,15194.444,-1.1143017,nan,0.11473329,nan,nan,50089.182,-2132.8619,-43.153136,13.999282,0.85295891,12.00647,34.488681,15194.444,0,0,0,0,0
1.03,1948.5462,96.151667,-4237.2181,153.65997,19.114248,319.16013,-0.0052937508,-1.1194,0.12262464,0.023914044,-0.017142493,0.1020467,-0.0080660677,-0.00030760425,0.011913311,0.87306305,-0.007853448,-0.00031313119,0.020305359,1,0,0,-0.00030742421,0.00049610011,1.0961123,354.73925,4237.2181,110.8763,15188.889,-1.1143587,nan,0.11466527,nan,nan,50276.784,-2154.2013,-20.880619,14.82095,0.87374797,12.391595,16.290835,15188.889,0,0,0,0,0
1.035,1949.3151,96.247299,-4235.6211,153.9137,19.145101,319.73803,-0.0062287853,-1.1194815,0.12379856,0.024796034,-0.016472286,0.10252387,-0.0080072739,-0.00030898394,0.014106985,0.87432735,-0.0077761718,-0.00031409015,0.022393305,1,0,0,-0.00032912353,-1.7881411e-05,1.0980417,355.37075,4235.6211,110.8424,15183.333,-1.1144158,nan,0.1145971,nan,nan,50464.49,-2175.622,1.4869228,15.502473,0.89434071,12.666445,-1.8297008,15183.333,0,0,0,0,0
1.04,1950.0851,96.343089,-4234.0213,154.16676,19.177189,320.31502,-0.0071606881,-1.119559,0.12497391,0.025698628,-0.015789545,0.10205188,-0.0076812396,-0.00031031643,0.015429658,0.87557906,-0.0025475806,-0.00031540636,0.0080655098,1,0,0,-0.00034738767,-0.00052865889,1.0999679,356.00122,4234.0213,110.8085,15177.778,-1.1144729,nan,0.11452875,nan,nan,50652.296,-2197.1237,23.738097,16.039157,0.91502186,12.827822,-19.698779,15177.778,0,0,0,0,0
1.045,1950.8565,96.439041,-4232.4185,154.41924,19.210559,320.89134,-0.0080786447,-1.1196325,0.12613875,0.026605683,-0.01487991,0.10015801,-0.0076731984,-0.00031168678,0.017714608,0.8768183,-0.0076025206,-0.00031695749,0.026192729,1,0,0,-0.00036191245,-0.0010309688,1.1018915,356.6309,4232.4185,110.7746,15172.222,-1.1145301,nan,0.11446022,nan,nan,50840.275,-2203.9658,48.33535,17.563423,0.8943466,23.525072,-62.077852,15172.222,0,0,0,0,0
1.05,1951.6291,96.535162,-4230.8129,154.6713,19.245294,321.46737,-0.0089632769,-1.1197,0.12727152,0.027491385,-0.013403807,0.095897099,-0.0076354181,-0.00031310277,0.019846926,0.8780452,-0.0074396092,-0.00031857847,0.027675116,1,0,0,-0.00037060019,-0.0015152802,1.1038138,357.26022,4230.8129,110.7407,15166.667,-1.1145873,nan,0.11439149,nan,nan,51028.542,-2210.5602,72.83248,18.838319,0.87268246,34.154655,-110.35913,15166.667,0,0,0,0,0
1.055,1952.4029,96.63146,-4229.2045,154.92295,19.281367,322.0431,-0.0097889631,-1.1197588,0.12834363,0.028355339,-0.011378049,0.08899857,-0.0075608824,-0.00031461305,0.021777902,0.87925988,-0.0072168423,-0.00032058247,0.028761209,1,0,0,-0.00037069429,-0.0019692808,1.1057349,357.88916,4229.2045,110.7068,15161.111,-1.1146446,nan,0.11432255,nan,nan,51217.098,-2217.1567,96.559699,19.700123,0.85084929,44.277849,-162.93203,15161.111,0,0,0,0,0
1.06,1953.178,96.727942,-4227.5931,155.17422,19.318716,322.61852,-0.01052758,-1.1198064,0.12932372,0.029197473,-0.0088356074,0.079268701,-0.007444819,-0.00031633088,0.023453235,0.88046246,-0.0069376515,-0.00032331424,0.029379034,1,0,0,-0.00035958286,-0.0023795635,1.1076547,358.51772,4227.5931,110.6729,15155.556,-1.1147019,nan,0.11425338,nan,nan,51405.941,-2223.755,118.80244,20.00674,0.82911753,53.61131,-218.19079,15155.556,0,0,0,0,0
1.065,1953.9544,96.824612,-4225.9788,155.42516,19.357238,323.19361,-0.011149356,-1.1198407,0.1301786,0.030018033,-0.0058246564,0.066606141,-0.0072845428,-0.00031842494,0.024815599,0.88165307,-0.0066071259,-0.00032713879,0.029464058,1,0,0,-0.00033487302,-0.0027320442,1.1095732,359.14592,4225.9788,110.639,15150,-1.1147592,nan,0.11418396,nan,nan,51595.071,-2230.3552,138.77767,19.623168,0.80785974,61.863746,-274.15667,15150,0,0,0,0,0
1.07,1954.732,96.921477,-4224.3617,155.67583,19.396785,323.76835,-0.011623917,-1.1198597,0.13087441,0.030817661,-0.0024086288,0.051021323,-0.007079361,-0.00032110967,0.025807582,0.88283181,-0.0062320121,-0.00033242934,0.028963251,1,0,0,-0.00029446599,-0.0030124698,1.1114905,359.77374,4224.3617,110.6051,15144.444,-1.1148166,nan,0.11411429,nan,nan,51784.488,-2236.9573,155.65624,18.426335,0.78750297,68.752487,-328.49463,15144.444,0,0,0,0,0
1.075,1955.5109,97.018541,-4222.7417,155.92628,19.437167,324.34273,-0.011921536,-1.1198618,0.13137803,0.031597432,0.0013345994,0.032654342,-0.0068304847,-0.0003246348,0.026374894,0.88399882,-0.00582061,-0.0003395523,0.027839317,1,0,0,-0.00023662987,-0.0032070174,1.1134065,360.40119,4222.7417,110.5712,15138.889,-1.1148741,nan,0.11404434,nan,nan,51974.191,-2243.5612,168.59211,16.309881,0.76848317,74.01958,-378.56145,15138.889,0,0,0,0,0
1.08,1956.2911,97.115809,-4221.1189,156.17661,19.478144,324.91672,-0.012014555,-1.1198458,0.13165861,0.032358849,0.005314357,0.011789599,-0.0065409224,-0.00032927336,0.02646981,0.8851542,-0.0053825704,-0.00034884982,0.026074839,1,0,0,-0.00016006588,-0.0033029722,1.1153212,361.02826,4221.1189,110.5373,15133.333,-1.1149315,nan,0.11397413,nan,nan,52164.181,-2250.1668,176.75838,13.188663,0.75120158,77.447015,-421.48765,15133.333,0,0,0,0,0
1.085,1957.0724,97.213282,-4219.4931,156.42688,19.519437,325.4903,-0.011878936,-1.1198109,0.13168936,0.033103788,0.0094296058,-0.011134594,-0.0062153401,-0.00033530825,0.026054726,0.88629807,-0.0049286059,-0.00036062042,0.023676099,1,0,0,-6.3963996e-05,-0.0032894632,1.1172346,361.65496,4219.4931,110.5034,15127.778,-1.1149891,nan,0.11390363,nan,nan,52354.458,-2256.7743,179.38935,9.0027416,0.73598356,78.870536,-454.29414,15127.778,0,0,0,0,0
1.09,1957.8551,97.310962,-4217.8645,156.67721,19.560726,326.06344,-0.011495881,-1.1197566,0.13144928,0.033834407,0.013572056,-0.035523269,-0.0058598769,-0.00034301728,0.025105686,0.88743055,-0.0044701285,-0.00037509866,0.020676228,1,0,0,5.1955658e-05,-0.0031582271,1.1191468,362.2813,4217.8645,110.4695,15122.222,-1.1150467,nan,0.11383286,nan,nan,52545.021,-2263.3836,175.80811,3.7206321,0.72304175,78.191345,-474.04224,15122.222,0,0,0,0,0
1.095,1958.639,97.408847,-4216.2331,156.92768,19.601658,326.63613,-0.01085344,-1.1196831,0.13092502,0.034553024,0.017629844,-0.060630596,-0.005481912,-0.000352657,0.023615695,0.88855175,-0.0040188337,-0.0003924348,0.017137389,1,0,0,0.00018741873,-0.0029043667,1.1210578,362.90726,4216.2331,110.4356,15116.667,-1.1151043,nan,0.1137618,nan,nan,52735.872,-2269.9946,165.50839,-2.6584072,0.71244299,75.385053,-478.01342,15116.667,0,0,0,0,0
1.1,1959.4241,97.506936,-4214.5988,157.1784,19.641861,327.20832,-0.0099480083,-1.1195908,0.13011247,0.035261952,0.021491617,-0.085575644,-0.0050897865,-0.00036444574,0.021597598,0.88966178,-0.0035862546,-0.0004126758,0.013151631,1,0,0,0.00034159224,-0.0025270421,1.1229675,363.53286,4214.5988,110.4017,15111.111,-1.115162,nan,0.11369047,nan,nan,52927.009,-2276.6074,148.23064,-10.103213,0.70408228,70.507253,-463.91091,15111.111,0,0,0,0,0
1.105,1960.2105,97.605224,-4212.9616,157.42947,19.680955,327.78001,-0.0087856115,-1.1194806,0.12901825,0.03596333,0.025050824,-0.10936905,-0.004692485,-0.00037854651,0.019086274,0.89076076,-0.0031833118,-0.00043574902,0.0088401422,1,0,0,0.00051310132,-0.0020300632,1.1248759,364.15809,4212.9616,110.3678,15105.556,-1.1152197,nan,0.11361888,nan,nan,53118.434,-2283.2219,123.94745,-18.550817,0.69766864,63.695259,-430.07369,15105.556,0,0,0,0,0
1.11,1960.9982,97.703705,-4211.3215,157.68099,19.718563,328.35117,-0.0073828502,-1.1193536,0.12766074,0.036658926,0.028210011,-0.130951,-0.0042992917,-0.00039505069,0.016139918,0.89184879,-0.0028198864,-0.00046145008,0.0043506642,1,0,0,0.00070006752,-0.0014223196,1.1267831,364.78296,4211.3215,110.3339,15100,-1.1152775,nan,0.11354703,nan,nan,53310.146,-2289.8381,92.927937,-27.90788,0.69271915,55.165726,-375.68879,15100,0,0,0,0,0
1.115,1961.7871,97.80237,-4209.6786,157.93303,19.754335,328.92178,-0.0057674037,-1.1192116,0.12607062,0.037349951,0.030884903,-0.14924004,-0.0039194324,-0.00041396342,0.012840165,0.89292599,-0.0025044383,-0.00048943631,-0.0001471024,1,0,0,0.00090016796,-0.00071799309,1.1286891,365.40746,4209.6786,110.3,15094.444,-1.1153354,nan,0.11347496,nan,nan,53502.144,-2296.456,55.766925,-38.053451,0.68856586,45.208149,-300.98526,15094.444,0,0,0,0,0
1.12,1962.5772,97.90121,-4208.0329,158.18568,19.787958,329.49181,-0.0039779787,-1.1190564,0.12429085,0.038036881,0.033008044,-0.16319146,-0.0035617207,-0.00043519172,0.0092908579,0.89399245,-0.0022436907,-0.00051922712,-0.0044681165,1,0,0,0.0011107137,6.3496199e-05,1.1305938,366.03159,4208.0329,110.2661,15088.889,-1.1153933,nan,0.11340267,nan,nan,53694.427,-2303.0756,13.399261,-48.842988,0.68437581,34.17442,-207.39106,15088.889,0,0,0,0,0
1.125,1963.3687,98.000213,-4206.3843,158.439,19.819181,330.06125,-0.0020636227,-1.1188906,0.12237589,0.038719301,0.034531806,-0.17186274,-0.0032342238,-0.00045853648,0.0056153304,0.8950483,-0.0020423917,-0.00055021222,-0.0084205283,1,0,0,0.0013287444,0.00089785176,1.1324972,366.65535,4206.3843,110.2322,15083.333,-1.1154513,nan,0.1133302,nan,nan,53886.994,-2309.6966,-32.904226,-60.113499,0.67918391,22.464912,-97.633157,15083.333,0,0,0,0,0
1.13,1964.1614,98.099368,-4204.7328,158.69302,19.847827,330.63008,-8.2344789e-05,-1.1187169,0.12039015,0.039395794,0.035430585,-0.17448282,-0.0029439606,-0.00048368936,0.0019521368,0.89609362,-0.0019031592,-0.00058166835,-0.011815837,1,0,0,0.0015511354,0.001756596,1.1343993,367.27872,4204.7328,110.1983,15077.778,-1.1155093,nan,0.11325758,nan,nan,54079.843,-2316.3192,-81.562248,-71.689598,0.67193801,10.511717,24.238366,15077.778,0,0,0,0,0
1.135,1964.9553,98.19866,-4203.0786,158.94777,19.873813,331.1983,0.0019009705,-1.1185381,0.11840572,0.040063873,0.035702057,-0.17052159,-0.0026966462,-0.00051023534,-0.0015507284,0.89712854,-0.0018264085,-0.00061278469,-0.014480311,1,0,0,0.0017747131,0.002608107,1.1363001,367.90172,4203.0786,110.1644,15072.222,-1.1155674,nan,0.11318482,nan,nan,54272.973,-2322.9432,-130.71433,-83.390228,0.66155407,-1.240209,152.79423,15072.222,0,0,0,0,0
1.14,1965.7506,98.298077,-4201.4214,159.20325,19.897162,331.7659,0.0038173693,-1.1183577,0.11649921,0.040719972,0.035367391,-0.15976154,-0.0024964872,-0.00053766168,-0.004743114,0.89815315,-0.001810356,-0.00064269682,-0.016267875,1,0,0,0.0019963731,0.003419005,1.1381997,368.52433,4201.4214,110.1305,15066.667,-1.1156256,nan,0.11311197,nan,nan,54466.381,-2329.5685,-178.3269,-95.035753,0.64697844,-12.353121,281.62678,15066.667,0,0,0,0,0
1.145,1966.5471,98.397605,-4199.7615,159.45943,19.918004,332.33287,0.0055972157,-1.1181788,0.11474798,0.041359507,0.034470378,-0.14233113,-0.0023460353,-0.00056537349,-0.0074808771,0.89916755,-0.0018510947,-0.00067052734,-0.017069831,1,0,0,0.0022131963,0.0041558082,1.1400979,369.14655,4199.7615,110.0966,15061.111,-1.1156839,nan,0.11303904,nan,nan,54660.067,-2336.1951,-222.30398,-106.4551,0.62725367,-22.416937,403.73397,15061.111,0,0,0,0,0
1.15,1967.3449,98.497233,-4198.0987,159.71627,19.936587,332.89922,0.0071738826,-1.1180048,0.11322605,0.041976995,0.033075484,-0.11874248,-0.0022460995,-0.00059271551,-0.00963445,0.90017185,-0.0019427348,-0.00069542967,-0.016825516,1,0,0,0.0024225566,0.0047867392,1.1419947,369.76837,4198.0987,110.0627,15055.556,-1.1157422,nan,0.11296608,nan,nan,54854.03,-2342.823,-260.55159,-117.4926,0.60158242,-31.069146,511.56132,15055.556,0,0,0,0,0
1.155,1968.144,98.59695,-4196.433,159.97371,19.953266,333.46497,0.0084877485,-1.1178387,0.11199963,0.042566237,0.031264854,-0.089905927,-0.0021957203,-0.0006189992,-0.01109768,0.90116615,-0.0020776126,-0.00071663423,-0.0155309,1,0,0,0.002622216,0.005283672,1.1438903,370.3898,4196.433,110.0288,15050,-1.1158007,nan,0.11289309,nan,nan,55048.268,-2349.452,-291.12779,-128.01428,0.56938472,-38.013291,597.63179,15050,0,0,0,0,0
1.16,1968.9444,98.696747,-4194.7646,160.23167,19.968493,334.03012,0.0094901989,-1.1176831,0.11112267,0.043120558,0.0291344,-0.057114534,-0.0021922059,-0.00064353391,-0.011796145,0.90215054,-0.0022465683,-0.00073349217,-0.013243863,1,0,0,0.0028104012,0.0056240704,1.1457845,371.01084,4194.7646,109.9949,15044.444,-1.1158592,nan,0.11282009,nan,nan,55242.784,-2356.0823,-312.37865,-137.91314,0.53034364,-43.03507,655.09606,15044.444,0,0,0,0,0
1.165,1969.7461,98.796619,-4193.0933,160.49004,19.982803,334.59469,0.010147336,-1.1175399,0.11063273,0.043633081,0.026789091,-0.021998841,-0.0022312347,-0.00066565986,-0.011694256,0.90312513,-0.0024393035,-0.00074551078,-0.01008563,1,0,0,0.0029858581,0.0057927693,1.1476773,371.6315,4193.0933,109.961,15038.889,-1.1159178,nan,0.11274711,nan,nan,55437.576,-2362.7137,-323.07164,-147.11318,0.48443457,-46.015068,678.31647,15038.889,0,0,0,0,0
1.17,1970.5491,98.896561,-4191.4192,160.74873,19.99678,335.1587,0.010443096,-1.1174105,0.11054747,0.044097024,0.024337678,0.013549114,-0.002307026,-0.0006847793,-0.010800462,0.90409001,-0.0026448198,-0.00075237032,-0.0062377413,1,0,0,0.0031478799,0.0057834519,1.1495689,372.25177,4191.4192,109.9271,15033.333,-1.1159765,nan,0.11267414,nan,nan,55632.647,-2369.3464,-322.51604,-155.57197,0.43193425,-46.937069,663.43945,15033.333,0,0,0,0,0
1.175,1971.3533,98.996573,-4189.7423,161.00763,20.011034,335.72218,0.010381479,-1.1172951,0.11086222,0.044506001,0.021887108,0.047480793,-0.0024125839,-0.00070037941,-0.0091699155,0.90504528,-0.0028519395,-0.0007539011,-0.0019342325,1,0,0,0.0032963087,0.0055996719,1.1514592,372.87167,4189.7423,109.8932,15027.778,-1.1160353,nan,0.11260118,nan,nan,55827.999,-2375.9804,-310.65874,-163.28145,0.37340694,-45.890916,608.90467,15027.778,0,0,0,0,0
1.18,1972.1589,99.096658,-4188.0625,161.26662,20.026159,336.28515,0.0099876016,-1.1171935,0.11154877,0.044854291,0.019536946,0.077720691,-0.0025400127,-0.00071203247,-0.0069041002,0.90599104,-0.0030498901,-0.00074995941,0.0025509611,1,0,0,0.003431507,0.0052552881,1.1533483,373.49119,4188.0625,109.8593,15022.222,-1.1160941,nan,0.11252823,nan,nan,56023.631,-2382.6156,-288.14447,-170.26678,0.30966669,-43.069003,515.8355,15022.222,0,0,0,0,0
1.185,1972.9657,99.196821,-4186.38,161.52561,20.042701,336.84762,0.0093073739,-1.1171045,0.11255571,0.04513707,0.017374155,0.10231301,-0.0026808983,-0.00071932868,-0.00414707,0.90692737,-0.0032289191,-0.00073996959,0.006920918,1,0,0,0.0035543032,0.0047742103,1.1552361,374.11035,4186.38,109.8254,15016.667,-1.1161531,nan,0.11245528,nan,nan,56219.547,-2389.2522,-256.33057,-176.58337,0.24171607,-38.755826,388.25708,15016.667,0,0,0,0,0
1.19,1973.7739,99.29707,-4184.6946,161.78451,20.061115,337.40963,0.0084056448,-1.1170264,0.11381055,0.045350568,0.015468618,0.11957535,-0.0028267402,-0.00072154678,-0.0010782136,0.90785438,-0.003380888,-0.00072090623,0.010876069,1,0,0,0.0036659121,0.004189394,1.1571227,374.72915,4184.6946,109.7915,15011.111,-1.1162122,nan,0.1123823,nan,nan,56415.745,-2395.8901,-217.24891,-182.31207,0.17066221,-33.310522,233.09547,15011.111,0,0,0,0,0
1.195,1974.5833,99.397416,-4183.0065,162.04326,20.081734,337.97117,0.0073628014,-1.1169573,0.11522346,0.045492127,0.013869762,0.1282437,-0.0029694102,-0.00071569969,0.002098237,0.90877216,-0.0034997801,-0.00067314533,0.01413624,1,0,0,0.0037678366,0.0035410858,1.159008,375.34758,4183.0065,109.7576,15005.556,-1.1162714,nan,0.11230928,nan,nan,56612.225,-2402.5293,-173.47059,-187.55283,0.097609004,-27.143113,59.639448,15005.556,0,0,0,0,0
1.2,1975.394,99.49787,-4181.3155,162.30179,20.104747,338.53226,0.0062700165,-1.116895,0.11669261,0.045560183,0.01260457,0.12759202,-0.0031016003,-0.00067111631,0.0051661964,0.9096808,-0.0035820542,-0.0003179931,0.01646222,1,0,0,0.0038617564,0.0028744263,1.160892,375.96564,4181.3155,109.7237,15000,-1.1163307,nan,0.11223618,nan,nan,56808.988,-2409.1697,-128.05904,-192.41723,0.02389948,-20.686002,-120.2575,15000,0,0,0,0,0
1.205,1976.2061,99.598444,-4179.6217,162.56009,20.130168,339.09292,0.0052231991,-1.1168375,0.11811088,0.045558105,0.011677195,0.11755918,-0.0032172226,-0.00057602531,0.0079131637,0.91058039,-0.003626791,-0.00050324468,0.01768023,1,0,0,0.0039494121,0.002236431,1.1627748,376.58334,4179.6217,109.6898,14994.444,-1.11639,nan,0.11216298,nan,nan,57006.031,-2415.8114,-84.316056,-197.0205,-0.037895656,-14.363091,-293.32693,14994.444,0,0,0,0,0
1.21,1977.0194,99.699149,-4177.9251,162.81818,20.157839,339.65313,0.0043160128,-1.1167831,0.11937367,0.045496468,0.011070224,0.098789272,-0.0033117166,-0.00058498349,0.010146664,0.91147101,-0.0036355983,-0.00064363916,0.017698536,1,0,0,0.0040324926,0.0016725467,1.1646564,377.20067,4177.9251,109.6559,14988.889,-1.1164495,nan,0.11208966,nan,nan,57203.354,-2422.4541,-45.512177,-201.47354,-0.098178526,-8.5594946,-446.07816,14988.889,0,0,0,0,0
1.215,1977.834,99.799997,-4176.2257,163.07607,20.187432,340.2129,0.0036326298,-1.1167303,0.12038698,0.045372841,0.010747468,0.072624961,-0.003382234,-0.0006004602,0.011710022,0.91235277,-0.0036122849,-0.00065574662,0.016519141,1,0,0,0.0041125343,0.0012231407,1.1665366,377.81762,4176.2257,109.622,14983.333,-1.1165091,nan,0.11201619,nan,nan,57400.954,-2429.098,-14.645145,-205.87578,-0.16243014,-3.5949867,-565.80344,14983.333,0,0,0,0,0
1.22,1978.6499,99.900996,-4174.5235,163.33382,20.218471,340.77223,0.0032407552,-1.1166779,0.1210751,0.045183889,0.01065801,0.041040994,-0.0034276793,-0.00061280428,0.012496238,0.91322574,-0.0035623448,-0.00065405581,0.014242281,1,0,0,0.0041908392,0.00092017303,1.1684156,378.43419,4174.5235,109.5881,14977.778,-1.1165688,nan,0.11194255,nan,nan,57598.831,-2435.7429,5.8214607,-210.30934,-0.22907968,0.29604009,-641.78067,14977.778,0,0,0,0,0
1.225,1979.4671,100.00215,-4172.8186,163.59152,20.250366,341.33111,0.0031856406,-1.1166249,0.12138729,0.044927707,0.010741115,0.0065150922,-0.0034486073,-0.00062169259,0.012458567,0.91409002,-0.0034923274,-0.00065097834,0.011062355,1,0,0,0.0042684162,0.00078436274,1.1702933,379.05038,4172.8186,109.5542,14972.222,-1.1166286,nan,0.11186873,nan,nan,57796.985,-2442.3887,14.194744,-214.83492,-0.29702559,2.9761704,-666.41724,14972.222,0,0,0,0,0
1.23,1980.2855,100.10347,-4171.1108,163.84925,20.282455,341.88955,0.0034856648,-1.1165707,0.12130271,0.044603246,0.010931519,-0.028158004,-0.0034469972,-0.00062805204,0.0116165,0.91494569,-0.0034091883,-0.00064933725,0.0072548406,1,0,0,0.0043459491,0.00082314663,1.1721697,379.66619,4171.1108,109.5203,14966.667,-1.1166885,nan,0.11179473,nan,nan,57995.413,-2449.0355,9.739021,-219.48971,-0.36574733,4.4073973,-636.20996,14966.667,0,0,0,0,0
1.235,1981.1053,100.20494,-4169.4002,164.10709,20.314063,342.44753,0.0041300176,-1.1165148,0.12083298,0.044209793,0.011164601,-0.060097051,-0.0034259382,-0.0006328984,0.01005624,0.91579284,-0.0033197057,-0.00064983319,0.003154691,1,0,0,0.0044237915,0.0010296834,1.1740448,380.28162,4169.4002,109.4864,14961.111,-1.1167485,nan,0.11172055,nan,nan,58194.117,-2455.6832,-7.2109403,-224.28733,-0.43516245,4.6449986,-552.39803,14961.111,0,0,0,0,0
1.24,1981.9264,100.30658,-4167.6869,164.36513,20.344553,343.00506,0.0050788696,-1.1164569,0.12002202,0.043746595,0.01138103,-0.086590872,-0.0033892722,-0.00063704952,0.0079251316,0.91663155,-0.0032300261,-0.00065233668,-0.0008724042,1,0,0,0.0045019864,0.0013830803,1.1759186,380.89666,4167.6869,109.4525,14955.556,-1.1168087,nan,0.11164619,nan,nan,58393.095,-2462.3318,-35.228487,-229.21946,-0.50545187,3.8245546,-421.20275,14955.556,0,0,0,0,0
1.245,1982.7487,100.40836,-4165.9707,164.62346,20.373389,343.56212,0.0062662036,-1.116397,0.11894288,0.043212672,0.011530542,-0.10535751,-0.0033412349,-0.00064103952,0.0054201386,0.9174619,-0.003145361,-0.00065625081,-0.0044635485,1,0,0,0.0045803063,0.0018499132,1.177791,381.51132,4165.9707,109.4186,14950,-1.1168689,nan,0.11157167,nan,nan,58592.346,-2468.9812,-71.876525,-234.25907,-0.57688364,2.1444043,-253.57952,14950,0,0,0,0,0
1.25,1983.5723,100.51028,-4164.2518,164.88211,20.400176,344.11872,0.0076052239,-1.1163354,0.11769177,0.042606792,0.011574699,-0.11477947,-0.0032861305,-0.00064510251,0.0027710402,0.91828399,-0.0030698214,-0.00066068151,-0.0072938749,1,0,0,0.0046583092,0.0023869866,1.1796622,382.12559,4164.2518,109.3847,14944.444,-1.1169292,nan,0.11149702,nan,nan,58791.869,-2475.6314,-113.89316,-239.3645,-0.64964985,-0.15417142,-64.453392,14944.444,0,0,0,0,0
1.255,1984.3973,100.61233,-4162.5301,165.14112,20.424707,344.67484,0.0089959845,-1.1162728,0.1163795,0.041927607,0.011488527,-0.11408816,-0.0032280555,-0.00064919163,0.00021965723,0.91909789,-0.0030063461,-0.00066456682,-0.0091098875,1,0,0,0.0047354045,0.0029451468,1.181532,382.73947,4162.5301,109.3508,14938.889,-1.1169897,nan,0.11142225,nan,nan,58991.664,-2482.2823,-157.47166,-244.48433,-0.72372958,-2.8072648,128.53477,14938.889,0,0,0,0,0
1.26,1985.2235,100.7145,-4160.8056,165.40049,20.446981,345.23049,0.010334624,-1.1162104,0.11512125,0.041173909,0.011261081,-0.10348127,-0.0031706768,-0.00065302196,-0.0020031175,0.91990368,-0.0029566771,-0.00066680018,-0.0097580414,1,0,0,0.004810923,0.0034738408,1.1834005,383.35296,4160.8056,109.3169,14933.333,-1.1170503,nan,0.1113474,nan,nan,59191.728,-2488.9338,-198.5569,-249.56236,-0.79879071,-5.5481303,306.28448,14933.333,0,0,0,0,0
1.265,1986.051,100.81677,-4159.0784,165.66018,20.467202,345.78567,0.011523447,-1.1161495,0.11402536,0.040344964,0.010894974,-0.084136066,-0.0031170567,-0.00065613148,-0.0037003706,0.92070145,-0.0029213513,-0.00066635248,-0.0092032278,1,0,0,0.0048841863,0.0039260412,1.1852676,383.96605,4159.0784,109.283,14927.778,-1.117111,nan,0.11127248,nan,nan,59392.061,-2495.5861,-233.42275,-254.54265,-0.87414112,-8.1260603,451.42485,14927.778,0,0,0,0,0
1.27,1986.8798,100.91915,-4157.3483,165.92015,20.485762,346.34037,0.012480512,-1.1160916,0.11318262,0.039440875,0.01040496,-0.058097813,-0.0030695176,-0.0006579545,-0.0047289226,0.92149127,-0.002899706,-0.00066238278,-0.0075326196,1,0,0,0.0049545697,0.0042628733,1.1871335,384.57875,4157.3483,109.2491,14922.222,-1.1171718,nan,0.11119751,nan,nan,59592.663,-2502.2389,-258.88897,-259.37417,-0.94873574,-10.324152,549.03308,14922.222,0,0,0,0,0
1.275,1987.7099,101.02161,-4155.6155,166.18032,20.5032,346.89461,0.013147881,-1.1160377,0.11265713,0.038462912,0.0098156704,-0.028109428,-0.0030295437,-0.00065790099,-0.0050143983,0.92227322,-0.0028899302,-0.00065433026,-0.0049506645,1,0,0,0.005021555,0.0044575588,1.1889979,385.19106,4155.6155,109.2152,14916.667,-1.1172327,nan,0.11112252,nan,nan,59793.534,-2508.8923,-272.71341,-264.01498,-1.0212395,-11.97543,588.72362,14916.667,0,0,0,0,0
1.28,1988.5414,101.12416,-4153.8799,166.4406,20.520151,347.44839,0.013497682,-1.1159889,0.11247952,0.037413761,0.0091586055,0.002660536,-0.0029977289,-0.00065543503,-0.0045596282,0.92304738,-0.0028892038,-0.00064197879,-0.0017591653,1,0,0,0.0050847702,0.0044982443,1.1908611,385.80297,4153.8799,109.1813,14911.111,-1.1172938,nan,0.1110475,nan,nan,59994.676,-2515.5464,-273.86325,-268.43532,-1.0901409,-12.976119,566.08246,14911.111,0,0,0,0,0
1.285,1989.3741,101.2268,-4152.1416,166.70089,20.537273,348.00173,0.013535105,-1.1159454,0.11264365,0.036297645,0.0084686059,0.03095173,-0.0029737839,-0.00065014534,-0.003444918,0.92381384,-0.0028939604,-0.00062548556,0.0016746089,1,0,0,0.005144011,0.0043893041,1.192723,386.41451,4152.1416,109.1474,14905.556,-1.117355,nan,0.11097246,nan,nan,60196.089,-2522.2011,-262.65829,-272.61972,-1.153903,-13.294159,483.45814,14905.556,0,0,0,0,0
1.29,1990.2081,101.32952,-4150.4005,166.96112,20.555183,348.55463,0.013297861,-1.1159072,0.11310718,0.035120278,0.0077800838,0.053772164,-0.0029566204,-0.00064180049,-0.0018197356,0.92457266,-0.0029002768,-0.00060536904,0.0049586454,1,0,0,0.0051992453,0.004150896,1.1945835,387.02566,4150.4005,109.1135,14900,-1.1174163,nan,0.1108974,nan,nan,60397.775,-2528.8565,-240.76703,-276.56742,-1.2111344,-12.970883,350.00214,14900,0,0,0,0,0
1.295,1991.0434,101.43233,-4148.6566,167.2212,20.574385,349.10711,0.012851992,-1.1158736,0.11379629,0.033888654,0.0071234078,0.06874331,-0.0029445164,-0.00063038331,0.00011363847,0.92532392,-0.0029043465,-0.0005824563,0.007721314,1,0,0,0.0052505984,0.0038167401,1.1964428,387.63644,4148.6566,109.0796,14894.444,-1.1174777,nan,0.11082229,nan,nan,60599.733,-2535.5126,-211.04249,-280.29129,-1.2607566,-12.114341,180.86176,14894.444,0,0,0,0,0
1.3,1991.8801,101.53524,-4146.9099,167.48108,20.595215,349.65917,0.012284396,-1.1158437,0.11461396,0.032610672,0.0065218679,0.07437554,-0.0029353537,-0.00061610032,0.0021228092,0.9260677,-0.0029029561,-0.00055779455,0.0096542664,1,0,0,0.0052983231,0.0034303194,1.1983008,388.24684,4146.9099,109.0457,14888.889,-1.1175393,nan,0.11074713,nan,nan,60801.965,-2542.1693,-177.16199,-283.81518,-1.3021439,-10.884123,-4.7610987,14888.889,0,0,0,0,0
1.305,1992.718,101.63827,-4145.1605,167.74073,20.617808,350.21082,0.011692898,-1.1158166,0.11545104,0.031294645,0.0059896126,0.070268929,-0.002926898,-0.0005993653,0.0039718274,0.92680407,-0.0028938685,-0.00053253707,0.010551078,1,0,0,0.0053427582,0.003039923,1.2001575,388.85687,4145.1605,109.0118,14883.333,-1.117601,nan,0.11067189,nan,nan,61004.47,-2548.8267,-143.396,-287.17007,-1.3352147,-9.4693966,-184.47133,14883.333,0,0,0,0,0
1.31,1993.5572,101.7414,-4143.4084,168.00017,20.642074,350.76205,0.011174612,-1.1157914,0.11619924,0.029948741,0.0055308253,0.057196269,-0.0029170794,-0.00058075821,0.0054494263,0.92753311,-0.0028760353,-0.00050781247,0.010335662,1,0,0,0.0053842798,0.0026929075,1.202013,389.46652,4143.4084,108.9779,14877.778,-1.1176628,nan,0.11059656,nan,nan,61207.246,-2555.4847,-113.91202,-290.38955,-1.3604552,-8.063487,-336.70227,14877.778,0,0,0,0,0
1.315,1994.3977,101.84466,-4141.6535,168.2594,20.667717,351.31288,0.010814236,-1.1157673,0.1167641,0.028580426,0.0051402036,0.037010231,-0.0029042282,-0.00056096377,0.0063944644,0.92825489,-0.0028496028,-0.00048459608,0.0090713746,1,0,0,0.0054232544,0.0024300115,1.2038671,390.07579,4141.6535,108.944,14872.222,-1.1177247,nan,0.11052111,nan,nan,61410.294,-2562.1432,-92.319399,-293.50536,-1.3788676,-6.8392244,-443.04534,14872.222,0,0,0,0,0
1.32,1995.2396,101.94805,-4139.8958,168.5185,20.694274,351.86329,0.010673813,-1.1157437,0.11707645,0.027195995,0.0048045908,0.012423156,-0.0028872327,-0.00054069716,0.0067154071,0.92896947,-0.0028157318,-0.00046359991,0.0069535766,1,0,0,0.0054599971,0.0022804478,1.20572,390.68467,4139.8958,108.9101,14866.667,-1.1177868,nan,0.11044554,nan,nan,61613.61,-2568.8023,-81.20994,-296.54353,-1.3918433,-5.9290458,-490.72322,14866.667,0,0,0,0,0
1.325,1996.0827,102.05158,-4138.1354,168.77752,20.721174,352.41329,0.010785244,-1.1157204,0.11710067,0.025800257,0.0045054351,-0.013331447,-0.0028656015,-0.00052062605,0.0064012189,0.92967694,-0.0027762996,-0.00044519544,0.0042845703,1,0,0,0.0054947409,0.0022583989,1.2075715,391.29318,4138.1354,108.8762,14861.111,-1.117849,nan,0.11036984,nan,nan,61817.196,-2575.4617,-81.816514,-299.52174,-1.4009751,-5.4124999,-474.43086,14861.111,0,0,0,0,0
1.33,1996.9271,102.15524,-4136.3722,169.03655,20.747809,352.96288,0.011146626,-1.1156972,0.11683884,0.024396415,0.0042216626,-0.036915745,-0.0028394385,-0.00050129872,0.0055219563,0.93037737,-0.0027335657,-0.00042937985,0.0014336009,1,0,0,0.00552762,0.0023614168,1.2094217,391.90129,4136.3722,108.8423,14855.556,-1.1179114,nan,0.110294,nan,nan,62021.049,-2582.1216,-93.841721,-302.44786,-1.4078325,-5.3119452,-397.24476,14855.556,0,0,0,0,0
1.335,1997.7728,102.25903,-4134.6063,169.29565,20.77362,353.51205,0.011722994,-1.1156741,0.11632982,0.022986189,0.0039325542,-0.055329182,-0.0028093512,-0.0004830877,0.0042186754,0.93107081,-0.0026898687,-0.00041579129,-0.0012130965,1,0,0,0.0055586658,0.0025709913,1.2112706,392.50902,4134.6063,108.8084,14850,-1.1179738,nan,0.11021804,nan,nan,62225.17,-2588.7819,-115.48822,-305.32,-1.4137301,-5.5955425,-270.41096,14850,0,0,0,0,0
1.34,1998.6198,102.36295,-4132.8377,169.55486,20.798165,354.0608,0.012451484,-1.1156514,0.11564357,0.021570152,0.0036202982,-0.066314312,-0.0027763196,-0.00046615631,0.0026837369,0.93175735,-0.0026473851,-0.00040377193,-0.003305505,1,0,0,0.0055878168,0.0028552609,1.2131182,393.11635,4132.8377,108.7745,14844.444,-1.1180365,nan,0.11014197,nan,nan,62429.556,-2595.4424,-143.6956,-308.12752,-1.4195254,-6.1857255,-111.97282,14844.444,0,0,0,0,0
1.345,1999.4681,102.46699,-4131.0663,169.81424,20.821178,354.60913,0.013250297,-1.1156296,0.11487113,0.020148252,0.0032719926,-0.068667825,-0.0027415487,-0.00045045296,0.0011339972,0.93243705,-0.0026079438,-0.00039247098,-0.0045787436,1,0,0,0.005614939,0.0031735443,1.2149644,393.72329,4131.0663,108.7406,14838.889,-1.1180992,nan,0.1100658,nan,nan,62634.206,-2602.1033,-174.55911,-310.85309,-1.4254781,-6.9713282,55.630331,14838.889,0,0,0,0,0
1.35,2000.3177,102.57113,-4129.2921,170.07376,20.842601,355.15704,0.014030289,-1.1156095,0.1141117,0.018720436,0.0028809594,-0.062408222,-0.0027063166,-0.00043573388,-0.00021949523,0.93310999,-0.0025728737,-0.00038097384,-0.0048903963,1,0,0,0.0056398533,0.0034820913,1.2168093,394.32984,4129.2921,108.7067,14833.333,-1.1181621,nan,0.10998954,nan,nan,62839.121,-2608.7643,-203.86768,-313.47523,-1.4311969,-7.8221316,208.62982,14833.333,0,0,0,0,0
1.355,2001.1685,102.67539,-4127.5152,170.33342,20.86259,355.70453,0.014707605,-1.1155918,0.11345863,0.017287292,0.0024472838,-0.048780471,-0.0026718262,-0.00042161149,-0.0012011502,0.93377622,-0.0025428693,-0.00036843946,-0.0042414921,1,0,0,0.0056623675,0.0037402759,1.2186528,394.93599,4127.5152,108.67279,14827.778,-1.1182251,nan,0.10991322,nan,nan,63044.3,-2615.4256,-227.70138,-315.97138,-1.4356878,-8.6051367,325.33548,14827.778,0,0,0,0,0
1.36,2002.0207,102.77974,-4125.7356,170.59316,20.881487,356.25161,0.015215563,-1.1155774,0.11298612,0.015850598,0.0019775192,-0.030052859,-0.0026390637,-0.00040762163,-0.0016953205,0.93443581,-0.0025178909,-0.0003542263,-0.0027733457,1,0,0,0.0056823079,0.0039163342,1.220495,395.54175,4125.7356,108.63889,14822.222,-1.1182882,nan,0.10983685,nan,nan,63249.742,-2622.0871,-243.09258,-318.32098,-1.4375029,-9.2018291,390.0166,14822.222,0,0,0,0,0
1.365,2002.8742,102.88418,-4123.9533,170.85291,20.89976,356.79829,0.01551375,-1.1155668,0.11273916,0.014413693,0.0014835455,-0.0091734846,-0.002608676,-0.00039329984,-0.0016614598,0.93508884,-0.0024971403,-0.00033798559,-0.00074436892,1,0,0,0.005699548,0.0039916807,1.2223359,396.14711,4123.9533,108.60499,14816.667,-1.1183515,nan,0.10976044,nan,nan,63455.448,-2628.7488,-248.33453,-320.50846,-1.4349687,-9.5249132,394.44911,14816.667,0,0,0,0,0
1.37,2003.729,102.98872,-4122.1682,171.11259,20.917939,357.34457,0.015593258,-1.1155603,0.11272768,0.012981591,0.00098065609,0.010667025,-0.0025808872,-0.00037825542,-0.001138351,0.93573536,-0.0024791552,-0.00031971064,0.0015097361,1,0,0,0.0057140293,0.0039632879,1.2241755,396.75209,4122.1682,108.57109,14811.111,-1.118415,nan,0.10968399,nan,nan,63661.42,-2635.4107,-243.27689,-322.52549,-1.426463,-9.5319633,339.58246,14811.111,0,0,0,0,0
1.375,2004.5851,103.09335,-4120.3804,171.37214,20.936527,357.89046,0.015477175,-1.1155577,0.11292603,0.011560815,0.00048508868,0.026523127,-0.0025554738,-0.00036223273,-0.00023635641,0.93637544,-0.0024620414,-0.00029973428,0.0036289553,1,0,0,0.0057257708,0.0038437184,1.2260137,397.35668,4120.3804,108.53719,14805.556,-1.1184785,nan,0.1096075,nan,nan,63867.657,-2642.0728,-229.33791,-324.37225,-1.4106953,-9.2328885,235.47241,14805.556,0,0,0,0,0
1.38,2005.4425,103.19807,-4118.5898,171.6315,20.95593,358.43597,0.015216179,-1.1155586,0.11327784,0.01015897,1.136701e-05,0.036143081,-0.0025318152,-0.00034515058,0.00088124855,0.93700914,-0.002443813,-0.000278674,0.0052854919,1,0,0,0.0057348671,0.0036587756,1.2278506,397.96089,4118.5898,108.50329,14800,-1.1185422,nan,0.10953096,nan,nan,64074.159,-2648.7351,-209.2295,-326.05722,-1.3869463,-8.6886336,99.467491,14800,0,0,0,0,0
1.385,2006.3011,103.30289,-4116.7966,171.89062,20.976395,358.98111,0.014879999,-1.1155623,0.11370562,0.0087840946,-0.0004300846,0.038308788,-0.002509015,-0.00032711414,0.0020248059,0.93763654,-0.0024227664,-0.00025733441,0.0062348962,1,0,0,0.0057414732,0.0034431655,1.2296863,398.56471,4116.7966,108.46939,14794.444,-1.1186061,nan,0.10945436,nan,nan,64280.928,-2655.3977,-186.62629,-327.59558,-1.3552248,-8.0003044,-45.757293,14794.444,0,0,0,0,0
1.39,2007.1611,103.40781,-4115.0006,172.14949,20.997973,359.52587,0.014545847,-1.115568,0.11412356,0.0074439102,-0.00083459518,0.033040859,-0.0024860735,-0.00030839764,0.0030092083,0.93825768,-0.0023977958,-0.00023658016,0.0063570657,1,0,0,0.0057457804,0.0032347407,1.2315206,399.16815,4115.0006,108.43549,14788.889,-1.1186701,nan,0.10937768,nan,nan,64487.962,-2662.0604,-165.48971,-329.0064,-1.316309,-7.290368,-176.41132,14788.889,0,0,0,0,0
1.395,2008.0224,103.51285,-4113.2018,172.40813,21.020518,360.07027,0.01428573,-1.115575,0.1144517,0.006145074,-0.0012038429,0.021566605,-0.0024620746,-0.00028940057,0.0036837517,0.93887264,-0.0023685712,-0.00021720022,0.0056729016,1,0,0,0.0057479863,0.0030682876,1.2333536,399.77121,4113.2018,108.40159,14783.333,-1.1187342,nan,0.10930093,nan,nan,64695.261,-2668.7232,-149.41104,-330.30916,-1.2716622,-6.6797656,-271.55959,14783.333,0,0,0,0,0
1.4,2008.8849,103.61799,-4111.4004,172.66657,21.043718,360.61429,0.014154889,-1.1155828,0.11462878,0.0048925671,-0.001545288,0.0060955352,-0.0024363456,-0.00027058487,0.0039557707,0.93948147,-0.0023355458,-0.00019978759,0.0043378965,1,0,0,0.0057482648,0.0029699475,1.2351853,400.37389,4111.4004,108.36769,14777.778,-1.1187985,nan,0.10922407,nan,nan,64902.824,-2675.3862,-141.02945,-331.52024,-1.2232294,-6.2658968,-316.57375,14777.778,0,0,0,0,0
1.405,2009.7488,103.72326,-4109.5962,172.92486,21.06715,361.15794,0.014183232,-1.1155912,0.11462175,0.0036893227,-0.0018705838,-0.010570605,-0.002408562,-0.00025240374,0.0038041996,0.94008424,-0.0022998092,-0.00018465365,0.0026126894,1,0,0,0.0057467422,0.0029531782,1.2370157,400.97617,4109.5962,108.33379,14772.222,-1.1188629,nan,0.10914712,nan,nan,65110.65,-2682.0492,-141.6,-332.65025,-1.1731487,-6.105973,-305.62646,14772.222,0,0,0,0,0
1.41,2010.6139,103.82864,-4107.7894,173.18304,21.090358,361.70122,0.014371235,-1.1156,0.11443038,0.0025361631,-0.0021933034,-0.025528826,-0.0023787787,-0.00023523378,0.0032807295,0.94068101,-0.0022628439,-0.00017179167,0.00081542288,1,0,0,0.0057434814,0.0030169414,1.2388448,401.57806,4107.7894,108.29989,14766.667,-1.1189275,nan,0.10907006,nan,nan,65318.738,-2688.7123,-150.80098,-333.70238,-1.1234251,-6.2085722,-242.6764,14766.667,0,0,0,0,0
1.415,2011.4803,103.93414,-4105.9798,173.44118,21.112933,362.24412,0.014690982,-1.1156094,0.11408603,0.0014320591,-0.0025264217,-0.036281606,-0.0023473946,-0.00021932199,0.0024983726,0.94127183,-0.0022262454,-0.00016089518,-0.0007357541,1,0,0,0.0057384791,0.0031464219,1.2406725,402.17957,4105.9798,108.26599,14761.111,-1.1189922,nan,0.10899292,nan,nan,65527.087,-2695.3753,-166.81844,-334.67218,-1.0756242,-6.5341774,-140.72267,14761.111,0,0,0,0,0
1.42,2012.3481,104.03975,-4104.1675,173.6993,21.134579,362.78665,0.015092164,-1.1156198,0.11364496,0.00037466967,-0.0028799945,-0.041168739,-0.0023150621,-0.00020475627,0.0016094857,0.94185677,-0.0021914548,-0.00015142763,-0.0017796852,1,0,0,0.005731674,0.0033161405,1.2424989,402.78067,4104.1675,108.23209,14755.556,-1.1190571,nan,0.10891568,nan,nan,65735.697,-2702.0382,-186.69683,-335.54871,-1.030642,-7.0038127,-19.417501,14755.556,0,0,0,0,0
1.425,2013.2171,104.14546,-4102.3524,173.95742,21.155167,363.3288,0.015511906,-1.1156318,0.11317745,-0.00063893419,-0.0032594123,-0.039645123,-0.0022825617,-0.00019146394,0.00077724001,0.94243588,-0.0021595308,-0.00014273018,-0.0021582138,1,0,0,0.0057229656,0.0034948876,1.244324,403.38139,4102.3524,108.19819,14750,-1.1191221,nan,0.10883838,nan,nan,65944.566,-2708.7011,-206.89505,-336.31672,-0.98859648,-7.5139394,98.56199,14750,0,0,0,0,0
1.43,2014.0874,104.25128,-4100.5347,174.21551,21.174746,363.87059,0.015886626,-1.115646,0.11275452,-0.0016114931,-0.0036645041,-0.032352062,-0.0022506619,-0.000179238,0.00014576736,0.94300922,-0.0021309815,-0.00013414769,-0.0018425568,1,0,0,0.0057122391,0.0036515702,1.2461477,403.98171,4100.5347,108.16429,14744.444,-1.1191872,nan,0.108761,nan,nan,66153.694,-2715.3638,-223.94715,-336.95959,-0.94886153,-7.9553283,191.73053,14744.444,0,0,0,0,0
1.435,2014.959,104.35719,-4098.7143,174.47356,21.193529,364.412,0.016163721,-1.1156629,0.11243495,-0.002544875,-0.0040896466,-0.020968567,-0.0022199835,-0.00016778558,-0.00018549976,0.94357686,-0.0021056756,-0.0001251496,-0.00093511204,1,0,0,0.0056993934,0.0037608866,1.24797,404.58163,4098.7143,108.13039,14738.889,-1.1192525,nan,0.10868358,nan,nan,66363.081,-2722.0264,-235.09408,-337.46253,-0.91024198,-8.2332406,243.7359,14738.889,0,0,0,0,0
1.44,2015.8319,104.46319,-4096.8911,174.7315,21.211848,364.95306,0.016310911,-1.115683,0.1122549,-0.0034396126,-0.0045248896,-0.0078676138,-0.0021908881,-0.00015678939,-0.00017856014,0.94413883,-0.0020828593,-0.00011542336,0.00035389988,1,0,0,0.0056843657,0.0038077814,1.2497911,405.18116,4096.8911,108.09649,14733.333,-1.119318,nan,0.10860611,nan,nan,66572.728,-2728.6888,-238.82858,-337.81555,-0.87125641,-8.2857258,246.7,14733.333,0,0,0,0,0
1.445,2016.706,104.56929,-4095.0653,174.98929,21.230085,365.49375,0.016321428,-1.1157062,0.11222213,-0.0042947499,-0.0049579346,0.0043648873,-0.0021634141,-0.00014597016,0.00013870913,0.94469522,-0.0020612987,-0.00010492255,0.0017513968,1,0,0,0.0056671486,0.003789807,1.2516108,405.7803,4095.0653,108.06259,14727.778,-1.1193835,nan,0.10852859,nan,nan,66782.634,-2735.3511,-235.09961,-338.01551,-0.83047484,-8.096419,202.25149,14727.778,0,0,0,0,0
1.45,2017.5815,104.67548,-4093.2367,175.24686,21.248594,366.03411,0.016214177,-1.1157325,0.11231579,-0.0051080279,-0.0053766165,0.013421721,-0.0021372754,-0.00013513853,0.00068071374,0.94524606,-0.0020395361,-9.3862042e-05,0.002975381,1,0,0,0.0056477965,0.0037170126,1.2534291,406.37905,4093.2367,108.02869,14722.222,-1.1194493,nan,0.10845103,nan,nan,66992.8,-2742.0133,-225.28477,-338.06684,-0.78684374,-7.6985251,121.07771,14722.222,0,0,0,0,0
1.455,2018.4582,104.78176,-4091.4055,175.50419,21.267637,366.57412,0.016028996,-1.1157615,0.11249179,-0.0058763687,-0.0057713922,0.017723509,-0.0021119284,-0.00012422693,0.0013231871,0.94579141,-0.0020162096,-8.2663103e-05,0.0037917255,1,0,0,0.0056264191,0.0036094497,1.2552462,406.97741,4091.4055,107.99479,14716.667,-1.1195152,nan,0.10837341,nan,nan,67203.227,-2748.6753,-211.92875,-337.98077,-0.73993427,-7.16822,21.000636,14716.667,0,0,0,0,0
1.46,2019.3363,104.88813,-4089.5715,175.76124,21.287335,367.11379,0.015817865,-1.1157925,0.1126925,-0.0065965595,-0.0061372897,0.016712055,-0.0020866961,-0.00011329594,0.0019295262,0.94633133,-0.0019903585,-7.1858553e-05,0.0040600147,1,0,0,0.0056031638,0.0034927441,1.2570619,407.57539,4089.5715,107.96089,14711.111,-1.1195812,nan,0.10829573,nan,nan,67413.913,-2755.3371,-198.16142,-337.77295,-0.69006177,-6.6082016,-77.020886,14711.111,0,0,0,0,0
1.465,2020.2156,104.99461,-4087.7349,176.01802,21.307647,367.65312,0.015633981,-1.115825,0.11285898,-0.0072659956,-0.006474864,0.010926834,-0.0020609204,-0.0001025147,0.0023787217,0.94686588,-0.001961632,-6.1978905e-05,0.0037587182,1,0,0,0.0055781906,0.0033927071,1.2588763,408.17297,4087.7349,107.92699,14705.556,-1.1196474,nan,0.10821799,nan,nan,67624.859,-2761.9988,-187.05524,-337.46024,-0.6382497,-6.1249112,-153.1623,14705.556,0,0,0,0,0
1.47,2021.0962,105.10119,-4085.8956,176.27454,21.328392,368.19212,0.015520967,-1.1158586,0.11294295,-0.0078833246,-0.0067899312,0.0018563129,-0.0020341066,-9.2120174e-05,0.0025892014,0.9473951,-0.0019303444,-5.3443009e-05,0.002985298,1,0,0,0.0055516444,0.0033300977,1.2606894,408.77017,4085.8956,107.89309,14700,-1.1197137,nan,0.10814017,nan,nan,67836.063,-2768.6602,-180.99497,-337.0571,-0.58604486,-5.8048878,-192.81641,14700,0,0,0,0,0
1.475,2021.9781,105.20788,-4084.0535,176.53084,21.349285,368.73079,0.015504431,-1.115893,0.11291619,-0.008448859,-0.0070921439,-0.0084051968,-0.002006025,-8.2364332e-05,0.0025337329,0.94791904,-0.0018973732,-4.6475571e-05,0.0019312573,1,0,0,0.0055236318,0.0033166101,1.2625012,409.36698,4084.0535,107.85919,14694.444,-1.1197802,nan,0.10806228,nan,nan,68047.526,-2775.3213,-181.20222,-336.57276,-0.5352214,-5.6959914,-189.54771,14694.444,0,0,0,0,0
1.48,2022.8613,105.31466,-4082.2088,176.78696,21.370008,369.26911,0.015587594,-1.1159281,0.11277542,-0.0089646662,-0.0073927507,-0.017620878,-0.0019767489,-7.3460483e-05,0.0022424362,0.94843778,-0.0018639351,-4.1068086e-05,0.00083772328,1,0,0,0.0054942065,0.0033529012,1.2643116,409.96339,4082.2088,107.82529,14688.889,-1.1198468,nan,0.10798431,nan,nan,68259.246,-2781.9822,-187.51569,-336.00947,-0.48743675,-5.7978061,-146.27473,14688.889,0,0,0,0,0
1.485,2023.7457,105.42155,-4080.3614,177.04291,21.390277,369.80711,0.015751816,-1.115964,0.11254165,-0.0094343193,-0.0077020604,-0.023894248,-0.0019466231,-6.5539985e-05,0.0017935189,0.94895134,-0.0018313029,-3.6990282e-05,-5.8570216e-05,1,0,0,0.005463367,0.0034290283,1.2661207,410.55941,4080.3614,107.79139,14683.333,-1.1199135,nan,0.10790626,nan,nan,68471.222,-2788.6427,-198.47308,-335.36243,-0.44391334,-6.0630733,-74.413591,14683.333,0,0,0,0,0
1.49,2024.6314,105.52855,-4078.5113,177.29874,21.409901,370.34476,0.015961795,-1.1160012,0.11225443,-0.0098623637,-0.0080271792,-0.026066122,-0.0019161759,-5.8628036e-05,0.0012940088,0.94945979,-0.0018005289,-3.3848162e-05,-0.0005768925,1,0,0,0.0054310662,0.0035271436,1.2679284,411.15504,4078.5113,107.75749,14677.778,-1.1199805,nan,0.10782815,nan,nan,68683.454,-2795.3028,-211.67507,-334.62127,-0.40521603,-6.4094071,8.8353333,14677.778,0,0,0,0,0
1.495,2025.5184,105.63563,-4076.6585,177.55443,21.428816,370.88208,0.016174179,-1.11604,0.11196224,-0.010253615,-0.0083705116,-0.023939074,-0.0018859957,-5.264297e-05,0.00085493725,0.94996317,-0.0017722267,-3.1174662e-05,-0.00063024479,1,0,0,0.0053972309,0.0036258004,1.2697348,411.75027,4076.6585,107.72359,14672.222,-1.1200475,nan,0.10774998,nan,nan,68895.941,-2801.9625,-224.34824,-333.77268,-0.3711742,-6.7384674,84.454502,14672.222,0,0,0,0,0
1.5,2026.4067,105.74281,-4074.803,177.80997,21.4471,371.41907,0.0163476,-1.1160807,0.11171132,-0.010612445,-0.0087293434,-0.018281469,-0.0018565993,-4.7418266e-05,0.0005666108,0.95046154,-0.0017464515,-2.853194e-05,-0.00024089389,1,0,0,0.0053617867,0.0037048759,1.2715399,412.34511,4074.803,107.68969,14666.667,-1.1201147,nan,0.10767175,nan,nan,69108.683,-2808.6218,-233.97859,-332.80374,-0.34096542,-6.9584318,135.93162,14666.667,0,0,0,0,0
1.505,2027.2963,105.85008,-4072.9448,178.06533,21.464938,371.95573,0.016451838,-1.1161239,0.11153548,-0.010942209,-0.0090965915,-0.010613348,-0.0018283196,-4.2741496e-05,0.00047952246,0.95095495,-0.0017227024,-2.5602141e-05,0.00046948054,1,0,0,0.0053246828,0.0037499905,1.2733436,412.93954,4072.9448,107.65579,14661.111,-1.1201821,nan,0.10759348,nan,nan,69321.68,-2815.2807,-238.87083,-331.70511,-0.31334087,-7.0049652,152.94496,14661.111,0,0,0,0,0
1.51,2028.1871,105.95744,-4071.084,178.32048,21.482583,372.49206,0.016474071,-1.1161695,0.11144915,-0.011244943,-0.009462555,-0.0028267437,-0.0018012378,-3.8400848e-05,0.00059508979,0.95144344,-0.0017000501,-2.2246549e-05,0.0013122952,1,0,0,0.0052859097,0.0037554358,1.275146,413.53359,4071.084,107.62189,14655.556,-1.1202496,nan,0.10751516,nan,nan,69534.931,-2821.9391,-238.50499,-330.47332,-0.28693947,-6.855973,133.55636,14655.556,0,0,0,0,0
1.515,2029.0792,106.06489,-4069.2204,178.57537,21.500288,373.02808,0.016420853,-1.1162175,0.11144518,-0.011521382,-0.0098172656,0.0032684594,-0.001775174,-3.4228477e-05,0.00086807229,0.95192707,-0.0016773693,-1.8520774e-05,0.0020791737,1,0,0,0.0052455083,0.003724984,1.276947,414.12724,4069.2204,107.58799,14650,-1.1203173,nan,0.10743679,nan,nan,69748.438,-2828.5971,-233.60993,-329.11177,-0.26061696,-6.5364363,84.401199,14650,0,0,0,0,0
1.52,2029.9726,106.17243,-4067.3542,178.82997,21.518249,373.56379,0.016315496,-1.1162676,0.11149776,-0.011771295,-0.010152876,0.0063648381,-0.0017497418,-3.013097e-05,0.0012197543,0.95240588,-0.0016536221,-1.4644085e-05,0.0025921703,1,0,0,0.0052035656,0.003670457,1.2787467,414.72051,4067.3542,107.55409,14644.444,-1.1203851,nan,0.10735838,nan,nan,69962.2,-2835.2546,-225.94022,-327.62995,-0.23371205,-6.1117256,18.840429,14644.444,0,0,0,0,0
1.525,2030.8673,106.28006,-4065.4853,179.08427,21.536563,374.09919,0.016191631,-1.1163195,0.1115696,-0.011994032,-0.010465497,0.0059443553,-0.0017244521,-2.6100576e-05,0.0015584417,0.95287992,-0.0016281181,-1.0931902e-05,0.0027449582,1,0,0,0.0051601998,0.003608466,1.2805451,415.31338,4065.4853,107.52019,14638.889,-1.120453,nan,0.10727992,nan,nan,70176.217,-2841.9116,-217.81431,-326.0413,-0.20618732,-5.6707037,-46.466429,14638.889,0,0,0,0,0
1.53,2031.7632,106.38778,-4063.6137,179.33826,21.555207,374.63428,0.016084602,-1.1163728,0.11162153,-0.012189157,-0.010756006,0.0023654049,-0.0016988406,-2.2205538e-05,0.0018021287,0.95334924,-0.00160068,-7.7089642e-06,0.0025251516,1,0,0,0.0051155382,0.0035561625,1.2823421,415.90585,4063.6137,107.48629,14633.333,-1.1205211,nan,0.1072014,nan,nan,70390.488,-2848.5682,-211.53026,-324.35995,-0.17861238,-5.3028514,-95.71774,14633.333,0,0,0,0,0
1.535,2032.6604,106.49559,-4061.7395,179.59196,21.574053,375.16906,0.016022857,-1.1164272,0.11162204,-0.012357,-0.011029643,-0.0032668921,-0.0016725842,-1.8562928e-05,0.0018977648,0.95381389,-0.0015716668,-5.2249375e-06,0.0020127013,1,0,0,0.005069694,0.0035270645,1.2841378,416.49794,4061.7395,107.45239,14627.778,-1.1205894,nan,0.10712283,nan,nan,70605.013,-2855.2242,-208.80445,-322.5975,-0.15199635,-5.0755005,-117.82134,14627.778,0,0,0,0,0
1.54,2033.5589,106.6035,-4059.8626,179.84538,21.592904,375.70354,0.016021449,-1.1164824,0.11155451,-0.012498987,-0.011294499,-0.0094100047,-0.0016455759,-1.5301438e-05,0.0018325093,0.9542739,-0.0015418558,-3.5929856e-06,0.0013553546,1,0,0,0.0050227469,0.0035279748,1.2859322,417.08963,4059.8626,107.41849,14622.222,-1.1206578,nan,0.10704419,nan,nan,70819.791,-2861.8797,-210.3726,-320.76043,-0.12751362,-5.0172912,-108.98048,14622.222,0,0,0,0,0
1.545,2034.4586,106.7115,-4057.983,180.09855,21.611549,376.23771,0.016079165,-1.1165384,0.11142046,-0.012617687,-0.011559321,-0.014491038,-0.0016179408,-1.2523741e-05,0.0016344583,0.95472934,-0.0015122205,-2.7655716e-06,0.00072797075,1,0,0,0.0049747336,0.0035577187,1.2877252,417.68093,4057.983,107.38459,14616.667,-1.1207263,nan,0.10696549,nan,nan,71034.822,-2868.5345,-215.85035,-318.84903,-0.1061941,-5.112142,-73.373942,14616.667,0,0,0,0,0
1.55,2035.3596,106.8196,-4056.1008,180.35149,21.629814,376.77157,0.016179889,-1.1165955,0.11123794,-0.012716553,-0.011831234,-0.017305788,-0.0015899915,-1.0277773e-05,0.0013630467,0.95518024,-0.0014836704,-2.5519658e-06,0.00028652988,1,0,0,0.004925649,0.0036079458,1.2895169,418.27183,4056.1008,107.35069,14611.111,-1.120795,nan,0.10688674,nan,nan,71250.104,-2875.1888,-223.88324,-316.85785,-0.088657223,-5.3050342,-21.780711,14611.111,0,0,0,0,0
1.555,2036.2619,106.92778,-4054.2158,180.6042,21.647605,377.30513,0.016297671,-1.1166538,0.11103592,-0.012799436,-0.012113958,-0.017307582,-0.0015621378,-8.5436364e-06,0.0010919596,0.95562665,-0.001456821,-2.6712071e-06,0.00012888525,1,0,0,0.0048754592,0.0036657125,1.2913072,418.86234,4054.2158,107.31679,14605.556,-1.1208638,nan,0.10680793,nan,nan,71465.638,-2881.8423,-232.54124,-314.77772,-0.07495759,-5.517751,31.464746,14605.556,0,0,0,0,0
1.56,2037.1654,107.03605,-4052.3282,180.85668,21.664929,377.83839,0.016404058,-1.1167136,0.11084616,-0.01287001,-0.01240698,-0.014713954,-0.0015347759,-7.2386351e-06,0.00088924855,0.95606861,-0.0014318494,-2.8253535e-06,0.00027234075,1,0,0,0.00482412,0.0037171092,1.2930962,419.45245,4052.3282,107.28289,14600,-1.1209328,nan,0.10672908,nan,nan,71681.423,-2888.4953,-239.84887,-312.59864,-0.064579995,-5.6702374,72.361505,14600,0,0,0,0,0
1.565,2038.0702,107.14441,-4050.438,181.10891,21.681883,378.37134,0.016475682,-1.1167751,0.11069471,-0.012931245,-0.012705875,-0.010408392,-0.001508187,-6.2381418e-06,0.00079995415,0.95650617,-0.0014084694,-2.7730866e-06,0.00065348736,1,0,0,0.0047715984,0.0037509429,1.2948839,420.04216,4050.438,107.24899,14594.444,-1.121002,nan,0.10665018,nan,nan,71897.459,-2895.1475,-244.30764,-310.31287,-0.056581956,-5.7019306,90.928581,14594.444,0,0,0,0,0
1.57,2038.9762,107.25286,-4048.5451,181.36087,21.698625,378.904,0.016500088,-1.1168385,0.11059549,-0.012985075,-0.01300366,-0.0056694583,-0.0014824696,-5.406044e-06,0.00083572325,0.95693937,-0.0013860284,-2.3843385e-06,0.0011496469,1,0,0,0.0047178894,0.0037615045,1.2966701,420.63147,4048.5451,107.21509,14588.889,-1.1210712,nan,0.10657124,nan,nan,72113.745,-2901.799,-245.27144,-307.9172,-0.049842496,-5.5874402,83.701841,14588.889,0,0,0,0,0
1.575,2039.8835,107.36138,-4046.6495,181.61252,21.715325,379.43637,0.016478346,-1.1169038,0.11054733,-0.013032333,-0.013292794,-0.0018055734,-0.0014575242,-4.6262502e-06,0.00097390278,0.95736826,-0.0013637024,-1.6623504e-06,0.0016154098,1,0,0,0.0046630251,0.00374972,1.2984551,421.22039,4046.6495,107.18119,14583.333,-1.1211407,nan,0.10649226,nan,nan,72330.282,-2908.4498,-243.07715,-305.41411,-0.043347844,-5.3423638,54.385533,14583.333,0,0,0,0,0
1.58,2040.7921,107.46999,-4044.7512,181.86385,21.732121,379.96844,0.016423848,-1.1169708,0.11053537,-0.013072964,-0.013567278,0.000202058,-0.0014330926,-3.8268667e-06,0.0011659509,0.95779287,-0.0013407335,-7.2884708e-07,0.0019237407,1,0,0,0.0046070727,0.0037224483,1.3002387,421.80892,4044.7512,107.14729,14577.778,-1.1212102,nan,0.10641324,nan,nan,72547.069,-2915.1613,-238.86994,-302.77501,-0.036353815,-5.3143635,12.747516,14577.778,0,0,0,0,0
1.585,2041.7019,107.57869,-4042.8503,182.11483,21.749085,380.50023,0.016357696,-1.1170392,0.11053617,-0.013106152,-0.013884362,4.3910812e-06,-0.001409555,-2.9912679e-06,0.0013530926,0.95821326,-0.0013232477,2.1976746e-07,0.002006182,1,0,0,0.0045500628,0.0036901486,1.3020209,422.39704,4042.8503,107.11339,14572.222,-1.1212799,nan,0.10633418,nan,nan,72764.103,-2922.2704,-234.15167,-299.79764,-0.028391365,-7.0005468,-27.127284,14572.222,0,0,0,0,0
1.59,2042.613,107.68747,-4040.9468,182.36545,21.766204,381.03171,0.016301698,-1.1171093,0.11052551,-0.013131332,-0.014278257,-0.0020865775,-0.0013887329,-2.1526102e-06,0.0014847161,0.95862946,-0.0013149084,9.8596674e-07,0.0018660959,1,0,0,0.0044916864,0.0036634073,1.3038017,422.98474,4040.9468,107.07949,14566.667,-1.1213498,nan,0.10625508,nan,nan,72981.379,-2929.3814,-230.6986,-296.66467,-0.020414821,-8.054557,-55.413538,14566.667,0,0,0,0,0
1.595,2043.5253,107.79633,-4039.0405,182.61571,21.783392,381.56291,0.016272468,-1.1171813,0.11048494,-0.013148716,-0.014710243,-0.0052994073,-0.0013715017,-1.3739983e-06,0.0015307419,0.95904151,-0.001311431,1.4284555e-06,0.0015648986,1,0,0,0.0044316525,0.0036500953,1.3055811,423.57203,4039.0405,107.04559,14561.111,-1.1214198,nan,0.10617592,nan,nan,73198.898,-2936.4941,-229.54071,-293.34086,-0.013022172,-8.2799383,-65.49511,14561.111,0,0,0,0,0
1.6,2044.4389,107.90528,-4037.1317,182.86561,21.800527,382.09381,0.01627752,-1.1172552,0.11040615,-0.013159153,-0.015137171,-0.0086315671,-0.0013574784,-7.2428695e-07,0.0014876856,0.95944946,-0.0013080794,1.4938779e-06,0.00120238,1,0,0,0.0043698815,0.0036535563,1.3073591,424.1589,4037.1317,107.01169,14555.556,-1.1214899,nan,0.10609672,nan,nan,73416.657,-2943.6087,-230.97227,-289.826,-0.0068633714,-7.7487768,-56.430443,14555.556,0,0,0,0,0
1.605,2045.3537,108.01432,-4035.2201,183.11517,21.817483,382.62442,0.016314121,-1.1173308,0.11029223,-0.013164091,-0.015524185,-0.011148864,-0.0013454072,-2.5520587e-07,0.0013769753,0.95985335,-0.0013010611,1.225069e-06,0.00088528172,1,0,0,0.0043064957,0.0036721421,1.3091357,424.74535,4035.2201,106.97779,14550,-1.1215602,nan,0.10601747,nan,nan,73634.657,-2950.7251,-234.54253,-286.14827,-0.0024238121,-6.7231548,-32.655096,14550,0,0,0,0,0
1.61,2046.2698,108.12344,-4033.3059,183.36438,21.834171,383.15474,0.016371079,-1.1174082,0.11015565,-0.013165347,-0.015852385,-0.012236498,-0.0013336993,1.4231583e-08,0.0012365393,0.96025321,-0.0012883608,7.4160948e-07,0.00069704483,1,0,0,0.004241757,0.0037001729,1.3109108,425.33138,4033.3059,106.94389,14544.444,-1.1216306,nan,0.10593818,nan,nan,73852.897,-2957.8432,-239.25339,-282.35123,0.00012210882,-5.5418951,-2.2242456,14544.444,0,0,0,0,0
1.615,2047.1871,108.23264,-4031.3891,183.61324,21.850554,383.68479,0.016432698,-1.117487,0.11001388,-0.013164771,-0.016120453,-0.011736935,-0.0013209445,1.0246991e-07,0.0011086605,0.9606491,-0.0012699047,2.0095559e-07,0.00067701567,1,0,0,0.0041759806,0.0037299132,1.3126846,425.91699,4031.3891,106.90999,14538.889,-1.1217012,nan,0.10585884,nan,nan,74071.377,-2964.9631,-243.88926,-278.47948,0.00095412454,-4.5110876,25.775336,14538.889,0,0,0,0,0
1.62,2048.1057,108.34193,-4029.4696,183.86175,21.866659,384.21455,0.016483569,-1.1175671,0.10988408,-0.013163905,-0.016341105,-0.0099475146,-0.0013062618,5.9112181e-08,0.0010278352,0.96104103,-0.0012471542,-2.4706856e-07,0.00081395875,1,0,0,0.0041094522,0.0037539186,1.3144569,426.50218,4029.4696,106.87609,14533.333,-1.1217719,nan,0.10577947,nan,nan,74290.096,-2972.0847,-247.37503,-274.56722,0.0005448766,-3.8276375,43.844272,14533.333,0,0,0,0,0
1.625,2049.0255,108.45129,-4027.5475,184.1099,21.882556,384.74402,0.01651281,-1.1176485,0.10977835,-0.013163746,-0.016534496,-0.0074923115,-0.0012894255,-4.9531864e-08,0.001012007,0.96142907,-0.0012223638,-4.9913141e-07,0.0010542678,1,0,0,0.0040423727,0.0037670655,1.3162277,427.08695,4027.5475,106.84219,14527.778,-1.1218428,nan,0.10570005,nan,nan,74509.053,-2979.2081,-249.05989,-270.63212,-0.00047770637,-3.5497186,47.989972,14527.778,0,0,0,0,0
1.63,2049.9465,108.56074,-4025.6227,184.35768,21.898338,385.27322,0.016516616,-1.117731,0.10970091,-0.013164653,-0.01672106,-0.0051162653,-0.0012707838,-1.5820592e-07,0.0010592756,0.96181324,-0.0011977837,-5.2054484e-07,0.0013211322,1,0,0,0.0039748372,0.0037677334,1.3179972,427.6713,4025.6227,106.80829,14522.222,-1.1219137,nan,0.10562061,nan,nan,74728.249,-2986.3332,-248.85561,-266.67512,-0.0014982769,-3.6120412,38.48174,14522.222,0,0,0,0,0
1.635,2050.8688,108.67026,-4023.6953,184.60506,21.914093,385.80214,0.016498602,-1.1178146,0.10964773,-0.013166426,-0.016915882,-0.0034664899,-0.0012510356,-2.1852026e-07,0.0011504461,0.96219358,-0.0011750404,-3.4632491e-07,0.0015382303,1,0,0,0.0039068482,0.0037578976,1.3197653,428.25523,4023.6953,106.77439,14516.667,-1.1219849,nan,0.10554112,nan,nan,74947.684,-2993.4601,-247.20496,-262.68487,-0.0020625552,-3.8718286,19.346631,14516.667,0,0,0,0,0
1.64,2051.7923,108.77986,-4021.7652,184.85205,21.929879,386.33078,0.016468042,-1.1178993,0.1096085,-0.013168505,-0.017125832,-0.0029228041,-0.0012309619,-2.0865128e-07,0.0012561257,0.96257014,-0.0011548313,-6.3083794e-08,0.0016508972,1,0,0,0.0038383504,0.0037422151,1.3215319,428.83874,4021.7652,106.74049,14511.111,-1.1220561,nan,0.1054616,nan,nan,75167.356,-3000.5886,-244.90582,-258.64454,-0.0019674571,-4.165903,-3.1286891,14511.111,0,0,0,0,0
1.645,2052.7171,108.88955,-4019.8325,185.09863,21.945711,386.85914,0.016436727,-1.1179851,0.1095701,-0.013170234,-0.017349622,-0.003519658,-0.0012111944,-1.3489005e-07,0.0013459329,0.96294294,-0.0011369467,2.212165e-07,0.0016391162,1,0,0,0.0037692733,0.0037264609,1.3232971,429.42184,4019.8325,106.70659,14505.556,-1.1221275,nan,0.10538205,nan,nan,75387.265,-3007.7189,-242.85416,-254.5386,-0.0012742021,-4.3604909,-22.373883,14505.556,0,0,0,0,0
1.65,2053.6431,108.99931,-4017.8972,185.34481,21.961561,387.38723,0.016415437,-1.118072,0.10952054,-0.013171111,-0.017580107,-0.0049719678,-0.0011920789,-2.5472715e-08,0.0013970418,0.96331203,-0.0011205412,4.0999726e-07,0.0015195365,1,0,0,0.0036995677,0.0037158132,1.3250608,430.0045,4017.8972,106.67269,14500,-1.1221991,nan,0.10530245,nan,nan,75607.412,-3014.8508,-241.78539,-250.35763,-0.00024905978,-4.3814838,-33.3903,14500,0,0,0,0,0
1.655,2054.5703,109.10914,-4015.9592,185.59059,21.977372,387.91504,0.016411063,-1.1181598,0.10945217,-0.013170945,-0.017807681,-0.0067871566,-0.0011736497,8.0785186e-08,0.0013997475,0.96367745,-0.0011045212,4.4396795e-07,0.0013370617,1,0,0,0.0036292273,0.0037134809,1.3268232,430.58675,4015.9592,106.63879,14494.444,-1.1222707,nan,0.10522281,nan,nan,75827.794,-3021.9845,-242.08636,-246.10034,0.00074409314,-4.221112,-33.980613,14494.444,0,0,0,0,0
1.66,2055.4987,109.21906,-4014.0185,185.83597,21.993073,388.44258,0.016425093,-1.1182487,0.10936335,-0.013169912,-0.018023565,-0.0084234438,-0.0011556975,1.4736004e-07,0.0013588057,0.96403922,-0.0010879133,3.1377662e-07,0.0011494188,1,0,0,0.0035582934,0.003720019,1.3285841,431.16858,4014.0185,106.60489,14488.889,-1.1223425,nan,0.10514314,nan,nan,76048.413,-3029.1198,-243.72327,-241.77286,0.0013645276,-3.924519,-25.072809,14488.889,0,0,0,0,0
1.665,2056.4284,109.32906,-4012.0753,186.08096,22.008603,388.96985,0.016453769,-1.1183385,0.10925825,-0.013168484,-0.018222089,-0.0094455573,-0.0011378887,1.5068674e-07,0.0012906039,0.96439739,-0.001070114,5.7347789e-08,0.0010097343,1,0,0,0.0034868443,0.0037334526,1.3303436,431.74998,4012.0753,106.57099,14483.333,-1.1224145,nan,0.10506343,nan,nan,76269.267,-3036.2568,-246.29411,-237.38605,0.0013939914,-3.5645928,-10.139799,14483.333,0,0,0,0,0
1.67,2057.3593,109.43913,-4010.1294,186.32556,22.023928,389.49684,0.016489672,-1.1184291,0.10914512,-0.013167284,-0.018401562,-0.0096347128,-0.001119893,8.5922474e-08,0.0012173833,0.964752,-0.0010509767,-2.5567523e-07,0.00095219325,1,0,0,0.0034149772,0.0037500914,1.3321017,432.33096,4010.1294,106.53709,14477.778,-1.1224865,nan,0.10498368,nan,nan,76490.355,-3043.3954,-249.17824,-232.95213,0.00078964014,-3.2148547,6.0313478,14477.778,0,0,0,0,0
1.675,2058.2914,109.54928,-4008.1808,186.56977,22.039043,390.02357,0.016524176,-1.1185207,0.10903356,-0.013166906,-0.018563808,-0.0090268767,-0.0011014787,-3.3237639e-08,0.0011604275,0.96510307,-0.0010307475,-5.4664402e-07,0.00098447658,1,0,0,0.0033427888,0.0037657361,1.3338583,432.91152,4008.1808,106.50319,14472.222,-1.1225587,nan,0.1049039,nan,nan,76711.678,-3050.5356,-251.73179,-228.48172,-0.00031876792,-2.9285551,18.81026,14472.222,0,0,0,0,0
1.68,2059.2248,109.65951,-4006.2297,186.81358,22.053974,390.55002,0.016549967,-1.1186131,0.1089317,-0.013167761,-0.018712825,-0.0078760223,-0.0010825582,-1.7997329e-07,0.0011342299,0.96545065,-0.0010099032,-7.5066773e-07,0.0010883949,1,0,0,0.0032703602,0.0037769006,1.3356135,433.49165,4006.2297,106.46929,14466.667,-1.1226311,nan,0.10482409,nan,nan,76933.234,-3057.6774,-253.46943,-223.98205,-0.0016802426,-2.7285215,24.998396,14466.667,0,0,0,0,0
1.685,2060.1593,109.76981,-4004.2759,187.05699,22.068767,391.0762,0.016562945,-1.1187063,0.10884407,-0.013169985,-0.01885315,-0.0065604068,-0.0010631801,-3.2288706e-07,0.0011431676,0.96579476,-0.00098895969,-8.3307857e-07,0.0012276926,1,0,0,0.0031977499,0.0037817071,1.3373673,434.07136,4004.2759,106.43539,14461.111,-1.1227035,nan,0.10474424,nan,nan,77155.024,-3064.8208,-254.18334,-219.45648,-0.0030026406,-2.6081792,23.571885,14461.111,0,0,0,0,0
1.69,2061.0951,109.88018,-4002.3194,187.29998,22.083473,391.60212,0.016563023,-1.1188003,0.10877078,-0.013173431,-0.018988472,-0.0054639772,-0.0010434845,-4.3495323e-07,0.0011813519,0.96613545,-0.00096831528,-7.9570215e-07,0.0013600907,1,0,0,0.0031249947,0.003780238,1.3391196,434.65064,4002.3194,106.40149,14455.556,-1.1227761,nan,0.10466437,nan,nan,77377.047,-3071.9657,-253.9723,-214.90536,-0.004035841,-2.5408227,15.739116,14455.556,0,0,0,0,0
1.695,2062.0321,109.99063,-4000.3604,187.54256,22.098131,392.12776,0.016553723,-1.1188951,0.10870788,-0.013177744,-0.019120848,-0.0048686559,-0.0010236422,-5.0032279e-07,0.0012353639,0.96647274,-0.00094816573,-6.7230416e-07,0.0014497512,1,0,0,0.0030521161,0.0037743048,1.3408705,435.2295,4000.3604,106.36759,14450,-1.1228488,nan,0.10458446,nan,nan,77599.303,-3079.1122,-253.18216,-210.3274,-0.0046344306,-2.4924671,4.3679703,14450,0,0,0,0,0
1.7,2062.9703,110.10115,-3998.3987,187.78471,22.112762,392.65314,0.016540815,-1.1189906,0.10864898,-0.013182472,-0.019250582,-0.0048865009,-0.0010038002,-5.1731904e-07,0.0012888077,0.96680668,-0.00092850038,-5.1567336e-07,0.0014766215,1,0,0,0.0029791292,0.0037667585,1.3426199,435.80794,3998.3987,106.33369,14444.444,-1.1229217,nan,0.10450452,nan,nan,77821.791,-3086.2603,-252.28343,-205.72127,-0.0047846822,-2.4336364,-6.9912588,14444.444,0,0,0,0,0
1.705,2063.9097,110.21174,-3996.4344,188.02643,22.127362,393.17825,0.01653046,-1.1190866,0.10858722,-0.0131872,-0.01937666,-0.0054465361,-0.00098404741,-4.9720447e-07,0.0013272125,0.96713729,-0.00090916081,-3.8086432e-07,0.0014403652,1,0,0,0.0029060508,0.0037605834,1.3443679,436.38595,3996.4344,106.29979,14438.889,-1.1229946,nan,0.10442456,nan,nan,78044.51,-3093.4098,-251.72673,-201.0867,-0.0045922871,-2.3468473,-15.171144,14438.889,0,0,0,0,0
1.71,2064.8503,110.32241,-3994.4674,188.26773,22.141907,393.70309,0.016527456,-1.1191833,0.10851726,-0.013191656,-0.01949745,-0.0063341778,-0.0009644072,-4.5952605e-07,0.0013418733,0.9674646,-0.00088992977,-3.0969624e-07,0.0013583454,1,0,0,0.0028329043,0.0037580505,1.3461145,436.96353,3994.4674,106.26589,14433.333,-1.1230677,nan,0.10434456,nan,nan,78267.461,-3100.5609,-251.81894,-196.42501,-0.0042386517,-2.2286031,-18.2326,14433.333,0,0,0,0,0
1.715,2065.7921,110.43315,-3992.4978,188.50861,22.156363,394.22767,0.01653404,-1.1192804,0.10843663,-0.013195757,-0.019611411,-0.0072666435,-0.00094485069,-4.2571149e-07,0.0013316659,0.96778866,-0.00087061581,-3.2068881e-07,0.0012588573,1,0,0,0.0027597213,0.0037601609,1.3478597,437.54069,3992.4978,106.23199,14427.778,-1.1231409,nan,0.10426453,nan,nan,78490.643,-3107.7134,-252.65262,-191.73896,-0.00392146,-2.086647,-15.876443,14427.778,0,0,0,0,0
1.72,2066.7351,110.54396,-3990.5257,188.74908,22.170693,394.75198,0.016549541,-1.119378,0.10834607,-0.013199609,-0.01971757,-0.0079793842,-0.00092532303,-4.1289135e-07,0.0013025419,0.96810948,-0.00085110894,-4.0663204e-07,0.0011720156,1,0,0,0.0026865395,0.0037665045,1.3496034,438.11742,3990.5257,106.19809,14422.222,-1.1232143,nan,0.10418447,nan,nan,78714.055,-3114.8674,-254.10287,-187.03225,-0.0037978089,-1.9344863,-9.3513299,14422.222,0,0,0,0,0
1.725,2067.6794,110.65484,-3988.5509,188.98912,22.184872,395.27602,0.016570883,-1.1194761,0.108249,-0.013203444,-0.019815703,-0.008298128,-0.00090577065,-4.296386e-07,0.0012650945,0.96842712,-0.00083139662,-5.3960827e-07,0.0011211093,1,0,0,0.0026133997,0.0037755279,1.3513456,438.69373,3988.5509,106.16419,14416.667,-1.1232877,nan,0.10410438,nan,nan,78937.696,-3122.0228,-255.88548,-182.30877,-0.0039454208,-1.7855574,-0.93730935,14416.667,0,0,0,0,0
1.73,2068.6248,110.76579,-3986.5734,189.22875,22.198889,395.7998,0.016593706,-1.1195747,0.10815027,-0.013207533,-0.019906223,-0.0081778574,-0.00088616084,-4.7459249e-07,0.0012310844,0.96874158,-0.00081154468,-6.8122036e-07,0.0011168057,1,0,0,0.0025403416,0.003785094,1.3530864,439.26961,3986.5734,106.13029,14411.111,-1.1233613,nan,0.10402426,nan,nan,79161.567,-3129.1796,-257.65357,-177.57205,-0.0043506172,-1.6489527,6.8047369,14411.111,0,0,0,0,0
1.735,2069.5714,110.87681,-3984.5934,189.46796,22.212752,396.3233,0.016613724,-1.1196737,0.10805464,-0.013212105,-0.019989892,-0.0077013331,-0.00086648934,-5.3801938e-07,0.0012100151,0.96905292,-0.00079165709,-7.9457643e-07,0.0011555299,1,0,0,0.0024674019,0.0037931433,1.3548258,439.84506,3984.5934,106.09639,14405.556,-1.123435,nan,0.10394412,nan,nan,79385.666,-3136.3379,-259.10152,-172.8249,-0.0049232639,-1.5276892,11.781763,14405.556,0,0,0,0,0
1.74,2070.5192,110.9879,-3982.6107,189.70675,22.226479,396.84654,0.016627918,-1.1197732,0.10796545,-0.013217274,-0.020067508,-0.0070419344,-0.00084677636,-6.0553697e-07,0.0012067146,0.96936116,-0.00077183289,-8.5447876e-07,0.0012220249,1,0,0,0.0023946123,0.0037982623,1.3565637,440.42008,3982.6107,106.06249,14400,-1.1235089,nan,0.10386395,nan,nan,79609.994,-3143.4974,-260.04617,-168.06943,-0.0055313446,-1.4194569,12.904975,14400,0,0,0,0,0
1.745,2071.4682,111.09906,-3980.6254,189.94512,22.240097,397.36952,0.01663524,-1.1198731,0.10788388,-0.013223022,-0.020139656,-0.0064051165,-0.00082705525,-6.627116e-07,0.0012204945,0.96966632,-0.00075213496,-8.5317005e-07,0.0012949203,1,0,0,0.0023220012,0.0038000075,1.3583002,440.99468,3980.6254,106.02859,14394.444,-1.1235828,nan,0.10378375,nan,nan,79834.55,-3150.6584,-260.465,-163.30726,-0.0060431847,-1.3189909,10.285885,14394.444,0,0,0,0,0
1.75,2072.4184,111.21029,-3978.6375,190.18305,22.25363,397.89223,0.01663669,-1.1199734,0.10780879,-0.013229212,-0.020206621,-0.0059672609,-0.00080735942,-6.9914128e-07,0.0012459516,0.96996845,-0.00073257881,-8.0053581e-07,0.0013534138,1,0,0,0.0022495939,0.003798923,1.3600352,441.56884,3978.6375,105.99469,14388.889,-1.1236568,nan,0.10370353,nan,nan,80059.333,-3157.8206,-260.48496,-158.53984,-0.0063646096,-1.2208656,5.0735557,14388.889,0,0,0,0,0
1.755,2073.3698,111.32159,-3976.647,190.42056,22.267096,398.41467,0.016634809,-1.1200741,0.10773738,-0.013235633,-0.020268428,-0.0058293972,-0.00078771243,-7.1094024e-07,0.0012750072,0.97026756,-0.0007131408,-7.1934187e-07,0.0013830604,1,0,0,0.0021774153,0.0037962782,1.3617688,442.14258,3976.647,105.96079,14383.333,-1.123731,nan,0.10362329,nan,nan,80284.343,-3164.9842,-260.33064,-153.76871,-0.0064612284,-1.1216344,-0.98224357,14383.333,0,0,0,0,0
1.76,2074.3224,111.43295,-3974.6539,190.65763,22.280496,398.93684,0.016632796,-1.120175,0.10766609,-0.013242067,-0.020324972,-0.0059971913,-0.00076812415,-7.0111274e-07,0.0012994744,0.9705637,-0.00069377879,-6.374126e-07,0.0013791334,1,0,0,0.0021054899,0.0037936316,1.3635009,442.71589,3974.6539,105.92689,14377.778,-1.1238053,nan,0.10354302,nan,nan,80509.579,-3172.1491,-260.25051,-148.99566,-0.0063613543,-1.0206985,-6.0891042,14377.778,0,0,0,0,0
1.765,2075.2762,111.54438,-3972.6582,190.89427,22.293824,399.45875,0.016633536,-1.1202762,0.1075917,-0.013248346,-0.020376179,-0.0063899525,-0.00074859298,-6.7795479e-07,0.0013133715,0.97085689,-0.00067445544,-5.7929557e-07,0.0013468759,1,0,0,0.0020338429,0.0037923615,1.3652316,443.28876,3972.6582,105.89299,14372.222,-1.1238797,nan,0.10346273,nan,nan,80735.042,-3179.3152,-260.4445,-144.22272,-0.0061410301,-0.91986655,-8.9207272,14372.222,0,0,0,0,0
1.77,2076.2311,111.65587,-3970.6599,191.13048,22.307063,399.98039,0.016638826,-1.1203776,0.10751223,-0.013254388,-0.020422102,-0.006872929,-0.00072911211,-6.5215952e-07,0.0013143582,0.97114716,-0.00065515521,-5.5981011e-07,0.0012989129,1,0,0,0.0019624992,0.0037932998,1.3669608,443.86121,3970.6599,105.85909,14366.667,-1.1239542,nan,0.10338242,nan,nan,80960.73,-3186.4826,-261.01318,-139.45202,-0.0058974693,-0.82203874,-8.9383049,14366.667,0,0,0,0,0
1.775,2077.1872,111.76743,-3968.6589,191.36626,22.320196,400.50176,0.016648995,-1.1204792,0.10742731,-0.013260206,-0.020462953,-0.0073012253,-0.00070967656,-6.3358741e-07,0.0013039858,0.97143453,-0.00063588991,-5.8107162e-07,0.001250869,1,0,0,0.0018914833,0.0037965598,1.3686885,444.43323,3968.6589,105.82519,14361.111,-1.1240289,nan,0.10330208,nan,nan,81186.643,-3193.6511,-261.9404,-134.68559,-0.0057197313,-0.72968309,-6.4544657,14361.111,0,0,0,0,0
1.78,2078.1445,111.87906,-3966.6554,191.60162,22.333204,401.02286,0.016662971,-1.120581,0.10733813,-0.013265893,-0.020499055,-0.0075616761,-0.00069028841,-6.2864566e-07,0.0012868234,0.97171905,-0.00061669289,-6.3342246e-07,0.0012166273,1,0,0,0.0018208177,0.0038015858,1.3704148,445.00482,3966.6554,105.79129,14355.556,-1.1241036,nan,0.10322172,nan,nan,81412.781,-3200.8209,-263.1108,-129.92527,-0.005665175,-0.64372446,-2.4501257,14355.556,0,0,0,0,0
1.785,2079.103,111.99075,-3964.6492,191.83655,22.34608,401.5437,0.016678743,-1.1206829,0.10724693,-0.013271581,-0.020530744,-0.0076011013,-0.00067095817,-6.3893997e-07,0.0012688307,0.97200073,-0.00059760555,-6.9955221e-07,0.0012046113,1,0,0,0.0017505232,0.0038073847,1.3721397,445.57598,3964.6492,105.75739,14350,-1.1241784,nan,0.10314134,nan,nan,81639.143,-3207.9918,-264.35323,-125.1726,-0.005747597,-0.56321344,1.7767021,14350,0,0,0,0,0
1.79,2080.0627,112.10251,-3962.6404,192.07105,22.358824,402.06426,0.016694033,-1.120785,0.10715624,-0.013277398,-0.020558276,-0.007434492,-0.00065170262,-6.6142762e-07,0.0012555224,0.9722796,-0.00057866218,-7.6027668e-07,0.0012160244,1,0,0,0.0016806188,0.0038128546,1.3738631,446.1467,3962.6404,105.72349,14344.444,-1.1242534,nan,0.10306094,nan,nan,81865.728,-3215.1639,-265.49519,-120.42892,-0.0059389762,-0.48579956,5.012296,14344.444,0,0,0,0,0
1.795,2081.0235,112.21433,-3960.6291,192.30513,22.371442,402.58456,0.016706964,-1.1208872,0.10706814,-0.013283433,-0.020581765,-0.0071330652,-0.00063254009,-6.8985218e-07,0.0012504644,0.9725557,-0.00055987902,-8.0015682e-07,0.0012453282,1,0,0,0.0016111222,0.0038171074,1.375585,446.71699,3960.6291,105.68959,14338.889,-1.1243285,nan,0.10298052,nan,nan,82092.536,-3222.3371,-266.41151,-115.69542,-0.0061826928,-0.4087348,6.4598159,14338.889,0,0,0,0,0
1.8,2081.9855,112.32621,-3958.6151,192.53879,22.383948,403.10458,0.016716542,-1.1209895,0.10698374,-0.013289711,-0.020601188,-0.0067978178,-0.00061348541,-7.1690582e-07,0.0012544906,0.97282905,-0.00054125083,-8.1139724e-07,0.001282572,1,0,0,0.0015420508,0.0038196937,1.3773055,447.28685,3958.6151,105.65569,14333.333,-1.1244036,nan,0.10290008,nan,nan,82319.568,-3229.5114,-267.05432,-110.97338,-0.006413122,-0.32997298,5.9167875,14333.333,0,0,0,0,0
1.805,2082.9486,112.43816,-3956.5986,192.77201,22.396355,403.62434,0.016722838,-1.121092,0.10690295,-0.013296196,-0.020616437,-0.0065276819,-0.00059454634,-7.3642594e-07,0.0012657797,0.97309967,-0.00052275559,-7.951314e-07,0.0013167054,1,0,0,0.0014734219,0.0038206796,1.3790245,447.85628,3956.5986,105.62179,14327.778,-1.1244789,nan,0.10281962,nan,nan,82546.821,-3236.6868,-267.45785,-106.26416,-0.0065753309,-0.24894404,3.7647062,14327.778,0,0,0,0,0
1.81,2083.913,112.55016,-3954.5794,193.0048,22.408674,404.14382,0.016726843,-1.1211946,0.10682467,-0.013302806,-0.020627403,-0.0063918838,-0.00057572284,-7.4500509e-07,0.0012806732,0.9733676,-0.00050436487,-7.6004218e-07,0.0013388262,1,0,0,0.0014052535,0.0038205683,1.3807421,448.42528,3954.5794,105.58789,14322.222,-1.1245543,nan,0.10273915,nan,nan,82774.296,-3243.8632,-267.71948,-101.56933,-0.0066393341,-0.16674229,0.79485099,14322.222,0,0,0,0,0
1.815,2084.8785,112.66223,-3952.5576,193.23717,22.420909,404.66303,0.016730083,-1.1212972,0.1067472,-0.013309438,-0.020634059,-0.0064138399,-0.00055700899,-7.4263196e-07,0.0012949187,0.97363286,-0.00048605566,-7.1902315e-07,0.0013444489,1,0,0,0.0013375638,0.0038201086,1.3824581,448.99384,3952.5576,105.55399,14316.667,-1.1246298,nan,0.10265866,nan,nan,83001.992,-3251.0406,-267.96516,-96.890584,-0.0066055703,-0.085701496,-2.0619044,14316.667,0,0,0,0,0
1.82,2085.8451,112.77436,-3950.5333,193.4691,22.433058,405.18197,0.01673413,-1.1213998,0.10666881,-0.013316006,-0.020636516,-0.0065698273,-0.00053839691,-7.3229901e-07,0.001304939,0.97389548,-0.0004678195,-6.8505441e-07,0.0013342656,1,0,0,0.0012703706,0.0038200557,1.3841728,449.56197,3950.5333,105.52009,14311.111,-1.1247053,nan,0.10257815,nan,nan,83229.909,-3258.2191,-268.31065,-92.229619,-0.0065011405,-0.0085488134,-4.0139351,14311.111,0,0,0,0,0
1.825,2086.8129,112.88655,-3948.5063,193.70061,22.445116,405.70063,0.016740151,-1.1215024,0.10658819,-0.013322455,-0.020635021,-0.0068011185,-0.00051988115,-7.1881134e-07,0.0013087641,0.97415548,-0.00044966595,-6.6754896e-07,0.001313352,1,0,0,0.0012036908,0.0038209576,1.3858859,450.12966,3948.5063,105.48618,14305.556,-1.124781,nan,0.10249762,nan,nan,83458.047,-3265.3985,-268.82997,-87.588042,-0.006369004,0.062540041,-4.6164345,14305.556,0,0,0,0,0
1.83,2087.7819,112.9988,-3946.4768,193.93169,22.457073,406.21903,0.016748629,-1.121605,0.10650482,-0.013328775,-0.020629915,-0.0070346057,-0.00050146186,-7.0722815e-07,0.0013064011,0.9744129,-0.00043161971,-6.7014255e-07,0.0012892247,1,0,0,0.0011375399,0.0038230249,1.3875976,450.69692,3946.4768,105.45228,14300,-1.1248568,nan,0.10241708,nan,nan,83686.404,-3272.5788,-269.5393,-82.967252,-0.0062540425,0.12665457,-3.8570605,14300,0,0,0,0,0
1.835,2088.752,113.11111,-3944.4447,194.16235,22.468921,406.73714,0.016759302,-1.1217075,0.10641897,-0.013334999,-0.02062156,-0.0072051048,-0.00048314596,-7.0141983e-07,0.0012996028,0.97466775,-0.00041371296,-6.9037644e-07,0.0012694311,1,0,0,0.0010719311,0.0038261109,1.3893078,451.26375,3944.4447,105.41838,14294.444,-1.1249327,nan,0.10233653,nan,nan,83914.98,-3279.7601,-270.39907,-78.368393,-0.0061903024,0.18440722,-2.1093544,14294.444,0,0,0,0,0
1.84,2089.7233,113.22348,-3942.4099,194.39258,22.480652,407.25498,0.016771327,-1.12181,0.1063316,-0.013341185,-0.020610262,-0.0072728346,-0.00046494594,-7.0313324e-07,0.0012911684,0.97492006,-0.0003959756,-7.2113438e-07,0.0012594095,1,0,0,0.0010068761,0.0038297949,1.3910166,451.83014,3942.4099,105.38448,14288.889,-1.1250087,nan,0.10225596,nan,nan,84143.776,-3286.9423,-271.33152,-73.792386,-0.0061928629,0.23768019,0.017677379,14288.889,0,0,0,0,0
1.845,2090.6957,113.3359,-3940.3726,194.62239,22.492267,407.77255,0.016783584,-1.1219124,0.10624394,-0.013347398,-0.02059621,-0.0072316807,-0.00044687687,-7.1176702e-07,0.0012840295,0.97516986,-0.00037842697,-7.5321614e-07,0.0012611957,1,0,0,0.00094238505,0.0038335327,1.3927239,452.3961,3940.3726,105.35058,14283.333,-1.1250848,nan,0.10217537,nan,nan,84372.789,-3294.1253,-272.24705,-69.239999,-0.0062560436,0.28897858,1.879215,14283.333,0,0,0,0,0
1.85,2091.6693,113.44839,-3938.3327,194.85178,22.503766,408.28983,0.016795024,-1.1220147,0.10615715,-0.013353693,-0.020579465,-0.0071069743,-0.00042895269,-7.2483406e-07,0.0012804059,0.97541717,-0.00036107145,-7.7818391e-07,0.0012732455,1,0,0,0.00087846721,0.0038368251,1.3944297,452.96162,3938.3327,105.31668,14277.778,-1.125161,nan,0.10209478,nan,nan,84602.021,-3301.3092,-273.07097,-64.711968,-0.0063576662,0.34062579,2.9812089,14277.778,0,0,0,0,0
1.855,2092.644,113.56093,-3936.2903,195.08075,22.515156,408.80684,0.016804958,-1.1221169,0.10607201,-0.013360095,-0.020559975,-0.0069446355,-0.00041118313,-7.3889714e-07,0.0012812611,0.97566201,-0.00034389901,-7.9064519e-07,0.0012912928,1,0,0,0.00081513179,0.003839353,1.396134,453.5267,3936.2903,105.28278,14272.222,-1.1252372,nan,0.10201417,nan,nan,84831.47,-3308.4939,-273.76283,-60.209087,-0.0064674127,0.39406824,3.1024931,14272.222,0,0,0,0,0
1.86,2093.6198,113.67353,-3934.2452,195.3093,22.526443,409.32357,0.016813208,-1.1222191,0.1059887,-0.013366601,-0.020537639,-0.0067957645,-0.00039357201,-7.506564e-07,0.001286178,0.97590442,-0.0003268902,-7.893965e-07,0.0013098788,1,0,0,0.00075238825,0.0038410469,1.3978369,454.09135,3934.2452,105.24888,14266.667,-1.1253136,nan,0.10193355,nan,nan,85061.136,-3315.6794,-274.32386,-55.732277,-0.0065564107,0.44950067,2.3252899,14266.667,0,0,0,0,0
1.865,2094.5968,113.78618,-3932.1975,195.53743,22.537634,409.84002,0.016820097,-1.1223212,0.10590687,-0.013373181,-0.020512367,-0.0067015821,-0.00037611745,-7.5786341e-07,0.0012936407,0.97614442,-0.0003100236,-7.7724482e-07,0.0013240409,1,0,0,0.00069024649,0.0038420761,1.3995383,454.65556,3932.1975,105.21498,14261.111,-1.1253901,nan,0.10185292,nan,nan,85291.018,-3322.8657,-274.7918,-51.282591,-0.0066051906,0.5059045,0.97614552,14261.111,0,0,0,0,0
1.87,2095.575,113.89889,-3930.1473,195.76514,22.548733,410.35619,0.016826296,-1.1224231,0.10582578,-0.013379791,-0.020484139,-0.0066829443,-0.00035881382,-7.5982553e-07,0.0013015937,0.97638202,-0.00029328319,-7.5971932e-07,0.0013306602,1,0,0,0.00062871662,0.0038427731,1.4012382,455.21933,3930.1473,105.18108,14255.556,-1.1254666,nan,0.10177227,nan,nan,85521.116,-3330.0528,-275.22589,-46.861169,-0.0066079782,0.56145503,-0.49544485,14255.556,0,0,0,0,0
1.875,2096.5543,114.01166,-3928.0945,195.99243,22.559739,410.87208,0.016832597,-1.1225249,0.10574453,-0.013386387,-0.020453039,-0.0067368678,-0.00034165453,-7.5740877e-07,0.0013080885,0.97661726,-0.00027666348,-7.4317422e-07,0.0013291266,1,0,0,0.00056780858,0.0038435201,1.4029367,455.78267,3928.0945,105.14718,14250,-1.1255433,nan,0.10169162,nan,nan,85751.43,-3337.2405,-275.6876,-42.469156,-0.0065725779,0.6141423,-1.6589424,14250,0,0,0,0,0
1.88,2097.5347,114.12448,-3926.0391,196.2193,22.570652,411.38769,0.016839672,-1.1226265,0.1056624,-0.013392938,-0.020419249,-0.0068402196,-0.00032463493,-7.5260059e-07,0.0013118229,0.97685015,-0.00026017084,-7.3289396e-07,0.001321213,1,0,0,0.00050753159,0.0038446349,1.4046336,456.34557,3926.0391,105.11328,14244.444,-1.12562,nan,0.10161096,nan,nan,85981.959,-3344.4289,-276.22299,-38.107614,-0.0065164415,0.66239781,-2.2224806,14244.444,0,0,0,0,0
1.885,2098.5162,114.23735,-3923.9811,196.44576,22.581467,411.90301,0.016847897,-1.1227279,0.10557896,-0.013399431,-0.020383019,-0.0069586763,-0.00030775426,-7.4781056e-07,0.0013124321,0.97708073,-0.00024382117,-7.3173612e-07,0.0013102868,1,0,0,0.00044789372,0.0038462888,1.4063291,456.90803,3923.9811,105.07938,14238.889,-1.1256968,nan,0.10153029,nan,nan,86212.702,-3351.6181,-276.85144,-33.777456,-0.0064605193,0.70553595,-2.0990129,14238.889,0,0,0,0,0
1.89,2099.4989,114.35028,-3921.9206,196.6718,22.592179,412.41805,0.016857283,-1.1228291,0.1054942,-0.013405874,-0.020344616,-0.0070577832,-0.00029101629,-7.4513898e-07,0.0013104801,0.977309,-0.00022763485,-7.3962885e-07,0.0013001634,1,0,0,0.00038890168,0.0038484763,1.4080231,457.47005,3921.9206,105.04548,14233.333,-1.1257737,nan,0.10144961,nan,nan,86443.66,-3358.8078,-277.56337,-29.479418,-0.0064229134,0.74389288,-1.4064546,14233.333,0,0,0,0,0
1.895,2100.4827,114.46326,-3919.8575,196.89743,22.602785,412.9328,0.016867513,-1.1229302,0.10540847,-0.013412291,-0.02030427,-0.0071127248,-0.00027442839,-7.4582422e-07,0.0013071874,0.97753501,-0.00021163073,-7.5395875e-07,0.0012939692,1,0,0,0.00033056083,0.0038510376,1.4097157,458.03164,3919.8575,105.01158,14227.778,-1.1258507,nan,0.10136893,nan,nan,86674.831,-3365.9982,-278.3264,-25.214071,-0.0064141509,0.77864828,-0.40963448,14227.778,0,0,0,0,0
1.9,2101.4677,114.5763,-3917.7918,197.12265,22.613284,413.44727,0.016878075,-1.123031,0.10532234,-0.013418712,-0.020262142,-0.0071141869,-0.00025799973,-7.5000235e-07,0.0013040061,0.97775876,-0.00019582119,-7.70628e-07,0.0012933376,1,0,0,0.00027287544,0.0038537226,1.4114067,458.59278,3917.7918,104.97768,14222.222,-1.1259278,nan,0.10128823,nan,nan,86906.215,-3373.1891,-279.09719,-20.981874,-0.0064352034,0.81141264,0.57249725,14222.222,0,0,0,0,0
1.905,2102.4537,114.68939,-3915.7235,197.34746,22.623675,413.96144,0.01688843,-1.1231316,0.10523641,-0.013425163,-0.020218305,-0.0070691166,-0.00024173891,-7.5680817e-07,0.00130218,0.97798028,-0.00018020946,-7.8539826e-07,0.0012981255,1,0,0,0.00021584912,0.0038562726,1.4130963,459.15349,3915.7235,104.94378,14216.667,-1.126005,nan,0.10120754,nan,nan,87137.812,-3380.3807,-279.83508,-16.783248,-0.0064784579,0.84372532,1.2638643,14216.667,0,0,0,0,0
1.91,2103.4409,114.80252,-3913.6527,197.57186,22.633963,414.47533,0.016898165,-1.123232,0.10515113,-0.013431662,-0.020172761,-0.006996778,-0.00022565209,-7.647459e-07,0.0013024169,0.9781996,-0.00016478998,-7.9510464e-07,0.0013066699,1,0,0,0.00015948522,0.0038584949,1.4147844,459.71375,3913.6527,104.90988,14211.111,-1.1260823,nan,0.10112683,nan,nan,87369.62,-3387.5727,-280.51328,-12.618631,-0.0065309823,0.87662104,1.5043793,14211.111,0,0,0,0,0
1.915,2104.4292,114.91571,-3911.5793,197.79585,22.644149,414.98893,0.016907095,-1.1233322,0.10506672,-0.013438213,-0.020125473,-0.0069217928,-0.00020974182,-7.7219107e-07,0.0013047534,0.97841674,-0.00014955117,-7.9841289e-07,0.0013164454,1,0,0,0.00010378713,0.0038603087,1.416471,460.27358,3911.5793,104.87598,14205.556,-1.1261596,nan,0.10104612,nan,nan,87601.641,-3394.7653,-281.12476,-8.4885284,-0.0065788656,0.91038685,1.2812622,14205.556,0,0,0,0,0
1.92,2105.4186,115.02896,-3909.5033,198.01943,22.654237,415.50224,0.016915291,-1.1234321,0.10498309,-0.013444807,-0.020076399,-0.0068665075,-0.00019400717,-7.7786497e-07,0.0013086266,0.97863171,-0.00013447978,-7.9596288e-07,0.0013248866,1,0,0,4.8758398e-05,0.0038617549,1.4181561,460.83297,3909.5033,104.84208,14200,-1.126237,nan,0.10096541,nan,nan,87833.873,-3401.9584,-281.68189,-4.3935193,-0.0066112658,0.9445625,0.71470832,14200,0,0,0,0,0
1.925,2106.4092,115.14225,-3907.4248,198.24261,22.664231,416.01526,0.016923022,-1.1235318,0.10489994,-0.013451424,-0.020025536,-0.0068449387,-0.00017844472,-7.8115109e-07,0.0013131068,0.97884454,-0.00011956515,-7.8993562e-07,0.0013301219,1,0,0,-5.5973044e-06,0.0038629691,1.4198397,461.39191,3907.4248,104.80818,14194.444,-1.1263145,nan,0.10088469,nan,nan,88066.315,-3409.1487,-282.20454,-0.33423251,-0.0066230967,0.97815975,0.0075170324,14194.444,0,0,0,0,0
1.93,2107.4009,115.25559,-3905.3437,198.46539,22.674131,416.52798,0.016930662,-1.1236312,0.10481686,-0.013458046,-0.019972937,-0.0068598197,-0.00016305014,-7.8218387e-07,0.0013172069,0.97905525,-0.00010480231,-7.8323793e-07,0.0013314192,1,0,0,-5.927645e-05,0.0038641347,1.4215218,461.95042,3905.3437,104.77428,14188.889,-1.1263921,nan,0.10080397,nan,nan,88298.968,-3416.3114,-282.67765,3.6886966,-0.0066159159,1.0100142,-0.62238527,14188.889,0,0,0,0,0
1.935,2108.3936,115.36898,-3903.26,198.68776,22.68394,417.04041,0.016938565,-1.1237304,0.10473345,-0.013464654,-0.019918714,-0.0069032029,-0.00014781995,-7.8171377e-07,0.0013201691,0.97926386,-9.0193015e-05,-7.7858801e-07,0.001329256,1,0,0,-0.00011227593,0.0038654233,1.4232025,462.50848,3903.26,104.74038,14183.333,-1.1264698,nan,0.10072325,nan,nan,88531.831,-3423.4739,-283.17931,7.6746781,-0.0065958789,1.0391523,-1.0057827,14183.333,0,0,0,0,0
1.94,2109.3875,115.48242,-3901.1738,198.90974,22.693656,417.55255,0.016946968,-1.1238293,0.10464946,-0.013471241,-0.019863021,-0.006960037,-0.00013275263,-7.8081584e-07,0.0013216528,0.97947039,-7.5744667e-05,-7.7777107e-07,0.0013250353,1,0,0,-0.00016459332,0.0038669454,1.4248817,463.06611,3901.1738,104.70648,14177.778,-1.1265475,nan,0.10064253,nan,nan,88764.904,-3430.6362,-283.72391,11.623209,-0.0065721275,1.0650639,-1.0644797,14177.778,0,0,0,0,0
1.945,2110.3825,115.59591,-3899.085,199.13131,22.703276,418.06439,0.016955942,-1.1239279,0.1045648,-0.013477805,-0.019806028,-0.0070133208,-0.00011784921,-7.8054357e-07,0.0013217795,0.97967487,-6.1467703e-05,-7.8125276e-07,0.0013205705,1,0,0,-0.00021622703,0.0038687289,1.4265594,463.62329,3899.085,104.67258,14172.222,-1.1266254,nan,0.1005618,nan,nan,88998.187,-3437.7983,-284.3117,15.533893,-0.0065535332,1.0878111,-0.82210729,14172.222,0,0,0,0,0
1.95,2111.3786,115.70944,-3896.9936,199.35249,22.7128,418.57594,0.016965385,-1.1240262,0.10447959,-0.013484354,-0.019747892,-0.007049169,-0.00010311283,-7.8163338e-07,0.0013210409,0.97987731,-4.7372333e-05,-7.8821749e-07,0.0013175186,1,0,0,-0.00026717635,0.0038707219,1.4282356,464.18003,3896.9936,104.63868,14166.667,-1.1267033,nan,0.10048107,nan,nan,89231.678,-3444.9601,-284.93051,19.406439,-0.0065462232,1.1079596,-0.38477724,14166.667,0,0,0,0,0
1.955,2112.3758,115.82302,-3894.8997,199.57327,22.722225,419.08719,0.016975081,-1.1241242,0.10439407,-0.013490902,-0.019688735,-0.0070603632,-8.8547858e-05,-7.84337e-07,0.0013201132,0.98007773,-3.3465672e-05,-7.9696466e-07,0.0013169286,1,0,0,-0.00031744127,0.003872817,1.4299103,464.73634,3894.8997,104.60478,14161.111,-1.1267812,nan,0.10040035,nan,nan,89465.378,-3452.1217,-285.56071,23.240635,-0.0065522126,1.1263705,0.099321362,14161.111,0,0,0,0,0
1.96,2113.3741,115.93665,-3892.8033,199.79366,22.731553,419.59814,0.016984768,-1.1242219,0.10430852,-0.01349746,-0.019628629,-0.0070475678,-7.4158634e-05,-7.8841274e-07,0.0013196418,0.98027616,-1.9750067e-05,-8.0550433e-07,0.0013190192,1,0,0,-0.00036702231,0.0038748887,1.4315835,465.2922,3892.8033,104.57088,14155.556,-1.1268593,nan,0.10031962,nan,nan,89699.286,-3459.2831,-286.18168,27.036308,-0.0065693826,1.1439296,0.48726954,14155.556,0,0,0,0,0
1.965,2114.3735,116.05033,-3890.7043,200.01366,22.740783,420.10879,0.016994222,-1.1243193,0.1042232,-0.013504039,-0.019567607,-0.0070181535,-5.9948338e-05,-7.9325748e-07,0.0013200621,0.98047261,-6.2229634e-06,-8.1215755e-07,0.0013232203,1,0,0,-0.00041592029,0.0038768315,1.4332552,465.84762,3890.7043,104.53698,14150,-1.1269374,nan,0.1002389,nan,nan,89933.401,-3466.4442,-286.77782,30.79329,-0.006592631,1.1612989,0.68136396,14150,0,0,0,0,0
1.97,2115.374,116.16405,-3888.6027,200.23327,22.749918,420.61915,0.017003312,-1.1244164,0.10413825,-0.013510641,-0.019505671,-0.0069832638,-4.5918315e-05,-7.981239e-07,0.0013215018,0.98066711,7.1218165e-06,-8.1599064e-07,0.0013284343,1,0,0,-0.00046413611,0.0038785867,1.4349255,466.4026,3888.6027,104.50308,14144.444,-1.1270156,nan,0.10015817,nan,nan,90167.724,-3473.605,-287.34233,34.511394,-0.0066157118,1.1787606,0.65120553,14144.444,0,0,0,0,0
1.975,2116.3756,116.27782,-3886.4986,200.45248,22.75896,421.12919,0.017012031,-1.1245132,0.10405368,-0.013517264,-0.019442817,-0.0069541774,-3.2067961e-05,-8.0235017e-07,0.0013237836,0.98085966,2.0291913e-05,-8.1698182e-07,0.0013334148,1,0,0,-0.00051167067,0.0038801536,1.4365942,466.95714,3886.4986,104.46918,14138.889,-1.1270939,nan,0.10007745,nan,nan,90402.253,-3480.7656,-287.87804,38.190396,-0.006633151,1.1961884,0.43387076,14138.889,0,0,0,0,0
1.98,2117.3783,116.39163,-3884.3919,200.67131,22.76791,421.63894,0.017020475,-1.1246097,0.10396938,-0.013523901,-0.019379054,-0.0069390903,-1.8395161e-05,-8.0553553e-07,0.001326514,0.9810503,3.3294115e-05,-8.159078e-07,0.00133714,1,0,0,-0.00055852485,0.0038815819,1.4382615,467.51123,3884.3919,104.43528,14133.333,-1.1271722,nan,0.099996733,nan,nan,90636.988,-3487.9259,-288.3954,41.830051,-0.0066416856,1.2131391,0.11486377,14133.333,0,0,0,0,0
1.985,2118.3821,116.50549,-3882.2827,200.88976,22.776769,422.14838,0.01702881,-1.1247058,0.10388518,-0.013530543,-0.01931442,-0.0069411807,-4.8970901e-06,-8.0761909e-07,0.0013292223,0.98123904,4.6132586e-05,-8.1401918e-07,0.0013390746,1,0,0,-0.00060469967,0.0038829517,1.4399273,468.06488,3882.2827,104.40138,14127.778,-1.1272507,nan,0.099916018,nan,nan,90871.929,-3495.0859,-288.90855,45.430111,-0.006640883,1.2290268,-0.20230891,14127.778,0,0,0,0,0
1.99,2119.387,116.61939,-3880.1709,201.10782,22.785537,422.65752,0.017037208,-1.1248017,0.10380086,-0.013537182,-0.019248922,-0.0069583445,8.4293656e-06,-8.088521e-07,0.0013315046,0.9814259,5.8814599e-05,-8.1262427e-07,0.0013392609,1,0,0,-0.00065019633,0.0038843463,1.4415915,468.61809,3880.1709,104.36748,14122.222,-1.1273291,nan,0.099835307,nan,nan,91107.075,-3502.2455,-289.43084,48.990809,-0.006632876,1.2482879,-0.42783852,14122.222,0,0,0,0,0
1.995,2120.393,116.73334,-3878.0566,201.32549,22.794214,423.16635,0.017045805,-1.1248972,0.10371629,-0.01354381,-0.019182362,-0.0069844656,2.1592094e-05,-8.096857e-07,0.0013331296,0.9816109,7.137e-05,-8.1271127e-07,0.0013382329,1,0,0,-0.00069501549,0.0038858286,1.4432543,469.17086,3878.0566,104.33358,14116.667,-1.1274077,nan,0.099754601,nan,nan,91342.425,-3509.4049,-289.97115,52.511571,-0.0066214097,1.2670275,-0.50939671,14116.667,0,0,0,0,0
2,2121.4,116.84732,-3875.9398,201.54279,22.802798,423.67488,0.017054662,-1.1249923,0.10363141,-0.013550427,-0.019114916,-0.0070116654,3.4598377e-05,-8.1061687e-07,0.0013340826,0.98179406,8.3786908e-05,-8.1471132e-07,0.0013368016,1,0,0,-0.00073915756,0.0038874257,1.4449156,469.72318,3875.9398,104.29968,14111.111,-1.1274863,nan,0.099673899,nan,nan,91577.98,-3516.5639,-290.53191,55.991754,-0.0066105623,1.2807494,-0.44222829,14111.111,0,0,0,0,0
2.005,2122.4082,116.96136,-3873.8204,201.75971,22.81129,424.18309,0.017063759,-1.1250872,0.10354622,-0.013557034,-0.019046857,-0.0070327649,4.7449019e-05,-8.1204195e-07,0.0013345419,0.98197539,9.6041824e-05,-8.1845096e-07,0.0013357891,1,0,0,-0.00078262417,0.0038891258,1.4465754,470.27506,3873.8204,104.26578,14105.556,-1.127565,nan,0.099593204,nan,nan,91813.739,-3523.7226,-291.10924,59.431197,-0.0066035484,1.2893298,-0.26441598,14105.556,0,0,0,0,0
2.01,2123.4174,117.07543,-3871.6985,201.97625,22.819689,424.691,0.017073009,-1.1251817,0.10346083,-0.013563637,-0.018978436,-0.0070432333,6.0139405e-05,-8.141582e-07,0.0013348033,0.98215492,0.00010811275,-8.2328217e-07,0.0013357928,1,0,0,-0.00082541827,0.0038908864,1.4482337,470.82649,3871.6985,104.23188,14100,-1.1276438,nan,0.099512515,nan,nan,92049.701,-3530.881,-291.69486,62.829939,-0.0066019319,1.293858,-0.040558481,14100,0,0,0,0,0
2.015,2124.4277,117.18954,-3869.574,202.19241,22.827995,425.19859,0.017082295,-1.1252758,0.10337537,-0.01357024,-0.018909833,-0.0070421334,7.2661985e-05,-8.1693479e-07,0.001335181,0.98233266,0.00011998538,-8.2832946e-07,0.0013370445,1,0,0,-0.00086754393,0.0038926505,1.4498905,471.37748,3869.574,104.19798,14094.444,-1.1277226,nan,0.099431832,nan,nan,92285.866,-3538.039,-292.27896,66.188159,-0.0066054143,1.2961028,0.16000443,14094.444,0,0,0,0,0
2.02,2125.4391,117.3037,-3867.447,202.4082,22.836208,425.70587,0.017091504,-1.1253696,0.10328996,-0.013576848,-0.018841129,-0.0070319237,8.5009142e-05,-8.2015232e-07,0.001335916,0.98250863,0.00013165595,-8.3276845e-07,0.0013393916,1,0,0,-0.00090900584,0.0038943645,1.4515458,471.92803,3867.447,104.16408,14088.889,-1.1278015,nan,0.099351158,nan,nan,92522.233,-3545.1967,-292.85324,69.506094,-0.0066121795,1.2978865,0.2835151,14088.889,0,0,0,0,0
2.025,2126.4516,117.4179,-3865.3174,202.62362,22.844329,426.21284,0.017100557,-1.125463,0.10320469,-0.013583463,-0.018772316,-0.0070173205,9.7175554e-05,-8.2349037e-07,0.0013371166,0.98268284,0.00014313055,-8.3605274e-07,0.0013423903,1,0,0,-0.00094980892,0.0038959929,1.4531996,472.47813,3865.3174,104.13018,14083.333,-1.1278804,nan,0.099270491,nan,nan,92758.802,-3552.3539,-293.41301,72.783961,-0.0066196204,1.3005627,0.30506476,14083.333,0,0,0,0,0
2.03,2127.4652,117.53214,-3863.1854,202.83867,22.852359,426.7195,0.017109432,-1.1255562,0.10311959,-0.013590085,-0.018703333,-0.0070036658,0.00010915948,-8.26632e-07,0.0013387455,0.98285532,0.00015442182,-8.3803149e-07,0.0013454694,1,0,0,-0.00098995785,0.0038975261,1.4548519,473.02779,3863.1854,104.09628,14077.778,-1.1279595,nan,0.099189833,nan,nan,92995.572,-3559.5108,-293.9581,76.021902,-0.0066251877,1.3047255,0.23193333,14077.778,0,0,0,0,0
2.035,2128.4798,117.64641,-3861.0508,203.05335,22.860299,427.22583,0.017118158,-1.1256489,0.10303462,-0.013596711,-0.018634102,-0.0069953293,0.00012096278,-8.2935321e-07,0.0013406486,0.98302608,0.00016554437,-8.3893916e-07,0.0013481097,1,0,0,-0.0010294569,0.0038989796,1.4565027,473.577,3861.0508,104.06238,14072.222,-1.1280385,nan,0.099109185,nan,nan,93232.544,-3566.6673,-294.49229,79.219971,-0.0066271049,1.3101913,0.09733473,14072.222,0,0,0,0,0
2.04,2129.4955,117.76073,-3858.9136,203.26767,22.86815,427.73186,0.017126802,-1.1257413,0.1029497,-0.013603338,-0.018564567,-0.0069945944,0.00013258995,-8.3157397e-07,0.0013426146,0.98319515,0.00017651053,-8.3927737e-07,0.0013499848,1,0,0,-0.0010683101,0.0039003864,1.458152,474.12576,3858.9136,104.02848,14066.667,-1.1281177,nan,0.099028546,nan,nan,93469.716,-3573.8234,-295.02174,82.37815,-0.0066247641,1.3162047,-0.05240554,14066.667,0,0,0,0,0
2.045,2130.5122,117.87509,-3856.7739,203.48162,22.875912,428.23756,0.017135445,-1.1258334,0.10286476,-0.01360996,-0.018494721,-0.0070012829,0.00014404658,-8.3336175e-07,0.0013444421,0.98336252,0.00018732758,-8.3963708e-07,0.0013510288,1,0,0,-0.001106521,0.0039017854,1.4597998,474.67408,3856.7739,103.99458,14061.111,-1.1281969,nan,0.098947918,nan,nan,93707.088,-3580.9791,-295.55295,85.496385,-0.0066187359,1.3217701,-0.17273226,14061.111,0,0,0,0,0
2.05,2131.5301,117.98948,-3854.6317,203.6952,22.883586,428.74294,0.017144156,-1.1259251,0.1027797,-0.013616576,-0.018424607,-0.0070131285,0.00015533781,-8.3489265e-07,0.001345996,0.98352823,0.00019799689,-8.4051948e-07,0.001351421,1,0,0,-0.0011440934,0.0039032094,1.4614461,475.22195,3854.6317,103.96068,14055.556,-1.1282761,nan,0.098867301,nan,nan,93944.659,-3588.1343,-296.0908,88.574639,-0.0066104449,1.3259892,-0.23329272,14055.556,0,0,0,0,0
2.055,2132.549,118.10391,-3852.487,203.90842,22.89117,429.24801,0.017152976,-1.1260165,0.1026945,-0.013623183,-0.018354308,-0.0070266945,0.00016646722,-8.363872e-07,0.0013472367,0.98369229,0.00020851497,-8.4220663e-07,0.0013515025,1,0,0,-0.0011810314,0.0039046766,1.4630908,475.76938,3852.487,103.92678,14050,-1.1283555,nan,0.098786695,nan,nan,94182.43,-3595.2892,-296.63745,91.612924,-0.006601649,1.3283084,-0.22469726,14050,0,0,0,0,0
2.06,2133.5689,118.21839,-3850.3398,204.12129,22.898665,429.75275,0.017161907,-1.1261075,0.10260913,-0.013629781,-0.018283928,-0.0070385039,0.00017743637,-8.3804224e-07,0.0013482191,0.98385472,0.00021887573,-8.4471185e-07,0.0013516582,1,0,0,-0.0012173394,0.0039061875,1.4647341,476.31636,3850.3398,103.89288,14044.444,-1.1284349,nan,0.098706102,nan,nan,94420.399,-3602.4436,-297.19204,94.611326,-0.0065938977,1.328621,-0.1584257,14044.444,0,0,0,0,0
2.065,2134.59,118.33289,-3848.19,204.33379,22.906071,430.25717,0.01717092,-1.1261982,0.10252364,-0.013636373,-0.018213569,-0.0070460312,0.00018824503,-8.3997877e-07,0.0013490645,0.98401553,0.000229073,-8.4781288e-07,0.0013522011,1,0,0,-0.0012530225,0.0039077269,1.4663759,476.86289,3848.19,103.85898,14038.889,-1.1285143,nan,0.098625522,nan,nan,94658.566,-3609.5975,-297.75132,97.570004,-0.0065881268,1.3272232,-0.060807865,14038.889,0,0,0,0,0
2.07,2135.6121,118.44744,-3846.0377,204.54594,22.913388,430.76126,0.017179964,-1.1262885,0.10243809,-0.013642959,-0.018143311,-0.0070482934,0.00019889192,-8.4221846e-07,0.0013499172,0.98417473,0.00023910274,-8.5114742e-07,0.0013532929,1,0,0,-0.0012880859,0.0039092705,1.4680161,477.40898,3846.0377,103.82508,14033.333,-1.1285938,nan,0.098544955,nan,nan,94896.931,-3616.7509,-298.31091,100.48917,-0.0065844833,1.3246625,0.036425643,14033.333,0,0,0,0,0
2.075,2136.6352,118.56202,-3843.8829,204.75773,22.920616,431.26503,0.017188985,-1.1263784,0.10235253,-0.013649543,-0.0180732,-0.0070459239,0.00020937554,-8.4469139e-07,0.0013509007,0.98433236,0.00024896412,-8.5433504e-07,0.0013549184,1,0,0,-0.0013225354,0.0039107926,1.4696549,477.95461,3843.8829,103.79118,14027.778,-1.1286733,nan,0.098464402,nan,nan,95135.493,-3623.9039,-298.86666,103.36908,-0.0065823985,1.3215414,0.10587705,14027.778,0,0,0,0,0
2.08,2137.6594,118.67664,-3841.7256,204.96917,22.927755,431.76848,0.017197942,-1.126468,0.102267,-0.013656124,-0.018003258,-0.007040777,0.00021969505,-8.4726871e-07,0.001352085,0.98448841,0.00025865962,-8.5708761e-07,0.0013569127,1,0,0,-0.0013563768,0.003912274,1.4712921,478.4998,3841.7256,103.75728,14022.222,-1.128753,nan,0.098383864,nan,nan,95374.251,-3631.0564,-299.41582,106.20997,-0.0065808534,1.3183417,0.13168909,14022.222,0,0,0,0,0
2.085,2138.6847,118.79129,-3839.5657,205.18026,22.934807,432.27159,0.017206815,-1.1265573,0.10218154,-0.013662705,-0.017933481,-0.0070352393,0.0002298507,-8.4980744e-07,0.0013534744,0.9846429,0.00026819407,-8.5927825e-07,0.0013590288,1,0,0,-0.001389616,0.0039137062,1.4729279,479.04455,3839.5657,103.72338,14016.667,-1.1288326,nan,0.09830334,nan,nan,95613.206,-3638.2085,-299.95761,109.01209,-0.0065787324,1.3153147,0.11250977,14016.667,0,0,0,0,0
2.09,2139.711,118.90598,-3837.4033,205.391,22.941771,432.77438,0.01721561,-1.1266462,0.10209613,-0.013669282,-0.017863859,-0.0070314804,0.00023984392,-8.5219305e-07,0.0013550143,0.98479586,0.00027757328,-8.6095516e-07,0.0013610182,1,0,0,-0.0014222586,0.0039150925,1.4745621,479.58884,3837.4033,103.68948,14011.111,-1.1289123,nan,0.098222833,nan,nan,95852.357,-3645.36,-300.4932,111.77563,-0.0065751545,1.3124569,0.059935381,14011.111,0,0,0,0,0
2.095,2140.7384,119.0207,-3835.2385,205.60139,22.948649,433.27684,0.017224352,-1.1267348,0.10201074,-0.013675855,-0.017794387,-0.007030867,0.00024967711,-8.5436815e-07,0.0013566152,0.9849473,0.00028680257,-8.6230388e-07,0.0013627023,1,0,0,-0.0014543104,0.0039164454,1.4761948,480.13268,3835.2385,103.65558,14005.556,-1.1289921,nan,0.098142342,nan,nan,96091.703,-3652.511,-301.02508,114.50081,-0.0065696894,1.3095642,-0.0065204546,14005.556,0,0,0,0,0
2.1,2141.7668,119.13546,-3833.0711,205.81144,22.95544,433.77897,0.017233075,-1.126823,0.10192535,-0.013682422,-0.017725073,-0.007033683,0.00025935314,-8.5634099e-07,0.0013581828,0.98509722,0.00029588581,-8.6357592e-07,0.0013640132,1,0,0,-0.0014857769,0.003917782,1.477826,480.67608,3833.0711,103.62168,14000,-1.129072,nan,0.098061868,nan,nan,96331.243,-3659.6614,-301.55622,117.18779,-0.0065624156,1.3063319,-0.066033685,14000,0,0,0,0,0
2.105,2142.7963,119.25025,-3830.9012,206.02114,22.962145,434.28076,0.017241814,-1.1269109,0.1018399,-0.013688981,-0.017655941,-0.0070391945,0.00026887482,-8.581742e-07,0.0013596448,0.98524565,0.00030482492,-8.6500859e-07,0.0013649986,1,0,0,-0.0015166639,0.0039191181,1.4794557,481.21903,3830.9012,103.58778,13994.444,-1.1291518,nan,0.097981412,nan,nan,96570.978,-3666.8114,-302.08912,119.83677,-0.0065538261,1.3024674,-0.10255998,13994.444,0,0,0,0,0
2.11,2143.8268,119.36507,-3828.7288,206.23049,22.968764,434.78223,0.017250592,-1.1269984,0.10175438,-0.013695531,-0.017587028,-0.007045996,0.00027824452,-8.5995972e-07,0.0013609692,0.98539261,0.00031362016,-8.6676007e-07,0.0013657924,1,0,0,-0.001546977,0.0039204644,1.4810839,481.76152,3828.7288,103.55388,13988.889,-1.1292318,nan,0.097900974,nan,nan,96810.907,-3673.9608,-302.62518,122.44796,-0.0065446302,1.2977778,-0.10874411,13988.889,0,0,0,0,0
2.115,2144.8584,119.47993,-3826.5539,206.43951,22.975298,435.28336,0.017259415,-1.1270856,0.10166877,-0.013702072,-0.01751838,-0.0070524995,0.00028746399,-8.6178891e-07,0.0013621676,0.9855381,0.00032227075,-8.6887591e-07,0.0013665649,1,0,0,-0.0015767222,0.0039218236,1.4827106,482.30357,3826.5539,103.51998,13983.333,-1.1293118,nan,0.097820554,nan,nan,97051.029,-3681.1096,-303.16444,125.0216,-0.0065355232,1.2922138,-0.086830496,13983.333,0,0,0,0,0
2.12,2145.891,119.59482,-3824.3764,206.64818,22.981745,435.78415,0.017268274,-1.1271724,0.1015831,-0.013708604,-0.017450042,-0.0070574095,0.00029653434,-8.6372706e-07,0.001363286,0.98568214,0.00033077575,-8.7129206e-07,0.0013674697,1,0,0,-0.0016059055,0.0039231912,1.4843357,482.84517,3824.3764,103.48608,13977.778,-1.1293918,nan,0.097740154,nan,nan,97291.344,-3688.2579,-303.70576,127.55795,-0.0065269936,1.2858649,-0.046721861,13977.778,0,0,0,0,0
2.125,2146.9247,119.70974,-3822.1965,206.85652,22.988106,436.28461,0.01727715,-1.1272589,0.10149737,-0.013715128,-0.01738205,-0.0070600505,0.0003054563,-8.6579871e-07,0.0013643869,0.98582475,0.00033913475,-8.7386857e-07,0.0013686022,1,0,0,-0.0016345333,0.0039245573,1.4859593,483.38632,3822.1965,103.45218,13972.222,-1.1294719,nan,0.097659774,nan,nan,97531.852,-3695.4055,-304.24728,130.05731,-0.0065192163,1.2789146,-0.0021257313,13972.222,0,0,0,0,0
2.13,2147.9594,119.82469,-3820.0141,207.06452,22.994382,436.78473,0.017286018,-1.127345,0.10141162,-0.013721644,-0.017314434,-0.0070604733,0.00031423049,-8.679867e-07,0.0013655299,0.98596594,0.00034734842,-8.7643995e-07,0.0013699804,1,0,0,-0.0016626119,0.0039259105,1.4875815,483.92701,3820.0141,103.41828,13966.667,-1.129552,nan,0.097579415,nan,nan,97772.551,-3702.5526,-304.78706,132.51998,-0.0065120506,1.2715771,0.03385469,13966.667,0,0,0,0,0
2.135,2148.9951,119.93968,-3817.8292,207.27218,23.000573,437.28451,0.017294857,-1.1274308,0.10132586,-0.013728154,-0.017247208,-0.0070593415,0.00032285769,-8.7024298e-07,0.0013667545,0.98610572,0.00035541855,-8.7886566e-07,0.0013715504,1,0,0,-0.0016901478,0.0039272409,1.4892021,484.46726,3817.8292,103.38438,13961.111,-1.1296322,nan,0.097499076,nan,nan,98013.442,-3709.6991,-305.32362,134.94627,-0.0065051273,1.2640355,0.052355273,13961.111,0,0,0,0,0
2.14,2150.0319,120.05469,-3815.6418,207.47951,23.006679,437.78395,0.017303654,-1.1275163,0.10124012,-0.013734656,-0.017180381,-0.0070576591,0.00033133904,-8.7250675e-07,0.001368072,0.9862441,0.00036334778,-8.8106642e-07,0.0013732115,1,0,0,-0.0017171474,0.0039285431,1.4908211,485.00705,3815.6418,103.35048,13955.556,-1.1297124,nan,0.097418759,nan,nan,98254.524,-3716.845,-305.85631,137.3365,-0.0064979871,1.2564004,0.050683621,13955.556,0,0,0,0,0
2.145,2151.0697,120.16974,-3813.4518,207.68651,23.012701,438.28305,0.017312409,-1.1276015,0.1011544,-0.013741151,-0.017113957,-0.0070564394,0.00033967609,-8.7472353e-07,0.0013694662,0.98638111,0.00037113922,-8.8303803e-07,0.0013748516,1,0,0,-0.0017436171,0.0039298168,1.4924387,485.5464,3813.4518,103.31658,13950,-1.1297927,nan,0.097338465,nan,nan,98495.796,-3723.9903,-306.38535,139.69096,-0.0064902245,1.2486954,0.032233651,13950,0,0,0,0,0
2.15,2152.1085,120.28481,-3811.2594,207.89318,23.018639,438.78181,0.01732113,-1.1276863,0.10106868,-0.013747638,-0.017047941,-0.0070564164,0.00034787075,-8.7685978e-07,0.0013709015,0.98651676,0.00037879591,-8.8484199e-07,0.0013763798,1,0,0,-0.0017695634,0.0039310661,1.4940547,486.08529,3811.2594,103.28268,13944.444,-1.129873,nan,0.097258193,nan,nan,98737.258,-3731.1349,-306.91169,142.00997,-0.0064815946,1.2408703,0.0046839726,13944.444,0,0,0,0,0
2.155,2153.1484,120.39992,-3809.0645,208.09952,23.024493,439.28023,0.017329831,-1.1277708,0.10098295,-0.013754116,-0.016982341,-0.0070578755,0.00035592512,-8.7890952e-07,0.001372336,0.98665105,0.00038632043,-8.8657889e-07,0.0013777501,1,0,0,-0.0017949926,0.0039322982,1.4956692,486.62373,3809.0645,103.24878,13938.889,-1.1299534,nan,0.097177945,nan,nan,98978.91,-3738.2789,-307.43659,144.29381,-0.0064720592,1.2328333,-0.022771192,13938.889,0,0,0,0,0
2.16,2154.1893,120.51505,-3806.8671,208.30554,23.030264,439.7783,0.017338527,-1.1278549,0.10089719,-0.013760584,-0.016917169,-0.0070606351,0.00036384132,-8.808922e-07,0.0013737341,0.98678401,0.00039371471,-8.8835452e-07,0.0013789678,1,0,0,-0.0018199112,0.0039335201,1.4972822,487.16172,3806.8671,103.21488,13933.333,-1.1300338,nan,0.097097721,nan,nan,99220.751,-3745.4223,-307.96125,146.5428,-0.0064617672,1.2244893,-0.042237919,13933.333,0,0,0,0,0
2.165,2155.2313,120.63022,-3804.6672,208.51122,23.035952,440.27603,0.01734723,-1.1279388,0.10081139,-0.013767041,-0.016852443,-0.0070641622,0.00037162133,-8.8284371e-07,0.0013750755,0.98691564,0.0004009801,-8.9024939e-07,0.0013800808,1,0,0,-0.0018443254,0.0039347375,1.4988937,487.69926,3804.6672,103.18098,13927.778,-1.1301143,nan,0.097017522,nan,nan,99462.78,-3752.5649,-308.48644,148.75724,-0.0064509853,1.2157722,-0.049178822,13927.778,0,0,0,0,0
2.17,2156.2742,120.74541,-3802.4649,208.71659,23.041557,440.77341,0.017355946,-1.1280223,0.10072555,-0.013773488,-0.016788185,-0.0070677725,0.00037926695,-8.8480404e-07,0.0013763593,0.98704596,0.00040811748,-8.9229971e-07,0.0013811604,1,0,0,-0.0018682419,0.0039359526,1.5005037,488.23634,3802.4649,103.14708,13922.222,-1.1301948,nan,0.096937348,nan,nan,99704.998,-3759.7069,-309.01238,150.93746,-0.0064400059,1.2066638,-0.043231133,13922.222,0,0,0,0,0
2.175,2157.3182,120.86063,-3800.26,208.92163,23.047079,441.27044,0.017364672,-1.1281054,0.10063966,-0.013779923,-0.016724413,-0.0070708448,0.00038677973,-8.8680547e-07,0.001377601,0.98717499,0.00041512766,-8.9449363e-07,0.0013822777,1,0,0,-0.001891667,0.0039371646,1.5021121,488.77297,3800.26,103.11318,13916.667,-1.1302754,nan,0.0968572,nan,nan,99947.403,-3766.8482,-309.53873,153.08378,-0.0064290613,1.1971954,-0.027726804,13916.667,0,0,0,0,0
2.18,2158.3632,120.97587,-3798.0526,209.12635,23.052518,441.76713,0.017373401,-1.1281883,0.10055374,-0.013786348,-0.016661145,-0.0070729878,0.00039416106,-8.8886476e-07,0.0013788264,0.98730272,0.00042201155,-8.9678163e-07,0.0013834834,1,0,0,-0.0019146073,0.0039383696,1.503719,489.30915,3798.0526,103.07928,13911.111,-1.130356,nan,0.096777078,nan,nan,100189.99,-3773.9888,-310.06474,155.19655,-0.0064182677,1.1874345,-0.0082321481,13911.111,0,0,0,0,0
2.185,2159.4093,121.09114,-3795.8428,209.33075,23.057875,442.26347,0.017382123,-1.1282709,0.10046779,-0.013792762,-0.016598396,-0.0070741184,0.00040141229,-8.9098071e-07,0.0013800623,0.98742919,0.00042877042,-8.9909594e-07,0.0013847963,1,0,0,-0.0019370694,0.0039395629,1.5053244,489.84487,3795.8428,103.04538,13905.556,-1.1304366,nan,0.096696984,nan,nan,100432.77,-3781.1288,-310.58956,157.27613,-0.0064076105,1.1774639,0.0093412104,13905.556,0,0,0,0,0
2.19,2160.4564,121.20644,-3793.6305,209.53483,23.06315,442.75945,0.017390827,-1.1283531,0.10038183,-0.013799165,-0.016536174,-0.0070744421,0.00040853479,-8.9313722e-07,0.0013813293,0.9875544,0.00043540594,-9.0137245e-07,0.0013862026,1,0,0,-0.0019590599,0.0039407397,1.5069282,490.38014,3793.6305,103.01148,13900,-1.1305173,nan,0.096616917,nan,nan,100675.74,-3788.2679,-311.11243,159.32286,-0.0063969685,1.1673594,0.020457881,13900,0,0,0,0,0
2.195,2161.5044,121.32177,-3791.4157,209.73859,23.068343,443.25509,0.017399508,-1.128435,0.10029587,-0.013805558,-0.016474486,-0.0070743537,0.00041553005,-8.9531004e-07,0.0013826363,0.98767836,0.00044192009,-9.0356825e-07,0.0013876642,1,0,0,-0.0019805854,0.003941897,1.5085306,490.91496,3791.4157,102.97758,13894.444,-1.130598,nan,0.096536878,nan,nan,100918.89,-3795.4064,-311.63295,161.33709,-0.0063861645,1.1571729,0.023047937,13894.444,0,0,0,0,0
2.2,2162.5535,121.43712,-3789.1985,209.94204,23.073455,443.75037,0.017408162,-1.1285167,0.1002099,-0.01381194,-0.016413335,-0.0070742996,0.0004223997,-8.9747491e-07,0.0013839802,0.98780108,0.00044831506,-9.0567079e-07,0.001389133,1,0,0,-0.0020016523,0.0039430339,1.5101313,491.44932,3789.1985,102.94368,13888.889,-1.1306788,nan,0.096456868,nan,nan,101162.22,-3802.5441,-312.15107,163.31919,-0.0063750237,1.1469256,0.017744126,13888.889,0,0,0,0,0
2.205,2163.6036,121.5525,-3786.9787,210.14517,23.078485,444.2453,0.017416792,-1.128598,0.10012393,-0.01381831,-0.016352724,-0.0070746438,0.00042914552,-8.9961445e-07,0.0013853479,0.98792258,0.00045459305,-9.0769701e-07,0.0013905659,1,0,0,-0.0020222672,0.0039441513,1.5117306,491.98323,3786.9787,102.90978,13883.333,-1.1307596,nan,0.096376888,nan,nan,101405.75,-3809.681,-312.6671,165.2695,-0.0063634231,1.1366106,0.0073202694,13883.333,0,0,0,0,0
2.21,2164.6548,121.6679,-3784.7565,210.34799,23.083435,444.73988,0.017425402,-1.128679,0.10003794,-0.013824669,-0.016292658,-0.007075577,0.00043576934,-9.0172213e-07,0.0013867219,0.98804287,0.0004607561,-9.096844e-07,0.0013919365,1,0,0,-0.0020424365,0.0039452521,1.5133284,492.51669,3784.7565,102.87588,13877.778,-1.1308405,nan,0.096296937,nan,nan,101649.45,-3816.8172,-313.18154,167.18837,-0.0063513179,1.126203,-0.0043967191,13877.778,0,0,0,0,0
2.215,2165.7069,121.78333,-3782.5318,210.5505,23.088304,445.2341,0.017434,-1.1287597,0.099951942,-0.013831015,-0.016233142,-0.0070770873,0.00044227301,-9.0380263e-07,0.0013880856,0.98816197,0.00046680604,-9.1167746e-07,0.0013932397,1,0,0,-0.0020621668,0.0039463392,1.5149246,493.04969,3782.5318,102.84198,13872.222,-1.1309214,nan,0.096217017,nan,nan,101893.34,-3823.9526,-313.69493,169.07616,-0.0063387429,1.1156736,-0.013758133,13872.222,0,0,0,0,0
2.22,2166.7601,121.89878,-3780.3047,210.7527,23.093093,445.72797,0.017442591,-1.1288401,0.099865916,-0.013837349,-0.016174182,-0.0070789925,0.00044865837,-9.0586894e-07,0.0013894278,0.98827988,0.00047274447,-9.1371428e-07,0.0013944906,1,0,0,-0.0020814643,0.0039474153,1.5165192,493.58223,3780.3047,102.80808,13866.667,-1.1310023,nan,0.096137129,nan,nan,102137.41,-3831.0872,-314.20766,170.93322,-0.0063257901,1.1050012,-0.018298878,13866.667,0,0,0,0,0
2.225,2167.8142,122.01426,-3778.075,210.9546,23.097801,446.22148,0.017451178,-1.1289202,0.099779863,-0.013843669,-0.016115788,-0.0070810153,0.00045492713,-9.0793759e-07,0.0013907455,0.98839661,0.00047857278,-9.1581678e-07,0.0013957173,1,0,0,-0.0021003355,0.0039484819,1.5181124,494.11432,3778.075,102.77418,13861.111,-1.1310833,nan,0.096057272,nan,nan,102381.66,-3838.221,-314.7199,172.7599,-0.0063125746,1.0941807,-0.017264534,13861.111,0,0,0,0,0
2.23,2168.8694,122.12975,-3775.8429,211.15618,23.10243,446.71463,0.017459761,-1.1290001,0.099693783,-0.013849976,-0.016057965,-0.0070828756,0.00046108097,-9.1002354e-07,0.0013920429,0.98851218,0.0004842923,-9.1798704e-07,0.0013969506,1,0,0,-0.0021187867,0.0039495389,1.519704,494.64595,3775.8429,102.74028,13855.556,-1.1311643,nan,0.095977448,nan,nan,102626.1,-3845.354,-315.23157,174.55656,-0.0062991986,1.0832249,-0.011579348,13855.556,0,0,0,0,0
2.235,2169.9256,122.24528,-3773.6084,211.35746,23.106979,447.20742,0.017468337,-1.1290796,0.099607678,-0.01385627,-0.016000721,-0.0070843693,0.00046712145,-9.1213631e-07,0.00139333,0.9886266,0.00048990439,-9.2020967e-07,0.0013982157,1,0,0,-0.0021368245,0.0039505852,1.5212941,495.17713,3773.6084,102.70638,13850,-1.1312453,nan,0.095897656,nan,nan,102870.72,-3852.4862,-315.7424,176.32358,-0.0062857252,1.0721615,-0.0033444135,13850,0,0,0,0,0
2.24,2170.9828,122.36082,-3771.3713,211.55843,23.111448,447.69986,0.017476903,-1.1291589,0.099521553,-0.013862551,-0.01594406,-0.0070854152,0.00047305012,-9.1427815e-07,0.0013946182,0.98873988,0.0004954105,-9.2245881e-07,0.0013995252,1,0,0,-0.002154455,0.0039516187,1.5228826,495.70785,3771.3713,102.67248,13844.444,-1.1313264,nan,0.095817899,nan,nan,103115.52,-3859.6175,-316.25202,178.06131,-0.0062721663,1.0610249,0.0049244083,13844.444,0,0,0,0,0
2.245,2172.041,122.47639,-3769.1319,211.7591,23.115838,448.19193,0.017485454,-1.1292379,0.099435414,-0.013868817,-0.015887987,-0.0070860599,0.00047886852,-9.1644458e-07,0.0013959175,0.98885203,0.00050081223,-9.2470702e-07,0.0014008777,1,0,0,-0.0021716846,0.0039526373,1.5244696,496.23811,3769.1319,102.63858,13838.889,-1.1314075,nan,0.095738175,nan,nan,103360.5,-3866.748,-316.76009,179.77012,-0.0062584876,1.049849,0.011065813,13838.889,0,0,0,0,0
2.25,2173.1002,122.59197,-3766.8899,211.95947,23.120149,448.68364,0.017493986,-1.1293166,0.099349264,-0.01387507,-0.015832501,-0.0070864464,0.00048457821,-9.1862671e-07,0.0013972333,0.98896307,0.00050611127,-9.2693326e-07,0.0014022602,1,0,0,-0.0021885196,0.0039536395,1.5260551,496.76792,3766.8899,102.60468,13833.333,-1.1314887,nan,0.095658486,nan,nan,103605.66,-3873.8777,-317.26636,181.45039,-0.0062446254,1.0386596,0.013831082,13833.333,0,0,0,0,0
2.255,2174.1604,122.70758,-3764.6455,212.15954,23.124382,449.17499,0.017502497,-1.129395,0.099263105,-0.013881309,-0.015777605,-0.0070867596,0.00049018081,-9.2081444e-07,0.001398566,0.98907299,0.00051130943,-9.2912793e-07,0.0014036534,1,0,0,-0.0022049662,0.0039546244,1.527639,497.29727,3764.6455,102.57078,13827.778,-1.1315699,nan,0.095578833,nan,nan,103851,-3881.0064,-317.77074,183.10247,-0.006230509,1.0274717,0.01310374,13827.778,0,0,0,0,0
2.26,2175.2216,122.82321,-3762.3987,212.3593,23.128535,449.66597,0.017510988,-1.1294731,0.099176938,-0.013887534,-0.015723297,-0.0070871682,0.00049567798,-9.2299956e-07,0.0013999115,0.98918183,0.0005164085,-9.3129392e-07,0.0014050378,1,0,0,-0.0022210306,0.0039555922,1.5292214,497.82616,3762.3987,102.53688,13822.222,-1.1316511,nan,0.095499216,nan,nan,104096.52,-3888.1343,-318.27333,184.72672,-0.0062160817,1.0162887,0.0097679137,13822.222,0,0,0,0,0
2.265,2176.2838,122.93886,-3760.1494,212.55877,23.132611,450.15659,0.01751946,-1.129551,0.09909076,-0.013893744,-0.015669577,-0.0070877798,0.0005010714,-9.2517784e-07,0.0014012628,0.98928958,0.00052141023,-9.3344402e-07,0.0014063999,1,0,0,-0.0022367189,0.0039565438,1.5308023,498.3546,3760.1494,102.50298,13816.667,-1.1317324,nan,0.095419635,nan,nan,104342.22,-3895.2613,-318.77428,186.32352,-0.0062013143,1.0051065,0.0053137111,13816.667,0,0,0,0,0
2.27,2177.347,123.05453,-3757.8976,212.75794,23.136609,450.64685,0.017527916,-1.1296286,0.099004569,-0.01389994,-0.015616445,-0.007088619,0.00050636275,-9.2734966e-07,0.0014026127,0.98939626,0.00052631628,-9.3559588e-07,0.0014077343,1,0,0,-0.0022520372,0.0039574803,1.5323816,498.88258,3757.8976,102.46908,13811.111,-1.1318137,nan,0.095340091,nan,nan,104588.1,-3902.3873,-319.27383,187.89321,-0.0061862091,0.99391774,0.0013293521,13811.111,0,0,0,0,0
2.275,2178.4112,123.17023,-3755.6434,212.95682,23.140529,451.13674,0.017536358,-1.129706,0.098918363,-0.01390612,-0.015563903,-0.0070896331,0.00051155371,-9.2951933e-07,0.0014039556,0.98950187,0.00053112822,-9.3776642e-07,0.0014090446,1,0,0,-0.0022669916,0.0039584029,1.5339594,499.4101,3755.6434,102.43518,13805.556,-1.1318951,nan,0.095260585,nan,nan,104834.15,-3909.5125,-319.77215,189.43617,-0.0061707941,0.98271678,-0.00096007833,13805.556,0,0,0,0,0
2.28,2179.4763,123.28594,-3753.3867,213.1554,23.144371,451.62626,0.017544787,-1.129783,0.09883214,-0.013912284,-0.01551195,-0.0070907179,0.00051664589,-9.3169332e-07,0.0014052889,0.98960643,0.00053584752,-9.3996728e-07,0.001410341,1,0,0,-0.0022815879,0.0039593124,1.5355357,499.93716,3753.3867,102.40128,13800,-1.1319764,nan,0.095181118,nan,nan,105080.38,-3916.6367,-320.26935,190.95274,-0.0061551114,0.97150328,-0.00098400848,13800,0,0,0,0,0
2.285,2180.5425,123.40167,-3751.1276,213.35368,23.148137,452.11541,0.017553204,-1.1298599,0.098745899,-0.013918433,-0.015460587,-0.0070917545,0.00052164089,-9.3387819e-07,0.0014066135,0.98970995,0.00054047562,-9.4220239e-07,0.0014116362,1,0,0,-0.0022958321,0.0039602089,1.5371104,500.46376,3751.1276,102.36738,13794.444,-1.1320578,nan,0.095101689,nan,nan,105326.79,-3923.76,-320.76541,192.44329,-0.0061392025,0.96028348,0.0011092998,13794.444,0,0,0,0,0
2.29,2181.6097,123.51741,-3748.866,213.55168,23.151825,452.6042,0.017561608,-1.1299364,0.098659641,-0.013924566,-0.015409814,-0.0070926446,0.00052654027,-9.3607884e-07,0.0014079327,0.98981244,0.00054501392,-9.444681e-07,0.0014129418,1,0,0,-0.0023097302,0.0039610922,1.5386835,500.98991,3748.866,102.33348,13788.889,-1.1321393,nan,0.0950223,nan,nan,105573.38,-3930.8823,-321.26025,193.90817,-0.0061230975,0.94906938,0.0046001794,13788.889,0,0,0,0,0
2.295,2182.6778,123.63318,-3746.602,213.74938,23.155436,453.09262,0.017569997,-1.1300127,0.098573369,-0.013930682,-0.015359631,-0.0070933355,0.00053134553,-9.3829744e-07,0.0014092513,0.98991391,0.00054946387,-9.4675543e-07,0.0014142649,1,0,0,-0.0023232879,0.0039619613,1.5402552,501.51559,3746.602,102.29957,13783.333,-1.1322208,nan,0.094942952,nan,nan,105820.14,-3938.0037,-321.75371,195.34776,-0.0061068078,0.93787638,0.0084839552,13783.333,0,0,0,0,0
2.3,2183.747,123.74896,-3744.3356,213.94679,23.158971,453.58066,0.01757837,-1.1300888,0.098487085,-0.013936783,-0.015310036,-0.0070938275,0.0005360582,-9.4053327e-07,0.0014105735,0.99001437,0.00055382694,-9.4905345e-07,0.0014156071,1,0,0,-0.0023365111,0.0039628155,1.5418252,502.04082,3744.3356,102.26567,13777.778,-1.1323023,nan,0.094863644,nan,nan,106067.08,-3945.124,-322.24563,196.76239,-0.006090326,0.92672018,0.011795118,13777.778,0,0,0,0,0
2.305,2184.8171,123.86477,-3742.0667,214.14391,23.16243,454.06834,0.017586725,-1.1301646,0.09840079,-0.013942866,-0.015261027,-0.0070941666,0.00054067976,-9.4278347e-07,0.0014119025,0.99011383,0.00055810464,-9.5135266e-07,0.0014169645,1,0,0,-0.0023494054,0.0039636539,1.5433938,502.56559,3742.0667,102.23177,13772.222,-1.1323838,nan,0.094784377,nan,nan,106314.19,-3952.2434,-322.73589,198.15243,-0.006073631,0.91561407,0.013872442,13772.222,0,0,0,0,0
2.31,2185.8882,123.98058,-3739.7954,214.34075,23.165812,454.55564,0.017595059,-1.1302402,0.098314487,-0.013948933,-0.015212601,-0.0070944241,0.00054521175,-9.4504421e-07,0.0014132392,0.99021229,0.00056229851,-9.5364756e-07,0.0014183298,1,0,0,-0.0023619766,0.0039644759,1.5449608,503.0899,3739.7954,102.19787,13766.667,-1.1324654,nan,0.094705152,nan,nan,106561.48,-3959.3618,-323.22442,199.51823,-0.0060566958,0.9045672,0.014499256,13766.667,0,0,0,0,0
2.315,2186.9603,124.09642,-3737.5217,214.53729,23.169118,455.04257,0.017603374,-1.1303155,0.098228175,-0.013954983,-0.015164755,-0.0070946735,0.00054965567,-9.4731196e-07,0.0014145825,0.99030978,0.0005664101,-9.5593758e-07,0.0014196949,1,0,0,-0.0023742302,0.0039652816,1.5465262,503.61374,3737.5217,102.16397,13761.111,-1.132547,nan,0.09462597,nan,nan,106808.94,-3966.4792,-323.71121,200.86014,-0.0060394959,0.89358428,0.013898009,13761.111,0,0,0,0,0
2.32,2188.0334,124.21227,-3735.2455,214.73355,23.172349,455.52913,0.017611669,-1.1303906,0.098141855,-0.013961015,-0.015117485,-0.0070949691,0.00055401305,-9.4958451e-07,0.0014159299,0.9904063,0.00057044091,-9.582266e-07,0.0014210533,1,0,0,-0.0023861718,0.0039660711,1.5480901,504.13713,3735.2455,102.13007,13755.556,-1.1326286,nan,0.094546831,nan,nan,107056.57,-3973.5955,-324.19633,202.1785,-0.0060220154,0.88266647,0.012602432,13755.556,0,0,0,0,0
2.325,2189.1075,124.32814,-3732.9669,214.92953,23.175504,456.01532,0.017619945,-1.1304655,0.098055526,-0.01396703,-0.015070788,-0.0070953338,0.00055828539,-9.5186144e-07,0.0014172783,0.99050185,0.00057439242,-9.605212e-07,0.0014224015,1,0,0,-0.0023978068,0.0039668448,1.5496525,504.66006,3732.9669,102.09617,13750,-1.1327103,nan,0.094467736,nan,nan,107304.38,-3980.7108,-324.67984,203.47366,-0.0060042504,0.87181306,0.011261498,13750,0,0,0,0,0
2.33,2190.1825,124.44402,-3730.6858,215.12522,23.178584,456.50112,0.017628203,-1.1305401,0.097969186,-0.013973027,-0.015024661,-0.0070957575,0.0005624742,-9.5414404e-07,0.0014186253,0.99059645,0.00057826606,-9.6282855e-07,0.0014237397,1,0,0,-0.0024091407,0.0039676031,1.5512133,505.18252,3730.6858,102.06227,13744.444,-1.132792,nan,0.094388685,nan,nan,107552.35,-3987.825,-325.16183,204.74597,-0.0059862073,0.86102336,0.010440458,13744.444,0,0,0,0,0
2.335,2191.2585,124.55992,-3728.4023,215.32063,23.181589,456.98656,0.017636443,-1.1306145,0.097882836,-0.013979006,-0.014979101,-0.0070962046,0.00056658095,-9.5643474e-07,0.0014199692,0.99069011,0.00058206321,-9.6515431e-07,0.0014250712,1,0,0,-0.0024201788,0.0039683465,1.5527725,505.70453,3728.4023,102.02837,13738.889,-1.1328737,nan,0.09430968,nan,nan,107800.5,-3994.9382,-325.64233,205.99575,-0.0059678997,0.85029821,0.010475229,13738.889,0,0,0,0,0
2.34,2192.3355,124.67584,-3726.1164,215.51575,23.18452,457.47161,0.017644667,-1.1306887,0.097796475,-0.013984967,-0.014934103,-0.0070966279,0.0005706071,-9.5873635e-07,0.00142131,0.99078284,0.00058578522,-9.6750142e-07,0.0014264008,1,0,0,-0.0024309264,0.0039690751,1.5543302,506.22607,3726.1164,101.99447,13733.333,-1.1329555,nan,0.094230719,nan,nan,108048.83,-4002.0503,-326.12136,207.22336,-0.0059493431,0.83964076,0.011412913,13733.333,0,0,0,0,0
2.345,2193.4135,124.79177,-3723.8281,215.7106,23.187375,457.95629,0.017652872,-1.1307626,0.097710103,-0.013990909,-0.014889664,-0.0070969835,0.00057455405,-9.6105125e-07,0.0014226486,0.99087464,0.0005894334,-9.6986972e-07,0.0014277336,1,0,0,-0.0024413888,0.0039697887,1.5558864,506.74716,3723.8281,101.96057,13727.778,-1.1330372,nan,0.094151805,nan,nan,108297.32,-4009.1614,-326.59888,208.42912,-0.0059305501,0.82905641,0.013042149,13727.778,0,0,0,0,0
2.35,2194.4924,124.90771,-3721.5374,215.90516,23.190157,458.44059,0.017661059,-1.1308363,0.097623722,-0.013996832,-0.014845781,-0.0070972422,0.00057842322,-9.633809e-07,0.0014239868,0.99096553,0.00059300909,-9.7225657e-07,0.0014290732,1,0,0,-0.002451571,0.003970487,1.557441,507.26778,3721.5374,101.92667,13722.222,-1.1331191,nan,0.094072938,nan,nan,108545.98,-4016.2713,-327.07483,209.61337,-0.0059115271,0.81855206,0.014991172,13722.222,0,0,0,0,0
2.355,2195.5723,125.02366,-3719.2442,216.09945,23.192864,458.92451,0.017669227,-1.1309098,0.097537333,-0.014002735,-0.014802448,-0.0070973962,0.00058221598,-9.6572561e-07,0.0014253265,0.99105552,0.0005965136,-9.7465804e-07,0.0014304211,1,0,0,-0.0024614783,0.0039711698,1.5589941,507.78794,3719.2442,101.89277,13716.667,-1.1332009,nan,0.093994118,nan,nan,108794.82,-4023.3801,-327.54914,210.77644,-0.0058922735,0.80813498,0.016855871,13716.667,0,0,0,0,0
2.36,2196.6532,125.13963,-3716.9486,216.29345,23.195497,459.40806,0.017677375,-1.1309831,0.097450936,-0.01400862,-0.014759662,-0.0070974569,0.00058593371,-9.6808473e-07,0.0014266691,0.9911446,0.00059994826,-9.7707025e-07,0.0014317765,1,0,0,-0.0024711156,0.0039718365,1.5605456,508.30763,3716.9486,101.85887,13711.111,-1.1332828,nan,0.093915346,nan,nan,109043.82,-4030.4878,-328.02174,211.91865,-0.0058727827,0.79781176,0.018317445,13711.111,0,0,0,0,0
2.365,2197.7351,125.25562,-3714.6506,216.48718,23.198057,459.89122,0.017685501,-1.1310562,0.097364533,-0.014014485,-0.014717416,-0.0070974499,0.00058957776,-9.7045703e-07,0.0014280154,0.9912328,0.00060331439,-9.7949053e-07,0.001433137,1,0,0,-0.002480488,0.0039724869,1.5620955,508.82687,3714.6506,101.82497,13705.556,-1.1333647,nan,0.093836622,nan,nan,109292.99,-4037.5943,-328.49258,213.04033,-0.0058530447,0.78758748,0.019218322,13705.556,0,0,0,0,0
2.37,2198.8179,125.37161,-3712.3502,216.68063,23.200543,460.374,0.017693607,-1.1311291,0.097278124,-0.01402033,-0.014675706,-0.0070974048,0.00059314948,-9.7284119e-07,0.0014293653,0.99132013,0.00060661331,-9.8191805e-07,0.0014344994,1,0,0,-0.0024896003,0.0039731209,1.5636439,509.34564,3712.3502,101.79107,13700,-1.1334466,nan,0.093757948,nan,nan,109542.33,-4044.6997,-328.96166,214.1418,-0.0058330493,0.77746543,0.0195815,13700,0,0,0,0,0
2.375,2199.9017,125.48762,-3710.0473,216.87381,23.202956,460.8564,0.017701691,-1.1312017,0.09719171,-0.014026155,-0.014634527,-0.0070973469,0.00059665022,-9.7523629e-07,0.0014307178,0.99140658,0.00060984633,-9.8435383e-07,0.0014358608,1,0,0,-0.0024984573,0.0039737385,1.5651908,509.86395,3710.0473,101.75717,13694.444,-1.1335286,nan,0.093679324,nan,nan,109791.84,-4051.8039,-329.42897,215.22337,-0.0058127884,0.76744728,0.019576557,13694.444,0,0,0,0,0
2.38,2200.9864,125.60364,-3707.7421,217.06671,23.205296,461.33842,0.017709753,-1.1312742,0.09710529,-0.014031959,-0.014593873,-0.0070972907,0.00060008129,-9.7764204e-07,0.001432072,0.99149217,0.00061301472,-9.8680024e-07,0.0014372192,1,0,0,-0.0025070638,0.0039743397,1.5667361,510.38179,3707.7421,101.72327,13688.889,-1.1336106,nan,0.09360075,nan,nan,110041.52,-4058.907,-329.89453,216.28537,-0.0057922583,0.7575337,0.019449994,13688.889,0,0,0,0,0
2.385,2202.0722,125.71967,-3705.4344,217.25934,23.207563,461.82005,0.017717794,-1.1313464,0.097018864,-0.014037743,-0.014553738,-0.0070972372,0.00060344403,-9.8005883e-07,0.0014334266,0.99157691,0.00061611973,-9.8926021e-07,0.0014385742,1,0,0,-0.0025154246,0.0039749248,1.5682798,510.89918,3705.4344,101.68937,13683.333,-1.1336926,nan,0.093522226,nan,nan,110291.36,-4066.0089,-330.35837,217.32809,-0.0057714591,0.74772501,0.019444841,13683.333,0,0,0,0,0
2.39,2203.1588,125.83571,-3703.1244,217.45169,23.209757,462.3013,0.017725814,-1.1314185,0.096932433,-0.014043507,-0.014514116,-0.007097176,0.00060673972,-9.8248763e-07,0.001434781,0.9916608,0.00061916258,-9.9173641e-07,0.0014399266,1,0,0,-0.0025235442,0.0039754938,1.569822,511.4161,3703.1244,101.65547,13677.778,-1.1337746,nan,0.093443755,nan,nan,110541.37,-4073.1095,-330.8205,218.35185,-0.005750394,0.73802187,0.019733586,13677.778,0,0,0,0,0
2.395,2204.2465,125.95176,-3700.8119,217.64377,23.211879,462.78217,0.017733813,-1.1314903,0.096845996,-0.014049248,-0.014475003,-0.0070970899,0.00060996963,-9.8492967e-07,0.0014361348,0.99174386,0.00062214446,-9.9423064e-07,0.0014412783,1,0,0,-0.0025314273,0.0039760468,1.5713626,511.93255,3700.8119,101.62157,13672.222,-1.1338567,nan,0.093365335,nan,nan,110791.54,-4080.209,-331.28093,219.35695,-0.0057290678,0.72842564,0.020381084,13672.222,0,0,0,0,0
2.4,2205.3351,126.06783,-3698.497,217.83558,23.213929,463.26265,0.017741791,-1.131562,0.096759554,-0.014054969,-0.014436393,-0.0070969604,0.00061313501,-9.8738612e-07,0.0014374882,0.99182609,0.00062506654,-9.9674351e-07,0.0014426311,1,0,0,-0.0025390782,0.0039765839,1.5729017,512.44854,3698.497,101.58767,13666.667,-1.1339388,nan,0.093286969,nan,nan,111041.88,-4087.3073,-331.73964,220.3437,-0.005707485,0.71893852,0.021343123,13666.667,0,0,0,0,0
2.405,2206.4246,126.1839,-3696.1797,218.02712,23.215907,463.74274,0.017749747,-1.1316334,0.096673108,-0.014060668,-0.014398279,-0.0070967736,0.00061623711,-9.8985791e-07,0.0014388419,0.99190751,0.00062792999,-9.9927459e-07,0.0014439869,1,0,0,-0.0025465016,0.0039771047,1.5744392,512.96407,3696.1797,101.55377,13661.111,-1.1340209,nan,0.093208656,nan,nan,111292.39,-4094.4043,-332.1966,221.31238,-0.0056856479,0.70956331,0.022495537,13661.111,0,0,0,0,0
2.41,2207.5152,126.29999,-3693.8601,218.21839,23.217813,464.22245,0.017757681,-1.1317047,0.096586657,-0.014066344,-0.014360657,-0.0070965226,0.00061927713,-9.9234553e-07,0.0014401965,0.99198811,0.00063073595,-1.0018227e-06,0.0014453466,1,0,0,-0.0025537016,0.0039776093,1.5759751,513.47913,3693.8601,101.51987,13655.556,-1.134103,nan,0.093130397,nan,nan,111543.06,-4101.5,-332.65178,222.26329,-0.0056635568,0.70030306,0.023681007,13655.556,0,0,0,0,0
2.415,2208.6066,126.41608,-3691.538,218.40939,23.219647,464.70177,0.017765592,-1.1317758,0.096500203,-0.014071999,-0.014323519,-0.0070962089,0.00062225627,-9.9484908e-07,0.0014415529,0.99206791,0.00063348555,-1.0043866e-06,0.0014467102,1,0,0,-0.0025606827,0.0039780974,1.5775095,513.99372,3691.538,101.48597,13650,-1.1341852,nan,0.093052192,nan,nan,111793.89,-4108.5945,-333.10515,223.19672,-0.0056412093,0.69116064,0.024757803,13650,0,0,0,0,0
2.42,2209.6991,126.53218,-3689.2135,218.60012,23.22141,465.1807,0.01777348,-1.1318467,0.096413746,-0.014077631,-0.014286859,-0.0070958403,0.00062517572,-9.9736835e-07,0.0014429114,0.99214691,0.00063617993,-1.0069652e-06,0.001448077,1,0,0,-0.002567449,0.0039785688,1.5790423,514.50786,3689.2135,101.45207,13644.444,-1.1342674,nan,0.092974043,nan,nan,112044.89,-4115.6878,-333.55667,224.11296,-0.0056186015,0.68213836,0.025636597,13644.444,0,0,0,0,0
2.425,2210.7924,126.64829,-3686.8867,218.79058,23.223102,465.65925,0.017781345,-1.1319174,0.096327287,-0.014083241,-0.014250672,-0.0070954281,0.00062803663,-9.9990305e-07,0.0014442721,0.99222513,0.0006388202,-1.0095581e-06,0.0014494459,1,0,0,-0.0025740047,0.0039790235,1.5805736,515.02152,3686.8867,101.41817,13638.889,-1.1343496,nan,0.092895949,nan,nan,112296.05,-4122.7797,-334.00632,225.01229,-0.0055957287,0.67323783,0.026297015,13638.889,0,0,0,0,0
2.43,2211.8868,126.76441,-3684.5574,218.98078,23.224723,466.13741,0.017789185,-1.131988,0.096240826,-0.014088827,-0.01421495,-0.0070949832,0.00063084017,-1.0024529e-06,0.0014456348,0.99230257,0.00064140745,-1.0121656e-06,0.0014508158,1,0,0,-0.0025803539,0.0039794614,1.5821033,515.53472,3684.5574,101.38427,13633.333,-1.1344318,nan,0.092817912,nan,nan,112547.37,-4129.8704,-334.45411,225.89499,-0.005572587,0.66445994,0.026782492,13633.333,0,0,0,0,0
2.435,2212.9821,126.88054,-3682.2258,219.17071,23.226273,466.61517,0.017797002,-1.1320583,0.096154364,-0.01409439,-0.014179688,-0.0070945129,0.00063358747,-1.005018e-06,0.0014469991,0.99237923,0.00064394278,-1.0147886e-06,0.0014521856,1,0,0,-0.0025865007,0.0039798825,1.5836314,516.04746,3682.2258,101.35037,13627.778,-1.1345141,nan,0.092739932,nan,nan,112798.85,-4136.9598,-334.90001,226.76133,-0.0055491733,0.65580503,0.027178263,13627.778,0,0,0,0,0
2.44,2214.0783,126.99667,-3679.8918,219.36037,23.227753,467.09255,0.017804795,-1.1321285,0.0960679,-0.01409993,-0.014144878,-0.0070940201,0.00063627966,-1.0075985e-06,0.0014483646,0.99245514,0.00064642724,-1.0174283e-06,0.0014535549,1,0,0,-0.002592449,0.0039802868,1.585158,516.55973,3679.8918,101.31647,13622.222,-1.1345964,nan,0.092662009,nan,nan,113050.5,-4144.0478,-335.34405,227.61158,-0.0055254862,0.64727318,0.027581255,13622.222,0,0,0,0,0
2.445,2215.1755,127.11281,-3677.5553,219.54977,23.229162,467.56953,0.017812563,-1.1321985,0.095981436,-0.014105446,-0.014110515,-0.0070935026,0.00063891785,-1.010195e-06,0.0014497309,0.99253029,0.00064886187,-1.0200862e-06,0.001454924,1,0,0,-0.0025982027,0.0039806743,1.586683,517.07153,3677.5553,101.28257,13616.667,-1.1346787,nan,0.092584145,nan,nan,113302.31,-4151.1345,-335.78621,228.44602,-0.0055015256,0.6388644,0.028071473,13616.667,0,0,0,0,0
2.45,2216.2736,127.22896,-3675.2165,219.7389,23.230501,468.04613,0.017820307,-1.1322684,0.095894971,-0.014110938,-0.014076591,-0.0070929547,0.00064150312,-1.012808e-06,0.0014510979,0.99260468,0.00065124768,-1.0227632e-06,0.0014562933,1,0,0,-0.0026037656,0.0039810452,1.5882065,517.58286,3675.2165,101.24867,13611.111,-1.134761,nan,0.09250634,nan,nan,113554.27,-4158.2199,-336.2265,229.26491,-0.0054772919,0.63057893,0.028692586,13611.111,0,0,0,0,0
2.455,2217.3727,127.34512,-3672.8753,219.92778,23.23177,468.52233,0.017828027,-1.132338,0.095808505,-0.014116405,-0.014043101,-0.0070923693,0.00064403654,-1.0154382e-06,0.0014524655,0.99267834,0.00065358569,-1.02546e-06,0.0014576636,1,0,0,-0.0026091416,0.0039813993,1.5897284,518.09373,3672.8753,101.21477,13605.556,-1.1348434,nan,0.092428594,nan,nan,113806.4,-4165.3039,-336.6649,230.0685,-0.0054527858,0.62241722,0.029445597,13605.556,0,0,0,0,0
2.46,2218.4727,127.46128,-3670.5318,220.11638,23.232969,468.99814,0.017835722,-1.1324075,0.095722039,-0.014121848,-0.014010038,-0.0070917403,0.00064651916,-1.0180864e-06,0.001453834,0.99275127,0.00065587686,-1.028177e-06,0.0014590357,1,0,0,-0.0026143342,0.0039817365,1.5912487,518.60413,3670.5318,101.18087,13600,-1.1349258,nan,0.092350908,nan,nan,114058.69,-4172.3865,-337.10141,230.85705,-0.0054280076,0.61437996,0.030295301,13600,0,0,0,0,0
2.465,2219.5736,127.57744,-3668.1858,220.30473,23.234099,469.47355,0.017843392,-1.1324769,0.095635574,-0.014127266,-0.013977395,-0.0070910635,0.00064895202,-1.0207529e-06,0.0014552036,0.99282346,0.00065812218,-1.030914e-06,0.0014604101,1,0,0,-0.0026193472,0.0039820569,1.5927675,519.11407,3668.1858,101.14697,13594.444,-1.1350082,nan,0.092273283,nan,nan,114311.13,-4179.4678,-337.53599,231.63082,-0.0054029567,0.60646797,0.031185693,13594.444,0,0,0,0,0
2.47,2220.6755,127.69362,-3665.8375,220.49281,23.235159,469.94858,0.017851037,-1.1325461,0.09554911,-0.014132659,-0.013945165,-0.0070903382,0.00065133613,-1.0234381e-06,0.0014565747,0.99289494,0.00066032259,-1.0336708e-06,0.001461787,1,0,0,-0.0026241842,0.0039823603,1.5942846,519.62353,3665.8375,101.11307,13588.889,-1.1350906,nan,0.092195719,nan,nan,114563.73,-4186.5477,-337.96863,232.39005,-0.0053776316,0.59868198,0.032058658,13588.889,0,0,0,0,0
2.475,2221.7784,127.80979,-3663.4868,220.68064,23.23615,470.4232,0.017858656,-1.1326151,0.095462647,-0.014138027,-0.013913343,-0.0070895664,0.0006536725,-1.0261423e-06,0.0014579473,0.99296571,0.00066247903,-1.0364472e-06,0.0014631663,1,0,0,-0.0026288485,0.0039826466,1.5958003,520.13253,3663.4868,101.07917,13583.333,-1.1351731,nan,0.092118216,nan,nan,114816.5,-4193.6262,-338.39932,233.13499,-0.0053520301,0.59102258,0.032870269,13583.333,0,0,0,0,0
2.48,2222.8822,127.92598,-3661.1338,220.8682,23.237072,470.89744,0.017866248,-1.1326839,0.095376186,-0.014143368,-0.01388192,-0.0070887517,0.00065596211,-1.0288656e-06,0.0014593218,0.99303577,0.00066459243,-1.0392433e-06,0.0014645475,1,0,0,-0.0026333438,0.0039829158,1.5973143,520.64106,3661.1338,101.04527,13577.778,-1.1352555,nan,0.092040777,nan,nan,115069.41,-4200.7033,-338.82803,233.86588,-0.0053261496,0.58349004,0.033600577,13577.778,0,0,0,0,0
2.485,2223.9869,128.04216,-3658.7783,221.0555,23.237925,471.37127,0.017873815,-1.1327526,0.095289728,-0.014148684,-0.013850892,-0.0070878985,0.00065820593,-1.0316082e-06,0.001460698,0.99310514,0.00066666371,-1.0420593e-06,0.0014659303,1,0,0,-0.0026376733,0.0039831678,1.5988268,521.14913,3658.7783,101.01137,13572.222,-1.135338,nan,0.0919634,nan,nan,115322.49,-4207.7789,-339.25475,234.58295,-0.0052999875,0.57608433,0.034255253,13572.222,0,0,0,0,0
2.49,2225.0925,128.15836,-3656.4205,221.24254,23.23871,471.84471,0.017881355,-1.1328212,0.095203273,-0.014153974,-0.01382033,-0.0070870771,0.00066055182,-1.0343703e-06,0.0014620326,0.99317381,0.00067136348,-1.0448972e-06,0.0014665268,1,0,0,-0.0026418404,0.0039834026,1.6003377,521.65672,3656.4205,100.97747,13566.667,-1.1354205,nan,0.091886088,nan,nan,115575.72,-4215.0058,-339.70803,235.29204,-0.0052829091,0.49444507,-0.024446228,13566.667,0,0,0,0,0
2.495,2226.1991,128.27455,-3654.0604,221.42932,23.239421,472.31774,0.017888892,-1.1328896,0.095116794,-0.014159263,-0.01380525,-0.0070933076,0.00066478359,-1.0371458e-06,0.0014626554,0.9932418,0.00068365503,-1.0477205e-06,0.0014635823,1,0,0,-0.0026458661,0.0039836235,1.601847,522.16382,3654.0604,100.94357,13561.111,-1.1355031,nan,0.091808839,nan,nan,115829.1,-4222.7626,-340.26802,235.98621,-0.0052982615,-0.1284477,-0.17749616,13561.111,0,0,0,0,0
2.5,2227.3066,128.39075,-3651.6978,221.61582,23.240056,472.79033,0.01789651,-1.132958,0.095030199,-0.014164567,-0.013829481,-0.0071036731,0.00067025007,-1.0399721e-06,0.0014623717,0.99330911,0.00069153986,-1.0508701e-06,0.0014600619,1,0,0,-0.0026498841,0.0039838617,1.6033546,522.67042,3651.6978,100.90967,13555.556,-1.1355856,nan,0.091731656,nan,nan,116082.62,-4230.5196,-340.844,236.66072,-0.0053138511,-0.99945859,-0.14840215,13555.556,0,0,0,0,0
2.505,2228.4151,128.50695,-3649.3329,221.80205,23.240613,473.2625,0.017904222,-1.1330266,0.094943474,-0.014169887,-0.013899675,-0.0071093135,0.00067552985,-1.0429299e-06,0.0014613983,0.99337575,0.00069420612,-1.0544115e-06,0.0014569552,1,0,0,-0.0026541106,0.003984118,1.6048605,523.17652,3649.3329,100.87577,13550,-1.1356682,nan,0.091654538,nan,nan,116336.27,-4238.2768,-341.43243,237.35863,-0.0053300912,-1.8217169,0.020053865,13550,0,0,0,0,0
2.51,2229.5245,128.62315,-3646.9657,221.98801,23.241092,473.73424,0.017911958,-1.1330957,0.094856696,-0.014175224,-0.01400812,-0.0071043654,0.00067957284,-1.0460295e-06,0.0014600912,0.99344173,0.00069245784,-1.0579516e-06,0.0014549741,1,0,0,-0.002658761,0.0039843544,1.6063647,523.68212,3646.9657,100.84187,13544.444,-1.1357508,nan,0.091577487,nan,nan,116590.07,-4246.0338,-342.02398,238.11714,-0.0053470352,-2.3715332,0.2544001,13544.444,0,0,0,0,0
2.515,2230.6348,128.73936,-3644.5961,222.17369,23.241493,474.20556,0.017919598,-1.1331653,0.094769997,-0.014180578,-0.014137741,-0.0070870626,0.00068191074,-1.0491497e-06,0.0014588287,0.99350705,0.00068816975,-1.0608405e-06,0.0014544027,1,0,0,-0.0026639875,0.0039845132,1.6078673,524.18721,3644.5961,100.80797,13538.889,-1.1358334,nan,0.091500503,nan,nan,116844,-4253.7905,-342.60712,238.95833,-0.0053640652,-2.5447923,0.47517126,13538.889,0,0,0,0,0
2.52,2231.746,128.85557,-3642.2241,222.35909,23.241815,474.67645,0.017927021,-1.1332356,0.094683511,-0.014185949,-0.01426866,-0.0070595532,0.0006826664,-1.0520433e-06,0.0014579049,0.99357172,0.00068355888,-1.062412e-06,0.0014550872,1,0,0,-0.0026698473,0.0039845366,1.6093682,524.69179,3642.2241,100.77407,13533.333,-1.1359161,nan,0.091423587,nan,nan,117098.08,-4261.5468,-343.17171,239.88597,-0.0053799195,-2.3614589,0.61943784,13533.333,0,0,0,0,0
2.525,2232.8582,128.97178,-3639.8498,222.54421,23.24206,475.14691,0.017934135,-1.1333066,0.094597339,-0.014191334,-0.014384205,-0.0070266813,0.00068239989,-1.054392e-06,0.0014574641,0.99363575,0.00068050853,-1.0621906e-06,0.0014565464,1,0,0,-0.0026763031,0.0039843849,1.6108674,525.19587,3639.8498,100.74017,13527.778,-1.1359987,nan,0.09134674,nan,nan,117352.29,-4269.3029,-343.7117,240.88781,-0.0053929726,-1.9352771,0.65536678,13527.778,0,0,0,0,0
2.53,2233.9713,129.08799,-3637.4731,222.72903,23.242229,475.61696,0.017940904,-1.1333781,0.094511522,-0.014196731,-0.014474843,-0.0069942229,0.00068186597,-1.0558845e-06,0.0014574851,0.99369914,0.00068011878,-1.060013e-06,0.0014581544,1,0,0,-0.0026832487,0.0039840453,1.6123649,525.69945,3637.4731,100.70627,13522.222,-1.1360814,nan,0.091269962,nan,nan,117606.63,-4277.0586,-344.22624,241.94198,-0.0054016331,-1.4238578,0.58606294,13522.222,0,0,0,0,0
2.535,2235.0853,129.2042,-3635.0941,222.91357,23.242322,476.08658,0.017947348,-1.1334499,0.094426036,-0.014202134,-0.014539366,-0.0069671429,0.00068176709,-1.0562898e-06,0.0014578139,0.99376189,0.00068256161,-1.0560437e-06,0.0014593346,1,0,0,-0.0026905496,0.003983533,1.6138608,526.20252,3635.0941,100.67237,13516.667,-1.1361641,nan,0.091193254,nan,nan,117861.11,-4284.8143,-344.7192,243.02461,-0.0054047181,-0.97670387,0.44328161,13516.667,0,0,0,0,0
2.54,2236.2002,129.32041,-3632.7127,223.09781,23.24234,476.55578,0.017953537,-1.1335221,0.094340805,-0.014207538,-0.014583561,-0.0069483448,0.00068257032,-1.0555035e-06,0.0014582266,0.99382403,0.00068721938,-1.0506983e-06,0.0014597103,1,0,0,-0.0026980824,0.0039828834,1.6153549,526.70509,3632.7127,100.63847,13511.111,-1.1362468,nan,0.091116616,nan,nan,118115.73,-4292.5698,-345.19753,244.11658,-0.0054016908,-0.6958201,0.27427741,13511.111,0,0,0,0,0
2.545,2237.3161,129.43662,-3630.329,223.28176,23.242284,477.02456,0.017959558,-1.1335944,0.094255732,-0.014212937,-0.014617223,-0.0069381798,0.00068442577,-1.0535576e-06,0.0014585028,0.99388554,0.00069301235,-1.0445075e-06,0.0014591769,1,0,0,-0.0027057633,0.0039821409,1.6168474,527.20714,3630.329,100.60457,13505.556,-1.1363296,nan,0.09104005,nan,nan,118370.48,-4300.3255,-345.6689,245.20761,-0.0053927117,-0.61720966,0.1264353,13505.556,0,0,0,0,0
2.55,2238.4329,129.55283,-3627.9429,223.46541,23.242154,477.49291,0.017965496,-1.133667,0.094170724,-0.014218324,-0.014650666,-0.0069347327,0.00068718839,-1.0505951e-06,0.0014584853,0.99394644,0.00069878753,-1.0379711e-06,0.0014578891,1,0,0,-0.002713561,0.003981346,1.6183382,527.7087,3627.9429,100.57067,13500,-1.1364123,nan,0.090963557,nan,nan,118625.37,-4308.0811,-346.13962,246.29707,-0.0053785081,-0.71418801,0.034231017,13500,0,0,0,0,0
2.555,2239.5506,129.66905,-3625.5545,223.64877,23.241951,477.96085,0.017971411,-1.1337397,0.094085715,-0.014223696,-0.014691794,-0.0069346863,0.00069051648,-1.0468207e-06,0.0014581142,0.99400673,0.00070364985,-1.0314416e-06,0.0014561776,1,0,0,-0.0027214913,0.003980526,1.6198273,528.20974,3625.5545,100.53677,13494.444,-1.1364951,nan,0.090887135,nan,nan,118880.38,-4315.8368,-346.61319,247.39203,-0.0053601233,-0.9172712,0.011739636,13494.444,0,0,0,0,0
2.56,2240.6692,129.78525,-3623.1638,223.83184,23.241673,478.42836,0.017977324,-1.1338126,0.09400068,-0.014229048,-0.014744414,-0.0069344389,0.00069400466,-1.0424439e-06,0.0014574283,0.99406643,0.00070715602,-1.025066e-06,0.0014544319,1,0,0,-0.002729601,0.0039796902,1.6213147,528.71028,3623.1638,100.50287,13488.889,-1.1365779,nan,0.090810788,nan,nan,119135.54,-4323.5924,-347.08981,248.50357,-0.0053386273,-1.1418767,0.051901087,13488.889,0,0,0,0,0
2.565,2241.7887,129.90146,-3620.7707,224.01461,23.241322,478.89545,0.017983224,-1.1338858,0.093915635,-0.014234377,-0.014808021,-0.0069311279,0.0006973075,-1.0376316e-06,0.0014565397,0.99412553,0.00070934513,-1.0187921e-06,0.0014529838,1,0,0,-0.002737946,0.0039788312,1.6228004,529.21031,3620.7707,100.46897,13483.333,-1.1366607,nan,0.090734514,nan,nan,119390.82,-4331.3479,-347.56692,249.64273,-0.0053148723,-1.3146593,0.13171216,13483.333,0,0,0,0,0
2.57,2242.9091,130.01767,-3618.3753,224.19709,23.240896,479.36211,0.017989071,-1.1339593,0.09383062,-0.014239682,-0.014878813,-0.0069232923,0.0007002219,-1.0324802e-06,0.0014555914,0.99418404,0.00071063013,-1.012428e-06,0.0014520253,1,0,0,-0.0027465714,0.0039779302,1.6242845,529.70984,3618.3753,100.43507,13477.778,-1.1367435,nan,0.090658315,nan,nan,119646.23,-4339.1032,-348.04042,250.81725,-0.0052893501,-1.3914947,0.22101152,13477.778,0,0,0,0,0
2.575,2244.0305,130.13387,-3615.9776,224.37927,23.240395,479.82836,0.017994818,-1.1340332,0.09374569,-0.01424496,-0.014951413,-0.006911048,0.0007027136,-1.0270117e-06,0.0014547136,0.99424196,0.00071160781,-1.0057291e-06,0.0014515777,1,0,0,-0.0027554988,0.0039769649,1.6257668,530.20885,3615.9776,100.40117,13472.222,-1.1368264,nan,0.090582192,nan,nan,119901.78,-4346.8583,-348.50602,252.02989,-0.0052621735,-1.3638113,0.29188932,13472.222,0,0,0,0,0
2.58,2245.1527,130.25007,-3613.5775,224.56114,23.239821,480.29419,0.018000423,-1.1341075,0.093660891,-0.014250211,-0.015020681,-0.0068958014,0.00070489177,-1.0211914e-06,0.00145399,0.99429931,0.00071285612,-9.9848564e-07,0.0014515119,1,0,0,-0.002764723,0.0039759164,1.6272475,530.70736,3613.5775,100.36727,13466.667,-1.1369092,nan,0.090506145,nan,nan,120157.46,-4354.6132,-348.96059,253.27852,-0.0052331646,-1.2538346,0.32603134,13466.667,0,0,0,0,0
2.585,2246.2759,130.36627,-3611.1751,224.74271,23.239173,480.75959,0.018005861,-1.1341821,0.09357625,-0.014255432,-0.015083095,-0.0068796513,0.00070694909,-1.0149578e-06,0.0014534423,0.99435609,0.00071477729,-9.9058527e-07,0.0014516085,1,0,0,-0.0027742158,0.0039747749,1.6287265,531.20536,3611.1751,100.33337,13461.111,-1.1369921,nan,0.090430175,nan,nan,120413.26,-4362.3679,-349.40282,254.55743,-0.0052020088,-1.1022636,0.31828544,13461.111,0,0,0,0,0
2.59,2247.4,130.48246,-3608.7703,224.92398,23.238452,481.22458,0.01801113,-1.134257,0.093491769,-0.014260621,-0.015137413,-0.0068646927,0.00070909075,-1.0082552e-06,0.0014530339,0.99441231,0.00071752104,-9.820381e-07,0.001451632,1,0,0,-0.0027839369,0.0039735416,1.6302037,531.70285,3608.7703,100.29947,13455.556,-1.137075,nan,0.090354282,nan,nan,120669.2,-4370.1224,-349.83339,255.85951,-0.0051684201,-0.9532916,0.27604148,13455.556,0,0,0,0,0
2.595,2248.525,130.59866,-3606.3633,225.10495,23.237659,481.68914,0.01801625,-1.1343322,0.093407427,-0.014265775,-0.015184564,-0.0068524298,0.00071147434,-1.0010583e-06,0.0014526897,0.99446796,0.00072099321,-9.7296281e-07,0.0014513988,1,0,0,-0.0027938447,0.0039722266,1.6316793,532.19983,3606.3633,100.26557,13450,-1.1371579,nan,0.090278467,nan,nan,120925.26,-4377.8768,-350.25449,257.17827,-0.0051322692,-0.84164781,0.21523501,13450,0,0,0,0,0
2.6,2249.6509,130.71484,-3603.9539,225.2856,23.236794,482.15329,0.018021251,-1.1344075,0.093323192,-0.014270892,-0.01522696,-0.0068434439,0.00071417501,-9.9338474e-07,0.0014523228,0.99452306,0.00072493029,-9.6354405e-07,0.0014508206,1,0,0,-0.0028039063,0.003970846,1.6331532,532.6963,3603.9539,100.23167,13444.444,-1.1372408,nan,0.090202731,nan,nan,121181.45,-4385.631,-350.66903,258.50937,-0.0050936457,-0.78484994,0.15459707,13444.444,0,0,0,0,0
2.605,2250.7776,130.83102,-3601.5422,225.46595,23.235856,482.61701,0.018026168,-1.1344831,0.093239024,-0.014275969,-0.015267539,-0.0068373694,0.00071718054,-9.852924e-07,0.0014518608,0.99457761,0.0007290061,-9.5397757e-07,0.0014499139,1,0,0,-0.0028141027,0.0039694161,1.6346254,533.19226,3601.5422,100.19777,13438.889,-1.1373237,nan,0.090127075,nan,nan,121437.77,-4393.3851,-351.07974,259.85122,-0.0050528455,-0.78178187,0.11001204,13438.889,0,0,0,0,0
2.61,2251.9053,130.9472,-3599.1282,225.64599,23.234847,483.08032,0.018031026,-1.1345589,0.093154895,-0.014281005,-0.015308845,-0.0068331367,0.00072041171,-9.7686565e-07,0.0014512639,0.99463162,0.00073293446,-9.4442013e-07,0.0014487793,1,0,0,-0.0028244289,0.00396795,1.6360959,533.68771,3599.1282,100.16387,13433.333,-1.1374067,nan,0.090051499,nan,nan,121694.21,-4401.139,-351.48849,261.20471,-0.0050103003,-0.81673387,0.090533258,13433.333,0,0,0,0,0
2.615,2253.0339,131.06337,-3596.7119,225.82572,23.233766,483.54321,0.018035842,-1.1346349,0.093070789,-0.014285998,-0.015352408,-0.0068293743,0.00072375719,-9.6819566e-07,0.0014505309,0.99468509,0.00073654024,-9.3495769e-07,0.0014475608,1,0,0,-0.0028348909,0.0039664542,1.6375646,534.18265,3596.7119,100.12997,13427.778,-1.1374896,nan,0.089976004,nan,nan,121950.78,-4408.8928,-351.89591,262.57228,-0.0049664767,-0.86669609,0.096910508,13427.778,0,0,0,0,0
2.62,2254.1634,131.17954,-3594.2932,226.00515,23.232614,484.00567,0.018040614,-1.1347111,0.092986707,-0.014290947,-0.015398528,-0.0068248328,0.00072711041,-9.5936128e-07,0.0014496939,0.99473803,0.00073978526,-9.2559767e-07,0.0014463988,1,0,0,-0.0028454996,0.0039649286,1.6390317,534.67707,3594.2932,100.09607,13422.222,-1.1375726,nan,0.08990059,nan,nan,122207.47,-4416.6463,-352.30145,263.95679,-0.0049217789,-0.90922908,0.12265572,13422.222,0,0,0,0,0
2.625,2255.2938,131.2957,-3591.8723,226.18426,23.231389,484.46772,0.018045332,-1.1347876,0.09290266,-0.01429585,-0.015446446,-0.0068187098,0.00073039767,-9.504159e-07,0.0014488039,0.99479044,0.00074275076,-9.1628396e-07,0.0014453918,1,0,0,-0.0028562648,0.0039633676,1.6404971,535.17099,3591.8723,100.06217,13416.667,-1.1376556,nan,0.089825258,nan,nan,122464.29,-4424.3997,-352.70372,265.36048,-0.0048764804,-0.92860416,0.15696267,13416.667,0,0,0,0,0
2.63,2256.4251,131.41185,-3589.449,226.36306,23.230093,484.92934,0.018049977,-1.1348643,0.09281867,-0.014300709,-0.015494775,-0.0068108008,0.00073359142,-9.4138276e-07,0.0014479141,0.99484232,0.00074559018,-9.0692671e-07,0.0014445752,1,0,0,-0.0028671908,0.0039617632,1.6419608,535.66439,3589.449,100.02827,13411.111,-1.1377386,nan,0.089750009,nan,nan,122721.24,-4432.1528,-353.10104,266.78431,-0.0048307011,-0.91884591,0.18838372,13411.111,0,0,0,0,0
2.635,2257.5572,131.528,-3587.0235,226.54155,23.228726,485.39055,0.018054532,-1.1349412,0.092734755,-0.014305521,-0.015542019,-0.0068014595,0.00073670809,-9.3225904e-07,0.0014470647,0.99489369,0.00074847122,-8.9743649e-07,0.0014439218,1,0,0,-0.0028782748,0.0039601074,1.6434228,536.15728,3587.0235,99.994368,13405.556,-1.1378216,nan,0.089674844,nan,nan,122978.3,-4439.9057,-353.49199,268.22778,-0.0047844269,-0.88344384,0.20812194,13405.556,0,0,0,0,0
2.64,2258.6903,131.64414,-3584.5956,226.71972,23.227287,485.85134,0.018058984,-1.1350184,0.092650931,-0.014310287,-0.015587022,-0.0067914089,0.00073979399,-9.2302591e-07,0.0014462739,0.99494455,0.00075152553,-8.877525e-07,0.0014433587,1,0,0,-0.0028895069,0.0039583949,1.6448831,536.64966,3584.5956,99.960468,13400,-1.1379046,nan,0.089599762,nan,nan,123235.49,-4447.6583,-353.87575,269.68924,-0.0047375621,-0.8324763,0.2120774,13400,0,0,0,0,0
2.645,2259.8243,131.76028,-3582.1654,226.89758,23.225778,486.31171,0.018063328,-1.1350958,0.092567201,-0.014315005,-0.015629226,-0.0067814785,0.00074290575,-9.1366111e-07,0.0014455361,0.99499491,0.00075481858,-8.7785793e-07,0.0014427951,1,0,0,-0.0029008728,0.0039566247,1.6463417,537.14153,3582.1654,99.926567,13394.444,-1.1379876,nan,0.089524766,nan,nan,123492.8,-4455.4107,-354.25228,271.16643,-0.0046899933,-0.77846544,0.20126538,13394.444,0,0,0,0,0
2.65,2260.9591,131.8764,-3579.7329,227.07512,23.224198,486.77166,0.01806757,-1.1351734,0.092483563,-0.014319676,-0.015668717,-0.006772352,0.00074609185,-9.0414994e-07,0.0014448275,0.99504476,0.00075834416,-8.6778022e-07,0.0014421505,1,0,0,-0.0029123571,0.0039547994,1.6477986,537.63288,3579.7329,99.892667,13388.889,-1.1380707,nan,0.089449855,nan,nan,123750.23,-4463.1628,-354.62222,272.65707,-0.0046416457,-0.73237576,0.18073784,13388.889,0,0,0,0,0
2.655,2262.0948,131.99252,-3577.2982,227.25234,23.222548,487.23119,0.018071718,-1.1352512,0.092400004,-0.014324298,-0.015706072,-0.0067643959,0.0007493801,-8.9449199e-07,0.0014441157,0.99509411,0.00076204007,-8.5757859e-07,0.001441376,1,0,0,-0.0029239459,0.0039529246,1.6492537,538.12372,3577.2982,99.858767,13383.333,-1.1381537,nan,0.08937503,nan,nan,124007.79,-4470.9147,-354.98663,274.15941,-0.0045925179,-0.70084846,0.15753862,13383.333,0,0,0,0,0
2.66,2263.2315,132.10863,-3574.8611,227.42925,23.220828,487.6903,0.018075787,-1.1353292,0.092316511,-0.014328871,-0.015742107,-0.0067576029,0.00075277351,-8.8470242e-07,0.0014433701,0.99514297,0.00076581634,-8.4732425e-07,0.0014404628,1,0,0,-0.002935629,0.0039510066,1.6507072,538.61405,3574.8611,99.824867,13377.778,-1.1382368,nan,0.089300292,nan,nan,124265.46,-4478.6663,-355.34661,275.67243,-0.004542688,-0.68520112,0.13841366,13377.778,0,0,0,0,0
2.665,2264.369,132.22473,-3572.4217,227.60584,23.219038,488.14899,0.018079787,-1.1354073,0.092233072,-0.014333393,-0.015777606,-0.0067516498,0.00075625391,-8.7480821e-07,0.0014425702,0.99519135,0.00076958567,-8.3708022e-07,0.0014394388,1,0,0,-0.0029474004,0.0039490512,1.6521589,539.10386,3572.4217,99.790967,13372.222,-1.1383198,nan,0.089225641,nan,nan,124523.25,-4486.4176,-355.70304,277.19587,-0.004492295,-0.68212207,0.12795651,13372.222,0,0,0,0,0
2.67,2265.5073,132.34082,-3569.98,227.78211,23.217179,488.60726,0.018083725,-1.1354857,0.092149679,-0.014337865,-0.015813107,-0.0067460357,0.00075979089,-8.6484145e-07,0.0014417103,0.99523925,0.00077328697,-8.2688631e-07,0.0014383552,1,0,0,-0.0029592577,0.0039470617,1.653609,539.59316,3569.98,99.757067,13366.667,-1.1384029,nan,0.089151078,nan,nan,124781.16,-4494.1686,-356.05634,278.73004,-0.0044415038,-0.68552722,0.12764415,13366.667,0,0,0,0,0
2.675,2266.6466,132.4569,-3567.5361,227.95806,23.215249,489.06511,0.018087604,-1.1355642,0.092066331,-0.014342286,-0.015848812,-0.0067402483,0.00076335227,-8.5483188e-07,0.0014407983,0.99528666,0.00077689688,-8.1675292e-07,0.0014372681,1,0,0,-0.0029712003,0.0039450393,1.6550573,540.08194,3567.5361,99.723167,13361.111,-1.138486,nan,0.089076604,nan,nan,125039.19,-4501.9194,-356.40644,280.27545,-0.0043904675,-0.68882593,0.13589869,13361.111,0,0,0,0,0
2.68,2267.7867,132.57298,-3565.0899,228.13369,23.213251,489.52254,0.018091419,-1.1356429,0.091983031,-0.014346656,-0.015884597,-0.0067339087,0.00076691312,-8.4480099e-07,0.0014398519,0.99533361,0.0007804283,-8.0666384e-07,0.0014362224,1,0,0,-0.0029832281,0.0039429823,1.656504,540.57021,3565.0899,99.689267,13355.556,-1.1385691,nan,0.08900222,nan,nan,125297.34,-4509.6698,-356.75292,281.83253,-0.004339297,-0.68687683,0.14900084,13355.556,0,0,0,0,0
2.685,2268.9278,132.68904,-3562.6413,228.309,23.211183,489.97955,0.018095164,-1.1357218,0.091899787,-0.014350975,-0.01592012,-0.006726856,0.00077046081,-8.3475918e-07,0.0014388918,0.99538009,0.00078391905,-7.9658601e-07,0.0014352405,1,0,0,-0.0029953397,0.0039408881,1.6579489,541.05796,3562.6413,99.655367,13350,-1.1386522,nan,0.088927925,nan,nan,125555.6,-4517.4199,-357.09513,283.4014,-0.0042880463,-0.67714455,0.1624678,13350,0,0,0,0,0
2.69,2270.0697,132.80509,-3560.1905,228.48398,23.209046,490.43614,0.018098833,-1.1358008,0.091816608,-0.014355243,-0.015954967,-0.0067191576,0.00077399564,-8.2470621e-07,0.0014379357,0.9954261,0.00078741576,-7.8648238e-07,0.00143432,1,0,0,-0.0030075319,0.0039387534,1.6593921,541.5452,3560.1905,99.621467,13344.444,-1.1387353,nan,0.088853722,nan,nan,125813.98,-4525.1697,-357.43247,284.98175,-0.0042367149,-0.65989023,0.1724355,13344.444,0,0,0,0,0
2.695,2271.2124,132.92113,-3557.7374,228.65865,23.20684,490.89231,0.018102418,-1.13588,0.0917335,-0.014359459,-0.015988785,-0.0067110529,0.00077752774,-8.1463445e-07,0.0014369935,0.99547166,0.00079095855,-7.7632362e-07,0.0014334377,1,0,0,-0.0030197994,0.003936576,1.6608336,542.03192,3557.7374,99.587566,13338.889,-1.1388184,nan,0.088779609,nan,nan,126072.48,-4532.9191,-357.76453,286.57295,-0.0041852646,-0.63753456,0.17665416,13338.889,0,0,0,0,0
2.7,2272.3561,133.03716,-3555.2821,228.83299,23.204566,491.34807,0.018105917,-1.1359594,0.091650466,-0.014363623,-0.016021378,-0.0067028581,0.00078107175,-8.045334e-07,0.0014360661,0.99551676,0.0007945706,-7.6609584e-07,0.0014325598,1,0,0,-0.0030321356,0.0039343548,1.6622734,542.51812,3555.2821,99.553666,13333.333,-1.1389015,nan,0.088705589,nan,nan,126331.09,-4540.6682,-358.0912,288.17411,-0.0041336423,-0.61353793,0.17487433,13333.333,0,0,0,0,0
2.705,2273.5006,133.15318,-3552.8244,229.007,23.202223,491.8034,0.01810933,-1.136039,0.091567508,-0.014367736,-0.01605273,-0.0066948632,0.00078464138,-7.9439427e-07,0.0014351464,0.99556141,0.00079825463,-7.5580245e-07,0.0014316531,1,0,0,-0.0030445335,0.0039320906,1.6637114,543.00381,3552.8244,99.519766,13327.778,-1.1389846,nan,0.088631661,nan,nan,126589.81,-4548.4169,-358.41262,289.78433,-0.0040818039,-0.59121038,0.16860721,13327.778,0,0,0,0,0
2.71,2274.646,133.26919,-3550.3645,229.18069,23.199812,492.25831,0.018112661,-1.1361187,0.091484621,-0.014371797,-0.016082984,-0.0066872529,0.0007882453,-7.8421308e-07,0.0014342226,0.99560562,0.00080199587,-7.4546083e-07,0.0014306942,1,0,0,-0.0030569862,0.0039297852,1.6651478,543.48897,3550.3645,99.485866,13322.222,-1.1390677,nan,0.088557826,nan,nan,126848.65,-4556.1653,-358.72919,291.40282,-0.0040297296,-0.57280203,0.16042267,13322.222,0,0,0,0,0
2.715,2275.7922,133.38518,-3547.9023,229.35406,23.197333,492.7128,0.018115913,-1.1361985,0.091401801,-0.014375806,-0.016112368,-0.0066800691,0.0007918853,-7.7399181e-07,0.0014332824,0.99564939,0.00080576944,-7.3509541e-07,0.0014296748,1,0,0,-0.003069488,0.0039274411,1.6665824,543.97363,3547.9023,99.451966,13316.667,-1.1391509,nan,0.088484086,nan,nan,127107.6,-4563.9132,-359.04132,293.02897,-0.0039774303,-0.55907575,0.15305454,13316.667,0,0,0,0,0
2.72,2276.9393,133.50116,-3545.4378,229.5271,23.194787,493.16687,0.018119092,-1.1362785,0.091319044,-0.014379763,-0.01614112,-0.0066732208,0.0007955568,-7.6373753e-07,0.0014323165,0.99569272,0.00080954908,-7.2472981e-07,0.0014286018,1,0,0,-0.0030820343,0.0039250607,1.6680153,544.45776,3545.4378,99.418066,13311.111,-1.139234,nan,0.08841044,nan,nan,127366.67,-4571.6608,-359.3494,294.66244,-0.0039249433,-0.54938698,0.14859672,13311.111,0,0,0,0,0
2.725,2278.0873,133.61713,-3542.9711,229.69981,23.192173,493.62053,0.018122199,-1.1363587,0.091236346,-0.014383666,-0.016169422,-0.0066665293,0.00079925104,-7.5346014e-07,0.0014313209,0.99573562,0.00081331456,-7.1438036e-07,0.0014274929,1,0,0,-0.0030946216,0.0039226455,1.6694465,544.94137,3542.9711,99.384166,13305.556,-1.1393171,nan,0.088336889,nan,nan,127625.84,-4579.408,-359.65364,296.30303,-0.0038723198,-0.54214714,0.14800473,13305.556,0,0,0,0,0
2.73,2279.2362,133.73309,-3540.5021,229.87219,23.189491,494.07376,0.018125238,-1.136439,0.091153707,-0.014387518,-0.016197363,-0.0066597921,0.00080295809,-7.431695e-07,0.0014302974,0.9957781,0.00081705587,-7.0405264e-07,0.0014263697,1,0,0,-0.0031072474,0.0039201964,1.670876,545.42447,3540.5021,99.350266,13300,-1.1394002,nan,0.088263434,nan,nan,127885.13,-4587.1547,-359.95407,297.95068,-0.0038196112,-0.53546263,0.15099792,13300,0,0,0,0,0
2.735,2280.3859,133.84903,-3538.0308,230.04425,23.186743,494.52656,0.018128205,-1.1365194,0.091071127,-0.014391316,-0.016224936,-0.0066528438,0.0008066695,-7.3287299e-07,0.0014292517,0.99582015,0.00082077373,-6.9374163e-07,0.0014252515,1,0,0,-0.0031199091,0.0039177131,1.6723037,545.90705,3538.0308,99.316366,13294.444,-1.1394834,nan,0.088190076,nan,nan,128144.52,-4594.901,-360.25056,299.60528,-0.0037668561,-0.52773275,0.15632896,13294.444,0,0,0,0,0
2.74,2281.5364,133.96496,-3535.5572,230.21598,23.183928,494.97895,0.018131099,-1.1365999,0.090988611,-0.014395062,-0.016252063,-0.0066455964,0.0008103801,-7.2257405e-07,0.0014281918,0.99586178,0.00082447685,-6.834348e-07,0.0014241498,1,0,0,-0.0031326043,0.0039151946,1.6737297,546.38911,3535.5572,99.282465,13288.889,-1.1395665,nan,0.088116814,nan,nan,128404.03,-4602.6469,-360.54287,301.26667,-0.003714073,-0.51804488,0.16228788,13288.889,0,0,0,0,0
2.745,2282.6878,134.08087,-3533.0814,230.38738,23.181046,495.43092,0.018133916,-1.1366806,0.090906162,-0.014398755,-0.016278636,-0.0066380523,0.00081408845,-7.1227202e-07,0.001427125,0.995903,0.0008281776,-6.7311676e-07,0.0014230661,1,0,0,-0.0031453298,0.0039126398,1.675154,546.87065,3533.0814,99.248565,13283.333,-1.1396496,nan,0.088043651,nan,nan,128663.65,-4610.3924,-360.83075,302.9346,-0.0036612592,-0.50629461,0.1672609,13283.333,0,0,0,0,0
2.75,2283.8401,134.19677,-3530.6034,230.55846,23.178098,495.88247,0.018136654,-1.1367615,0.090823783,-0.014402395,-0.016304556,-0.0066302889,0.00081779618,-7.019631e-07,0.0014260561,0.9959438,0.0008318874,-6.6277405e-07,0.0014219934,1,0,0,-0.0031580821,0.0039100477,1.6765766,547.35167,3530.6034,99.214665,13277.778,-1.1397328,nan,0.087970586,nan,nan,128923.37,-4618.1373,-361.11402,304.60868,-0.0036083961,-0.49305158,0.17017608,13277.778,0,0,0,0,0
2.755,2284.9933,134.31265,-3528.1231,230.7292,23.175083,496.33359,0.018139311,-1.1368424,0.090741476,-0.014405982,-0.016329764,-0.0066224242,0.00082150657,-6.9164202e-07,0.0014249865,0.9959842,0.0008356134,-6.5239853e-07,0.0014209194,1,0,0,-0.0031708572,0.0039074179,1.6779975,547.83216,3528.1231,99.180765,13272.222,-1.1398159,nan,0.08789762,nan,nan,129183.2,-4625.8818,-361.39258,306.28846,-0.0035554575,-0.47925985,0.17072577,13272.222,0,0,0,0,0
2.76,2286.1472,134.42852,-3525.6405,230.89961,23.172002,496.78429,0.018141887,-1.1369235,0.090659243,-0.014409517,-0.016354251,-0.0066145765,0.000825223,-6.8130377e-07,0.001423914,0.9960242,0.00083935699,-6.4198869e-07,0.0014198308,1,0,0,-0.0031836512,0.0039047504,1.6794166,548.31214,3525.6405,99.146865,13266.667,-1.139899,nan,0.087824754,nan,nan,129443.14,-4633.6259,-361.66649,307.9735,-0.0035024186,-0.46589141,0.16933608,13266.667,0,0,0,0,0
2.765,2287.3021,134.54438,-3523.1557,231.06969,23.168856,497.23457,0.018144382,-1.1370047,0.090577082,-0.014412998,-0.016378057,-0.0066068298,0.0008289476,-6.70945e-07,0.0014228345,0.9960638,0.00084311431,-6.3154887e-07,0.0014187174,1,0,0,-0.0031964601,0.003902046,1.680834,548.7916,3523.1557,99.112965,13261.111,-1.1399822,nan,0.087751989,nan,nan,129703.19,-4641.3694,-361.93585,309.66335,-0.0034492629,-0.45366101,0.16693089,13261.111,0,0,0,0,0
2.77,2288.4578,134.66021,-3520.6686,231.23945,23.165644,497.68443,0.018146797,-1.1370861,0.090494993,-0.014416426,-0.01640125,-0.0065992146,0.00083268065,-6.6056463e-07,0.0014217432,0.996103,0.00084687813,-6.2108684e-07,0.0014175744,1,0,0,-0.0032092801,0.0038993055,1.6822497,549.27054,3520.6686,99.079065,13255.556,-1.1400653,nan,0.087679324,nan,nan,129963.34,-4649.1124,-362.20084,311.35763,-0.0033959858,-0.44287167,0.16458935,13255.556,0,0,0,0,0
2.775,2289.6143,134.77604,-3518.1793,231.40887,23.162367,498.13387,0.018149134,-1.1371675,0.090412974,-0.0144198,-0.016423905,-0.0065917072,0.00083642058,-6.501637e-07,0.0014206362,0.99614182,0.00085064035,-6.1061085e-07,0.001416403,1,0,0,-0.0032221079,0.0038965301,1.6836636,549.74895,3518.1793,99.045165,13250,-1.1401484,nan,0.087606761,nan,nan,130223.59,-4656.8549,-362.46161,313.05606,-0.0033425934,-0.433409,0.16321133,13250,0,0,0,0,0
2.78,2290.7717,134.89184,-3515.6877,231.57796,23.159025,498.58288,0.018151395,-1.137249,0.090331025,-0.014423121,-0.016446083,-0.0065842446,0.00084016448,-6.3974459e-07,0.0014195114,0.99618025,0.00085439425,-6.0012689e-07,0.0014152095,1,0,0,-0.0032349408,0.0038937204,1.6850759,550.22684,3515.6877,99.011265,13244.444,-1.1402315,nan,0.0875343,nan,nan,130483.95,-4664.5969,-362.71826,314.75837,-0.0032890987,-0.42485628,0.16328584,13244.444,0,0,0,0,0
2.785,2291.9299,135.00763,-3513.1939,231.74671,23.155618,499.03147,0.018153579,-1.1373307,0.090249145,-0.014426389,-0.016467821,-0.0065767482,0.00084390896,-6.2931e-07,0.0014183689,0.99621829,0.00085813589,-5.8963714e-07,0.001414002,1,0,0,-0.0032477761,0.0038908769,1.6864864,550.70421,3513.1939,98.977365,13238.889,-1.1403146,nan,0.087461942,nan,nan,130744.42,-4672.3383,-362.97082,316.46437,-0.0032355163,-0.41667322,0.16481318,13238.889,0,0,0,0,0
2.79,2293.089,135.1234,-3510.6978,231.91514,23.152146,499.47964,0.018155686,-1.1374125,0.090167335,-0.014429603,-0.016489129,-0.0065691489,0.00084765095,-6.1886191e-07,0.0014172107,0.99625596,0.00086186443,-5.7913965e-07,0.0014127885,1,0,0,-0.0032606114,0.0038879996,1.6878951,551.18106,3510.6978,98.943464,13233.333,-1.1403977,nan,0.087389688,nan,nan,131004.99,-4680.0792,-363.21923,318.17385,-0.0031818573,-0.40837443,0.16737976,13233.333,0,0,0,0,0
2.795,2294.2489,135.23915,-3508.1996,232.08323,23.14861,499.92738,0.018157714,-1.1374944,0.090085596,-0.014432764,-0.016509992,-0.0065614051,0.00085138825,-6.0840095e-07,0.0014160399,0.99629325,0.00086558154,-5.686293e-07,0.0014115743,1,0,0,-0.0032734441,0.0038850882,1.6893021,551.65739,3508.1996,98.909564,13227.778,-1.1404808,nan,0.087317538,nan,nan,131265.66,-4687.8195,-363.46342,319.8866,-0.0031281255,-0.39965652,0.17034073,13227.778,0,0,0,0,0
2.8,2295.4097,135.35489,-3505.699,232.25098,23.14501,500.37471,0.018159664,-1.1375763,0.090003932,-0.01443587,-0.016530386,-0.00655351,0.00085511974,-5.979262e-07,0.0014148593,0.99633017,0.00086929017,-5.5809954e-07,0.0014103608,1,0,0,-0.0032862719,0.0038821424,1.6907074,552.13319,3505.699,98.875664,13222.222,-1.1405639,nan,0.087245493,nan,nan,131526.43,-4695.5592,-363.70328,321.60238,-0.0030743173,-0.3904474,0.17304134,13222.222,0,0,0,0,0
2.805,2296.5712,135.47061,-3503.1963,232.41841,23.141346,500.8216,0.018161531,-1.1376584,0.089922342,-0.014438923,-0.016550288,-0.0065454884,0.00085884522,-5.8743552e-07,0.0014136712,0.99636672,0.00087299322,-5.4754421e-07,0.0014091459,1,0,0,-0.003299092,0.0038791617,1.692111,552.60847,3503.1963,98.841764,13216.667,-1.140647,nan,0.087173553,nan,nan,131787.3,-4703.2983,-363.93873,323.32091,-0.0030204223,-0.38087925,0.1750072,13216.667,0,0,0,0,0
2.81,2297.7337,135.58631,-3500.6913,232.5855,23.137619,501.26808,0.018163317,-1.1377406,0.08984083,-0.014441922,-0.016569683,-0.0065373843,0.00086256509,-5.7692608e-07,0.0014124763,0.99640291,0.00087669251,-5.3695902e-07,0.0014079252,1,0,0,-0.0033119018,0.0038761459,1.6935128,553.08322,3500.6913,98.807864,13211.111,-1.1407301,nan,0.08710172,nan,nan,132048.28,-4711.0369,-364.16972,325.04191,-0.002966427,-0.37120815,0.17605327,13211.111,0,0,0,0,0
2.815,2298.8969,135.70199,-3498.184,232.75226,23.133828,501.71413,0.01816502,-1.1378229,0.089759395,-0.014444867,-0.016588572,-0.0065292446,0.00086627981,-5.6639507e-07,0.0014112741,0.99643874,0.00088038826,-5.263422e-07,0.0014066935,1,0,0,-0.0033246986,0.0038730953,1.6949129,553.55745,3498.184,98.773964,13205.556,-1.1408132,nan,0.087029993,nan,nan,132309.35,-4718.7748,-364.39626,326.76509,-0.0029123177,-0.36171413,0.17629246,13205.556,0,0,0,0,0
2.82,2300.061,135.81765,-3495.6746,232.91868,23.129974,502.15975,0.018166641,-1.1379053,0.089678038,-0.014447757,-0.016606969,-0.0065211055,0.0008699896,-5.5584027e-07,0.0014100631,0.99647421,0.00088407916,-5.1569436e-07,0.0014054464,1,0,0,-0.0033374798,0.0038700099,1.6963113,554.03116,3495.6746,98.740064,13200,-1.1408963,nan,0.086958373,nan,nan,132570.52,-4726.5121,-364.61838,328.49016,-0.002858084,-0.3526143,0.17605671,13200,0,0,0,0,0
2.825,2301.226,135.93329,-3493.1629,233.08477,23.126057,502.60495,0.018168179,-1.1379877,0.08959676,-0.014450594,-0.016624898,-0.0065129832,0.00087369415,-5.4526032e-07,0.0014088415,0.99650932,0.00088776282,-5.0501765e-07,0.0014041817,1,0,0,-0.0033502428,0.0038668902,1.6977079,554.50434,3493.1629,98.706164,13194.444,-1.1409793,nan,0.086886862,nan,nan,132831.79,-4734.2487,-364.83614,330.21685,-0.0028037198,-0.34401165,0.17576673,13194.444,0,0,0,0,0
2.83,2302.3917,136.04891,-3490.649,233.25052,23.122077,503.04973,0.018169635,-1.1380703,0.08951556,-0.014453376,-0.016642386,-0.0065048722,0.00087739262,-5.3465475e-07,0.0014076077,0.99654409,0.00089143654,-4.9431463e-07,0.0014028995,1,0,0,-0.0033629853,0.0038637366,1.6991028,554.97699,3490.649,98.672264,13188.889,-1.1410624,nan,0.086815459,nan,nan,133093.16,-4741.9847,-365.04961,331.94494,-0.0027492234,-0.33588705,0.17579606,13188.889,0,0,0,0,0
2.835,2303.5583,136.16452,-3488.1328,233.41594,23.118035,503.49408,0.018171008,-1.1381529,0.089434438,-0.014456103,-0.016659454,-0.0064967502,0.0008810838,-5.2402369e-07,0.0014063607,0.99657851,0.00089509792,-4.8358723e-07,0.0014016019,1,0,0,-0.003375705,0.0038605495,1.7004959,555.44912,3488.1328,98.638363,13183.333,-1.1411454,nan,0.086744165,nan,nan,133354.63,-4749.72,-365.25883,333.67419,-0.0026945964,-0.32812813,0.17636963,13183.333,0,0,0,0,0
2.84,2304.7257,136.2801,-3485.6145,233.58102,23.113931,503.938,0.0181723,-1.1382356,0.089353394,-0.014458776,-0.01667612,-0.0064885869,0.00088476629,-5.1336749e-07,0.0014051005,0.99661259,0.00089874534,-4.7283598e-07,0.001400292,1,0,0,-0.0033883999,0.0038573292,1.7018873,555.92073,3485.6145,98.604463,13177.778,-1.1412284,nan,0.086672982,nan,nan,133616.19,-4757.4547,-365.4638,335.4044,-0.0026398414,-0.32057948,0.17752115,13177.778,0,0,0,0,0
2.845,2305.8939,136.39566,-3483.0939,233.74577,23.109765,504.3815,0.01817351,-1.1383185,0.08927243,-0.014461393,-0.016692391,-0.0064803542,0.0008884388,-5.0268633e-07,0.0014038278,0.99664633,0.00090237808,-4.6205986e-07,0.0013989732,1,0,0,-0.003401068,0.0038540756,1.703277,556.39181,3483.0939,98.570563,13172.222,-1.1413114,nan,0.086601908,nan,nan,133877.85,-4765.1886,-365.66452,337.13537,-0.0025849602,-0.31309517,0.17911258,13172.222,0,0,0,0,0
2.85,2307.063,136.5112,-3480.5711,233.91018,23.105538,504.82457,0.018174636,-1.1384013,0.089191546,-0.014463956,-0.016708268,-0.0064720338,0.00089210025,-4.9197992e-07,0.0014025436,0.99667973,0.00090599617,-4.5125658e-07,0.0013976475,1,0,0,-0.0034137072,0.0038507888,1.7046649,556.86236,3480.5711,98.536663,13166.667,-1.1413944,nan,0.086530946,nan,nan,134139.61,-4772.9219,-365.86094,338.8669,-0.0025299523,-0.30557813,0.18090064,13166.667,0,0,0,0,0
2.855,2308.2329,136.62672,-3478.0461,234.07425,23.101249,505.26722,0.018175678,-1.1384843,0.089110744,-0.014466464,-0.016723748,-0.0064636209,0.00089574989,-4.8124742e-07,0.0014012492,0.9967128,0.0009096001,-4.4042319e-07,0.0013963159,1,0,0,-0.0034263156,0.0038474686,1.706051,557.33238,3478.0461,98.502763,13161.111,-1.1414774,nan,0.086460096,nan,nan,134401.46,-4780.6544,-366.05302,340.59879,-0.002474814,-0.29799745,0.18262379,13161.111,0,0,0,0,0
2.86,2309.4036,136.74222,-3475.5189,234.23799,23.096899,505.70944,0.018176635,-1.1385674,0.089030024,-0.014468917,-0.016738829,-0.0064551236,0.00089938727,-4.7048752e-07,0.0013999455,0.99674554,0.00091319037,-4.2955684e-07,0.0013949778,1,0,0,-0.0034388913,0.0038441149,1.7074355,557.80188,3475.5189,98.468863,13155.556,-1.1415604,nan,0.086389358,nan,nan,134663.4,-4788.3862,-366.24073,342.33082,-0.0024195397,-0.29038303,0.18408109,13155.556,0,0,0,0,0
2.865,2310.5751,136.85769,-3472.9894,234.40139,23.092488,506.15123,0.018177508,-1.1386505,0.088949388,-0.014471314,-0.016753511,-0.0064465581,0.0009030121,-4.5969864e-07,0.0013986329,0.99677796,0.00091676721,-4.186553e-07,0.0013936316,1,0,0,-0.0034514323,0.0038407277,1.7088182,558.27085,3472.9894,98.434963,13150,-1.1416434,nan,0.086318733,nan,nan,134925.43,-4796.1173,-366.42405,344.06278,-0.0023641219,-0.28280377,0.18518143,13150,0,0,0,0,0
2.87,2311.7474,136.97315,-3470.4578,234.56446,23.088016,506.59259,0.018178294,-1.1387337,0.088868837,-0.014473656,-0.016767796,-0.0064379432,0.00090662417,-4.4887917e-07,0.0013973113,0.99681005,0.00092033042,-4.0771736e-07,0.0013922752,1,0,0,-0.0034639367,0.0038373071,1.7101991,558.73929,3470.4578,98.401063,13144.444,-1.1417263,nan,0.086248222,nan,nan,135187.56,-4803.8476,-366.60296,345.79446,-0.0023085536,-0.27533868,0.18595303,13144.444,0,0,0,0,0
2.875,2312.9206,137.08858,-3467.9239,234.72719,23.083485,507.03353,0.018178994,-1.138817,0.088788371,-0.014475943,-0.016781692,-0.0064292938,0.0009102232,-4.3802774e-07,0.0013959802,0.99684182,0.00092387936,-3.9674274e-07,0.0013909068,1,0,0,-0.0034764027,0.0038338532,1.7115783,559.20721,3467.9239,98.367163,13138.889,-1.1418092,nan,0.086177825,nan,nan,135449.78,-4811.5772,-366.77748,347.52564,-0.0022528285,-0.26805098,0.18651667,13138.889,0,0,0,0,0
2.88,2314.0945,137.20398,-3465.3879,234.88958,23.078893,507.47404,0.018179607,-1.1389003,0.088707991,-0.014478173,-0.016795209,-0.0064206175,0.00091380878,-4.2714335e-07,0.0013946389,0.99687328,0.00092741305,-3.8573181e-07,0.0013895256,1,0,0,-0.0034888285,0.0038303661,1.7129557,559.67459,3465.3879,98.333262,13133.333,-1.1418921,nan,0.086107543,nan,nan,135712.1,-4819.306,-366.94763,349.25613,-0.0021969423,-0.26097198,0.18703598,13133.333,0,0,0,0,0
2.885,2315.2693,137.31937,-3462.8496,235.05163,23.074242,507.91412,0.018180134,-1.1389837,0.088627697,-0.014480348,-0.016808359,-0.0064119133,0.00091738035,-4.162253e-07,0.0013932867,0.99690442,0.00093093044,-3.746852e-07,0.0013881315,1,0,0,-0.0035012122,0.0038268461,1.7143314,560.14145,3462.8496,98.299362,13127.778,-1.141975,nan,0.086037376,nan,nan,135974.5,-4827.0339,-367.11343,350.98574,-0.0021408925,-0.25409745,0.1876628,13127.778,0,0,0,0,0
2.89,2316.4449,137.43473,-3460.3092,235.21335,23.06953,508.35377,0.018180574,-1.1390672,0.08854749,-0.014482466,-0.016821151,-0.0064031731,0.00092093725,-4.0527323e-07,0.0013919233,0.99693525,0.00093443054,-3.6360335e-07,0.0013867251,1,0,0,-0.0035135523,0.0038232933,1.7157054,560.60778,3460.3092,98.265462,13122.222,-1.1420579,nan,0.085967326,nan,nan,136236.99,-4834.7611,-367.2749,352.71427,-0.002084678,-0.24739518,0.18849441,13122.222,0,0,0,0,0
2.895,2317.6213,137.55007,-3457.7665,235.37473,23.06476,508.79299,0.018180928,-1.1391507,0.08846737,-0.014484528,-0.016833594,-0.0063943853,0.00092447878,-3.9428685e-07,0.0013905486,0.99696578,0.00093791258,-3.524862e-07,0.0013853077,1,0,0,-0.0035258471,0.003819708,1.7170776,561.07358,3457.7665,98.231562,13116.667,-1.1421408,nan,0.085897392,nan,nan,136499.57,-4842.4875,-367.43203,354.44156,-0.0020282983,-0.24081914,0.18955333,13116.667,0,0,0,0,0
2.9,2318.7985,137.66538,-3455.2217,235.53578,23.059931,509.23179,0.018181194,-1.1392343,0.088387338,-0.014486534,-0.016845693,-0.0063855387,0.00092800425,-3.8326585e-07,0.0013891628,0.996996,0.00094137607,-3.4133311e-07,0.0013838806,1,0,0,-0.0035380952,0.0038160901,1.718448,561.53885,3455.2217,98.197662,13111.111,-1.1422236,nan,0.085827575,nan,nan,136762.24,-4850.213,-367.58483,356.16743,-0.0019717528,-0.23432494,0.19079215,13111.111,0,0,0,0,0
2.905,2319.9765,137.78067,-3452.6747,235.69648,23.055043,509.67015,0.018181372,-1.139318,0.088307395,-0.014488483,-0.016857452,-0.0063766256,0.00093151307,-3.722098e-07,0.0013877665,0.99702592,0.00094482075,-3.3014295e-07,0.0013824449,1,0,0,-0.0035502949,0.0038124397,1.7198167,562.00358,3452.6747,98.163762,13105.556,-1.1423065,nan,0.085757877,nan,nan,137025,-4857.9377,-367.73327,357.89171,-0.00191504,-0.22788159,0.19211819,13105.556,0,0,0,0,0
2.91,2321.1553,137.89594,-3450.1254,235.85685,23.050097,510.10808,0.018181462,-1.1394017,0.088227542,-0.014490375,-0.016868874,-0.0063676436,0.00093500472,-3.6111803e-07,0.0013863601,0.99705554,0.0009482465,-3.1891433e-07,0.0013810008,1,0,0,-0.0035624449,0.0038087569,1.7211837,562.46779,3450.1254,98.129862,13100,-1.1423893,nan,0.085688297,nan,nan,137287.85,-4865.6615,-367.87733,359.61422,-0.0018581576,-0.22147719,0.19342765,13100,0,0,0,0,0
2.915,2322.3349,138.01118,-3447.574,236.01688,23.045093,510.54559,0.018181462,-1.1394855,0.088147779,-0.014492211,-0.016879959,-0.0063585954,0.00093847879,-3.4998973e-07,0.001384944,0.99708487,0.00095165322,-3.0764585e-07,0.0013795482,1,0,0,-0.0035745436,0.0038050415,1.7225488,562.93147,3447.574,98.095962,13094.444,-1.142472,nan,0.085618836,nan,nan,137550.78,-4873.3844,-368.01701,361.33481,-0.0018011023,-0.21511778,0.19463781,13094.444,0,0,0,0,0
2.92,2323.5153,138.12639,-3445.0204,236.17657,23.04003,510.98266,0.018181374,-1.1395693,0.088068108,-0.014493989,-0.016890712,-0.0063494873,0.00094193494,-3.3882399e-07,0.0013835183,0.9971139,0.00095504075,-2.9633638e-07,0.0013780866,1,0,0,-0.0035865897,0.0038012937,1.7239123,563.39462,3445.0204,98.062062,13088.889,-1.1425548,nan,0.085549495,nan,nan,137813.79,-4881.1065,-368.15227,363.05329,-0.0017438703,-0.20882121,0.19570809,13088.889,0,0,0,0,0
2.925,2324.6965,138.24158,-3442.4646,236.33592,23.034911,511.4193,0.018181195,-1.1396532,0.08798853,-0.01449571,-0.016901136,-0.0063403266,0.00094537283,-3.2761988e-07,0.0013820832,0.99714265,0.0009584088,-2.8498517e-07,0.0013766151,1,0,0,-0.0035985817,0.0037975135,1.725274,563.85723,3442.4646,98.028162,13083.333,-1.1426375,nan,0.085480274,nan,nan,138076.9,-4888.8277,-368.28313,364.76951,-0.001686458,-0.20260889,0.19664543,13083.333,0,0,0,0,0
2.93,2325.8785,138.35675,-3439.9067,236.49494,23.029733,511.85551,0.018180926,-1.1397371,0.087909045,-0.014497373,-0.016911235,-0.0063311195,0.00094879215,-3.1637659e-07,0.0013806384,0.99717111,0.00096175697,-2.7359186e-07,0.0013751331,1,0,0,-0.0036105184,0.003793701,1.7266339,564.31932,3439.9067,97.994261,13077.778,-1.1427203,nan,0.085411174,nan,nan,138340.08,-4896.5479,-368.40957,366.4833,-0.001628862,-0.19649804,0.19749487,13077.778,0,0,0,0,0
2.935,2327.0613,138.47189,-3437.3465,236.65362,23.024499,512.29129,0.018180567,-1.1398211,0.087829653,-0.014498979,-0.016921016,-0.0063218694,0.00095219252,-3.0509343e-07,0.0013791836,0.99719928,0.00096508478,-2.6215635e-07,0.0013736402,1,0,0,-0.0036223983,0.0037898563,1.727992,564.78087,3437.3465,97.960361,13072.222,-1.142803,nan,0.085342196,nan,nan,138603.36,-4904.2673,-368.53161,368.1945,-0.0015710799,-0.19049683,0.19832032,13072.222,0,0,0,0,0
2.94,2328.2449,138.587,-3434.7842,236.81196,23.019209,512.72664,0.018180116,-1.1399051,0.087750356,-0.014500527,-0.016930484,-0.006312576,0.00095557355,-2.937699e-07,0.0013777187,0.99722718,0.0009683917,-2.5067866e-07,0.0013721363,1,0,0,-0.0036342203,0.0037859795,1.7293485,565.24189,3434.7842,97.926461,13066.667,-1.1428856,nan,0.08527334,nan,nan,138866.71,-4911.9857,-368.64926,369.90295,-0.00151311,-0.18460315,0.19918275,13066.667,0,0,0,0,0
2.945,2329.4292,138.70208,-3432.2197,236.96996,23.013861,513.16155,0.018179575,-1.1399892,0.087671153,-0.014502017,-0.016939644,-0.0063032365,0.00095893482,-2.8240556e-07,0.0013762434,0.9972548,0.00097167725,-2.3915878e-07,0.0013706218,1,0,0,-0.003645983,0.0037820707,1.7307031,565.70238,3432.2197,97.892561,13061.111,-1.1429683,nan,0.085204607,nan,nan,139130.15,-4919.7031,-368.7625,371.6085,-0.0014549511,-0.17880665,0.20012251,13061.111,0,0,0,0,0
2.95,2330.6144,138.81714,-3429.653,237.12762,23.008458,513.59603,0.018178941,-1.1400733,0.087592047,-0.014503448,-0.016948501,-0.0062938464,0.00096227592,-2.710001e-07,0.0013747579,0.99728214,0.000974941,-2.275965e-07,0.001369097,1,0,0,-0.0036576854,0.0037781301,1.732056,566.16233,3429.653,97.858661,13055.556,-1.1430509,nan,0.085135997,nan,nan,139393.67,-4927.4196,-368.87135,373.31101,-0.0013966025,-0.1730928,0.20115059,13055.556,0,0,0,0,0
2.955,2331.8004,138.93217,-3427.0842,237.28495,23.002999,514.03008,0.018178217,-1.1401575,0.087513037,-0.014504822,-0.01695706,-0.0062844013,0.00096559641,-2.5955316e-07,0.0013732621,0.99730921,0.00097818262,-2.1599142e-07,0.0013675627,1,0,0,-0.0036693262,0.0037741577,1.7334071,566.62175,3427.0842,97.824761,13050,-1.1431335,nan,0.085067512,nan,nan,139657.26,-4935.1351,-368.9758,375.01033,-0.0013380633,-0.16744743,0.20224983,13050,0,0,0,0,0
2.96,2332.9871,139.04718,-3424.5131,237.44194,22.997484,514.46369,0.018177399,-1.1402417,0.087434124,-0.014506136,-0.016965324,-0.006274898,0.00096889592,-2.4806436e-07,0.0013717562,0.99733601,0.00098140185,-2.0434292e-07,0.0013660191,1,0,0,-0.0036809043,0.0037701536,1.7347565,567.08064,3424.5131,97.790861,13044.444,-1.1432161,nan,0.084999151,nan,nan,139920.94,-4942.8497,-369.07584,376.70632,-0.0012793327,-0.16186021,0.20338433,13044.444,0,0,0,0,0
2.965,2334.1746,139.16215,-3421.94,237.59859,22.991914,514.89687,0.018176489,-1.140326,0.087355309,-0.014507392,-0.016973295,-0.0062653357,0.0009721741,-2.3653326e-07,0.0013702406,0.99736254,0.00098459847,-1.9265031e-07,0.0013644664,1,0,0,-0.0036924186,0.0037661178,1.7361041,567.53899,3421.94,97.756961,13038.889,-1.1432986,nan,0.084930915,nan,nan,140184.7,-4950.5632,-369.17147,378.39884,-0.0012204093,-0.15632635,0.20451293,13038.889,0,0,0,0,0
2.97,2335.3629,139.2771,-3419.3646,237.7549,22.986289,515.32962,0.018175486,-1.1404103,0.087276593,-0.014508589,-0.016980977,-0.0062557154,0.00097543064,-2.2495934e-07,0.0013687153,0.99738881,0.00098777228,-1.8091291e-07,0.0013629047,1,0,0,-0.0037038681,0.0037620503,1.7374499,567.99681,3419.3646,97.723061,13033.333,-1.1433811,nan,0.084862805,nan,nan,140448.54,-4958.2757,-369.26266,380.08775,-0.0011612915,-0.15084634,0.20560225,13033.333,0,0,0,0,0
2.975,2336.552,139.39202,-3416.7871,237.91087,22.980609,515.76193,0.018174389,-1.1404946,0.087197977,-0.014509726,-0.016988372,-0.0062460395,0.00097866523,-2.1334209e-07,0.0013671805,0.99741482,0.00099092306,-1.6913013e-07,0.0013613337,1,0,0,-0.0037152516,0.0037579513,1.738794,568.45409,3416.7871,97.68916,13027.778,-1.1434636,nan,0.084794821,nan,nan,140712.46,-4965.9871,-369.34941,381.7729,-0.0011019777,-0.1454242,0.20663534,13027.778,0,0,0,0,0
2.98,2337.7419,139.50691,-3414.2074,238.0665,22.974875,516.1938,0.018173198,-1.140579,0.087119461,-0.014510805,-0.016995484,-0.006236311,0.0009818776,-2.0168095e-07,0.0013656361,0.99744057,0.00099405057,-1.5730151e-07,0.0013597531,1,0,0,-0.0037265683,0.0037538207,1.7401363,568.91084,3414.2074,97.65526,13022.222,-1.143546,nan,0.084726964,nan,nan,140976.46,-4973.6976,-369.43172,383.45418,-0.0010424661,-0.14006503,0.20761417,13022.222,0,0,0,0,0
2.985,2338.9325,139.62178,-3411.6256,238.2218,22.969087,516.62524,0.018171912,-1.1406634,0.087041046,-0.014511823,-0.017002316,-0.0062265324,0.00098506747,-1.8997547e-07,0.0013640822,0.99746606,0.00099715454,-1.454268e-07,0.0013581627,1,0,0,-0.0037378171,0.0037496587,1.7414769,569.36706,3411.6256,97.62136,13016.667,-1.1436285,nan,0.084659235,nan,nan,141240.53,-4981.407,-369.50959,385.13144,-0.00098275522,-0.1347728,0.20855611,13016.667,0,0,0,0,0
2.99,2340.1239,139.73661,-3409.0416,238.37676,22.963245,517.05625,0.018170532,-1.1407479,0.086962733,-0.014512782,-0.017008871,-0.0062167051,0.00098823457,-1.7822521e-07,0.0013625186,0.9974913,0.0010002347,-1.3350583e-07,0.0013565623,1,0,0,-0.003748997,0.0037454654,1.7428157,569.82274,3409.0416,97.58746,13011.111,-1.1437109,nan,0.084591634,nan,nan,141504.68,-4989.1153,-369.58301,386.80456,-0.00092284405,-0.12954886,0.20948633,13011.111,0,0,0,0,0
2.995,2341.3161,139.85142,-3406.4555,238.53138,22.957349,517.48681,0.018169056,-1.1408323,0.086884523,-0.014513681,-0.017015153,-0.0062068293,0.00099137861,-1.6642982e-07,0.0013609453,0.99751629,0.0010032907,-1.2153848e-07,0.0013549519,1,0,0,-0.0037601072,0.0037412408,1.7441527,570.27788,3406.4555,97.55356,13005.556,-1.1437932,nan,0.084524162,nan,nan,141768.9,-4996.8225,-369.65199,388.4734,-0.00086273176,-0.12439162,0.21042908,13005.556,0,0,0,0,0
3,2342.5091,139.96619,-3403.8672,238.68566,22.951401,517.91694,0.018167486,-1.1409168,0.086806416,-0.014514519,-0.017021166,-0.0061969037,0.00099449931,-1.5458901e-07,0.0013593623,0.99754102,0.0010063222,-1.0952464e-07,0.0013533317,1,0,0,-0.0037711466,0.003736985,1.7454879,570.73249,3403.8672,97.51966,13000,-1.1438756,nan,0.08445682,nan,nan,142033.2,-5004.5286,-369.71653,390.13785,-0.00080241786,-0.11929708,0.21140061,13000,0,0,0,0,0
3.005,2343.7028,140.08094,-3401.2767,238.83853,22.945307,518.34429,0.018165819,-1.1410014,0.086728413,-0.014515298,-0.017026897,-0.0061869086,0.0009975971,-1.4270259e-07,0.001357769,0.99756551,0.001009337,-9.7464915e-08,0.001351698,1,0,0,-0.0037821341,0.0037327175,1.7468135,571.18398,3401.2767,97.504463,12870,-1.1439579,nan,0.084389607,nan,nan,142296.29,-5012.1978,-369.77646,391.79753,-0.00074190513,-0.11275011,0.21413665,12870,0,0,0,0,0
3.01,2344.8973,140.19565,-3398.6842,238.98839,22.938933,518.76532,0.018164055,-1.141086,0.086650515,-0.014516015,-0.017032217,-0.0061766797,0.0010006767,-1.3077027e-07,0.0013561657,0.99758976,0.0010123584,-8.5356327e-08,0.0013500611,1,0,0,-0.0037930977,0.0037284667,1.7481176,571.62847,3398.6842,97.489267,12740,-1.1440401,nan,0.084322525,nan,nan,142556.22,-5019.7761,-369.8315,393.45179,-0.00068119621,-0.1033716,0.2210387,12740,0,0,0,0,0
3.015,2346.0926,140.31033,-3396.0895,239.13524,22.932277,519.18005,0.018162191,-1.1411706,0.086572727,-0.014516672,-0.017037014,-0.0061660186,0.0010037457,-1.1878955e-07,0.0013545574,0.99761377,0.0010153988,-7.3184639e-08,0.0013484453,1,0,0,-0.0038040349,0.0037242308,1.7494001,572.06597,3396.0895,97.47407,12610,-1.1441223,nan,0.084255575,nan,nan,142813,-5027.2634,-369.88138,395.10017,-0.0006202779,-0.092950023,0.23088193,12610,0,0,0,0,0
3.02,2347.2885,140.42498,-3393.4928,239.27907,22.925343,519.58847,0.018160222,-1.1412552,0.086495055,-0.014517268,-0.017041272,-0.0061548112,0.0010068112,-1.0675408e-07,0.0013529524,0.99763754,0.00101846,-6.0927536e-08,0.0013468668,1,0,0,-0.003814943,0.0037200072,1.7506612,572.49649,3393.4928,97.458874,12480,-1.1442045,nan,0.084188758,nan,nan,143066.6,-5034.6597,-369.92572,396.7422,-0.00055911737,-0.083219674,0.24164981,12480,0,0,0,0,0
3.025,2348.4852,140.53959,-3390.894,239.4199,22.918129,519.99059,0.018158141,-1.1413398,0.086417505,-0.014517802,-0.017045054,-0.0061430537,0.0010098779,-9.4653362e-08,0.0013513593,0.99766107,0.0010215348,-4.8559644e-08,0.0013453302,1,0,0,-0.0038258193,0.0037157929,1.7519008,572.92001,3390.894,97.443677,12350,-1.1442867,nan,0.084122075,nan,nan,143317.03,-5041.9648,-369.96407,398.37743,-0.00049766076,-0.07535412,0.25126813,12350,0,0,0,0,0
3.03,2349.6826,140.65417,-3388.2933,239.55772,22.910639,520.3864,0.018155943,-1.1414245,0.086340083,-0.014518275,-0.01704847,-0.0061308414,0.0010129468,-8.2473786e-08,0.0013497841,0.99768436,0.0010246107,-3.6057995e-08,0.0013438282,1,0,0,-0.0038366619,0.0037115853,1.7531189,573.33656,3388.2933,97.42848,12220,-1.1443688,nan,0.084055526,nan,nan,143564.27,-5049.1786,-369.99609,400.00556,-0.00043583836,-0.069728947,0.25824338,12220,0,0,0,0,0
3.035,2350.8806,140.7687,-3385.6906,239.69254,22.902871,520.77592,0.018153624,-1.1415092,0.086262796,-0.014518686,-0.017051633,-0.0061183293,0.0010160157,-7.0200495e-08,0.0013482285,0.99770743,0.0010276745,-2.3406229e-08,0.0013423461,1,0,0,-0.003847469,0.0037073822,1.7543155,573.74612,3385.6906,97.413284,12090,-1.1444509,nan,0.083989113,nan,nan,143808.31,-5056.3011,-370.02153,401.62639,-0.00037357417,-0.065970696,0.26202841,12090,0,0,0,0,0
3.04,2352.0794,140.8832,-3383.0859,239.82436,22.894829,521.15913,0.018151182,-1.1415938,0.086185645,-0.014519035,-0.017054625,-0.00610568,0.0010190806,-5.7819467e-08,0.0013466903,0.99773026,0.0010307166,-1.0596432e-08,0.0013408669,1,0,0,-0.0038582396,0.0037031825,1.7554907,574.14871,3383.0859,97.398087,11960,-1.1445329,nan,0.083922836,nan,nan,144049.15,-5063.332,-370.04035,403.23981,-0.00031079644,-0.063219896,0.26304731,11960,0,0,0,0,0
3.045,2353.2787,140.99766,-3380.4794,239.95317,22.886511,521.53605,0.018148615,-1.1416786,0.086108632,-0.01451932,-0.017057477,-0.0060930175,0.0010221367,-4.5319183e-08,0.001345164,0.99775287,0.0010337328,2.37158e-09,0.001339377,1,0,0,-0.0038689731,0.0036989856,1.7566445,574.54431,3380.4794,97.382891,11830,-1.1446149,nan,0.083856697,nan,nan,144286.76,-5070.2713,-370.05259,404.84576,-0.00024744608,-0.060486546,0.26242418,11830,0,0,0,0,0
3.05,2354.4788,141.11208,-3377.8709,240.079,22.877921,521.90667,0.018145925,-1.1417633,0.086031756,-0.014519542,-0.017060172,-0.0060803992,0.0010251803,-3.2691455e-08,0.0013436436,0.99777525,0.0010367245,1.5492935e-08,0.0013378692,1,0,0,-0.0038796688,0.0036947916,1.7577768,574.93295,3377.8709,97.367694,11700,-1.1446968,nan,0.083790696,nan,nan,144521.15,-5077.1189,-370.05841,406.44418,-0.00018348084,-0.056973081,0.26154255,11700,0,0,0,0,0
3.055,2355.6794,141.22645,-3375.2607,240.20182,22.869058,522.271,0.018143112,-1.141848,0.085955018,-0.0145197,-0.017062659,-0.006067812,0.0010282093,-1.9931323e-08,0.0013421236,0.99779741,0.0010396969,2.876126e-08,0.0013363444,1,0,0,-0.0038903259,0.0036906006,1.7588877,575.31461,3375.2607,97.352497,11570,-1.1447787,nan,0.083724835,nan,nan,144752.31,-5083.8747,-370.05792,408.03495,-0.00011887481,-0.05227462,0.26159385,11570,0,0,0,0,0
3.06,2356.8807,141.34078,-3372.6486,240.32166,22.859923,522.62903,0.018140176,-1.1419328,0.085878417,-0.014519793,-0.017064875,-0.0060551899,0.0010312236,-7.0361966e-09,0.0013406009,0.99781935,0.0010426567,4.2171921e-08,0.0013348096,1,0,0,-0.0039009433,0.0036864127,1.7599771,575.68931,3372.6486,97.337301,11440,-1.1448606,nan,0.083659114,nan,nan,144980.23,-5090.5386,-370.05122,409.61788,-5.3613983e-05,-0.046421125,0.26325272,11440,0,0,0,0,0
3.065,2358.0825,141.45506,-3370.0348,240.43851,22.850519,522.98077,0.018137116,-1.1420175,0.085801954,-0.01451982,-0.017066764,-0.0060424448,0.0010342246,5.9953869e-09,0.0013390752,0.99784106,0.0010456097,5.5724041e-08,0.0013332747,1,0,0,-0.0039115197,0.0036822273,1.7610452,576.05704,3370.0348,97.322104,11310,-1.1449424,nan,0.083593534,nan,nan,145204.89,-5097.1104,-370.03827,411.19273,1.2309981e-05,-0.039780606,0.26655739,11310,0,0,0,0,0
3.07,2359.2849,141.56929,-3367.4192,240.55237,22.840845,523.32623,0.018133932,-1.1421023,0.085725631,-0.014519781,-0.017068298,-0.006029499,0.0010372142,1.9164953e-08,0.0013375487,0.99786257,0.001048559,6.9420909e-08,0.0013317493,1,0,0,-0.0039220533,0.0036780436,1.7620919,576.4178,3367.4192,97.306908,11180,-1.1450241,nan,0.083528095,nan,nan,145426.29,-5103.5901,-370.01898,412.75924,7.8905836e-05,-0.032880349,0.27100001,11180,0,0,0,0,0
3.075,2360.4879,141.68347,-3364.8018,240.66324,22.830902,523.66539,0.018130621,-1.1421871,0.085649451,-0.014519675,-0.017069472,-0.006016309,0.0010401941,3.247489e-08,0.0013360246,0.99788386,0.0010515047,8.3268915e-08,0.0013302399,1,0,0,-0.0039325427,0.0036738604,1.7631172,576.77161,3364.8018,97.291711,11050,-1.1451058,nan,0.0834628,nan,nan,145644.43,-5109.9775,-369.99319,414.31712,0.00014618678,-0.026216342,0.27576749,11050,0,0,0,0,0
3.08,2361.6914,141.79761,-3362.1829,240.77113,22.820693,523.99827,0.01812718,-1.1422719,0.085573418,-0.014519502,-0.017070307,-0.0060028755,0.0010431656,4.5928689e-08,0.0013345062,0.99790493,0.0010544442,9.7275583e-08,0.0013287477,1,0,0,-0.0039429861,0.0036696765,1.7641212,577.11845,3362.1829,97.276514,10920,-1.1451874,nan,0.083397649,nan,nan,145859.28,-5116.2726,-369.96071,415.86611,0.00021417167,-0.020110545,0.28003712,10920,0,0,0,0,0
3.085,2362.8955,141.91169,-3359.5622,240.87605,22.810217,524.32486,0.018123607,-1.1423567,0.085497534,-0.014519261,-0.017070835,-0.0059892382,0.0010461284,5.953065e-08,0.0013329958,0.9979258,0.0010573736,1.1144745e-07,0.0013272697,1,0,0,-0.0039533821,0.0036654908,1.7651037,577.45835,3359.5622,97.261318,10790,-1.145269,nan,0.083332642,nan,nan,146070.85,-5122.4753,-369.92142,417.40599,0.00028288352,-0.014649303,0.28322951,10790,0,0,0,0,0
3.09,2364.1001,142.02572,-3356.9399,240.97799,22.799476,524.64518,0.0181199,-1.1424415,0.085421801,-0.01451895,-0.017071089,-0.0059754598,0.0010490818,7.3285234e-08,0.0013314941,0.99794646,0.001060289,1.2578845e-07,0.0013257999,1,0,0,-0.0039637296,0.0036613022,1.766065,577.79128,3356.9399,97.246121,10660,-1.1453505,nan,0.08326778,nan,nan,146279.13,-5128.5855,-369.87522,418.93656,0.00035234624,-0.0097051015,0.28514877,10660,0,0,0,0,0
3.095,2365.3052,142.1397,-3354.3161,241.07695,22.788471,524.95921,0.018116059,-1.1425263,0.085346221,-0.01451857,-0.01707109,-0.0059616047,0.0010520243,8.7196332e-08,0.0013299999,0.99796691,0.0010631875,1.4029928e-07,0.0013243316,1,0,0,-0.0039740272,0.0036571102,1.7670049,578.11727,3354.3161,97.230925,10530,-1.145432,nan,0.083203065,nan,nan,146484.11,-5134.603,-369.82209,420.45767,0.00042258091,-0.0050183454,0.28598502,10530,0,0,0,0,0
3.1,2366.5108,142.25362,-3351.6907,241.17294,22.777203,525.26696,0.018112083,-1.1426111,0.085270795,-0.014518119,-0.017070846,-0.0059477209,0.0010549542,1.0126668e-07,0.0013285111,0.99798716,0.0010660679,1.5497769e-07,0.0013228594,1,0,0,-0.0039842741,0.0036529146,1.7679234,578.43631,3351.6907,97.215728,10400,-1.1455134,nan,0.083138498,nan,nan,146685.78,-5140.5278,-369.76206,421.96915,0.0004936029,-0.00030243416,0.28619953,10400,0,0,0,0,0
3.105,2367.7168,142.36748,-3349.0637,241.26596,22.765672,525.56843,0.018107971,-1.1426959,0.085195523,-0.014517596,-0.01707035,-0.0059338294,0.0010578705,1.1549762e-07,0.0013270251,0.99800721,0.0010689305,1.698196e-07,0.0013213806,1,0,0,-0.0039944692,0.0036487152,1.7688207,578.7484,3349.0637,97.200531,10270,-1.1455947,nan,0.083074078,nan,nan,146884.13,-5146.3597,-369.69518,423.47086,0.00056542052,0.0046642358,0.28634525,10270,0,0,0,0,0
3.11,2368.9233,142.48128,-3346.4353,241.35601,22.753881,525.86363,0.018103724,-1.1427807,0.085120405,-0.014517002,-0.017069586,-0.0059199235,0.0010607723,1.2988916e-07,0.0013255399,0.99802706,0.0010717768,1.8482048e-07,0.0013198958,1,0,0,-0.0040046115,0.0036445121,1.7696966,579.05356,3346.4353,97.185335,10140,-1.145676,nan,0.083009807,nan,nan,147079.16,-5152.0988,-369.62151,424.96263,0.00063803552,0.0099844622,0.28688704,10140,0,0,0,0,0
3.115,2370.1303,142.59503,-3343.8054,241.4431,22.74183,526.15255,0.018099343,-1.1428655,0.085045442,-0.014516335,-0.017068536,-0.0059059758,0.0010636594,1.4444039e-07,0.0013240542,0.99804671,0.0010746084,1.9997661e-07,0.0013184079,1,0,0,-0.0040146998,0.0036403051,1.7705513,579.35177,3343.8054,97.170138,10010,-1.1457572,nan,0.082945686,nan,nan,147270.86,-5157.7448,-369.54108,426.44427,0.00071144505,0.015635169,0.28807612,10010,0,0,0,0,0
3.12,2371.3377,142.70871,-3341.1741,241.52723,22.72952,526.4352,0.018094825,-1.1429503,0.084970635,-0.014515594,-0.017067185,-0.0058919513,0.0010665321,1.5914997e-07,0.0013225681,0.99806617,0.0010774269,2.1528582e-07,0.0013169208,1,0,0,-0.004024733,0.0036360939,1.7713846,579.64304,3341.1741,97.154942,9880,-1.1458384,nan,0.082881716,nan,nan,147459.22,-5163.2977,-369.45388,427.91558,0.00078564419,0.021499798,0.28990848,9880,0,0,0,0,0
3.125,2372.5455,142.82234,-3338.5413,241.60839,22.716952,526.71158,0.018090172,-1.1430351,0.084895984,-0.014514778,-0.017065524,-0.00587782,0.0010693908,1.7401661e-07,0.0013210824,0.99808543,0.0010802329,2.3074761e-07,0.0013154383,1,0,0,-0.0040347099,0.003631878,1.7721967,579.92738,3338.5413,97.139745,9750,-1.1459194,nan,0.082817897,nan,nan,147644.23,-5168.7574,-369.35987,429.37634,0.00086062837,0.027422408,0.29216704,9750,0,0,0,0,0
3.13,2373.7537,142.9359,-3335.9072,241.6866,22.704127,526.98169,0.018085381,-1.1431198,0.084821492,-0.014513887,-0.017063553,-0.0058635661,0.0010722358,1.8903939e-07,0.0013195983,0.9981045,0.0010830259,2.463627e-07,0.0013139627,1,0,0,-0.0040446291,0.003627657,1.7729875,580.20479,3335.9072,97.124548,9620,-1.1460005,nan,0.08275423,nan,nan,147825.89,-5174.1238,-369.25898,430.82636,0.00093639496,0.033262756,0.29452177,9620,0,0,0,0,0
3.135,2374.9622,143.04939,-3333.2718,241.76186,22.691046,527.24553,0.018080452,-1.1432046,0.08474716,-0.01451292,-0.01706128,-0.0058491917,0.0010750671,2.0421782e-07,0.0013181172,0.99812338,0.0010858052,2.6213226e-07,0.0013124944,1,0,0,-0.0040544894,0.0036234302,1.7737571,580.47526,3333.2718,97.109352,9490,-1.1460814,nan,0.082690716,nan,nan,148004.19,-5179.3968,-369.15114,432.26542,0.0010129437,0.038935489,0.29664871,9490,0,0,0,0,0
3.14,2376.1712,143.16282,-3330.635,241.83416,22.677711,527.50311,0.018075384,-1.1432894,0.084672989,-0.014511876,-0.017058712,-0.0058347139,0.0010778845,2.1955175e-07,0.0013166399,0.99814207,0.0010885692,2.7805701e-07,0.001311032,1,0,0,-0.0040642897,0.0036191971,1.7745054,580.73881,3330.635,97.094155,9360,-1.1461623,nan,0.082627356,nan,nan,148179.13,-5184.5763,-369.0363,433.69333,0.001090276,0.044424783,0.29832859,9360,0,0,0,0,0
3.145,2377.3805,143.27618,-3327.997,241.90352,22.664122,527.75442,0.018070175,-1.1433741,0.084598981,-0.014510755,-0.017055861,-0.0058201582,0.0010806876,2.350411e-07,0.0013151664,0.99816057,0.0010913167,2.941367e-07,0.001309573,1,0,0,-0.0040740289,0.0036149573,1.7752325,580.99544,3327.997,97.078959,9230,-1.1462431,nan,0.082564151,nan,nan,148350.69,-5189.6623,-368.91444,435.10992,0.0011683937,0.049774959,0.29949838,9230,0,0,0,0,0
3.15,2378.5902,143.38947,-3325.3578,241.96992,22.65028,527.99947,0.018064826,-1.1434589,0.084525137,-0.014509555,-0.01705273,-0.0058055501,0.0010834756,2.5068557e-07,0.0013136964,0.99817889,0.0010940468,3.1036983e-07,0.0013081147,1,0,0,-0.0040837059,0.0036107104,1.7759384,581.24515,3325.3578,97.063762,9100,-1.1463238,nan,0.082501102,nan,nan,148518.87,-5194.6545,-368.78554,436.51501,0.0012472979,0.055064755,0.30024723,9100,0,0,0,0,0
3.155,2379.8001,143.5027,-3322.7173,242.03339,22.636187,528.23826,0.018059336,-1.1435436,0.084451458,-0.014508276,-0.017049321,-0.0057909081,0.001086248,2.6648444e-07,0.0013122288,0.99819703,0.0010967589,3.2675381e-07,0.001306655,1,0,0,-0.0040933198,0.0036064563,1.7766231,581.48793,3322.7173,97.048565,8970,-1.1464044,nan,0.082438208,nan,nan,148683.66,-5199.5531,-368.64962,437.90844,0.0013269872,0.060376368,0.3007667,8970,0,0,0,0,0
3.16,2381.0104,143.61585,-3320.0756,242.09391,22.621843,528.47079,0.018053704,-1.1436283,0.084377943,-0.014506917,-0.017045633,-0.0057762395,0.0010890043,2.8243645e-07,0.0013107628,0.99821499,0.0010994531,3.4328543e-07,0.0013051931,1,0,0,-0.0041028694,0.0036021949,1.7772866,581.7238,3320.0756,97.033369,8840,-1.146485,nan,0.082375472,nan,nan,148845.06,-5204.3578,-368.50671,439.29003,0.0014074579,0.065769712,0.30127733,8840,0,0,0,0,0
3.165,2382.221,143.72893,-3317.4328,242.15149,22.607249,528.69706,0.018047932,-1.143713,0.084304594,-0.014505477,-0.01704166,-0.0057615406,0.001091744,2.985399e-07,0.0013092973,0.99823277,0.0011021297,3.5996139e-07,0.0013037291,1,0,0,-0.0041123538,0.003597926,1.7779288,581.95276,3317.4328,97.018172,8710,-1.1465655,nan,0.082312893,nan,nan,149003.07,-5209.0685,-368.35683,440.65962,0.0014887042,0.071268652,0.30195775,8710,0,0,0,0,0
3.17,2383.4319,143.84194,-3314.7889,242.20614,22.592407,528.91707,0.018042019,-1.1437976,0.084231411,-0.014503955,-0.017037396,-0.0057468002,0.001094467,3.1479276e-07,0.0013078321,0.99825037,0.0011047889,3.7677879e-07,0.0013022643,1,0,0,-0.0041217719,0.0035936496,1.7785499,582.1748,3314.7889,97.002976,8580,-1.1466459,nan,0.082250473,nan,nan,149157.66,-5213.6853,-368.2,442.01703,0.0015707185,0.076860983,0.30289733,8580,0,0,0,0,0
3.175,2384.643,143.95487,-3312.1439,242.25785,22.577318,529.13083,0.018035964,-1.1438823,0.084158395,-0.014502352,-0.017032837,-0.0057320045,0.0010971732,3.311929e-07,0.001306367,0.9982678,0.0011074311,3.9373539e-07,0.0013008003,1,0,0,-0.0041311227,0.0035893655,1.7791499,582.38994,3312.1439,96.987779,8450,-1.1467262,nan,0.082188213,nan,nan,149308.85,-5218.2079,-368.03621,443.36207,0.0016534929,0.082509376,0.3040834,8450,0,0,0,0,0
3.18,2385.8544,144.06772,-3309.4978,242.30663,22.561982,529.33834,0.018029767,-1.1439669,0.084085546,-0.014500665,-0.017027982,-0.0057171422,0.0010998625,3.4773827e-07,0.0013049025,0.99828505,0.0011100561,4.1082963e-07,0.0012993386,1,0,0,-0.0041404051,0.0035850733,1.7797287,582.59817,3309.4978,96.972582,8320,-1.1468064,nan,0.082126112,nan,nan,149456.62,-5222.6363,-367.86544,444.69458,0.00173702,0.088167757,0.30542145,8320,0,0,0,0,0
3.185,2387.066,144.1805,-3306.8507,242.35249,22.546401,529.5396,0.018023428,-1.1440515,0.084012866,-0.014498894,-0.017022831,-0.005702208,0.0011025348,3.6442698e-07,0.001303439,0.99830213,0.0011126636,4.2806044e-07,0.0012978798,1,0,0,-0.0041496182,0.0035807729,1.7802863,582.7995,3306.8507,96.957386,8190,-1.1468866,nan,0.082064173,nan,nan,149600.97,-5226.9705,-367.68768,446.01436,0.0018212932,0.093797015,0.30677723,8190,0,0,0,0,0
3.19,2388.2779,144.2932,-3304.2026,242.39541,22.530576,529.73461,0.018016945,-1.1441361,0.083940356,-0.014497039,-0.017017385,-0.0056872039,0.00110519,3.8125739e-07,0.001301977,0.99831904,0.0011152532,4.4542688e-07,0.0012964241,1,0,0,-0.0041587608,0.0035764639,1.7808228,582.99392,3304.2026,96.942189,8060,-1.1469667,nan,0.082002395,nan,nan,149741.89,-5231.2103,-367.50289,447.32125,0.0019063073,0.099375418,0.30802437,8060,0,0,0,0,0
3.195,2389.4899,144.40582,-3301.5536,242.43542,22.514507,529.92337,0.01801032,-1.1442206,0.083868016,-0.014495098,-0.017011648,-0.0056721373,0.0011078277,3.9822796e-07,0.0013005168,0.99833578,0.0011178244,4.6292787e-07,0.0012949708,1,0,0,-0.0041678319,0.0035721461,1.7813382,583.18146,3301.5536,96.926993,7930,-1.1470467,nan,0.081940779,nan,nan,149879.37,-5235.3557,-367.31107,448.61507,0.0019920577,0.10490161,0.30908219,7930,0,0,0,0,0
3.2,2390.7022,144.51836,-3298.9036,242.4725,22.498197,530.10588,0.018003551,-1.1443052,0.083795848,-0.014493072,-0.017005623,-0.0056570188,0.0011104477,4.1533724e-07,0.0012990584,0.99835236,0.0011203765,4.8056193e-07,0.0012935189,1,0,0,-0.0041768307,0.0035678191,1.7818325,583.36209,3298.9036,96.911796,7800,-1.1471265,nan,0.081879327,nan,nan,150013.42,-5239.4066,-367.11221,449.89566,0.0020785403,0.11039081,0.30993374,7800,0,0,0,0,0
3.205,2391.9146,144.63082,-3296.2527,242.50667,22.481645,530.28215,0.017996638,-1.1443896,0.083723852,-0.014490958,-0.016999309,-0.0056418587,0.0011130497,4.3258367e-07,0.0012976015,0.99836877,0.0011229092,4.9832711e-07,0.0012920672,1,0,0,-0.0041857561,0.003563483,1.7823057,583.53583,3296.2527,96.896599,7670,-1.1472063,nan,0.081818038,nan,nan,150144.02,-5243.3628,-366.90631,451.16285,0.0021657507,0.11586669,0.31062146,7670,0,0,0,0,0
3.21,2393.1272,144.7432,-3293.6009,242.53792,22.464852,530.45218,0.01798958,-1.1444741,0.083652029,-0.014488758,-0.016992709,-0.005626664,0.0011156332,4.4996558e-07,0.0012961457,0.99838502,0.0011254223,5.1622108e-07,0.001290615,1,0,0,-0.0041946072,0.0035591374,1.7827578,583.70269,3293.6009,96.881403,7540,-1.1472861,nan,0.081756914,nan,nan,150271.17,-5247.2243,-366.69338,452.41648,0.0022536836,0.12135234,0.31122531,7540,0,0,0,0,0
3.215,2394.34,144.85549,-3290.9483,242.56626,22.447821,530.61597,0.017982379,-1.1445585,0.083580379,-0.014486468,-0.01698582,-0.005611437,0.001118198,4.6748109e-07,0.0012946906,0.9984011,0.0011279155,5.342413e-07,0.001289162,1,0,0,-0.004203383,0.0035547824,1.7831888,583.86266,3290.9483,96.866206,7410,-1.1473657,nan,0.081695955,nan,nan,150394.87,-5250.9911,-366.47344,453.65639,0.0023423331,0.12686326,0.3118328,7410,0,0,0,0,0
3.22,2395.5529,144.96769,-3288.295,242.59169,22.430552,530.77352,0.017975033,-1.1446429,0.083508904,-0.01448409,-0.016978642,-0.0055961762,0.0011207438,4.8512819e-07,0.0012932359,0.99841703,0.0011303887,5.5238526e-07,0.0012877082,1,0,0,-0.0042120827,0.0035504178,1.7835987,584.01574,3288.295,96.85101,7280,-1.1474452,nan,0.081635162,nan,nan,150515.11,-5254.6631,-366.2465,454.88243,0.0024316925,0.13240407,0.31251129,7280,0,0,0,0,0
3.225,2396.7659,145.07981,-3285.6408,242.61422,22.413045,530.92483,0.017967543,-1.1447273,0.083437603,-0.014481623,-0.016971173,-0.0055808769,0.0011232704,5.0290476e-07,0.0012917813,0.99843279,0.0011328421,5.7065062e-07,0.0012862543,1,0,0,-0.0042207053,0.0035460435,1.7839876,584.16195,3285.6408,96.835813,7150,-1.1475246,nan,0.081574535,nan,nan,150631.88,-5258.24,-366.01257,456.09442,0.0025217547,0.1379692,0.31329074,7150,0,0,0,0,0
3.23,2397.979,145.19184,-3282.9859,242.63384,22.395303,531.06991,0.017959908,-1.1448116,0.083366477,-0.014479065,-0.016963412,-0.0055655338,0.0011257776,5.208087e-07,0.001290327,0.9984484,0.0011352753,5.8903534e-07,0.0012848008,1,0,0,-0.0042292499,0.0035416595,1.7843554,584.30127,3282.9859,96.820616,7020,-1.147604,nan,0.081514076,nan,nan,150745.19,-5261.722,-365.77165,457.29221,0.0026125128,0.14354663,0.31416054,7020,0,0,0,0,0
3.235,2399.1922,145.30378,-3280.3302,242.65056,22.377326,531.20875,0.017952128,-1.1448959,0.083295527,-0.014476416,-0.016955358,-0.0055501429,0.0011282652,5.3883794e-07,0.0012888729,0.99846386,0.0011376884,6.0753768e-07,0.0012833483,1,0,0,-0.0042377156,0.0035372655,1.7847022,584.43372,3280.3302,96.80542,6890,-1.1476832,nan,0.081453785,nan,nan,150855.03,-5265.1089,-365.52374,458.47564,0.00270396,0.14912272,0.31507929,6890,0,0,0,0,0
3.24,2400.4055,145.41563,-3277.6739,242.66438,22.359114,531.34136,0.017944204,-1.1449802,0.083224754,-0.014473675,-0.016947012,-0.0055347028,0.0011307331,5.5699051e-07,0.0012874194,0.99847916,0.0011400809,6.2615605e-07,0.0012818969,1,0,0,-0.0042461015,0.0035328615,1.785028,584.5593,3277.6739,96.790223,6760,-1.1477623,nan,0.081393663,nan,nan,150961.38,-5268.4007,-365.26884,459.64455,0.0027960901,0.15468667,0.31599249,6760,0,0,0,0,0
3.245,2401.6188,145.52739,-3275.017,242.6753,22.34067,531.46774,0.017936134,-1.1450644,0.083154158,-0.014470842,-0.016938375,-0.0055192147,0.001133181,5.7526456e-07,0.0012859665,0.9984943,0.0011424526,6.4488893e-07,0.0012804467,1,0,0,-0.0042544066,0.0035284471,1.7853328,584.678,3275.017,96.775027,6630,-1.1478414,nan,0.08133371,nan,nan,151064.26,-5271.5971,-365.00695,460.79878,0.0028888976,0.16023316,0.31685146,6630,0,0,0,0,0
3.25,2402.8322,145.63906,-3272.3594,242.68333,22.321994,531.58789,0.017927919,-1.1451485,0.08308374,-0.014467916,-0.016929447,-0.0055036823,0.0011356088,5.9365829e-07,0.0012845144,0.9985093,0.0011448032,6.6373474e-07,0.0012789974,1,0,0,-0.0042626302,0.0035240223,1.7856166,584.78984,3272.3594,96.75983,6500,-1.1479203,nan,0.081273927,nan,nan,151163.65,-5274.6983,-364.73806,461.93819,0.0029823772,0.16576274,0.31762754,6500,0,0,0,0,0
3.255,2404.0456,145.75063,-3269.7012,242.68848,22.303087,531.70182,0.017919558,-1.1452327,0.083013502,-0.014464896,-0.01692023,-0.0054881101,0.0011380161,6.1216992e-07,0.001283063,0.99852415,0.0011471325,6.8269174e-07,0.0012775484,1,0,0,-0.0042707713,0.003519587,1.7858794,584.89482,3269.7012,96.744633,6370,-1.1479991,nan,0.081214315,nan,nan,151259.55,-5277.7041,-364.46218,463.06261,0.0030765239,0.1712804,0.31831799,6370,0,0,0,0,0
3.26,2405.2591,145.8621,-3267.0425,242.69073,22.283951,531.80952,0.017911051,-1.1453167,0.082943442,-0.014461781,-0.016910723,-0.0054725021,0.0011404027,6.3079768e-07,0.0012816121,0.99853885,0.0011494401,7.0175802e-07,0.0012760994,1,0,0,-0.0042788292,0.0035151411,1.7861212,584.99293,3267.0425,96.729437,6240,-1.1480778,nan,0.081154874,nan,nan,151351.96,-5280.6144,-364.17932,464.17191,0.0031713328,0.17679304,0.3189429,6240,0,0,0,0,0
3.265,2406.4725,145.97349,-3264.3832,242.6901,22.264585,531.91099,0.017902399,-1.1454008,0.082873563,-0.014458572,-0.016900928,-0.0054568612,0.0011427683,6.4953973e-07,0.0012801616,0.9985534,0.0011517258,7.2093154e-07,0.0012746501,1,0,0,-0.0042868029,0.0035106844,1.786342,585.08419,3264.3832,96.71424,6110,-1.1481565,nan,0.081095605,nan,nan,151440.87,-5283.4291,-363.88948,465.26593,0.0032667985,0.18230684,0.31953562,6110,0,0,0,0,0
3.27,2407.686,146.08477,-3261.7235,242.68659,22.244992,532.00625,0.0178936,-1.1454848,0.082803865,-0.014455267,-0.016890843,-0.0054411882,0.0011451128,6.6839418e-07,0.0012787113,0.99856781,0.0011539894,7.4021019e-07,0.0012732003,1,0,0,-0.0042946917,0.003506217,1.7865419,585.16858,3261.7235,96.699044,5980,-1.148235,nan,0.081036509,nan,nan,151526.27,-5286.1482,-363.59268,466.34453,0.0033629155,0.18782546,0.32013054,5980,0,0,0,0,0
3.275,2408.8994,146.19595,-3259.0633,242.6802,22.225172,532.09528,0.017884656,-1.1455687,0.082734347,-0.014451865,-0.016880469,-0.0054254825,0.0011474359,6.873591e-07,0.001277261,0.99858208,0.0011562309,7.5959189e-07,0.00127175,1,0,0,-0.0043024947,0.0035017387,1.7867209,585.24613,3259.0633,96.683847,5850,-1.1483134,nan,0.080977586,nan,nan,151608.18,-5288.7716,-363.28894,467.40756,0.0034596781,0.19334929,0.32075247,5850,0,0,0,0,0
3.28,2410.1128,146.30704,-3256.4026,242.67094,22.205126,532.1781,0.017875566,-1.1456526,0.082665011,-0.014448366,-0.016869806,-0.0054097422,0.0011497374,7.0643252e-07,0.0012758107,0.9985962,0.00115845,7.7907467e-07,0.0012702996,1,0,0,-0.0043102111,0.0034972494,1.7868789,585.31682,3256.4026,96.66865,5720,-1.1483916,nan,0.080918837,nan,nan,151686.58,-5291.2993,-362.97826,468.45488,0.0035570807,0.19887594,0.32141058,5720,0,0,0,0,0
3.285,2411.3261,146.41803,-3253.7416,242.6588,22.184855,532.2547,0.01786633,-1.1457364,0.082595858,-0.01444477,-0.016858853,-0.0053939656,0.001152017,7.256125e-07,0.0012743604,0.99861018,0.0011606465,7.9865667e-07,0.0012688492,1,0,0,-0.0043178401,0.0034927492,1.787016,585.38067,3253.7416,96.653454,5590,-1.1484698,nan,0.080860262,nan,nan,151761.46,-5293.7311,-362.66065,469.48634,0.0036551174,0.20440143,0.32209808,5590,0,0,0,0,0
3.29,2412.5394,146.52891,-3251.0802,242.64379,22.164361,532.32509,0.017856948,-1.1458202,0.082526888,-0.014441076,-0.01684761,-0.0053781515,0.0011542747,7.4489714e-07,0.0012729101,0.99862402,0.0011628203,8.1833614e-07,0.001267399,1,0,0,-0.0043253809,0.0034882379,1.7871321,585.43767,3251.0802,96.638257,5460,-1.1485479,nan,0.080801862,nan,nan,151832.83,-5296.067,-362.33612,470.50181,0.0037537829,0.20992163,0.32279688,5460,0,0,0,0,0
3.295,2413.7526,146.63969,-3248.4184,242.62592,22.143644,532.38926,0.017847419,-1.1459039,0.082458101,-0.014437282,-0.016836078,-0.0053622996,0.0011565102,7.6428458e-07,0.0012714599,0.99863773,0.0011649712,8.3811142e-07,0.0012659491,1,0,0,-0.0043328328,0.0034837153,1.7872274,585.48783,3248.4184,96.623061,5330,-1.1486258,nan,0.080743639,nan,nan,151900.69,-5298.3069,-362.00467,471.50115,0.0038530719,0.21543353,0.32348499,5330,0,0,0,0,0
3.3,2414.9656,146.75037,-3245.7563,242.60518,22.122706,532.44722,0.017837744,-1.1459876,0.082389498,-0.014433389,-0.016824257,-0.005346411,0.0011587233,7.8377299e-07,0.0012700098,0.9986513,0.0011670989,8.5798084e-07,0.0012644995,1,0,0,-0.004340195,0.0034791815,1.7873018,585.53115,3245.7563,96.607864,5200,-1.1487036,nan,0.080685591,nan,nan,151965.03,-5300.4508,-361.66631,472.48421,0.0039529795,0.22093575,0.32414396,5200,0,0,0,0,0
3.305,2416.1786,146.86094,-3243.094,242.58158,22.101547,532.49897,0.017827923,-1.1460712,0.08232108,-0.014429396,-0.016812148,-0.0053304874,0.0011609138,8.0336061e-07,0.0012685597,0.99866473,0.0011692031,8.7794272e-07,0.0012630498,1,0,0,-0.0043474666,0.0034746364,1.7873553,585.56764,3243.094,96.592667,5070,-1.1487813,nan,0.08062772,nan,nan,152025.84,-5302.4985,-361.32105,473.45087,0.0040535011,0.22642863,0.3247641,5070,0,0,0,0,0
3.31,2417.3915,146.9714,-3240.4314,242.55512,22.080168,532.54452,0.017817956,-1.1461547,0.082252848,-0.014425302,-0.016799751,-0.0053145308,0.0011630815,8.2304566e-07,0.0012671098,0.99867803,0.0011712838,8.9799532e-07,0.0012616001,1,0,0,-0.004354647,0.0034700798,1.787388,585.59729,3240.4314,96.577471,4940,-1.1488589,nan,0.080570027,nan,nan,152083.13,-5304.4501,-360.9689,474.40099,0.0041546318,0.23191361,0.32534615,4940,0,0,0,0,0
3.315,2418.6042,147.08176,-3237.7686,242.5258,22.05857,532.58386,0.017807842,-1.1462382,0.082184801,-0.014421107,-0.016787067,-0.005298543,0.0011652262,8.4282637e-07,0.0012656599,0.9986912,0.0011733406,9.1813684e-07,0.00126015,1,0,0,-0.0043617354,0.0034655118,1.7873998,585.62011,3237.7686,96.562274,4810,-1.1489364,nan,0.080512512,nan,nan,152136.89,-5306.3054,-360.60986,475.33443,0.0042563671,0.23739251,0.32589946,4810,0,0,0,0,0
3.32,2419.8168,147.19201,-3235.1056,242.49363,22.036755,532.61699,0.017797582,-1.1463216,0.082116941,-0.01441681,-0.016774096,-0.0052825253,0.0011673476,8.6270095e-07,0.0012642098,0.99870423,0.0011753735,9.3836541e-07,0.0012586995,1,0,0,-0.0043687311,0.0034609322,1.7873907,585.6361,3235.1056,96.547078,4680,-1.1490137,nan,0.080455176,nan,nan,152187.12,-5308.0643,-360.24397,476.25107,0.0043587021,0.24286678,0.32643786,4680,0,0,0,0,0
3.325,2421.0292,147.30215,-3232.4425,242.45861,22.014723,532.64392,0.017787175,-1.146405,0.082049268,-0.01441241,-0.016760838,-0.0052664781,0.0011694456,8.826676e-07,0.0012627596,0.99871714,0.0011773821,9.5867918e-07,0.0012572485,1,0,0,-0.0043756333,0.0034563411,1.7873609,585.64527,3232.4425,96.531881,4550,-1.149091,nan,0.080398018,nan,nan,152233.82,-5309.7269,-359.87122,477.15078,0.0044616322,0.24833703,0.32697467,4550,0,0,0,0,0
3.33,2422.2414,147.41218,-3229.7792,242.42075,21.992476,532.66466,0.017776622,-1.1464883,0.081981782,-0.014407907,-0.016747294,-0.0052504012,0.0011715199,9.0272451e-07,0.0012613091,0.99872991,0.0011793664,9.7907629e-07,0.001255797,1,0,0,-0.0043824414,0.0034517384,1.7873102,585.64761,3229.7792,96.516684,4420,-1.1491681,nan,0.080341041,nan,nan,152276.98,-5311.293,-359.49163,478.03343,0.0045651524,0.25380292,0.32751875,4420,0,0,0,0,0
3.335,2423.4534,147.5221,-3227.1159,242.38004,21.970014,532.67919,0.017765923,-1.1465715,0.081914485,-0.0144033,-0.016733463,-0.0052342942,0.0011735704,9.2286986e-07,0.0012598584,0.99874256,0.0011813261,9.9955495e-07,0.0012543451,1,0,0,-0.0043891546,0.0034471241,1.7872387,585.64314,3227.1159,96.501488,4290,-1.149245,nan,0.080284243,nan,nan,152316.61,-5312.7626,-359.10521,478.8989,0.0046692578,0.25926338,0.32807247,4290,0,0,0,0,0
3.34,2424.6652,147.6319,-3224.4524,242.33649,21.947339,532.68752,0.017755077,-1.1466547,0.081847376,-0.014398589,-0.016719346,-0.0052181566,0.001175597,9.4310183e-07,0.0012584074,0.99875509,0.001183261,1.0201134e-06,0.001252893,1,0,0,-0.0043957723,0.0034424981,1.7871464,585.63184,3224.4524,96.486291,4160,-1.1493219,nan,0.080227627,nan,nan,152352.7,-5314.1356,-358.71198,479.74706,0.0047739436,0.26471698,0.328632,4160,0,0,0,0,0
3.345,2425.8768,147.74159,-3221.789,242.2901,21.92445,532.68966,0.017744085,-1.1467378,0.081780456,-0.014393773,-0.016704944,-0.0052019882,0.0011775993,9.6341866e-07,0.001256956,0.99876749,0.0011851711,1.0407499e-06,0.0012514405,1,0,0,-0.0044022937,0.0034378604,1.7870333,585.61374,3221.789,96.471095,4030,-1.1493986,nan,0.080171192,nan,nan,152385.25,-5315.4119,-358.31195,480.57779,0.0048792051,0.27016236,0.32918951,4030,0,0,0,0,0
3.35,2427.0882,147.85117,-3219.1256,242.24087,21.90135,532.68561,0.017732947,-1.1468208,0.081713726,-0.014388851,-0.016690256,-0.0051857892,0.0011795772,9.8381855e-07,0.0012555044,0.99877976,0.0011870561,1.0614628e-06,0.0012499879,1,0,0,-0.0044087182,0.003433211,1.7868994,585.58882,3219.1256,96.455898,3900,-1.1494752,nan,0.080114938,nan,nan,152414.26,-5316.5915,-357.90513,481.39097,0.0049850376,0.27559853,0.32973622,3900,0,0,0,0,0
3.355,2428.2993,147.96063,-3216.4621,242.18882,21.87804,532.67537,0.017721662,-1.1469037,0.081647186,-0.014383824,-0.016675283,-0.0051695605,0.0011815306,1.0042998e-06,0.0012540525,0.99879192,0.0011889158,1.0822505e-06,0.0012485349,1,0,0,-0.0044150451,0.0034285498,1.7867448,585.5571,3216.4621,96.440701,3770,-1.1495517,nan,0.080058867,nan,nan,152439.72,-5317.6743,-357.49153,482.18648,0.0050914366,0.28102504,0.33026529,3770,0,0,0,0,0
3.36,2429.5101,148.06997,-3213.7988,242.13393,21.85452,532.65893,0.017710232,-1.1469866,0.081580836,-0.01437869,-0.016660027,-0.0051533029,0.0011834591,1.0248606e-06,0.0012526003,0.99880395,0.00119075,1.1031112e-06,0.0012470815,1,0,0,-0.0044212738,0.0034238767,1.7865694,585.51857,3213.7988,96.425505,3640,-1.149628,nan,0.080002979,nan,nan,152461.64,-5318.6603,-357.07117,482.96421,0.0051983975,0.28644187,0.33077366,3640,0,0,0,0,0
3.365,2430.7207,148.1792,-3211.1355,242.07622,21.830791,532.63631,0.017698655,-1.1470694,0.081514678,-0.014373448,-0.016644487,-0.0051370175,0.0011853628,1.0454993e-06,0.0012511478,0.99881586,0.0011925585,1.1240432e-06,0.0012456277,1,0,0,-0.0044274036,0.0034191918,1.7863733,585.47324,3211.1355,96.410308,3510,-1.1497042,nan,0.079947275,nan,nan,152480.02,-5319.5494,-356.64407,483.72404,0.005305916,0.2918493,0.33126242,3510,0,0,0,0,0
3.37,2431.9309,148.2883,-3208.4724,242.01568,21.806854,532.6075,0.017686932,-1.1471521,0.081448712,-0.014368099,-0.016628663,-0.0051207053,0.0011872413,1.0662142e-06,0.0012496949,0.99882766,0.0011943412,1.1450448e-06,0.0012441733,1,0,0,-0.0044334338,0.0034144951,1.7861565,585.42111,3208.4724,96.395112,3380,-1.1497802,nan,0.079891754,nan,nan,152494.85,-5320.3415,-356.21023,484.46585,0.0054139874,0.29724763,0.33173585,3380,0,0,0,0,0
3.375,2433.1409,148.39729,-3205.8094,241.95233,21.782711,532.57251,0.017675063,-1.1472348,0.081382938,-0.014362642,-0.016612557,-0.0051043668,0.0011890944,1.0870034e-06,0.0012482416,0.99883933,0.0011960978,1.1661141e-06,0.0012427183,1,0,0,-0.0044393639,0.0034097865,1.7859189,585.36219,3205.8094,96.379915,3250,-1.1498562,nan,0.079836417,nan,nan,152506.13,-5321.0366,-355.76967,485.18954,0.0055226071,0.30263702,0.33219959,3250,0,0,0,0,0
3.38,2434.3505,148.50615,-3203.1467,241.88615,21.758362,532.53133,0.017663048,-1.1473174,0.081317357,-0.014357076,-0.016596169,-0.0050880025,0.0011909221,1.1078654e-06,0.0012467878,0.99885089,0.0011978283,1.1872496e-06,0.0012412627,1,0,0,-0.0044451932,0.0034050661,1.7856607,585.29647,3203.1467,96.364718,3120,-1.149932,nan,0.079781266,nan,nan,152513.86,-5321.6345,-355.32241,485.89499,0.0056317707,0.30801735,0.33265872,3120,0,0,0,0,0
3.385,2435.5598,148.6149,-3200.4841,241.81716,21.733808,532.48397,0.017650887,-1.1473998,0.081251968,-0.0143514,-0.016579499,-0.0050716126,0.0011927241,1.1287982e-06,0.0012453335,0.99886234,0.0011995324,1.2084493e-06,0.0012398065,1,0,0,-0.0044509212,0.0034003338,1.7853817,585.22396,3200.4841,96.349522,2990,-1.1500076,nan,0.0797263,nan,nan,152518.05,-5322.1354,-354.86847,486.58211,0.0057414733,0.31338826,0.33311627,2990,0,0,0,0,0
3.39,2436.7687,148.72352,-3197.8218,241.74536,21.709051,532.43043,0.01763858,-1.1474822,0.081186774,-0.014345615,-0.016562547,-0.005055197,0.0011945002,1.1498003e-06,0.0012438787,0.99887367,0.0012012099,1.2297117e-06,0.0012383497,1,0,0,-0.0044565471,0.0033955896,1.7850821,585.14466,3197.8218,96.334325,2860,-1.1500831,nan,0.079671519,nan,nan,152518.68,-5322.539,-354.40786,487.25077,0.0058517103,0.31874917,0.33357261,2860,0,0,0,0,0
3.395,2437.9773,148.83201,-3195.1598,241.67075,21.684091,532.37072,0.017626128,-1.1475646,0.081121773,-0.014339719,-0.016545315,-0.0050387558,0.0011962503,1.1708698e-06,0.0012424234,0.99888489,0.0012028608,1.2510349e-06,0.0012368923,1,0,0,-0.0044620705,0.0033908335,1.7847618,585.05858,3195.1598,96.319129,2730,-1.1501585,nan,0.079616925,nan,nan,152515.77,-5322.8454,-353.9406,487.90089,0.0059624769,0.32409946,0.33402575,2730,0,0,0,0,0
3.4,2439.1855,148.94038,-3192.498,241.59334,21.658928,532.30483,0.01761353,-1.1476468,0.081056968,-0.014333712,-0.016527803,-0.0050222892,0.0011979741,1.192005e-06,0.0012409675,0.998896,0.0012044848,1.2724172e-06,0.0012354343,1,0,0,-0.0044674907,0.0033860655,1.7844209,584.96571,3192.498,96.303932,2600,-1.1502337,nan,0.079562518,nan,nan,152509.3,-5323.0544,-353.46671,488.53235,0.0060737685,0.32943856,0.33447235,2600,0,0,0,0,0
3.405,2440.3933,149.04863,-3189.8366,241.51312,21.633565,532.23277,0.017600787,-1.147729,0.080992357,-0.014327593,-0.016510012,-0.0050057977,0.0011996716,1.2132043e-06,0.0012395111,0.99890699,0.0012060817,1.2938571e-06,0.0012339757,1,0,0,-0.0044728072,0.0033812856,1.7840592,584.86607,3189.8366,96.288735,2470,-1.1503088,nan,0.079508297,nan,nan,152499.29,-5323.1661,-352.9862,489.14505,0.0061855802,0.33476601,0.33490894,2470,0,0,0,0,0
3.41,2441.6007,149.15674,-3187.1756,241.43011,21.608003,532.15453,0.017587898,-1.147811,0.080927942,-0.014321363,-0.016491941,-0.0049892817,0.0012013425,1.2344658e-06,0.0012380541,0.99891788,0.0012076514,1.3153528e-06,0.0012325166,1,0,0,-0.0044780194,0.0033764939,1.783677,584.75965,3187.1756,96.273539,2340,-1.1503837,nan,0.079454265,nan,nan,152485.72,-5323.1803,-352.49909,489.7389,0.0062979073,0.34008152,0.33533307,2340,0,0,0,0,0
3.415,2442.8077,149.26473,-3184.515,241.3443,21.582241,532.07013,0.017574864,-1.147893,0.080863723,-0.01431502,-0.016473593,-0.004972742,0.0012029866,1.2557879e-06,0.0012365965,0.99892866,0.0012091937,1.3369025e-06,0.0012310567,1,0,0,-0.0044831267,0.0033716903,1.7832741,584.64646,3184.515,96.258342,2210,-1.1504585,nan,0.07940042,nan,nan,152468.6,-5323.0971,-352.0054,490.31381,0.0064107451,0.34538493,0.33574388,2210,0,0,0,0,0
3.42,2444.0142,149.37259,-3181.8549,241.25569,21.556281,531.97955,0.017561685,-1.1479749,0.0807997,-0.014308564,-0.016454966,-0.0049561792,0.0012046039,1.2771689e-06,0.0012351383,0.99893933,0.0012107085,1.3585047e-06,0.0012295962,1,0,0,-0.0044881285,0.0033668749,1.7828507,584.5265,3181.8549,96.243146,2080,-1.1505331,nan,0.079346763,nan,nan,152447.94,-5322.9163,-351.50514,490.86966,0.0065240887,0.35067613,0.33614213,2080,0,0,0,0,0
3.425,2445.2203,149.48032,-3179.1951,241.16429,21.530124,531.88281,0.017548362,-1.1480567,0.080735875,-0.014301994,-0.016436063,-0.0049395938,0.0012061941,1.2986071e-06,0.0012336795,0.99894989,0.0012121955,1.3801575e-06,0.001228135,1,0,0,-0.0044930245,0.0033620476,1.7824066,584.39977,3179.1951,96.227949,1950,-1.1506076,nan,0.079293296,nan,nan,152423.72,-5322.6379,-350.99834,491.40638,0.0066379332,0.355955,0.33652973,1950,0,0,0,0,0
3.43,2446.426,149.58792,-3176.5359,241.07011,21.503771,531.77991,0.017534893,-1.1481384,0.080672246,-0.01429531,-0.016416884,-0.0049229865,0.0012077571,1.3201007e-06,0.00123222,0.99896035,0.0012136547,1.4018593e-06,0.001226673,1,0,0,-0.004497814,0.0033572085,1.7819419,584.26627,3176.5359,96.212752,1820,-1.150682,nan,0.079240018,nan,nan,152395.95,-5322.2619,-350.48502,491.92387,0.0067522737,0.36122136,0.33690895,1820,0,0,0,0,0
3.435,2447.6311,149.69538,-3173.8773,240.97314,21.477224,531.67084,0.01752128,-1.14822,0.080608816,-0.014288512,-0.016397428,-0.0049063575,0.0012092926,1.3416481e-06,0.0012307598,0.9989707,0.0012150858,1.4236083e-06,0.0012252102,1,0,0,-0.0045024964,0.0033523575,1.7814567,584.12602,3173.8773,96.197556,1690,-1.1507562,nan,0.079186929,nan,nan,152364.63,-5321.7882,-349.96519,492.42204,0.0068671051,0.36647496,0.33728169,1690,0,0,0,0,0
3.44,2448.8358,149.80272,-3171.2191,240.87339,21.450481,531.55561,0.017507522,-1.1483015,0.080545584,-0.014281599,-0.016377698,-0.0048897071,0.0012108005,1.3632475e-06,0.001229299,0.99898096,0.0012164887,1.4454028e-06,0.0012237467,1,0,0,-0.0045070714,0.0033474949,1.7809509,583.97901,3171.2191,96.182359,1560,-1.1508302,nan,0.079134031,nan,nan,152329.77,-5321.2168,-349.43888,492.90081,0.0069824222,0.37171548,0.3376489,1560,0,0,0,0,0
3.445,2450.04,149.90992,-3168.5616,240.77086,21.423546,531.43422,0.01749362,-1.1483829,0.08048255,-0.01427457,-0.016357694,-0.0048730357,0.0012122808,1.3848973e-06,0.0012278374,0.99899111,0.0012178633,1.4672412e-06,0.0012222823,1,0,0,-0.0045115383,0.0033426205,1.7804245,583.82524,3168.5616,96.167163,1430,-1.1509041,nan,0.079081323,nan,nan,152291.36,-5320.5475,-348.9061,493.36008,0.0070982199,0.37694256,0.33801051,1430,0,0,0,0,0
3.45,2451.2436,150.01698,-3165.9047,240.66556,21.396419,531.30668,0.017479574,-1.1484642,0.080419716,-0.014267426,-0.016337416,-0.0048563434,0.0012137331,1.4065956e-06,0.0012263751,0.99900116,0.0012192093,1.4891216e-06,0.0012208173,1,0,0,-0.0045158967,0.0033377343,1.7798776,583.66472,3165.9047,96.151966,1300,-1.1509778,nan,0.079028805,nan,nan,152249.4,-5319.7804,-348.36688,493.79978,0.0072144929,0.3821558,0.33836553,1300,0,0,0,0,0
3.455,2452.4467,150.12391,-3163.2484,240.55749,21.3691,531.17297,0.017465384,-1.1485454,0.08035708,-0.014260164,-0.016316865,-0.0048396307,0.0012151573,1.4283408e-06,0.0012249121,0.9990111,0.0012205267,1.5110425e-06,0.0012193514,1,0,0,-0.0045201461,0.0033328365,1.7793102,583.49745,3163.2484,96.136769,1170,-1.1510514,nan,0.078976479,nan,nan,152203.89,-5318.9155,-347.82123,494.21983,0.0073312357,0.38735488,0.33871255,1170,0,0,0,0,0
3.46,2453.6493,150.2307,-3160.5928,240.44664,21.34159,531.03312,0.01745105,-1.1486265,0.080294645,-0.014252786,-0.016296043,-0.004822898,0.0012165534,1.4501313e-06,0.0012234483,0.99902095,0.0012218153,1.533002e-06,0.0012178848,1,0,0,-0.004524286,0.0033279271,1.7787222,583.32343,3160.5928,96.121573,1040,-1.1511248,nan,0.078924345,nan,nan,152154.85,-5317.9526,-347.26918,494.62013,0.0074484431,0.39253949,0.33905026,1040,0,0,0,0,0
3.465,2454.8513,150.33735,-3157.9379,240.33303,21.313892,530.88711,0.017436573,-1.1487075,0.08023241,-0.014245291,-0.016274949,-0.0048061457,0.001217921,1.4719652e-06,0.0012219837,0.9990307,0.0012230748,1.5549986e-06,0.0012164173,1,0,0,-0.004528316,0.003323006,1.7781138,583.14267,3157.9379,96.106376,910,-1.1511981,nan,0.078872402,nan,nan,152102.25,-5316.8917,-346.71075,495.00062,0.0075661095,0.39770938,0.33937779,910,0,0,0,0,0
3.47,2456.0527,150.44386,-3155.2838,240.21666,21.286004,530.73496,0.017421953,-1.1487884,0.080170376,-0.014237678,-0.016253584,-0.0047893744,0.0012192601,1.4938409e-06,0.0012205184,0.99904036,0.0012243052,1.5770304e-06,0.0012149491,1,0,0,-0.0045322356,0.0033180734,1.7774848,582.95517,3155.2838,96.09118,780,-1.1512712,nan,0.078820651,nan,nan,152046.12,-5315.7327,-346.14597,495.36122,0.0076842294,0.4028643,0.33969496,780,0,0,0,0,0
3.475,2457.2536,150.55024,-3152.6304,240.09752,21.25793,530.57665,0.017407189,-1.1488692,0.080108543,-0.014229946,-0.01623195,-0.0047725845,0.0012205706,1.5157566e-06,0.0012190523,0.99904992,0.0012255064,1.5990959e-06,0.00121348,1,0,0,-0.0045360443,0.0033131293,1.7768354,582.76093,3152.6304,96.075983,650,-1.1513441,nan,0.078769094,nan,nan,151986.45,-5314.4757,-345.57484,495.70186,0.0078027969,0.40800406,0.3400022,650,0,0,0,0,0
3.48,2458.4538,150.65647,-3149.9779,239.97563,21.229668,530.4122,0.017392283,-1.1489499,0.080046912,-0.014222096,-0.016210047,-0.0047557767,0.0012218521,1.5377108e-06,0.0012175854,0.99905938,0.001226678,1.6211932e-06,0.00121201,1,0,0,-0.0045397416,0.0033081737,1.7761655,582.55996,3149.9779,96.060786,520,-1.1514169,nan,0.078717729,nan,nan,151923.24,-5313.1206,-344.9974,496.02246,0.0079218065,0.41312843,0.34030035,520,0,0,0,0,0
3.485,2459.6535,150.76256,-3147.3262,239.85099,21.201221,530.24161,0.017377233,-1.1490305,0.079985482,-0.014214126,-0.016187876,-0.0047389512,0.0012231047,1.5597016e-06,0.0012161177,0.99906875,0.0012278201,1.6433207e-06,0.0012105392,1,0,0,-0.0045433273,0.0033032067,1.7754751,582.35226,3147.3262,96.04559,390,-1.1514895,nan,0.078666557,nan,nan,151856.49,-5311.6674,-344.41367,496.32296,0.0080412522,0.41823718,0.34059031,390,0,0,0,0,0
3.49,2460.8525,150.86851,-3144.6753,239.72359,21.172589,530.06487,0.017362042,-1.1491109,0.079924255,-0.014206037,-0.016165438,-0.0047221085,0.0012243281,1.5817273e-06,0.0012146492,0.99907802,0.0012289325,1.6654767e-06,0.0012090675,1,0,0,-0.0045468007,0.0032982284,1.7747643,582.13782,3144.6753,96.030393,260,-1.151562,nan,0.078615579,nan,nan,151786.21,-5310.1159,-343.82367,496.60327,0.0081611279,0.42333004,0.34087276,260,0,0,0,0,0
3.495,2462.0508,150.97432,-3142.0253,239.59345,21.143773,529.88199,0.017346708,-1.1491913,0.07986323,-0.014197828,-0.016142733,-0.0047052489,0.0012255221,1.6037863e-06,0.0012131798,0.99908721,0.0012300149,1.6876594e-06,0.0012075949,1,0,0,-0.0045501615,0.0032932387,1.774033,581.91666,3142.0253,96.015197,130,-1.1516343,nan,0.078564794,nan,nan,151712.39,-5308.4662,-343.22743,496.86335,0.0082814277,0.42840673,0.34114799,130,0,0,0,0,0
3.5,2463.2485,151.07998,-3139.3763,239.46056,21.114774,529.69297,0.017331232,-1.1492716,0.079802408,-0.014189498,-0.016119763,-0.0046883729,0.0012266867,1.6258768e-06,0.0012117096,0.9990963,0.0012310673,1.7098672e-06,0.0012061214,1,0,0,-0.0045534094,0.0032882378,1.7732813,581.68878,3139.3763,96,7.1358954e-09,-1.1517064,nan,0.078514204,nan,nan,151635.05,-5306.7182,-342.62497,497.10312,0.0084021451,0.43346698,0.34141586,7.1358954e-09,0,0,0,0,0
3.505,2464.4456,151.18549,-3136.7282,239.32605,21.085683,529.50031,0.017315615,-1.1493517,0.07974179,-0.014181047,-0.016096545,-0.0046714946,0.001227821,1.6479956e-06,0.0012102388,0.9991053,0.0012320816,1.732082e-06,0.0012046498,1,0,0,-0.0045565254,0.0032832123,1.7725175,581.45691,3136.7282,96,0,-1.1517784,nan,0.078463808,nan,nan,151555.6,-5304.911,-342.0169,497.32351,0.0085232268,0.4369152,0.34034397,0,0,0,0,0,0
3.51,2465.6419,151.29086,-3134.0811,239.19157,21.056636,529.30772,0.017299857,-1.1494317,0.079681374,-0.014172476,-0.016073219,-0.0046547396,0.0012289197,1.6701332e-06,0.0012087673,0.99911421,0.0012330332,1.7542747e-06,0.0012031722,1,0,0,-0.0045594823,0.0032781426,1.7717541,581.22513,3134.0811,96,0,-1.1518502,nan,0.078413607,nan,nan,151476.18,-5303.1034,-341.4042,497.52611,0.0086445655,0.43732253,0.33609764,0,0,0,0,0,0
3.515,2466.8376,151.39609,-3131.435,239.05714,21.027633,529.11521,0.01728396,-1.1495116,0.07962116,-0.014163783,-0.016049904,-0.0046382578,0.0012299745,1.6922787e-06,0.0012072913,0.99912303,0.0012339088,1.7764331e-06,0.0012016702,1,0,0,-0.0045622812,0.00327303,1.770991,580.99345,3131.435,96,0,-1.1519218,nan,0.0783636,nan,nan,151396.78,-5301.2953,-340.78709,497.71121,0.0087661045,0.43663365,0.32965546,0,0,0,0,0,0
3.52,2468.0326,151.50117,-3128.7898,238.92276,20.998674,528.92278,0.01726793,-1.1495914,0.079561142,-0.014154968,-0.016026617,-0.004622133,0.0012309778,1.7144201e-06,0.0012058045,0.99913177,0.0012347065,1.7985394e-06,0.0012001318,1,0,0,-0.0045649238,0.0032678765,1.7702283,580.76186,3128.7898,96,0,-1.1519932,nan,0.078313788,nan,nan,151317.4,-5299.4866,-340.16589,497.87915,0.0088877812,0.43671756,0.32260058,0,0,0,0,0,0
3.525,2469.227,151.6061,-3126.1455,238.78842,20.96976,528.73043,0.01725177,-1.1496711,0.079501318,-0.014146031,-0.016003289,-0.0046063626,0.0012319246,1.7365438e-06,0.0012043004,0.99914042,0.0012354343,1.8205736e-06,0.0011985544,1,0,0,-0.0045674116,0.0032626843,1.769466,580.53037,3126.1455,96,0,-1.1520645,nan,0.07826417,nan,nan,151238.06,-5297.6775,-339.54098,498.03021,0.0090095236,0.43880328,0.31652695,0,0,0,0,0,0
3.53,2470.4206,151.71089,-3123.5023,238.65412,20.94089,528.53816,0.017235484,-1.1497506,0.079441682,-0.014136973,-0.015979802,-0.0045908688,0.0012328137,1.758635e-06,0.001202775,0.99914898,0.0012361056,1.8425179e-06,0.0011969442,1,0,0,-0.0045697455,0.0032574553,1.768704,580.29897,3123.5023,96,0,-1.1521356,nan,0.078214746,nan,nan,151158.73,-5295.868,-338.91264,498.16452,0.0091312537,0.44322908,0.3125347,0,0,0,0,0,0
3.535,2471.6136,151.81554,-3120.86,238.51987,20.912066,528.34597,0.017219076,-1.1498301,0.079382232,-0.014127793,-0.015956041,-0.0045755318,0.0012336472,1.7806786e-06,0.0012012273,0.99915745,0.0012367337,1.8643596e-06,0.0011953129,1,0,0,-0.004571926,0.003252191,1.7679424,580.06767,3120.86,96,0,-1.1522066,nan,0.078165517,nan,nan,151079.44,-5294.0579,-338.28106,498.28212,0.009252893,0.44951938,0.3109583,0,0,0,0,0,0
3.54,2472.806,151.92004,-3118.2186,238.38567,20.883287,528.15385,0.017202547,-1.1499094,0.079322968,-0.014118492,-0.015931926,-0.0045602303,0.0012344294,1.8026613e-06,0.0011996592,0.99916585,0.0012373282,1.8860921e-06,0.0011936734,1,0,0,-0.0045739528,0.0032468922,1.7671812,579.83647,3118.2186,96,0,-1.1522773,nan,0.078116482,nan,nan,151000.17,-5292.2474,-337.6463,498.38291,0.0093743701,0.45669866,0.3113763,0,0,0,0,0,0
3.545,2473.9976,152.0244,-3115.5782,238.25152,20.854553,527.96181,0.017185897,-1.1499886,0.079263888,-0.014109069,-0.015907435,-0.0045448777,0.0012351649,1.824572e-06,0.0011980751,0.99917415,0.0012378922,1.9077146e-06,0.0011920355,1,0,0,-0.0045758257,0.0032415592,1.7664203,579.60536,3115.5782,96,0,-1.1523479,nan,0.078067641,nan,nan,150920.92,-5290.4364,-337.0083,498.46678,0.0094956256,0.46369673,0.31285597,0,0,0,0,0,0
3.55,2475.1886,152.12862,-3112.9388,238.11741,20.825865,527.76985,0.017169127,-1.1500677,0.079204995,-0.014099525,-0.015882595,-0.0045294408,0.001235857,1.8464023e-06,0.0011964796,0.99918238,0.0012384233,1.9292295e-06,0.0011904034,1,0,0,-0.0045775441,0.0032361919,1.7656598,579.37435,3112.9388,96,0,-1.1524184,nan,0.078018995,nan,nan,150841.71,-5288.625,-336.36699,498.53363,0.0096166149,0.4697008,0.31432006,0,0,0,0,0,0
3.555,2476.3789,152.23269,-3110.3003,237.98336,20.797223,527.57797,0.017152236,-1.1501467,0.07914629,-0.01408986,-0.015857468,-0.0045139401,0.0012365073,1.8681465e-06,0.0011948765,0.99919052,0.001238915,1.9506401e-06,0.0011887755,1,0,0,-0.004579108,0.0032307903,1.7648996,579.14343,3110.3003,96,0,-1.1524886,nan,0.077970543,nan,nan,150762.52,-5286.8131,-335.72229,498.58342,0.0097373069,0.47435581,0.31490207,0,0,0,0,0,0
3.56,2477.5686,152.33662,-3107.6628,237.84935,20.768627,527.38616,0.017135223,-1.1502255,0.079087772,-0.014080074,-0.015832125,-0.0044984332,0.0012371153,1.8898009e-06,0.0011932677,0.99919858,0.0012393598,1.9719479e-06,0.0011871457,1,0,0,-0.0045805174,0.0032253545,1.7641399,578.91261,3107.6628,96,0,-1.1525587,nan,0.077922285,nan,nan,150683.35,-5285.0007,-335.07418,498.6162,0.0098576797,0.47778178,0.31418094,0,0,0,0,0,0
3.565,2478.7576,152.44041,-3105.0263,237.71539,20.740077,527.19443,0.01711809,-1.1503042,0.079029443,-0.014070169,-0.015806621,-0.0044829888,0.0012376791,1.9113623e-06,0.0011916529,0.99920657,0.0012397519,1.9931516e-06,0.0011855061,1,0,0,-0.0045817729,0.0032198849,1.7633804,578.68189,3105.0263,96,0,-1.1526286,nan,0.077874221,nan,nan,150604.21,-5283.1879,-334.4227,498.63207,0.0099777157,0.48043989,0.31224048,0,0,0,0,0,0
3.57,2479.9459,152.54405,-3102.3907,237.58149,20.711574,527.00278,0.017100837,-1.1503828,0.0789713,-0.014060143,-0.015780985,-0.0044676623,0.0012381962,1.9328276e-06,0.0011900302,0.99921447,0.0012400884,2.0142466e-06,0.0011838498,1,0,0,-0.0045828752,0.0032143822,1.7626214,578.45126,3102.3907,96,0,-1.1526984,nan,0.077826351,nan,nan,150525.1,-5281.3747,-333.76799,498.63117,0.010097397,0.48291987,0.30956205,0,0,0,0,0,0
3.575,2481.1335,152.64755,-3099.7561,237.44764,20.683117,526.8112,0.017083468,-1.1504613,0.078913343,-0.014049998,-0.015755214,-0.0044524786,0.0012386647,1.9541931e-06,0.0011883971,0.99922229,0.0012403699,2.0352265e-06,0.0011821729,1,0,0,-0.004583825,0.0032088474,1.7618627,578.22073,3099.7561,96,0,-1.1527679,nan,0.077778676,nan,nan,150446.01,-5279.561,-333.11018,498.61362,0.010216702,0.48573073,0.30680995,0,0,0,0,0,0
3.58,2482.3205,152.75091,-3097.1224,237.31384,20.654708,526.6197,0.017065983,-1.1505396,0.078855571,-0.014039734,-0.015729284,-0.0044374282,0.0012390835,1.9754544e-06,0.0011867511,0.99923004,0.0012405993,2.0560844e-06,0.0011804755,1,0,0,-0.0045846231,0.0032032815,1.7611043,577.9903,3097.1224,96,0,-1.1528373,nan,0.077731195,nan,nan,150366.95,-5277.7469,-332.44945,498.57955,0.010335607,0.48915922,0.30459309,0,0,0,0,0,0
3.585,2483.5068,152.85413,-3094.4897,237.1801,20.626346,526.42827,0.017048385,-1.1506178,0.07879798,-0.014029351,-0.015703161,-0.0044224738,0.0012394527,1.9966066e-06,0.001185091,0.99923771,0.0012407809,2.0768147e-06,0.0011787608,1,0,0,-0.0045852699,0.0031976853,1.7603464,577.75996,3094.4897,96,0,-1.1529066,nan,0.077683907,nan,nan,150287.92,-5275.9323,-331.78591,498.52902,0.010454083,0.49322625,0.30328116,0,0,0,0,0,0
3.59,2484.6924,152.9572,-3091.8579,237.04641,20.598031,526.23692,0.017030675,-1.1506959,0.078740572,-0.014018849,-0.015676814,-0.0044075654,0.0012397733,2.017645e-06,0.0011834168,0.9992453,0.0012409185,2.0974137e-06,0.0011770338,1,0,0,-0.004585766,0.0031920595,1.7595888,577.52972,3091.8579,96,0,-1.1529756,nan,0.077636814,nan,nan,150208.91,-5274.1173,-331.11963,498.46208,0.010572104,0.49773485,0.30292427,0,0,0,0,0,0
3.595,2485.8774,153.06013,-3089.2271,236.91277,20.569764,526.04564,0.017012854,-1.1507738,0.078683345,-0.01400823,-0.015650228,-0.0043926567,0.0012400465,2.0385654e-06,0.0011817295,0.99925282,0.0012410145,2.1178808e-06,0.0011752997,1,0,0,-0.0045861115,0.0031864046,1.7588315,577.29957,3089.2271,96,0,-1.1530445,nan,0.077589914,nan,nan,150129.93,-5272.3019,-330.45064,498.37874,0.010689648,0.50237617,0.30328508,0,0,0,0,0,0
3.6,2487.0617,153.16293,-3086.5973,236.7792,20.541544,525.85444,0.016994922,-1.1508516,0.0786263,-0.013997494,-0.0156234,-0.004377718,0.0012402739,2.0593649e-06,0.0011800311,0.99926026,0.0012410693,2.1382168e-06,0.0011735618,1,0,0,-0.0045863067,0.0031807205,1.7580747,577.06952,3086.5973,96,0,-1.1531132,nan,0.077543208,nan,nan,150050.98,-5270.4861,-329.77893,498.27901,0.010806695,0.50684858,0.30395597,0,0,0,0,0,0
3.605,2488.2453,153.26558,-3083.9684,236.64568,20.513372,525.66331,0.016976879,-1.1509293,0.078569437,-0.01398664,-0.015596346,-0.0043627422,0.0012404564,2.0800414e-06,0.0011783233,0.99926763,0.0012410818,2.1584241e-06,0.0011718214,1,0,0,-0.0045863517,0.0031750076,1.7573181,576.83957,3083.9684,96,0,-1.1531817,nan,0.077496696,nan,nan,149972.05,-5268.6698,-329.10447,498.1629,0.010923234,0.51095031,0.30451144,0,0,0,0,0,0
3.61,2489.4283,153.36809,-3081.3405,236.51221,20.485249,525.47225,0.016958725,-1.1510069,0.078512758,-0.01397567,-0.015569087,-0.0043477426,0.0012405942,2.100594e-06,0.0011766077,0.99927492,0.0012410501,2.1785049e-06,0.0011700772,1,0,0,-0.0045862469,0.0031692658,1.756562,576.60971,3081.3405,96,0,-1.15325,nan,0.077450378,nan,nan,149893.15,-5266.8531,-328.42726,498.03047,0.011039257,0.51462208,0.30464248,0,0,0,0,0,0
3.615,2490.6106,153.47046,-3078.7135,236.37881,20.457174,525.28127,0.01694046,-1.1510843,0.078456261,-0.013964585,-0.015541643,-0.0043327448,0.0012406872,2.1210222e-06,0.0011748848,0.99928214,0.0012409722,2.1984605e-06,0.0011683265,1,0,0,-0.0045859927,0.0031634954,1.7558062,576.37995,3078.7135,96,0,-1.1533182,nan,0.077404253,nan,nan,149814.28,-5265.036,-327.7473,497.88177,0.011154761,0.51793675,0.30423389,0,0,0,0,0,0
3.62,2491.7922,153.57269,-3076.0875,236.24546,20.429147,525.09036,0.016922086,-1.1511616,0.078399949,-0.013953384,-0.015514031,-0.0043177761,0.0012407349,2.141326e-06,0.0011731543,0.99928929,0.0012408465,2.2182909e-06,0.0011665661,1,0,0,-0.0045855897,0.0031576966,1.7550508,576.15028,3076.0875,96,0,-1.1533862,nan,0.077358321,nan,nan,149735.43,-5263.2185,-327.06464,497.71689,0.011269743,0.5210498,0.30336898,0,0,0,0,0,0
3.625,2492.9732,153.67478,-3073.4624,236.11218,20.401169,524.89952,0.016903603,-1.1512387,0.078343819,-0.013942069,-0.015486258,-0.0043028564,0.0012407366,2.161505e-06,0.0011714153,0.99929637,0.0012406728,2.237995e-06,0.0011647935,1,0,0,-0.0045850383,0.00315187,1.7542957,575.92072,3073.4624,96,0,-1.153454,nan,0.077312584,nan,nan,149656.61,-5261.4006,-326.37935,497.53592,0.011384198,0.52413438,0.30227163,0,0,0,0,0,0
3.63,2494.1534,153.77673,-3070.8383,235.97895,20.373239,524.70875,0.016885011,-1.1513157,0.078287871,-0.013930639,-0.015458321,-0.004287992,0.001240692,2.1815586e-06,0.0011696669,0.99930338,0.0012404516,2.2575709e-06,0.0011630077,1,0,0,-0.0045843393,0.003146016,1.753541,575.69125,3070.8383,96,0,-1.1535217,nan,0.077267039,nan,nan,149577.81,-5259.5823,-325.69149,497.33893,0.011498123,0.52732389,0.30121342,0,0,0,0,0,0
3.635,2495.3331,153.87854,-3068.2151,235.84579,20.345359,524.51806,0.016866313,-1.1513926,0.078232106,-0.013919095,-0.015430215,-0.0042731758,0.0012406008,2.2014859e-06,0.0011679082,0.99931032,0.0012401839,2.2770169e-06,0.001161209,1,0,0,-0.0045834931,0.0031401352,1.7527867,575.46187,3068.2151,96,0,-1.1535891,nan,0.077221688,nan,nan,149499.05,-5257.7636,-325.00116,497.12601,0.011611511,0.53067884,0.30042034,0,0,0,0,0,0
3.64,2496.512,153.98021,-3065.5929,235.71268,20.317528,524.32744,0.016847508,-1.1514693,0.078176521,-0.013907439,-0.01540193,-0.0042583908,0.0012404634,2.2212859e-06,0.0011661389,0.99931719,0.0012398712,2.2963316e-06,0.0011593992,1,0,0,-0.0045825002,0.003134228,1.7520327,575.23259,3065.5929,96,0,-1.1536564,nan,0.07717653,nan,nan,149420.31,-5255.9445,-324.30839,496.89722,0.011724353,0.53418298,0.30000831,0,0,0,0,0,0
3.645,2497.6903,154.08174,-3062.9716,235.57964,20.289746,524.13689,0.016828598,-1.1515459,0.078121119,-0.013895669,-0.01537346,-0.0042436167,0.0012402801,2.2409577e-06,0.001164359,0.99932399,0.0012395146,2.3155149e-06,0.0011575803,1,0,0,-0.0045813612,0.0031282948,1.7512791,575.00341,3062.9716,96,0,-1.1537235,nan,0.077131565,nan,nan,149341.6,-5254.125,-323.61324,496.65263,0.011836644,0.5377643,0.29996325,0,0,0,0,0,0
3.65,2498.868,154.18313,-3060.3513,235.44667,20.262014,523.94641,0.016809583,-1.1516223,0.078065897,-0.013883788,-0.015344802,-0.0042288365,0.0012400516,2.2605006e-06,0.0011625694,0.99933072,0.0012391147,2.3345674e-06,0.0011557543,1,0,0,-0.0045800765,0.0031223358,1.7505259,574.77433,3060.3513,96,0,-1.1537904,nan,0.077086793,nan,nan,149262.91,-5252.3051,-322.91571,496.39227,0.011948378,0.54132898,0.30016497,0,0,0,0,0,0
3.655,2500.0449,154.28439,-3057.732,235.31376,20.234331,523.75601,0.016790463,-1.1516986,0.078010858,-0.013871795,-0.01531596,-0.0042140405,0.0012397782,2.2799144e-06,0.0011607706,0.99933739,0.0012386716,2.3534907e-06,0.0011539224,1,0,0,-0.0045786464,0.0031163512,1.749773,574.54534,3057.732,96,0,-1.1538572,nan,0.077042214,nan,nan,149184.25,-5250.4848,-322.21582,496.11621,0.012059551,0.54479527,0.30044063,0,0,0,0,0,0
3.66,2501.2212,154.38551,-3055.1136,235.18091,20.206699,523.56567,0.01677124,-1.1517748,0.077956,-0.013859691,-0.01528694,-0.0041992285,0.0012394604,2.2991993e-06,0.0011589636,0.99934399,0.001238185,2.3722863e-06,0.0011520848,1,0,0,-0.0045770716,0.0031103411,1.7490205,574.31645,3055.1136,96,0,-1.1539238,nan,0.076997828,nan,nan,149105.62,-5248.6641,-321.51357,495.82451,0.012170164,0.54811669,0.3006264,0,0,0,0,0,0
3.665,2502.3969,154.48648,-3052.4961,235.04813,20.179116,523.37541,0.016751912,-1.1518508,0.077901325,-0.013847477,-0.015257749,-0.0041844078,0.0012390981,2.3183558e-06,0.0011571488,0.99935052,0.0012376544,2.3909561e-06,0.0011502409,1,0,0,-0.0045753523,0.0031043058,1.7482684,574.08765,3052.4961,96,0,-1.1539902,nan,0.076953635,nan,nan,149027.02,-5246.843,-320.80897,495.51722,0.012280216,0.55128949,0.30061683,0,0,0,0,0,0
3.67,2503.5719,154.58732,-3049.8796,234.91541,20.151583,523.18521,0.01673248,-1.1519267,0.077846832,-0.013835153,-0.015228395,-0.0041695895,0.0012386916,2.3373847e-06,0.0011553264,0.99935699,0.0012370792,2.409501e-06,0.0011483895,1,0,0,-0.0045734893,0.0030982453,1.7475166,573.85896,3049.8796,96,0,-1.1540564,nan,0.076909634,nan,nan,148948.44,-5245.0216,-320.10204,495.19442,0.01238971,0.55434523,0.30038829,0,0,0,0,0,0
3.675,2504.7462,154.68803,-3047.2641,234.78276,20.124101,522.99508,0.016712945,-1.1520024,0.077792521,-0.01382272,-0.015198883,-0.0041547843,0.0012382406,2.3562866e-06,0.0011534962,0.9993634,0.0012364594,2.4279218e-06,0.0011465294,1,0,0,-0.004571483,0.0030921601,1.7467652,573.63035,3047.2641,96,0,-1.1541224,nan,0.076865826,nan,nan,148869.89,-5243.1998,-319.39282,494.85618,0.012498648,0.55733392,0.29999316,0,0,0,0,0,0
3.68,2505.9198,154.78859,-3044.6495,234.65018,20.096669,522.80503,0.016693307,-1.152078,0.077738394,-0.013810178,-0.015169216,-0.0041399989,0.0012377452,2.3750623e-06,0.0011516579,0.99936974,0.001235795,2.4462186e-06,0.0011446598,1,0,0,-0.004569334,0.0030860503,1.7460141,573.40185,3044.6495,96,0,-1.1541882,nan,0.076822211,nan,nan,148791.37,-5241.3776,-318.68135,494.50258,0.012607031,0.5603048,0.29953125,0,0,0,0,0,0
3.685,2507.0928,154.88902,-3042.0359,234.51767,20.069288,522.61504,0.016673568,-1.1521534,0.077684448,-0.013797527,-0.015139393,-0.0041252345,0.0012372054,2.3937123e-06,0.0011498111,0.99937601,0.0012350864,2.4643914e-06,0.0011427804,1,0,0,-0.0045670428,0.0030799164,1.7452634,573.17344,3042.0359,96,0,-1.1542539,nan,0.076778787,nan,nan,148712.87,-5239.5551,-317.96766,494.1337,0.012714861,0.5632913,0.29911075,0,0,0,0,0,0
3.69,2508.2651,154.98931,-3039.4232,234.38522,20.041958,522.42513,0.016653727,-1.1522287,0.077630684,-0.013784769,-0.015109414,-0.004110487,0.0012366211,2.4122369e-06,0.0011479557,0.99938223,0.0012343339,2.4824401e-06,0.0011408916,1,0,0,-0.00456461,0.0030737586,1.7445131,572.94513,3039.4232,96,0,-1.1543194,nan,0.076735556,nan,nan,148634.41,-5237.7322,-317.25181,493.7496,0.012822138,0.56630399,0.29881269,0,0,0,0,0,0
3.695,2509.4368,155.08947,-3036.8114,234.25285,20.014678,522.23528,0.016633786,-1.1523038,0.077577103,-0.013771905,-0.015079276,-0.0040957491,0.0012359928,2.4306365e-06,0.0011460914,0.99938838,0.0012335383,2.5003652e-06,0.0011389941,1,0,0,-0.0045620363,0.0030675773,1.7437631,572.71692,3036.8114,96,0,-1.1543847,nan,0.076692517,nan,nan,148555.97,-5235.9089,-316.53382,493.35037,0.01292886,0.56933208,0.29866945,0,0,0,0,0,0
3.7,2510.6078,155.18949,-3034.2006,234.12054,19.98745,522.0455,0.016613744,-1.1523788,0.077523704,-0.013758933,-0.015048981,-0.0040810129,0.0012353206,2.4489114e-06,0.0011442186,0.99939447,0.0012326997,2.5181672e-06,0.001137089,1,0,0,-0.004559322,0.0030613726,1.7430135,572.4888,3034.2006,96,0,-1.1544498,nan,0.07664967,nan,nan,148477.55,-5234.0853,-315.81373,492.93606,0.01303503,0.57235133,0.29866188,0,0,0,0,0,0
3.705,2511.7781,155.28937,-3031.5908,233.98831,19.960272,521.85578,0.016593602,-1.1524536,0.077470487,-0.013745856,-0.015018529,-0.0040662721,0.0012346048,2.4670622e-06,0.0011423375,0.9994005,0.0012318186,2.5358472e-06,0.0011351769,1,0,0,-0.0045564678,0.0030551449,1.7422643,572.26078,3031.5908,96,0,-1.1545148,nan,0.076607015,nan,nan,148399.17,-5232.2613,-315.09155,492.50674,0.013140647,0.57533446,0.29873304,0,0,0,0,0,0
3.71,2512.9478,155.38912,-3028.9819,233.85615,19.933147,521.66614,0.016573361,-1.1525283,0.077417452,-0.013732673,-0.014987922,-0.0040515243,0.0012338456,2.4850896e-06,0.0011404484,0.99940648,0.0012308949,2.5534065e-06,0.0011332583,1,0,0,-0.0045534742,0.0030488942,1.7415154,572.03286,3028.9819,96,0,-1.1545795,nan,0.076564551,nan,nan,148320.81,-5230.4369,-314.36729,492.06249,0.013245714,0.57826046,0.29881163,0,0,0,0,0,0
3.715,2514.1168,155.48873,-3026.3739,233.72406,19.906072,521.47656,0.016553021,-1.1526028,0.0773646,-0.013719386,-0.014957164,-0.0040367703,0.0012330432,2.5029943e-06,0.0011385518,0.99941239,0.0012299287,2.5708465e-06,0.0011313332,1,0,0,-0.0045503417,0.0030426208,1.7407669,571.80503,3026.3739,96,0,-1.1546441,nan,0.076522279,nan,nan,148242.48,-5228.6123,-313.64097,491.60337,0.013350232,0.58111997,0.29883639,0,0,0,0,0,0
3.72,2515.2852,155.58821,-3023.7669,233.59204,19.879049,521.28706,0.016532582,-1.1526772,0.077311931,-0.013705994,-0.014926258,-0.0040220138,0.0012321978,2.5207772e-06,0.0011366477,0.99941824,0.00122892,2.5881683e-06,0.0011294012,1,0,0,-0.0045470709,0.0030363248,1.7400188,571.5773,3023.7669,96,0,-1.1547085,nan,0.076480199,nan,nan,148164.18,-5226.7872,-312.91261,491.12946,0.013454206,0.58391598,0.29877346,0,0,0,0,0,0
3.725,2516.4529,155.68755,-3021.1609,233.4601,19.852078,521.09761,0.016512044,-1.1527515,0.077259445,-0.013692498,-0.014895206,-0.0040072596,0.0012313095,2.5384394e-06,0.0011347364,0.99942403,0.0012278688,2.605373e-06,0.001127462,1,0,0,-0.0045436624,0.0030300064,1.739271,571.34967,3021.1609,96,0,-1.1547727,nan,0.07643831,nan,nan,148085.91,-5224.9618,-312.18224,490.64083,0.013557638,0.58666047,0.29862261,0,0,0,0,0,0
3.73,2517.6199,155.78675,-3018.5557,233.32823,19.825159,520.90824,0.016491409,-1.1528255,0.077207142,-0.013678899,-0.014864013,-0.0039925118,0.0012303784,2.5559817e-06,0.0011328176,0.99942977,0.0012267751,2.6224614e-06,0.0011255151,1,0,0,-0.0045401167,0.0030236659,1.7385236,571.12214,3018.5557,96,0,-1.1548368,nan,0.076396612,nan,nan,148007.66,-5223.1361,-311.44987,490.13755,0.013660532,0.58936897,0.29841184,0,0,0,0,0,0
3.735,2518.7863,155.88583,-3015.9516,233.19644,19.798292,520.71893,0.016470676,-1.1528994,0.077155022,-0.013665198,-0.014832679,-0.0039777727,0.0012294045,2.5734051e-06,0.0011308914,0.99943545,0.0012256392,2.639434e-06,0.0011235602,1,0,0,-0.0045364345,0.0030173036,1.7377765,570.8947,3015.9516,96,0,-1.1549006,nan,0.076355106,nan,nan,147929.44,-5221.3101,-310.71554,489.6197,0.01376289,0.5920551,0.29818412,0,0,0,0,0,0
3.74,2519.952,155.98476,-3013.3484,233.06472,19.771478,520.52969,0.016449846,-1.1529732,0.077103085,-0.013651394,-0.014801205,-0.0039630421,0.0012283881,2.5907104e-06,0.0011289575,0.99944107,0.0012244612,2.6562915e-06,0.0011215974,1,0,0,-0.0045326163,0.0030109196,1.7370299,570.66736,3013.3484,96,0,-1.1549643,nan,0.07631379,nan,nan,147851.25,-5219.4837,-309.97928,489.08736,0.013864716,0.59472683,0.29798139,0,0,0,0,0,0
3.745,2521.1171,156.08357,-3010.7461,232.93308,19.744715,520.34052,0.016428919,-1.1530468,0.07705133,-0.013637489,-0.014769591,-0.0039483182,0.0012273293,2.6078983e-06,0.0011270161,0.99944664,0.0012232415,2.6730344e-06,0.0011196269,1,0,0,-0.0045286628,0.0030045142,1.7362835,570.44011,3010.7461,96,0,-1.1550277,nan,0.076272665,nan,nan,147773.09,-5217.657,-309.24111,488.54061,0.013966012,0.59738524,0.29783147,0,0,0,0,0,0
3.75,2522.2815,156.18224,-3008.1448,232.80151,19.718005,520.15141,0.016407897,-1.1531203,0.076999759,-0.013623482,-0.01473784,-0.0039335979,0.0012262283,2.6249695e-06,0.001125067,0.99945215,0.0012219803,2.6896634e-06,0.0011176491,1,0,0,-0.0045245745,0.0029980876,1.7355376,570.21297,3008.1448,96,0,-1.155091,nan,0.076231731,nan,nan,147694.95,-5215.8299,-308.50107,487.97951,0.01406678,0.60002573,0.29774137,0,0,0,0,0,0
3.755,2523.4452,156.28077,-3005.5444,232.67003,19.691348,519.96236,0.016386779,-1.1531936,0.076948372,-0.013609376,-0.014705951,-0.0039188782,0.0012250852,2.6419248e-06,0.0011231105,0.99945761,0.0012206778,2.7061794e-06,0.0011156644,1,0,0,-0.0045203519,0.0029916401,1.734792,569.98592,3005.5444,96,0,-1.1551541,nan,0.076190987,nan,nan,147616.85,-5214.0025,-307.75917,487.40413,0.014167022,0.6026407,0.29769825,0,0,0,0,0,0
3.76,2524.6083,156.37918,-3002.945,232.53862,19.664743,519.77338,0.016365565,-1.1532667,0.076897167,-0.013595169,-0.014673926,-0.0039041572,0.0012239003,2.6587649e-06,0.0011211466,0.99946301,0.0012193342,2.7225833e-06,0.0011136731,1,0,0,-0.0045159958,0.0029851718,1.7340468,569.75897,3002.945,96,0,-1.1552171,nan,0.076150434,nan,nan,147538.77,-5212.1748,-307.01544,486.81457,0.014266742,0.60522268,0.2976764,0,0,0,0,0,0
3.765,2525.7707,156.47745,-3000.3465,232.40728,19.638191,519.58447,0.016344257,-1.1533397,0.076846146,-0.013580862,-0.014641768,-0.0038894343,0.0012226737,2.6754908e-06,0.0011191757,0.99946836,0.0012179498,2.7388762e-06,0.0011116754,1,0,0,-0.0045115066,0.002978683,1.7333019,569.53211,3000.3465,96,0,-1.1552798,nan,0.076110071,nan,nan,147460.72,-5210.3468,-306.26989,486.21088,0.014365941,0.60776671,0.29764722,0,0,0,0,0,0
3.77,2526.9325,156.57559,-2997.7489,232.27603,19.611692,519.39562,0.016322854,-1.1534125,0.076795308,-0.013566457,-0.014609478,-0.0038747104,0.0012214057,2.6921033e-06,0.0011171978,0.99947365,0.0012165245,2.7550591e-06,0.0011096712,1,0,0,-0.0045068851,0.0029721737,1.7325574,569.30535,2997.7489,96,0,-1.1553424,nan,0.076069898,nan,nan,147382.69,-5208.5185,-305.52254,485.59315,0.014464623,0.61027151,0.29758855,0,0,0,0,0,0
3.775,2528.0936,156.67359,-2995.1523,232.14486,19.585246,519.20684,0.016301357,-1.1534852,0.076744654,-0.013551953,-0.014577057,-0.0038599873,0.0012200964,2.7086033e-06,0.001115213,0.9994789,0.0012150585,2.771133e-06,0.0011076605,1,0,0,-0.0045021317,0.0029656443,1.7318133,569.07869,2995.1523,96,0,-1.1554047,nan,0.076029915,nan,nan,147304.7,-5206.6899,-304.77341,484.96144,0.014562791,0.61273921,0.29749054,0,0,0,0,0,0
3.78,2529.2541,156.77146,-2992.5567,232.01377,19.558853,519.01812,0.016279766,-1.1535576,0.076694184,-0.013537351,-0.014544509,-0.0038452671,0.001218746,2.7249916e-06,0.0011132214,0.99948409,0.0012135519,2.7870987e-06,0.001105643,1,0,0,-0.0044972471,0.0029590948,1.7310695,568.85213,2992.5567,96,0,-1.1554669,nan,0.075990122,nan,nan,147226.73,-5204.8609,-304.02253,484.31585,0.014660449,0.61517408,0.29735677,0,0,0,0,0,0
3.785,2530.4139,156.86921,-2989.962,231.88276,19.532513,518.82946,0.016258082,-1.15363,0.076643897,-0.013522652,-0.014511835,-0.0038305514,0.0012173546,2.7412693e-06,0.001111223,0.99948923,0.001212005,2.802957e-06,0.0011036187,1,0,0,-0.0044922318,0.0029525256,1.7303261,568.62566,2989.962,96,0,-1.1555289,nan,0.075950518,nan,nan,147148.8,-5203.0316,-303.26991,483.65643,0.0147576,0.61758088,0.29720096,0,0,0,0,0,0
3.79,2531.573,156.96682,-2987.3682,231.75183,19.506227,518.64087,0.016236305,-1.1537022,0.076593794,-0.013507855,-0.014479036,-0.003815841,0.0012159223,2.7574371e-06,0.0011092178,0.99949431,0.0012104178,2.8187086e-06,0.0011015876,1,0,0,-0.0044870866,0.0029459367,1.729583,568.3993,2987.3682,96,0,-1.1555907,nan,0.075911104,nan,nan,147070.89,-5201.2021,-302.51558,482.98328,0.014854247,0.61996331,0.29704102,0,0,0,0,0,0
3.795,2532.7315,157.0643,-2984.7754,231.62099,19.479995,518.45234,0.016214436,-1.1537742,0.076543875,-0.013492962,-0.014446112,-0.0038011356,0.0012144494,2.7734959e-06,0.0011072058,0.99949935,0.0012087907,2.8343541e-06,0.0010995497,1,0,0,-0.004481812,0.0029393285,1.7288404,568.17302,2984.7754,96,0,-1.1556523,nan,0.075871879,nan,nan,146993,-5199.3722,-301.75957,482.29647,0.014950392,0.62232322,0.29689276,0,0,0,0,0,0
3.8,2533.8894,157.16164,-2982.1835,231.49023,19.453816,518.26388,0.016192474,-1.153846,0.07649414,-0.013477974,-0.014413067,-0.0037864345,0.001212936,2.7894463e-06,0.0011051869,0.99950434,0.0012071237,2.8498942e-06,0.0010975051,1,0,0,-0.0044764086,0.0029327012,1.728098,567.94685,2982.1835,96,0,-1.1557138,nan,0.075832844,nan,nan,146915.15,-5197.542,-301.0019,481.59607,0.015046039,0.62466047,0.29676515,0,0,0,0,0,0
3.805,2535.0466,157.25886,-2979.5925,231.35955,19.427691,518.07548,0.016170421,-1.1539177,0.076444589,-0.01346289,-0.0143799,-0.0037717365,0.0012113823,2.8052893e-06,0.0011031614,0.99950927,0.0012054172,2.8653296e-06,0.0010954541,1,0,0,-0.0044708771,0.0029260548,1.7273561,567.72077,2979.5925,96,0,-1.155775,nan,0.075793997,nan,nan,146837.33,-5195.7115,-300.24259,480.88216,0.015141189,0.62697345,0.29665858,0,0,0,0,0,0
3.81,2536.2031,157.35595,-2977.0025,231.22896,19.401619,517.88714,0.016148277,-1.1539892,0.076395222,-0.013447711,-0.014346613,-0.0037570407,0.0012097885,2.8210254e-06,0.0011011292,0.99951416,0.0012036712,2.8806611e-06,0.0010933969,1,0,0,-0.0044652181,0.0029193897,1.7266145,567.4948,2977.0025,96,0,-1.1558361,nan,0.075755339,nan,nan,146759.53,-5193.8808,-299.48165,480.15482,0.015235846,0.62926002,0.29656599,0,0,0,0,0,0
3.815,2537.359,157.4529,-2974.4135,231.09845,19.375602,517.69886,0.016126042,-1.1540606,0.076346039,-0.013432437,-0.014313208,-0.0037423464,0.0012081548,2.8366555e-06,0.0010990905,0.999519,0.0012018861,2.8958896e-06,0.0010913335,1,0,0,-0.0044594321,0.002912706,1.7258733,567.26891,2974.4135,96,0,-1.155897,nan,0.07571687,nan,nan,146681.76,-5192.0497,-298.71912,479.41413,0.015330012,0.63151832,0.2964762,0,0,0,0,0,0
3.82,2538.5142,157.54973,-2971.8254,230.96802,19.349639,517.51065,0.016103717,-1.1541318,0.07629704,-0.013417069,-0.014279685,-0.0037276539,0.0012064813,2.8521804e-06,0.0010970453,0.99952379,0.0012000618,2.9110158e-06,0.0010892641,1,0,0,-0.0044535198,0.0029060039,1.7251324,567.04313,2971.8254,96,0,-1.1559577,nan,0.075678589,nan,nan,146604.02,-5190.2184,-297.95501,478.66016,0.01542369,0.63374742,0.29637808,0,0,0,0,0,0
3.825,2539.6688,157.64642,-2969.2382,230.83769,19.32373,517.3225,0.016081301,-1.1542028,0.076248225,-0.013401608,-0.014246047,-0.0037129636,0.0012047683,2.8676009e-06,0.0010949939,0.99952853,0.0011981987,2.9260405e-06,0.0010871887,1,0,0,-0.0044474818,0.0028992836,1.7243919,566.81744,2969.2382,96,0,-1.1560182,nan,0.075640496,nan,nan,146526.31,-5188.3868,-297.18934,477.89299,0.015516883,0.63594748,0.29626394,0,0,0,0,0,0
3.83,2540.8227,157.74299,-2966.6519,230.70743,19.297875,517.13441,0.016058796,-1.1542736,0.076199595,-0.013386054,-0.014212295,-0.0036982766,0.0012030158,2.8829176e-06,0.0010929361,0.99953323,0.0011962969,2.9409645e-06,0.0010851073,1,0,0,-0.0044413188,0.0028925453,1.7236518,566.59185,2966.6519,96,0,-1.1560785,nan,0.075602592,nan,nan,146448.63,-5186.5548,-296.42213,477.1127,0.015609593,0.63811954,0.29613143,0,0,0,0,0,0
3.835,2541.976,157.83943,-2964.0666,230.57727,19.272075,516.94639,0.016036202,-1.1543443,0.076151149,-0.013370408,-0.014178431,-0.0036835937,0.0012012242,2.8981315e-06,0.0010908722,0.99953788,0.0011943565,2.9557884e-06,0.0010830198,1,0,0,-0.0044350313,0.0028857891,1.722912,566.36636,2964.0666,96,0,-1.1561386,nan,0.075564875,nan,nan,146370.98,-5184.7227,-295.6534,476.31936,0.015701824,0.64026513,0.29598342,0,0,0,0,0,0
3.84,2543.1286,157.93574,-2961.4823,230.4472,19.246329,516.75842,0.016013518,-1.1544148,0.076102887,-0.013354669,-0.014144455,-0.0036689156,0.0011993935,2.9132432e-06,0.0010888021,0.99954248,0.0011923778,2.970513e-06,0.0010809263,1,0,0,-0.00442862,0.0028790153,1.7221726,566.14097,2961.4823,96,0,-1.1561985,nan,0.075527346,nan,nan,146293.35,-5182.8902,-294.88318,475.51306,0.015793577,0.64238574,0.29582622,0,0,0,0,0,0
3.845,2544.2806,158.03192,-2958.8989,230.31721,19.220638,516.57052,0.015990747,-1.1544852,0.07605481,-0.013338839,-0.014110369,-0.0036542426,0.001197524,2.9282534e-06,0.0010867258,0.99954704,0.0011903608,2.9851389e-06,0.0010788267,1,0,0,-0.0044220856,0.002872224,1.7214336,565.91567,2958.8989,96,0,-1.1562583,nan,0.075490005,nan,nan,146215.75,-5181.0574,-294.11147,474.69387,0.015884855,0.64448242,0.29566711,0,0,0,0,0,0
3.85,2545.4319,158.12797,-2956.3164,230.18731,19.195001,516.38267,0.015967887,-1.1545554,0.076006917,-0.013322918,-0.014076175,-0.0036395747,0.0011956157,2.943163e-06,0.0010846434,0.99955155,0.0011883059,2.9996666e-06,0.0010767212,1,0,0,-0.0044154285,0.0028654155,1.7206949,565.69047,2956.3164,96,0,-1.1563178,nan,0.075452851,nan,nan,146138.19,-5179.2244,-293.33832,473.86186,0.015975662,0.64655566,0.29551185,0,0,0,0,0,0
3.855,2546.5826,158.22389,-2953.7349,230.0575,19.169419,516.19489,0.01594494,-1.1546254,0.075959209,-0.013306906,-0.014041873,-0.0036249117,0.001193669,2.9579724e-06,0.001082555,0.99955602,0.0011862132,3.0140968e-06,0.0010746098,1,0,0,-0.0044086496,0.00285859,1.7199566,565.46537,2953.7349,96,0,-1.1563772,nan,0.075415884,nan,nan,146060.65,-5177.3912,-292.56373,473.01713,0.016065998,0.64860536,0.29536306,0,0,0,0,0,0
3.86,2547.7326,158.31969,-2951.1543,229.92778,19.143892,516.00717,0.015921905,-1.1546952,0.075911685,-0.013290804,-0.014007465,-0.0036102531,0.001191684,2.9726824e-06,0.0010804606,0.99956044,0.0011840828,3.0284301e-06,0.0010724927,1,0,0,-0.0044017494,0.0028517475,1.7192187,565.24037,2951.1543,96,0,-1.1564364,nan,0.075379105,nan,nan,145983.14,-5175.5576,-291.78772,472.15974,0.016155867,0.65063112,0.29521995,0,0,0,0,0,0
3.865,2548.882,158.41536,-2948.5746,229.79815,19.118421,515.81951,0.015898784,-1.1547649,0.075864346,-0.013274613,-0.013972953,-0.0035955987,0.0011896608,2.9872937e-06,0.0010783602,0.99956482,0.0011819151,3.0426672e-06,0.00107037,1,0,0,-0.0043947284,0.0028448884,1.7184811,565.01546,2948.5746,96,0,-1.1564954,nan,0.075342512,nan,nan,145905.66,-5173.7238,-291.01033,471.28978,0.016245271,0.65263242,0.29507901,0,0,0,0,0,0
3.87,2550.0307,158.5109,-2945.9959,229.66862,19.093004,515.63191,0.015875577,-1.1548344,0.075817192,-0.013258332,-0.013938336,-0.0035809485,0.0011875997,3.001807e-06,0.001076254,0.99956915,0.0011797101,3.0568086e-06,0.0010682417,1,0,0,-0.0043875875,0.0028380128,1.7177439,564.79065,2945.9959,96,0,-1.1565542,nan,0.075306105,nan,nan,145828.21,-5171.8897,-290.23156,470.40732,0.016334211,0.65460895,0.29493555,0,0,0,0,0,0
3.875,2551.1788,158.60631,-2943.4181,229.53917,19.067642,515.44437,0.015852283,-1.1549037,0.075770222,-0.013241962,-0.013903617,-0.0035663028,0.0011855009,3.0162227e-06,0.0010741421,0.99957344,0.001177468,3.0708551e-06,0.0010661079,1,0,0,-0.0043803271,0.0028311208,1.717007,564.56594,2943.4181,96,0,-1.1566128,nan,0.075269885,nan,nan,145750.78,-5170.0554,-289.45143,469.51244,0.01642269,0.65656067,0.29478538,0,0,0,0,0,0
3.88,2552.3263,158.7016,-2940.8412,229.40982,19.042336,515.25689,0.015828904,-1.1549729,0.075723436,-0.013225504,-0.013868798,-0.0035516619,0.0011833645,3.0305417e-06,0.0010720244,0.99957769,0.0011751891,3.0848072e-06,0.0010639687,1,0,0,-0.004372948,0.0028242127,1.7162705,564.34133,2940.8412,96,0,-1.1566712,nan,0.075233851,nan,nan,145673.39,-5168.2208,-288.66997,468.60521,0.016510711,0.65848786,0.29462598,0,0,0,0,0,0
3.885,2553.4731,158.79676,-2938.2653,229.28056,19.017085,515.06946,0.015805439,-1.1550419,0.075676836,-0.013208958,-0.013833878,-0.0035370263,0.0011811906,3.0447645e-06,0.0010699011,0.9995819,0.0011728735,3.0986656e-06,0.001061824,1,0,0,-0.0043654507,0.0028172887,1.7155344,564.11681,2938.2653,96,0,-1.1567295,nan,0.075198003,nan,nan,145596.02,-5166.3859,-287.8872,467.68573,0.016598275,0.66039103,0.29445707,0,0,0,0,0,0
3.89,2554.6192,158.8918,-2935.6904,229.15139,18.991889,514.8821,0.01578189,-1.1551107,0.07563042,-0.013192325,-0.01379886,-0.0035223965,0.0011789796,3.0588918e-06,0.0010677722,0.99958606,0.0011705213,3.1124307e-06,0.001059674,1,0,0,-0.004357836,0.0028103488,1.7147986,563.89239,2935.6904,96,0,-1.1567875,nan,0.075162341,nan,nan,145518.69,-5164.5509,-287.10313,466.75405,0.016685385,0.66227075,0.29428035,0,0,0,0,0,0
3.895,2555.7647,158.98671,-2933.1163,229.02232,18.966749,514.6948,0.015758257,-1.1551793,0.075584189,-0.013175605,-0.013763745,-0.0035077729,0.0011767316,3.0729241e-06,0.0010656378,0.99959018,0.0011681329,3.1261032e-06,0.0010575186,1,0,0,-0.0043501043,0.0028033934,1.7140632,563.66807,2933.1163,96,0,-1.1568454,nan,0.075126865,nan,nan,145441.38,-5162.7155,-286.31778,465.81027,0.016772043,0.66412756,0.29409861,0,0,0,0,0,0
3.9,2556.9096,159.08149,-2930.5432,228.89334,18.941664,514.50756,0.015734539,-1.1552478,0.075538143,-0.013158799,-0.013728534,-0.0034931556,0.0011744467,3.0868621e-06,0.0010634979,0.99959427,0.0011657083,3.1396835e-06,0.0010553579,1,0,0,-0.0043422565,0.0027964226,1.7133282,563.44385,2930.5432,96,0,-1.156903,nan,0.075091573,nan,nan,145364.1,-5160.8799,-285.53118,464.85446,0.01685825,0.66596181,0.29391472,0,0,0,0,0,0
3.905,2558.0538,159.17615,-2927.9711,228.76445,18.916635,514.32037,0.015710738,-1.1553161,0.075492281,-0.013141906,-0.013693228,-0.0034785446,0.0011721251,3.1007063e-06,0.0010613525,0.99959831,0.0011632477,3.1531722e-06,0.0010531919,1,0,0,-0.004334293,0.0027894366,1.7125935,563.21973,2927.9711,96,0,-1.1569605,nan,0.075056467,nan,nan,145286.85,-5159.0441,-284.74335,463.8867,0.016944008,0.66777371,0.29373068,0,0,0,0,0,0
3.91,2559.1973,159.27068,-2925.3998,228.63567,18.891662,514.13324,0.015686854,-1.1553842,0.075446605,-0.013124928,-0.013657828,-0.0034639401,0.0011697671,3.1144573e-06,0.0010592018,0.99960231,0.0011607514,3.1665698e-06,0.0010510208,1,0,0,-0.0043262145,0.0027824355,1.7118592,562.9957,2925.3998,96,0,-1.1570178,nan,0.075021546,nan,nan,145209.63,-5157.208,-283.9543,462.90707,0.01702932,0.66956329,0.29354717,0,0,0,0,0,0
3.915,2560.3403,159.36509,-2922.8295,228.50697,18.866745,513.94618,0.015662887,-1.1554521,0.075401113,-0.013107864,-0.013622336,-0.0034493419,0.0011673728,3.1281156e-06,0.0010570457,0.99960627,0.0011582196,3.1798768e-06,0.0010488445,1,0,0,-0.0043180218,0.0027754196,1.7111253,562.77177,2922.8295,96,0,-1.1570749,nan,0.07498681,nan,nan,145132.44,-5155.3717,-283.16405,461.91564,0.017114187,0.67133052,0.29336347,0,0,0,0,0,0
3.92,2561.4825,159.45937,-2920.2602,228.37838,18.841883,513.75917,0.015638837,-1.1555199,0.075355805,-0.013090716,-0.013586752,-0.0034347501,0.0011649425,3.1416817e-06,0.0010548843,0.99961019,0.0011556523,3.1930937e-06,0.0010466633,1,0,0,-0.0043097153,0.002768389,1.7103917,562.54794,2920.2602,96,0,-1.1571318,nan,0.074952258,nan,nan,145055.28,-5153.5352,-282.37263,460.9125,0.01719861,0.67307538,0.29317799,0,0,0,0,0,0
3.925,2562.6242,159.55353,-2917.6918,228.24988,18.817078,513.57221,0.015614706,-1.1555875,0.075310683,-0.013073484,-0.013551078,-0.0034201648,0.0011624762,3.1551563e-06,0.0010527178,0.99961407,0.0011530499,3.206221e-06,0.0010444771,1,0,0,-0.0043012958,0.0027613439,1.7096585,562.3242,2917.6918,96,0,-1.1571885,nan,0.07491789,nan,nan,144978.15,-5151.6984,-281.58005,459.89771,0.017282592,0.67479792,0.29298881,0,0,0,0,0,0
3.93,2563.7652,159.64757,-2915.1243,228.12148,18.792328,513.38532,0.015590493,-1.1556549,0.075265745,-0.013056168,-0.013515315,-0.0034055863,0.0011599742,3.1685398e-06,0.0010505461,0.99961792,0.0011504124,3.2192591e-06,0.001042286,1,0,0,-0.0042927638,0.0027542844,1.7089256,562.10057,2915.1243,96,0,-1.157245,nan,0.074883706,nan,nan,144901.05,-5149.8614,-280.78633,458.87137,0.017366134,0.67649825,0.29279441,0,0,0,0,0,0
3.935,2564.9055,159.74148,-2912.5577,227.99318,18.767635,513.19848,0.015566199,-1.1557221,0.075220993,-0.013038769,-0.013479464,-0.0033910147,0.0011574366,3.1818328e-06,0.0010483694,0.99962172,0.0011477401,3.2322087e-06,0.0010400901,1,0,0,-0.0042841201,0.0027472108,1.7081931,561.87703,2912.5577,96,0,-1.1573014,nan,0.074849707,nan,nan,144823.97,-5148.0241,-279.99149,457.83354,0.017449238,0.67817661,0.29259405,0,0,0,0,0,0
3.94,2566.0452,159.83527,-2909.9921,227.86497,18.742998,513.0117,0.015541824,-1.1557892,0.075176425,-0.013021286,-0.013443527,-0.0033764506,0.0011548637,3.1950356e-06,0.0010461876,0.99962549,0.0011450332,3.2450701e-06,0.0010378893,1,0,0,-0.0042753652,0.0027401233,1.707461,561.65359,2909.9921,96,0,-1.1573575,nan,0.074815891,nan,nan,144746.93,-5146.1867,-279.19555,456.78431,0.017531906,0.67983325,0.29238789,0,0,0,0,0,0
3.945,2567.1843,159.92894,-2907.4274,227.73687,18.718417,512.82498,0.015517369,-1.1558561,0.075132041,-0.013003722,-0.013407504,-0.003361894,0.0011522557,3.2081489e-06,0.0010440009,0.99962922,0.0011422918,3.2578438e-06,0.0010356838,1,0,0,-0.0042664999,0.002733022,1.7067292,561.43025,2907.4274,96,0,-1.1574134,nan,0.074782258,nan,nan,144669.91,-5144.349,-278.39852,455.72375,0.017614138,0.68146844,0.29217681,0,0,0,0,0,0
3.95,2568.3227,160.02248,-2904.8637,227.60886,18.693893,512.63832,0.015492834,-1.1559228,0.075087843,-0.012986075,-0.013371396,-0.0033473453,0.0011496127,3.2211732e-06,0.0010418092,0.99963291,0.0011395162,3.2705303e-06,0.0010334736,1,0,0,-0.0042575246,0.002725907,1.7059978,561.207,2904.8637,96,0,-1.1574692,nan,0.074748808,nan,nan,144592.93,-5142.5111,-277.60044,454.65194,0.017695937,0.68308241,0.291962,0,0,0,0,0,0
3.955,2569.4605,160.1159,-2902.3009,227.48096,18.669425,512.45171,0.01546822,-1.1559893,0.075043829,-0.012968346,-0.013335206,-0.0033328046,0.0011469348,3.2341088e-06,0.0010396127,0.99963657,0.0011367065,3.2831299e-06,0.0010312587,1,0,0,-0.0042484401,0.0027187786,1.7052668,560.98386,2902.3009,96,0,-1.1575248,nan,0.074715541,nan,nan,144515.97,-5140.673,-276.80131,453.56895,0.017777304,0.68467537,0.29174458,0,0,0,0,0,0
3.96,2570.5977,160.2092,-2899.739,227.35315,18.645013,512.26516,0.015443526,-1.1560556,0.075,-0.012950536,-0.013298933,-0.0033182721,0.0011442224,3.2469562e-06,0.0010374114,0.99964019,0.0011338629,3.295643e-06,0.0010290392,1,0,0,-0.004239247,0.002711637,1.7045361,560.76081,2899.739,96,0,-1.1575801,nan,0.074682457,nan,nan,144439.05,-5138.8346,-276.00116,452.47488,0.01785824,0.68624743,0.2915252,0,0,0,0,0,0
3.965,2571.7342,160.30237,-2897.178,227.22545,18.620658,512.07866,0.015418754,-1.1561218,0.074956356,-0.012932646,-0.013262579,-0.0033037478,0.0011414756,3.259716e-06,0.0010352054,0.99964377,0.0011309856,3.3080702e-06,0.0010268152,1,0,0,-0.0042299459,0.0027044823,1.7038058,560.53786,2897.178,96,0,-1.1576353,nan,0.074649556,nan,nan,144362.15,-5136.9961,-275.2,451.36978,0.017938747,0.68779869,0.29130398,0,0,0,0,0,0
3.97,2572.87,160.39543,-2894.618,227.09784,18.59636,511.89222,0.015393904,-1.1561878,0.074912896,-0.012914675,-0.013226144,-0.0032892318,0.0011386946,3.2723885e-06,0.0010329946,0.99964732,0.0011280747,3.3204117e-06,0.0010245867,1,0,0,-0.0042205375,0.0026973147,1.7030759,560.315,2894.618,96,0,-1.1576903,nan,0.074616836,nan,nan,144285.29,-5135.1573,-274.39786,450.25375,0.018018826,0.68932924,0.2910805,0,0,0,0,0,0
3.975,2574.0053,160.48836,-2892.0589,226.97034,18.572118,511.70584,0.015368975,-1.1562536,0.074869621,-0.012896624,-0.013189631,-0.0032747243,0.0011358795,3.2849741e-06,0.0010307792,0.99965083,0.0011251306,3.332668e-06,0.0010223538,1,0,0,-0.0042110224,0.0026901343,1.7023463,560.09225,2892.0589,96,0,-1.1577451,nan,0.074584299,nan,nan,144208.45,-5133.3183,-273.59474,449.12686,0.018098478,0.69083916,0.29085406,0,0,0,0,0,0
3.98,2575.1399,160.58117,-2889.5008,226.84295,18.547933,511.51951,0.01534397,-1.1563192,0.074826531,-0.012878494,-0.01315304,-0.0032602254,0.0011330306,3.2974734e-06,0.0010285593,0.99965431,0.0011221533,3.3448395e-06,0.0010201165,1,0,0,-0.0042014012,0.0026829414,1.7016171,559.86959,2889.5008,96,0,-1.1577997,nan,0.074551943,nan,nan,144131.64,-5131.4791,-272.79068,447.98918,0.018177704,0.69232857,0.29062392,0,0,0,0,0,0
3.985,2576.2738,160.67387,-2886.9435,226.71565,18.523805,511.33324,0.015318887,-1.1563846,0.074783625,-0.012860285,-0.013116373,-0.0032457354,0.001130148,3.3098866e-06,0.0010263348,0.99965775,0.0011191431,3.3569266e-06,0.001017875,1,0,0,-0.0041916747,0.002675736,1.7008882,559.64703,2886.9435,96,0,-1.1578541,nan,0.074519769,nan,nan,144054.86,-5129.6397,-271.98568,446.84079,0.018256507,0.6937976,0.29038955,0,0,0,0,0,0
3.99,2577.4071,160.76644,-2884.3872,226.58846,18.499733,511.14702,0.015293728,-1.1564499,0.074740904,-0.012841997,-0.013079629,-0.0032312544,0.0011272319,3.3222143e-06,0.0010241059,0.99966116,0.0011161001,3.3689296e-06,0.0010156292,1,0,0,-0.0041818433,0.0026685185,1.7001597,559.42457,2884.3872,96,0,-1.1579083,nan,0.074487776,nan,nan,143978.12,-5127.8002,-271.17977,445.68177,0.018334886,0.69524642,0.29015079,0,0,0,0,0,0
3.995,2578.5398,160.85889,-2881.8319,226.46137,18.475719,510.96086,0.015268492,-1.1565149,0.074698367,-0.012823631,-0.013042811,-0.0032167827,0.0011242825,3.3344567e-06,0.0010218725,0.99966454,0.0011130246,3.380849e-06,0.0010133792,1,0,0,-0.0041719077,0.0026612889,1.6994316,559.20221,2881.8319,96,0,-1.1579624,nan,0.074455964,nan,nan,143901.4,-5125.9604,-270.37296,444.51219,0.018412842,0.69667517,0.2899078,0,0,0,0,0,0
4,2579.6719,160.95122,-2879.2774,226.33439,18.451761,510.77476,0.015243181,-1.1565798,0.074656015,-0.012805187,-0.013005919,-0.0032023205,0.0011213001,3.3466144e-06,0.0010196348,0.99966788,0.0011099166,3.392685e-06,0.001011125,1,0,0,-0.0041618686,0.0026540475,1.6987038,558.97994,2879.2774,96,0,-1.1580162,nan,0.074424333,nan,nan,143824.71,-5124.1204,-269.56528,443.33214,0.018490379,0.69808403,0.28966101,0,0,0,0,0,0
4.005,2580.8033,161.04343,-2876.7239,226.20751,18.42786,510.58871,0.015217794,-1.1566445,0.074613848,-0.012786666,-0.012968955,-0.003187868,0.0011182847,3.3586877e-06,0.0010173928,0.99967119,0.0011067765,3.404438e-06,0.0010088668,1,0,0,-0.0041517267,0.0026467943,1.6979764,558.75778,2876.7239,96,0,-1.1580699,nan,0.074392882,nan,nan,143748.05,-5122.2802,-268.75674,442.14169,0.018567495,0.69947315,0.28941093,0,0,0,0,0,0
4.01,2581.9341,161.13552,-2874.1714,226.08073,18.404017,510.40271,0.015192332,-1.156709,0.074571864,-0.012768068,-0.012931919,-0.0031734253,0.0011152366,3.3706769e-06,0.0010151466,0.99967446,0.0011036043,3.4161084e-06,0.0010066045,1,0,0,-0.0041414824,0.0026395296,1.6972494,558.53571,2874.1714,96,0,-1.1581233,nan,0.074361611,nan,nan,143671.42,-5120.4398,-267.94736,440.94092,0.018644192,0.70084264,0.28915797,0,0,0,0,0,0
4.015,2583.0642,161.22749,-2871.6197,225.95407,18.38023,510.21677,0.015166796,-1.1567734,0.074530065,-0.012749393,-0.012894812,-0.0031589926,0.001112156,3.3825824e-06,0.0010128962,0.9996777,0.0011004004,3.4276965e-06,0.0010043382,1,0,0,-0.0041311366,0.0026322536,1.6965227,558.31374,2871.6197,96,0,-1.1581766,nan,0.074330521,nan,nan,143594.82,-5118.5993,-267.13715,439.72989,0.018720472,0.70219263,0.28890234,0,0,0,0,0,0
4.02,2584.1938,161.31935,-2869.069,225.82751,18.356501,510.03088,0.015141186,-1.1568375,0.074488451,-0.012730642,-0.012857636,-0.00314457,0.0011090431,3.3944046e-06,0.0010106416,0.99968091,0.0010971648,3.4392027e-06,0.001002068,1,0,0,-0.0041206897,0.0026249663,1.6957964,558.09186,2869.069,96,0,-1.1582296,nan,0.07429961,nan,nan,143518.25,-5116.7585,-266.32614,438.5087,0.018796334,0.70352322,0.28864404,0,0,0,0,0,0
4.025,2585.3226,161.41108,-2866.5192,225.70105,18.332829,509.84505,0.015115502,-1.1569015,0.07444702,-0.012711816,-0.012820392,-0.0031301577,0.0011058979,3.4061438e-06,0.0010083829,0.99968409,0.0010938977,3.4506271e-06,0.00099979387,1,0,0,-0.0041101425,0.002617668,1.6950705,557.87009,2866.5192,96,0,-1.1582825,nan,0.074268878,nan,nan,143441.71,-5114.9176,-265.51435,437.27741,0.018871781,0.70483451,0.28838285,0,0,0,0,0,0
4.03,2586.4509,161.5027,-2863.9704,225.5747,18.309214,509.65927,0.015089745,-1.1569653,0.074405774,-0.012692914,-0.01278308,-0.0031157558,0.0011027208,3.4178004e-06,0.0010061202,0.99968724,0.0010905994,3.4619703e-06,0.00099751597,1,0,0,-0.0040994955,0.0026103589,1.6943449,557.64841,2863.9704,96,0,-1.1583352,nan,0.074238326,nan,nan,143365.21,-5113.0765,-264.70178,436.0361,0.018946812,0.7061266,0.28811848,0,0,0,0,0,0
4.035,2587.5785,161.5942,-2861.4224,225.44846,18.285656,509.47355,0.015063914,-1.1570289,0.074364712,-0.012673937,-0.012745702,-0.0031013645,0.0010995119,3.4293748e-06,0.0010038536,0.99969035,0.00108727,3.4732324e-06,0.00099523431,1,0,0,-0.0040887494,0.0026030391,1.6936197,557.42683,2861.4224,96,0,-1.1583877,nan,0.074207953,nan,nan,143288.73,-5111.2352,-263.88847,434.78485,0.01902143,0.70739962,0.28785067,0,0,0,0,0,0
4.04,2588.7055,161.68558,-2858.8755,225.32233,18.262156,509.28788,0.015038012,-1.1570923,0.074323834,-0.012654886,-0.012708258,-0.003086984,0.0010962714,3.4408671e-06,0.001001583,0.99969344,0.0010839097,3.4844139e-06,0.00099294893,1,0,0,-0.0040779049,0.0025957088,1.6928948,557.20535,2858.8755,96,0,-1.15844,nan,0.074177758,nan,nan,143212.28,-5109.3937,-263.07442,433.52373,0.019095634,0.70865367,0.28757925,0,0,0,0,0,0
4.045,2589.8319,161.77684,-2856.3294,225.1963,18.238713,509.10226,0.015012037,-1.1571555,0.07428314,-0.012635761,-0.01267075,-0.0030726145,0.0010929995,3.4522779e-06,0.00099930858,0.99969649,0.0010805187,3.4955149e-06,0.0009906599,1,0,0,-0.0040669624,0.0025883681,1.6921703,556.98397,2856.3294,96,0,-1.1584921,nan,0.074147742,nan,nan,143135.86,-5107.552,-262.25965,432.25282,0.019169425,0.70988888,0.28730421,0,0,0,0,0,0
4.05,2590.9576,161.86799,-2853.7842,225.07039,18.215328,508.9167,0.014985991,-1.1572186,0.074242629,-0.012616562,-0.012633178,-0.0030582561,0.0010896964,3.4636073e-06,0.00099703033,0.99969952,0.0010770971,3.5065358e-06,0.00098836726,1,0,0,-0.0040559228,0.0025810172,1.6914462,556.76268,2853.7842,96,0,-1.158544,nan,0.074117904,nan,nan,143059.47,-5105.7102,-261.44419,430.97219,0.019242805,0.71110537,0.28702567,0,0,0,0,0,0
4.055,2592.0827,161.95902,-2851.24,224.94458,18.192,508.73119,0.014959873,-1.1572814,0.074202303,-0.01259729,-0.012595544,-0.003043909,0.0010863622,3.4748557e-06,0.00099474833,0.99970251,0.0010736453,3.5174768e-06,0.00098607106,1,0,0,-0.0040447865,0.0025736563,1.6907224,556.5415,2851.24,96,0,-1.1585957,nan,0.074088244,nan,nan,142983.11,-5103.8682,-260.62804,429.68192,0.019315773,0.71230325,0.28674383,0,0,0,0,0,0
4.06,2593.2072,162.04993,-2848.6967,224.81888,18.16873,508.54573,0.014933685,-1.1573441,0.074162161,-0.012577945,-0.012557848,-0.0030295734,0.0010829971,3.4860234e-06,0.00099246262,0.99970547,0.0010701633,3.5283383e-06,0.00098377135,1,0,0,-0.0040335543,0.0025662855,1.689999,556.32041,2848.6967,96,0,-1.1586472,nan,0.074058761,nan,nan,142906.78,-5102.026,-259.81124,428.38208,0.019388331,0.71348264,0.28645889,0,0,0,0,0,0
4.065,2594.331,162.14073,-2846.1544,224.6933,18.145517,508.36033,0.014907427,-1.1574066,0.074122202,-0.012558528,-0.012520092,-0.0030152495,0.0010796014,3.4971107e-06,0.00099017326,0.9997084,0.0010666513,3.5391206e-06,0.0009814682,1,0,0,-0.0040222267,0.0025589051,1.689276,556.09942,2846.1544,96,0,-1.1586986,nan,0.074029456,nan,nan,142830.49,-5100.1837,-258.99378,427.07276,0.01946048,0.71464365,0.28617102,0,0,0,0,0,0
4.07,2595.4542,162.23141,-2843.613,224.56782,18.122361,508.17498,0.014881098,-1.1574689,0.074082427,-0.012539039,-0.012482276,-0.0030009375,0.0010761753,3.5081179e-06,0.00098788031,0.99971131,0.0010631096,3.5498238e-06,0.00097916164,1,0,0,-0.0040108044,0.0025515151,1.6885533,555.87853,2843.613,96,0,-1.1587497,nan,0.074000327,nan,nan,142754.22,-5098.3412,-258.1757,425.75402,0.01953222,0.71578636,0.28588029,0,0,0,0,0,0
4.075,2596.5768,162.32198,-2841.0725,224.44245,18.099264,507.98968,0.0148547,-1.157531,0.074042835,-0.012519478,-0.012444402,-0.0029866373,0.0010727188,3.5190453e-06,0.0009855838,0.99971418,0.0010595383,3.5604483e-06,0.00097685175,1,0,0,-0.003999288,0.0025441158,1.687831,555.65773,2841.0725,96,0,-1.1588006,nan,0.073971376,nan,nan,142677.98,-5096.4985,-257.35701,424.42593,0.019603551,0.71691089,0.28558668,0,0,0,0,0,0
4.08,2597.6988,162.41243,-2838.5329,224.3172,18.076224,507.80444,0.014828233,-1.1575929,0.074003427,-0.012499846,-0.012406469,-0.0029723493,0.0010692322,3.5298932e-06,0.00098328381,0.99971703,0.0010559376,3.5709943e-06,0.00097453856,1,0,0,-0.0039876781,0.0025367072,1.687109,555.43704,2838.5329,96,0,-1.1588514,nan,0.073942601,nan,nan,142601.77,-5094.6557,-256.53772,423.08858,0.019674475,0.71801732,0.28529009,0,0,0,0,0,0
4.085,2598.8201,162.50276,-2835.9942,224.19205,18.053241,507.61924,0.014801697,-1.1576546,0.073964202,-0.012480143,-0.01236848,-0.0029580736,0.0010657157,3.5406617e-06,0.00098098037,0.99971985,0.0010523076,3.5814621e-06,0.00097222214,1,0,0,-0.0039759753,0.0025292896,1.6863874,555.21644,2835.9942,96,0,-1.1589019,nan,0.073914002,nan,nan,142525.6,-5092.8127,-255.71786,421.74204,0.019744991,0.71910577,0.28499041,0,0,0,0,0,0
4.09,2599.9408,162.59298,-2833.4565,224.06702,18.030317,507.4341,0.014775093,-1.1577162,0.073925161,-0.01246037,-0.012330436,-0.0029438102,0.0010621694,3.5513513e-06,0.00097867355,0.99972264,0.0010486487,3.5918519e-06,0.00096990252,1,0,0,-0.0039641803,0.0025218631,1.6856662,554.99594,2833.4565,96,0,-1.1589523,nan,0.073885579,nan,nan,142449.45,-5090.9696,-254.89744,420.38638,0.019815102,0.72017631,0.28468756,0,0,0,0,0,0
4.095,2601.0609,162.68309,-2830.9197,223.9421,18.00745,507.24902,0.014748421,-1.1577775,0.073886302,-0.012440527,-0.012292336,-0.0029295595,0.0010585936,3.5619622e-06,0.00097636339,0.9997254,0.0010449609,3.6021641e-06,0.00096757978,1,0,0,-0.0039522936,0.002514428,1.6849453,554.77554,2830.9197,96,0,-1.1590025,nan,0.073857332,nan,nan,142373.33,-5089.1263,-254.07647,419.02167,0.019884806,0.72122907,0.28438151,0,0,0,0,0,0
4.1,2602.1804,162.77308,-2828.3838,223.8173,17.98464,507.06398,0.014721682,-1.1578387,0.073847627,-0.012420614,-0.012254183,-0.0029153216,0.0010549885,3.5724946e-06,0.00097404995,0.99972814,0.0010412444,3.6123987e-06,0.00096525395,1,0,0,-0.003940316,0.0025069842,1.6842248,554.55524,2828.3838,96,0,-1.1590525,nan,0.07382926,nan,nan,142297.25,-5087.2828,-253.25498,417.648,0.019954105,0.72226412,0.28407226,0,0,0,0,0,0
4.105,2603.2992,162.86296,-2825.8489,223.69261,17.961889,506.879,0.014694876,-1.1578996,0.073809135,-0.012400633,-0.012215976,-0.0029010966,0.0010513541,3.5829488e-06,0.00097173329,0.99973084,0.0010374994,3.6225561e-06,0.00096292508,1,0,0,-0.0039282479,0.0024995321,1.6835046,554.33503,2825.8489,96,0,-1.1591022,nan,0.073801363,nan,nan,142221.19,-5085.4392,-252.43298,416.26543,0.020022999,0.72328159,0.28375991,0,0,0,0,0,0
4.11,2604.4174,162.95272,-2823.3148,223.56803,17.939196,506.69406,0.014668003,-1.1579604,0.073770826,-0.012380582,-0.012177718,-0.0028868847,0.0010476908,3.593325e-06,0.00096941344,0.99973353,0.0010337261,3.6326365e-06,0.00096059323,1,0,0,-0.0039160901,0.0024920717,1.6827849,554.11492,2823.3148,96,0,-1.1591518,nan,0.073773641,nan,nan,142145.17,-5083.5955,-251.61048,414.87403,0.020091489,0.72428155,0.28344453,0,0,0,0,0,0
4.115,2605.535,163.04237,-2820.7817,223.44356,17.91656,506.50918,0.014641064,-1.158021,0.073732699,-0.012360464,-0.012139408,-0.002872686,0.0010439986,3.6036236e-06,0.00096709046,0.99973618,0.0010299248,3.6426401e-06,0.00095825845,1,0,0,-0.0039038431,0.0024846033,1.6820654,553.89492,2820.7817,96,0,-1.1592012,nan,0.073746094,nan,nan,142069.17,-5081.7516,-250.78751,413.47389,0.020159575,0.7252641,0.28312623,0,0,0,0,0,0
4.12,2606.652,163.13191,-2818.2496,223.31921,17.893982,506.32435,0.01461406,-1.1580814,0.073694756,-0.012340277,-0.012101048,-0.0028585008,0.0010402778,3.6138446e-06,0.00096476441,0.99973881,0.0010260955,3.6525671e-06,0.00095592079,1,0,0,-0.0038915075,0.0024771269,1.6813464,553.67501,2818.2496,96,0,-1.1592504,nan,0.07371872,nan,nan,141993.21,-5079.9075,-249.96409,412.06507,0.020227258,0.72622933,0.28280507,0,0,0,0,0,0
4.125,2607.7683,163.22134,-2815.7183,223.19497,17.871462,506.13957,0.01458699,-1.1581416,0.073656994,-0.012320023,-0.012062639,-0.0028443291,0.0010365286,3.6239884e-06,0.00096243534,0.99974141,0.0010222384,3.6624178e-06,0.0009535803,1,0,0,-0.003879084,0.0024696428,1.6806277,553.45519,2815.7183,96,0,-1.1592995,nan,0.073691521,nan,nan,141917.28,-5078.0634,-249.14022,410.64764,0.020294538,0.72717735,0.28248108,0,0,0,0,0,0
4.13,2608.8841,163.31065,-2813.188,223.07085,17.849,505.95485,0.014559855,-1.1582017,0.073619416,-0.012299701,-0.012024181,-0.0028301712,0.0010327511,3.6340553e-06,0.00096010329,0.99974398,0.0010183538,3.6721925e-06,0.00095123703,1,0,0,-0.0038665732,0.002462151,1.6799094,553.23548,2813.188,96,0,-1.1593483,nan,0.073664495,nan,nan,141841.37,-5076.219,-248.31592,409.22169,0.020361415,0.72810822,0.28215424,0,0,0,0,0,0
4.135,2609.9992,163.39985,-2810.6586,222.94684,17.826596,505.77017,0.014532656,-1.1582615,0.073582019,-0.012279313,-0.011985676,-0.0028160271,0.0010289455,3.6440454e-06,0.00095776832,0.99974653,0.0010144418,3.6818912e-06,0.00094889104,1,0,0,-0.0038539757,0.0024546519,1.6791914,553.01586,2810.6586,96,0,-1.1593969,nan,0.073637643,nan,nan,141765.5,-5074.3746,-247.49121,407.78728,0.02042789,0.72902204,0.28182452,0,0,0,0,0,0
4.14,2611.1136,163.48894,-2808.1301,222.82295,17.80425,505.58554,0.014505393,-1.1583211,0.073544805,-0.012258859,-0.011947124,-0.002801897,0.001025112,3.6539589e-06,0.00095543048,0.99974906,0.0010105026,3.6915142e-06,0.00094654237,1,0,0,-0.0038412921,0.0024471454,1.6784738,552.79635,2808.1301,96,0,-1.1594453,nan,0.073610963,nan,nan,141689.66,-5072.53,-246.66611,406.34448,0.020493964,0.7299189,0.2814919,0,0,0,0,0,0
4.145,2612.2275,163.57791,-2805.6025,222.69918,17.781962,505.40097,0.014478066,-1.1583806,0.073507773,-0.012238339,-0.011908526,-0.002787781,0.0010212509,3.6637961e-06,0.00095308982,0.99975156,0.0010065364,3.7010618e-06,0.00094419107,1,0,0,-0.0038285229,0.0024396318,1.6777565,552.57693,2805.6025,96,0,-1.1594936,nan,0.073584456,nan,nan,141613.85,-5070.6852,-245.84064,404.89337,0.020559636,0.73079888,0.28115636,0,0,0,0,0,0
4.15,2613.3408,163.66678,-2803.0759,222.57552,17.759732,505.21645,0.014450676,-1.1584398,0.073470923,-0.012217753,-0.011869884,-0.0027736794,0.0010173622,3.6735572e-06,0.00095074639,0.99975403,0.0010025434,3.7105341e-06,0.00094183719,1,0,0,-0.0038156689,0.0024321112,1.6770397,552.35761,2803.0759,96,0,-1.1595416,nan,0.073558122,nan,nan,141538.07,-5068.8404,-245.0148,403.43401,0.020624908,0.73166207,0.28081789,0,0,0,0,0,0
4.155,2614.4534,163.75553,-2800.5502,222.45198,17.73756,505.03197,0.014423224,-1.1584989,0.073434255,-0.012197102,-0.011831197,-0.0027595923,0.0010134461,3.6832425e-06,0.00094840024,0.99975648,0.00099852369,3.7199313e-06,0.00093948078,1,0,0,-0.0038027306,0.0024245839,1.6763231,552.13839,2800.5502,96,0,-1.1595895,nan,0.07353196,nan,nan,141462.32,-5066.9954,-244.18862,401.96649,0.020689779,0.73250856,0.28047652,0,0,0,0,0,0
4.16,2615.5654,163.84418,-2798.0254,222.32855,17.715445,504.84755,0.014395709,-1.1585578,0.073397769,-0.012176386,-0.011792468,-0.0027455198,0.0010095029,3.6928521e-06,0.00094605142,0.99975891,0.00099447753,3.7292536e-06,0.0009371219,1,0,0,-0.0037897086,0.0024170498,1.675607,551.91926,2798.0254,96,0,-1.1596371,nan,0.073505969,nan,nan,141386.6,-5065.1503,-243.36211,400.49087,0.020754249,0.73333843,0.2801323,0,0,0,0,0,0
4.165,2616.6768,163.93271,-2795.5015,222.20525,17.693389,504.66318,0.014368132,-1.1586165,0.073361464,-0.012155607,-0.011753696,-0.0027314621,0.0010055327,3.7023862e-06,0.00094369998,0.99976131,0.00099040507,3.7385013e-06,0.00093476059,1,0,0,-0.0037766035,0.0024095092,1.6748912,551.70023,2795.5015,96,0,-1.1596846,nan,0.07348015,nan,nan,141310.92,-5063.305,-242.53529,399.00723,0.02081832,0.73415176,0.27978528,0,0,0,0,0,0
4.17,2617.7876,164.02113,-2792.9786,222.08206,17.671391,504.47885,0.014340494,-1.158675,0.073325341,-0.012134763,-0.011714883,-0.0027174194,0.0010015357,3.711845e-06,0.00094134598,0.99976369,0.00098630651,3.7476745e-06,0.0009323969,1,0,0,-0.0037634159,0.0024019623,1.6741757,551.48131,2792.9786,96,0,-1.1597319,nan,0.073454503,nan,nan,141235.26,-5061.4597,-241.70817,397.51563,0.020881992,0.73494864,0.2794355,0,0,0,0,0,0
4.175,2618.8977,164.10945,-2790.4566,221.95899,17.649451,504.29458,0.014312795,-1.1587333,0.073289399,-0.012113855,-0.011676029,-0.0027033917,0.00099751206,3.7212289e-06,0.00093898945,0.99976604,0.00098218201,3.7567734e-06,0.00093003088,1,0,0,-0.0037501465,0.0023944092,1.6734607,551.26248,2790.4566,96,0,-1.159779,nan,0.073429026,nan,nan,141159.63,-5059.6142,-240.88078,396.01614,0.020945264,0.73572914,0.27908299,0,0,0,0,0,0
4.18,2620.0073,164.19765,-2787.9355,221.83604,17.62757,504.11036,0.014285035,-1.1587914,0.073253639,-0.012092885,-0.011637135,-0.0026893792,0.000993462,3.7305378e-06,0.00093663046,0.99976837,0.00097803177,3.7657982e-06,0.00092766258,1,0,0,-0.0037367958,0.00238685,1.672746,551.04375,2787.9355,96,0,-1.1598259,nan,0.073403719,nan,nan,141084.04,-5057.7685,-240.05312,394.50885,0.021008138,0.73649335,0.27872778,0,0,0,0,0,0
4.185,2621.1162,164.28574,-2785.4153,221.7132,17.605746,503.92618,0.014257216,-1.1588493,0.073218059,-0.012071852,-0.011598203,-0.0026753821,0.00098938569,3.7397721e-06,0.00093426905,0.99977068,0.00097385595,3.7747491e-06,0.00092529204,1,0,0,-0.0037233644,0.0023792849,1.6720316,550.82511,2785.4153,96,0,-1.1598726,nan,0.073378583,nan,nan,141008.47,-5055.9228,-239.22521,392.99381,0.021070612,0.73724135,0.27836985,0,0,0,0,0,0
4.19,2622.2246,164.37373,-2782.896,221.59049,17.58398,503.74206,0.014229336,-1.158907,0.07318266,-0.012050756,-0.011559233,-0.0026614005,0.0009852833,3.7489319e-06,0.00093190526,0.99977296,0.00096965475,3.7836263e-06,0.00092291932,1,0,0,-0.0037098529,0.002371714,1.6713176,550.60658,2782.896,96,0,-1.1599191,nan,0.073353617,nan,nan,140932.94,-5054.077,-238.39706,391.4711,0.021132689,0.73797322,0.27800922,0,0,0,0,0,0
4.195,2623.3323,164.4616,-2780.3777,221.46789,17.562272,503.55799,0.014201397,-1.1589645,0.073147443,-0.012029599,-0.011520226,-0.0026474345,0.00098115501,3.7580175e-06,0.00092953916,0.99977522,0.00096542833,3.7924299e-06,0.00092054447,1,0,0,-0.0036962619,0.0023641376,1.670604,550.38814,2780.3777,96,0,-1.1599654,nan,0.073328821,nan,nan,140857.44,-5052.231,-237.5687,389.94079,0.021194367,0.73868902,0.27764587,0,0,0,0,0,0
4.2,2624.4394,164.54937,-2777.8602,221.34542,17.540623,503.37396,0.0141734,-1.1590218,0.073112406,-0.01200838,-0.011481182,-0.0026334844,0.00097700101,3.767029e-06,0.00092717078,0.99977746,0.00096117688,3.8011601e-06,0.00091816754,1,0,0,-0.003682592,0.0023565557,1.6698907,550.16981,2777.8602,96,0,-1.1600115,nan,0.073304194,nan,nan,140781.97,-5050.3849,-236.74014,388.40294,0.021255648,0.73938885,0.27727982,0,0,0,0,0,0
4.205,2625.5458,164.63703,-2775.3437,221.22306,17.519032,503.18999,0.014145344,-1.159079,0.073077549,-0.0119871,-0.011442103,-0.0026195502,0.00097282148,3.7759665e-06,0.00092480018,0.99977968,0.00095690058,3.8098171e-06,0.00091578856,1,0,0,-0.0036688438,0.0023489685,1.6691778,549.95157,2775.3437,96,0,-1.1600574,nan,0.073279735,nan,nan,140706.53,-5048.5388,-235.91139,386.85764,0.021316531,0.74007278,0.27691107,0,0,0,0,0,0
4.21,2626.6517,164.72458,-2772.8282,221.10083,17.497498,503.00606,0.01411723,-1.1591359,0.073042873,-0.011965759,-0.011402989,-0.002605632,0.00096861658,3.7848304e-06,0.0009224274,0.99978187,0.0009525996,3.8184011e-06,0.0009134076,1,0,0,-0.0036550179,0.0023413761,1.6684653,549.73342,2772.8282,96,0,-1.1601031,nan,0.073255446,nan,nan,140631.12,-5046.6925,-235.08248,385.30495,0.021377017,0.74074087,0.27653965,0,0,0,0,0,0
4.215,2627.757,164.81203,-2770.3135,220.97872,17.476023,502.82218,0.014089058,-1.1591927,0.073008377,-0.011944358,-0.011363842,-0.0025917302,0.00096438651,3.7936207e-06,0.0009200525,0.99978405,0.00094827413,3.8269123e-06,0.00091102469,1,0,0,-0.0036411149,0.0023337788,1.6677531,549.51538,2770.3135,96,0,-1.1601487,nan,0.073231325,nan,nan,140555.74,-5044.8461,-234.2534,383.74493,0.021437106,0.74139322,0.27616559,0,0,0,0,0,0
4.22,2628.8616,164.89937,-2767.7998,220.85672,17.454606,502.63836,0.014060829,-1.1592492,0.072974061,-0.011922897,-0.011324661,-0.0025778446,0.00096013144,3.8023377e-06,0.00091767552,0.9997862,0.00094392433,3.8353507e-06,0.00090863989,1,0,0,-0.0036271353,0.0023261765,1.6670413,549.29744,2767.7998,96,0,-1.160194,nan,0.073207371,nan,nan,140480.39,-5042.9996,-233.42419,382.17766,0.021496798,0.74202989,0.27578892,0,0,0,0,0,0
4.225,2629.9657,164.9866,-2765.2869,220.73485,17.433247,502.45458,0.014032544,-1.1593056,0.072939925,-0.011901377,-0.011285449,-0.0025639756,0.00095585154,3.8109814e-06,0.00091529652,0.99978833,0.00093955038,3.8437167e-06,0.00090625324,1,0,0,-0.0036130798,0.0023185696,1.6663298,549.07959,2765.2869,96,0,-1.1602392,nan,0.073183586,nan,nan,140405.08,-5041.153,-232.59485,380.60321,0.021556094,0.74265096,0.27540967,0,0,0,0,0,0
4.23,2631.0691,165.07372,-2762.775,220.6131,17.411946,502.27085,0.014004203,-1.1593617,0.072905969,-0.011879797,-0.011246205,-0.0025501233,0.00095154701,3.8195522e-06,0.00091291553,0.99979043,0.00093515247,3.8520102e-06,0.0009038648,1,0,0,-0.003598949,0.0023109581,1.6656187,548.86184,2762.775,96,0,-1.1602842,nan,0.073159968,nan,nan,140329.79,-5039.3063,-231.7654,379.02164,0.021614993,0.74325651,0.27502785,0,0,0,0,0,0
4.235,2632.1719,165.16074,-2760.264,220.49147,17.390704,502.08717,0.013975805,-1.1594177,0.072872192,-0.011858158,-0.011206931,-0.0025362877,0.00094721801,3.8280501e-06,0.0009105326,0.99979252,0.00093073077,3.8602316e-06,0.0009014746,1,0,0,-0.0035847433,0.0023033422,1.664908,548.64419,2760.264,96,0,-1.1603289,nan,0.073136517,nan,nan,140254.54,-5037.4595,-230.93586,377.43302,0.021673496,0.74384659,0.27464348,0,0,0,0,0,0
4.24,2633.2741,165.24765,-2757.754,220.36997,17.369519,501.90353,0.013947352,-1.1594735,0.072838595,-0.011836462,-0.011167627,-0.0025224691,0.00094286471,3.8364753e-06,0.00090814779,0.99979459,0.00092628546,3.868381e-06,0.00089908269,1,0,0,-0.0035704635,0.0022957221,1.6641976,548.42664,2757.754,96,0,-1.1603735,nan,0.073113233,nan,nan,140179.32,-5035.6126,-230.10624,375.83743,0.021731603,0.74442129,0.27425658,0,0,0,0,0,0
4.245,2634.3757,165.33445,-2755.2448,220.24859,17.348393,501.71995,0.013918844,-1.1595291,0.072805177,-0.011814707,-0.011128294,-0.0025086675,0.00093848731,3.8448281e-06,0.00090576114,0.99979663,0.0009218167,3.8764585e-06,0.00089668913,1,0,0,-0.00355611,0.0022880978,1.6634876,548.20919,2755.2448,96,0,-1.1604179,nan,0.073090115,nan,nan,140104.12,-5033.7656,-229.27656,374.23493,0.021789315,0.74498068,0.27386714,0,0,0,0,0,0
4.25,2635.4767,165.42115,-2752.7366,220.12733,17.327324,501.53641,0.013890282,-1.1595844,0.072771938,-0.011792895,-0.011088933,-0.0024948832,0.00093408598,3.8531085e-06,0.00090337271,0.99979866,0.00091732468,3.8844642e-06,0.00089429396,1,0,0,-0.0035416835,0.0022804695,1.6627779,547.99183,2752.7366,96,0,-1.1604621,nan,0.073067163,nan,nan,140028.96,-5031.9185,-228.44682,372.62559,0.021846631,0.74552482,0.27347519,0,0,0,0,0,0
4.255,2636.5771,165.50775,-2750.2293,220.00619,17.306314,501.35292,0.013861666,-1.1596396,0.072738878,-0.011771025,-0.011049544,-0.0024811161,0.00092966088,3.8613167e-06,0.00090098252,0.99980066,0.00091280957,3.8923985e-06,0.00089189723,1,0,0,-0.0035271846,0.0022728374,1.6620686,547.77458,2750.2293,96,0,-1.1605061,nan,0.073044376,nan,nan,139953.84,-5030.0713,-227.61705,371.00947,0.021903551,0.7460538,0.27308072,0,0,0,0,0,0
4.26,2637.6769,165.59424,-2747.7229,219.88518,17.285362,501.16948,0.013832996,-1.1596946,0.072705997,-0.011749099,-0.01101013,-0.0024673666,0.00092521221,3.8694529e-06,0.00089859065,0.99980265,0.00090827155,3.9002613e-06,0.00088949897,1,0,0,-0.0035126137,0.0022652016,1.6613597,547.55742,2747.7229,96,0,-1.1605499,nan,0.073021756,nan,nan,139878.74,-5028.224,-226.78727,369.38665,0.021960076,0.74656767,0.27268376,0,0,0,0,0,0
4.265,2638.7761,165.68062,-2745.2174,219.76429,17.264467,500.98609,0.013804272,-1.1597494,0.072673295,-0.011727117,-0.010970689,-0.0024536346,0.00092074012,3.8775173e-06,0.00089619712,0.99980462,0.00090371078,3.9080529e-06,0.00088709925,1,0,0,-0.0034979716,0.0022575623,1.6606511,547.34036,2745.2174,96,0,-1.1605935,nan,0.0729993,nan,nan,139803.67,-5026.3767,-225.95747,367.75719,0.022016207,0.74706651,0.27228433,0,0,0,0,0,0
4.27,2639.8747,165.7669,-2742.7128,219.64352,17.243631,500.80275,0.013775496,-1.159804,0.07264077,-0.011705078,-0.010931224,-0.0024399204,0.0009162448,3.88551e-06,0.00089380199,0.99980656,0.00089912745,3.9157734e-06,0.0008846981,1,0,0,-0.0034832587,0.0022499195,1.6599429,547.1234,2742.7128,96,0,-1.1606369,nan,0.072977009,nan,nan,139728.64,-5024.5292,-225.12769,366.12116,0.022071942,0.74755039,0.27188246,0,0,0,0,0,0
4.275,2640.9727,165.85308,-2740.2092,219.52288,17.222853,500.61945,0.013746668,-1.1598584,0.072608424,-0.011682984,-0.010891734,-0.002426224,0.00091172643,3.8934311e-06,0.0008914053,0.99980849,0.00089452173,3.9234229e-06,0.00088229557,1,0,0,-0.0034684757,0.0022422735,1.6592351,546.90653,2740.2092,96,0,-1.1606802,nan,0.072954882,nan,nan,139653.63,-5022.6817,-224.29793,364.47863,0.022127283,0.74801937,0.27147815,0,0,0,0,0,0
4.28,2642.07,165.93915,-2737.7065,219.40236,17.202133,500.4362,0.013717788,-1.1599126,0.072576256,-0.011660835,-0.010852221,-0.0024125457,0.00090718518,3.9012809e-06,0.0008890071,0.9998104,0.00088989378,3.9310017e-06,0.0008798917,1,0,0,-0.0034536231,0.0022346243,1.6585276,546.68977,2737.7065,96,0,-1.1607232,nan,0.07293292,nan,nan,139578.66,-5020.8341,-223.46821,362.82965,0.02218223,0.74847353,0.27107144,0,0,0,0,0,0
4.285,2643.1668,166.02512,-2735.2046,219.28197,17.181471,500.253,0.013688856,-1.1599666,0.072544266,-0.011638631,-0.010812686,-0.0023988855,0.00090262121,3.9090595e-06,0.00088660744,0.99981228,0.00088524379,3.9385098e-06,0.00087748655,1,0,0,-0.0034387015,0.0022269722,1.6578205,546.4731,2735.2046,96,0,-1.1607661,nan,0.072911121,nan,nan,139503.72,-5018.9864,-222.63854,361.17431,0.022236782,0.74891292,0.27066233,0,0,0,0,0,0
4.29,2644.263,166.11099,-2732.7037,219.1617,17.160868,500.06985,0.013659873,-1.1600205,0.072512453,-0.011616372,-0.010773128,-0.0023852435,0.00089803471,3.9167669e-06,0.00088420636,0.99981415,0.00088057192,3.9459475e-06,0.00087508016,1,0,0,-0.0034237115,0.0022193173,1.6571137,546.25653,2732.7037,96,0,-1.1608087,nan,0.072889485,nan,nan,139428.81,-5017.1386,-221.80895,359.51266,0.02229094,0.74933763,0.27025085,0,0,0,0,0,0
4.295,2645.3585,166.19675,-2730.2038,219.04156,17.140322,499.88674,0.013630839,-1.1600741,0.072480818,-0.01159406,-0.01073355,-0.00237162,0.00089342585,3.9244035e-06,0.00088180391,0.99981601,0.00087587835,3.9533148e-06,0.00087267256,1,0,0,-0.0034086535,0.0022116596,1.6564073,546.04006,2730.2038,96,0,-1.1608512,nan,0.072868013,nan,nan,139353.93,-5015.2908,-220.97943,357.84477,0.022344705,0.7497477,0.26983701,0,0,0,0,0,0
4.3,2646.4535,166.28241,-2727.7047,218.92154,17.119834,499.70369,0.013601756,-1.1601275,0.07244936,-0.011571693,-0.010693951,-0.0023580149,0.0008887948,3.9319693e-06,0.00087940014,0.99981784,0.00087116325,3.9606119e-06,0.00087026382,1,0,0,-0.0033935283,0.0022039994,1.6557012,545.82369,2727.7047,96,0,-1.1608935,nan,0.072846703,nan,nan,139279.09,-5013.4429,-220.15001,356.17071,0.022398075,0.75014322,0.26942081,0,0,0,0,0,0
4.305,2647.5479,166.36797,-2725.2065,218.80165,17.099404,499.52067,0.013572622,-1.1601807,0.07241808,-0.011549274,-0.010654333,-0.0023444285,0.00088414174,3.9394645e-06,0.00087699508,0.99981965,0.00086642678,3.9678389e-06,0.00086785397,1,0,0,-0.0033783363,0.0021963367,1.6549955,545.60742,2725.2065,96,0,-1.1609356,nan,0.072825555,nan,nan,139204.27,-5011.5949,-219.3207,354.49054,0.022451052,0.75052424,0.26900228,0,0,0,0,0,0
4.31,2648.6416,166.45343,-2722.7093,218.68188,17.079032,499.33771,0.013543439,-1.1602338,0.072386976,-0.011526802,-0.010614696,-0.0023308609,0.00087946683,3.9468892e-06,0.00087458879,0.99982145,0.00086166913,3.9749961e-06,0.00086544306,1,0,0,-0.0033630781,0.0021886718,1.6542902,545.39124,2722.7093,96,0,-1.1609775,nan,0.07280457,nan,nan,139129.49,-5009.7468,-218.49151,352.80434,0.022503636,0.75089083,0.26858143,0,0,0,0,0,0
4.315,2649.7348,166.53878,-2720.213,218.56225,17.058718,499.15479,0.013514208,-1.1602866,0.072356049,-0.011504278,-0.010575041,-0.0023173122,0.00087477025,3.9542436e-06,0.00087218132,0.99982323,0.00085689046,3.9820834e-06,0.00086303113,1,0,0,-0.0033477543,0.0021810047,1.6535853,545.17517,2720.213,96,0,-1.1610192,nan,0.072783746,nan,nan,139054.74,-5007.8987,-217.66247,351.11215,0.022555826,0.75124306,0.26815827,0,0,0,0,0,0
4.32,2650.8274,166.62403,-2717.7176,218.44273,17.038462,498.97192,0.013484928,-1.1603392,0.072325298,-0.011481701,-0.010535369,-0.0023037825,0.00087005217,3.9615278e-06,0.00086977269,0.99982499,0.00085209093,3.9891012e-06,0.00086061822,1,0,0,-0.0033323654,0.0021733356,1.6528806,544.95919,2717.7176,96,0,-1.1610607,nan,0.072763083,nan,nan,138980.02,-5006.0505,-216.83358,349.41405,0.022607623,0.75158099,0.26773282,0,0,0,0,0,0
4.325,2651.9194,166.70919,-2715.2231,218.32335,17.018263,498.7891,0.0134556,-1.1603917,0.072294724,-0.011459073,-0.010495681,-0.002290272,0.00086531276,3.9687419e-06,0.00086736297,0.99982673,0.00084727073,3.9960495e-06,0.00085820439,1,0,0,-0.003316912,0.0021656646,1.6521764,544.74331,2715.2231,96,0,-1.161102,nan,0.072742581,nan,nan,138905.33,-5004.2022,-216.00485,347.71011,0.022659027,0.75190468,0.26730511,0,0,0,0,0,0
4.33,2653.0107,166.79424,-2712.7295,218.20409,16.998123,498.60633,0.013426224,-1.1604439,0.072264325,-0.011436393,-0.010455976,-0.0022767807,0.00086055219,3.9758862e-06,0.00086495219,0.99982846,0.00084243001,4.0029284e-06,0.00085578967,1,0,0,-0.0033013947,0.0021579919,1.6514725,544.52753,2712.7295,96,0,-1.1611431,nan,0.07272224,nan,nan,138830.67,-5002.3539,-215.1763,346.00038,0.022710038,0.75221419,0.26687515,0,0,0,0,0,0
4.335,2654.1015,166.87919,-2710.2368,218.08496,16.97804,498.4236,0.013396801,-1.160496,0.072234103,-0.011413663,-0.010416257,-0.0022633089,0.00085577063,3.9829608e-06,0.0008625404,0.99983017,0.00083756896,4.0097382e-06,0.00085337412,1,0,0,-0.003285814,0.0021503176,1.650769,544.31185,2710.2368,96,0,-1.1611841,nan,0.072702059,nan,nan,138756.05,-5000.5055,-214.34795,344.28494,0.022760657,0.7525096,0.26644295,0,0,0,0,0,0
4.34,2655.1917,166.96404,-2707.7451,217.96595,16.958016,498.24092,0.013367331,-1.1605478,0.072204056,-0.011390882,-0.010376523,-0.0022498565,0.00085096825,3.9899657e-06,0.00086012765,0.99983186,0.00083268772,4.0164789e-06,0.00085095776,1,0,0,-0.0032701704,0.0021426418,1.6500658,544.09626,2707.7451,96,0,-1.1612248,nan,0.072682038,nan,nan,138681.45,-4998.6571,-213.51981,342.56384,0.022810883,0.75279096,0.26600853,0,0,0,0,0,0
4.345,2656.2813,167.04879,-2705.2542,217.84708,16.938049,498.05828,0.013337816,-1.1605994,0.072174185,-0.011368051,-0.010336776,-0.0022364238,0.00084614522,3.9969012e-06,0.00085771398,0.99983353,0.00082778649,4.0231506e-06,0.00084854065,1,0,0,-0.0032544645,0.0021349647,1.649363,543.88077,2705.2542,96,0,-1.1612654,nan,0.072662177,nan,nan,138606.89,-4996.8085,-212.69189,340.83715,0.022860717,0.75305833,0.26557191,0,0,0,0,0,0
4.35,2657.3703,167.13344,-2702.7643,217.72833,16.91814,497.87569,0.013308254,-1.1606509,0.072144489,-0.011345171,-0.010297016,-0.0022230109,0.00084130171,4.0037674e-06,0.00085529942,0.99983519,0.00082286541,4.0297536e-06,0.00084612284,1,0,0,-0.0032386969,0.0021272864,1.6486606,543.66539,2702.7643,96,0,-1.1613058,nan,0.072642474,nan,nan,138532.36,-4994.96,-211.8642,339.10494,0.022910158,0.75331178,0.26513311,0,0,0,0,0,0
4.355,2658.4587,167.21799,-2700.2753,217.60971,16.898289,497.69315,0.013278647,-1.1607021,0.072114968,-0.011322241,-0.010257243,-0.0022096179,0.00083643789,4.0105644e-06,0.00085288404,0.99983683,0.00081792466,4.0362879e-06,0.00084370435,1,0,0,-0.0032228681,0.002119607,1.6479585,543.4501,2700.2753,96,0,-1.161346,nan,0.07262293,nan,nan,138457.86,-4993.1113,-211.03677,337.36726,0.022959208,0.75355138,0.26469213,0,0,0,0,0,0
4.36,2659.5465,167.30244,-2697.7872,217.49122,16.878495,497.51065,0.013248995,-1.1607532,0.072085621,-0.011299262,-0.01021746,-0.0021962449,0.00083155393,4.0172923e-06,0.00085046787,0.99983846,0.00081296441,4.0427538e-06,0.00084128524,1,0,0,-0.0032069786,0.0021119267,1.6472567,543.2349,2697.7872,96,0,-1.1613859,nan,0.072603545,nan,nan,138383.4,-4991.2627,-210.20959,335.62419,0.023007865,0.75377717,0.26424898,0,0,0,0,0,0
4.365,2660.6337,167.38679,-2695.3,217.37285,16.858759,497.3282,0.013219298,-1.1608041,0.07205645,-0.011276235,-0.010177666,-0.002182892,0.00082664999,4.0239514e-06,0.00084805095,0.99984007,0.00080798481,4.0491512e-06,0.00083886556,1,0,0,-0.0031910291,0.0021042455,1.6465554,543.01981,2695.3,96,0,-1.1614257,nan,0.072584318,nan,nan,138308.96,-4989.4139,-209.38269,333.87578,0.023056132,0.75398922,0.2638037,0,0,0,0,0,0
4.37,2661.7204,167.47105,-2692.8137,217.25462,16.839081,497.1458,0.013189558,-1.1608547,0.072027452,-0.01125316,-0.010137862,-0.0021695593,0.00082172625,4.0305417e-06,0.00084563332,0.99984166,0.00080298605,4.0554804e-06,0.00083644533,1,0,0,-0.00317502,0.0020965637,1.6458544,542.80482,2692.8137,96,0,-1.1614654,nan,0.072565249,nan,nan,138234.56,-4987.5652,-208.55608,332.12209,0.023104006,0.7541876,0.26335629,0,0,0,0,0,0
4.375,2662.8064,167.5552,-2690.3284,217.13651,16.81946,496.96344,0.013159774,-1.1609052,0.071998629,-0.011230037,-0.010098048,-0.002156247,0.00081678286,4.0370634e-06,0.00084321504,0.99984324,0.00079796828,4.0617416e-06,0.00083402461,1,0,0,-0.0031589518,0.0020888814,1.6451537,542.58992,2690.3284,96,0,-1.1615048,nan,0.072546337,nan,nan,138160.19,-4985.7163,-207.72978,330.36319,0.023151489,0.75437236,0.26290676,0,0,0,0,0,0
4.38,2663.8918,167.63926,-2687.8439,217.01854,16.799897,496.78113,0.013129946,-1.1609555,0.07196998,-0.011206866,-0.010058227,-0.0021429552,0.00081181999,4.0435166e-06,0.00084079614,0.9998448,0.00079293166,4.0679347e-06,0.00083160344,1,0,0,-0.0031428252,0.0020811986,1.6444534,542.37512,2687.8439,96,0,-1.161544,nan,0.072527581,nan,nan,138085.85,-4983.8674,-206.90379,328.59915,0.023198581,0.75454356,0.26245514,0,0,0,0,0,0
4.385,2664.9767,167.72322,-2685.3604,216.90069,16.780392,496.59886,0.013100076,-1.1610055,0.071941504,-0.011183649,-0.010018397,-0.0021296839,0.00080683782,4.0499014e-06,0.00083837667,0.99984634,0.00078787637,4.0740601e-06,0.00082918186,1,0,0,-0.0031266407,0.0020735156,1.6437535,542.16042,2685.3604,96,0,-1.1615831,nan,0.072508983,nan,nan,138011.54,-4982.0185,-206.07813,326.83001,0.023245282,0.75470127,0.26200144,0,0,0,0,0,0
4.39,2666.061,167.80709,-2682.8777,216.78297,16.760944,496.41665,0.013070163,-1.1610554,0.071913202,-0.011160385,-0.0099785603,-0.0021164334,0.00080183651,4.0562181e-06,0.00083595667,0.99984787,0.00078280256,4.0801177e-06,0.0008267599,1,0,0,-0.0031103988,0.0020658324,1.6430539,541.94582,2682.8777,96,0,-1.1616219,nan,0.072490541,nan,nan,137937.26,-4980.1696,-205.25281,325.05585,0.023291592,0.75484554,0.26154568,0,0,0,0,0,0
4.395,2667.1446,167.89085,-2680.396,216.66539,16.741554,496.23447,0.013040209,-1.1611051,0.071885073,-0.011137075,-0.0099387172,-0.0021032037,0.00079681621,4.0624666e-06,0.00083353619,0.99984939,0.00077771041,4.0861078e-06,0.00082433763,1,0,0,-0.0030941,0.0020581492,1.6423547,541.73132,2680.396,96,0,-1.1616606,nan,0.072472254,nan,nan,137863.02,-4978.3205,-204.42784,323.27673,0.023337512,0.75497643,0.26108787,0,0,0,0,0,0
4.4,2668.2277,167.97452,-2677.9152,216.54793,16.722221,496.05234,0.013010212,-1.1611545,0.071857118,-0.01111372,-0.0098988685,-0.002089995,0.00079177711,4.0686472e-06,0.00083111525,0.99985089,0.00077260006,4.0920305e-06,0.00082191507,1,0,0,-0.0030777448,0.0020504661,1.6416559,541.51691,2677.9152,96,0,-1.1616991,nan,0.072454123,nan,nan,137788.81,-4976.4715,-203.60325,321.49271,0.023383041,0.755094,0.26062802,0,0,0,0,0,0
4.405,2669.3102,168.05809,-2675.4353,216.4306,16.702945,495.87026,0.012980175,-1.1612038,0.071829334,-0.011090318,-0.0098590148,-0.0020768072,0.00078671935,4.0747601e-06,0.00082869392,0.99985237,0.0007674717,4.0978858e-06,0.00081949226,1,0,0,-0.0030613339,0.0020427833,1.6409574,541.30261,2675.4353,96,0,-1.1617374,nan,0.072436148,nan,nan,137714.63,-4974.6224,-202.77903,319.70384,0.023428179,0.75519831,0.26016616,0,0,0,0,0,0
4.41,2670.3922,168.14157,-2672.9563,216.3134,16.683727,495.68823,0.012950098,-1.1612529,0.071801724,-0.011066872,-0.0098191568,-0.0020636407,0.00078164312,4.0808052e-06,0.00082627222,0.99985384,0.00076232547,4.1036741e-06,0.00081706926,1,0,0,-0.0030448678,0.0020351008,1.6402592,541.0884,2672.9563,96,0,-1.1617755,nan,0.072418327,nan,nan,137640.48,-4972.7733,-201.95521,317.9102,0.023472928,0.75528943,0.25970229,0,0,0,0,0,0
4.415,2671.4735,168.22495,-2670.4783,216.19634,16.664567,495.50624,0.01291998,-1.1613018,0.071774286,-0.011043382,-0.0097792953,-0.0020504954,0.00077654856,4.0867828e-06,0.0008238502,0.9998553,0.00075716154,4.1093953e-06,0.00081464609,1,0,0,-0.0030283468,0.0020274187,1.6395615,540.87429,2670.4783,96,0,-1.1618134,nan,0.07240066,nan,nan,137566.36,-4970.9241,-201.13179,316.11183,0.023517286,0.7553674,0.25923643,0,0,0,0,0,0
4.42,2672.5542,168.30823,-2668.0011,216.0794,16.645464,495.32429,0.012889822,-1.1613504,0.071747019,-0.011019847,-0.0097394308,-0.0020373715,0.00077143584,4.0926931e-06,0.00082142791,0.99985674,0.00075198008,4.1150496e-06,0.00081222281,1,0,0,-0.0030117717,0.0020197373,1.638864,540.66028,2668.0011,96,0,-1.1618511,nan,0.072383148,nan,nan,137492.28,-4969.0749,-200.3088,314.30881,0.023561255,0.75543228,0.2587686,0,0,0,0,0,0
4.425,2673.6344,168.39142,-2665.5248,215.9626,16.626418,495.14239,0.012859625,-1.1613989,0.071719925,-0.010996268,-0.009699564,-0.0020242691,0.00076630513,4.098536e-06,0.00081900538,0.99985817,0.00074678123,4.1206371e-06,0.00080979945,1,0,0,-0.0029951429,0.0020120567,1.638167,540.44636,2665.5248,96,0,-1.1618886,nan,0.072365789,nan,nan,137418.23,-4967.2257,-199.48623,312.50119,0.023604834,0.75548414,0.25829881,0,0,0,0,0,0
4.43,2674.714,168.47452,-2663.0495,215.84592,16.607429,494.96054,0.012829389,-1.1614472,0.071693002,-0.010972646,-0.0096596958,-0.0020111884,0.00076115659,4.1043118e-06,0.00081658266,0.99985958,0.00074156518,4.126158e-06,0.00080737605,1,0,0,-0.002978461,0.0020043769,1.6374703,540.23255,2663.0495,96,0,-1.161926,nan,0.072348583,nan,nan,137344.21,-4965.3764,-198.66412,310.68903,0.023648024,0.75552303,0.25782707,0,0,0,0,0,0
4.435,2675.793,168.55752,-2660.575,215.72938,16.588497,494.77873,0.012799115,-1.1614953,0.07166625,-0.010948981,-0.0096198266,-0.0019981293,0.00075599038,4.1100207e-06,0.00081415978,0.99986098,0.00073633206,4.1316125e-06,0.00080495266,1,0,0,-0.0029617264,0.001996698,1.6367739,540.01883,2660.575,96,0,-1.1619632,nan,0.072331531,nan,nan,137270.22,-4963.5271,-197.84245,308.87239,0.023690825,0.755549,0.25735341,0,0,0,0,0,0
4.44,2676.8714,168.64042,-2658.1015,215.61297,16.569623,494.59697,0.012768803,-1.1615432,0.07163967,-0.010925273,-0.0095799573,-0.001985092,0.00075080666,4.1156626e-06,0.00081173679,0.99986236,0.00073108206,4.1370005e-06,0.00080252931,1,0,0,-0.0029449397,0.0019890203,1.6360779,539.80521,2658.1015,96,0,-1.1620001,nan,0.072314631,nan,nan,137196.26,-4961.6778,-197.02126,307.05133,0.023733236,0.75556213,0.25687783,0,0,0,0,0,0
4.445,2677.9492,168.72323,-2655.6289,215.49669,16.550806,494.41525,0.012738453,-1.1615909,0.07161326,-0.010901523,-0.0095400884,-0.0019720767,0.00074560559,4.1212378e-06,0.00080931373,0.99986373,0.00072581531,4.1423224e-06,0.00080010604,1,0,0,-0.0029281015,0.0019813439,1.6353823,539.59169,2655.6289,96,0,-1.1620369,nan,0.072297883,nan,nan,137122.34,-4959.8285,-196.20055,305.22591,0.023775259,0.75556245,0.25640036,0,0,0,0,0,0
4.45,2679.0265,168.80595,-2653.1572,215.38054,16.532046,494.23358,0.012708066,-1.1616384,0.071587021,-0.010877731,-0.0095002207,-0.0019590834,0.00074038734,4.1267465e-06,0.00080689064,0.99986509,0.00072053199,4.1475782e-06,0.0007976829,1,0,0,-0.0029112121,0.0019736687,1.634687,539.37827,2653.1572,96,0,-1.1620735,nan,0.072281286,nan,nan,137048.45,-4957.9791,-195.38033,303.3962,0.023816894,0.75555003,0.255921,0,0,0,0,0,0
4.455,2680.1031,168.88857,-2650.6864,215.26453,16.513342,494.05195,0.012677642,-1.1616857,0.071560952,-0.010853897,-0.0094603548,-0.0019461123,0.00073515206,4.1321886e-06,0.00080446757,0.99986644,0.00071523225,4.152768e-06,0.00079525992,1,0,0,-0.0028942722,0.0019659951,1.6339921,539.16495,2650.6864,96,0,-1.16211,nan,0.072264842,nan,nan,136974.59,-4956.1297,-194.56062,301.56224,0.023858139,0.75552493,0.25543977,0,0,0,0,0,0
4.46,2681.1792,168.9711,-2648.2165,215.14864,16.494696,493.87037,0.012647182,-1.1617328,0.071535054,-0.010830023,-0.0094204914,-0.0019331634,0.00072989991,4.1375645e-06,0.00080204454,0.99986777,0.00070991625,4.1578919e-06,0.00079283715,1,0,0,-0.0028772823,0.0019583231,1.6332976,538.95172,2648.2165,96,0,-1.1621462,nan,0.072248548,nan,nan,136900.76,-4954.2803,-193.74143,299.72409,0.023898997,0.7554872,0.25495668,0,0,0,0,0,0
4.465,2682.2547,169.05354,-2645.7475,215.03289,16.476107,493.68883,0.012616686,-1.1617797,0.071509325,-0.010806108,-0.0093806311,-0.0019202368,0.00072463105,4.1428741e-06,0.0007996216,0.99986908,0.00070458415,4.1629502e-06,0.00079041462,1,0,0,-0.0028602428,0.0019506527,1.6326034,538.73859,2645.7475,96,0,-1.1621822,nan,0.072232405,nan,nan,136826.96,-4952.4309,-192.92276,297.88183,0.023939467,0.7554369,0.25447176,0,0,0,0,0,0
4.47,2683.3297,169.13588,-2643.2794,214.91727,16.457575,493.50734,0.012586155,-1.1618264,0.071483765,-0.010782152,-0.0093407746,-0.0019073328,0.00071934565,4.1481177e-06,0.0007971988,0.99987039,0.0006992361,4.1679429e-06,0.00078799237,1,0,0,-0.0028431544,0.0019429843,1.6319096,538.52556,2643.2794,96,0,-1.1622181,nan,0.072216412,nan,nan,136753.2,-4950.5814,-192.10465,296.03549,0.023979549,0.75537408,0.25398501,0,0,0,0,0,0
4.475,2684.404,169.21813,-2640.8122,214.80179,16.4391,493.32589,0.012555588,-1.1618729,0.071458375,-0.010758157,-0.0093009225,-0.0018944512,0.00071404385,4.1532953e-06,0.00079477616,0.99987168,0.00069387226,4.1728702e-06,0.00078557045,1,0,0,-0.0028260174,0.0019353178,1.6312161,538.31263,2640.8122,96,0,-1.1622538,nan,0.072200569,nan,nan,136679.47,-4948.732,-191.28708,294.18515,0.024019244,0.7552988,0.25349645,0,0,0,0,0,0
4.48,2685.4778,169.30029,-2638.346,214.68644,16.420681,493.14449,0.012524988,-1.1619192,0.071433154,-0.010734122,-0.0092610755,-0.0018815924,0.00070872582,4.1584071e-06,0.00079235374,0.99987296,0.00068849279,4.1777322e-06,0.00078314889,1,0,0,-0.0028088324,0.0019276533,1.630523,538.0998,2638.346,96,0,-1.1622892,nan,0.072184875,nan,nan,136605.77,-4946.8825,-190.47008,292.33086,0.024058551,0.75521111,0.25300609,0,0,0,0,0,0
4.485,2686.551,169.38236,-2635.8806,214.57122,16.402319,492.96314,0.012494353,-1.1619653,0.071408101,-0.010710048,-0.0092212343,-0.0018687563,0.00070339172,4.1634533e-06,0.00078993157,0.99987422,0.00068309784,4.1825291e-06,0.00078072772,1,0,0,-0.0027916,0.0019199911,1.6298302,537.88707,2635.8806,96,0,-1.1623245,nan,0.07216933,nan,nan,136532.11,-4945.033,-189.65366,290.47267,0.024097471,0.75511108,0.25251394,0,0,0,0,0,0
4.49,2687.6236,169.46433,-2633.4162,214.45613,16.384014,492.78182,0.012463684,-1.1620112,0.071383217,-0.010685935,-0.0091813995,-0.001855943,0.0006980417,4.168434e-06,0.00078750968,0.99987547,0.00067768757,4.1872609e-06,0.000778307,1,0,0,-0.0027743205,0.0019123312,1.6291378,537.67443,2633.4162,96,0,-1.1623597,nan,0.072153935,nan,nan,136458.47,-4943.1835,-188.83783,288.61065,0.024136005,0.75499875,0.25202003,0,0,0,0,0,0
4.495,2688.6957,169.54622,-2630.9526,214.34117,16.365766,492.60056,0.012432982,-1.1620569,0.071358502,-0.010661783,-0.0091415717,-0.0018431528,0.00069267592,4.1733492e-06,0.00078508813,0.99987671,0.00067226214,4.1919278e-06,0.00077588676,1,0,0,-0.0027569946,0.0019046737,1.6284457,537.46189,2630.9526,96,0,-1.1623946,nan,0.072138687,nan,nan,136384.87,-4941.334,-188.02261,286.74485,0.024174152,0.75487418,0.25152437,0,0,0,0,0,0
4.5,2689.7672,169.62801,-2628.49,214.22635,16.347574,492.41934,0.012402247,-1.1621024,0.071333954,-0.010637594,-0.0091017515,-0.0018303856,0.00068729453,4.1781992e-06,0.00078266694,0.99987794,0.00066682169,4.1965299e-06,0.00077346703,1,0,0,-0.0027396227,0.0018970188,1.6277541,537.24945,2628.49,96,0,-1.1624293,nan,0.072123588,nan,nan,136311.3,-4939.4844,-187.20799,284.87533,0.024211913,0.75473742,0.25102696,0,0,0,0,0,0
4.505,2690.8381,169.70971,-2626.0282,214.11167,16.329439,492.23816,0.01237148,-1.1621477,0.071309574,-0.010613367,-0.0090619397,-0.0018176415,0.0006818977,4.182984e-06,0.00078024616,0.99987916,0.00066136639,4.2010675e-06,0.00077104786,1,0,0,-0.0027222054,0.0018893665,1.6270627,537.03711,2626.0282,96,0,-1.1624639,nan,0.072108636,nan,nan,136237.76,-4937.6349,-186.394,283.00214,0.024249288,0.75458854,0.25052783,0,0,0,0,0,0
4.51,2691.9084,169.79132,-2623.5674,213.99711,16.31136,492.05702,0.012340681,-1.1621928,0.071285361,-0.010589103,-0.0090221368,-0.0018049207,0.00067648557,4.1877038e-06,0.00077782583,0.99988036,0.00065589638,4.2055405e-06,0.00076862927,1,0,0,-0.0027047431,0.001881717,1.6263717,536.82487,2623.5674,96,0,-1.1624983,nan,0.072093831,nan,nan,136164.26,-4935.7854,-185.58065,281.12534,0.024286277,0.75442757,0.25002699,0,0,0,0,0,0
4.515,2692.9782,169.87284,-2621.1075,213.88269,16.293338,491.87594,0.012309851,-1.1622377,0.071261315,-0.010564802,-0.0089823435,-0.0017922233,0.00067105831,4.1923588e-06,0.00077540598,0.99988155,0.00065041182,4.2099491e-06,0.00076621132,1,0,0,-0.0026872362,0.0018740705,1.6256811,536.61272,2621.1075,96,0,-1.1625325,nan,0.072079173,nan,nan,136090.79,-4933.9358,-184.76795,279.24499,0.02432288,0.75425459,0.24952445,0,0,0,0,0,0
4.52,2694.0473,169.95427,-2618.6485,213.76841,16.275372,491.69489,0.012278989,-1.1622824,0.071237436,-0.010540465,-0.0089425604,-0.0017795494,0.00066561606,4.196949e-06,0.00077298665,0.99988273,0.00064491287,4.2142936e-06,0.00076379404,1,0,0,-0.0026696854,0.0018664269,1.6249909,536.40068,2618.6485,96,0,-1.1625665,nan,0.072064661,nan,nan,136017.35,-4932.0863,-183.9559,277.36115,0.024359098,0.75406964,0.24902023,0,0,0,0,0,0
4.525,2695.116,170.03561,-2616.1904,213.65425,16.257463,491.51389,0.012248097,-1.162327,0.071213724,-0.010516091,-0.0089027881,-0.001766899,0.00066015897,4.2014746e-06,0.00077056789,0.9998839,0.00063939967,4.2185739e-06,0.00076137746,1,0,0,-0.0026520912,0.0018587865,1.624301,536.18873,2616.1904,96,0,-1.1626003,nan,0.072050295,nan,nan,135943.94,-4930.2367,-183.14453,275.47386,0.024394932,0.75387277,0.24851434,0,0,0,0,0,0
4.53,2696.184,170.11686,-2613.7331,213.54023,16.239609,491.33294,0.012217174,-1.1623713,0.071190178,-0.010491682,-0.0088630272,-0.0017542722,0.00065468722,4.2059358e-06,0.00076814972,0.99988506,0.00063387237,4.2227903e-06,0.00075896163,1,0,0,-0.0026344539,0.0018511493,1.6236114,535.97688,2613.7331,96,0,-1.1626339,nan,0.072036075,nan,nan,135870.57,-4928.3872,-182.33384,273.58319,0.02443038,0.75366404,0.24800679,0,0,0,0,0,0
4.535,2697.2515,170.19803,-2611.2768,213.42635,16.221813,491.15203,0.012186222,-1.1624154,0.071166798,-0.010467238,-0.0088232785,-0.0017416692,0.00064920094,4.2103326e-06,0.00076573219,0.9998862,0.00062833113,4.2269429e-06,0.00075654658,1,0,0,-0.0026167741,0.0018435155,1.6229222,535.76513,2611.2768,96,0,-1.1626674,nan,0.072022,nan,nan,135797.22,-4926.5376,-181.52384,271.68918,0.024465445,0.75344351,0.2474976,0,0,0,0,0,0
4.54,2698.3184,170.2791,-2608.8214,213.3126,16.204072,490.97116,0.01215524,-1.1624593,0.071143584,-0.010442758,-0.0087835423,-0.00172909,0.00064370029,4.2146652e-06,0.00076331533,0.99988734,0.00062277611,4.2310317e-06,0.00075413234,1,0,0,-0.0025990523,0.0018358851,1.6222334,535.55347,2608.8214,96,0,-1.1627007,nan,0.07200807,nan,nan,135723.91,-4924.6881,-180.71455,269.79191,0.024500125,0.75321123,0.24698679,0,0,0,0,0,0
4.545,2699.3847,170.36009,-2606.367,213.19899,16.186387,490.79034,0.012124229,-1.1625031,0.071120535,-0.010418244,-0.0087438195,-0.0017165348,0.00063818542,4.2189338e-06,0.00076089919,0.99988846,0.00061720744,4.235057e-06,0.00075171896,1,0,0,-0.002581289,0.0018282584,1.6215449,535.34192,2606.367,96,0,-1.1627337,nan,0.071994284,nan,nan,135650.63,-4922.8386,-179.90597,267.89141,0.024534421,0.75296724,0.24647435,0,0,0,0,0,0
4.55,2700.4505,170.44098,-2603.9134,213.08551,16.168758,490.60957,0.01209319,-1.1625466,0.071097651,-0.010393696,-0.0087041106,-0.0017040036,0.00063265648,4.2231384e-06,0.0007584838,0.99988957,0.00061162528,4.2390189e-06,0.00074930647,1,0,0,-0.0025634846,0.0018206353,1.6208568,535.13046,2603.9134,96,0,-1.1627666,nan,0.071980642,nan,nan,135577.39,-4920.989,-179.09812,265.98774,0.024568334,0.75271161,0.24596032,0,0,0,0,0,0
4.555,2701.5157,170.52179,-2601.4607,212.97216,16.151186,490.42883,0.012062123,-1.1625899,0.071074932,-0.010369115,-0.0086644162,-0.0016914965,0.00062711363,4.2272792e-06,0.00075606919,0.99989067,0.00060602978,4.2429175e-06,0.00074689491,1,0,0,-0.0025456397,0.001813016,1.620169,534.9191,2601.4607,96,0,-1.1627994,nan,0.071967144,nan,nan,135504.18,-4919.1395,-178.29101,264.08096,0.024601863,0.75244438,0.2454447,0,0,0,0,0,0
4.56,2702.5803,170.60251,-2599.0089,212.85895,16.133669,490.24815,0.012031028,-1.1626331,0.071052378,-0.010344499,-0.008624737,-0.0016790136,0.00062155701,4.2313564e-06,0.0007536554,0.99989176,0.00060042108,4.246753e-06,0.00074448431,1,0,0,-0.0025277547,0.0018054007,1.6194816,534.70784,2599.0089,96,0,-1.1628319,nan,0.071953789,nan,nan,135431,-4917.29,-177.48464,262.17113,0.02463501,0.75216561,0.24492751,0,0,0,0,0,0
4.565,2703.6444,170.68315,-2596.558,212.74587,16.116208,490.0675,0.011999905,-1.162676,0.071029988,-0.010319851,-0.0085850734,-0.0016665551,0.00061598678,4.23537e-06,0.00075124248,0.99989284,0.00059479935,4.2505254e-06,0.00074207471,1,0,0,-0.0025098301,0.0017977894,1.6187946,534.49668,2596.558,96,0,-1.1628643,nan,0.071940577,nan,nan,135357.85,-4915.4405,-176.67904,260.25829,0.024667774,0.75187536,0.24440876,0,0,0,0,0,0
4.57,2704.7079,170.76369,-2594.108,212.63293,16.098803,489.8869,0.011968756,-1.1627188,0.071007762,-0.010295171,-0.0085454262,-0.0016541209,0.00061040308,4.2393203e-06,0.00074883045,0.9998939,0.00058916471,4.254235e-06,0.00073966615,1,0,0,-0.0024918664,0.0017901822,1.6181079,534.28561,2594.108,96,0,-1.1628964,nan,0.071927507,nan,nan,135284.73,-4913.591,-175.87421,258.3425,0.024700156,0.75157367,0.24388846,0,0,0,0,0,0
4.575,2705.7708,170.84415,-2591.659,212.52013,16.081454,489.70635,0.011937581,-1.1627613,0.070985699,-0.010270458,-0.0085057959,-0.0016417112,0.00060480608,4.2432073e-06,0.00074641936,0.99989496,0.00058351734,4.2578818e-06,0.00073725866,1,0,0,-0.002473864,0.0017825792,1.6174216,534.07464,2591.659,96,0,-1.1629284,nan,0.071914579,nan,nan,135211.65,-4911.7415,-175.07015,256.42382,0.024732156,0.7512606,0.24336663,0,0,0,0,0,0
4.58,2706.8332,170.92452,-2589.2108,212.40745,16.064161,489.52584,0.011906379,-1.1628037,0.0709638,-0.010245713,-0.0084661831,-0.0016293261,0.0005991959,4.2470311e-06,0.00074400924,0.99989601,0.00057785736,4.261466e-06,0.00073485228,1,0,0,-0.0024558235,0.0017749806,1.6167356,533.86378,2589.2108,96,0,-1.1629603,nan,0.071901793,nan,nan,135138.6,-4909.8921,-174.26689,254.50229,0.024763774,0.75093619,0.24284328,0,0,0,0,0,0
4.585,2707.895,171.00481,-2586.7635,212.29492,16.046923,489.34537,0.011875152,-1.1628458,0.070942064,-0.010220936,-0.0084265884,-0.0016169656,0.00059357271,4.250792e-06,0.00074160012,0.99989704,0.00057218492,4.2649878e-06,0.00073244704,1,0,0,-0.0024377453,0.0017673865,1.61605,533.653,2586.7635,96,0,-1.1629919,nan,0.071889148,nan,nan,135065.59,-4908.0426,-173.46443,252.57797,0.024795011,0.75060051,0.24231842,0,0,0,0,0,0
4.59,2708.9563,171.08501,-2584.3172,212.18252,16.029741,489.16495,0.0118439,-1.1628878,0.070920491,-0.010196129,-0.0083870124,-0.0016046299,0.00058793665,4.25449e-06,0.00073919204,0.99989807,0.00056650018,4.2684472e-06,0.00073004298,1,0,0,-0.0024196299,0.0017597969,1.6153647,533.44233,2584.3172,96,0,-1.1630233,nan,0.071876644,nan,nan,134992.6,-4906.1932,-172.66278,250.65091,0.024825868,0.7502536,0.24179207,0,0,0,0,0,0
4.595,2710.017,171.16512,-2581.8717,212.07025,16.012614,488.98457,0.011812624,-1.1629295,0.07089908,-0.010171291,-0.0083474556,-0.001592319,0.00058228786,4.2581254e-06,0.00073678505,0.99989908,0.00056080328,4.2718444e-06,0.00072764013,1,0,0,-0.0024014778,0.001752212,1.6146798,533.23176,2581.8717,96,0,-1.1630546,nan,0.07186428,nan,nan,134919.65,-4904.3438,-171.86196,248.72117,0.024856343,0.74989552,0.24126424,0,0,0,0,0,0
4.6,2711.0771,171.24515,-2579.4271,211.95813,15.995543,488.80424,0.011781323,-1.1629711,0.070877832,-0.010146423,-0.0083079188,-0.0015800331,0.00057662651,4.2616981e-06,0.00073437917,0.99990009,0.00055509437,4.2751796e-06,0.00072523854,1,0,0,-0.0023832894,0.0017446319,1.6139952,533.02128,2579.4271,96,0,-1.1630857,nan,0.071852056,nan,nan,134846.73,-4902.4944,-171.06197,246.7888,0.024886439,0.74952631,0.24073494,0,0,0,0,0,0
4.605,2712.1366,171.3251,-2576.9835,211.84613,15.978527,488.62395,0.011749998,-1.1630125,0.070856745,-0.010121524,-0.0082684024,-0.0015677721,0.00057095272,4.2652084e-06,0.00073197443,0.99990108,0.00054937358,4.2784528e-06,0.00072283822,1,0,0,-0.0023650651,0.0017370567,1.613311,532.8109,2576.9835,96,0,-1.1631166,nan,0.071839972,nan,nan,134773.84,-4900.645,-170.26282,244.85384,0.024916154,0.74914604,0.24020419,0,0,0,0,0,0
4.61,2713.1957,171.40496,-2574.5407,211.73427,15.961566,488.4437,0.01171865,-1.1630536,0.07083582,-0.010096596,-0.008228907,-0.0015555363,0.00056526666,4.2686564e-06,0.00072957088,0.99990207,0.00054364107,4.2816643e-06,0.00072043923,1,0,0,-0.0023468056,0.0017294864,1.6126272,532.60062,2574.5407,96,0,-1.1631473,nan,0.071828027,nan,nan,134700.99,-4898.7957,-169.46453,242.91636,0.02494549,0.74875474,0.239672,0,0,0,0,0,0
4.615,2714.2541,171.48473,-2572.0989,211.62255,15.94466,488.2635,0.011687278,-1.1630946,0.070815056,-0.010071639,-0.0081894331,-0.0015433256,0.00055956845,4.2720423e-06,0.00072716855,0.99990304,0.00053789698,4.2848141e-06,0.00071804159,1,0,0,-0.0023285111,0.0017219213,1.6119437,532.39044,2572.0989,96,0,-1.1631779,nan,0.07181622,nan,nan,134628.17,-4896.9464,-168.66711,240.97639,0.024974447,0.74835248,0.23913838,0,0,0,0,0,0
4.62,2715.312,171.56442,-2569.6579,211.51097,15.92781,488.08334,0.011655884,-1.1631354,0.070794453,-0.010046653,-0.0081499815,-0.0015311402,0.00055385826,4.2753661e-06,0.00072476748,0.99990401,0.00053214145,4.2879024e-06,0.00071564534,1,0,0,-0.0023101823,0.0017143613,1.6112606,532.18036,2569.6579,96,0,-1.1632083,nan,0.071804552,nan,nan,134555.38,-4895.0971,-167.87055,239.03401,0.025003025,0.7479393,0.23860335,0,0,0,0,0,0
4.625,2716.3693,171.64402,-2567.2178,211.39952,15.911015,487.90323,0.011624469,-1.163176,0.07077401,-0.010021639,-0.0081105526,-0.0015189801,0.00054813623,4.278628e-06,0.00072236769,0.99990496,0.00052637462,4.2909294e-06,0.0007132505,1,0,0,-0.0022918195,0.0017068067,1.6105778,531.97037,2567.2178,96,0,-1.1632384,nan,0.071793022,nan,nan,134482.63,-4893.2478,-167.07488,237.08924,0.025031225,0.74751525,0.23806691,0,0,0,0,0,0
4.63,2717.4261,171.72355,-2564.7787,211.2882,15.894275,487.72316,0.011593031,-1.1632163,0.070753728,-0.0099965965,-0.008071147,-0.0015068455,0.00054240249,4.2818282e-06,0.00071996923,0.99990591,0.00052059665,4.2938952e-06,0.00071085713,1,0,0,-0.0022734232,0.0016992575,1.6098954,531.76048,2564.7787,96,0,-1.1632685,nan,0.07178163,nan,nan,134409.9,-4891.3986,-166.28011,235.14216,0.025059047,0.7470804,0.23752909,0,0,0,0,0,0
4.635,2718.4823,171.80298,-2562.3404,211.17703,15.87759,487.54313,0.011561572,-1.1632565,0.070733606,-0.0099715265,-0.0080317653,-0.0014947363,0.0005366572,4.2849668e-06,0.00071757213,0.99990685,0.00051480766,4.2967998e-06,0.00070846524,1,0,0,-0.0022549938,0.0016917138,1.6092133,531.55069,2562.3404,96,0,-1.1632983,nan,0.071770374,nan,nan,134337.21,-4889.5494,-165.48624,233.1928,0.025086491,0.74663477,0.23698989,0,0,0,0,0,0
4.64,2719.538,171.88234,-2559.9031,211.06598,15.860959,487.36315,0.011530092,-1.1632965,0.070713644,-0.0099464291,-0.0079924079,-0.0014826528,0.0005309005,4.2880439e-06,0.00071517642,0.99990778,0.0005090078,4.2996435e-06,0.00070607488,1,0,0,-0.0022365319,0.0016841757,1.6085316,531.341,2559.9031,96,0,-1.1633279,nan,0.071759256,nan,nan,134264.56,-4887.7002,-164.69329,231.24121,0.025113558,0.74617844,0.23644932,0,0,0,0,0,0
4.645,2720.5931,171.96161,-2557.4666,210.95508,15.844384,487.18321,0.011498592,-1.1633363,0.070693841,-0.0099213049,-0.0079530756,-0.001470595,0.00052513252,4.2910596e-06,0.00071278214,0.99990869,0.00050319722,4.3024265e-06,0.00070368607,1,0,0,-0.0022180379,0.0016766433,1.6078502,531.13141,2557.4666,96,0,-1.1633574,nan,0.071748273,nan,nan,134191.93,-4885.8511,-163.90126,229.28746,0.025140248,0.74571144,0.23590741,0,0,0,0,0,0
4.65,2721.6476,172.0408,-2555.0311,210.84431,15.827863,487.00332,0.011467071,-1.1633759,0.070674197,-0.0098961541,-0.0079137688,-0.0014585628,0.00051935342,4.2940142e-06,0.00071038932,0.9999096,0.00049737605,4.3051487e-06,0.00070129886,1,0,0,-0.0021995122,0.0016691167,1.6071692,530.92191,2555.0311,96,0,-1.1633867,nan,0.071737427,nan,nan,134119.34,-4884.0019,-163.11016,227.33158,0.025166562,0.74523384,0.23536416,0,0,0,0,0,0
4.655,2722.7016,172.11991,-2552.5964,210.73368,15.811397,486.82347,0.011435531,-1.1634153,0.070654712,-0.0098709771,-0.0078744882,-0.0014465566,0.00051356333,4.2969077e-06,0.000707998,0.9999105,0.00049154444,4.3078105e-06,0.00069891327,1,0,0,-0.0021809553,0.001661596,1.6064886,530.71251,2552.5964,96,0,-1.1634158,nan,0.071726716,nan,nan,134046.78,-4882.1529,-162.32001,225.37363,0.0251925,0.74474567,0.23481958,0,0,0,0,0,0
4.66,2723.7551,172.19893,-2550.1626,210.62318,15.794986,486.64366,0.011403972,-1.1634545,0.070635385,-0.0098457743,-0.0078352341,-0.0014345762,0.0005077624,4.2997404e-06,0.0007056082,0.9999114,0.00048570252,4.3104118e-06,0.00069652933,1,0,0,-0.0021623676,0.0016540813,1.6058083,530.50321,2550.1626,96,0,-1.1634448,nan,0.07171614,nan,nan,133974.25,-4880.3039,-161.53081,223.41366,0.025218063,0.744247,0.23427369,0,0,0,0,0,0
4.665,2724.808,172.27787,-2547.7298,210.51282,15.778629,486.4639,0.011372394,-1.1634935,0.070616216,-0.0098205462,-0.0077960073,-0.0014226219,0.00050195077,4.3025122e-06,0.00070321997,0.99991228,0.00047985043,4.312953e-06,0.00069414709,1,0,0,-0.0021437496,0.0016465728,1.6051283,530.29401,2547.7298,96,0,-1.1634735,nan,0.071705699,nan,nan,133901.76,-4878.4549,-160.74258,221.45171,0.02524325,0.74373786,0.2337265,0,0,0,0,0,0
4.67,2725.8603,172.35673,-2545.2978,210.4026,15.762326,486.28418,0.011340798,-1.1635324,0.070597205,-0.009795293,-0.0077568082,-0.0014106936,0.00049612858,4.3052234e-06,0.00070083333,0.99991315,0.00047398832,4.315434e-06,0.00069176656,1,0,0,-0.0021251017,0.0016390705,1.6044488,530.08491,2545.2978,96,0,-1.1635021,nan,0.071695392,nan,nan,133829.3,-4876.6059,-159.95532,219.48784,0.025268063,0.74321832,0.23317802,0,0,0,0,0,0
4.675,2726.9121,172.43551,-2542.8668,210.29251,15.746078,486.10451,0.011309184,-1.163571,0.070578352,-0.0097700151,-0.0077176374,-0.0013987914,0.00049029597,4.3078741e-06,0.00069844832,0.99991402,0.00046811632,4.3178551e-06,0.00068938779,1,0,0,-0.0021064244,0.0016315744,1.6037695,529.8759,2542.8668,96,0,-1.1635305,nan,0.071685219,nan,nan,133756.87,-4874.757,-159.16904,217.5221,0.025292501,0.74268841,0.23262827,0,0,0,0,0,0
4.68,2727.9634,172.51421,-2540.4366,210.18256,15.729885,485.92488,0.011277552,-1.1636094,0.070559655,-0.0097447129,-0.0076784954,-0.0013869155,0.00048445307,4.3104645e-06,0.00069606497,0.99991487,0.00046223457,4.3202164e-06,0.00068701081,1,0,0,-0.0020877182,0.0016240848,1.6030907,529.66699,2540.4366,96,0,-1.1635588,nan,0.071675179,nan,nan,133684.48,-4872.9081,-158.38375,215.55452,0.025316566,0.7421482,0.23207725,0,0,0,0,0,0
4.685,2729.0141,172.59283,-2538.0073,210.07275,15.713745,485.74529,0.011245903,-1.1636476,0.070541116,-0.0097193869,-0.0076393828,-0.0013750658,0.00047860004,4.3129947e-06,0.00069368332,0.99991572,0.00045634321,4.322518e-06,0.00068463565,1,0,0,-0.0020689833,0.0016166017,1.6024121,529.45818,2538.0073,96,0,-1.1635868,nan,0.071665272,nan,nan,133612.12,-4871.0593,-157.59946,213.58517,0.025340258,0.74159773,0.23152498,0,0,0,0,0,0
4.69,2730.0642,172.67136,-2535.579,209.96307,15.69766,485.56575,0.011214237,-1.1636857,0.070522732,-0.0096940373,-0.0076003001,-0.0013632426,0.000472737,4.3154648e-06,0.0006913034,0.99991656,0.00045044237,4.3247601e-06,0.00068226233,1,0,0,-0.0020502204,0.0016091252,1.601734,529.24947,2535.579,96,0,-1.1636147,nan,0.071655498,nan,nan,133539.79,-4869.2105,-156.81618,211.61409,0.025363576,0.74103705,0.23097148,0,0,0,0,0,0
4.695,2731.1138,172.74982,-2533.1515,209.85354,15.681628,485.38625,0.011182555,-1.1637235,0.070504505,-0.0096686645,-0.0075612478,-0.0013514458,0.00046686409,4.317875e-06,0.00068892523,0.99991739,0.0004445322,4.3269428e-06,0.00067989091,1,0,0,-0.0020314298,0.0016016554,1.6010562,529.04086,2533.1515,96,0,-1.1636424,nan,0.071645856,nan,nan,133467.5,-4867.3618,-156.03392,209.64133,0.025386522,0.74046621,0.23041674,0,0,0,0,0,0
4.7,2732.1628,172.8282,-2530.7249,209.74413,15.665651,485.20679,0.011150857,-1.1637612,0.070486434,-0.0096432689,-0.0075222265,-0.0013396755,0.00046098146,4.3202254e-06,0.00068654886,0.99991821,0.00043861282,4.3290663e-06,0.00067752139,1,0,0,-0.002012612,0.0015941924,1.6003787,528.83234,2530.7249,96,0,-1.16367,nan,0.071636346,nan,nan,133395.23,-4865.5131,-155.25269,207.66693,0.025409096,0.73988526,0.22986079,0,0,0,0,0,0
4.705,2733.2113,172.90649,-2528.2993,209.63487,15.649727,485.02738,0.011119144,-1.1637986,0.070468518,-0.0096178458,-0.0074835597,-0.0013279981,0.00045516594,4.3225153e-06,0.00068407493,0.99991903,0.00043362973,4.3311103e-06,0.00067391151,1,0,0,-0.0019937674,0.001586736,1.5997016,528.62392,2528.2993,96,0,-1.1636973,nan,0.071626967,nan,nan,133323,-4863.8189,-154.49054,205.69363,0.025471194,0.68648492,0.22617132,0,0,0,0,0,0
4.71,2734.2593,172.98471,-2525.8745,209.52573,15.633855,484.848,0.011087415,-1.1638359,0.070450758,-0.0095923297,-0.00745085,-0.0013150678,0.00044968706,4.3246908e-06,0.00068106175,0.99991984,0.00042916813,4.3326863e-06,0.00066888466,1,0,0,-0.0019749067,0.0015792829,1.5990248,528.41559,2525.8745,96,0,-1.1637245,nan,0.071617719,nan,nan,133250.8,-4862.3199,-153.75947,203.71828,0.025583188,0.51063684,0.31456951,0,0,0,0,0,0
4.715,2735.3067,173.06285,-2523.4506,209.41673,15.618034,484.66865,0.011055633,-1.163873,0.070433196,-0.0095667021,-0.0074279834,-0.001295454,0.00044427349,4.3266669e-06,0.00067769378,0.99992063,0.0004235161,4.3338512e-06,0.00066464806,1,0,0,-0.0019560702,0.0015718142,1.5983483,528.20733,2523.4506,96,0,-1.1637515,nan,0.071608602,nan,nan,133178.62,-4860.8199,-153.03346,201.74489,0.025693929,0.32265756,0.48458227,0,0,0,0,0,0
4.72,2736.3536,173.14091,-2521.0276,209.30785,15.602263,484.48932,0.011023705,-1.1639101,0.070415932,-0.0095409643,-0.0074140675,-0.0012664635,0.00043864594,4.3284556e-06,0.00067428944,0.99992142,0.00041676011,4.3350539e-06,0.000661571,1,0,0,-0.0019373066,0.0015642897,1.5976721,527.99915,2521.0276,96,0,-1.1637783,nan,0.071599615,nan,nan,133106.46,-4859.3189,-152.30235,199.78383,0.025803475,0.19040968,0.65977163,0,0,0,0,0,0
4.725,2737.3999,173.21889,-2518.6055,209.19911,15.586543,484.31002,0.010991526,-1.1639471,0.070399083,-0.0095151172,-0.0074052473,-0.0012293004,0.00043265818,4.3301804e-06,0.00067111804,0.99992221,0.00040932324,4.3368052e-06,0.0006595933,1,0,0,-0.0019186523,0.0015566642,1.5969962,527.79106,2518.6055,96,0,-1.163805,nan,0.071590757,nan,nan,133034.33,-4857.8169,-151.55636,197.84177,0.025912553,0.15039154,0.77447834,0,0,0,0,0,0
4.73,2738.4457,173.29679,-2516.1843,209.09049,15.570875,484.13075,0.010959019,-1.163984,0.070382731,-0.0094891608,-0.0073965232,-0.0011880526,0.00042631556,4.3320359e-06,0.00066832346,0.99992298,0.0004017637,4.3394762e-06,0.00065831047,1,0,0,-0.0019001211,0.001548906,1.5963206,527.58304,2516.1843,96,0,-1.1638315,nan,0.071582029,nan,nan,132962.22,-4856.3138,-150.78949,195.92009,0.026022326,0.20255508,0.79286653,0,0,0,0,0,0
4.735,2739.4909,173.37461,-2513.764,208.982,15.555259,483.95151,0.010926162,-1.1640209,0.070366903,-0.009463094,-0.0073835645,-0.0011479244,0.00041974212,4.3342206e-06,0.00066589896,0.99992375,0.00039457138,4.3431727e-06,0.00065715457,1,0,0,-0.0018817025,0.0015410073,1.5956453,527.3751,2513.764,96,0,-1.1638578,nan,0.07157343,nan,nan,132890.14,-4854.8097,-150.00099,194.01538,0.026134,0.3176628,0.71568516,0,0,0,0,0,0
4.74,2740.5356,173.45235,-2511.3446,208.87363,15.539697,483.77229,0.010892989,-1.1640577,0.070351561,-0.0094369145,-0.0073639475,-0.0011133853,0.00041311692,4.3368713e-06,0.00066371325,0.99992451,0.00038802673,4.3477145e-06,0.00065559924,1,0,0,-0.0018633684,0.001532985,1.5949703,527.16725,2511.3446,96,0,-1.1638839,nan,0.07156496,nan,nan,132818.08,-4853.3045,-149.19514,192.12128,0.026248428,0.45236555,0.57445205,0,0,0,0,0,0
4.745,2741.5798,173.53002,-2508.9261,208.76539,15.524189,483.59311,0.010859577,-1.1640944,0.070336622,-0.0094106193,-0.0073375436,-0.0010868343,0.000406606,4.3400216e-06,0.00066157195,0.99992526,0.0003821541,4.3527102e-06,0.00065332064,1,0,0,-0.0018450837,0.0015248745,1.5942956,526.95947,2508.9261,96,0,-1.1639099,nan,0.071556618,nan,nan,132746.04,-4851.7984,-148.37925,190.23094,0.026365844,0.56570999,0.41678268,0,0,0,0,0,0
4.75,2742.6234,173.60761,-2506.5085,208.65727,15.508736,483.41395,0.010826022,-1.164131,0.070321982,-0.0093842057,-0.0073061062,-0.0010681235,0.00040031205,4.3435954e-06,0.00065928963,0.99992601,0.00037676518,4.35769e-06,0.00065026991,1,0,0,-0.0018268174,0.001516717,1.5936212,526.75177,2506.5085,96,0,-1.1639357,nan,0.071548403,nan,nan,132674.03,-4850.2913,-147.56116,188.33911,0.026485817,0.63158531,0.28882997,0,0,0,0,0,0
4.755,2743.6664,173.68513,-2504.0918,208.54929,15.493337,483.23483,0.010792405,-1.1641674,0.070307555,-0.0093576713,-0.0072723449,-0.0010549635,0.00039425434,4.3474335e-06,0.00065674798,0.99992674,0.00037156094,4.362245e-06,0.00064664755,1,0,0,-0.0018085499,0.0015085479,1.5929471,526.54416,2504.0918,96,0,-1.1639613,nan,0.071540316,nan,nan,132602.04,-4848.7833,-146.74681,186.44333,0.026607403,0.64399259,0.22082647,0,0,0,0,0,0
4.76,2744.709,173.76256,-2501.676,208.44142,15.477992,483.05573,0.010758776,-1.1642036,0.070293286,-0.0093310151,-0.0072388846,-0.0010439487,0.00038837897,4.3513422e-06,0.00065392388,0.99992747,0.000366248,4.3661286e-06,0.00064280259,1,0,0,-0.0017902757,0.0015003879,1.5922733,526.33662,2501.676,96,0,-1.1639868,nan,0.071532355,nan,nan,132530.08,-4847.2744,-145.93882,184.54399,0.026729427,0.61490532,0.21984666,0,0,0,0,0,0
4.765,2745.751,173.83992,-2499.2611,208.33369,15.462702,482.87667,0.010725144,-1.1642397,0.070279165,-0.009304237,-0.0072074593,-0.0010317853,0.00038259027,4.3551434e-06,0.00065088297,0.99992819,0.00036062986,4.369293e-06,0.00063909982,1,0,0,-0.0017720006,0.0014922403,1.5915998,526.12916,2499.2611,96,0,-1.164012,nan,0.071524521,nan,nan,132458.14,-4845.7646,-145.13633,182.64351,0.026850798,0.56687653,0.27100655,0,0,0,0,0,0
4.77,2746.7924,173.9172,-2496.8471,208.22607,15.447465,482.69763,0.010691485,-1.1642756,0.07026522,-0.0092773381,-0.0071785506,-0.0010163003,0.00037678903,4.3587132e-06,0.00064774592,0.99992891,0.00035464922,4.3718585e-06,0.0006358019,1,0,0,-0.0017537363,0.001484094,1.5909266,525.92179,2496.8471,96,0,-1.1640371,nan,0.071516812,nan,nan,132386.23,-4844.2539,-144.33592,180.74499,0.026970739,0.52377933,0.34546159,0,0,0,0,0,0
4.775,2747.8333,173.99441,-2494.4339,208.11859,15.432281,482.51862,0.010657758,-1.1643114,0.070251496,-0.00925032,-0.0071514936,-0.00099694503,0.00037090419,4.3619974e-06,0.00064464233,0.99992962,0.00034837762,4.3740359e-06,0.00063300162,1,0,0,-0.0017354944,0.0014759308,1.5902537,525.71449,2494.4339,96,0,-1.1640621,nan,0.071509229,nan,nan,132314.33,-4842.7422,-143.53324,178.85102,0.027088899,0.5029839,0.41164917,0,0,0,0,0,0
4.78,2748.8737,174.07154,-2492.0217,208.01123,15.417151,482.33965,0.010623922,-1.164347,0.070238038,-0.0092231844,-0.0071249263,-0.00097470665,0.00036490926,4.3650028e-06,0.00064166862,0.99993032,0.00034196648,4.3760331e-06,0.00063061832,1,0,0,-0.0017172811,0.001467733,1.5895811,525.50727,2492.0217,96,0,-1.1640868,nan,0.071501771,nan,nan,132242.47,-4841.2297,-142.72463,176.96275,0.027205301,0.51116173,0.4457184,0,0,0,0,0,0
4.785,2749.9136,174.1486,-2489.6103,207.904,15.402075,482.1607,0.010589952,-1.1643826,0.070224874,-0.009195933,-0.0070973681,-0.0009515461,0.00035882127,4.3677714e-06,0.00063886284,0.99993101,0.00033558257,4.3779779e-06,0.00062845004,1,0,0,-0.0016990954,0.0014594908,1.5889088,525.30014,2489.6103,96,0,-1.1641114,nan,0.071494437,nan,nan,132170.63,-4839.7162,-141.90833,175.07978,0.027320189,0.5443224,0.43794961,0,0,0,0,0,0
4.79,2750.9529,174.22558,-2487.1999,207.79689,15.387054,481.98178,0.010555848,-1.1644179,0.070212005,-0.0091685673,-0.0070677203,-0.00092961062,0.0003526862,4.3703486e-06,0.00063620179,0.9999317,0.00032935168,4.3798796e-06,0.00062625639,1,0,0,-0.0016809296,0.0014512047,1.5882368,525.09308,2487.1999,96,0,-1.1641358,nan,0.071487227,nan,nan,132098.81,-4838.2018,-141.08482,173.20042,0.02743383,0.59122586,0.39371511,0,0,0,0,0,0
4.795,2751.9916,174.30248,-2484.7903,207.6899,15.372087,481.8029,0.010521633,-1.1644532,0.070199406,-0.0091410883,-0.0070355445,-0.000910506,0.00034655811,4.3727551e-06,0.00063361809,0.99993238,0.00032332656,4.3816354e-06,0.00062384137,1,0,0,-0.0016627721,0.0014428849,1.5875651,524.88611,2484.7903,96,0,-1.1641601,nan,0.071480141,nan,nan,132027.02,-4836.6864,-140.25647,171.3224,0.027546344,0.63841278,0.32948536,0,0,0,0,0,0
4.8,2753.0299,174.37931,-2482.3817,207.58304,15.357174,481.62404,0.010487344,-1.1644882,0.070187037,-0.0091134974,-0.0070010746,-0.00089485171,0.00034047999,4.3749731e-06,0.0006310287,0.99993305,0.0003174846,4.3830726e-06,0.00062110944,1,0,0,-0.0016446104,0.0014345479,1.5868937,524.67921,2482.3817,96,0,-1.1641842,nan,0.071473177,nan,nan,131955.25,-4835.1703,-139.42655,169.44359,0.027657605,0.674932,0.2658891,0,0,0,0,0,0
4.805,2754.0676,174.45607,-2479.9739,207.47631,15.342317,481.44521,0.01045302,-1.1645231,0.070174858,-0.0090857958,-0.0069650132,-0.00088221862,0.00033447198,4.376947e-06,0.00062836417,0.99993372,0.00031174994,4.3840088e-06,0.00061808131,1,0,0,-0.0016264347,0.0014262104,1.5862225,524.4724,2479.9739,96,0,-1.1642081,nan,0.071466336,nan,nan,131883.51,-4833.6532,-138.59813,167.56255,0.027767249,0.69532308,0.22047905,0,0,0,0,0,0
4.81,2755.1047,174.53275,-2477.5671,207.3697,15.327514,481.26642,0.010418692,-1.1645578,0.070162834,-0.0090579853,-0.0069282192,-0.00087141236,0.00032852923,4.3785983e-06,0.00062558912,0.99993438,0.00030602801,4.3843063e-06,0.00061487002,1,0,0,-0.001608239,0.0014178852,1.5855517,524.26567,2477.5671,96,0,-1.1642318,nan,0.071459618,nan,nan,131811.79,-4832.1353,-137.77325,165.67874,0.027874759,0.70025375,0.2025575,0,0,0,0,0,0
4.815,2756.1414,174.60936,-2475.1611,207.26321,15.312766,481.08765,0.010384374,-1.1645923,0.07015095,-0.0090300684,-0.0068914081,-0.00086096016,0.00032262816,4.3798457e-06,0.00062270872,0.99993503,0.0003002392,4.3839061e-06,0.0006116312,1,0,0,-0.0015900216,0.0014095781,1.5848812,524.05901,2475.1611,96,0,-1.1642554,nan,0.07145302,nan,nan,131740.1,-4830.6165,-136.95241,163.79241,0.027979594,0.69507819,0.2114113,0,0,0,0,0,0
4.82,2757.1775,174.68589,-2472.756,207.15685,15.298071,480.90892,0.010350065,-1.1646267,0.07013921,-0.0090020479,-0.0068549587,-0.00084961517,0.00031673749,4.3806248e-06,0.00061976123,0.99993568,0.00029434095,4.382832e-06,0.00060850699,1,0,0,-0.0015717838,0.0014012881,1.584211,523.85244,2472.756,96,0,-1.1642788,nan,0.071446544,nan,nan,131668.43,-4829.0969,-136.13479,161.90429,0.028081315,0.68719085,0.23801676,0,0,0,0,0,0
4.825,2758.213,174.76235,-2470.3518,207.05062,15.283431,480.73021,0.010315752,-1.1646608,0.070127627,-0.0089739269,-0.0068188651,-0.00083671409,0.00031082942,4.3809e-06,0.00061680097,0.99993632,0.00028833357,4.3811684e-06,0.00060558269,1,0,0,-0.0015535276,0.0013930087,1.5835411,523.64595,2470.3518,96,0,-1.164302,nan,0.071440188,nan,nan,131596.78,-4827.5764,-135.3187,160.01514,0.028179662,0.68326002,0.26915607,0,0,0,0,0,0
4.83,2759.2481,174.83874,-2467.9485,206.94451,15.268845,480.55154,0.010281416,-1.1646948,0.070116222,-0.008945709,-0.0067828219,-0.00082229501,0.00030488757,4.3806671e-06,0.00061387877,0.99993696,0.00028225127,4.3790227e-06,0.00060286801,1,0,0,-0.0015352546,0.0013847321,1.5828715,523.43954,2467.9485,96,0,-1.1643251,nan,0.071433952,nan,nan,131525.16,-4826.0551,-134.50233,158.12542,0.028274575,0.68724762,0.29227029,0,0,0,0,0,0
4.835,2760.2826,174.91506,-2465.5461,206.83852,15.254312,480.37289,0.010247042,-1.1647286,0.070105012,-0.0089173976,-0.0067463869,-0.00080697329,0.00029890955,4.3799454e-06,0.00061102632,0.99993758,0.00027614415,4.3764865e-06,0.00060030539,1,0,0,-0.0015169643,0.0013764518,1.5822022,523.23321,2465.5461,96,0,-1.164348,nan,0.071427836,nan,nan,131453.57,-4824.5329,-133.68442,156.23515,0.028366144,0.69969009,0.29938377,0,0,0,0,0,0
4.84,2761.3166,174.9913,-2463.1446,206.73267,15.239834,480.19428,0.010212625,-1.1647622,0.070094004,-0.0088889958,-0.0067091552,-0.00079165098,0.00029290468,4.3787649e-06,0.00060824912,0.99993821,0.00027005873,4.3736086e-06,0.00059779863,1,0,0,-0.001498654,0.0013681653,1.5815332,523.02696,2463.1446,96,0,-1.1643707,nan,0.071421839,nan,nan,131382,-4823.0098,-132.8646,154.34385,0.028454533,0.718218,0.28897728,0,0,0,0,0,0
4.845,2762.35,175.06747,-2460.744,206.62693,15.225409,480.0157,0.010178169,-1.1647956,0.070083193,-0.0088605069,-0.006670886,-0.00077717763,0.00028688835,4.3771524e-06,0.00060552871,0.99993882,0.00026402363,4.3703856e-06,0.00059524971,1,0,0,-0.0014803196,0.0013598746,1.5808645,522.82079,2460.744,96,0,-1.1643933,nan,0.071415961,nan,nan,131310.45,-4821.486,-132.04343,152.4508,0.028539887,0.73890058,0.26550995,0,0,0,0,0,0
4.85,2763.383,175.14357,-2458.3443,206.52133,15.211039,479.83715,0.010143687,-1.1648289,0.070072565,-0.0088319338,-0.0066315515,-0.00076407882,0.00028087565,4.3751218e-06,0.00060283245,0.99993943,0.00025804376,4.3667718e-06,0.00059259067,1,0,0,-0.0014619559,0.0013515854,1.5801961,522.6147,2458.3443,96,0,-1.1644157,nan,0.0714102,nan,nan,131238.93,-4819.9613,-131.22212,150.55517,0.028622269,0.75782009,0.23708934,0,0,0,0,0,0
4.855,2764.4153,175.2196,-2455.9455,206.41584,15.196723,479.65863,0.010109197,-1.1648619,0.070062103,-0.0088032796,-0.0065913074,-0.00075242965,0.00027487633,4.3726702e-06,0.00060012621,0.99994003,0.00025210335,4.3627017e-06,0.00058980119,1,0,0,-0.0014435583,0.0013433049,1.579528,522.40869,2455.9455,96,0,-1.1644379,nan,0.071404557,nan,nan,131167.44,-4818.4358,-130.40207,148.65627,0.028701633,0.7723263,0.21231124,0,0,0,0,0,0
4.86,2765.4472,175.29555,-2453.5475,206.31049,15.182461,479.48014,0.010074713,-1.1648948,0.07005179,-0.0087745472,-0.0065504105,-0.00074189258,0.00026889255,4.3697809e-06,0.00059738577,0.99994063,0.000246175,4.3581156e-06,0.00058690807,1,0,0,-0.0014251233,0.0013350396,1.5788602,522.20276,2453.5475,96,0,-1.16446,nan,0.071399031,nan,nan,131095.97,-4816.9094,-129.58445,146.75369,0.028777842,0.78163315,0.19740829,0,0,0,0,0,0
4.865,2766.4786,175.37143,-2451.1505,206.20525,15.168253,479.30168,0.010040247,-1.1649274,0.070041614,-0.0087457399,-0.0065091206,-0.00073188306,0.00026291951,4.3664309e-06,0.00059460326,0.99994122,0.00024023064,4.3529802e-06,0.00058396976,1,0,0,-0.0014066484,0.0013267939,1.5781927,521.99692,2451.1505,96,0,-1.1644819,nan,0.071393622,nan,nan,131024.53,-4815.3823,-128.76984,144.84728,0.028850715,0.78669791,0.19458083,0,0,0,0,0,0
4.87,2767.5094,175.44725,-2448.7543,206.10015,15.154098,479.12325,0.010005802,-1.1649598,0.070031572,-0.0087168612,-0.0064676207,-0.00072179093,0.00025694817,4.3625999e-06,0.0005917874,0.99994181,0.00023425046,4.347298e-06,0.00058105281,1,0,0,-0.0013881328,0.0013185689,1.5775255,521.79115,2448.7543,96,0,-1.1645036,nan,0.071388329,nan,nan,130953.11,-4813.8544,-127.95821,142.9371,0.028920089,0.78956526,0.20187492,0,0,0,0,0,0
4.875,2768.5397,175.52299,-2446.3591,205.99517,15.139997,478.94485,0.0099713755,-1.164992,0.070021668,-0.0086879145,-0.0064259779,-0.00071117763,0.00025096882,4.3582774e-06,0.00058895829,0.99994239,0.0002282275,4.3411039e-06,0.00057820928,1,0,0,-0.001369576,0.001310363,1.5768586,521.58547,2446.3591,96,0,-1.1645252,nan,0.071383151,nan,nan,130881.71,-4812.3256,-127.14902,141.02329,0.028985863,0.79249367,0.21442018,0,0,0,0,0,0
4.88,2769.5694,175.59866,-2443.9647,205.89032,15.125949,478.76648,0.0099369606,-1.165024,0.070011909,-0.0086589035,-0.0063841496,-0.00069988928,0.00024497418,4.3534663e-06,0.00058613933,0.99994296,0.00022216708,4.3344522e-06,0.0005754621,1,0,0,-0.0013509776,0.0013021729,1.576192,521.37987,2443.9647,96,0,-1.1645466,nan,0.071378088,nan,nan,130810.34,-4810.7961,-126.34147,139.10597,0.029048025,0.79718833,0.22642901,0,0,0,0,0,0
4.885,2770.5987,175.67426,-2441.5712,205.78559,15.111954,478.58815,0.0099025502,-1.1650558,0.070002303,-0.0086298317,-0.0063420233,-0.00068806123,0.00023896099,4.3481815e-06,0.00058334925,0.99994353,0.00021608251,4.3273991e-06,0.00057280204,1,0,0,-0.0013323371,0.0012939956,1.5755257,521.17434,2441.5712,96,0,-1.1645678,nan,0.07137314,nan,nan,130739,-4809.2657,-125.53488,137.18513,0.029106643,0.80436576,0.23319961,0,0,0,0,0,0
4.89,2771.6274,175.7498,-2439.1786,205.68099,15.098013,478.40984,0.0098681396,-1.1650874,0.069992856,-0.0086007027,-0.0062994707,-0.00067602856,0.00023293015,4.3424459e-06,0.00058059684,0.99994409,0.00020998902,4.3199878e-06,0.00057019549,1,0,0,-0.0013136531,0.0012858287,1.5748597,520.9689,2439.1786,96,0,-1.1645889,nan,0.071368306,nan,nan,130667.68,-4807.7346,-124.72885,135.26063,0.029161842,0.81372379,0.23247448,0,0,0,0,0,0
4.895,2772.6556,175.82526,-2436.7869,205.57652,15.084124,478.23157,0.0098337285,-1.1651188,0.069983568,-0.0085715199,-0.0062563966,-0.00066418534,0.00022688538,4.3362837e-06,0.00057787958,0.99994465,0.00020389835,4.3122398e-06,0.00056759896,1,0,0,-0.0012949238,0.0012776722,1.5741941,520.76354,2436.7869,96,0,-1.1646098,nan,0.071363586,nan,nan,130596.39,-4806.2027,-123.92341,133.33219,0.029213757,0.82424543,0.22480877,0,0,0,0,0,0
4.9,2773.6833,175.90065,-2434.3961,205.47217,15.070289,478.05332,0.009799321,-1.16515,0.069974435,-0.0085422864,-0.0062127661,-0.00065284558,0.0002208313,4.3297157e-06,0.00057518629,0.9999452,0.00019781552,4.3041547e-06,0.00056497474,1,0,0,-0.001276147,0.0012695277,1.5735287,520.55826,2434.3961,96,0,-1.1646305,nan,0.071358978,nan,nan,130525.12,-4804.67,-123.11894,131.39949,0.029262501,0.83467196,0.21297339,0,0,0,0,0,0
4.905,2774.7104,175.97597,-2432.0062,205.36796,15.056507,477.87511,0.0097649239,-1.1651809,0.06996545,-0.0085130053,-0.0061686079,-0.00064215077,0.00021477162,4.3227554e-06,0.00057250203,0.99994575,0.00019173848,4.2957176e-06,0.00056230229,1,0,0,-0.0012573205,0.001261398,1.5728636,520.35307,2432.0062,96,0,-1.1646511,nan,0.071354483,nan,nan,130453.88,-4803.1365,-122.31603,129.46225,0.02930814,0.84395902,0.20072698,0,0,0,0,0,0
4.91,2775.737,176.05123,-2429.6172,205.26386,15.042778,477.69692,0.0097305448,-1.1652116,0.069956605,-0.0084836799,-0.0061239956,-0.00063204723,0.00020870798,4.3154092e-06,0.00056981359,0.99994629,0.00018566007,4.2869094e-06,0.00055958242,1,0,0,-0.0012384423,0.0012532861,1.5721988,520.14795,2429.6172,96,0,-1.1646715,nan,0.0713501,nan,nan,130382.67,-4801.6022,-121.51525,127.52021,0.029350695,0.85157187,0.19144685,0,0,0,0,0,0
4.915,2776.7632,176.12642,-2427.2291,205.1599,15.029102,477.51877,0.0096961901,-1.1652421,0.069947893,-0.0084543132,-0.0060790188,-0.00062233032,0.00020263969,4.3076786e-06,0.00056711357,0.99994682,0.00017957126,4.2777179e-06,0.00055683392,1,0,0,-0.001219511,0.0012451945,1.5715343,519.94292,2427.2291,96,0,-1.1646918,nan,0.071345829,nan,nan,130311.47,-4800.0672,-120.717,125.57325,0.02939015,0.85755704,0.18708382,0,0,0,0,0,0
4.92,2777.7887,176.20153,-2424.8418,205.05606,15.015479,477.34065,0.009661863,-1.1652724,0.069939311,-0.0084249083,-0.0060337539,-0.00061273144,0.00019656433,4.2995638e-06,0.00056440199,0.99994735,0.00017346431,4.2681448e-06,0.00055408483,1,0,0,-0.0012005254,0.0012371245,1.5708701,519.73796,2424.8418,96,0,-1.1647119,nan,0.071341669,nan,nan,130240.31,-4798.5314,-119.92141,123.6213,0.029426484,0.86241166,0.18773338,0,0,0,0,0,0
4.925,2778.8138,176.27658,-2422.4555,204.95236,15.001908,477.16256,0.009627564,-1.1653024,0.069930859,-0.0083954683,-0.0059882461,-0.00060301327,0.00019047871,4.2910674e-06,0.0005616852,0.99994787,0.00016733498,4.2582067e-06,0.00055136202,1,0,0,-0.001181485,0.0012290758,1.5702062,519.53309,2422.4555,96,0,-1.1647318,nan,0.071337619,nan,nan,130169.17,-4796.9948,-119.12834,121.66434,0.029459693,0.8668335,0.19187314,0,0,0,0,0,0
4.93,2779.8384,176.35157,-2420.07,204.84878,14.988389,476.98449,0.0095932911,-1.1653323,0.069922539,-0.0083659963,-0.0059425041,-0.00059304104,0.00018438001,4.2821971e-06,0.00055897295,0.99994839,0.00016118305,4.247932e-06,0.00054868259,1,0,0,-0.001162389,0.0012210475,1.5695426,519.3283,2420.07,96,0,-1.1647515,nan,0.071333679,nan,nan,130098.06,-4795.4575,-118.3375,119.70237,0.029489804,0.87145615,0.19709264,0,0,0,0,0,0
4.935,2780.8624,176.42648,-2417.6855,204.74532,14.974923,476.80646,0.0095590413,-1.1653619,0.069914354,-0.0083364954,-0.005896508,-0.00058281009,0.00017826644,4.2729659e-06,0.00055627474,0.99994891,0.00015501153,4.2373536e-06,0.00054604977,1,0,0,-0.0011432369,0.0012130381,1.5688794,519.12359,2417.6855,96,0,-1.1647711,nan,0.071329849,nan,nan,130026.97,-4793.9194,-117.54854,117.73537,0.029516885,0.87665815,0.20100662,0,0,0,0,0,0
4.94,2781.8859,176.50133,-2415.3018,204.642,14.961509,476.62846,0.0095248122,-1.1653912,0.069906308,-0.0083069686,-0.0058502248,-0.00057242711,0.00017213756,4.263391e-06,0.00055359678,0.99994942,0.00014882493,4.2265016e-06,0.00054345394,1,0,0,-0.0011240279,0.0012050463,1.5682164,518.91896,2415.3018,96,0,-1.1647906,nan,0.071326127,nan,nan,129955.9,-4792.3806,-116.76123,115.76328,0.029541034,0.88249289,0.20202755,0,0,0,0,0,0
4.945,2782.9089,176.57611,-2412.919,204.53881,14.948147,476.45049,0.0094906028,-1.1654203,0.069898401,-0.0082774188,-0.005803625,-0.00056205784,0.00016599404,4.2534916e-06,0.00055094047,0.99994992,0.00014262744,4.2153978e-06,0.00054087763,1,0,0,-0.0011047613,0.0011970716,1.5675537,518.71441,2412.919,96,0,-1.1648099,nan,0.071322515,nan,nan,129884.87,-4790.841,-115.97548,113.78599,0.029562364,0.88873798,0.19976596,0,0,0,0,0,0
4.95,2783.9314,176.65082,-2410.5371,204.43574,14.934837,476.27255,0.0094564142,-1.1654492,0.069890632,-0.0082478488,-0.0057566945,-0.00055186323,0.0001598371,4.2432859e-06,0.00054830271,0.99995042,0.00013642157,4.2040539e-06,0.00053830241,1,0,0,-0.0010854359,0.0011891143,1.5668913,518.50995,2410.5371,96,0,-1.164829,nan,0.07131901,nan,nan,129813.86,-4789.3006,-115.19138,111.80339,0.029580982,0.89502395,0.19498166,0,0,0,0,0,0
4.955,2784.9534,176.72547,-2408.1561,204.33281,14.921579,476.09464,0.009422249,-1.1654779,0.069882998,-0.0082182612,-0.0057094391,-0.00054194653,0.00015366797,4.2327895e-06,0.00054567756,0.99995091,0.0001302076,4.1924728e-06,0.00053571506,1,0,0,-0.0010660508,0.0011811755,1.5662293,518.30556,2408.1561,96,0,-1.1648479,nan,0.071315612,nan,nan,129742.87,-4787.7595,-114.40915,109.81533,0.029596978,0.90098492,0.1891667,0,0,0,0,0,0
4.96,2785.9749,176.80005,-2405.776,204.23,14.908372,475.91676,0.0093881107,-1.1655063,0.069875497,-0.0081886587,-0.0056618817,-0.00053232699,0.00014748738,4.2220142e-06,0.00054305863,0.9999514,0.0001239839,4.1806531e-06,0.00053311116,1,0,0,-0.0010466051,0.0011732564,1.5655675,518.10126,2405.776,96,0,-1.1648667,nan,0.071312322,nan,nan,129671.91,-4786.2177,-113.62905,107.82173,0.02961042,0.90637771,0.18394937,0,0,0,0,0,0
4.965,2786.9958,176.87457,-2403.3968,204.12732,14.895218,475.73891,0.0093540026,-1.1655345,0.069868123,-0.0081590437,-0.0056140544,-0.000522945,0.00014129534,4.210969e-06,0.00054044126,0.99995189,0.00011774778,4.1685936e-06,0.00053049525,1,0,0,-0.001027098,0.0011653584,1.564906,517.89704,2403.3968,96,0,-1.1648853,nan,0.071309138,nan,nan,129600.98,-4784.6751,-112.8513,105.82249,0.029621353,0.91113724,0.18053994,0,0,0,0,0,0
4.97,2788.0162,176.94902,-2401.0184,204.02478,14.882115,475.56109,0.0093199271,-1.1655625,0.069860876,-0.0081294188,-0.0055659889,-0.00051369233,0.00013509125,4.199661e-06,0.00053782382,0.99995237,0.00011149653,4.1562978e-06,0.00052787805,1,0,0,-0.0010075289,0.0011574821,1.5642448,517.6929,2401.0184,96,0,-1.1649038,nan,0.07130606,nan,nan,129530.07,-4783.1318,-112.07603,103.81757,0.029629813,0.91536285,0.17939348,0,0,0,0,0,0
4.975,2789.0361,177.0234,-2398.641,203.92236,14.869064,475.3833,0.0092858851,-1.1655902,0.069853753,-0.0080997863,-0.0055177094,-0.000504454,0.00012887412,4.1880976e-06,0.0005352078,0.99995284,0.00010522828,4.1437757e-06,0.00052527207,1,0,0,-0.00098789728,0.001149628,1.563584,517.48884,2398.641,96,0,-1.1649221,nan,0.071303088,nan,nan,129459.19,-4781.5878,-111.30322,101.80695,0.029635836,0.91925392,0.18016898,0,0,0,0,0,0
4.98,2790.0556,177.09772,-2396.2644,203.82007,14.856063,475.20554,0.0092518763,-1.1656176,0.069846756,-0.0080701489,-0.005469229,-0.00049514639,0.00012264296,4.1762874e-06,0.00053259689,0.99995331,9.8942384e-05,4.1310429e-06,0.00052268724,1,0,0,-0.00096820281,0.0011417955,1.5629234,517.28487,2396.2644,96,0,-1.1649403,nan,0.071300221,nan,nan,129388.33,-4780.043,-110.53277,99.790604,0.02963947,0.92302581,0.18195537,0,0,0,0,0,0
4.985,2791.0745,177.17198,-2393.8887,203.71792,14.843114,475.02781,0.0092178999,-1.1656449,0.069839884,-0.0080405087,-0.00542055,-0.00048573953,0.00011639699,4.1642413e-06,0.00052999546,0.99995377,9.2639361e-05,4.1181187e-06,0.00052012804,1,0,0,-0.00094844518,0.0011339843,1.5622631,517.08097,2393.8887,96,0,-1.1649583,nan,0.071297458,nan,nan,129317.5,-4778.4975,-109.76455,97.768531,0.029640777,0.92683745,0.18365224,0,0,0,0,0,0
4.99,2792.0928,177.24617,-2391.514,203.61589,14.830216,474.85011,0.0091839547,-1.1656718,0.06983314,-0.0080108681,-0.0053716688,-0.00047625865,0.00011013586,4.151972e-06,0.00052740702,0.99995424,8.6320455e-05,4.1050222e-06,0.00051759282,1,0,0,-0.00092862408,0.0011261936,1.5616032,516.87716,2391.514,96,0,-1.1649761,nan,0.071294799,nan,nan,129246.7,-4776.9513,-108.99841,95.740704,0.029639835,0.93075179,0.1843579,0,0,0,0,0,0
4.995,2793.1107,177.32029,-2389.1401,203.514,14.817369,474.67244,0.0091500401,-1.1656986,0.069826524,-0.0079812293,-0.0053225802,-0.0004667674,0.0001038596,4.1394935e-06,0.00052483324,0.99995469,7.9987063e-05,4.0917699e-06,0.00051507526,1,0,0,-0.00090873916,0.0011184231,1.5609435,516.67343,2389.1401,96,0,-1.1649938,nan,0.071292243,nan,nan,129175.92,-4775.4044,-108.23428,93.707093,0.029636732,0.93473551,0.18363642,0,0,0,0,0,0
5,2794.1281,177.39435,-2386.7671,203.41224,14.804573,474.4948,0.0091161564,-1.1657251,0.069820036,-0.0079515945,-0.0052732825,-0.00045734083,9.7568518e-05,4.1268196e-06,0.00052227364,0.99995514,7.3640229e-05,4.0783735e-06,0.00051256707,1,0,0,-0.00088879009,0.0011106728,1.5602842,516.46978,2386.7671,96,0,-1.1650113,nan,0.071289791,nan,nan,129105.17,-4773.8567,-107.47217,91.667661,0.029631555,0.93869007,0.18159316,0,0,0,0,0,0
5.005,2795.1449,177.46835,-2384.3949,203.31061,14.791828,474.31719,0.0090823046,-1.1657513,0.069813674,-0.0079219657,-0.0052237797,-0.00044803865,9.1262993e-05,4.1139629e-06,0.00051972608,0.99995559,6.7280353e-05,4.0648405e-06,0.0005100611,1,0,0,-0.00086877651,0.0011029429,1.5596251,516.26621,2384.3949,96,0,-1.1650287,nan,0.071287441,nan,nan,129034.44,-4772.3083,-106.71215,89.622369,0.029624385,0.94249788,0.17876144,0,0,0,0,0,0
5.01,2796.1613,177.54228,-2382.0237,203.20911,14.779133,474.13961,0.0090484862,-1.1657773,0.069807438,-0.0078923448,-0.0051740816,-0.00043888737,8.4943316e-05,4.1009346e-06,0.00051718772,0.99995603,6.0907184e-05,4.0511749e-06,0.00050755343,1,0,0,-0.00084869811,0.001095234,1.5589663,516.06272,2382.0237,96,0,-1.1650459,nan,0.071285193,nan,nan,128963.74,-4770.7592,-105.95434,87.571184,0.029615293,0.94606526,0.17586456,0,0,0,0,0,0
5.015,2797.1771,177.61615,-2379.6534,203.10775,14.766489,473.96206,0.009014703,-1.1658031,0.069801324,-0.0078627337,-0.0051242021,-0.00042987597,7.8609588e-05,4.0877439e-06,0.00051465606,0.99995647,5.452002e-05,4.0373799e-06,0.00050504429,1,0,0,-0.00082855466,0.0010875467,1.5583079,515.85932,2379.6534,96,0,-1.165063,nan,0.071283046,nan,nan,128893.07,-4769.2094,-105.19884,85.514084,0.029604336,0.94934912,0.17354945,0,0,0,0,0,0
5.02,2798.1925,177.68996,-2377.2839,203.00651,14.753895,473.78454,0.0089809564,-1.1658286,0.069795331,-0.0078331343,-0.0050741561,-0.00042096465,7.2261704e-05,4.0743988e-06,0.00051212972,0.9999569,4.8118026e-05,4.0234596e-06,0.00050253732,1,0,0,-0.00080834597,0.0010798815,1.5576497,515.656,2377.2839,96,0,-1.1650799,nan,0.071281001,nan,nan,128822.42,-4767.6589,-104.44573,83.451057,0.029591564,0.95236156,0.17218368,0,0,0,0,0,0
5.025,2799.2073,177.76371,-2374.9153,202.90541,14.741352,473.60704,0.0089472472,-1.1658538,0.069789459,-0.0078035485,-0.0050239567,-0.0004121018,6.5899413e-05,4.0609068e-06,0.00050960872,0.99995733,4.1700533e-05,4.0094208e-06,0.00050003792,1,0,0,-0.00078807195,0.0010722385,1.5569919,515.45276,2374.9153,96,0,-1.1650966,nan,0.071279055,nan,nan,128751.8,-4766.1077,-103.69503,81.382104,0.029577023,0.9551556,0.17177371,0,0,0,0,0,0
5.03,2800.2216,177.83739,-2372.5477,202.80445,14.728859,473.42958,0.0089135757,-1.1658788,0.069783707,-0.0077739778,-0.0049736141,-0.00040324251,5.9522417e-05,4.0472756e-06,0.0005070943,0.99995776,3.5267225e-05,3.9952728e-06,0.00049755118,1,0,0,-0.00076773256,0.0010646179,1.5563344,515.2496,2372.5477,96,0,-1.1651132,nan,0.07127721,nan,nan,128681.21,-4764.5558,-102.94672,79.307233,0.029560763,0.95780028,0.17201418,0,0,0,0,0,0
5.035,2801.2354,177.91101,-2370.1809,202.70361,14.716415,473.25215,0.0088799418,-1.1659036,0.069778074,-0.0077444241,-0.0049231348,-0.00039436215,5.3130468e-05,4.0335135e-06,0.00050458834,0.99995818,2.8818177e-05,3.9810266e-06,0.00049508028,1,0,0,-0.00074732781,0.0010570193,1.5556771,515.04652,2370.1809,96,0,-1.1651296,nan,0.071275464,nan,nan,128610.64,-4763.0032,-102.20073,77.226453,0.029542838,0.96035555,0.17243313,0,0,0,0,0,0
5.04,2802.2488,177.98457,-2367.815,202.60291,14.704022,473.07474,0.008846345,-1.1659281,0.069772562,-0.0077148889,-0.0048725226,-0.00038546141,4.6723436e-05,4.0196296e-06,0.00050209262,0.99995859,2.2353759e-05,3.9666942e-06,0.00049262569,1,0,0,-0.00072685773,0.0010494424,1.5550202,514.84353,2367.815,96,0,-1.1651459,nan,0.071273818,nan,nan,128540.1,-4761.4498,-101.45701,75.139778,0.029523307,0.96285513,0.1725717,0,0,0,0,0,0
5.045,2803.2616,178.05806,-2365.4499,202.50234,14.691678,472.89737,0.0088127853,-1.1659523,0.069767171,-0.0076853739,-0.0048217804,-0.00037656222,4.0301326e-05,4.0056334e-06,0.00049960826,0.99995901,1.5874472e-05,3.9522864e-06,0.0004901854,1,0,0,-0.00070632236,0.0010418871,1.5543635,514.64062,2365.4499,96,0,-1.165162,nan,0.071272269,nan,nan,128469.58,-4759.8958,-100.7155,73.047218,0.029502235,0.96530139,0.17213382,0,0,0,0,0,0
5.05,2804.2739,178.13149,-2363.0858,202.40191,14.679384,472.72002,0.0087792626,-1.1659763,0.0697619,-0.0076558806,-0.0047709112,-0.00036769718,3.3864252e-05,3.9915347e-06,0.00049713545,0.99995942,9.3807672e-06,3.9378121e-06,0.00048775596,1,0,0,-0.00068572177,0.0010343533,1.5537072,514.43779,2363.0858,96,0,-1.165178,nan,0.071270819,nan,nan,128399.1,-4758.3411,-99.9762,70.948782,0.029479689,0.96767151,0.17106072,0,0,0,0,0,0
5.055,2805.2857,178.20487,-2360.7226,202.30161,14.66714,472.5427,0.0087457773,-1.166,0.069756748,-0.0076264104,-0.0047199198,-0.0003588971,2.7412379e-05,3.9773425e-06,0.00049467354,0.99995982,2.8729305e-06,3.9232781e-06,0.00048533381,1,0,0,-0.00066505604,0.0010268411,1.5530512,514.23504,2360.7226,96,0,-1.1651938,nan,0.071269466,nan,nan,128328.63,-4756.7857,-99.239122,68.844482,0.029455732,0.96993068,0.16951626,0,0,0,0,0,0
5.06,2806.297,178.27818,-2358.3602,202.20145,14.654945,472.36542,0.0087123304,-1.1660235,0.069751715,-0.0075969647,-0.0046688128,-0.0003501808,2.0945874e-05,3.9630652e-06,0.00049222133,0.99996022,-3.648958e-06,3.9086891e-06,0.00048291649,1,0,0,-0.00064432527,0.0010193506,1.5523954,514.03237,2358.3602,96,0,-1.1652095,nan,0.071268211,nan,nan,128258.2,-4755.2296,-98.504314,66.734332,0.029430421,0.97204653,0.16780054,0,0,0,0,0,0
5.065,2807.3078,178.35143,-2355.9987,202.10142,14.642799,472.18816,0.0086789225,-1.1660467,0.0697468,-0.0075675448,-0.0046175982,-0.00034155045,1.4464859e-05,3.9487102e-06,0.00048977758,0.99996062,-1.0184984e-05,3.894049e-06,0.00048050328,1,0,0,-0.00062352961,0.0010118822,1.55174,513.82979,2355.9987,96,0,-1.165225,nan,0.071267051,nan,nan,128187.79,-4753.6728,-97.771828,64.61835,0.029403808,0.97399986,0.16623061,0,0,0,0,0,0
5.07,2808.3181,178.42462,-2353.6381,202.00152,14.630702,472.01093,0.0086455546,-1.1660697,0.069742001,-0.007538152,-0.0045662846,-0.00033299308,7.9693946e-06,3.9342839e-06,0.00048734144,0.99996101,-1.673531e-05,3.8793614e-06,0.00047809522,1,0,0,-0.00060266923,0.001004436,1.5510849,513.62729,2353.6381,96,0,-1.1652404,nan,0.071265988,nan,nan,128117.41,-4752.1153,-97.041705,62.496559,0.029375938,0.97578892,0.16503255,0,0,0,0,0,0
5.075,2809.3279,178.49775,-2351.2784,201.90177,14.618655,471.83373,0.0086122274,-1.1660924,0.069737318,-0.0075087876,-0.0045148804,-0.00032448688,1.4594945e-06,3.9197924e-06,0.00048491263,0.9999614,-2.3300076e-05,3.8646309e-06,0.00047569447,1,0,0,-0.00058174437,0.00099701227,1.55043,513.42487,2351.2784,96,0,-1.1652556,nan,0.07126502,nan,nan,128047.05,-4750.5571,-96.313966,60.36899,0.029346854,0.977427,0.16427903,0,0,0,0,0,0
5.08,2810.3372,178.57082,-2348.9196,201.80214,14.606656,471.65656,0.0085789411,-1.1661149,0.06973275,-0.0074794528,-0.0044633404,-0.00031600966,-5.0643729e-06,3.9052415e-06,0.00048249149,0.99996178,-2.987339e-05,3.8498631e-06,0.00047330346,1,0,0,-0.00056075524,0.00098961101,1.5497755,513.22253,2348.9196,96,0,-1.1652706,nan,0.071264147,nan,nan,127976.72,-4748.9983,-95.588608,58.235789,0.029316598,0.98231294,0.16388681,0,0,0,0,0,0
5.085,2811.346,178.64383,-2346.5617,201.70265,14.594707,471.47941,0.0085456959,-1.1661371,0.069728297,-0.0074501487,-0.0044115227,-0.00030754608,-1.1598272e-05,3.8906371e-06,0.00048007877,0.99996216,-3.6438406e-05,3.8350647e-06,0.00047092403,1,0,0,-0.0005397015,0.00098223216,1.5491213,513.02028,2346.5617,96,0,-1.1652855,nan,0.071263369,nan,nan,127906.42,-4747.4388,-94.86561,56.096761,0.029285211,0.98698442,0.16366619,0,0,0,0,0,0
5.09,2812.3544,178.71678,-2344.2047,201.6033,14.582806,471.3023,0.0085124917,-1.166159,0.069723959,-0.0074208763,-0.0043595015,-0.00029909179,-1.813887e-05,3.8759854e-06,0.00047767531,0.99996254,-4.3002385e-05,3.8202426e-06,0.00046855692,1,0,0,-0.00051858259,0.00097487561,1.5484674,512.8181,2344.2047,96,0,-1.1653003,nan,0.071262685,nan,nan,127836.15,-4745.8786,-94.144943,53.951752,0.029252739,0.98957426,0.1633987,0,0,0,0,0,0
5.095,2813.3622,178.78967,-2341.8485,201.50409,14.570953,471.12521,0.0084793286,-1.1661807,0.069719735,-0.0073916369,-0.0043073903,-0.00029065318,-2.468606e-05,3.8612926e-06,0.00047528176,0.99996291,-4.9577145e-05,3.8054036e-06,0.00046620164,1,0,0,-0.00049739843,0.00096754124,1.5478138,512.61601,2341.8485,96,0,-1.1653149,nan,0.071262094,nan,nan,127765.9,-4744.3177,-93.426583,51.800757,0.029219229,0.99004826,0.16291418,0,0,0,0,0,0
5.1,2814.3695,178.8625,-2339.4932,201.40501,14.559149,470.94816,0.0084462066,-1.1662021,0.069715625,-0.0073624314,-0.0042552893,-0.00028224366,-3.1242316e-05,3.8465651e-06,0.00047289835,0.99996328,-5.6173127e-05,3.7905536e-06,0.00046385681,1,0,0,-0.00047614951,0.000960229,1.5471605,512.414,2339.4932,96,0,-1.1653294,nan,0.071261596,nan,nan,127695.67,-4742.7562,-92.710517,49.643881,0.029184728,0.98904469,0.16214097,0,0,0,0,0,0
5.105,2815.3763,178.93527,-2337.1388,201.30606,14.547393,470.77113,0.008413126,-1.1662233,0.069711629,-0.0073332608,-0.0042032565,-0.00027387809,-3.7811304e-05,3.831809e-06,0.00047052494,0.99996365,-6.2796159e-05,3.7756973e-06,0.00046152078,1,0,0,-0.00045483673,0.0009529389,1.5465075,512.21208,2337.1388,96,0,-1.1653437,nan,0.071261191,nan,nan,127625.48,-4741.1939,-91.996749,47.481298,0.029149281,0.98752663,0.16111608,0,0,0,0,0,0
5.11,2816.3827,179.00798,-2334.7853,201.20726,14.535686,470.59413,0.0083800872,-1.1662442,0.069707747,-0.007304126,-0.0041512989,-0.00026556748,-4.4396382e-05,3.8170298e-06,0.00046816104,0.99996401,-6.9446408e-05,3.7608384e-06,0.00045919216,1,0,0,-0.00043346114,0.00094567101,1.5458548,512.01023,2334.7853,96,0,-1.1653578,nan,0.071260878,nan,nan,127555.31,-4739.631,-91.285296,45.313192,0.02911293,0.98639678,0.15995757,0,0,0,0,0,0
5.115,2817.3885,179.08064,-2332.4327,201.10859,14.524026,470.41716,0.0083470908,-1.1662648,0.069703976,-0.0072750279,-0.0040993827,-0.00025731579,-5.0999506e-05,3.8022325e-06,0.00046580608,0.99996437,-7.6119424e-05,3.7459799e-06,0.00045687028,1,0,0,-0.00041202375,0.00093842546,1.5452024,511.80847,2332.4327,96,0,-1.1653719,nan,0.071260656,nan,nan,127485.17,-4738.0675,-90.576182,43.139712,0.029075716,0.98621005,0.15881348,0,0,0,0,0,0
5.12,2818.3938,179.15323,-2330.081,201.01006,14.512415,470.24021,0.0083141373,-1.1662852,0.069700318,-0.0072459673,-0.0040474543,-0.00024911946,-5.7620818e-05,3.7874218e-06,0.00046345956,0.99996472,-8.2808502e-05,3.7311245e-06,0.00045455533,1,0,0,-0.00039052531,0.00093120237,1.5445503,511.60679,2330.081,96,0,-1.1653857,nan,0.071260526,nan,nan,127415.06,-4736.5033,-89.869427,40.96095,0.029037674,0.98706,0.15780779,0,0,0,0,0,0
5.125,2819.3987,179.22577,-2327.7301,200.91167,14.500851,470.0633,0.008281227,-1.1663053,0.06969677,-0.0072169451,-0.0039954641,-0.00024096961,-6.4258922e-05,3.7726018e-06,0.00046112125,0.99996507,-8.9507318e-05,3.716275e-06,0.00045224812,1,0,0,-0.00036896633,0.00092400182,1.5438985,511.4052,2327.7301,96,0,-1.1653994,nan,0.071260486,nan,nan,127344.97,-4734.9384,-89.165046,38.776935,0.028998835,0.9886416,0.15700207,0,0,0,0,0,0
5.13,2820.4031,179.29826,-2325.3802,200.81341,14.489335,469.88641,0.0082483605,-1.1663252,0.069693332,-0.0071879621,-0.0039433842,-0.00023285569,-7.0911612e-05,3.7577763e-06,0.0004587912,0.99996542,-9.6211894e-05,3.7014349e-06,0.00044994976,1,0,0,-0.00034734707,0.00091682386,1.543247,511.20368,2325.3802,96,0,-1.165413,nan,0.071260536,nan,nan,127274.91,-4733.3728,-88.46304,36.58766,0.028959232,0.99043399,0.15638335,0,0,0,0,0,0
5.135,2821.4069,179.37068,-2323.0311,200.71529,14.477867,469.70955,0.0082155377,-1.1663448,0.069690005,-0.0071590189,-0.0038912148,-0.00022476923,-7.7576717e-05,3.7429493e-06,0.00045646968,0.99996577,-0.00010292139,3.6866078e-06,0.00044766124,1,0,0,-0.00032566774,0.00090966847,1.5425958,511.00225,2323.0311,96,0,-1.1654265,nan,0.071260675,nan,nan,127204.87,-4731.8066,-87.763403,34.393108,0.028918897,0.9919182,0.15587877,0,0,0,0,0,0
5.14,2822.4103,179.44305,-2320.6829,200.61731,14.466446,469.53272,0.0081827589,-1.1663641,0.069686786,-0.0071301164,-0.0038389804,-0.00021670629,-8.4252767e-05,3.7281246e-06,0.00045415708,0.99996611,-0.00010963768,3.6717977e-06,0.00044538308,1,0,0,-0.00030392859,0.00090253561,1.5419449,510.8009,2320.6829,96,0,-1.1654397,nan,0.071260904,nan,nan,127134.87,-4730.2397,-87.066122,32.193283,0.028877859,0.99275009,0.15538841,0,0,0,0,0,0
5.145,2823.4132,179.51535,-2318.3356,200.51947,14.455073,469.35592,0.0081500241,-1.1663832,0.069683678,-0.0071012551,-0.0037867184,-0.00020866815,-9.0939281e-05,3.7133061e-06,0.00045185372,0.99996644,-0.00011636411,3.6570086e-06,0.00044311523,1,0,0,-0.00028213003,0.00089542522,1.5412943,510.59964,2318.3356,96,0,-1.1654529,nan,0.071261222,nan,nan,127064.89,-4728.6722,-86.371184,29.988223,0.028836152,0.99284013,0.15482263,0,0,0,0,0,0
5.15,2824.4156,179.58761,-2315.9892,200.42177,14.443746,469.17915,0.0081173336,-1.166402,0.069680678,-0.0070724359,-0.0037344654,-0.00020066005,-9.7636667e-05,3.6984976e-06,0.00044955979,0.99996678,-0.00012310403,3.6422439e-06,0.00044085719,1,0,0,-0.00026027264,0.00088833727,1.540644,510.39845,2315.9892,96,0,-1.1654659,nan,0.071261627,nan,nan,126994.94,-4727.104,-85.678581,27.778006,0.028793807,0.99233202,0.15413078,0,0,0,0,0,0
5.155,2825.4175,179.6598,-2313.6436,200.32421,14.432467,469.0024,0.0080846874,-1.1664206,0.069677786,-0.0070436592,-0.0036822475,-0.00019268886,-0.00010434585,3.6837028e-06,0.00044727525,0.99996711,-0.00012985958,3.6275066e-06,0.00043860818,1,0,0,-0.00023835719,0.00088127176,1.539994,510.19735,2313.6436,96,0,-1.1654787,nan,0.071262121,nan,nan,126925.01,-4725.5352,-84.988313,25.562734,0.028750856,0.99150778,0.15331286,0,0,0,0,0,0
5.16,2826.4189,179.73194,-2311.299,200.22678,14.421235,468.82569,0.0080520858,-1.1664389,0.069675002,-0.0070149257,-0.0036300748,-0.00018476047,-0.00011106778,3.6689251e-06,0.00044499994,0.99996744,-0.00013663118,3.6127991e-06,0.00043636751,1,0,0,-0.0002163845,0.0008742287,1.5393444,509.99634,2311.299,96,0,-1.1654914,nan,0.071262701,nan,nan,126855.11,-4723.9657,-84.300385,23.342522,0.028707328,0.99066585,0.15241236,0,0,0,0,0,0
5.165,2827.4199,179.80403,-2308.9552,200.1295,14.410049,468.649,0.0080195293,-1.1664569,0.069672326,-0.006986236,-0.0035779432,-0.00017687788,-0.00011780306,3.6541677e-06,0.00044273357,0.99996776,-0.00014341764,3.5981233e-06,0.00043413473,1,0,0,-0.00019435543,0.00086720815,1.538695,509.7954,2308.9552,96,0,-1.165504,nan,0.071263368,nan,nan,126785.24,-4722.3956,-83.614808,21.117475,0.028663249,0.99001835,0.15149558,0,0,0,0,0,0
5.17,2828.4203,179.87606,-2306.6123,200.03235,14.398911,468.47234,0.0079870181,-1.1664747,0.069669756,-0.0069575905,-0.0035258403,-0.00016904056,-0.00012455175,3.6394335e-06,0.0004404759,0.99996808,-0.00015021684,3.583481e-06,0.00043190978,1,0,0,-0.00017227077,0.00086021018,1.5380459,509.59455,2306.6123,96,0,-1.1655164,nan,0.071264121,nan,nan,126715.4,-4720.8248,-82.93159,18.887686,0.028618647,0.98963802,0.15062602,0,0,0,0,0,0
5.175,2829.4203,179.94803,-2304.2703,199.93535,14.387818,468.2957,0.0079545526,-1.1664922,0.069667292,-0.0069289899,-0.0034737529,-0.00016124508,-0.00013131337,3.624725e-06,0.00043822676,0.9999684,-0.00015702653,3.5688737e-06,0.00042969294,1,0,0,-0.00015013125,0.00085323481,1.5373971,509.39378,2304.2703,96,0,-1.1655287,nan,0.07126496,nan,nan,126645.58,-4719.2534,-82.250741,16.653228,0.028573543,0.98946246,0.14984327,0,0,0,0,0,0
5.18,2830.4198,180.01994,-2301.9292,199.83848,14.376773,468.1191,0.007922133,-1.1665095,0.069664933,-0.0069004345,-0.0034216731,-0.00015348663,-0.00013808713,3.6100445e-06,0.00043598612,0.99996872,-0.00016384505,3.5543035e-06,0.00042748469,1,0,0,-0.00012793753,0.00084628209,1.5367487,509.19309,2301.9292,96,0,-1.1655408,nan,0.071265885,nan,nan,126575.79,-4717.6813,-81.572262,14.41416,0.028527959,0.98934279,0.14915295,0,0,0,0,0,0
5.185,2831.4188,180.09181,-2299.5889,199.74176,14.365773,467.94252,0.0078897596,-1.1665265,0.06966268,-0.006871925,-0.0033696016,-0.00014576078,-0.00014487216,3.5953944e-06,0.00043375408,0.99996903,-0.00017067168,3.539772e-06,0.00042528551,1,0,0,-0.00010569025,0.00083935201,1.5361005,508.99248,2299.5889,96,0,-1.1655528,nan,0.071266894,nan,nan,126506.03,-4716.1086,-80.896151,12.170537,0.028481918,0.98911145,0.14852944,0,0,0,0,0,0
5.19,2832.4173,180.16361,-2297.2496,199.64517,14.35482,467.76597,0.0078574325,-1.1665432,0.069660531,-0.0068434616,-0.0033175472,-0.0001380649,-0.00015166776,3.5807768e-06,0.00043153078,0.99996934,-0.00017750662,3.5252816e-06,0.00042309572,1,0,0,-8.3390054e-05,0.00083244455,1.5354527,508.79196,2297.2496,96,0,-1.1655647,nan,0.071267987,nan,nan,126436.3,-4714.5352,-80.222403,9.9224206,0.02843544,0.98864242,0.14792888,0,0,0,0,0,0
5.195,2833.4153,180.23537,-2294.9111,199.54873,14.343913,467.58945,0.0078251519,-1.1665597,0.069658487,-0.0068150449,-0.0032655237,-0.00013039879,-0.00015847351,3.566194e-06,0.0004293164,0.99996964,-0.00018435062,3.5108341e-06,0.00042091537,1,0,0,-6.1037639e-05,0.00082555969,1.5348051,508.59152,2294.9111,96,0,-1.1655764,nan,0.071269164,nan,nan,126366.59,-4712.9612,-79.551012,7.6698808,0.028388546,0.98788547,0.14730653,0,0,0,0,0,0
5.2,2834.4129,180.30706,-2292.5735,199.45242,14.333052,467.41295,0.007792918,-1.1665759,0.069656546,-0.0067866752,-0.0032135461,-0.00012276434,-0.0001652893,3.5516481e-06,0.00042711102,0.99996994,-0.0001912046,3.4964315e-06,0.00041874429,1,0,0,-3.8633773e-05,0.00081869741,1.5341579,508.39116,2292.5735,96,0,-1.165588,nan,0.071270424,nan,nan,126296.91,-4711.3866,-78.881972,5.4130019,0.028341257,0.98686785,0.14663195,0,0,0,0,0,0
5.205,2835.41,180.37871,-2290.2368,199.35626,14.322236,467.23649,0.0077607308,-1.1665919,0.069654708,-0.006758353,-0.0031616265,-0.00011516456,-0.00017211521,3.5371411e-06,0.00042491465,0.99997024,-0.00019806916,3.4820753e-06,0.00041658214,1,0,0,-1.6179285e-05,0.0008118577,1.5335109,508.19089,2290.2368,96,0,-1.1655994,nan,0.071271767,nan,nan,126227.26,-4709.8113,-78.215281,3.1518784,0.028293592,0.98566981,0.14589739,0,0,0,0,0,0
5.21,2836.4065,180.4503,-2287.901,199.26024,14.311467,467.06005,0.0077285907,-1.1666076,0.069652973,-0.0067300786,-0.0031097724,-0.00010760242,-0.00017895136,3.5226749e-06,0.00042272724,0.99997054,-0.00020494439,3.467767e-06,0.00041442856,1,0,0,6.3249558e-06,0.00080504057,1.5328643,507.9907,2287.901,96,0,-1.1656107,nan,0.071273193,nan,nan,126157.64,-4708.2254,-77.548874,0.88661008,0.028245545,0.98438715,0.14511822,0,0,0,0,0,0
5.215,2837.4027,180.52183,-2285.566,199.16436,14.300743,466.88364,0.0076964978,-1.166623,0.06965134,-0.0067018524,-0.0030579865,-0.00010007908,-0.0001857978,3.5082512e-06,0.00042054864,0.99997083,-0.00021182984,3.4535078e-06,0.00041228319,1,0,0,2.887806e-05,0.00079824654,1.5322179,507.79059,2285.566,96,0,-1.1656219,nan,0.0712747,nan,nan,126088.04,-4706.6131,-76.87965,-1.3827028,0.028197092,0.98309601,0.14436379,0,0,0,0,0,0
5.22,2838.3983,180.59331,-2283.2319,199.06862,14.290065,466.70726,0.0076644525,-1.1666382,0.06964981,-0.0066736748,-0.0030062683,-9.2591952e-05,-0.0001926544,3.4938719e-06,0.00041837872,0.99997112,-0.00021872471,3.439299e-06,0.00041014621,1,0,0,5.1479142e-05,0.00079147584,1.5315719,507.59057,2283.2319,96,0,-1.1656329,nan,0.071276289,nan,nan,126018.47,-4705.0003,-76.212979,-3.6559639,0.028148319,0.98183147,0.14368004,0,0,0,0,0,0
5.225,2839.3934,180.66474,-2280.8988,198.97302,14.279433,466.53091,0.0076324549,-1.1666531,0.06964838,-0.0066455461,-0.0029546164,-8.5137266e-05,-0.00019952087,3.4795383e-06,0.00041621748,0.99997141,-0.00022562809,3.4251417e-06,0.00040801802,1,0,0,7.4127328e-05,0.00078472846,1.5309262,507.39063,2280.8988,96,0,-1.1656438,nan,0.071277958,nan,nan,125948.93,-4703.3871,-75.548858,-5.9330817,0.028099243,0.98058452,0.14306486,0,0,0,0,0,0
5.23,2840.3881,180.73612,-2278.5665,198.87757,14.268846,466.35459,0.0076005052,-1.1666678,0.069647051,-0.0066174666,-0.0029030306,-7.771191e-05,-0.00020639679,3.465252e-06,0.000414065,0.9999717,-0.00023253922,3.411037e-06,0.00040589899,1,0,0,9.6821762e-05,0.00077800436,1.5302808,507.19078,2278.5665,96,0,-1.1656546,nan,0.071279708,nan,nan,125879.42,-4701.7735,-74.887282,-8.2139688,0.028049879,0.97931439,0.14249135,0,0,0,0,0,0
5.235,2841.3823,180.80744,-2276.235,198.78226,14.258305,466.17829,0.0075686035,-1.1666822,0.069645823,-0.0065894365,-0.0028515133,-7.0314508e-05,-0.00021328169,3.4510143e-06,0.0004119214,0.99997198,-0.00023945758,3.3969862e-06,0.00040378935,1,0,0,0.00011956159,0.0007713035,1.5296357,506.99101,2276.235,96,0,-1.1656652,nan,0.071281538,nan,nan,125809.94,-4700.1595,-74.22824,-10.498539,0.028000243,0.97796902,0.14192064,0,0,0,0,0,0
5.24,2842.376,180.87871,-2273.9045,198.68709,14.247809,466.00203,0.0075367498,-1.1666964,0.069644694,-0.0065614562,-0.0028000694,-6.2945725e-05,-0.00022017516,3.4368266e-06,0.0004097868,0.99997226,-0.00024638298,3.3829905e-06,0.00040168906,1,0,0,0.00014234594,0.00076462581,1.5289909,506.79133,2273.9045,96,0,-1.1656757,nan,0.071283448,nan,nan,125740.49,-4698.545,-73.571725,-12.786705,0.027950351,0.97650519,0.14131691,0,0,0,0,0,0
5.245,2843.3693,180.94993,-2271.5748,198.59206,14.237358,465.8258,0.0075049445,-1.1667102,0.069643665,-0.0065335259,-0.0027487057,-5.5607836e-05,-0.00022707683,3.4226902e-06,0.00040766125,0.99997253,-0.00025331542,3.3690508e-06,0.00039959791,1,0,0,0.00016517394,0.00075797126,1.5283464,506.59173,2271.5748,96,0,-1.165686,nan,0.071285436,nan,nan,125671.06,-4696.9301,-72.917729,-15.078374,0.027900217,0.97490154,0.14065931,0,0,0,0,0,0
5.25,2844.362,181.0211,-2269.2461,198.49718,14.226952,465.64959,0.0074731875,-1.1667239,0.069642735,-0.0065056458,-0.0026974296,-4.8303791e-05,-0.00023398646,3.4086062e-06,0.00040554473,0.99997281,-0.00026025498,3.355168e-06,0.0003975156,1,0,0,0.00018804467,0.00075133981,1.5277022,506.39222,2269.2461,96,0,-1.1656963,nan,0.071287503,nan,nan,125601.67,-4695.3148,-72.26625,-17.373452,0.027849857,0.97316165,0.13994718,0,0,0,0,0,0
5.255,2845.3543,181.09221,-2266.9182,198.40244,14.216591,465.47342,0.0074414792,-1.1667373,0.069641904,-0.0064778162,-0.0026462477,-4.1036177e-05,-0.00024090387,3.3945758e-06,0.00040343714,0.99997308,-0.00026720166,3.3413426e-06,0.00039544181,1,0,0,0.00021095719,0.00074473144,1.5270583,506.19279,2266.9182,96,0,-1.1657063,nan,0.071289648,nan,nan,125532.3,-4693.699,-71.617285,-19.671837,0.027799283,0.97130798,0.13919764,0,0,0,0,0,0
5.26,2846.3462,181.16327,-2264.5912,198.30784,14.206275,465.29727,0.0074098197,-1.1667504,0.069641171,-0.0064500372,-0.0025951656,-3.3806437e-05,-0.00024782888,3.3805999e-06,0.00040133838,0.99997335,-0.00027415534,3.3275748e-06,0.00039337635,1,0,0,0.00023391055,0.00073814616,1.5264148,505.99345,2264.5912,96,0,-1.1657163,nan,0.07129187,nan,nan,125462.96,-4692.0829,-70.970837,-21.973428,0.027748507,0.96937076,0.13843747,0,0,0,0,0,0
5.265,2847.3375,181.23428,-2262.265,198.21339,14.196004,465.12115,0.0073782093,-1.1667633,0.069640536,-0.006422309,-0.0025441869,-2.6614574e-05,-0.00025476132,3.3666791e-06,0.00039924831,0.99997361,-0.00028111568,3.3138649e-06,0.00039131917,1,0,0,0.00025690377,0.00073158395,1.5257715,505.79419,2262.265,96,0,-1.1657261,nan,0.071294169,nan,nan,125393.65,-4690.4663,-70.326905,-24.278119,0.02769754,0.96737642,0.1376928,0,0,0,0,0,0
5.27,2848.3284,181.30524,-2259.9398,198.11908,14.185777,464.94507,0.0073466482,-1.1667759,0.069639997,-0.0063946319,-0.0024933144,-1.9459382e-05,-0.00026170096,3.3528142e-06,0.00039716685,0.99997387,-0.00028808227,3.300213e-06,0.00038927037,1,0,0,0.00027993587,0.00072504482,1.5251286,505.59502,2259.9398,96,0,-1.1657358,nan,0.071296545,nan,nan,125324.37,-4688.8493,-69.685491,-26.585809,0.027646393,0.96533969,0.1369804,0,0,0,0,0,0
5.275,2849.3188,181.37615,-2257.6154,198.02491,14.175594,464.76901,0.0073151365,-1.1667882,0.069639555,-0.0063670061,-0.0024425501,-1.2339057e-05,-0.0002686475,3.3390057e-06,0.00039509398,0.99997413,-0.0002950546,3.2866193e-06,0.00038723011,1,0,0,0.00030300586,0.00071852874,1.5244859,505.39593,2257.6154,96,0,-1.1657454,nan,0.071298997,nan,nan,125255.11,-4687.2319,-69.046593,-28.896393,0.027595074,0.96326127,0.13630335,0,0,0,0,0,0
5.28,2850.3087,181.44701,-2255.2919,197.93089,14.165456,464.59298,0.0072836746,-1.1668004,0.06963921,-0.0063394316,-0.0023918964,-5.251914e-06,-0.00027560063,3.3252539e-06,0.00039302971,0.99997439,-0.0003020322,3.273084e-06,0.00038519859,1,0,0,0.00032611278,0.00071203571,1.5238436,505.19692,2255.2919,96,0,-1.1657548,nan,0.071301525,nan,nan,125185.89,-4685.6142,-68.410206,-31.20977,0.027543591,0.96113067,0.13565197,0,0,0,0,0,0
5.285,2851.2982,181.51782,-2252.9693,197.83701,14.155361,464.41698,0.0072522625,-1.1668122,0.06963896,-0.0063119086,-0.0023413565,1.803035e-06,-0.00028255999,3.3115594e-06,0.00039097408,0.99997465,-0.00030901468,3.2596074e-06,0.0003831759,1,0,0,0.00034925561,0.00070556568,1.5232016,504.998,2252.9693,96,0,-1.1657641,nan,0.071304128,nan,nan,125116.69,-4683.996,-67.776326,-33.525839,0.027491953,0.95893234,0.13500893,0,0,0,0,0,0
5.29,2852.2872,181.58857,-2250.6476,197.74327,14.145311,464.241,0.0072209004,-1.1668238,0.069638805,-0.0062844374,-0.0022909342,8.825822e-06,-0.00028952522,3.2979224e-06,0.00038892715,0.9999749,-0.00031600175,3.2461897e-06,0.00038116207,1,0,0,0.00037243339,0.00069911862,1.5225599,504.79917,2250.6476,96,0,-1.1657733,nan,0.071306805,nan,nan,125047.53,-4682.3774,-67.144948,-35.844497,0.027440167,0.95665214,0.13435632,0,0,0,0,0,0
5.295,2853.2757,181.65928,-2248.3267,197.64968,14.135304,464.06506,0.0071895885,-1.1668352,0.069638744,-0.006257018,-0.0022406339,1.5815634e-05,-0.00029649601,3.2843433e-06,0.00038688895,0.99997515,-0.00032299317,3.2328312e-06,0.00037915701,1,0,0,0.00039564508,0.00069269452,1.5219185,504.60042,2248.3267,96,0,-1.1657823,nan,0.071309557,nan,nan,124978.39,-4680.7584,-66.516066,-38.16564,0.027388242,0.95428218,0.13368187,0,0,0,0,0,0
5.3,2854.2638,181.72994,-2246.0067,197.55623,14.125341,463.88915,0.0071583269,-1.1668463,0.069638778,-0.0062296505,-0.0021904605,2.2771197e-05,-0.00030347206,3.2708225e-06,0.00038485945,0.9999754,-0.00032998876,3.219532e-06,0.00037716057,1,0,0,0.00041888969,0.00068629333,1.5212774,504.40176,2246.0067,96,0,-1.1657912,nan,0.071312382,nan,nan,124909.28,-4679.139,-65.889679,-40.489163,0.027336185,0.95182239,0.13298248,0,0,0,0,0,0
5.305,2855.2514,181.80054,-2243.6876,197.46292,14.115421,463.71326,0.0071271159,-1.1668571,0.069638906,-0.0062023352,-0.0021404185,2.9691274e-05,-0.00031045308,3.2573601e-06,0.00038283862,0.99997564,-0.0003369883,3.206292e-06,0.0003751726,1,0,0,0.00044216616,0.00067991506,1.5206366,504.20318,2243.6876,96,0,-1.1658,nan,0.07131528,nan,nan,124840.2,-4677.5193,-65.265783,-42.814958,0.027284001,0.94927924,0.13226407,0,0,0,0,0,0
5.31,2856.2385,181.8711,-2241.3694,197.36976,14.105545,463.53741,0.0070959556,-1.1668677,0.069639127,-0.0061750721,-0.0020905122,3.6575076e-05,-0.00031743882,3.2439563e-06,0.0003808264,0.99997588,-0.00034399154,3.193111e-06,0.00037319297,1,0,0,0.00046547347,0.00067355967,1.5199961,504.00468,2241.3694,96,0,-1.1658087,nan,0.071318252,nan,nan,124771.15,-4675.8991,-64.644377,-45.142916,0.027231698,0.94666245,0.13153837,0,0,0,0,0,0
5.315,2857.2252,181.94161,-2239.0521,197.27675,14.095712,463.36158,0.0070648463,-1.1668781,0.069639441,-0.0061478614,-0.0020407452,4.342248e-05,-0.000324429,3.2306112e-06,0.00037882271,0.99997612,-0.00035099817,3.1799889e-06,0.00037122163,1,0,0,0.00048881056,0.00066722716,1.519356,503.80627,2239.0521,96,0,-1.1658172,nan,0.071321295,nan,nan,124702.13,-4674.2786,-64.025461,-47.472927,0.02717928,0.94398122,0.13081817,0,0,0,0,0,0
5.32,2858.2114,182.01207,-2236.7356,197.18387,14.085921,463.18579,0.0070337881,-1.1668882,0.069639847,-0.0061207031,-0.0019911208,5.0233975e-05,-0.00033142333,3.2173247e-06,0.00037682751,0.99997636,-0.00035800784,3.1669255e-06,0.0003692586,1,0,0,0.00051217636,0.00066091753,1.5187161,503.60795,2236.7356,96,0,-1.1658256,nan,0.071324411,nan,nan,124633.13,-4672.6577,-63.409034,-49.804881,0.027126753,0.9412415,0.13011283,0,0,0,0,0,0
5.325,2859.1971,182.08248,-2234.4201,197.09115,14.076174,463.01002,0.0070027813,-1.1668981,0.069640344,-0.0060935974,-0.0019416419,5.7010423e-05,-0.00033842151,3.204097e-06,0.00037484076,0.9999766,-0.00036502018,3.1539204e-06,0.00036730394,1,0,0,0.00053556981,0.00065463075,1.5180766,503.40971,2234.4201,96,0,-1.1658339,nan,0.071327598,nan,nan,124564.17,-4671.0364,-62.795094,-52.138669,0.027074121,0.93844483,0.12942559,0,0,0,0,0,0
5.33,2860.1824,182.15284,-2232.1054,196.99856,14.06647,462.83428,0.006971826,-1.1669077,0.069640933,-0.0060665444,-0.0018923117,6.3752717e-05,-0.00034542323,3.1909277e-06,0.00037286245,0.99997683,-0.0003720348,3.1409736e-06,0.00036535774,1,0,0,0.00055898984,0.00064836681,1.5174373,503.21155,2232.1054,96,0,-1.1658421,nan,0.071330856,nan,nan,124495.23,-4669.4147,-62.183637,-54.474178,0.027021388,0.93558895,0.12875329,0,0,0,0,0,0
5.335,2861.1672,182.22315,-2229.7915,196.90612,14.056808,462.65857,0.0069409224,-1.166917,0.069641612,-0.0060395441,-0.0018431332,7.0461479e-05,-0.00035242814,3.177817e-06,0.00037089261,0.99997706,-0.00037905137,3.1280849e-06,0.00036342004,1,0,0,0.00058243538,0.00064212568,1.5167984,503.01349,2229.7915,96,0,-1.1658501,nan,0.071334184,nan,nan,124426.33,-4667.7927,-61.574661,-56.811301,0.026968558,0.93266958,0.1280884,0,0,0,0,0,0
5.34,2862.1515,182.29342,-2227.4786,196.81383,14.047189,462.48289,0.0069100707,-1.1669262,0.069642382,-0.0060125967,-0.00179411,7.7136895e-05,-0.00035943592,3.1647646e-06,0.00036893122,0.99997729,-0.00038606956,3.115254e-06,0.00036149086,1,0,0,0.00060590533,0.00063590735,1.5161598,502.8155,2227.4786,96,0,-1.165858,nan,0.071337582,nan,nan,124357.45,-4666.1703,-60.96816,-59.149924,0.026915634,0.92968252,0.12742217,0,0,0,0,0,0
5.345,2863.1354,182.36363,-2225.1665,196.72168,14.037612,462.30724,0.0068792711,-1.166935,0.069643242,-0.0059857023,-0.0017452457,8.3778723e-05,-0.00036644625,3.1517704e-06,0.00036697832,0.99997752,-0.00039308906,3.1024809e-06,0.00035957016,1,0,0,0.00062939862,0.00062971178,1.5155215,502.6176,2225.1665,96,0,-1.1658658,nan,0.07134105,nan,nan,124288.6,-4664.5476,-60.364132,-61.489937,0.026862621,0.92662528,0.12674788,0,0,0,0,0,0
5.35,2864.1188,182.4338,-2222.8553,196.62967,14.028078,462.13161,0.0068485238,-1.1669437,0.069644191,-0.0059588609,-0.001696544,9.0386444e-05,-0.0003734588,3.1388343e-06,0.00036503388,0.99997774,-0.00040010959,3.0897652e-06,0.00035765786,1,0,0,0.00065291416,0.00062353895,1.5148835,502.41979,2222.8553,96,0,-1.1658735,nan,0.071344586,nan,nan,124219.78,-4662.9244,-59.762574,-63.831227,0.026809521,0.92349782,0.12606286,0,0,0,0,0,0
5.355,2865.1018,182.50392,-2220.545,196.53781,14.018585,461.95602,0.0068178288,-1.166952,0.069645228,-0.0059320726,-0.0016480084,9.6959496e-05,-0.00038047326,3.1259561e-06,0.00036309788,0.99997796,-0.00040713085,3.0771067e-06,0.00035575388,1,0,0,0.00067645083,0.00061738884,1.5142458,502.22206,2220.545,96,0,-1.165881,nan,0.071348192,nan,nan,124150.99,-4661.301,-59.163481,-66.17368,0.026756337,0.92030228,0.12536889,0,0,0,0,0,0
5.36,2866.0843,182.574,-2218.2356,196.44609,14.009134,461.78046,0.0067871865,-1.1669602,0.069646354,-0.0059053376,-0.0015996426,0.00010349749,-0.00038748933,3.1131356e-06,0.00036117028,0.99997818,-0.00041415255,3.0645051e-06,0.00035385814,1,0,0,0.00070000752,0.00061126144,1.5136084,502.02441,2218.2356,96,0,-1.1658885,nan,0.071351865,nan,nan,124082.23,-4659.6771,-58.566853,-68.517183,0.026703074,0.91704205,0.124671,0,0,0,0,0,0
5.365,2867.0664,182.64403,-2215.9271,196.35452,13.999726,461.60492,0.006756597,-1.1669681,0.069647568,-0.0058786558,-0.0015514499,0.00011000033,-0.0003945067,3.1003725e-06,0.00035925104,0.9999784,-0.00042117437,3.0519599e-06,0.0003519706,1,0,0,0.00072358313,0.00060515672,1.5129713,501.82686,2215.9271,96,0,-1.1658958,nan,0.071355606,nan,nan,124013.5,-4658.053,-57.972687,-70.86162,0.026649732,0.91372054,0.12397534,0,0,0,0,0,0
5.37,2868.0479,182.71401,-2213.6194,196.26309,13.990358,461.42942,0.0067260604,-1.1669758,0.06964887,-0.0058520275,-0.0015034334,0.00011646822,-0.00040152504,3.0876666e-06,0.00035734012,0.99997861,-0.00042819596,3.0394709e-06,0.00035009126,1,0,0,0.00074717653,0.00059907468,1.5123345,501.62938,2213.6194,96,0,-1.165903,nan,0.071359415,nan,nan,123944.8,-4656.4284,-57.380981,-73.206878,0.026596314,0.91034027,0.12328689,0,0,0,0,0,0
5.375,2869.0291,182.78394,-2211.3126,196.1718,13.981033,461.25394,0.0066955771,-1.1669832,0.069650258,-0.0058254525,-0.0014555962,0.0001229016,-0.00040854405,3.0750176e-06,0.0003554375,0.99997883,-0.00043521698,3.0270376e-06,0.00034822012,1,0,0,0.00077078659,0.00059301529,1.511698,501.43199,2211.3126,96,0,-1.16591,nan,0.07136329,nan,nan,123876.12,-4654.8036,-56.791734,-75.55284,0.026542823,0.9069024,0.12260794,0,0,0,0,0,0
5.38,2870.0098,182.85383,-2209.0067,196.08066,13.971748,461.07849,0.0066651471,-1.1669904,0.069651732,-0.0057989311,-0.0014079413,0.00012930094,-0.00041556339,3.0624252e-06,0.00035354316,0.99997904,-0.00044223709,3.0146596e-06,0.00034635723,1,0,0,0.00079441219,0.00058697854,1.5110619,501.23469,2209.0067,96,0,-1.165917,nan,0.071367231,nan,nan,123807.48,-4653.1783,-56.20494,-77.899391,0.02648926,0.90340684,0.12193765,0,0,0,0,0,0
5.385,2870.99,182.92367,-2206.7016,195.98967,13.962505,460.90307,0.0066347706,-1.1669973,0.069653292,-0.0057724633,-0.0013604717,0.00013566662,-0.00042258273,3.049889e-06,0.00035165709,0.99997925,-0.00044925594,3.0023367e-06,0.00034450259,1,0,0,0.00081805219,0.0005809644,1.510426,501.03747,2206.7016,96,0,-1.1659238,nan,0.071371238,nan,nan,123738.86,-4651.5528,-55.620599,-80.246415,0.026435626,0.89985272,0.1212728,0,0,0,0,0,0
5.39,2871.9697,182.99346,-2204.3975,195.89882,13.953303,460.72769,0.0066044478,-1.167004,0.069654938,-0.0057460492,-0.0013131907,0.00014199881,-0.00042960175,3.0374087e-06,0.00034977928,0.99997945,-0.00045627321,2.9900685e-06,0.0003426562,1,0,0,0.00084170545,0.00057497285,1.5097905,500.84034,2204.3975,96,0,-1.1659305,nan,0.071375311,nan,nan,123670.28,-4649.9269,-55.038705,-82.593798,0.026381924,0.89623911,0.12060919,0,0,0,0,0,0
5.395,2872.9491,183.06321,-2202.0942,195.80811,13.944142,460.55233,0.0065741789,-1.1670105,0.069656668,-0.0057196888,-0.0012661012,0.0001482975,-0.00043662011,3.0249841e-06,0.00034790975,0.99997966,-0.00046328856,2.9778546e-06,0.00034081805,1,0,0,0.00086537084,0.00056900386,1.5091553,500.64329,2202.0942,96,0,-1.1659372,nan,0.071379448,nan,nan,123601.72,-4648.3007,-54.459255,-84.941421,0.026328154,0.89256555,0.11994329,0,0,0,0,0,0
5.4,2873.9279,183.13291,-2199.7918,195.71755,13.935022,460.377,0.0065439641,-1.1670168,0.069658483,-0.0056933821,-0.0012192065,0.00015456248,-0.00044363748,3.0126147e-06,0.00034604846,0.99997986,-0.00047030169,2.9656947e-06,0.00033898809,1,0,0,0.00088904721,0.0005630574,1.5085203,500.44632,2199.7918,96,0,-1.1659436,nan,0.07138365,nan,nan,123533.19,-4646.6741,-53.882247,-87.289169,0.026274319,0.88883233,0.1192733,0,0,0,0,0,0
5.405,2874.9063,183.20257,-2197.4902,195.62713,13.925942,460.2017,0.0065138035,-1.1670228,0.069660382,-0.0056671294,-0.0011725096,0.00016079354,-0.00045065353,3.0003002e-06,0.0003441954,0.99998006,-0.00047731225,2.9535884e-06,0.00033716628,1,0,0,0.00091273341,0.00055713347,1.5078857,500.24945,2197.4902,96,0,-1.16595,nan,0.071387916,nan,nan,123464.69,-4645.0472,-53.307676,-89.636925,0.026220419,0.88504044,0.11859962,0,0,0,0,0,0
5.41,2875.8843,183.27218,-2195.1896,195.53686,13.916903,460.02643,0.0064836973,-1.1670285,0.069662365,-0.0056409305,-0.0011260137,0.00016699049,-0.00045766795,2.9880403e-06,0.00034235055,0.99998026,-0.00048431995,2.9415353e-06,0.00033535255,1,0,0,0.00093642827,0.00055123204,1.5072514,500.05265,2195.1896,96,0,-1.1659563,nan,0.071392246,nan,nan,123396.22,-4643.42,-52.73554,-91.98457,0.026166457,0.88119134,0.11792437,0,0,0,0,0,0
5.415,2876.8618,183.34175,-2192.8898,195.44673,13.907904,459.85118,0.0064536456,-1.1670341,0.06966443,-0.0056147857,-0.0010797217,0.0001731533,-0.0004646804,2.9758346e-06,0.00034051387,0.99998046,-0.00049132443,2.929535e-06,0.00033354689,1,0,0,0.00096013066,0.00054535308,1.5066174,499.85594,2192.8898,96,0,-1.1659624,nan,0.071396638,nan,nan,123327.78,-4641.7925,-52.165837,-94.331988,0.026112432,0.87728655,0.11725046,0,0,0,0,0,0
5.42,2877.8388,183.41127,-2190.5909,195.35674,13.898946,459.67597,0.0064236487,-1.1670394,0.069666578,-0.0055886949,-0.0010336366,0.00017928207,-0.00047169056,2.9636827e-06,0.00033868534,0.99998065,-0.00049832537,2.917587e-06,0.00033174927,1,0,0,0.0009838394,0.00053949657,1.5059837,499.65932,2190.5909,96,0,-1.1659685,nan,0.071401094,nan,nan,123259.37,-4640.1646,-51.598562,-96.679061,0.026058346,0.87332732,0.11658045,0,0,0,0,0,0
5.425,2878.8154,183.48074,-2188.2929,195.2669,13.890027,459.50079,0.0063937068,-1.1670445,0.069668808,-0.0055626582,-0.00098776101,0.00018537704,-0.00047869809,2.9515843e-06,0.00033686493,0.99998084,-0.00050532243,2.9056911e-06,0.00032995969,1,0,0,0.0010075533,0.0005336625,1.5053503,499.46278,2188.2929,96,0,-1.1659744,nan,0.071405611,nan,nan,123190.99,-4638.5365,-51.033715,-99.02567,0.0260042,0.86931452,0.11591576,0,0,0,0,0,0
5.43,2879.7916,183.55018,-2185.9957,195.17721,13.881148,459.32564,0.0063638199,-1.1670493,0.069671119,-0.0055366757,-0.00094209793,0.00019143847,-0.00048570267,2.9395389e-06,0.00033505262,0.99998103,-0.00051231527,2.8938466e-06,0.00032817814,1,0,0,0.0010312713,0.00052785084,1.5047173,499.26633,2185.9957,96,0,-1.1659802,nan,0.071410191,nan,nan,123122.64,-4636.908,-50.47129,-101.3717,0.025949994,0.86524859,0.11525629,0,0,0,0,0,0
5.435,2880.7673,183.61956,-2183.6994,195.08765,13.87231,459.15051,0.0063339883,-1.167054,0.069673512,-0.0055107474,-0.0008966501,0.00019746659,-0.00049270396,2.9275461e-06,0.0003332484,0.99998122,-0.00051930356,2.8820534e-06,0.00032640465,1,0,0,0.0010549921,0.00052206157,1.5040845,499.06996,2183.6994,96,0,-1.1659859,nan,0.071414831,nan,nan,123054.32,-4635.2792,-49.911286,-103.71702,0.02589573,0.86112971,0.11460067,0,0,0,0,0,0
5.44,2881.7426,183.68891,-2181.404,194.99825,13.86351,458.97542,0.0063042121,-1.1670584,0.069675985,-0.0054848734,-0.00085142029,0.00020346155,-0.00049970163,2.9156056e-06,0.00033145225,0.99998141,-0.00052628695,2.8703109e-06,0.00032463918,1,0,0,0.0010787146,0.00051629466,1.503452,498.87368,2181.404,96,0,-1.1659915,nan,0.071419533,nan,nan,122986.03,-4633.6501,-49.353697,-106.06153,0.025841407,0.85695799,0.11394692,0,0,0,0,0,0
5.445,2882.7174,183.75821,-2179.1095,194.90898,13.854751,458.80036,0.0062744916,-1.1670625,0.069678538,-0.0054590537,-0.00080641129,0.00020942338,-0.00050669534,2.903717e-06,0.00032966418,0.9999816,-0.00053326512,2.8586188e-06,0.00032288173,1,0,0,0.0011024377,0.00051055009,1.5028199,498.67748,2179.1095,96,0,-1.165997,nan,0.071424295,nan,nan,122917.76,-4632.0207,-48.798522,-108.40511,0.025787026,0.85273369,0.1132932,0,0,0,0,0,0
5.45,2883.6917,183.82746,-2176.8158,194.81986,13.84603,458.62532,0.0062448268,-1.1670665,0.069681171,-0.0054332884,-0.00076162585,0.00021535205,-0.00051368476,2.8918799e-06,0.00032788415,0.99998178,-0.00054023774,2.8469767e-06,0.00032113227,1,0,0,0.00112616,0.00050482784,1.502188,498.48137,2176.8158,96,0,-1.1660024,nan,0.071429116,nan,nan,122849.53,-4630.391,-48.245755,-110.74762,0.025732589,0.84845729,0.11263847,0,0,0,0,0,0
5.455,2884.6657,183.89668,-2174.5231,194.73088,13.837349,458.45032,0.0062152179,-1.1670702,0.069683883,-0.0054075776,-0.00071706669,0.00022124748,-0.00052066956,2.8800938e-06,0.00032611216,0.99998196,-0.00054720447,2.8353842e-06,0.00031939077,1,0,0,0.0011498806,0.00049912786,1.5015565,498.28534,2174.5231,96,0,-1.1660077,nan,0.071433998,nan,nan,122781.33,-4628.761,-47.695394,-113.08897,0.025678094,0.84412949,0.11198268,0,0,0,0,0,0
5.46,2885.6391,183.96585,-2172.2312,194.64205,13.828707,458.27535,0.0061856651,-1.1670737,0.069686673,-0.0053819214,-0.0006727365,0.00022710962,-0.00052764941,2.8683585e-06,0.00032434817,0.99998214,-0.00055416499,2.8238409e-06,0.00031765718,1,0,0,0.0011735981,0.00049345016,1.5009253,498.0894,2172.2312,96,0,-1.1660128,nan,0.071438938,nan,nan,122713.15,-4627.1307,-47.147436,-115.42902,0.025623544,0.83975117,0.11132672,0,0,0,0,0,0
5.465,2886.6122,184.03497,-2169.9401,194.55336,13.820104,458.1004,0.0061561685,-1.167077,0.069689542,-0.0053563197,-0.00062863792,0.00023293846,-0.00053462397,2.8566734e-06,0.00032259217,0.99998232,-0.00056111896,2.8123464e-06,0.00031593149,1,0,0,0.0011973115,0.00048779469,1.5002943,497.89355,2169.9401,96,0,-1.1660179,nan,0.071443938,nan,nan,122645.01,-4625.5001,-46.601876,-117.76766,0.025568938,0.83532321,0.11067195,0,0,0,0,0,0
5.47,2887.5848,184.10406,-2167.65,194.46482,13.811539,457.92549,0.0061267284,-1.16708,0.069692489,-0.0053307726,-0.00058477355,0.00023873408,-0.00054159291,2.8450383e-06,0.00032084414,0.99998249,-0.00056806604,2.8009003e-06,0.00031421367,1,0,0,0.0012210194,0.00048216144,1.4996637,497.69777,2167.65,96,0,-1.1660229,nan,0.071448995,nan,nan,122576.89,-4623.8692,-46.058713,-120.10477,0.025514277,0.83084647,0.11001969,0,0,0,0,0,0
5.475,2888.5569,184.1731,-2165.3607,194.37641,13.803014,457.7506,0.0060973449,-1.1670829,0.069695512,-0.0053052802,-0.00054114592,0.00024449661,-0.0005485559,2.8334527e-06,0.00031910404,0.99998267,-0.00057500592,2.7895022e-06,0.00031250372,1,0,0,0.0012447209,0.00047655038,1.4990334,497.50209,2165.3607,96,0,-1.1660277,nan,0.07145411,nan,nan,122508.8,-4622.238,-45.517941,-122.44023,0.025459561,0.82632165,0.10937072,0,0,0,0,0,0
5.48,2889.5286,184.2421,-2163.0723,194.28815,13.794526,457.57575,0.0060680181,-1.1670855,0.069698613,-0.0052798425,-0.00049775755,0.00025022622,-0.00055551261,2.8219162e-06,0.00031737186,0.99998284,-0.00058193824,2.7781517e-06,0.00031080161,1,0,0,0.0012684145,0.00047096149,1.4984034,497.30649,2163.0723,96,0,-1.1660325,nan,0.071459283,nan,nan,122440.75,-4620.6066,-44.979559,-124.77392,0.02540479,0.82174932,0.10872515,0,0,0,0,0,0
5.485,2890.4999,184.31105,-2160.7848,194.20004,13.786077,457.40093,0.0060387482,-1.1670879,0.06970179,-0.0052544597,-0.00045461095,0.00025592306,-0.0005624627,2.8104284e-06,0.00031564759,0.99998301,-0.00058886268,2.7668484e-06,0.00030910735,1,0,0,0.0012920993,0.00046539474,1.4977737,497.11097,2160.7848,96,0,-1.1660371,nan,0.071464512,nan,nan,122372.72,-4618.9748,-44.443562,-127.10573,0.025349965,0.81712996,0.10808238,0,0,0,0,0,0
5.49,2891.4707,184.37996,-2158.4981,194.11206,13.777666,457.22613,0.0060095354,-1.1670901,0.069705042,-0.0052291317,-0.00041170855,0.00026158725,-0.00056940584,2.7989889e-06,0.0003139312,0.99998318,-0.0005957789,2.7555919e-06,0.00030742092,1,0,0,0.001315774,0.0004598501,1.4971443,496.91554,2158.4981,96,0,-1.1660416,nan,0.071469798,nan,nan,122304.72,-4617.3428,-43.909946,-129.43553,0.025295085,0.81246405,0.1074415,0,0,0,0,0,0
5.495,2892.4411,184.44884,-2156.2123,194.02423,13.769293,457.05137,0.0059803797,-1.1670921,0.06970837,-0.0052038585,-0.00036905282,0.00026721883,-0.00057634169,2.7875973e-06,0.00031222269,0.99998335,-0.00060268657,2.744382e-06,0.0003057423,1,0,0,0.0013394374,0.00045432755,1.4965153,496.7202,2156.2123,96,0,-1.1660461,nan,0.07147514,nan,nan,122236.75,-4615.7105,-43.378708,-131.7632,0.025240152,0.80775207,0.10680156,0,0,0,0,0,0
5.5,2893.411,184.51767,-2153.9274,193.93655,13.760958,456.87664,0.0059512815,-1.1670939,0.069711773,-0.0051786404,-0.00032664615,0.00027281784,-0.00058326993,2.7762533e-06,0.00031052204,0.99998351,-0.00060958537,2.7332181e-06,0.00030407147,1,0,0,0.0013630883,0.00044882706,1.4958865,496.52494,2153.9274,96,0,-1.1660504,nan,0.071480538,nan,nan,122168.82,-4614.0779,-42.849845,-134.08864,0.025185164,0.80299459,0.10616197,0,0,0,0,0,0
5.505,2894.3805,184.58645,-2151.6434,193.849,13.752661,456.70194,0.0059222408,-1.1670954,0.069715251,-0.0051534772,-0.00028449092,0.00027838426,-0.00059019023,2.7649565e-06,0.00030882922,0.99998368,-0.00061647496,2.7220999e-06,0.00030240841,1,0,0,0.0013867256,0.0004433486,1.495258,496.32976,2151.6434,96,0,-1.1660547,nan,0.07148599,nan,nan,122100.91,-4612.445,-42.323351,-136.41171,0.025130123,0.79819225,0.10552262,0,0,0,0,0,0
5.51,2895.3496,184.6552,-2149.3602,193.7616,13.744402,456.52727,0.0058932577,-1.1670968,0.069718802,-0.0051283691,-0.00024258949,0.00028391811,-0.00059710224,2.7537065e-06,0.00030714422,0.99998384,-0.00062335502,2.7110271e-06,0.00030075309,1,0,0,0.0014103481,0.00043789215,1.4946299,496.13467,2149.3602,96,0,-1.1660588,nan,0.071491498,nan,nan,122033.03,-4610.8119,-41.799224,-138.73231,0.025075029,0.79334575,0.10488386,0,0,0,0,0,0
5.515,2896.3182,184.72391,-2147.078,193.67434,13.736179,456.35263,0.0058643325,-1.1670979,0.069722427,-0.0051033162,-0.00020094415,0.00028941941,-0.00060400565,2.7425028e-06,0.00030546702,0.999984,-0.00063022521,2.6999993e-06,0.00029910548,1,0,0,0.0014339545,0.00043245768,1.494002,495.93967,2147.078,96,0,-1.1660628,nan,0.07149706,nan,nan,121965.18,-4609.1785,-41.27746,-141.05031,0.025019882,0.78845578,0.10424633,0,0,0,0,0,0
5.52,2897.2864,184.79257,-2144.7965,193.58722,13.727995,456.17802,0.0058354652,-1.1670988,0.069726125,-0.0050783184,-0.00015955718,0.00029488822,-0.00061090012,2.7313453e-06,0.00030379759,0.99998416,-0.0006370852,2.6890161e-06,0.00029746556,1,0,0,0.0014575438,0.00042704517,1.4933745,495.74475,2144.7965,96,0,-1.1660668,nan,0.071502675,nan,nan,121897.36,-4607.5449,-40.758056,-143.36559,0.024964682,0.78352306,0.1036107,0,0,0,0,0,0
5.525,2898.2542,184.86119,-2142.516,193.50025,13.719847,456.00344,0.0058066561,-1.1670996,0.069729896,-0.0050533758,-0.00011843082,0.00030032463,-0.00061778532,2.7202333e-06,0.00030213592,0.99998432,-0.00064393468,2.6780771e-06,0.00029583332,1,0,0,0.0014811146,0.00042165459,1.4927472,495.54991,2142.516,96,0,-1.1660706,nan,0.071508344,nan,nan,121829.57,-4605.911,-40.241007,-145.67805,0.024909429,0.77854821,0.10297739,0,0,0,0,0,0
5.53,2899.2215,184.92978,-2140.2363,193.41341,13.711736,455.82889,0.0057779053,-1.1671001,0.069733738,-0.0050284885,-7.7567254e-05,0.00030572877,-0.00062466091,2.7091667e-06,0.00030048198,0.99998448,-0.0006507733,2.667182e-06,0.00029420875,1,0,0,0.001504666,0.0004162859,1.4921203,495.35517,2140.2363,96,0,-1.1660744,nan,0.071514066,nan,nan,121761.81,-4604.2768,-39.726309,-147.98755,0.024854124,0.77353187,0.1023465,0,0,0,0,0,0
5.535,2900.1884,184.99832,-2137.9575,193.32672,13.703662,455.65438,0.0057492129,-1.1671004,0.069737652,-0.0050036565,-3.6968667e-05,0.00031110072,-0.00063152659,2.698145e-06,0.00029883576,0.99998463,-0.00065760075,2.6563305e-06,0.00029259183,1,0,0,0.0015281965,0.00041093909,1.4914937,495.1605,2137.9575,96,0,-1.166078,nan,0.071519841,nan,nan,121694.08,-4602.6424,-39.21396,-150.29398,0.024798766,0.7684746,0.1017178,0,0,0,0,0,0
5.54,2901.1549,185.06682,-2135.6796,193.24017,13.695625,455.47989,0.0057205791,-1.1671005,0.069741638,-0.0049788799,3.3628052e-06,0.00031644059,-0.000638382,2.6871679e-06,0.00029719724,0.99998478,-0.00066441669,2.6455221e-06,0.00029098255,1,0,0,0.0015517052,0.00040561412,1.4908674,494.96592,2135.6796,96,0,-1.1660816,nan,0.071525668,nan,nan,121626.38,-4601.0077,-38.703955,-152.59723,0.024743355,0.76337698,0.10109083,0,0,0,0,0,0
5.545,2902.1209,185.13528,-2133.4026,193.15376,13.687624,455.30544,0.005692004,-1.1671004,0.069745694,-0.0049541587,4.3425053e-05,0.00032174844,-0.00064522683,2.6762349e-06,0.0002955664,0.99998493,-0.0006712208,2.6347566e-06,0.00028938088,1,0,0,0.0015751908,0.00040031097,1.4902414,494.77143,2133.4026,96,0,-1.1660851,nan,0.071531546,nan,nan,121558.71,-4599.3727,-38.19629,-154.89718,0.024687893,0.75823958,0.10046514,0,0,0,0,0,0
5.55,2903.0865,185.20371,-2131.1264,193.06749,13.67966,455.13102,0.0056634878,-1.1671001,0.069749821,-0.004929493,8.3215998e-05,0.00032702431,-0.00065206075,2.6653458e-06,0.00029394323,0.99998508,-0.00067801277,2.6240336e-06,0.00028778681,1,0,0,0.0015986521,0.00039502961,1.4896157,494.57702,2131.1264,96,0,-1.1660884,nan,0.071537476,nan,nan,121491.07,-4597.7375,-37.690961,-157.19371,0.024632378,0.75306303,0.099840379,0,0,0,0,0,0
5.555,2904.0517,185.27209,-2128.8511,192.98136,13.671732,454.95663,0.0056350306,-1.1670997,0.069754017,-0.0049048828,0.00012273359,0.00033226824,-0.00065888343,2.6545002e-06,0.0002923277,0.99998523,-0.00068479225,2.6133528e-06,0.00028620031,1,0,0,0.001622088,0.00038977,1.4889903,494.3827,2128.8511,96,0,-1.1660917,nan,0.071543457,nan,nan,121423.46,-4596.1021,-37.187964,-159.48671,0.024576811,0.74784793,0.099216463,0,0,0,0,0,0
5.56,2905.0164,185.34043,-2126.5766,192.89538,13.663841,454.78227,0.0056066326,-1.167099,0.069758283,-0.0048803283,0.00016197583,0.00033748025,-0.00066569456,2.6436978e-06,0.0002907198,0.99998538,-0.00069155895,2.6027139e-06,0.00028462137,1,0,0,0.0016454972,0.00038453213,1.4883652,494.18846,2126.5766,96,0,-1.1660949,nan,0.071549488,nan,nan,121355.88,-4594.4664,-36.687295,-161.77605,0.024521193,0.74259493,0.098593532,0,0,0,0,0,0
5.565,2905.9807,185.40874,-2124.3031,192.80953,13.655985,454.60794,0.0055782938,-1.1670981,0.069762617,-0.0048558293,0.00020094072,0.00034266039,-0.00067249379,2.6329382e-06,0.00028911952,0.99998553,-0.00069831252,2.5921165e-06,0.00028304996,1,0,0,0.0016688787,0.00037931596,1.4877404,493.99431,2124.3031,96,0,-1.166098,nan,0.071555569,nan,nan,121288.33,-4592.8305,-36.188951,-164.06163,0.024465523,0.7373047,0.097971883,0,0,0,0,0,0
5.57,2906.9446,185.477,-2122.0304,192.72382,13.648165,454.43364,0.0055500145,-1.167097,0.06976702,-0.0048313861,0.00023962633,0.00034780871,-0.00067928082,2.6222211e-06,0.00028752681,0.99998567,-0.00070505266,2.5815602e-06,0.00028148606,1,0,0,0.0016922312,0.00037412146,1.4871159,493.80025,2122.0304,96,0,-1.166101,nan,0.0715617,nan,nan,121220.81,-4591.1943,-35.692927,-166.34333,0.024409802,0.73197787,0.097351841,0,0,0,0,0,0
5.575,2907.908,185.54522,-2119.7586,192.63826,13.64038,454.25938,0.0055217947,-1.1670958,0.069771491,-0.0048069986,0.00027803074,0.00035292529,-0.00068605531,2.6115461e-06,0.00028594168,0.99998581,-0.00071177905,2.5710449e-06,0.00027992966,1,0,0,0.0017155537,0.00036894861,1.4864918,493.60626,2119.7586,96,0,-1.1661039,nan,0.07156788,nan,nan,121153.31,-4589.5579,-35.199219,-168.62103,0.02435403,0.72661508,0.096733637,0,0,0,0,0,0
5.58,2908.8711,185.61341,-2117.4876,192.55283,13.632632,454.08515,0.0054936347,-1.1670943,0.06977603,-0.0047826669,0.00031615207,0.00035801022,-0.00069281695,2.6009129e-06,0.0002843641,0.99998595,-0.00071849136,2.5605701e-06,0.00027838073,1,0,0,0.0017388448,0.00036379737,1.4858679,493.41237,2117.4876,96,0,-1.1661067,nan,0.071574109,nan,nan,121085.85,-4587.9213,-34.707824,-170.89462,0.024298206,0.72121694,0.09611734,0,0,0,0,0,0
5.585,2909.8337,185.68156,-2115.2175,192.46755,13.624918,453.91095,0.0054655345,-1.1670927,0.069780635,-0.004758391,0.00035398849,0.00036306357,-0.00069956542,2.5903212e-06,0.00028279404,0.99998609,-0.00072518928,2.5501355e-06,0.00027683927,1,0,0,0.0017621035,0.00035866772,1.4852444,493.21856,2115.2175,96,0,-1.1661094,nan,0.071580387,nan,nan,121018.42,-4586.2844,-34.218737,-173.16398,0.024242332,0.71578409,0.095502851,0,0,0,0,0,0
5.59,2910.7958,185.74967,-2112.9483,192.3824,13.61724,453.73678,0.0054374943,-1.1670908,0.069785308,-0.0047341711,0.00039153817,0.00036808543,-0.00070630039,2.5797707e-06,0.0002812315,0.99998623,-0.00073187249,2.5397409e-06,0.00027530525,1,0,0,0.0017853286,0.00035355963,1.4846211,493.02483,2112.9483,96,0,-1.1661121,nan,0.071586712,nan,nan,120951.02,-4584.6473,-33.731954,-175.42901,0.024186407,0.71031712,0.094889954,0,0,0,0,0,0
5.595,2911.7576,185.81774,-2110.68,192.29739,13.609597,453.56265,0.0054095143,-1.1670888,0.069790046,-0.0047100071,0.00042879934,0.00037307585,-0.00071302156,2.569261e-06,0.00027967646,0.99998637,-0.00073854069,2.5293859e-06,0.00027377866,1,0,0,0.001808519,0.00034847306,1.4839982,492.83119,2110.68,96,0,-1.1661146,nan,0.071593085,nan,nan,120883.65,-4583.01,-33.247471,-177.68958,0.024130431,0.70481665,0.094278411,0,0,0,0,0,0
5.6,2912.7189,185.88577,-2108.4125,192.21252,13.601989,453.38854,0.0053815945,-1.1670866,0.06979485,-0.004685899,0.00046577025,0.0003780349,-0.00071972859,2.5587918e-06,0.00027812889,0.99998651,-0.00074519355,2.5190703e-06,0.00027225948,1,0,0,0.0018316735,0.000343408,1.4833755,492.63764,2108.4125,96,0,-1.1661171,nan,0.071599505,nan,nan,120816.31,-4581.3724,-32.765285,-179.94558,0.024074405,0.6992833,0.093668043,0,0,0,0,0,0
5.605,2913.6798,185.95377,-2106.1459,192.12779,13.594415,453.21447,0.0053537351,-1.1670842,0.06979972,-0.0046618471,0.00050244918,0.0003829626,-0.00072642118,2.5483628e-06,0.00027658878,0.99998664,-0.00075183078,2.5087937e-06,0.00027074768,1,0,0,0.0018547909,0.0003383644,1.4827532,492.44417,2106.1459,96,0,-1.1661195,nan,0.071605971,nan,nan,120749,-4579.7347,-32.28539,-182.19691,0.024018329,0.69371769,0.093058783,0,0,0,0,0,0
5.61,2914.6402,186.02172,-2103.8802,192.0432,13.586876,453.04044,0.0053259362,-1.1670816,0.069804654,-0.0046378512,0.00053883445,0.00038785902,-0.00073309901,2.5379738e-06,0.00027505611,0.99998677,-0.00075845204,2.4985558e-06,0.00026924326,1,0,0,0.0018778701,0.00033334223,1.4821312,492.25078,2103.8802,96,0,-1.1661218,nan,0.071612484,nan,nan,120681.71,-4578.0967,-31.807782,-184.44344,0.023962203,0.68812047,0.092450686,0,0,0,0,0,0
5.615,2915.6003,186.08964,-2101.6154,191.95875,13.579372,452.86643,0.0052981979,-1.1670789,0.069809653,-0.0046139114,0.00057492441,0.00039272419,-0.00073976177,2.5276244e-06,0.00027353086,0.9999869,-0.00076505705,2.4883564e-06,0.00026774618,1,0,0,0.00190091,0.00032834148,1.4815095,492.05748,2101.6154,96,0,-1.166124,nan,0.071619043,nan,nan,120614.46,-4576.4585,-31.332458,-186.68507,0.023906027,0.68249227,0.091843888,0,0,0,0,0,0
5.62,2916.5599,186.15752,-2099.3514,191.87444,13.571902,452.69246,0.0052705204,-1.1670759,0.069814716,-0.0045900279,0.00061071745,0.00039755819,-0.00074640914,2.5173142e-06,0.00027201301,0.99998703,-0.00077164549,2.4781952e-06,0.00026625642,1,0,0,0.0019239094,0.0003233621,1.4808881,491.86427,2099.3514,96,0,-1.1661261,nan,0.071625647,nan,nan,120547.24,-4574.82,-30.859413,-188.92168,0.023849802,0.67683373,0.09123855,0,0,0,0,0,0
5.625,2917.5191,186.22537,-2097.0883,191.79026,13.564466,452.51852,0.0052429039,-1.1670728,0.069819842,-0.0045662006,0.00064621198,0.00040236106,-0.00075304082,2.5070431e-06,0.00027050255,0.99998716,-0.00077821706,2.468072e-06,0.00026477398,1,0,0,0.0019468673,0.00031840407,1.480267,491.67114,2097.0883,96,0,-1.1661282,nan,0.071632296,nan,nan,120480.05,-4573.1814,-30.388644,-191.15316,0.023793528,0.67114547,0.09063479,0,0,0,0,0,0
5.63,2918.4779,186.29318,-2094.826,191.70622,13.557065,452.34462,0.0052153483,-1.1670695,0.069825031,-0.0045424296,0.00068140646,0.00040713288,-0.00075965649,2.4968107e-06,0.00026899945,0.99998729,-0.00078477145,2.4579863e-06,0.00026329883,1,0,0,0.0019697823,0.00031346735,1.4796462,491.4781,2094.826,96,0,-1.1661302,nan,0.07163899,nan,nan,120412.89,-4571.5425,-29.920145,-193.37941,0.023737204,0.66542813,0.09003265,0,0,0,0,0,0
5.635,2919.4363,186.36095,-2092.5646,191.62231,13.549697,452.17075,0.0051878539,-1.1670661,0.069830283,-0.0045187149,0.00071629936,0.00041187372,-0.00076625585,2.4866168e-06,0.00026750369,0.99998742,-0.00079130835,2.447938e-06,0.00026183096,1,0,0,0.0019926535,0.00030855192,1.4790257,491.28514,2092.5646,96,0,-1.1661321,nan,0.071645729,nan,nan,120345.76,-4569.9035,-29.453913,-195.60032,0.023680832,0.65968234,0.089432087,0,0,0,0,0,0
5.64,2920.3942,186.42868,-2090.3041,191.53855,13.542363,451.99691,0.0051604209,-1.1670624,0.069835597,-0.0044950567,0.00075088921,0.00041658365,-0.0007728386,2.476461e-06,0.00026601526,0.99998754,-0.00079782748,2.4379268e-06,0.00026037035,1,0,0,0.0020154798,0.00030365774,1.4784055,491.09227,2090.3041,96,0,-1.1661339,nan,0.071652511,nan,nan,120278.66,-4568.2642,-28.989943,-197.81576,0.023624412,0.65390872,0.088832994,0,0,0,0,0,0
5.645,2921.3517,186.49638,-2088.0445,191.45492,13.535062,451.8231,0.0051330492,-1.1670586,0.069840973,-0.0044714548,0.00078517456,0.00042126272,-0.00077940442,2.4663431e-06,0.00026453414,0.99998767,-0.00080432852,2.4279524e-06,0.00025891697,1,0,0,0.0020382599,0.00029878479,1.4777856,490.89948,2088.0445,96,0,-1.1661356,nan,0.071659336,nan,nan,120211.59,-4566.6247,-28.528231,-200.02565,0.023567943,0.64810789,0.08823525,0,0,0,0,0,0
5.65,2922.3088,186.56404,-2085.7857,191.37143,13.527795,451.64933,0.005105739,-1.1670546,0.06984641,-0.0044479095,0.00081915399,0.000425911,-0.00078595301,2.4562628e-06,0.00026306031,0.99998779,-0.00081081119,2.4180145e-06,0.00025747082,1,0,0,0.0020609928,0.00029393303,1.4771661,490.70678,2085.7857,96,0,-1.1661372,nan,0.071666205,nan,nan,120144.55,-4564.985,-28.068773,-202.22985,0.023511427,0.64228049,0.087638757,0,0,0,0,0,0
5.655,2923.2655,186.63166,-2083.5278,191.28807,13.520561,451.47559,0.0050784905,-1.1670505,0.069851908,-0.0044244207,0.00085282611,0.00043052854,-0.00079248407,2.4462198e-06,0.00026159375,0.99998791,-0.00081727518,2.408113e-06,0.00025603187,1,0,0,0.0020836774,0.00028910243,1.4765468,490.51416,2083.5278,96,0,-1.1661388,nan,0.071673116,nan,nan,120077.54,-4563.3452,-27.611565,-204.42828,0.023454863,0.63642715,0.087043472,0,0,0,0,0,0
5.66,2924.2218,186.69925,-2081.2708,191.20485,13.513361,451.30189,0.0050513038,-1.1670461,0.069857467,-0.0044009885,0.00088618958,0.00043511538,-0.0007989973,2.4362139e-06,0.00026013445,0.99998803,-0.00082372021,2.3982475e-06,0.0002546001,1,0,0,0.0021063125,0.00028429296,1.4759279,490.32163,2081.2708,96,0,-1.1661403,nan,0.07168007,nan,nan,120010.56,-4561.7051,-27.156602,-206.62082,0.023398251,0.63054849,0.086449414,0,0,0,0,0,0
5.665,2925.1777,186.7668,-2079.0146,191.12176,13.506193,451.12822,0.0050241789,-1.1670417,0.069863085,-0.0043776129,0.00091924307,0.00043967157,-0.0008054924,2.4262448e-06,0.00025868238,0.99998815,-0.00083014597,2.3884179e-06,0.0002531755,1,0,0,0.0021288972,0.00027950459,1.4753092,490.12918,2079.0146,96,0,-1.1661417,nan,0.071687065,nan,nan,119943.61,-4560.0648,-26.703879,-208.80736,0.023341593,0.62464517,0.085856646,0,0,0,0,0,0
5.67,2926.1331,186.83432,-2076.7593,191.03881,13.499058,450.95459,0.0049971161,-1.167037,0.069868763,-0.004354294,0.00095198531,0.00044419718,-0.00081196908,2.4163122e-06,0.00025723753,0.99998827,-0.00083655218,2.3786237e-06,0.00025175804,1,0,0,0.0021514302,0.00027473729,1.4746909,489.93682,2076.7593,96,0,-1.1661431,nan,0.071694102,nan,nan,119876.69,-4558.4243,-26.253393,-210.9878,0.023284888,0.6187178,0.085265244,0,0,0,0,0,0
5.675,2927.0881,186.9018,-2074.5049,190.95599,13.491956,450.78099,0.0049701153,-1.1670322,0.0698745,-0.0043310318,0.00098441505,0.00044869226,-0.00081842704,2.4064159e-06,0.00025579987,0.99998839,-0.00084293856,2.3688649e-06,0.00025034772,1,0,0,0.0021739104,0.00026999102,1.4740728,489.74455,2074.5049,96,0,-1.1661443,nan,0.07170118,nan,nan,119809.8,-4556.7837,-25.805139,-213.16203,0.023228137,0.61276703,0.084675268,0,0,0,0,0,0
5.68,2928.0427,186.96925,-2072.2514,190.87331,13.484887,450.60742,0.0049431768,-1.1670272,0.069880296,-0.0043078264,0.0010165311,0.00045315687,-0.00082486598,2.3965557e-06,0.0002543694,0.9999885,-0.0008493048,2.3591412e-06,0.0002489445,1,0,0,0.0021963369,0.00026526576,1.4734551,489.55236,2072.2514,96,0,-1.1661455,nan,0.071708298,nan,nan,119742.94,-4555.1428,-25.359113,-215.32995,0.023171339,0.60679349,0.084086741,0,0,0,0,0,0
5.685,2928.9969,187.03666,-2069.9987,190.79076,13.47785,450.43389,0.0049163007,-1.1670221,0.06988615,-0.0042846778,0.0010483322,0.00045759108,-0.00083128562,2.3867312e-06,0.00025294609,0.99998862,-0.00085565063,2.3494523e-06,0.00024754837,1,0,0,0.0022187085,0.00026056146,1.4728377,489.36025,2069.9987,96,0,-1.1661466,nan,0.071715457,nan,nan,119676.11,-4553.5018,-24.915311,-217.49146,0.023114497,0.60079781,0.083499641,0,0,0,0,0,0
5.69,2929.9507,187.10403,-2067.7469,190.70835,13.470845,450.2604,0.004889487,-1.1670168,0.069892062,-0.004261586,0.0010798172,0.00046199495,-0.00083768566,2.3769422e-06,0.00025152992,0.99998873,-0.00086197577,2.339798e-06,0.00024615931,1,0,0,0.0022410241,0.00025587811,1.4722205,489.16823,2067.7469,96,0,-1.1661477,nan,0.071722655,nan,nan,119609.31,-4551.8606,-24.473727,-219.64644,0.023057608,0.59478061,0.082913915,0,0,0,0,0,0
5.695,2930.9041,187.17137,-2065.4959,190.62607,13.463872,450.08693,0.0048627359,-1.1670113,0.069898032,-0.0042385512,0.0011109851,0.00046636853,-0.00084406582,2.3671886e-06,0.00025012087,0.99998884,-0.00086827993,2.3301781e-06,0.00024477732,1,0,0,0.0022632828,0.00025121567,1.4716037,488.9763,2065.4959,96,0,-1.1661487,nan,0.071729894,nan,nan,119542.54,-4550.2192,-24.034358,-221.7948,0.023000675,0.58874254,0.082329498,0,0,0,0,0,0
5.7,2931.8571,187.23868,-2063.2458,190.54392,13.456931,449.91351,0.0048360475,-1.1670057,0.069904058,-0.0042155733,0.0011418347,0.00047071188,-0.0008504258,2.35747e-06,0.00024871894,0.99998895,-0.00087456283,2.3205924e-06,0.00024340236,1,0,0,0.0022854833,0.0002465741,1.4709872,488.78445,2063.2458,96,0,-1.1661496,nan,0.071737171,nan,nan,119475.8,-4548.5776,-23.597199,-223.93644,0.022943698,0.58268423,0.081746337,0,0,0,0,0,0
5.705,2932.8096,187.30595,-2060.9966,190.46191,13.450022,449.74012,0.0048094219,-1.167,0.069910141,-0.0041926524,0.001172365,0.00047502506,-0.00085676533,2.3477862e-06,0.00024732409,0.99998906,-0.0008808242,2.3110405e-06,0.00024203442,1,0,0,0.0023076247,0.00024195337,1.470371,488.59269,2060.9966,96,0,-1.1661504,nan,0.071744486,nan,nan,119409.1,-4546.9358,-23.162245,-226.07125,0.022886676,0.5766063,0.081164405,0,0,0,0,0,0
5.71,2933.7618,187.37319,-2058.7482,190.38002,13.443145,449.56676,0.0047828591,-1.1669941,0.06991628,-0.0041697885,0.001202575,0.00047930811,-0.00086308413,2.338137e-06,0.00024593631,0.99998917,-0.00088706376,2.3015224e-06,0.00024067348,1,0,0,0.0023297058,0.00023735346,1.4697551,488.40101,2058.7482,96,0,-1.1661512,nan,0.07175184,nan,nan,119342.42,-4545.2939,-22.729493,-228.19913,0.022829611,0.57050939,0.080583706,0,0,0,0,0,0
5.715,2934.7135,187.44039,-2056.5007,190.29827,13.436299,449.39344,0.0047563594,-1.166988,0.069922474,-0.0041469818,0.0012324636,0.00048356109,-0.0008693819,2.3285222e-06,0.00024455558,0.99998928,-0.00089328124,2.2920378e-06,0.00023931953,1,0,0,0.0023517258,0.00023277432,1.4691395,488.20942,2056.5007,96,0,-1.1661518,nan,0.071759232,nan,nan,119275.77,-4543.6518,-22.298938,-230.31998,0.022772502,0.56439413,0.080004269,0,0,0,0,0,0
5.72,2935.6648,187.50756,-2054.2541,190.21665,13.429484,449.22016,0.0047299228,-1.1669818,0.069928724,-0.0041242321,0.00126203,0.00048778406,-0.00087565838,2.3189415e-06,0.00024318189,0.99998939,-0.00089947636,2.2825864e-06,0.00023797254,1,0,0,0.0023736835,0.00022821593,1.4685242,488.01791,2054.2541,96,0,-1.1661525,nan,0.071766662,nan,nan,119209.15,-4542.0095,-21.870575,-232.4337,0.022715351,0.55826117,0.079426128,0,0,0,0,0,0
5.725,2936.6158,187.57469,-2052.0084,190.13517,13.422701,449.04691,0.0047035494,-1.1669754,0.069935029,-0.0041015396,0.0012912733,0.00049197706,-0.00088191328,2.3093946e-06,0.00024181522,0.99998949,-0.00090564886,2.2731681e-06,0.0002366325,1,0,0,0.0023955778,0.00022367825,1.4679093,487.82649,2052.0084,96,0,-1.166153,nan,0.071774128,nan,nan,119142.57,-4540.367,-21.4444,-234.5402,0.022658157,0.55211113,0.078849314,0,0,0,0,0,0
5.73,2937.5663,187.64179,-2049.7635,190.05381,13.415949,448.8737,0.0046772394,-1.1669689,0.069941388,-0.0040789044,0.0013201924,0.00049614016,-0.00088814633,2.2998815e-06,0.00024045554,0.9999896,-0.00091179847,2.2637826e-06,0.00023529938,1,0,0,0.0024174078,0.00021916126,1.4672946,487.63515,2049.7635,96,0,-1.1661535,nan,0.071781632,nan,nan,119076.01,-4538.7244,-21.020408,-236.63936,0.022600921,0.54594464,0.078273835,0,0,0,0,0,0
5.735,2938.5164,187.70886,-2047.5195,189.97258,13.409227,448.70053,0.0046509928,-1.1669623,0.069947801,-0.0040563264,0.0013487867,0.00050027341,-0.00089435726,2.2904019e-06,0.00023910284,0.9999897,-0.00091792493,2.2544298e-06,0.00023397318,1,0,0,0.0024391725,0.00021466491,1.4666802,487.4439,2047.5195,96,0,-1.1661539,nan,0.071789171,nan,nan,119009.49,-4537.0816,-20.598595,-238.73111,0.022543643,0.53976234,0.077699681,0,0,0,0,0,0
5.74,2939.4661,187.77589,-2045.2763,189.89149,13.402537,448.52739,0.0046248096,-1.1669555,0.069954268,-0.0040338056,0.0013770552,0.00050437688,-0.0009005458,2.2809555e-06,0.0002377571,0.9999898,-0.00092402797,2.2451095e-06,0.00023265387,1,0,0,0.0024608707,0.00021018918,1.4660661,487.25273,2045.2763,96,0,-1.1661543,nan,0.071796747,nan,nan,118942.99,-4535.4386,-20.178956,-240.81534,0.022486324,0.53356485,0.077126822,0,0,0,0,0,0
5.745,2940.4154,187.84289,-2043.034,189.81052,13.395877,448.35429,0.0045986902,-1.1669486,0.069960788,-0.0040113423,0.0014049972,0.00050845061,-0.00090671168,2.2715421e-06,0.00023641831,0.99998991,-0.00093010734,2.2358213e-06,0.00023134144,1,0,0,0.0024825016,0.00020573403,1.4654524,487.06165,2043.034,96,0,-1.1661546,nan,0.071804358,nan,nan,118876.53,-4533.7955,-19.761487,-242.89195,0.022428965,0.52735281,0.076555224,0,0,0,0,0,0
5.75,2941.3643,187.90985,-2040.7926,189.72969,13.389247,448.18123,0.0045726344,-1.1669415,0.06996736,-0.0039889362,0.0014326119,0.00051249467,-0.00091285463,2.2621616e-06,0.00023508644,0.99999001,-0.00093616277,2.2265653e-06,0.00023003586,1,0,0,0.0025040641,0.00020129943,1.4648389,486.87066,2040.7926,96,0,-1.1661548,nan,0.071812004,nan,nan,118810.09,-4532.1522,-19.346184,-244.96085,0.022371565,0.52112685,0.075984856,0,0,0,0,0,0
5.755,2942.3128,187.97679,-2038.552,189.64898,13.382648,448.0082,0.0045466425,-1.1669343,0.069973985,-0.0039665877,0.0014598986,0.0005165091,-0.0009189744,2.2528137e-06,0.00023376148,0.99999011,-0.000942194,2.217341e-06,0.00022873712,1,0,0,0.0025255572,0.00019688535,1.4642258,486.67975,2038.552,96,0,-1.166155,nan,0.071819686,nan,nan,118743.69,-4530.5088,-18.933041,-247.02194,0.022314126,0.51488761,0.075415701,0,0,0,0,0,0
5.76,2943.2608,188.04369,-2036.3123,189.5684,13.376079,447.83521,0.0045207145,-1.166927,0.069980662,-0.0039442965,0.0014868567,0.00052049396,-0.00092507071,2.2434982e-06,0.00023244342,0.9999902,-0.0009482008,2.2081485e-06,0.00022744521,1,0,0,0.00254698,0.00019249175,1.4636129,486.48892,2036.3123,96,0,-1.1661551,nan,0.071827401,nan,nan,118677.32,-4528.8652,-18.522054,-249.07514,0.022256647,0.5086357,0.074847759,0,0,0,0,0,0
5.765,2944.2085,188.11056,-2034.0735,189.48795,13.36954,447.66226,0.0044948505,-1.1669195,0.06998739,-0.0039220629,0.0015134854,0.00052444929,-0.0009311433,2.2342149e-06,0.00023113222,0.9999903,-0.00095418289,2.1989874e-06,0.0002261601,1,0,0,0.0025683314,0.0001881186,1.4630004,486.29818,2034.0735,96,0,-1.1661551,nan,0.071835151,nan,nan,118610.97,-4527.2214,-18.113219,-251.12034,0.022199129,0.50237176,0.074281041,0,0,0,0,0,0
5.77,2945.1558,188.17739,-2031.8355,189.40763,13.363031,447.48934,0.0044690506,-1.1669119,0.06999417,-0.0038998868,0.0015397842,0.00052837516,-0.00093719193,2.2249637e-06,0.00022982788,0.9999904,-0.00096014005,2.1898576e-06,0.00022488178,1,0,0,0.0025896105,0.00018376587,1.4623882,486.10753,2031.8355,96,0,-1.1661551,nan,0.071842934,nan,nan,118544.66,-4525.5775,-17.706531,-253.15746,0.022141573,0.49609643,0.073715561,0,0,0,0,0,0
5.775,2946.1027,188.24419,-2029.5984,189.32743,13.356551,447.31646,0.0044433149,-1.1669041,0.070001,-0.0038777682,0.0015657525,0.00053227161,-0.00094321633,2.2157443e-06,0.00022853037,0.99999049,-0.00096607201,2.1807588e-06,0.00022361022,1,0,0,0.0026108163,0.00017943353,1.4617762,485.91696,2029.5984,96,0,-1.166155,nan,0.071850751,nan,nan,118478.38,-4523.9334,-17.301985,-255.1864,0.022083979,0.48981032,0.073151334,0,0,0,0,0,0
5.78,2947.0492,188.31096,-2027.3622,189.24737,13.350102,447.14362,0.0044176435,-1.1668963,0.07000788,-0.0038557073,0.0015913897,0.00053613871,-0.00094921626,2.2065566e-06,0.00022723968,0.99999059,-0.00097197853,2.171691e-06,0.00022234542,1,0,0,0.0026319478,0.00017512153,1.4611646,485.72648,2027.3622,96,0,-1.1661549,nan,0.0718586,nan,nan,118412.13,-4522.2892,-16.899577,-257.20708,0.022026348,0.48351407,0.072588362,0,0,0,0,0,0
5.785,2947.9952,188.3777,-2025.1268,189.16743,13.343681,446.97082,0.0043920365,-1.1668883,0.07001481,-0.003833704,0.0016166953,0.0005399765,-0.00095519145,2.1974003e-06,0.0002259558,0.99999068,-0.00097785938,2.162654e-06,0.00022108735,1,0,0,0.0026530042,0.00017082985,1.4605533,485.53608,2025.1268,96,0,-1.1661547,nan,0.071866482,nan,nan,118345.91,-4520.6449,-16.499303,-259.2194,0.021968679,0.4772083,0.072026639,0,0,0,0,0,0
5.79,2948.9409,188.44441,-2022.8923,189.08761,13.33729,446.79806,0.0043664939,-1.1668801,0.07002179,-0.0038117584,0.0016416688,0.00054378505,-0.00096114167,2.1882752e-06,0.00022467869,0.99999078,-0.00098371431,2.1536474e-06,0.00021983599,1,0,0,0.0026739844,0.00016655845,1.4599423,485.34577,2022.8923,96,0,-1.1661545,nan,0.071874396,nan,nan,118279.72,-4519.0004,-16.101157,-261.22328,0.021910975,0.47089365,0.071466147,0,0,0,0,0,0
5.795,2949.8862,188.51108,-2020.6587,189.00792,13.330928,446.62533,0.0043410159,-1.1668719,0.070028819,-0.0037898705,0.0016663098,0.00054756439,-0.00096706667,2.1791813e-06,0.00022340835,0.99999087,-0.00098954309,2.1446713e-06,0.00021859134,1,0,0,0.0026948875,0.00016230731,1.4593316,485.15554,2020.6587,96,0,-1.1661541,nan,0.071882342,nan,nan,118213.56,-4517.3557,-15.705136,-263.21862,0.021853235,0.46457073,0.070906866,0,0,0,0,0,0
5.8,2950.8311,188.57772,-2018.4259,188.92836,13.324595,446.45265,0.0043156026,-1.1668635,0.070035896,-0.0037680404,0.0016906178,0.0005513146,-0.0009729662,2.1701182e-06,0.00022214476,0.99999096,-0.00099534548,2.1357254e-06,0.00021735336,1,0,0,0.0027157126,0.00015807638,1.4587212,484.9654,2018.4259,96,0,-1.1661538,nan,0.07189032,nan,nan,118147.43,-4515.7109,-15.311234,-265.20534,0.021795459,0.45824016,0.070348779,0,0,0,0,0,0
5.805,2951.7756,188.64433,-2016.194,188.84892,13.31829,446.28,0.004290254,-1.166855,0.070043021,-0.0037462681,0.0017145925,0.00055503571,-0.00097884002,2.1610859e-06,0.0002208879,0.99999105,-0.0010011212,2.1268094e-06,0.00021612205,1,0,0,0.0027364588,0.00015386563,1.4581111,484.77534,2016.194,96,0,-1.1661534,nan,0.071898328,nan,nan,118081.34,-4514.066,-14.919447,-267.18336,0.021737649,0.45190259,0.069791875,0,0,0,0,0,0
5.81,2952.7196,188.71091,-2013.9629,188.76961,13.312015,446.10739,0.0042649703,-1.1668464,0.070050194,-0.0037245536,0.0017382334,0.00055872779,-0.00098468789,2.152084e-06,0.00021963776,0.99999114,-0.0010068702,2.1179234e-06,0.00021489738,1,0,0,0.0027571252,0.00014967503,1.4575013,484.58537,2013.9629,96,0,-1.1661529,nan,0.071906368,nan,nan,118015.27,-4512.4209,-14.52977,-269.15259,0.021679804,0.44555861,0.06923615,0,0,0,0,0,0
5.815,2953.6633,188.77746,-2011.7327,188.69042,13.305768,445.93483,0.0042397514,-1.1668377,0.070057415,-0.0037028969,0.0017615404,0.00056239088,-0.00099050959,2.1431126e-06,0.0002183943,0.99999123,-0.001012592,2.1090671e-06,0.00021367934,1,0,0,0.0027777108,0.00014550455,1.4568918,484.39548,2011.7327,96,0,-1.1661523,nan,0.071914437,nan,nan,117949.23,-4510.7757,-14.142199,-271.11294,0.021621926,0.43920887,0.068681609,0,0,0,0,0,0
5.82,2954.6066,188.84397,-2009.5034,188.61135,13.299549,445.7623,0.0042145975,-1.1668289,0.070064683,-0.0036812981,0.001784513,0.00056602503,-0.00099630487,2.1341713e-06,0.00021715753,0.99999131,-0.0010182866,2.1002403e-06,0.00021246791,1,0,0,0.0027982148,0.00014135414,1.4562826,484.20568,2009.5034,96,0,-1.1661518,nan,0.071922536,nan,nan,117883.23,-4509.1304,-13.756729,-273.06433,0.021564014,0.43285397,0.068128257,0,0,0,0,0,0
5.825,2955.5495,188.91046,-2007.2749,188.53241,13.293358,445.58981,0.0041895087,-1.1668199,0.070071997,-0.0036597573,0.001807151,0.0005696303,-0.0010020735,2.1252601e-06,0.00021592741,0.9999914,-0.0010239536,2.0914428e-06,0.00021126308,1,0,0,0.0028186362,0.00013722379,1.4556737,484.01597,2007.2749,96,0,-1.1661511,nan,0.071930665,nan,nan,117817.25,-4507.4849,-13.373355,-275.00668,0.02150607,0.42649455,0.067576099,0,0,0,0,0,0
5.83,2956.492,188.97691,-2005.0473,188.45359,13.287196,445.41736,0.004164485,-1.1668108,0.070079357,-0.0036382744,0.0018294543,0.00057320674,-0.0010078153,2.1163787e-06,0.00021470394,0.99999148,-0.0010295929,2.0826746e-06,0.00021006482,1,0,0,0.0028389743,0.00013311345,1.4550651,483.82634,2005.0473,96,0,-1.1661504,nan,0.071938824,nan,nan,117751.31,-4505.8393,-12.992073,-276.9399,0.021448094,0.42013121,0.067025135,0,0,0,0,0,0
5.835,2957.4341,189.04334,-2002.8206,188.37489,13.281061,445.24495,0.0041395266,-1.1668017,0.070086763,-0.0036168495,0.0018514226,0.00057675441,-0.0010135299,2.107527e-06,0.00021348709,0.99999157,-0.0010352042,2.0739354e-06,0.00020887312,1,0,0,0.002859228,0.00012902309,1.4544569,483.63679,2002.8206,96,0,-1.1661497,nan,0.071947011,nan,nan,117685.39,-4504.1936,-12.612878,-278.86392,0.021390087,0.41376457,0.06647536,0,0,0,0,0,0
5.84,2958.3759,189.10973,-2000.5947,188.29631,13.274954,445.07258,0.0041146335,-1.1667924,0.070094215,-0.0035954826,0.0018730557,0.00058027335,-0.0010192172,2.0987048e-06,0.00021227685,0.99999165,-0.0010407873,2.0652251e-06,0.00020768796,1,0,0,0.0028793966,0.00012495267,1.4538489,483.44734,2000.5947,96,0,-1.1661489,nan,0.071955226,nan,nan,117619.51,-4502.5477,-12.235765,-280.77866,0.021332048,0.40739525,0.065926763,0,0,0,0,0,0
5.845,2959.3172,189.17609,-1998.3697,188.21786,13.268875,444.90025,0.0040898057,-1.166783,0.070101711,-0.0035741738,0.0018943535,0.00058376362,-0.001024877,2.0899119e-06,0.0002110732,0.99999174,-0.0010463421,2.0565436e-06,0.00020650932,1,0,0,0.0028994792,0.00012090217,1.4532412,483.25796,1998.3697,96,0,-1.1661481,nan,0.07196347,nan,nan,117553.66,-4500.9017,-11.86073,-282.68402,0.021273979,0.40102386,0.065379332,0,0,0,0,0,0
5.85,2960.2581,189.24243,-1996.1455,188.13952,13.262824,444.72796,0.0040650434,-1.1667735,0.070109252,-0.0035529231,0.001915316,0.00058722527,-0.001030509,2.0811483e-06,0.00020987612,0.99999182,-0.0010518683,2.0478906e-06,0.0002053372,1,0,0,0.002919475,0.00011687154,1.4526339,483.06867,1996.1455,96,0,-1.1661472,nan,0.071971741,nan,nan,117487.84,-4499.2556,-11.487768,-284.57995,0.021215881,0.39465102,0.064833056,0,0,0,0,0,0
5.855,2961.1987,189.30873,-1993.9222,188.06131,13.256799,444.55571,0.0040403467,-1.1667639,0.070116838,-0.0035317304,0.001935943,0.00059065835,-0.0010361131,2.0724136e-06,0.0002086856,0.9999919,-0.0010573657,2.0392661e-06,0.00020417156,1,0,0,0.0029393831,0.00011286075,1.4520268,482.87947,1993.9222,96,0,-1.1661462,nan,0.07198004,nan,nan,117422.05,-4497.6094,-11.116875,-286.46636,0.021157753,0.38827734,0.064287929,0,0,0,0,0,0
5.86,2962.1388,189.375,-1991.6998,187.98322,13.250802,444.38351,0.0040157156,-1.1667542,0.070124467,-0.003510596,0.0019562346,0.00059406291,-0.0010416889,2.0637079e-06,0.00020750161,0.99999198,-0.0010628341,2.0306698e-06,0.00020301239,1,0,0,0.0029592026,0.00010886978,1.4514201,482.69035,1991.6998,96,0,-1.1661453,nan,0.071988366,nan,nan,117356.29,-4495.963,-10.748046,-288.34317,0.021099596,0.38190342,0.063743945,0,0,0,0,0,0
5.865,2963.0786,189.44124,-1989.4782,187.90524,13.244832,444.21134,0.0039911501,-1.1667444,0.070132139,-0.0034895196,0.0019761907,0.00059743901,-0.0010472363,2.0550309e-06,0.00020632415,0.99999206,-0.0010682732,2.0221017e-06,0.00020185968,1,0,0,0.0029789328,0.00010489858,1.4508136,482.50132,1989.4782,96,0,-1.1661442,nan,0.071996718,nan,nan,117290.56,-4494.3166,-10.381275,-290.2103,0.021041412,0.37552988,0.063201106,0,0,0,0,0,0
5.87,2964.0179,189.50745,-1987.2575,187.82739,13.238889,444.03922,0.0039666504,-1.1667344,0.070139855,-0.0034685015,0.0019958114,0.00060078669,-0.0010527552,2.0463824e-06,0.00020515319,0.99999214,-0.001073683,2.0135616e-06,0.00020071341,1,0,0,0.0029985729,0.00010094712,1.4502075,482.31237,1987.2575,96,0,-1.1661431,nan,0.072005097,nan,nan,117224.86,-4492.67,-10.016559,-292.0677,0.0209832,0.36915732,0.062659414,0,0,0,0,0,0
5.875,2964.9569,189.57364,-1985.0377,187.74965,13.232972,443.86714,0.0039422165,-1.1667244,0.070147613,-0.0034475416,0.0020150968,0.00060410601,-0.0010582452,2.0377624e-06,0.00020398871,0.99999222,-0.0010790632,2.0050493e-06,0.00019957356,1,0,0,0.003018122,9.7015367e-05,1.4496016,482.12351,1985.0377,96,0,-1.166142,nan,0.072013502,nan,nan,117159.19,-4491.0233,-9.6538926,-293.91527,0.020924961,0.36278634,0.062118868,0,0,0,0,0,0
5.88,2965.8955,189.63979,-1982.8187,187.67204,13.227083,443.6951,0.0039178485,-1.1667143,0.070155413,-0.0034266399,0.0020340468,0.00060739701,-0.0010637062,2.0291706e-06,0.00020283071,0.9999923,-0.0010844136,1.9965647e-06,0.00019844011,1,0,0,0.0030375794,9.3103286e-05,1.4489961,481.93474,1982.8187,96,0,-1.1661409,nan,0.072021932,nan,nan,117093.56,-4489.3765,-9.2932713,-295.75295,0.020866695,0.35641755,0.061579467,0,0,0,0,0,0
5.885,2966.8337,189.70591,-1980.6005,187.59454,13.221219,443.5231,0.0038935465,-1.1667041,0.070163255,-0.0034057966,0.0020526618,0.00061065976,-0.0010691379,2.020607e-06,0.00020167916,0.99999237,-0.0010897341,1.9881077e-06,0.00019731305,1,0,0,0.0030569442,8.9210842e-05,1.4483909,481.74605,1980.6005,96,0,-1.1661396,nan,0.072030388,nan,nan,117027.95,-4487.7295,-8.9346903,-297.58066,0.020808404,0.35005156,0.061041208,0,0,0,0,0,0
5.89,2967.7715,189.77201,-1978.3833,187.51715,13.215382,443.35115,0.0038693105,-1.1666939,0.070171139,-0.0033850115,0.0020709417,0.00061389429,-0.0010745403,2.0120713e-06,0.00020053404,0.99999245,-0.0010950243,1.9796781e-06,0.00019619236,1,0,0,0.0030762157,8.5338002e-05,1.447786,481.55744,1978.3833,96,0,-1.1661384,nan,0.072038868,nan,nan,116962.38,-4486.0825,-8.5781449,-299.39834,0.020750088,0.34368895,0.060504083,0,0,0,0,0,0
5.895,2968.709,189.83807,-1976.1669,187.43989,13.209571,443.17923,0.0038451406,-1.1666835,0.070179063,-0.0033642847,0.0020888869,0.00061710067,-0.001079913,2.0035635e-06,0.00019939534,0.99999252,-0.0011002842,1.9712758e-06,0.00019507803,1,0,0,0.0030953931,8.148473e-05,1.4471813,481.36892,1976.1669,96,0,-1.1661371,nan,0.072047374,nan,nan,116896.83,-4484.4353,-8.2236305,-301.20592,0.020691747,0.33733032,0.059968084,0,0,0,0,0,0
5.9,2969.646,189.90411,-1973.9513,187.36274,13.203786,443.00736,0.0038210368,-1.166673,0.070187029,-0.0033436163,0.0021064975,0.00062027894,-0.001085256,1.9950833e-06,0.00019826304,0.9999926,-0.0011055136,1.9629007e-06,0.00019397003,1,0,0,0.0031144758,7.7650992e-05,1.446577,481.18049,1973.9513,96,0,-1.1661358,nan,0.072055903,nan,nan,116831.32,-4482.7881,-7.8711423,-303.00332,0.020633382,0.33097628,0.059433205,0,0,0,0,0,0
5.905,2970.5827,189.97012,-1971.7366,187.2857,13.198027,442.83554,0.0037969993,-1.1666625,0.070195034,-0.0033230063,0.0021237738,0.00062342915,-0.0010905689,1.9866307e-06,0.00019713713,0.99999267,-0.0011107123,1.9545525e-06,0.00019286835,1,0,0,0.0031334628,7.3836754e-05,1.445973,480.99214,1971.7366,96,0,-1.1661344,nan,0.072064456,nan,nan,116765.84,-4481.1407,-7.5206757,-304.79049,0.020574994,0.32462742,0.05889944,0,0,0,0,0,0
5.91,2971.5189,190.0361,-1969.5228,187.20878,13.192293,442.66375,0.003773028,-1.1666518,0.07020308,-0.0033024547,0.0021407161,0.00062655135,-0.0010958517,1.9782055e-06,0.00019601758,0.99999275,-0.0011158802,1.9462312e-06,0.00019177297,1,0,0,0.0031523535,7.0041981e-05,1.4453693,480.80387,1969.5228,96,0,-1.166133,nan,0.072073033,nan,nan,116700.39,-4479.4932,-7.1722259,-306.56735,0.020516584,0.31828432,0.058366786,0,0,0,0,0,0
5.915,2972.4548,190.10205,-1967.3098,187.13198,13.186585,442.49201,0.0037491232,-1.1666411,0.070211165,-0.0032819615,0.0021573247,0.0006296456,-0.0011011041,1.9698075e-06,0.00019490439,0.99999282,-0.0011210169,1.9379367e-06,0.00019068388,1,0,0,0.0031711472,6.6266639e-05,1.4447659,480.6157,1967.3098,96,0,-1.1661315,nan,0.072081632,nan,nan,116634.97,-4477.8456,-6.8257883,-308.33383,0.020458151,0.31194757,0.057835242,0,0,0,0,0,0
5.92,2973.3903,190.16797,-1965.0977,187.05529,13.180903,442.32032,0.0037252847,-1.1666303,0.070219289,-0.0032615267,0.0021735999,0.00063271195,-0.0011063259,1.9614367e-06,0.00019379752,0.99999289,-0.0011261225,1.9296688e-06,0.00018960106,1,0,0,0.003189843,6.2510692e-05,1.4441628,480.4276,1965.0977,96,0,-1.16613,nan,0.072090255,nan,nan,116569.58,-4476.198,-6.4813581,-310.08988,0.020399696,0.30561776,0.057304808,0,0,0,0,0,0
5.925,2974.3255,190.23386,-1962.8864,186.97871,13.175246,442.14866,0.0037015126,-1.1666194,0.070227452,-0.0032411504,0.0021895421,0.00063575044,-0.0011115171,1.9530929e-06,0.00019269698,0.99999296,-0.0011311966,1.9214274e-06,0.00018852449,1,0,0,0.0032084405,5.8774107e-05,1.44356,480.23959,1962.8864,96,0,-1.1661285,nan,0.0720989,nan,nan,116504.22,-4474.5502,-6.1389306,-311.83543,0.020341221,0.29929548,0.056775482,0,0,0,0,0,0
5.93,2975.2602,190.29972,-1960.676,186.90225,13.169614,441.97706,0.0036778071,-1.1666084,0.070235653,-0.0032208325,0.0022051518,0.00063876112,-0.0011166774,1.944776e-06,0.00019160273,0.99999303,-0.0011362392,1.9132123e-06,0.00018745415,1,0,0,0.0032269387,5.5056849e-05,1.4429575,480.05167,1960.676,96,0,-1.1661269,nan,0.072107567,nan,nan,116438.9,-4472.9023,-5.7985011,-313.57041,0.020282725,0.29298131,0.056247263,0,0,0,0,0,0
5.935,2976.1946,190.36556,-1958.4665,186.8259,13.164007,441.80549,0.0036541682,-1.1665974,0.070243892,-0.0032005732,0.0022204293,0.00064174405,-0.0011218066,1.9364858e-06,0.00019051477,0.9999931,-0.0011412501,1.9050234e-06,0.00018639004,1,0,0,0.003245337,5.1358882e-05,1.4423553,479.86384,1958.4665,96,0,-1.1661253,nan,0.072116256,nan,nan,116373.6,-4471.2543,-5.4600649,-315.29477,0.02022421,0.28667582,0.055720147,0,0,0,0,0,0
5.94,2977.1285,190.43137,-1956.2578,186.74966,13.158424,441.63397,0.003630596,-1.1665863,0.070252169,-0.0031803724,0.0022353752,0.00064469928,-0.0011269045,1.9282221e-06,0.00018943307,0.99999317,-0.0011462291,1.8968607e-06,0.00018533212,1,0,0,0.0032636349,4.7680173e-05,1.4417534,479.67608,1956.2578,96,0,-1.1661236,nan,0.072124966,nan,nan,116308.34,-4469.6063,-5.1236173,-317.00844,0.020165675,0.2803796,0.055194129,0,0,0,0,0,0
5.945,2978.0621,190.49715,-1954.05,186.67353,13.152867,441.4625,0.0036070904,-1.1665751,0.070260483,-0.0031602302,0.0022499899,0.00064762686,-0.0011319711,1.919985e-06,0.00018835762,0.99999324,-0.0011511761,1.888724e-06,0.0001842804,1,0,0,0.0032818314,4.4020686e-05,1.4411518,479.48842,1954.05,96,0,-1.166122,nan,0.072133698,nan,nan,116243.1,-4467.9581,-4.7891536,-318.71137,0.020107122,0.27409321,0.054669205,0,0,0,0,0,0
5.95,2978.9954,190.5629,-1951.843,186.59752,13.147334,441.29107,0.0035836516,-1.1665638,0.070268834,-0.0031401465,0.002264274,0.00065052684,-0.0011370061,1.9117742e-06,0.0001872884,0.9999933,-0.001156091,1.8806131e-06,0.00018323484,1,0,0,0.0032999261,4.0380387e-05,1.4405505,479.30084,1951.843,96,0,-1.1661203,nan,0.07214245,nan,nan,116177.9,-4466.3099,-4.456669,-320.4035,0.020048552,0.26781723,0.05414537,0,0,0,0,0,0
5.955,2979.9282,190.62863,-1949.6369,186.52161,13.141825,441.11968,0.0035602795,-1.1665525,0.070277221,-0.0031201214,0.0022782281,0.00065339926,-0.0011420094,1.9035896e-06,0.0001862254,0.99999337,-0.0011609735,1.8725279e-06,0.00018219544,1,0,0,0.0033179183,3.6759241e-05,1.4399496,479.11334,1949.6369,96,0,-1.1661185,nan,0.072151222,nan,nan,116112.73,-4464.6615,-4.1261588,-322.08476,0.019989963,0.26155224,0.05362262,0,0,0,0,0,0
5.96,2980.8606,190.69433,-1947.4316,186.44582,13.136341,440.94834,0.0035369743,-1.1665411,0.070285645,-0.0031001548,0.0022918526,0.00065624418,-0.0011469808,1.8954311e-06,0.0001851686,0.99999344,-0.0011658235,1.8644684e-06,0.00018116217,1,0,0,0.0033358073,3.3157213e-05,1.4393489,478.92593,1947.4316,96,0,-1.1661167,nan,0.072160015,nan,nan,116047.59,-4463.0131,-3.7976184,-323.75511,0.019931359,0.25529878,0.053100952,0,0,0,0,0,0
5.965,2981.7927,190.76,-1945.2272,186.37013,13.13088,440.77705,0.0035137361,-1.1665296,0.070294104,-0.0030802469,0.0023051483,0.00065906165,-0.0011519201,1.8872986e-06,0.00018411798,0.9999935,-0.0011706409,1.8564343e-06,0.00018013502,1,0,0,0.0033535924,2.9574269e-05,1.4387485,478.73861,1945.2272,96,0,-1.1661149,nan,0.072168827,nan,nan,115982.48,-4461.3646,-3.4710429,-325.41448,0.019872738,0.24905744,0.052580365,0,0,0,0,0,0
5.97,2982.7244,190.82564,-1943.0237,186.29456,13.125444,440.6058,0.0034905648,-1.166518,0.070302598,-0.0030603976,0.0023181158,0.00066185172,-0.0011568273,1.8791919e-06,0.00018307353,0.99999357,-0.0011754256,1.8484257e-06,0.00017911397,1,0,0,0.0033712732,2.6010373e-05,1.4381485,478.55137,1943.0237,96,0,-1.1661131,nan,0.072177659,nan,nan,115917.4,-4459.716,-3.1464277,-327.06283,0.019814102,0.24282877,0.052060858,0,0,0,0,0,0
5.975,2983.6557,190.89126,-1940.821,186.21909,13.120031,440.4346,0.0034674605,-1.1665064,0.070311128,-0.003040607,0.0023307558,0.00066461444,-0.0011617022,1.8711109e-06,0.00018203523,0.99999363,-0.0011801773,1.8404423e-06,0.00017809901,1,0,0,0.0033888489,2.246549e-05,1.4375487,478.36422,1940.821,96,0,-1.1661112,nan,0.07218651,nan,nan,115852.35,-4458.0673,-2.823768,-328.7001,0.019755451,0.23661332,0.051542429,0,0,0,0,0,0
5.98,2984.5867,190.95685,-1938.6192,186.14373,13.114642,440.26345,0.0034444232,-1.1664948,0.070319692,-0.003020875,0.0023430689,0.00066734985,-0.0011665446,1.8630556e-06,0.00018100306,0.99999369,-0.0011848961,1.8324841e-06,0.00017709013,1,0,0,0.0034063189,1.8939587e-05,1.4369492,478.17715,1938.6192,96,0,-1.1661093,nan,0.072195379,nan,nan,115787.34,-4456.4185,-2.5030591,-330.32624,0.019696786,0.23041166,0.051025077,0,0,0,0,0,0
5.985,2985.5173,191.02241,-1936.4182,186.06848,13.109277,440.09234,0.003421453,-1.166483,0.07032829,-0.0030012017,0.002355056,0.00067005802,-0.0011713543,1.8550257e-06,0.00017997701,0.99999376,-0.0011895817,1.8245509e-06,0.00017608729,1,0,0,0.0034236827,1.5432627e-05,1.4363501,477.99017,1936.4182,96,0,-1.1661073,nan,0.072204267,nan,nan,115722.35,-4454.7696,-2.1842964,-331.94119,0.019638107,0.22422433,0.050508799,0,0,0,0,0,0
5.99,2986.4474,191.08795,-1934.2181,185.99333,13.103935,439.92128,0.00339855,-1.1664713,0.070336923,-0.0029815871,0.0023667178,0.00067273899,-0.0011761313,1.8470212e-06,0.00017895706,0.99999382,-0.001194234,1.8166426e-06,0.0001750905,1,0,0,0.0034409397,1.1944576e-05,1.4357512,477.80327,1934.2181,96,0,-1.1661054,nan,0.072213173,nan,nan,115657.4,-4453.1207,-1.867475,-333.54491,0.019579416,0.21805189,0.049993592,0,0,0,0,0,0
5.995,2987.3773,191.15346,-1932.0188,185.91829,13.098616,439.75026,0.0033757142,-1.1664594,0.070345589,-0.0029620311,0.002378055,0.0006753928,-0.0011808754,1.839042e-06,0.00017794319,0.99999388,-0.0011988529,1.8087591e-06,0.00017409972,1,0,0,0.0034580894,8.4753983e-06,1.4351527,477.61646,1932.0188,96,0,-1.1661034,nan,0.072222096,nan,nan,115592.48,-4451.4717,-1.5525903,-335.13735,0.019520712,0.21189488,0.049479452,0,0,0,0,0,0
6,2988.3067,191.21894,-1929.8204,185.84336,13.09332,439.5793,0.0033529456,-1.1664475,0.070354287,-0.0029425339,0.0023890686,0.00067801952,-0.0011855865,1.8310879e-06,0.00017693539,0.99999394,-0.0012034382,1.8009003e-06,0.00017311495,1,0,0,0.003475131,5.02506e-06,1.4345544,477.42973,1929.8204,96,0,-1.1661014,nan,0.072231037,nan,nan,115527.59,-4449.8226,-1.2396375,-336.71846,0.019461996,0.20575384,0.048966376,0,0,0,0,0,0
6.005,2989.2358,191.28439,-1927.6229,185.76853,13.088048,439.40838,0.0033302443,-1.1664356,0.070363019,-0.0029230954,0.0023997593,0.00068061918,-0.0011902644,1.8231588e-06,0.00017593364,0.999994,-0.00120799,1.7930662e-06,0.00017213618,1,0,0,0.0034920642,1.5935255e-06,1.4339565,477.24309,1927.6229,96,0,-1.1660993,nan,0.072239996,nan,nan,115462.73,-4448.1734,-0.92861198,-338.28819,0.01940327,0.19962931,0.048454362,0,0,0,0,0,0
6.01,2990.1645,191.34982,-1925.4262,185.69381,13.082798,439.23751,0.0033076103,-1.1664235,0.070371783,-0.0029037156,0.002410128,0.00068319185,-0.001194909,1.8152546e-06,0.00017493793,0.99999406,-0.0012125079,1.7852565e-06,0.00017116337,1,0,0,0.0035088883,-1.8192401e-06,1.4333588,477.05653,1925.4262,96,0,-1.1660972,nan,0.07224897,nan,nan,115397.9,-4446.5242,-0.6195089,-339.8465,0.019344532,0.19352183,0.047943407,0,0,0,0,0,0
6.015,2991.0928,191.41523,-1923.2303,185.61919,13.07757,439.06668,0.0032850436,-1.1664115,0.070380579,-0.0028843946,0.0024201757,0.00068573756,-0.0011995203,1.8073752e-06,0.00017394823,0.99999412,-0.001216992,1.7774712e-06,0.00017019652,1,0,0,0.0035256029,-5.2132718e-06,1.4327615,476.87006,1923.2303,96,0,-1.1660951,nan,0.072257962,nan,nan,115333.1,-4444.8749,-0.31232359,-341.39334,0.019285786,0.18743193,0.047433511,0,0,0,0,0,0
6.02,2992.0207,191.48061,-1921.0353,185.54467,13.072366,438.89591,0.0032625444,-1.1663994,0.070389407,-0.0028651323,0.0024299033,0.00068825638,-0.0012040979,1.7995205e-06,0.00017296454,0.99999418,-0.0012214421,1.7697101e-06,0.00016923561,1,0,0,0.0035422074,-8.5886047e-06,1.4321645,476.68368,1921.0353,96,0,-1.166093,nan,0.072266969,nan,nan,115268.34,-4443.2255,-0.0070513274,-342.92867,0.019227029,0.18136014,0.046924673,0,0,0,0,0,0
6.025,2992.9483,191.54596,-1918.8412,185.47026,13.067183,438.72518,0.0032401126,-1.1663872,0.070398266,-0.0028459288,0.0024393117,0.00069074834,-0.001208642,1.7916904e-06,0.00017198683,0.99999424,-0.0012258581,1.7619732e-06,0.00016828063,1,0,0,0.0035587012,-1.1945274e-05,1.4315677,476.49738,1918.8412,96,0,-1.1660909,nan,0.072275992,nan,nan,115203.6,-4441.576,0.29631261,-344.45245,0.019168265,0.17530699,0.04641689,0,0,0,0,0,0
6.03,2993.8755,191.61128,-1916.6479,185.39595,13.062023,438.5545,0.0032177483,-1.166375,0.070407157,-0.002826784,0.002448402,0.00069321351,-0.0012131523,1.7838848e-06,0.00017101509,0.99999429,-0.0012302399,1.7542604e-06,0.00016733155,1,0,0,0.003575084,-1.5283314e-05,1.4309713,476.31116,1916.6479,96,0,-1.1660887,nan,0.07228503,nan,nan,115138.9,-4439.9265,0.59777295,-345.96464,0.019109492,0.169273,0.045910162,0,0,0,0,0,0
6.035,2994.8023,191.67658,-1914.4555,185.32174,13.056885,438.38387,0.0031954514,-1.1663628,0.070416077,-0.002807698,0.0024571751,0.00069565193,-0.0012176287,1.7761035e-06,0.00017004931,0.99999435,-0.0012345874,1.7465715e-06,0.00016638837,1,0,0,0.0035913553,-1.8602761e-05,1.4303752,476.12504,1914.4555,96,0,-1.1660865,nan,0.072294084,nan,nan,115074.23,-4438.2769,0.8973344,-347.46519,0.019050712,0.16325868,0.045404486,0,0,0,0,0,0
6.04,2995.7288,191.74186,-1912.2639,185.24763,13.051768,438.21329,0.0031732222,-1.1663505,0.070425028,-0.0027886708,0.0024656321,0.00069806364,-0.0012220711,1.7683465e-06,0.00016908947,0.99999441,-0.0012389005,1.7389065e-06,0.00016545107,1,0,0,0.0036075144,-2.190365e-05,1.4297793,475.93899,1912.2639,96,0,-1.1660843,nan,0.072303152,nan,nan,115009.58,-4436.6273,1.1950017,-348.95406,0.018991925,0.15726456,0.044899861,0,0,0,0,0,0
6.045,2996.6549,191.8071,-1910.0732,185.17363,13.046674,438.04276,0.0031510605,-1.1663381,0.070434009,-0.0027697024,0.0024737742,0.00070044871,-0.0012264794,1.7606136e-06,0.00016813554,0.99999446,-0.0012431791,1.7312652e-06,0.00016451962,1,0,0,0.0036235611,-2.5186015e-05,1.4291838,475.75304,1910.0732,96,0,-1.166082,nan,0.072312235,nan,nan,114944.98,-4434.9775,1.4907795,-350.43122,0.018933132,0.15129115,0.044396285,0,0,0,0,0,0
6.05,2997.5806,191.87233,-1907.8833,185.09972,13.041601,437.87228,0.0031289664,-1.1663258,0.07044302,-0.0027507928,0.0024816023,0.00070280718,-0.0012308535,1.7529047e-06,0.00016718753,0.99999452,-0.0012474231,1.7236476e-06,0.00016359402,1,0,0,0.0036394947,-2.8449892e-05,1.4285886,475.56716,1907.8833,96,0,-1.1660798,nan,0.072321332,nan,nan,114880.4,-4433.3277,1.7846726,-351.89664,0.018874333,0.14533894,0.043893755,0,0,0,0,0,0
6.055,2998.506,191.93753,-1905.6943,185.02591,13.03655,437.70185,0.00310694,-1.1663134,0.070452059,-0.002731942,0.0024891176,0.0007051391,-0.0012351933,1.7452198e-06,0.0001662454,0.99999457,-0.0012516325,1.7160535e-06,0.00016267425,1,0,0,0.003655315,-3.1695316e-05,1.4279937,475.38138,1905.6943,96,0,-1.1660775,nan,0.072330443,nan,nan,114815.85,-4431.6779,2.0766857,-353.35026,0.01881553,0.13940846,0.04339227,0,0,0,0,0,0
6.06,2999.4309,192.0027,-1903.5061,184.95221,13.03152,437.53147,0.0030849812,-1.1663009,0.070461128,-0.00271315,0.0024963213,0.00070744453,-0.0012394988,1.7375588e-06,0.00016530914,0.99999463,-0.0012558071,1.7084829e-06,0.00016176029,1,0,0,0.0036710214,-3.4922322e-05,1.4273991,475.19568,1903.5061,96,0,-1.1660752,nan,0.072339567,nan,nan,114751.34,-4430.028,2.3668235,-354.79207,0.018756722,0.1335002,0.042891829,0,0,0,0,0,0
6.065,3000.3556,192.06785,-1901.3188,184.8786,13.026511,437.36114,0.0030630902,-1.1662884,0.070470225,-0.0026944168,0.0025032146,0.0007097235,-0.0012437697,1.7299215e-06,0.00016437875,0.99999468,-0.0012599469,1.7009357e-06,0.00016085213,1,0,0,0.0036866135,-3.8130946e-05,1.4268048,475.01006,1901.3188,96,0,-1.1660729,nan,0.072348704,nan,nan,114686.85,-4428.378,2.6550907,-356.22203,0.018697911,0.12761464,0.042392431,0,0,0,0,0,0
6.07,3001.2798,192.13297,-1899.1323,184.80509,13.021524,437.19086,0.0030412669,-1.1662759,0.07047935,-0.0026757424,0.0025097985,0.00071197608,-0.0012480061,1.7223078e-06,0.00016345419,0.99999473,-0.0012640517,1.6934116e-06,0.00015994975,1,0,0,0.0037020909,-4.1321222e-05,1.4262108,474.82453,1899.1323,96,0,-1.1660705,nan,0.072357854,nan,nan,114622.4,-4426.728,2.9414921,-357.64009,0.018639097,0.1217523,0.041894074,0,0,0,0,0,0
6.075,3002.2037,192.19807,-1896.9467,184.73168,13.016557,437.02064,0.0030195114,-1.1662633,0.070488502,-0.0026571269,0.0025160745,0.00071420231,-0.0012522078,1.7147176e-06,0.00016253547,0.99999479,-0.0012681216,1.6859108e-06,0.00015905314,1,0,0,0.0037174533,-4.4493186e-05,1.425617,474.63908,1896.9467,96,0,-1.1660682,nan,0.072367017,nan,nan,114557.98,-4425.0779,3.2260322,-359.04624,0.01858028,0.11591365,0.041396759,0,0,0,0,0,0
6.08,3003.1272,192.26314,-1894.7619,184.65836,13.011611,436.85046,0.0029978236,-1.1662508,0.070497683,-0.0026385701,0.0025220438,0.00071640225,-0.0012563748,1.7071509e-06,0.00016162255,0.99999484,-0.0012721564,1.678433e-06,0.00015816228,1,0,0,0.0037327002,-4.7646873e-05,1.4250236,474.45372,1894.7619,96,0,-1.1660658,nan,0.072376192,nan,nan,114493.59,-4423.4278,3.5087159,-360.44045,0.018521461,0.11009919,0.040900484,0,0,0,0,0,0
6.085,3004.0503,192.32819,-1892.578,184.58514,13.006686,436.68033,0.0029762037,-1.1662382,0.07050689,-0.0026200722,0.0025277075,0.00071857594,-0.0012605069,1.6996076e-06,0.00016071543,0.99999489,-0.0012761561,1.6709782e-06,0.00015727715,1,0,0,0.0037478312,-5.0782318e-05,1.4244305,474.26845,1892.578,96,0,-1.1660634,nan,0.072385379,nan,nan,114429.23,-4421.7776,3.7895479,-361.82267,0.018462641,0.10430938,0.040405248,0,0,0,0,0,0
6.09,3004.9731,192.39321,-1890.395,184.51202,13.001781,436.51026,0.0029546517,-1.1662255,0.070516124,-0.0026016331,0.0025330671,0.00072072343,-0.0012646042,1.6920874e-06,0.00015981408,0.99999494,-0.0012801205,1.6635462e-06,0.00015639774,1,0,0,0.0037628459,-5.3899557e-05,1.4238377,474.08326,1890.395,96,0,-1.166061,nan,0.072394578,nan,nan,114364.9,-4420.1273,4.0685329,-363.19289,0.018403821,0.098544716,0.03991105,0,0,0,0,0,0
6.095,3005.8955,192.45821,-1888.2128,184.43899,12.996897,436.34024,0.0029331675,-1.1662129,0.070525384,-0.0025832528,0.0025381239,0.00072284478,-0.0012686664,1.6845905e-06,0.0001589185,0.99999499,-0.0012840498,1.656137e-06,0.00015552403,1,0,0,0.0037777441,-5.6998625e-05,1.4232452,473.89816,1888.2128,96,0,-1.1660586,nan,0.072403788,nan,nan,114300.61,-4418.477,4.3456755,-364.55107,0.018345,0.09280566,0.039417889,0,0,0,0,0,0
6.1,3006.8176,192.52318,-1886.0314,184.36606,12.992033,436.17027,0.0029117512,-1.1662002,0.070534671,-0.0025649313,0.0025428792,0.00072494003,-0.0012726936,1.6771165e-06,0.00015802866,0.99999504,-0.0012879437,1.6487505e-06,0.00015465601,1,0,0,0.0037925254,-6.0079557e-05,1.4226531,473.71314,1886.0314,96,0,-1.1660562,nan,0.072413009,nan,nan,114236.35,-4416.8267,4.6209804,-365.8972,0.01828618,0.087092683,0.038925764,0,0,0,0,0,0
6.105,3007.7393,192.58814,-1883.8509,184.29322,12.987189,436.00035,0.0028904029,-1.1661875,0.070543983,-0.0025466686,0.0025473344,0.00072700924,-0.0012766857,1.6696656e-06,0.00015714456,0.99999509,-0.0012918022,1.6413867e-06,0.00015379366,1,0,0,0.0038071894,-6.3142388e-05,1.4220612,473.52821,1883.8509,96,0,-1.1660537,nan,0.072422241,nan,nan,114172.11,-4415.1763,4.8944525,-367.23124,0.018227361,0.081406248,0.038434674,0,0,0,0,0,0
6.11,3008.6606,192.65306,-1881.6712,184.22047,12.982365,435.83049,0.0028691225,-1.1661747,0.07055332,-0.0025284648,0.0025514909,0.00072905246,-0.0012806426,1.6622374e-06,0.00015626617,0.99999514,-0.0012956252,1.6340453e-06,0.00015293697,1,0,0,0.0038217358,-6.6187154e-05,1.4214696,473.34336,1881.6712,96,0,-1.1660513,nan,0.072431483,nan,nan,114107.91,-4413.5258,5.1660963,-368.55317,0.018168544,0.075746815,0.037944619,0,0,0,0,0,0
6.115,3009.5815,192.71796,-1879.4924,184.14782,12.97756,435.66068,0.00284791,-1.166162,0.070562683,-0.0025103198,0.0025553502,0.00073106973,-0.0012845642,1.6548321e-06,0.00015539349,0.99999519,-0.0012994128,1.6267263e-06,0.00015208592,1,0,0,0.0038361643,-6.921389e-05,1.4208783,473.1586,1879.4924,96,0,-1.1660488,nan,0.072440735,nan,nan,114043.75,-4411.8753,5.4359166,-369.86297,0.01810973,0.07011484,0.037455597,0,0,0,0,0,0
6.12,3010.5021,192.78284,-1877.3144,184.07525,12.972776,435.49092,0.0028267656,-1.1661492,0.07057207,-0.0024922336,0.0025589137,0.00073306112,-0.0012884506,1.6474494e-06,0.00015452648,0.99999524,-0.0013031649,1.6194297e-06,0.0001512405,1,0,0,0.0038504745,-7.2222631e-05,1.4202873,472.97392,1877.3144,96,0,-1.1660463,nan,0.072449996,nan,nan,113979.61,-4410.2248,5.703918,-371.16062,0.018050918,0.064510773,0.03696761,0,0,0,0,0,0
6.125,3011.4224,192.8477,-1875.1373,184.00279,12.968011,435.32121,0.0028056891,-1.1661364,0.070581481,-0.0024742062,0.0025621828,0.00073502666,-0.0012923015,1.6400893e-06,0.00015366515,0.99999528,-0.0013068814,1.6121553e-06,0.00015040068,1,0,0,0.0038646663,-7.5213413e-05,1.4196966,472.78933,1875.1373,96,0,-1.1660438,nan,0.072459268,nan,nan,113915.5,-4408.5742,5.9701054,-372.44609,0.01799211,0.05893506,0.036480656,0,0,0,0,0,0
6.13,3012.3422,192.91253,-1872.9611,183.93041,12.963265,435.15156,0.0027846807,-1.1661236,0.070590917,-0.0024562376,0.0025651592,0.00073696642,-0.0012961171,1.6327517e-06,0.00015280947,0.99999533,-0.0013105622,1.604903e-06,0.00014956646,1,0,0,0.0038787393,-7.8186272e-05,1.4191062,472.60483,1872.9611,96,0,-1.1660413,nan,0.072468548,nan,nan,113851.43,-4406.9236,6.2344832,-373.71938,0.017933306,0.053388144,0.035994735,0,0,0,0,0,0
6.135,3013.2617,192.97733,-1870.7856,183.85812,12.958539,434.98197,0.0027637403,-1.1661108,0.070600376,-0.0024383278,0.0025678442,0.00073888044,-0.0012998971,1.6254366e-06,0.00015195942,0.99999538,-0.0013142074,1.5976728e-06,0.00014873782,1,0,0,0.0038926932,-8.1141242e-05,1.4185161,472.42041,1870.7856,96,0,-1.1660388,nan,0.072477837,nan,nan,113787.39,-4405.2729,6.4970564,-374.98045,0.017874508,0.047870462,0.035509848,0,0,0,0,0,0
6.14,3014.1809,193.04212,-1868.6111,183.78592,12.953832,434.81242,0.002742868,-1.1660979,0.070609858,-0.0024204768,0.0025702395,0.00074076877,-0.0013036417,1.6181437e-06,0.000151115,0.99999542,-0.0013178169,1.5904646e-06,0.00014791474,1,0,0,0.0039065278,-8.4078358e-05,1.4179264,472.23608,1868.6111,96,0,-1.1660362,nan,0.072487135,nan,nan,113723.37,-4403.6222,6.7578294,-376.22929,0.017815714,0.042382447,0.035025993,0,0,0,0,0,0
6.145,3015.0997,193.10688,-1866.4374,183.71381,12.949143,434.64294,0.0027220638,-1.1660851,0.070619364,-0.0024026846,0.0025723467,0.00074263146,-0.0013073507,1.610873e-06,0.00015027619,0.99999547,-0.0013213907,1.5832783e-06,0.00014709721,1,0,0,0.0039202428,-8.6997657e-05,1.4173369,472.05183,1866.4374,96,0,-1.1660337,nan,0.072496441,nan,nan,113659.4,-4401.9715,7.0168071,-377.46589,0.017756926,0.036924527,0.03454317,0,0,0,0,0,0
6.15,3016.0181,193.17161,-1864.2645,183.64179,12.944474,434.4735,0.0027013276,-1.1660722,0.070628891,-0.0023849512,0.0025741673,0.00074446858,-0.0013110241,1.6036245e-06,0.00014944297,0.99999551,-0.0013249288,1.5761137e-06,0.00014628521,1,0,0,0.0039338381,-8.9899174e-05,1.4167477,471.86766,1864.2645,96,0,-1.1660311,nan,0.072505755,nan,nan,113595.45,-4400.3207,7.2739941,-378.69023,0.017698145,0.031497126,0.03406138,0,0,0,0,0,0
6.155,3016.9362,193.23633,-1862.0924,183.56986,12.939823,434.30412,0.0026806596,-1.1660594,0.070638442,-0.0023672766,0.0025757029,0.00074628016,-0.0013146618,1.5963981e-06,0.00014861532,0.99999556,-0.001328431,1.5689709e-06,0.00014547873,1,0,0,0.0039473133,-9.2782944e-05,1.4161588,471.68359,1862.0924,96,0,-1.1660286,nan,0.072515077,nan,nan,113531.53,-4398.6699,7.529395,-379.90229,0.017639372,0.026100662,0.033580621,0,0,0,0,0,0
6.16,3017.8539,193.30102,-1859.9213,183.49802,12.935191,434.1348,0.0026600597,-1.1660465,0.070648014,-0.0023496607,0.0025769552,0.00074806626,-0.0013182639,1.5891936e-06,0.00014779324,0.9999956,-0.0013318974,1.5618498e-06,0.00014467775,1,0,0,0.0039606682,-9.5649003e-05,1.4155703,471.49959,1859.9213,96,0,-1.166026,nan,0.072524406,nan,nan,113467.65,-4397.0191,7.7830147,-381.10207,0.017580606,0.02073555,0.033100895,0,0,0,0,0,0
6.165,3018.7712,193.36568,-1857.7509,183.42626,12.930578,433.96553,0.0026395279,-1.1660336,0.070657608,-0.0023321036,0.0025779258,0.00074982693,-0.0013218302,1.5820109e-06,0.0001469767,0.99999565,-0.0013353281,1.5547502e-06,0.00014388226,1,0,0,0.0039739027,-9.8497386e-05,1.414982,471.31569,1857.7509,96,0,-1.1660234,nan,0.072533742,nan,nan,113403.79,-4395.3682,8.0348577,-382.28955,0.017521848,0.015402199,0.032622201,0,0,0,0,0,0
6.17,3019.6882,193.43033,-1855.5814,183.3546,12.925982,433.79632,0.0026190642,-1.1660207,0.070667223,-0.0023146053,0.0025786164,0.00075156222,-0.0013253608,1.5748501e-06,0.00014616569,0.99999569,-0.0013387228,1.547672e-06,0.00014309224,1,0,0,0.0039870165,-0.00010132813,1.414394,471.13187,1855.5814,96,0,-1.1660209,nan,0.072543085,nan,nan,113339.97,-4393.7173,8.2849287,-383.46473,0.017463099,0.010101013,0.03214454,0,0,0,0,0,0
6.175,3020.6048,193.49495,-1853.4128,183.28301,12.921405,433.62716,0.0025986687,-1.1660079,0.070676859,-0.0022971657,0.0025790288,0.00075327219,-0.0013288557,1.567711e-06,0.00014536019,0.99999573,-0.0013420817,1.5406153e-06,0.00014230768,1,0,0,0.0040000095,-0.00010414127,1.4138064,470.94813,1853.4128,96,0,-1.1660183,nan,0.072552435,nan,nan,113276.18,-4392.0663,8.5332324,-384.62758,0.01740436,0.0048323918,0.031667912,0,0,0,0,0,0
6.18,3021.5211,193.55955,-1851.245,183.21151,12.916846,433.45806,0.0025783414,-1.165995,0.070686516,-0.0022797848,0.0025791646,0.00075495688,-0.0013323147,1.5605935e-06,0.0001445602,0.99999577,-0.0013454048,1.5335799e-06,0.00014152856,1,0,0,0.0040128815,-0.00010693683,1.413219,470.76448,1851.245,96,0,-1.1660157,nan,0.07256179,nan,nan,113212.43,-4390.4153,8.7797734,-385.7781,0.017345631,-0.0004032691,0.031192317,0,0,0,0,0,0
6.185,3022.437,193.62412,-1849.078,183.1401,12.912304,433.28902,0.0025580822,-1.1659821,0.070696193,-0.0022624626,0.0025790255,0.00075661636,-0.001335738,1.5534976e-06,0.00014376568,0.99999582,-0.001348692,1.5265657e-06,0.00014075486,1,0,0,0.0040256324,-0.00010971487,1.4126319,470.58092,1849.078,96,0,-1.1660131,nan,0.072571151,nan,nan,113148.7,-4388.7643,9.0245565,-386.9163,0.017286912,-0.0056055803,0.030717756,0,0,0,0,0,0
6.19,3023.3526,193.68867,-1846.9119,183.06877,12.907781,433.12003,0.0025378913,-1.1659692,0.07070589,-0.0022451992,0.0025786135,0.00075825066,-0.0013391254,1.5464231e-06,0.00014297664,0.99999586,-0.0013519432,1.5195726e-06,0.00013998658,1,0,0,0.0040382619,-0.0001124754,1.4120452,470.39744,1846.9119,96,0,-1.1660105,nan,0.072580518,nan,nan,113085.01,-4387.1133,9.2675863,-388.04215,0.017228205,-0.010774157,0.030244229,0,0,0,0,0,0
6.195,3024.2678,193.7532,-1844.7467,182.99753,12.903275,432.9511,0.0025177685,-1.1659563,0.070715606,-0.0022279945,0.0025779301,0.00075985985,-0.001342477,1.53937e-06,0.00014219305,0.9999959,-0.0013551587,1.5126006e-06,0.00013922369,1,0,0,0.00405077,-0.00011521848,1.4114587,470.21404,1844.7467,96,0,-1.1660079,nan,0.072589891,nan,nan,113021.35,-4385.4622,9.5088675,-389.15565,0.017169509,-0.015908619,0.029771737,0,0,0,0,0,0
6.2,3025.1826,193.81771,-1842.5823,182.92636,12.898787,432.78223,0.0024977138,-1.1659434,0.070725342,-0.0022108485,0.0025769773,0.00076144397,-0.0013457928,1.5323382e-06,0.0001414149,0.99999594,-0.0013583382,1.5056496e-06,0.00013846618,1,0,0,0.0040631564,-0.00011794412,1.4108726,470.03074,1842.5823,96,0,-1.1660053,nan,0.072599268,nan,nan,112957.72,-4383.8112,9.7484047,-390.2568,0.017110826,-0.021008592,0.02930028,0,0,0,0,0,0
6.205,3026.0971,193.8822,-1840.4187,182.85528,12.894316,432.61342,0.0024777274,-1.1659306,0.070735097,-0.0021937611,0.0025757569,0.00076300308,-0.0013490727,1.5253276e-06,0.00014064218,0.99999598,-0.0013614818,1.4987195e-06,0.00013771404,1,0,0,0.0040754212,-0.00012065238,1.4102867,469.84751,1840.4187,96,0,-1.1660027,nan,0.07260865,nan,nan,112894.12,-4382.16,9.9862026,-391.3456,0.017052156,-0.026073706,0.028829858,0,0,0,0,0,0
6.21,3027.0113,193.94666,-1838.256,182.78429,12.889862,432.44466,0.0024578092,-1.1659177,0.070744871,-0.0021767324,0.0025742706,0.00076453723,-0.0013523167,1.5183381e-06,0.00013987486,0.99999602,-0.0013645896,1.4918102e-06,0.00013696726,1,0,0,0.0040875642,-0.00012334328,1.4097011,469.66438,1838.256,96,0,-1.1660001,nan,0.072618037,nan,nan,112830.55,-4380.5089,10.222266,-392.42204,0.0169935,-0.031103597,0.028360473,0,0,0,0,0,0
6.215,3027.925,194.0111,-1836.0941,182.71337,12.885425,432.27596,0.0024379592,-1.1659048,0.070754663,-0.0021597624,0.0025725204,0.00076604648,-0.0013555249,1.5113697e-06,0.00013911293,0.99999606,-0.0013676615,1.4849217e-06,0.0001362258,1,0,0,0.0040995852,-0.00012601685,1.4091159,469.48133,1836.0941,96,0,-1.1659975,nan,0.072627427,nan,nan,112767.01,-4378.8578,10.456599,-393.48613,0.016934857,-0.036097904,0.027892125,0,0,0,0,0,0
6.22,3028.8385,194.07552,-1833.933,182.64253,12.881005,432.10732,0.0024181774,-1.165892,0.070764473,-0.002142851,0.0025705082,0.00076753087,-0.0013586972,1.5044223e-06,0.00013835639,0.9999961,-0.0013706976,1.4780539e-06,0.00013548967,1,0,0,0.0041114843,-0.00012867315,1.4085309,469.29836,1833.933,96,0,-1.1659949,nan,0.072636822,nan,nan,112703.51,-4377.2066,10.689207,-394.53786,0.01687623,-0.041056275,0.027424815,0,0,0,0,0,0
6.225,3029.7515,194.13991,-1831.7728,182.57178,12.876602,431.93874,0.0023984638,-1.1658792,0.070774301,-0.0021259982,0.0025682358,0.00076899046,-0.0013618337,1.4974958e-06,0.0001376052,0.99999614,-0.0013736978,1.4712067e-06,0.00013475884,1,0,0,0.0041232613,-0.00013131219,1.4079463,469.11548,1831.7728,96,0,-1.1659923,nan,0.07264622,nan,nan,112640.04,-4375.5554,10.920094,-395.57723,0.016817617,-0.045978359,0.026958545,0,0,0,0,0,0
6.23,3030.6642,194.20429,-1829.6135,182.5011,12.872216,431.77021,0.0023788185,-1.1658663,0.070784146,-0.002109204,0.0025657051,0.0007704253,-0.0013649343,1.4905901e-06,0.00013685937,0.99999618,-0.0013766622,1.46438e-06,0.00013403331,1,0,0,0.0041349161,-0.00013393402,1.4073619,468.93268,1829.6135,96,0,-1.1659896,nan,0.072655621,nan,nan,112576.6,-4373.9042,11.149265,-396.60425,0.016759021,-0.050863813,0.026493314,0,0,0,0,0,0
6.235,3031.5766,194.26864,-1827.455,182.43051,12.867846,431.60175,0.0023592413,-1.1658535,0.070794008,-0.0020924684,0.0025629182,0.00077183545,-0.0013679991,1.4837051e-06,0.00013611887,0.99999622,-0.0013795908,1.4575738e-06,0.00013331305,1,0,0,0.0041464488,-0.00013653867,1.4067779,468.74997,1827.455,96,0,-1.165987,nan,0.072665025,nan,nan,112513.19,-4372.253,11.376725,-397.61892,0.01670044,-0.055712298,0.026029124,0,0,0,0,0,0
6.24,3032.4886,194.33297,-1825.2973,182.35999,12.863493,431.43334,0.0023397323,-1.1658407,0.070803887,-0.0020757914,0.0025598769,0.00077322096,-0.0013710281,1.4768409e-06,0.00013538368,0.99999625,-0.0013824837,1.4507879e-06,0.00013259806,1,0,0,0.0041578592,-0.00013912618,1.4061941,468.56735,1825.2973,96,0,-1.1659844,nan,0.072674433,nan,nan,112449.82,-4370.6017,11.602478,-398.62124,0.016641877,-0.060523481,0.025565976,0,0,0,0,0,0
6.245,3033.4003,194.39728,-1823.1405,182.28955,12.859156,431.26499,0.0023202916,-1.1658279,0.070813783,-0.0020591729,0.0025565832,0.00077458189,-0.0013740212,1.4699972e-06,0.0001346538,0.99999629,-0.0013853408,1.4440224e-06,0.00013188831,1,0,0,0.0041691474,-0.00014169659,1.4056107,468.38481,1823.1405,96,0,-1.1659818,nan,0.072683842,nan,nan,112386.47,-4368.9505,11.826529,-399.61122,0.016583331,-0.065297034,0.025103872,0,0,0,0,0,0
6.25,3034.3116,194.46157,-1820.9845,182.21918,12.854835,431.09671,0.0023009191,-1.1658152,0.070823694,-0.002042613,0.0025530391,0.00077591827,-0.0013769786,1.463174e-06,0.00013392921,0.99999633,-0.0013881622,1.4372771e-06,0.00013118379,1,0,0,0.0041803133,-0.00014424992,1.4050275,468.20236,1820.9845,96,0,-1.1659792,nan,0.072693254,nan,nan,112323.16,-4367.2992,12.048882,-400.58886,0.016524803,-0.070032635,0.024642811,0,0,0,0,0,0
6.255,3035.2225,194.52583,-1818.8293,182.1489,12.85053,430.92848,0.0022816147,-1.1658024,0.070833621,-0.0020261116,0.0025492466,0.00077723018,-0.0013799002,1.4563713e-06,0.00013320989,0.99999636,-0.0013909479,1.4305519e-06,0.00013048449,1,0,0,0.0041913569,-0.00014678622,1.4044447,468.01999,1818.8293,96,0,-1.1659766,nan,0.072702667,nan,nan,112259.88,-4365.6479,12.269543,-401.55418,0.016466294,-0.074729967,0.024182796,0,0,0,0,0,0
6.26,3036.1331,194.59008,-1816.675,182.07869,12.846241,430.76032,0.0022623786,-1.1657897,0.070843564,-0.0020096687,0.0025452078,0.00077851767,-0.001382786,1.4495889e-06,0.00013249583,0.9999964,-0.001393698,1.4238469e-06,0.00012979039,1,0,0,0.0042022783,-0.00014930552,1.4038622,467.83771,1816.675,96,0,-1.165974,nan,0.072712083,nan,nan,112196.64,-4363.9966,12.488515,-402.50718,0.016407804,-0.079388718,0.023723828,0,0,0,0,0,0
6.265,3037.0434,194.6543,-1814.5215,182.00855,12.841968,430.59221,0.0022432107,-1.165777,0.070853522,-0.0019932843,0.0025409246,0.00077978078,-0.0013856362,1.4428269e-06,0.00013178702,0.99999644,-0.0013964125,1.4171618e-06,0.00012910148,1,0,0,0.0042130773,-0.00015180785,1.4032799,467.65551,1814.5215,96,0,-1.1659714,nan,0.072721499,nan,nan,112133.42,-4362.3453,12.705803,-403.44787,0.016349333,-0.08400858,0.023265908,0,0,0,0,0,0
6.27,3037.9533,194.7185,-1812.3689,181.93849,12.837711,430.42416,0.0022241109,-1.1657643,0.070863495,-0.0019769584,0.0025363992,0.00078101957,-0.0013884507,1.436085e-06,0.00013108343,0.99999647,-0.0013990914,1.4104967e-06,0.00012841774,1,0,0,0.0042237541,-0.00015429326,1.402698,467.4734,1812.3689,96,0,-1.1659688,nan,0.072730917,nan,nan,112070.24,-4360.694,12.921413,-404.37626,0.016290883,-0.088589255,0.022809037,0,0,0,0,0,0
6.275,3038.8629,194.78268,-1810.2171,181.86851,12.833469,430.25618,0.0022050793,-1.1657516,0.070873483,-0.0019606909,0.0025316335,0.0007822341,-0.0013912295,1.4293633e-06,0.00013038506,0.99999651,-0.0014017348,1.4038515e-06,0.00012773916,1,0,0,0.0042343086,-0.00015676178,1.4021163,467.29138,1810.2171,96,0,-1.1659663,nan,0.072740335,nan,nan,112007.08,-4359.0427,13.135349,-405.29237,0.016232454,-0.093130446,0.022353218,0,0,0,0,0,0
6.28,3039.7721,194.84684,-1808.0662,181.79859,12.829242,430.08826,0.002186116,-1.165739,0.070883484,-0.0019444818,0.0025266297,0.00078342443,-0.0013939727,1.4226617e-06,0.00012969189,0.99999654,-0.0014043428,1.3972261e-06,0.00012706572,1,0,0,0.004244741,-0.00015921344,1.401535,467.10944,1808.0662,96,0,-1.1659637,nan,0.072749754,nan,nan,111943.96,-4357.3914,13.347614,-406.19619,0.016174046,-0.097631864,0.021898451,0,0,0,0,0,0
6.285,3040.6809,194.91098,-1805.9161,181.72876,12.825031,429.9204,0.0021672207,-1.1657264,0.0708935,-0.0019283311,0.0025213899,0.0007845906,-0.0013966803,1.4159801e-06,0.0001290039,0.99999658,-0.0014069153,1.3906204e-06,0.00012639742,1,0,0,0.0042550512,-0.00016164828,1.4009539,466.92758,1805.9161,96,0,-1.1659611,nan,0.072759173,nan,nan,111880.88,-4355.74,13.558215,-407.08776,0.016115659,-0.10209322,0.021444738,0,0,0,0,0,0
6.29,3041.5894,194.97509,-1803.7668,181.65899,12.820834,429.7526,0.0021483937,-1.1657138,0.070903529,-0.0019122388,0.0025159162,0.00078573267,-0.0013993524,1.4093185e-06,0.00012832108,0.99999661,-0.0014094525,1.3840344e-06,0.00012573422,1,0,0,0.0042652394,-0.00016406633,1.4003732,466.74582,1803.7668,96,0,-1.1659585,nan,0.072768593,nan,nan,111817.82,-4354.0887,13.767155,-407.96708,0.016057296,-0.10651425,0.020992081,0,0,0,0,0,0
6.295,3042.4976,195.03919,-1801.6184,181.5893,12.816653,429.58486,0.0021296348,-1.1657012,0.070913572,-0.0018962048,0.0025102107,0.00078685069,-0.001401989,1.4026767e-06,0.00012764342,0.99999664,-0.0014119543,1.3774679e-06,0.00012507613,1,0,0,0.0042753055,-0.00016646764,1.3997928,466.56413,1801.6184,96,0,-1.165956,nan,0.072778012,nan,nan,111754.8,-4352.4374,13.974439,-408.83416,0.015998955,-0.11089466,0.020540482,0,0,0,0,0,0
6.3,3043.4054,195.10326,-1799.4708,181.51967,12.812487,429.41718,0.002110944,-1.1656887,0.070923627,-0.0018802292,0.0025042756,0.00078794473,-0.0014045902,1.3960547e-06,0.0001269709,0.99999668,-0.0014144209,1.370921e-06,0.00012442312,1,0,0,0.0042852498,-0.00016885223,1.3992126,466.38254,1799.4708,96,0,-1.1659534,nan,0.07278743,nan,nan,111691.81,-4350.786,14.180072,-409.68904,0.015940637,-0.1152342,0.020089942,0,0,0,0,0,0
6.305,3044.3128,195.16732,-1797.3241,181.45012,12.808335,429.24957,0.0020923214,-1.1656762,0.070933696,-0.0018643119,0.0024981129,0.00078901484,-0.001407156,1.3894524e-06,0.00012630351,0.99999671,-0.0014168523,1.3643936e-06,0.00012377518,1,0,0,0.0042950722,-0.00017122015,1.3986328,466.20102,1797.3241,96,0,-1.1659509,nan,0.072796847,nan,nan,111628.85,-4349.1347,14.384058,-410.53171,0.015882344,-0.1195326,0.019640462,0,0,0,0,0,0
6.31,3045.2199,195.23135,-1795.1781,181.38064,12.804198,429.08202,0.0020737668,-1.1656637,0.070943776,-0.0018484528,0.002491725,0.00079006106,-0.0014096865,1.3828697e-06,0.00012564122,0.99999674,-0.0014192486,1.3578856e-06,0.0001231323,1,0,0,0.0043047729,-0.00017357142,1.3980533,466.0196,1795.1781,96,0,-1.1659483,nan,0.072806264,nan,nan,111565.92,-4347.4834,14.586402,-411.36221,0.015824075,-0.1237896,0.019192045,0,0,0,0,0,0
6.315,3046.1267,195.29536,-1793.0331,181.31123,12.800075,428.91453,0.0020552804,-1.1656513,0.070953869,-0.0018326521,0.0024851139,0.00079108347,-0.0014121817,1.3763067e-06,0.00012498404,0.99999678,-0.0014216099,1.3513968e-06,0.00012249446,1,0,0,0.0043143521,-0.0001759061,1.397474,465.83826,1793.0331,96,0,-1.1659458,nan,0.072815679,nan,nan,111503.02,-4345.832,14.787109,-412.18054,0.015765831,-0.12800496,0.018744693,0,0,0,0,0,0
6.32,3047.0331,195.35936,-1790.8888,181.24189,12.795967,428.74711,0.0020368621,-1.1656389,0.070963974,-0.0018169095,0.002478282,0.00079208211,-0.0014146417,1.3697632e-06,0.00012433193,0.99999681,-0.0014239362,1.3449274e-06,0.00012186165,1,0,0,0.0043238097,-0.0001782242,1.3968951,465.657,1790.8888,96,0,-1.1659433,nan,0.072825092,nan,nan,111440.16,-4344.1807,14.986183,-412.98674,0.015707612,-0.13217843,0.018298407,0,0,0,0,0,0
6.325,3047.9392,195.42333,-1788.7454,181.17262,12.791873,428.57975,0.0020185119,-1.1656265,0.07097409,-0.0018012252,0.0024712312,0.00079305703,-0.0014170665,1.3632391e-06,0.00012368489,0.99999684,-0.0014262275,1.3384771e-06,0.00012123384,1,0,0,0.004333146,-0.00018052577,1.3963164,465.47583,1788.7454,96,0,-1.1659408,nan,0.072834503,nan,nan,111377.33,-4342.5294,15.183629,-413.78082,0.01564942,-0.13630976,0.01785319,0,0,0,0,0,0
6.33,3048.8449,195.48728,-1786.6029,181.10341,12.787793,428.41245,0.0020002297,-1.1656142,0.070984217,-0.001785599,0.002463964,0.00079400831,-0.0014194563,1.3567344e-06,0.00012304291,0.99999687,-0.001428484,1.332046e-06,0.00012061104,1,0,0,0.0043423611,-0.00018281084,1.3957381,465.29475,1786.6029,96,0,-1.1659383,nan,0.072843913,nan,nan,111314.53,-4340.8781,15.379451,-414.5628,0.015591255,-0.14039874,0.017409043,0,0,0,0,0,0
6.335,3049.7503,195.55121,-1784.4611,181.03428,12.783727,428.24522,0.0019820155,-1.1656019,0.070994355,-0.001770031,0.0024564826,0.00079493598,-0.001421811,1.350249e-06,0.00012240597,0.9999969,-0.0014307058,1.3256339e-06,0.00011999322,1,0,0,0.0043514552,-0.00018507945,1.3951601,465.11375,1784.4611,96,0,-1.1659358,nan,0.07285332,nan,nan,111251.76,-4339.2267,15.573654,-415.33271,0.015533116,-0.14444512,0.016965969,0,0,0,0,0,0
6.34,3050.6553,195.61512,-1782.3202,180.96521,12.779675,428.07805,0.0019638694,-1.1655896,0.071004504,-0.0017545212,0.0024487891,0.00079584012,-0.0014241308,1.3437829e-06,0.00012177404,0.99999693,-0.0014328928,1.3192409e-06,0.00011938037,1,0,0,0.0043604284,-0.00018733164,1.3945823,464.93284,1782.3202,96,0,-1.1659333,nan,0.072862724,nan,nan,111189.03,-4337.5754,15.766242,-416.09058,0.015475005,-0.14844869,0.016523969,0,0,0,0,0,0
6.345,3051.56,195.67901,-1780.1802,180.8962,12.775637,427.91095,0.0019457913,-1.1655774,0.071014663,-0.0017390694,0.0024408858,0.00079672077,-0.0014264157,1.337336e-06,0.00012114713,0.99999696,-0.0014350453,1.3128667e-06,0.00011877247,1,0,0,0.004369281,-0.00018956744,1.3940049,464.75201,1780.1802,96,0,-1.1659308,nan,0.072872125,nan,nan,111126.33,-4335.9241,15.957221,-416.83642,0.015416923,-0.15240924,0.016083047,0,0,0,0,0,0
6.35,3052.4644,195.74288,-1778.041,180.82727,12.771612,427.74391,0.0019277813,-1.1655652,0.071024832,-0.0017236757,0.0024327751,0.00079757799,-0.0014286658,1.3309082e-06,0.00012052522,0.99999699,-0.0014371633,1.3065114e-06,0.00011816952,1,0,0,0.004378013,-0.00019178689,1.3934278,464.57127,1778.041,96,0,-1.1659284,nan,0.072881523,nan,nan,111063.66,-4334.2729,16.146595,-417.57027,0.015358869,-0.15632654,0.015643203,0,0,0,0,0,0
6.355,3053.3684,195.80673,-1775.9026,180.75839,12.767601,427.57693,0.0019098391,-1.1655531,0.071035011,-0.00170834,0.0024244592,0.00079841184,-0.0014308811,1.3244994e-06,0.00011990828,0.99999702,-0.0014392469,1.300175e-06,0.00011757149,1,0,0,0.0043866247,-0.00019399002,1.3928509,464.39061,1775.9026,96,0,-1.1659259,nan,0.072890918,nan,nan,111001.02,-4332.6216,16.334367,-418.29214,0.015300844,-0.1602004,0.01520444,0,0,0,0,0,0
6.36,3054.272,195.87056,-1773.765,180.68959,12.763603,427.41002,0.001891965,-1.165541,0.071045199,-0.0016930624,0.0024159403,0.00079922237,-0.0014330619,1.3181096e-06,0.00011929631,0.99999705,-0.0014412961,1.2938573e-06,0.00011697837,1,0,0,0.0043951162,-0.00019617687,1.3922744,464.21004,1773.765,96,0,-1.1659235,nan,0.072900309,nan,nan,110938.41,-4330.9703,16.520544,-419.00208,0.015242849,-0.16403062,0.014766762,0,0,0,0,0,0
6.365,3055.1753,195.93437,-1771.6283,180.62084,12.759618,427.24318,0.0018741588,-1.1655289,0.071055397,-0.0016778427,0.0024072208,0.00080000965,-0.001435208,1.3117388e-06,0.0001186893,0.99999708,-0.0014433111,1.2875582e-06,0.00011639015,1,0,0,0.0044034879,-0.00019834747,1.3916982,464.02956,1771.6283,96,0,-1.165921,nan,0.072909695,nan,nan,110875.84,-4329.3191,16.705129,-419.7001,0.015184884,-0.167817,0.014330168,0,0,0,0,0,0
6.37,3056.0783,195.99816,-1769.4924,180.55216,12.755647,427.0764,0.0018564204,-1.1655169,0.071065603,-0.001662681,0.002398303,0.00080077374,-0.0014373198,1.3053868e-06,0.00011808722,0.99999711,-0.0014452919,1.2812778e-06,0.00011580681,1,0,0,0.0044117399,-0.00020050187,1.3911222,463.84916,1769.4924,96,0,-1.1659186,nan,0.072919078,nan,nan,110813.3,-4327.6678,16.888127,-420.38625,0.015126949,-0.17155935,0.013894663,0,0,0,0,0,0
6.375,3056.9809,196.06193,-1767.3574,180.48355,12.751688,426.90969,0.00183875,-1.165505,0.071075818,-0.0016475772,0.0023891893,0.00080151468,-0.0014393971,1.2990536e-06,0.00011749006,0.99999714,-0.0014472387,1.2750159e-06,0.00011522834,1,0,0,0.0044198725,-0.0002026401,1.3905466,463.66884,1767.3574,96,0,-1.1659162,nan,0.072928456,nan,nan,110750.79,-4326.0166,17.069543,-421.06054,0.015069046,-0.17525751,0.013460249,0,0,0,0,0,0
6.38,3057.8832,196.12568,-1765.2232,180.41499,12.747743,426.74304,0.0018211475,-1.165493,0.071086041,-0.0016325313,0.0023798819,0.00080223253,-0.0014414401,1.2927391e-06,0.00011689781,0.99999717,-0.0014491516,1.2687726e-06,0.00011465472,1,0,0,0.0044278859,-0.00020476219,1.3899713,463.48862,1765.2232,96,0,-1.1659139,nan,0.07293783,nan,nan,110688.31,-4324.3654,17.249381,-421.72301,0.015011175,-0.17891128,0.013026928,0,0,0,0,0,0
6.385,3058.7851,196.18941,-1763.0898,180.3465,12.74381,426.57646,0.0018036128,-1.1654812,0.071096272,-0.0016175433,0.0023703831,0.00080292736,-0.0014434489,1.2864433e-06,0.00011631046,0.9999972,-0.0014510306,1.2625476e-06,0.00011408595,1,0,0,0.0044357804,-0.00020686818,1.3893962,463.30847,1763.0898,96,0,-1.1659115,nan,0.072947198,nan,nan,110625.87,-4322.7142,17.427646,-422.3737,0.014953336,-0.1825205,0.012594702,0,0,0,0,0,0
6.39,3059.6867,196.25312,-1760.9572,180.27807,12.73989,426.40995,0.001786146,-1.1654693,0.07110651,-0.0016026131,0.0023606954,0.00080359923,-0.0014454237,1.2801661e-06,0.00011572799,0.99999722,-0.0014528759,1.2563411e-06,0.000113522,1,0,0,0.0044435561,-0.00020895811,1.3888215,463.12842,1760.9572,96,0,-1.1659091,nan,0.072956561,nan,nan,110563.46,-4321.0631,17.604342,-423.01263,0.014895529,-0.18608501,0.012163575,0,0,0,0,0,0
6.395,3060.588,196.31682,-1758.8255,180.2097,12.735982,426.2435,0.0017687469,-1.1654576,0.071116756,-0.0015877407,0.0023508211,0.00080424818,-0.0014473644,1.2739075e-06,0.00011515038,0.99999725,-0.0014546876,1.2501528e-06,0.00011296286,1,0,0,0.0044512135,-0.00021103201,1.3882471,462.94845,1758.8255,96,0,-1.1659068,nan,0.072965919,nan,nan,110501.08,-4319.4119,17.779474,-423.63985,0.014837756,-0.18960465,0.011733548,0,0,0,0,0,0
6.4,3061.4889,196.38049,-1756.6946,180.14139,12.732086,426.07712,0.0017514156,-1.1654458,0.071127009,-0.001572926,0.0023407625,0.00080487428,-0.0014492713,1.2676674e-06,0.00011457763,0.99999728,-0.0014564658,1.2439828e-06,0.00011240852,1,0,0,0.0044587528,-0.00021308992,1.3876729,462.76856,1756.6946,96,0,-1.1659045,nan,0.072975271,nan,nan,110438.73,-4317.7608,17.953046,-424.25538,0.014780017,-0.19307927,0.011304624,0,0,0,0,0,0
6.405,3062.3895,196.44414,-1754.5646,180.07315,12.728203,425.91081,0.0017341521,-1.1654342,0.071137269,-0.0015581691,0.0023305221,0.0008054776,-0.0014511443,1.2614456e-06,0.00011400971,0.99999731,-0.0014582106,1.237831e-06,0.00011185896,1,0,0,0.0044661742,-0.00021513188,1.3870991,462.58876,1754.5646,96,0,-1.1659022,nan,0.072984617,nan,nan,110376.41,-4316.1097,18.125063,-424.85927,0.014722311,-0.19650871,0.010876806,0,0,0,0,0,0
6.41,3063.2897,196.50777,-1752.4354,180.00496,12.724332,425.74456,0.0017169563,-1.1654225,0.071147536,-0.0015434698,0.0023201022,0.00080605818,-0.0014529837,1.2552423e-06,0.00011344661,0.99999733,-0.0014599221,1.2316974e-06,0.00011131417,1,0,0,0.0044734781,-0.00021715792,1.3865256,462.40905,1752.4354,96,0,-1.1658999,nan,0.072993957,nan,nan,110314.13,-4314.4586,18.29553,-425.45154,0.01466464,-0.19989285,0.010450096,0,0,0,0,0,0
6.415,3064.1896,196.57139,-1750.307,179.93683,12.720473,425.57838,0.0016998282,-1.165411,0.071157808,-0.0015288283,0.0023095051,0.00080661609,-0.0014547894,1.2490572e-06,0.00011288833,0.99999736,-0.0014616004,1.2255818e-06,0.00011077414,1,0,0,0.0044806648,-0.00021916807,1.3859523,462.22942,1750.307,96,0,-1.1658976,nan,0.07300329,nan,nan,110251.88,-4312.8076,18.464452,-426.03224,0.014607004,-0.20323153,0.010024498,0,0,0,0,0,0
6.42,3065.0891,196.63498,-1748.1794,179.86875,12.716626,425.41228,0.0016827678,-1.1653994,0.071168087,-0.0015142443,0.0022987334,0.00080715138,-0.0014565617,1.2428904e-06,0.00011233484,0.99999739,-0.0014632457,1.2194842e-06,0.00011023884,1,0,0,0.0044877346,-0.00022116239,1.3853794,462.04987,1748.1794,96,0,-1.1658954,nan,0.073012616,nan,nan,110189.66,-4311.1565,18.631831,-426.60142,0.014549404,-0.20652465,0.0096000131,0,0,0,0,0,0
6.425,3065.9883,196.69856,-1746.0527,179.80074,12.712791,425.24623,0.001665775,-1.165388,0.071178371,-0.0014997179,0.0022877894,0.00080766412,-0.0014583007,1.2367418e-06,0.00011178612,0.99999741,-0.0014648581,1.2134046e-06,0.00010970828,1,0,0,0.0044946878,-0.00022314089,1.3848068,461.87042,1746.0527,96,0,-1.1658931,nan,0.073021936,nan,nan,110127.48,-4309.5056,18.797675,-427.15909,0.01449184,-0.20977207,0.0091766452,0,0,0,0,0,0
6.43,3066.8872,196.76211,-1743.9268,179.73278,12.708968,425.08026,0.0016488498,-1.1653766,0.071188661,-0.0014852491,0.0022766754,0.00080815437,-0.0014600064,1.2306113e-06,0.00011124218,0.99999744,-0.0014664377,1.2073429e-06,0.00010918242,1,0,0,0.0045015248,-0.00022510363,1.3842344,461.69104,1743.9268,96,0,-1.1658909,nan,0.073031248,nan,nan,110065.32,-4307.8546,18.961985,-427.70532,0.014434313,-0.21297367,0.0087543968,0,0,0,0,0,0
6.435,3067.7857,196.82565,-1741.8017,179.66488,12.705156,424.91436,0.0016319922,-1.1653652,0.071198955,-0.0014708378,0.002265394,0.00080862218,-0.001461679,1.2244989e-06,0.00011070299,0.99999746,-0.0014679847,1.201299e-06,0.00010866127,1,0,0,0.0045082459,-0.00022705063,1.3836624,461.51176,1741.8017,96,0,-1.1658887,nan,0.073040553,nan,nan,110003.2,-4306.2036,19.124769,-428.24013,0.014376822,-0.21612935,0.0083332706,0,0,0,0,0,0
6.44,3068.6839,196.88917,-1739.6775,179.59704,12.701355,424.74852,0.0016152021,-1.1653539,0.071209255,-0.001456484,0.0022539475,0.00080906761,-0.0014633186,1.2184044e-06,0.00011016853,0.99999749,-0.0014694991,1.1952729e-06,0.0001081448,1,0,0,0.0045148515,-0.00022898193,1.3830907,461.33256,1739.6775,96,0,-1.1658865,nan,0.07304985,nan,nan,109941.11,-4304.5527,19.286029,-428.76357,0.014319369,-0.21923901,0.0079132696,0,0,0,0,0,0
6.445,3069.5818,196.95267,-1737.5541,179.52925,12.697566,424.58276,0.0015984796,-1.1653427,0.071219559,-0.0014421876,0.0022423383,0.00080949074,-0.0014649253,1.212328e-06,0.0001096388,0.99999751,-0.0014709811,1.1892646e-06,0.000107633,1,0,0,0.0045213419,-0.00023089756,1.3825192,461.15344,1737.5541,96,0,-1.1658844,nan,0.073059139,nan,nan,109879.06,-4302.9019,19.44577,-429.27569,0.014261954,-0.22230253,0.0074943965,0,0,0,0,0,0
6.45,3070.4793,197.01615,-1735.4315,179.46152,12.693788,424.41706,0.0015818246,-1.1653315,0.071229868,-0.0014279486,0.002230569,0.0008098916,-0.0014664993,1.2062694e-06,0.00010911378,0.99999754,-0.0014724308,1.1832739e-06,0.00010712585,1,0,0,0.0045277175,-0.00023279758,1.3819481,460.97441,1735.4315,96,0,-1.1658822,nan,0.07306842,nan,nan,109817.03,-4301.251,19.603998,-429.77652,0.014204578,-0.22531983,0.0070766543,0,0,0,0,0,0
6.455,3071.3765,197.07961,-1733.3097,179.39384,12.690021,424.25143,0.001565237,-1.1653204,0.07124018,-0.0014137669,0.0022186418,0.00081027028,-0.0014680407,1.2002286e-06,0.00010859346,0.99999756,-0.0014738484,1.1773009e-06,0.00010662335,1,0,0,0.0045339787,-0.000234682,1.3813772,460.79547,1733.3097,96,0,-1.1658801,nan,0.073077693,nan,nan,109755.04,-4299.6002,19.760716,-430.26612,0.01414724,-0.22829081,0.0066600459,0,0,0,0,0,0
6.46,3072.2733,197.14305,-1731.1888,179.32621,12.686265,424.08588,0.0015487168,-1.1653093,0.071250496,-0.0013996426,0.0022065594,0.00081062682,-0.0014695496,1.1942057e-06,0.00010807782,0.99999759,-0.001475234,1.1713454e-06,0.00010612548,1,0,0,0.0045401259,-0.00023655087,1.3808067,460.61661,1731.1888,96,0,-1.165878,nan,0.073086957,nan,nan,109693.08,-4297.9494,19.915929,-430.74452,0.014089942,-0.23121541,0.0062445743,0,0,0,0,0,0
6.465,3073.1698,197.20648,-1729.0687,179.25864,12.68252,423.92039,0.0015322641,-1.1652983,0.071260816,-0.0013855756,0.002194324,0.0008109613,-0.0014710261,1.1882004e-06,0.00010756684,0.99999761,-0.0014765878,1.1654074e-06,0.00010563222,1,0,0,0.0045461595,-0.00023840423,1.3802365,460.43784,1729.0687,96,0,-1.1658759,nan,0.073096212,nan,nan,109631.16,-4296.2987,20.069642,-431.21178,0.014032684,-0.23409354,0.0058302424,0,0,0,0,0,0
6.47,3074.066,197.26988,-1726.9494,179.19112,12.678785,423.75497,0.0015158787,-1.1652874,0.071271138,-0.0013715658,0.0021819382,0.00081127376,-0.0014724704,1.1822129e-06,0.00010706052,0.99999764,-0.0014779098,1.1594869e-06,0.00010514356,1,0,0,0.0045520798,-0.00024024211,1.3796665,460.25915,1726.9494,96,0,-1.1658738,nan,0.073105458,nan,nan,109569.27,-4294.648,20.221859,-431.66794,0.013975465,-0.23692513,0.0054170533,0,0,0,0,0,0
6.475,3074.9618,197.33327,-1724.831,179.12366,12.675062,423.58962,0.0014995606,-1.1652765,0.071281464,-0.0013576132,0.0021694043,0.00081156427,-0.0014738826,1.1762429e-06,0.00010655884,0.99999766,-0.0014792003,1.1535837e-06,0.00010465948,1,0,0,0.0045578874,-0.00024206454,1.3790969,460.08055,1724.831,96,0,-1.1658718,nan,0.073114694,nan,nan,109507.4,-4292.9973,20.372584,-432.11304,0.013918288,-0.23971012,0.00500501,0,0,0,0,0,0
6.48,3075.8573,197.39664,-1722.7134,179.05624,12.671349,423.42435,0.0014833097,-1.1652657,0.071291792,-0.0013437177,0.002156725,0.0008118329,-0.0014752628,1.1702905e-06,0.00010606178,0.99999768,-0.0014804594,1.147698e-06,0.00010417998,1,0,0,0.0045635825,-0.00024387157,1.3785275,459.90203,1722.7134,96,0,-1.1658698,nan,0.073123921,nan,nan,109445.58,-4291.3467,20.521823,-432.54714,0.013861152,-0.24244844,0.0045941156,0,0,0,0,0,0
6.485,3076.7524,197.45999,-1720.5966,178.98888,12.667646,423.25914,0.0014671262,-1.1652549,0.071302123,-0.0013298794,0.0021439025,0.0008120797,-0.0014766113,1.1643556e-06,0.00010556933,0.99999771,-0.0014816872,1.1418295e-06,0.00010370504,1,0,0,0.0045691658,-0.00024566323,1.3779585,459.7236,1720.5966,96,0,-1.1658678,nan,0.073133138,nan,nan,109383.78,-4289.6961,20.669579,-432.97029,0.013804057,-0.24514006,0.0041843731,0,0,0,0,0,0
6.49,3077.6472,197.52332,-1718.4806,178.92157,12.663953,423.09401,0.0014510098,-1.1652442,0.071312455,-0.0013160982,0.0021309394,0.00081230474,-0.0014779281,1.1584381e-06,0.00010508148,0.99999773,-0.001482884,1.1359782e-06,0.00010323464,1,0,0,0.0045746375,-0.00024743956,1.3773898,459.54526,1718.4806,96,0,-1.1658658,nan,0.073142345,nan,nan,109322.02,-4288.0456,20.815858,-433.38253,0.013747005,-0.24778491,0.0037757856,0,0,0,0,0,0
6.495,3078.5417,197.58663,-1716.3655,178.85431,12.660271,422.92895,0.0014349606,-1.1652336,0.07132279,-0.001302374,0.0021178382,0.00081250808,-0.0014792134,1.152538e-06,0.00010459822,0.99999775,-0.0014840497,1.1301441e-06,0.00010276877,1,0,0,0.0045799982,-0.0002492006,1.3768213,459.367,1716.3655,96,0,-1.1658638,nan,0.073151542,nan,nan,109260.29,-4286.3951,20.960664,-433.78392,0.013689995,-0.25038296,0.0033683562,0,0,0,0,0,0
6.5,3079.4358,197.64992,-1714.2512,178.7871,12.656599,422.76396,0.0014189786,-1.165223,0.071333126,-0.0012887068,0.0021046012,0.00081268979,-0.0014804673,1.1466553e-06,0.00010411953,0.99999777,-0.0014851847,1.1243272e-06,0.00010230742,1,0,0,0.0045852482,-0.00025094637,1.3762532,459.18883,1714.2512,96,0,-1.1658619,nan,0.073160728,nan,nan,109198.59,-4284.7446,21.104,-434.1745,0.013633028,-0.25293418,0.0029620881,0,0,0,0,0,0
6.505,3080.3296,197.7132,-1712.1377,178.71994,12.652937,422.59904,0.0014030636,-1.1652126,0.071343463,-0.0012750965,0.0020912311,0.00081284991,-0.00148169,1.1407898e-06,0.00010364539,0.9999978,-0.001486289,1.1185273e-06,0.00010185057,1,0,0,0.0045903882,-0.00025267693,1.3756853,459.01074,1712.1377,96,0,-1.16586,nan,0.073169904,nan,nan,109136.92,-4283.0942,21.245873,-434.55434,0.013576105,-0.25543852,0.0025569844,0,0,0,0,0,0
6.51,3081.2231,197.77646,-1710.025,178.65283,12.649284,422.43419,0.0013872157,-1.1652021,0.071353801,-0.0012615432,0.0020777301,0.00081298853,-0.0014828817,1.1349416e-06,0.00010317579,0.99999782,-0.0014873628,1.1127445e-06,0.00010139821,1,0,0,0.0045954184,-0.0002543923,1.3751178,458.83274,1710.025,96,0,-1.1658581,nan,0.073179068,nan,nan,109075.29,-4281.4439,21.386286,-434.92348,0.013519225,-0.25789598,0.0021530483,0,0,0,0,0,0
6.515,3082.1162,197.83969,-1707.9132,178.58576,12.645642,422.26941,0.0013714348,-1.1651918,0.071364141,-0.0012480467,0.0020641008,0.00081310569,-0.0014840424,1.1291106e-06,0.00010271072,0.99999784,-0.0014884063,1.1069786e-06,0.00010095032,1,0,0,0.0046003395,-0.00025609253,1.3745505,458.65482,1707.9132,96,0,-1.1658562,nan,0.073188221,nan,nan,109013.69,-4279.7936,21.525243,-435.28197,0.01346239,-0.26030653,0.001750283,0,0,0,0,0,0
6.52,3083.009,197.90292,-1705.8021,178.51875,12.642009,422.10471,0.0013557209,-1.1651815,0.07137448,-0.001234607,0.0020503458,0.00081320147,-0.0014851724,1.1232966e-06,0.00010225016,0.99999786,-0.0014894197,1.1012297e-06,0.0001005069,1,0,0,0.004605152,-0.00025777764,1.3739836,458.47699,1705.8021,96,0,-1.1658543,nan,0.073197363,nan,nan,108952.12,-4278.1433,21.662751,-435.62988,0.0134056,-0.26267016,0.0013486917,0,0,0,0,0,0
6.525,3083.9015,197.96612,-1703.6919,178.45178,12.638385,421.94008,0.0013400739,-1.1651713,0.07138482,-0.0012212241,0.0020364673,0.00081327593,-0.0014862717,1.1174998e-06,0.00010179411,0.99999788,-0.001490403,1.0954976e-06,0.00010006792,1,0,0,0.0046098562,-0.00025944769,1.3734169,458.29925,1703.6919,96,0,-1.1658525,nan,0.073206493,nan,nan,108890.59,-4276.4931,21.798812,-435.96725,0.013348855,-0.26498687,0.00094827756,0,0,0,0,0,0
6.53,3084.7936,198.0293,-1701.5826,178.38486,12.634771,421.77552,0.0013244937,-1.1651611,0.071395159,-0.001207898,0.002022468,0.00081332912,-0.0014873407,1.1117199e-06,0.00010134254,0.9999979,-0.0014913565,1.0897824e-06,9.9633375e-05,1,0,0,0.0046144527,-0.00026110269,1.3728506,458.12159,1701.5826,96,0,-1.1658507,nan,0.073215611,nan,nan,108829.08,-4274.8429,21.933431,-436.29414,0.013292155,-0.26725664,0.00054904389,0,0,0,0,0,0
6.535,3085.6854,198.09247,-1699.474,178.31799,12.631166,421.61104,0.0013089805,-1.165151,0.071405499,-0.0011946285,0.0020083502,0.00081336112,-0.0014883793,1.1059571e-06,0.00010089544,0.99999792,-0.0014922804,1.0840839e-06,9.920325e-05,1,0,0,0.004618942,-0.0002627427,1.3722845,457.94401,1699.474,96,0,-1.165849,nan,0.073224718,nan,nan,108767.61,-4273.1928,22.066613,-436.61061,0.013235502,-0.26947949,0.00015099392,0,0,0,0,0,0
6.54,3086.5768,198.15562,-1697.3663,178.25116,12.627571,421.44663,0.001293534,-1.165141,0.071415838,-0.0011814156,0.0019941165,0.00081337199,-0.0014893879,1.1002111e-06,0.0001004528,0.99999794,-0.0014931748,1.0784021e-06,9.8777531e-05,1,0,0,0.0046233247,-0.00026436775,1.3717188,457.76653,1697.3663,96,0,-1.1658472,nan,0.073233811,nan,nan,108706.18,-4271.5428,22.198363,-436.91671,0.013178895,-0.27165543,-0.00024586911,0,0,0,0,0,0
6.545,3087.468,198.21875,-1695.2594,178.18438,12.623984,421.28229,0.0012781543,-1.1651311,0.071426176,-0.0011682594,0.0019797693,0.00081336179,-0.0014903665,1.094482e-06,0.0001000146,0.99999797,-0.0014940399,1.072737e-06,9.8356203e-05,1,0,0,0.0046276012,-0.00026597787,1.3711533,457.58912,1695.2594,96,0,-1.1658455,nan,0.073242893,nan,nan,108644.77,-4269.8928,22.328685,-437.21251,0.013122335,-0.27378448,-0.00064154193,0,0,0,0,0,0
6.55,3088.3588,198.28186,-1693.1533,178.11764,12.620407,421.11803,0.0012628413,-1.1651212,0.071436512,-0.0011551596,0.001965311,0.00081333059,-0.0014913153,1.0887697e-06,9.9580838e-05,0.99999799,-0.0014948758,1.0670886e-06,9.7939254e-05,1,0,0,0.0046317722,-0.00026757311,1.3705882,457.41181,1693.1533,96,0,-1.1658438,nan,0.073251961,nan,nan,108583.4,-4268.2429,22.457583,-437.49805,0.013065822,-0.27586665,-0.0010360212,0,0,0,0,0,0
6.555,3089.2492,198.34496,-1691.0481,178.05095,12.616838,420.95384,0.001247595,-1.1651114,0.071446848,-0.0011421164,0.0019507443,0.00081327846,-0.0014922346,1.0830742e-06,9.915149e-05,0.99999801,-0.0014956828,1.0614567e-06,9.7526669e-05,1,0,0,0.0046358381,-0.00026915349,1.3700233,457.23458,1691.0481,96,0,-1.1658421,nan,0.073261017,nan,nan,108522.06,-4266.593,22.585062,-437.77341,0.013009358,-0.27790197,-0.0014293038,0,0,0,0,0,0
6.56,3090.1393,198.40803,-1688.9436,177.9843,12.613278,420.78972,0.0012324153,-1.1651017,0.071457182,-0.0011291296,0.0019360714,0.00081320544,-0.0014931243,1.0773954e-06,9.8726545e-05,0.99999803,-0.0014964609,1.0558413e-06,9.7118435e-05,1,0,0,0.0046397994,-0.00027071906,1.3694587,457.05743,1688.9436,96,0,-1.1658404,nan,0.073270059,nan,nan,108460.76,-4264.9431,22.711126,-438.03863,0.012952941,-0.27989047,-0.0018213862,0,0,0,0,0,0
6.565,3091.0291,198.47109,-1686.84,177.9177,12.609727,420.62568,0.0012173021,-1.1650921,0.071467514,-0.0011161992,0.0019212949,0.00081311162,-0.0014939849,1.0717333e-06,9.830599e-05,0.99999805,-0.0014972105,1.0502424e-06,9.6714537e-05,1,0,0,0.0046436568,-0.00027226986,1.3688945,456.88037,1686.84,96,0,-1.1658388,nan,0.073279088,nan,nan,108399.48,-4263.2934,22.835781,-438.29378,0.012896573,-0.28183221,-0.0022122652,0,0,0,0,0,0
6.57,3091.9186,198.53413,-1684.7372,177.85114,12.606185,420.46171,0.0012022555,-1.1650825,0.071477844,-0.0011033252,0.0019064173,0.00081299706,-0.0014948163,1.0660877e-06,9.7889809e-05,0.99999806,-0.0014979317,1.0446599e-06,9.6314963e-05,1,0,0,0.0046474108,-0.00027380592,1.3683305,456.7034,1684.7372,96,0,-1.1658372,nan,0.073288103,nan,nan,108338.24,-4261.6437,22.95903,-438.53892,0.012840254,-0.2837272,-0.0026019375,0,0,0,0,0,0
6.575,3092.8077,198.59716,-1682.6352,177.78462,12.602651,420.29782,0.0011872754,-1.165073,0.071488172,-0.0010905074,0.0018914409,0.00081286182,-0.0014956188,1.0604588e-06,9.7477991e-05,0.99999808,-0.0014986246,1.0390938e-06,9.5919698e-05,1,0,0,0.004651062,-0.00027532728,1.3677669,456.52651,1682.6352,96,0,-1.1658356,nan,0.073297104,nan,nan,108277.03,-4259.994,23.080877,-438.77411,0.012783985,-0.28557552,-0.0029903997,0,0,0,0,0,0
6.58,3093.6965,198.66016,-1680.5341,177.71815,12.599125,420.134,0.0011723617,-1.1650636,0.071498496,-0.0010777459,0.0018763683,0.00081270597,-0.0014963926,1.0548463e-06,9.707052e-05,0.9999981,-0.0014992895,1.033544e-06,9.5528728e-05,1,0,0,0.0046546109,-0.00027683398,1.3672035,456.34971,1680.5341,96,0,-1.1658341,nan,0.073306092,nan,nan,108215.86,-4258.3445,23.201329,-438.99942,0.012727765,-0.28737721,-0.0033776485,0,0,0,0,0,0
6.585,3094.5849,198.72315,-1678.4337,177.65171,12.595607,419.97026,0.0011575144,-1.1650542,0.071508818,-0.0010650406,0.001861202,0.00081252957,-0.0014971378,1.0492503e-06,9.6667384e-05,0.99999812,-0.0014999265,1.0280105e-06,9.514204e-05,1,0,0,0.0046580581,-0.00027832605,1.3666404,456.17299,1678.4337,96,0,-1.1658326,nan,0.073315065,nan,nan,108154.72,-4256.6949,23.320388,-439.2149,0.012671596,-0.28913233,-0.0037636807,0,0,0,0,0,0
6.59,3095.4731,198.78612,-1676.3342,177.58532,12.592098,419.80659,0.0011427334,-1.165045,0.071519137,-0.0010523915,0.0018459442,0.00081233268,-0.0014978547,1.0436707e-06,9.6268568e-05,0.99999814,-0.0015005358,1.0224933e-06,9.4759621e-05,1,0,0,0.0046614043,-0.00027980353,1.3660776,455.99636,1676.3342,96,0,-1.1658311,nan,0.073324023,nan,nan,108093.61,-4255.0455,23.438059,-439.42061,0.012615478,-0.29084095,-0.0041484927,0,0,0,0,0,0
6.595,3096.3609,198.84908,-1674.2355,177.51897,12.588597,419.643,0.0011280187,-1.1650358,0.071529453,-0.0010397985,0.0018305976,0.00081211539,-0.0014985434,1.0381075e-06,9.5874058e-05,0.99999816,-0.0015011176,1.0169922e-06,9.4381456e-05,1,0,0,0.0046646499,-0.00028126646,1.3655152,455.81981,1674.2355,96,0,-1.1658296,nan,0.073332967,nan,nan,108032.53,-4253.3961,23.554348,-439.61663,0.012559411,-0.29250313,-0.0045320814,0,0,0,0,0,0
6.6,3097.2483,198.91201,-1672.1376,177.45266,12.585103,419.47948,0.0011133702,-1.1650267,0.071539765,-0.0010272615,0.0018151645,0.00081187775,-0.001499204,1.0325607e-06,9.5483842e-05,0.99999818,-0.0015016721,1.0115073e-06,9.4007531e-05,1,0,0,0.0046677957,-0.00028271488,1.364953,455.64335,1672.1376,96,0,-1.1658282,nan,0.073341896,nan,nan,107971.49,-4251.7468,23.669258,-439.80301,0.012503395,-0.29411897,-0.0049144433,0,0,0,0,0,0
6.605,3098.1355,198.97493,-1670.0405,177.38639,12.581618,419.31604,0.0010987879,-1.1650176,0.071550073,-0.0010147804,0.0017996474,0.00081161982,-0.0014998369,1.0270301e-06,9.5097904e-05,0.9999982,-0.0015021996,1.0060384e-06,9.3637834e-05,1,0,0,0.0046708421,-0.00028414882,1.3643911,455.46698,1670.0405,96,0,-1.1658268,nan,0.07335081,nan,nan,107910.47,-4250.0976,23.782794,-439.97983,0.012447431,-0.29568853,-0.005295575,0,0,0,0,0,0
6.61,3099.0223,199.03783,-1667.9443,177.32016,12.57814,419.15267,0.0010842718,-1.1650087,0.071560377,-0.0010023554,0.0017840487,0.00081134168,-0.0015004421,1.0215157e-06,9.4716232e-05,0.99999821,-0.0015027001,1.0005857e-06,9.3272351e-05,1,0,0,0.0046737899,-0.00028556833,1.3638296,455.29069,1667.9443,96,0,-1.1658254,nan,0.073359708,nan,nan,107849.5,-4248.4484,23.89496,-440.14714,0.01239152,-0.29721191,-0.0056754733,0,0,0,0,0,0
6.615,3099.9087,199.10072,-1665.8488,177.25397,12.57467,418.98938,0.0010698217,-1.1649998,0.071570676,-0.00098998621,0.0017683708,0.0008110434,-0.0015010199,1.0160175e-06,9.4338812e-05,0.99999823,-0.0015031739,9.9514886e-07,9.2911067e-05,1,0,0,0.0046766397,-0.00028697344,1.3632683,455.11449,1665.8488,96,0,-1.165824,nan,0.073368591,nan,nan,107788.55,-4246.7993,24.005761,-440.30501,0.012335661,-0.2986892,-0.0060541348,0,0,0,0,0,0
6.62,3100.7949,199.16358,-1663.7542,177.18782,12.571207,418.82617,0.0010554376,-1.164991,0.071580971,-0.00097767288,0.0017526162,0.00081072503,-0.0015015704,1.0105354e-06,9.3965631e-05,0.99999825,-0.0015036211,9.8972802e-07,9.2553969e-05,1,0,0,0.004679392,-0.00028836418,1.3627073,454.93837,1663.7542,96,0,-1.1658227,nan,0.073377458,nan,nan,107727.64,-4245.1503,24.115202,-440.45351,0.012279856,-0.3001205,-0.0064315562,0,0,0,0,0,0
6.625,3101.6807,199.22643,-1661.6604,177.12171,12.567752,418.66304,0.0010411195,-1.1649822,0.071591261,-0.00096541533,0.0017367873,0.00081038665,-0.0015020938,1.0050694e-06,9.3596673e-05,0.99999827,-0.0015040421,9.843231e-07,9.2201044e-05,1,0,0,0.0046820475,-0.0002897406,1.3621466,454.76234,1661.6604,96,0,-1.1658214,nan,0.073386309,nan,nan,107666.76,-4243.5013,24.223286,-440.5927,0.012224104,-0.3015059,-0.006807734,0,0,0,0,0,0
6.63,3102.5661,199.28926,-1659.5674,177.05564,12.564304,418.49998,0.0010268673,-1.1649736,0.071601546,-0.00095321351,0.0017208865,0.00081002832,-0.0015025904,9.9961948e-07,9.3231927e-05,0.99999828,-0.0015044369,9.7893404e-07,9.1852278e-05,1,0,0,0.0046846069,-0.00029110273,1.3615862,454.58639,1659.5674,96,0,-1.1658201,nan,0.073395144,nan,nan,107605.91,-4241.8524,24.330019,-440.72266,0.012168406,-0.30284552,-0.0071826649,0,0,0,0,0,0
6.635,3103.4513,199.35208,-1657.4752,176.9896,12.560864,418.33699,0.001012681,-1.164965,0.071611825,-0.00094106736,0.0017049162,0.00080965012,-0.0015030604,9.9418553e-07,9.2871377e-05,0.9999983,-0.0015048058,9.7356079e-07,9.1507657e-05,1,0,0,0.0046870707,-0.00029245062,1.3610261,454.41053,1657.4752,96,0,-1.1658189,nan,0.073403963,nan,nan,107545.1,-4240.2036,24.435404,-440.84344,0.012112763,-0.30413947,-0.0075563457,0,0,0,0,0,0
6.64,3104.3361,199.41488,-1655.3839,176.9236,12.557431,418.17409,0.00099856049,-1.1649565,0.071622099,-0.00092897684,0.0016888788,0.0008092521,-0.0015035038,9.8876753e-07,9.2515011e-05,0.99999832,-0.0015051489,9.6820333e-07,9.1167167e-05,1,0,0,0.0046894397,-0.00029378429,1.3604663,454.23476,1655.3839,96,0,-1.1658176,nan,0.073412765,nan,nan,107484.32,-4238.5549,24.539447,-440.95512,0.012057174,-0.30538788,-0.0079287729,0,0,0,0,0,0
6.645,3105.2206,199.47766,-1653.2933,176.85764,12.554004,418.01126,0.00098450571,-1.1649481,0.071632367,-0.00091694189,0.0016727767,0.00080883434,-0.001503921,9.8336543e-07,9.2162815e-05,0.99999833,-0.0015054666,9.628616e-07,9.0830796e-05,1,0,0,0.0046917145,-0.00029510379,1.3599069,454.05907,1653.2933,96,0,-1.1658165,nan,0.07342155,nan,nan,107423.57,-4236.9063,24.642152,-441.05777,0.01200164,-0.30659085,-0.0082999431,0,0,0,0,0,0
6.65,3106.1048,199.54042,-1651.2036,176.79171,12.550585,417.84851,0.00097051663,-1.1649398,0.071642629,-0.00090496244,0.0016566123,0.00080839691,-0.0015043122,9.779792e-07,9.1814775e-05,0.99999835,-0.0015057589,9.5753555e-07,9.0498529e-05,1,0,0,0.0046938957,-0.00029640915,1.3593477,453.88347,1651.2036,96,0,-1.1658153,nan,0.073430319,nan,nan,107362.85,-4235.2577,24.743523,-441.15146,0.011946162,-0.30774853,-0.0086698532,0,0,0,0,0,0
6.655,3106.9886,199.60317,-1649.1147,176.72582,12.547172,417.68583,0.00095659319,-1.1649315,0.071652885,-0.00089303845,0.0016403879,0.00080793987,-0.0015046774,9.7260877e-07,9.1470878e-05,0.99999837,-0.0015060262,9.5222515e-07,9.0170353e-05,1,0,0,0.004695984,-0.00029770042,1.3587888,453.70795,1649.1147,96,0,-1.1658142,nan,0.07343907,nan,nan,107302.17,-4233.6092,24.843564,-441.23624,0.01189074,-0.30886105,-0.0090384997,0,0,0,0,0,0
6.66,3107.8721,199.6659,-1647.0266,176.65997,12.543766,417.52324,0.00094273532,-1.1649234,0.071663134,-0.00088116986,0.001624106,0.0008074633,-0.001505017,9.6725411e-07,9.113111e-05,0.99999838,-0.0015062685,9.4693035e-07,8.9846255e-05,1,0,0,0.0046979801,-0.00029897762,1.3582302,453.53252,1647.0266,96,0,-1.1658131,nan,0.073447804,nan,nan,107241.52,-4231.9608,24.942281,-441.31221,0.011835374,-0.30992854,-0.0094058793,0,0,0,0,0,0
6.665,3108.7552,199.72861,-1644.9393,176.59415,12.540367,417.36072,0.00092894297,-1.1649153,0.071673376,-0.00086935662,0.0016077689,0.00080696725,-0.0015053311,9.6191518e-07,9.0795457e-05,0.9999984,-0.0015064861,9.4165111e-07,8.952622e-05,1,0,0,0.0046998847,-0.00030024081,1.3576719,453.35717,1644.9393,96,0,-1.165812,nan,0.07345652,nan,nan,107180.9,-4230.3125,25.039678,-441.37942,0.011780065,-0.31095114,-0.0097719886,0,0,0,0,0,0
6.67,3109.6381,199.7913,-1642.8528,176.52836,12.536975,417.19828,0.00091521608,-1.1649073,0.071683612,-0.00085759866,0.001591379,0.00080645181,-0.0015056199,9.5659193e-07,9.0463907e-05,0.99999842,-0.0015066793,9.3638738e-07,8.9210236e-05,1,0,0,0.0047016984,-0.00030149001,1.3571139,453.18191,1642.8528,96,0,-1.1658109,nan,0.073465218,nan,nan,107120.32,-4228.6643,25.135759,-441.43795,0.011724813,-0.31192902,-0.010136825,0,0,0,0,0,0
6.675,3110.5206,199.85398,-1640.7671,176.46261,12.533589,417.03592,0.00090155459,-1.1648994,0.07169384,-0.00084589593,0.0015749386,0.00080591704,-0.0015058837,9.5128432e-07,9.0136444e-05,0.99999843,-0.0015068482,9.3113913e-07,8.8898288e-05,1,0,0,0.004703422,-0.00030272527,1.3565562,453.00674,1640.7671,96,0,-1.1658099,nan,0.073473899,nan,nan,107059.77,-4227.0161,25.230528,-441.48786,0.011669619,-0.31286232,-0.010500384,0,0,0,0,0,0
6.68,3111.4028,199.91664,-1638.6823,176.3969,12.530209,416.87364,0.00088795845,-1.1648915,0.07170406,-0.00083424837,0.00155845,0.000805363,-0.0015061226,9.459923e-07,8.9813056e-05,0.99999845,-0.001506993,9.259063e-07,8.8590363e-05,1,0,0,0.004705056,-0.00030394662,1.3559987,452.83165,1638.6823,96,0,-1.1658089,nan,0.073482561,nan,nan,106999.25,-4225.3681,25.323991,-441.52924,0.011614483,-0.3137512,-0.010862663,0,0,0,0,0,0
6.685,3112.2846,199.97929,-1636.5983,176.33122,12.526836,416.71143,0.00087442758,-1.1648838,0.071714273,-0.00082265592,0.0015419157,0.00080478978,-0.0015063369,9.4071584e-07,8.9493729e-05,0.99999846,-0.001507114,9.2068886e-07,8.8286448e-05,1,0,0,0.0047066013,-0.0003051541,1.3554416,452.65664,1636.5983,96,0,-1.165808,nan,0.073491205,nan,nan,106938.77,-4223.7201,25.416151,-441.56214,0.011559404,-0.31459582,-0.011223658,0,0,0,0,0,0
6.69,3113.1662,200.04191,-1634.515,176.26557,12.523468,416.54931,0.00086096193,-1.1648761,0.071724477,-0.00081111853,0.0015253378,0.00080419743,-0.0015065268,9.3545488e-07,8.917845e-05,0.99999848,-0.0015072113,9.1548677e-07,8.7986529e-05,1,0,0,0.0047080585,-0.00030634775,1.3548848,452.48173,1634.515,96,0,-1.1658071,nan,0.073499831,nan,nan,106878.32,-4222.0722,25.507013,-441.58665,0.011504385,-0.31539635,-0.011583367,0,0,0,0,0,0
6.695,3114.0473,200.10452,-1632.4326,176.19995,12.520107,416.38726,0.00084756145,-1.1648685,0.071734674,-0.00079963613,0.0015087188,0.00080358603,-0.0015066924,9.3020939e-07,8.8867205e-05,0.99999849,-0.0015072852,9.1029998e-07,8.7690592e-05,1,0,0,0.0047094283,-0.00030752761,1.3543283,452.30689,1632.4326,96,0,-1.1658062,nan,0.073508437,nan,nan,106817.9,-4220.4244,25.596582,-441.60284,0.011449424,-0.31615297,-0.011941786,0,0,0,0,0,0
6.7,3114.9282,200.16712,-1630.351,176.13437,12.516752,416.22529,0.00083422606,-1.164861,0.071744862,-0.00078820867,0.001492061,0.00080295565,-0.0015068341,9.2497932e-07,8.855998e-05,0.99999851,-0.001507336,9.0512846e-07,8.7398625e-05,1,0,0,0.0047107115,-0.00030869372,1.3537721,452.13215,1630.351,96,0,-1.1658053,nan,0.073517025,nan,nan,106757.51,-4218.7767,25.684862,-441.61077,0.011394523,-0.31686585,-0.012298912,0,0,0,0,0,0
6.705,3115.8088,200.22969,-1628.2702,176.06882,12.513403,416.0634,0.0008209557,-1.1648536,0.071755041,-0.00077683609,0.0014753666,0.00080230635,-0.0015069519,9.1976463e-07,8.8256762e-05,0.99999852,-0.0015073637,8.9997216e-07,8.7110613e-05,1,0,0,0.0047119086,-0.00030984611,1.3532162,451.95749,1628.2702,96,0,-1.1658045,nan,0.073525594,nan,nan,106697.16,-4217.1291,25.771857,-441.61053,0.011339681,-0.31753518,-0.012654741,0,0,0,0,0,0
6.71,3116.689,200.29226,-1626.1902,176.0033,12.51006,415.9016,0.00080775031,-1.1648462,0.071765212,-0.00076551833,0.0014586379,0.00080163822,-0.0015070462,9.1456528e-07,8.7957538e-05,0.99999854,-0.0015073686,8.9483104e-07,8.6826543e-05,1,0,0,0.0047130206,-0.00031098482,1.3526605,451.78291,1626.1902,96,0,-1.1658037,nan,0.073534143,nan,nan,106636.84,-4215.4816,25.857572,-441.60219,0.0112849,-0.31816113,-0.013009271,0,0,0,0,0,0
6.715,3117.5689,200.3548,-1624.111,175.93781,12.506722,415.73987,0.00079460984,-1.164839,0.071775373,-0.00075425532,0.0014418773,0.00080095131,-0.001507117,9.0938123e-07,8.7662294e-05,0.99999855,-0.001507351,8.8970506e-07,8.6546402e-05,1,0,0,0.004714048,-0.0003121099,1.3521052,451.60842,1624.111,96,0,-1.1658029,nan,0.073542673,nan,nan,106576.56,-4213.8342,25.942012,-441.58582,0.011230179,-0.31874391,-0.013362498,0,0,0,0,0,0
6.72,3118.4484,200.41733,-1622.0326,175.87235,12.50339,415.57822,0.0007815342,-1.1648318,0.071785525,-0.00074304701,0.0014250869,0.0008002457,-0.0015071648,9.0421244e-07,8.7371016e-05,0.99999857,-0.0015073111,8.8459418e-07,8.6270176e-05,1,0,0,0.0047149916,-0.00031322137,1.3515502,451.43402,1622.0326,96,0,-1.1658021,nan,0.073551183,nan,nan,106516.3,-4212.1869,26.02518,-441.56149,0.011175519,-0.3192837,-0.013714419,0,0,0,0,0,0
6.725,3119.3276,200.47984,-1619.9551,175.80693,12.500064,415.41665,0.00076852335,-1.1648247,0.071795667,-0.00073189334,0.001408269,0.00079952147,-0.0015071895,8.9905886e-07,8.708369e-05,0.99999858,-0.0015072491,8.7949836e-07,8.5997851e-05,1,0,0,0.0047158522,-0.00031431928,1.3509954,451.2597,1619.9551,96,0,-1.1658014,nan,0.073559674,nan,nan,106456.08,-4210.5397,26.107082,-441.52929,0.011120921,-0.31978071,-0.014065031,0,0,0,0,0,0
6.73,3120.2065,200.54233,-1617.8783,175.74153,12.496743,415.25516,0.00075557721,-1.1648177,0.0718058,-0.00072079423,0.001391426,0.00079877867,-0.0015071916,8.9392046e-07,8.6800305e-05,0.9999986,-0.0015071651,8.7441757e-07,8.5729415e-05,1,0,0,0.0047166304,-0.00031540367,1.350441,451.08547,1617.8783,96,0,-1.1658007,nan,0.073568144,nan,nan,106395.89,-4208.8926,26.187722,-441.48928,0.011066384,-0.32023515,-0.01441433,0,0,0,0,0,0
6.735,3121.0851,200.60481,-1615.8023,175.67617,12.493427,415.09375,0.00074269572,-1.1648108,0.071815922,-0.00070974965,0.0013745599,0.00079801739,-0.0015071712,8.887972e-07,8.6520845e-05,0.99999861,-0.0015070595,8.6935175e-07,8.5464853e-05,1,0,0,0.0047173271,-0.00031647457,1.3498869,450.91132,1615.8023,96,0,-1.1658001,nan,0.073576594,nan,nan,106335.74,-4207.2456,26.267104,-441.44154,0.011011909,-0.32064722,-0.014762314,0,0,0,0,0,0
6.74,3121.9634,200.66727,-1613.7272,175.61083,12.490117,414.93242,0.00072987881,-1.164804,0.071826034,-0.00069875951,0.0013576731,0.00079723769,-0.0015071285,8.8368903e-07,8.6245298e-05,0.99999862,-0.0015069325,8.6430088e-07,8.5204153e-05,1,0,0,0.0047179429,-0.00031753203,1.349333,450.73726,1613.7272,96,0,-1.1657995,nan,0.073585024,nan,nan,106275.62,-4205.5987,26.345233,-441.38615,0.010957496,-0.32101714,-0.015108979,0,0,0,0,0,0
6.745,3122.8413,200.72971,-1611.6529,175.54552,12.486812,414.77117,0.00071712641,-1.1647972,0.071836136,-0.00068782376,0.0013407678,0.00079643965,-0.0015070637,8.7859591e-07,8.5973649e-05,0.99999864,-0.0015067842,8.5926491e-07,8.49473e-05,1,0,0,0.0047184786,-0.00031857608,1.3487795,450.56328,1611.6529,96,0,-1.1657989,nan,0.073593433,nan,nan,106215.53,-4203.9519,26.422113,-441.32319,0.010903146,-0.32134512,-0.015454323,0,0,0,0,0,0
6.75,3123.7189,200.79214,-1609.5793,175.48025,12.483512,414.61,0.00070443847,-1.1647905,0.071846227,-0.00067694233,0.0013238461,0.00079562334,-0.0015069771,8.7351781e-07,8.5705887e-05,0.99999865,-0.0015066149,8.5424381e-07,8.4694282e-05,1,0,0,0.004718935,-0.00031960676,1.3482262,450.38939,1609.5793,96,0,-1.1657983,nan,0.073601821,nan,nan,106155.48,-4202.3052,26.497748,-441.25272,0.010848859,-0.32163138,-0.015798341,0,0,0,0,0,0
6.755,3124.5962,200.85455,-1607.5066,175.415,12.480217,414.44891,0.0006918149,-1.164784,0.071856307,-0.00066611517,0.0013069103,0.00079478882,-0.0015068688,8.6845468e-07,8.5441996e-05,0.99999866,-0.0015064249,8.4923753e-07,8.4445084e-05,1,0,0,0.0047193127,-0.00032062412,1.3476733,450.21559,1607.5066,96,0,-1.1657978,nan,0.073610188,nan,nan,106095.46,-4200.6586,26.572144,-441.17483,0.010794636,-0.32187616,-0.016141032,0,0,0,0,0,0
6.76,3125.4731,200.91694,-1605.4347,175.34978,12.476927,414.2879,0.00067925565,-1.1647775,0.071866376,-0.0006553422,0.0012899625,0.00079393618,-0.0015067392,8.6340649e-07,8.5181964e-05,0.99999868,-0.0015062143,8.4424604e-07,8.4199695e-05,1,0,0,0.0047196127,-0.00032162818,1.3471206,450.04187,1605.4347,96,0,-1.1657973,nan,0.073618534,nan,nan,106035.47,-4199.0121,26.645304,-441.08959,0.010740476,-0.32207969,-0.016482391,0,0,0,0,0,0
6.765,3126.3497,200.97932,-1603.3636,175.28458,12.473642,414.12698,0.00066676064,-1.1647711,0.071876433,-0.00064462337,0.0012730049,0.00079306548,-0.0015065884,8.583732e-07,8.4925777e-05,0.99999869,-0.0015059833,8.392693e-07,8.3958099e-05,1,0,0,0.0047198355,-0.00032261898,1.3465683,449.86824,1603.3636,96,0,-1.1657968,nan,0.073626859,nan,nan,105975.51,-4197.3657,26.717233,-440.99708,0.010686381,-0.32224219,-0.016822417,0,0,0,0,0,0
6.77,3127.226,201.04168,-1601.2932,175.21942,12.470362,413.96613,0.0006543298,-1.1647647,0.071886479,-0.0006339586,0.0012560396,0.00079217679,-0.0015064166,8.5335477e-07,8.4673422e-05,0.9999987,-0.0015057323,8.3430727e-07,8.3720284e-05,1,0,0,0.004719982,-0.00032359658,1.3460162,449.69469,1601.2932,96,0,-1.1657964,nan,0.073635162,nan,nan,105915.59,-4195.7194,26.787936,-440.89737,0.01063235,-0.32236391,-0.017161106,0,0,0,0,0,0
6.775,3128.102,201.10403,-1599.2237,175.15428,12.467086,413.80537,0.00064196307,-1.1647585,0.071896513,-0.00062334784,0.0012390689,0.00079127019,-0.0015062241,8.4835115e-07,8.4424885e-05,0.99999872,-0.0015054614,8.2935991e-07,8.3486236e-05,1,0,0,0.004720053,-0.000324561,1.3454644,449.52123,1599.2237,96,0,-1.165796,nan,0.073643444,nan,nan,105855.7,-4194.0733,26.857417,-440.79055,0.010578384,-0.32244508,-0.017498454,0,0,0,0,0,0
6.78,3128.9776,201.16636,-1597.155,175.08917,12.463815,413.64469,0.00062966038,-1.1647523,0.071906535,-0.00061279103,0.0012220947,0.00079034576,-0.0015060111,8.4336232e-07,8.4180153e-05,0.99999873,-0.0015051708,8.244272e-07,8.3255943e-05,1,0,0,0.0047200492,-0.00032551228,1.344913,449.34785,1597.155,96,0,-1.1657956,nan,0.073651704,nan,nan,105795.85,-4192.4272,26.92568,-440.67669,0.010524483,-0.32248597,-0.01783446,0,0,0,0,0,0
6.785,3129.8529,201.22867,-1595.0871,175.02409,12.460549,413.48409,0.00061742165,-1.1647463,0.071916544,-0.00060228808,0.0012051193,0.00078940355,-0.0015057779,8.3838823e-07,8.3939212e-05,0.99999874,-0.0015048608,8.1950908e-07,8.302939e-05,1,0,0,0.0047199714,-0.00032645047,1.3443618,449.17456,1595.0871,96,0,-1.1657953,nan,0.073659941,nan,nan,105736.02,-4190.7813,26.99273,-440.55588,0.010470648,-0.32248681,-0.01816912,0,0,0,0,0,0
6.79,3130.7279,201.29097,-1593.02,174.95903,12.457287,413.32357,0.00060524681,-1.1647403,0.071926542,-0.00059183895,0.0011881447,0.00078844366,-0.0015055246,8.3342885e-07,8.370205e-05,0.99999875,-0.0015045317,8.1460553e-07,8.2806564e-05,1,0,0,0.0047198203,-0.0003273756,1.3438109,449.00136,1593.02,96,0,-1.165795,nan,0.073668157,nan,nan,105676.23,-4189.1355,27.058571,-440.42817,0.010416879,-0.32244786,-0.01850243,0,0,0,0,0,0
6.795,3131.6026,201.35325,-1590.9537,174.894,12.454029,413.16313,0.00059313579,-1.1647344,0.071936526,-0.00058144356,0.0011711731,0.00078746614,-0.0015052514,8.2848414e-07,8.3468652e-05,0.99999877,-0.0015041836,8.097165e-07,8.2587452e-05,1,0,0,0.0047195968,-0.00032828771,1.3432603,448.82824,1590.9537,96,0,-1.1657947,nan,0.07367635,nan,nan,105616.48,-4187.4898,27.123208,-440.29367,0.010363176,-0.32236939,-0.018834389,0,0,0,0,0,0
6.8,3132.4769,201.41551,-1588.8882,174.829,12.450776,413.00278,0.00058108852,-1.1647285,0.071946498,-0.00057110184,0.0011542064,0.00078647107,-0.0015049587,8.2355406e-07,8.3239006e-05,0.99999878,-0.0015038167,8.0484196e-07,8.237204e-05,1,0,0,0.0047193016,-0.00032918684,1.34271,448.65521,1588.8882,96,0,-1.1657944,nan,0.073684521,nan,nan,105556.76,-4185.8442,27.186646,-440.15243,0.010309539,-0.32225164,-0.019164994,0,0,0,0,0,0
6.805,3133.351,201.47776,-1586.8235,174.76402,12.447527,412.8425,0.00056910493,-1.1647228,0.071956456,-0.00056081373,0.0011372468,0.00078545853,-0.0015046466,8.1863858e-07,8.3013098e-05,0.99999879,-0.0015034314,7.9998188e-07,8.2160315e-05,1,0,0,0.0047189355,-0.00033007302,1.34216,448.48226,1586.8235,96,0,-1.1657942,nan,0.073692669,nan,nan,105497.07,-4184.1988,27.248888,-440.00455,0.01025597,-0.3220949,-0.019494241,0,0,0,0,0,0
6.81,3134.2246,201.53999,-1584.7597,174.69906,12.444281,412.68231,0.00055718494,-1.1647172,0.071966402,-0.00055057917,0.0011202964,0.00078442859,-0.0015043153,8.1373765e-07,8.2790914e-05,0.9999988,-0.0015030277,7.9513622e-07,8.1952264e-05,1,0,0,0.0047184993,-0.00033094631,1.3416104,448.3094,1584.7597,96,0,-1.165794,nan,0.073700794,nan,nan,105437.41,-4182.5534,27.309939,-439.8501,0.010202468,-0.32189942,-0.019822127,0,0,0,0,0,0
6.815,3135.098,201.6022,-1582.6966,174.63413,12.44104,412.52221,0.00054532848,-1.1647116,0.071976333,-0.00054039808,0.001103357,0.00078338133,-0.0015039652,8.0885124e-07,8.2572441e-05,0.99999881,-0.0015026061,7.9030494e-07,8.1747874e-05,1,0,0,0.0047179937,-0.00033180674,1.341061,448.13662,1582.6966,96,0,-1.1657939,nan,0.073708896,nan,nan,105377.79,-4180.9082,27.369803,-439.68916,0.010149034,-0.32166549,-0.02014865,0,0,0,0,0,0
6.82,3135.9711,201.6644,-1580.6343,174.56923,12.437803,412.36218,0.00053353547,-1.1647061,0.071986251,-0.0005302704,0.0010864308,0.00078231681,-0.0015035964,8.0397932e-07,8.2357666e-05,0.99999883,-0.0015021666,7.8548801e-07,8.154713e-05,1,0,0,0.0047174197,-0.00033265434,1.3405119,447.96393,1580.6343,96,0,-1.1657938,nan,0.073716974,nan,nan,105318.2,-4179.2631,27.428486,-439.52181,0.010095667,-0.32139337,-0.020473808,0,0,0,0,0,0
6.825,3136.8438,201.72659,-1578.5728,174.50435,12.43457,412.20224,0.00052180585,-1.1647007,0.071996155,-0.00052019606,0.0010695198,0.00078123511,-0.0015032091,7.9912185e-07,8.2146576e-05,0.99999884,-0.0015017095,7.8068539e-07,8.135002e-05,1,0,0,0.0047167778,-0.00033348916,1.3399631,447.79132,1578.5728,96,0,-1.1657937,nan,0.07372503,nan,nan,105258.64,-4177.6182,27.485991,-439.34812,0.010042369,-0.32108335,-0.020797597,0,0,0,0,0,0
6.83,3137.7162,201.78875,-1576.5121,174.43949,12.431341,412.04237,0.00051013952,-1.1646954,0.072006045,-0.00051017498,0.0010526259,0.0007801363,-0.0015028036,7.9427879e-07,8.1939156e-05,0.99999885,-0.0015012351,7.7589705e-07,8.1156531e-05,1,0,0,0.004716069,-0.00033431123,1.3394145,447.6188,1576.5121,96,0,-1.1657936,nan,0.073733062,nan,nan,105199.12,-4175.9733,27.542323,-439.16818,0.0099891402,-0.32073571,-0.021120014,0,0,0,0,0,0
6.835,3138.5882,201.8509,-1574.4522,174.37466,12.428115,411.8826,0.00049853643,-1.1646902,0.07201592,-0.00050020711,0.0010357512,0.00077902046,-0.0015023801,7.8945011e-07,8.1735395e-05,0.99999886,-0.0015007436,7.7112295e-07,8.0966648e-05,1,0,0,0.0047152941,-0.00033512059,1.3388663,447.44637,1574.4522,96,0,-1.1657936,nan,0.07374107,nan,nan,105139.63,-4174.3286,27.597486,-438.98207,0.00993598,-0.32035075,-0.021441057,0,0,0,0,0,0
6.84,3139.46,201.91304,-1572.3931,174.30985,12.424893,411.7229,0.0004869965,-1.164685,0.072025781,-0.00049029238,0.0010188975,0.00077788767,-0.0015019388,7.8463577e-07,8.1535277e-05,0.99999887,-0.0015002352,7.6636306e-07,8.0780359e-05,1,0,0,0.0047144538,-0.0003359173,1.3383184,447.27402,1572.3931,96,0,-1.1657936,nan,0.073749054,nan,nan,105080.17,-4172.684,27.651485,-438.78986,0.0098828892,-0.31992874,-0.021760724,0,0,0,0,0,0
6.845,3140.3314,201.97515,-1570.3348,174.24506,12.421674,411.56329,0.00047551963,-1.16468,0.072035627,-0.0004804307,0.0010020669,0.00077673799,-0.00150148,7.7983574e-07,8.1338791e-05,0.99999888,-0.0014997102,7.6161734e-07,8.0597651e-05,1,0,0,0.0047135489,-0.00033670137,1.3377708,447.10176,1570.3348,96,0,-1.1657936,nan,0.073757014,nan,nan,105020.75,-4171.0396,27.704325,-438.59163,0.0098298682,-0.31946999,-0.022079011,0,0,0,0,0,0
6.85,3141.2025,202.03726,-1568.2773,174.1803,12.418459,411.40376,0.00046410577,-1.164675,0.072045458,-0.00047062202,0.0009852612,0.00077557151,-0.0015010039,7.7504998e-07,8.1145923e-05,0.9999989,-0.0014991687,7.5688576e-07,8.041851e-05,1,0,0,0.0047125802,-0.00033747286,1.3372235,446.92958,1568.2773,96,0,-1.1657937,nan,0.07376495,nan,nan,104961.36,-4169.3952,27.756009,-438.38747,0.0097769172,-0.31897478,-0.022395916,0,0,0,0,0,0
6.855,3142.0733,202.09934,-1566.2206,174.11556,12.415248,411.24431,0.00045275483,-1.1646701,0.072055274,-0.00046086626,0.00096848237,0.00077438829,-0.0015005108,7.7027846e-07,8.0956659e-05,0.99999891,-0.001498611,7.5216829e-07,8.0242923e-05,1,0,0,0.0047115486,-0.00033823179,1.3366764,446.75749,1566.2206,96,0,-1.1657938,nan,0.073772861,nan,nan,104902,-4167.751,27.806542,-438.17745,0.0097240367,-0.31844343,-0.022711437,0,0,0,0,0,0
6.86,3142.9437,202.16141,-1564.1647,174.05084,12.412039,411.08495,0.00044146674,-1.1646653,0.072065074,-0.00045116335,0.00095173231,0.00077318842,-0.0015000008,7.6552114e-07,8.0770986e-05,0.99999892,-0.0014980374,7.4746489e-07,8.0070876e-05,1,0,0,0.0047104548,-0.00033897823,1.3361297,446.58548,1564.1647,96,0,-1.1657939,nan,0.073780748,nan,nan,104842.67,-4166.107,27.855929,-437.96165,0.0096712269,-0.31787624,-0.02302557,0,0,0,0,0,0
6.865,3143.8138,202.22347,-1562.1096,173.98615,12.408834,410.92567,0.00043024141,-1.1646606,0.072074859,-0.00044151323,0.00093501288,0.00077197196,-0.0014994742,7.60778e-07,8.0588891e-05,0.99999893,-0.0014974481,7.4277554e-07,7.9902357e-05,1,0,0,0.0047092997,-0.00033971219,1.3355833,446.41356,1562.1096,96,0,-1.1657941,nan,0.073788611,nan,nan,104783.38,-4164.4631,27.904174,-437.74016,0.0096184882,-0.3172735,-0.023338314,0,0,0,0,0,0
6.87,3144.6836,202.2855,-1560.0553,173.92147,12.405633,410.76648,0.00041907877,-1.1646559,0.072084628,-0.00043191581,0.00091832596,0.00077073899,-0.0014989312,7.5604898e-07,8.0410361e-05,0.99999894,-0.0014968432,7.3810018e-07,7.9737351e-05,1,0,0,0.004708084,-0.00034043372,1.3350371,446.24173,1560.0553,96,0,-1.1657943,nan,0.073796448,nan,nan,104724.13,-4162.8193,27.951281,-437.51305,0.0095658208,-0.31663554,-0.023649665,0,0,0,0,0,0
6.875,3145.5531,202.34752,-1558.0018,173.85682,12.402434,410.60737,0.00040797873,-1.1646514,0.072094381,-0.00042237103,0.00090167339,0.00076948959,-0.0014983721,7.5133407e-07,8.0235382e-05,0.99999895,-0.0014962231,7.334388e-07,7.9575846e-05,1,0,0,0.0047068085,-0.00034114286,1.3344913,446.06998,1558.0018,96,0,-1.1657945,nan,0.07380426,nan,nan,104664.9,-4161.1756,27.997255,-437.28039,0.0095132253,-0.31596266,-0.023959622,0,0,0,0,0,0
6.88,3146.4223,202.40953,-1555.9491,173.79219,12.399238,410.44834,0.00039694122,-1.1646469,0.072104117,-0.00041287882,0.000885057,0.00076822383,-0.0014977971,7.4663322e-07,8.006394e-05,0.99999896,-0.001495588,7.2879137e-07,7.9417829e-05,1,0,0,0.0047054742,-0.00034183965,1.3339457,445.89831,1555.9491,96,0,-1.1657948,nan,0.073812048,nan,nan,104605.71,-4159.5321,28.0421,-437.04228,0.0094607018,-0.31525519,-0.024268182,0,0,0,0,0,0
6.885,3147.2911,202.47152,-1553.8971,173.72758,12.396046,410.28939,0.00038596616,-1.1646425,0.072113838,-0.00040343911,0.00086847861,0.00076694178,-0.0014972064,7.4194641e-07,7.9896024e-05,0.99999897,-0.0014949381,7.2415784e-07,7.9263286e-05,1,0,0,0.0047040816,-0.00034252413,1.3334005,445.72673,1553.8971,96,0,-1.1657951,nan,0.07381981,nan,nan,104546.56,-4157.8888,28.085822,-436.79879,0.0094082507,-0.31451342,-0.024575342,0,0,0,0,0,0
6.89,3148.1596,202.53349,-1551.846,173.66299,12.392856,410.13053,0.00037505347,-1.1646382,0.072123542,-0.00039405181,0.00085194001,0.00076564353,-0.0014966002,7.372736e-07,7.9731619e-05,0.99999898,-0.0014942736,7.1953818e-07,7.9112204e-05,1,0,0,0.0047026318,-0.00034319634,1.3328555,445.55524,1551.846,96,0,-1.1657954,nan,0.073827546,nan,nan,104487.43,-4156.2455,28.128423,-436.54999,0.0093558723,-0.3137377,-0.024881101,0,0,0,0,0,0
6.895,3149.0278,202.59545,-1549.7957,173.59843,12.389669,409.97176,0.00036420306,-1.164634,0.072133228,-0.00038471687,0.00083544298,0.00076432915,-0.0014959789,7.3261476e-07,7.9570712e-05,0.99999899,-0.0014935948,7.1493237e-07,7.896457e-05,1,0,0,0.0047011254,-0.00034385632,1.3323108,445.38383,1549.7957,96,0,-1.1657957,nan,0.073835257,nan,nan,104428.34,-4154.6025,28.169909,-436.29598,0.009303567,-0.31292834,-0.025185455,0,0,0,0,0,0
6.9,3149.8957,202.65739,-1547.7461,173.53388,12.386484,409.81307,0.00035341485,-1.1646298,0.072142898,-0.0003754342,0.00081898929,0.00076299871,-0.0014953425,7.2796986e-07,7.9413289e-05,0.999999,-0.0014929019,7.1034037e-07,7.882037e-05,1,0,0,0.0046995634,-0.00034450411,1.3317665,445.21251,1547.7461,96,0,-1.1657961,nan,0.073842942,nan,nan,104369.29,-4152.9595,28.210284,-436.03683,0.0092513351,-0.31208567,-0.025488403,0,0,0,0,0,0
6.905,3150.7632,202.71932,-1545.6974,173.46935,12.383303,409.65446,0.00034268877,-1.1646258,0.072152551,-0.00036620374,0.00080258068,0.0007616523,-0.0014946915,7.2333886e-07,7.9259339e-05,0.99999901,-0.0014921951,7.0576215e-07,7.8679592e-05,1,0,0,0.0046979464,-0.00034513975,1.3312224,445.04128,1545.6974,96,0,-1.1657965,nan,0.073850601,nan,nan,104310.26,-4151.3167,28.249553,-435.77261,0.0091991769,-0.31121002,-0.025789943,0,0,0,0,0,0
6.91,3151.6304,202.78123,-1543.6494,173.40485,12.380124,409.49593,0.00033202472,-1.1646218,0.072162186,-0.0003570254,0.00078621888,0.00076028997,-0.0014940259,7.1872173e-07,7.9108847e-05,0.99999902,-0.0014914747,7.0119768e-07,7.8542221e-05,1,0,0,0.0046962754,-0.00034576327,1.3306786,444.87013,1543.6494,96,0,-1.165797,nan,0.073858234,nan,nan,104251.27,-4149.6741,28.28772,-435.50341,0.0091470928,-0.31030172,-0.026090071,0,0,0,0,0,0
6.915,3152.4973,202.84312,-1541.6023,173.34036,12.376947,409.3375,0.00032142263,-1.1646179,0.072171804,-0.00034789912,0.00076990561,0.00075891182,-0.001493346,7.1411843e-07,7.89618e-05,0.99999903,-0.0014907409,6.9664693e-07,7.8408246e-05,1,0,0,0.0046945511,-0.00034637472,1.3301351,444.69906,1541.6023,96,0,-1.1657974,nan,0.07386584,nan,nan,104192.32,-4148.0316,28.324788,-435.22931,0.009095083,-0.30936111,-0.026388786,0,0,0,0,0,0
6.92,3153.3639,202.905,-1539.5559,173.2759,12.373774,409.17914,0.00031088241,-1.1646141,0.072181404,-0.00033882481,0.00075364255,0.00075751792,-0.001492652,7.0952895e-07,7.8818185e-05,0.99999904,-0.001489994,6.9210987e-07,7.8277652e-05,1,0,0,0.0046927743,-0.00034697415,1.3295919,444.52808,1539.5559,96,0,-1.1657979,nan,0.073873421,nan,nan,104133.39,-4146.3892,28.360764,-434.95039,0.0090431479,-0.30838852,-0.026686086,0,0,0,0,0,0
6.925,3154.2301,202.96687,-1537.5103,173.21145,12.370602,409.02087,0.00030040398,-1.1646103,0.072190986,-0.00032980242,0.00073743138,0.00075610834,-0.0014919443,7.0495324e-07,7.8677988e-05,0.99999905,-0.001489234,6.8758646e-07,7.8150426e-05,1,0,0,0.0046909459,-0.00034756157,1.329049,444.35719,1537.5103,96,0,-1.1657985,nan,0.073880974,nan,nan,104074.5,-4144.7471,28.395651,-434.66672,0.0089912878,-0.30738429,-0.026981968,0,0,0,0,0,0
6.93,3155.0961,203.02871,-1535.4655,173.14702,12.367433,408.86269,0.00028998725,-1.1646067,0.07220055,-0.00032083185,0.00072127377,0.00075468316,-0.0014912229,7.0039128e-07,7.8541197e-05,0.99999906,-0.0014884614,6.8307668e-07,7.8026556e-05,1,0,0,0.0046890666,-0.00034813705,1.3285064,444.18638,1535.4655,96,0,-1.1657991,nan,0.073888502,nan,nan,104015.65,-4143.105,28.429454,-434.37839,0.008939503,-0.30634876,-0.027276431,0,0,0,0,0,0
6.935,3155.9617,203.09054,-1533.4215,173.08261,12.364266,408.70459,0.00027963214,-1.1646031,0.072210096,-0.00031191303,0.00070517134,0.00075324246,-0.0014904883,6.9584303e-07,7.8407799e-05,0.99999907,-0.0014876763,6.7858049e-07,7.7906028e-05,1,0,0,0.0046871373,-0.00034870061,1.3279641,444.01566,1533.4215,96,0,-1.1657997,nan,0.073896002,nan,nan,103956.82,-4141.4631,28.462177,-434.08547,0.0088877939,-0.30528228,-0.027569472,0,0,0,0,0,0
6.94,3156.827,203.15236,-1531.3783,173.01822,12.361101,408.54657,0.00026933856,-1.1645996,0.072219623,-0.0003030459,0.00068912572,0.00075178631,-0.0014897404,6.9130846e-07,7.8277779e-05,0.99999908,-0.001486879,6.7409787e-07,7.7788829e-05,1,0,0,0.0046851588,-0.00034925231,1.3274221,443.84502,1531.3783,96,0,-1.1658003,nan,0.073903475,nan,nan,103898.03,-4139.8214,28.493824,-433.78804,0.0088361607,-0.30418519,-0.027861089,0,0,0,0,0,0
6.945,3157.6919,203.21416,-1529.3359,172.95385,12.357938,408.38864,0.00025910643,-1.1645962,0.072229131,-0.00029423037,0.00067313851,0.00075031479,-0.0014889797,6.8678754e-07,7.8151125e-05,0.99999909,-0.0014860696,6.6962878e-07,7.7674945e-05,1,0,0,0.0046831319,-0.00034979217,1.3268804,443.67447,1529.3359,96,0,-1.165801,nan,0.073910921,nan,nan,103839.28,-4138.1798,28.5244,-433.48619,0.0087846039,-0.30305784,-0.028151281,0,0,0,0,0,0
6.95,3158.5566,203.27594,-1527.2943,172.8895,12.354778,408.23079,0.00024893566,-1.1645929,0.07223862,-0.00028546636,0.00065721131,0.00074882797,-0.0014882063,6.8228024e-07,7.8027824e-05,0.9999991,-0.0014852484,6.6517319e-07,7.7564364e-05,1,0,0,0.0046810574,-0.00035032023,1.326339,443.504,1527.2943,96,0,-1.1658016,nan,0.07391834,nan,nan,103780.55,-4136.5384,28.553909,-433.17999,0.0087331236,-0.30190059,-0.028440045,0,0,0,0,0,0
6.955,3159.4209,203.33771,-1525.2534,172.82516,12.351619,408.07303,0.00023882616,-1.1645896,0.07224809,-0.00027675381,0.00064134566,0.00074732594,-0.0014874205,6.7778654e-07,7.7907863e-05,0.9999991,-0.0014844157,6.6073109e-07,7.7457072e-05,1,0,0,0.0046789362,-0.00035083655,1.3257978,443.33362,1525.2534,96,0,-1.1658024,nan,0.073925732,nan,nan,103721.86,-4134.8972,28.582357,-432.86952,0.0086817203,-0.30071377,-0.02872738,0,0,0,0,0,0
6.96,3160.2849,203.39946,-1523.2134,172.76085,12.348462,407.91536,0.00022877785,-1.1645865,0.072257541,-0.00026809262,0.00062554313,0.00074580877,-0.0014866225,6.7330639e-07,7.7791227e-05,0.99999911,-0.0014835717,6.5630243e-07,7.7353057e-05,1,0,0,0.0046767689,-0.00035134115,1.325257,443.16333,1523.2134,96,0,-1.1658031,nan,0.073933095,nan,nan,103663.21,-4133.2561,28.609746,-432.55485,0.0086303942,-0.29949776,-0.029013283,0,0,0,0,0,0
6.965,3161.1485,203.4612,-1521.1741,172.69655,12.345308,407.75777,0.00021879064,-1.1645834,0.072266973,-0.00025948273,0.00060980525,0.00074427654,-0.0014858125,6.6883978e-07,7.7677905e-05,0.99999912,-0.0014827166,6.5188718e-07,7.7252305e-05,1,0,0,0.0046745565,-0.00035183408,1.3247164,442.99312,1521.1741,96,0,-1.1658039,nan,0.073940432,nan,nan,103604.59,-4131.6151,28.636082,-432.23608,0.0085791456,-0.2982529,-0.029297753,0,0,0,0,0,0
6.97,3162.0119,203.52292,-1519.1357,172.63227,12.342155,407.60026,0.00020886444,-1.1645803,0.072276385,-0.00025092406,0.00059413351,0.00074272932,-0.0014849908,6.6438667e-07,7.7567883e-05,0.99999913,-0.0014818506,6.4748533e-07,7.7154802e-05,1,0,0,0.0046722998,-0.00035231538,1.3241762,442.82299,1519.1357,96,0,-1.1658047,nan,0.07394774,nan,nan,103546,-4129.9744,28.661369,-431.91326,0.008527975,-0.29697956,-0.029580788,0,0,0,0,0,0
6.975,3162.8749,203.58462,-1517.098,172.568,12.339003,407.44284,0.00019899917,-1.1645774,0.072285777,-0.00024241653,0.00057852942,0.00074116719,-0.0014841575,6.5994702e-07,7.7461147e-05,0.99999914,-0.0014809739,6.4309683e-07,7.7060537e-05,1,0,0,0.0046699995,-0.00035278509,1.3236362,442.65295,1517.098,96,0,-1.1658056,nan,0.07395502,nan,nan,103487.44,-4128.3338,28.685612,-431.5865,0.0084768824,-0.29567809,-0.029862386,0,0,0,0,0,0
6.98,3163.7376,203.64631,-1515.0611,172.50376,12.335854,407.28551,0.00018919473,-1.1645745,0.072295149,-0.00023396006,0.00056299444,0.00073959023,-0.001483313,6.5552082e-07,7.7357686e-05,0.99999915,-0.0014800868,6.3872167e-07,7.6969495e-05,1,0,0,0.0046676565,-0.00035324325,1.3230966,442.483,1515.0611,96,0,-1.1658064,nan,0.073962273,nan,nan,103428.92,-4126.6933,28.708814,-431.25585,0.0084258684,-0.29434886,-0.030142545,0,0,0,0,0,0
6.985,3164.6,203.70798,-1513.025,172.43953,12.332706,407.12826,0.00017945103,-1.1645718,0.0723045,-0.00022555457,0.00054753004,0.00073799852,-0.0014824574,6.5110804e-07,7.7257484e-05,0.99999916,-0.0014791896,6.3435981e-07,7.6881663e-05,1,0,0,0.0046652715,-0.00035368989,1.3225572,442.31313,1513.025,96,0,-1.1658073,nan,0.073969497,nan,nan,103370.43,-4125.0531,28.730981,-430.9214,0.0083749332,-0.29299222,-0.030421264,0,0,0,0,0,0
6.99,3165.4621,203.76964,-1510.9896,172.37531,12.329559,406.9711,0.00016976799,-1.1645691,0.072313832,-0.00021719999,0.00053213764,0.00073639212,-0.001481591,6.4670863e-07,7.716053e-05,0.99999917,-0.0014782823,6.3001122e-07,7.679703e-05,1,0,0,0.0046628454,-0.00035412507,1.3220182,442.14335,1510.9896,96,0,-1.1658083,nan,0.073976692,nan,nan,103311.98,-4123.413,28.752117,-430.58323,0.0083240771,-0.29160855,-0.030698541,0,0,0,0,0,0
6.995,3166.3239,203.83128,-1508.9551,172.31112,12.326414,406.81402,0.00016014551,-1.1645664,0.072323143,-0.00020889623,0.00051681865,0.00073477113,-0.001480714,6.4232259e-07,7.7066811e-05,0.99999917,-0.0014773654,6.2567588e-07,7.671558e-05,1,0,0,0.004660379,-0.00035454882,1.3214794,441.97365,1508.9551,96,0,-1.1658092,nan,0.073983859,nan,nan,103253.55,-4121.7731,28.772225,-430.24141,0.0082733004,-0.29019821,-0.030974375,0,0,0,0,0,0
7,3167.1853,203.89291,-1506.9213,172.24694,12.323271,406.65703,0.00015058351,-1.1645639,0.072332433,-0.00020064321,0.00050157448,0.00073313562,-0.0014798266,6.3794987e-07,7.6976312e-05,0.99999918,-0.0014764389,6.2135376e-07,7.6637302e-05,1,0,0,0.0046578731,-0.00035496117,1.3209409,441.80404,1506.9213,96,0,-1.1658102,nan,0.073990998,nan,nan,103195.17,-4120.1333,28.791311,-429.89602,0.0082226034,-0.28876157,-0.031248763,0,0,0,0,0,0
7.005,3168.0464,203.95452,-1504.8884,172.18278,12.320129,406.50012,0.00014108189,-1.1645614,0.072341702,-0.00019244086,0.0004864065,0.00073148565,-0.001478929,6.3359044e-07,7.6889022e-05,0.99999919,-0.0014755031,6.1704483e-07,7.6562182e-05,1,0,0,0.0046553285,-0.00035536218,1.3204027,441.63451,1504.8884,96,0,-1.1658113,nan,0.073998107,nan,nan,103136.81,-4118.4937,28.80938,-429.54714,0.0081719864,-0.287299,-0.031521705,0,0,0,0,0,0
7.01,3168.9072,204.01611,-1502.8562,172.11863,12.316988,406.3433,0.00013164056,-1.164559,0.07235095,-0.0001842891,0.00047131607,0.00072982133,-0.0014780215,6.2924429e-07,7.6804926e-05,0.9999992,-0.0014745583,6.1274906e-07,7.6490207e-05,1,0,0,0.0046527459,-0.00035575187,1.3198648,441.46507,1502.8562,96,0,-1.1658123,nan,0.074005188,nan,nan,103078.49,-4116.8543,28.826434,-429.19485,0.0081214498,-0.28581086,-0.031793198,0,0,0,0,0,0
7.015,3169.7676,204.07769,-1500.8248,172.05451,12.313848,406.18657,0.00012225943,-1.1645567,0.072360177,-0.00017618784,0.00045630452,0.00072814271,-0.0014771044,6.2491138e-07,7.6724012e-05,0.99999921,-0.0014736046,6.0846643e-07,7.6421364e-05,1,0,0,0.0046501262,-0.0003561303,1.3193272,441.29572,1500.8248,96,0,-1.1658134,nan,0.07401224,nan,nan,103020.2,-4115.2151,28.842479,-428.83922,0.0080709938,-0.28429754,-0.032063242,0,0,0,0,0,0
7.02,3170.6278,204.13925,-1498.7941,171.99039,12.31071,406.02992,0.00011293841,-1.1645544,0.072369382,-0.000168137,0.00044137318,0.00072644988,-0.0014761777,6.2059169e-07,7.6646267e-05,0.99999921,-0.0014726423,6.0419691e-07,7.635564e-05,1,0,0,0.0046474702,-0.0003564975,1.3187899,441.12645,1498.7941,96,0,-1.1658145,nan,0.074019262,nan,nan,102961.95,-4113.576,28.857519,-428.48033,0.0080206188,-0.28275941,-0.032331834,0,0,0,0,0,0
7.025,3171.4876,204.2008,-1496.7643,171.9263,12.307573,405.87336,0.0001036774,-1.1645522,0.072378566,-0.0001601365,0.00042652333,0.00072474291,-0.0014752418,6.1628518e-07,7.6571677e-05,0.99999922,-0.0014716716,5.9994047e-07,7.6293022e-05,1,0,0,0.0046447787,-0.00035685351,1.3182529,440.95726,1496.7643,96,0,-1.1658157,nan,0.074026256,nan,nan,102903.73,-4111.9372,28.871559,-428.11825,0.007970325,-0.28119684,-0.032598974,0,0,0,0,0,0
7.03,3172.3471,204.26233,-1494.7353,171.86222,12.304436,405.71688,9.4476311e-05,-1.1645501,0.072387728,-0.00015218627,0.00041175626,0.00072302189,-0.0014742969,6.1199183e-07,7.6500231e-05,0.99999923,-0.0014706927,5.9569709e-07,7.6233497e-05,1,0,0,0.0046420525,-0.00035719837,1.3177162,440.78817,1494.7353,96,0,-1.1658168,nan,0.074033219,nan,nan,102845.54,-4110.2985,28.884603,-427.75306,0.0079201128,-0.27961021,-0.03286466,0,0,0,0,0,0
7.035,3173.2063,204.32385,-1492.707,171.79815,12.301301,405.56049,8.5335052e-05,-1.1645481,0.072396868,-0.00014428622,0.00039707322,0.00072128689,-0.0014733432,6.0771162e-07,7.6431913e-05,0.99999924,-0.0014697058,5.9146674e-07,7.6177051e-05,1,0,0,0.0046392923,-0.00035753213,1.3171797,440.61915,1492.707,96,0,-1.165818,nan,0.074040153,nan,nan,102787.39,-4108.66,28.896655,-427.38483,0.0078699824,-0.27799989,-0.033128891,0,0,0,0,0,0
7.04,3174.0652,204.38535,-1490.6795,171.7341,12.298167,405.40419,7.6253527e-05,-1.1645462,0.072405986,-0.00013643626,0.00038247546,0.00071953799,-0.0014723809,6.0344451e-07,7.6366712e-05,0.99999924,-0.0014687113,5.8724939e-07,7.6123673e-05,1,0,0,0.0046364989,-0.00035785482,1.3166436,440.45022,1490.6795,96,0,-1.1658193,nan,0.074047058,nan,nan,102729.27,-4107.0217,28.90772,-427.01365,0.0078199342,-0.27636627,-0.033391665,0,0,0,0,0,0
7.045,3174.9237,204.44683,-1488.6528,171.67007,12.295033,405.24797,6.7231641e-05,-1.1645443,0.072415082,-0.00012863632,0.0003679642,0.00071777526,-0.0014714102,5.9919048e-07,7.6304614e-05,0.99999925,-0.0014677092,5.8304502e-07,7.6073348e-05,1,0,0,0.0046336732,-0.00035816649,1.3161078,440.28138,1488.6528,96,0,-1.1658205,nan,0.074053933,nan,nan,102671.18,-4105.3835,28.917803,-426.63958,0.0077699684,-0.27470972,-0.033652982,0,0,0,0,0,0
7.05,3175.7819,204.5083,-1486.6269,171.60605,12.291901,405.09184,5.8269299e-05,-1.1645425,0.072424155,-0.00012088631,0.00035354062,0.00071599879,-0.0014704314,5.949495e-07,7.6245607e-05,0.99999926,-0.0014666998,5.788536e-07,7.6026064e-05,1,0,0,0.004630816,-0.00035846717,1.3155722,440.11262,1486.6269,96,0,-1.1658218,nan,0.074060777,nan,nan,102613.13,-4103.7456,28.926906,-426.26271,0.0077200854,-0.27303062,-0.033912839,0,0,0,0,0,0
7.055,3176.6398,204.56975,-1484.6017,171.54204,12.288769,404.93579,4.9366406e-05,-1.1645407,0.072433205,-0.00011318615,0.00033920591,0.00071420865,-0.0014694447,5.9072155e-07,7.6189677e-05,0.99999927,-0.0014656833,5.7467511e-07,7.5981808e-05,1,0,0,0.0046279279,-0.0003587569,1.315037,439.94395,1484.6017,96,0,-1.1658231,nan,0.074067592,nan,nan,102555.11,-4102.1078,28.935036,-425.8831,0.0076702855,-0.27132935,-0.034171237,0,0,0,0,0,0
7.06,3177.4974,204.63119,-1482.5773,171.47806,12.285638,404.77983,4.0522866e-05,-1.1645391,0.072442233,-0.00010553576,0.00032496123,0.00071240492,-0.0014684502,5.865066e-07,7.6136811e-05,0.99999927,-0.0014646599,5.7050952e-07,7.5940566e-05,1,0,0,0.0046250098,-0.00035903573,1.314502,439.77536,1482.5773,96,0,-1.1658245,nan,0.074074376,nan,nan,102497.13,-4100.4702,28.942196,-425.50083,0.0076205689,-0.26960631,-0.034428173,0,0,0,0,0,0
7.065,3178.3547,204.69261,-1480.5538,171.41408,12.282507,404.62396,3.1738584e-05,-1.1645375,0.072451238,-9.793505e-05,0.00031080772,0.00071058768,-0.0014674483,5.8230462e-07,7.6086996e-05,0.99999928,-0.0014636299,5.663568e-07,7.5902326e-05,1,0,0,0.0046220625,-0.0003593037,1.3139673,439.60686,1480.5538,96,0,-1.1658259,nan,0.07408113,nan,nan,102439.17,-4098.8329,28.948391,-425.11597,0.0075709359,-0.26786186,-0.034683647,0,0,0,0,0,0
7.07,3179.2116,204.75402,-1478.531,171.35012,12.279378,404.46817,2.3013462e-05,-1.1645359,0.072460219,-9.038394e-05,0.00029674648,0.00070875701,-0.0014664392,5.7811559e-07,7.604022e-05,0.99999929,-0.0014625934,5.6221693e-07,7.5867075e-05,1,0,0,0.0046190867,-0.00035956084,1.313433,439.43845,1478.531,96,0,-1.1658273,nan,0.074087854,nan,nan,102381.25,-4097.1957,28.953625,-424.7286,0.0075213869,-0.26609639,-0.034937657,0,0,0,0,0,0
7.075,3180.0682,204.81541,-1476.5089,171.28618,12.276248,404.31247,1.4347404e-05,-1.1645345,0.072469178,-8.2882346e-05,0.00028277863,0.00070691299,-0.0014654229,5.7393948e-07,7.5996468e-05,0.9999993,-0.0014615508,5.5808989e-07,7.58348e-05,1,0,0,0.0046160833,-0.00035980721,1.3128989,439.27012,1476.5089,96,0,-1.1658287,nan,0.074094547,nan,nan,102323.37,-4095.5587,28.957902,-424.3388,0.0074719221,-0.26431029,-0.035190203,0,0,0,0,0,0
7.08,3180.9245,204.87679,-1474.4877,171.22225,12.27312,404.15686,5.7403119e-06,-1.1645331,0.072478113,-7.5430183e-05,0.00026890524,0.00070505568,-0.0014643999,5.6977627e-07,7.5955729e-05,0.9999993,-0.0014605021,5.5397564e-07,7.5805487e-05,1,0,0,0.0046130529,-0.00036004283,1.3123651,439.10187,1474.4877,96,0,-1.1658301,nan,0.074101209,nan,nan,102265.52,-4093.9219,28.961227,-423.94662,0.0074225418,-0.26250394,-0.035441283,0,0,0,0,0,0
7.085,3181.7805,204.93815,-1472.4672,171.15834,12.269991,404.00133,-2.8079112e-06,-1.1645318,0.072487024,-6.8027366e-05,0.00025512737,0.00070318518,-0.0014633702,5.6562593e-07,7.5917989e-05,0.99999931,-0.0014594476,5.4987417e-07,7.5779125e-05,1,0,0,0.0046099964,-0.00036026775,1.3118316,438.93371,1472.4672,96,0,-1.1658316,nan,0.074107841,nan,nan,102207.7,-4092.2853,28.963605,-423.55215,0.0073732464,-0.26067772,-0.035690898,0,0,0,0,0,0
7.09,3182.6362,204.99949,-1470.4475,171.09444,12.266864,403.84589,-1.1297364e-05,-1.1645305,0.072495911,-6.0673811e-05,0.00024144605,0.00070130156,-0.0014623341,5.6148843e-07,7.5883236e-05,0.99999932,-0.0014583875,5.4578546e-07,7.5755699e-05,1,0,0,0.0046069146,-0.00036048201,1.3112984,438.76564,1470.4475,96,0,-1.1658331,nan,0.074114442,nan,nan,102149.92,-4090.6489,28.965039,-423.15547,0.0073240361,-0.25883203,-0.035939045,0,0,0,0,0,0
7.095,3183.4915,205.06082,-1468.4286,171.03055,12.263736,403.69053,-1.9728145e-05,-1.1645293,0.072504775,-5.3369431e-05,0.0002278623,0.0006994049,-0.0014612918,5.5736376e-07,7.5851455e-05,0.99999932,-0.001457322,5.4170946e-07,7.5735197e-05,1,0,0,0.0046038081,-0.00036068565,1.3107655,438.59765,1468.4286,96,0,-1.1658347,nan,0.074121011,nan,nan,102092.17,-4089.0127,28.965534,-422.75663,0.0072749112,-0.25696724,-0.036185723,0,0,0,0,0,0
7.1,3184.3466,205.12213,-1466.4104,170.96668,12.260609,403.53527,-2.8100352e-05,-1.1645282,0.072513614,-4.6114143e-05,0.00021437711,0.00069749527,-0.0014602436,5.5325188e-07,7.5822635e-05,0.99999933,-0.0014562514,5.3764618e-07,7.5717606e-05,1,0,0,0.0046006777,-0.00036087871,1.3102329,438.42974,1466.4104,96,0,-1.1658363,nan,0.07412755,nan,nan,102034.45,-4087.3767,28.965095,-422.35572,0.007225872,-0.25508375,-0.036430933,0,0,0,0,0,0
7.105,3185.2013,205.18343,-1464.3931,170.90282,12.257482,403.38009,-3.6414086e-05,-1.1645272,0.072522429,-3.8907859e-05,0.00020099147,0.00069557276,-0.0014591896,5.4915278e-07,7.5796762e-05,0.99999934,-0.0014551757,5.3359557e-07,7.5702914e-05,1,0,0,0.0045975243,-0.00036106124,1.3097005,438.26192,1464.3931,96,0,-1.1658378,nan,0.074134057,nan,nan,101976.77,-4085.7409,28.963726,-421.9528,0.0071769188,-0.25318194,-0.036674674,0,0,0,0,0,0
7.11,3186.0556,205.24471,-1462.3765,170.83898,12.254355,403.22499,-4.4669447e-05,-1.1645262,0.07253122,-3.1750494e-05,0.00018770633,0.00069363744,-0.00145813,5.4506642e-07,7.5773824e-05,0.99999934,-0.0014540954,5.2955761e-07,7.5691106e-05,1,0,0,0.0045943486,-0.00036123326,1.3091685,438.09419,1462.3765,96,0,-1.1658395,nan,0.074140533,nan,nan,101919.12,-4084.1053,28.961431,-421.54794,0.0071280519,-0.25126219,-0.036916944,0,0,0,0,0,0
7.115,3186.9097,205.30597,-1460.3607,170.77515,12.251228,403.06998,-5.2866534e-05,-1.1645253,0.072539986,-2.4641961e-05,0.00017452262,0.00069168939,-0.0014570651,5.4099278e-07,7.5753807e-05,0.99999935,-0.0014530105,5.2553228e-07,7.5682171e-05,1,0,0,0.0045911512,-0.00036139484,1.3086368,437.92654,1460.3607,96,0,-1.1658411,nan,0.074146977,nan,nan,101861.5,-4082.4699,28.958214,-421.14122,0.0070792716,-0.2493249,-0.037157742,0,0,0,0,0,0
7.12,3187.7635,205.36722,-1458.3456,170.71134,12.248102,402.91506,-6.1005447e-05,-1.1645244,0.072548728,-1.7582174e-05,0.00016144126,0.00068972869,-0.001455995,5.3693185e-07,7.5736698e-05,0.99999936,-0.0014519212,5.2151957e-07,7.5676095e-05,1,0,0,0.0045879331,-0.00036154599,1.3081053,437.75898,1458.3456,96,0,-1.1658428,nan,0.07415339,nan,nan,101803.92,-4080.8347,28.95408,-420.73271,0.0070305781,-0.24737044,-0.037397069,0,0,0,0,0,0
7.125,3188.6169,205.42846,-1456.3314,170.64754,12.244975,402.76023,-6.9086289e-05,-1.1645237,0.072557444,-1.0571045e-05,0.00014846314,0.00068775542,-0.00145492,5.3288358e-07,7.5722486e-05,0.99999936,-0.0014508278,5.1751943e-07,7.5672866e-05,1,0,0,0.0045846948,-0.00036168678,1.3075742,437.5915,1456.3314,96,0,-1.1658445,nan,0.074159771,nan,nan,101746.37,-4079.1997,28.949034,-420.32248,0.0069819717,-0.24539922,-0.037634924,0,0,0,0,0,0
7.13,3189.47,205.48968,-1454.3179,170.58375,12.241849,402.60548,-7.710916e-05,-1.1645229,0.072566136,-3.6084878e-06,0.00013558915,0.00068576966,-0.0014538403,5.2884797e-07,7.5711155e-05,0.99999937,-0.0014497304,5.1353186e-07,7.567247e-05,1,0,0,0.0045814372,-0.00036181722,1.3070433,437.42411,1454.3179,96,0,-1.1658462,nan,0.07416612,nan,nan,101688.85,-4077.565,28.943079,-419.91059,0.0069334528,-0.24341161,-0.037871306,0,0,0,0,0,0
7.135,3190.3228,205.55088,-1452.3052,170.51998,12.238722,402.45082,-8.5074162e-05,-1.1645223,0.072574802,3.3055855e-06,0.00012282012,0.00068377148,-0.0014527561,5.2482499e-07,7.5702695e-05,0.99999938,-0.0014486293,5.0955683e-07,7.5674896e-05,1,0,0,0.004578161,-0.00036193738,1.3065127,437.2568,1452.3052,96,0,-1.165848,nan,0.074172437,nan,nan,101631.37,-4075.9304,28.93622,-419.49711,0.0068850216,-0.241408,-0.038106214,0,0,0,0,0,0
7.14,3191.1753,205.61207,-1450.2932,170.45622,12.235595,402.29624,-9.2981397e-05,-1.1645217,0.072583443,1.0171263e-05,0.0001101569,0.00068176097,-0.0014516675,5.2081461e-07,7.5697091e-05,0.99999938,-0.0014475246,5.0559431e-07,7.5680129e-05,1,0,0,0.0045748669,-0.00036204729,1.3059824,437.08958,1450.2932,96,0,-1.1658498,nan,0.074178723,nan,nan,101573.92,-4074.2961,28.928461,-419.08212,0.0068366784,-0.23938878,-0.038339648,0,0,0,0,0,0
7.145,3192.0274,205.67324,-1448.282,170.39247,12.232469,402.14176,-0.00010083097,-1.1645212,0.072592058,1.6988632e-05,9.7600301e-05,0.0006797382,-0.0014505749,5.1681681e-07,7.5694332e-05,0.99999939,-0.0014464166,5.0164428e-07,7.5688157e-05,1,0,0,0.0045715556,-0.00036214698,1.3054524,436.92244,1448.282,96,0,-1.1658516,nan,0.074184976,nan,nan,101516.51,-4072.6619,28.919808,-418.66569,0.0067884235,-0.23735434,-0.038571608,0,0,0,0,0,0
7.15,3192.8793,205.73439,-1446.2716,170.32874,12.229342,401.98736,-0.00010862298,-1.1645207,0.072600648,2.3757782e-05,8.5151112e-05,0.00067770325,-0.0014494783,5.1283157e-07,7.5694403e-05,0.99999939,-0.0014453055,4.9770673e-07,7.5698967e-05,1,0,0,0.004568228,-0.0003622365,1.3049227,436.75539,1446.2716,96,0,-1.1658534,nan,0.074191197,nan,nan,101459.13,-4071.028,28.910263,-418.24787,0.0067402572,-0.23530505,-0.038802092,0,0,0,0,0,0
7.155,3193.7308,205.79553,-1444.262,170.26502,12.226214,401.83304,-0.00011635753,-1.1645203,0.072609212,3.0478801e-05,7.2810107e-05,0.00067565619,-0.001448378,5.0885887e-07,7.5697293e-05,0.9999994,-0.0014441914,4.9378162e-07,7.5712546e-05,1,0,0,0.0045648846,-0.0003623159,1.3043933,436.58842,1444.262,96,0,-1.1658553,nan,0.074197385,nan,nan,101401.78,-4069.3943,28.899832,-417.82874,0.0066921797,-0.23324132,-0.039031102,0,0,0,0,0,0
7.16,3194.582,205.85666,-1442.2532,170.20132,12.223087,401.67882,-0.00012403473,-1.16452,0.07261775,3.7151778e-05,6.0578039e-05,0.00067359712,-0.0014472742,5.0489867e-07,7.5702988e-05,0.99999941,-0.0014430746,4.8986893e-07,7.5728883e-05,1,0,0,0.0045615263,-0.00036238521,1.3038642,436.42154,1442.2532,96,0,-1.1658571,nan,0.074203541,nan,nan,101344.47,-4067.7608,28.888518,-417.40836,0.0066441913,-0.23116352,-0.039258635,0,0,0,0,0,0
7.165,3195.4328,205.91777,-1440.2451,170.13763,12.219959,401.52468,-0.00013165467,-1.1645197,0.072626261,4.3776803e-05,4.8455639e-05,0.0006715261,-0.0014461671,5.0095097e-07,7.5711476e-05,0.99999941,-0.0014419552,4.8596865e-07,7.5747962e-05,1,0,0,0.0045581538,-0.00036244446,1.3033354,436.25475,1440.2451,96,0,-1.1658591,nan,0.074209664,nan,nan,101287.19,-4066.1276,28.876327,-416.98681,0.0065962923,-0.22907203,-0.039484693,0,0,0,0,0,0
7.17,3196.2834,205.97886,-1438.2378,170.07395,12.21683,401.37062,-0.00013921748,-1.1645195,0.072634747,5.0353964e-05,3.644362e-05,0.00066944321,-0.0014450568,4.9701573e-07,7.5722744e-05,0.99999942,-0.0014408334,4.8208076e-07,7.5769773e-05,1,0,0,0.0045547677,-0.00036249372,1.3028069,436.08804,1438.2378,96,0,-1.165861,nan,0.074215755,nan,nan,101229.94,-4064.4946,28.863262,-416.56414,0.0065484831,-0.22696725,-0.039709274,0,0,0,0,0,0
7.175,3197.1336,206.03994,-1436.2312,170.01028,12.213702,401.21666,-0.00014672324,-1.1645193,0.072643206,5.6883352e-05,2.4542672e-05,0.00066734854,-0.0014439437,4.9309294e-07,7.5736778e-05,0.99999942,-0.0014397095,4.7820522e-07,7.5794302e-05,1,0,0,0.0045513688,-0.00036253301,1.3022786,435.92141,1436.2312,96,0,-1.1658629,nan,0.074221813,nan,nan,101172.73,-4062.8617,28.849329,-416.14043,0.0065007638,-0.22484956,-0.039932379,0,0,0,0,0,0
7.18,3197.9836,206.101,-1434.2254,169.94663,12.210573,401.06278,-0.00015417206,-1.1645192,0.072651639,6.3365057e-05,1.2753467e-05,0.00066524216,-0.0014428278,4.8918257e-07,7.5753566e-05,0.99999943,-0.0014385835,4.7434202e-07,7.5821537e-05,1,0,0,0.0045479577,-0.00036256237,1.3017507,435.75487,1434.2254,96,0,-1.1658649,nan,0.074227838,nan,nan,101115.55,-4061.2292,28.83453,-415.71574,0.0064531348,-0.22271934,-0.040154008,0,0,0,0,0,0
7.185,3198.8332,206.16205,-1432.2204,169.88299,12.207443,400.90898,-0.00016156406,-1.1645192,0.072660045,6.9799169e-05,1.0766562e-06,0.00066312414,-0.0014417094,4.852846e-07,7.5773096e-05,0.99999943,-0.0014374558,4.7049114e-07,7.5851464e-05,1,0,0,0.0045445353,-0.00036258185,1.301223,435.58841,1432.2204,96,0,-1.1658669,nan,0.07423383,nan,nan,101058.41,-4059.5968,28.818871,-415.29013,0.0064055962,-0.22057698,-0.040374159,0,0,0,0,0,0
7.19,3199.6825,206.22308,-1430.2162,169.81937,12.204313,400.75528,-0.00016889933,-1.1645192,0.072668424,7.6185779e-05,-1.048713e-05,0.00066099458,-0.0014405887,4.81399e-07,7.5795354e-05,0.99999944,-0.0014363265,4.6665255e-07,7.5884071e-05,1,0,0,0.0045411021,-0.00036259149,1.3006957,435.42204,1430.2162,96,0,-1.165869,nan,0.074239789,nan,nan,101001.29,-4057.9647,28.802355,-414.86367,0.0063581485,-0.21842286,-0.040592834,0,0,0,0,0,0
7.195,3200.5314,206.28409,-1428.2127,169.75576,12.201182,400.60166,-0.00017617798,-1.1645193,0.072676776,8.2524978e-05,-2.1937281e-05,0.00065885354,-0.0014394658,4.7752577e-07,7.5820328e-05,0.99999945,-0.0014351957,4.6282624e-07,7.5919344e-05,1,0,0,0.0045376589,-0.00036259133,1.3001686,435.25576,1428.2127,96,0,-1.165871,nan,0.074245715,nan,nan,100944.22,-4056.3327,28.784988,-414.43642,0.0063107919,-0.21625735,-0.040810031,0,0,0,0,0,0
7.2,3201.3801,206.34509,-1426.21,169.69216,12.19805,400.44812,-0.00018339931,-1.1645194,0.0726851,8.8811621e-05,-4.1329789e-05,0.00065602763,-0.0014384071,4.7366763e-07,7.5842413e-05,0.99999945,-0.0014349474,4.5904816e-07,7.5882317e-05,1,0,0,0.0045342043,-0.00036258083,1.2996418,435.08956,1426.21,96,0,-1.1658731,nan,0.074251607,nan,nan,100887.17,-4054.8292,28.774068,-413.93357,0.0062424161,-0.82066749,-0.09170964,0,0,0,0,0,0
7.205,3202.2284,206.40608,-1424.2081,169.62856,12.194918,400.29467,-0.00019054179,-1.1645197,0.072693373,9.5022966e-05,-0.00010012775,0.00064990007,-0.0014381276,4.6984338e-07,7.5798626e-05,0.99999946,-0.00143905,4.5536251e-07,7.5456821e-05,1,0,0,0.0045306377,-0.00036254982,1.2991153,434.92343,1424.2081,96,0,-1.1658752,nan,0.074257467,nan,nan,100830.16,-4053.3857,28.763256,-413.36835,0.0061649304,-1.4882429,-0.14688751,0,0,0,0,0,0
7.21,3203.0764,206.46705,-1422.2069,169.56497,12.191784,400.1413,-0.00019757061,-1.1645204,0.072701555,0.00010115716,-0.00018538275,0.00064166333,-0.0014392989,4.6603761e-07,7.5622303e-05,0.99999946,-0.0014461213,4.5156324e-07,7.4726141e-05,1,0,0,0.0045267822,-0.00036248355,1.298589,434.75738,1422.2069,96,0,-1.1658773,nan,0.074263292,nan,nan,100773.17,-4051.9421,28.746181,-412.74334,0.0060881669,-1.7238082,-0.16197676,0,0,0,0,0,0
7.215,3203.9241,206.528,-1420.2065,169.50138,12.188649,399.98801,-0.0002044719,-1.1645215,0.072709632,0.00010721468,-0.00027357339,0.00063355524,-0.0014419078,4.6220452e-07,7.5305072e-05,0.99999947,-0.0014536087,4.4755813e-07,7.3916248e-05,1,0,0,0.0045225598,-0.00036237664,1.298063,434.5914,1420.2065,96,0,-1.1658795,nan,0.074269084,nan,nan,100716.21,-4050.4982,28.722189,-412.05167,0.0060115258,-1.529011,-0.13457525,0,0,0,0,0,0
7.22,3204.7715,206.58894,-1418.2069,169.43778,12.185511,399.83481,-0.00021125744,-1.164523,0.072717615,0.00011319546,-0.00034493285,0.00062757307,-0.0014454052,4.5831153e-07,7.4894501e-05,0.99999947,-0.0014593519,4.4342249e-07,7.326134e-05,1,0,0,0.0045180058,-0.00036223476,1.2975373,434.4255,1418.2069,96,0,-1.1658817,nan,0.074274843,nan,nan,100659.29,-4049.0541,28.692907,-411.30931,0.0059345888,-1.0640648,-0.078806462,0,0,0,0,0,0
7.225,3205.6186,206.64986,-1416.208,169.37417,12.182371,399.68168,-0.00021795817,-1.1645248,0.072725539,0.0001190992,-0.00038991931,0.00062473411,-0.0014490247,4.5436908e-07,7.4470242e-05,0.99999948,-0.0014622944,4.3935505e-07,7.2914113e-05,1,0,0,0.0045132328,-0.00036207154,1.2970118,434.25968,1416.208,96,0,-1.1658839,nan,0.074280567,nan,nan,100602.39,-4047.6099,28.661398,-410.54434,0.0058575,-0.5536075,-0.018180098,0,0,0,0,0,0
7.23,3206.4653,206.71076,-1414.2099,169.31056,12.179227,399.52865,-0.00022461095,-1.1645268,0.072733442,0.00012492602,-0.00041048983,0.00062478722,-0.001452112,4.5043687e-07,7.4110501e-05,0.99999948,-0.0014626311,4.3558955e-07,7.2896434e-05,1,0,0,0.0045083743,-0.00036190279,1.2964866,434.09393,1414.2099,96,0,-1.1658861,nan,0.074286258,nan,nan,100545.52,-4046.1654,28.630871,-409.78413,0.0057810329,-0.18986686,0.024315676,0,0,0,0,0,0
7.235,3207.3117,206.77165,-1412.2126,169.24695,12.176082,399.3757,-0.00023124441,-1.1645289,0.072741356,0.00013067699,-0.00041687003,0.00062643512,-0.0014543416,4.4660713e-07,7.386255e-05,0.99999949,-0.0014614631,4.3230041e-07,7.310462e-05,1,0,0,0.0045035328,-0.00036174048,1.2959616,433.92826,1412.2126,96,0,-1.1658883,nan,0.074291915,nan,nan,100488.68,-4044.7208,28.60347,-409.0456,0.005706363,-0.069369348,0.034839298,0,0,0,0,0,0
7.24,3208.1579,206.83253,-1410.216,169.18333,12.172934,399.22283,-0.00023786942,-1.164531,0.072749291,0.0001363544,-0.00042201063,0.00062792759,-0.001455765,4.4297414e-07,7.3727969e-05,0.99999949,-0.0014601979,4.295393e-07,7.3361371e-05,1,0,0,0.0044987504,-0.0003615887,1.295437,433.76266,1410.216,96,0,-1.1658906,nan,0.074297538,nan,nan,100431.87,-4043.2759,28.579588,-408.3315,0.005634671,-0.17883028,0.012936157,0,0,0,0,0,0
7.245,3209.0036,206.89339,-1408.2202,169.1197,12.169784,399.07005,-0.00024447701,-1.1645331,0.072757239,0.00014196158,-0.00043627476,0.00062776223,-0.0014567107,4.3960338e-07,7.3666601e-05,0.9999995,-0.0014599698,4.2722348e-07,7.3489777e-05,1,0,0,0.0044940083,-0.00036144308,1.2949125,433.59714,1408.2202,96,0,-1.1658929,nan,0.074303126,nan,nan,100375.08,-4041.8309,28.557911,-407.63265,0.0055667516,-0.4242763,-0.029705336,0,0,0,0,0,0
7.25,3209.8491,206.95423,-1406.2251,169.05607,12.166631,398.91734,-0.00025104408,-1.1645354,0.072765173,0.00014750244,-0.00046424108,0.00062521849,-0.0014576053,4.3651243e-07,7.3615735e-05,0.9999995,-0.0014612883,4.2517521e-07,7.3379335e-05,1,0,0,0.0044892479,-0.00036129337,1.2943884,433.43169,1406.2251,96,0,-1.1658952,nan,0.074308681,nan,nan,100318.33,-4040.3856,28.536099,-406.93403,0.0055027804,-0.68301714,-0.074902604,0,0,0,0,0,0
7.255,3210.6943,207.01506,-1404.2309,168.99244,12.163477,398.76473,-0.00025754362,-1.1645378,0.072773063,0.00015298079,-0.00050431197,0.00062054368,-0.0014587979,4.3366987e-07,7.351574e-05,0.99999951,-0.0014639902,4.2319224e-07,7.3020226e-05,1,0,0,0.0044844026,-0.0003611279,1.2938645,433.26632,1404.2309,96,0,-1.1658975,nan,0.074314201,nan,nan,100261.61,-4038.9402,28.511773,-406.22166,0.0054423146,-0.85441645,-0.10543358,0,0,0,0,0,0
7.26,3211.5391,207.07587,-1402.2373,168.92881,12.160321,398.61219,-0.00026395542,-1.1645404,0.072780887,0.0001583998,-0.00055064174,0.00061475951,-0.0014604513,4.3101122e-07,7.3331907e-05,0.99999951,-0.0014674467,4.2112021e-07,7.2496579e-05,1,0,0,0.0044794243,-0.00036093824,1.2933408,433.10102,1402.2373,96,0,-1.1658998,nan,0.074319687,nan,nan,100204.92,-4037.4946,28.483405,-405.48748,0.0053845058,-0.89133761,-0.11132412,0,0,0,0,0,0
7.265,3212.3836,207.13666,-1400.2446,168.86517,12.157162,398.45975,-0.00027027308,-1.1645432,0.072788639,0.00016376177,-0.00059617007,0.00060920221,-0.0014625238,4.2846455e-07,7.3064797e-05,0.99999952,-0.0014708913,4.1889983e-07,7.1945665e-05,1,0,0,0.0044742989,-0.00036072198,1.2928174,432.9358,1400.2446,96,0,-1.1659022,nan,0.074325138,nan,nan,100148.25,-4036.0488,28.450807,-404.73116,0.0053284273,-0.80527265,-0.09276838,0,0,0,0,0,0
7.27,3213.2278,207.19744,-1398.2526,168.80152,12.154,398.30738,-0.00027650515,-1.1645463,0.072796326,0.00016906812,-0.00063542136,0.00060499513,-0.0014648287,4.2597538e-07,7.2746478e-05,0.99999952,-0.0014737254,4.1657418e-07,7.1501796e-05,1,0,0,0.0044690448,-0.00036048314,1.2922943,432.77066,1398.2526,96,0,-1.1659046,nan,0.074330555,nan,nan,100091.62,-4034.6028,28.415066,-403.95858,0.005273385,-0.64925414,-0.058978495,0,0,0,0,0,0
7.275,3214.0717,207.2582,-1396.2614,168.73787,12.150835,398.1551,-0.00028267067,-1.1645495,0.072803969,0.00017431973,-0.00066611748,0.00060265572,-0.0014671332,4.2352212e-07,7.2425532e-05,0.99999953,-0.0014756959,4.1425771e-07,7.1247234e-05,1,0,0,0.0044637007,-0.00036023008,1.2917715,432.60559,1396.2614,96,0,-1.165907,nan,0.074335937,nan,nan,100035.01,-4033.1566,28.378016,-403.17853,0.0052191025,-0.48970496,-0.023840589,0,0,0,0,0,0
7.28,3214.9153,207.31895,-1394.2709,168.67421,12.147667,398.00291,-0.00028879125,-1.1645529,0.072811592,0.00017951739,-0.00068929203,0.0006019667,-0.0014692515,4.2111746e-07,7.2147534e-05,0.99999953,-0.0014769104,4.1208239e-07,7.1187361e-05,1,0,0,0.0044583093,-0.00035997206,1.2912489,432.4406,1394.2709,96,0,-1.1659094,nan,0.074341285,nan,nan,99978.435,-4031.7103,28.341492,-402.39905,0.0051657287,-0.37980004,-0.00032719477,0,0,0,0,0,0
7.285,3215.7585,207.37968,-1392.2812,168.61055,12.144496,397.8508,-0.000294883,-1.1645564,0.072819212,0.00018466218,-0.00070820024,0.00060213001,-0.0014711011,4.1879673e-07,7.193864e-05,0.99999954,-0.0014777201,4.1014316e-07,7.1256582e-05,1,0,0,0.0044529017,-0.00035971578,1.2907265,432.27568,1392.2812,96,0,-1.1659118,nan,0.074346598,nan,nan,99921.888,-4030.2638,28.306666,-401.62487,0.0051136861,-0.34350172,0.0041508487,0,0,0,0,0,0
7.29,3216.6014,207.4404,-1390.2922,168.54687,12.141323,397.69877,-0.00030095133,-1.1645599,0.072826834,0.00018975561,-0.00072668148,0.00060211674,-0.0014727103,4.1659896e-07,7.1797956e-05,0.99999954,-0.0014785427,4.0846288e-07,7.134946e-05,1,0,0,0.004447491,-0.00035946322,1.2902045,432.11084,1390.2922,96,0,-1.1659142,nan,0.074351876,nan,nan,99865.371,-4028.8171,28.273689,-400.85656,0.0050634342,-0.37353399,-0.010138355,0,0,0,0,0,0
7.295,3217.444,207.5011,-1388.304,168.4832,12.138146,397.54683,-0.00030699012,-1.1645636,0.072834452,0.0001947996,-0.00074767717,0.00060106443,-0.0014741844,4.1454854e-07,7.1700541e-05,0.99999955,-0.0014797005,4.0698733e-07,7.1363067e-05,1,0,0,0.0044420722,-0.00035921147,1.2896827,431.94607,1388.304,96,0,-1.1659167,nan,0.074357119,nan,nan,99808.883,-4027.3702,28.241746,-400.09139,0.0050152469,-0.44086287,-0.03615049,0,0,0,0,0,0
7.3,3218.2863,207.56179,-1386.3166,168.41951,12.134967,397.39498,-0.00031298517,-1.1645674,0.072842049,0.00019979623,-0.00077239323,0.00059857233,-0.0014756524,4.1264398e-07,7.1608835e-05,0.99999955,-0.0014813283,4.0560918e-07,7.1233981e-05,1,0,0,0.0044366295,-0.00035895424,1.2891611,431.78138,1386.3166,96,0,-1.1659192,nan,0.074362327,nan,nan,99752.425,-4025.9232,28.209455,-399.32509,0.0049690807,-0.50973103,-0.063325667,0,0,0,0,0,0
7.305,3219.1283,207.62245,-1384.3299,168.35582,12.131785,397.24321,-0.00031892024,-1.1645713,0.072849609,0.00020474739,-0.00080025793,0.00059479884,-0.0014772168,4.1085738e-07,7.1487491e-05,0.99999956,-0.0014833673,4.042091e-07,7.0957135e-05,1,0,0,0.0044311452,-0.00035868455,1.2886398,431.61676,1384.3299,96,0,-1.1659217,nan,0.0743675,nan,nan,99695.996,-4024.476,28.175424,-398.55383,0.0049245763,-0.55169374,-0.081767439,0,0,0,0,0,0
7.31,3219.9699,207.68311,-1382.344,168.29213,12.128601,397.09152,-0.00032478317,-1.1645754,0.072857116,0.00020965454,-0.00082951218,0.00059034713,-0.0014789237,4.0914368e-07,7.1315891e-05,0.99999956,-0.0014856285,4.0269735e-07,7.0581708e-05,1,0,0,0.0044256075,-0.00035839731,1.2881188,431.45222,1382.344,96,0,-1.1659242,nan,0.074372637,nan,nan,99639.596,-4023.0286,28.13876,-397.77555,0.0048811758,-0.55395198,-0.085733048,0,0,0,0,0,0
7.315,3220.8113,207.74374,-1380.3589,168.22842,12.125413,396.93992,-0.00033056992,-1.1645796,0.072864567,0.00021451855,-0.00085808415,0.00058600309,-0.0014807594,4.0745537e-07,7.10941e-05,0.99999956,-0.0014878875,4.0104087e-07,7.0187972e-05,1,0,0,0.0044200145,-0.00035809103,1.2875981,431.28776,1380.3589,96,0,-1.1659267,nan,0.07437774,nan,nan,99583.226,-4021.5811,28.099338,-396.99039,0.0048383022,-0.52035473,-0.075257624,0,0,0,0,0,0
7.32,3221.6523,207.80436,-1378.3745,168.16471,12.122222,396.78841,-0.0003362853,-1.1645839,0.072871967,0.00021933974,-0.0008843794,0.00058243511,-0.0014826683,4.0575689e-07,7.0840785e-05,0.99999957,-0.0014899701,3.992676e-07,6.9855454e-05,1,0,0,0.004414374,-0.00035776798,1.2870776,431.12337,1378.3745,96,0,-1.1659293,nan,0.074382807,nan,nan,99526.886,-4020.1334,28.057772,-396.20029,0.004795531,-0.46637815,-0.05553693,0,0,0,0,0,0
7.325,3222.493,207.86497,-1376.3908,168.101,12.119028,396.63698,-0.00034194044,-1.1645884,0.072879327,0.00022411815,-0.00090773056,0.00057996728,-0.0014845818,4.0403364e-07,7.0584717e-05,0.99999957,-0.0014918025,3.9744879e-07,6.9634675e-05,1,0,0,0.0044086996,-0.00035743307,1.2865573,430.95906,1376.3908,96,0,-1.1659318,nan,0.074387839,nan,nan,99470.575,-4018.6855,28.01512,-395.40797,0.0047526913,-0.41119099,-0.034536177,0,0,0,0,0,0
7.33,3223.3334,207.92556,-1374.408,168.03727,12.11583,396.48563,-0.00034754824,-1.164593,0.072886662,0.0002288537,-0.00092842673,0.00057849879,-0.0014864447,4.022927e-07,7.0353522e-05,0.99999958,-0.0014934149,3.9566787e-07,6.9532148e-05,1,0,0,0.0044030059,-0.00035709183,1.2860374,430.79482,1374.408,96,0,-1.1659344,nan,0.074392835,nan,nan,99414.294,-4017.2375,27.972468,-394.61599,0.0047098698,-0.37021706,-0.019870956,0,0,0,0,0,0
7.335,3224.1734,207.98613,-1372.4258,167.97354,12.112629,396.33437,-0.00035311871,-1.1645977,0.072893982,0.00023354652,-0.00094740644,0.00057758252,-0.0014882322,4.0055615e-07,7.0163989e-05,0.99999958,-0.0014949088,3.9398834e-07,6.951252e-05,1,0,0,0.0043973045,-0.00035674844,1.2855176,430.63066,1372.4258,96,0,-1.165937,nan,0.074397796,nan,nan,99358.042,-4015.7893,27.930543,-393.82593,0.0046673263,-0.35065387,-0.016146332,0,0,0,0,0,0
7.34,3225.0132,208.04669,-1370.4445,167.90981,12.109425,396.1832,-0.0003586557,-1.1646024,0.072901291,0.000238197,-0.0009657952,0.00057661799,-0.0014899517,3.9884984e-07,7.0017191e-05,0.99999959,-0.0014964066,3.924321e-07,6.9515274e-05,1,0,0,0.0043916014,-0.00035640436,1.2849982,430.46657,1370.4445,96,0,-1.1659396,nan,0.074402721,nan,nan,99301.82,-4014.341,27.889495,-393.03822,0.0046253593,-0.35082324,-0.023644153,0,0,0,0,0,0
7.345,3225.8526,208.10723,-1368.4639,167.84606,12.106218,396.03211,-0.00036415626,-1.1646073,0.072908585,0.00024280582,-0.00098448134,0.00057507833,-0.001491634,3.9719217e-07,6.989965e-05,0.99999959,-0.0014980057,3.9097485e-07,6.9478546e-05,1,0,0,0.0043858974,-0.00035605816,1.284479,430.30256,1368.4639,96,0,-1.1659422,nan,0.07440761,nan,nan,99245.627,-4012.8925,27.848905,-392.25227,0.0045841757,-0.36271013,-0.038672874,0,0,0,0,0,0
7.35,3226.6917,208.16775,-1366.484,167.78231,12.103008,395.88111,-0.00036961235,-1.1646123,0.072915856,0.00024737378,-0.0010038667,0.0005726878,-0.0014933178,3.9558677e-07,6.9789496e-05,0.99999959,-0.001499751,3.8955834e-07,6.9360953e-05,1,0,0,0.0043801901,-0.00035570625,1.2839601,430.13863,1366.484,96,0,-1.1659448,nan,0.074412464,nan,nan,99189.464,-4011.4439,27.807992,-391.46706,0.0045438085,-0.37609876,-0.055274498,0,0,0,0,0,0
7.355,3227.5305,208.22826,-1364.5049,167.71856,12.099794,395.73019,-0.00037501419,-1.1646173,0.072923092,0.00025190167,-0.0010238381,0.00056949304,-0.001495035,3.9402127e-07,6.9664954e-05,0.9999996,-0.0015016314,3.8811342e-07,6.9153985e-05,1,0,0,0.0043744759,-0.00035534443,1.2834414,429.97477,1364.5049,96,0,-1.1659474,nan,0.074417282,nan,nan,99133.331,-4009.9951,27.765927,-390.6816,0.0045041075,-0.38253289,-0.067542258,0,0,0,0,0,0
7.36,3228.3689,208.28875,-1362.5265,167.65479,12.096577,395.57935,-0.00038035395,-1.1646225,0.072930286,0.00025639003,-0.0010439203,0.0005658143,-0.0014968021,3.9247204e-07,6.9511933e-05,0.9999996,-0.0015035962,3.8658477e-07,6.8881671e-05,1,0,0,0.0043687528,-0.0003549694,1.282923,429.81098,1362.5265,96,0,-1.16595,nan,0.074422064,nan,nan,99077.227,-4008.5462,27.722123,-389.89538,0.0044647966,-0.37779218,-0.071673417,0,0,0,0,0,0
7.365,3229.2071,208.34923,-1360.5489,167.59102,12.093357,395.42861,-0.00038562824,-1.1646277,0.072937432,0.00026083914,-0.0010635174,0.00056210657,-0.0014986179,3.9091243e-07,6.9328181e-05,0.99999961,-0.0015055809,3.849484e-07,6.8588967e-05,1,0,0,0.0043630217,-0.00035457985,1.2824049,429.64728,1360.5489,96,0,-1.1659527,nan,0.074426811,nan,nan,99021.153,-4007.0971,27.676425,-389.10852,0.0044255713,-0.36238054,-0.067072225,0,0,0,0,0,0
7.37,3230.0449,208.40969,-1358.5721,167.52725,12.090133,395.27794,-0.000390839,-1.1646331,0.072944534,0.00026524898,-0.0010821416,0.00055878825,-0.0015004679,3.8932156e-07,6.9122914e-05,0.99999961,-0.0015075326,3.8321663e-07,6.8324103e-05,1,0,0,0.0043572861,-0.00035417674,1.281887,429.48365,1358.5721,96,0,-1.1659553,nan,0.074431521,nan,nan,98965.109,-4005.6479,27.629113,-388.32165,0.0043861973,-0.34031133,-0.056224551,0,0,0,0,0,0
7.375,3230.8824,208.47013,-1356.596,167.46346,12.086906,395.12737,-0.00039599228,-1.1646385,0.072951597,0.00026961935,-0.0010995551,0.00055610025,-0.0015023328,3.8769025e-07,6.8912508e-05,0.99999961,-0.0015094253,3.8143008e-07,6.8121618e-05,1,0,0,0.0043515515,-0.00035376276,1.2813694,429.32009,1356.596,96,0,-1.165958,nan,0.074436195,nan,nan,98909.094,-4004.1986,27.58077,-387.53568,0.0043465767,-0.31698414,-0.043521734,0,0,0,0,0,0
7.38,3231.7196,208.53056,-1354.6207,167.39967,12.083675,394.97687,-0.0004010958,-1.1646441,0.072958629,0.00027395001,-0.0011157969,0.00055404074,-0.001504196,3.8602251e-07,6.8714156e-05,0.99999962,-0.0015112628,3.7964069e-07,6.7991857e-05,1,0,0,0.004345824,-0.00035334123,1.280852,429.15661,1354.6207,96,0,-1.1659607,nan,0.074440833,nan,nan,98853.109,-4002.7491,27.532048,-386.75152,0.0043067604,-0.29707222,-0.033553457,0,0,0,0,0,0
7.385,3232.5565,208.59097,-1352.6461,167.33588,12.080441,394.82646,-0.00040615623,-1.1646497,0.072965638,0.00027824083,-0.0011311108,0.00055239002,-0.0015060487,3.8433244e-07,6.8539884e-05,0.99999962,-0.0015130716,3.778926e-07,6.7919843e-05,1,0,0,0.0043401087,-0.00035291496,1.2803349,428.99321,1352.6461,96,0,-1.1659634,nan,0.074445435,nan,nan,98797.153,-4001.2995,27.483443,-385.96982,0.0042669104,-0.28312552,-0.029513637,0,0,0,0,0,0
7.39,3233.393,208.65137,-1350.6723,167.27208,12.077203,394.67614,-0.00041117699,-1.1646554,0.072972627,0.00028249184,-0.001145822,0.00055080748,-0.0015078919,3.8263797e-07,6.839293e-05,0.99999963,-0.0015148871,3.7620769e-07,6.7872915e-05,1,0,0,0.0043344093,-0.00035248532,1.2798181,428.82988,1350.6723,96,0,-1.165966,nan,0.07445,nan,nan,98741.228,-3999.8497,27.435138,-385.19092,0.004227228,-0.27519362,-0.032252497,0,0,0,0,0,0
7.395,3234.2293,208.71175,-1348.6992,167.20827,12.073962,394.5259,-0.00041615744,-1.1646611,0.072979595,0.0002867033,-0.0011602129,0.00054895983,-0.0015097336,3.8095404e-07,6.826749e-05,0.99999963,-0.0015167403,3.7458006e-07,6.7813613e-05,1,0,0,0.0043287281,-0.0003520519,1.2793015,428.66662,1348.6992,96,0,-1.1659687,nan,0.07445453,nan,nan,98685.332,-3998.3998,27.38698,-384.41486,0.0041878777,-0.2713632,-0.040227796,0,0,0,0,0,0
7.4,3235.0652,208.77211,-1346.7269,167.14445,12.070717,394.37575,-0.00042109356,-1.1646669,0.072986538,0.00029087557,-0.0011744415,0.00054663369,-0.0015115855,3.7928747e-07,6.8151572e-05,0.99999963,-0.0015186488,3.7298069e-07,6.7712866e-05,1,0,0,0.004323066,-0.00035161291,1.2787852,428.50345,1346.7269,96,0,-1.1659714,nan,0.074459023,nan,nan,98629.465,-3996.9498,27.338562,-383.64148,0.004148932,-0.26882457,-0.050273998,0,0,0,0,0,0
7.405,3235.9008,208.83246,-1344.7553,167.08063,12.067469,394.22568,-0.00042597966,-1.1646728,0.072993449,0.00029500904,-0.0011885185,0.00054379601,-0.0015134583,3.7763515e-07,6.8031654e-05,0.99999964,-0.0015206141,3.7136942e-07,6.7558986e-05,1,0,0,0.0043174235,-0.00035116586,1.2782692,428.34035,1344.7553,96,0,-1.1659741,nan,0.074463479,nan,nan,98573.629,-3995.4997,27.28939,-382.87062,0.0041103537,-0.26499511,-0.05883988,0,0,0,0,0,0
7.41,3236.7361,208.89279,-1342.7844,167.01681,12.064217,394.0757,-0.00043081049,-1.1646788,0.073000322,0.00029910405,-0.0012023378,0.00054058728,-0.0015153587,3.7598585e-07,6.789741e-05,0.99999964,-0.001522625,3.6970959e-07,6.7359889e-05,1,0,0,0.0043118013,-0.00035070852,1.2777534,428.17732,1342.7844,96,0,-1.1659769,nan,0.074467899,nan,nan,98517.822,-3994.0494,27.239061,-382.10222,0.0040720182,-0.25831644,-0.063225732,0,0,0,0,0,0
7.415,3237.571,208.95311,-1340.8144,166.95298,12.060962,393.9258,-0.00043558304,-1.1646848,0.073007154,0.00030316077,-0.0012157387,0.00053725708,-0.0015172884,3.7432456e-07,6.7744874e-05,0.99999964,-0.0015246644,3.6798002e-07,6.7138483e-05,1,0,0,0.0043062007,-0.00035023968,1.2772379,428.01437,1340.8144,96,0,-1.1659796,nan,0.074472282,nan,nan,98462.045,-3992.599,27.187391,-381.33637,0.0040337633,-0.24853743,-0.06240373,0,0,0,0,0,0
7.42,3238.4056,209.0134,-1338.845,166.88914,12.057703,393.77599,-0.00044029733,-1.1646909,0.073013945,0.00030717921,-0.0012285723,0.00053406955,-0.0015192449,3.7263785e-07,6.7577164e-05,0.99999965,-0.0015267161,3.6618068e-07,6.6923523e-05,1,0,0,0.0043006239,-0.00034975941,1.2767226,427.8515,1338.845,96,0,-1.1659823,nan,0.074476629,nan,nan,98406.298,-3991.1485,27.134455,-380.57332,0.0039954461,-0.23650687,-0.05719139,0,0,0,0,0,0
7.425,3239.24,209.07369,-1336.8765,166.8253,12.05444,393.62626,-0.0004449562,-1.1646971,0.073020696,0.00031115929,-0.0012407489,0.00053121358,-0.0015212233,3.7091808e-07,6.7402756e-05,0.99999965,-0.0015287704,3.6433067e-07,6.6739427e-05,1,0,0,0.0042950736,-0.00034926901,1.2762076,427.6887,1336.8765,96,0,-1.165985,nan,0.074480939,nan,nan,98350.58,-3989.6978,27.080537,-379.81343,0.0039569891,-0.22365452,-0.049790131,0,0,0,0,0,0
7.43,3240.074,209.13395,-1334.9086,166.76146,12.051174,393.47662,-0.0004495641,-1.1647033,0.073027414,0.00031510085,-0.0012522564,0.00052874736,-0.0015232191,3.6916538e-07,6.7232142e-05,0.99999965,-0.001530826,3.6246004e-07,6.6598589e-05,1,0,0,0.004289553,-0.00034877039,1.2756929,427.52598,1334.9086,96,0,-1.1659877,nan,0.074485213,nan,nan,98294.893,-3988.2471,27.026019,-379.05706,0.0039183985,-0.21139984,-0.042911402,0,0,0,0,0,0
7.435,3240.9076,209.1942,-1332.9415,166.6976,12.047904,393.32706,-0.00045412549,-1.1647096,0.073034103,0.00031900379,-0.0012631489,0.00052659196,-0.0015252293,3.6738685e-07,6.7074149e-05,0.99999966,-0.0015328888,3.6059874e-07,6.6498454e-05,1,0,0,0.0042840648,-0.00034826546,1.2751784,427.36333,1332.9415,96,0,-1.1659905,nan,0.07448945,nan,nan,98239.235,-3986.7962,26.971246,-378.30455,0.003879754,-0.20069653,-0.038825243,0,0,0,0,0,0
7.44,3241.741,209.25443,-1330.9752,166.63375,12.04463,393.17758,-0.00045864344,-1.164716,0.073040766,0.0003228681,-0.001273517,0.00052457102,-0.0015272535,3.6559349e-07,6.6933176e-05,0.99999966,-0.0015349684,3.5876669e-07,6.6423835e-05,1,0,0,0.0042786115,-0.00034775547,1.2746642,427.20076,1330.9752,96,0,-1.1659932,nan,0.07449365,nan,nan,98183.607,-3985.3452,26.916413,-377.55611,0.0038411748,-0.19182914,-0.038654654,0,0,0,0,0,0
7.445,3242.574,209.31465,-1329.0096,166.56989,12.041353,393.02819,-0.00046311871,-1.1647223,0.073047403,0.0003266939,-0.0012834525,0.00052247852,-0.001529294,3.6379614e-07,6.6808159e-05,0.99999966,-0.0015370752,3.5696817e-07,6.6353162e-05,1,0,0,0.0042731953,-0.00034724069,1.2741502,427.03827,1329.0096,96,0,-1.1659959,nan,0.074497813,nan,nan,98128.008,-3983.8941,26.861522,-376.8119,0.0038027764,-0.18447024,-0.042122121,0,0,0,0,0,0
7.45,3243.4068,209.37485,-1327.0448,166.50603,12.038072,392.87889,-0.00046754984,-1.1647288,0.073054012,0.0003304814,-0.001293021,0.00052014954,-0.0015313541,3.6200197e-07,6.6693452e-05,0.99999967,-0.0015392161,3.5519185e-07,6.6266183e-05,1,0,0,0.0042678175,-0.0003467204,1.2736365,426.87585,1327.0448,96,0,-1.1659987,nan,0.074501939,nan,nan,98072.44,-3982.4429,26.806399,-376.07199,0.0037646333,-0.17792073,-0.047782955,0,0,0,0,0,0
7.455,3244.2392,209.43503,-1325.0807,166.44216,12.034787,392.72966,-0.00047193383,-1.1647353,0.073060591,0.00033423086,-0.0013022487,0.00051751027,-0.0015334377,3.6021233e-07,6.6581109e-05,0.99999967,-0.0015413943,3.5341601e-07,6.6150467e-05,1,0,0,0.0042624796,-0.00034619328,1.2731231,426.71351,1325.0807,96,0,-1.1660014,nan,0.074506028,nan,nan,98016.901,-3980.9916,26.750772,-375.33642,0.0037267587,-0.17141487,-0.053616527,0,0,0,0,0,0
7.46,3245.0712,209.4952,-1323.1173,166.37829,12.031499,392.58053,-0.00047626731,-1.1647418,0.073067135,0.00033794254,-0.0013111246,0.0005145932,-0.0015355479,3.584229e-07,6.6463704e-05,0.99999967,-0.0015436087,3.5161661e-07,6.6004684e-05,1,0,0,0.0042571829,-0.00034565789,1.2726099,426.55124,1323.1173,96,0,-1.1660041,nan,0.07451008,nan,nan,97961.393,-3979.5401,26.694369,-374.60526,0.0036891068,-0.16437822,-0.057743795,0,0,0,0,0,0
7.465,3245.903,209.55535,-1321.1547,166.31441,12.028206,392.43147,-0.00048054773,-1.1647484,0.073073642,0.00034161664,-0.0013196141,0.00051151617,-0.0015376862,3.5662558e-07,6.6336704e-05,0.99999968,-0.0015458555,3.4977533e-07,6.5837952e-05,1,0,0,0.0042519286,-0.00034511314,1.272097,426.38905,1321.1547,96,0,-1.1660069,nan,0.074514095,nan,nan,97905.914,-3978.0886,26.63701,-373.87859,0.0036515941,-0.15656708,-0.059023883,0,0,0,0,0,0
7.47,3246.7345,209.61549,-1319.1929,166.25053,12.024911,392.2825,-0.00048477412,-1.164755,0.07308011,0.00034525324,-0.0013276772,0.00050843578,-0.0015398531,3.5481143e-07,6.6199664e-05,0.99999968,-0.0015481304,3.4788501e-07,6.5665866e-05,1,0,0,0.0042467183,-0.00034455867,1.2715844,426.22693,1319.1929,96,0,-1.1660096,nan,0.074518073,nan,nan,97850.465,-3976.637,26.578656,-373.15655,0.0036141306,-0.14807219,-0.05734915,0,0,0,0,0,0
7.475,3247.5656,209.6756,-1317.2317,166.18665,12.021611,392.13362,-0.00048894733,-1.1647616,0.073086539,0.00034885239,-0.0013352838,0.00050549298,-0.001542048,3.5297372e-07,6.6055982e-05,0.99999968,-0.0015504302,3.459509e-07,6.5504828e-05,1,0,0,0.0042415537,-0.00034399487,1.271072,426.0649,1317.2317,96,0,-1.1660123,nan,0.074522014,nan,nan,97795.046,-3975.1852,26.519411,-372.43929,0.0035766501,-0.13921628,-0.053575616,0,0,0,0,0,0
7.48,3248.3964,209.73571,-1315.2714,166.12277,12.018308,391.98481,-0.00049306959,-1.1647683,0.073092933,0.00035241403,-0.0013424236,0.00050276919,-0.0015442699,3.5110981e-07,6.5911444e-05,0.99999969,-0.0015527537,3.4398778e-07,6.5366696e-05,1,0,0,0.0042364367,-0.00034342273,1.2705599,425.90293,1315.2714,96,0,-1.1660151,nan,0.074525917,nan,nan,97739.657,-3973.7334,26.459474,-371.72702,0.0035391293,-0.13040175,-0.049150267,0,0,0,0,0,0
7.485,3249.2269,209.79579,-1313.3118,166.05888,12.015,391.8361,-0.00049714371,-1.164775,0.073099293,0.00035593814,-0.0013491063,0.00050026601,-0.0015465183,3.4922169e-07,6.5772134e-05,0.99999969,-0.001555102,3.4201432e-07,6.5255429e-05,1,0,0,0.0042313689,-0.00034284344,1.270048,425.74105,1313.3118,96,0,-1.1660178,nan,0.074529783,nan,nan,97684.297,-3972.2814,26.399069,-371.01988,0.0035015918,-0.12196758,-0.045587395,0,0,0,0,0,0
7.49,3250.057,209.85586,-1311.3529,165.99499,12.011689,391.68746,-0.00050117217,-1.1647818,0.073105623,0.00035942473,-0.0013553566,0.00049791246,-0.0015487931,3.4731484e-07,6.564246e-05,0.99999969,-0.0015574777,3.4004669e-07,6.5166588e-05,1,0,0,0.0042263522,-0.00034225806,1.2695364,425.57923,1311.3529,96,0,-1.1660205,nan,0.074533612,nan,nan,97628.968,-3970.8294,26.338371,-370.31804,0.0034640958,-0.11409801,-0.043977766,0,0,0,0,0,0
7.495,3250.8869,209.91591,-1309.3947,165.9311,12.008374,391.53891,-0.00050515638,-1.1647886,0.073111923,0.00036287386,-0.0013612051,0.00049559474,-0.0015510949,3.4539622e-07,6.5523903e-05,0.9999997,-0.001559884,3.3809363e-07,6.5089567e-05,1,0,0,0.0042213879,-0.00034166713,1.2690251,425.4175,1309.3947,96,0,-1.1660232,nan,0.074537404,nan,nan,97573.669,-3969.3773,26.277457,-369.62162,0.0034267127,-0.10679978,-0.044683703,0,0,0,0,0,0
7.5,3251.7164,209.97595,-1307.4373,165.86721,12.005056,391.39044,-0.0005090964,-1.1647954,0.073118194,0.00036628568,-0.0013666794,0.0004931966,-0.001553425,3.4347183e-07,6.5414824e-05,0.9999997,-0.0015623239,3.361543e-07,6.5011558e-05,1,0,0,0.0042164775,-0.00034107063,1.268514,425.25584,1307.4373,96,0,-1.1660259,nan,0.074541158,nan,nan,97518.399,-3967.9251,26.216295,-368.93072,0.0033895032,-0.099939447,-0.047297196,0,0,0,0,0,0
7.505,3252.5456,210.03597,-1305.4807,165.80332,12.001734,391.24205,-0.00051299103,-1.1648022,0.073124434,0.00036966036,-0.0013717985,0.00049063641,-0.001555785,3.4154491e-07,6.5311276e-05,0.9999997,-0.0015647996,3.3421945e-07,6.4921816e-05,1,0,0,0.0042116222,-0.00034046801,1.2680032,425.09426,1305.4807,96,0,-1.1660286,nan,0.074544875,nan,nan,97463.16,-3966.4727,26.154759,-368.24541,0.0033524993,-0.093315527,-0.050846259,0,0,0,0,0,0
7.51,3253.3745,210.09597,-1303.5248,165.73942,11.998407,391.09375,-0.00051683842,-1.1648091,0.073130641,0.00037299812,-0.0013765706,0.00048788963,-0.0015581762,3.3961513e-07,6.5208473e-05,0.99999971,-0.0015673117,3.3227507e-07,6.4814842e-05,1,0,0,0.0042068232,-0.00033985844,1.2674926,424.93275,1303.5248,96,0,-1.1660314,nan,0.074548554,nan,nan,97407.95,-3965.0203,26.09269,-367.56578,0.0033156978,-0.086735428,-0.054157913,0,0,0,0,0,0
7.515,3254.2031,210.15595,-1301.5696,165.67552,11.995078,390.94553,-0.00052063668,-1.164816,0.073136813,0.00037629916,-0.001380995,0.00048499101,-0.0015606,3.3767896e-07,6.5102371e-05,0.99999971,-0.0015698604,3.3030724e-07,6.4691603e-05,1,0,0,0.0042020815,-0.00033924111,1.2669823,424.77132,1301.5696,96,0,-1.1660341,nan,0.074552196,nan,nan,97352.771,-3963.5679,26.029941,-366.89189,0.0032790644,-0.080072388,-0.056246888,0,0,0,0,0,0
7.52,3255.0313,210.21592,-1299.6152,165.61163,11.991744,390.7974,-0.00052438455,-1.1648229,0.073142947,0.00037956361,-0.0013850661,0.00048201801,-0.001563057,3.3573112e-07,6.4990872e-05,0.99999971,-0.0015724448,3.2830647e-07,6.455861e-05,1,0,0,0.0041973983,-0.00033861549,1.2664723,424.60996,1299.6152,96,0,-1.1660367,nan,0.0745558,nan,nan,97297.621,-3962.1153,25.966429,-366.22383,0.0032425486,-0.073289531,-0.056605399,0,0,0,0,0,0
7.525,3255.8593,210.27587,-1297.6615,165.54773,11.988406,390.64934,-0.00052808178,-1.1648298,0.073149044,0.00038279157,-0.0013887784,0.00047906243,-0.0015655478,3.3376631e-07,6.4874297e-05,0.99999971,-0.0015750643,3.262702e-07,6.4425346e-05,1,0,0,0.0041927748,-0.0003379815,1.2659625,424.44868,1297.6615,96,0,-1.1660394,nan,0.074559367,nan,nan,97242.502,-3960.6626,25.902154,-365.56169,0.0032061008,-0.06643117,-0.055313937,0,0,0,0,0,0
7.53,3256.6869,210.33581,-1295.7085,165.48383,11.985065,390.50137,-0.00053172913,-1.1648368,0.073155105,0.00038598311,-0.0013921296,0.00047620053,-0.0015680726,3.3178084e-07,6.4755061e-05,0.99999972,-0.0015777187,3.2420296e-07,6.430104e-05,1,0,0,0.004188212,-0.00033733946,1.265453,424.28748,1295.7085,96,0,-1.1660421,nan,0.074562896,nan,nan,97187.412,-3959.2099,25.837193,-364.90557,0.0031696881,-0.059591411,-0.052957565,0,0,0,0,0,0
7.535,3257.5142,210.39573,-1293.7563,165.41994,11.98172,390.35348,-0.00053532809,-1.1648438,0.073161129,0.00038913824,-0.001395123,0.00047347083,-0.0015706316,3.2977367e-07,6.4636728e-05,0.99999972,-0.0015804081,3.2211426e-07,6.419183e-05,1,0,0,0.0041837112,-0.00033669004,1.2649438,424.12635,1293.7563,96,0,-1.1660448,nan,0.074566387,nan,nan,97132.352,-3957.7571,25.771668,-364.25557,0.0031333031,-0.052874742,-0.050394329,0,0,0,0,0,0
7.54,3258.3411,210.45563,-1291.8048,165.35604,11.978371,390.20568,-0.00053888038,-1.1648507,0.073167121,0.000392257,-0.0013977669,0.00047086588,-0.0015732251,3.2774641e-07,6.4522801e-05,0.99999972,-0.0015831334,3.2001515e-07,6.4099169e-05,1,0,0,0.0041792734,-0.00033603395,1.2644348,423.9653,1291.8048,96,0,-1.1660474,nan,0.07456984,nan,nan,97077.323,-3956.3042,25.70571,-363.61176,0.003096964,-0.046362305,-0.0484631,0,0,0,0,0,0
7.545,3259.1678,210.51551,-1289.8541,165.29214,11.975018,390.05796,-0.00054238745,-1.1648577,0.073173079,0.00039533945,-0.0014000731,0.00046833897,-0.0015758536,3.2570258e-07,6.4415646e-05,0.99999973,-0.0015858957,3.1791463e-07,6.4019828e-05,1,0,0,0.0041748996,-0.0003353718,1.2639261,423.80432,1289.8541,96,0,-1.1660501,nan,0.074573256,nan,nan,97022.323,-3954.8512,25.639414,-362.97424,0.0030607065,-0.040092744,-0.0477273,0,0,0,0,0,0
7.55,3259.9941,210.57538,-1287.9041,165.22825,11.971662,389.91031,-0.00054585007,-1.1648647,0.073179007,0.00039838569,-0.0014020544,0.0004658223,-0.0015785178,3.236463e-07,6.4315875e-05,0.99999973,-0.0015886965,3.1581703e-07,6.3947335e-05,1,0,0,0.0041705909,-0.00033470387,1.2634176,423.64342,1287.9041,96,0,-1.1660527,nan,0.074576634,nan,nan,96967.354,-3953.3982,25.572816,-362.34307,0.0030245713,-0.03406004,-0.048329463,0,0,0,0,0,0
7.555,3260.8201,210.63523,-1285.9549,165.16436,11.968301,389.76275,-0.00054926823,-1.1648717,0.073184902,0.00040139586,-0.0014037226,0.00046324975,-0.0015812184,3.2158098e-07,6.4222319e-05,0.99999973,-0.0015915367,3.1372109e-07,6.3874262e-05,1,0,0,0.0041663481,-0.00033403012,1.2629094,423.4826,1285.9549,96,0,-1.1660554,nan,0.074579974,nan,nan,96912.414,-3951.9451,25.505893,-361.71831,0.0029885913,-0.028225144,-0.049989414,0,0,0,0,0,0
7.56,3261.6458,210.69507,-1284.0063,165.10047,11.964937,389.61528,-0.00055264121,-1.1648788,0.073190764,0.00040437011,-0.001405087,0.00046057692,-0.0015839562,3.1950826e-07,6.4132551e-05,0.99999973,-0.0015944174,3.1162077e-07,6.379458e-05,1,0,0,0.0041621721,-0.00033335022,1.2624014,423.32185,1284.0063,96,0,-1.166058,nan,0.074583277,nan,nan,96857.505,-3950.4919,25.438571,-361.10003,0.0029527826,-0.022534808,-0.052131476,0,0,0,0,0,0
7.565,3262.4712,210.75489,-1282.0586,165.03658,11.961569,389.46788,-0.00055596793,-1.1648858,0.073196592,0.00040730863,-0.0014061541,0.00045779256,-0.0015867321,3.1742764e-07,6.4043744e-05,0.99999974,-0.0015973392,3.0950756e-07,6.3705352e-05,1,0,0,0.0041580636,-0.00033266369,1.2618938,423.16118,1282.0586,96,0,-1.1660606,nan,0.074586541,nan,nan,96802.626,-3949.0386,25.370758,-360.48827,0.0029171413,-0.016940388,-0.054088428,0,0,0,0,0,0
7.57,3263.2963,210.81469,-1280.1115,164.97269,11.958197,389.32057,-0.00055924736,-1.1648928,0.073202385,0.00041021156,-0.0014069281,0.00045491884,-0.0015895469,3.153368e-07,6.3953562e-05,0.99999974,-0.0016003024,3.0737318e-07,6.3607325e-05,1,0,0,0.0041540235,-0.00033197007,1.2613863,423.00058,1280.1115,96,0,-1.1660632,nan,0.074589767,nan,nan,96747.776,-3947.5853,25.302374,-359.88308,0.0028816469,-0.011411071,-0.055312326,0,0,0,0,0,0
7.575,3264.121,210.87447,-1278.1652,164.90881,11.954822,389.17333,-0.00056247881,-1.1648999,0.07320814,0.00041307905,-0.0014074124,0.00045200149,-0.001592401,3.1323242e-07,6.3860824e-05,0.99999974,-0.0016033072,3.0521204e-07,6.3504358e-05,1,0,0,0.0041500524,-0.00033126907,1.2608792,422.84006,1278.1652,96,0,-1.1660658,nan,0.074592956,nan,nan,96692.957,-3946.1319,25.233372,-359.28452,0.0028462702,-0.0059388781,-0.055527857,0,0,0,0,0,0
7.58,3264.9454,210.93424,-1276.2196,164.84493,11.951442,389.02618,-0.00056566221,-1.1649069,0.07321386,0.0004159112,-0.00140761,0.0004490938,-0.0015952951,3.1111123e-07,6.3765751e-05,0.99999974,-0.0016063539,3.0302268e-07,6.3401966e-05,1,0,0,0.004146151,-0.00033056066,1.2603723,422.67961,1276.2196,96,0,-1.1660684,nan,0.074596106,nan,nan,96638.168,-3944.6785,25.163757,-358.69262,0.0028109834,-0.00053585992,-0.054788121,0,0,0,0,0,0
7.585,3265.7695,210.99399,-1274.2748,164.78105,11.948059,388.87911,-0.00056879807,-1.1649139,0.073219542,0.00041870809,-0.0014075251,0.00044624001,-0.0015982297,3.0897094e-07,6.3669773e-05,0.99999975,-0.0016094428,3.0080771e-07,6.3305517e-05,1,0,0,0.00414232,-0.00032984505,1.2598656,422.51925,1274.2748,96,0,-1.166071,nan,0.074599219,nan,nan,96583.409,-3943.225,25.093575,-358.10744,0.0027757678,0.0047739446,-0.053426394,0,0,0,0,0,0
7.59,3266.5933,211.05372,-1272.3307,164.71717,11.944672,388.73212,-0.0005718873,-1.164921,0.073225189,0.00042146979,-0.0014071631,0.00044346292,-0.0016012051,3.0681083e-07,6.3574991e-05,0.99999975,-0.0016125744,2.9857269e-07,6.3218646e-05,1,0,0,0.0041385602,-0.00032912265,1.2593593,422.35895,1272.3307,96,0,-1.1660735,nan,0.074602293,nan,nan,96528.68,-3941.7714,25.022896,-357.52903,0.0027406195,0.0099642359,-0.051929186,0,0,0,0,0,0
7.595,3267.4167,211.11344,-1270.3873,164.6533,11.941281,388.58521,-0.00057493099,-1.164928,0.073230802,0.00042419638,-0.0014065308,0.0004407592,-0.0016042219,3.0463177e-07,6.3483489e-05,0.99999975,-0.0016157491,2.9632411e-07,6.3142342e-05,1,0,0,0.004134872,-0.0003283939,1.2588531,422.19874,1270.3873,96,0,-1.1660761,nan,0.07460533,nan,nan,96473.981,-3940.3178,24.9518,-356.95741,0.0027055486,0.015014667,-0.05077664,0,0,0,0,0,0
7.6,3268.2399,211.17314,-1268.4447,164.58944,11.937887,388.43839,-0.00057793006,-1.164935,0.073236381,0.00042688793,-0.0014056359,0.00043810285,-0.0016072806,3.0243575e-07,6.3396721e-05,0.99999975,-0.0016189679,2.9406737e-07,6.3074906e-05,1,0,0,0.0041312561,-0.00032765917,1.2583473,422.0386,1268.4447,96,0,-1.1660786,nan,0.074608328,nan,nan,96419.313,-3938.8641,24.880343,-356.39264,0.0026705753,0.019915502,-0.050301014,0,0,0,0,0,0
7.605,3269.0627,211.23282,-1266.5028,164.52558,11.934488,388.29164,-0.00058088504,-1.1649421,0.073241926,0.00042954455,-0.0014044861,0.00043545507,-0.0016103818,3.0022522e-07,6.3315136e-05,0.99999976,-0.0016222313,2.918052e-07,6.301271e-05,1,0,0,0.004127713,-0.00032691866,1.2578417,421.87853,1266.5028,96,0,-1.1660811,nan,0.074611288,nan,nan,96364.674,-3937.4104,24.808552,-355.83475,0.0026357229,0.024668185,-0.050603176,0,0,0,0,0,0
7.61,3269.8852,211.29249,-1264.5616,164.46172,11.931086,388.14497,-0.00058379604,-1.1649491,0.073247437,0.00043216638,-0.0014030892,0.0004327769,-0.001613526,2.9800221e-07,6.3238141e-05,0.99999976,-0.00162554,2.8953709e-07,6.295144e-05,1,0,0,0.0041242432,-0.0003261724,1.2573364,421.71854,1264.5616,96,0,-1.1660836,nan,0.07461421,nan,nan,96310.065,-3935.9566,24.736418,-355.28375,0.002601011,0.029282582,-0.051545625,0,0,0,0,0,0
7.615,3270.7074,211.35214,-1262.6212,164.39787,11.92768,387.99839,-0.00058666271,-1.1649561,0.073252915,0.00043475355,-0.0014014521,0.00043004069,-0.0016167139,2.9576776e-07,6.3164372e-05,0.99999976,-0.0016288947,2.8725963e-07,6.288743e-05,1,0,0,0.0041208472,-0.0003254202,1.2568313,421.55863,1262.6212,96,0,-1.1660861,nan,0.074617093,nan,nan,96255.487,-3934.5028,24.663903,-354.73967,0.0025664499,0.033772438,-0.052816087,0,0,0,0,0,0
7.62,3271.5292,211.41177,-1260.6815,164.33403,11.924271,387.85188,-0.0005894845,-1.1649631,0.073258358,0.00043730623,-0.0013995811,0.00042723713,-0.001619946,2.9352166e-07,6.309216e-05,0.99999976,-0.0016322958,2.8496777e-07,6.2818666e-05,1,0,0,0.0041175253,-0.00032466181,1.2563265,421.39879,1260.6815,96,0,-1.1660885,nan,0.074619939,nan,nan,96200.939,-3933.0489,24.590956,-354.20254,0.0025320389,0.038150755,-0.054035732,0,0,0,0,0,0
7.625,3272.3508,211.47138,-1258.7425,164.27019,11.920857,387.70546,-0.00059226081,-1.1649701,0.073263765,0.00043982455,-0.0013974819,0.00042437623,-0.0016232229,2.9126255e-07,6.3020051e-05,0.99999977,-0.001635744,2.8265638e-07,6.2745217e-05,1,0,0,0.0041142779,-0.00032389696,1.2558219,421.23903,1258.7425,96,0,-1.166091,nan,0.074622746,nan,nan,96146.421,-3931.5949,24.517529,-353.67238,0.0024977676,0.042426425,-0.054875824,0,0,0,0,0,0
7.63,3273.172,211.53098,-1256.8043,164.20636,11.91744,387.55911,-0.00059499125,-1.1649771,0.073269136,0.00044230864,-0.0013951597,0.00042148267,-0.0016265453,2.8898839e-07,6.2947206e-05,0.99999977,-0.0016392395,2.803217e-07,6.2669024e-05,1,0,0,0.0041111054,-0.00032312547,1.2553176,421.07935,1256.8043,96,0,-1.1660934,nan,0.074625515,nan,nan,96091.933,-3930.141,24.443595,-353.14919,0.0024636201,0.046602778,-0.055148081,0,0,0,0,0,0
7.635,3273.9929,211.59056,-1254.8668,164.14253,11.914019,387.41285,-0.00059767575,-1.164984,0.07327447,0.00044475864,-0.0013926198,0.00041858724,-0.0016299135,2.8669706e-07,6.2873592e-05,0.99999977,-0.0016427828,2.7796222e-07,6.259316e-05,1,0,0,0.0041080081,-0.00032234731,1.2548136,420.91974,1254.8668,96,0,-1.1660958,nan,0.074628246,nan,nan,96037.475,-3928.6869,24.369151,-352.63299,0.0024295802,0.050678035,-0.054845347,0,0,0,0,0,0
7.64,3274.8135,211.65012,-1252.93,164.07871,11.910594,387.26666,-0.0006003146,-1.164991,0.073279768,0.00044717464,-0.0013898676,0.00041571747,-0.001633328,2.8438693e-07,6.2799915e-05,0.99999977,-0.0016463744,2.7557893e-07,6.2520848e-05,1,0,0,0.0041049863,-0.00032156258,1.2543098,420.76021,1252.93,96,0,-1.1660982,nan,0.074630938,nan,nan,95983.048,-3927.2329,24.294219,-352.12379,0.0023956361,0.054647093,-0.054126027,0,0,0,0,0,0
7.645,3275.6338,211.70967,-1250.994,164.0149,11.907166,387.12055,-0.00060290834,-1.1649979,0.073285029,0.00044955672,-0.0013869089,0.00041289003,-0.0016367895,2.8205726e-07,6.2727354e-05,0.99999978,-0.0016500147,2.7317471e-07,6.2454519e-05,1,0,0,0.0041020403,-0.00032077153,1.2538063,420.60075,1250.994,96,0,-1.1661006,nan,0.074633592,nan,nan,95928.651,-3925.7788,24.21884,-351.62161,0.002361784,0.058503848,-0.053252602,0,0,0,0,0,0
7.65,3276.4537,211.7692,-1249.0587,163.95109,11.903733,386.97453,-0.00060545765,-1.1650049,0.073290256,0.000451905,-0.0013837497,0.000410107,-0.0016402983,2.7970824e-07,6.2657184e-05,0.99999978,-0.0016537042,2.707533e-07,6.2395199e-05,1,0,0,0.0040991702,-0.00031997442,1.253303,420.44137,1249.0587,96,0,-1.166103,nan,0.074636207,nan,nan,95874.284,-3924.3246,24.143062,-351.12644,0.0023280277,0.062243281,-0.052506579,0,0,0,0,0,0
7.655,3277.2733,211.82871,-1247.1241,163.8873,11.900297,386.82858,-0.00060796318,-1.1650118,0.073295447,0.00045421956,-0.0013803961,0.00040735665,-0.0016438549,2.7734086e-07,6.2590398e-05,0.99999978,-0.0016574434,2.683181e-07,6.2342346e-05,1,0,0,0.0040963763,-0.0003191715,1.2528,420.28206,1247.1241,96,0,-1.1661053,nan,0.074638785,nan,nan,95819.947,-3922.8705,24.066923,-350.6383,0.002294378,0.065862783,-0.052106558,0,0,0,0,0,0
7.66,3278.0926,211.88821,-1245.1902,163.82351,11.896858,386.68271,-0.00061042538,-1.1650187,0.073300604,0.00045650051,-0.0013768546,0.00040461812,-0.0016474599,2.7495647e-07,6.2527458e-05,0.99999978,-0.0016612328,2.6587119e-07,6.2294154e-05,1,0,0,0.0040936587,-0.00031836296,1.2522973,420.12284,1245.1902,96,0,-1.1661076,nan,0.074641323,nan,nan,95765.64,-3921.4162,23.990447,-350.15717,0.002260848,0.069362519,-0.052152367,0,0,0,0,0,0
7.665,3278.9116,211.94768,-1243.2571,163.75973,11.893414,386.53692,-0.00061284444,-1.1650255,0.073305726,0.00045874799,-0.0013731314,0.00040186812,-0.0016511138,2.7255634e-07,6.246821e-05,0.99999978,-0.001665073,2.634128e-07,6.2248178e-05,1,0,0,0.0040910176,-0.00031754885,1.2517948,419.96368,1243.2571,96,0,-1.1661099,nan,0.074643824,nan,nan,95711.363,-3919.962,23.913635,-349.68307,0.0022274501,0.072744956,-0.052608361,0,0,0,0,0,0
7.67,3279.7303,212.00714,-1241.3247,163.69596,11.889967,386.39121,-0.0006152203,-1.1650324,0.073310813,0.00046096213,-0.0013692325,0.00039908782,-0.0016548169,2.7014123e-07,6.2411984e-05,0.99999979,-0.0016689645,2.6094133e-07,6.2202084e-05,1,0,0,0.0040884531,-0.00031672911,1.2512926,419.80461,1241.3247,96,0,-1.1661122,nan,0.074646286,nan,nan,95657.117,-3918.5077,23.836473,-349.21597,0.0021941922,0.076013861,-0.053326546,0,0,0,0,0,0
7.675,3280.5487,212.06659,-1239.3931,163.6322,11.886516,386.24558,-0.00061755271,-1.1650392,0.073315864,0.00046314306,-0.001365164,0.00039626766,-0.00165857,2.677112e-07,6.235783e-05,0.99999979,-0.0016729077,2.5845395e-07,6.2154295e-05,1,0,0,0.0040859652,-0.00031590362,1.2507907,419.6456,1239.3931,96,0,-1.1661145,nan,0.074648709,nan,nan,95602.901,-3917.0534,23.758935,-348.75588,0.0021610766,0.079173182,-0.054098917,0,0,0,0,0,0
7.68,3281.3667,212.12601,-1237.4621,163.56845,11.883061,386.10002,-0.00061984137,-1.165046,0.07332088,0.00046529094,-0.0013609314,0.00039340924,-0.0016623734,2.6526556e-07,6.2304812e-05,0.99999979,-0.0016769032,2.5594741e-07,6.2104355e-05,1,0,0,0.0040835541,-0.00031507223,1.250289,419.48668,1237.4621,96,0,-1.1661167,nan,0.074651094,nan,nan,95548.715,-3915.5991,23.680994,-348.30279,0.0021280993,0.082226125,-0.05472134,0,0,0,0,0,0
7.685,3282.1844,212.18542,-1235.5319,163.50471,11.879603,385.95455,-0.00062208603,-1.1650528,0.07332586,0.00046740589,-0.0013565403,0.00039052383,-0.0016662276,2.6280311e-07,6.2252265e-05,0.99999979,-0.0016809513,2.5341896e-07,6.2052962e-05,1,0,0,0.0040812196,-0.00031423482,1.2497876,419.32783,1235.5319,96,0,-1.1661189,nan,0.07465344,nan,nan,95494.56,-3914.1447,23.602628,-347.85667,0.0020952525,0.085174649,-0.055049983,0,0,0,0,0,0
7.69,3283.0018,212.24481,-1233.6024,163.44098,11.876141,385.80915,-0.00062428663,-1.1650596,0.073330803,0.00046948804,-0.0013519962,0.00038762836,-0.0016701331,2.6032244e-07,6.2199959e-05,0.99999979,-0.0016850525,2.5086697e-07,6.2001662e-05,1,0,0,0.0040789618,-0.00031339135,1.2492864,419.16906,1233.6024,96,0,-1.1661211,nan,0.074655748,nan,nan,95440.434,-3912.6904,23.523832,-347.41752,0.002062527,0.088019409,-0.055035397,0,0,0,0,0,0
7.695,3283.8189,212.30418,-1231.6737,163.37726,11.872675,385.66383,-0.00062644328,-1.1650664,0.07333571,0.00047153751,-0.0013473046,0.00038474024,-0.0016740904,2.578223e-07,6.2148127e-05,0.9999998,-0.0016892073,2.4829127e-07,6.195235e-05,1,0,0,0.0040767806,-0.00031254186,1.2487855,419.01036,1231.6737,96,0,-1.1661233,nan,0.074658018,nan,nan,95386.339,-3911.236,23.444614,-346.98532,0.002029915,0.090760072,-0.054727099,0,0,0,0,0,0
7.7,3284.6356,212.36354,-1229.7456,163.31355,11.869206,385.51859,-0.00062855631,-1.1650731,0.07334058,0.00047355442,-0.001342471,0.00038187253,-0.0016781,2.5530187e-07,6.2097357e-05,0.9999998,-0.001693416,2.4569297e-07,6.1906715e-05,1,0,0,0.0040746761,-0.00031168646,1.2482848,418.85174,1229.7456,96,0,-1.1661255,nan,0.074660249,nan,nan,95332.274,-3909.7815,23.364995,-346.56005,0.0019974124,0.093395826,-0.05425045,0,0,0,0,0,0
7.705,3285.4521,212.42288,-1227.8183,163.24985,11.865733,385.37343,-0.00063062613,-1.1650798,0.073345414,0.00047553886,-0.0013375009,0.00037903078,-0.0016821622,2.5276088e-07,6.2048399e-05,0.9999998,-0.0016976791,2.4307401e-07,6.18658e-05,1,0,0,0.004072648,-0.00031082533,1.2477844,418.69319,1227.8183,96,0,-1.1661276,nan,0.074662441,nan,nan,95278.24,-3908.3271,23.285001,-346.14169,0.0019650196,0.095925911,-0.053765017,0,0,0,0,0,0
7.71,3286.2682,212.4822,-1225.8918,163.18616,11.862256,385.22835,-0.00063265321,-1.1650865,0.073350212,0.00047749096,-0.0013323998,0.0003762122,-0.0016862775,2.5019961e-07,6.2001953e-05,0.9999998,-0.0017019971,2.4043649e-07,6.1829777e-05,1,0,0,0.0040706964,-0.00030995865,1.2472843,418.53472,1225.8918,96,0,-1.1661297,nan,0.074664595,nan,nan,95224.235,-3906.8726,23.204661,-345.73021,0.0019327412,0.098350018,-0.053417718,0,0,0,0,0,0
7.715,3287.084,212.54151,-1223.9659,163.12249,11.858776,385.08334,-0.00063463793,-1.1650931,0.073354975,0.00047941083,-0.0013271734,0.00037340724,-0.0016904465,2.4761869e-07,6.1958475e-05,0.9999998,-0.0017063705,2.3778199e-07,6.1797982e-05,1,0,0,0.0040688209,-0.00030908655,1.2467844,418.37633,1223.9659,96,0,-1.1661318,nan,0.07466671,nan,nan,95170.261,-3905.4181,23.123995,-345.32559,0.0019005843,0.10066849,-0.053304058,0,0,0,0,0,0
7.72,3287.8995,212.60079,-1222.0408,163.05883,11.855292,384.93841,-0.00063658055,-1.1650997,0.073359702,0.00048129859,-0.0013218271,0.00037060279,-0.0016946695,2.4501884e-07,6.1918085e-05,0.99999981,-0.0017107996,2.3511118e-07,6.1769173e-05,1,0,0,0.0040670216,-0.00030820913,1.2462848,418.21801,1222.0408,96,0,-1.1661338,nan,0.074668786,nan,nan,95116.317,-3903.9637,23.043012,-344.9278,0.0018685568,0.10288228,-0.053447152,0,0,0,0,0,0
7.725,3288.7147,212.66006,-1220.1164,162.99518,11.851804,384.79356,-0.00063848117,-1.1651063,0.073364394,0.00048315438,-0.0013163666,0.0003677861,-0.001698947,2.4240059e-07,6.1880557e-05,0.99999981,-0.0017152849,2.324236e-07,6.1741919e-05,1,0,0,0.0040652981,-0.0003073264,1.2457855,418.05977,1220.1164,96,0,-1.1661358,nan,0.074670824,nan,nan,95062.404,-3902.5092,22.96171,-344.53682,0.0018366649,0.10499283,-0.053798401,0,0,0,0,0,0
7.73,3289.5295,212.71931,-1218.1927,162.93154,11.848313,384.64878,-0.00064033976,-1.1651129,0.07336905,0.00048497833,-0.0013107971,0.00036494815,-0.0017032795,2.3976414e-07,6.1845419e-05,0.99999981,-0.0017198268,2.2971784e-07,6.1715004e-05,1,0,0,0.0040636503,-0.00030643833,1.2452864,417.90161,1218.1927,96,0,-1.1661378,nan,0.074672823,nan,nan,95008.521,-3901.0546,22.880081,-344.1526,0.0018049121,0.10700175,-0.054257396,0,0,0,0,0,0
7.735,3290.344,212.77855,-1216.2697,162.86792,11.844818,384.50408,-0.00064215621,-1.1651194,0.073373669,0.00048677059,-0.001305124,0.00036208581,-0.0017076674,2.3710922e-07,6.1812098e-05,0.99999981,-0.0017244259,2.2699194e-07,6.1687734e-05,1,0,0,0.0040620779,-0.00030554485,1.2447875,417.74352,1216.2697,96,0,-1.1661398,nan,0.074674784,nan,nan,94954.668,-3899.6001,22.798109,-343.77512,0.0017732986,0.10891062,-0.054703771,0,0,0,0,0,0
7.74,3291.1583,212.83777,-1214.3475,162.80431,11.84132,384.35946,-0.00064393039,-1.165126,0.073378253,0.00048853129,-0.0012993525,0.00035920211,-0.0017121111,2.3443517e-07,6.1780085e-05,0.99999981,-0.0017290824,2.2424391e-07,6.1660073e-05,1,0,0,0.0040605806,-0.00030464588,1.244289,417.5855,1214.3475,96,0,-1.1661418,nan,0.074676706,nan,nan,94900.845,-3898.1456,22.715781,-343.40434,0.0017418214,0.1107208,-0.055031233,0,0,0,0,0,0
7.745,3291.9721,212.89697,-1212.426,162.74071,11.837818,384.21491,-0.00064566225,-1.1651324,0.0733828,0.00049026056,-0.0012934878,0.00035630487,-0.001716611,2.3174108e-07,6.1749068e-05,0.99999982,-0.0017337969,2.2147216e-07,6.1632599e-05,1,0,0,0.0040591582,-0.00030374139,1.2437906,417.42757,1212.426,96,0,-1.1661437,nan,0.074678589,nan,nan,94847.053,-3896.6911,22.633089,-343.04022,0.0017104761,0.11243334,-0.055174501,0,0,0,0,0,0
7.75,3292.7857,212.95615,-1210.5052,162.67713,11.834312,384.07045,-0.00064735182,-1.1651389,0.07338731,0.00049195854,-0.001287535,0.00035340427,-0.0017211677,2.2902598e-07,6.1718998e-05,0.99999982,-0.0017385697,2.1867584e-07,6.1606292e-05,1,0,0,0.0040578104,-0.00030283137,1.2432926,417.2697,1210.5052,96,0,-1.1661456,nan,0.074680434,nan,nan,94793.291,-3895.2365,22.550034,-342.68272,0.0016792578,0.114049,-0.055122706,0,0,0,0,0,0
7.755,3293.599,213.01531,-1208.5852,162.61356,11.830803,383.92605,-0.00064899928,-1.1651453,0.073391784,0.00049362535,-0.0012814992,0.0003505099,-0.0017257815,2.2628904e-07,6.1690077e-05,0.99999982,-0.0017434013,2.1585493e-07,6.1582243e-05,1,0,0,0.0040565369,-0.00030191588,1.2427948,417.11192,1208.5852,96,0,-1.1661475,nan,0.07468224,nan,nan,94739.559,-3893.782,22.466623,-342.33181,0.0016481631,0.11556836,-0.054917106,0,0,0,0,0,0
7.76,3294.4119,213.07446,-1206.6658,162.55001,11.82729,383.78174,-0.00065060487,-1.1651517,0.073396221,0.00049526111,-0.0012753855,0.00034762832,-0.0017304529,2.2352974e-07,6.166269e-05,0.99999982,-0.0017482921,2.1301012e-07,6.1561359e-05,1,0,0,0.0040553372,-0.00030099501,1.2422973,416.95421,1206.6658,96,0,-1.1661493,nan,0.074684007,nan,nan,94685.858,-3892.3274,22.382872,-341.98743,0.0016171905,0.11699192,-0.054635304,0,0,0,0,0,0
7.765,3295.2245,213.13359,-1204.7472,162.48647,11.823774,383.6375,-0.00065216891,-1.1651581,0.073400622,0.00049686595,-0.0012691988,0.00034476165,-0.0017351823,2.2074787e-07,6.1637284e-05,0.99999982,-0.0017532424,2.1014247e-07,6.1544142e-05,1,0,0,0.004054211,-0.00030006887,1.2418,416.79658,1204.7472,96,0,-1.1661511,nan,0.074685736,nan,nan,94632.187,-3890.8729,22.298798,-341.64956,0.0015863413,0.11832021,-0.05436748,0,0,0,0,0,0
7.77,3296.0368,213.1927,-1202.8293,162.42295,11.820254,383.49334,-0.00065369172,-1.1651644,0.073404986,0.00049844,-0.0012629442,0.00034190741,-0.0017399701,2.1794352e-07,6.161425e-05,0.99999982,-0.0017582528,2.0725302e-07,6.1530599e-05,1,0,0,0.004053158,-0.00029913759,1.241303,416.63902,1202.8293,96,0,-1.1661529,nan,0.074687426,nan,nan,94578.546,-3889.4184,22.214417,-341.31813,0.0015556186,0.1195539,-0.054191683,0,0,0,0,0,0
7.775,3296.8488,213.2518,-1200.9121,162.35944,11.81673,383.34925,-0.00065517358,-1.1651707,0.073409315,0.00049998337,-0.0012566267,0.0003390596,-0.0017448167,2.1511695e-07,6.1593828e-05,0.99999983,-0.0017633236,2.043425e-07,6.1520286e-05,1,0,0,0.0040521776,-0.00029820125,1.2408062,416.48154,1200.9121,96,0,-1.1661546,nan,0.074689077,nan,nan,94524.936,-3887.9638,22.129742,-340.9931,0.0015250271,0.12069381,-0.054154688,0,0,0,0,0,0
7.78,3297.6605,213.31087,-1198.9957,162.29595,11.813203,383.20524,-0.00065661466,-1.165177,0.073413607,0.0005014962,-0.0012502512,0.00033621062,-0.0017497225,2.1226845e-07,6.1576057e-05,0.99999983,-0.0017684552,2.0141103e-07,6.1512462e-05,1,0,0,0.0040512695,-0.00029725992,1.2403097,416.32413,1198.9957,96,0,-1.1661564,nan,0.07469069,nan,nan,94471.356,-3886.5093,22.044778,-340.67442,0.0014945713,0.1217409,-0.054262835,0,0,0,0,0,0
7.785,3298.4719,213.36993,-1197.0799,162.23247,11.809672,383.0613,-0.00065801508,-1.1651832,0.073417863,0.00050297863,-0.0012438225,0.00033335336,-0.0017546881,2.0939819e-07,6.1560785e-05,0.99999983,-0.0017736481,1.984581e-07,6.1506314e-05,1,0,0,0.0040504333,-0.00029631361,1.2398135,416.1668,1197.0799,96,0,-1.1661581,nan,0.074692264,nan,nan,94417.806,-3885.0548,21.959525,-340.36205,0.0014642548,0.12269622,-0.054484207,0,0,0,0,0,0
7.79,3299.2829,213.42897,-1195.1649,162.16902,11.806138,382.91744,-0.00065937485,-1.1651894,0.073422083,0.00050443081,-0.0012373454,0.000330483,-0.0017597137,2.0650608e-07,6.1547727e-05,0.99999983,-0.0017789027,1.9548268e-07,6.1501168e-05,1,0,0,0.0040496684,-0.00029536231,1.2393175,416.00955,1195.1649,96,0,-1.1661597,nan,0.074693799,nan,nan,94364.287,-3883.6003,21.873979,-340.05593,0.0014340797,0.12356089,-0.054760423,0,0,0,0,0,0
7.795,3300.0936,213.488,-1193.2506,162.10557,11.802601,382.77366,-0.00066069397,-1.1651956,0.073426267,0.00050585286,-0.0012308247,0.00032759809,-0.0017647998,2.0359182e-07,6.1536551e-05,0.99999983,-0.0017842193,1.9248343e-07,6.1496655e-05,1,0,0,0.0040489744,-0.00029440599,1.2388218,415.85237,1193.2506,96,0,-1.1661614,nan,0.074695295,nan,nan,94310.798,-3882.1458,21.788133,-339.756,0.0014040461,0.12433598,-0.055024065,0,0,0,0,0,0
7.8,3300.904,213.547,-1191.337,162.04215,11.79906,382.62995,-0.00066197242,-1.1652017,0.073430414,0.00050724494,-0.0012242651,0.00032470058,-0.0017699468,2.0065481e-07,6.1526968e-05,0.99999984,-0.0017895984,1.8945902e-07,6.1492774e-05,1,0,0,0.0040483507,-0.00029344463,1.2383263,415.69527,1191.337,96,0,-1.166163,nan,0.074696753,nan,nan,94257.34,-3880.6913,21.701981,-339.46222,0.0013741527,0.12502254,-0.055216711,0,0,0,0,0,0
7.805,3301.7141,213.60599,-1189.4242,161.97874,11.795515,382.48632,-0.00066321022,-1.1652078,0.073434524,0.00050860718,-0.0012176712,0.00032179508,-0.0017751551,1.9769437e-07,6.1518803e-05,0.99999984,-0.0017950403,1.8640836e-07,6.1489867e-05,1,0,0,0.0040477969,-0.00029247822,1.2378311,415.53824,1189.4242,96,0,-1.1661645,nan,0.074698172,nan,nan,94203.911,-3879.2368,21.615519,-339.17453,0.0013443974,0.12562153,-0.055302924,0,0,0,0,0,0
7.81,3302.5239,213.66496,-1187.512,161.91536,11.791967,382.34276,-0.00066440745,-1.1652139,0.073438597,0.00050993972,-0.0012110477,0.00031888743,-0.0017804251,1.9470974e-07,6.1512032e-05,0.99999984,-0.0018005455,1.8333078e-07,6.1488499e-05,1,0,0,0.0040473123,-0.00029150676,1.2373362,415.38129,1187.512,96,0,-1.1661661,nan,0.074699553,nan,nan,94150.514,-3877.7824,21.52875,-338.89286,0.0013147777,0.12613384,-0.055277058,0,0,0,0,0,0
7.815,3303.3333,213.72391,-1185.6006,161.85198,11.788415,382.19927,-0.00066556426,-1.16522,0.073442634,0.00051124269,-0.0012043989,0.00031598316,-0.0017857573,1.9170029e-07,6.1506777e-05,0.99999984,-0.0018061145,1.8022611e-07,6.1489299e-05,1,0,0,0.0040468965,-0.00029053031,1.2368415,415.22442,1185.6006,96,0,-1.1661676,nan,0.074700894,nan,nan,94097.146,-3876.3279,21.441679,-338.61716,0.0012852921,0.12656034,-0.055161901,0,0,0,0,0,0
7.82,3304.1424,213.78285,-1183.6899,161.78863,11.78486,382.05586,-0.00066668085,-1.165226,0.073446634,0.00051251623,-0.0011977295,0.00031308613,-0.0017911521,1.8866551e-07,6.1503264e-05,0.99999984,-0.0018117475,1.7709455e-07,6.1492799e-05,1,0,0,0.0040465489,-0.00028954893,1.2363471,415.06762,1183.6899,96,0,-1.1661691,nan,0.074702197,nan,nan,94043.809,-3874.8735,21.354316,-338.34738,0.0012559403,0.12690186,-0.055000298,0,0,0,0,0,0
7.825,3304.9513,213.84177,-1181.7799,161.7253,11.781301,381.91253,-0.00066775745,-1.1652319,0.073450597,0.00051376048,-0.001191044,0.00031019772,-0.0017966097,1.8560512e-07,6.1501756e-05,0.99999984,-0.001817445,1.7393653e-07,6.1499311e-05,1,0,0,0.0040462688,-0.0002885627,1.2358529,414.91089,1181.7799,96,0,-1.1661705,nan,0.074703461,nan,nan,93990.502,-3873.4191,21.266673,-338.08344,0.0012267232,0.12715923,-0.054842575,0,0,0,0,0,0
7.83,3305.7598,213.90066,-1179.8706,161.66198,11.777739,381.76927,-0.00066879432,-1.1652379,0.073454524,0.00051497556,-0.0011843466,0.00030731674,-0.0018021308,1.8251898e-07,6.1502493e-05,0.99999984,-0.0018232073,1.7075251e-07,6.1508873e-05,1,0,0,0.0040460557,-0.0002875717,1.235359,414.75425,1179.8706,96,0,-1.1661719,nan,0.074704687,nan,nan,93937.226,-3871.9647,21.178759,-337.82529,0.0011976429,0.12733333,-0.054733319,0,0,0,0,0,0
7.835,3306.5679,213.95955,-1177.9621,161.59869,11.774174,381.62608,-0.00066979167,-1.1652438,0.073458414,0.00051616161,-0.0011776418,0.00030443996,-0.0018077155,1.7940709e-07,6.1505629e-05,0.99999985,-0.001829035,1.6754274e-07,6.1521262e-05,1,0,0,0.004045909,-0.000286576,1.2348653,414.59768,1177.9621,96,0,-1.1661733,nan,0.074705874,nan,nan,93883.98,-3870.5104,21.090585,-337.57287,0.0011687024,0.12742506,-0.054700855,0,0,0,0,0,0
7.84,3307.3758,214.01841,-1176.0542,161.53541,11.770605,381.48297,-0.00067074966,-1.1652497,0.073462268,0.00051731878,-0.001170934,0.00030156311,-0.0018133645,1.7626943e-07,6.1511206e-05,0.99999985,-0.0018349283,1.6430715e-07,6.1536078e-05,1,0,0,0.004045828,-0.00028557566,1.2343719,414.44118,1176.0542,96,0,-1.1661746,nan,0.074707022,nan,nan,93830.765,-3869.0561,21.002155,-337.32611,0.0011399045,0.12743534,-0.054751772,0,0,0,0,0,0
7.845,3308.1834,214.07726,-1174.1471,161.47215,11.767033,381.33994,-0.00067166843,-1.1652555,0.073466085,0.00051844721,-0.0011642272,0.00029868202,-0.001819078,1.7310595e-07,6.1519157e-05,0.99999985,-0.0018408878,1.6104531e-07,6.1552858e-05,1,0,0,0.004045812,-0.0002845707,1.2338788,414.28476,1174.1471,96,0,-1.1661759,nan,0.074708131,nan,nan,93777.58,-3867.6018,20.913471,-337.08494,0.0011112517,0.12736513,-0.054871316,0,0,0,0,0,0
7.85,3308.9906,214.13608,-1172.2407,161.40891,11.763457,381.19697,-0.00067254804,-1.1652613,0.073469866,0.00051954705,-0.0011575259,0.00029579367,-0.0018248564,1.6991644e-07,6.1529331e-05,0.99999985,-0.0018469137,1.5775645e-07,6.1571196e-05,1,0,0,0.0040458604,-0.00028356113,1.2333859,414.12842,1172.2407,96,0,-1.1661772,nan,0.074709202,nan,nan,93724.425,-3866.1475,20.824532,-336.8493,0.0010827459,0.1272154,-0.055028988,0,0,0,0,0,0
7.855,3309.7975,214.19489,-1170.335,161.3457,11.759878,381.05409,-0.00067338854,-1.1652671,0.07347361,0.00052061844,-0.0011508341,0.00029289685,-0.0018307003,1.6670054e-07,6.1541537e-05,0.99999985,-0.0018530065,1.544396e-07,6.159084e-05,1,0,0,0.0040459725,-0.00028254695,1.2328933,413.97215,1170.335,96,0,-1.1661784,nan,0.074710234,nan,nan,93671.301,-3864.6933,20.735335,-336.61912,0.0010543876,0.12698711,-0.055187444,0,0,0,0,0,0
7.86,3310.6041,214.25369,-1168.43,161.2825,11.756295,380.91127,-0.00067418999,-1.1652728,0.073477317,0.00052166153,-0.001144156,0.00028999225,-0.0018366099,1.6345775e-07,6.1555601e-05,0.99999985,-0.0018591667,1.5109376e-07,6.1611742e-05,1,0,0,0.0040461477,-0.00028152814,1.232401,413.81596,1168.43,96,0,-1.1661796,nan,0.074711227,nan,nan,93618.207,-3863.2391,20.645879,-336.39434,0.0010261766,0.1266812,-0.0553122,0,0,0,0,0,0
7.865,3311.4104,214.31246,-1166.5257,161.21932,11.752709,380.76853,-0.00067495243,-1.1652785,0.073480987,0.00052267647,-0.0011374956,0.00028708221,-0.0018425856,1.6018747e-07,6.1571406e-05,0.99999986,-0.0018653945,1.4771802e-07,6.1634053e-05,1,0,0,0.0040463852,-0.00028050473,1.2319089,413.65985,1166.5257,96,0,-1.1661808,nan,0.074712182,nan,nan,93565.144,-3861.7849,20.556162,-336.17488,0.00099811244,0.12629861,-0.055379715,0,0,0,0,0,0
7.87,3312.2164,214.37122,-1164.6222,161.15617,11.74912,380.62586,-0.00067567596,-1.1652842,0.073484621,0.00052366341,-0.0011308569,0.00028416998,-0.001848628,1.5688905e-07,6.1588916e-05,0.99999986,-0.0018716905,1.4431169e-07,6.1658068e-05,1,0,0,0.0040466843,-0.00027947672,1.231417,413.50381,1164.6222,96,0,-1.1661819,nan,0.074713098,nan,nan,93512.111,-3860.3308,20.466185,-335.96067,0.00097019409,0.12584025,-0.055382052,0,0,0,0,0,0
7.875,3313.022,214.42996,-1162.7193,161.09303,11.745527,380.48327,-0.0006763607,-1.1652898,0.073488218,0.00052462248,-0.0011242439,0.00028125889,-0.0018547373,1.5356187e-07,6.1608181e-05,0.99999986,-0.001878055,1.4087435e-07,6.1684152e-05,1,0,0,0.0040470443,-0.00027844415,1.2309254,413.34785,1162.7193,96,0,-1.166183,nan,0.074713975,nan,nan,93459.108,-3858.8767,20.375954,-335.75165,0.00094242104,0.12530701,-0.055327347,0,0,0,0,0,0
7.88,3313.8274,214.48868,-1160.8172,161.02992,11.741931,380.34075,-0.00067700682,-1.1652955,0.073491777,0.00052555384,-0.0011176606,0.00027835153,-0.001860914,1.5020539e-07,6.1629321e-05,0.99999986,-0.0018844883,1.3740585e-07,6.1712641e-05,1,0,0,0.0040474645,-0.00027740706,1.2304341,413.19196,1160.8172,96,0,-1.1661841,nan,0.074714813,nan,nan,93406.136,-3857.4226,20.285474,-335.54774,0.00091479333,0.12469976,-0.055236379,0,0,0,0,0,0
7.885,3314.6324,214.54738,-1158.9158,160.96683,11.738331,380.1983,-0.0006776145,-1.165301,0.0734953,0.00052645763,-0.0011111108,0.00027544925,-0.0018671585,1.468192e-07,6.1652491e-05,0.99999986,-0.0018909911,1.3390616e-07,6.1743771e-05,1,0,0,0.004047944,-0.00027636552,1.2299431,413.03615,1158.9158,96,0,-1.1661851,nan,0.074715613,nan,nan,93353.194,-3855.9686,20.194752,-335.34887,0.00088731173,0.12401938,-0.055136464,0,0,0,0,0,0
7.89,3315.4371,214.60606,-1157.0151,160.90376,11.734728,380.05593,-0.00067818395,-1.1653066,0.073498787,0.00052733399,-0.0011045983,0.00027255195,-0.0018734712,1.4340296e-07,6.1677846e-05,0.99999986,-0.0018975635,1.3037533e-07,6.1777634e-05,1,0,0,0.0040484822,-0.00027531958,1.2294523,412.88041,1157.0151,96,0,-1.1661861,nan,0.074716375,nan,nan,93300.283,-3854.5146,20.103797,-335.15497,0.00085997771,0.12326674,-0.055054377,0,0,0,0,0,0
7.895,3316.2415,214.66473,-1155.1151,160.84071,11.731122,379.91363,-0.00067871535,-1.1653121,0.073502236,0.00052818309,-0.0010981269,0.00026965823,-0.0018798525,1.3995642e-07,6.1705502e-05,0.99999986,-0.0019042061,1.2681332e-07,6.1814168e-05,1,0,0,0.0040490782,-0.00027426931,1.2289617,412.72475,1155.1151,96,0,-1.166187,nan,0.074717097,nan,nan,93247.402,-3853.0607,20.012614,-334.96596,0.00083279321,0.12244272,-0.05501008,0,0,0,0,0,0
7.9,3317.0456,214.72338,-1153.2158,160.77769,11.727513,379.7714,-0.00067920886,-1.1653176,0.073505649,0.00052900505,-0.0010917005,0.00026676585,-0.0018863028,1.3647936e-07,6.173552e-05,0.99999986,-0.0019109193,1.2321994e-07,6.1853189e-05,1,0,0,0.0040497313,-0.00027321474,1.2284714,412.56917,1153.2158,96,0,-1.166188,nan,0.074717782,nan,nan,93194.552,-3851.6068,19.92121,-334.78177,0.00080576039,0.12154817,-0.055012653,0,0,0,0,0,0
7.905,3317.8493,214.78201,-1151.3172,160.71468,11.7239,379.62925,-0.00067966463,-1.165323,0.073509025,0.00052980005,-0.0010853225,0.00026387236,-0.0018928226,1.3297154e-07,6.1767893e-05,0.99999987,-0.0019177034,1.1959477e-07,6.1894447e-05,1,0,0,0.0040504406,-0.00027215593,1.2279814,412.41366,1151.3172,96,0,-1.1661888,nan,0.074718427,nan,nan,93141.732,-3850.153,19.829588,-334.60232,0.00077888129,0.12058399,-0.055059168,0,0,0,0,0,0
7.91,3318.6528,214.84062,-1149.4193,160.6517,11.720283,379.48717,-0.00068008276,-1.1653284,0.073512364,0.00053056823,-0.0010789968,0.00026097569,-0.0018994121,1.2943263e-07,6.1802559e-05,0.99999987,-0.001924559,1.1593719e-07,6.1937692e-05,1,0,0,0.0040512055,-0.00027109287,1.2274916,412.25823,1149.4193,96,0,-1.1661897,nan,0.074719034,nan,nan,93088.943,-3848.6992,19.737748,-334.42755,0.00075215758,0.11955105,-0.055136468,0,0,0,0,0,0
7.915,3319.4559,214.89921,-1147.5222,160.58875,11.716664,379.34516,-0.00068046334,-1.1653338,0.073515667,0.00053130975,-0.0010727269,0.00025807462,-0.0019060719,1.2586223e-07,6.1839421e-05,0.99999987,-0.0019314864,1.1224642e-07,6.1982733e-05,1,0,0,0.0040520249,-0.0002700256,1.2270021,412.10287,1147.5222,96,0,-1.1661904,nan,0.074719602,nan,nan,93036.184,-3847.2454,19.645691,-334.25736,0.00072559046,0.11845021,-0.055225161,0,0,0,0,0,0
7.92,3320.2587,214.95779,-1145.6257,160.52581,11.713041,379.20322,-0.00068080645,-1.1653391,0.073518933,0.00053202476,-0.0010665163,0.00025516897,-0.0019128024,1.2225984e-07,6.1878373e-05,0.99999987,-0.001938486,1.0852161e-07,6.2029483e-05,1,0,0,0.0040528983,-0.00026895413,1.2265128,411.94759,1145.6257,96,0,-1.1661912,nan,0.074720132,nan,nan,92983.455,-3845.7917,19.553418,-334.09169,0.00069918063,0.11728235,-0.055304671,0,0,0,0,0,0
7.925,3321.0612,215.01635,-1143.73,160.4629,11.709415,379.06136,-0.00068111218,-1.1653445,0.073522162,0.00053271343,-0.0010603686,0.00025225962,-0.001919604,1.1862487e-07,6.1919331e-05,0.99999987,-0.0019455582,1.0476189e-07,6.2077967e-05,1,0,0,0.0040538246,-0.00026787845,1.2260238,411.79238,1143.73,96,0,-1.1661919,nan,0.074720623,nan,nan,92930.757,-3844.3381,19.460928,-333.93046,0.00067292842,0.11604829,-0.055358086,0,0,0,0,0,0
7.93,3321.8634,215.07489,-1141.835,160.40002,11.705785,378.91957,-0.00068138061,-1.1653498,0.073525354,0.00053337591,-0.0010542873,0.00024934818,-0.001926477,1.1495669e-07,6.196225e-05,0.99999987,-0.0019527036,1.0096651e-07,6.2128313e-05,1,0,0,0.0040548031,-0.0002667986,1.2255351,411.63726,1141.835,96,0,-1.1661926,nan,0.074721076,nan,nan,92878.09,-3842.8845,19.368222,-333.77359,0.00064683396,0.11474889,-0.055375703,0,0,0,0,0,0
7.935,3322.6653,215.13341,-1139.9407,160.33715,11.702153,378.77785,-0.00068161186,-1.165355,0.073528509,0.00053401235,-0.0010482757,0.00024643658,-0.0019334219,1.1125464e-07,6.2007134e-05,0.99999987,-0.0019599224,9.7134836e-08,6.2180714e-05,1,0,0,0.0040558329,-0.0002657146,1.2250466,411.4822,1139.9407,96,0,-1.1661932,nan,0.07472149,nan,nan,92825.452,-3841.431,19.275303,-333.62099,0.00062089744,0.11338496,-0.055356589,0,0,0,0,0,0
7.94,3323.4669,215.19191,-1138.0471,160.27431,11.698516,378.6362,-0.00068180607,-1.1653602,0.073531628,0.00053462293,-0.0010423372,0.00024352665,-0.0019404392,1.0751812e-07,6.2054033e-05,0.99999988,-0.0019672153,9.3266382e-08,6.2235384e-05,1,0,0,0.0040569132,-0.00026462648,1.2245584,411.32723,1138.0471,96,0,-1.1661938,nan,0.074721866,nan,nan,92772.846,-3839.9775,19.182175,-333.47261,0.00059511929,0.11195732,-0.055307992,0,0,0,0,0,0
7.945,3324.2681,215.2504,-1136.1542,160.2115,11.694877,378.49463,-0.00068196338,-1.1653654,0.073534709,0.00053520779,-0.0010364752,0.00024061967,-0.0019475293,1.0374654e-07,6.2103032e-05,0.99999988,-0.0019745825,8.9360787e-08,6.2292507e-05,1,0,0,0.0040580431,-0.00026353429,1.2240704,411.17232,1136.1542,96,0,-1.1661944,nan,0.074722203,nan,nan,92720.27,-3838.5241,19.088844,-333.32834,0.00056950029,0.11046676,-0.055242963,0,0,0,0,0,0
7.95,3325.069,215.30887,-1134.262,160.14871,11.691234,378.35313,-0.00068208397,-1.1653706,0.073537754,0.00053576709,-0.001030693,0.00023771619,-0.0019546925,9.9939399e-08,6.2154228e-05,0.99999988,-0.0019820245,8.5417753e-08,6.2352202e-05,1,0,0,0.0040592217,-0.00026243807,1.2235827,411.0175,1134.262,96,0,-1.1661949,nan,0.074722501,nan,nan,92667.724,-3837.0708,18.995314,-333.18813,0.00054404165,0.10891407,-0.055176882,0,0,0,0,0,0
7.955,3325.8697,215.36731,-1132.3705,160.08594,11.687588,378.2117,-0.000682168,-1.1653758,0.073540762,0.000536301,-0.0010249938,0.00023481595,-0.0019619294,9.6096223e-08,6.2207713e-05,0.99999988,-0.0019895418,8.1436984e-08,6.2414504e-05,1,0,0,0.0040604481,-0.00026133788,1.2230953,410.86275,1132.3705,96,0,-1.1661953,nan,0.074722761,nan,nan,92615.209,-3835.6175,18.901592,-333.05187,0.0005187449,0.10730003,-0.055123797,0,0,0,0,0,0
7.96,3326.67,215.42575,-1130.4797,160.0232,11.683939,378.07034,-0.00068221564,-1.1653809,0.073543733,0.00053680968,-0.0010193808,0.00023191804,-0.0019692403,9.221658e-08,6.2263553e-05,0.99999988,-0.0019971348,7.7418119e-08,6.2479368e-05,1,0,0,0.0040617215,-0.00026023375,1.2226081,410.70808,1130.4797,96,0,-1.1661958,nan,0.074722983,nan,nan,92562.724,-3834.1643,18.807682,-332.9195,0.00049361183,0.1056254,-0.055093403,0,0,0,0,0,0
7.965,3327.4699,215.48416,-1128.5897,159.96048,11.680287,377.92906,-0.00068222702,-1.1653859,0.073546667,0.00053729329,-0.0010138573,0.00022902117,-0.0019766258,8.8300039e-08,6.2321782e-05,0.99999988,-0.002004804,7.336069e-08,6.2546686e-05,1,0,0,0.004063041,-0.00025912572,1.2221211,410.55348,1128.5897,96,0,-1.1661962,nan,0.074723166,nan,nan,92510.27,-3832.7111,18.713588,-332.79093,0.00046864431,0.10389096,-0.055089277,0,0,0,0,0,0
7.97,3328.2696,215.54255,-1126.7003,159.89779,11.676631,377.78784,-0.00068220227,-1.165391,0.073549564,0.000537752,-0.0010084263,0.00022612399,-0.0019840861,8.4346141e-08,6.2382394e-05,0.99999988,-0.0020125498,6.9264097e-08,6.2616321e-05,1,0,0,0.0040644056,-0.00025801384,1.2216345,410.39895,1126.7003,96,0,-1.1661965,nan,0.074723311,nan,nan,92457.846,-3831.258,18.619312,-332.66609,0.0004438441,0.10209744,-0.055108641,0,0,0,0,0,0
7.975,3329.069,215.60093,-1124.8116,159.83512,11.672972,377.6467,-0.00068214152,-1.165396,0.073552425,0.00053818598,-0.0010030909,0.00022322541,-0.0019916219,8.0354377e-08,6.2445357e-05,0.99999988,-0.0020203727,6.5127617e-08,6.2688139e-05,1,0,0,0.0040658144,-0.00025689812,1.221148,410.24451,1124.8116,96,0,-1.1661968,nan,0.074723418,nan,nan,92405.453,-3829.805,18.524858,-332.54489,0.0004192128,0.10024561,-0.055143542,0,0,0,0,0,0
7.98,3329.868,215.65929,-1122.9237,159.77248,11.66931,377.50563,-0.00068204486,-1.165401,0.073555249,0.00053859539,-0.00099785419,0.00022032483,-0.0019992335,7.6324177e-08,6.2510617e-05,0.99999988,-0.0020282732,6.0950432e-08,6.2762047e-05,1,0,0,0.0040672667,-0.00025577858,1.2206619,410.09014,1122.9237,96,0,-1.1661971,nan,0.074723486,nan,nan,92353.09,-3828.352,18.430226,-332.42724,0.00039475176,0.098336172,-0.055183074,0,0,0,0,0,0
7.985,3330.6668,215.71762,-1121.0364,159.70987,11.665645,377.36463,-0.00068191239,-1.165406,0.073558036,0.00053898041,-0.00099271921,0.00021742226,-0.0020069213,7.2254907e-08,6.2578121e-05,0.99999989,-0.0020362517,5.6731679e-08,6.2838006e-05,1,0,0,0.0040687613,-0.00025465524,1.220176,409.93584,1121.0364,96,0,-1.1661973,nan,0.074723515,nan,nan,92300.758,-3826.8992,18.335417,-332.31308,0.00037046209,0.09636986,-0.055216021,0,0,0,0,0,0
7.99,3331.4652,215.77595,-1119.1499,159.64728,11.661976,377.22371,-0.00068174422,-1.165411,0.073560787,0.00053934122,-0.0009876889,0.00021451824,-0.002014686,6.814588e-08,6.2647828e-05,0.99999989,-0.0020443086,5.2470497e-08,6.2916039e-05,1,0,0,0.0040702975,-0.00025352812,1.2196903,409.78162,1119.1499,96,0,-1.1661974,nan,0.074723507,nan,nan,92248.456,-3825.4464,18.240433,-332.20231,0.00034634473,0.094347375,-0.055233336,0,0,0,0,0,0
7.995,3332.2633,215.83425,-1117.2641,159.58471,11.658304,377.08285,-0.00068154044,-1.1654159,0.0735635,0.00053967797,-0.00098276622,0.00021161372,-0.0020225278,6.3996376e-08,6.271972e-05,0.99999989,-0.0020524445,4.8166068e-08,6.299623e-05,1,0,0,0.0040718742,-0.00025239724,1.2192049,409.62748,1117.2641,96,0,-1.1661976,nan,0.07472346,nan,nan,92196.185,-3823.9936,18.145275,-332.09485,0.00032240056,0.092269407,-0.055229905,0,0,0,0,0,0
8,3333.0611,215.89253,-1115.3789,159.52217,11.654629,376.94207,-0.00068130119,-1.1654208,0.073566177,0.00053999085,-0.00097795407,0.00020870983,-0.0020304473,5.9805662e-08,6.2793806e-05,0.99999989,-0.0020606599,4.381764e-08,6.3078693e-05,1,0,0,0.0040734906,-0.00025126264,1.2187198,409.47341,1115.3789,96,0,-1.1661977,nan,0.074723374,nan,nan,92143.944,-3822.541,18.049947,-331.99062,0.00029863052,0.090136629,-0.055205298,0,0,0,0,0,0
8.005,3333.8586,215.9508,-1113.4945,159.45966,11.650951,376.80135,-0.00068102658,-1.1654257,0.073568817,0.00054028003,-0.00097325532,0.0002058076,-0.002038445,5.557301e-08,6.2870121e-05,0.99999989,-0.0020689552,3.942454e-08,6.3163556e-05,1,0,0,0.0040751457,-0.00025012434,1.2182349,409.31942,1113.4945,96,0,-1.1661977,nan,0.074723251,nan,nan,92091.734,-3821.0884,17.954451,-331.88955,0.00027503569,0.087949702,-0.055163442,0,0,0,0,0,0
8.01,3334.6558,216.00905,-1111.6108,159.39717,11.647269,376.66071,-0.00068071676,-1.1654305,0.07357142,0.00054054568,-0.0009686728,0.00020290782,-0.0020465212,5.1297716e-08,6.2948722e-05,0.99999989,-0.002077331,3.4986151e-08,6.3250933e-05,1,0,0,0.0040768385,-0.00024898239,1.2177503,409.16551,1111.6108,96,0,-1.1661977,nan,0.074723089,nan,nan,92039.554,-3819.6359,17.858792,-331.79154,0.00025161737,0.085709268,-0.055111394,0,0,0,0,0,0
8.015,3335.4526,216.06727,-1109.7278,159.33472,11.643584,376.52014,-0.00068037188,-1.1654354,0.073573986,0.00054078799,-0.00096420933,0.00020001084,-0.0020546766,4.6979097e-08,6.302967e-05,0.99999989,-0.0020857877,3.0501887e-08,6.3340903e-05,1,0,0,0.0040785682,-0.00024783682,1.2172659,409.01167,1109.7278,96,0,-1.1661976,nan,0.074722889,nan,nan,91987.405,-3818.1835,17.762974,-331.69651,0.00022837708,0.083415958,-0.055057551,0,0,0,0,0,0
8.02,3336.2492,216.12548,-1107.8454,159.27228,11.639896,376.37964,-0.00067999208,-1.1654402,0.073576516,0.00054100713,-0.00095986767,0.00019711659,-0.0020629115,4.2616495e-08,6.3113028e-05,0.99999989,-0.0020943258,2.5971158e-08,6.34335e-05,1,0,0,0.0040803337,-0.00024668766,1.2167818,408.8579,1107.8454,96,0,-1.1661975,nan,0.074722651,nan,nan,91935.286,-3816.7311,17.667001,-331.60438,0.00020531656,0.081070385,-0.055009755,0,0,0,0,0,0
8.025,3337.0454,216.18368,-1105.9638,159.20988,11.636205,376.23922,-0.00067957751,-1.165445,0.073579009,0.00054120328,-0.00095565056,0.00019422461,-0.0020712266,3.8209259e-08,6.3198844e-05,0.99999989,-0.0021029459,2.1393329e-08,6.3528713e-05,1,0,0,0.0040821341,-0.00024553497,1.216298,408.70421,1105.9638,96,0,-1.1661974,nan,0.074722375,nan,nan,91883.198,-3815.2789,17.570878,-331.51507,0.0001824377,0.078673152,-0.054973679,0,0,0,0,0,0
8.03,3337.8413,216.24185,-1104.0829,159.1475,11.632511,376.09886,-0.00067912831,-1.1654497,0.073581465,0.00054137662,-0.0009515607,0.00019133422,-0.0020796222,3.3756736e-08,6.3287147e-05,0.9999999,-0.0021116484,1.6767698e-08,6.3626493e-05,1,0,0,0.0040839685,-0.00024437878,1.2158144,408.5506,1104.0829,96,0,-1.1661972,nan,0.07472206,nan,nan,91831.14,-3813.8267,17.474607,-331.42849,0.00015974245,0.076224842,-0.054951832,0,0,0,0,0,0
8.035,3338.637,216.30001,-1102.2027,159.08514,11.628813,375.95857,-0.00067864461,-1.1654545,0.073583884,0.00054152734,-0.00094760077,0.00018844469,-0.0020880989,2.9258246e-08,6.3377947e-05,0.9999999,-0.002120434,1.2093481e-08,6.3726774e-05,1,0,0,0.0040858359,-0.00024321912,1.215331,408.39706,1102.2027,96,0,-1.166197,nan,0.074721707,nan,nan,91779.113,-3812.3747,17.378193,-331.34457,0.00013723276,0.073726027,-0.054943315,0,0,0,0,0,0
8.04,3339.4323,216.35814,-1100.3232,159.02282,11.625113,375.81836,-0.00067812653,-1.1654592,0.073586267,0.00054165563,-0.00094377342,0.00018555537,-0.0020966571,2.4713078e-08,6.3471233e-05,0.9999999,-0.002129303,7.3698073e-09,6.3829488e-05,1,0,0,0.0040877353,-0.00024205601,1.214848,408.2436,1100.3232,96,0,-1.1661967,nan,0.074721317,nan,nan,91727.117,-3810.9227,17.281636,-331.26321,0.00011491053,0.071177263,-0.054944306,0,0,0,0,0,0
8.045,3340.2272,216.41626,-1098.4444,158.96052,11.621409,375.67821,-0.00067757417,-1.1654639,0.073588614,0.00054176168,-0.00094008127,0.00018266588,-0.0021052975,2.0120472e-08,6.3566987e-05,0.9999999,-0.0021382562,2.5957423e-09,6.3934581e-05,1,0,0,0.0040896657,-0.00024088948,1.2143651,408.09022,1098.4444,96,0,-1.1661964,nan,0.074720888,nan,nan,91675.151,-3809.4708,17.184939,-331.18433,9.2777549e-05,0.068579088,-0.05494912,0,0,0,0,0,0
8.05,3341.0219,216.47436,-1096.5663,158.89825,11.617702,375.53814,-0.00067698765,-1.1654686,0.073590923,0.00054184566,-0.0009365269,0.00017977616,-0.0021140205,1.5479623e-08,6.3665185e-05,0.9999999,-0.0021472939,-2.2296955e-09,6.404203e-05,1,0,0,0.0040916262,-0.00023971956,1.2138826,407.93691,1096.5663,96,0,-1.166196,nan,0.074720421,nan,nan,91623.215,-3808.019,17.088104,-331.10785,7.0835506e-05,0.065932026,-0.054951541,0,0,0,0,0,0
8.055,3341.8163,216.53244,-1094.6888,158.83601,11.613992,375.39814,-0.00067636707,-1.1654733,0.073593196,0.00054190778,-0.00093311288,0.00017688644,-0.0021228266,1.0789683e-08,6.3765807e-05,0.9999999,-0.0021564168,-7.1075052e-09,6.4151848e-05,1,0,0,0.0040936158,-0.00023854627,1.2134003,407.78367,1094.6888,96,0,-1.1661956,nan,0.074719916,nan,nan,91571.31,-3806.5672,16.991133,-331.03369,4.9086031e-05,0.063236582,-0.054946151,0,0,0,0,0,0
8.06,3342.6103,216.5905,-1092.8121,158.77379,11.610278,375.2582,-0.00067571255,-1.165478,0.073595432,0.00054194823,-0.00092984174,0.00017399723,-0.0021317165,6.0497697e-09,6.3868847e-05,0.9999999,-0.0021656255,-1.203868e-08,6.4264077e-05,1,0,0,0.0040956336,-0.00023736962,1.2129182,407.63051,1092.8121,96,0,-1.1661951,nan,0.074719373,nan,nan,91519.436,-3805.1156,16.894027,-330.96177,2.7530733e-05,0.060493243,-0.054929369,0,0,0,0,0,0
8.065,3343.4041,216.64855,-1090.9361,158.7116,11.606562,375.11834,-0.0006750242,-1.1654826,0.073597632,0.0005419672,-0.000926716,0.00017110917,-0.0021406905,1.2589795e-09,6.3974313e-05,0.9999999,-0.0021749204,-1.7024189e-08,6.4378786e-05,1,0,0,0.0040976785,-0.00023618966,1.2124364,407.47743,1090.9361,96,0,-1.1661946,nan,0.074718792,nan,nan,91467.592,-3803.6641,16.79679,-330.89199,6.1712589e-06,0.05770248,-0.054900015,0,0,0,0,0,0
8.07,3344.1975,216.70657,-1089.0608,158.64944,11.602842,374.97855,-0.00067430214,-1.1654872,0.073599795,0.00054196489,-0.00092373813,0.00016822288,-0.0021497493,-3.5836024e-09,6.4082227e-05,0.9999999,-0.0021843022,-2.2064973e-08,6.4496055e-05,1,0,0,0.0040997495,-0.00023500641,1.2119549,407.32442,1089.0608,96,0,-1.166194,nan,0.074718174,nan,nan,91415.778,-3802.2127,16.699424,-330.82428,-1.499065e-05,0.054864742,-0.054859339,0,0,0,0,0,0
8.075,3344.9906,216.76458,-1087.1862,158.58731,11.599119,374.83883,-0.0006735465,-1.1654918,0.073601922,0.0005419415,-0.00092091061,0.00016533892,-0.0021588935,-8.4788927e-09,6.4192627e-05,0.9999999,-0.0021937715,-2.7161947e-08,6.4615963e-05,1,0,0,0.0041018457,-0.0002338199,1.2114736,407.17149,1087.1862,96,0,-1.1661934,nan,0.074717517,nan,nan,91363.996,-3800.7613,16.601932,-330.75856,-3.595312e-05,0.051980461,-0.054810554,0,0,0,0,0,0
8.08,3345.7835,216.82257,-1085.3123,158.5252,11.595393,374.69918,-0.00067275743,-1.1654964,0.073604011,0.00054189723,-0.00091823588,0.00016245761,-0.0021681235,-1.3427806e-08,6.4305556e-05,0.99999991,-0.0022033288,-3.2316013e-08,6.4738574e-05,1,0,0,0.0041039661,-0.00023263017,1.2109926,407.01864,1085.3123,96,0,-1.1661927,nan,0.074716822,nan,nan,91312.243,-3799.3101,16.504318,-330.69473,-5.6714127e-05,0.04905005,-0.054758015,0,0,0,0,0,0
8.085,3346.576,216.88054,-1083.4391,158.46313,11.591664,374.5596,-0.00067193505,-1.165501,0.073606065,0.00054183227,-0.00091571635,0.00015957907,-0.0021774401,-1.8431253e-08,6.4421061e-05,0.99999991,-0.0022129748,-3.7528079e-08,6.4863931e-05,1,0,0,0.0041061096,-0.00023143725,1.2105118,406.86586,1083.4391,96,0,-1.166192,nan,0.07471609,nan,nan,91260.521,-3797.859,16.406586,-330.63272,-7.7271496e-05,0.046073903,-0.054706249,0,0,0,0,0,0
8.09,3347.3682,216.93849,-1081.5665,158.40108,11.587932,374.42009,-0.00067107949,-1.1655056,0.073608082,0.00054174684,-0.00091335442,0.00015670316,-0.0021868436,-2.349015e-08,6.4539181e-05,0.99999991,-0.00222271,-4.2799083e-08,6.4992051e-05,1,0,0,0.0041082754,-0.00023024119,1.2100313,406.71315,1081.5665,96,0,-1.1661913,nan,0.07471532,nan,nan,91208.83,-3796.408,16.308739,-330.57245,-9.7622928e-05,0.043052396,-0.054659037,0,0,0,0,0,0
8.095,3348.16,216.99642,-1079.6947,158.33906,11.584196,374.28066,-0.0006701909,-1.1655102,0.073610062,0.00054164115,-0.00091115247,0.00015382959,-0.0021963348,-2.8605423e-08,6.4659952e-05,0.99999991,-0.0022325351,-4.8130007e-08,6.5122928e-05,1,0,0,0.0041104624,-0.00022904201,1.209551,406.56052,1079.6947,96,0,-1.1661905,nan,0.074714512,nan,nan,91157.169,-3794.957,16.210779,-330.51382,-0.00011776603,0.039985883,-0.054618728,0,0,0,0,0,0
8.1,3348.9516,217.05433,-1077.8236,158.27706,11.580458,374.14129,-0.00066926939,-1.1655147,0.073612006,0.00054151539,-0.00090911287,0.00015095798,-0.0022059142,-3.3778018e-08,6.4783393e-05,0.99999991,-0.0022424507,-5.3521891e-08,6.5256541e-05,1,0,0,0.0041126695,-0.00022783974,1.209071,406.40797,1077.8236,96,0,-1.1661896,nan,0.074713666,nan,nan,91105.539,-3793.5062,16.112711,-330.45676,-0.00013769835,0.036874702,-0.054585904,0,0,0,0,0,0
8.105,3349.7429,217.11223,-1075.9532,158.2151,11.576716,374.00199,-0.00066831509,-1.1655193,0.073613913,0.00054136979,-0.00090723796,0.00014808794,-0.0022155825,-3.9008912e-08,6.4909515e-05,0.99999991,-0.0022524575,-5.8975838e-08,6.5392861e-05,1,0,0,0.0041148959,-0.00022663442,1.2085913,406.25549,1075.9532,96,0,-1.1661887,nan,0.074712782,nan,nan,91053.94,-3792.0555,16.014537,-330.40119,-0.00015741741,0.033719168,-0.054559414,0,0,0,0,0,0
8.11,3350.5338,217.1701,-1074.0834,158.15316,11.572971,373.86276,-0.00066732811,-1.1655238,0.073615785,0.00054120455,-0.00090553006,0.00014521921,-0.0022253402,-4.4299119e-08,6.5038321e-05,0.99999991,-0.002262556,-6.4493009e-08,6.5531862e-05,1,0,0,0.0041171404,-0.00022542607,1.2081118,406.10309,1074.0834,96,0,-1.1661877,nan,0.074711861,nan,nan,91002.371,-3790.6049,15.916259,-330.34701,-0.00017692075,0.030519579,-0.054536757,0,0,0,0,0,0
8.115,3351.3245,217.22796,-1072.2144,158.09125,11.569223,373.72361,-0.00066630856,-1.1655283,0.073617619,0.0005410199,-0.0009039915,0.00014235163,-0.002235188,-4.9649692e-08,6.5169808e-05,0.99999991,-0.002272747,-7.0074617e-08,6.5673531e-05,1,0,0,0.0041194022,-0.00022421473,1.2076326,405.95077,1072.2144,96,0,-1.1661867,nan,0.074710902,nan,nan,90950.832,-3789.1545,15.817879,-330.29416,-0.00019620591,0.027276211,-0.054514683,0,0,0,0,0,0
8.12,3352.1148,217.2858,-1070.3461,158.02937,11.565472,373.58452,-0.00066525657,-1.1655328,0.073619418,0.00054081605,-0.00090262456,0.00013948526,-0.0022451265,-5.5061728e-08,6.5303973e-05,0.99999991,-0.0022830311,-7.572191e-08,6.581787e-05,1,0,0,0.0041216801,-0.0002230004,1.2071536,405.79852,1070.3461,96,0,-1.1661857,nan,0.074709906,nan,nan,90899.324,-3787.7041,15.719399,-330.24254,-0.00021527042,0.023989319,-0.054489885,0,0,0,0,0,0
8.125,3352.9048,217.34362,-1068.4784,157.96752,11.561717,373.4455,-0.00066417222,-1.1655373,0.07362118,0.00054059323,-0.00090143154,0.00013662029,-0.0022551563,-6.0536359e-08,6.5440817e-05,0.99999991,-0.0022934091,-8.143616e-08,6.5964901e-05,1,0,0,0.0041239733,-0.00022178313,1.2066749,405.64634,1068.4784,96,0,-1.1661845,nan,0.074708872,nan,nan,90847.847,-3786.2538,15.620822,-330.19207,-0.0002341118,0.020659136,-0.054459644,0,0,0,0,0,0
8.13,3353.6945,217.40142,-1066.6115,157.9057,11.55796,373.30656,-0.00066305565,-1.1655418,0.073622905,0.00054035165,-0.00090041471,0.00013375705,-0.0022652781,-6.6074753e-08,6.5580348e-05,0.99999991,-0.0023038815,-8.7218649e-08,6.6114664e-05,1,0,0,0.0041262806,-0.00022056294,1.2061964,405.49424,1066.6115,96,0,-1.1661834,nan,0.0747078,nan,nan,90796.4,-3784.8037,15.52215,-330.14267,-0.00025272752,0.017285873,-0.054422299,0,0,0,0,0,0
8.135,3354.4839,217.4592,-1064.7452,157.84391,11.554199,373.16768,-0.00066190696,-1.1655463,0.073624595,0.00054009155,-0.00089957632,0.00013089594,-0.0022754926,-7.1678102e-08,6.5722584e-05,0.99999992,-0.002314449,-9.3070663e-08,6.626721e-05,1,0,0,0.0041286011,-0.00021933986,1.2057182,405.34222,1064.7452,96,0,-1.1661822,nan,0.074706691,nan,nan,90744.984,-3783.3537,15.423385,-330.09426,-0.00027111499,0.013869722,-0.05437747,0,0,0,0,0,0
8.14,3355.273,217.51697,-1062.8797,157.78214,11.550436,373.02887,-0.00066072627,-1.1655508,0.073626248,0.00053981315,-0.00089891864,0.00012803732,-0.0022858004,-7.7347621e-08,6.5867549e-05,0.99999992,-0.0023251125,-9.8993489e-08,6.6422597e-05,1,0,0,0.0041309337,-0.00021811391,1.2052402,405.19027,1062.8797,96,0,-1.1661809,nan,0.074705545,nan,nan,90693.598,-3781.9038,15.32453,-330.04676,-0.00028927149,0.010410847,-0.054326016,0,0,0,0,0,0
8.145,3356.0618,217.57471,-1061.0148,157.7204,11.546669,372.89014,-0.00065951371,-1.1655553,0.073627865,0.00053951669,-0.00089844392,0.00012518152,-0.0022962022,-8.3084541e-08,6.6015278e-05,0.99999992,-0.0023358726,-1.0498842e-07,6.6580878e-05,1,0,0,0.0041332775,-0.00021688514,1.2047625,405.0384,1061.0148,96,0,-1.1661796,nan,0.074704361,nan,nan,90642.243,-3780.454,15.225588,-330.00008,-0.00030719421,0.0069093937,-0.05426977,0,0,0,0,0,0
8.15,3356.8503,217.63244,-1059.1506,157.6587,11.542899,372.75147,-0.0006582694,-1.1655598,0.073629445,0.0005392024,-0.00089815438,0.00012232875,-0.0023066987,-8.8890109e-08,6.6165806e-05,0.99999992,-0.0023467301,-1.1105676e-07,6.6742104e-05,1,0,0,0.0041356315,-0.00021565356,1.2042851,404.8866,1059.1506,96,0,-1.1661782,nan,0.074703139,nan,nan,90590.918,-3779.0043,15.126562,-329.95414,-0.00032488019,0.0033654832,-0.054211102,0,0,0,0,0,0
8.155,3357.6385,217.69014,-1057.2871,157.59702,11.539126,372.61287,-0.00065699346,-1.1655643,0.07363099,0.00053887053,-0.00089805226,0.00011947906,-0.0023172907,-9.4765588e-08,6.6319172e-05,0.99999992,-0.0023576856,-1.1719984e-07,6.6906308e-05,1,0,0,0.0041379945,-0.00021441922,1.2038079,404.73488,1057.2871,96,0,-1.1661767,nan,0.074701881,nan,nan,90539.624,-3777.5548,15.027456,-329.90886,-0.00034232635,-0.00022078689,-0.054152435,0,0,0,0,0,0
8.16,3358.4263,217.74783,-1055.4243,157.53537,11.53535,372.47435,-0.00065568601,-1.1655688,0.073632498,0.0005385213,-0.00089813979,0.00011663243,-0.0023279787,-1.0071226e-07,6.6475411e-05,0.99999992,-0.00236874,-1.2341902e-07,6.7073515e-05,1,0,0,0.0041403657,-0.00021318215,1.203331,404.58324,1055.4243,96,0,-1.1661753,nan,0.074700584,nan,nan,90488.361,-3776.1053,14.928272,-329.86416,-0.00035952948,-0.0038493418,-0.05409578,0,0,0,0,0,0
8.165,3359.2139,217.8055,-1053.5622,157.47375,11.53157,372.33589,-0.00065434719,-1.1655733,0.073633971,0.00053815497,-0.00089841919,0.00011378872,-0.0023387636,-1.0673144e-07,6.6634554e-05,0.99999992,-0.0023798941,-1.2971573e-07,6.7243735e-05,1,0,0,0.004142744,-0.00021194238,1.2028543,404.43167,1053.5622,96,0,-1.1661737,nan,0.074699251,nan,nan,90437.128,-3774.656,14.829013,-329.81995,-0.00037648627,-0.0075201306,-0.054042405,0,0,0,0,0,0
8.17,3360.0011,217.86315,-1051.7008,157.41215,11.527788,372.1975,-0.0006529771,-1.1655778,0.073635407,0.00053777178,-0.00089889269,0.00011094773,-0.0023496461,-1.1282446e-07,6.6796625e-05,0.99999992,-0.0023911485,-1.3609141e-07,6.7416969e-05,1,0,0,0.0041451283,-0.00021069994,1.2023779,404.28017,1051.7008,96,0,-1.1661721,nan,0.07469788,nan,nan,90385.925,-3773.2069,14.729681,-329.77616,-0.00039319335,-0.011233126,-0.053992657,0,0,0,0,0,0
8.175,3360.7881,217.92078,-1049.8401,157.35059,11.524002,372.05919,-0.00065157586,-1.1655823,0.073636807,0.00053737198,-0.00089956251,0.00010810929,-0.0023606269,-1.1899269e-07,6.6961645e-05,0.99999992,-0.0024025041,-1.4254761e-07,6.7593216e-05,1,0,0,0.0041475177,-0.00020945486,1.2019017,404.12875,1049.8401,96,0,-1.1661705,nan,0.074696473,nan,nan,90334.754,-3771.7578,14.63028,-329.7327,-0.00040964723,-0.014988326,-0.053945986,0,0,0,0,0,0
8.18,3361.5747,217.9784,-1047.9801,157.28905,11.520213,371.92094,-0.00065014359,-1.1655868,0.073638171,0.00053695584,-0.00090043087,0.00010527327,-0.0023717068,-1.2523757e-07,6.7129627e-05,0.99999992,-0.0024139618,-1.4908589e-07,6.7772474e-05,1,0,0,0.0041499112,-0.00020820717,1.2014258,403.97741,1047.9801,96,0,-1.1661688,nan,0.074695028,nan,nan,90283.612,-3770.3089,14.530812,-329.68949,-0.00042584439,-0.018785752,-0.053901111,0,0,0,0,0,0
8.185,3362.361,218.03599,-1046.1208,157.22755,11.516422,371.78277,-0.00064868039,-1.1655913,0.0736395,0.0005365236,-0.00090149998,0.0001024396,-0.0023828866,-1.3156054e-07,6.7300584e-05,0.99999992,-0.0024255223,-1.5570789e-07,6.7954749e-05,1,0,0,0.0041523076,-0.0002069569,1.2009501,403.82614,1046.1208,96,0,-1.166167,nan,0.074693545,nan,nan,90232.502,-3768.8601,14.431279,-329.64646,-0.00044178123,-0.02262545,-0.053856324,0,0,0,0,0,0
8.19,3363.147,218.09356,-1044.2622,157.16607,11.512627,371.64466,-0.00064718638,-1.1655958,0.073640792,0.00053607552,-0.00090277209,9.9608316e-05,-0.002394167,-1.3796311e-07,6.7474526e-05,0.99999992,-0.0024371864,-1.6241528e-07,6.8140054e-05,1,0,0,0.0041547061,-0.00020570408,1.2004747,403.67495,1044.2622,96,0,-1.1661652,nan,0.074692026,nan,nan,90181.422,-3767.4115,14.331683,-329.60351,-0.00045745408,-0.026507493,-0.053809832,0,0,0,0,0,0
8.195,3363.9327,218.15112,-1042.4042,157.10462,11.508829,371.50662,-0.00064566165,-1.1656003,0.073642048,0.00053561189,-0.00090424941,9.6779544e-05,-0.0024055489,-1.4444684e-07,6.7651467e-05,0.99999993,-0.0024489551,-1.6920979e-07,6.8328414e-05,1,0,0,0.0041571055,-0.00020444872,1.1999996,403.52384,1042.4042,96,0,-1.1661634,nan,0.07469047,nan,nan,90130.372,-3765.963,14.232027,-329.56057,-0.0004728592,-0.030431979,-0.053760084,0,0,0,0,0,0
8.2,3364.7181,218.20866,-1040.5469,157.0432,11.505027,371.36866,-0.00064410632,-1.1656048,0.073643269,0.00053513295,-0.00090593419,9.3953479e-05,-0.0024170331,-1.5101331e-07,6.7831424e-05,0.99999993,-0.0024608291,-1.7609315e-07,6.8519863e-05,1,0,0,0.0041595048,-0.00020319087,1.1995247,403.3728,1040.5469,96,0,-1.1661614,nan,0.074688877,nan,nan,90079.353,-3764.5146,14.132312,-329.51756,-0.00048799274,-0.034399031,-0.05370603,0,0,0,0,0,0
8.205,3365.5032,218.26617,-1038.6904,156.98181,11.501223,371.23076,-0.00064252049,-1.1656094,0.073644454,0.00053463899,-0.00090782866,9.1130361e-05,-0.0024286204,-1.5766416e-07,6.8014419e-05,0.99999993,-0.0024728095,-1.8306715e-07,6.8714444e-05,1,0,0,0.0041619031,-0.00020193055,1.1990501,403.22183,1038.6904,96,0,-1.1661595,nan,0.074687246,nan,nan,90028.365,-3763.0664,14.032542,-329.4744,-0.00050285076,-0.038408801,-0.053647264,0,0,0,0,0,0
8.21,3366.288,218.32367,-1036.8345,156.92045,11.497415,371.09293,-0.00064090428,-1.1656139,0.073645603,0.00053413029,-0.00090993509,8.8310435e-05,-0.0024403116,-1.6440105e-07,6.820048e-05,0.99999993,-0.0024848969,-1.9013359e-07,6.8912201e-05,1,0,0,0.0041642993,-0.00020066778,1.1985757,403.07094,1036.8345,96,0,-1.1661574,nan,0.074685579,nan,nan,89977.407,-3761.6182,13.932719,-329.43101,-0.00051742916,-0.042461467,-0.05358404,0,0,0,0,0,0
8.215,3367.0725,218.38115,-1034.9793,156.85911,11.493605,370.95518,-0.0006392578,-1.1656185,0.073646716,0.00053360712,-0.00091225573,8.5493921e-05,-0.0024521076,-1.712257e-07,6.8389639e-05,0.99999993,-0.0024970925,-1.972943e-07,6.9113184e-05,1,0,0,0.0041666923,-0.00019940261,1.1981016,402.92013,1034.9793,96,0,-1.1661553,nan,0.074683875,nan,nan,89926.479,-3760.1703,13.832846,-329.3873,-0.00053172372,-0.046557232,-0.053517167,0,0,0,0,0,0
8.22,3367.8567,218.43861,-1033.1248,156.79781,11.489791,370.81749,-0.00063758116,-1.165623,0.073647794,0.00053306977,-0.00091479285,8.2680987e-05,-0.0024640093,-1.7813983e-07,6.8581931e-05,0.99999993,-0.002509397,-2.0455116e-07,6.9317437e-05,1,0,0,0.0041690812,-0.00019813505,1.1976277,402.76939,1033.1248,96,0,-1.1661532,nan,0.074682134,nan,nan,89875.583,-3758.7225,13.732924,-329.3432,-0.00054573009,-0.05069633,-0.053447821,0,0,0,0,0,0
8.225,3368.6405,218.49605,-1031.271,156.73653,11.485974,370.67987,-0.00063587447,-1.1656276,0.073648836,0.00053251853,-0.00091754875,7.9871738e-05,-0.0024760175,-1.8514522e-07,6.8777393e-05,0.99999993,-0.0025218115,-2.1190607e-07,6.9524999e-05,1,0,0,0.0041714649,-0.00019686515,1.1971541,402.61872,1031.271,96,0,-1.166151,nan,0.074680357,nan,nan,89824.717,-3757.2748,13.632958,-329.29862,-0.00055944373,-0.054879022,-0.053377307,0,0,0,0,0,0
8.23,3369.4241,218.55348,-1029.4179,156.67529,11.482154,370.54233,-0.00063413785,-1.1656322,0.073649842,0.0005319537,-0.00092052571,7.7066209e-05,-0.0024881331,-1.9224369e-07,6.8976061e-05,0.99999993,-0.0025343369,-2.19361e-07,6.9735904e-05,1,0,0,0.0041738424,-0.00019559293,1.1966807,402.46814,1029.4179,96,0,-1.1661487,nan,0.074678542,nan,nan,89773.881,-3755.8272,13.53295,-329.25349,-0.00057285997,-0.059105594,-0.053306817,0,0,0,0,0,0
8.235,3370.2074,218.61088,-1027.5654,156.61407,11.478331,370.40485,-0.0006323714,-1.1656368,0.073650813,0.00053137557,-0.00092372607,7.4264379e-05,-0.0025003572,-1.9943707e-07,6.917797e-05,0.99999993,-0.0025469741,-2.2691793e-07,6.9950179e-05,1,0,0,0.0041762126,-0.00019431843,1.1962076,402.31762,1027.5654,96,0,-1.1661464,nan,0.074676691,nan,nan,89723.076,-3754.3799,13.432902,-329.20773,-0.00058597399,-0.063376366,-0.053237235,0,0,0,0,0,0
8.24,3370.9903,218.66826,-1025.7137,156.55288,11.474505,370.26744,-0.00063057524,-1.1656414,0.073651748,0.00053078445,-0.00092715214,7.1466189e-05,-0.0025126905,-2.0672728e-07,6.9383151e-05,0.99999993,-0.0025597242,-2.3457896e-07,7.0167843e-05,1,0,0,0.0041785744,-0.00019304168,1.1957348,402.16719,1025.7137,96,0,-1.166144,nan,0.074674803,nan,nan,89672.302,-3752.9326,13.332817,-329.16125,-0.00059878082,-0.067691683,-0.053169009,0,0,0,0,0,0
8.245,3371.7729,218.72563,-1023.8626,156.49172,11.470675,370.13011,-0.00062874947,-1.1656461,0.073652648,0.00053018064,-0.00093080629,6.8671567e-05,-0.0025251341,-2.1411624e-07,6.9591635e-05,0.99999993,-0.0025725881,-2.4234621e-07,7.0388915e-05,1,0,0,0.004180927,-0.0001917627,1.1952622,402.01683,1023.8626,96,0,-1.1661416,nan,0.074672879,nan,nan,89621.558,-3751.4855,13.232697,-329.11398,-0.00061127536,-0.07205192,-0.053102108,0,0,0,0,0,0
8.25,3372.5553,218.78297,-1022.0122,156.43058,11.466843,369.99284,-0.0006268942,-1.1656507,0.073653512,0.00052956447,-0.00093469088,6.5880452e-05,-0.0025376889,-2.2160596e-07,6.9803446e-05,0.99999993,-0.0025855669,-2.5022189e-07,7.0613413e-05,1,0,0,0.0041832692,-0.00019048153,1.1947898,401.86654,1022.0122,96,0,-1.1661391,nan,0.074670918,nan,nan,89570.845,-3750.0386,13.132546,-329.06583,-0.00062345235,-0.076457482,-0.053036069,0,0,0,0,0,0
8.255,3373.3373,218.8403,-1020.1626,156.36948,11.463007,369.85564,-0.00062500953,-1.1656554,0.073654341,0.00052893625,-0.00093880832,6.3092814e-05,-0.0025503558,-2.2919848e-07,7.0018611e-05,0.99999993,-0.0025986616,-2.5820825e-07,7.0841353e-05,1,0,0,0.0041856,-0.0001891982,1.1943178,401.71633,1020.1626,96,0,-1.1661365,nan,0.074668921,nan,nan,89520.162,-3748.5918,13.032366,-329.01674,-0.00063530641,-0.080908804,-0.052970109,0,0,0,0,0,0
8.26,3374.119,218.89761,-1018.3136,156.3084,11.459168,369.71852,-0.00062309557,-1.1656601,0.073655135,0.00052829631,-0.00094316101,6.030867e-05,-0.0025631359,-2.3689592e-07,7.0237152e-05,0.99999993,-0.0026118734,-2.6630762e-07,7.1072761e-05,1,0,0,0.0041879183,-0.00018791273,1.1938459,401.5662,1018.3136,96,0,-1.1661339,nan,0.074666887,nan,nan,89469.51,-3747.1451,12.932158,-328.96661,-0.00064683199,-0.085406353,-0.052903284,0,0,0,0,0,0
8.265,3374.9005,218.9549,-1016.4652,156.24736,11.455326,369.58146,-0.0006211524,-1.1656648,0.073655893,0.00052764497,-0.0009477514,5.7528086e-05,-0.0025760302,-2.4470044e-07,7.0459093e-05,0.99999993,-0.0026252032,-2.7452239e-07,7.1307663e-05,1,0,0,0.004190223,-0.00018662516,1.1933744,401.41614,1016.4652,96,0,-1.1661312,nan,0.074664816,nan,nan,89418.888,-3745.6986,12.831925,-328.91536,-0.00065802342,-0.089950625,-0.052834661,0,0,0,0,0,0
8.27,3375.6816,219.01216,-1014.6176,156.18634,11.451481,369.44447,-0.00061918013,-1.1656696,0.073656616,0.00052698258,-0.00095258197,5.4751173e-05,-0.0025890398,-2.5261426e-07,7.0684461e-05,0.99999994,-0.0026386521,-2.8285501e-07,7.1546094e-05,1,0,0,0.0041925133,-0.0001853355,1.192903,401.26615,1014.6176,96,0,-1.1661284,nan,0.07466271,nan,nan,89368.297,-3744.2523,12.731669,-328.86293,-0.00066887484,-0.094542148,-0.052763465,0,0,0,0,0,0
8.275,3376.4624,219.06941,-1012.7707,156.12535,11.447633,369.30755,-0.00061717885,-1.1656744,0.073657304,0.00052630947,-0.00095765521,5.1978081e-05,-0.0026021656,-2.6063968e-07,7.0913285e-05,0.99999994,-0.0026522213,-2.9130798e-07,7.1788094e-05,1,0,0,0.0041947879,-0.0001840438,1.192432,401.11624,1012.7707,96,0,-1.1661256,nan,0.074660567,nan,nan,89317.737,-3742.8061,12.631393,-328.80923,-0.00067938022,-0.099181482,-0.052689202,0,0,0,0,0,0
8.28,3377.2429,219.12664,-1010.9244,156.06438,11.443781,369.17071,-0.00061514867,-1.1656792,0.073657957,0.000525626,-0.00096297364,4.9208974e-05,-0.0026154087,-2.6877902e-07,7.1145595e-05,0.99999994,-0.002665912,-2.9988385e-07,7.2033707e-05,1,0,0,0.0041970459,-0.00018275008,1.1919611,400.96641,1010.9244,96,0,-1.1661228,nan,0.074658387,nan,nan,89267.207,-3741.3601,12.5311,-328.75417,-0.00068953335,-0.10386922,-0.052611707,0,0,0,0,0,0
8.285,3378.0231,219.18386,-1009.0788,156.00345,11.439927,369.03393,-0.00061308969,-1.165684,0.073658575,0.00052493252,-0.00096853984,4.6444023e-05,-0.0026287703,-2.7703468e-07,7.1381428e-05,0.99999994,-0.0026797252,-3.0858525e-07,7.2282979e-05,1,0,0,0.0041992861,-0.00018145437,1.1914906,400.81665,1009.0788,96,0,-1.1661199,nan,0.074656172,nan,nan,89216.708,-3739.9142,12.43079,-328.69769,-0.00069932782,-0.10860599,-0.052531147,0,0,0,0,0,0
8.29,3378.803,219.24105,-1007.2339,155.94255,11.436069,368.89722,-0.000611002,-1.1656888,0.073659158,0.0005242294,-0.00097435638,4.368338e-05,-0.0026422514,-2.8540913e-07,7.162082e-05,0.99999994,-0.0026936621,-3.1741484e-07,7.2535958e-05,1,0,0,0.0042015076,-0.00018015671,1.1910203,400.66697,1007.2339,96,0,-1.1661169,nan,0.07465392,nan,nan,89166.239,-3738.4685,12.330468,-328.63969,-0.00070875699,-0.11339245,-0.052447962,0,0,0,0,0,0
8.295,3379.5826,219.29822,-1005.3897,155.88167,11.432208,368.76059,-0.0006088857,-1.1656937,0.073659706,0.00052351699,-0.00098042592,4.0927171e-05,-0.0026558531,-2.9390487e-07,7.1863812e-05,0.99999994,-0.002707724,-3.2637536e-07,7.279269e-05,1,0,0,0.0042037093,-0.00017885711,1.1905502,400.51737,1005.3897,96,0,-1.1661138,nan,0.074651632,nan,nan,89115.801,-3737.023,12.230136,-328.58011,-0.00071781404,-0.11822929,-0.052362768,0,0,0,0,0,0
8.3,3380.3619,219.35537,-1003.5462,155.82082,11.428344,368.62402,-0.00060674089,-1.1656986,0.073660218,0.00052279567,-0.0009867511,3.817549e-05,-0.0026695766,-3.0252447e-07,7.2110445e-05,0.99999994,-0.0027219121,-3.3546961e-07,7.3053219e-05,1,0,0,0.00420589,-0.00017755562,1.1900804,400.36783,1003.5462,96,0,-1.1661107,nan,0.074649308,nan,nan,89065.393,-3735.5776,12.129796,-328.51886,-0.00072649191,-0.12311724,-0.052276244,0,0,0,0,0,0
8.305,3381.1408,219.41251,-1001.7033,155.76,11.424476,368.48752,-0.00060456767,-1.1657036,0.073660696,0.00052206583,-0.00099333464,3.5428392e-05,-0.0026834231,-3.1127057e-07,7.2360759e-05,0.99999994,-0.0027362276,-3.4470046e-07,7.3317586e-05,1,0,0,0.0042080488,-0.00017625227,1.1896109,400.21838,1001.7033,96,0,-1.1661075,nan,0.074646949,nan,nan,89015.016,-3734.1324,12.029451,-328.45586,-0.00073478329,-0.12805706,-0.052189012,0,0,0,0,0,0
8.31,3381.9195,219.46962,-999.86116,155.6992,11.420606,368.3511,-0.00060236613,-1.1657086,0.07366114,0.00052132786,-0.0010001793,3.2685905e-05,-0.0026973937,-3.2014586e-07,7.2614795e-05,0.99999994,-0.0027506717,-3.5407086e-07,7.358583e-05,1,0,0,0.0042101845,-0.00017494709,1.1891416,400.069,999.86116,96,0,-1.1661043,nan,0.074644553,nan,nan,88964.67,-3732.6874,11.929103,-328.39104,-0.00074268067,-0.13304954,-0.05210154,0,0,0,0,0,0
8.315,3382.6979,219.52672,-998.01968,155.63844,11.416732,368.21474,-0.00060013637,-1.1657136,0.073661548,0.00052058214,-0.0010072878,2.9948035e-05,-0.0027114896,-3.2915312e-07,7.2872594e-05,0.99999994,-0.0027652458,-3.6358384e-07,7.3857985e-05,1,0,0,0.0042122961,-0.0001736401,1.1886726,399.91969,998.01968,96,0,-1.166101,nan,0.074642121,nan,nan,88914.354,-3731.2425,11.828755,-328.3243,-0.00075017628,-0.13809553,-0.052014084,0,0,0,0,0,0
8.32,3383.476,219.58379,-996.17888,155.5777,11.412856,368.07846,-0.00059787848,-1.1657186,0.073661922,0.0005198291,-0.0010146631,2.7214782e-05,-0.0027257121,-3.3829517e-07,7.3134194e-05,0.99999994,-0.0027799511,-3.732425e-07,7.4134087e-05,1,0,0,0.0042143825,-0.00017233134,1.1882038,399.77046,996.17888,96,0,-1.1660976,nan,0.074639653,nan,nan,88864.069,-3729.7978,11.728409,-328.25558,-0.00075726212,-0.1431959,-0.051926657,0,0,0,0,0,0
8.325,3384.2537,219.64085,-994.33876,155.51699,11.408976,367.94224,-0.00059559255,-1.1657237,0.073662261,0.00051906914,-0.0010223079,2.4486147e-05,-0.0027400624,-3.4757493e-07,7.3399633e-05,0.99999994,-0.0027947891,-3.8305004e-07,7.4414168e-05,1,0,0,0.0042164426,-0.00017102085,1.1877353,399.62131,994.33876,96,0,-1.1660942,nan,0.07463715,nan,nan,88813.814,-3728.3532,11.628068,-328.1848,-0.00076392994,-0.14835154,-0.051839047,0,0,0,0,0,0
8.33,3385.0312,219.69789,-992.49932,155.4563,11.405092,367.80609,-0.00059327866,-1.1657289,0.073662565,0.00051830268,-0.0010302253,2.1762149e-05,-0.0027545418,-3.5699539e-07,7.3668947e-05,0.99999994,-0.0028097609,-3.9300975e-07,7.4698264e-05,1,0,0,0.0042184754,-0.00016970864,1.187267,399.47223,992.49932,96,0,-1.1660907,nan,0.07463461,nan,nan,88763.59,-3726.9089,11.527734,-328.11187,-0.00077017122,-0.1535634,-0.05175087,0,0,0,0,0,0
8.335,3385.8084,219.7549,-990.66056,155.39565,11.401206,367.67002,-0.00059093691,-1.165734,0.073662836,0.00051753015,-0.0010384183,1.9042828e-05,-0.0027691516,-3.6655961e-07,7.3942173e-05,0.99999994,-0.0028248681,-4.0312499e-07,7.4986412e-05,1,0,0,0.0042204796,-0.00016839476,1.186799,399.32322,990.66056,96,0,-1.1660871,nan,0.074632035,nan,nan,88713.396,-3725.4647,11.427409,-328.03671,-0.00077597719,-0.15883247,-0.051661638,0,0,0,0,0,0
8.34,3386.5852,219.8119,-988.82248,155.33502,11.397316,367.53401,-0.00058856737,-1.1657392,0.073663071,0.00051675199,-0.0010468897,1.6328251e-05,-0.0027838931,-3.7627073e-07,7.4219348e-05,0.99999994,-0.002840112,-4.1339922e-07,7.5278652e-05,1,0,0,0.0042224544,-0.00016707922,1.1863312,399.1743,988.82248,96,0,-1.1660835,nan,0.074629425,nan,nan,88663.233,-3724.0207,11.327096,-327.95924,-0.0007813388,-0.16415977,-0.051570843,0,0,0,0,0,0
8.345,3387.3618,219.86888,-986.98508,155.27442,11.393424,367.39808,-0.00058617014,-1.1657445,0.073663272,0.00051596865,-0.0010556428,1.361851e-05,-0.0027987675,-3.8613199e-07,7.4500511e-05,0.99999994,-0.002855494,-4.2383598e-07,7.5575029e-05,1,0,0,0.0042243984,-0.00016576207,1.1858637,399.02544,986.98508,96,0,-1.1660798,nan,0.074626779,nan,nan,88613.101,-3722.5768,11.226798,-327.87939,-0.00078624671,-0.16954635,-0.051478035,0,0,0,0,0,0
8.35,3388.138,219.92584,-985.14837,155.21384,11.389528,367.26222,-0.00058374528,-1.1657498,0.073663439,0.00051518059,-0.0010646807,1.091372e-05,-0.0028137764,-3.9614669e-07,7.4785703e-05,0.99999995,-0.0028710156,-4.3443888e-07,7.587559e-05,1,0,0,0.0042263107,-0.00016444332,1.1853964,398.87667,985.14837,96,0,-1.166076,nan,0.074624097,nan,nan,88562.999,-3721.1331,11.126515,-327.79707,-0.00079069129,-0.17499332,-0.051382882,0,0,0,0,0,0
8.355,3388.914,219.98278,-983.31233,155.15329,11.385628,367.12642,-0.0005812929,-1.1657551,0.073663572,0.00051438827,-0.0010740066,8.2140087e-06,-0.0028289211,-4.0631824e-07,7.5074964e-05,0.99999995,-0.0028866784,-4.4521164e-07,7.6180387e-05,1,0,0,0.0042281901,-0.00016312302,1.1849294,398.72796,983.31233,96,0,-1.1660722,nan,0.07462138,nan,nan,88512.928,-3719.6897,11.026252,-327.71221,-0.00079466258,-0.18050182,-0.05128521,0,0,0,0,0,0
8.36,3389.6896,220.0397,-981.47697,155.09277,11.381726,366.9907,-0.00057881306,-1.1657605,0.07366367,0.00051359218,-0.0010836237,5.5195106e-06,-0.0028442029,-4.1665009e-07,7.5368341e-05,0.99999995,-0.0029024836,-4.5615805e-07,7.6489471e-05,1,0,0,0.0042300355,-0.00016180119,1.1844627,398.57934,981.47697,96,0,-1.1660683,nan,0.074618627,nan,nan,88462.887,-3718.2463,10.926009,-327.62471,-0.0007981503,-0.18607304,-0.051185014,0,0,0,0,0,0
8.365,3390.465,220.0966,-979.64228,155.03228,11.37782,366.85505,-0.00057630584,-1.1657659,0.073663735,0.00051279279,-0.0010935353,2.8303566e-06,-0.0028596233,-4.2714583e-07,7.566588e-05,0.99999995,-0.002918433,-4.67282e-07,7.6802899e-05,1,0,0,0.0042318458,-0.00016047786,1.1839962,398.43078,979.64228,96,0,-1.1660643,nan,0.074615839,nan,nan,88412.877,-3716.8032,10.825791,-327.53451,-0.00080114384,-0.1917082,-0.051082442,0,0,0,0,0,0
8.37,3391.24,220.15348,-977.80828,154.97181,11.373911,366.71947,-0.00057377132,-1.1657714,0.073663765,0.00051199061,-0.001103745,1.4666715e-07,-0.0028751838,-4.3780908e-07,7.596763e-05,0.99999995,-0.0029345281,-4.7858743e-07,7.7120725e-05,1,0,0,0.0042336198,-0.00015915308,1.1835299,398.28231,977.80828,96,0,-1.1660603,nan,0.074613016,nan,nan,88362.898,-3715.3603,10.725598,-327.44151,-0.0008036322,-0.19740856,-0.050977755,0,0,0,0,0,0
8.375,3392.0147,220.21035,-975.97495,154.91137,11.369999,366.58396,-0.00057120959,-1.165777,0.073663761,0.00051118614,-0.001114256,-2.5314526e-06,-0.0028908859,-4.4864357e-07,7.6273641e-05,0.99999995,-0.0029507704,-4.9007842e-07,7.7443005e-05,1,0,0,0.0042353563,-0.00015782685,1.1830639,398.13391,975.97495,96,0,-1.1660562,nan,0.074610157,nan,nan,88312.949,-3713.9175,10.625434,-327.34564,-0.00080560405,-0.20317545,-0.050871281,0,0,0,0,0,0
8.38,3392.7892,220.26719,-974.1423,154.85096,11.366084,366.44852,-0.00056862071,-1.1657826,0.073663724,0.00051037992,-0.001125072,-5.2039149e-06,-0.0029067311,-4.5965314e-07,7.6583964e-05,0.99999995,-0.0029671617,-5.017591e-07,7.7769794e-05,1,0,0,0.0042370544,-0.00015649923,1.1825982,397.98558,974.1423,96,0,-1.166052,nan,0.074607263,nan,nan,88263.03,-3712.4749,10.525301,-327.24681,-0.00080704767,-0.20901022,-0.050763354,0,0,0,0,0,0
8.385,3393.5633,220.32401,-972.31033,154.79057,11.362165,366.31315,-0.00056600475,-1.1657882,0.073663652,0.00050957247,-0.0011361966,-7.8706492e-06,-0.0029227209,-4.7084166e-07,7.6898651e-05,0.99999995,-0.0029837034,-5.1363371e-07,7.8101144e-05,1,0,0,0.0042387127,-0.00015517024,1.1821327,397.83733,972.31033,96,0,-1.1660478,nan,0.074604334,nan,nan,88213.142,-3711.0325,10.425201,-327.14495,-0.00080795093,-0.21491427,-0.050654263,0,0,0,0,0,0
8.39,3394.3371,220.38081,-970.47904,154.7302,11.358243,366.17785,-0.00056336181,-1.1657939,0.073663547,0.00050876433,-0.0011476334,-1.0531598e-05,-0.0029388569,-4.8221315e-07,7.7217755e-05,0.99999995,-0.0030003973,-5.2570658e-07,7.8437108e-05,1,0,0,0.0042403302,-0.00015383992,1.1816674,397.68915,970.47904,96,0,-1.1660434,nan,0.07460137,nan,nan,88163.285,-3709.5903,10.325138,-327.03997,-0.00080830129,-0.22088904,-0.050544211,0,0,0,0,0,0
8.395,3395.1107,220.4376,-968.64842,154.66987,11.354318,366.04262,-0.00056069193,-1.1657997,0.073663408,0.00050795607,-0.0011593861,-1.3186713e-05,-0.0029551407,-4.9377167e-07,7.7541327e-05,0.99999995,-0.0030172451,-5.3798211e-07,7.877774e-05,1,0,0,0.0042419057,-0.00015250829,1.1812025,397.54105,968.64842,96,0,-1.166039,nan,0.074598371,nan,nan,88113.458,-3708.1483,10.225112,-326.93178,-0.00080808582,-0.22693605,-0.05043329,0,0,0,0,0,0
8.4,3395.8839,220.49436,-966.81848,154.60956,11.35039,365.90746,-0.00055799519,-1.1658055,0.073663236,0.00050714826,-0.0011714587,-1.5835947e-05,-0.0029715738,-5.0552139e-07,7.7869419e-05,0.99999995,-0.0030342486,-5.5046483e-07,7.912309e-05,1,0,0,0.004243438,-0.00015117539,1.1807377,397.39303,966.81848,96,0,-1.1660346,nan,0.074595337,nan,nan,88063.662,-3706.7065,10.125128,-326.82031,-0.00080729113,-0.23305682,-0.050321471,0,0,0,0,0,0
8.405,3396.6568,220.5511,-964.98921,154.54927,11.346458,365.77238,-0.00055527166,-1.1658114,0.07366303,0.00050634147,-0.001183855,-1.847925e-05,-0.0029881581,-5.1746657e-07,7.8202085e-05,0.99999995,-0.0030514094,-5.6315931e-07,7.9473213e-05,1,0,0,0.0042449258,-0.00014984125,1.1802733,397.24508,964.98921,96,0,-1.1660301,nan,0.074592268,nan,nan,88013.897,-3705.2649,10.025187,-326.70546,-0.00080590337,-0.23925296,-0.050208619,0,0,0,0,0,0
8.41,3397.4294,220.60783,-963.16062,154.48901,11.342523,365.63736,-0.0005525214,-1.1658173,0.07366279,0.00050553632,-0.0011965791,-2.1116563e-05,-0.0030048951,-5.2961156e-07,7.8539376e-05,0.99999995,-0.0030687295,-5.7607023e-07,7.9828162e-05,1,0,0,0.0042463681,-0.0001485059,1.179809,397.0972,963.16062,96,0,-1.1660255,nan,0.074589164,nan,nan,87964.162,-3703.8234,9.9252919,-326.58716,-0.00080390824,-0.2455261,-0.050094516,0,0,0,0,0,0
8.415,3398.2018,220.66453,-961.3327,154.42878,11.338585,365.50242,-0.00054974447,-1.1658233,0.073662517,0.00050473341,-0.0012096349,-2.3747814e-05,-0.0030217866,-5.4196078e-07,7.8881346e-05,0.99999995,-0.0030862105,-5.8920232e-07,8.0187994e-05,1,0,0,0.0042477637,-0.00014716938,1.1793451,396.9494,961.3327,96,0,-1.1660208,nan,0.074586026,nan,nan,87914.457,-3702.3822,9.8254446,-326.46533,-0.00080129093,-0.25187794,-0.049978894,0,0,0,0,0,0
8.42,3398.9738,220.72122,-959.50546,154.36857,11.334643,365.36755,-0.00054694092,-1.1658294,0.073662211,0.00050393337,-0.0012230268,-2.6372915e-05,-0.0030388343,-5.5451873e-07,7.9228049e-05,0.99999995,-0.0031038545,-6.0256039e-07,8.0552767e-05,1,0,0,0.0042491112,-0.00014583171,1.1788813,396.80168,959.50546,96,0,-1.166016,nan,0.074582852,nan,nan,87864.783,-3700.9411,9.7256477,-326.33986,-0.00079803615,-0.25831023,-0.049861477,0,0,0,0,0,0
8.425,3399.7455,220.77788,-957.67889,154.30838,11.330698,365.23275,-0.00054411082,-1.1658356,0.073661871,0.00050313684,-0.0012367589,-2.8991767e-05,-0.0030560399,-5.6729e-07,7.9579542e-05,0.99999995,-0.0031216633,-6.1614928e-07,8.0922543e-05,1,0,0,0.0042504095,-0.00014449294,1.1784179,396.65403,957.67889,96,0,-1.1660112,nan,0.074579644,nan,nan,87815.14,-3699.5003,9.6259035,-326.21069,-0.00079412805,-0.26482475,-0.049742015,0,0,0,0,0,0
8.43,3400.5169,220.83453,-955.85299,154.24822,11.32675,365.09802,-0.00054125421,-1.1658418,0.073661499,0.00050234449,-0.0012508357,-3.1604256e-05,-0.0030734054,-5.8027923e-07,7.993588e-05,0.99999995,-0.0031396387,-6.2997387e-07,8.1297387e-05,1,0,0,0.0042516573,-0.00014315308,1.1779547,396.50646,955.85299,96,0,-1.1660063,nan,0.074576402,nan,nan,87765.527,-3698.0596,9.5262145,-326.07772,-0.00078955025,-0.27142337,-0.049620313,0,0,0,0,0,0
8.435,3401.2881,220.89116,-954.02777,154.18809,11.322799,364.96336,-0.00053837116,-1.165848,0.073661093,0.00050155699,-0.0012652616,-3.4210261e-05,-0.0030909325,-5.9349112e-07,8.0297125e-05,0.99999995,-0.0031577829,-6.4403907e-07,8.1677364e-05,1,0,0,0.0042528535,-0.00014181218,1.1774917,396.35896,954.02777,96,0,-1.1660013,nan,0.074573124,nan,nan,87715.945,-3696.6192,9.4265831,-325.94087,-0.00078428578,-0.27810798,-0.049496253,0,0,0,0,0,0
8.44,3402.0589,220.94776,-952.20323,154.12797,11.318844,364.82877,-0.00053546171,-1.1658544,0.073660654,0.00050077503,-0.0012800411,-3.6809657e-05,-0.0031086231,-6.0693042e-07,8.0663336e-05,0.99999995,-0.0031760978,-6.5834974e-07,8.2062544e-05,1,0,0,0.0042539967,-0.00014047027,1.177029,396.21154,952.20323,96,0,-1.1659963,nan,0.074569813,nan,nan,87666.393,-3695.1789,9.3270117,-325.80004,-0.00077831708,-0.28488056,-0.049369796,0,0,0,0,0,0
8.445,3402.8294,221.00435,-950.37935,154.06789,11.314886,364.69426,-0.0005325259,-1.1658608,0.073660183,0.00049999933,-0.001295179,-3.9402317e-05,-0.0031264792,-6.2060188e-07,8.1034577e-05,0.99999995,-0.0031945854,-6.7291073e-07,8.2452998e-05,1,0,0,0.0042550857,-0.00013912737,1.1765665,396.06419,950.37935,96,0,-1.1659912,nan,0.074566467,nan,nan,87616.872,-3693.7389,9.2275027,-325.65516,-0.00077162595,-0.29174312,-0.04924098,0,0,0,0,0,0
8.45,3403.5996,221.06091,-948.55615,154.00782,11.310924,364.55981,-0.00052956379,-1.1658673,0.073659678,0.00049923062,-0.0013106801,-4.1988117e-05,-0.0031445026,-6.345103e-07,8.1410913e-05,0.99999996,-0.0032132478,-6.8772679e-07,8.2848797e-05,1,0,0,0.0042561192,-0.00013778353,1.1761043,395.91692,948.55615,96,0,-1.165986,nan,0.074563086,nan,nan,87567.381,-3692.299,9.1280586,-325.50613,-0.00076419356,-0.29869774,-0.049109905,0,0,0,0,0,0
8.455,3404.3695,221.11746,-946.73362,153.94779,11.30696,364.42544,-0.00052657542,-1.1658739,0.073659141,0.00049846964,-0.0013265491,-4.456694e-05,-0.0031626954,-6.4866042e-07,8.1792412e-05,0.99999996,-0.0032320872,-7.0280257e-07,8.3250015e-05,1,0,0,0.0042570959,-0.00013643878,1.1756424,395.76972,946.73362,96,0,-1.1659807,nan,0.074559671,nan,nan,87517.921,-3690.8594,9.028682,-325.35286,-0.00075600037,-0.30574657,-0.048976708,0,0,0,0,0,0
8.46,3405.1392,221.17399,-944.91176,153.88777,11.302991,364.29114,-0.00052356083,-1.1658806,0.073658571,0.00049771717,-0.0013427911,-4.7138679e-05,-0.0031810595,-6.6305694e-07,8.2179141e-05,0.99999996,-0.0032511056,-7.1814249e-07,8.3656726e-05,1,0,0,0.0042580145,-0.00013509315,1.1751807,395.62259,944.91176,96,0,-1.1659753,nan,0.074556222,nan,nan,87468.492,-3689.42,8.9293752,-325.19526,-0.00074702614,-0.31289179,-0.048841539,0,0,0,0,0,0
8.465,3405.9085,221.23049,-943.09057,153.82778,11.29902,364.15691,-0.00052052006,-1.1658873,0.073657969,0.00049697399,-0.0013594113,-4.970323e-05,-0.0031995971,-6.7770447e-07,8.257117e-05,0.99999996,-0.0032703053,-7.3375074e-07,8.4069003e-05,1,0,0,0.0042588738,-0.00013374668,1.1747192,395.47555,943.09057,96,0,-1.1659699,nan,0.074552739,nan,nan,87419.093,-3687.9807,8.8301408,-325.03325,-0.00073724991,-0.32013567,-0.048704537,0,0,0,0,0,0
8.47,3406.6775,221.28698,-941.27006,153.76781,11.295045,364.02275,-0.00051745314,-1.1658942,0.073657334,0.00049624091,-0.0013764149,-5.2260499e-05,-0.0032183101,-6.9260748e-07,8.2968571e-05,0.99999996,-0.0032896885,-7.4963114e-07,8.4486924e-05,1,0,0,0.0042596723,-0.00013239939,1.1742581,395.32857,941.27006,96,0,-1.1659644,nan,0.074549222,nan,nan,87369.725,-3686.5417,8.7309813,-324.86672,-0.0007266499,-0.32748055,-0.048565805,0,0,0,0,0,0
8.475,3407.4462,221.34345,-939.45021,153.70786,11.291067,363.88867,-0.00051436011,-1.1659011,0.073656667,0.00049551877,-0.0013938072,-5.4810395e-05,-0.0032372008,-7.077702e-07,8.3371415e-05,0.99999996,-0.0033092575,-7.6578701e-07,8.4910563e-05,1,0,0,0.0042604087,-0.00013105133,1.1737971,395.18168,939.45021,96,0,-1.1659588,nan,0.074545671,nan,nan,87320.387,-3685.1029,8.6318992,-324.6956,-0.00071520355,-0.3349288,-0.048425396,0,0,0,0,0,0
8.48,3408.2146,221.3999,-937.63104,153.64794,11.287085,363.75465,-0.000511241,-1.1659081,0.073655967,0.00049480842,-0.0014115937,-5.735283e-05,-0.0032562714,-7.2319659e-07,8.3779775e-05,0.99999996,-0.0033290146,-7.8222101e-07,8.5339996e-05,1,0,0,0.0042610816,-0.00012970254,1.1733364,395.03485,937.63104,96,0,-1.1659531,nan,0.074542085,nan,nan,87271.08,-3683.6643,8.532897,-324.51977,-0.00070288744,-0.34248289,-0.048283309,0,0,0,0,0,0
8.485,3408.9827,221.45632,-935.81253,153.58804,11.2831,363.62071,-0.00050809583,-1.1659152,0.073655236,0.00049411075,-0.0014297801,-5.9887712e-05,-0.0032755239,-7.3889019e-07,8.4193726e-05,0.99999996,-0.0033489622,-7.9893495e-07,8.5775303e-05,1,0,0,0.0042616898,-0.00012835303,1.172876,394.88811,935.81253,96,0,-1.1659474,nan,0.074538466,nan,nan,87221.803,-3682.2259,8.4339772,-324.33916,-0.00068967725,-0.35014534,-0.048139482,0,0,0,0,0,0
8.49,3409.7506,221.51273,-933.99469,153.52816,11.279112,363.48684,-0.00050492462,-1.1659224,0.073654472,0.00049342665,-0.0014483722,-6.2414949e-05,-0.0032949607,-7.54854e-07,8.4613342e-05,0.99999996,-0.0033691026,-8.1592949e-07,8.6216563e-05,1,0,0,0.0042622317,-0.00012700286,1.1724158,394.74144,933.99469,96,0,-1.1659415,nan,0.074534813,nan,nan,87172.557,-3680.7878,8.3351423,-324.15366,-0.00067554773,-0.35791876,-0.047993807,0,0,0,0,0,0
8.495,3410.5181,221.56912,-932.17753,153.46831,11.27512,363.35305,-0.0005017274,-1.1659297,0.073653676,0.00049275705,-0.0014673757,-6.4934437e-05,-0.003314584,-7.7109028e-07,8.5038699e-05,0.99999996,-0.0033894383,-8.3320376e-07,8.6663857e-05,1,0,0,0.0042627061,-0.00012565205,1.1719559,394.59484,932.17753,96,0,-1.1659356,nan,0.074531126,nan,nan,87123.341,-3679.3498,8.2363947,-323.96318,-0.00066047262,-0.3658058,-0.047846138,0,0,0,0,0,0
8.5,3411.2853,221.62549,-930.36103,153.40847,11.271124,363.21932,-0.00049850418,-1.165937,0.073652848,0.00049210292,-0.0014867968,-6.7446069e-05,-0.0033343962,-7.876003e-07,8.5469877e-05,0.99999996,-0.0034099718,-8.507549e-07,8.711727e-05,1,0,0,0.0042631114,-0.00012430064,1.1714962,394.44832,930.36103,96,0,-1.1659296,nan,0.074527406,nan,nan,87074.156,-3677.9121,8.1377369,-323.76762,-0.00064442463,-0.37380921,-0.047696311,0,0,0,0,0,0
8.505,3412.0522,221.68183,-928.5452,153.34866,11.267126,363.08567,-0.00049525497,-1.1659445,0.073651989,0.00049146523,-0.0015066416,-6.9949726e-05,-0.0033543997,-8.0438406e-07,8.5906954e-05,0.99999996,-0.0034307057,-8.6857734e-07,8.7576887e-05,1,0,0,0.0042634462,-0.00012294867,1.1710367,394.30187,928.5452,96,0,-1.1659235,nan,0.074523651,nan,nan,87025.002,-3676.4746,8.0391716,-323.56688,-0.00062737535,-0.3819318,-0.047544161,0,0,0,0,0,0
8.51,3412.8189,221.73816,-926.73004,153.28887,11.263123,362.95209,-0.00049197978,-1.1659521,0.073651098,0.00049084501,-0.0015269165,-7.2445281e-05,-0.0033745968,-8.2143978e-07,8.6350012e-05,0.99999996,-0.0034516425,-8.8666198e-07,8.80428e-05,1,0,0,0.0042637091,-0.00012159617,1.1705776,394.1555,926.73004,96,0,-1.1659174,nan,0.074519864,nan,nan,86975.878,-3675.0373,7.940701,-323.36086,-0.00060929517,-0.39017647,-0.047389533,0,0,0,0,0,0
8.515,3413.5852,221.79447,-924.91555,153.2291,11.259118,362.81858,-0.00048867862,-1.1659598,0.073650175,0.00049024328,-0.0015476279,-7.49326e-05,-0.0033949901,-8.3876341e-07,8.6799135e-05,0.99999996,-0.0034727849,-9.0499484e-07,8.8515098e-05,1,0,0,0.0042638985,-0.00012024317,1.1701186,394.0092,924.91555,96,0,-1.1659111,nan,0.074516042,nan,nan,86926.784,-3673.6002,7.8423279,-323.14947,-0.00059015324,-0.39854618,-0.047232302,0,0,0,0,0,0
8.52,3414.3512,221.85076,-923.10172,153.16935,11.255108,362.68515,-0.00048535149,-1.1659675,0.073649221,0.00048966114,-0.0015687826,-7.7411544e-05,-0.003415582,-8.5634774e-07,8.7254409e-05,0.99999996,-0.0034941355,-9.2355538e-07,8.8993878e-05,1,0,0,0.004264013,-0.00011888972,1.16966,393.86298,923.10172,96,0,-1.1659048,nan,0.074512188,nan,nan,86877.721,-3672.1633,7.7440547,-322.9326,-0.00056991733,-0.40704399,-0.047072377,0,0,0,0,0,0
8.525,3415.1169,221.90702,-921.28856,153.10962,11.251096,362.55179,-0.00048199837,-1.1659754,0.073648235,0.00048909967,-0.0015903872,-7.9881967e-05,-0.0034363751,-8.7418132e-07,8.7715921e-05,0.99999996,-0.0035156971,-9.4231398e-07,8.9479236e-05,1,0,0,0.0042640511,-0.00011753585,1.1692015,393.71683,921.28856,96,0,-1.1658983,nan,0.074508299,nan,nan,86828.689,-3670.7267,7.645884,-322.71015,-0.00054855374,-0.41567303,-0.046909704,0,0,0,0,0,0
8.53,3415.8824,221.96327,-919.47607,153.04992,11.24708,362.4185,-0.00047861928,-1.1659834,0.073647218,0.00048856003,-0.0016124489,-8.2343725e-05,-0.003457372,-8.9224691e-07,8.8183764e-05,0.99999996,-0.0035374725,-9.6122833e-07,8.9971272e-05,1,0,0,0.0042640112,-0.0001161816,1.1687434,393.57076,919.47607,96,0,-1.1658918,nan,0.074504378,nan,nan,86779.687,-3669.2903,7.5478184,-322.48201,-0.00052602717,-0.42443652,-0.046744264,0,0,0,0,0,0
8.535,3416.6475,222.0195,-917.66424,152.99023,11.24306,362.28529,-0.00047521419,-1.1659915,0.07364617,0.0004880434,-0.0016349747,-8.4796669e-05,-0.0034785754,-9.1051916e-07,8.865803e-05,0.99999996,-0.0035594645,-9.8023804e-07,9.0470089e-05,1,0,0,0.0042638918,-0.000114827,1.1682854,393.42476,917.66424,96,0,-1.1658852,nan,0.074500423,nan,nan,86730.716,-3667.8541,7.4498604,-322.24808,-0.00050230056,-0.43333777,-0.046576067,0,0,0,0,0,0
8.54,3417.4123,222.07571,-915.85308,152.93056,11.239037,362.15214,-0.00047178309,-1.1659997,0.073645091,0.00048755099,-0.0016579719,-8.7240655e-05,-0.0034999879,-9.2896129e-07,8.9138814e-05,0.99999996,-0.0035816759,-9.9925664e-07,9.0975789e-05,1,0,0,0.0042636912,-0.00011347209,1.1678278,393.27884,915.85308,96,0,-1.1658785,nan,0.074496435,nan,nan,86681.775,-3666.4182,7.3520129,-322.00825,-0.00047733489,-0.44238016,-0.046405141,0,0,0,0,0,0
8.545,3418.1769,222.13189,-914.04259,152.87091,11.23501,362.01907,-0.00046832597,-1.1660081,0.073643981,0.00048708404,-0.001681448,-8.9675537e-05,-0.0035216124,-9.4752016e-07,8.9626214e-05,0.99999996,-0.0036041098,-1.018159e-06,9.1488481e-05,1,0,0,0.004263408,-0.00011211692,1.1673703,393.133,914.04259,96,0,-1.1658718,nan,0.074492414,nan,nan,86632.865,-3664.9824,7.2542783,-321.76242,-0.00045108895,-0.45156719,-0.046231523,0,0,0,0,0,0
8.55,3418.9411,222.18806,-912.23276,152.81129,11.23098,361.88608,-0.00046484279,-1.1660165,0.07364284,0.00048664388,-0.0017054108,-9.2101175e-05,-0.0035434515,-9.6611851e-07,9.012033e-05,0.99999996,-0.0036267692,-1.0367612e-06,9.2008271e-05,1,0,0,0.0042630403,-0.00011076151,1.1669132,392.98722,912.23276,96,0,-1.1658649,nan,0.07448836,nan,nan,86583.985,-3663.5469,7.1566593,-321.51047,-0.00042351904,-0.46090242,-0.046055243,0,0,0,0,0,0
8.555,3419.705,222.24421,-910.42359,152.75168,11.226946,361.75316,-0.00046133353,-1.1660251,0.073641669,0.00048623182,-0.0017298682,-9.4517427e-05,-0.0035655082,-9.846429e-07,9.0621264e-05,0.99999996,-0.003649657,-1.054788e-06,9.253527e-05,1,0,0,0.0042625866,-0.00010940591,1.1664563,392.84153,910.42359,96,0,-1.165858,nan,0.074484273,nan,nan,86535.136,-3662.1117,7.0591587,-321.25229,-0.00039457861,-0.47038954,-0.045876319,0,0,0,0,0,0
8.56,3420.4687,222.30033,-908.61509,152.69209,11.222909,361.62031,-0.00045779815,-1.1660338,0.073640467,0.00048584927,-0.0017548281,-9.6924153e-05,-0.0035877854,-1.0029238e-06,9.112912e-05,0.99999996,-0.0036727765,-1.0718164e-06,9.3069592e-05,1,0,0,0.0042620453,-0.00010805016,1.1659996,392.69591,908.61509,96,0,-1.1658509,nan,0.074480153,nan,nan,86486.317,-3660.6766,6.9617791,-320.98777,-0.00036421776,-0.48003231,-0.045694747,0,0,0,0,0,0
8.565,3421.232,222.35644,-906.80726,152.63252,11.218868,361.48753,-0.00045423661,-1.1660426,0.073639234,0.00048549767,-0.0017802988,-9.9321212e-05,-0.003610286,-1.020702e-06,9.1644005e-05,0.99999996,-0.0036961307,-1.0871758e-06,9.361135e-05,1,0,0,0.0042614145,-0.0001066943,1.1655432,392.55036,906.80726,96,0,-1.1658438,nan,0.074476001,nan,nan,86437.529,-3659.2418,6.8645232,-320.7168,-0.00033238275,-0.48983462,-0.045510493,0,0,0,0,0,0
8.57,3421.9951,222.41253,-905.00009,152.57296,11.214824,361.35483,-0.00045064887,-1.1660516,0.073637971,0.00048517851,-0.0018062889,-0.00010170846,-0.0036330131,-1.0375685e-06,9.2166027e-05,0.99999996,-0.003719723,-1.0997613e-06,9.4160661e-05,1,0,0,0.0042606926,-0.00010533836,1.165087,392.40489,905.00009,96,0,-1.1658365,nan,0.074471815,nan,nan,86388.772,-3657.8073,6.7673937,-320.43926,-0.0002990154,-0.49980042,-0.045323498,0,0,0,0,0,0
8.575,3422.7578,222.46859,-903.19358,152.51343,11.210775,361.2222,-0.00044703488,-1.1660607,0.073636678,0.00048489335,-0.0018328071,-0.00010408575,-0.0036559697,-1.0528535e-06,9.2695298e-05,0.99999997,-0.0037435566,-1.1076645e-06,9.4717646e-05,1,0,0,0.0042598779,-0.00010398239,1.1646311,392.25949,903.19358,96,0,-1.1658292,nan,0.074467597,nan,nan,86340.045,-3656.373,6.6703935,-320.15503,-0.00026405284,-0.50993382,-0.045133673,0,0,0,0,0,0
8.58,3423.5203,222.52464,-901.38773,152.45391,11.206724,361.08965,-0.00044339457,-1.1660699,0.073635355,0.00048464381,-0.0018598622,-0.00010645292,-0.003679159,-1.0654044e-06,9.323193e-05,0.99999997,-0.0037676349,-1.1073958e-06,9.5282428e-05,1,0,0,0.0042589684,-0.00010262643,1.1641754,392.11417,901.38773,96,0,-1.1658218,nan,0.074463346,nan,nan,86291.348,-3654.9389,6.5735251,-319.86399,-0.00022742869,-0.52023899,-0.044940908,0,0,0,0,0,0
8.585,3424.2824,222.58066,-899.58255,152.39441,11.202668,360.95717,-0.00043972789,-1.1660792,0.073634001,0.00048443158,-0.0018874633,-0.00010880983,-0.0037025842,-1.0731163e-06,9.377604e-05,0.99999997,-0.0037919613,-1.0921199e-06,9.5855132e-05,1,0,0,0.0042579625,-0.00010127051,1.16372,391.96892,899.58255,96,0,-1.1658143,nan,0.074459063,nan,nan,86242.682,-3653.505,6.4767914,-319.56603,-0.00018907945,-0.53072025,-0.044745077,0,0,0,0,0,0
8.59,3425.0443,222.63667,-897.77803,152.33493,11.198609,360.82477,-0.00043603475,-1.1660887,0.073632618,0.0004842584,-0.0019156199,-0.0001111563,-0.0037262485,-1.0718553e-06,9.4327747e-05,0.99999997,-0.0038165393,-1.0473501e-06,9.6435888e-05,1,0,0,0.0042568583,-9.9914686e-05,1.1632649,391.82375,897.77803,96,0,-1.1658067,nan,0.074454747,nan,nan,86194.047,-3652.0714,6.3801951,-319.26101,-0.00014897086,-0.54138201,-0.044546045,0,0,0,0,0,0
8.595,3425.8058,222.69265,-895.97417,152.27546,11.194547,360.69244,-0.00043231509,-1.1660984,0.073631206,0.00048412602,-0.0019443415,-0.00011349217,-0.0037501552,-1.0528269e-06,9.4887171e-05,0.99999997,-0.0038413724,-9.4000631e-07,9.7024828e-05,1,0,0,0.0042556538,-9.8558991e-05,1.1628099,391.67865,895.97417,96,0,-1.165799,nan,0.074450399,nan,nan,86145.442,-3650.638,6.2837391,-318.94882,-0.00010720401,-0.55222882,-0.044343675,0,0,0,0,0,0
8.6,3426.5671,222.74862,-894.17097,152.21601,11.19048,360.56018,-0.00042856882,-1.1661082,0.073629763,0.00048403589,-0.001973638,-0.00011581724,-0.0037743078,-9.9638337e-07,9.5454438e-05,0.99999997,-0.0038664643,-6.9550654e-07,9.762209e-05,1,0,0,0.0042543472,-9.7203468e-05,1.1623553,391.53363,894.17097,96,0,-1.1657912,nan,0.074446018,nan,nan,86096.867,-3649.2049,6.1874262,-318.62933,-6.4472856e-05,-0.56326532,-0.044137837,0,0,0,0,0,0
8.605,3427.328,222.80456,-892.36843,152.15657,11.18641,360.428,-0.00042479584,-1.1661181,0.073628292,0.00048398807,-0.0020035194,-0.00011813134,-0.0037987096,-8.6700224e-07,9.6029676e-05,0.99999997,-0.0038918187,-2.3693082e-07,9.8227813e-05,1,0,0,0.0042529366,-9.5848162e-05,1.1619009,391.38868,892.36843,96,0,-1.1657833,nan,0.074441605,nan,nan,86048.323,-3647.772,6.0912593,-318.3024,-2.3926042e-05,-0.57449631,-0.043928412,0,0,0,0,0,0
8.61,3428.0887,222.86049,-890.56656,152.09716,11.182337,360.29589,-0.00042099609,-1.1661282,0.07362679,0.00048397742,-0.0020339961,-0.00012043427,-0.0038233642,-6.8136596e-07,9.6613016e-05,0.99999997,-0.0039174393,-2.7806582e-08,9.8842142e-05,1,0,0,0.0042514199,-9.4493114e-05,1.1614467,391.24381,890.56656,96,0,-1.1657753,nan,0.07443716,nan,nan,85999.81,-3646.3394,5.9952411,-317.9679,6.5042487e-06,-0.58592669,-0.0437153,0,0,0,0,0,0
8.615,3428.8491,222.91639,-888.76534,152.03775,11.178259,360.16386,-0.00041716953,-1.1661384,0.07362526,0.00048399259,-0.0020650787,-0.00012272583,-0.0038482752,-5.9641781e-07,9.7204592e-05,0.99999997,-0.00394333,-5.1210984e-07,9.9465225e-05,1,0,0,0.0042497952,-9.3138369e-05,1.1609928,391.09901,888.76534,96,0,-1.1657672,nan,0.074432683,nan,nan,85951.327,-3644.907,5.8993748,-317.62572,2.7772748e-05,-0.59756152,-0.043498431,0,0,0,0,0,0
8.62,3429.6091,222.97227,-886.96479,151.97836,11.174178,360.0319,-0.00041331617,-1.1661488,0.073623701,0.00048402991,-0.0020967781,-0.00012500583,-0.0038734463,-6.414389e-07,9.7804542e-05,0.99999997,-0.0039694948,-9.389442e-07,0.00010009721,1,0,0,0.0042480605,-9.1783972e-05,1.1605392,390.95429,886.96479,96,0,-1.165759,nan,0.074428174,nan,nan,85902.875,-3643.4748,5.8036633,-317.27569,5.3456125e-05,-0.60940598,-0.04327777,0,0,0,0,0,0
8.625,3430.3689,223.02814,-885.16489,151.91899,11.170093,359.90002,-0.00040943602,-1.1661593,0.073622113,0.00048409686,-0.0021291053,-0.00012727406,-0.003898881,-7.4384054e-07,9.841301e-05,0.99999997,-0.0039959375,-1.1714076e-06,0.00010073826,1,0,0,0.0042462135,-9.0429969e-05,1.1600857,390.80964,885.16489,96,0,-1.1657506,nan,0.074423632,nan,nan,85854.453,-3642.0429,5.7081095,-316.9177,8.9255493e-05,-0.62146538,-0.043053288,0,0,0,0,0,0
8.63,3431.1284,223.08398,-883.36566,151.85963,11.166005,359.76822,-0.00040552905,-1.16617,0.073620496,0.0004842036,-0.0021620719,-0.00012953032,-0.0039245833,-8.6051181e-07,9.903014e-05,0.99999997,-0.0040226623,-1.3055258e-06,0.00010138854,1,0,0,0.0042442523,-8.9076404e-05,1.1596326,390.66507,883.36566,96,0,-1.1657422,nan,0.074419059,nan,nan,85806.061,-3640.6113,5.6127166,-316.55159,0.00013476002,-0.63374518,-0.042824948,0,0,0,0,0,0
8.635,3431.8876,223.1398,-881.56708,151.80029,11.161912,359.63648,-0.00040159519,-1.1661809,0.073618851,0.00048435918,-0.0021956895,-0.0001317744,-0.003950557,-9.741983e-07,9.9656081e-05,0.99999997,-0.0040496733,-1.3944712e-06,0.00010204819,1,0,0,0.0042421746,-8.7723324e-05,1.1591797,390.52057,881.56708,96,0,-1.1657337,nan,0.074414454,nan,nan,85757.7,-3639.1799,5.5174876,-316.17723,0.00018819676,-0.64625101,-0.042592689,0,0,0,0,0,0
8.64,3432.6464,223.1956,-879.76916,151.74095,11.157816,359.50483,-0.0003976343,-1.166192,0.073617177,0.0004845708,-0.0022299702,-0.00013400609,-0.0039768061,-1.0789355e-06,0.00010029099,0.99999997,-0.0040769747,-1.461393e-06,0.0001027174,1,0,0,0.0042399784,-8.6370776e-05,1.158727,390.37615,879.76916,96,0,-1.1657251,nan,0.074409818,nan,nan,85709.37,-3637.7487,5.4224256,-315.79447,0.00024784955,-0.65898863,-0.042356424,0,0,0,0,0,0
8.645,3433.405,223.25138,-877.9719,151.68164,11.153716,359.37325,-0.00039364624,-1.1662032,0.073615475,0.00048484411,-0.0022649263,-0.00013622519,-0.0040033345,-1.1733818e-06,0.00010093501,0.99999997,-0.0041045709,-1.5168324e-06,0.00010339632,1,0,0,0.0042376612,-8.5018808e-05,1.1582746,390.2318,877.9719,96,0,-1.1657164,nan,0.074405149,nan,nan,85661.07,-3636.3178,5.3275337,-315.40317,0.0003123602,-0.67196397,-0.042116041,0,0,0,0,0,0
8.65,3434.1633,223.30714,-876.17529,151.62233,11.149612,359.24175,-0.00038963085,-1.1662146,0.073613744,0.00048518354,-0.0023005704,-0.00013843145,-0.0040301464,-1.2580583e-06,0.00010158832,0.99999997,-0.0041324663,-1.5659937e-06,0.00010408515,1,0,0,0.0042352209,-8.3667466e-05,1.1578225,390.08752,876.17529,96,0,-1.1657075,nan,0.074400449,nan,nan,85612.801,-3634.8872,5.2328151,-315.00316,0.00038074103,-0.68518309,-0.041871404,0,0,0,0,0,0
8.655,3434.9213,223.36288,-874.37935,151.56304,11.145504,359.11032,-0.00038558792,-1.1662262,0.073611986,0.00048559268,-0.0023369155,-0.00014062466,-0.004057246,-1.334173e-06,0.00010225107,0.99999997,-0.0041606653,-1.6116514e-06,0.00010478405,1,0,0,0.0042326551,-8.2316799e-05,1.1573705,389.94333,874.37935,96,0,-1.1656986,nan,0.074395718,nan,nan,85564.562,-3633.4568,5.1382728,-314.5943,0.00045231669,-0.69865227,-0.04162236,0,0,0,0,0,0
8.66,3435.679,223.4186,-872.58406,151.50375,11.141393,358.97897,-0.00038151725,-1.1662379,0.0736102,0.00048607452,-0.0023739748,-0.00014280458,-0.0040846374,-1.4031069e-06,0.00010292344,0.99999997,-0.0041891726,-1.655387e-06,0.00010549321,1,0,0,0.0042299615,-8.0966856e-05,1.1569189,389.7992,872.58406,96,0,-1.1656896,nan,0.074390955,nan,nan,85516.354,-3632.0267,5.0439102,-314.17644,0.00052665587,-0.71237791,-0.041368745,0,0,0,0,0,0
8.665,3436.4364,223.4743,-870.78943,151.44449,11.137277,358.84769,-0.00037741863,-1.1662499,0.073608387,0.00048663172,-0.0024117621,-0.00014497096,-0.0041123252,-1.4661916e-06,0.0001036056,0.99999997,-0.0042179928,-1.6981554e-06,0.00010621282,1,0,0,0.0042271376,-7.9617687e-05,1.1564675,389.65515,870.78943,96,0,-1.1656804,nan,0.07438616,nan,nan,85468.176,-3630.5968,4.9497305,-313.7494,0.00060351062,-0.72636661,-0.041110389,0,0,0,0,0,0
8.67,3437.1935,223.52998,-868.99545,151.38523,11.133158,358.71649,-0.00037329184,-1.166262,0.073606546,0.00048726675,-0.0024502913,-0.00014712355,-0.0041403136,-1.5246211e-06,0.00010429772,0.99999997,-0.0042471307,-1.7405629e-06,0.00010694308,1,0,0,0.004224181,-7.8269342e-05,1.1560163,389.51118,868.99545,96,0,-1.1656711,nan,0.074381335,nan,nan,85420.028,-3629.1672,4.8557369,-313.31304,0.00068276705,-0.74062515,-0.04084712,0,0,0,0,0,0
8.675,3437.9503,223.58564,-867.20213,151.32598,11.129034,358.58537,-0.00036913663,-1.1662743,0.073604677,0.00048798198,-0.0024895767,-0.00014926207,-0.0041686072,-1.5794263e-06,0.00010499998,0.99999997,-0.0042765911,-1.7830127e-06,0.00010768419,1,0,0,0.0042210891,-7.6921872e-05,1.1555654,389.36728,867.20213,96,0,-1.1656617,nan,0.074376478,nan,nan,85371.911,-3627.7379,4.7619327,-312.86718,0.00076440716,-0.75516051,-0.040578774,0,0,0,0,0,0
8.68,3438.7068,223.64127,-865.40947,151.26674,11.124907,358.45433,-0.00036495276,-1.1662869,0.073602782,0.00048877982,-0.0025296332,-0.00015138627,-0.0041972106,-1.6314776e-06,0.00010571258,0.99999997,-0.004306379,-1.8257847e-06,0.00010843635,1,0,0,0.0042178595,-7.557533e-05,1.1551148,389.22345,865.40947,96,0,-1.1656522,nan,0.07437159,nan,nan,85323.825,-3626.3088,4.6683215,-312.41165,0.00084848022,-0.76997983,-0.04030519,0,0,0,0,0,0
8.685,3439.463,223.69689,-863.61746,151.20751,11.120776,358.32336,-0.00036073997,-1.1662996,0.07360086,0.00048966273,-0.0025704756,-0.00015349584,-0.0042261286,-1.6815003e-06,0.00010643571,0.99999997,-0.0043364994,-1.8690812e-06,0.00010919978,1,0,0,0.0042144894,-7.4229769e-05,1.1546643,389.0797,863.61746,96,0,-1.1656426,nan,0.07436667,nan,nan,85275.769,-3624.88,4.5749066,-311.94629,0.00093508169,-0.78509047,-0.040026216,0,0,0,0,0,0
8.69,3440.219,223.75249,-861.8261,151.14829,11.116641,358.19247,-0.00035649802,-1.1663125,0.073598911,0.0004906333,-0.0026121197,-0.00015559052,-0.0042553659,-1.730094e-06,0.00010716957,0.99999997,-0.0043669575,-1.9130549e-06,0.0001099747,1,0,0,0.0042109763,-7.2885242e-05,1.1542142,388.93603,861.8261,96,0,-1.1656329,nan,0.07436172,nan,nan,85227.744,-3623.4514,4.4816915,-311.47092,0.0010243381,-0.80049999,-0.03974171,0,0,0,0,0,0
8.695,3440.9746,223.80806,-860.0354,151.08909,11.112501,358.06166,-0.00035222662,-1.1663257,0.073596935,0.00049169423,-0.0026545812,-0.00015766998,-0.0042849275,-1.7777526e-06,0.00010791435,0.99999997,-0.0043977587,-1.9578252e-06,0.00011076133,1,0,0,0.0042073174,-7.1541805e-05,1.1537643,388.79243,860.0354,96,0,-1.165623,nan,0.074356739,nan,nan,85179.749,-3622.0231,4.3886797,-310.98535,0.0011163963,-0.81621618,-0.039451532,0,0,0,0,0,0
8.7,3441.7299,223.86361,-858.24535,151.02988,11.108358,357.93092,-0.00034792548,-1.166339,0.073594933,0.00049284839,-0.0026978765,-0.00015973395,-0.0043148182,-1.8248818e-06,0.00010867027,0.99999997,-0.0044289081,-2.00349e-06,0.00011155991,1,0,0,0.0042035099,-7.0199512e-05,1.1533146,388.6489,858.24535,96,0,-1.1656131,nan,0.074351727,nan,nan,85131.784,-3620.5951,4.2958749,-310.48941,0.0012114163,-0.83224701,-0.039155547,0,0,0,0,0,0
8.705,3442.4849,223.91915,-856.45596,150.97069,11.104211,357.80027,-0.00034359433,-1.1663526,0.073592905,0.00049409881,-0.0027420222,-0.00016178209,-0.0043450433,-1.8718155e-06,0.00010943755,0.99999997,-0.0044604115,-2.050132e-06,0.00011237066,1,0,0,0.004199551,-6.8858421e-05,1.1528652,388.50545,856.45596,96,0,-1.165603,nan,0.074346684,nan,nan,85083.85,-3619.1674,4.2032807,-309.98291,0.0013095661,-0.84860071,-0.038853618,0,0,0,0,0,0
8.71,3443.2397,223.97466,-854.66722,150.91151,11.100059,357.66969,-0.00033923284,-1.1663664,0.073590851,0.00049544868,-0.0027870356,-0.00016381409,-0.0043756079,-1.9188294e-06,0.0001102164,0.99999997,-0.0044922742,-2.0978239e-06,0.00011319384,1,0,0,0.0041954378,-6.751859e-05,1.152416,388.36207,854.66722,96,0,-1.1655928,nan,0.074341611,nan,nan,85035.947,-3617.7399,4.1109009,-309.46567,0.0014110191,-0.86528572,-0.038545602,0,0,0,0,0,0
8.715,3443.9941,224.03015,-852.87913,150.85233,11.095904,357.53919,-0.0003348407,-1.1663804,0.073588771,0.00049690139,-0.0028329343,-0.00016582962,-0.0044065173,-1.9661522e-06,0.00011100706,0.99999997,-0.0045245021,-2.1466315e-06,0.00011402969,1,0,0,0.0041911674,-6.6180077e-05,1.1519671,388.21877,852.87913,96,0,-1.1655825,nan,0.074336507,nan,nan,84988.074,-3616.3127,4.0187392,-308.93747,0.0015159517,-0.88231073,-0.03823135,0,0,0,0,0,0
8.72,3444.7483,224.08562,-851.0917,150.79316,11.091744,357.40876,-0.00033041758,-1.1663947,0.073586666,0.00049846048,-0.0028797364,-0.00016782836,-0.004437777,-2.013975e-06,0.00011180975,0.99999997,-0.004557101,-2.1966162e-06,0.00011487848,1,0,0,0.0041867367,-6.4842941e-05,1.1515185,388.07554,851.0917,96,0,-1.165572,nan,0.074331372,nan,nan,84940.231,-3614.8857,3.9267995,-308.39814,0.0016245427,-0.89968466,-0.037910695,0,0,0,0,0,0
8.725,3445.5021,224.14107,-849.30492,150.73399,11.087581,357.27842,-0.00032596313,-1.1664092,0.073584535,0.00050012968,-0.0029274604,-0.00016980994,-0.0044693924,-2.0624593e-06,0.00011262471,0.99999997,-0.0045900768,-2.2478363e-06,0.00011574046,1,0,0,0.0041821427,-6.3507245e-05,1.15107,387.93239,849.30492,96,0,-1.1655614,nan,0.074326207,nan,nan,84892.419,-3613.4591,3.8350857,-307.84746,0.001736973,-0.91741672,-0.037583461,0,0,0,0,0,0
8.73,3446.2557,224.1965,-847.51878,150.67483,11.083413,357.14815,-0.00032147699,-1.1664239,0.073582379,0.0005019129,-0.0029761254,-0.00017177403,-0.0045013692,-2.1117428e-06,0.0001134522,0.99999997,-0.0046234356,-2.3003483e-06,0.00011661592,1,0,0,0.0041773821,-6.217305e-05,1.1506219,387.78931,847.51878,96,0,-1.1655507,nan,0.074321011,nan,nan,84844.638,-3612.0327,3.7436018,-307.28523,0.0018534253,-0.93551635,-0.037249449,0,0,0,0,0,0
8.735,3447.0089,224.25191,-845.7333,150.61568,11.079241,357.01797,-0.00031695878,-1.1664389,0.073580199,0.00050381425,-0.0030257509,-0.00017372024,-0.0045337132,-2.1619449e-06,0.00011429247,0.99999997,-0.0046571837,-2.354208e-06,0.00011750513,1,0,0,0.0041724519,-6.084042e-05,1.150174,387.64631,845.7333,96,0,-1.1655399,nan,0.074315785,nan,nan,84796.887,-3610.6066,3.6523518,-306.71124,0.0019740849,-0.95399326,-0.036908444,0,0,0,0,0,0
8.74,3447.7619,224.3073,-843.94847,150.55653,11.075064,356.88786,-0.00031240811,-1.1664541,0.073577993,0.000505838,-0.003076357,-0.00017564821,-0.0045664302,-2.2131704e-06,0.00011514577,0.99999997,-0.0046913272,-2.4094709e-06,0.00011840838,1,0,0,0.0041673486,-5.9509418e-05,1.1497263,387.50338,843.94847,96,0,-1.1655289,nan,0.074310529,nan,nan,84749.166,-3609.1807,3.5613398,-306.12527,0.00209914,-0.97285746,-0.036560213,0,0,0,0,0,0
8.745,3448.5145,224.36267,-842.16429,150.49738,11.070884,356.75783,-0.00030782457,-1.1664696,0.073575763,0.00050798862,-0.0031279642,-0.00017755754,-0.0045995262,-2.265513e-06,0.00011601238,0.99999998,-0.0047258728,-2.4661927e-06,0.00011932597,1,0,0,0.004162069,-5.818011e-05,1.1492789,387.36053,842.16429,96,0,-1.1655178,nan,0.074305242,nan,nan,84701.476,-3607.7552,3.4705701,-305.52711,0.0022287824,-0.99211924,-0.036204504,0,0,0,0,0,0
8.75,3449.2669,224.41801,-840.38077,150.43824,11.066699,356.62789,-0.00030320771,-1.1664854,0.073573509,0.00051027078,-0.0031805938,-0.00017944783,-0.0046330074,-2.319058e-06,0.00011689257,0.99999998,-0.004760827,-2.52443e-06,0.00012025821,1,0,0,0.0041566096,-5.6852564e-05,1.1488317,387.21775,840.38077,96,0,-1.1655066,nan,0.074299926,nan,nan,84653.816,-3606.3299,3.3800468,-304.91652,0.0023632081,-1.0117892,-0.035841048,0,0,0,0,0,0
8.755,3450.019,224.47334,-838.59789,150.3791,11.06251,356.49802,-0.00029855711,-1.1665014,0.073571231,0.00051268934,-0.0032342675,-0.00018131866,-0.00466688,-2.3738842e-06,0.00011778663,0.99999998,-0.0047961966,-2.5842401e-06,0.00012120541,1,0,0,0.0041509669,-5.5526848e-05,1.1483848,387.07504,838.59789,96,0,-1.1654953,nan,0.074294579,nan,nan,84606.187,-3604.9049,3.2897744,-304.29328,0.0025026178,-1.0318782,-0.035469563,0,0,0,0,0,0
8.76,3450.7708,224.52864,-836.81566,150.31996,11.058316,356.36823,-0.00029387227,-1.1665176,0.073568929,0.00051524938,-0.0032890074,-0.0001831696,-0.0047011504,-2.4300659e-06,0.00011869485,0.99999998,-0.0048319884,-2.645682e-06,0.00012216789,1,0,0,0.0041451373,-5.4203032e-05,1.1479381,386.93241,836.81566,96,0,-1.1654838,nan,0.074289203,nan,nan,84558.588,-3603.4802,3.1997574,-303.65715,0.002647218,-1.0523975,-0.035089754,0,0,0,0,0,0
8.765,3451.5222,224.58393,-835.03407,150.26082,11.054119,356.23852,-0.00028915273,-1.1665342,0.073566604,0.00051795616,-0.0033448366,-0.00018500019,-0.0047358251,-2.487674e-06,0.00011961754,0.99999998,-0.0048682095,-2.7088159e-06,0.00012314599,1,0,0,0.0041391172,-5.2881186e-05,1.1474917,386.78986,835.03407,96,0,-1.1654721,nan,0.074283796,nan,nan,84511.02,-3602.0558,3.1100001,-303.0079,0.0027972216,-1.0733586,-0.034701311,0,0,0,0,0,0
8.77,3452.2734,224.63919,-833.25314,150.20169,11.049917,356.1089,-0.00028439795,-1.166551,0.073564255,0.00052081517,-0.0034017785,-0.00018680997,-0.0047709107,-2.5467772e-06,0.00012055499,0.99999998,-0.0049048671,-2.7737039e-06,0.00012414006,1,0,0,0.0041329027,-5.1561385e-05,1.1470455,386.64738,833.25314,96,0,-1.1654604,nan,0.07427836,nan,nan,84463.482,-3600.6316,3.0205073,-302.34528,0.0029528481,-1.0947734,-0.034303919,0,0,0,0,0,0
8.775,3453.0243,224.69443,-831.47286,150.14256,11.04571,355.97935,-0.00027960741,-1.1665682,0.073561883,0.00052383213,-0.0034598573,-0.00018859844,-0.0048064142,-2.6074431e-06,0.00012150754,0.99999998,-0.0049419684,-2.84041e-06,0.00012515045,1,0,0,0.0041264901,-5.0243701e-05,1.1465996,386.50497,831.47286,96,0,-1.1654485,nan,0.074272894,nan,nan,84415.975,-3599.2077,2.9312837,-301.66903,0.0031143249,-1.1166541,-0.033897252,0,0,0,0,0,0
8.78,3453.7749,224.74965,-829.69322,150.08342,11.041499,355.84989,-0.00027478056,-1.1665856,0.073559489,0.00052701299,-0.0035190977,-0.00019036512,-0.0048423423,-2.6697387e-06,0.00012247551,0.99999998,-0.0049795211,-2.9090002e-06,0.00012617754,1,0,0,0.0041198755,-4.8928212e-05,1.1461539,386.36264,829.69322,96,0,-1.1654364,nan,0.074267399,nan,nan,84368.498,-3597.7842,2.8423341,-300.9789,0.0032818876,-1.1390133,-0.033480976,0,0,0,0,0,0
8.785,3454.5252,224.80485,-827.91423,150.02429,11.037284,355.7205,-0.0002699168,-1.1666033,0.073557072,0.00053036391,-0.0035795253,-0.00019210948,-0.0048787022,-2.7337311e-06,0.00012345924,0.99999998,-0.0050175327,-2.979543e-06,0.00012722169,1,0,0,0.0041130547,-4.7614996e-05,1.1457085,386.22038,827.91423,96,0,-1.1654242,nan,0.074261873,nan,nan,84321.051,-3596.3609,2.7536635,-300.27464,0.0034557808,-1.1618641,-0.033054749,0,0,0,0,0,0
8.79,3455.2752,224.86003,-826.13588,149.96515,11.033064,355.5912,-0.00026501553,-1.1666213,0.073554633,0.00053389135,-0.003641166,-0.00019383098,-0.0049155011,-2.7994881e-06,0.00012445908,0.99999998,-0.0050560112,-3.052109e-06,0.00012828331,1,0,0,0.0041060238,-4.6304132e-05,1.1452633,386.0782,826.13588,96,0,-1.1654119,nan,0.074256319,nan,nan,84273.635,-3594.9379,2.6652768,-299.55596,0.0036362587,-1.1852197,-0.032618219,0,0,0,0,0,0
8.795,3456.0249,224.91518,-824.35819,149.90601,11.028839,355.46198,-0.00026007611,-1.1666397,0.073552172,0.00053760198,-0.0037040469,-0.00019552906,-0.0049527465,-2.8670783e-06,0.0001254754,0.99999998,-0.0050949644,-3.1267715e-06,0.0001293628,1,0,0,0.0040987784,-4.4995701e-05,1.1448184,385.93609,824.35819,96,0,-1.1653994,nan,0.074250735,nan,nan,84226.25,-3593.5152,2.5771793,-298.82259,0.0038235854,-1.2090939,-0.032171025,0,0,0,0,0,0
8.8,3456.7743,224.97032,-822.58113,149.84687,11.02461,355.33284,-0.00025509788,-1.1666583,0.07354969,0.00054150276,-0.0037681955,-0.00019720315,-0.0049904459,-2.9365721e-06,0.00012650857,0.99999998,-0.0051344006,-3.2036067e-06,0.00013046057,1,0,0,0.0040913144,-4.3689788e-05,1.1443737,385.79406,822.58113,96,0,-1.1653868,nan,0.074245121,nan,nan,84178.895,-3592.0928,2.4893763,-298.07426,0.0040180362,-1.2335009,-0.031712794,0,0,0,0,0,0
8.805,3457.5235,225.02543,-820.80473,149.78773,11.020377,355.20379,-0.00025008016,-1.1666773,0.073547186,0.00054560094,-0.0038336401,-0.00019885265,-0.005028607,-3.0080412e-06,0.00012755898,0.99999998,-0.0051743282,-3.2826933e-06,0.00013157706,1,0,0,0.0040836272,-4.2386478e-05,1.1439293,385.6521,820.80473,96,0,-1.165374,nan,0.074239478,nan,nan,84131.57,-3590.6706,2.4018731,-297.31068,0.0042198978,-1.2584552,-0.031243138,0,0,0,0,0,0
8.81,3458.2723,225.08053,-819.02897,149.72858,11.016138,355.07482,-0.00024502221,-1.1666966,0.073544661,0.00054990404,-0.0039004099,-0.00020047693,-0.0050672377,-3.0815596e-06,0.00012862701,0.99999998,-0.0052147556,-3.3641134e-06,0.00013271271,1,0,0,0.0040757124,-4.108586e-05,1.1434851,385.51022,819.02897,96,0,-1.1653611,nan,0.074233806,nan,nan,84084.276,-3589.2488,2.3146753,-296.53155,0.0044294691,-1.283972,-0.030761653,0,0,0,0,0,0
8.815,3459.0208,225.1356,-817.25385,149.66943,11.011895,354.94593,-0.0002399233,-1.1667162,0.073542116,0.00055441989,-0.0039685348,-0.00020207536,-0.0051063461,-3.1572035e-06,0.00012971309,0.99999998,-0.0052556916,-3.447952e-06,0.00013386798,1,0,0,0.0040675654,-3.9788022e-05,1.1430411,385.36841,817.25385,96,0,-1.165348,nan,0.074228105,nan,nan,84037.012,-3587.8273,2.2277886,-295.73657,0.0046470616,-1.3100668,-0.030267915,0,0,0,0,0,0
8.82,3459.769,225.19065,-815.47938,149.61027,11.007648,354.81712,-0.00023478262,-1.1667362,0.07353955,0.00055915665,-0.0040380455,-0.00020364727,-0.0051459405,-3.2350515e-06,0.00013081763,0.99999998,-0.0052971452,-3.5342975e-06,0.00013504335,1,0,0,0.0040591815,-3.8493058e-05,1.1425974,385.22667,815.47938,96,0,-1.1653348,nan,0.074222375,nan,nan,83989.779,-3586.4061,2.1412189,-294.92544,0.0048730007,-1.3367554,-0.029761482,0,0,0,0,0,0
8.825,3460.517,225.24568,-813.70555,149.5511,11.003396,354.6884,-0.00022959937,-1.1667565,0.073536964,0.00056412279,-0.0041089738,-0.00020519197,-0.0051860291,-3.315185e-06,0.00013194107,0.99999998,-0.0053391253,-3.6232421e-06,0.0001362393,1,0,0,0.0040505558,-3.7201063e-05,1.142154,385.08501,813.70555,96,0,-1.1653214,nan,0.074216616,nan,nan,83942.576,-3584.9851,2.0549721,-294.09783,0.0051076258,-1.3640545,-0.029241884,0,0,0,0,0,0
8.83,3461.2646,225.30069,-811.93237,149.49193,10.999139,354.55976,-0.00022437269,-1.1667772,0.073534359,0.00056932714,-0.0041813519,-0.00020670875,-0.0052266208,-3.3976882e-06,0.00013308387,0.99999998,-0.0053816415,-3.7148812e-06,0.00013745634,1,0,0,0.0040416833,-3.5912133e-05,1.1417108,384.94343,811.93237,96,0,-1.1653078,nan,0.074210828,nan,nan,83895.404,-3583.5645,1.9690543,-293.25342,0.0053512913,-1.3919809,-0.028708629,0,0,0,0,0,0
8.835,3462.0119,225.35568,-810.15982,149.43275,10.994877,354.43121,-0.00021910168,-1.1667983,0.073531734,0.0005747789,-0.0042552134,-0.00020819687,-0.0052677242,-3.4826485e-06,0.00013424649,0.99999998,-0.0054247032,-3.8093145e-06,0.000138695,1,0,0,0.0040325589,-3.4626369e-05,1.1412679,384.80192,810.15982,96,0,-1.1652941,nan,0.074205011,nan,nan,83848.262,-3582.1442,1.8834719,-292.3919,0.0056043676,-1.4205522,-0.028161196,0,0,0,0,0,0
8.84,3462.759,225.41064,-808.38792,149.37356,10.99061,354.30274,-0.00021378543,-1.1668197,0.07352909,0.00058048761,-0.0043305925,-0.00020965555,-0.0053093484,-3.5701567e-06,0.00013542941,0.99999998,-0.0054683202,-3.9066454e-06,0.00013995581,1,0,0,0.0040231776,-3.3343873e-05,1.1408252,384.66048,808.38792,96,0,-1.1652802,nan,0.074199165,nan,nan,83801.15,-3580.7241,1.7982313,-291.5129,0.0058672415,-1.4497864,-0.027599033,0,0,0,0,0,0
8.845,3463.5057,225.46559,-806.61667,149.31437,10.986338,354.17435,-0.00020842295,-1.1668415,0.073526427,0.00058646325,-0.0044075245,-0.000211084,-0.0053515026,-3.6603069e-06,0.00013663313,0.99999998,-0.0055125025,-4.0069817e-06,0.00014123934,1,0,0,0.0040135339,-3.2064751e-05,1.1403827,384.51912,806.61667,96,0,-1.1652662,nan,0.074193291,nan,nan,83754.069,-3579.3044,1.7133391,-290.6161,0.0061403171,-1.4797021,-0.027021561,0,0,0,0,0,0
8.85,3464.2522,225.52051,-804.84605,149.25516,10.982062,354.04605,-0.00020301325,-1.1668637,0.073523747,0.00059271618,-0.0044860457,-0.00021248138,-0.0053941961,-3.753197e-06,0.00013785816,0.99999998,-0.0055572602,-4.1104357e-06,0.00014254617,1,0,0,0.0040036224,-3.0789112e-05,1.1399405,384.37783,804.84605,96,0,-1.165252,nan,0.074187388,nan,nan,83707.019,-3577.885,1.6288022,-289.70113,0.0064240171,-1.5103185,-0.026428167,0,0,0,0,0,0
8.855,3464.9983,225.57541,-803.07608,149.19594,10.977781,353.91784,-0.00019755526,-1.1668863,0.073521048,0.0005992572,-0.0045661934,-0.00021384682,-0.0054374387,-3.8489287e-06,0.00013910504,0.99999998,-0.0056026038,-4.2171242e-06,0.0001438769,1,0,0,0.0039934375,-2.9517067e-05,1.1394985,384.23662,803.07608,96,0,-1.1652376,nan,0.074181456,nan,nan,83659.998,-3576.4658,1.5446276,-288.76762,0.006718783,-1.5416555,-0.025818205,0,0,0,0,0,0
8.86,3465.7442,225.63029,-801.30675,149.13671,10.973494,353.78971,-0.00019204789,-1.1669093,0.073518332,0.00060609756,-0.0046480059,-0.00021517943,-0.0054812401,-3.947608e-06,0.00014037432,0.99999998,-0.005648544,-4.3271689e-06,0.00014523214,1,0,0,0.0039829734,-2.824873e-05,1.1390568,384.09548,801.30675,96,0,-1.1652231,nan,0.074175496,nan,nan,83613.009,-3575.047,1.4608225,-287.81521,0.007025077,-1.5737335,-0.025190996,0,0,0,0,0,0
8.865,3466.4898,225.68515,-799.53805,149.07747,10.969203,353.66167,-0.00018648999,-1.1669327,0.073515599,0.00061324898,-0.0047315227,-0.00021647827,-0.0055256104,-4.0493451e-06,0.00014166657,0.99999998,-0.0056950918,-4.4406968e-06,0.00014661254,1,0,0,0.0039722243,-2.6984221e-05,1.1386154,383.95441,799.53805,96,0,-1.1652084,nan,0.074169508,nan,nan,83566.049,-3573.6285,1.3773944,-286.84352,0.007343382,-1.6065735,-0.024545827,0,0,0,0,0,0
8.87,3467.235,225.73999,-797.77,149.01822,10.964906,353.53371,-0.00018088037,-1.1669565,0.073512849,0.00062072367,-0.0048167844,-0.00021774235,-0.00557056,-4.1542545e-06,0.00014298237,0.99999998,-0.0057422582,-4.5578399e-06,0.00014801876,1,0,0,0.0039611842,-2.572366e-05,1.1381742,383.81342,797.77,96,0,-1.1651935,nan,0.074163491,nan,nan,83519.12,-3572.2103,1.2943508,-285.85215,0.0076742034,-1.6401974,-0.023881946,0,0,0,0,0,0
8.875,3467.98,225.7948,-796.00259,148.95895,10.960604,353.40584,-0.00017521778,-1.1669808,0.073510083,0.00062853435,-0.0049038326,-0.00021897065,-0.0056160993,-4.2624557e-06,0.00014432233,0.99999998,-0.0057900549,-4.678736e-06,0.00014945151,1,0,0,0.0039498469,-2.4467173e-05,1.1377332,383.67251,796.00259,96,0,-1.1651784,nan,0.074157446,nan,nan,83472.222,-3570.7924,1.2116997,-284.8407,0.00801807,-1.6746275,-0.023198568,0,0,0,0,0,0
8.88,3468.7247,225.8496,-794.23582,148.89966,10.956298,353.27806,-0.00016950092,-1.1670055,0.073507301,0.0006366943,-0.0049927103,-0.00022016212,-0.0056622391,-4.3740731e-06,0.0001456871,0.99999998,-0.0058384934,-4.8035287e-06,0.00015091148,1,0,0,0.003938206,-2.3214891e-05,1.1372925,383.53167,794.23582,96,0,-1.1651631,nan,0.074151373,nan,nan,83425.354,-3569.3749,1.1294493,-283.80875,0.008375535,-1.709887,-0.022494867,0,0,0,0,0,0
8.885,3469.4691,225.90437,-792.46968,148.84036,10.951986,353.15037,-0.00016372844,-1.1670306,0.073504504,0.00064521733,-0.0050834617,-0.00022131564,-0.0057089905,-4.4892364e-06,0.00014707731,0.99999998,-0.0058875857,-4.9323678e-06,0.00015239943,1,0,0,0.0039262551,-2.1966945e-05,1.136852,383.3909,792.46968,96,0,-1.1651477,nan,0.074145271,nan,nan,83378.516,-3567.9576,1.0476078,-282.7559,0.0087471774,-1.7459999,-0.021769977,0,0,0,0,0,0
8.89,3470.2132,225.95912,-790.70418,148.78105,10.947668,353.02276,-0.00015789893,-1.1670562,0.073501692,0.00065411787,-0.0051761321,-0.00022243007,-0.0057563648,-4.6080804e-06,0.00014849366,0.99999998,-0.0059373442,-5.0654093e-06,0.00015391611,1,0,0,0.0039139875,-2.0723474e-05,1.1364118,383.25021,790.70418,96,0,-1.1651321,nan,0.074139142,nan,nan,83331.709,-3566.5406,0.96618394,-281.6817,0.0091336034,-1.7829909,-0.02102299,0,0,0,0,0,0
8.895,3470.9569,226.01385,-788.93932,148.72171,10.943346,352.89525,-0.00015201092,-1.1670823,0.073498866,0.00066341095,-0.0052707684,-0.00022350418,-0.0058043735,-4.730746e-06,0.00014993683,0.99999998,-0.0059877815,-5.2028161e-06,0.00015546234,1,0,0,0.0039013964,-1.948462e-05,1.1359718,383.10959,788.93932,96,0,-1.1651163,nan,0.074132984,nan,nan,83284.933,-3565.124,0.88518664,-280.58571,0.0095354474,-1.8208855,-0.020252952,0,0,0,0,0,0
8.9,3471.7004,226.06856,-787.1751,148.66235,10.939018,352.76782,-0.00014606287,-1.1671088,0.073496026,0.00067311226,-0.0053674185,-0.00022453673,-0.0058530284,-4.8573798e-06,0.00015140757,0.99999998,-0.0060389103,-5.3447581e-06,0.00015703893,1,0,0,0.0038884747,-1.8250529e-05,1.1355321,382.96905,787.1751,96,0,-1.1651003,nan,0.074126799,nan,nan,83238.186,-3563.7077,0.80462512,-279.46748,0.009953374,-1.85971,-0.019458864,0,0,0,0,0,0
8.905,3472.4436,226.12325,-785.41152,148.60298,10.934684,352.64048,-0.00014005317,-1.1671359,0.073493173,0.00068323814,-0.0054661321,-0.0002255264,-0.0059023416,-4.988135e-06,0.00015290662,0.99999998,-0.0060907438,-5.4914126e-06,0.00015864675,1,0,0,0.0038752154,-1.7021354e-05,1.1350926,382.82858,785.41152,96,0,-1.1650841,nan,0.074120586,nan,nan,83191.47,-3562.2917,0.7245089,-278.32653,0.010388079,-1.8994917,-0.018639675,0,0,0,0,0,0
8.91,3473.1865,226.17791,-783.64857,148.54358,10.930346,352.51323,-0.00013398018,-1.1671634,0.073490307,0.00069380568,-0.0055669602,-0.00022647182,-0.0059523256,-5.123171e-06,0.00015443476,0.99999998,-0.0061432957,-5.6429645e-06,0.00016028668,1,0,0,0.0038616109,-1.5797251e-05,1.1346534,382.68818,783.64857,96,0,-1.1650677,nan,0.074114345,nan,nan,83144.785,-3560.876,0.64484783,-277.1624,0.010840291,-1.9402587,-0.017794278,0,0,0,0,0,0
8.915,3473.9291,226.23255,-781.88626,148.48417,10.926001,352.38607,-0.00012784213,-1.1671914,0.073487428,0.00070483267,-0.0056699551,-0.00022737156,-0.006002993,-5.2626543e-06,0.00015599282,0.99999998,-0.0061965796,-5.799607e-06,0.00016195966,1,0,0,0.0038476538,-1.4578382e-05,1.1342144,382.54786,781.88626,96,0,-1.1650511,nan,0.074108076,nan,nan,83098.13,-3559.4606,0.56565208,-275.97459,0.011310773,-1.98204,-0.016921512,0,0,0,0,0,0
8.92,3474.6714,226.28718,-780.12458,148.42473,10.921651,352.259,-0.00012163723,-1.16722,0.073484538,0.0007163377,-0.0057751709,-0.00022822412,-0.0060543567,-5.4067585e-06,0.00015758163,0.99999998,-0.0062506097,-5.9615415e-06,0.00016366664,1,0,0,0.0038333363,-1.3364915e-05,1.1337756,382.40762,780.12458,96,0,-1.1650344,nan,0.07410178,nan,nan,83051.505,-3558.0456,0.48693219,-274.76259,0.011800326,-2.0248657,-0.01602015,0,0,0,0,0,0
8.925,3475.4134,226.34178,-778.36354,148.36526,10.917296,352.13202,-0.00011536357,-1.1672491,0.073481637,0.00072834019,-0.0058826632,-0.00022902793,-0.0061064302,-5.5556649e-06,0.00015920207,0.99999998,-0.0063054006,-6.1289785e-06,0.00016540862,1,0,0,0.0038186503,-1.2157023e-05,1.1333371,382.26745,778.36354,96,0,-1.1650174,nan,0.074095456,nan,nan,83004.911,-3556.6309,0.40869906,-273.5259,0.012309788,-2.0687667,-0.015088903,0,0,0,0,0,0
8.93,3476.1551,226.39635,-776.60314,148.30577,10.912935,352.00514,-0.00010901919,-1.1672787,0.073478725,0.00074086037,-0.0059924892,-0.00022978137,-0.0061592271,-5.7095625e-06,0.00016085504,0.99999998,-0.0063609671,-6.3021378e-06,0.00016718665,1,0,0,0.0038035879,-1.0954887e-05,1.1328989,382.12735,776.60314,96,0,-1.1650002,nan,0.074089104,nan,nan,82958.347,-3555.2165,0.33096399,-272.26397,0.012840037,-2.1137753,-0.014126406,0,0,0,0,0,0
8.935,3476.8965,226.45091,-774.84336,148.24626,10.908568,351.87835,-0.00010260204,-1.1673089,0.073475803,0.00075391942,-0.0061047081,-0.00023048272,-0.0062127612,-5.8686487e-06,0.0001625415,0.99999998,-0.0064173244,-6.4812489e-06,0.00016900181,1,0,0,0.0037881404,-9.7586919e-06,1.1324609,381.98733,774.84336,96,0,-1.1649828,nan,0.074082725,nan,nan,82911.814,-3553.8024,0.25373868,-270.97627,0.013391994,-2.1599245,-0.013131223,0,0,0,0,0,0
8.94,3477.6377,226.50544,-773.08423,148.18671,10.904195,351.75164,-9.6109959e-05,-1.1673397,0.073472873,0.00076753941,-0.0062193804,-0.00023113019,-0.0062670469,-6.0331298e-06,0.00016426241,0.99999998,-0.0064744882,-6.6665514e-06,0.00017085521,1,0,0,0.0037722994,-8.5686317e-06,1.1320232,381.84738,773.08423,96,0,-1.1649652,nan,0.074076319,nan,nan,82865.311,-3552.3887,0.17703524,-269.66224,0.013966625,-2.2072486,-0.012101832,0,0,0,0,0,0
8.945,3478.3785,226.55996,-771.32572,148.12714,10.899817,351.62504,-8.9540719e-05,-1.167371,0.073469933,0.00078174343,-0.0063365688,-0.00023172191,-0.0063220988,-6.2032208e-06,0.00016601882,0.99999998,-0.0065324744,-6.858296e-06,0.00017274803,1,0,0,0.003756056,-7.3849063e-06,1.1315856,381.70751,771.32572,96,0,-1.1649474,nan,0.074069885,nan,nan,82818.839,-3550.9753,0.10086626,-268.3213,0.014564941,-2.2557831,-0.011036628,0,0,0,0,0,0
8.95,3479.119,226.61445,-769.56785,148.06754,10.895433,351.49852,-8.2891988e-05,-1.1674029,0.073466986,0.00079655557,-0.0064563378,-0.00023225591,-0.0063779319,-6.3791465e-06,0.00016781176,0.99999998,-0.0065912994,-7.0567443e-06,0.00017468148,1,0,0,0.003739401,-6.2077235e-06,1.1311484,381.56771,769.56785,96,0,-1.1649293,nan,0.074063424,nan,nan,82772.397,-3549.5622,0.025244789,-266.95287,0.015188004,-2.3055648,-0.0099339125,0,0,0,0,0,0
8.955,3479.8592,226.66891,-767.81061,148.0079,10.891042,351.3721,-7.6161331e-05,-1.1674354,0.073464032,0.00081200103,-0.0065787538,-0.00023273014,-0.0064345617,-6.5611417e-06,0.00016964235,0.99999998,-0.0066509801,-7.2621698e-06,0.00017665684,1,0,0,0.0037223251,-5.0372987e-06,1.1307114,381.42798,767.81061,96,0,-1.1649111,nan,0.074056936,nan,nan,82725.985,-3548.1494,-0.049815635,-265.55634,0.015836928,-2.3566315,-0.008791887,0,0,0,0,0,0
8.96,3480.5991,226.72336,-766.054,147.94824,10.886646,351.24577,-6.9346213e-05,-1.1674686,0.073461071,0.00082810613,-0.0067038853,-0.00023314244,-0.0064920039,-6.7494517e-06,0.00017151173,0.99999998,-0.0067115337,-7.4748586e-06,0.00017867541,1,0,0,0.0037048188,-3.8738559e-06,1.1302746,381.28833,766.054,96,0,-1.1648926,nan,0.07405042,nan,nan,82679.604,-3546.737,-0.12430094,-264.13109,0.01651288,-2.4090225,-0.0076086495,0,0,0,0,0,0
8.965,3481.3387,226.77778,-764.29802,147.88854,10.882243,351.11954,-6.2443985e-05,-1.1675024,0.073458105,0.00084489838,-0.0068318027,-0.00023349055,-0.0065502747,-6.9443327e-06,0.00017342109,0.99999998,-0.0067729779,-7.6951096e-06,0.00018073859,1,0,0,0.0036868722,-2.7176276e-06,1.1298381,381.14876,764.29802,96,0,-1.1648739,nan,0.074043878,nan,nan,82633.253,-3545.3249,-0.19819652,-262.67649,0.017217086,-2.4627784,-0.0063821854,0,0,0,0,0,0
8.97,3482.0781,226.83219,-762.54268,147.8288,10.877835,350.99341,-5.5451888e-05,-1.1675368,0.073455133,0.00086240655,-0.0069625789,-0.0002337721,-0.0066093905,-7.1460526e-06,0.00017537169,0.99999998,-0.0068353307,-7.9232352e-06,0.0001828478,1,0,0,0.0036684752,-1.5688556e-06,1.1294018,381.00925,762.54268,96,0,-1.164855,nan,0.074037308,nan,nan,82586.933,-3543.9131,-0.27148718,-261.19187,0.017950831,-2.5179414,-0.0051103615,0,0,0,0,0,0
8.975,3482.8171,226.88657,-760.78796,147.76903,10.87342,350.86737,-4.8367042e-05,-1.1675719,0.073452158,0.0008806607,-0.0070962887,-0.00023398459,-0.0066693685,-7.3548913e-06,0.00017736482,0.99999998,-0.0068986108,-8.1595624e-06,0.00018500454,1,0,0,0.0036496174,-4.2779135e-07,1.1289658,380.86983,760.78796,96,0,-1.1648358,nan,0.074030711,nan,nan,82540.643,-3542.5017,-0.34415711,-259.67657,0.018715466,-2.5745549,-0.0037909172,0,0,0,0,0,0
8.98,3483.5558,226.94093,-759.03388,147.70922,10.868999,350.74142,-4.1186441e-05,-1.1676076,0.07344918,0.0008996923,-0.0072330096,-0.00023412541,-0.0067302259,-7.5711415e-06,0.00017940181,0.99999998,-0.0069628373,-8.4044331e-06,0.00018721036,1,0,0,0.0036302881,7.0530359e-07,1.12853,380.73047,759.03388,96,0,-1.1648164,nan,0.074024088,nan,nan,82494.383,-3541.0906,-0.41618988,-258.12989,0.019512405,-2.632664,-0.0024214569,0,0,0,0,0,0
8.985,3484.2942,226.99526,-757.28042,147.64937,10.864572,350.61558,-3.3906951e-05,-1.167644,0.073446199,0.00091953424,-0.0073728211,-0.00023419181,-0.0067919808,-7.7951092e-06,0.00018148409,0.99999998,-0.0070280297,-8.6582049e-06,0.00018946691,1,0,0,0.0036104762,1.8301569e-06,1.1280945,380.5912,757.28042,96,0,-1.1647967,nan,0.074017437,nan,nan,82448.154,-3539.6799,-0.48756835,-256.55113,0.020343137,-2.6923154,-0.00099944074,0,0,0,0,0,0
8.99,3485.0324,227.04958,-755.5276,147.58948,10.860138,350.48983,-2.6525302e-05,-1.1676812,0.073443217,0.00094022092,-0.0075158054,-0.0002341809,-0.0068546513,-8.0271144e-06,0.00018361312,0.99999998,-0.0070942081,-8.9212521e-06,0.00019177586,1,0,0,0.0035901706,2.946485e-06,1.1276592,380.45199,755.5276,96,0,-1.1647769,nan,0.07401076,nan,nan,82401.955,-3538.2694,-0.55827471,-254.93956,0.021209222,-2.7535574,0.00047782486,0,0,0,0,0,0
8.995,3485.7702,227.10387,-753.7754,147.52955,10.855697,350.36418,-1.903808e-05,-1.1677191,0.073440235,0.00096178834,-0.0076620474,-0.00023408964,-0.0069182563,-8.2674917e-06,0.00018579043,0.99999998,-0.0071613932,-9.1939663e-06,0.00019413901,1,0,0,0.0035693596,4.0539923e-06,1.1272242,380.31286,753.7754,96,0,-1.1647567,nan,0.074004056,nan,nan,82355.787,-3536.8594,-0.62829036,-253.29442,0.0221123,-2.8164402,0.0020131979,0,0,0,0,0,0
9,3486.5077,227.15814,-752.02383,147.46957,10.85125,350.23863,-1.1441724e-05,-1.1677577,0.073437253,0.00098427419,-0.0078116344,-0.00023391483,-0.0069828151,-8.5165913e-06,0.00018801761,0.99999999,-0.0072296059,-9.4767573e-06,0.00019655821,1,0,0,0.0035480313,5.1523706e-06,1.1267894,380.17381,752.02383,96,0,-1.1647363,nan,0.073997325,nan,nan,82309.649,-3535.4496,-0.69759594,-251.61495,0.023054093,-2.8810155,0.003609712,0,0,0,0,0,0
9.005,3487.245,227.21238,-750.27289,147.40955,10.846797,350.11318,-3.7325179e-06,-1.167797,0.073434273,0.0010077179,-0.0079646567,-0.00023365311,-0.0070483474,-8.7747796e-06,0.00019029633,0.99999999,-0.0072988682,-9.7700542e-06,0.00019903539,1,0,0,0.0035261733,6.2412987e-06,1.1263548,380.03482,750.27289,96,0,-1.1647157,nan,0.073990567,nan,nan,82263.542,-3534.0402,-0.76617122,-249.90035,0.024036409,-2.9473372,0.0052705884,0,0,0,0,0,0
9.01,3487.9819,227.26661,-748.52257,147.34949,10.842337,349.98783,4.093417e-06,-1.1678372,0.073431295,0.0010321607,-0.0081212073,-0.00023330092,-0.0071148735,-9.0424397e-06,0.00019262834,0.99999999,-0.0073692022,-1.0074306e-05,0.00020157259,1,0,0,0.0035037732,7.320441e-06,1.1259205,379.89592,748.52257,96,0,-1.1646948,nan,0.073983783,nan,nan,82217.465,-3532.6312,-0.8339951,-248.14982,0.025061148,-3.015461,0.0069992498,0,0,0,0,0,0
9.015,3488.7185,227.32081,-746.77288,147.28937,10.837869,349.86258,1.2040129e-05,-1.1678781,0.073428322,0.0010576459,-0.0082813823,-0.00023285454,-0.0071824142,-9.3199729e-06,0.00019501544,0.99999999,-0.0074406308,-1.0389984e-05,0.00020417191,1,0,0,0.0034808179,8.3894474e-06,1.1254865,379.75709,746.77288,96,0,-1.1646736,nan,0.073976972,nan,nan,82171.418,-3531.2225,-0.90104556,-246.3625,0.026130308,-3.0854445,0.0087993342,0,0,0,0,0,0
9.02,3489.4548,227.37499,-745.02382,147.22921,10.833395,349.73743,2.0111843e-05,-1.1679198,0.073425353,0.0010842187,-0.0084452808,-0.00023231003,-0.007250991,-9.6077991e-06,0.00019745955,0.99999999,-0.0075131775,-1.0717579e-05,0.0002068356,1,0,0,0.003457294,9.4479519e-06,1.1250527,379.61833,745.02382,96,0,-1.1646522,nan,0.073970134,nan,nan,82125.402,-3529.8141,-0.96729956,-244.53755,0.027245986,-3.1573477,0.010674711,0,0,0,0,0,0
9.025,3490.1909,227.42915,-743.27538,147.16899,10.828915,349.61239,2.831297e-05,-1.1679624,0.073422391,0.0011119264,-0.0086130052,-0.00023166323,-0.0073206258,-9.9063579e-06,0.00019996265,0.99999999,-0.0075868666,-1.1057609e-05,0.00020956597,1,0,0,0.0034331879,1.0495572e-05,1.1246191,379.47964,743.27538,96,0,-1.1646305,nan,0.07396327,nan,nan,82079.416,-3528.4061,-1.032733,-242.67408,0.028410388,-3.2312327,0.012629497,0,0,0,0,0,0
9.03,3490.9266,227.48329,-741.52757,147.10872,10.824427,349.48745,3.6648113e-05,-1.1680058,0.073419436,0.0011408188,-0.0087846611,-0.00023090977,-0.0073913411,-1.021611e-05,0.00020252682,0.99999999,-0.0076617226,-1.1410614e-05,0.00021236545,1,0,0,0.0034084854,1.1531908e-05,1.1241858,379.34103,741.52757,96,0,-1.1646085,nan,0.073956379,nan,nan,82033.461,-3526.9985,-1.0973208,-240.77117,0.029625832,-3.3071638,0.014668075,0,0,0,0,0,0
9.035,3491.662,227.5374,-739.78038,147.04839,10.819931,349.36261,4.512208e-05,-1.1680501,0.073416491,0.0011709478,-0.0089603576,-0.00023004501,-0.0074631601,-1.0537537e-05,0.00020515424,0.99999999,-0.0077377713,-1.1777159e-05,0.00021523659,1,0,0,0.0033831719,1.2556541e-05,1.1237527,379.2025,739.78038,96,0,-1.1645863,nan,0.073949462,nan,nan,81987.536,-3525.5911,-1.1610366,-238.82789,0.030894757,-3.3852078,0.016795118,0,0,0,0,0,0
9.04,3492.3971,227.59149,-738.03382,146.98801,10.815429,349.23788,5.3739889e-05,-1.1680952,0.073413555,0.001202368,-0.0091402074,-0.00022906408,-0.0075361065,-1.0871144e-05,0.00020784718,0.99999999,-0.0078150386,-1.215784e-05,0.00021818209,1,0,0,0.0033572325,1.3569033e-05,1.1233199,379.06404,738.03382,96,0,-1.1645638,nan,0.073942518,nan,nan,81941.641,-3524.1842,-1.2238528,-236.84327,0.032219724,-3.465434,0.019015601,0,0,0,0,0,0
9.045,3493.1319,227.64556,-736.28788,146.92757,10.810919,349.11325,6.250678e-05,-1.1681413,0.073410631,0.0012351364,-0.0093243267,-0.00022796182,-0.0076102047,-1.121746e-05,0.00021060803,0.99999999,-0.0078935515,-1.2553277e-05,0.00022120473,1,0,0,0.0033306518,1.4568926e-05,1.1228873,378.92565,736.28788,96,0,-1.1645409,nan,0.073935548,nan,nan,81895.777,-3522.7776,-1.2857404,-234.81633,0.03360343,-3.5479144,0.021334836,0,0,0,0,0,0
9.05,3493.8665,227.6996,-734.54256,146.86706,10.806402,348.98873,7.1428224e-05,-1.1681883,0.07340772,0.0012693129,-0.0095128359,-0.00022673276,-0.0076854799,-1.1577039e-05,0.00021343929,0.99999999,-0.0079733376,-1.2964124e-05,0.00022430747,1,0,0,0.0033034139,1.5555737e-05,1.122455,378.78734,734.54256,96,0,-1.1645178,nan,0.073928552,nan,nan,81849.944,-3521.3713,-1.3466693,-232.74604,0.035048712,-3.6327235,0.023758488,0,0,0,0,0,0
9.055,3494.6007,227.75363,-732.79787,146.8065,10.801878,348.86432,8.0509935e-05,-1.1682362,0.073404824,0.0013049603,-0.0097058591,-0.00022537114,-0.0077619577,-1.1950463e-05,0.00021634359,0.99999999,-0.0080544255,-1.3391063e-05,0.00022749341,1,0,0,0.0032755026,1.6528963e-05,1.1220229,378.6491,732.79787,96,0,-1.1644944,nan,0.073921529,nan,nan,81804.14,-3519.9654,-1.4066076,-230.63135,0.036558551,-3.7199388,0.02629261,0,0,0,0,0,0
9.06,3495.3346,227.80763,-731.0538,146.74587,10.797346,348.74001,8.9757878e-05,-1.1682852,0.073401945,0.0013421443,-0.0099035245,-0.00022387085,-0.0078396647,-1.2338339e-05,0.00021932367,0.99999999,-0.0081368441,-1.3834813e-05,0.00023076578,1,0,0,0.0032469009,1.7488074e-05,1.1215911,378.51094,731.0538,96,0,-1.1644707,nan,0.07391448,nan,nan,81758.367,-3518.5599,-1.465522,-228.47118,0.038136086,-3.8096407,0.028943666,0,0,0,0,0,0
9.065,3496.0682,227.8616,-729.31034,146.68517,10.792806,348.61581,9.9178286e-05,-1.1683351,0.073399083,0.001380934,-0.010105965,-0.00022222541,-0.007918628,-1.2741307e-05,0.00022238243,0.99999999,-0.0082206237,-1.4296126e-05,0.00023412801,1,0,0,0.0032175916,1.8432515e-05,1.1211595,378.37285,729.31034,96,0,-1.1644467,nan,0.073907404,nan,nan,81712.625,-3517.1547,-1.5233776,-226.26442,0.039784622,-3.9019127,0.031718572,0,0,0,0,0,0
9.07,3496.8015,227.91556,-727.56751,146.62441,10.788258,348.49173,0.00010877767,-1.168386,0.073396242,0.0014214017,-0.010313317,-0.00022042797,-0.0079988757,-1.3160036e-05,0.00022552289,0.99999999,-0.0083057951,-1.4775789e-05,0.0002375837,1,0,0,0.0031875569,1.9361703e-05,1.1207281,378.23483,727.56751,96,0,-1.1644224,nan,0.073900302,nan,nan,81666.913,-3515.7498,-1.5801376,-224.00992,0.041507634,-3.9968417,0.034624723,0,0,0,0,0,0
9.075,3497.5345,227.96949,-725.8253,146.56357,10.783702,348.36775,0.00011856282,-1.168438,0.073393422,0.0014636234,-0.010525724,-0.00021847127,-0.0080804365,-1.3595226e-05,0.00022874824,0.99999999,-0.0083923901,-1.5274632e-05,0.0002411366,1,0,0,0.0031567783,2.0275023e-05,1.120297,378.09689,725.8253,96,0,-1.1643978,nan,0.073893174,nan,nan,81621.231,-3514.3454,-1.6357633,-221.7065,0.043308783,-4.0945177,0.037670036,0,0,0,0,0,0
9.08,3498.2672,228.0234,-724.08371,146.50266,10.779139,348.24389,0.00012854084,-1.1684911,0.073390627,0.0015076787,-0.01074333,-0.0002163476,-0.00816334,-1.4047614e-05,0.00023206182,0.99999999,-0.0084804414,-1.5793523e-05,0.00024479072,1,0,0,0.003125237,2.1171832e-05,1.1198662,377.95902,724.08371,96,0,-1.1643728,nan,0.073886019,nan,nan,81575.58,-3512.9412,-1.6902142,-219.35294,0.045191921,-4.1950344,0.040862995,0,0,0,0,0,0
9.085,3498.9996,228.07729,-722.34274,146.44167,10.774567,348.12013,0.00013871916,-1.1685452,0.073387857,0.0015536512,-0.010966288,-0.00021404878,-0.0082476165,-1.4517972e-05,0.00023546716,0.99999999,-0.0085699826,-1.6333374e-05,0.00024855023,1,0,0,0.0030929135,2.205145e-05,1.1194356,377.82123,722.34274,96,0,-1.1643475,nan,0.073878838,nan,nan,81529.959,-3511.5375,-1.7434475,-216.94799,0.047161105,-4.2984891,0.044212689,0,0,0,0,0,0
9.09,3499.7317,228.13115,-720.60239,146.38061,10.769987,347.99649,0.00014910551,-1.1686005,0.073385115,0.0016016287,-0.011194755,-0.00021156612,-0.0083332973,-1.5007109e-05,0.00023896795,0.99999999,-0.0086610484,-1.689514e-05,0.00025241955,1,0,0,0.0030597876,2.2913163e-05,1.1190052,377.68351,720.60239,96,0,-1.1643219,nan,0.073871631,nan,nan,81484.369,-3510.1341,-1.7954183,-214.49037,0.04922061,-4.404983,0.04772887,0,0,0,0,0,0
9.095,3500.4635,228.18499,-718.86265,146.31947,10.765399,347.87297,0.000159708,-1.168657,0.073382403,0.0016517033,-0.011428893,-0.00020889039,-0.0084204147,-1.5515876e-05,0.0002425681,0.99999999,-0.0087536743,-1.7479828e-05,0.00025640334,1,0,0,0.0030258387,2.3756218e-05,1.1185751,377.54587,718.86265,96,0,-1.164296,nan,0.073864398,nan,nan,81438.809,-3508.7311,-1.8460791,-211.97873,0.051374935,-4.5146212,0.051422001,0,0,0,0,0,0
9.1,3501.1949,228.23881,-717.12353,146.25824,10.760803,347.74956,0.00017053508,-1.1687146,0.073379725,0.0017039716,-0.011668869,-0.00020601177,-0.0085090018,-1.6045164e-05,0.00024627169,0.99999999,-0.0088478971,-1.8088491e-05,0.0002605065,1,0,0,0.0029910453,2.4579823e-05,1.1181452,377.4083,717.12353,96,0,-1.1642697,nan,0.073857138,nan,nan,81393.28,-3507.3284,-1.89538,-209.41172,0.053628821,-4.6275132,0.055303322,0,0,0,0,0,0
9.105,3501.9261,228.29261,-715.38503,146.19693,10.756198,347.62627,0.00018159559,-1.1687734,0.073377082,0.0017585353,-0.011914857,-0.00020291983,-0.0085990925,-1.6595909e-05,0.00025008307,0.99999999,-0.0089437545,-1.8722237e-05,0.00026473423,1,0,0,0.0029553855,2.538314e-05,1.1177156,377.2708,715.38503,96,0,-1.164243,nan,0.073849851,nan,nan,81347.781,-3505.9261,-1.9432683,-206.78792,0.055987265,-4.7437728,0.059384909,0,0,0,0,0,0
9.11,3502.657,228.34638,-713.64715,146.13553,10.751584,347.50309,0.00019289877,-1.1688335,0.073374476,0.0018155008,-0.012167037,-0.00019960344,-0.0086907219,-1.7169093e-05,0.00025400679,0.99999999,-0.0090412854,-1.9382231e-05,0.000269092,1,0,0,0.0029188367,2.6165287e-05,1.1172862,377.13338,713.64715,96,0,-1.164216,nan,0.073842539,nan,nan,81302.312,-3504.5242,-1.9896884,-204.10586,0.05845553,-4.8635182,0.06367975,0,0,0,0,0,0
9.115,3503.3875,228.40013,-711.90988,146.07404,10.746961,347.38003,0.00020445427,-1.1688948,0.073371912,0.0018749804,-0.012425595,-0.00019605076,-0.0087839262,-1.776575e-05,0.00025804766,0.99999999,-0.0091405299,-2.0069693e-05,0.00027358559,1,0,0,0.0028813752,2.6925331e-05,1.1168571,376.99603,711.90988,96,0,-1.1641887,nan,0.0738352,nan,nan,81256.874,-3503.1227,-2.0345816,-201.36406,0.061039165,-4.9868728,0.068201821,0,0,0,0,0,0
9.12,3504.1178,228.45385,-710.17322,146.01246,10.74233,347.2571,0.00021627216,-1.1689575,0.073369391,0.0019370915,-0.012690723,-0.00019224918,-0.0088787425,-1.8386961e-05,0.00026221076,0.99999999,-0.0092415292,-2.0785908e-05,0.00027822113,1,0,0,0.0028429771,2.7662287e-05,1.1164282,376.85876,710.17322,96,0,-1.164161,nan,0.073827834,nan,nan,81211.466,-3501.7215,-2.0778858,-198.56097,0.063744018,-5.1139646,0.072966172,0,0,0,0,0,0
9.125,3504.8477,228.50755,-708.43718,145.95078,10.737689,347.13428,0.00022836298,-1.1690215,0.073366918,0.002001958,-0.012962621,-0.00018818523,-0.0089752091,-1.9033864e-05,0.00026650145,0.99999999,-0.0093443259,-2.1532226e-05,0.00028300509,1,0,0,0.0028036175,2.8375114e-05,1.1159995,376.72156,708.43718,96,0,-1.1641329,nan,0.073820442,nan,nan,81166.088,-3500.3207,-2.1195357,-195.69498,0.066576256,-5.2449273,0.077989021,0,0,0,0,0,0
9.13,3505.5773,228.56123,-706.70176,145.889,10.73304,347.01159,0.00024073775,-1.1690869,0.073364494,0.0020697097,-0.013241496,-0.00018384454,-0.0090733653,-1.9707656e-05,0.0002709254,0.99999999,-0.0094489639,-2.2310064e-05,0.00028794433,1,0,0,0.0027632705,2.906271e-05,1.1155711,376.58444,706.70176,96,0,-1.1641044,nan,0.073813024,nan,nan,81120.741,-3498.9202,-2.1594616,-192.76445,0.069542378,-5.3798997,0.083287856,0,0,0,0,0,0
9.135,3506.3067,228.61489,-704.96695,145.82712,10.728381,346.88901,0.00025340797,-1.1691536,0.073362124,0.0021404833,-0.013527562,-0.00017921178,-0.0091732517,-2.0409592e-05,0.0002754886,0.99999999,-0.0095554881,-2.3120914e-05,0.0002930461,1,0,0,0.0027219097,2.9723907e-05,1.115143,376.44739,704.96695,96,0,-1.1640755,nan,0.073805579,nan,nan,81075.425,-3497.5202,-2.1975903,-189.76769,0.072649242,-5.5190266,0.088881551,0,0,0,0,0,0
9.14,3507.0357,228.66852,-703.23275,145.76514,10.723712,346.76657,0.00026638565,-1.1692219,0.073359811,0.0022144223,-0.01382104,-0.00017427053,-0.0092749103,-2.1140992e-05,0.00028019739,0.99999999,-0.0096639453,-2.3966341e-05,0.00029831812,1,0,0,0.0026795076,3.0357471e-05,1.114715,376.31041,703.23275,96,0,-1.1640463,nan,0.073798108,nan,nan,81030.139,-3496.1205,-2.233844,-186.70294,0.075904078,-5.6624589,0.094790488,0,0,0,0,0,0
9.145,3507.7644,228.72213,-701.49916,145.70305,10.719035,346.64425,0.00027968337,-1.1692916,0.07335756,0.0022916778,-0.01412216,-0.00016900326,-0.009378384,-2.1903242e-05,0.00028505849,0.99999999,-0.0097743834,-2.4847996e-05,0.00030376854,1,0,0,0.0026360362,3.0962092e-05,1.1142874,376.17351,701.49916,96,0,-1.1640167,nan,0.073790609,nan,nan,80984.883,-3494.7212,-2.2681403,-183.56839,0.079314516,-5.8103535,0.1010367,0,0,0,0,0,0
9.15,3508.4928,228.77572,-699.76618,145.64085,10.714347,346.52205,0.00029331425,-1.1693628,0.073355373,0.0023724085,-0.014431161,-0.00016339121,-0.0094837173,-2.2697801e-05,0.00029007901,0.99999999,-0.0098868519,-2.5767609e-05,0.00030940605,1,0,0,0.002591466,3.1536379e-05,1.11386,376.03668,699.76618,96,0,-1.1639866,nan,0.073783084,nan,nan,80939.658,-3493.3222,-2.3003917,-180.36218,0.082888602,-5.9628744,0.107644,0,0,0,0,0,0
9.155,3509.2208,228.82928,-698.03381,145.57854,10.70965,346.39999,0.00030729202,-1.1694356,0.073353257,0.0024567815,-0.01474829,-0.00015741427,-0.009590956,-2.3526201e-05,0.00029526648,0.99999999,-0.010001402,-2.6727005e-05,0.00031523984,1,0,0,0.0025457672,3.2078858e-05,1.1134328,375.89993,698.03381,96,0,-1.1639562,nan,0.073775533,nan,nan,80894.463,-3491.9237,-2.3305056,-177.08237,0.086634831,-6.1201923,0.11463819,0,0,0,0,0,0
9.16,3509.9486,228.88282,-696.30206,145.5161,10.704943,346.27805,0.000321631,-1.16951,0.073351214,0.0025449724,-0.015073803,-0.00015105089,-0.0097001473,-2.4390053e-05,0.00030062892,0.99999999,-0.010118086,-2.7728101e-05,0.00032127972,1,0,0,0.0024989084,3.2587963e-05,1.1130058,375.76325,696.30206,96,0,-1.1639253,nan,0.073767954,nan,nan,80849.298,-3490.5255,-2.3583833,-173.72699,0.090562163,-6.2824851,0.12204721,0,0,0,0,0,0
9.165,3510.6761,228.93633,-694.57091,145.45355,10.700225,346.15625,0.00033634618,-1.169586,0.073349251,0.0026371661,-0.015407965,-0.00014427798,-0.0098113399,-2.5291052e-05,0.00030617481,0.99999999,-0.010236959,-2.8772913e-05,0.0003275361,1,0,0,0.0024508576,3.3062027e-05,1.1125792,375.62665,694.57091,96,0,-1.163894,nan,0.073760349,nan,nan,80804.164,-3489.1277,-2.3839204,-170.29398,0.094680061,-6.4499385,0.12990133,0,0,0,0,0,0
9.17,3511.4032,228.98982,-692.84037,145.39087,10.695498,346.03458,0.00035145321,-1.1696637,0.073347371,0.0027335571,-0.015751052,-0.00013707074,-0.009924584,-2.6230981e-05,0.00031191317,0.99999999,-0.010358076,-2.9863566e-05,0.00033402007,1,0,0,0.0024015816,3.3499281e-05,1.1121527,375.49012,692.84037,96,0,-1.1638622,nan,0.073752716,nan,nan,80759.061,-3487.7303,-2.4070054,-166.78121,0.098998509,-6.6227463,0.13823342,0,0,0,0,0,0
9.175,3512.13,229.04329,-691.11044,145.32807,10.69076,345.91304,0.00036696845,-1.1697432,0.073345582,0.0028343501,-0.016103351,-0.00012940252,-0.010039931,-2.7211714e-05,0.00031785359,0.99999999,-0.010481497,-3.1002294e-05,0.00034074344,1,0,0,0.002351046,3.389784e-05,1.1117265,375.35366,691.11044,96,0,-1.16383,nan,0.073745057,nan,nan,80713.988,-3486.3333,-2.4275199,-163.1865,0.10352805,-6.8011106,0.14707917,0,0,0,0,0,0
9.18,3512.8565,229.09674,-689.38112,145.26513,10.686012,345.79164,0.00038290898,-1.1698244,0.073343887,0.0029397606,-0.016465157,-0.00012124471,-0.010157435,-2.8235224e-05,0.00032400626,0.99999999,-0.010607279,-3.2191448e-05,0.00034771879,1,0,0,0.0022992154,3.4255694e-05,1.1113006,375.21728,689.38112,96,0,-1.1637974,nan,0.07373737,nan,nan,80668.945,-3484.9366,-2.4453379,-159.50758,0.10827983,-6.9852423,0.15647735,0,0,0,0,0,0
9.185,3513.5827,229.15016,-687.65241,145.20206,10.681253,345.67037,0.00039929265,-1.1699075,0.073342295,0.0030500155,-0.01683678,-0.00011256649,-0.010277151,-2.9303587e-05,0.00033038206,0.99999999,-0.010735486,-3.3433505e-05,0.00035495957,1,0,0,0.0022460531,3.4570704e-05,1.1108749,375.08097,687.65241,96,0,-1.1637643,nan,0.073729656,nan,nan,80623.932,-3483.5403,-2.4603249,-155.74211,0.11326559,-7.1753618,0.16647015,0,0,0,0,0,0
9.19,3514.3086,229.20355,-685.9243,145.13885,10.676483,345.54925,0.0004161381,-1.1699924,0.07334081,0.0031653538,-0.017218539,-0.0001033347,-0.010399136,-3.0418988e-05,0.00033699254,0.99999999,-0.010866181,-3.4731072e-05,0.00036248012,1,0,0,0.0021915213,3.4840587e-05,1.1104494,374.94474,685.9243,96,0,-1.1637308,nan,0.073721914,nan,nan,80578.95,-3482.1445,-2.4723377,-151.88768,0.11849777,-7.371699,0.17710347,0,0,0,0,0,0
9.195,3515.0342,229.25693,-684.19679,145.0755,10.671702,345.42826,0.0004334648,-1.1700793,0.073339441,0.0032860269,-0.017610766,-9.3513621e-05,-0.010523449,-3.1583726e-05,0.00034385004,0.99999999,-0.010999429,-3.6086895e-05,0.00037029576,1,0,0,0.0021355807,3.5062905e-05,1.1100242,374.80858,684.19679,96,0,-1.1636967,nan,0.073714144,nan,nan,80533.999,-3480.749,-2.4812233,-147.94178,0.12398948,-7.5744943,0.18842735,0,0,0,0,0,0
9.2,3515.7594,229.31028,-682.46989,145.01199,10.66691,345.30742,0.00045129309,-1.1701681,0.073338194,0.0034123,-0.018013807,-8.306472e-05,-0.01065015,-3.2800221e-05,0.00035096771,0.99999999,-0.0111353,-3.7503865e-05,0.00037842288,1,0,0,0.0020781908,3.5235056e-05,1.1095992,374.67249,682.46989,96,0,-1.1636622,nan,0.073706347,nan,nan,80489.078,-3479.3539,-2.4868185,-143.90184,0.12975459,-7.7839987,0.20049635,0,0,0,0,0,0
9.205,3516.4844,229.3636,-680.7436,144.94834,10.662107,345.18672,0.00046964419,-1.170259,0.073337078,0.0035444522,-0.01842802,-7.1946416e-05,-0.010779302,-3.4071023e-05,0.0003583596,0.99999999,-0.011273863,-3.8985028e-05,0.00038687902,1,0,0,0.0020193097,3.5354255e-05,1.1091745,374.53648,680.7436,96,0,-1.1636272,nan,0.073698522,nan,nan,80444.187,-3477.9592,-2.4889489,-139.76517,0.13580775,-8.0004747,0.21337,0,0,0,0,0,0
9.21,3517.209,229.4169,-679.0179,144.88453,10.657293,345.06617,0.00048854027,-1.170352,0.073336101,0.0036827777,-0.018853778,-6.0113796e-05,-0.01091097,-3.5398817e-05,0.00036604072,0.99999999,-0.011415192,-4.0533595e-05,0.00039568297,1,0,0,0.001958894,3.5417524e-05,1.10875,374.40054,679.0179,96,0,-1.1635917,nan,0.073690669,nan,nan,80399.327,-3476.5649,-2.4874277,-135.52903,0.14216445,-8.2241965,0.22711337,0,0,0,0,0,0
9.215,3517.9333,229.47018,-677.29281,144.82056,10.652467,344.94576,0.00050800447,-1.1704472,0.073335272,0.0038275865,-0.019291467,-4.7518306e-05,-0.01104522,-3.6786428e-05,0.00037402714,0.99999999,-0.011559361,-4.2152947e-05,0.00040485488,1,0,0,0.0018968988,3.5421675e-05,1.1083257,374.26468,677.29281,96,0,-1.1635557,nan,0.073682787,nan,nan,80354.497,-3475.171,-2.4820553,-131.19054,0.14884105,-8.4554511,0.24179757,0,0,0,0,0,0
9.22,3518.6573,229.52343,-675.56833,144.75643,10.647629,344.82551,0.00052806093,-1.1705445,0.073334601,0.0039792054,-0.019741492,-3.4107414e-05,-0.011182123,-3.8236835e-05,0.00038233601,0.99999999,-0.011706449,-4.3846647e-05,0.00041441634,1,0,0,0.0018332777,3.536329e-05,1.1079017,374.12889,675.56833,96,0,-1.1635191,nan,0.073674876,nan,nan,80309.697,-3473.7774,-2.4726177,-126.74675,0.15585486,-8.6945385,0.25750044,0,0,0,0,0,0
9.225,3519.3809,229.57666,-673.84444,144.69212,10.642779,344.7054,0.00054873481,-1.1706441,0.073334098,0.0041379788,-0.020204269,-1.9824229e-05,-0.011321749,-3.9753175e-05,0.00039098577,0.99999999,-0.011856536,-4.5618453e-05,0.00042439057,1,0,0,0.0017679826,3.5238703e-05,1.107478,373.99317,673.84444,96,0,-1.163482,nan,0.073666937,nan,nan,80264.928,-3472.3843,-2.4588855,-122.19461,0.16322418,-8.9417726,0.27430725,0,0,0,0,0,0
9.23,3520.1043,229.62986,-672.12115,144.62764,10.637918,344.58545,0.0005700524,-1.1707461,0.073333774,0.0043042699,-0.020680236,-4.60709e-06,-0.011464173,-4.1338754e-05,0.00039999612,0.99999999,-0.012009705,-4.7472324e-05,0.0004348025,1,0,0,0.0017009636,3.5043982e-05,1.1070545,373.85753,672.12115,96,0,-1.1634444,nan,0.073658969,nan,nan,80220.189,-3470.9916,-2.4406129,-117.53093,0.17096835,-9.1974822,0.29231149,0,0,0,0,0,0
9.235,3520.8273,229.68304,-670.39846,144.56298,10.633044,344.46566,0.00059204108,-1.1708505,0.073333642,0.0044784615,-0.021169845,1.1610898e-05,-0.011609471,-4.2997055e-05,0.00040938826,0.99999999,-0.012166043,-4.9412435e-05,0.00044567896,1,0,0,0.0016321692,3.4774899e-05,1.1066312,373.72196,670.39846,96,0,-1.1634063,nan,0.073650972,nan,nan,80175.481,-3469.5992,-2.4175357,-112.75246,0.17910784,-9.4620112,0.31161577,0,0,0,0,0,0
9.24,3521.5499,229.7362,-668.67638,144.49814,10.628158,344.34602,0.00061472938,-1.1709573,0.073333713,0.0046609577,-0.021673568,2.8902373e-05,-0.011757722,-4.4731751e-05,0.00041918491,0.99999999,-0.012325639,-5.1443189e-05,0.00045704884,1,0,0,0.0015615459,3.4426911e-05,1.1062082,373.58647,668.67638,96,0,-1.1633675,nan,0.073642945,nan,nan,80130.803,-3468.2073,-2.3893699,-107.85578,0.1876643,-9.7357198,0.3323328,0,0,0,0,0,0
9.245,3522.2723,229.78933,-666.95488,144.43311,10.62326,344.22654,0.00063814704,-1.1710667,0.073334002,0.0048521844,-0.022191896,4.7346281e-05,-0.011909008,-4.6546712e-05,0.00042941051,0.99999999,-0.012488586,-5.3569227e-05,0.00046894327,1,0,0,0.0014890385,3.3995128e-05,1.1057854,373.45105,666.95488,96,0,-1.1633282,nan,0.073634888,nan,nan,80086.155,-3466.8158,-2.3558105,-102.83738,0.19666061,-10.018986,0.35458653,0,0,0,0,0,0
9.25,3522.9943,229.84244,-665.23399,144.36788,10.618349,344.10723,0.00066232504,-1.1711788,0.073334523,0.005052591,-0.02272534,6.7028507e-05,-0.012063414,-4.8446018e-05,0.00044009137,0.99999999,-0.012654979,-5.5795447e-05,0.00048139584,1,0,0,0.0014145895,3.3474285e-05,1.1053629,373.31571,665.23399,96,0,-1.1632883,nan,0.073626801,nan,nan,80041.538,-3465.4246,-2.3165289,-97.693616,0.20612101,-10.312204,0.37851339,0,0,0,0,0,0
9.255,3523.716,229.89552,-663.51369,144.30244,10.613425,343.98808,0.00068729559,-1.1712935,0.073335292,0.0052626519,-0.023274433,8.8042569e-05,-0.012221028,-5.0433972e-05,0.00045125579,0.99999999,-0.012824918,-5.8127015e-05,0.00049444279,1,0,0,0.0013381396,3.2858706e-05,1.1049406,373.18044,663.51369,96,0,-1.1632478,nan,0.073618683,nan,nan,79996.951,-3464.0339,-2.2711712,-92.420718,0.21607114,-10.61579,0.40426367,0,0,0,0,0,0
9.26,3524.4374,229.94858,-661.79399,144.2368,10.608488,343.86909,0.00071309223,-1.171411,0.073336326,0.0054828673,-0.023839728,0.0001104904,-0.01238194,-5.2515112e-05,0.00046293429,0.99999999,-0.012998505,-6.0569378e-05,0.00050812333,1,0,0,0.001259627,3.2142266e-05,1.1045186,373.04524,661.79399,96,0,-1.1632067,nan,0.073610535,nan,nan,79952.394,-3462.6435,-2.2193559,-87.014772,0.22653812,-10.930177,0.43200314,0,0,0,0,0,0
9.265,3525.1585,230.00161,-660.07488,144.17095,10.603539,343.75028,0.00073974982,-1.1715313,0.073337644,0.0057137656,-0.024421805,0.00013448322,-0.012546245,-5.4694222e-05,0.00047515979,0.99999999,-0.013175848,-6.3128289e-05,0.00052247984,1,0,0,0.0011789879,3.1318352e-05,1.1040967,372.91011,660.07488,96,0,-1.163165,nan,0.073602355,nan,nan,79907.868,-3461.2536,-2.1606713,-81.471722,0.23755068,-11.255822,0.46191483,0,0,0,0,0,0
9.27,3525.8792,230.05462,-658.35637,144.10488,10.598576,343.63164,0.00076730459,-1.1716546,0.073339265,0.0059559044,-0.025021265,0.00016014248,-0.01271404,-5.6976352e-05,0.00048796786,0.99999999,-0.013357056,-6.5809813e-05,0.00053755824,1,0,0,0.0010961559,3.0379817e-05,1.1036752,372.77506,658.35637,96,0,-1.1631227,nan,0.073594144,nan,nan,79863.372,-3459.8641,-2.0946726,-75.787365,0.24913922,-11.593203,0.49420097,0,0,0,0,0,0
9.275,3526.5996,230.1076,-656.63845,144.03858,10.5936,343.51317,0.00079579412,-1.171781,0.073341211,0.0062098723,-0.025638736,0.00018760095,-0.012885426,-5.9366827e-05,0.00050139692,0.99999999,-0.013542245,-6.8620356e-05,0.00055340828,1,0,0,0.0010110624,2.9318928e-05,1.1032539,372.64009,656.63845,96,0,-1.1630797,nan,0.0735859,nan,nan,79818.906,-3458.4749,-2.0208792,-69.95734,0.26133591,-11.942823,0.52908532,0,0,0,0,0,0
9.28,3527.3197,230.16056,-654.92112,143.97204,10.58861,343.39488,0.00082525743,-1.1719104,0.073343505,0.006476291,-0.026274874,0.00021700395,-0.013060507,-6.1871265e-05,0.00051548856,0.99999999,-0.013731533,-7.1566676e-05,0.00057008397,1,0,0,0.00092363587,2.812731e-05,1.1028328,372.50519,654.92112,96,0,-1.163036,nan,0.073577624,nan,nan,79774.471,-3457.0862,-1.938771,-63.977125,0.27417484,-12.305208,0.56681565,0,0,0,0,0,0
9.285,3528.0394,230.21349,-653.20438,143.90527,10.583607,343.27677,0.00085573493,-1.1720431,0.073346172,0.006755817,-0.026930362,0.00024851064,-0.013239393,-6.4495597e-05,0.00053028781,0.99999999,-0.013925044,-7.4655908e-05,0.00058764394,1,0,0,0.00083380238,2.6795888e-05,1.102412,372.37036,653.20438,96,0,-1.1629917,nan,0.073569315,nan,nan,79730.066,-3455.6979,-1.8477847,-57.842028,0.2876921,-12.680911,0.60766664,0,0,0,0,0,0
9.29,3528.7588,230.2664,-651.48823,143.83825,10.578591,343.15885,0.00088726847,-1.1721791,0.073349239,0.0070491437,-0.027605912,0.00028229557,-0.013422196,-6.7246079e-05,0.00054584348,0.99999999,-0.014122903,-7.7895587e-05,0.00060615194,1,0,0,0.00074148501,2.5314813e-05,1.1019914,372.2356,651.48823,96,0,-1.1629467,nan,0.073560972,nan,nan,79685.691,-3454.31,-1.7473096,-51.547182,0.3019259,-13.070516,0.65194315,0,0,0,0,0,0
9.295,3529.4778,230.31928,-649.77267,143.77098,10.573561,343.04111,0.00091990131,-1.1723185,0.073352736,0.0073570037,-0.028302269,0.00031855035,-0.013609031,-7.0129317e-05,0.00056220856,0.99999999,-0.014325242,-8.1293665e-05,0.00062567726,1,0,0,0.00064660392,2.3673393e-05,1.101571,372.10092,649.77267,96,0,-1.162901,nan,0.073552594,nan,nan,79641.346,-3452.9225,-1.6366832,-45.087531,0.31691673,-13.474633,0.69998385,0,0,0,0,0,0
9.3,3530.1966,230.37214,-648.0577,143.70345,10.568517,342.92355,0.00095367812,-1.1724615,0.073356694,0.0076801709,-0.02902021,0.00035748555,-0.013800018,-7.3152283e-05,0.00057944052,0.99999999,-0.014532187,-8.4858542e-05,0.0006462951,1,0,0,0.0005490762,2.1859999e-05,1.1011509,371.96631,648.0577,96,0,-1.1628545,nan,0.073544182,nan,nan,79597.032,-3451.5354,-1.5151858,-38.45783,0.33270746,-13.893906,0.75216542,0,0,0,0,0,0
9.305,3530.9149,230.42497,-646.34332,143.63564,10.56346,342.80619,0.00098864497,-1.172608,0.073361149,0.0080194633,-0.029760547,0.00039933284,-0.013995274,-7.6322337e-05,0.00059760162,0.99999999,-0.014743834,-8.8599088e-05,0.00066808579,1,0,0,0.00044881571,1.9861983e-05,1.1007311,371.83178,646.34332,96,0,-1.1628074,nan,0.073535735,nan,nan,79552.748,-3450.1487,-1.3820353,-31.65263,0.34934354,-14.329012,0.80890729,0,0,0,0,0,0
9.31,3531.633,230.47778,-644.62952,143.56756,10.558389,342.68903,0.0010248493,-1.1727584,0.073366138,0.0083757452,-0.030524126,0.00044434734,-0.014194865,-7.9647251e-05,0.00061675709,0.99999999,-0.014959769,-9.252467e-05,0.0006911133,1,0,0,0.00034573295,1.7665562e-05,1.1003114,371.69732,644.62952,96,0,-1.1627595,nan,0.073527251,nan,nan,79508.494,-3448.7624,-1.2363801,-24.666272,0.36687309,-14.780667,0.87067714,0,0,0,0,0,0
9.315,3532.3507,230.53056,-642.91631,143.4992,10.553304,342.57207,0.0010623397,-1.1729125,0.073371702,0.0087498863,-0.03130762,0.00049267491,-0.013719874,-8.3135208e-05,0.00060508395,0.99999999,-0.012876792,-9.664474e-05,0.0006069178,1,0,0,0.00023973608,1.5255743e-05,1.0998921,371.56293,642.91631,96,0,-1.1627108,nan,0.07351873,nan,nan,79464.271,-3446.0611,-1.0716214,-17.299126,0.38435486,-13.45104,0.87984959,0,0,0,0,0,0
9.32,3533.068,230.58332,-641.20369,143.43058,10.548209,342.45548,0.0011011893,-1.1730704,0.073377857,0.0091403475,-0.031877173,0.00053690171,-0.014004448,-8.679188e-05,0.00063001796,0.99999999,-0.015268733,-0.00010094461,0.00073506206,1,0,0,0.00013115356,1.2629805e-05,1.0994734,371.42879,641.20369,96,0,-1.1626614,nan,0.073510171,nan,nan,79420.153,-3439.58,-0.87559049,-9.1981296,0.39975259,-6.8553754,0.71520339,0,0,0,0,0,0
9.325,3533.7851,230.63605,-639.49164,143.36173,10.543106,342.33935,0.0011415553,-1.1732303,0.073384518,0.0095464697,-0.03209783,0.00057228921,-0.014327679,-9.0618425e-05,0.00065791563,0.99999999,-0.015513111,-0.00010541914,0.00076371597,1,0,0,2.1520253e-05,9.8247138e-06,1.0990558,371.29499,639.49164,96,0,-1.1626111,nan,0.073501574,nan,nan,79376.177,-3433.1217,-0.66635944,-1.0249708,0.41580824,-0.19718014,0.53912829,0,0,0,0,0,0
9.33,3534.5017,230.68875,-637.78018,143.29264,10.537997,342.22368,0.0011836212,-1.1733907,0.073391573,0.0099689113,-0.031968483,0.00059828165,-0.014617805,-9.4617102e-05,0.00068545415,0.99999999,-0.01566266,-0.00011007671,0.00078922157,1,0,0,-8.7411421e-05,6.887112e-06,1.0986393,371.16153,637.78018,96,0,-1.1625601,nan,0.073492937,nan,nan,79332.344,-3426.6853,-0.44716819,7.0916925,0.43252445,6.4199525,0.35440199,0,0,0,0,0,0
9.335,3535.218,230.74143,-636.06929,143.22333,10.532881,342.10848,0.0012275794,-1.1735497,0.073398902,0.010408336,-0.031493453,0.00061447033,-0.014869396,-9.8791571e-05,0.0007123717,0.99999999,-0.015766105,-0.00011492586,0.00081363539,1,0,0,-0.0001939115,3.865742e-06,1.0982237,371.0284,636.06929,96,0,-1.1625082,nan,0.073484258,nan,nan,79288.654,-3420.2706,-0.22167572,15.025202,0.44990937,12.893984,0.16391652,0,0,0,0,0,0
9.34,3535.934,230.79409,-634.35897,143.15379,10.527759,341.99373,0.0012736296,-1.1737057,0.073406383,0.010865417,-0.030682367,0.00062059856,-0.015082131,-0.00010314662,0.00073859031,0.99999999,-0.015832065,-0.00011997527,0.00083709777,1,0,0,-0.00029629909,8.106741e-07,1.0978092,370.89561,634.35897,96,0,-1.1624555,nan,0.073475538,nan,nan,79245.105,-3413.8779,0.0065187274,22.652964,0.46797626,19.126183,-0.029367543,0,0,0,0,0,0
9.345,3536.6497,230.84671,-632.64924,143.08405,10.522634,341.87942,0.0013219769,-1.173857,0.07341389,0.011340843,-0.029549954,0.00061656467,-0.015256849,-0.00010768796,0.00076403862,0.99999999,-0.015864091,-0.00012523388,0.00085949538,1,0,0,-0.00039296789,-2.2274371e-06,1.0973956,370.76314,632.64924,96,0,-1.1624019,nan,0.073466775,nan,nan,79201.697,-3407.507,0.23382213,29.858282,0.48674238,25.022592,-0.22245921,0,0,0,0,0,0
9.35,3537.3649,230.89932,-630.94007,143.01412,10.517505,341.76555,0.0013728305,-1.174002,0.073421297,0.011835321,-0.028115766,0.00060242296,-0.015394857,-0.00011242204,0.00078862757,0.99999999,-0.015864892,-0.00013071084,0.00088066637,1,0,0,-0.00048241032,-5.1981197e-06,1.0969831,370.63102,630.94007,96,0,-1.1623474,nan,0.073457968,nan,nan,79158.429,-3401.1578,0.45666338,36.532082,0.50622806,30.495402,-0.41237821,0,0,0,0,0,0
9.355,3538.0799,230.95189,-629.23147,142.94403,10.512375,341.65211,0.0014264016,-1.1741393,0.073428481,0.01234958,-0.026403824,0.00057838247,-0.015497778,-0.00011735597,0.00081225094,0.99999999,-0.015837207,-0.00013641555,0.00090044694,1,0,0,-0.00056323985,-8.0518475e-06,1.0965716,370.49922,629.23147,96,0,-1.162292,nan,0.073449115,nan,nan,79115.302,-3394.8303,0.67154459,42.574494,0.52645615,35.464228,-0.5961968,0,0,0,0,0,0
9.36,3538.7944,231.00445,-627.52343,142.87382,10.507246,341.53908,0.0014829017,-1.1742675,0.073435321,0.012884372,-0.024442204,0.00054480364,-0.01556752,-0.00012249742,0.00083479121,0.99999999,-0.015784032,-0.00014235767,0.00091868684,1,0,0,-0.00063421127,-1.0740787e-05,1.0961611,370.36775,627.52343,96,0,-1.1622357,nan,0.073440216,nan,nan,79072.314,-3388.5244,0.87509161,47.896294,0.54745157,39.857259,-0.77108164,0,0,0,0,0,0
9.365,3539.5087,231.05697,-625.81596,142.80351,10.502119,341.42644,0.0015425414,-1.1743854,0.073441702,0.013440474,-0.022262564,0.00050219276,-0.015606281,-0.00012785455,0.00085612628,0.99999999,-0.015708668,-0.00014854715,0.00093525644,1,0,0,-0.00069423857,-1.3219516e-05,1.0957515,370.23661,625.81596,96,0,-1.1621785,nan,0.073431269,nan,nan,79029.465,-3382.2401,1.0641032,52.42016,0.56924098,43.612281,-0.93433515,0,0,0,0,0,0
9.37,3540.2226,231.10947,-624.10905,142.73315,10.496997,341.31417,0.0016055284,-1.174492,0.073447515,0.014018693,-0.019899619,0.00045119434,-0.015616548,-0.00013343593,0.00087613572,0.99999999,-0.015614705,-0.0001549942,0.00095005071,1,0,0,-0.00074241016,-1.544571e-05,1.095343,370.1058,624.10905,96,0,-1.1621203,nan,0.073422274,nan,nan,78986.755,-3375.9773,1.2355976,56.081735,0.59185249,46.677533,-1.0834353,0,0,0,0,0,0
9.375,3540.9361,231.16195,-622.40271,142.66276,10.491881,341.20227,0.0016720661,-1.1745866,0.073452663,0.014619862,-0.017390578,0.00039258144,-0.015601094,-0.00013925059,0.00089470639,0.99999999,-0.015505981,-0.00016170929,0.00096299179,1,0,0,-0.00077800127,-1.7380775e-05,1.0949354,369.97531,622.40271,96,0,-1.1620612,nan,0.073413229,nan,nan,78944.182,-3369.736,1.3868568,58.830481,0.61531553,49.012399,-1.2160733,0,0,0,0,0,0
9.38,3541.6492,231.2144,-620.69692,142.59241,10.486774,341.09071,0.0017423528,-1.1746683,0.073457056,0.015244843,-0.01477454,0.00032724413,-0.015562963,-0.00014530788,0.00091173713,0.99999999,-0.015386531,-0.00016870318,0.00097403071,1,0,0,-0.00080048336,-1.8990432e-05,1.0945289,369.84516,620.69692,96,0,-1.1620011,nan,0.073404134,nan,nan,78901.747,-3363.5162,1.5154663,60.630314,0.63966062,50.587927,-1.3301887,0,0,0,0,0,0
9.385,3542.3621,231.26682,-618.99169,142.52212,10.481677,340.97947,0.0018165801,-1.1747369,0.073460618,0.015894533,-0.012091882,0.00025617614,-0.015505442,-0.00015161754,0.00092714281,0.99999999,-0.01526053,-0.00017598694,0.00098314849,1,0,0,-0.00080953037,-2.0245229e-05,1.0941233,369.71532,618.99169,96,0,-1.16194,nan,0.073394988,nan,nan,78859.449,-3357.3178,1.6193508,61.460002,0.6649193,51.387154,-1.4240003,0,0,0,0,0,0
9.39,3543.0745,231.31922,-617.28701,142.45194,10.476593,340.86853,0.0018949319,-1.1747919,0.073463286,0.016569857,-0.0093836137,0.00018046004,-0.015432031,-0.00015818963,0.00094085751,0.99999999,-0.015132223,-0.00018357188,0.00099035656,1,0,0,-0.00080502185,-2.1120991e-05,1.0937187,369.58581,617.28701,96,0,-1.1618779,nan,0.073385789,nan,nan,78817.287,-3351.1408,1.6968055,61.313334,0.69112402,51.405247,-1.4960341,0,0,0,0,0,0
9.395,3543.7867,231.37159,-615.58289,142.38192,10.471523,340.75788,0.0019775841,-1.1748334,0.073465009,0.017271775,-0.0066907466,0.00010125099,-0.015346401,-0.00016503455,0.0009528371,0.99999999,-0.015005869,-0.00019146961,0.00099569681,1,0,0,-0.00078704283,-2.159918e-05,1.0933151,369.45662,615.58289,96,0,-1.1618148,nan,0.073376538,nan,nan,78775.261,-3344.9852,1.7465217,60.199059,0.71830806,50.649457,-1.5451462,0,0,0,0,0,0
9.4,3544.4984,231.42394,-613.87932,142.3121,10.46647,340.64748,0.0020647038,-1.1748616,0.073465754,0.01800128,-0.0040536592,1.9759414e-05,-0.015252349,-0.000172163,0.00096306111,0.99999999,-0.014885671,-0.00019969206,0.00099924099,1,0,0,-0.00075588054,-2.1667181e-05,1.0929125,369.32775,613.87932,96,0,-1.1617507,nan,0.073367234,nan,nan,78733.371,-3338.8508,1.7676068,58.140583,0.74650548,49.138878,-1.5705407,0,0,0,0,0,0
9.405,3545.2099,231.47626,-612.17631,142.24253,10.461436,340.53733,0.0021564491,-1.1748767,0.0734655,0.018759398,-0.0015114824,-6.2767142e-05,-0.015153749,-0.00017958601,0.00097153401,0.99999999,-0.014775713,-0.00020825142,0.0010010897,1,0,0,-0.0007120181,-2.1318493e-05,1.0925108,369.19921,612.17631,96,0,-1.1616856,nan,0.073357875,nan,nan,78691.615,-3332.7377,1.7595978,55.175455,0.77575107,46.904029,-1.571783,0,0,0,0,0,0
9.41,3545.9209,231.52856,-610.47384,142.17324,10.456421,340.42741,0.0022529689,-1.1748794,0.073464243,0.019547193,0.00089849007,-0.00014506283,-0.015054499,-0.00018731491,0.00097828586,0.99999999,-0.014679901,-0.0002171602,0.0010013708,1,0,0,-0.00065612517,-2.0552833e-05,1.0921101,369.07098,610.47384,96,0,-1.1616195,nan,0.073348463,nan,nan,78649.994,-3326.6457,1.7224695,51.35463,0.80608033,43.986268,-1.5488074,0,0,0,0,0,0
9.415,3546.6317,231.58083,-608.77192,142.10426,10.451427,340.3177,0.0023544033,-1.1748703,0.073461996,0.020365762,0.0031413572,-0.00022586254,-0.014958464,-0.00019536134,0.00098337249,0.99999999,-0.014601904,-0.00022643123,0.0010002377,1,0,0,-0.0005890459,-1.9376142e-05,1.0917103,368.94307,608.77192,96,0,-1.1615524,nan,0.073338996,nan,nan,78608.507,-3320.5749,1.6566356,46.741541,0.83752946,40.437029,-1.5019192,0,0,0,0,0,0
9.42,3547.342,231.63308,-607.07055,142.03564,10.446457,340.20818,0.0024608837,-1.1748505,0.073458783,0.021216239,0.0051851224,-0.00030392107,-0.014869429,-0.00020373725,0.00098687501,0.99999999,-0.014545099,-0.00023607767,0.00099786654,1,0,0,-0.00051178428,-1.7800506e-05,1.0913116,368.81548,607.07055,96,0,-1.1614843,nan,0.073329474,nan,nan,78567.154,-3314.525,1.5629434,41.410984,0.87013532,36.316929,-1.4317908,0,0,0,0,0,0
9.425,3548.0521,231.6853,-605.36973,141.96741,10.44151,340.09884,0.0025725338,-1.1748208,0.073454648,0.022099798,0.0070011557,-0.00037803192,-0.014791035,-0.00021245494,0.00098889899,0.99999999,-0.014512524,-0.000246113,0.00099445396,1,0,0,-0.0004254872,-1.5843977e-05,1.0909138,368.6882,605.36973,96,0,-1.1614151,nan,0.073319897,nan,nan,78525.933,-3308.4961,1.4426621,35.447838,0.90393545,31.694725,-1.3394535,0,0,0,0,0,0
9.43,3548.7618,231.7375,-603.66945,141.89959,10.436587,339.98966,0.0026894703,-1.1747826,0.073449645,0.023017646,0.008564598,-0.00044704563,-0.014726737,-0.00022152698,0.00098957303,0.99999999,-0.014506836,-0.00025655107,0.00099021368,1,0,0,-0.00033142546,-1.3530309e-05,1.0905169,368.56124,603.66945,96,0,-1.1613449,nan,0.073310266,nan,nan,78484.845,-3302.488,1.297465,28.94565,0.93896808,26.646171,-1.226282,0,0,0,0,0,0
9.435,3549.4711,231.78967,-601.96972,141.83221,10.431689,339.88065,0.0028118041,-1.174737,0.073443843,0.023971033,0.0098547043,-0.0005098873,-0.01467975,-0.00023096631,0.00098904701,0.99999999,-0.014530271,-0.00026740609,0.00098537328,1,0,0,-0.00023097315,-1.088861e-05,1.090121,368.43459,601.96972,96,0,-1.1612737,nan,0.073300579,nan,nan,78443.889,-3296.5006,1.1294054,22.005101,0.97527214,21.252765,-1.0939754,0,0,0,0,0,0
9.44,3550.1802,231.84182,-600.27054,141.76527,10.426817,339.77178,0.0029396412,-1.1746856,0.073437322,0.024961244,0.010855118,-0.00056557298,-0.014653006,-0.00024078622,0.00098748989,0.99999999,-0.014584617,-0.00027869266,0.00098017064,1,0,0,-0.00012558555,-7.9529059e-06,1.089726,368.30826,600.27054,96,0,-1.1612015,nan,0.073290838,nan,nan,78403.063,-3290.5338,0.94088685,14.732374,1.0128873,15.60043,-0.94453191,0,0,0,0,0,0
9.445,3550.8889,231.89394,-598.5719,141.6988,10.42197,339.66305,0.0030730846,-1.1746298,0.073430172,0.025989608,0.011554074,-0.00061322478,-0.014649111,-0.00025100033,0.0009850872,0.99999999,-0.014671193,-0.00029042579,0.00097485017,1,0,0,-1.6776098e-05,-4.761642e-06,1.089332,368.18223,598.5719,96,0,-1.1611283,nan,0.073281042,nan,nan,78362.369,-3284.5875,0.73462782,7.2374639,1.0518539,9.778142,-0.78021978,0,0,0,0,0,0
9.45,3551.5972,231.94604,-596.8738,141.63281,10.417149,339.55446,0.0032122357,-1.1745711,0.073422494,0.027057494,0.011944532,-0.0006520845,-0.014670312,-0.00026162264,0.00098203824,0.99999999,-0.01479083,-0.00030262093,0.00096965896,1,0,0,9.3907276e-05,-1.3571094e-06,1.0889389,368.05652,596.8738,96,0,-1.1610541,nan,0.073271193,nan,nan,78321.805,-3278.6548,0.51360494,-0.36755547,1.0922147,3.8765161,-0.60354635,0,0,0,0,0,0
9.455,3552.3053,231.99812,-595.17624,141.56729,10.412352,339.44601,0.0033571959,-1.1745111,0.073414394,0.02816631,0.012024231,-0.00068152503,-0.014718468,-0.00027266756,0.00097855303,0.99999999,-0.014943866,-0.00031529398,0.00096484297,1,0,0,0.00020490616,2.2151908e-06,1.0885468,367.93112,595.17624,96,0,-1.1609789,nan,0.073261289,nan,nan,78281.371,-3272.7407,0.28115242,-7.970275,1.1340107,-2.0136047,-0.41719749,0,0,0,0,0,0
9.46,3553.013,232.05017,-593.47923,141.50224,10.40758,339.33769,0.0035080685,-1.1744513,0.073405987,0.02931751,0.011795674,-0.00070105977,-0.014795024,-0.00028414988,0.00097484909,0.99999999,-0.015130148,-0.00032846131,0.00096064319,1,0,0,0.00031467553,5.9072284e-06,1.0881556,367.80602,593.47923,96,0,-1.1609027,nan,0.073251332,nan,nan,78241.066,-3266.8461,0.040688208,-15.459677,1.1772845,-7.8025546,-0.22403108,0,0,0,0,0,0
9.465,3553.7203,232.1022,-591.78276,141.43765,10.402831,339.22951,0.0036649608,-1.1743933,0.073397388,0.03051259,0.011266033,-0.00071035097,-0.014900994,-0.00029608483,0.00097114808,0.99999999,-0.015349035,-0.00034213981,0.00095729185,1,0,0,0.0004217071,9.669149e-06,1.0877653,367.68123,591.78276,96,0,-1.1608255,nan,0.073241321,nan,nan,78200.89,-3260.971,-0.20425446,-22.727819,1.2220803,-13.403213,-0.027023726,0,0,0,0,0,0
9.47,3554.4274,232.15421,-590.08683,141.37352,10.398105,339.12147,0.0038279854,-1.1743385,0.073388716,0.031753088,0.010446992,-0.00070921537,-0.015036953,-0.00030848808,0.00096767238,0.99999999,-0.015599422,-0.00035634687,0.00095500873,1,0,0,0.00052455197,1.3450018e-05,1.0873759,367.55675,590.08683,96,0,-1.1607472,nan,0.073231258,nan,nan,78160.842,-3255.1155,-0.45006922,-29.671453,1.2684427,-18.732319,0.1707754,0,0,0,0,0,0
9.475,3555.1341,232.20619,-588.39144,141.30982,10.3934,339.01358,0.003997263,-1.1742883,0.073380091,0.03304059,0.0093545146,-0.00069762755,-0.015203032,-0.00032137579,0.00096464159,0.99999999,-0.015879752,-0.00037110046,0.00095399776,1,0,0,0.00062184199,1.7198585e-05,1.0869875,367.43258,588.39144,96,0,-1.1606681,nan,0.073221143,nan,nan,78120.921,-3249.2795,-0.69313051,-36.193548,1.316418,-23.711708,0.3662904,0,0,0,0,0,0
9.48,3555.8406,232.25814,-586.69658,141.24654,10.388715,338.90585,0.0041729234,-1.1742441,0.073371629,0.034376727,0.0080085503,-0.00067572094,-0.015398922,-0.00033476458,0.00096226918,0.99999999,-0.016188055,-0.00038641913,0.00095444381,1,0,0,0.00071230974,2.0864053e-05,1.0866,367.3087,586.69658,96,0,-1.1605879,nan,0.073210976,nan,nan,78081.128,-3243.463,-0.92984793,-42.204701,1.3660531,-28.269457,0.55646525,0,0,0,0,0,0
9.485,3556.5467,232.31008,-585.00227,141.18364,10.384049,338.79828,0.0043551082,-1.1742071,0.073363445,0.035763179,0.0064326863,-0.00064378649,-0.015623882,-0.00034867161,0.00096075908,0.99999999,-0.016521975,-0.00040232205,0.00095650978,1,0,0,0.00079480667,2.4396842e-05,1.0862134,367.18514,585.00227,96,0,-1.1605067,nan,0.073200757,nan,nan,78041.462,-3237.6659,-1.1567202,-47.624408,1.4173965,-32.340915,0.73831025,0,0,0,0,0,0
9.49,3557.2525,232.36199,-583.30849,141.12111,10.379399,338.69089,0.0045439723,-1.1741784,0.073355648,0.037201673,0.0046537439,-0.00060226893,-0.015876759,-0.00036311458,0.00096030255,0.99999999,-0.016878818,-0.00041882902,0.00096033402,1,0,0,0.00086831926,2.7749345e-05,1.0858278,367.06187,583.30849,96,0,-1.1604245,nan,0.073190487,nan,nan,78001.922,-3231.8884,-1.3703878,-52.382193,1.4704977,-35.869616,0.90894783,0,0,0,0,0,0
9.495,3557.9579,232.41388,-581.61525,141.0589,10.374765,338.58368,0.0047396854,-1.174159,0.073348338,0.038693988,0.0027013305,-0.0005517608,-0.016156007,-0.00037811177,0.00096107517,0.99999999,-0.01725559,-0.00043596054,0.00096602821,1,0,0,0.00093198291,3.0876646e-05,1.085443,366.9389,581.61525,96,0,-1.1603414,nan,0.073180167,nan,nan,77962.508,-3226.1302,-1.567684,-56.418552,1.5254079,-38.808047,1.0656569,0,0,0,0,0,0
9.5,3558.6631,232.46574,-579.92255,140.99698,10.370144,338.47668,0.0049424344,-1.1741496,0.07334161,0.040241954,0.00060735533,-0.00049299419,-0.016459719,-0.00039368204,0.0009632341,0.99999999,-0.017649053,-0.00045373777,0.00097367552,1,0,0,0.0009850934,3.3737211e-05,1.0850592,366.81624,579.92255,96,0,-1.1602573,nan,0.073169796,nan,nan,77923.219,-3220.3915,-1.7456829,-59.685732,1.5821794,-41.118269,1.2059153,0,0,0,0,0,0
9.505,3559.368,232.51758,-578.23038,140.93532,10.365535,338.3699,0.005152424,-1.1741509,0.073335547,0.041847452,-0.0015944856,-0.00042683036,-0.016785657,-0.0004098449,0.00096691557,0.99999999,-0.018055774,-0.00047218265,0.00098332933,1,0,0,0.0010271158,3.6293525e-05,1.0846762,366.69387,578.23038,96,0,-1.1601721,nan,0.073159374,nan,nan,77884.055,-3214.6722,-1.9017442,-62.148309,1.6408663,-42.772387,1.3274392,0,0,0,0,0,0
9.51,3560.0725,232.5694,-576.53874,140.87387,10.360937,338.26334,0.0053698788,-1.1741634,0.073330222,0.043512422,-0.0038692449,-0.00035424746,-0.017131294,-0.00042662048,0.00097223282,0.99999999,-0.018472182,-0.00049131785,0.00099501234,1,0,0,0.0010576905,3.8512681e-05,1.0842942,366.5718,576.53874,96,0,-1.160086,nan,0.073148903,nan,nan,77845.016,-3208.9723,-2.0335542,-63.783574,1.701524,-43.752855,1.4282195,0,0,0,0,0,0
9.515,3560.7768,232.6212,-574.84764,140.81261,10.356346,338.15703,0.0055950445,-1.1741874,0.073325695,0.045238855,-0.0061812722,-0.00027632635,-0.017493851,-0.00044402962,0.00097927421,0.99999999,-0.018894621,-0.00051116684,0.0010087162,1,0,0,0.0010766368,4.0366891e-05,1.083913,366.45003,574.84764,96,0,-1.1599989,nan,0.073138381,nan,nan,77806.1,-3203.2918,-2.1391622,-64.581717,1.7642097,-44.052616,1.5065542,0,0,0,0,0,0
9.52,3561.4807,232.67297,-573.15706,140.75148,10.351762,338.05099,0.0058281885,-1.1742229,0.073322013,0.047028805,-0.0084947666,-0.00019423485,-0.01787035,-0.00046209387,0.00098810187,0.99999999,-0.019319412,-0.0005317539,0.0010244015,1,0,0,0.0010839537,4.1833937e-05,1.0835328,366.32855,573.15706,96,0,-1.1599108,nan,0.073127809,nan,nan,77767.308,-3197.6306,-2.2170116,-64.545811,1.8289823,-43.675082,1.5610765,0,0,0,0,0,0
9.525,3562.1844,232.72472,-571.46702,140.69046,10.347182,337.94522,0.0060696013,-1.1742699,0.073319212,0.048884381,-0.010774325,-0.00010921065,-0.018257655,-0.00048083551,0.0009987507,0.99999999,-0.019742906,-0.00055310416,0.0010419985,1,0,0,0.0010798175,4.2897537e-05,1.0831535,366.20737,571.46702,96,0,-1.1598216,nan,0.073117186,nan,nan,77728.639,-3191.9886,-2.2659653,-63.691595,1.8959026,-42.63395,1.590778,0,0,0,0,0,0
9.53,3562.8877,232.77645,-569.77751,140.62951,10.342607,337.83974,0.006319597,-1.1743283,0.073317309,0.050807756,-0.012985475,-2.2542976e-05,-0.018652526,-0.00050027758,0.0010112278,0.99999999,-0.02016154,-0.00057524362,0.001061408,1,0,0,0.0010645769,4.3547621e-05,1.082775,366.08649,569.77751,96,0,-1.1597315,nan,0.073106513,nan,nan,77690.093,-3186.3658,-2.2853261,-62.047076,1.9650331,-40.952863,1.5950267,0,0,0,0,0,0
9.535,3563.5907,232.82815,-568.08852,140.56858,10.338033,337.73456,0.0065785138,-1.1743975,0.073316312,0.052801167,-0.015095192,6.4446498e-05,-0.01905167,-0.00052044392,0.0010255121,0.99999999,-0.020571892,-0.00059819918,0.0010825027,1,0,0,0.0010387465,4.3780527e-05,1.0823974,365.96589,568.08852,96,0,-1.1596402,nan,0.073095789,nan,nan,77651.669,-3180.7622,-2.2748493,-59.651934,2.0364382,-38.664921,1.5735795,0,0,0,0,0,0
9.54,3564.2934,232.87983,-566.40006,140.50765,10.33346,337.62971,0.0068467146,-1.1744769,0.073316212,0.054866914,-0.017072382,0.00015042346,-0.019451787,-0.0005413592,0.001041555,0.99999999,-0.020970731,-0.00062199866,0.0011051296,1,0,0,0.0010029959,4.3599097e-05,1.0820208,365.84559,566.40006,96,0,-1.159548,nan,0.073085013,nan,nan,77613.367,-3175.1776,-2.2347503,-56.556765,2.1101844,-35.812052,1.5265891,0,0,0,0,0,0
9.545,3564.9959,232.93149,-564.71212,140.44668,10.328887,337.52518,0.0071245869,-1.174566,0.073316984,0.057007365,-0.01888833,0.00023406102,-0.01984963,-0.00056304892,0.001059281,0.99999999,-0.021355062,-0.00064667081,0.0011291118,1,0,0,0.00095813873,4.3012681e-05,1.081645,365.72558,564.71212,96,0,-1.1594546,nan,0.073074185,nan,nan,77575.186,-3169.6119,-2.1657043,-52.82217,2.1863401,-32.444258,1.4546048,0,0,0,0,0,0
9.55,3565.698,232.98312,-563.0247,140.38564,10.324312,337.421,0.0074125425,-1.1746638,0.073318594,0.059224958,-0.02051711,0.00031405983,-0.020242043,-0.00058553945,0.0010785883,1,-0.021722173,-0.00067224536,0.0011542513,1,0,0,0.00090511772,4.2037045e-05,1.0812701,365.60587,563.0247,96,0,-1.1593602,nan,0.073063304,nan,nan,77537.126,-3164.0652,-2.0688404,-48.517691,2.2649759,-28.618744,1.3585678,0,0,0,0,0,0
9.555,3566.3998,233.03474,-561.3378,140.32452,10.319735,337.31716,0.0077110181,-1.1747693,0.073320991,0.061522202,-0.021935943,0.00038916792,-0.020626019,-0.00060885808,0.0010993511,1,-0.022069668,-0.00069875304,0.0011803325,1,0,0,0.00084498946,4.0694188e-05,1.080896,365.48644,561.3378,96,0,-1.1592647,nan,0.07305237,nan,nan,77499.187,-3158.5371,-1.9457282,-43.720638,2.3461642,-24.398947,1.2397999,0,0,0,0,0,0
9.56,3567.1013,233.08633,-559.65142,140.26329,10.315155,337.21369,0.0080204739,-1.1748815,0.073324113,0.063901679,-0.023125501,0.00045820004,-0.020998734,-0.000633033,0.001121421,1,-0.022395504,-0.00072622556,0.0012071249,1,0,0,0.00077890678,3.901206e-05,1.0805229,365.3673,559.65142,96,0,-1.159168,nan,0.073041381,nan,nan,77461.367,-3153.0277,-1.7983578,-38.514804,2.42998,-19.853485,1.0999876,0,0,0,0,0,0
9.565,3567.8025,233.13789,-557.96556,140.20192,10.310573,337.11058,0.0083413938,-1.1749991,0.073327888,0.066366048,-0.024070161,0.00052005608,-0.021357596,-0.00065809334,0.0011446295,1,-0.022698014,-0.00075469568,0.0012343871,1,0,0,0.00070810017,3.7024201e-05,1.0801506,365.24845,557.96556,96,0,-1.1590703,nan,0.073030337,nan,nan,77423.668,-3147.5367,-1.6291146,-32.989106,2.5165,-15.055039,0.94115933,0,0,0,0,0,0
9.57,3568.5033,233.18944,-556.28021,140.14042,10.305987,337.00783,0.0086742843,-1.175121,0.073332232,0.068918043,-0.024758189,0.0005737385,-0.021700277,-0.00068406921,0.0011687904,1,-0.022975931,-0.0007841972,0.0012618702,1,0,0,0.00063385823,3.4769286e-05,1.0797792,365.12988,556.28021,96,0,-1.1589713,nan,0.073019237,nan,nan,77386.087,-3142.0641,-1.4407466,-27.236158,2.6058034,-10.079186,0.76565852,0,0,0,0,0,0
9.575,3569.2039,233.24096,-554.59538,140.07876,10.301398,336.90546,0.0090196735,-1.1752457,0.073337053,0.071560481,-0.025181871,0.00061836832,-0.022024746,-0.0007109917,0.001193703,1,-0.023228399,-0.00081476498,0.0012893224,1,0,0,0.00055750749,3.22906e-05,1.0794086,365.0116,554.59538,96,0,-1.1588712,nan,0.073008079,nan,nan,77348.625,-3136.6096,-1.2363271,-21.350817,2.6979716,-5.0032053,0.57611108,0,0,0,0,0,0
9.58,3569.9042,233.29246,-552.91106,140.01695,10.296805,336.80347,0.0093781106,-1.1753721,0.073342254,0.07429626,-0.025337577,0.00065319949,-0.022329298,-0.00073889289,0.0012191549,1,-0.023454984,-0.00084643497,0.0013164923,1,0,0,0.00048039192,2.9635438e-05,1.0790389,364.89361,552.91106,96,0,-1.1587699,nan,0.072996863,nan,nan,77311.282,-3131.1731,-1.0192117,-15.428712,2.7930881,0.095124999,0.37538873,0,0,0,0,0,0
9.585,3570.6042,233.34393,-551.22724,139.95498,10.29221,336.70184,0.0097501645,-1.1754987,0.073347729,0.077128362,-0.025225762,0.00067763157,-0.022612574,-0.00076780591,0.0012449255,1,-0.023655672,-0.00087924423,0.0013431332,1,0,0,0.00040385243,2.6854445e-05,1.0786701,364.7759,551.22724,96,0,-1.1586674,nan,0.072985586,nan,nan,77274.056,-3125.7544,-0.79299136,-9.5647742,2.8912387,5.1387226,0.1665683,0,0,0,0,0,0
9.59,3571.3038,233.39538,-549.54394,139.89286,10.287612,336.60059,0.010136422,-1.1756242,0.07335337,0.080059857,-0.024850902,0.00069122021,-0.022873577,-0.00079776492,0.0012707894,1,-0.023830866,-0.00091323089,0.0013690073,1,0,0,0.00032920672,2.4000896e-05,1.0783022,364.65847,549.54394,96,0,-1.1585637,nan,0.072974249,nan,nan,77236.948,-3120.3534,-0.56144086,-3.8518153,2.9925115,10.052369,-0.047112357,0,0,0,0,0,0
9.595,3572.0031,233.44681,-547.86113,139.83059,10.283013,336.49969,0.010537489,-1.1757473,0.073359068,0.083093902,-0.024221376,0.00069368567,-0.023111686,-0.00082880514,0.0012965201,1,-0.023981374,-0.00094843427,0.0013938892,1,0,0,0.0002577297,2.1129944e-05,1.077935,364.54133,547.86113,96,0,-1.1584586,nan,0.072962849,nan,nan,77199.957,-3114.9699,-0.32846447,1.6208567,3.0969969,14.763833,-0.26230127,0,0,0,0,0,0
9.6,3572.7022,233.49822,-546.17884,139.7682,10.278413,336.39916,0.010953986,-1.1758668,0.073364712,0.086233747,-0.023349284,0.00068491883,-0.023326656,-0.00086096289,0.0013218938,1,-0.02410839,-0.00098489478,0.0014175702,1,0,0,0.00019063489,1.8297816e-05,1.0775688,364.42446,546.17884,96,0,-1.1583524,nan,0.072951385,nan,nan,77163.082,-3109.6037,-0.098039027,6.7687396,3.2047874,19.204928,-0.47558138,0,0,0,0,0,0
9.605,3573.4009,233.5496,-544.49704,139.70568,10.273813,336.29897,0.011386548,-1.1759815,0.073370194,0.089482735,-0.022250212,0.00066498489,-0.02351862,-0.00089427557,0.0013466926,1,-0.024213472,-0.001022654,0.0014398612,1,0,0,0.00012905692,1.5561008e-05,1.0772034,364.30788,544.49704,96,0,-1.1582448,nan,0.072939856,nan,nan,77126.324,-3104.2547,0.12584469,11.513349,3.3159781,23.312503,-0.68352103,0,0,0,0,0,0
9.61,3574.0993,233.60096,-542.81575,139.64308,10.269214,336.19913,0.011835826,-1.1760902,0.073375408,0.092844304,-0.020942951,0.00063412457,-0.02368808,-0.00092878168,0.0013707084,1,-0.024298514,-0.0010617548,0.0014605964,1,0,0,7.4035558e-05,1.2975448e-05,1.0768388,364.19157,542.81575,96,0,-1.1581359,nan,0.072928261,nan,nan,77089.681,-3098.9226,0.33924135,15.78332,3.4306659,27.029328,-0.8827252,0,0,0,0,0,0
9.615,3574.7974,233.6523,-541.13495,139.5804,10.264617,336.09962,0.012302481,-1.176192,0.073380255,0.096321992,-0.019449165,0.00059275276,-0.023835898,-0.00096452088,0.0013937463,1,-0.024365712,-0.001102241,0.0014796362,1,0,0,2.6501323e-05,1.0595673e-05,1.0764751,364.07555,541.13495,96,0,-1.1580256,nan,0.072916598,nan,nan,77053.153,-3093.6073,0.53831052,19.515387,3.5489504,30.304885,-1.0698867,0,0,0,0,0,0
9.62,3575.4952,233.70361,-539.45465,139.51767,10.260024,336.00043,0.012787188,-1.1762861,0.073384641,0.099919436,-0.017793025,0.00054145462,-0.023963273,-0.001001534,0.0014156279,1,-0.024417527,-0.0011441579,0.0014968695,1,0,0,-1.2737024e-05,8.4740114e-06,1.0761122,363.9598,539.45465,96,0,-1.157914,nan,0.072904867,nan,nan,77016.741,-3088.3068,0.71938491,22.65522,3.6709338,33.096046,-1.2418322,0,0,0,0,0,0
9.625,3576.1926,233.7549,-537.77485,139.45492,10.255436,335.90154,0.013290631,-1.1763715,0.073388483,0.10364038,-0.016000805,0.00048097961,-0.024071723,-0.0010398629,0.0014361942,1,-0.024456643,-0.0011875518,0.0015122161,1,0,0,-4.3002966e-05,6.6597889e-06,1.0757502,363.84433,537.77485,96,0,-1.157801,nan,0.072893066,nan,nan,76980.443,-3083.02,0.87900383,25.158116,3.7967205,35.36762,-1.3955817,0,0,0,0,0,0
9.63,3576.8898,233.80617,-536.09554,139.39218,10.250854,335.80295,0.013813504,-1.1764478,0.073391704,0.10748866,-0.014100461,0.00041223167,-0.024163056,-0.0010795508,0.0014553088,1,-0.024485925,-0.0012324705,0.0015256284,1,0,0,-6.3760573e-05,5.1985665e-06,1.0753889,363.72913,536.09554,96,0,-1.1576866,nan,0.072881193,nan,nan,76944.259,-3077.7509,1.0139669,26.989535,3.9264153,37.09278,-1.5283981,0,0,0,0,0,0
9.635,3577.5866,233.85741,-534.41672,139.32948,10.246279,335.70464,0.014356511,-1.1765144,0.07339424,0.11146823,-0.012121175,0.0003362585,-0.02423934,-0.001120642,0.0014728599,1,-0.024508374,-0.0012789628,0.0015370923,1,0,0,-7.4620597e-05,4.1314299e-06,1.0750286,363.61421,534.41672,96,0,-1.1575708,nan,0.072869248,nan,nan,76908.189,-3072.4995,1.1214232,28.125469,4.0601265,38.253345,-1.637811,0,0,0,0,0,0
9.64,3578.2831,233.90864,-532.73839,139.26685,10.241713,335.60659,0.014920364,-1.176571,0.073396042,0.11558316,-0.010092904,0.0002542384,-0.024302864,-0.001163182,0.0014887626,1,-0.024527077,-0.0013270789,0.0015466281,1,0,0,-7.5344264e-05,3.4943327e-06,1.074669,363.49956,532.73839,96,0,-1.1574536,nan,0.072857231,nan,nan,76872.232,-3067.2657,1.1988919,28.552646,4.1979647,38.83994,-1.7216698,0,0,0,0,0,0
9.645,3578.9793,233.95984,-531.06055,139.20433,10.237157,335.50879,0.015505784,-1.1766173,0.073397068,0.11983761,-0.0080459122,0.00016746477,-0.024356107,-0.0012072177,0.0015029607,1,-0.024545159,-0.0013768703,0.0015542905,1,0,0,-6.5844734e-05,3.317502e-06,1.0743103,363.38519,531.06055,96,0,-1.157335,nan,0.072845139,nan,nan,76836.389,-3062.0495,1.2443034,28.26857,4.3400427,38.851999,-1.7781812,0,0,0,0,0,0
9.65,3579.6752,234.01101,-529.38321,139.14195,10.232613,335.41123,0.016113501,-1.1766535,0.073397295,0.12423587,-0.0060103085,7.7328733e-05,-0.024401692,-0.0012527972,0.001515428,1,-0.024565741,-0.00142839,0.0015601684,1,0,0,-4.6186245e-05,3.6249197e-06,1.0739524,363.27109,529.38321,96,0,-1.1572149,nan,0.072832972,nan,nan,76800.658,-3056.8509,1.2560361,27.281397,4.4864757,38.297655,-1.8059411,0,0,0,0,0,0
9.655,3580.3708,234.06217,-527.70634,139.07974,10.228081,335.31389,0.016744252,-1.1766795,0.073396711,0.12878235,-0.0040155948,-1.4699888e-05,-0.024442348,-0.0012999696,0.0015261689,1,-0.024591887,-0.0014816921,0.0015643839,1,0,0,-1.6580975e-05,4.4338854e-06,1.0735954,363.15726,527.70634,96,0,-1.1570933,nan,0.07282073,nan,nan,76765.039,-3051.6699,1.2329458,25.609642,4.637381,37.193482,-1.8039617,0,0,0,0,0,0
9.66,3581.0661,234.1133,-526.02997,139.01772,10.223562,335.21676,0.017398785,-1.1766957,0.07339532,0.13348156,-0.0020902285,-0.00010709298,-0.024480868,-0.0013487857,0.0015352188,1,-0.024626559,-0.0015368322,0.0015670904,1,0,0,2.2616272e-05,5.7546704e-06,1.0732391,363.0437,526.02997,96,0,-1.1569703,nan,0.072808412,nan,nan,76729.532,-3046.5024,1.1744006,23.281747,4.7928799,35.564119,-1.7716861,0,0,0,0,0,0
9.665,3581.7611,234.16441,-524.35408,138.95593,10.219058,335.11983,0.018077857,-1.1767025,0.073393138,0.13833814,-0.00026120766,-0.00019828522,-0.024520062,-0.0013992974,0.0015426442,1,-0.024672579,-0.0015938674,0.0015684714,1,0,0,7.0915464e-05,7.5902675e-06,1.0728837,362.93041,524.35408,96,0,-1.1568458,nan,0.072796017,nan,nan,76694.136,-3041.348,1.080288,20.335492,4.9530949,33.441774,-1.7090088,0,0,0,0,0,0
9.67,3582.4557,234.21549,-522.67867,138.8944,10.21457,335.02308,0.018782234,-1.1767003,0.073390197,0.14335686,0.0014463149,-0.00028669696,-0.024562718,-0.001451558,0.0015485417,1,-0.024732584,-0.0016528563,0.0015687372,1,0,0,0.00012770068,9.9362371e-06,1.0725291,362.81739,522.67867,96,0,-1.1567198,nan,0.072783545,nan,nan,76658.851,-3036.2091,0.95101484,16.817285,5.1181492,30.865625,-1.6162908,0,0,0,0,0,0
9.675,3583.1501,234.26656,-521.00375,138.83315,10.210098,334.92651,0.019512697,-1.1766898,0.073386542,0.14854262,0.0030093848,-0.00037075702,-0.024611561,-0.0015056223,0.0015530374,1,-0.024808991,-0.0017138588,0.0015681225,1,0,0,0.00019224121,1.2780662e-05,1.0721753,362.70464,521.00375,96,0,-1.1565923,nan,0.072770995,nan,nan,76623.677,-3031.0858,0.78752565,12.781321,5.2881694,27.881119,-1.4943518,0,0,0,0,0,0
9.68,3583.8441,234.3176,-519.32931,138.7722,10.205643,334.83009,0.020270037,-1.1766719,0.07338223,0.15390042,0.0044075594,-0.00044892586,-0.02466921,-0.0015615463,0.0015562845,1,-0.024903962,-0.0017769364,0.0015668827,1,0,0,0.00026370421,1.6104205e-05,1.0718223,362.59215,519.32931,96,0,-1.1564633,nan,0.072758368,nan,nan,76588.613,-3025.9781,0.59129027,8.2886463,5.4632847,24.539185,-1.3444694,0,0,0,0,0,0
9.685,3584.5379,234.36862,-517.65535,138.71158,10.201206,334.73383,0.021055061,-1.1766473,0.073377331,0.15943542,0.005623179,-0.00051971864,-0.024738141,-0.0016193876,0.0015584622,1,-0.025019379,-0.0018421524,0.0015652904,1,0,0,0.00034116871,1.9880278e-05,1.0714701,362.47994,517.65535,96,0,-1.1563328,nan,0.072745662,nan,nan,76553.659,-3020.8859,0.36429026,3.4061246,5.6436266,20.895381,-1.1683683,0,0,0,0,0,0
9.69,3585.2313,234.41962,-515.98188,138.65129,10.196787,334.63772,0.021868592,-1.176617,0.073371923,0.16515289,0.0066415917,-0.00058172794,-0.024820654,-0.0016792053,0.0015597726,1,-0.025156818,-0.0019095714,0.0015636311,1,0,0,0.0004236408,2.4075313e-05,1.0711187,362.36799,515.98188,96,0,-1.1562007,nan,0.072732878,nan,nan,76518.815,-3015.8093,0.10899758,-1.7946613,5.8293291,17.008978,-0.96820218,0,0,0,0,0,0
9.695,3585.9244,234.47059,-514.30888,138.59136,10.192386,334.54174,0.022711471,-1.176582,0.073366097,0.17105826,0.0074513288,-0.00063364577,-0.02491884,-0.0017410599,0.0015604378,1,-0.02531753,-0.0019792599,0.0015621992,1,0,0,0.00051006959,2.8649139e-05,1.0707682,362.2563,514.30888,96,0,-1.1560671,nan,0.072720017,nan,nan,76484.08,-3010.7482,-0.17165413,-7.2385662,6.0205287,12.942006,-0.74652978,0,0,0,0,0,0
9.7,3586.6173,234.52154,-512.63636,138.53179,10.188004,334.4459,0.023584557,-1.1765434,0.073359949,0.17715706,0.0080442293,-0.00067428451,-0.025034553,-0.0018050136,0.0015606972,1,-0.025502426,-0.002051286,0.0015612934,1,0,0,0.00059936388,3.355546e-05,1.0704184,362.14488,512.63636,96,0,-1.1559321,nan,0.072707077,nan,nan,76449.453,-3005.7027,-0.47430541,-12.848072,6.2173644,8.7582694,-0.50628394,0,0,0,0,0,0
9.705,3587.3098,234.57247,-510.96433,138.47258,10.18364,334.35019,0.024488735,-1.1765023,0.073353583,0.18345501,0.0084155129,-0.0007025965,-0.025169383,-0.0018711301,0.0015608035,1,-0.025712073,-0.0021257195,0.001561212,1,0,0,0.0006904091,3.874243e-05,1.0700694,362.03372,510.96433,96,0,-1.1557954,nan,0.072694058,nan,nan,76414.935,-3000.6729,-0.7952136,-18.544497,6.4199779,4.5223527,-0.250735,0,0,0,0,0,0
9.71,3588.002,234.62338,-509.29277,138.41374,10.179295,334.25461,0.025424912,-1.1764598,0.073347107,0.18995792,0.0085637999,-0.00071769203,-0.025324643,-0.0019394748,0.0015610191,1,-0.025946688,-0.0022026321,0.0015622481,1,0,0,0.00078208443,4.4153319e-05,1.0697212,361.92282,509.29277,96,0,-1.1556573,nan,0.072680962,nan,nan,76380.525,-2995.6586,-1.1303017,-24.249198,6.6285135,0.29863225,0.016551618,0,0,0,0,0,0
9.715,3588.694,234.67427,-507.62168,138.35527,10.174969,334.15916,0.026394021,-1.1764169,0.073340633,0.19667178,0.0084910798,-0.0007188553,-0.025501345,-0.0020101147,0.0015616122,1,-0.02620614,-0.0022820974,0.0015646857,1,0,0,0.00087327971,4.9727258e-05,1.0693739,361.81218,507.62168,96,0,-1.1555176,nan,0.072667788,nan,nan,76346.222,-2990.6601,-1.4752128,-29.884756,6.8431184,-3.8496976,0.29176297,0,0,0,0,0,0
9.72,3589.3857,234.72514,-505.95108,138.29716,10.17066,334.06384,0.027397026,-1.1763749,0.073334272,0.20360273,0.0082026292,-0.00070555827,-0.025700199,-0.0020831186,0.0015628524,1,-0.026489958,-0.0023641908,0.0015687943,1,0,0,0.00096291188,5.5400065e-05,1.0690273,361.70181,505.95108,96,0,-1.1553763,nan,0.072654535,nan,nan,76312.026,-2985.6772,-1.8253699,-35.376125,7.0639425,-7.8615615,0.57089073,0,0,0,0,0,0
9.725,3590.077,234.77598,-504.28095,138.23941,10.166369,333.96866,0.02843492,-1.1763347,0.073328138,0.21075703,0.0077068813,-0.00067747204,-0.025921598,-0.0021585572,0.0015650071,1,-0.026797347,-0.0024489897,0.001574825,1,0,0,0.0010499409,6.1105126e-05,1.0686814,361.59169,504.28095,96,0,-1.1552335,nan,0.072641205,nan,nan,76277.937,-2980.7101,-2.1760396,-40.651722,7.2911386,-11.678893,0.84978734,0,0,0,0,0,0
9.73,3590.7681,234.82681,-502.6113,138.182,10.162095,333.87361,0.029508732,-1.1762974,0.073322341,0.21814113,0.0070152497,-0.00063447554,-0.026165626,-0.0022365027,0.0015683368,1,-0.0271272,-0.0025365735,0.0015830065,1,0,0,0.0011333845,6.677434e-05,1.0683364,361.48184,502.6113,96,0,-1.1550892,nan,0.072627797,nan,nan,76243.954,-2975.7587,-2.5223996,-45.644447,7.5248624,-15.247468,1.1242254,0,0,0,0,0,0
9.735,3591.4589,234.87761,-500.94212,138.12491,10.157838,333.7787,0.030619526,-1.1762639,0.073316988,0.22576162,0.0061419096,-0.00057666147,-0.026432053,-0.0023170295,0.001573091,1,-0.027478125,-0.0026270238,0.001593541,1,0,0,0.0012123323,7.2339099e-05,1.0679922,361.37224,500.94212,96,0,-1.1549433,nan,0.072614311,nan,nan,76210.077,-2970.8232,-2.8596086,-50.292622,7.7652728,-18.517658,1.3899595,0,0,0,0,0,0
9.74,3592.1494,234.92839,-499.27341,138.06814,10.153596,333.68394,0.031768402,-1.1762352,0.073312178,0.23362524,0.0051035417,-0.00050433915,-0.026720353,-0.0024002137,0.0015795045,1,-0.027848467,-0.0027204241,0.0016066008,1,0,0,0.0012859582,7.7731294e-05,1.0676487,361.2629,499.27341,96,0,-1.1547958,nan,0.072600747,nan,nan,76176.306,-2965.9035,-3.1828779,-54.540829,8.0125316,-21.44511,1.6427899,0,0,0,0,0,0
9.745,3592.8396,234.97915,-497.60518,138.01166,10.14937,333.58934,0.032956504,-1.1762119,0.073308008,0.24173891,0.0039190411,-0.00041803442,-0.027029707,-0.0024861337,0.0015877934,1,-0.02823634,-0.0028168603,0.0016223255,1,0,0,0.0013535311,8.2884349e-05,1.067306,361.15381,497.60518,96,0,-1.1546467,nan,0.072587104,nan,nan,76142.639,-2960.9997,-3.4875444,-58.340638,8.2668039,-23.991332,1.8786266,0,0,0,0,0,0
9.75,3593.5296,235.02989,-495.93743,137.95544,10.145158,333.4949,0.034185017,-1.1761948,0.073304563,0.25010972,0.0026091981,-0.00031848626,-0.027359031,-0.0025748695,0.0015981517,1,-0.028639658,-0.0029164204,0.0016408193,1,0,0,0.0014144251,8.7734243e-05,1.0669641,361.04498,495.93743,96,0,-1.1544961,nan,0.072573384,nan,nan,76109.078,-2956.1117,-3.7691423,-61.65122,8.5282581,-26.124175,2.0935536,0,0,0,0,0,0
9.755,3594.2193,235.0806,-494.27014,137.89947,10.140959,333.40064,0.035455169,-1.1761845,0.073301919,0.2587449,0.001196356,-0.0002066403,-0.027706986,-0.0026665036,0.0016107476,1,-0.02905617,-0.0030191946,0.0016621491,1,0,0,0.0014681266,9.2220528e-05,1.066623,360.93641,494.27014,96,0,-1.1543439,nan,0.072559585,nan,nan,76075.62,-2951.2397,-4.0234746,-64.439836,8.7970658,-27.81822,2.2838922,0,0,0,0,0,0
9.76,3594.9086,235.1313,-492.60333,137.84372,10.136774,333.30656,0.036768236,-1.1761815,0.073300144,0.26765189,-0.00029594994,-8.3639149e-05,-0.028072012,-0.0027611203,0.0016257211,1,-0.029483498,-0.0031252758,0.0016863431,1,0,0,0.0015142404,9.6287318e-05,1.0662826,360.82809,492.60333,96,0,-1.15419,nan,0.072545707,nan,nan,76042.267,-2946.3835,-4.2466817,-66.682188,9.0734021,-29.055047,2.4462618,0,0,0,0,0,0
9.765,3595.5978,235.18198,-490.93698,137.78817,10.1326,333.21267,0.038125541,-1.176186,0.073299292,0.27683829,-0.001843365,4.9190377e-05,-0.028452346,-0.0028588063,0.0016431815,1,-0.029919172,-0.0032347588,0.0017133895,1,0,0,0.0015524941,9.9884236e-05,1.065943,360.72002,490.93698,96,0,-1.1540346,nan,0.072531749,nan,nan,76009.017,-2941.5433,-4.435307,-68.362646,9.3574455,-29.823397,2.5776386,0,0,0,0,0,0
9.77,3596.2866,235.23263,-489.2711,137.73278,10.128437,333.11898,0.039528457,-1.1761984,0.073299406,0.28631187,-0.0034210939,0.00019035305,-0.028846063,-0.0029596504,0.0016632049,1,-0.030360675,-0.0033477413,0.0017432371,1,0,0,0.0015827395,0.00010296731,1.0656041,360.6122,489.2711,96,0,-1.1538775,nan,0.072517711,nan,nan,75975.871,-2936.7188,-4.5863582,-69.474334,9.6493781,-30.119229,2.6754095,0,0,0,0,0,0
9.775,3596.9751,235.28326,-487.6057,137.67753,10.124284,333.02551,0.040978408,-1.1762187,0.073300518,0.2960806,-0.0050042799,0.00033820382,-0.029251097,-0.003063744,0.001685833,1,-0.030805476,-0.0034643233,0.0017757949,1,0,0,0.0016049536,0.00010549979,1.0652661,360.50464,487.6057,96,0,-1.1537188,nan,0.072503593,nan,nan,75942.828,-2931.9102,-4.6973635,-70.019083,9.9493854,-29.945652,2.737422,0,0,0,0,0,0
9.78,3597.6634,235.33388,-485.94076,137.6224,10.120141,332.93226,0.042476869,-1.1762469,0.073302645,0.30615262,-0.0065683788,0.00049096913,-0.029665282,-0.0031711805,0.0017110723,1,-0.03125107,-0.0035846073,0.0018109335,1,0,0,0.0016192365,0.0001074529,1.0649287,360.39732,485.94076,96,0,-1.1535584,nan,0.072489393,nan,nan,75909.887,-2927.1174,-4.7664218,-70.007256,10.257657,-29.312763,2.7620282,0,0,0,0,0,0
9.785,3598.3514,235.38447,-484.27628,137.56736,10.116007,332.83924,0.044025367,-1.1762829,0.073305792,0.31653628,-0.0080895217,0.00064677059,-0.030086383,-0.0032820559,0.0017388932,1,-0.031695017,-0.0037086985,0.0018484868,1,0,0,0.0016258081,0.00010880647,1.0645922,360.29026,484.27628,96,0,-1.1533963,nan,0.07247511,nan,nan,75877.049,-2922.3403,-4.7922455,-69.457445,10.574385,-28.237378,2.7481227,0,0,0,0,0,0
9.79,3599.0391,235.43504,-482.61227,137.51238,10.11188,332.74647,0.045625486,-1.1763264,0.073309953,0.32724012,-0.0095448618,0.00080365082,-0.030512134,-0.0033964686,0.0017692304,1,-0.032134979,-0.0038367048,0.0018882541,1,0,0,0.0016250029,0.00010954949,1.0642564,360.18345,482.61227,96,0,-1.1532326,nan,0.072460744,nan,nan,75844.312,-2917.5788,-4.7741959,-68.39605,10.899767,-26.742659,2.6951732,0,0,0,0,0,0
9.795,3599.7266,235.48559,-480.94872,137.45744,10.107761,332.65394,0.047278861,-1.1763771,0.073315107,0.33827287,-0.010912899,0.00095960114,-0.030940267,-0.0035145195,0.0018019834,1,-0.032568748,-0.0039687367,0.0019300033,1,0,0,0.001617263,0.00010968053,1.0639213,360.07688,480.94872,96,0,-1.1530671,nan,0.072446293,nan,nan,75811.677,-2912.8329,-4.7123102,-66.856748,11.234004,-24.857663,2.6032438,0,0,0,0,0,0
9.8,3600.4138,235.53612,-479.28564,137.40252,10.10365,332.56168,0.048987182,-1.1764344,0.073321223,0.34964346,-0.012173782,0.0011125907,-0.031368554,-0.0036363121,0.0018370179,1,-0.032994285,-0.0041049075,0.0019734737,1,0,0,0.0016031299,0.00010920804,1.063587,359.97056,479.28564,96,0,-1.1528999,nan,0.072431756,nan,nan,75779.144,-2908.1024,-4.6073192,-64.879859,11.577299,-22.616797,2.4730094,0,0,0,0,0,0
9.805,3601.1007,235.58663,-477.62301,137.34761,10.099544,332.46968,0.050752198,-1.1764978,0.073328259,0.36136103,-0.013309573,0.0012605968,-0.031794835,-0.0037619525,0.0018741676,1,-0.033409741,-0.0042453333,0.0020183806,1,0,0,0.0015832351,0.0001081505,1.0632535,359.86449,477.62301,96,0,-1.152731,nan,0.072417131,nan,nan,75746.711,-2903.3872,-4.4606552,-62.511628,11.92986,-20.059214,2.3057624,0,0,0,0,0,0
9.81,3601.7873,235.63712,-475.96085,137.29267,10.095444,332.37796,0.052575707,-1.1765666,0.073336165,0.37343494,-0.01430449,0.0014016359,-0.03221705,-0.0038915495,0.0019132365,1,-0.033813487,-0.0043901331,0.0020644195,1,0,0,0.0015582885,0.00010653649,1.0629206,359.75867,475.96085,96,0,-1.1525602,nan,0.072402417,nan,nan,75714.379,-2898.6873,-4.2744511,-59.803428,12.291901,-17.228135,2.1034098,0,0,0,0,0,0
9.815,3602.4737,235.68759,-474.29914,137.2377,10.091351,332.28651,0.054459568,-1.1766402,0.073344878,0.38587475,-0.015145099,0.0015337946,-0.03263327,-0.0040252146,0.001954002,1,-0.034204132,-0.0045394287,0.0021112706,1,0,0,0.0015290674,0.0001044045,1.0625886,359.65309,474.29914,96,0,-1.1523877,nan,0.072387612,nan,nan,75682.147,-2894.0024,-4.0515274,-56.810896,12.663636,-14.17013,1.8684613,0,0,0,0,0,0
9.82,3603.1597,235.73804,-472.63789,137.18269,10.087262,332.19535,0.056405692,-1.1767176,0.073354332,0.39869024,-0.015820483,0.0016552612,-0.033041724,-0.0041630619,0.0019962177,1,-0.034580539,-0.0046933449,0.0021586046,1,0,0,0.001496403,0.00010180276,1.0622573,359.54776,472.63789,96,0,-1.1522133,nan,0.072372714,nan,nan,75650.015,-2889.3325,-3.795371,-53.593025,13.045286,-10.934359,1.6040083,0,0,0,0,0,0
9.825,3603.8455,235.78847,-470.9771,137.12762,10.083179,332.10447,0.058416045,-1.1767982,0.073364451,0.41189142,-0.016322357,0.001764356,-0.033440821,-0.0043052086,0.0020396182,1,-0.034941844,-0.0048520095,0.0022060877,1,0,0,0.0014611678,9.8788744e-05,1.0619267,359.44267,470.9771,96,0,-1.1520371,nan,0.072357722,nan,nan,75617.983,-2884.6773,-3.5101017,-50.211225,13.437074,-7.5717843,1.3136941,0,0,0,0,0,0
9.83,3604.5311,235.83888,-469.31676,137.07249,10.079101,332.01388,0.060492648,-1.1768809,0.07337516,0.42548852,-0.016645145,0.0018595606,-0.033829174,-0.0044517745,0.0020839222,1,-0.035287457,-0.0050155534,0.0022533874,1,0,0,0.0014242615,9.5428674e-05,1.0615968,359.33782,469.31676,96,0,-1.151859,nan,0.072342634,nan,nan,75586.05,-2880.0368,-3.2004301,-46.728355,13.839229,-4.1343714,1.001674,0,0,0,0,0,0
9.835,3605.2163,235.88926,-467.65687,137.01729,10.075029,331.92358,0.062637576,-1.1769649,0.073386375,0.43949199,-0.01678602,0.0019395459,-0.034205615,-0.0046028824,0.0021288382,1,-0.035617071,-0.0051841103,0.0023001784,1,0,0,0.0013865976,9.1796803e-05,1.0612677,359.23322,467.65687,96,0,-1.151679,nan,0.072327447,nan,nan,75554.216,-2875.4107,-2.8716052,-43.207756,14.251981,-0.67428988,0.67256821,0,0,0,0,0,0
9.84,3605.9013,235.93963,-465.99743,136.96203,10.070962,331.83356,0.064852958,-1.1770493,0.073398016,0.45391253,-0.016744898,0.0020031985,-0.034569212,-0.0047586581,0.0021740684,1,-0.035930659,-0.0053578173,0.0023461482,1,0,0,0.001349089,8.7974592e-05,1.0609393,359.12886,465.99743,96,0,-1.1514971,nan,0.072312161,nan,nan,75522.48,-2870.7989,-2.5293517,-39.712298,14.675567,2.7568768,0.33140582,0,0,0,0,0,0
9.845,3606.586,235.98998,-464.33844,136.90671,10.0669,331.74384,0.067140977,-1.1771331,0.07341,0.46876107,-0.016524387,0.0020496437,-0.034919275,-0.0049192303,0.0022193145,1,-0.036228475,-0.0055368146,0.0023910031,1,0,0,0.001312635,8.404975e-05,1.0606117,359.02474,464.33844,96,0,-1.1513132,nan,0.072296771,nan,nan,75490.843,-2866.2012,-2.1798005,-36.303446,15.110227,6.1088972,-0.01643893,0,0,0,0,0,0
9.85,3607.2704,236.0403,-462.6799,136.85132,10.062845,331.65439,0.069503867,-1.1772155,0.07342225,0.48404877,-0.016129704,0.0020782667,-0.035255366,-0.0050847308,0.0022642822,1,-0.036511038,-0.0057212455,0.0024344736,1,0,0,0.0012781079,8.0115161e-05,1.0602848,358.92086,462.6799,96,0,-1.1511273,nan,0.072281278,nan,nan,75459.303,-2861.6175,-1.8294092,-33.040362,15.556203,9.3336236,-0.36531683,0,0,0,0,0,0
9.855,3607.9546,236.09061,-461.02181,136.79588,10.058796,331.56523,0.071943916,-1.1772957,0.07343469,0.49978706,-0.015568548,0.0020887302,-0.035577301,-0.0052552943,0.0023086871,1,-0.036779125,-0.0059112566,0.00247632,1,0,0,0.0012463406,7.6267704e-05,1.0599586,358.81722,461.02181,96,0,-1.1509394,nan,0.072265678,nan,nan,75427.861,-2857.0475,-1.484877,-29.979071,16.013744,12.38568,-0.70938017,0,0,0,0,0,0
9.86,3608.6384,236.1409,-459.36416,136.7404,10.054753,331.47634,0.074463463,-1.1773727,0.073447251,0.51598759,-0.014850943,0.0020809885,-0.035885145,-0.0054310589,0.0023522599,1,-0.037033755,-0.0061069979,0.0025163375,1,0,0,0.001218115,7.2606976e-05,1.0596331,358.71382,459.36416,96,0,-1.1507494,nan,0.072249969,nan,nan,75396.516,-2852.4912,-1.1530531,-27.171669,16.4831,15.223096,-1.0426643,0,0,0,0,0,0
9.865,3609.322,236.19116,-457.70695,136.6849,10.050718,331.38772,0.077064901,-1.1774458,0.073459873,0.53266228,-0.013989044,0.0020552977,-0.036179212,-0.0056121657,0.002394751,1,-0.037276166,-0.0063086225,0.0025543608,1,0,0,0.0011941511,6.9233946e-05,1.0593084,358.61065,457.70695,96,0,-1.1505574,nan,0.072234149,nan,nan,75365.269,-2847.9483,-0.84083954,-24.665629,16.964527,17.807874,-1.3591733,0,0,0,0,0,0
9.87,3610.0053,236.24141,-456.05019,136.62937,10.046691,331.29936,0.079750672,-1.1775144,0.073472503,0.54982332,-0.012996915,0.0020122222,-0.036460054,-0.0057987591,0.002435936,1,-0.037507797,-0.006516287,0.002590268,1,0,0,0.0011750974,6.624954e-05,1.0589843,358.50773,456.05019,96,0,-1.1503633,nan,0.072218217,nan,nan,75334.117,-2843.4187,-0.55509155,-22.503166,17.458284,20.106491,-1.6529686,0,0,0,0,0,0
9.875,3610.6884,236.29163,-454.39387,136.57385,10.042672,331.21126,0.082523272,-1.1775779,0.073485098,0.56748312,-0.011890287,0.0019526363,-0.036728446,-0.0059909865,0.0024756206,1,-0.037730262,-0.0067301516,0.0026239847,1,0,0,0.0011615229,6.3753192e-05,1.058661,358.40504,454.39387,96,0,-1.1501671,nan,0.07220217,nan,nan,75303.062,-2838.9023,-0.30251488,-20.720712,17.964635,22.090325,-1.9182592,0,0,0,0,0,0
9.88,3611.3711,236.34184,-452.73799,136.51834,10.038663,331.1234,0.085385249,-1.1776355,0.073497628,0.5856544,-0.01068629,0.0018777216,-0.036985377,-0.0061889991,0.0025136442,1,-0.03794532,-0.0069503797,0.002655487,1,0,0,0.0011539098,6.1841363e-05,1.0583384,358.30258,452.73799,96,0,-1.1499687,nan,0.072186006,nan,nan,75272.103,-2834.399,-0.089562467,-19.348475,18.483845,23.735987,-2.1494931,0,0,0,0,0,0
9.885,3612.0536,236.39202,-451.08255,136.46288,10.034663,331.03578,0.088339203,-1.177687,0.073510075,0.60435012,-0.0094031713,0.0017889599,-0.037232026,-0.0063929509,0.0025498848,1,-0.038154849,-0.0071771383,0.0026848033,1,0,0,0.0011526478,6.0606069e-05,1.0580166,358.20036,451.08255,96,0,-1.1497681,nan,0.072169722,nan,nan,75241.24,-2829.9085,0.07766822,-18.410107,19.016187,25.025586,-2.3414468,0,0,0,0,0,0
9.89,3612.7358,236.44219,-449.42755,136.40747,10.030674,330.94839,0.091387785,-1.177732,0.073522434,0.62358352,-0.0080599994,0.0016881215,-0.037469742,-0.0066029996,0.0025842618,1,-0.038360818,-0.0074105982,0.0027120164,1,0,0,0.0011580302,6.0133421e-05,1.0576954,358.09838,449.42755,96,0,-1.1495653,nan,0.072153319,nan,nan,75210.472,-2825.4308,0.19353569,-17.922474,19.561933,25.946893,-2.489314,0,0,0,0,0,0
9.895,3613.4177,236.49233,-447.77298,136.35214,10.026696,330.86122,0.094533704,-1.1777701,0.073534716,0.64336812,-0.0066763656,0.0015772484,-0.037700026,-0.0068193064,0.0026167393,1,-0.038565252,-0.0076509334,0.0027372639,1,0,0,0.0011702515,6.0502209e-05,1.0573749,357.99663,447.77298,96,0,-1.1493603,nan,0.072136792,nan,nan,75179.799,-2820.9659,0.25295123,-17.895533,20.121364,26.493419,-2.5887896,0,0,0,0,0,0
9.9,3614.0994,236.54246,-446.11885,136.29691,10.022731,330.77426,0.09777972,-1.1778013,0.073546943,0.66371772,-0.0052720786,0.0014586338,-0.037924497,-0.0070420358,0.0026473285,1,-0.038770203,-0.007898322,0.0027607384,1,0,0,0.0011894058,6.1782549e-05,1.0570552,357.89512,446.11885,96,0,-1.149153,nan,0.072120141,nan,nan,75149.22,-2816.5135,0.25147038,-18.332316,20.69476,26.664408,-2.63615,0,0,0,0,0,0
9.905,3614.7808,236.59257,-444.46515,136.24181,10.018779,330.6875,0.10112865,-1.1778254,0.073559154,0.68464638,-0.0038668635,0.0013347961,-0.038144877,-0.0072713558,0.0026760892,1,-0.038977718,-0.0081529456,0.0027826864,1,0,0,0.0012154876,6.4034617e-05,1.0567361,357.79383,444.46515,96,0,-1.1489435,nan,0.072103363,nan,nan,75118.736,-2812.0737,0.1853777,-19.229019,21.282408,26.464739,-2.6283263,0,0,0,0,0,0
9.91,3615.4619,236.64265,-442.81188,136.18684,10.014841,330.60092,0.10458337,-1.1778426,0.073571404,0.70616849,-0.0024800671,0.00120845,-0.038362955,-0.0075074383,0.0027031307,1,-0.039189812,-0.0084149896,0.002803407,1,0,0,0.001248394,6.7307488e-05,1.0564178,357.69278,442.81188,96,0,-1.1487316,nan,0.072086457,nan,nan,75088.346,-2807.6464,0.051763182,-20.575188,21.884597,25.904751,-2.5629712,0,0,0,0,0,0
9.915,3616.1427,236.69272,-441.15905,136.13204,10.010917,330.51454,0.10814681,-1.1778528,0.073583759,0.7282987,-0.0011303742,0.0010824729,-0.038580561,-0.0077504586,0.0027286124,1,-0.039408436,-0.0086846435,0.0028232488,1,0,0,0.0012879274,7.1638105e-05,1.0561001,357.59196,441.15905,96,0,-1.1485174,nan,0.072069422,nan,nan,75058.05,-2803.2315,-0.15141095,-22.354011,22.501621,24.999979,-2.4385157,0,0,0,0,0,0
9.92,3616.8232,236.74276,-439.50665,136.07742,10.00701,330.42832,0.11182197,-1.1778564,0.073596301,0.75105196,0.00016446106,0.00095986767,-0.038799544,-0.0080005958,0.002752743,1,-0.039635448,-0.0089621003,0.0028426067,1,0,0,0.001333801,7.7050394e-05,1.0557832,357.49137,439.50665,96,0,-1.1483009,nan,0.072052255,nan,nan,75027.847,-2798.829,-0.42525447,-24.542686,23.133777,23.770827,-2.2542177,0,0,0,0,0,0
9.925,3617.5035,236.79279,-437.85468,136.023,10.003119,330.34227,0.11561191,-1.1778536,0.073609126,0.77444353,0.0013878645,0.00084372325,-0.039021736,-0.0082580326,0.0027757792,1,-0.039872593,-0.0092475574,0.0028619179,1,0,0,0.001385644,8.3554547e-05,1.0554669,357.39101,437.85468,96,0,-1.148082,nan,0.072034954,nan,nan,74997.737,-2794.4389,-0.76990558,-27.11289,23.781366,22.242165,-2.0101985,0,0,0,0,0,0
9.93,3618.1835,236.8428,-436.20314,135.9688,9.9992464,330.25637,0.11951975,-1.1778449,0.073622341,0.79848895,0.0025246695,0.0007371716,-0.03924893,-0.0085229558,0.0027980242,1,-0.040121473,-0.0095412159,0.0028816569,1,0,0,0.0014430095,9.1146485e-05,1.0551513,357.29088,436.20314,96,0,-1.1478607,nan,0.072017519,nan,nan,74967.72,-2790.0612,-1.1845005,-30.031304,24.444693,20.44287,-1.7074684,0,0,0,0,0,0
9.935,3618.8633,236.89279,-434.55203,135.91483,9.9953919,330.17063,0.12354867,-1.1778307,0.073636065,0.8232041,0.0035613186,0.00064334323,-0.039482856,-0.0087955559,0.0028198242,1,-0.04038353,-0.0098432814,0.0029023296,1,0,0,0.0015053821,9.9807524e-05,1.0548365,357.19097,434.55203,96,0,-1.147637,nan,0.071999947,nan,nan,74937.796,-2785.6958,-1.6671575,-33.260218,25.124066,18.405315,-1.3479387,0,0,0,0,0,0
9.94,3619.5427,236.94276,-432.90135,135.8611,9.991557,330.08502,0.12770195,-1.1778115,0.073650427,0.84860513,0.0044860378,0.00056532103,-0.039725153,-0.0090760274,0.0028415653,1,-0.040660028,-0.010153963,0.0029244678,1,0,0,0.001572187,0.00010950425,1.0545223,357.0913,432.90135,96,0,-1.1474109,nan,0.071982238,nan,nan,74907.964,-2781.3429,-2.2149754,-36.758182,25.819797,16.164814,-0.93442179,0,0,0,0,0,0
9.945,3620.2219,236.99271,-431.2511,135.80764,9.9877424,329.99956,0.13198291,-1.177788,0.073665565,0.87470855,0.0052889802,0.00050609331,-0.039977346,-0.0093645687,0.0028636694,1,-0.040952036,-0.010473475,0.0029486217,1,0,0,0.0016428001,0.0001201886,1.0542088,356.99185,431.2511,96,0,-1.1471823,nan,0.071964388,nan,nan,74878.223,-2777.0023,-2.8240477,-40.480704,26.532202,13.759031,-0.47061633,0,0,0,0,0,0
9.95,3620.9009,237.04264,-429.60127,135.75444,9.983949,329.91423,0.13639498,-1.1777607,0.073681624,0.90153114,0.0059623382,0.00046850668,-0.040240832,-0.0096613824,0.002886589,1,-0.041260419,-0.010802036,0.0029753531,1,0,0,0.001716558,0.0001317982,1.053896,356.89262,429.60127,96,0,-1.1469512,nan,0.071946397,nan,nan,74848.574,-2772.6742,-3.4894928,-44.380979,27.261602,11.227367,0.038920837,0,0,0,0,0,0
9.955,3621.5795,237.09255,-427.95187,135.70151,9.9801778,329.82903,0.14094163,-1.1777304,0.073698755,0.92909003,0.0065004231,0.00045521946,-0.040516854,-0.0099666752,0.0029108022,1,-0.041585827,-0.011139867,0.0030052279,1,0,0,0.0017927688,0.0001442569,1.0535839,356.79363,427.95187,96,0,-1.1467177,nan,0.071928263,nan,nan,74819.017,-2768.3585,-4.2054997,-48.41064,28.008319,8.6103328,0.58881708,0,0,0,0,0,0
9.96,3622.2579,237.14244,-426.30289,135.64887,9.9764295,329.74395,0.14562644,-1.1776977,0.073717113,0.95740267,0.0068997111,0.00046865633,-0.040806493,-0.010280658,0.0029368065,1,-0.041928692,-0.011487197,0.0030388082,1,0,0,0.0018707229,0.00015747556,1.0532724,356.69486,426.30289,96,0,-1.1464816,nan,0.071909983,nan,nan,74789.55,-2764.0554,-4.9653893,-52.520521,28.772681,5.9489164,1.1729404,0,0,0,0,0,0
9.965,3622.9361,237.19232,-424.65434,135.5965,9.9727051,329.65901,0.15045307,-1.1776634,0.073736856,0.98648683,0.0071588554,0.00051096508,-0.041110651,-0.010603546,0.0029651125,1,-0.042289225,-0.011844256,0.0030766448,1,0,0,0.0019497044,0.00017135306,1.0529617,356.59631,424.65434,96,0,-1.146243,nan,0.071891557,nan,nan,74760.174,-2759.7648,-5.7616918,-56.661408,29.555019,3.2839518,1.7844693,0,0,0,0,0,0
9.97,3623.6139,237.24218,-423.00622,135.54442,9.9690055,329.57418,0.15542527,-1.1776281,0.073758142,1.0163606,0.0072786661,0.000583976,-0.041430043,-0.010935559,0.0029962373,1,-0.042667418,-0.012211281,0.0031192687,1,0,0,0.0020290016,0.00018577755,1.0526516,356.49798,423.00622,96,0,-1.1460019,nan,0.071872981,nan,nan,74730.888,-2755.4868,-6.5862381,-60.784789,30.355669,0.65550677,2.4159761,0,0,0,0,0,0
9.975,3624.2916,237.29201,-421.35852,135.49262,9.9653313,329.48948,0.16054688,-1.1775927,0.073781128,1.0470425,0.0072620573,0.00068916478,-0.041765191,-0.011276921,0.0030306976,1,-0.043063052,-0.012588512,0.0031671841,1,0,0,0.0021079179,0.00020062783,1.0523421,356.39988,421.35852,96,0,-1.1457582,nan,0.071854254,nan,nan,74701.692,-2751.2214,-7.4302658,-64.843564,31.174969,-1.8977079,3.0595221,0,0,0,0,0,0
9.98,3624.9689,237.34183,-419.71124,135.44109,9.9616835,329.40491,0.16582183,-1.1775577,0.07380597,1.0785513,0.0071139634,0.00082761952,-0.04211642,-0.011627859,0.0030690025,1,-0.043475702,-0.012976195,0.0032208607,1,0,0,0.0021857819,0.00021577508,1.0520334,356.302,419.71124,96,0,-1.1455119,nan,0.071835373,nan,nan,74672.586,-2746.9688,-8.2845374,-68.792738,32.013261,-4.3388975,3.7067644,0,0,0,0,0,0
9.985,3625.646,237.39163,-418.06438,135.38983,9.9580629,329.32046,0.17125415,-1.1775239,0.073832817,1.110906,0.0068412268,0.0010000126,-0.042483857,-0.011988608,0.0031116463,1,-0.043904748,-0.013374582,0.0032807263,1,0,0,0.0022619573,0.0002310846,1.0517253,356.20434,418.06438,96,0,-1.145263,nan,0.071816336,nan,nan,74643.569,-2742.7289,-9.1394706,-72.59005,32.870893,-6.6337023,4.3490728,0,0,0,0,0,0
9.99,3626.3229,237.44142,-416.41795,135.33884,9.9544703,329.23614,0.17684799,-1.1774918,0.073861816,1.1441263,0.006452459,0.0012065782,-0.042867436,-0.012359405,0.0031591019,1,-0.044349392,-0.013783926,0.0033471608,1,0,0,0.0023358513,0.00024641785,1.0514179,356.1069,416.41795,96,0,-1.1450114,nan,0.07179714,nan,nan,74614.641,-2738.5018,-9.9852784,-76.196559,33.748216,-8.7506694,4.9776552,0,0,0,0,0,0
9.995,3626.9995,237.49118,-414.77194,135.28809,9.9509064,329.15195,0.18260757,-1.1774622,0.073893105,1.1782318,0.0059578767,0.0014470951,-0.043266903,-0.012740493,0.0032118134,1,-0.044808673,-0.01420449,0.00342049,1,0,0,0.0024069233,0.00026163452,1.0511112,356.00969,414.77194,96,0,-1.1447572,nan,0.071777783,nan,nan,74585.802,-2734.2875,-10.812117,-79.577168,34.645582,-10.661671,5.5836898,0,0,0,0,0,0
10,3627.6758,237.54093,-413.12635,135.23759,9.947372,329.06791,0.18853725,-1.1774355,0.073926815,1.2132428,0.0053691179,0.0017208769,-0.04368182,-0.013132117,0.0032701901,1,-0.045281483,-0.014636537,0.0035009803,1,0,0,0.0024746918,0.00027659477,1.0508051,355.91269,413.12635,96,0,-1.1445003,nan,0.07175826,nan,nan,74557.051,-2730.0861,-11.61024,-82.701077,35.563352,-12.342265,6.1584635,0,0,0,0,0,0
10.005,3628.3519,237.59066,-411.48118,135.18731,9.9438678,328.984,0.19464148,-1.1774121,0.073963067,1.2491799,0.004699039,0.0020267685,-0.044111583,-0.013534532,0.0033345999,1,-0.045766594,-0.015080339,0.0035888345,1,0,0,0.0025387406,0.00029116155,1.0504997,355.81591,411.48118,96,0,-1.1442407,nan,0.071738569,nan,nan,74528.388,-2725.8976,-12.370158,-85.542159,36.501886,-13.771989,6.6935124,0,0,0,0,0,0
10.01,3629.0277,237.64037,-409.83642,135.13724,9.9403947,328.90024,0.20092483,-1.1773927,0.074001973,1.286064,0.0039614981,0.0023631499,-0.04455543,-0.013947992,0.0034053643,1,-0.046262672,-0.015536172,0.0036841886,1,0,0,0.0025987238,0.00030520291,1.050195,355.71935,409.83642,96,0,-1.1439783,nan,0.071718706,nan,nan,74499.814,-2721.7219,-13.082798,-88.079266,37.461552,-14.934596,7.1807643,0,0,0,0,0,0
10.015,3629.7033,237.69007,-408.19209,135.08738,9.9369534,328.81663,0.20739198,-1.1773773,0.074043635,1.3239163,0.0031711262,0.0027279477,-0.04501246,-0.014372762,0.0034827529,1,-0.046768305,-0.016004316,0.0037871089,1,0,0,0.00265437,0.0003185944,1.0498909,355.623,408.19209,96,0,-1.1437132,nan,0.071698666,nan,nan,74471.327,-2717.5591,-13.739663,-90.296441,38.442719,-15.818209,7.6126799,0,0,0,0,0,0
10.02,3630.3786,237.73974,-406.54817,135.03769,9.9335445,328.73318,0.21404774,-1.1773664,0.074088143,1.3627584,0.0023430925,0.0031186531,-0.045481646,-0.014809107,0.0035669793,1,-0.047282028,-0.016485059,0.0038975912,1,0,0,0.0027054846,0.00033122138,1.0495874,355.52687,406.54817,96,0,-1.1434453,nan,0.071678447,nan,nan,74442.927,-2713.4092,-14.332988,-92.18306,39.445762,-16.415416,7.9823907,0,0,0,0,0,0
10.025,3631.0537,237.78941,-404.90467,134.98817,9.9301688,328.6499,0.22089702,-1.1773602,0.074135579,1.4026125,0.0014928646,0.0035323492,-0.045961859,-0.015257299,0.0036581983,1,-0.047802342,-0.016978691,0.0040155604,1,0,0,0.0027519513,0.00034298129,1.0492847,355.43096,404.90467,96,0,-1.1431746,nan,0.071658043,nan,nan,74414.614,-2709.2721,-14.855893,-93.733882,40.471058,-16.72329,8.2838316,0,0,0,0,0,0
10.03,3631.7286,237.83905,-403.26159,134.9388,9.9268271,328.56678,0.22794486,-1.1773587,0.074186011,1.4435009,0.0006359696,0.0039657435,-0.046451884,-0.015717617,0.0037565024,1,-0.048327742,-0.017485512,0.0041408717,1,0,0,0.0027937327,0.00035378585,1.0489825,355.33527,403.26159,96,0,-1.1429011,nan,0.07163745,nan,nan,74386.388,-2705.1479,-15.302524,-94.949013,41.518989,-16.74334,8.5118655,0,0,0,0,0,0
10.035,3632.4032,237.88868,-401.61892,134.88956,9.9235199,328.48384,0.23519642,-1.177362,0.074239498,1.4854464,-0.00021224104,0.0044152094,-0.046950443,-0.016190343,0.0038619211,1,-0.04885674,-0.018005822,0.0042733126,1,0,0,0.002830869,0.00036356307,1.0486811,355.23978,401.61892,96,0,-1.1426246,nan,0.071616662,nan,nan,74358.248,-2701.0365,-15.668184,-95.833797,42.589941,-16.481397,8.6623974,0,0,0,0,0,0
10.04,3633.0775,237.93829,-399.97667,134.84044,9.9202481,328.40108,0.242657,-1.1773701,0.07429609,1.5284722,-0.0010368198,0.004876833,-0.047456214,-0.016675765,0.0039744201,1,-0.04938789,-0.018539932,0.0044126065,1,0,0,0.0028634762,0.00037225914,1.0483802,355.14452,399.97667,96,0,-1.1423453,nan,0.071595674,nan,nan,74330.195,-2696.9378,-15.949454,-96.398625,43.684303,-15.947433,8.7324769,0,0,0,0,0,0
10.045,3633.7516,237.98788,-398.33483,134.79143,9.9170124,328.31851,0.250332,-1.1773829,0.074355826,1.5726019,-0.0018234404,0.0053464671,-0.047967858,-0.017174176,0.0040939018,1,-0.049919804,-0.019088155,0.0045584176,1,0,0,0.0028917426,0.00037984007,1.0480801,355.04946,398.33483,96,0,-1.142063,nan,0.07157448,nan,nan,74302.227,-2692.8518,-16.144295,-96.658667,44.802467,-15.155319,8.7203859,0,0,0,0,0,0
10.05,3634.4255,238.03746,-396.6934,134.74249,9.9138134,328.23614,0.25822696,-1.1774001,0.07441874,1.6178593,-0.0025586014,0.0058197903,-0.048484034,-0.017685876,0.0042202072,1,-0.050451179,-0.01965081,0.0047103563,1,0,0,0.0029159243,0.00038629311,1.0477805,354.95462,396.6934,96,0,-1.1417777,nan,0.071553075,nan,nan,74274.345,-2688.7784,-16.252135,-96.63354,45.944832,-14.122533,8.62571,0,0,0,0,0,0
10.055,3635.0991,238.08702,-395.05238,134.69363,9.9106518,328.15396,0.26634754,-1.1774216,0.074484855,1.664269,-0.0032298132,0.006292371,-0.049003423,-0.018211169,0.0043531182,1,-0.050980812,-0.020228225,0.0048679861,1,0,0,0.0029363408,0.00039162791,1.0474816,354.86,395.05238,96,0,-1.1414894,nan,0.071531453,nan,nan,74246.549,-2684.7175,-16.273931,-96.346912,47.111797,-12.869809,8.449392,0,0,0,0,0,0
10.06,3635.7725,238.13657,-393.41178,134.64483,9.9075285,328.07198,0.27469954,-1.177447,0.074554192,1.7118555,-0.0038257653,0.0067597359,-0.049524752,-0.018750365,0.0044923619,1,-0.05150762,-0.02082073,0.0050308319,1,0,0,0.0029533679,0.00039587734,1.0471834,354.76558,393.41178,96,0,-1.141198,nan,0.071509605,nan,nan,74218.837,-2680.669,-16.212219,-95.826053,48.303765,-11.420751,8.1937657,0,0,0,0,0,0
10.065,3636.4456,238.1861,-391.77158,134.59608,9.9044441,327.99022,0.28328888,-1.1774759,0.074626766,1.7606442,-0.0043364725,0.0072174406,-0.050046805,-0.01930378,0.0046376153,1,-0.052030651,-0.021428662,0.0051983888,1,0,0,0.0029674314,0.00039909801,1.0468858,354.67138,391.77158,96,0,-1.1409036,nan,0.071487527,nan,nan,74191.211,-2676.6329,-16.071128,-95.101336,49.521146,-9.8014031,7.8625692,0,0,0,0,0,0
10.07,3637.1185,238.23562,-390.13179,134.54737,9.9013993,327.90866,0.2921216,-1.1775081,0.074702591,1.8106606,-0.0047533977,0.0076611436,-0.050568449,-0.019871736,0.004788511,1,-0.052549097,-0.022052365,0.0053701314,1,0,0,0.0029789993,0.00040137044,1.0465888,354.57738,390.13179,96,0,-1.140606,nan,0.071465209,nan,nan,74163.669,-2672.6089,-15.856386,-94.205699,50.764348,-8.039794,7.4609365,0,0,0,0,0,0
10.075,3637.7911,238.28512,-388.49241,134.49868,9.8983951,327.82731,0.30120388,-1.1775429,0.074781682,1.8619306,-0.0050695485,0.0080866805,-0.051088645,-0.020454559,0.0049446446,1,-0.053062308,-0.022692188,0.0055455247,1,0,0,0.0029885739,0.00040279887,1.0462925,354.4836,388.49241,96,0,-1.1403052,nan,0.071442646,nan,nan,74136.212,-2668.597,-15.575283,-93.174085,52.033788,-6.1654567,6.9953663,0,0,0,0,0,0
10.08,3638.4635,238.33461,-386.85344,134.45002,9.8954321,327.74619,0.31054203,-1.1775799,0.074864051,1.9144806,-0.0052795496,0.0084901376,-0.051606464,-0.021052583,0.005105582,1,-0.053569793,-0.023348487,0.0057240349,1,0,0,0.0029966834,0.00040351072,1.0459968,354.39003,386.85344,96,0,-1.1400012,nan,0.071419829,nan,nan,74108.838,-2664.5971,-15.236626,-92.04285,53.329881,-4.2089349,6.4736688,0,0,0,0,0,0
10.085,3639.1357,238.38408,-385.21487,134.40137,9.8925113,327.66527,0.32014248,-1.1776187,0.074949719,1.9683376,-0.0053796866,0.0088679257,-0.0521211,-0.021666147,0.0052708679,1,-0.054071229,-0.024021623,0.0059051405,1,0,0,0.003003873,0.0004036556,1.0457017,354.29666,385.21487,96,0,-1.1396939,nan,0.071396749,nan,nan,74081.549,-2660.609,-14.850655,-90.849171,54.653049,-2.2012826,5.9048895,0,0,0,0,0,0
10.09,3639.8076,238.43353,-383.57671,134.35274,9.8896335,327.58458,0.33001181,-1.1776586,0.075038709,2.0235287,-0.0053679235,0.0092168496,-0.05263188,-0.022295596,0.0054400356,1,-0.054566459,-0.024711963,0.0060883443,1,0,0,0.0030106964,0.00040340405,1.0454073,354.2035,383.57671,96,0,-1.1393833,nan,0.071373399,nan,nan,74054.343,-2656.6326,-14.428941,-89.630441,56.003714,-0.17356511,5.2992111,0,0,0,0,0,0
10.095,3640.4792,238.48298,-381.93894,134.30412,9.8867997,327.50411,0.34015671,-1.1776991,0.075131053,2.0800816,-0.0052438936,0.0095341749,-0.053138272,-0.02294128,0.005612616,1,-0.055055496,-0.025419881,0.0062731847,1,0,0,0.0030177066,0.00040294584,1.0451135,354.11056,381.93894,96,0,-1.1390693,nan,0.071349771,nan,nan,74027.22,-2652.6677,-13.984258,-88.423687,57.382304,1.8436312,4.6678339,0,0,0,0,0,0
10.1,3641.1507,238.5324,-380.30158,134.25551,9.8840108,327.42385,0.350584,-1.1777397,0.075226794,2.1380244,-0.0050088629,0.0098176895,-0.053639888,-0.023603556,0.0057881482,1,-0.055538515,-0.026145757,0.0064592473,1,0,0,0.0030254479,0.00040248791,1.0448203,354.01781,380.30158,96,0,-1.1387519,nan,0.071325854,nan,nan,74000.18,-2648.7143,-13.530431,-87.26499,58.789248,3.8206717,4.0228361,0,0,0,0,0,0
10.105,3641.8219,238.58182,-378.66462,134.20692,9.8812681,327.34381,0.36130064,-1.1777798,0.075325982,2.1973856,-0.004665669,0.010065759,-0.054136492,-0.024282788,0.0059661899,1,-0.056015847,-0.026889977,0.0066461761,1,0,0,0.0030344469,0.00040225205,1.0445278,353.92528,378.66462,96,0,-1.1384311,nan,0.07130164,nan,nan,73973.224,-2644.7721,-13.082164,-86.188938,60.224977,5.7293233,3.3770155,0,0,0,0,0,0
10.11,3642.4928,238.63122,-377.02807,134.15834,9.8785726,327.26398,0.37231372,-1.177819,0.075428687,2.2581942,-0.0042186354,0.010277374,-0.054627996,-0.024979345,0.0061463277,1,-0.056487974,-0.027652933,0.0068336843,1,0,0,0.0030452052,0.00040247217,1.0442358,353.83295,377.02807,96,0,-1.1381068,nan,0.07127712,nan,nan,73946.349,-2640.8411,-12.654847,-85.228116,61.689925,7.543173,2.7437144,0,0,0,0,0,0
10.115,3643.1635,238.68061,-375.3919,134.10978,9.8759255,327.18436,0.38363046,-1.1778567,0.075534988,2.3204796,-0.0036734634,0.010452193,-0.055114461,-0.025693601,0.0063281879,1,-0.056955516,-0.028435023,0.0070215637,1,0,0,0.0030581919,0.00040339137,1.0439445,353.74083,375.3919,96,0,-1.1377789,nan,0.071252283,nan,nan,73919.557,-2636.9211,-12.264344,-84.412628,63.18453,9.23801,2.13663,0,0,0,0,0,0
10.12,3643.8339,238.72998,-373.75614,134.06125,9.8733283,327.10495,0.39525821,-1.1778925,0.075644985,2.3842716,-0.0030371033,0.010590565,-0.055596092,-0.026425938,0.0065114463,1,-0.057419219,-0.029236653,0.0072096946,1,0,0,0.0030738364,0.00040525876,1.0436539,353.64891,373.75614,96,0,-1.1374474,nan,0.071227121,nan,nan,73892.847,-2633.012,-11.926772,-83.769677,64.709231,10.792166,1.5696126,0,0,0,0,0,0
10.125,3644.5041,238.77934,-372.12078,134.01276,9.8707824,327.02575,0.40720447,-1.177926,0.075758793,2.4496004,-0.0023176081,0.010693561,-0.056073232,-0.027176743,0.0066958384,1,-0.057879938,-0.030058234,0.0073980527,1,0,0,0.0030925234,0.00040832602,1.0433638,353.55719,372.12078,96,0,-1.1371122,nan,0.071201621,nan,nan,73866.219,-2629.1137,-11.658266,-83.323192,66.264469,12.186808,1.0564554,0,0,0,0,0,0
10.13,3645.1741,238.82869,-370.48581,133.96431,9.8682893,326.94674,0.41947684,-1.1779567,0.075876548,2.5164969,-0.001523971,0.010762974,-0.056546356,-0.027946411,0.0068811683,1,-0.058338627,-0.030900184,0.0075867169,1,0,0,0.0031145868,0.00041284391,1.0430743,353.46568,370.48581,96,0,-1.1367733,nan,0.071175775,nan,nan,73839.672,-2625.226,-11.474732,-83.093522,67.850687,13.40618,0.61067747,0,0,0,0,0,0
10.135,3645.8438,238.87803,-368.85123,133.91591,9.8658509,326.86793,0.43208308,-1.1779844,0.075998404,2.5849921,-0.00066595006,0.01080132,-0.057016055,-0.028735342,0.0070673173,1,-0.058796317,-0.031762927,0.0077758737,1,0,0,0.0031403062,0.00041905862,1.0427855,353.37438,368.85123,96,0,-1.1364307,nan,0.07114957,nan,nan,73813.206,-2621.349,-11.391603,-83.097182,69.46833,14.437792,0.24530436,0,0,0,0,0,0
10.14,3646.5133,238.92735,-367.21705,133.86758,9.8634688,326.78931,0.4450311,-1.1780087,0.076124538,2.6551177,0.00024611643,0.010811827,-0.05748303,-0.029543942,0.0072542516,1,-0.059254101,-0.032646894,0.0079658215,1,0,0,0.0031699031,0.00042720808,1.0424973,353.28327,367.21705,96,0,-1.1360843,nan,0.071122996,nan,nan,73786.821,-2617.4824,-11.423592,-83.346682,71.117845,15.272549,-0.027350363,0,0,0,0,0,0
10.145,3647.1826,238.97667,-365.58326,133.81933,9.8611452,326.71087,0.45832893,-1.1780295,0.076255146,2.7269057,0.001201502,0.010798404,-0.057948079,-0.030372624,0.0074420282,1,-0.059713113,-0.033552522,0.0081569728,1,0,0,0.0032035391,0.00043751831,1.0422097,353.19237,365.58326,96,0,-1.135734,nan,0.071096041,nan,nan,73760.517,-2613.6262,-11.584445,-83.850405,72.79968,15.904828,-0.19589936,0,0,0,0,0,0
10.15,3647.8516,239.02597,-363.94986,133.77116,9.8588822,326.63261,0.47198473,-1.1780466,0.076390444,2.8003885,0.0021892871,0.010765607,-0.058412076,-0.031221808,0.0076308008,1,-0.060174513,-0.034480255,0.0083498541,1,0,0,0.0032413144,0.00045019987,1.0419227,353.10166,363.94986,96,0,-1.1353798,nan,0.071068694,nan,nan,73734.294,-2609.7804,-11.886709,-84.612573,74.514286,16.33249,-0.25008758,0,0,0,0,0,0
10.155,3648.5203,239.07526,-362.31685,133.7231,9.8566821,326.55453,0.48600684,-1.1780598,0.076530671,2.8755993,0.0031985555,0.010718588,-0.058875964,-0.032091919,0.0078208232,1,-0.060639465,-0.035430544,0.0085451049,1,0,0,0.0032832675,0.0004654444,1.0416363,353.01116,362.31685,96,0,-1.1350217,nan,0.071040941,nan,nan,73708.15,-2605.9448,-12.341508,-85.633271,76.262113,16.556842,-0.18098646,0,0,0,0,0,0
10.16,3649.1888,239.12454,-360.68424,133.67514,9.8545475,326.47661,0.50040371,-1.1780693,0.076676085,2.9525713,0.0042185867,0.010663032,-0.059340734,-0.03298339,0.008012452,1,-0.061109124,-0.036403845,0.0087434744,1,0,0,0.0033293764,0.00048342142,1.0413505,352.92086,360.68424,96,0,-1.1346595,nan,0.071012771,nan,nan,73682.086,-2602.1194,-12.958337,-86.90854,78.043614,16.582536,0.018827411,0,0,0,0,0,0
10.165,3649.8571,239.17381,-359.05201,133.62732,9.852481,326.39885,0.51518398,-1.1780749,0.07682696,3.0313384,0.0052390439,0.010605086,-0.059807408,-0.03389666,0.0082061473,1,-0.061584612,-0.037400624,0.008945816,1,0,0,0.0033795598,0.00050427537,1.0410653,352.83076,359.05201,96,0,-1.1342933,nan,0.070984169,nan,nan,73656.102,-2598.3042,-13.744874,-88.430543,79.859243,16.417415,0.35511274,0,0,0,0,0,0
10.17,3650.5252,239.22306,-357.42017,133.57963,9.8504855,326.32125,0.5303564,-1.1780769,0.076983593,3.1119349,0.0062501519,0.010551276,-0.060277027,-0.034832174,0.008402472,1,-0.062067008,-0.03842135,0.0091530807,1,0,0,0.0034336806,0.00052812301,1.0407807,352.74085,357.42017,96,0,-1.1339229,nan,0.070955123,nan,nan,73630.197,-2594.4992,-14.706821,-90.187783,81.709454,16.072315,0.83182654,0,0,0,0,0,0
10.175,3651.193,239.27231,-355.78872,133.53208,9.848564,326.2438,0.54592992,-1.1780753,0.077146292,3.1943957,0.0072428641,0.010508413,-0.060750632,-0.035790385,0.0086020895,1,-0.06255733,-0.039466501,0.009366308,1,0,0,0.0034915492,0.00055505115,1.0404968,352.65115,355.78872,96,0,-1.1335484,nan,0.070925618,nan,nan,73604.372,-2590.7043,-15.847771,-92.165388,83.594702,15.56081,1.4510129,0,0,0,0,0,0
10.18,3651.8605,239.32155,-354.15765,133.4847,9.8467199,326.1665,0.56191362,-1.1780705,0.077315385,3.2787558,0.008209015,0.010483497,-0.061229248,-0.036771751,0.0088057593,1,-0.06305652,-0.040536563,0.0095866156,1,0,0,0.0035529278,0.00058511488,1.0402134,352.56164,354.15765,96,0,-1.1331696,nan,0.070895639,nan,nan,73578.625,-2586.9195,-17.169104,-94.345442,85.515443,14.898922,2.2127207,0,0,0,0,0,0
10.185,3652.5279,239.37078,-352.52698,133.43748,9.8449566,326.08934,0.57831676,-1.1780626,0.077491208,3.365051,0.0091414562,0.010483605,-0.061713868,-0.037776739,0.0090143315,1,-0.063565437,-0.041632025,0.0098151871,1,0,0,0.0036175364,0.00061833629,1.0399306,352.47233,352.52698,96,0,-1.1327866,nan,0.070865172,nan,nan,73552.956,-2583.1448,-18.669924,-96.707367,87.472133,14.104792,3.1149519,0,0,0,0,0,0
10.19,3653.195,239.42,-350.89668,133.39044,9.8432778,326.01231,0.59514876,-1.1780521,0.077674109,3.4533175,0.010034173,0.010515784,-0.062205445,-0.03880582,0.0092287392,1,-0.064084844,-0.042753387,0.010053258,1,0,0,0.0036850578,0.00065470367,1.0396484,352.38321,350.89668,96,0,-1.1323992,nan,0.070834199,nan,nan,73527.366,-2579.3803,-20.347026,-99.228341,89.465229,13.198319,4.1536444,0,0,0,0,0,0
10.195,3653.8618,239.46922,-349.26678,133.34359,9.8416872,325.93542,0.61241922,-1.1780393,0.077864446,3.5435917,0.01088238,0.010586931,-0.062704872,-0.039859475,0.0094499896,1,-0.0646154,-0.043901154,0.010302103,1,0,0,0.0037551451,0.00069417133,1.0393668,352.29429,349.26678,96,0,-1.1320075,nan,0.070802704,nan,nan,73501.854,-2575.6259,-22.194907,-101.88375,91.495189,12.200776,5.322689,0,0,0,0,0,0
10.2,3654.5284,239.51842,-347.63725,133.29693,9.840189,325.85865,0.63013792,-1.1780247,0.07806258,3.6359108,0.011682598,0.010703678,-0.063212975,-0.040938188,0.0096791534,1,-0.065157658,-0.045075839,0.010563016,1,0,0,0.0038274279,0.00073665998,1.0390858,352.20557,347.63725,96,0,-1.1316113,nan,0.07077067,nan,nan,73476.42,-2571.8817,-24.205816,-104.64768,93.56247,11.134407,6.6139832,0,0,0,0,0,0
10.205,3655.1948,239.56762,-346.00811,133.25046,9.8387872,325.78201,0.64831483,-1.1780087,0.078268876,3.7303123,0.012432701,0.010872277,-0.063730502,-0.042042455,0.009917353,1,-0.065712056,-0.046277961,0.010837296,1,0,0,0.0039015198,0.00078205777,1.0388054,352.11704,346.00811,96,0,-1.1312106,nan,0.070738078,nan,nan,73451.063,-2568.1476,-26.369847,-107.49336,95.667528,10.022015,8.0175222,0,0,0,0,0,0
10.21,3655.861,239.61681,-344.37935,133.2042,9.8374864,325.7055,0.6669601,-1.1779919,0.078483699,3.826834,0.013131949,0.011098479,-0.064258115,-0.043172774,0.010165749,1,-0.066278925,-0.047508047,0.011126231,1,0,0,0.0039770259,0.00083022189,1.0385255,352.0287,344.37935,96,0,-1.1308054,nan,0.070704909,nan,nan,73425.783,-2564.4238,-28.675068,-110.39374,97.810822,8.8865452,9.5215261,0,0,0,0,0,0
10.215,3656.5269,239.666,-342.75098,133.15813,9.836291,325.62911,0.68608406,-1.1779748,0.078707412,3.9255146,0.013780985,0.011387432,-0.064796387,-0.044329653,0.010425528,1,-0.06685848,-0.048766631,0.011431077,1,0,0,0.0040535504,0.00088098084,1.0382463,351.94056,342.75098,96,0,-1.1303955,nan,0.070671142,nan,nan,73400.58,-2560.7102,-31.107698,-113.32191,99.992809,7.7506728,11.112604,0,0,0,0,0,0
10.22,3657.1926,239.71518,-341.12299,133.11228,9.8352057,325.55284,0.70569726,-1.1779579,0.078940373,4.0263927,0.014381817,0.011743571,-0.065345793,-0.045513606,0.010697883,1,-0.067450833,-0.050054255,0.011753041,1,0,0,0.0041307038,0.00093413727,1.0379676,351.85261,341.12299,96,0,-1.129981,nan,0.070636757,nan,nan,73375.454,-2557.0068,-33.652322,-116.25164,102.21395,6.636401,12.775953,0,0,0,0,0,0
10.225,3657.8581,239.76435,-339.49538,133.06662,9.8342354,325.47669,0.72581044,-1.1779418,0.079182932,4.1295077,0.014937775,0.012170524,-0.065906713,-0.046725155,0.010984005,1,-0.068055992,-0.051371467,0.012093265,1,0,0,0.0042081105,0.00098947145,1.0376895,351.76485,339.49538,96,0,-1.1295617,nan,0.07060173,nan,nan,73350.405,-2553.3138,-36.292138,-119.15784,104.47469,5.564679,14.49559,0,0,0,0,0,0
10.23,3658.5233,239.81352,-337.86814,133.02117,9.8333851,325.40066,0.74643455,-1.1779272,0.079435429,4.2348995,0.01545344,0.012671032,-0.066479429,-0.047964829,0.01128506,1,-0.068673875,-0.052718824,0.01245281,1,0,0,0.0042854153,0.0010467452,1.037412,351.67728,337.86814,96,0,-1.1291377,nan,0.07056604,nan,nan,73325.431,-2549.631,-39.009246,-122.01696,106.77549,4.5550435,16.254615,0,0,0,0,0,0
10.235,3659.1883,239.86268,-336.24129,132.97591,9.8326597,325.32475,0.76758076,-1.1779146,0.079698191,4.3426083,0.015934557,0.013246869,-0.067064128,-0.049233163,0.011602177,1,-0.069304314,-0.054096889,0.012832634,1,0,0,0.0043622901,0.0011057064,1.0371351,351.58991,336.24129,96,0,-1.1287088,nan,0.07052966,nan,nan,73300.534,-2545.9586,-41.784963,-124.80746,109.11682,3.6252928,18.035499,0,0,0,0,0,0
10.24,3659.8531,239.91185,-334.61482,132.93084,9.8320644,325.24896,0.78926043,-1.1779047,0.079971529,4.4526747,0.01638793,0.01389879,-0.067660909,-0.0505307,0.011936431,1,-0.069947071,-0.055506232,0.013233583,1,0,0,0.00443844,0.001166094,1.0368588,351.50272,334.61482,96,0,-1.128275,nan,0.070492566,nan,nan,73275.712,-2542.2966,-44.600168,-127.51014,111.49911,2.7911975,19.820396,0,0,0,0,0,0
10.245,3660.5177,239.96101,-332.98873,132.88596,9.8316046,325.1733,0.81148518,-1.1778979,0.080255739,4.56514,0.016821289,0.014626486,-0.068269783,-0.051857992,0.012288828,1,-0.070601847,-0.056947432,0.013656376,1,0,0,0.0045136079,0.0012276431,1.036583,351.41573,332.98873,96,0,-1.1278362,nan,0.070454729,nan,nan,73250.965,-2538.6449,-47.435666,-130.10843,113.92283,2.0662541,21.591476,0,0,0,0,0,0
10.25,3661.182,240.01016,-331.36301,132.84126,9.8312853,325.09777,0.83426681,-1.1778949,0.080551097,4.6800457,0.017243154,0.015428562,-0.068890686,-0.053215595,0.012660288,1,-0.071268301,-0.058421076,0.014101592,1,0,0,0.0045875794,0.0012900907,1.0363078,351.32892,331.36301,96,0,-1.1273924,nan,0.070416122,nan,nan,73226.294,-2535.0036,-50.272572,-132.58871,116.38843,1.4614859,23.331266,0,0,0,0,0,0
10.255,3661.8462,240.05932,-329.73767,132.79673,9.8311121,325.02236,0.85761738,-1.1778962,0.080857859,4.7974339,0.017662681,0.016302528,-0.069523488,-0.054604076,0.013051634,1,-0.07194606,-0.059927756,0.014569661,1,0,0,0.0046601864,0.0013531815,1.0360332,351.24231,329.73767,96,0,-1.1269434,nan,0.070376715,nan,nan,73201.698,-2531.3727,-53.092702,-134.94047,118.89636,0.98529485,25.023006,0,0,0,0,0,0
10.26,3662.51,240.10847,-328.11271,132.75235,9.8310902,324.94709,0.88154917,-1.1779024,0.081176258,4.9173471,0.018089496,0.017244811,-0.070167999,-0.056024006,0.01346358,1,-0.072634737,-0.061468073,0.015060856,1,0,0,0.0047313094,0.0014166736,1.0357591,351.15588,328.11271,96,0,-1.1264893,nan,0.070336477,nan,nan,73177.176,-2527.7521,-55.878964,-137.15643,121.44707,0.64336693,26.650997,0,0,0,0,0,0
10.265,3663.1737,240.15763,-326.48813,132.70812,9.831225,324.87196,0.9060747,-1.1779139,0.081506505,5.0398282,0.018533527,0.018250792,-0.070823986,-0.057475967,0.013896714,1,-0.073333945,-0.063042637,0.015575289,1,0,0,0.0048008793,0.0014803447,1.0354856,351.06963,326.48813,96,0,-1.1260299,nan,0.070295373,nan,nan,73152.729,-2524.1418,-58.615758,-139.23267,124.041,0.4386335,28.200953,0,0,0,0,0,0
10.27,3663.8372,240.20679,-324.86392,132.66403,9.8315219,324.79697,0.93120671,-1.1779313,0.081848787,5.1649208,0.019004832,0.019314854,-0.071491183,-0.058960545,0.014351497,1,-0.074043317,-0.064652063,0.016112906,1,0,0,0.004868878,0.0015439976,1.0352127,350.98358,324.86392,96,0,-1.1255652,nan,0.070253372,nan,nan,73128.356,-2520.5418,-61.289348,-141.16857,126.67862,0.37128929,29.660339,0,0,0,0,0,0
10.275,3664.5004,240.25594,-323.24008,132.62006,9.8319862,324.72212,0.95695821,-1.177955,0.082203265,5.2926685,0.019513422,0.020430457,-0.072169306,-0.060478336,0.014828247,1,-0.074762514,-0.066296975,0.01667349,1,0,0,0.004935338,0.0016074659,1.0349404,350.89771,323.24008,96,0,-1.125095,nan,0.070210435,nan,nan,73104.057,-2516.9521,-63.888229,-142.96677,129.36035,0.43886701,31.018688,0,0,0,0,0,0
10.28,3665.1634,240.30511,-321.61662,132.5762,9.8326233,324.64743,0.98334242,-1.1779854,0.082570076,5.4231158,0.020069096,0.021590228,-0.072858064,-0.062029943,0.015327141,1,-0.075491248,-0.067978005,0.017256661,1,0,0,0.0050003409,0.0016706193,1.0346686,350.81203,321.61662,96,0,-1.1246194,nan,0.070166526,nan,nan,73079.832,-2513.3726,-66.403463,-144.63305,132.08665,0.63636725,32.267898,0,0,0,0,0,0
10.285,3665.8262,240.35427,-319.99353,132.53243,9.8334385,324.57289,1.0103728,-1.178023,0.082949332,5.5563074,0.020681277,0.022786072,-0.073557175,-0.063615977,0.015848206,1,-0.076229288,-0.069695791,0.017861881,1,0,0,0.0050640148,0.0017333683,1.0343973,350.72654,319.99353,96,0,-1.1241382,nan,0.070121606,nan,nan,73055.68,-2509.8033,-68.828983,-146.17611,134.85796,0.95644178,33.402495,0,0,0,0,0,0
10.29,3666.4888,240.40344,-318.37082,132.48874,9.834437,324.49851,1.0380632,-1.1780679,0.083341117,5.6922884,0.02135886,0.024009298,-0.074266379,-0.065237054,0.01639132,1,-0.076976477,-0.071450981,0.018488465,1,0,0,0.0051265309,0.0017956685,1.0341267,350.64122,318.37082,96,0,-1.1236514,nan,0.070075634,nan,nan,73031.602,-2506.244,-71.161854,-147.60731,137.6747,1.3896266,34.419861,0,0,0,0,0,0
10.295,3667.1511,240.45261,-316.74847,132.44513,9.8356242,324.4243,1.0664274,-1.1781207,0.083745489,5.8311044,0.022110077,0.02525076,-0.07498545,-0.0668938,0.016956215,1,-0.077732739,-0.073244229,0.019135586,1,0,0,0.0051880989,0.0018575242,1.0338565,350.5561,316.74847,96,0,-1.1231588,nan,0.070028566,nan,nan,73007.597,-2502.6948,-73.402495,-148.94035,140.53733,1.9246209,35.32042,0,0,0,0,0,0
10.3,3667.8133,240.5018,-315.1265,132.40156,9.8370052,324.35026,1.0954799,-1.1781815,0.08416248,5.9728016,0.022942372,0.026501016,-0.075714209,-0.068586849,0.017542479,1,-0.078498093,-0.075076197,0.019802293,1,0,0,0.0052489623,0.0019189912,1.033587,350.47116,315.1265,96,0,-1.1226604,nan,0.069980359,nan,nan,72983.665,-2499.1555,-75.554838,-150.19091,143.44628,2.5486057,36.107771,0,0,0,0,0,0
10.305,3668.4752,240.55098,-313.5049,132.35803,9.8385852,324.2764,1.1252349,-1.1782507,0.084592093,6.1174264,0.023862302,0.027750485,-0.076452536,-0.070316841,0.018149559,1,-0.079272655,-0.076947554,0.020487521,1,0,0,0.0053093915,0.0019801789,1.033318,350.3864,313.5049,96,0,-1.1221561,nan,0.069930966,nan,nan,72959.805,-2495.626,-77.62644,-151.37625,146.40197,3.247598,36.78878,0,0,0,0,0,0
10.31,3669.1369,240.60018,-311.88366,132.31452,9.8403694,324.20271,1.1557074,-1.1783285,0.085034305,6.2650258,0.024875458,0.028989629,-0.077200379,-0.072084425,0.018776776,1,-0.080056643,-0.078858978,0.021190108,1,0,0,0.0053696781,0.0020412513,1.0330496,350.30182,311.88366,96,0,-1.1216457,nan,0.069880339,nan,nan,72936.018,-2492.1063,-79.628529,-152.51471,149.40483,4.0068303,37.373604,0,0,0,0,0,0
10.315,3669.7984,240.64939,-310.2628,132.27103,9.8423631,324.12922,1.1869122,-1.1784151,0.08548906,6.4156469,0.025986411,0.030209123,-0.07795776,-0.073890256,0.019423328,1,-0.080850382,-0.080811154,0.021908811,1,0,0,0.0054301268,0.0021024271,1.0327817,350.21743,310.2628,96,0,-1.1211293,nan,0.069828428,nan,nan,72912.304,-2488.5962,-81.57598,-153.6253,152.45528,4.8111516,37.875666,0,0,0,0,0,0
10.32,3670.4597,240.6986,-308.6423,132.22753,9.8445715,324.05591,1.2188648,-1.1785106,0.085956273,6.5693378,0.027198677,0.03140004,-0.078724787,-0.075734998,0.020088304,1,-0.081654304,-0.082804775,0.022642328,1,0,0,0.005491049,0.0021639791,1.0325143,350.13322,308.6423,96,0,-1.1206066,nan,0.069775181,nan,nan,72888.661,-2485.0956,-83.487232,-154.72716,155.55375,5.6454375,38.311568,0,0,0,0,0,0
10.325,3671.1207,240.74783,-307.02216,132.18402,9.847,323.9828,1.2515806,-1.1786154,0.086435823,6.7261464,0.028514724,0.03255402,-0.079501654,-0.077619323,0.0207707,1,-0.082468941,-0.08484054,0.023389308,1,0,0,0.005552754,0.0022262317,1.0322475,350.04919,307.02216,96,0,-1.1200776,nan,0.069720543,nan,nan,72865.09,-2481.6046,-85.384135,-155.83905,158.70066,6.4950045,38.700943,0,0,0,0,0,0
10.33,3671.7815,240.79707,-305.4024,132.14048,9.8496539,323.90989,1.2850754,-1.1787297,0.086927553,6.8861214,0.02993599,0.033663447,-0.080288647,-0.07954391,0.021469427,1,-0.083294927,-0.086919158,0.024148377,1,0,0,0.0056155422,0.0022895584,1.0319813,349.96534,305.4024,96,0,-1.1195421,nan,0.06966446,nan,nan,72841.591,-2478.1228,-87.291725,-156.97892,161.8964,7.3460161,39.066252,0,0,0,0,0,0
10.335,3672.4422,240.84632,-303.78299,132.0969,9.8525387,323.83718,1.3193655,-1.1788535,0.087431263,7.0493118,0.031462938,0.034721605,-0.081086141,-0.081509444,0.022183331,1,-0.084132985,-0.089041345,0.024918146,1,0,0,0.0056796971,0.0023543775,1.0317156,349.88167,303.78299,96,0,-1.1190002,nan,0.069606871,nan,nan,72818.163,-2474.6504,-89.237943,-158.16334,165.14139,8.185874,39.432523,0,0,0,0,0,0
10.34,3673.1026,240.89559,-302.16395,132.05327,9.8556602,323.76468,1.3544671,-1.1789872,0.087946706,7.2157671,0.033095138,0.035722824,-0.081894605,-0.08351662,0.022911205,1,-0.084983923,-0.091207823,0.025697232,1,0,0,0.0057454779,0.0024211472,1.0314505,349.79818,302.16395,96,0,-1.1184516,nan,0.069547717,nan,nan,72794.806,-2471.1871,-91.253281,-159.40714,168.43604,9.0035836,39.827039,0,0,0,0,0,0
10.345,3673.7627,240.94488,-300.54527,132.00957,9.8590242,323.69239,1.390397,-1.1791308,0.088473581,7.385537,0.034831371,0.036662613,-0.082714592,-0.08556614,0.023651804,1,-0.085848619,-0.093419323,0.026484269,1,0,0,0.0058131132,0.0024903594,1.0311858,349.71487,300.54527,96,0,-1.1178962,nan,0.069486936,nan,nan,72771.52,-2467.7329,-93.370387,-160.72292,171.78074,9.7900859,40.278979,0,0,0,0,0,0
10.35,3674.4227,240.99418,-298.92695,131.96581,9.8626367,323.62032,1.4271722,-1.1792848,0.089011524,7.5586718,0.036669761,0.037537765,-0.08354674,-0.087658713,0.024403859,1,-0.086728012,-0.095676586,0.027277915,1,0,0,0.0058827947,0.0025625333,1.0309218,349.63174,298.92695,96,0,-1.1173339,nan,0.069424461,nan,nan,72748.305,-2464.2876,-95.623605,-162.1207,175.17589,10.538546,40.819014,0,0,0,0,0,0
10.355,3675.0824,241.0435,-297.309,131.92196,9.866504,323.54846,1.4648101,-1.1794494,0.089560101,7.735222,0.038607926,0.038346442,-0.084391758,-0.089795057,0.025166089,1,-0.087623086,-0.097980356,0.028076859,1,0,0,0.0059546718,0.0026382075,1.0306583,349.54879,297.309,96,0,-1.1167646,nan,0.069360226,nan,nan,72725.161,-2460.8513,-98.048486,-163.60766,178.62186,11.244593,41.478882,0,0,0,0,0,0
10.36,3675.742,241.09284,-295.6914,131.87803,9.8706329,323.47682,1.5033281,-1.1796249,0.090118793,7.9152386,0.04064315,0.039088235,-0.085250426,-0.091975897,0.025937211,1,-0.088534857,-0.10033139,0.028879823,1,0,0,0.0060288476,0.002717932,1.0303953,349.46602,295.6914,96,0,-1.1161882,nan,0.06929416,nan,nan,72702.086,-2457.4239,-100.68126,-165.18783,182.11905,11.906499,42.290925,0,0,0,0,0,0
10.365,3676.4013,241.1422,-294.07416,131.834,9.8750302,323.40541,1.5427445,-1.1798116,0.090686984,8.098773,0.042772571,0.039764191,-0.086123577,-0.094201966,0.026715947,1,-0.089464354,-0.10273045,0.029685561,1,0,0,0.0061053758,0.0028022592,1.0301328,349.38342,294.07416,96,0,-1.1156046,nan,0.06922619,nan,nan,72679.081,-2454.0053,-103.55829,-166.86197,185.66782,12.525299,43.287624,0,0,0,0,0,0
10.37,3677.0603,241.19159,-292.45727,131.78986,9.8797032,323.33421,1.5830774,-1.1800099,0.091263949,8.2858769,0.044993374,0.040376813,-0.087012089,-0.096474003,0.02750103,1,-0.090412608,-0.1051783,0.030492843,1,0,0,0.0061842584,0.0028917357,1.0298709,349.301,292.45727,96,0,-1.1150135,nan,0.069156241,nan,nan,72656.147,-2450.5954,-106.71553,-168.62745,189.26856,13.104841,44.501127,0,0,0,0,0,0
10.375,3677.7192,241.241,-290.84074,131.74561,9.8846596,323.26325,1.6243458,-1.1802204,0.09184883,8.4766025,0.047303003,0.040930022,-0.087916873,-0.098792759,0.028291202,1,-0.091380632,-0.10767573,0.031300448,1,0,0,0.0062654455,0.0029868927,1.0296095,349.21876,290.84074,96,0,-1.1144149,nan,0.069084235,nan,nan,72633.281,-2447.1943,-110.18795,-170.4783,192.92162,13.65176,45.962788,0,0,0,0,0,0
10.38,3678.3778,241.29043,-289.22457,131.70124,9.8899072,323.19252,1.6665686,-1.1804435,0.092440624,8.6710022,0.049699361,0.041429094,-0.08883886,-0.10115899,0.029085211,1,-0.092369411,-0.11022352,0.032107138,1,0,0,0.0063488359,0.003088237,1.0293487,349.13669,289.22457,96,0,-1.1138086,nan,0.069010089,nan,nan,72610.485,-2443.8018,-114.00903,-172.40525,196.62737,14.175387,47.702727,0,0,0,0,0,0
10.385,3679.0363,241.33989,-287.60875,131.65673,9.8954545,323.12201,1.7097655,-1.1806798,0.093038154,8.8691288,0.052181019,0.041880559,-0.089778985,-0.10357346,0.029881804,1,-0.093379883,-0.11282246,0.032911633,1,0,0,0.0064342796,0.0031962429,1.0290884,349.0548,287.60875,96,0,-1.1131945,nan,0.068933718,nan,nan,72587.757,-2440.4181,-118.21025,-174.39595,200.38615,14.687578,49.749428,0,0,0,0,0,0
10.39,3679.6945,241.38938,-285.99328,131.61209,9.9013101,323.05175,1.7539564,-1.18093,0.093640053,9.0710356,0.05474741,0.042292073,-0.090738178,-0.10603694,0.03067971,1,-0.094412928,-0.11547336,0.033712572,1,0,0,0.0065215811,0.0033113438,1.0288286,348.97308,285.99328,96,0,-1.1125725,nan,0.068855036,nan,nan,72565.099,-2437.043,-122.82066,-176.43519,204.19831,15.20247,52.129382,0,0,0,0,0,0
10.395,3680.3524,241.4389,-284.37816,131.56729,9.907483,322.98171,1.7991619,-1.1811947,0.094244728,9.2767759,0.05739901,0.042672257,-0.091717346,-0.10855021,0.031477623,1,-0.095469355,-0.11817704,0.034508476,1,0,0,0.0066105044,0.003433925,1.0285693,348.89153,284.37816,96,0,-1.1119423,nan,0.068773949,nan,nan,72542.508,-2433.6767,-127.86644,-178.50533,208.06419,15.736175,54.8668,0,0,0,0,0,0
10.4,3681.0102,241.48845,-282.76339,131.52234,9.9139827,322.91193,1.8454028,-1.1814748,0.094850342,9.4864038,0.060137501,0.043030509,-0.092717364,-0.11111406,0.032274175,1,-0.096549898,-0.12093431,0.035297698,1,0,0,0.0067007797,0.0035643172,1.0283105,348.81016,282.76339,96,0,-1.1113039,nan,0.068690363,nan,nan,72519.986,-2430.319,-133.37067,-180.58665,211.98413,16.306403,57.983387,0,0,0,0,0,0
10.405,3681.6677,241.53803,-281.14897,131.47721,9.9208185,322.84238,1.8927008,-1.1817712,0.095454775,9.6999732,0.062965912,0.0433768,-0.093739063,-0.11372929,0.033067902,1,-0.0976552,-0.123746,0.036078362,1,0,0,0.0067921106,0.0037027911,1.0280523,348.72895,281.14897,96,0,-1.110657,nan,0.068604179,nan,nan,72497.531,-2426.9701,-139.35301,-182.65794,215.95845,16.932034,61.498213,0,0,0,0,0,0
10.41,3682.325,241.58765,-279.5349,131.4319,9.9280001,322.77308,1.9410778,-1.1820846,0.096055594,9.9175389,0.065888729,0.043721449,-0.094783219,-0.11639671,0.033857211,1,-0.098785814,-0.12661296,0.03684831,1,0,0,0.0068841829,0.0038495542,1.0277946,348.64792,279.5349,96,0,-1.1100015,nan,0.068515293,nan,nan,72475.144,-2423.6299,-145.82966,-184.69698,219.98748,17.632639,65.427672,0,0,0,0,0,0
10.415,3682.9821,241.6373,-277.92117,131.38639,9.9355372,322.70404,1.9905566,-1.1824161,0.096650018,10.139156,0.068911973,0.044074878,-0.095850544,-0.11911713,0.034640331,1,-0.099942195,-0.12953603,0.037605027,1,0,0,0.0069766736,0.0040047477,1.0275374,348.56706,277.92117,96,0,-1.1093373,nan,0.068423598,nan,nan,72452.825,-2420.2985,-152.81329,-186.68125,224.07152,18.427965,69.785549,0,0,0,0,0,0
10.42,3683.6389,241.687,-276.30779,131.34066,9.9434393,322.63526,2.0411604,-1.1827667,0.09723488,10.364878,0.07204324,0.044447372,-0.096941676,-0.12189137,0.035415263,1,-0.1011247,-0.13251607,0.038345568,1,0,0,0.0070692615,0.0041684462,1.0272808,348.48637,276.30779,96,0,-1.1086642,nan,0.068328983,nan,nan,72430.572,-2416.9759,-160.31318,-188.58849,228.21089,19.337398,74.583197,0,0,0,0,0,0
10.425,3684.2955,241.73673,-274.69475,131.2947,9.9517159,322.56674,2.0929132,-1.1831374,0.097806589,10.594796,0.075291708,0.044848836,-0.098057179,-0.12472031,0.036179727,1,-0.1023336,-0.13555432,0.039066483,1,0,0,0.0071616371,0.0043406587,1.0270246,348.40585,274.69475,96,0,-1.1079819,nan,0.068231332,nan,nan,72408.385,-2413.6621,-168.33543,-190.39742,232.49894,20.379412,79.829837,0,0,0,0,0,0
10.43,3684.9519,241.78651,-273.08205,131.24847,9.9603758,322.4985,2.14584,-1.1835292,0.098361088,10.829033,0.078668112,0.045288533,-0.099197533,-0.12760498,0.036931093,1,-0.10356904,-0.13865242,0.039763729,1,0,0,0.007253512,0.0045213335,1.0267689,348.3255,273.08205,96,0,-1.1072903,nan,0.068130525,nan,nan,72386.265,-2410.3572,-176.88345,-192.0883,236.85631,21.571085,85.53307,0,0,0,0,0,0
10.435,3685.608,241.83633,-271.46969,131.20197,9.9694272,322.43054,2.1999668,-1.1839434,0.098893811,11.067651,0.082184662,0.045774883,-0.10036313,-0.13054645,0.037666321,1,-0.10483108,-0.14181134,0.040432586,1,0,0,0.0073446294,0.0047103618,1.0265138,348.24532,271.46969,96,0,-1.1065892,nan,0.068026437,nan,nan,72364.211,-2407.0611,-185.95838,-193.64365,241.27348,22.927548,91.699363,0,0,0,0,0,0
10.44,3686.264,241.88619,-269.85768,131.15515,9.9788776,322.36288,2.2553203,-1.1843808,0.099399642,11.310711,0.08585492,0.046315273,-0.10155428,-0.13354576,0.038381885,1,-0.1061197,-0.14503201,0.041067579,1,0,0,0.0074347749,0.0049075832,1.0262592,348.1653,269.85768,96,0,-1.1058784,nan,0.067918939,nan,nan,72342.223,-2403.7738,-195.55963,-195.04881,245.7511,24.46145,98.334617,0,0,0,0,0,0
10.445,3686.9196,241.93611,-268.246,131.10799,9.9887329,322.29551,2.3119281,-1.1848426,0.099872873,11.558273,0.089693642,0.046915897,-0.10277119,-0.13660394,0.039073701,1,-0.10743475,-0.14831542,0.041662388,1,0,0,0.007523785,0.0051127931,1.026005,348.08545,268.246,96,0,-1.1051577,nan,0.067807897,nan,nan,72320.3,-2400.4954,-205.68554,-196.29262,250.28978,26.1825,105.44489,0,0,0,0,0,0
10.45,3687.5751,241.98607,-266.63465,131.06045,9.9989979,322.22847,2.3698189,-1.1853296,0.10030715,11.810398,0.093716587,0.047581628,-0.10401399,-0.13972199,0.039737052,1,-0.10877602,-0.15166252,0.042209771,1,0,0,0.0076115555,0.0053257523,1.0257514,348.00576,266.63465,96,0,-1.1044269,nan,0.067693173,nan,nan,72298.442,-2397.2259,-216.33423,-197.36781,254.89006,28.097067,113.03724,0,0,0,0,0,0
10.455,3688.2303,242.03609,-265.02364,131.0125,10.009675,322.16176,2.4290219,-1.1858429,0.10069546,12.067148,0.09794029,0.048315938,-0.1052827,-0.14290093,0.040366508,1,-0.11014318,-0.15507433,0.042701483,1,0,0,0.0076980474,0.0055461977,1.0254983,347.92624,265.02364,96,0,-1.1036857,nan,0.067574624,nan,nan,72276.649,-2393.9651,-227.50442,-198.27144,259.55244,30.207861,121.12055,0,0,0,0,0,0
10.46,3688.8853,242.08616,-263.41297,130.96408,10.020765,322.0954,2.4895678,-1.186383,0.10103004,12.328585,0.10238182,0.049120872,-0.10657727,-0.14614175,0.040955856,1,-0.11153576,-0.15855184,0.043128204,1,0,0,0.0077832918,0.0057738538,1.0252456,347.84688,263.41297,96,0,-1.102934,nan,0.067452105,nan,nan,72254.919,-2390.713,-239.19644,-199.0052,264.27739,32.513677,129.70656,0,0,0,0,0,0
10.465,3689.54,242.13628,-261.80262,130.91515,10.032264,322.02941,2.5514879,-1.1869507,0.10130238,12.594772,0.10705849,0.049997074,-0.1078975,-0.14944546,0.041498018,1,-0.11295321,-0.16209609,0.043479476,1,0,0,0.0078673929,0.0060084454,1.0249935,347.76769,261.80262,96,0,-1.1021715,nan,0.067325464,nan,nan,72233.254,-2387.4697,-251.41315,-199.57557,269.06538,35.009246,138.81077,0,0,0,0,0,0
10.47,3690.1945,242.18647,-260.19261,130.86565,10.044167,321.96381,2.6148148,-1.1875464,0.10150318,12.865773,0.11198761,0.050943883,-0.10924314,-0.15281308,0.041984988,1,-0.11439479,-0.1657081,0.043743651,1,0,0,0.0079505282,0.0062497097,1.0247418,347.68866,260.19261,96,0,-1.1013979,nan,0.067194549,nan,nan,72211.653,-2384.2349,-264.16094,-199.99389,273.91684,37.685166,148.45346,0,0,0,0,0,0
10.475,3690.8487,242.23671,-258.58292,130.81554,10.056462,321.89863,2.679582,-1.18817,0.10162232,13.141651,0.11718617,0.051959481,-0.11061375,-0.15624563,0.042407763,1,-0.11585959,-0.16938895,0.043907858,1,0,0,0.0080329469,0.0064974092,1.0244907,347.60978,258.58292,96,0,-1.100613,nan,0.067059203,nan,nan,72190.115,-2381.0086,-277.45074,-200.27629,278.83219,40.52794,158.66061,0,0,0,0,0,0
10.48,3691.5027,242.28702,-256.97356,130.76473,10.069135,321.83388,2.7458243,-1.1888216,0.10164885,13.42247,0.1226706,0.053041114,-0.11200879,-0.15974414,0.042756291,1,-0.11734645,-0.1731397,0.043957981,1,0,0,0.0081149662,0.006751344,1.02424,347.53107,256.97356,96,0,-1.0998165,nan,0.066919267,nan,nan,72168.639,-2377.7907,-291.29889,-200.44345,283.81185,43.520094,169.46481,0,0,0,0,0,0
10.485,3692.1564,242.33739,-255.36452,130.71317,10.082163,321.76959,2.8135776,-1.1895005,0.10157095,13.708294,0.12845648,0.054185361,-0.11342752,-0.16330966,0.043019426,1,-0.11885394,-0.17696143,0.043878666,1,0,0,0.0081969641,0.0070113623,1.0239898,347.45252,255.36452,96,0,-1.0990081,nan,0.066774582,nan,nan,72147.226,-2374.581,-305.72796,-200.52031,288.85621,46.6404,180.90606,0,0,0,0,0,0
10.49,3692.8098,242.38783,-253.75579,130.66078,10.095518,321.70581,2.8828787,-1.1902058,0.101376,13.999189,0.1345583,0.055388474,-0.11486901,-0.16694323,0.043184901,1,-0.12038025,-0.18085525,0.04365335,1,0,0,0.0082793716,0.0072773703,1.0237401,347.37413,253.75579,96,0,-1.0981876,nan,0.066624989,nan,nan,72125.875,-2371.3793,-320.76748,-200.53561,293.96569,49.864161,193.0324,0,0,0,0,0,0
10.495,3693.463,242.43834,-252.14739,130.60747,10.109163,321.64255,2.9537656,-1.1909361,0.10105055,14.29522,0.14098933,0.056646751,-0.11633206,-0.17064594,0.043239315,1,-0.12192316,-0.18482227,0.043264333,1,0,0,0.0083626608,0.0075493401,1.0234908,347.29589,252.14739,96,0,-1.0973545,nan,0.06647033,nan,nan,72104.586,-2368.1856,-336.45445,-200.52132,299.14066,53.163573,205.90046,0,0,0,0,0,0
10.5,3694.116,242.48891,-250.53931,130.55317,10.123052,321.57985,3.0262775,-1.1916892,0.10058041,14.596451,0.14776137,0.057956958,-0.11781517,-0.17441885,0.043168146,1,-0.12347987,-0.18886362,0.042692873,1,0,0,0.0084473327,0.0078273148,1.023242,347.21781,250.53931,96,0,-1.0965086,nan,0.066310449,nan,nan,72083.358,-2364.9996,-352.83367,-200.51203,304.38152,56.508121,219.57569,0,0,0,0,0,0
10.505,3694.7686,242.53955,-248.93153,130.49777,10.137126,321.51776,3.1004544,-1.1924625,0.099950734,14.90295,0.15488472,0.059316764,-0.11931645,-0.17826306,0.04295579,1,-0.12504694,-0.19298046,0.041919342,1,0,0,0.0085339025,0.0081114116,1.0229937,347.13988,248.93153,96,0,-1.0956496,nan,0.066145197,nan,nan,72062.19,-2361.8212,-369.95783,-200.54423,309.68863,59.865013,234.13242,0,0,0,0,0,0
10.51,3695.421,242.59027,-247.32407,130.44119,10.151315,321.4563,-3.1068492,-1.1932524,0.099146121,15.21189,0.16236809,0.060725346,-0.12083356,-0.17421691,0.042585634,1,-0.12662017,-0.14132334,0.040923457,1,0,0,0.0086228923,0.0084018132,1.0227459,347.06211,247.32407,96,0,-1.094777,nan,0.065974431,nan,nan,72041.082,-2358.6501,-387.88687,-200.65609,301.08761,63.199195,249.65321,0,0,0,0,0,0
10.515,3696.0731,242.64105,-245.71691,130.38332,10.165533,321.39553,-3.0292697,-1.1940549,0.098150827,15.507189,0.17021568,0.062190969,-0.12236369,-0.16734118,0.042040313,1,-0.12819523,-0.14533421,0.039685818,1,0,0,0.0087152228,0.008698363,1.0224985,346.98449,245.71691,96,0,-1.0938905,nan,0.06579802,nan,nan,72020.034,-2355.4861,-406.66305,-200.93684,287.61527,66.356681,266.20759,0,0,0,0,0,0
10.52,3696.7249,242.69191,-244.11005,130.32406,10.179677,321.33548,-2.9500465,-1.1948644,0.09694901,15.79086,0.17840303,0.063731936,-0.12390398,-0.16291156,0.041302224,1,-0.12977016,-0.14923271,0.038188372,1,0,0,0.0088122158,0.0090005416,1.0222516,346.90702,244.11005,96,0,-1.0929898,nan,0.065615846,nan,nan,71999.046,-2352.2873,-426.4426,-201.72931,278.51293,68.568763,283.84896,0,0,0,0,0,0
10.525,3697.3764,242.74283,-242.50349,130.26329,10.193624,321.27622,-2.8692149,-1.1956747,0.095525134,16.066829,0.18690375,0.065368819,-0.12545169,-0.16035556,0.040353709,1,-0.13134133,-0.15306205,0.036413428,1,0,0,0.0089149228,0.0093080108,1.0220052,346.8297,242.50349,96,0,-1.0920742,nan,0.065427809,nan,nan,71978.116,-2349.0868,-447.16167,-202.84912,272.72895,70.532637,302.64083,0,0,0,0,0,0
10.53,3698.0276,242.79383,-240.89723,130.20092,10.207224,321.21777,-2.7867931,-1.1964781,0.093864387,16.338078,0.19571435,0.06712349,-0.12700325,-0.15923845,0.039177203,1,-0.13290102,-0.15685517,0.034344084,1,0,0,0.0090242289,0.0096206075,1.0217592,346.75253,240.89723,96,0,-1.0911435,nan,0.065233831,nan,nan,71957.245,-2345.8897,-468.84917,-204.34691,269.46812,72.204364,322.65598,0,0,0,0,0,0
10.535,3698.6785,242.84489,-239.29125,130.13683,10.220305,321.16018,-2.7027872,-1.1972658,0.091953137,16.606877,0.20483131,0.069019092,-0.1285539,-0.15923019,0.037755482,1,-0.13443984,-0.16063719,0.031964887,1,0,0,0.009140888,0.0099382867,1.0215136,346.67551,239.29125,96,0,-1.0901972,nan,0.065033864,nan,nan,71936.433,-2342.6956,-491.55864,-206.28204,268.1291,73.528691,343.97254,0,0,0,0,0,0
10.54,3699.329,242.89602,-237.68557,130.07096,10.232666,321.1035,-2.6171945,-1.198028,0.089779476,16.874955,0.21425122,0.071080491,-0.13009759,-0.16008021,0.036072022,1,-0.1359467,-0.16442738,0.029262626,1,0,0,0.0092655281,0.010261083,1.0212685,346.59864,237.68557,96,0,-1.0892348,nan,0.064827897,nan,nan,71915.677,-2339.5038,-515.34698,-208.70949,268.25715,74.451936,366.67049,0,0,0,0,0,0
10.545,3699.9792,242.9472,-236.08016,130.00321,10.244083,321.04775,-2.5300068,-1.1987534,0.087333836,17.143634,0.22397098,0.073334461,-0.13162691,-0.16159835,0.034111467,1,-0.13740875,-0.16824051,0.026227181,1,0,0,0.0093986573,0.010589079,1.0210238,346.52191,236.08016,96,0,-1.0882557,nan,0.064615956,nan,nan,71894.978,-2336.314,-540.27105,-211.68046,269.50837,74.921247,390.82803,0,0,0,0,0,0
10.55,3700.6291,242.99845,-234.47503,129.93354,10.2543,320.99297,-2.4412129,-1.1994296,0.084609683,17.413928,0.23398802,0.075809614,-0.13313294,-0.1636403,0.031860194,1,-0.13881135,-0.17208798,0.02285245,1,0,0,0.0095406691,0.010922374,1.0207796,346.44532,234.47503,96,0,-1.0872594,nan,0.06439812,nan,nan,71874.335,-2333.1259,-566.38435,-215.24315,271.62265,74.883905,416.5177,0,0,0,0,0,0
10.555,3701.2786,243.04974,-232.87017,129.8619,10.263036,320.93918,-2.3508003,-1.200043,0.081604278,17.686616,0.24430061,0.078536058,-0.13460523,-0.16609662,0.029306961,1,-0.14013812,-0.1759786,0.01913732,1,0,0,0.009691849,0.011261062,1.0205358,346.36888,232.87017,96,0,-1.0862454,nan,0.064174522,nan,nan,71853.747,-2329.9392,-593.73362,-219.4433,274.40326,74.286674,443.80229,0,0,0,0,0,0
10.56,3701.9278,243.10107,-231.26558,129.78829,10.26998,320.88638,-2.2587576,-1.200579,0.078319485,17.962302,0.25490796,0.081544795,-0.13603176,-0.16888431,0.026443646,1,-0.14137106,-0.17991922,0.015086679,1,0,0,0.0098523818,0.011605215,1.0202924,346.29257,231.26558,96,0,-1.0852132,nan,0.063945359,nan,nan,71833.212,-2326.7536,-622.35552,-224.32487,277.70133,73.07522,472.73065,0,0,0,0,0,0
10.565,3702.5766,243.15243,-229.66126,129.71274,10.274794,320.83458,-2.1650755,-1.2010219,0.074762629,18.241456,0.26581044,0.084866851,-0.13739894,-0.17194051,0.023266033,1,-0.14249065,-0.1839152,0.010712437,1,0,0,0.01002236,0.011954864,1.0200494,346.2164,229.66126,96,0,-1.084162,nan,0.063710901,nan,nan,71812.731,-2323.5691,-652.27348,-229.93055,281.40422,71.193646,503.33353,0,0,0,0,0,0
10.57,3703.225,243.20381,-228.05719,129.6353,10.277117,320.78376,-2.0697488,-1.2013553,0.070947342,18.524447,0.27700955,0.08853215,-0.13869167,-0.1752176,0.019774668,1,-0.14347618,-0.18797074,0.0060345269,1,0,0,0.010201789,0.012309997,1.0198068,346.14036,228.05719,96,0,-1.0830914,nan,0.0634715,nan,nan,71792.302,-2320.3857,-683.4947,-236.30224,285.42664,68.584195,535.6194,0,0,0,0,0,0
10.575,3703.873,243.25519,-226.45337,129.55608,10.276568,320.73387,-1.972777,-1.2015622,0.066894386,18.811566,0.28850792,0.09256816,-0.13989344,-0.17867956,0.015975718,1,-0.14430603,-0.19208914,0.0010818212,1,0,0,0.0103906,0.012670559,1.0195646,346.06445,226.45337,96,0,-1.0820007,nan,0.063227594,nan,nan,71771.924,-2317.2031,-716.00759,-243.4812,289.70398,65.187215,569.57056,0,0,0,0,0,0
10.58,3704.5206,243.30657,-224.8498,129.47527,10.272748,320.68487,-1.874166,-1.2016258,0.062632385,19.103048,0.30030909,0.096998325,-0.14098652,-0.18229917,0.011881842,1,-0.14495818,-0.19627301,-0.0041070867,1,0,0,0.01058865,0.013036463,1.0193228,345.98867,224.8498,96,0,-1.0808893,nan,0.062979719,nan,nan,71751.596,-2314.0216,-749.77957,-251.50802,294.18722,60.94146,605.1396,0,0,0,0,0,0
10.585,3705.1678,243.35792,-223.24647,129.39308,10.265254,320.63667,-1.7739284,-1.201529,0.058198421,19.399084,0.3124172,0.10184032,-0.14195221,-0.18605587,0.007513001,1,-0.1454107,-0.20052441,-0.0094833092,1,0,0,0.010795728,0.013407602,1.0190814,345.91302,223.24647,96,0,-1.0797565,nan,0.062728511,nan,nan,71731.316,-2310.841,-784.75556,-260.42218,298.83913,55.784846,642.24637,0,0,0,0,0,0
10.59,3705.8146,243.40922,-221.64338,129.30981,10.253682,320.58915,-1.672084,-1.2012559,0.053638424,19.69983,0.32483656,0.10710421,-0.14277119,-0.18993416,0.0028971838,1,-0.14564249,-0.20484496,-0.01498738,1,0,0,0.011011553,0.013783883,1.0188404,345.83748,221.64338,96,0,-1.0786018,nan,0.062474714,nan,nan,71711.083,-2307.6616,-820.85712,-270.26102,303.63135,49.65573,680.77586,0,0,0,0,0,0
10.595,3706.461,243.46046,-220.04053,129.22583,10.237643,320.54217,-1.5686608,-1.2007915,0.049007281,20.005417,0.33757104,0.11279038,-0.14342393,-0.19392237,-0.0019290223,1,-0.14563393,-0.20923593,-0.020549345,1,0,0,0.011235764,0.014165255,1.0185997,345.76207,220.04053,96,0,-1.0774245,nan,0.062219185,nan,nan,71690.897,-2304.4835,-857.98256,-281.05821,308.54221,42.494844,720.55604,0,0,0,0,0,0
10.6,3707.107,243.51161,-218.43791,129.14159,10.216775,320.49557,-1.4636938,-1.2001228,0.044368618,20.315957,0.35062326,0.11888591,-0.14389119,-0.1980117,-0.0069200948,1,-0.14536781,-0.21369831,-0.026089484,1,0,0,0.011467912,0.014551758,1.0183594,345.68677,218.43791,96,0,-1.0762241,nan,0.061962886,nan,nan,71670.755,-2301.3068,-896.00833,-292.84145,313.55504,34.247938,761.38754,0,0,0,0,0,0
10.605,3707.7525,243.56264,-216.83553,129.05762,10.19076,320.44913,-1.3572254,-1.1992393,0.039794184,20.631546,0.36399375,0.12536591,-0.14415465,-0.20219553,-0.012021486,1,-0.14483015,-0.21823286,-0.031518996,1,0,0,0.011707429,0.014943576,1.0181194,345.61158,216.83553,96,0,-1.075,nan,0.061706891,nan,nan,71650.656,-2298.1319,-934.79149,-305.62927,318.65696,24.86928,803.08147,0,0,0,0,0,0
10.61,3708.3977,243.61354,-215.23337,128.97452,10.15934,320.40261,-1.2493039,-1.1981337,0.035362813,20.952269,0.37768016,0.13219145,-0.14419751,-0.20646891,-0.017169812,1,-0.14401109,-0.22284014,-0.036741605,1,0,0,0.011953596,0.015341081,1.0178798,345.5365,215.23337,96,0,-1.0737516,nan,0.061452372,nan,nan,71630.599,-2294.9591,-974.17242,-319.42717,323.83792,14.325888,845.38609,0,0,0,0,0,0
10.615,3709.0424,243.66426,-213.63145,128.89298,10.12234,320.35575,-1.1399823,-1.1968023,0.031158953,21.278202,0.39167645,0.13930759,-0.14400524,-0.21082808,-0.022293462,1,-0.14290573,-0.22752059,-0.041655709,1,0,0,0.012205503,0.015744881,1.0176404,345.46153,213.63145,96,0,-1.0724785,nan,0.06120059,nan,nan,71610.583,-2291.789,-1013.9791,-334.22288,329.08997,2.6024488,888.02286,0,0,0,0,0,0
10.62,3709.6867,243.71479,-212.02977,128.81373,10.079682,320.30823,-1.0293168,-1.1952459,0.027270773,21.609414,0.40597201,0.14664245,-0.14356627,-0.21527025,-0.027313604,1,-0.14151489,-0.23227453,-0.046156957,1,0,0,0.012461991,0.016155873,1.0174014,345.38666,212.02977,96,0,-1.0711803,nan,0.060952881,nan,nan,71590.605,-2288.6221,-1054.0327,-349.98097,334.40673,-10.293105,930.69271,0,0,0,0,0,0
10.625,3710.3306,243.76509,-210.42832,128.73758,10.031408,320.25974,-0.91736398,-1.1934699,0.023787919,21.945967,0.42055095,0.15410683,-0.14287271,-0.21979329,-0.03214561,1,-0.13984576,-0.23710221,-0.050141235,1,0,0,0.01272159,0.016575284,1.0171627,345.31188,210.42832,96,0,-1.0698566,nan,0.060710631,nan,nan,71570.665,-2285.4593,-1094.1533,-366.63683,339.78303,-24.323502,973.08394,0,0,0,0,0,0
10.63,3710.9741,243.81515,-208.82713,128.66537,9.977696,320.20992,-0.80417927,-1.1914852,0.020798979,22.287918,0.43539148,0.1615943,-0.14192106,-0.22439562,-0.036700879,1,-0.13791235,-0.24200384,-0.053507941,1,0,0,0.012982447,0.017004705,1.0169242,345.2372,208.82713,96,0,-1.0685071,nan,0.060475252,nan,nan,71550.76,-2282.3018,-1134.1673,-384.09014,345.21457,-39.415709,1014.8813,0,0,0,0,0,0
10.635,3711.6173,243.86492,-207.22618,128.59794,9.9188756,320.15842,-0.68981381,-1.1893079,0.018388793,22.635322,0.45046554,0.16898196,-0.14071275,-0.22907607,-0.040889004,1,-0.13573573,-0.24697962,-0.056163389,1,0,0,0.013242246,0.017446106,1.0166861,345.16261,207.22618,96,0,-1.0671316,nan,0.06024815,nan,nan,71530.889,-2279.1509,-1173.9137,-402.19812,350.69773,-55.454441,1055.776,0,0,0,0,0,0
10.64,3712.2602,243.91439,-205.62549,128.53613,9.8554379,320.10488,-0.5743122,-1.1869597,0.016635732,22.988229,0.4657387,0.17613177,-0.13925463,-0.23383376,-0.044620223,1,-0.133344,-0.25202978,-0.058024162,1,0,0,0.013498122,0.017901833,1.0164482,345.0881,205.62549,96,0,-1.06573,nan,0.060030689,nan,nan,71511.051,-2276.0085,-1213.2507,-420.76898,356.22939,-72.275913,1095.4759,0,0,0,0,0,0
10.645,3712.9027,243.96353,-204.02508,128.48075,9.7880415,320.04895,-0.45771,-1.1844676,0.015609084,23.346685,0.48117038,0.18289251,-0.13755934,-0.23866808,-0.047808033,1,-0.13077196,-0.25715459,-0.059020225,1,0,0,0.013746583,0.018374582,1.0162106,345.01368,204.02508,96,0,-1.0643022,nan,0.059824148,nan,nan,71491.244,-2272.8767,-1252.0614,-439.55561,361.80688,-89.662177,1133.7156,0,0,0,0,0,0
10.65,3713.545,244.01233,-202.42495,128.43253,9.7175107,319.99032,-0.34003165,-1.1818636,0.015366703,23.710737,0.49671446,0.18910222,-0.13564537,-0.24357864,-0.050371872,1,-0.12806052,-0.26235439,-0.059097625,1,0,0,0.013983426,0.018867342,1.0159732,344.93934,202.42495,96,0,-1.0628483,nan,0.059629685,nan,nan,71471.466,-2269.7581,-1290.2576,-458.25028,367.42782,-107.33643,1170.2651,0,0,0,0,0,0
10.655,3714.1871,244.06078,-200.82512,128.39209,9.6448273,319.92869,-0.22128867,-1.1791839,0.015953019,24.080427,0.51232024,0.19459111,-0.13353705,-0.24856521,-0.052239724,1,-0.12525581,-0.26762963,-0.058220628,1,0,0,0.014203672,0.019383311,1.015736,344.86507,200.82512,96,0,-1.0613683,nan,0.059448287,nan,nan,71451.716,-2266.6559,-1327.7818,-476.4805,373.09014,-124.95963,1204.9375,0,0,0,0,0,0
10.66,3714.829,244.10885,-199.22561,128.35992,9.5711138,319.86383,-0.10147834,-1.1764687,0.017397532,24.455795,0.52793374,0.19918471,-0.13126423,-0.25362774,-0.053350521,1,-0.12240802,-0.27298084,-0.056373181,1,0,0,0.014401515,0.019925779,1.0154991,344.79088,199.22561,96,0,-1.0598626,nan,0.059280729,nan,nan,71431.991,-2263.5737,-1364.6071,-493.80655,378.79201,-142.12891,1237.5937,0,0,0,0,0,0
10.665,3715.4708,244.15656,-197.62642,128.33636,9.4976099,319.79557,0.019417054,-1.1737608,0.019713822,24.83688,0.54349941,0.20270707,-0.12886178,-0.25876632,-0.053656241,1,-0.11957009,-0.27840868,-0.053559647,1,0,0,0.014570293,0.020497985,1.0152624,344.71675,197.62642,96,0,-1.0583313,nan,0.059127537,nan,nan,71412.29,-2260.5157,-1400.7336,-509.72115,384.53182,-158.37793,1268.1446,0,0,0,0,0,0
10.67,3716.1124,244.2039,-196.02759,128.32156,9.4256403,319.72381,0.14143048,-1.1711049,0.022899135,25.223353,0.55896189,0.20498394,-0.12636885,-0.26398096,-0.053123581,1,-0.11679623,-0.28390983,-0.049804793,1,0,0,0.01470249,0.021102944,1.0150258,344.64268,196.02759,96,0,-1.0567747,nan,0.058988947,nan,nan,71392.612,-2257.4867,-1436.1831,-523.65152,387.04009,-173.17962,1296.5507,0,0,0,0,0,0
10.675,3716.754,244.25089,-194.42912,128.31545,9.3565771,319.64851,0.26459849,-1.1685464,0.026934495,25.609571,0.57426591,0.20585166,-0.12382805,-0.26926307,-0.051735076,1,-0.11414091,-0.28942142,-0.045152235,1,0,0,0.014790019,0.021743086,1.0147895,344.56868,194.42912,96,0,-1.0551931,nan,0.058864879,nan,nan,71372.955,-2254.4916,-1470.9808,-534.97944,384.98541,-185.9638,1322.8094,0,0,0,0,0,0
10.68,3717.3956,244.29754,-192.83103,128.31777,9.2917981,319.56976,0.3889471,-1.1661302,0.031785334,25.993736,0.58935346,0.20516713,-0.12128463,-0.27459575,-0.0494894,1,-0.11165824,-0.29492352,-0.039662072,1,0,0,0.014824639,0.022419863,1.0145533,344.49473,192.83103,96,0,-1.0535868,nan,0.058754913,nan,nan,71353.317,-2251.5356,-1505.134,-543.19705,382.9331,-196.63514,1346.9376,0,0,0,0,0,0
10.685,3718.0372,244.34388,-191.23334,128.32804,9.2326471,319.48769,0.51451246,-1.1638999,0.037402484,26.375848,0.60412387,0.20280062,-0.11878609,-0.27996547,-0.046401411,1,-0.10940442,-0.30041649,-0.033410519,1,0,0,0.014797531,0.023133859,1.0143174,344.42084,191.23334,96,0,-1.0519562,nan,0.058658281,nan,nan,71333.698,-2248.6243,-1538.6365,-547.73113,380.88302,-204.97096,1368.978,0,0,0,0,0,0
10.69,3718.6789,244.38994,-189.63607,128.34556,9.1803815,319.40255,0.64134263,-1.1618969,0.043723403,26.755912,0.61851794,0.1986386,-0.11638105,-0.28536184,-0.042501853,1,-0.10742765,-0.30590076,-0.026487817,1,0,0,0.014699336,0.023884614,1.0140816,344.34699,189.63607,96,0,-1.0503014,nan,0.058573862,nan,nan,71314.095,-2245.7634,-1571.4569,-547.6216,378.83504,-209.36424,1388.9888,0,0,0,0,0,0
10.695,3719.3206,244.43575,-188.03924,128.36944,9.1361269,319.31466,0.76949577,-1.1601587,0.050674076,27.133929,0.63251049,0.1925782,-0.11411675,-0.29077695,-0.037836646,1,-0.10576802,-0.31137689,-0.018996155,1,0,0,0.014520581,0.024670446,1.0138459,344.2732,188.03924,96,0,-1.0486226,nan,0.058500192,nan,nan,71294.509,-2242.9587,-1603.5279,-542.14291,376.78901,-209.12569,1407.0335,0,0,0,0,0,0
10.7,3719.9625,244.48135,-186.44284,128.39863,9.1008391,319.22442,0.89903825,-1.158719,0.058171042,27.5099,0.64608969,0.18452493,-0.11203793,-0.29620479,-0.032465815,1,-0.10445899,-0.31684547,-0.011047203,1,0,0,0.014251981,0.025488348,1.0136104,344.19946,186.44284,96,0,-1.0469199,nan,0.058435491,nan,nan,71274.938,-2240.2159,-1634.7381,-530.58826,374.74485,-203.58555,1423.1719,0,0,0,0,0,0
10.705,3720.6046,244.5268,-184.8469,128.43195,9.075273,319.13228,1.0300427,-1.1576062,0.066123493,27.883828,0.65925602,0.17439069,-0.11018578,-0.30164086,-0.026462088,1,-0.10352706,-0.32230718,-0.0027595772,1,0,0,0.01388472,0.026333935,1.0133751,344.12576,184.8469,96,0,-1.0451933,nan,0.058377689,nan,nan,71255.382,-2237.5404,-1664.9277,-512.29048,372.70244,-192.11258,1437.4526,0,0,0,0,0,0
10.71,3721.2468,244.57214,-183.25143,128.46812,9.05996,319.03874,1.1625863,-1.1568435,0.074435376,28.255714,0.67202008,0.16209158,-0.1085972,-0.30708186,-0.019909248,1,-0.10299188,-0.32776271,0.0057435866,1,0,0,0.013410747,0.027201458,1.0131399,344.05212,183.25143,96,0,-1.0434426,nan,0.058324472,nan,nan,71235.841,-2234.937,-1693.8877,-486.64258,370.66172,-174.13253,1449.9084,0,0,0,0,0,0
10.715,3721.8892,244.61743,-181.65642,128.50582,9.0551973,318.94432,1.2967486,-1.1564485,0.083007407,28.62556,0.68439912,0.14754575,-0.10730429,-0.31252537,-0.01290034,1,-0.10286668,-0.33321279,0.014336866,1,0,0,0.012823061,0.028083873,1.0129049,343.97852,181.65642,96,0,-1.0416674,nan,0.058273324,nan,nan,71216.315,-2232.4099,-1721.3623,-453.11695,368.62263,-149.14488,1460.5531,0,0,0,0,0,0
10.72,3722.5319,244.66271,-180.06189,128.54374,9.0610482,318.84954,1.4326104,-1.1564332,0.091738907,28.993367,0.69641263,0.1306716,-0.10633406,-0.31796968,-0.0055358098,1,-0.10315907,-0.33865816,0.022894522,1,0,0,0.012115968,0.028972975,1.01267,343.90497,180.06189,96,0,-1.0398673,nan,0.058221586,nan,nan,71196.806,-2229.9621,-1747.0569,-411.28212,366.58512,-116.73714,1469.3824,0,0,0,0,0,0
10.725,3723.1746,244.70805,-178.46783,128.5806,9.0773543,318.75494,1.5702521,-1.1568043,0.10052938,29.359138,0.70807695,0.11138665,-0.10570849,-0.32341367,0.0020783356,1,-0.10387216,-0.34409954,0.031292127,1,0,0,0.011285299,0.02985959,1.0124353,343.83147,178.46783,96,0,-1.0380415,nan,0.058166501,nan,nan,71177.312,-2227.5961,-1770.6489,-360.81611,364.54918,-76.595717,1476.3527,0,0,0,0,0,0
10.73,3723.8176,244.75348,-176.87425,128.61522,9.1037592,318.66099,1.709753,-1.1575633,0.10927979,29.722873,0.71939922,0.089604594,-0.10544482,-0.32885659,0.0098322284,1,-0.10500585,-0.34953766,0.039407527,1,0,0,0.010328573,0.030733814,1.0122008,343.75802,176.87425,96,0,-1.0361892,nan,0.058105274,nan,nan,71157.835,-2225.3127,-1791.8025,-301.51554,362.51478,-28.51284,1481.3944,0,0,0,0,0,0
10.735,3724.4608,244.79907,-175.28113,128.64652,9.1397412,318.56814,1.85119,-1.1587075,0.11789339,30.084574,0.73037091,0.065240935,-0.10555607,-0.33429806,0.017613698,1,-0.10655826,-0.35497322,0.047122162,1,0,0,0.0092450926,0.031585292,1.0119664,343.68463,175.28113,96,0,-1.0343094,nan,0.058035111,nan,nan,71138.375,-2223.1121,-1810.1865,-233.2997,360.48191,27.611177,1484.5458,0,0,0,0,0,0
10.74,3725.104,244.84486,-173.68847,128.67358,9.184676,318.47679,1.9946381,-1.1602299,0.12627619,30.444244,0.74095449,0.038216088,-0.10605188,-0.33973791,0.025309716,1,-0.1085279,-0.36040689,0.054321694,1,0,0,0.0080359466,0.032403398,1.0117322,343.61129,173.68847,96,0,-1.032401,nan,0.057953266,nan,nan,71118.933,-2220.7225,-1829.0187,-157.01283,358.44977,90.958343,1485.7858,0,0,0,0,0,0
10.745,3725.7475,244.89088,-172.09627,128.69578,9.2380384,318.38722,2.14017,-1.1621204,0.13433658,30.801881,0.75103483,0.0084612591,-0.10694022,-0.34517618,0.032807634,1,-0.1109192,-0.36583931,0.060896541,1,0,0,0.006703767,0.033176926,1.0114982,343.53801,172.09627,96,0,-1.0304625,nan,0.057857034,nan,nan,71099.513,-2218.1661,-1847.9454,-72.735676,356.41865,161.49779,1485.0786,0,0,0,0,0,0
10.75,3726.391,244.93719,-170.50451,128.71245,9.2991922,318.2997,2.2878575,-1.1643657,0.14198469,31.157487,0.76050989,-0.024074129,-0.10822792,-0.35061303,0.039995941,1,-0.11373359,-0.37127115,0.066740117,1,0,0,0.0052528099,0.03389546,1.0112644,343.4648,170.50451,96,0,-1.0284926,nan,0.057743761,nan,nan,71080.116,-2215.6457,-1864.1181,19.897752,354.38917,239.66891,1482.439,0,0,0,0,0,0
10.755,3727.0346,244.98382,-168.91318,128.723,9.3674707,318.2145,2.4377716,-1.1669502,0.14913196,31.511065,0.76925809,-0.059420082,-0.10992065,-0.35604875,0.04676464,1,-0.11697348,-0.37670304,0.071748668,1,0,0,0.0036888413,0.034549225,1.0110309,343.39165,168.91318,96,0,-1.0264897,nan,0.057610868,nan,nan,71060.739,-2213.16,-1877.3229,120.55601,352.36124,325.22318,1477.924,0,0,0,0,0,0
10.76,3727.6782,245.03081,-167.32227,128.72688,9.4422287,318.13184,2.5899836,-1.1698563,0.15568989,31.862616,0.77712732,-0.097579102,-0.11202367,-0.36148369,0.053005436,1,-0.12064361,-0.38213567,0.075820328,1,0,0,0.00201892,0.035129127,1.0107974,343.31856,167.32227,96,0,-1.024452,nan,0.057455854,nan,nan,71041.382,-2210.707,-1887.3936,228.82915,350.33478,417.84799,1471.6344,0,0,0,0,0,0
10.765,3728.3218,245.07818,-165.73178,128.72364,9.5228583,318.05193,2.744567,-1.1730643,0.16156846,32.212141,0.78393653,-0.13851835,-0.1145424,-0.36691829,0.058611585,1,-0.12475069,-0.38756971,0.078853729,1,0,0,0.0002511661,0.035626865,1.0105642,343.24552,165.73178,96,0,-1.0223777,nan,0.057276293,nan,nan,71022.041,-2208.2847,-1894.218,344.24472,348.30964,517.18066,1463.72,0,0,0,0,0,0
10.77,3728.9654,245.12596,-164.14167,128.71281,9.608896,317.97495,2.901599,-1.1765524,0.16667403,32.55965,0.78948331,-0.18200754,-0.11748271,-0.37235306,0.063478891,1,-0.12930221,-0.39300598,0.080763015,1,0,0,-0.0016054589,0.036034533,1.0103311,343.17253,164.14167,96,0,-1.0202647,nan,0.057069815,nan,nan,71002.717,-2205.0594,-1903.8417,466.28187,346.31318,622.82042,1463.2009,0,0,0,0,0,0
10.775,3729.6089,245.17419,-162.55194,128.69388,9.7000645,317.90114,3.0611663,-1.1802967,0.17090388,32.905167,0.79359374,-0.22754404,-0.1208503,-0.37778861,0.067511583,1,-0.13430094,-0.39844548,0.081480706,1,0,0,-0.0035410745,0.036343052,1.0100983,343.09961,162.55194,96,0,-1.0181109,nan,0.05683404,nan,nan,70983.417,-2201.6855,-1911.4282,594.36487,344.32483,734.32137,1463.3582,0,0,0,0,0,0
10.78,3730.2524,245.22288,-160.96258,128.6662,9.7958356,317.83076,-3.0598202,-1.1842692,0.1741455,33.248698,0.79609863,-0.27492437,-0.12464949,-0.37514416,0.070613348,1,-0.13974593,-0.34722391,0.080893974,1,0,0,-0.0055446537,0.036543785,1.0098656,343.02674,160.96258,96,0,-1.015914,nan,0.056566616,nan,nan,70964.136,-2198.2952,-1915.8161,727.47212,342.34002,849.7313,1462.8222,0,0,0,0,0,0
10.785,3730.8956,245.27205,-159.37356,128.62901,9.8955801,317.76414,-2.8948857,-1.1884368,0.17627866,33.590245,0.79674874,-0.32391831,-0.12888393,-0.36959065,0.07268274,1,-0.1456386,-0.3526574,0.078881346,1,0,0,-0.0076043971,0.03662894,1.009633,342.95392,159.37356,96,0,-1.0136714,nan,0.056265257,nan,nan,70944.87,-2194.8909,-1916.8457,865.01487,340.35834,968.91439,1461.6464,0,0,0,0,0,0
10.79,3731.5387,245.32174,-157.78487,128.58146,9.9985704,317.7016,-2.7271042,-1.1927589,0.17717665,33.929811,0.79537449,-0.37424733,-0.13355465,-0.36652347,0.073613108,1,-0.15196389,-0.35809714,0.075316827,1,0,0,-0.0097078207,0.036591395,1.0094006,342.88113,157.78487,96,0,-1.0113804,nan,0.055927779,nan,nan,70925.613,-2191.1125,-1919.9377,1007.5875,338.37807,1093.2042,1459.9361,0,0,0,0,0,0
10.795,3732.1815,245.37194,-156.19648,128.52249,10.104261,317.64359,-2.5563602,-1.1971872,0.17670871,34.267397,0.79191459,-0.42559812,-0.13865616,-0.36538172,0.07329318,1,-0.15868675,-0.36354418,0.07007291,1,0,0,-0.011841076,0.03642365,1.0091683,342.80837,156.19648,96,0,-1.009038,nan,0.05555208,nan,nan,70906.365,-2186.9065,-1925.8149,1154.5441,336.3988,1222.1171,1457.793,0,0,0,0,0,0
10.8,3732.8239,245.42267,-154.60837,128.45103,10.211461,317.59058,-2.3825371,-1.2016643,0.17474399,34.603005,0.78624924,-0.47762842,-0.14417552,-0.36573165,0.071607912,1,-0.16576794,-0.36899962,0.063022141,1,0,0,-0.013989316,0.036120162,1.008936,342.73563,154.60837,96,0,-1.0066409,nan,0.055136214,nan,nan,70887.122,-2182.6996,-1927.9117,1303.638,334.4216,1353.5457,1455.4285,0,0,0,0,0,0
10.805,3733.466,245.47395,-153.02051,128.36608,10.318509,317.54298,-2.2055246,-1.2061217,0.17115869,34.936636,0.77824643,-0.52995103,-0.15009236,-0.36723784,0.068440837,1,-0.17315636,-0.37446452,0.054048579,1,0,0,-0.016137222,0.035676775,1.0087038,342.6629,153.02051,96,0,-1.0041855,nan,0.054678593,nan,nan,70867.879,-2178.5009,-1926.0917,1453.8764,332.446,1486.6533,1453.1296,0,0,0,0,0,0
10.81,3734.1077,245.52575,-151.43288,128.26683,10.423385,317.50118,-2.0252274,-1.2104799,0.16584572,35.268292,0.76780092,-0.58213158,-0.15637706,-0.36964101,0.063678836,1,-0.18078383,-0.37993977,0.043061102,1,0,0,-0.018269069,0.035090272,1.0084715,342.59017,151.43288,96,0,-1.0016679,nan,0.054178118,nan,nan,70848.633,-2173.6343,-1920.1596,1606.0901,330.47054,1621.6494,1451.2302,0,0,0,0,0,0
10.815,3734.7488,245.57807,-149.84545,128.15278,10.523867,317.4655,-1.8415768,-1.2146476,0.15872658,35.597973,0.7549365,-0.63369653,-0.16298753,-0.37274067,0.057219057,1,-0.18855499,-0.38542588,0.030008037,1,0,0,-0.020368131,0.034358358,1.0082395,342.51749,149.84545,96,0,-0.99908401,nan,0.053634297,nan,nan,70829.404,-2167.7188,-1909.9985,1760.2069,328.49577,1758.1677,1450.0581,0,0,0,0,0,0
10.82,3735.3893,245.63088,-148.25819,128.02372,10.61729,317.43612,-1.6545446,-1.2185233,0.14976546,35.92568,0.73963575,-0.68414997,-0.16986804,-0.37638174,0.048977708,1,-0.19636587,-0.3909231,0.014893715,1,0,0,-0.022417322,0.033479676,1.0080076,342.44487,148.25819,96,0,-0.99642935,nan,0.053047372,nan,nan,70810.199,-2161.8846,-1895.7237,1911.9559,326.52367,1893.3297,1449.873,0,0,0,0,0,0
10.825,3736.0291,245.68414,-146.67105,127.87984,10.700632,317.41305,-1.4641601,-1.2219969,0.13898692,36.251415,0.72187584,-0.73296733,-0.17695069,-0.38110609,0.035119324,1,-0.20410228,-0.4096681,-0.077845635,1,0,0,-0.024399517,0.032453769,1.0077759,342.37231,146.67105,96,0,-0.99369925,nan,0.052418502,nan,nan,70791.015,-2156.1563,-1889.4554,2060.052,324.55393,2025.984,1469.0485,0,0,0,0,0,0
10.83,3736.6682,245.73779,-145.08402,127.72047,10.770129,317.3966,-1.2705285,-1.2249506,0.12649508,36.575182,0.70179505,-0.7770564,-0.18415419,-0.38809701,0.0088958385,1,-0.21162369,-0.41343888,-0.082526202,1,0,0,-0.026296752,0.031272557,1.0075442,342.29975,145.08402,96,0,-0.99088879,nan,0.051749965,nan,nan,70771.829,-2150.5525,-1912.3665,2203.3173,322.58475,2155.006,1539.7746,0,0,0,0,0,0
10.835,3737.3065,245.79175,-143.49706,127.54714,10.821978,317.38629,-1.0738574,-1.2272564,0.11250081,36.896978,0.68003239,-0.81560327,-0.1913747,-0.39435664,-0.012369015,1,-0.21872914,-0.41718944,-0.086617959,1,0,0,-0.028086576,0.029921738,1.0073126,342.22719,143.49706,96,0,-0.98799281,nan,0.0510454,nan,nan,70752.64,-2145.0408,-1907.2476,2342.7057,320.61373,2280.5117,1577.8374,0,0,0,0,0,0
10.84,3737.9439,245.84593,-141.91015,127.36329,10.853251,317.38088,-0.874459,-1.2288012,0.097324145,37.216804,0.65707718,-0.84990804,-0.19849048,-0.40004581,-0.029683447,1,-0.22525874,-0.42091964,-0.090259018,1,0,0,-0.029741675,0.028398566,1.0070811,342.15467,141.91015,96,0,-0.98500629,nan,0.050309707,nan,nan,70733.47,-2139.7429,-1877.1362,2472.9963,318.6445,2398.6189,1587.7857,0,0,0,0,0,0
10.845,3738.5803,245.90022,-140.32325,127.17278,10.861721,317.37892,-0.67273615,-1.2294976,0.081378938,37.534661,0.63306269,-0.88108677,-0.20538146,-0.40528895,-0.043856184,1,-0.2311247,-0.42462936,-0.093567934,1,0,0,-0.031233756,0.026711751,1.0068498,342.08226,140.32325,96,0,-0.98192453,nan,0.049548892,nan,nan,70714.338,-2134.7023,-1824.9429,2591.9858,316.67812,2507.3448,1573.8825,0,0,0,0,0,0
10.85,3739.2158,245.95451,-138.73635,126.9798,10.845996,317.37883,-0.46915905,-1.229289,0.065149179,37.850554,0.60785493,-0.91003892,-0.21194409,-0.41018232,-0.055536648,1,-0.23630459,-0.4283185,-0.096640246,1,0,0,-0.03253692,0.024880444,1.006619,342.00998,138.73635,96,0,-0.9787432,nan,0.048769875,nan,nan,70695.263,-2129.9582,-1753.832,2697.6781,314.71559,2604.9013,1540.1114,0,0,0,0,0,0
10.855,3739.8503,246.00867,-137.14946,126.78866,10.805551,317.37895,-0.26423527,-1.2281535,0.049157886,38.164486,0.58110258,-0.93741184,-0.21810184,-0.41480037,-0.065245271,1,-0.24083686,-0.43198699,-0.099544721,1,0,0,-0.033630745,0.022932407,1.0063888,341.93789,137.14946,96,0,-0.9754584,nan,0.047980255,nan,nan,70676.263,-2125.5416,-1667.2241,2788.517,312.75783,2689.9006,1490.341,0,0,0,0,0,0
10.86,3740.4839,246.06258,-135.56256,126.6037,10.740735,317.37756,-0.058475448,-1.2261055,0.033931939,38.476463,0.55230457,-0.96357118,-0.22381175,-0.41920071,-0.073396151,1,-0.24481273,-0.43563476,-0.1023202,1,0,0,-0.034502675,0.020901459,1.0061592,341.86602,135.56256,96,0,-0.97206672,nan,0.047188054,nan,nan,70657.352,-2121.471,-1568.7069,2863.5627,310.80573,2761.5082,1428.2992,0,0,0,0,0,0
10.865,3741.1165,246.11611,-133.97568,126.42911,10.652759,317.37299,0.14764082,-1.2231947,0.019966983,38.78649,0.52089294,-0.98858582,-0.22906727,-0.423075,-0.080314085,1,-0.24836465,-0.43632695,-0.104974,1,0,0,-0.035149522,0.01882438,1.0059303,341.7944,133.97568,96,0,-0.96856526,nan,0.046401439,nan,nan,70638.544,-2117.5461,-1461.8523,2923.0172,308.85972,2819.8416,1357.4868,0,0,0,0,0,0
10.87,3741.7483,246.16917,-132.38884,126.26886,10.543332,317.36363,0.35369436,-1.2195036,0.0076971667,39.094573,0.48634755,-1.0117507,-0.23389709,-0.42607283,-0.095581055,1,-0.25165003,-0.43632686,-0.17514587,1,0,0,-0.03557773,0.016736475,1.0057024,341.72308,132.38884,96,0,-0.96495166,nan,0.04562847,nan,nan,70619.855,-2113.8047,-1380.702,2967.3001,306.92078,2865.2904,1326.6525,0,0,0,0,0,0
10.875,3742.3794,246.22163,-130.80205,126.12732,10.413496,317.34771,0.55932886,-1.2151462,-0.0025069457,39.400721,0.44852982,-1.0296477,-0.23835867,-0.42839247,-0.11528611,1,-0.2548171,-0.43632677,-0.1868609,1,0,0,-0.035801158,0.014656479,1.0054752,341.65203,130.80205,96,0,-0.96122412,nan,0.044877247,nan,nan,70601.279,-2110.5543,-1314.079,2996.8245,304.98922,2898.3278,1317.9597,0,0,0,0,0,0
10.88,3743.0098,246.27341,-129.21535,126.00815,10.267132,317.32365,0.76426759,-1.2102666,-0.010356034,39.70494,0.40782808,-1.0416167,-0.24252653,-0.43018735,-0.13267609,1,-0.25799488,-0.43632667,-0.19492366,1,0,0,-0.035835518,0.012593543,1.005249,341.58127,129.21535,96,0,-0.95738145,nan,0.044155389,nan,nan,70582.82,-2107.7579,-1238.9769,3012.8811,303.06544,2920.1102,1296.847,0,0,0,0,0,0
10.885,3743.6396,246.32443,-127.6288,125.91388,10.109288,317.29031,0.96835266,-1.2050285,-0.01568445,40.007238,0.3647538,-1.0477317,-0.24648929,-0.43157617,-0.14741784,1,-0.26132571,-0.43632658,-0.19913758,1,0,0,-0.035695666,0.010554567,1.0050236,341.51083,127.6288,96,0,-0.95342293,nan,0.043469247,nan,nan,70564.487,-2105.3803,-1155.9181,3016.7479,301.14992,2931.8098,1263.303,0,0,0,0,0,0
10.89,3744.269,246.37465,-126.04243,125.84594,9.9453953,317.24697,1.1715429,-1.1996045,-0.01844907,40.307625,0.31988886,-1.0480884,-0.25034885,-0.43265079,-0.15923163,1,-0.26495837,-0.43632648,-0.19946437,1,0,0,-0.035394654,0.0085443045,1.0047992,341.4407,126.04243,96,0,-0.94934821,nan,0.042823603,nan,nan,70546.283,-2103.3908,-1065.5757,3009.6253,299.24297,2934.5623,1217.6365,0,0,0,0,0,0
10.895,3744.8982,246.42405,-124.4563,125.80459,9.7810204,317.19335,1.3738996,-1.1941667,-0.018715404,40.606108,0.27387077,-1.0429203,-0.25421738,-0.43348229,-0.16791411,1,-0.26903836,-0.43632638,-0.19601932,1,0,0,-0.03494302,0.0065662819,1.0045757,341.3709,124.4563,96,0,-0.94515708,nan,0.042221463,nan,nan,70528.211,-2101.7641,-967.6642,2992.5804,297.34476,2929.4162,1159.0555,0,0,0,0,0,0
10.9,3745.5272,246.47263,-122.87045,125.78894,9.621538,317.12968,1.5755671,-1.1888784,-0.016638614,40.902696,0.22736997,-1.0326147,-0.25821317,-0.43412566,-0.173353,1,-0.27369998,-0.43632628,-0.18904969,1,0,0,-0.034348382,0.0046241216,1.0043533,341.30143,122.87045,96,0,-0.94084934,nan,0.041663953,nan,nan,70510.273,-2100.0082,-862.14909,2967.4726,295.45463,2918.0065,1087.1886,0,0,0,0,0,0
10.905,3746.1561,246.52044,-121.28495,125.79711,9.471839,317.05656,1.7767517,-1.1838871,-0.012441694,41.197397,0.18105516,-1.0176969,-0.26245587,-0.43462347,-0.17553243,1,-0.27906155,-0.43632618,-0.17890632,1,0,0,-0.033615435,0.0027228587,1.0041319,341.23231,121.28495,96,0,-0.93642455,nan,0.041150323,nan,nan,70492.476,-2098.4376,-749.40214,2932.2549,293.57355,2897.7566,1002.1834,0,0,0,0,0,0
10.91,3746.7852,246.56752,-119.69982,125.82627,9.3365512,316.975,1.9777025,-1.1793199,-0.0063960965,41.490221,0.13495718,-0.99877029,-0.26706895,-0.43500864,-0.17453029,1,-0.28528347,-0.43632607,-0.16601312,1,0,0,-0.032748615,0.00086991418,1.0039116,341.16355,119.69982,96,0,-0.93188186,nan,0.040677966,nan,nan,70474.824,-2097.0757,-630.2109,2877.0388,291.70185,2854.9703,904.75022,0,0,0,0,0,0
10.915,3747.4144,246.61396,-118.11512,125.87282,9.2193679,316.88633,2.1786996,-1.1752798,0.0011907796,41.781177,0.089081978,-0.97636474,-0.27218366,-0.43530665,-0.17050897,1,-0.29249494,-0.43632597,-0.15083445,1,0,0,-0.031754439,-0.00092513595,1.0036923,341.09516,118.11512,96,0,-0.92721983,nan,0.040242475,nan,nan,70457.318,-2095.9122,-505.74911,2813.6307,289.83967,2805.5951,796.1085,0,0,0,0,0,0
10.92,3748.0439,246.65985,-116.53088,125.93279,9.1226846,316.79206,2.3800321,-1.1718436,0.0099985819,42.070275,0.043804911,-0.95098435,-0.27791887,-0.43553723,-0.1637017,1,-0.30075341,-0.43632586,-0.1338499,1,0,0,-0.030639279,-0.0026510259,1.0034742,341.02713,116.53088,96,0,-0.92243626,nan,0.039838036,nan,nan,70439.954,-2094.9366,-377.50142,2742.4524,287.98674,2749.9655,677.89929,0,0,0,0,0,0
10.925,3748.6737,246.70531,-114.94711,126.00208,9.0479197,316.69377,2.5819846,-1.1690632,0.019709471,42.357524,-0.00056719381,-0.92311156,-0.28437602,-0.43571561,-0.1543971,1,-0.31009103,-0.43632575,-0.11553462,1,0,0,-0.029410126,-0.0042949283,1.003257,340.95943,114.94711,96,0,-0.91752811,nan,0.039457745,nan,nan,70422.725,-2094.1373,-247.20399,2663.9645,286.14272,2688.4479,552.10613,0,0,0,0,0,0
10.93,3749.3038,246.75044,-113.36385,126.07665,8.9955832,316.59304,2.7848291,-1.1669672,0.030017465,42.642932,-0.04378972,-0.89317945,-0.2916374,-0.43585362,-0.14292347,1,-0.32051536,-0.43632564,-0.096344022,1,0,0,-0.028075322,-0.0058428153,1.0030408,340.89206,113.36385,96,0,-0.91249136,nan,0.039093911,nan,nan,70405.626,-2093.5007,-116.76742,2578.7144,284.30721,2621.4789,420.96078,0,0,0,0,0,0
10.935,3749.9343,246.79534,-111.78108,126.15269,8.9653888,316.49138,2.9888191,-1.1655629,0.040634529,42.926507,-0.085666703,-0.86155076,-0.29976507,-0.43596039,-0.12963372,1,-0.33201026,-0.43632553,-0.076703077,1,0,0,-0.026645166,-0.0072800931,1.0028255,340.82499,111.78108,96,0,-0.90732102,nan,0.038738346,nan,nan,70388.648,-2093.0105,11.815709,2487.3748,282.47979,2549.5962,286.83785,0,0,0,0,0,0
10.94,3750.5653,246.84015,-110.19883,126.22677,8.9563821,316.39018,-3.088997,-1.1648394,0.051293975,43.208258,-0.12601693,-0.82851757,-0.30880007,-0.43604297,-0.11489205,1,-0.34453551,-0.43632541,-0.057001065,1,0,0,-0.02513222,-0.0085924098,1.0026111,340.75822,110.19883,96,0,-0.90201108,nan,0.038382632,nan,nan,70371.783,-2092.6314,137.70196,2392.5629,280.65822,2474.6011,150.6476,0,0,0,0,0,0
10.945,3751.1965,246.88494,-108.61708,126.29593,8.9670361,316.29064,-2.882037,-1.1647707,0.061752389,43.48819,-0.16462783,-0.79440464,-0.31876136,-0.43610685,-0.099064469,1,-0.35802598,-0.43632529,-0.037599792,1,0,0,-0.023551121,-0.0097660452,1.0023975,340.6917,108.61708,96,0,-0.89655453,nan,0.038018368,nan,nan,70355.023,-2092.3515,259.20341,2294.3443,278.84286,2396.6915,14.503308,0,0,0,0,0,0
10.95,3751.8281,246.92983,-107.03582,126.35758,8.9955396,316.19382,-2.6732958,-1.1653178,0.071789751,43.766308,-0.20135229,-0.75937661,-0.32964722,-0.43615625,-0.082509429,1,-0.37240485,-0.43632517,-0.018811712,1,0,0,-0.021919072,-0.010789029,1.0021846,340.62544,107.03582,96,0,-0.89094333,nan,0.037637349,nan,nan,70338.359,-2092.1527,373.34148,2193.0043,277.03413,2316.2329,-117.73941,0,0,0,0,0,0
10.955,3752.46,246.97489,-105.45504,126.40951,9.0398386,316.10065,-2.4626018,-1.1664312,0.081207131,44.042621,-0.23602225,-0.72349022,-0.34143651,-0.43619444,-0.065568795,1,-0.38757749,-0.43632505,-0.00090696563,1,0,0,-0.020255414,-0.011652432,1.0019724,340.5594,105.45504,96,0,-0.88516842,nan,0.037231693,nan,nan,70321.784,-2092.0064,478.60222,2089.7599,275.23169,2234.2064,-243.99768,0,0,0,0,0,0
10.96,3753.0922,247.0202,-103.87472,126.44989,9.0976819,316.01191,-2.2498005,-1.1680523,0.089825293,44.317134,-0.2684206,-0.68674631,-0.35408897,-0.43622397,-0.048563108,1,-0.40343156,-0.43632493,0.015880157,1,0,0,-0.018580811,-0.01235116,1.0017608,340.49357,103.87472,96,0,-0.87921971,nan,0.036793963,nan,nan,70305.292,-2091.8823,573.80173,1985.9091,273.43532,2151.6589,-362.48918,0,0,0,0,0,0
10.965,3753.7245,247.06582,-102.29483,126.47722,9.1666673,315.92826,-2.034754,-1.1701141,0.097483996,44.589852,-0.29826667,-0.64911876,-0.36754567,-0.43624679,-0.031788795,1,-0.41983818,-0.4363248,0.03134777,1,0,0,-0.016916186,-0.012884462,1.0015499,340.42794,102.29483,96,0,-0.87308607,nan,0.036317279,nan,nan,70288.878,-2091.2917,658.08869,1883.9882,271.64393,2070.3794,-471.77002,0,0,0,0,0,0
10.97,3754.3569,247.11181,-100.71534,126.49041,9.244383,315.85026,-1.817341,-1.1725427,0.10404209,44.860781,-0.32514073,-0.61059297,-0.3817132,-0.43626442,-0.015516803,1,-0.43633202,-0.43632467,0.045322468,1,0,0,-0.015281032,-0.01325601,1.0013396,340.36255,100.71534,96,0,-0.86675531,nan,0.035795404,nan,nan,70272.558,-2089.7283,730.95521,1786.4965,269.8576,1992.1157,-570.73602,0,0,0,0,0,0
10.975,3754.9893,247.15819,-99.136238,126.48855,9.328221,315.77834,-1.5974577,-1.1752567,0.10937884,45.129927,-0.34861867,-0.57120709,-0.39406901,-0.43627803,7.5101794e-06,1,-0.43633202,-0.43632454,0.057656098,1,0,0,-0.013692614,-0.013473467,1.0011301,340.29741,99.136238,96,0,-0.86021416,nan,0.035222835,nan,nan,70256.335,-2088.1445,792.27522,1691.9007,268.07872,1916.1764,-658.58307,0,0,0,0,0,0
10.98,3755.6218,247.20501,-97.55748,126.47109,9.4153675,315.7128,-1.3750227,-1.1781688,0.11339857,45.397296,-0.36828198,-0.53106881,-0.40362971,-0.43628854,0.014564724,1,-0.43633202,-0.43632441,0.068229027,1,0,0,-0.012165256,-0.013547794,1.0009213,340.23251,97.55748,96,0,-0.85344821,nan,0.034594966,nan,nan,70240.207,-2086.5319,842.12758,1601.0613,266.30722,1843.2609,-734.97738,0,0,0,0,0,0
10.985,3756.2541,247.25226,-95.979036,126.43787,9.5028748,315.6538,-1.1499822,-1.1811855,0.11603659,45.662897,-0.38370766,-0.4903702,-0.4110276,-0.43629663,0.027962541,1,-0.43633202,-0.43632427,0.076955008,1,0,0,-0.010709488,-0.01349227,1.0007132,340.16784,95.979036,96,0,-0.84644195,nan,0.03390824,nan,nan,70224.171,-2084.8844,880.7788,1514.6086,264.54303,1773.8811,-799.42388,0,0,0,0,0,0
10.99,3756.8862,247.29995,-94.400875,126.38915,9.5877043,315.6013,-0.92231748,-1.1842099,0.11726638,45.926737,-0.39449745,-0.44939119,-0.41675194,-0.43630286,0.040038278,1,-0.43633202,-0.43632413,0.083788683,1,0,0,-0.0093316514,-0.013321329,1.0005057,340.1034,94.400875,96,0,-0.83917868,nan,0.033160289,nan,nan,70208.225,-2083.1985,908.6191,1432.9195,262.78608,1708.3424,-851.81246,0,0,0,0,0,0
10.995,3757.518,247.34805,-92.822963,126.32576,9.6668184,315.55506,-0.69205202,-1.1871434,0.11710731,46.188822,-0.40030244,-0.40850855,-0.42118133,-0.43630766,0.05066244,1,-0.43633202,-0.43632399,0.088733085,1,0,0,-0.0080338726,-0.013049255,1.000299,340.03918,92.822963,96,0,-0.8316406,nan,0.032350059,nan,nan,70192.368,-2081.2734,927.36136,1356.9125,261.03507,1647.5694,-892.17387,0,0,0,0,0,0
11,3758.1495,247.39652,-91.245271,126.24907,9.7373686,315.51464,-0.45925842,-1.1898894,0.11563146,46.449159,-0.40081334,-0.36819486,-0.4246087,-0.43631133,0.059743204,1,-0.43633202,-0.43632385,0.091846815,1,0,0,-0.0068142541,-0.012688701,1.0000929,339.97519,91.245271,96,0,-0.82380881,nan,0.031477867,nan,nan,70176.604,-2079.1624,937.04514,1286.2751,259.29049,1591.264,-920.63376,0,0,0,0,0,0
11.005,3758.7805,247.44533,-89.66777,126.16098,9.7966473,315.47934,-0.22406318,-1.1923582,0.11296833,46.707754,-0.39589433,-0.32900477,-0.42726074,-0.43631414,0.067231417,1,-0.43633202,-0.4363237,0.093250943,1,0,0,-0.0056679394,-0.012249983,0.99988755,339.91144,89.66777,96,0,-0.81566333,nan,0.03054545,nan,nan,70160.933,-2077.0421,936.95518,1220.0196,257.55335,1538.4674,-937.4098,0,0,0,0,0,0
11.01,3759.4111,247.49442,-88.090437,126.06402,9.8423281,315.44824,0.013352019,-1.1944717,0.10930597,46.964615,-0.38556856,-0.29154126,-0.42931283,-0.43631628,0.073125746,1,-0.43633202,-0.43632355,0.093132887,1,0,0,-0.0045883943,-0.01174009,0.99968287,339.84791,88.090437,96,0,-0.80718315,nan,0.029555956,nan,nan,70145.354,-2074.9141,927.46985,1157.7547,255.8235,1488.8628,-942.79718,0,0,0,0,0,0
11.015,3760.0413,247.54369,-86.513253,125.96121,9.8726807,315.42018,0.25275475,-1.1961692,0.104886,47.219748,-0.37001891,-0.25642502,-0.43090071,-0.43631791,0.077476494,1,-0.43633202,-0.4363234,0.091742798,1,0,0,-0.0035688182,-0.011162257,0.99947886,339.78461,86.513253,96,0,-0.7983463,nan,0.02851382,nan,nan,70129.865,-2072.78,908.92839,1099.0742,254.10078,1442.1221,-937.1741,0,0,0,0,0,0
11.02,3760.6709,247.59309,-84.936205,125.85597,9.886749,315.39381,0.49387249,-1.1974125,0.09999215,47.473162,-0.34959105,-0.22426211,-0.43212937,-0.43631913,0.080386678,1,-0.43633202,-0.43632325,0.089382422,1,0,0,-0.0026036515,-0.010516048,0.99927552,339.72154,84.936205,96,0,-0.78912985,nan,0.027424515,nan,nan,70114.466,-2070.6414,881.6448,1043.6456,252.38508,1397.9784,-921.01823,0,0,0,0,0,0
11.025,3761.2999,247.64253,-83.359288,125.75191,9.8844888,315.36769,0.7364091,-1.1981895,0.094932776,47.724863,-0.32478538,-0.19561207,-0.43308009,-0.43632004,0.082009303,1,-0.43633202,-0.43632309,0.086386622,1,0,0,-0.0016900009,-0.009797929,0.99907284,339.65869,83.359288,96,0,-0.77950994,nan,0.026294209,nan,nan,70099.156,-2068.4988,845.93491,991.29411,250.67631,1356.2941,-894.92524,0,0,0,0,0,0
11.03,3761.9285,247.69192,-81.782504,125.65261,9.8668389,315.34037,0.98006561,-1.1985162,0.090018856,47.974858,-0.29623843,-0.17095868,-0.43381574,-0.4363207,0.082540244,1,-0.43633202,-0.43632293,0.083099313,1,0,0,-0.00082882642,-0.0090022718,0.99887082,339.59606,81.782504,96,0,-0.76946167,nan,0.02512931,nan,nan,70083.934,-2066.3518,802.15195,942.07275,248.9744,1317.1168,-859.62378,0,0,0,0,0,0
11.035,3762.5566,247.7412,-80.20586,125.56135,9.8357098,315.31048,1.2245628,-1.198436,0.085540116,48.223154,-0.26469493,-0.1506857,-0.43438497,-0.43632118,0.082206875,1,-0.43633202,-0.43632276,0.07984689,1,0,0,-2.5748518e-05,-0.0081227147,0.99866944,339.53364,80.20586,96,0,-0.75895899,nan,0.023935955,nan,nan,70068.799,-2064.1984,750.72555,896.30896,247.27934,1280.7182,-815.98297,0,0,0,0,0,0
11.04,3763.1842,247.7903,-78.629374,125.48082,9.7938831,315.27687,1.4696627,-1.1980172,0.081742402,48.469765,-0.23097379,-0.1350781,-0.43482543,-0.43632152,0.081253167,1,-0.43633202,-0.43632259,0.076910793,1,0,0,0.00070862921,-0.0071536925,0.99846872,339.47144,78.629374,96,0,-0.74797445,nan,0.022719474,nan,nan,70053.75,-2061.6257,692.89668,854.62318,245.60922,1247.6083,-765.87255,0,0,0,0,0,0
11.045,3763.8115,247.83917,-77.053064,125.41297,9.7448152,315.23866,1.7151858,-1.1973473,0.07880924,48.714708,-0.19593455,-0.12429384,-0.43516625,-0.43632174,0.079922709,1,-0.43633202,-0.43632242,0.074508752,1,0,0,0.0013589108,-0.0060920319,0.99826866,339.40947,77.053064,96,0,-0.73647884,nan,0.021483871,nan,nan,70038.792,-2059.0716,628.39126,817.91713,243.94524,1218.5256,-709.23436,0,0,0,0,0,0
11.05,3764.4384,247.88779,-75.476955,125.35886,9.6923943,315.19531,1.9610222,-1.1965267,0.076849814,48.957989,-0.16043002,-0.11832007,-0.43542997,-0.43632187,0.078443394,1,-0.43633202,-0.43632225,0.072786358,1,0,0,0.001905693,-0.0049387965,0.99806926,339.34772,75.476955,96,0,-0.72444079,nan,0.02023138,nan,nan,70023.92,-2056.5565,558.04131,787.32747,242.28621,1194.3998,-647.27402,0,0,0,0,0,0
11.055,3765.0651,247.93615,-73.901073,125.31855,9.6406711,315.14666,2.2071366,-1.1956613,0.075893726,49.199613,-0.12526332,-0.11701995,-0.43563403,-0.43632193,0.077013028,1,-0.43633202,-0.43632207,0.071807199,1,0,0,0.002326946,-0.0037006257,0.99787045,339.28616,73.901073,96,0,-0.7118262,nan,0.018962117,nan,nan,70009.128,-2054.0864,482.93422,764.14381,240.63152,1176.2846,-581.3612,0,0,0,0,0,0
11.06,3765.6917,247.98425,-72.325446,125.29112,9.5935657,315.09294,2.4535667,-1.1948546,0.075892419,49.439584,-0.091155184,-0.12015046,-0.43579193,-0.43632194,0.075787639,1,-0.43633202,-0.43632189,0.071554136,1,0,0,0.0025998352,-0.002390625,0.99767221,339.2248,72.325446,96,0,-0.69859765,nan,0.017673858,nan,nan,69994.41,-2051.6674,404.39517,749.70131,238.98046,1165.2704,-512.97701,0,0,0,0,0,0
11.065,3766.3181,248.03214,-70.750096,125.27474,9.5545935,315.03476,2.7004158,-1.1942008,0.076726229,49.677905,-0.058720293,-0.12738597,-0.43591411,-0.4363219,0.074873594,1,-0.43633202,-0.43632171,0.07193651,1,0,0,0.0027028121,-0.0010286854,0.99747448,339.1636,70.750096,96,0,-0.68471364,nan,0.016361961,nan,nan,69979.758,-2049.3054,323.97704,745.25764,237.33226,1162.3839,-443.68691,0,0,0,0,0,0
11.07,3766.9444,248.07985,-69.175044,125.26682,9.5266307,314.97304,2.9478431,-1.1937781,0.078215554,49.914579,-0.028454347,-0.13834527,-0.43600865,-0.43632183,0.074323726,1,-0.43633202,-0.43632152,0.07280141,1,0,0,0.0026177806,0.00035883595,0.99727721,339.10256,69.175044,96,0,-0.67012786,nan,0.015019447,nan,nan,69965.165,-2047.0052,243.42514,751.86578,235.68618,1168.4852,-375.10061,0,0,0,0,0,0
11.075,3767.5708,248.12745,-67.600306,125.26417,9.5117334,314.90896,-3.0871348,-1.1936444,0.080134606,50.149607,-0.00073263451,-0.15261892,-0.4360818,-0.43632173,0.074137255,1,-0.43633202,-0.43632133,0.073947371,1,0,0,0.0023321253,0.0017400791,0.99708033,339.04164,67.600306,96,0,-0.65478831,nan,0.013637207,nan,nan,69950.621,-2044.7698,164.61555,770.25518,234.04147,1184.1709,-308.81729,0,0,0,0,0,0
11.08,3768.1971,248.175,-66.025892,125.26324,9.5110152,314.84388,-2.8379172,-1.1938334,0.082226563,50.382991,0.024180612,-0.16979332,-0.4361384,-0.43632161,0.074263018,1,-0.43633202,-0.43632113,0.075139371,1,0,0,0.0018403961,0.0030792219,0.99688377,338.98084,66.025892,96,0,-0.63863637,nan,0.012204346,nan,nan,69936.118,-2042.6003,89.469435,800.73342,232.39748,1209.6941,-246.35722,0,0,0,0,0,0
11.085,3768.8234,248.22258,-64.451802,125.26034,9.524583,314.77925,-2.5874447,-1.1943527,0.084219361,50.614731,0.046113986,-0.18946862,-0.4361822,-0.43632147,0.074605485,1,-0.43633202,-0.43632093,0.076124648,1,0,0,0.0011454738,0.0043384685,0.99668748,338.92012,64.451802,96,0,-0.62160585,nan,0.010708628,nan,nan,69921.646,-2040.4952,19.850136,843.11848,230.75365,1244.91,-189.08503,0,0,0,0,0,0
11.09,3769.4497,248.27025,-62.878032,125.25185,9.5515259,314.7165,-2.3354735,-1.195183,0.08584178,50.844827,0.064964872,-0.21126802,-0.43621609,-0.43632132,0.075033108,1,-0.43633202,-0.43632072,0.076649409,1,0,0,0.00025909016,0.0054803039,0.99649139,338.85946,62.878032,96,0,-0.60362188,nan,0.0091370044,nan,nan,69907.197,-2038.4505,-42.546319,896.70912,229.10954,1289.2511,-138.13282,0,0,0,0,0,0
11.095,3770.0759,248.31808,-61.30457,125.23445,9.5899574,314.657,-2.0817755,-1.1962788,0.086839794,51.073284,0.080673702,-0.23482559,-0.43624232,-0.43632116,0.075388831,1,-0.43633202,-0.43632051,0.076478081,1,0,0,-0.00079835202,0.0064697613,0.99629546,338.79885,61.30457,96,0,-0.58459977,nan,0.0074762058,nan,nan,69892.764,-2035.9891,-97.035847,960.2962,227.48624,1341.7372,-93.437714,0,0,0,0,0,0
11.1,3770.702,248.36612,-59.731397,125.2053,9.6370986,314.60197,-1.8261532,-1.1975701,0.086993045,51.300125,0.093207383,-0.25974705,-0.43626261,-0.43632098,0.075503322,1,-0.43633202,-0.4363203,0.075416057,1,0,0,-0.0019985954,0.0072763291,0.9960997,338.7383,59.731397,96,0,-0.56444369,nan,0.0057133711,nan,nan,69878.351,-2033.335,-142.39446,1032.2112,225.87397,1401.0142,-55.675611,0,0,0,0,0,0
11.105,3771.328,248.41441,-58.158489,125.16228,9.6893656,314.55234,-1.5684558,-1.1989661,0.086131847,51.525356,0.1025431,-0.28566955,-0.43627831,-0.4363208,0.075208749,1,-0.43633202,-0.43632008,0.073322621,1,0,0,-0.0033068888,0.0078758661,0.99590409,338.6778,58.158489,96,0,-0.54304527,nan,0.0038367106,nan,nan,69863.953,-2030.6503,-177.62438,1110.4078,224.26516,1465.4208,-25.382326,0,0,0,0,0,0
11.11,3771.9537,248.46296,-56.585817,125.10417,9.7425703,314.5087,-1.3085951,-1.2003599,0.084153905,51.748978,0.10865074,-0.31222662,-0.43629046,-0.4363206,0.074353866,1,-0.43633202,-0.43631985,0.070134277,1,0,0,-0.0046838505,0.0082519861,0.99570859,338.61733,56.585817,96,0,-0.52028196,nan,0.0018361568,nan,nan,69849.566,-2027.9463,-202.29057,1192.5712,222.65904,1533.0774,-2.5917798,0,0,0,0,0,0
11.115,3772.5791,248.51178,-55.013351,125.03083,9.7921713,314.47126,-1.046559,-1.2016354,0.081038822,51.970995,0.11148813,-0.33902984,-0.43629986,-0.4363204,0.072820558,1,-0.43633202,-0.43631962,0.065884337,1,0,0,-0.0060876385,0.0083968026,0.99551319,338.55689,55.013351,96,0,-0.49601526,nan,-0.00029605941,nan,nan,69835.188,-2025.2347,-216.30696,1276.2457,221.05483,1601.99,12.873218,0,0,0,0,0,0
11.12,3773.204,248.56083,-53.44106,124.94328,9.8335829,314.43972,-0.78242162,-1.2026757,0.076858381,52.191409,0.11100559,-0.36565651,-0.43630714,-0.43632019,0.070540382,1,-0.43633202,-0.43631938,0.060717283,1,0,0,-0.0074762064,0.008311039,0.99531785,338.49647,53.44106,96,0,-0.47008856,nan,-0.0025649603,nan,nan,69820.815,-2022.528,-219.89276,1358.9672,219.45185,1670.1571,21.329106,0,0,0,0,0,0
11.125,3773.8286,248.61006,-51.868916,124.84372,9.8625302,314.41334,-0.51634695,-1.2033719,0.07177999,52.41022,0.10715868,-0.39164336,-0.43631277,-0.43631997,0.067509465,1,-0.43633202,-0.43631914,0.05489448,1,0,0,-0.0088094349,0.00800353,0.99512259,338.43607,51.868916,96,0,-0.44232468,nan,-0.0049725667,nan,nan,69806.448,-2019.818,-213.58701,1438.4823,217.84932,1735.7702,23.139461,0,0,0,0,0,0
11.13,3774.4526,248.6594,-50.296896,124.73541,9.8754038,314.39095,-0.24858328,-1.2036337,0.066060848,52.627427,0.099963892,-0.41649138,-0.43631712,-0.43631975,0.063799659,1,-0.43633202,-0.43631889,0.048787491,1,0,0,-0.0100508,0.00749014,0.99492742,338.3757,50.296896,96,0,-0.41252285,nan,-0.0075178953,nan,nan,69792.09,-2016.8573,-199.02149,1513.8868,216.24476,1798.3872,18.61281,0,0,0,0,0,0
11.135,3775.076,248.70878,-48.724981,124.62253,9.8696112,314.37097,0.020552005,-1.2033976,0.060031514,52.84303,0.089481693,-0.43968902,-0.43632049,-0.43631952,0.059563467,1,-0.43633202,-0.43631864,0.042855828,1,0,0,-0.011168647,0.0067926117,0.99473238,338.31537,48.724981,96,0,-0.380455,nan,-0.010197242,nan,nan,69777.747,-2013.9684,-175.37905,1581.8688,214.6406,1854.9679,7.9264594,0,0,0,0,0,0
11.14,3775.6989,248.75808,-47.153165,124.50992,9.8439133,314.35153,0.29069703,-1.2026341,0.054069959,53.057029,0.075786082,-0.46072344,-0.4363231,-0.43631929,0.055031246,1,-0.43633202,-0.43631838,0.037614076,1,0,0,-0.012137479,0.0059371909,0.99453749,338.25509,47.153165,96,0,-0.34586117,nan,-0.013004816,nan,nan,69763.421,-2011.165,-143.25582,1640.9164,213.03669,1904.275,-8.9223638,0,0,0,0,0,0
11.145,3776.3212,248.80722,-45.581448,124.40262,9.7985889,314.33063,0.56147732,-1.2013524,0.048567879,53.269424,0.059026458,-0.47910247,-0.43632512,-0.43631904,0.050500111,1,-0.43633202,-0.43631811,0.033588387,1,0,0,-0.012938374,0.0049529002,0.99434277,338.19487,45.581448,96,0,-0.30844372,nan,-0.015933698,nan,nan,69749.115,-2008.4568,-103.23225,1689.9113,211.433,1945.3921,-32.142254,0,0,0,0,0,0
11.15,3776.9431,248.85609,-44.009842,124.30542,9.7354546,314.30632,0.83254042,-1.1996003,0.043894152,53.480216,0.039438117,-0.49438601,-0.43632668,-0.43631879,0.046314679,1,-0.43633202,-0.43631784,0.031268161,1,0,0,-0.013558919,0.0038700569,0.99414826,338.13471,44.009842,96,0,-0.26785993,nan,-0.018977039,nan,nan,69734.835,-2005.8504,-55.848319,1728.1248,209.82963,1977.7207,-62.120527,0,0,0,0,0,0
11.155,3777.5644,248.90462,-42.438367,124.22245,9.6577211,314.27689,1.1035876,-1.1974603,0.040361208,53.689405,0.017343948,-0.50621709,-0.43632789,-0.43631854,0.042841601,1,-0.43633202,-0.43631756,0.031061386,1,0,0,-0.013992781,0.0027190512,0.99395399,338.07463,42.438367,96,0,-0.22371262,nan,-0.022129417,nan,nan,69720.585,-2003.349,-1.6103178,1755.1913,208.22678,2000.9578,-99.351597,0,0,0,0,0,0
11.16,3778.1854,248.95273,-40.867052,124.15681,9.5697049,314.241,1.3743978,-1.195043,0.038199269,53.89699,-0.006853192,-0.51434833,-0.43632882,-0.43631828,0.040441139,1,-0.43633202,-0.43631727,0.033260499,1,0,0,-0.01423902,0.0015294534,0.99376,338.01464,40.867052,96,0,-0.17553817,nan,-0.025388224,nan,nan,69706.369,-2000.9528,58.974778,1771.0668,206.6247,2015.063,-144.33337,0,0,0,0,0,0
11.165,3778.8061,249.0004,-39.29593,124.11034,9.4764327,314.19777,1.6448415,-1.1924768,0.037541547,54.102975,-0.032686463,-0.51866018,-0.43632954,-0.43631801,0.03943948,1,-0.43633202,-0.43631698,0.038023065,1,0,0,-0.014301322,0.00032945632,0.99356632,337.95476,39.29593,96,0,-0.1227914,nan,-0.028754977,nan,nan,69692.193,-1998.6596,125.34784,1775.9827,205.02369,2020.2204,-197.45023,0,0,0,0,0,0
11.17,3779.4266,249.04759,-37.72504,124.08353,9.3831991,314.14687,1.9148829,-1.1898981,0.038420977,54.307358,-0.059647217,-0.51916857,-0.4363301,-0.43631773,0.040105171,1,-0.43633202,-0.43631668,0.045368301,1,0,0,-0.014187264,-0.00085439566,0.99337298,337.89499,37.72504,96,0,-0.064826277,nan,-0.032236448,nan,nan,69678.06,-1996.4652,196.8423,1770.4014,203.42408,2016.8028,-258.86275,0,0,0,0,0,0
11.175,3780.047,249.09433,-36.154419,124.07557,9.2951389,314.08847,2.184573,-1.1874412,0.040776864,54.510143,-0.087210386,-0.51602134,-0.43633054,-0.43631745,0.042632102,1,-0.43633202,-0.43631637,0.055187385,1,0,0,-0.013907726,-0.0019972826,0.99318,337.83534,36.154419,96,0,-0.00087134717,nan,-0.035845561,nan,nan,69663.973,-1994.3636,272.6384,1754.9811,201.82618,2005.3432,-328.42164,0,0,0,0,0,0
11.18,3780.6673,249.14064,-34.584105,124.08452,9.216866,314.02322,2.4540371,-1.1852296,0.044468366,54.711331,-0.11485982,-0.50948432,-0.43633087,-0.43631716,0.047130118,1,-0.43633202,-0.43631606,0.067263559,1,0,0,-0.013476489,-0.0030761044,0.99298742,337.77582,34.584105,96,0,0.07000155,nan,-0.039602049,nan,nan,69649.935,-1992.347,351.73739,1730.5516,200.23031,1986.5148,-405.61763,0,0,0,0,0,0
11.185,3781.2878,249.18659,-33.014129,124.10752,9.1522154,313.95214,2.7234579,-1.1833697,0.049291389,54.910923,-0.14211054,-0.49991937,-0.43633113,-0.43631687,0.05362311,1,-0.43633202,-0.43631573,0.081297416,1,0,0,-0.012910026,-0.0040695108,0.99279524,337.71643,33.014129,96,0,0.14891749,nan,-0.043532901,nan,nan,69635.949,-1990.4066,432.96225,1698.1015,198.63676,1961.1212,-489.57248,0,0,0,0,0,0
11.19,3781.9084,249.23225,-31.444518,124.14109,9.1040951,313.87653,2.9930599,-1.1819467,0.054995823,55.108924,-0.16852555,-0.48775732,-0.43633133,-0.43631657,0.062053475,1,-0.43633202,-0.4363154,0.096933212,1,0,0,-0.012227437,-0.0049580603,0.99260347,337.65718,31.444518,96,0,0.23725024,nan,-0.047672675,nan,nan,69622.014,-1988.5319,514.98638,1658.7736,197.04584,1930.0927,-579.07008,0,0,0,0,0,0
11.195,3782.5292,249.2777,-29.875292,124.18137,9.0744356,313.79786,-3.0200906,-1.181022,0.061301054,55.305334,-0.19372587,-0.47346949,-0.43633149,-0.43631626,0.072291276,1,-0.43633202,-0.43631507,0.11378325,1,0,0,-0.011450424,-0.0057245689,0.99241212,337.59807,29.875292,96,0,0.33668932,nan,-0.052063756,nan,nan,69608.132,-1986.7113,596.38775,1613.8643,195.45785,1894.4857,-672.62148,0,0,0,0,0,0
11.2,3783.1502,249.32305,-28.306462,124.22432,9.0642092,313.71771,-2.7493559,-1.1806323,0.067908736,55.500158,-0.21739343,-0.45754093,-0.43633161,-0.43631594,0.084146382,1,-0.43633202,-0.43631472,0.13144879,1,0,0,-0.010603227,-0.0063546594,0.9922212,337.53909,28.306462,96,0,0.44932689,nan,-0.056756654,nan,nan,69594.303,-1984.9318,675.72228,1564.8182,193.87309,1855.4785,-768.55496,0,0,0,0,0,0
11.205,3783.7714,249.36838,-26.738034,124.2659,9.0734816,313.63767,-2.4776474,-1.1807895,0.074512853,55.693398,-0.23926797,-0.44044844,-0.4363317,-0.43631561,0.097382054,1,-0.43633202,-0.43631436,0.1495372,1,0,0,-0.0097123843,-0.0068374747,0.9920307,337.48026,26.738034,96,0,0.57777028,nan,-0.061810406,nan,nan,69580.528,-1983.1793,751.60845,1513.2144,192.29191,1814.3602,-865.12092,0,0,0,0,0,0
11.21,3784.3928,249.41379,-25.170004,124.30219,9.101468,313.55932,-2.2046917,-1.1814808,0.080807886,55.885059,-0.2591395,-0.42264522,-0.43633177,-0.43631528,0.11172892,1,-0.43633202,-0.436314,0.16767628,1,0,0,-0.0088062462,-0.007166472,0.99184063,337.42157,25.170004,96,0,0.72528608,nan,-0.067293142,nan,nan,69566.807,-1981.4391,822.81403,1460.7375,190.71467,1772.5066,-960.6014,0,0,0,0,0,0
11.215,3785.0144,249.45938,-23.602359,124.32948,9.1465826,313.48419,-1.9302226,-1.1826687,0.086496404,56.075143,-0.27682031,-0.40454228,-0.43633183,-0.43631494,0.12689886,1,-0.43633202,-0.43631362,0.18552826,1,0,0,-0.0079141297,-0.0073401407,0.991651,337.36303,23.602359,96,0,0.89598076,nan,-0.073282839,nan,nan,69553.142,-1979.5236,888.2458,1410.0521,189.14006,1732.3184,-1050.165,0,0,0,0,0,0
11.22,3785.636,249.50523,-22.035081,124.34431,9.2064806,313.41371,-1.6539878,-1.1842909,0.091296932,56.263655,-0.29210638,-0.38616395,-0.43633187,-0.43631459,0.14233793,1,-0.43633202,-0.43631324,0.19922898,1,0,0,-0.0070649965,-0.0073634219,0.99146184,337.30464,22.035081,96,0,1.01162,nan,-0.077156472,nan,nan,69539.536,-1977.5856,944.4818,1361.9896,187.5703,1694.2621,-1126.9147,0,0,0,0,0,0
11.225,3786.2578,249.5514,-20.468144,124.34348,9.2779128,313.34926,-1.37576,-1.1862591,0.09495613,56.450599,-0.30475016,-0.36749643,-0.43633191,-0.43631423,0.15620566,1,-0.43633202,-0.43631285,0.20611233,1,0,0,-0.0062855365,-0.007249501,0.99127315,337.24641,20.468144,96,0,1.01162,nan,-0.077156472,nan,nan,69525.991,-1975.634,987.56561,1318.008,186.00602,1659.5,-1189.7364,0,0,0,0,0,0
11.23,3786.8795,249.59795,-18.901515,124.32435,9.3566301,313.29201,-1.0953551,-1.1884604,0.097268419,56.635981,-0.31443607,-0.34849238,-0.43633193,-0.43631386,0.1682295,1,-0.43633202,-0.43631245,0.21109006,1,0,0,-0.0055975992,-0.0070190874,0.99108493,337.18834,18.901515,96,0,1.01162,nan,-0.077156472,nan,nan,69512.507,-1973.6619,1017.7146,1279.3725,184.44763,1629.0591,-1238.2944,0,0,0,0,0,0
11.235,3787.501,249.64489,-17.335157,124.28532,9.4374801,313.24275,-0.8126532,-1.1907615,0.098098394,56.819807,-0.32080025,-0.32923832,-0.43633195,-0.43631348,0.17837163,1,-0.43633202,-0.43631203,0.21400447,1,0,0,-0.005015984,-0.0066984403,0.99089721,337.13043,17.335157,96,0,1.01162,nan,-0.077156472,nan,nan,69499.087,-1971.6648,1036.2751,1246.9369,182.89539,1603.632,-1273.639,0,0,0,0,0,0
11.24,3788.1223,249.69224,-15.769029,124.22614,9.5147282,313.20174,-0.52761953,-1.1930163,0.097403019,57.002084,-0.32349111,-0.30998364,-0.43633197,-0.4363131,0.18658207,1,-0.43633202,-0.43631161,0.21480726,1,0,0,-0.0045469857,-0.0063166994,0.99070996,337.07268,15.769029,96,0,1.01162,nan,-0.077156472,nan,nan,69485.73,-1969.6407,1044.6943,1221.0601,181.34941,1583.5087,-1296.8768,0,0,0,0,0,0
11.245,3788.7433,249.73995,-14.203089,124.14812,9.5825028,313.16863,-0.24032174,-1.195076,0.09524936,57.182817,-0.32223542,-0.29113445,-0.43633198,-0.4363127,0.19282914,1,-0.43633202,-0.43631118,0.2135801,1,0,0,-0.0041879765,-0.0059028768,0.9905232,337.01509,14.203089,96,0,1.01162,nan,-0.077156472,nan,nan,69472.435,-1967.59,1044.4619,1201.5827,179.80962,1568.5585,-1309.1804,0,0,0,0,0,0
11.25,3789.3639,249.78798,-12.637301,124.05419,9.6353335,313.14243,0.049061344,-1.1968021,0.091823402,57.362013,-0.31690131,-0.27322977,-0.43633199,-0.43631229,0.19712649,1,-0.43633202,-0.43631073,0.21054519,1,0,0,-0.0039281029,-0.0054828627,0.99033691,336.95766,12.637301,96,0,1.01162,nan,-0.077156472,nan,nan,69459.204,-1965.5158,1037.0425,1187.8683,178.27581,1558.2634,-1311.7841,0,0,0,0,0,0
11.255,3789.9839,249.83623,-11.071632,123.94878,9.6687255,313.12152,0.34024329,-1.1980795,0.08742569,57.539677,-0.3075507,-0.25690068,-0.436332,-0.43631188,0.19955425,1,-0.43633202,-0.43631028,0.20606073,1,0,0,-0.0037500321,-0.0050768276,0.99015109,336.90038,11.071632,96,0,1.01162,nan,-0.077156472,nan,nan,69446.033,-1963.4234,1023.8114,1178.9056,176.74762,1551.802,-1305.9735,0,0,0,0,0,0
