time,x,y,z,vx,vy,vz,phi,theta,psi,p,q,r,elevator,aileron,rudder,throttle,elevator_cmd,aileron_cmd,rudder_cmd,throttle_cmd,tvc_pitch,tvc_yaw,alpha,beta,mach,airspeed,altitude,mass,thrust,pitch_sp,roll_sp,heading_sp,altitude_sp,speed_sp,qbar
0,3800,250,-12,0,0,0,0,-0,0,0,0,0,0,0,0,0,0,0,0,0,0,0,0,0,0,0,12,1,0,nan,nan,nan,nan,nan,0
0.005,3800,250,-12,0,0,0,0,-0,0,0,0,0,0,0,0,0,0,0,0,0,0,0,0,0,0,0,12,1,0,nan,nan,nan,nan,nan,0
0.01,3800,250,-12,0,0,0,0,-0,0,0,0,0,0,0,0,0,0,0,0,0,0,0,0,0,0,0,12,1,0,nan,nan,nan,nan,nan,0
0.015,3800,250,-12,0,0,0,0,-0,0,0,0,0,0,0,0,0,0,0,0,0,0,0,0,0,0,0,12,1,0,nan,nan,nan,nan,nan,0
0.02,3800,250,-12,0,0,0,0,-0,0,0,0,0,0,0,0,0,0,0,0,0,0,0,0,0,0,0,12,1,0,nan,nan,nan,nan,nan,0
0.025,3800,250,-12,0,0,0,0,-0,0,0,0,0,0,0,0,0,0,0,0,0,0,0,0,0,0,0,12,1,0,nan,nan,nan,nan,nan,0
0.03,3800,250,-12,0,0,0,0,-0,0,0,0,0,0,0,0,0,0,0,0,0,0,0,0,0,0,0,12,1,0,nan,nan,nan,nan,nan,0
0.035,3800,250,-12,0,0,0,0,-0,0,0,0,0,0,0,0,0,0,0,0,0,0,0,0,0,0,0,12,1,0,nan,nan,nan,nan,nan,0
0.04,3800,250,-12,0,0,0,0,-0,0,0,0,0,0,0,0,0,0,0,0,0,0,0,0,0,0,0,12,1,0,nan,nan,nan,nan,nan,0
0.045,3800,250,-12,0,0,0,0,-0,0,0,0,0,0,0,0,0,0,0,0,0,0,0,0,0,0,0,12,1,0,nan,nan,nan,nan,nan,0
0.05,3800,250,-12,0,0,0,0,-0,0,0,0,0,0,0,0,0,0,0,0,0,0,0,0,0,0,0,12,1,0,nan,nan,nan,nan,nan,0
0.055,3800,250,-12,0,0,0,0,-0,0,0,0,0,0,0,0,0,0,0,0,0,0,0,0,0,0,0,12,1,0,nan,nan,nan,nan,nan,0
0.06,3800,250,-12,0,0,0,0,-0,0,0,0,0,0,0,0,0,0,0,0,0,0,0,0,0,0,0,12,1,0,nan,nan,nan,nan,nan,0
0.065,3800,250,-12,0,0,0,0,-0,0,0,0,0,0,0,0,0,0,0,0,0,0,0,0,0,0,0,12,1,0,nan,nan,nan,nan,nan,0
0.07,3800,250,-12,0,0,0,0,-0,0,0,0,0,0,0,0,0,0,0,0,0,0,0,0,0,0,0,12,1,0,nan,nan,nan,nan,nan,0
0.075,3800,250,-12,0,0,0,0,-0,0,0,0,0,0,0,0,0,0,0,0,0,0,0,0,0,0,0,12,1,0,nan,nan,nan,nan,nan,0
0.08,3800,250,-12,0,0,0,0,-0,0,0,0,0,0,0,0,0,0,0,0,0,0,0,0,0,0,0,12,1,0,nan,nan,nan,nan,nan,0
0.085,3800,250,-12,0,0,0,0,-0,0,0,0,0,0,0,0,0,0,0,0,0,0,0,0,0,0,0,12,1,0,nan,nan,nan,nan,nan,0
0.09,3800,250,-12,0,0,0,0,-0,0,0,0,0,0,0,0,0,0,0,0,0,0,0,0,0,0,0,12,1,0,nan,nan,nan,nan,nan,0
0.095,3800,250,-12,0,0,0,0,-0,0,0,0,0,0,0,0,0,0,0,0,0,0,0,0,0,0,0,12,1,0,nan,nan,nan,nan,nan,0
0.1,3800,250,-12,0,0,0,0,-0,0,0,0,0,0,0,0,0,0,0,0,0,0,0,0,0,0,0,12,1,0,nan,nan,nan,nan,nan,0
0.105,3800,250,-12,0,0,0,0,-0,0,0,0,0,0,0,0,0,0,0,0,0,0,0,0,0,0,0,12,1,0,nan,nan,nan,nan,nan,0
0.11,3800,250,-12,0,0,0,0,-0,0,0,0,0,0,0,0,0,0,0,0,0,0,0,0,0,0,0,12,1,0,nan,nan,nan,nan,nan,0
0.115,3800,250,-12,0,0,0,0,-0,0,0,0,0,0,0,0,0,0,0,0,0,0,0,0,0,0,0,12,1,0,nan,nan,nan,nan,nan,0
0.12,3800,250,-12,0,0,0,0,-0,0,0,0,0,0,0,0,0,0,0,0,0,0,0,0,0,0,0,12,1,0,nan,nan,nan,nan,nan,0
0.125,3800,250,-12,0,0,0,0,-0,0,0,0,0,0,0,0,0,0,0,0,0,0,0,0,0,0,0,12,1,0,nan,nan,nan,nan,nan,0
0.13,3800,250,-12,0,0,0,0,-0,0,0,0,0,0,0,0,0,0,0,0,0,0,0,0,0,0,0,12,1,0,nan,nan,nan,nan,nan,0
0.135,3800,250,-12,0,0,0,0,-0,0,0,0,0,0,0,0,0,0,0,0,0,0,0,0,0,0,0,12,1,0,nan,nan,nan,nan,nan,0
0.14,3800,250,-12,0,0,0,0,-0,0,0,0,0,0,0,0,0,0,0,0,0,0,0,0,0,0,0,12,1,0,nan,nan,nan,nan,nan,0
0.145,3800,250,-12,0,0,0,0,-0,0,0,0,0,0,0,0,0,0,0,0,0,0,0,0,0,0,0,12,1,0,nan,nan,nan,nan,nan,0
0.15,3800,250,-12,0,0,0,0,-0,0,0,0,0,0,0,0,0,0,0,0,0,0,0,0,0,0,0,12,1,0,nan,nan,nan,nan,nan,0
0.155,3800,250,-12,0,0,0,0,-0,0,0,0,0,0,0,0,0,0,0,0,0,0,0,0,0,0,0,12,1,0,nan,nan,nan,nan,nan,0
0.16,3800,250,-12,0,0,0,0,-0,0,0,0,0,0,0,0,0,0,0,0,0,0,0,0,0,0,0,12,1,0,nan,nan,nan,nan,nan,0
0.165,3800,250,-12,0,0,0,0,-0,0,0,0,0,0,0,0,0,0,0,0,0,0,0,0,0,0,0,12,1,0,nan,nan,nan,nan,nan,0
0.17,3800,250,-12,0,0,0,0,-0,0,0,0,0,0,0,0,0,0,0,0,0,0,0,0,0,0,0,12,1,0,nan,nan,nan,nan,nan,0
0.175,3800,250,-12,0,0,0,0,-0,0,0,0,0,0,0,0,0,0,0,0,0,0,0,0,0,0,0,12,1,0,nan,nan,nan,nan,nan,0
0.18,3800,250,-12,0,0,0,0,-0,0,0,0,0,0,0,0,0,0,0,0,0,0,0,0,0,0,0,12,1,0,nan,nan,nan,nan,nan,0
0.185,3800,250,-12,0,0,0,0,-0,0,0,0,0,0,0,0,0,0,0,0,0,0,0,0,0,0,0,12,1,0,nan,nan,nan,nan,nan,0
0.19,3800,250,-12,0,0,0,0,-0,0,0,0,0,0,0,0,0,0,0,0,0,0,0,0,0,0,0,12,1,0,nan,nan,nan,nan,nan,0
0.195,3800,250,-12,0,0,0,0,-0,0,0,0,0,0,0,0,0,0,0,0,0,0,0,0,0,0,0,12,1,0,nan,nan,nan,nan,nan,0
0.2,3800,250,-12,0,0,0,0,-0,0,0,0,0,0,0,0,0,0,0,0,0,0,0,0,0,0,0,12,1,0,nan,nan,nan,nan,nan,0
0.205,3800,250,-12,0,0,0,0,-0,0,0,0,0,0,0,0,0,0,0,0,0,0,0,0,0,0,0,12,1,0,nan,nan,nan,nan,nan,0
0.21,3800,250,-12,0,0,0,0,-0,0,0,0,0,0,0,0,0,0,0,0,0,0,0,0,0,0,0,12,1,0,nan,nan,nan,nan,nan,0
0.215,3800,250,-12,0,0,0,0,-0,0,0,0,0,0,0,0,0,0,0,0,0,0,0,0,0,0,0,12,1,0,nan,nan,nan,nan,nan,0
0.22,3800,250,-12,0,0,0,0,-0,0,0,0,0,0,0,0,0,0,0,0,0,0,0,0,0,0,0,12,1,0,nan,nan,nan,nan,nan,0
0.225,3800,250,-12,0,0,0,0,-0,0,0,0,0,0,0,0,0,0,0,0,0,0,0,0,0,0,0,12,1,0,nan,nan,nan,nan,nan,0
0.23,3800,250,-12,0,0,0,0,-0,0,0,0,0,0,0,0,0,0,0,0,0,0,0,0,0,0,0,12,1,0,nan,nan,nan,nan,nan,0
0.235,3800,250,-12,0,0,0,0,-0,0,0,0,0,0,0,0,0,0,0,0,0,0,0,0,0,0,0,12,1,0,nan,nan,nan,nan,nan,0
0.24,3800,250,-12,0,0,0,0,-0,0,0,0,0,0,0,0,0,0,0,0,0,0,0,0,0,0,0,12,1,0,nan,nan,nan,nan,nan,0
0.245,3800,250,-12,0,0,0,0,-0,0,0,0,0,0,0,0,0,0,0,0,0,0,0,0,0,0,0,12,1,0,nan,nan,nan,nan,nan,0
0.25,3800,250,-12,0,0,0,0,-0,0,0,0,0,0,0,0,0,0,0,0,0,0,0,0,0,0,0,12,1,0,nan,nan,nan,nan,nan,0
0.255,3800,250,-12,0,0,0,0,-0,0,0,0,0,0,0,0,0,0,0,0,0,0,0,0,0,0,0,12,1,0,nan,nan,nan,nan,nan,0
0.26,3800,250,-12,0,0,0,0,-0,0,0,0,0,0,0,0,0,0,0,0,0,0,0,0,0,0,0,12,1,0,nan,nan,nan,nan,nan,0
0.265,3800,250,-12,0,0,0,0,-0,0,0,0,0,0,0,0,0,0,0,0,0,0,0,0,0,0,0,12,1,0,nan,nan,nan,nan,nan,0
0.27,3800,250,-12,0,0,0,0,-0,0,0,0,0,0,0,0,0,0,0,0,0,0,0,0,0,0,0,12,1,0,nan,nan,nan,nan,nan,0
0.275,3800,250,-12,0,0,0,0,-0,0,0,0,0,0,0,0,0,0,0,0,0,0,0,0,0,0,0,12,1,0,nan,nan,nan,nan,nan,0
0.28,3800,250,-12,0,0,0,0,-0,0,0,0,0,0,0,0,0,0,0,0,0,0,0,0,0,0,0,12,1,0,nan,nan,nan,nan,nan,0
0.285,3800,250,-12,0,0,0,0,-0,0,0,0,0,0,0,0,0,0,0,0,0,0,0,0,0,0,0,12,1,0,nan,nan,nan,nan,nan,0
0.29,3800,250,-12,0,0,0,0,-0,0,0,0,0,0,0,0,0,0,0,0,0,0,0,0,0,0,0,12,1,0,nan,nan,nan,nan,nan,0
0.295,3800,250,-12,0,0,0,0,-0,0,0,0,0,0,0,0,0,0,0,0,0,0,0,0,0,0,0,12,1,0,nan,nan,nan,nan,nan,0
0.3,3800,250,-12,0,0,0,0,-0,0,0,0,0,0,0,0,0,0,0,0,0,0,0,0,0,0,0,12,1,0,nan,nan,nan,nan,nan,0
0.305,3800,250,-12,0,0,0,0,-0,0,0,0,0,0,0,0,0,0,0,0,0,0,0,0,0,0,0,12,1,0,nan,nan,nan,nan,nan,0
0.31,3800,250,-12,0,0,0,0,-0,0,0,0,0,0,0,0,0,0,0,0,0,0,0,0,0,0,0,12,1,0,nan,nan,nan,nan,nan,0
0.315,3800,250,-12,0,0,0,0,-0,0,0,0,0,0,0,0,0,0,0,0,0,0,0,0,0,0,0,12,1,0,nan,nan,nan,nan,nan,0
0.32,3800,250,-12,0,0,0,0,-0,0,0,0,0,0,0,0,0,0,0,0,0,0,0,0,0,0,0,12,1,0,nan,nan,nan,nan,nan,0
0.325,3800,250,-12,0,0,0,0,-0,0,0,0,0,0,0,0,0,0,0,0,0,0,0,0,0,0,0,12,1,0,nan,nan,nan,nan,nan,0
0.33,3800,250,-12,0,0,0,0,-0,0,0,0,0,0,0,0,0,0,0,0,0,0,0,0,0,0,0,12,1,0,nan,nan,nan,nan,nan,0
0.335,3800,250,-12,0,0,0,0,-0,0,0,0,0,0,0,0,0,0,0,0,0,0,0,0,0,0,0,12,1,0,nan,nan,nan,nan,nan,0
0.34,3800,250,-12,0,0,0,0,-0,0,0,0,0,0,0,0,0,0,0,0,0,0,0,0,0,0,0,12,1,0,nan,nan,nan,nan,nan,0
0.345,3800,250,-12,0,0,0,0,-0,0,0,0,0,0,0,0,0,0,0,0,0,0,0,0,0,0,0,12,1,0,nan,nan,nan,nan,nan,0
0.35,3800,250,-12,0,0,0,0,-0,0,0,0,0,0,0,0,0,0,0,0,0,0,0,0,0,0,0,12,1,0,nan,nan,nan,nan,nan,0
0.355,3800,250,-12,0,0,0,0,-0,0,0,0,0,0,0,0,0,0,0,0,0,0,0,0,0,0,0,12,1,0,nan,nan,nan,nan,nan,0
0.36,3800,250,-12,0,0,0,0,-0,0,0,0,0,0,0,0,0,0,0,0,0,0,0,0,0,0,0,12,1,0,nan,nan,nan,nan,nan,0
0.365,3800,250,-12,0,0,0,0,-0,0,0,0,0,0,0,0,0,0,0,0,0,0,0,0,0,0,0,12,1,0,nan,nan,nan,nan,nan,0
0.37,3800,250,-12,0,0,0,0,-0,0,0,0,0,0,0,0,0,0,0,0,0,0,0,0,0,0,0,12,1,0,nan,nan,nan,nan,nan,0
0.375,3800,250,-12,0,0,0,0,-0,0,0,0,0,0,0,0,0,0,0,0,0,0,0,0,0,0,0,12,1,0,nan,nan,nan,nan,nan,0
0.38,3800,250,-12,0,0,0,0,-0,0,0,0,0,0,0,0,0,0,0,0,0,0,0,0,0,0,0,12,1,0,nan,nan,nan,nan,nan,0
0.385,3800,250,-12,0,0,0,0,-0,0,0,0,0,0,0,0,0,0,0,0,0,0,0,0,0,0,0,12,1,0,nan,nan,nan,nan,nan,0
0.39,3800,250,-12,0,0,0,0,-0,0,0,0,0,0,0,0,0,0,0,0,0,0,0,0,0,0,0,12,1,0,nan,nan,nan,nan,nan,0
0.395,3800,250,-12,0,0,0,0,-0,0,0,0,0,0,0,0,0,0,0,0,0,0,0,0,0,0,0,12,1,0,nan,nan,nan,nan,nan,0
0.4,3800,250,-12,0,0,0,0,-0,0,0,0,0,0,0,0,0,0,0,0,0,0,0,0,0,0,0,12,1,0,nan,nan,nan,nan,nan,0
0.405,3800,250,-12,0,0,0,0,-0,0,0,0,0,0,0,0,0,0,0,0,0,0,0,0,0,0,0,12,1,0,nan,nan,nan,nan,nan,0
0.41,3800,250,-12,0,0,0,0,-0,0,0,0,0,0,0,0,0,0,0,0,0,0,0,0,0,0,0,12,1,0,nan,nan,nan,nan,nan,0
0.415,3800,250,-12,0,0,0,0,-0,0,0,0,0,0,0,0,0,0,0,0,0,0,0,0,0,0,0,12,1,0,nan,nan,nan,nan,nan,0
0.42,3800,250,-12,0,0,0,0,-0,0,0,0,0,0,0,0,0,0,0,0,0,0,0,0,0,0,0,12,1,0,nan,nan,nan,nan,nan,0
0.425,3800,250,-12,0,0,0,0,-0,0,0,0,0,0,0,0,0,0,0,0,0,0,0,0,0,0,0,12,1,0,nan,nan,nan,nan,nan,0
0.43,3800,250,-12,0,0,0,0,-0,0,0,0,0,0,0,0,0,0,0,0,0,0,0,0,0,0,0,12,1,0,nan,nan,nan,nan,nan,0
0.435,3800,250,-12,0,0,0,0,-0,0,0,0,0,0,0,0,0,0,0,0,0,0,0,0,0,0,0,12,1,0,nan,nan,nan,nan,nan,0
0.44,3800,250,-12,0,0,0,0,-0,0,0,0,0,0,0,0,0,0,0,0,0,0,0,0,0,0,0,12,1,0,nan,nan,nan,nan,nan,0
0.445,3800,250,-12,0,0,0,0,-0,0,0,0,0,0,0,0,0,0,0,0,0,0,0,0,0,0,0,12,1,0,nan,nan,nan,nan,nan,0
0.45,3800,250,-12,0,0,0,0,-0,0,0,0,0,0,0,0,0,0,0,0,0,0,0,0,0,0,0,12,1,0,nan,nan,nan,nan,nan,0
0.455,3800,250,-12,0,0,0,0,-0,0,0,0,0,0,0,0,0,0,0,0,0,0,0,0,0,0,0,12,1,0,nan,nan,nan,nan,nan,0
0.46,3800,250,-12,0,0,0,0,-0,0,0,0,0,0,0,0,0,0,0,0,0,0,0,0,0,0,0,12,1,0,nan,nan,nan,nan,nan,0
0.465,3800,250,-12,0,0,0,0,-0,0,0,0,0,0,0,0,0,0,0,0,0,0,0,0,0,0,0,12,1,0,nan,nan,nan,nan,nan,0
0.47,3800,250,-12,0,0,0,0,-0,0,0,0,0,0,0,0,0,0,0,0,0,0,0,0,0,0,0,12,1,0,nan,nan,nan,nan,nan,0
0.475,3800,250,-12,0,0,0,0,-0,0,0,0,0,0,0,0,0,0,0,0,0,0,0,0,0,0,0,12,1,0,nan,nan,nan,nan,nan,0
0.48,3800,250,-12,0,0,0,0,-0,0,0,0,0,0,0,0,0,0,0,0,0,0,0,0,0,0,0,12,1,0,nan,nan,nan,nan,nan,0
0.485,3800,250,-12,0,0,0,0,-0,0,0,0,0,0,0,0,0,0,0,0,0,0,0,0,0,0,0,12,1,0,nan,nan,nan,nan,nan,0
0.49,3800,250,-12,0,0,0,0,-0,0,0,0,0,0,0,0,0,0,0,0,0,0,0,0,0,0,0,12,1,0,nan,nan,nan,nan,nan,0
0.495,3800,250,-12,0,0,0,0,-0,0,0,0,0,0,0,0,0,0,0,0,0,0,0,0,0,0,0,12,1,0,nan,nan,nan,nan,nan,0
0.5,3800,250,-12,0,0,0,0,-0,0,0,0,0,0,0,0,0,0,0,0,0,0,0,0,0,0,0,12,1,0,nan,nan,nan,nan,nan,0
0.505,3800,250,-12,0,0,0,0,-0,0,0,0,0,0,0,0,0,0,0,0,0,0,0,0,0,0,0,12,1,0,nan,nan,nan,nan,nan,0
0.51,3800,250,-12,0,0,0,0,-0,0,0,0,0,0,0,0,0,0,0,0,0,0,0,0,0,0,0,12,1,0,nan,nan,nan,nan,nan,0
0.515,3800,250,-12,0,0,0,0,-0,0,0,0,0,0,0,0,0,0,0,0,0,0,0,0,0,0,0,12,1,0,nan,nan,nan,nan,nan,0
0.52,3800,250,-12,0,0,0,0,-0,0,0,0,0,0,0,0,0,0,0,0,0,0,0,0,0,0,0,12,1,0,nan,nan,nan,nan,nan,0
0.525,3800,250,-12,0,0,0,0,-0,0,0,0,0,0,0,0,0,0,0,0,0,0,0,0,0,0,0,12,1,0,nan,nan,nan,nan,nan,0
0.53,3800,250,-12,0,0,0,0,-0,0,0,0,0,0,0,0,0,0,0,0,0,0,0,0,0,0,0,12,1,0,nan,nan,nan,nan,nan,0
0.535,3800,250,-12,0,0,0,0,-0,0,0,0,0,0,0,0,0,0,0,0,0,0,0,0,0,0,0,12,1,0,nan,nan,nan,nan,nan,0
0.54,3800,250,-12,0,0,0,0,-0,0,0,0,0,0,0,0,0,0,0,0,0,0,0,0,0,0,0,12,1,0,nan,nan,nan,nan,nan,0
0.545,3800,250,-12,0,0,0,0,-0,0,0,0,0,0,0,0,0,0,0,0,0,0,0,0,0,0,0,12,1,0,nan,nan,nan,nan,nan,0
0.55,3800,250,-12,0,0,0,0,-0,0,0,0,0,0,0,0,0,0,0,0,0,0,0,0,0,0,0,12,1,0,nan,nan,nan,nan,nan,0
0.555,3800,250,-12,0,0,0,0,-0,0,0,0,0,0,0,0,0,0,0,0,0,0,0,0,0,0,0,12,1,0,nan,nan,nan,nan,nan,0
0.56,3800,250,-12,0,0,0,0,-0,0,0,0,0,0,0,0,0,0,0,0,0,0,0,0,0,0,0,12,1,0,nan,nan,nan,nan,nan,0
0.565,3800,250,-12,0,0,0,0,-0,0,0,0,0,0,0,0,0,0,0,0,0,0,0,0,0,0,0,12,1,0,nan,nan,nan,nan,nan,0
0.57,3800,250,-12,0,0,0,0,-0,0,0,0,0,0,0,0,0,0,0,0,0,0,0,0,0,0,0,12,1,0,nan,nan,nan,nan,nan,0
0.575,3800,250,-12,0,0,0,0,-0,0,0,0,0,0,0,0,0,0,0,0,0,0,0,0,0,0,0,12,1,0,nan,nan,nan,nan,nan,0
0.58,3800,250,-12,0,0,0,0,-0,0,0,0,0,0,0,0,0,0,0,0,0,0,0,0,0,0,0,12,1,0,nan,nan,nan,nan,nan,0
0.585,3800,250,-12,0,0,0,0,-0,0,0,0,0,0,0,0,0,0,0,0,0,0,0,0,0,0,0,12,1,0,nan,nan,nan,nan,nan,0
0.59,3800,250,-12,0,0,0,0,-0,0,0,0,0,0,0,0,0,0,0,0,0,0,0,0,0,0,0,12,1,0,nan,nan,nan,nan,nan,0
0.595,3800,250,-12,0,0,0,0,-0,0,0,0,0,0,0,0,0,0,0,0,0,0,0,0,0,0,0,12,1,0,nan,nan,nan,nan,nan,0
0.6,3800,250,-12,0,0,0,0,-0,0,0,0,0,0,0,0,0,0,0,0,0,0,0,0,0,0,0,12,1,0,nan,nan,nan,nan,nan,0
0.605,3800,250,-12,0,0,0,0,-0,0,0,0,0,0,0,0,0,0,0,0,0,0,0,0,0,0,0,12,1,0,nan,nan,nan,nan,nan,0
0.61,3800,250,-12,0,0,0,0,-0,0,0,0,0,0,0,0,0,0,0,0,0,0,0,0,0,0,0,12,1,0,nan,nan,nan,nan,nan,0
0.615,3800,250,-12,0,0,0,0,-0,0,0,0,0,0,0,0,0,0,0,0,0,0,0,0,0,0,0,12,1,0,nan,nan,nan,nan,nan,0
0.62,3800,250,-12,0,0,0,0,-0,0,0,0,0,0,0,0,0,0,0,0,0,0,0,0,0,0,0,12,1,0,nan,nan,nan,nan,nan,0
0.625,3800,250,-12,0,0,0,0,-0,0,0,0,0,0,0,0,0,0,0,0,0,0,0,0,0,0,0,12,1,0,nan,nan,nan,nan,nan,0
0.63,3800,250,-12,0,0,0,0,-0,0,0,0,0,0,0,0,0,0,0,0,0,0,0,0,0,0,0,12,1,0,nan,nan,nan,nan,nan,0
0.635,3800,250,-12,0,0,0,0,-0,0,0,0,0,0,0,0,0,0,0,0,0,0,0,0,0,0,0,12,1,0,nan,nan,nan,nan,nan,0
0.64,3800,250,-12,0,0,0,0,-0,0,0,0,0,0,0,0,0,0,0,0,0,0,0,0,0,0,0,12,1,0,nan,nan,nan,nan,nan,0
0.645,3800,250,-12,0,0,0,0,-0,0,0,0,0,0,0,0,0,0,0,0,0,0,0,0,0,0,0,12,1,0,nan,nan,nan,nan,nan,0
0.65,3800,250,-12,0,0,0,0,-0,0,0,0,0,0,0,0,0,0,0,0,0,0,0,0,0,0,0,12,1,0,nan,nan,nan,nan,nan,0
0.655,3800,250,-12,0,0,0,0,-0,0,0,0,0,0,0,0,0,0,0,0,0,0,0,0,0,0,0,12,1,0,nan,nan,nan,nan,nan,0
0.66,3800,250,-12,0,0,0,0,-0,0,0,0,0,0,0,0,0,0,0,0,0,0,0,0,0,0,0,12,1,0,nan,nan,nan,nan,nan,0
0.665,3800,250,-12,0,0,0,0,-0,0,0,0,0,0,0,0,0,0,0,0,0,0,0,0,0,0,0,12,1,0,nan,nan,nan,nan,nan,0
0.67,3800,250,-12,0,0,0,0,-0,0,0,0,0,0,0,0,0,0,0,0,0,0,0,0,0,0,0,12,1,0,nan,nan,nan,nan,nan,0
0.675,3800,250,-12,0,0,0,0,-0,0,0,0,0,0,0,0,0,0,0,0,0,0,0,0,0,0,0,12,1,0,nan,nan,nan,nan,nan,0
0.68,3800,250,-12,0,0,0,0,-0,0,0,0,0,0,0,0,0,0,0,0,0,0,0,0,0,0,0,12,1,0,nan,nan,nan,nan,nan,0
0.685,3800,250,-12,0,0,0,0,-0,0,0,0,0,0,0,0,0,0,0,0,0,0,0,0,0,0,0,12,1,0,nan,nan,nan,nan,nan,0
0.69,3800,250,-12,0,0,0,0,-0,0,0,0,0,0,0,0,0,0,0,0,0,0,0,0,0,0,0,12,1,0,nan,nan,nan,nan,nan,0
0.695,3800,250,-12,0,0,0,0,-0,0,0,0,0,0,0,0,0,0,0,0,0,0,0,0,0,0,0,12,1,0,nan,nan,nan,nan,nan,0
0.7,3800,250,-12,0,0,0,0,-0,0,0,0,0,0,0,0,0,0,0,0,0,0,0,0,0,0,0,12,1,0,nan,nan,nan,nan,nan,0
0.705,3800,250,-12,0,0,0,0,-0,0,0,0,0,0,0,0,0,0,0,0,0,0,0,0,0,0,0,12,1,0,nan,nan,nan,nan,nan,0
0.71,3800,250,-12,0,0,0,0,-0,0,0,0,0,0,0,0,0,0,0,0,0,0,0,0,0,0,0,12,1,0,nan,nan,nan,nan,nan,0
0.715,3800,250,-12,0,0,0,0,-0,0,0,0,0,0,0,0,0,0,0,0,0,0,0,0,0,0,0,12,1,0,nan,nan,nan,nan,nan,0
0.72,3800,250,-12,0,0,0,0,-0,0,0,0,0,0,0,0,0,0,0,0,0,0,0,0,0,0,0,12,1,0,nan,nan,nan,nan,nan,0
0.725,3800,250,-12,0,0,0,0,-0,0,0,0,0,0,0,0,0,0,0,0,0,0,0,0,0,0,0,12,1,0,nan,nan,nan,nan,nan,0
0.73,3800,250,-12,0,0,0,0,-0,0,0,0,0,0,0,0,0,0,0,0,0,0,0,0,0,0,0,12,1,0,nan,nan,nan,nan,nan,0
0.735,3800,250,-12,0,0,0,0,-0,0,0,0,0,0,0,0,0,0,0,0,0,0,0,0,0,0,0,12,1,0,nan,nan,nan,nan,nan,0
0.74,3800,250,-12,0,0,0,0,-0,0,0,0,0,0,0,0,0,0,0,0,0,0,0,0,0,0,0,12,1,0,nan,nan,nan,nan,nan,0
0.745,3800,250,-12,0,0,0,0,-0,0,0,0,0,0,0,0,0,0,0,0,0,0,0,0,0,0,0,12,1,0,nan,nan,nan,nan,nan,0
0.75,3800,250,-12,0,0,0,0,-0,0,0,0,0,0,0,0,0,0,0,0,0,0,0,0,0,0,0,12,1,0,nan,nan,nan,nan,nan,0
0.755,3800,250,-12,0,0,0,0,-0,0,0,0,0,0,0,0,0,0,0,0,0,0,0,0,0,0,0,12,1,0,nan,nan,nan,nan,nan,0
0.76,3800,250,-12,0,0,0,0,-0,0,0,0,0,0,0,0,0,0,0,0,0,0,0,0,0,0,0,12,1,0,nan,nan,nan,nan,nan,0
0.765,3800,250,-12,0,0,0,0,-0,0,0,0,0,0,0,0,0,0,0,0,0,0,0,0,0,0,0,12,1,0,nan,nan,nan,nan,nan,0
0.77,3800,250,-12,0,0,0,0,-0,0,0,0,0,0,0,0,0,0,0,0,0,0,0,0,0,0,0,12,1,0,nan,nan,nan,nan,nan,0
0.775,3800,250,-12,0,0,0,0,-0,0,0,0,0,0,0,0,0,0,0,0,0,0,0,0,0,0,0,12,1,0,nan,nan,nan,nan,nan,0
0.78,3800,250,-12,0,0,0,0,-0,0,0,0,0,0,0,0,0,0,0,0,0,0,0,0,0,0,0,12,1,0,nan,nan,nan,nan,nan,0
0.785,3800,250,-12,0,0,0,0,-0,0,0,0,0,0,0,0,0,0,0,0,0,0,0,0,0,0,0,12,1,0,nan,nan,nan,nan,nan,0
0.79,3800,250,-12,0,0,0,0,-0,0,0,0,0,0,0,0,0,0,0,0,0,0,0,0,0,0,0,12,1,0,nan,nan,nan,nan,nan,0
0.795,3800,250,-12,0,0,0,0,-0,0,0,0,0,0,0,0,0,0,0,0,0,0,0,0,0,0,0,12,1,0,nan,nan,nan,nan,nan,0
0.8,3800,250,-12,0,0,0,0,-0,0,0,0,0,0,0,0,0,0,0,0,0,0,0,0,0,0,0,12,1,0,nan,nan,nan,nan,nan,0
0.805,3800,250,-12,0,0,0,0,-0,0,0,0,0,0,0,0,0,0,0,0,0,0,0,0,0,0,0,12,1,0,nan,nan,nan,nan,nan,0
0.81,3800,250,-12,0,0,0,0,-0,0,0,0,0,0,0,0,0,0,0,0,0,0,0,0,0,0,0,12,1,0,nan,nan,nan,nan,nan,0
0.815,3800,250,-12,0,0,0,0,-0,0,0,0,0,0,0,0,0,0,0,0,0,0,0,0,0,0,0,12,1,0,nan,nan,nan,nan,nan,0
0.82,3800,250,-12,0,0,0,0,-0,0,0,0,0,0,0,0,0,0,0,0,0,0,0,0,0,0,0,12,1,0,nan,nan,nan,nan,nan,0
0.825,3800,250,-12,0,0,0,0,-0,0,0,0,0,0,0,0,0,0,0,0,0,0,0,0,0,0,0,12,1,0,nan,nan,nan,nan,nan,0
0.83,3800,250,-12,0,0,0,0,-0,0,0,0,0,0,0,0,0,0,0,0,0,0,0,0,0,0,0,12,1,0,nan,nan,nan,nan,nan,0
0.835,3800,250,-12,0,0,0,0,-0,0,0,0,0,0,0,0,0,0,0,0,0,0,0,0,0,0,0,12,1,0,nan,nan,nan,nan,nan,0
0.84,3800,250,-12,0,0,0,0,-0,0,0,0,0,0,0,0,0,0,0,0,0,0,0,0,0,0,0,12,1,0,nan,nan,nan,nan,nan,0
0.845,3800,250,-12,0,0,0,0,-0,0,0,0,0,0,0,0,0,0,0,0,0,0,0,0,0,0,0,12,1,0,nan,nan,nan,nan,nan,0
0.85,3800,250,-12,0,0,0,0,-0,0,0,0,0,0,0,0,0,0,0,0,0,0,0,0,0,0,0,12,1,0,nan,nan,nan,nan,nan,0
0.855,3800,250,-12,0,0,0,0,-0,0,0,0,0,0,0,0,0,0,0,0,0,0,0,0,0,0,0,12,1,0,nan,nan,nan,nan,nan,0
0.86,3800,250,-12,0,0,0,0,-0,0,0,0,0,0,0,0,0,0,0,0,0,0,0,0,0,0,0,12,1,0,nan,nan,nan,nan,nan,0
0.865,3800,250,-12,0,0,0,0,-0,0,0,0,0,0,0,0,0,0,0,0,0,0,0,0,0,0,0,12,1,0,nan,nan,nan,nan,nan,0
0.87,3800,250,-12,0,0,0,0,-0,0,0,0,0,0,0,0,0,0,0,0,0,0,0,0,0,0,0,12,1,0,nan,nan,nan,nan,nan,0
0.875,3800,250,-12,0,0,0,0,-0,0,0,0,0,0,0,0,0,0,0,0,0,0,0,0,0,0,0,12,1,0,nan,nan,nan,nan,nan,0
0.88,3800,250,-12,0,0,0,0,-0,0,0,0,0,0,0,0,0,0,0,0,0,0,0,0,0,0,0,12,1,0,nan,nan,nan,nan,nan,0
0.885,3800,250,-12,0,0,0,0,-0,0,0,0,0,0,0,0,0,0,0,0,0,0,0,0,0,0,0,12,1,0,nan,nan,nan,nan,nan,0
0.89,3800,250,-12,0,0,0,0,-0,0,0,0,0,0,0,0,0,0,0,0,0,0,0,0,0,0,0,12,1,0,nan,nan,nan,nan,nan,0
0.895,3800,250,-12,0,0,0,0,-0,0,0,0,0,0,0,0,0,0,0,0,0,0,0,0,0,0,0,12,1,0,nan,nan,nan,nan,nan,0
0.9,3800,250,-12,0,0,0,0,-0,0,0,0,0,0,0,0,0,0,0,0,0,0,0,0,0,0,0,12,1,0,nan,nan,nan,nan,nan,0
0.905,3800,250,-12,0,0,0,0,-0,0,0,0,0,0,0,0,0,0,0,0,0,0,0,0,0,0,0,12,1,0,nan,nan,nan,nan,nan,0
0.91,3800,250,-12,0,0,0,0,-0,0,0,0,0,0,0,0,0,0,0,0,0,0,0,0,0,0,0,12,1,0,nan,nan,nan,nan,nan,0
0.915,3800,250,-12,0,0,0,0,-0,0,0,0,0,0,0,0,0,0,0,0,0,0,0,0,0,0,0,12,1,0,nan,nan,nan,nan,nan,0
0.92,3800,250,-12,0,0,0,0,-0,0,0,0,0,0,0,0,0,0,0,0,0,0,0,0,0,0,0,12,1,0,nan,nan,nan,nan,nan,0
0.925,3800,250,-12,0,0,0,0,-0,0,0,0,0,0,0,0,0,0,0,0,0,0,0,0,0,0,0,12,1,0,nan,nan,nan,nan,nan,0
0.93,3800,250,-12,0,0,0,0,-0,0,0,0,0,0,0,0,0,0,0,0,0,0,0,0,0,0,0,12,1,0,nan,nan,nan,nan,nan,0
0.935,3800,250,-12,0,0,0,0,-0,0,0,0,0,0,0,0,0,0,0,0,0,0,0,0,0,0,0,12,1,0,nan,nan,nan,nan,nan,0
0.94,3800,250,-12,0,0,0,0,-0,0,0,0,0,0,0,0,0,0,0,0,0,0,0,0,0,0,0,12,1,0,nan,nan,nan,nan,nan,0
0.945,3800,250,-12,0,0,0,0,-0,0,0,0,0,0,0,0,0,0,0,0,0,0,0,0,0,0,0,12,1,0,nan,nan,nan,nan,nan,0
0.95,3800,250,-12,0,0,0,0,-0,0,0,0,0,0,0,0,0,0,0,0,0,0,0,0,0,0,0,12,1,0,nan,nan,nan,nan,nan,0
0.955,3800,250,-12,0,0,0,0,-0,0,0,0,0,0,0,0,0,0,0,0,0,0,0,0,0,0,0,12,1,0,nan,nan,nan,nan,nan,0
0.96,3800,250,-12,0,0,0,0,-0,0,0,0,0,0,0,0,0,0,0,0,0,0,0,0,0,0,0,12,1,0,nan,nan,nan,nan,nan,0
0.965,3800,250,-12,0,0,0,0,-0,0,0,0,0,0,0,0,0,0,0,0,0,0,0,0,0,0,0,12,1,0,nan,nan,nan,nan,nan,0
0.97,3800,250,-12,0,0,0,0,-0,0,0,0,0,0,0,0,0,0,0,0,0,0,0,0,0,0,0,12,1,0,nan,nan,nan,nan,nan,0
0.975,3800,250,-12,0,0,0,0,-0,0,0,0,0,0,0,0,0,0,0,0,0,0,0,0,0,0,0,12,1,0,nan,nan,nan,nan,nan,0
0.98,3800,250,-12,0,0,0,0,-0,0,0,0,0,0,0,0,0,0,0,0,0,0,0,0,0,0,0,12,1,0,nan,nan,nan,nan,nan,0
0.985,3800,250,-12,0,0,0,0,-0,0,0,0,0,0,0,0,0,0,0,0,0,0,0,0,0,0,0,12,1,0,nan,nan,nan,nan,nan,0
0.99,3800,250,-12,0,0,0,0,-0,0,0,0,0,0,0,0,0,0,0,0,0,0,0,0,0,0,0,12,1,0,nan,nan,nan,nan,nan,0
0.995,3800,250,-12,0,0,0,0,-0,0,0,0,0,0,0,0,0,0,0,0,0,0,0,0,0,0,0,12,1,0,nan,nan,nan,nan,nan,0
1,3800,250,-12,0,0,0,0,-0,0,0,0,0,0,0,0,0,0,0,0,0,0,0,0,0,0,0,12,1,0,nan,nan,nan,nan,nan,0
1.005,3800,250,-12,0,0,0,0,-0,0,0,0,0,0,0,0,0,0,0,0,0,0,0,0,0,0,0,12,1,0,nan,nan,nan,nan,nan,0
1.01,3800,250,-12,0,0,0,0,-0,0,0,0,0,0,0,0,0,0,0,0,0,0,0,0,0,0,0,12,1,0,nan,nan,nan,nan,nan,0
1.015,3800,250,-12,0,0,0,0,-0,0,0,0,0,0,0,0,0,0,0,0,0,0,0,0,0,0,0,12,1,0,nan,nan,nan,nan,nan,0
1.02,3800,250,-12,0,0,0,0,-0,0,0,0,0,0,0,0,0,0,0,0,0,0,0,0,0,0,0,12,1,0,nan,nan,nan,nan,nan,0
1.025,3800,250,-12,0,0,0,0,-0,0,0,0,0,0,0,0,0,0,0,0,0,0,0,0,0,0,0,12,1,0,nan,nan,nan,nan,nan,0
1.03,3800,250,-12,0,0,0,0,-0,0,0,0,0,0,0,0,0,0,0,0,0,0,0,0,0,0,0,12,1,0,nan,nan,nan,nan,nan,0
1.035,3800,250,-12,0,0,0,0,-0,0,0,0,0,0,0,0,0,0,0,0,0,0,0,0,0,0,0,12,1,0,nan,nan,nan,nan,nan,0
1.04,3800,250,-12,0,0,0,0,-0,0,0,0,0,0,0,0,0,0,0,0,0,0,0,0,0,0,0,12,1,0,nan,nan,nan,nan,nan,0
1.045,3800,250,-12,0,0,0,0,-0,0,0,0,0,0,0,0,0,0,0,0,0,0,0,0,0,0,0,12,1,0,nan,nan,nan,nan,nan,0
1.05,3800,250,-12,0,0,0,0,-0,0,0,0,0,0,0,0,0,0,0,0,0,0,0,0,0,0,0,12,1,0,nan,nan,nan,nan,nan,0
1.055,3800,250,-12,0,0,0,0,-0,0,0,0,0,0,0,0,0,0,0,0,0,0,0,0,0,0,0,12,1,0,nan,nan,nan,nan,nan,0
1.06,3800,250,-12,0,0,0,0,-0,0,0,0,0,0,0,0,0,0,0,0,0,0,0,0,0,0,0,12,1,0,nan,nan,nan,nan,nan,0
1.065,3800,250,-12,0,0,0,0,-0,0,0,0,0,0,0,0,0,0,0,0,0,0,0,0,0,0,0,12,1,0,nan,nan,nan,nan,nan,0
1.07,3800,250,-12,0,0,0,0,-0,0,0,0,0,0,0,0,0,0,0,0,0,0,0,0,0,0,0,12,1,0,nan,nan,nan,nan,nan,0
1.075,3800,250,-12,0,0,0,0,-0,0,0,0,0,0,0,0,0,0,0,0,0,0,0,0,0,0,0,12,1,0,nan,nan,nan,nan,nan,0
1.08,3800,250,-12,0,0,0,0,-0,0,0,0,0,0,0,0,0,0,0,0,0,0,0,0,0,0,0,12,1,0,nan,nan,nan,nan,nan,0
1.085,3800,250,-12,0,0,0,0,-0,0,0,0,0,0,0,0,0,0,0,0,0,0,0,0,0,0,0,12,1,0,nan,nan,nan,nan,nan,0
1.09,3800,250,-12,0,0,0,0,-0,0,0,0,0,0,0,0,0,0,0,0,0,0,0,0,0,0,0,12,1,0,nan,nan,nan,nan,nan,0
1.095,3800,250,-12,0,0,0,0,-0,0,0,0,0,0,0,0,0,0,0,0,0,0,0,0,0,0,0,12,1,0,nan,nan,nan,nan,nan,0
1.1,3800,250,-12,0,0,0,0,-0,0,0,0,0,0,0,0,0,0,0,0,0,0,0,0,0,0,0,12,1,0,nan,nan,nan,nan,nan,0
1.105,3800,250,-12,0,0,0,0,-0,0,0,0,0,0,0,0,0,0,0,0,0,0,0,0,0,0,0,12,1,0,nan,nan,nan,nan,nan,0
1.11,3800,250,-12,0,0,0,0,-0,0,0,0,0,0,0,0,0,0,0,0,0,0,0,0,0,0,0,12,1,0,nan,nan,nan,nan,nan,0
1.115,3800,250,-12,0,0,0,0,-0,0,0,0,0,0,0,0,0,0,0,0,0,0,0,0,0,0,0,12,1,0,nan,nan,nan,nan,nan,0
1.12,3800,250,-12,0,0,0,0,-0,0,0,0,0,0,0,0,0,0,0,0,0,0,0,0,0,0,0,12,1,0,nan,nan,nan,nan,nan,0
1.125,3800,250,-12,0,0,0,0,-0,0,0,0,0,0,0,0,0,0,0,0,0,0,0,0,0,0,0,12,1,0,nan,nan,nan,nan,nan,0
1.13,3800,250,-12,0,0,0,0,-0,0,0,0,0,0,0,0,0,0,0,0,0,0,0,0,0,0,0,12,1,0,nan,nan,nan,nan,nan,0
1.135,3800,250,-12,0,0,0,0,-0,0,0,0,0,0,0,0,0,0,0,0,0,0,0,0,0,0,0,12,1,0,nan,nan,nan,nan,nan,0
1.14,3800,250,-12,0,0,0,0,-0,0,0,0,0,0,0,0,0,0,0,0,0,0,0,0,0,0,0,12,1,0,nan,nan,nan,nan,nan,0
1.145,3800,250,-12,0,0,0,0,-0,0,0,0,0,0,0,0,0,0,0,0,0,0,0,0,0,0,0,12,1,0,nan,nan,nan,nan,nan,0
1.15,3800,250,-12,0,0,0,0,-0,0,0,0,0,0,0,0,0,0,0,0,0,0,0,0,0,0,0,12,1,0,nan,nan,nan,nan,nan,0
1.155,3800,250,-12,0,0,0,0,-0,0,0,0,0,0,0,0,0,0,0,0,0,0,0,0,0,0,0,12,1,0,nan,nan,nan,nan,nan,0
1.16,3800,250,-12,0,0,0,0,-0,0,0,0,0,0,0,0,0,0,0,0,0,0,0,0,0,0,0,12,1,0,nan,nan,nan,nan,nan,0
1.165,3800,250,-12,0,0,0,0,-0,0,0,0,0,0,0,0,0,0,0,0,0,0,0,0,0,0,0,12,1,0,nan,nan,nan,nan,nan,0
1.17,3800,250,-12,0,0,0,0,-0,0,0,0,0,0,0,0,0,0,0,0,0,0,0,0,0,0,0,12,1,0,nan,nan,nan,nan,nan,0
1.175,3800,250,-12,0,0,0,0,-0,0,0,0,0,0,0,0,0,0,0,0,0,0,0,0,0,0,0,12,1,0,nan,nan,nan,nan,nan,0
1.18,3800,250,-12,0,0,0,0,-0,0,0,0,0,0,0,0,0,0,0,0,0,0,0,0,0,0,0,12,1,0,nan,nan,nan,nan,nan,0
1.185,3800,250,-12,0,0,0,0,-0,0,0,0,0,0,0,0,0,0,0,0,0,0,0,0,0,0,0,12,1,0,nan,nan,nan,nan,nan,0
1.19,3800,250,-12,0,0,0,0,-0,0,0,0,0,0,0,0,0,0,0,0,0,0,0,0,0,0,0,12,1,0,nan,nan,nan,nan,nan,0
1.195,3800,250,-12,0,0,0,0,-0,0,0,0,0,0,0,0,0,0,0,0,0,0,0,0,0,0,0,12,1,0,nan,nan,nan,nan,nan,0
1.2,3800,250,-12,0,0,0,0,-0,0,0,0,0,0,0,0,0,0,0,0,0,0,0,0,0,0,0,12,1,0,nan,nan,nan,nan,nan,0
1.205,3800,250,-12,0,0,0,0,-0,0,0,0,0,0,0,0,0,0,0,0,0,0,0,0,0,0,0,12,1,0,nan,nan,nan,nan,nan,0
1.21,3800,250,-12,0,0,0,0,-0,0,0,0,0,0,0,0,0,0,0,0,0,0,0,0,0,0,0,12,1,0,nan,nan,nan,nan,nan,0
1.215,3800,250,-12,0,0,0,0,-0,0,0,0,0,0,0,0,0,0,0,0,0,0,0,0,0,0,0,12,1,0,nan,nan,nan,nan,nan,0
1.22,3800,250,-12,0,0,0,0,-0,0,0,0,0,0,0,0,0,0,0,0,0,0,0,0,0,0,0,12,1,0,nan,nan,nan,nan,nan,0
1.225,3800,250,-12,0,0,0,0,-0,0,0,0,0,0,0,0,0,0,0,0,0,0,0,0,0,0,0,12,1,0,nan,nan,nan,nan,nan,0
1.23,3800,250,-12,0,0,0,0,-0,0,0,0,0,0,0,0,0,0,0,0,0,0,0,0,0,0,0,12,1,0,nan,nan,nan,nan,nan,0
1.235,3800,250,-12,0,0,0,0,-0,0,0,0,0,0,0,0,0,0,0,0,0,0,0,0,0,0,0,12,1,0,nan,nan,nan,nan,nan,0
1.24,3800,250,-12,0,0,0,0,-0,0,0,0,0,0,0,0,0,0,0,0,0,0,0,0,0,0,0,12,1,0,nan,nan,nan,nan,nan,0
1.245,3800,250,-12,0,0,0,0,-0,0,0,0,0,0,0,0,0,0,0,0,0,0,0,0,0,0,0,12,1,0,nan,nan,nan,nan,nan,0
1.25,3800,250,-12,0,0,0,0,-0,0,0,0,0,0,0,0,0,0,0,0,0,0,0,0,0,0,0,12,1,0,nan,nan,nan,nan,nan,0
1.255,3800,250,-12,0,0,0,0,-0,0,0,0,0,0,0,0,0,0,0,0,0,0,0,0,0,0,0,12,1,0,nan,nan,nan,nan,nan,0
1.26,3800,250,-12,0,0,0,0,-0,0,0,0,0,0,0,0,0,0,0,0,0,0,0,0,0,0,0,12,1,0,nan,nan,nan,nan,nan,0
1.265,3800,250,-12,0,0,0,0,-0,0,0,0,0,0,0,0,0,0,0,0,0,0,0,0,0,0,0,12,1,0,nan,nan,nan,nan,nan,0
1.27,3800,250,-12,0,0,0,0,-0,0,0,0,0,0,0,0,0,0,0,0,0,0,0,0,0,0,0,12,1,0,nan,nan,nan,nan,nan,0
1.275,3800,250,-12,0,0,0,0,-0,0,0,0,0,0,0,0,0,0,0,0,0,0,0,0,0,0,0,12,1,0,nan,nan,nan,nan,nan,0
1.28,3800,250,-12,0,0,0,0,-0,0,0,0,0,0,0,0,0,0,0,0,0,0,0,0,0,0,0,12,1,0,nan,nan,nan,nan,nan,0
1.285,3800,250,-12,0,0,0,0,-0,0,0,0,0,0,0,0,0,0,0,0,0,0,0,0,0,0,0,12,1,0,nan,nan,nan,nan,nan,0
1.29,3800,250,-12,0,0,0,0,-0,0,0,0,0,0,0,0,0,0,0,0,0,0,0,0,0,0,0,12,1,0,nan,nan,nan,nan,nan,0
1.295,3800,250,-12,0,0,0,0,-0,0,0,0,0,0,0,0,0,0,0,0,0,0,0,0,0,0,0,12,1,0,nan,nan,nan,nan,nan,0
1.3,3800,250,-12,0,0,0,0,-0,0,0,0,0,0,0,0,0,0,0,0,0,0,0,0,0,0,0,12,1,0,nan,nan,nan,nan,nan,0
1.305,3800,250,-12,0,0,0,0,-0,0,0,0,0,0,0,0,0,0,0,0,0,0,0,0,0,0,0,12,1,0,nan,nan,nan,nan,nan,0
1.31,3800,250,-12,0,0,0,0,-0,0,0,0,0,0,0,0,0,0,0,0,0,0,0,0,0,0,0,12,1,0,nan,nan,nan,nan,nan,0
1.315,3800,250,-12,0,0,0,0,-0,0,0,0,0,0,0,0,0,0,0,0,0,0,0,0,0,0,0,12,1,0,nan,nan,nan,nan,nan,0
1.32,3800,250,-12,0,0,0,0,-0,0,0,0,0,0,0,0,0,0,0,0,0,0,0,0,0,0,0,12,1,0,nan,nan,nan,nan,nan,0
1.325,3800,250,-12,0,0,0,0,-0,0,0,0,0,0,0,0,0,0,0,0,0,0,0,0,0,0,0,12,1,0,nan,nan,nan,nan,nan,0
1.33,3800,250,-12,0,0,0,0,-0,0,0,0,0,0,0,0,0,0,0,0,0,0,0,0,0,0,0,12,1,0,nan,nan,nan,nan,nan,0
1.335,3800,250,-12,0,0,0,0,-0,0,0,0,0,0,0,0,0,0,0,0,0,0,0,0,0,0,0,12,1,0,nan,nan,nan,nan,nan,0
1.34,3800,250,-12,0,0,0,0,-0,0,0,0,0,0,0,0,0,0,0,0,0,0,0,0,0,0,0,12,1,0,nan,nan,nan,nan,nan,0
1.345,3800,250,-12,0,0,0,0,-0,0,0,0,0,0,0,0,0,0,0,0,0,0,0,0,0,0,0,12,1,0,nan,nan,nan,nan,nan,0
1.35,3800,250,-12,0,0,0,0,-0,0,0,0,0,0,0,0,0,0,0,0,0,0,0,0,0,0,0,12,1,0,nan,nan,nan,nan,nan,0
1.355,3800,250,-12,0,0,0,0,-0,0,0,0,0,0,0,0,0,0,0,0,0,0,0,0,0,0,0,12,1,0,nan,nan,nan,nan,nan,0
1.36,3800,250,-12,0,0,0,0,-0,0,0,0,0,0,0,0,0,0,0,0,0,0,0,0,0,0,0,12,1,0,nan,nan,nan,nan,nan,0
1.365,3800,250,-12,0,0,0,0,-0,0,0,0,0,0,0,0,0,0,0,0,0,0,0,0,0,0,0,12,1,0,nan,nan,nan,nan,nan,0
1.37,3800,250,-12,0,0,0,0,-0,0,0,0,0,0,0,0,0,0,0,0,0,0,0,0,0,0,0,12,1,0,nan,nan,nan,nan,nan,0
1.375,3800,250,-12,0,0,0,0,-0,0,0,0,0,0,0,0,0,0,0,0,0,0,0,0,0,0,0,12,1,0,nan,nan,nan,nan,nan,0
1.38,3800,250,-12,0,0,0,0,-0,0,0,0,0,0,0,0,0,0,0,0,0,0,0,0,0,0,0,12,1,0,nan,nan,nan,nan,nan,0
1.385,3800,250,-12,0,0,0,0,-0,0,0,0,0,0,0,0,0,0,0,0,0,0,0,0,0,0,0,12,1,0,nan,nan,nan,nan,nan,0
1.39,3800,250,-12,0,0,0,0,-0,0,0,0,0,0,0,0,0,0,0,0,0,0,0,0,0,0,0,12,1,0,nan,nan,nan,nan,nan,0
1.395,3800,250,-12,0,0,0,0,-0,0,0,0,0,0,0,0,0,0,0,0,0,0,0,0,0,0,0,12,1,0,nan,nan,nan,nan,nan,0
1.4,3800,250,-12,0,0,0,0,-0,0,0,0,0,0,0,0,0,0,0,0,0,0,0,0,0,0,0,12,1,0,nan,nan,nan,nan,nan,0
1.405,3800,250,-12,0,0,0,0,-0,0,0,0,0,0,0,0,0,0,0,0,0,0,0,0,0,0,0,12,1,0,nan,nan,nan,nan,nan,0
1.41,3800,250,-12,0,0,0,0,-0,0,0,0,0,0,0,0,0,0,0,0,0,0,0,0,0,0,0,12,1,0,nan,nan,nan,nan,nan,0
1.415,3800,250,-12,0,0,0,0,-0,0,0,0,0,0,0,0,0,0,0,0,0,0,0,0,0,0,0,12,1,0,nan,nan,nan,nan,nan,0
1.42,3800,250,-12,0,0,0,0,-0,0,0,0,0,0,0,0,0,0,0,0,0,0,0,0,0,0,0,12,1,0,nan,nan,nan,nan,nan,0
1.425,3800,250,-12,0,0,0,0,-0,0,0,0,0,0,0,0,0,0,0,0,0,0,0,0,0,0,0,12,1,0,nan,nan,nan,nan,nan,0
1.43,3800,250,-12,0,0,0,0,-0,0,0,0,0,0,0,0,0,0,0,0,0,0,0,0,0,0,0,12,1,0,nan,nan,nan,nan,nan,0
1.435,3800,250,-12,0,0,0,0,-0,0,0,0,0,0,0,0,0,0,0,0,0,0,0,0,0,0,0,12,1,0,nan,nan,nan,nan,nan,0
1.44,3800,250,-12,0,0,0,0,-0,0,0,0,0,0,0,0,0,0,0,0,0,0,0,0,0,0,0,12,1,0,nan,nan,nan,nan,nan,0
1.445,3800,250,-12,0,0,0,0,-0,0,0,0,0,0,0,0,0,0,0,0,0,0,0,0,0,0,0,12,1,0,nan,nan,nan,nan,nan,0
1.45,3800,250,-12,0,0,0,0,-0,0,0,0,0,0,0,0,0,0,0,0,0,0,0,0,0,0,0,12,1,0,nan,nan,nan,nan,nan,0
1.455,3800,250,-12,0,0,0,0,-0,0,0,0,0,0,0,0,0,0,0,0,0,0,0,0,0,0,0,12,1,0,nan,nan,nan,nan,nan,0
1.46,3800,250,-12,0,0,0,0,-0,0,0,0,0,0,0,0,0,0,0,0,0,0,0,0,0,0,0,12,1,0,nan,nan,nan,nan,nan,0
1.465,3800,250,-12,0,0,0,0,-0,0,0,0,0,0,0,0,0,0,0,0,0,0,0,0,0,0,0,12,1,0,nan,nan,nan,nan,nan,0
1.47,3800,250,-12,0,0,0,0,-0,0,0,0,0,0,0,0,0,0,0,0,0,0,0,0,0,0,0,12,1,0,nan,nan,nan,nan,nan,0
1.475,3800,250,-12,0,0,0,0,-0,0,0,0,0,0,0,0,0,0,0,0,0,0,0,0,0,0,0,12,1,0,nan,nan,nan,nan,nan,0
1.48,3800,250,-12,0,0,0,0,-0,0,0,0,0,0,0,0,0,0,0,0,0,0,0,0,0,0,0,12,1,0,nan,nan,nan,nan,nan,0
1.485,3800,250,-12,0,0,0,0,-0,0,0,0,0,0,0,0,0,0,0,0,0,0,0,0,0,0,0,12,1,0,nan,nan,nan,nan,nan,0
1.49,3800,250,-12,0,0,0,0,-0,0,0,0,0,0,0,0,0,0,0,0,0,0,0,0,0,0,0,12,1,0,nan,nan,nan,nan,nan,0
1.495,3800,250,-12,0,0,0,0,-0,0,0,0,0,0,0,0,0,0,0,0,0,0,0,0,0,0,0,12,1,0,nan,nan,nan,nan,nan,0
1.5,3800,250,-12,0,0,0,0,-0,0,0,0,0,0,0,0,0,0,0,0,0,0,0,0,0,0,0,12,1,0,nan,nan,nan,nan,nan,0
1.505,3800,250,-12,0,0,0,0,-0,0,0,0,0,0,0,0,0,0,0,0,0,0,0,0,0,0,0,12,1,0,nan,nan,nan,nan,nan,0
1.51,3800,250,-12,0,0,0,0,-0,0,0,0,0,0,0,0,0,0,0,0,0,0,0,0,0,0,0,12,1,0,nan,nan,nan,nan,nan,0
1.515,3800,250,-12,0,0,0,0,-0,0,0,0,0,0,0,0,0,0,0,0,0,0,0,0,0,0,0,12,1,0,nan,nan,nan,nan,nan,0
1.52,3800,250,-12,0,0,0,0,-0,0,0,0,0,0,0,0,0,0,0,0,0,0,0,0,0,0,0,12,1,0,nan,nan,nan,nan,nan,0
1.525,3800,250,-12,0,0,0,0,-0,0,0,0,0,0,0,0,0,0,0,0,0,0,0,0,0,0,0,12,1,0,nan,nan,nan,nan,nan,0
1.53,3800,250,-12,0,0,0,0,-0,0,0,0,0,0,0,0,0,0,0,0,0,0,0,0,0,0,0,12,1,0,nan,nan,nan,nan,nan,0
1.535,3800,250,-12,0,0,0,0,-0,0,0,0,0,0,0,0,0,0,0,0,0,0,0,0,0,0,0,12,1,0,nan,nan,nan,nan,nan,0
1.54,3800,250,-12,0,0,0,0,-0,0,0,0,0,0,0,0,0,0,0,0,0,0,0,0,0,0,0,12,1,0,nan,nan,nan,nan,nan,0
1.545,3800,250,-12,0,0,0,0,-0,0,0,0,0,0,0,0,0,0,0,0,0,0,0,0,0,0,0,12,1,0,nan,nan,nan,nan,nan,0
1.55,3800,250,-12,0,0,0,0,-0,0,0,0,0,0,0,0,0,0,0,0,0,0,0,0,0,0,0,12,1,0,nan,nan,nan,nan,nan,0
1.555,3800,250,-12,0,0,0,0,-0,0,0,0,0,0,0,0,0,0,0,0,0,0,0,0,0,0,0,12,1,0,nan,nan,nan,nan,nan,0
1.56,3800,250,-12,0,0,0,0,-0,0,0,0,0,0,0,0,0,0,0,0,0,0,0,0,0,0,0,12,1,0,nan,nan,nan,nan,nan,0
1.565,3800,250,-12,0,0,0,0,-0,0,0,0,0,0,0,0,0,0,0,0,0,0,0,0,0,0,0,12,1,0,nan,nan,nan,nan,nan,0
1.57,3800,250,-12,0,0,0,0,-0,0,0,0,0,0,0,0,0,0,0,0,0,0,0,0,0,0,0,12,1,0,nan,nan,nan,nan,nan,0
1.575,3800,250,-12,0,0,0,0,-0,0,0,0,0,0,0,0,0,0,0,0,0,0,0,0,0,0,0,12,1,0,nan,nan,nan,nan,nan,0
1.58,3800,250,-12,0,0,0,0,-0,0,0,0,0,0,0,0,0,0,0,0,0,0,0,0,0,0,0,12,1,0,nan,nan,nan,nan,nan,0
1.585,3800,250,-12,0,0,0,0,-0,0,0,0,0,0,0,0,0,0,0,0,0,0,0,0,0,0,0,12,1,0,nan,nan,nan,nan,nan,0
1.59,3800,250,-12,0,0,0,0,-0,0,0,0,0,0,0,0,0,0,0,0,0,0,0,0,0,0,0,12,1,0,nan,nan,nan,nan,nan,0
1.595,3800,250,-12,0,0,0,0,-0,0,0,0,0,0,0,0,0,0,0,0,0,0,0,0,0,0,0,12,1,0,nan,nan,nan,nan,nan,0
1.6,3800,250,-12,0,0,0,0,-0,0,0,0,0,0,0,0,0,0,0,0,0,0,0,0,0,0,0,12,1,0,nan,nan,nan,nan,nan,0
1.605,3800,250,-12,0,0,0,0,-0,0,0,0,0,0,0,0,0,0,0,0,0,0,0,0,0,0,0,12,1,0,nan,nan,nan,nan,nan,0
1.61,3800,250,-12,0,0,0,0,-0,0,0,0,0,0,0,0,0,0,0,0,0,0,0,0,0,0,0,12,1,0,nan,nan,nan,nan,nan,0
1.615,3800,250,-12,0,0,0,0,-0,0,0,0,0,0,0,0,0,0,0,0,0,0,0,0,0,0,0,12,1,0,nan,nan,nan,nan,nan,0
1.62,3800,250,-12,0,0,0,0,-0,0,0,0,0,0,0,0,0,0,0,0,0,0,0,0,0,0,0,12,1,0,nan,nan,nan,nan,nan,0
1.625,3800,250,-12,0,0,0,0,-0,0,0,0,0,0,0,0,0,0,0,0,0,0,0,0,0,0,0,12,1,0,nan,nan,nan,nan,nan,0
1.63,3800,250,-12,0,0,0,0,-0,0,0,0,0,0,0,0,0,0,0,0,0,0,0,0,0,0,0,12,1,0,nan,nan,nan,nan,nan,0
1.635,3800,250,-12,0,0,0,0,-0,0,0,0,0,0,0,0,0,0,0,0,0,0,0,0,0,0,0,12,1,0,nan,nan,nan,nan,nan,0
1.64,3800,250,-12,0,0,0,0,-0,0,0,0,0,0,0,0,0,0,0,0,0,0,0,0,0,0,0,12,1,0,nan,nan,nan,nan,nan,0
1.645,3800,250,-12,0,0,0,0,-0,0,0,0,0,0,0,0,0,0,0,0,0,0,0,0,0,0,0,12,1,0,nan,nan,nan,nan,nan,0
1.65,3800,250,-12,0,0,0,0,-0,0,0,0,0,0,0,0,0,0,0,0,0,0,0,0,0,0,0,12,1,0,nan,nan,nan,nan,nan,0
1.655,3800,250,-12,0,0,0,0,-0,0,0,0,0,0,0,0,0,0,0,0,0,0,0,0,0,0,0,12,1,0,nan,nan,nan,nan,nan,0
1.66,3800,250,-12,0,0,0,0,-0,0,0,0,0,0,0,0,0,0,0,0,0,0,0,0,0,0,0,12,1,0,nan,nan,nan,nan,nan,0
1.665,3800,250,-12,0,0,0,0,-0,0,0,0,0,0,0,0,0,0,0,0,0,0,0,0,0,0,0,12,1,0,nan,nan,nan,nan,nan,0
1.67,3800,250,-12,0,0,0,0,-0,0,0,0,0,0,0,0,0,0,0,0,0,0,0,0,0,0,0,12,1,0,nan,nan,nan,nan,nan,0
1.675,3800,250,-12,0,0,0,0,-0,0,0,0,0,0,0,0,0,0,0,0,0,0,0,0,0,0,0,12,1,0,nan,nan,nan,nan,nan,0
1.68,3800,250,-12,0,0,0,0,-0,0,0,0,0,0,0,0,0,0,0,0,0,0,0,0,0,0,0,12,1,0,nan,nan,nan,nan,nan,0
1.685,3800,250,-12,0,0,0,0,-0,0,0,0,0,0,0,0,0,0,0,0,0,0,0,0,0,0,0,12,1,0,nan,nan,nan,nan,nan,0
1.69,3800,250,-12,0,0,0,0,-0,0,0,0,0,0,0,0,0,0,0,0,0,0,0,0,0,0,0,12,1,0,nan,nan,nan,nan,nan,0
1.695,3800,250,-12,0,0,0,0,-0,0,0,0,0,0,0,0,0,0,0,0,0,0,0,0,0,0,0,12,1,0,nan,nan,nan,nan,nan,0
1.7,3800,250,-12,0,0,0,0,-0,0,0,0,0,0,0,0,0,0,0,0,0,0,0,0,0,0,0,12,1,0,nan,nan,nan,nan,nan,0
1.705,3800,250,-12,0,0,0,0,-0,0,0,0,0,0,0,0,0,0,0,0,0,0,0,0,0,0,0,12,1,0,nan,nan,nan,nan,nan,0
1.71,3800,250,-12,0,0,0,0,-0,0,0,0,0,0,0,0,0,0,0,0,0,0,0,0,0,0,0,12,1,0,nan,nan,nan,nan,nan,0
1.715,3800,250,-12,0,0,0,0,-0,0,0,0,0,0,0,0,0,0,0,0,0,0,0,0,0,0,0,12,1,0,nan,nan,nan,nan,nan,0
1.72,3800,250,-12,0,0,0,0,-0,0,0,0,0,0,0,0,0,0,0,0,0,0,0,0,0,0,0,12,1,0,nan,nan,nan,nan,nan,0
1.725,3800,250,-12,0,0,0,0,-0,0,0,0,0,0,0,0,0,0,0,0,0,0,0,0,0,0,0,12,1,0,nan,nan,nan,nan,nan,0
1.73,3800,250,-12,0,0,0,0,-0,0,0,0,0,0,0,0,0,0,0,0,0,0,0,0,0,0,0,12,1,0,nan,nan,nan,nan,nan,0
1.735,3800,250,-12,0,0,0,0,-0,0,0,0,0,0,0,0,0,0,0,0,0,0,0,0,0,0,0,12,1,0,nan,nan,nan,nan,nan,0
1.74,3800,250,-12,0,0,0,0,-0,0,0,0,0,0,0,0,0,0,0,0,0,0,0,0,0,0,0,12,1,0,nan,nan,nan,nan,nan,0
1.745,3800,250,-12,0,0,0,0,-0,0,0,0,0,0,0,0,0,0,0,0,0,0,0,0,0,0,0,12,1,0,nan,nan,nan,nan,nan,0
1.75,3800,250,-12,0,0,0,0,-0,0,0,0,0,0,0,0,0,0,0,0,0,0,0,0,0,0,0,12,1,0,nan,nan,nan,nan,nan,0
1.755,3800,250,-12,0,0,0,0,-0,0,0,0,0,0,0,0,0,0,0,0,0,0,0,0,0,0,0,12,1,0,nan,nan,nan,nan,nan,0
1.76,3800,250,-12,0,0,0,0,-0,0,0,0,0,0,0,0,0,0,0,0,0,0,0,0,0,0,0,12,1,0,nan,nan,nan,nan,nan,0
1.765,3800,250,-12,0,0,0,0,-0,0,0,0,0,0,0,0,0,0,0,0,0,0,0,0,0,0,0,12,1,0,nan,nan,nan,nan,nan,0
1.77,3800,250,-12,0,0,0,0,-0,0,0,0,0,0,0,0,0,0,0,0,0,0,0,0,0,0,0,12,1,0,nan,nan,nan,nan,nan,0
1.775,3800,250,-12,0,0,0,0,-0,0,0,0,0,0,0,0,0,0,0,0,0,0,0,0,0,0,0,12,1,0,nan,nan,nan,nan,nan,0
1.78,3800,250,-12,0,0,0,0,-0,0,0,0,0,0,0,0,0,0,0,0,0,0,0,0,0,0,0,12,1,0,nan,nan,nan,nan,nan,0
1.785,3800,250,-12,0,0,0,0,-0,0,0,0,0,0,0,0,0,0,0,0,0,0,0,0,0,0,0,12,1,0,nan,nan,nan,nan,nan,0
1.79,3800,250,-12,0,0,0,0,-0,0,0,0,0,0,0,0,0,0,0,0,0,0,0,0,0,0,0,12,1,0,nan,nan,nan,nan,nan,0
1.795,3800,250,-12,0,0,0,0,-0,0,0,0,0,0,0,0,0,0,0,0,0,0,0,0,0,0,0,12,1,0,nan,nan,nan,nan,nan,0
1.8,3800,250,-12,0,0,0,0,-0,0,0,0,0,0,0,0,0,0,0,0,0,0,0,0,0,0,0,12,1,0,nan,nan,nan,nan,nan,0
1.805,3800,250,-12,0,0,0,0,-0,0,0,0,0,0,0,0,0,0,0,0,0,0,0,0,0,0,0,12,1,0,nan,nan,nan,nan,nan,0
1.81,3800,250,-12,0,0,0,0,-0,0,0,0,0,0,0,0,0,0,0,0,0,0,0,0,0,0,0,12,1,0,nan,nan,nan,nan,nan,0
1.815,3800,250,-12,0,0,0,0,-0,0,0,0,0,0,0,0,0,0,0,0,0,0,0,0,0,0,0,12,1,0,nan,nan,nan,nan,nan,0
1.82,3800,250,-12,0,0,0,0,-0,0,0,0,0,0,0,0,0,0,0,0,0,0,0,0,0,0,0,12,1,0,nan,nan,nan,nan,nan,0
1.825,3800,250,-12,0,0,0,0,-0,0,0,0,0,0,0,0,0,0,0,0,0,0,0,0,0,0,0,12,1,0,nan,nan,nan,nan,nan,0
1.83,3800,250,-12,0,0,0,0,-0,0,0,0,0,0,0,0,0,0,0,0,0,0,0,0,0,0,0,12,1,0,nan,nan,nan,nan,nan,0
1.835,3800,250,-12,0,0,0,0,-0,0,0,0,0,0,0,0,0,0,0,0,0,0,0,0,0,0,0,12,1,0,nan,nan,nan,nan,nan,0
1.84,3800,250,-12,0,0,0,0,-0,0,0,0,0,0,0,0,0,0,0,0,0,0,0,0,0,0,0,12,1,0,nan,nan,nan,nan,nan,0
1.845,3800,250,-12,0,0,0,0,-0,0,0,0,0,0,0,0,0,0,0,0,0,0,0,0,0,0,0,12,1,0,nan,nan,nan,nan,nan,0
1.85,3800,250,-12,0,0,0,0,-0,0,0,0,0,0,0,0,0,0,0,0,0,0,0,0,0,0,0,12,1,0,nan,nan,nan,nan,nan,0
1.855,3800,250,-12,0,0,0,0,-0,0,0,0,0,0,0,0,0,0,0,0,0,0,0,0,0,0,0,12,1,0,nan,nan,nan,nan,nan,0
1.86,3800,250,-12,0,0,0,0,-0,0,0,0,0,0,0,0,0,0,0,0,0,0,0,0,0,0,0,12,1,0,nan,nan,nan,nan,nan,0
1.865,3800,250,-12,0,0,0,0,-0,0,0,0,0,0,0,0,0,0,0,0,0,0,0,0,0,0,0,12,1,0,nan,nan,nan,nan,nan,0
1.87,3800,250,-12,0,0,0,0,-0,0,0,0,0,0,0,0,0,0,0,0,0,0,0,0,0,0,0,12,1,0,nan,nan,nan,nan,nan,0
1.875,3800,250,-12,0,0,0,0,-0,0,0,0,0,0,0,0,0,0,0,0,0,0,0,0,0,0,0,12,1,0,nan,nan,nan,nan,nan,0
1.88,3800,250,-12,0,0,0,0,-0,0,0,0,0,0,0,0,0,0,0,0,0,0,0,0,0,0,0,12,1,0,nan,nan,nan,nan,nan,0
1.885,3800,250,-12,0,0,0,0,-0,0,0,0,0,0,0,0,0,0,0,0,0,0,0,0,0,0,0,12,1,0,nan,nan,nan,nan,nan,0
1.89,3800,250,-12,0,0,0,0,-0,0,0,0,0,0,0,0,0,0,0,0,0,0,0,0,0,0,0,12,1,0,nan,nan,nan,nan,nan,0
1.895,3800,250,-12,0,0,0,0,-0,0,0,0,0,0,0,0,0,0,0,0,0,0,0,0,0,0,0,12,1,0,nan,nan,nan,nan,nan,0
1.9,3800,250,-12,0,0,0,0,-0,0,0,0,0,0,0,0,0,0,0,0,0,0,0,0,0,0,0,12,1,0,nan,nan,nan,nan,nan,0
1.905,3800,250,-12,0,0,0,0,-0,0,0,0,0,0,0,0,0,0,0,0,0,0,0,0,0,0,0,12,1,0,nan,nan,nan,nan,nan,0
1.91,3800,250,-12,0,0,0,0,-0,0,0,0,0,0,0,0,0,0,0,0,0,0,0,0,0,0,0,12,1,0,nan,nan,nan,nan,nan,0
1.915,3800,250,-12,0,0,0,0,-0,0,0,0,0,0,0,0,0,0,0,0,0,0,0,0,0,0,0,12,1,0,nan,nan,nan,nan,nan,0
1.92,3800,250,-12,0,0,0,0,-0,0,0,0,0,0,0,0,0,0,0,0,0,0,0,0,0,0,0,12,1,0,nan,nan,nan,nan,nan,0
1.925,3800,250,-12,0,0,0,0,-0,0,0,0,0,0,0,0,0,0,0,0,0,0,0,0,0,0,0,12,1,0,nan,nan,nan,nan,nan,0
1.93,3800,250,-12,0,0,0,0,-0,0,0,0,0,0,0,0,0,0,0,0,0,0,0,0,0,0,0,12,1,0,nan,nan,nan,nan,nan,0
1.935,3800,250,-12,0,0,0,0,-0,0,0,0,0,0,0,0,0,0,0,0,0,0,0,0,0,0,0,12,1,0,nan,nan,nan,nan,nan,0
1.94,3800,250,-12,0,0,0,0,-0,0,0,0,0,0,0,0,0,0,0,0,0,0,0,0,0,0,0,12,1,0,nan,nan,nan,nan,nan,0
1.945,3800,250,-12,0,0,0,0,-0,0,0,0,0,0,0,0,0,0,0,0,0,0,0,0,0,0,0,12,1,0,nan,nan,nan,nan,nan,0
1.95,3800,250,-12,0,0,0,0,-0,0,0,0,0,0,0,0,0,0,0,0,0,0,0,0,0,0,0,12,1,0,nan,nan,nan,nan,nan,0
1.955,3800,250,-12,0,0,0,0,-0,0,0,0,0,0,0,0,0,0,0,0,0,0,0,0,0,0,0,12,1,0,nan,nan,nan,nan,nan,0
1.96,3800,250,-12,0,0,0,0,-0,0,0,0,0,0,0,0,0,0,0,0,0,0,0,0,0,0,0,12,1,0,nan,nan,nan,nan,nan,0
1.965,3800,250,-12,0,0,0,0,-0,0,0,0,0,0,0,0,0,0,0,0,0,0,0,0,0,0,0,12,1,0,nan,nan,nan,nan,nan,0
1.97,3800,250,-12,0,0,0,0,-0,0,0,0,0,0,0,0,0,0,0,0,0,0,0,0,0,0,0,12,1,0,nan,nan,nan,nan,nan,0
1.975,3800,250,-12,0,0,0,0,-0,0,0,0,0,0,0,0,0,0,0,0,0,0,0,0,0,0,0,12,1,0,nan,nan,nan,nan,nan,0
1.98,3800,250,-12,0,0,0,0,-0,0,0,0,0,0,0,0,0,0,0,0,0,0,0,0,0,0,0,12,1,0,nan,nan,nan,nan,nan,0
1.985,3800,250,-12,0,0,0,0,-0,0,0,0,0,0,0,0,0,0,0,0,0,0,0,0,0,0,0,12,1,0,nan,nan,nan,nan,nan,0
1.99,3800,250,-12,0,0,0,0,-0,0,0,0,0,0,0,0,0,0,0,0,0,0,0,0,0,0,0,12,1,0,nan,nan,nan,nan,nan,0
1.995,3800,250,-12,0,0,0,0,-0,0,0,0,0,0,0,0,0,0,0,0,0,0,0,0,0,0,0,12,1,0,nan,nan,nan,nan,nan,0
2,3800,250,-12,0,0,0,0,-0,0,0,0,0,0,0,0,0,0,0,0,0,0,0,0,0,0,0,12,1,0,nan,nan,nan,nan,nan,0
2.005,3800,250,-12,0,0,0,0,-0,0,0,0,0,0,0,0,0,0,0,0,0,0,0,0,0,0,0,12,1,0,nan,nan,nan,nan,nan,0
2.01,3800,250,-12,0,0,0,0,-0,0,0,0,0,0,0,0,0,0,0,0,0,0,0,0,0,0,0,12,1,0,nan,nan,nan,nan,nan,0
2.015,3800,250,-12,0,0,0,0,-0,0,0,0,0,0,0,0,0,0,0,0,0,0,0,0,0,0,0,12,1,0,nan,nan,nan,nan,nan,0
2.02,3800,250,-12,0,0,0,0,-0,0,0,0,0,0,0,0,0,0,0,0,0,0,0,0,0,0,0,12,1,0,nan,nan,nan,nan,nan,0
2.025,3800,250,-12,0,0,0,0,-0,0,0,0,0,0,0,0,0,0,0,0,0,0,0,0,0,0,0,12,1,0,nan,nan,nan,nan,nan,0
2.03,3800,250,-12,0,0,0,0,-0,0,0,0,0,0,0,0,0,0,0,0,0,0,0,0,0,0,0,12,1,0,nan,nan,nan,nan,nan,0
2.035,3800,250,-12,0,0,0,0,-0,0,0,0,0,0,0,0,0,0,0,0,0,0,0,0,0,0,0,12,1,0,nan,nan,nan,nan,nan,0
2.04,3800,250,-12,0,0,0,0,-0,0,0,0,0,0,0,0,0,0,0,0,0,0,0,0,0,0,0,12,1,0,nan,nan,nan,nan,nan,0
2.045,3800,250,-12,0,0,0,0,-0,0,0,0,0,0,0,0,0,0,0,0,0,0,0,0,0,0,0,12,1,0,nan,nan,nan,nan,nan,0
2.05,3800,250,-12,0,0,0,0,-0,0,0,0,0,0,0,0,0,0,0,0,0,0,0,0,0,0,0,12,1,0,nan,nan,nan,nan,nan,0
2.055,3800,250,-12,0,0,0,0,-0,0,0,0,0,0,0,0,0,0,0,0,0,0,0,0,0,0,0,12,1,0,nan,nan,nan,nan,nan,0
2.06,3800,250,-12,0,0,0,0,-0,0,0,0,0,0,0,0,0,0,0,0,0,0,0,0,0,0,0,12,1,0,nan,nan,nan,nan,nan,0
2.065,3800,250,-12,0,0,0,0,-0,0,0,0,0,0,0,0,0,0,0,0,0,0,0,0,0,0,0,12,1,0,nan,nan,nan,nan,nan,0
2.07,3800,250,-12,0,0,0,0,-0,0,0,0,0,0,0,0,0,0,0,0,0,0,0,0,0,0,0,12,1,0,nan,nan,nan,nan,nan,0
2.075,3800,250,-12,0,0,0,0,-0,0,0,0,0,0,0,0,0,0,0,0,0,0,0,0,0,0,0,12,1,0,nan,nan,nan,nan,nan,0
2.08,3800,250,-12,0,0,0,0,-0,0,0,0,0,0,0,0,0,0,0,0,0,0,0,0,0,0,0,12,1,0,nan,nan,nan,nan,nan,0
2.085,3800,250,-12,0,0,0,0,-0,0,0,0,0,0,0,0,0,0,0,0,0,0,0,0,0,0,0,12,1,0,nan,nan,nan,nan,nan,0
2.09,3800,250,-12,0,0,0,0,-0,0,0,0,0,0,0,0,0,0,0,0,0,0,0,0,0,0,0,12,1,0,nan,nan,nan,nan,nan,0
2.095,3800,250,-12,0,0,0,0,-0,0,0,0,0,0,0,0,0,0,0,0,0,0,0,0,0,0,0,12,1,0,nan,nan,nan,nan,nan,0
2.1,3800,250,-12,0,0,0,0,-0,0,0,0,0,0,0,0,0,0,0,0,0,0,0,0,0,0,0,12,1,0,nan,nan,nan,nan,nan,0
2.105,3800,250,-12,0,0,0,0,-0,0,0,0,0,0,0,0,0,0,0,0,0,0,0,0,0,0,0,12,1,0,nan,nan,nan,nan,nan,0
2.11,3800,250,-12,0,0,0,0,-0,0,0,0,0,0,0,0,0,0,0,0,0,0,0,0,0,0,0,12,1,0,nan,nan,nan,nan,nan,0
2.115,3800,250,-12,0,0,0,0,-0,0,0,0,0,0,0,0,0,0,0,0,0,0,0,0,0,0,0,12,1,0,nan,nan,nan,nan,nan,0
2.12,3800,250,-12,0,0,0,0,-0,0,0,0,0,0,0,0,0,0,0,0,0,0,0,0,0,0,0,12,1,0,nan,nan,nan,nan,nan,0
2.125,3800,250,-12,0,0,0,0,-0,0,0,0,0,0,0,0,0,0,0,0,0,0,0,0,0,0,0,12,1,0,nan,nan,nan,nan,nan,0
2.13,3800,250,-12,0,0,0,0,-0,0,0,0,0,0,0,0,0,0,0,0,0,0,0,0,0,0,0,12,1,0,nan,nan,nan,nan,nan,0
2.135,3800,250,-12,0,0,0,0,-0,0,0,0,0,0,0,0,0,0,0,0,0,0,0,0,0,0,0,12,1,0,nan,nan,nan,nan,nan,0
2.14,3800,250,-12,0,0,0,0,-0,0,0,0,0,0,0,0,0,0,0,0,0,0,0,0,0,0,0,12,1,0,nan,nan,nan,nan,nan,0
2.145,3800,250,-12,0,0,0,0,-0,0,0,0,0,0,0,0,0,0,0,0,0,0,0,0,0,0,0,12,1,0,nan,nan,nan,nan,nan,0
2.15,3800,250,-12,0,0,0,0,-0,0,0,0,0,0,0,0,0,0,0,0,0,0,0,0,0,0,0,12,1,0,nan,nan,nan,nan,nan,0
2.155,3800,250,-12,0,0,0,0,-0,0,0,0,0,0,0,0,0,0,0,0,0,0,0,0,0,0,0,12,1,0,nan,nan,nan,nan,nan,0
2.16,3800,250,-12,0,0,0,0,-0,0,0,0,0,0,0,0,0,0,0,0,0,0,0,0,0,0,0,12,1,0,nan,nan,nan,nan,nan,0
2.165,3800,250,-12,0,0,0,0,-0,0,0,0,0,0,0,0,0,0,0,0,0,0,0,0,0,0,0,12,1,0,nan,nan,nan,nan,nan,0
2.17,3800,250,-12,0,0,0,0,-0,0,0,0,0,0,0,0,0,0,0,0,0,0,0,0,0,0,0,12,1,0,nan,nan,nan,nan,nan,0
2.175,3800,250,-12,0,0,0,0,-0,0,0,0,0,0,0,0,0,0,0,0,0,0,0,0,0,0,0,12,1,0,nan,nan,nan,nan,nan,0
2.18,3800,250,-12,0,0,0,0,-0,0,0,0,0,0,0,0,0,0,0,0,0,0,0,0,0,0,0,12,1,0,nan,nan,nan,nan,nan,0
2.185,3800,250,-12,0,0,0,0,-0,0,0,0,0,0,0,0,0,0,0,0,0,0,0,0,0,0,0,12,1,0,nan,nan,nan,nan,nan,0
2.19,3800,250,-12,0,0,0,0,-0,0,0,0,0,0,0,0,0,0,0,0,0,0,0,0,0,0,0,12,1,0,nan,nan,nan,nan,nan,0
2.195,3800,250,-12,0,0,0,0,-0,0,0,0,0,0,0,0,0,0,0,0,0,0,0,0,0,0,0,12,1,0,nan,nan,nan,nan,nan,0
2.2,3800,250,-12,0,0,0,0,-0,0,0,0,0,0,0,0,0,0,0,0,0,0,0,0,0,0,0,12,1,0,nan,nan,nan,nan,nan,0
2.205,3800,250,-12,0,0,0,0,-0,0,0,0,0,0,0,0,0,0,0,0,0,0,0,0,0,0,0,12,1,0,nan,nan,nan,nan,nan,0
2.21,3800,250,-12,0,0,0,0,-0,0,0,0,0,0,0,0,0,0,0,0,0,0,0,0,0,0,0,12,1,0,nan,nan,nan,nan,nan,0
2.215,3800,250,-12,0,0,0,0,-0,0,0,0,0,0,0,0,0,0,0,0,0,0,0,0,0,0,0,12,1,0,nan,nan,nan,nan,nan,0
2.22,3800,250,-12,0,0,0,0,-0,0,0,0,0,0,0,0,0,0,0,0,0,0,0,0,0,0,0,12,1,0,nan,nan,nan,nan,nan,0
2.225,3800,250,-12,0,0,0,0,-0,0,0,0,0,0,0,0,0,0,0,0,0,0,0,0,0,0,0,12,1,0,nan,nan,nan,nan,nan,0
2.23,3800,250,-12,0,0,0,0,-0,0,0,0,0,0,0,0,0,0,0,0,0,0,0,0,0,0,0,12,1,0,nan,nan,nan,nan,nan,0
2.235,3800,250,-12,0,0,0,0,-0,0,0,0,0,0,0,0,0,0,0,0,0,0,0,0,0,0,0,12,1,0,nan,nan,nan,nan,nan,0
2.24,3800,250,-12,0,0,0,0,-0,0,0,0,0,0,0,0,0,0,0,0,0,0,0,0,0,0,0,12,1,0,nan,nan,nan,nan,nan,0
2.245,3800,250,-12,0,0,0,0,-0,0,0,0,0,0,0,0,0,0,0,0,0,0,0,0,0,0,0,12,1,0,nan,nan,nan,nan,nan,0
2.25,3800,250,-12,0,0,0,0,-0,0,0,0,0,0,0,0,0,0,0,0,0,0,0,0,0,0,0,12,1,0,nan,nan,nan,nan,nan,0
2.255,3800,250,-12,0,0,0,0,-0,0,0,0,0,0,0,0,0,0,0,0,0,0,0,0,0,0,0,12,1,0,nan,nan,nan,nan,nan,0
2.26,3800,250,-12,0,0,0,0,-0,0,0,0,0,0,0,0,0,0,0,0,0,0,0,0,0,0,0,12,1,0,nan,nan,nan,nan,nan,0
2.265,3800,250,-12,0,0,0,0,-0,0,0,0,0,0,0,0,0,0,0,0,0,0,0,0,0,0,0,12,1,0,nan,nan,nan,nan,nan,0
2.27,3800,250,-12,0,0,0,0,-0,0,0,0,0,0,0,0,0,0,0,0,0,0,0,0,0,0,0,12,1,0,nan,nan,nan,nan,nan,0
2.275,3800,250,-12,0,0,0,0,-0,0,0,0,0,0,0,0,0,0,0,0,0,0,0,0,0,0,0,12,1,0,nan,nan,nan,nan,nan,0
2.28,3800,250,-12,0,0,0,0,-0,0,0,0,0,0,0,0,0,0,0,0,0,0,0,0,0,0,0,12,1,0,nan,nan,nan,nan,nan,0
2.285,3800,250,-12,0,0,0,0,-0,0,0,0,0,0,0,0,0,0,0,0,0,0,0,0,0,0,0,12,1,0,nan,nan,nan,nan,nan,0
2.29,3800,250,-12,0,0,0,0,-0,0,0,0,0,0,0,0,0,0,0,0,0,0,0,0,0,0,0,12,1,0,nan,nan,nan,nan,nan,0
2.295,3800,250,-12,0,0,0,0,-0,0,0,0,0,0,0,0,0,0,0,0,0,0,0,0,0,0,0,12,1,0,nan,nan,nan,nan,nan,0
2.3,3800,250,-12,0,0,0,0,-0,0,0,0,0,0,0,0,0,0,0,0,0,0,0,0,0,0,0,12,1,0,nan,nan,nan,nan,nan,0
2.305,3800,250,-12,0,0,0,0,-0,0,0,0,0,0,0,0,0,0,0,0,0,0,0,0,0,0,0,12,1,0,nan,nan,nan,nan,nan,0
2.31,3800,250,-12,0,0,0,0,-0,0,0,0,0,0,0,0,0,0,0,0,0,0,0,0,0,0,0,12,1,0,nan,nan,nan,nan,nan,0
2.315,3800,250,-12,0,0,0,0,-0,0,0,0,0,0,0,0,0,0,0,0,0,0,0,0,0,0,0,12,1,0,nan,nan,nan,nan,nan,0
2.32,3800,250,-12,0,0,0,0,-0,0,0,0,0,0,0,0,0,0,0,0,0,0,0,0,0,0,0,12,1,0,nan,nan,nan,nan,nan,0
2.325,3800,250,-12,0,0,0,0,-0,0,0,0,0,0,0,0,0,0,0,0,0,0,0,0,0,0,0,12,1,0,nan,nan,nan,nan,nan,0
2.33,3800,250,-12,0,0,0,0,-0,0,0,0,0,0,0,0,0,0,0,0,0,0,0,0,0,0,0,12,1,0,nan,nan,nan,nan,nan,0
2.335,3800,250,-12,0,0,0,0,-0,0,0,0,0,0,0,0,0,0,0,0,0,0,0,0,0,0,0,12,1,0,nan,nan,nan,nan,nan,0
2.34,3800,250,-12,0,0,0,0,-0,0,0,0,0,0,0,0,0,0,0,0,0,0,0,0,0,0,0,12,1,0,nan,nan,nan,nan,nan,0
2.345,3800,250,-12,0,0,0,0,-0,0,0,0,0,0,0,0,0,0,0,0,0,0,0,0,0,0,0,12,1,0,nan,nan,nan,nan,nan,0
2.35,3800,250,-12,0,0,0,0,-0,0,0,0,0,0,0,0,0,0,0,0,0,0,0,0,0,0,0,12,1,0,nan,nan,nan,nan,nan,0
2.355,3800,250,-12,0,0,0,0,-0,0,0,0,0,0,0,0,0,0,0,0,0,0,0,0,0,0,0,12,1,0,nan,nan,nan,nan,nan,0
2.36,3800,250,-12,0,0,0,0,-0,0,0,0,0,0,0,0,0,0,0,0,0,0,0,0,0,0,0,12,1,0,nan,nan,nan,nan,nan,0
2.365,3800,250,-12,0,0,0,0,-0,0,0,0,0,0,0,0,0,0,0,0,0,0,0,0,0,0,0,12,1,0,nan,nan,nan,nan,nan,0
2.37,3800,250,-12,0,0,0,0,-0,0,0,0,0,0,0,0,0,0,0,0,0,0,0,0,0,0,0,12,1,0,nan,nan,nan,nan,nan,0
2.375,3800,250,-12,0,0,0,0,-0,0,0,0,0,0,0,0,0,0,0,0,0,0,0,0,0,0,0,12,1,0,nan,nan,nan,nan,nan,0
2.38,3800,250,-12,0,0,0,0,-0,0,0,0,0,0,0,0,0,0,0,0,0,0,0,0,0,0,0,12,1,0,nan,nan,nan,nan,nan,0
2.385,3800,250,-12,0,0,0,0,-0,0,0,0,0,0,0,0,0,0,0,0,0,0,0,0,0,0,0,12,1,0,nan,nan,nan,nan,nan,0
2.39,3800,250,-12,0,0,0,0,-0,0,0,0,0,0,0,0,0,0,0,0,0,0,0,0,0,0,0,12,1,0,nan,nan,nan,nan,nan,0
2.395,3800,250,-12,0,0,0,0,-0,0,0,0,0,0,0,0,0,0,0,0,0,0,0,0,0,0,0,12,1,0,nan,nan,nan,nan,nan,0
2.4,3800,250,-12,0,0,0,0,-0,0,0,0,0,0,0,0,0,0,0,0,0,0,0,0,0,0,0,12,1,0,nan,nan,nan,nan,nan,0
2.405,3800,250,-12,0,0,0,0,-0,0,0,0,0,0,0,0,0,0,0,0,0,0,0,0,0,0,0,12,1,0,nan,nan,nan,nan,nan,0
2.41,3800,250,-12,0,0,0,0,-0,0,0,0,0,0,0,0,0,0,0,0,0,0,0,0,0,0,0,12,1,0,nan,nan,nan,nan,nan,0
2.415,3800,250,-12,0,0,0,0,-0,0,0,0,0,0,0,0,0,0,0,0,0,0,0,0,0,0,0,12,1,0,nan,nan,nan,nan,nan,0
2.42,3800,250,-12,0,0,0,0,-0,0,0,0,0,0,0,0,0,0,0,0,0,0,0,0,0,0,0,12,1,0,nan,nan,nan,nan,nan,0
2.425,3800,250,-12,0,0,0,0,-0,0,0,0,0,0,0,0,0,0,0,0,0,0,0,0,0,0,0,12,1,0,nan,nan,nan,nan,nan,0
2.43,3800,250,-12,0,0,0,0,-0,0,0,0,0,0,0,0,0,0,0,0,0,0,0,0,0,0,0,12,1,0,nan,nan,nan,nan,nan,0
2.435,3800,250,-12,0,0,0,0,-0,0,0,0,0,0,0,0,0,0,0,0,0,0,0,0,0,0,0,12,1,0,nan,nan,nan,nan,nan,0
2.44,3800,250,-12,0,0,0,0,-0,0,0,0,0,0,0,0,0,0,0,0,0,0,0,0,0,0,0,12,1,0,nan,nan,nan,nan,nan,0
2.445,3800,250,-12,0,0,0,0,-0,0,0,0,0,0,0,0,0,0,0,0,0,0,0,0,0,0,0,12,1,0,nan,nan,nan,nan,nan,0
2.45,3800,250,-12,0,0,0,0,-0,0,0,0,0,0,0,0,0,0,0,0,0,0,0,0,0,0,0,12,1,0,nan,nan,nan,nan,nan,0
2.455,3800,250,-12,0,0,0,0,-0,0,0,0,0,0,0,0,0,0,0,0,0,0,0,0,0,0,0,12,1,0,nan,nan,nan,nan,nan,0
2.46,3800,250,-12,0,0,0,0,-0,0,0,0,0,0,0,0,0,0,0,0,0,0,0,0,0,0,0,12,1,0,nan,nan,nan,nan,nan,0
2.465,3800,250,-12,0,0,0,0,-0,0,0,0,0,0,0,0,0,0,0,0,0,0,0,0,0,0,0,12,1,0,nan,nan,nan,nan,nan,0
2.47,3800,250,-12,0,0,0,0,-0,0,0,0,0,0,0,0,0,0,0,0,0,0,0,0,0,0,0,12,1,0,nan,nan,nan,nan,nan,0
2.475,3800,250,-12,0,0,0,0,-0,0,0,0,0,0,0,0,0,0,0,0,0,0,0,0,0,0,0,12,1,0,nan,nan,nan,nan,nan,0
2.48,3800,250,-12,0,0,0,0,-0,0,0,0,0,0,0,0,0,0,0,0,0,0,0,0,0,0,0,12,1,0,nan,nan,nan,nan,nan,0
2.485,3800,250,-12,0,0,0,0,-0,0,0,0,0,0,0,0,0,0,0,0,0,0,0,0,0,0,0,12,1,0,nan,nan,nan,nan,nan,0
2.49,3800,250,-12,0,0,0,0,-0,0,0,0,0,0,0,0,0,0,0,0,0,0,0,0,0,0,0,12,1,0,nan,nan,nan,nan,nan,0
2.495,3800,250,-12,0,0,0,0,-0,0,0,0,0,0,0,0,0,0,0,0,0,0,0,0,0,0,0,12,1,0,nan,nan,nan,nan,nan,0
2.5,3800,250,-12,0,0,0,0,-0,0,0,0,0,0,0,0,0,0,0,0,0,0,0,0,0,0,0,12,1,0,nan,nan,nan,nan,nan,0
2.505,3800,250,-12,0,0,0,0,-0,0,0,0,0,0,0,0,0,0,0,0,0,0,0,0,0,0,0,12,1,0,nan,nan,nan,nan,nan,0
2.51,3800,250,-12,0,0,0,0,-0,0,0,0,0,0,0,0,0,0,0,0,0,0,0,0,0,0,0,12,1,0,nan,nan,nan,nan,nan,0
2.515,3800,250,-12,0,0,0,0,-0,0,0,0,0,0,0,0,0,0,0,0,0,0,0,0,0,0,0,12,1,0,nan,nan,nan,nan,nan,0
2.52,3800,250,-12,0,0,0,0,-0,0,0,0,0,0,0,0,0,0,0,0,0,0,0,0,0,0,0,12,1,0,nan,nan,nan,nan,nan,0
2.525,3800,250,-12,0,0,0,0,-0,0,0,0,0,0,0,0,0,0,0,0,0,0,0,0,0,0,0,12,1,0,nan,nan,nan,nan,nan,0
2.53,3800,250,-12,0,0,0,0,-0,0,0,0,0,0,0,0,0,0,0,0,0,0,0,0,0,0,0,12,1,0,nan,nan,nan,nan,nan,0
2.535,3800,250,-12,0,0,0,0,-0,0,0,0,0,0,0,0,0,0,0,0,0,0,0,0,0,0,0,12,1,0,nan,nan,nan,nan,nan,0
2.54,3800,250,-12,0,0,0,0,-0,0,0,0,0,0,0,0,0,0,0,0,0,0,0,0,0,0,0,12,1,0,nan,nan,nan,nan,nan,0
2.545,3800,250,-12,0,0,0,0,-0,0,0,0,0,0,0,0,0,0,0,0,0,0,0,0,0,0,0,12,1,0,nan,nan,nan,nan,nan,0
2.55,3800,250,-12,0,0,0,0,-0,0,0,0,0,0,0,0,0,0,0,0,0,0,0,0,0,0,0,12,1,0,nan,nan,nan,nan,nan,0
2.555,3800,250,-12,0,0,0,0,-0,0,0,0,0,0,0,0,0,0,0,0,0,0,0,0,0,0,0,12,1,0,nan,nan,nan,nan,nan,0
2.56,3800,250,-12,0,0,0,0,-0,0,0,0,0,0,0,0,0,0,0,0,0,0,0,0,0,0,0,12,1,0,nan,nan,nan,nan,nan,0
2.565,3800,250,-12,0,0,0,0,-0,0,0,0,0,0,0,0,0,0,0,0,0,0,0,0,0,0,0,12,1,0,nan,nan,nan,nan,nan,0
2.57,3800,250,-12,0,0,0,0,-0,0,0,0,0,0,0,0,0,0,0,0,0,0,0,0,0,0,0,12,1,0,nan,nan,nan,nan,nan,0
2.575,3800,250,-12,0,0,0,0,-0,0,0,0,0,0,0,0,0,0,0,0,0,0,0,0,0,0,0,12,1,0,nan,nan,nan,nan,nan,0
2.58,3800,250,-12,0,0,0,0,-0,0,0,0,0,0,0,0,0,0,0,0,0,0,0,0,0,0,0,12,1,0,nan,nan,nan,nan,nan,0
2.585,3800,250,-12,0,0,0,0,-0,0,0,0,0,0,0,0,0,0,0,0,0,0,0,0,0,0,0,12,1,0,nan,nan,nan,nan,nan,0
2.59,3800,250,-12,0,0,0,0,-0,0,0,0,0,0,0,0,0,0,0,0,0,0,0,0,0,0,0,12,1,0,nan,nan,nan,nan,nan,0
2.595,3800,250,-12,0,0,0,0,-0,0,0,0,0,0,0,0,0,0,0,0,0,0,0,0,0,0,0,12,1,0,nan,nan,nan,nan,nan,0
2.6,3800,250,-12,0,0,0,0,-0,0,0,0,0,0,0,0,0,0,0,0,0,0,0,0,0,0,0,12,1,0,nan,nan,nan,nan,nan,0
2.605,3800,250,-12,0,0,0,0,-0,0,0,0,0,0,0,0,0,0,0,0,0,0,0,0,0,0,0,12,1,0,nan,nan,nan,nan,nan,0
2.61,3800,250,-12,0,0,0,0,-0,0,0,0,0,0,0,0,0,0,0,0,0,0,0,0,0,0,0,12,1,0,nan,nan,nan,nan,nan,0
2.615,3800,250,-12,0,0,0,0,-0,0,0,0,0,0,0,0,0,0,0,0,0,0,0,0,0,0,0,12,1,0,nan,nan,nan,nan,nan,0
2.62,3800,250,-12,0,0,0,0,-0,0,0,0,0,0,0,0,0,0,0,0,0,0,0,0,0,0,0,12,1,0,nan,nan,nan,nan,nan,0
2.625,3800,250,-12,0,0,0,0,-0,0,0,0,0,0,0,0,0,0,0,0,0,0,0,0,0,0,0,12,1,0,nan,nan,nan,nan,nan,0
2.63,3800,250,-12,0,0,0,0,-0,0,0,0,0,0,0,0,0,0,0,0,0,0,0,0,0,0,0,12,1,0,nan,nan,nan,nan,nan,0
2.635,3800,250,-12,0,0,0,0,-0,0,0,0,0,0,0,0,0,0,0,0,0,0,0,0,0,0,0,12,1,0,nan,nan,nan,nan,nan,0
2.64,3800,250,-12,0,0,0,0,-0,0,0,0,0,0,0,0,0,0,0,0,0,0,0,0,0,0,0,12,1,0,nan,nan,nan,nan,nan,0
2.645,3800,250,-12,0,0,0,0,-0,0,0,0,0,0,0,0,0,0,0,0,0,0,0,0,0,0,0,12,1,0,nan,nan,nan,nan,nan,0
2.65,3800,250,-12,0,0,0,0,-0,0,0,0,0,0,0,0,0,0,0,0,0,0,0,0,0,0,0,12,1,0,nan,nan,nan,nan,nan,0
2.655,3800,250,-12,0,0,0,0,-0,0,0,0,0,0,0,0,0,0,0,0,0,0,0,0,0,0,0,12,1,0,nan,nan,nan,nan,nan,0
2.66,3800,250,-12,0,0,0,0,-0,0,0,0,0,0,0,0,0,0,0,0,0,0,0,0,0,0,0,12,1,0,nan,nan,nan,nan,nan,0
2.665,3800,250,-12,0,0,0,0,-0,0,0,0,0,0,0,0,0,0,0,0,0,0,0,0,0,0,0,12,1,0,nan,nan,nan,nan,nan,0
2.67,3800,250,-12,0,0,0,0,-0,0,0,0,0,0,0,0,0,0,0,0,0,0,0,0,0,0,0,12,1,0,nan,nan,nan,nan,nan,0
2.675,3800,250,-12,0,0,0,0,-0,0,0,0,0,0,0,0,0,0,0,0,0,0,0,0,0,0,0,12,1,0,nan,nan,nan,nan,nan,0
2.68,3800,250,-12,0,0,0,0,-0,0,0,0,0,0,0,0,0,0,0,0,0,0,0,0,0,0,0,12,1,0,nan,nan,nan,nan,nan,0
2.685,3800,250,-12,0,0,0,0,-0,0,0,0,0,0,0,0,0,0,0,0,0,0,0,0,0,0,0,12,1,0,nan,nan,nan,nan,nan,0
2.69,3800,250,-12,0,0,0,0,-0,0,0,0,0,0,0,0,0,0,0,0,0,0,0,0,0,0,0,12,1,0,nan,nan,nan,nan,nan,0
2.695,3800,250,-12,0,0,0,0,-0,0,0,0,0,0,0,0,0,0,0,0,0,0,0,0,0,0,0,12,1,0,nan,nan,nan,nan,nan,0
2.7,3800,250,-12,0,0,0,0,-0,0,0,0,0,0,0,0,0,0,0,0,0,0,0,0,0,0,0,12,1,0,nan,nan,nan,nan,nan,0
2.705,3800,250,-12,0,0,0,0,-0,0,0,0,0,0,0,0,0,0,0,0,0,0,0,0,0,0,0,12,1,0,nan,nan,nan,nan,nan,0
2.71,3800,250,-12,0,0,0,0,-0,0,0,0,0,0,0,0,0,0,0,0,0,0,0,0,0,0,0,12,1,0,nan,nan,nan,nan,nan,0
2.715,3800,250,-12,0,0,0,0,-0,0,0,0,0,0,0,0,0,0,0,0,0,0,0,0,0,0,0,12,1,0,nan,nan,nan,nan,nan,0
2.72,3800,250,-12,0,0,0,0,-0,0,0,0,0,0,0,0,0,0,0,0,0,0,0,0,0,0,0,12,1,0,nan,nan,nan,nan,nan,0
2.725,3800,250,-12,0,0,0,0,-0,0,0,0,0,0,0,0,0,0,0,0,0,0,0,0,0,0,0,12,1,0,nan,nan,nan,nan,nan,0
2.73,3800,250,-12,0,0,0,0,-0,0,0,0,0,0,0,0,0,0,0,0,0,0,0,0,0,0,0,12,1,0,nan,nan,nan,nan,nan,0
2.735,3800,250,-12,0,0,0,0,-0,0,0,0,0,0,0,0,0,0,0,0,0,0,0,0,0,0,0,12,1,0,nan,nan,nan,nan,nan,0
2.74,3800,250,-12,0,0,0,0,-0,0,0,0,0,0,0,0,0,0,0,0,0,0,0,0,0,0,0,12,1,0,nan,nan,nan,nan,nan,0
2.745,3800,250,-12,0,0,0,0,-0,0,0,0,0,0,0,0,0,0,0,0,0,0,0,0,0,0,0,12,1,0,nan,nan,nan,nan,nan,0
2.75,3800,250,-12,0,0,0,0,-0,0,0,0,0,0,0,0,0,0,0,0,0,0,0,0,0,0,0,12,1,0,nan,nan,nan,nan,nan,0
2.755,3800,250,-12,0,0,0,0,-0,0,0,0,0,0,0,0,0,0,0,0,0,0,0,0,0,0,0,12,1,0,nan,nan,nan,nan,nan,0
2.76,3800,250,-12,0,0,0,0,-0,0,0,0,0,0,0,0,0,0,0,0,0,0,0,0,0,0,0,12,1,0,nan,nan,nan,nan,nan,0
2.765,3800,250,-12,0,0,0,0,-0,0,0,0,0,0,0,0,0,0,0,0,0,0,0,0,0,0,0,12,1,0,nan,nan,nan,nan,nan,0
2.77,3800,250,-12,0,0,0,0,-0,0,0,0,0,0,0,0,0,0,0,0,0,0,0,0,0,0,0,12,1,0,nan,nan,nan,nan,nan,0
2.775,3800,250,-12,0,0,0,0,-0,0,0,0,0,0,0,0,0,0,0,0,0,0,0,0,0,0,0,12,1,0,nan,nan,nan,nan,nan,0
2.78,3800,250,-12,0,0,0,0,-0,0,0,0,0,0,0,0,0,0,0,0,0,0,0,0,0,0,0,12,1,0,nan,nan,nan,nan,nan,0
2.785,3800,250,-12,0,0,0,0,-0,0,0,0,0,0,0,0,0,0,0,0,0,0,0,0,0,0,0,12,1,0,nan,nan,nan,nan,nan,0
2.79,3800,250,-12,0,0,0,0,-0,0,0,0,0,0,0,0,0,0,0,0,0,0,0,0,0,0,0,12,1,0,nan,nan,nan,nan,nan,0
2.795,3800,250,-12,0,0,0,0,-0,0,0,0,0,0,0,0,0,0,0,0,0,0,0,0,0,0,0,12,1,0,nan,nan,nan,nan,nan,0
2.8,3800,250,-12,0,0,0,0,-0,0,0,0,0,0,0,0,0,0,0,0,0,0,0,0,0,0,0,12,1,0,nan,nan,nan,nan,nan,0
2.805,3800,250,-12,0,0,0,0,-0,0,0,0,0,0,0,0,0,0,0,0,0,0,0,0,0,0,0,12,1,0,nan,nan,nan,nan,nan,0
2.81,3800,250,-12,0,0,0,0,-0,0,0,0,0,0,0,0,0,0,0,0,0,0,0,0,0,0,0,12,1,0,nan,nan,nan,nan,nan,0
2.815,3800,250,-12,0,0,0,0,-0,0,0,0,0,0,0,0,0,0,0,0,0,0,0,0,0,0,0,12,1,0,nan,nan,nan,nan,nan,0
2.82,3800,250,-12,0,0,0,0,-0,0,0,0,0,0,0,0,0,0,0,0,0,0,0,0,0,0,0,12,1,0,nan,nan,nan,nan,nan,0
2.825,3800,250,-12,0,0,0,0,-0,0,0,0,0,0,0,0,0,0,0,0,0,0,0,0,0,0,0,12,1,0,nan,nan,nan,nan,nan,0
2.83,3800,250,-12,0,0,0,0,-0,0,0,0,0,0,0,0,0,0,0,0,0,0,0,0,0,0,0,12,1,0,nan,nan,nan,nan,nan,0
2.835,3800,250,-12,0,0,0,0,-0,0,0,0,0,0,0,0,0,0,0,0,0,0,0,0,0,0,0,12,1,0,nan,nan,nan,nan,nan,0
2.84,3800,250,-12,0,0,0,0,-0,0,0,0,0,0,0,0,0,0,0,0,0,0,0,0,0,0,0,12,1,0,nan,nan,nan,nan,nan,0
2.845,3800,250,-12,0,0,0,0,-0,0,0,0,0,0,0,0,0,0,0,0,0,0,0,0,0,0,0,12,1,0,nan,nan,nan,nan,nan,0
2.85,3800,250,-12,0,0,0,0,-0,0,0,0,0,0,0,0,0,0,0,0,0,0,0,0,0,0,0,12,1,0,nan,nan,nan,nan,nan,0
2.855,3800,250,-12,0,0,0,0,-0,0,0,0,0,0,0,0,0,0,0,0,0,0,0,0,0,0,0,12,1,0,nan,nan,nan,nan,nan,0
2.86,3800,250,-12,0,0,0,0,-0,0,0,0,0,0,0,0,0,0,0,0,0,0,0,0,0,0,0,12,1,0,nan,nan,nan,nan,nan,0
2.865,3800,250,-12,0,0,0,0,-0,0,0,0,0,0,0,0,0,0,0,0,0,0,0,0,0,0,0,12,1,0,nan,nan,nan,nan,nan,0
2.87,3800,250,-12,0,0,0,0,-0,0,0,0,0,0,0,0,0,0,0,0,0,0,0,0,0,0,0,12,1,0,nan,nan,nan,nan,nan,0
2.875,3800,250,-12,0,0,0,0,-0,0,0,0,0,0,0,0,0,0,0,0,0,0,0,0,0,0,0,12,1,0,nan,nan,nan,nan,nan,0
2.88,3800,250,-12,0,0,0,0,-0,0,0,0,0,0,0,0,0,0,0,0,0,0,0,0,0,0,0,12,1,0,nan,nan,nan,nan,nan,0
2.885,3800,250,-12,0,0,0,0,-0,0,0,0,0,0,0,0,0,0,0,0,0,0,0,0,0,0,0,12,1,0,nan,nan,nan,nan,nan,0
2.89,3800,250,-12,0,0,0,0,-0,0,0,0,0,0,0,0,0,0,0,0,0,0,0,0,0,0,0,12,1,0,nan,nan,nan,nan,nan,0
2.895,3800,250,-12,0,0,0,0,-0,0,0,0,0,0,0,0,0,0,0,0,0,0,0,0,0,0,0,12,1,0,nan,nan,nan,nan,nan,0
2.9,3800,250,-12,0,0,0,0,-0,0,0,0,0,0,0,0,0,0,0,0,0,0,0,0,0,0,0,12,1,0,nan,nan,nan,nan,nan,0
2.905,3800,250,-12,0,0,0,0,-0,0,0,0,0,0,0,0,0,0,0,0,0,0,0,0,0,0,0,12,1,0,nan,nan,nan,nan,nan,0
2.91,3800,250,-12,0,0,0,0,-0,0,0,0,0,0,0,0,0,0,0,0,0,0,0,0,0,0,0,12,1,0,nan,nan,nan,nan,nan,0
2.915,3800,250,-12,0,0,0,0,-0,0,0,0,0,0,0,0,0,0,0,0,0,0,0,0,0,0,0,12,1,0,nan,nan,nan,nan,nan,0
2.92,3800,250,-12,0,0,0,0,-0,0,0,0,0,0,0,0,0,0,0,0,0,0,0,0,0,0,0,12,1,0,nan,nan,nan,nan,nan,0
2.925,3800,250,-12,0,0,0,0,-0,0,0,0,0,0,0,0,0,0,0,0,0,0,0,0,0,0,0,12,1,0,nan,nan,nan,nan,nan,0
2.93,3800,250,-12,0,0,0,0,-0,0,0,0,0,0,0,0,0,0,0,0,0,0,0,0,0,0,0,12,1,0,nan,nan,nan,nan,nan,0
2.935,3800,250,-12,0,0,0,0,-0,0,0,0,0,0,0,0,0,0,0,0,0,0,0,0,0,0,0,12,1,0,nan,nan,nan,nan,nan,0
2.94,3800,250,-12,0,0,0,0,-0,0,0,0,0,0,0,0,0,0,0,0,0,0,0,0,0,0,0,12,1,0,nan,nan,nan,nan,nan,0
2.945,3800,250,-12,0,0,0,0,-0,0,0,0,0,0,0,0,0,0,0,0,0,0,0,0,0,0,0,12,1,0,nan,nan,nan,nan,nan,0
2.95,3800,250,-12,0,0,0,0,-0,0,0,0,0,0,0,0,0,0,0,0,0,0,0,0,0,0,0,12,1,0,nan,nan,nan,nan,nan,0
2.955,3800,250,-12,0,0,0,0,-0,0,0,0,0,0,0,0,0,0,0,0,0,0,0,0,0,0,0,12,1,0,nan,nan,nan,nan,nan,0
2.96,3800,250,-12,0,0,0,0,-0,0,0,0,0,0,0,0,0,0,0,0,0,0,0,0,0,0,0,12,1,0,nan,nan,nan,nan,nan,0
2.965,3800,250,-12,0,0,0,0,-0,0,0,0,0,0,0,0,0,0,0,0,0,0,0,0,0,0,0,12,1,0,nan,nan,nan,nan,nan,0
2.97,3800,250,-12,0,0,0,0,-0,0,0,0,0,0,0,0,0,0,0,0,0,0,0,0,0,0,0,12,1,0,nan,nan,nan,nan,nan,0
2.975,3800,250,-12,0,0,0,0,-0,0,0,0,0,0,0,0,0,0,0,0,0,0,0,0,0,0,0,12,1,0,nan,nan,nan,nan,nan,0
2.98,3800,250,-12,0,0,0,0,-0,0,0,0,0,0,0,0,0,0,0,0,0,0,0,0,0,0,0,12,1,0,nan,nan,nan,nan,nan,0
2.985,3800,250,-12,0,0,0,0,-0,0,0,0,0,0,0,0,0,0,0,0,0,0,0,0,0,0,0,12,1,0,nan,nan,nan,nan,nan,0
2.99,3800,250,-12,0,0,0,0,-0,0,0,0,0,0,0,0,0,0,0,0,0,0,0,0,0,0,0,12,1,0,nan,nan,nan,nan,nan,0
2.995,3800,250,-12,0,0,0,0,-0,0,0,0,0,0,0,0,0,0,0,0,0,0,0,0,0,0,0,12,1,0,nan,nan,nan,nan,nan,0
3,3800,250,-12,0,0,0,0,-0,0,0,0,0,0,0,0,0,0,0,0,0,0,0,0,0,0,0,12,1,0,nan,nan,nan,nan,nan,0
3.005,3800,250,-12,0,0,0,0,-0,0,0,0,0,0,0,0,0,0,0,0,0,0,0,0,0,0,0,12,1,0,nan,nan,nan,nan,nan,0
3.01,3800,250,-12,0,0,0,0,-0,0,0,0,0,0,0,0,0,0,0,0,0,0,0,0,0,0,0,12,1,0,nan,nan,nan,nan,nan,0
3.015,3800,250,-12,0,0,0,0,-0,0,0,0,0,0,0,0,0,0,0,0,0,0,0,0,0,0,0,12,1,0,nan,nan,nan,nan,nan,0
3.02,3800,250,-12,0,0,0,0,-0,0,0,0,0,0,0,0,0,0,0,0,0,0,0,0,0,0,0,12,1,0,nan,nan,nan,nan,nan,0
3.025,3800,250,-12,0,0,0,0,-0,0,0,0,0,0,0,0,0,0,0,0,0,0,0,0,0,0,0,12,1,0,nan,nan,nan,nan,nan,0
3.03,3800,250,-12,0,0,0,0,-0,0,0,0,0,0,0,0,0,0,0,0,0,0,0,0,0,0,0,12,1,0,nan,nan,nan,nan,nan,0
3.035,3800,250,-12,0,0,0,0,-0,0,0,0,0,0,0,0,0,0,0,0,0,0,0,0,0,0,0,12,1,0,nan,nan,nan,nan,nan,0
3.04,3800,250,-12,0,0,0,0,-0,0,0,0,0,0,0,0,0,0,0,0,0,0,0,0,0,0,0,12,1,0,nan,nan,nan,nan,nan,0
3.045,3800,250,-12,0,0,0,0,-0,0,0,0,0,0,0,0,0,0,0,0,0,0,0,0,0,0,0,12,1,0,nan,nan,nan,nan,nan,0
3.05,3800,250,-12,0,0,0,0,-0,0,0,0,0,0,0,0,0,0,0,0,0,0,0,0,0,0,0,12,1,0,nan,nan,nan,nan,nan,0
3.055,3800,250,-12,0,0,0,0,-0,0,0,0,0,0,0,0,0,0,0,0,0,0,0,0,0,0,0,12,1,0,nan,nan,nan,nan,nan,0
3.06,3800,250,-12,0,0,0,0,-0,0,0,0,0,0,0,0,0,0,0,0,0,0,0,0,0,0,0,12,1,0,nan,nan,nan,nan,nan,0
3.065,3800,250,-12,0,0,0,0,-0,0,0,0,0,0,0,0,0,0,0,0,0,0,0,0,0,0,0,12,1,0,nan,nan,nan,nan,nan,0
3.07,3800,250,-12,0,0,0,0,-0,0,0,0,0,0,0,0,0,0,0,0,0,0,0,0,0,0,0,12,1,0,nan,nan,nan,nan,nan,0
3.075,3800,250,-12,0,0,0,0,-0,0,0,0,0,0,0,0,0,0,0,0,0,0,0,0,0,0,0,12,1,0,nan,nan,nan,nan,nan,0
3.08,3800,250,-12,0,0,0,0,-0,0,0,0,0,0,0,0,0,0,0,0,0,0,0,0,0,0,0,12,1,0,nan,nan,nan,nan,nan,0
3.085,3800,250,-12,0,0,0,0,-0,0,0,0,0,0,0,0,0,0,0,0,0,0,0,0,0,0,0,12,1,0,nan,nan,nan,nan,nan,0
3.09,3800,250,-12,0,0,0,0,-0,0,0,0,0,0,0,0,0,0,0,0,0,0,0,0,0,0,0,12,1,0,nan,nan,nan,nan,nan,0
3.095,3800,250,-12,0,0,0,0,-0,0,0,0,0,0,0,0,0,0,0,0,0,0,0,0,0,0,0,12,1,0,nan,nan,nan,nan,nan,0
3.1,3800,250,-12,0,0,0,0,-0,0,0,0,0,0,0,0,0,0,0,0,0,0,0,0,0,0,0,12,1,0,nan,nan,nan,nan,nan,0
3.105,3800,250,-12,0,0,0,0,-0,0,0,0,0,0,0,0,0,0,0,0,0,0,0,0,0,0,0,12,1,0,nan,nan,nan,nan,nan,0
3.11,3800,250,-12,0,0,0,0,-0,0,0,0,0,0,0,0,0,0,0,0,0,0,0,0,0,0,0,12,1,0,nan,nan,nan,nan,nan,0
3.115,3800,250,-12,0,0,0,0,-0,0,0,0,0,0,0,0,0,0,0,0,0,0,0,0,0,0,0,12,1,0,nan,nan,nan,nan,nan,0
3.12,3800,250,-12,0,0,0,0,-0,0,0,0,0,0,0,0,0,0,0,0,0,0,0,0,0,0,0,12,1,0,nan,nan,nan,nan,nan,0
3.125,3800,250,-12,0,0,0,0,-0,0,0,0,0,0,0,0,0,0,0,0,0,0,0,0,0,0,0,12,1,0,nan,nan,nan,nan,nan,0
3.13,3800,250,-12,0,0,0,0,-0,0,0,0,0,0,0,0,0,0,0,0,0,0,0,0,0,0,0,12,1,0,nan,nan,nan,nan,nan,0
3.135,3800,250,-12,0,0,0,0,-0,0,0,0,0,0,0,0,0,0,0,0,0,0,0,0,0,0,0,12,1,0,nan,nan,nan,nan,nan,0
3.14,3800,250,-12,0,0,0,0,-0,0,0,0,0,0,0,0,0,0,0,0,0,0,0,0,0,0,0,12,1,0,nan,nan,nan,nan,nan,0
3.145,3800,250,-12,0,0,0,0,-0,0,0,0,0,0,0,0,0,0,0,0,0,0,0,0,0,0,0,12,1,0,nan,nan,nan,nan,nan,0
3.15,3800,250,-12,0,0,0,0,-0,0,0,0,0,0,0,0,0,0,0,0,0,0,0,0,0,0,0,12,1,0,nan,nan,nan,nan,nan,0
3.155,3800,250,-12,0,0,0,0,-0,0,0,0,0,0,0,0,0,0,0,0,0,0,0,0,0,0,0,12,1,0,nan,nan,nan,nan,nan,0
3.16,3800,250,-12,0,0,0,0,-0,0,0,0,0,0,0,0,0,0,0,0,0,0,0,0,0,0,0,12,1,0,nan,nan,nan,nan,nan,0
3.165,3800,250,-12,0,0,0,0,-0,0,0,0,0,0,0,0,0,0,0,0,0,0,0,0,0,0,0,12,1,0,nan,nan,nan,nan,nan,0
3.17,3800,250,-12,0,0,0,0,-0,0,0,0,0,0,0,0,0,0,0,0,0,0,0,0,0,0,0,12,1,0,nan,nan,nan,nan,nan,0
3.175,3800,250,-12,0,0,0,0,-0,0,0,0,0,0,0,0,0,0,0,0,0,0,0,0,0,0,0,12,1,0,nan,nan,nan,nan,nan,0
3.18,3800,250,-12,0,0,0,0,-0,0,0,0,0,0,0,0,0,0,0,0,0,0,0,0,0,0,0,12,1,0,nan,nan,nan,nan,nan,0
3.185,3800,250,-12,0,0,0,0,-0,0,0,0,0,0,0,0,0,0,0,0,0,0,0,0,0,0,0,12,1,0,nan,nan,nan,nan,nan,0
3.19,3800,250,-12,0,0,0,0,-0,0,0,0,0,0,0,0,0,0,0,0,0,0,0,0,0,0,0,12,1,0,nan,nan,nan,nan,nan,0
3.195,3800,250,-12,0,0,0,0,-0,0,0,0,0,0,0,0,0,0,0,0,0,0,0,0,0,0,0,12,1,0,nan,nan,nan,nan,nan,0
3.2,3800,250,-12,0,0,0,0,-0,0,0,0,0,0,0,0,0,0,0,0,0,0,0,0,0,0,0,12,1,0,nan,nan,nan,nan,nan,0
3.205,3800,250,-12,0,0,0,0,-0,0,0,0,0,0,0,0,0,0,0,0,0,0,0,0,0,0,0,12,1,0,nan,nan,nan,nan,nan,0
3.21,3800,250,-12,0,0,0,0,-0,0,0,0,0,0,0,0,0,0,0,0,0,0,0,0,0,0,0,12,1,0,nan,nan,nan,nan,nan,0
3.215,3800,250,-12,0,0,0,0,-0,0,0,0,0,0,0,0,0,0,0,0,0,0,0,0,0,0,0,12,1,0,nan,nan,nan,nan,nan,0
3.22,3800,250,-12,0,0,0,0,-0,0,0,0,0,0,0,0,0,0,0,0,0,0,0,0,0,0,0,12,1,0,nan,nan,nan,nan,nan,0
3.225,3800,250,-12,0,0,0,0,-0,0,0,0,0,0,0,0,0,0,0,0,0,0,0,0,0,0,0,12,1,0,nan,nan,nan,nan,nan,0
3.23,3800,250,-12,0,0,0,0,-0,0,0,0,0,0,0,0,0,0,0,0,0,0,0,0,0,0,0,12,1,0,nan,nan,nan,nan,nan,0
3.235,3800,250,-12,0,0,0,0,-0,0,0,0,0,0,0,0,0,0,0,0,0,0,0,0,0,0,0,12,1,0,nan,nan,nan,nan,nan,0
3.24,3800,250,-12,0,0,0,0,-0,0,0,0,0,0,0,0,0,0,0,0,0,0,0,0,0,0,0,12,1,0,nan,nan,nan,nan,nan,0
3.245,3800,250,-12,0,0,0,0,-0,0,0,0,0,0,0,0,0,0,0,0,0,0,0,0,0,0,0,12,1,0,nan,nan,nan,nan,nan,0
3.25,3800,250,-12,0,0,0,0,-0,0,0,0,0,0,0,0,0,0,0,0,0,0,0,0,0,0,0,12,1,0,nan,nan,nan,nan,nan,0
3.255,3800,250,-12,0,0,0,0,-0,0,0,0,0,0,0,0,0,0,0,0,0,0,0,0,0,0,0,12,1,0,nan,nan,nan,nan,nan,0
3.26,3800,250,-12,0,0,0,0,-0,0,0,0,0,0,0,0,0,0,0,0,0,0,0,0,0,0,0,12,1,0,nan,nan,nan,nan,nan,0
3.265,3800,250,-12,0,0,0,0,-0,0,0,0,0,0,0,0,0,0,0,0,0,0,0,0,0,0,0,12,1,0,nan,nan,nan,nan,nan,0
3.27,3800,250,-12,0,0,0,0,-0,0,0,0,0,0,0,0,0,0,0,0,0,0,0,0,0,0,0,12,1,0,nan,nan,nan,nan,nan,0
3.275,3800,250,-12,0,0,0,0,-0,0,0,0,0,0,0,0,0,0,0,0,0,0,0,0,0,0,0,12,1,0,nan,nan,nan,nan,nan,0
3.28,3800,250,-12,0,0,0,0,-0,0,0,0,0,0,0,0,0,0,0,0,0,0,0,0,0,0,0,12,1,0,nan,nan,nan,nan,nan,0
3.285,3800,250,-12,0,0,0,0,-0,0,0,0,0,0,0,0,0,0,0,0,0,0,0,0,0,0,0,12,1,0,nan,nan,nan,nan,nan,0
3.29,3800,250,-12,0,0,0,0,-0,0,0,0,0,0,0,0,0,0,0,0,0,0,0,0,0,0,0,12,1,0,nan,nan,nan,nan,nan,0
3.295,3800,250,-12,0,0,0,0,-0,0,0,0,0,0,0,0,0,0,0,0,0,0,0,0,0,0,0,12,1,0,nan,nan,nan,nan,nan,0
3.3,3800,250,-12,0,0,0,0,-0,0,0,0,0,0,0,0,0,0,0,0,0,0,0,0,0,0,0,12,1,0,nan,nan,nan,nan,nan,0
3.305,3800,250,-12,0,0,0,0,-0,0,0,0,0,0,0,0,0,0,0,0,0,0,0,0,0,0,0,12,1,0,nan,nan,nan,nan,nan,0
3.31,3800,250,-12,0,0,0,0,-0,0,0,0,0,0,0,0,0,0,0,0,0,0,0,0,0,0,0,12,1,0,nan,nan,nan,nan,nan,0
3.315,3800,250,-12,0,0,0,0,-0,0,0,0,0,0,0,0,0,0,0,0,0,0,0,0,0,0,0,12,1,0,nan,nan,nan,nan,nan,0
3.32,3800,250,-12,0,0,0,0,-0,0,0,0,0,0,0,0,0,0,0,0,0,0,0,0,0,0,0,12,1,0,nan,nan,nan,nan,nan,0
3.325,3800,250,-12,0,0,0,0,-0,0,0,0,0,0,0,0,0,0,0,0,0,0,0,0,0,0,0,12,1,0,nan,nan,nan,nan,nan,0
3.33,3800,250,-12,0,0,0,0,-0,0,0,0,0,0,0,0,0,0,0,0,0,0,0,0,0,0,0,12,1,0,nan,nan,nan,nan,nan,0
3.335,3800,250,-12,0,0,0,0,-0,0,0,0,0,0,0,0,0,0,0,0,0,0,0,0,0,0,0,12,1,0,nan,nan,nan,nan,nan,0
3.34,3800,250,-12,0,0,0,0,-0,0,0,0,0,0,0,0,0,0,0,0,0,0,0,0,0,0,0,12,1,0,nan,nan,nan,nan,nan,0
3.345,3800,250,-12,0,0,0,0,-0,0,0,0,0,0,0,0,0,0,0,0,0,0,0,0,0,0,0,12,1,0,nan,nan,nan,nan,nan,0
3.35,3800,250,-12,0,0,0,0,-0,0,0,0,0,0,0,0,0,0,0,0,0,0,0,0,0,0,0,12,1,0,nan,nan,nan,nan,nan,0
3.355,3800,250,-12,0,0,0,0,-0,0,0,0,0,0,0,0,0,0,0,0,0,0,0,0,0,0,0,12,1,0,nan,nan,nan,nan,nan,0
3.36,3800,250,-12,0,0,0,0,-0,0,0,0,0,0,0,0,0,0,0,0,0,0,0,0,0,0,0,12,1,0,nan,nan,nan,nan,nan,0
3.365,3800,250,-12,0,0,0,0,-0,0,0,0,0,0,0,0,0,0,0,0,0,0,0,0,0,0,0,12,1,0,nan,nan,nan,nan,nan,0
3.37,3800,250,-12,0,0,0,0,-0,0,0,0,0,0,0,0,0,0,0,0,0,0,0,0,0,0,0,12,1,0,nan,nan,nan,nan,nan,0
3.375,3800,250,-12,0,0,0,0,-0,0,0,0,0,0,0,0,0,0,0,0,0,0,0,0,0,0,0,12,1,0,nan,nan,nan,nan,nan,0
3.38,3800,250,-12,0,0,0,0,-0,0,0,0,0,0,0,0,0,0,0,0,0,0,0,0,0,0,0,12,1,0,nan,nan,nan,nan,nan,0
3.385,3800,250,-12,0,0,0,0,-0,0,0,0,0,0,0,0,0,0,0,0,0,0,0,0,0,0,0,12,1,0,nan,nan,nan,nan,nan,0
3.39,3800,250,-12,0,0,0,0,-0,0,0,0,0,0,0,0,0,0,0,0,0,0,0,0,0,0,0,12,1,0,nan,nan,nan,nan,nan,0
3.395,3800,250,-12,0,0,0,0,-0,0,0,0,0,0,0,0,0,0,0,0,0,0,0,0,0,0,0,12,1,0,nan,nan,nan,nan,nan,0
3.4,3800,250,-12,0,0,0,0,-0,0,0,0,0,0,0,0,0,0,0,0,0,0,0,0,0,0,0,12,1,0,nan,nan,nan,nan,nan,0
3.405,3800,250,-12,0,0,0,0,-0,0,0,0,0,0,0,0,0,0,0,0,0,0,0,0,0,0,0,12,1,0,nan,nan,nan,nan,nan,0
3.41,3800,250,-12,0,0,0,0,-0,0,0,0,0,0,0,0,0,0,0,0,0,0,0,0,0,0,0,12,1,0,nan,nan,nan,nan,nan,0
3.415,3800,250,-12,0,0,0,0,-0,0,0,0,0,0,0,0,0,0,0,0,0,0,0,0,0,0,0,12,1,0,nan,nan,nan,nan,nan,0
3.42,3800,250,-12,0,0,0,0,-0,0,0,0,0,0,0,0,0,0,0,0,0,0,0,0,0,0,0,12,1,0,nan,nan,nan,nan,nan,0
3.425,3800,250,-12,0,0,0,0,-0,0,0,0,0,0,0,0,0,0,0,0,0,0,0,0,0,0,0,12,1,0,nan,nan,nan,nan,nan,0
3.43,3800,250,-12,0,0,0,0,-0,0,0,0,0,0,0,0,0,0,0,0,0,0,0,0,0,0,0,12,1,0,nan,nan,nan,nan,nan,0
3.435,3800,250,-12,0,0,0,0,-0,0,0,0,0,0,0,0,0,0,0,0,0,0,0,0,0,0,0,12,1,0,nan,nan,nan,nan,nan,0
3.44,3800,250,-12,0,0,0,0,-0,0,0,0,0,0,0,0,0,0,0,0,0,0,0,0,0,0,0,12,1,0,nan,nan,nan,nan,nan,0
3.445,3800,250,-12,0,0,0,0,-0,0,0,0,0,0,0,0,0,0,0,0,0,0,0,0,0,0,0,12,1,0,nan,nan,nan,nan,nan,0
3.45,3800,250,-12,0,0,0,0,-0,0,0,0,0,0,0,0,0,0,0,0,0,0,0,0,0,0,0,12,1,0,nan,nan,nan,nan,nan,0
3.455,3800,250,-12,0,0,0,0,-0,0,0,0,0,0,0,0,0,0,0,0,0,0,0,0,0,0,0,12,1,0,nan,nan,nan,nan,nan,0
3.46,3800,250,-12,0,0,0,0,-0,0,0,0,0,0,0,0,0,0,0,0,0,0,0,0,0,0,0,12,1,0,nan,nan,nan,nan,nan,0
3.465,3800,250,-12,0,0,0,0,-0,0,0,0,0,0,0,0,0,0,0,0,0,0,0,0,0,0,0,12,1,0,nan,nan,nan,nan,nan,0
3.47,3800,250,-12,0,0,0,0,-0,0,0,0,0,0,0,0,0,0,0,0,0,0,0,0,0,0,0,12,1,0,nan,nan,nan,nan,nan,0
3.475,3800,250,-12,0,0,0,0,-0,0,0,0,0,0,0,0,0,0,0,0,0,0,0,0,0,0,0,12,1,0,nan,nan,nan,nan,nan,0
3.48,3800,250,-12,0,0,0,0,-0,0,0,0,0,0,0,0,0,0,0,0,0,0,0,0,0,0,0,12,1,0,nan,nan,nan,nan,nan,0
3.485,3800,250,-12,0,0,0,0,-0,0,0,0,0,0,0,0,0,0,0,0,0,0,0,0,0,0,0,12,1,0,nan,nan,nan,nan,nan,0
3.49,3800,250,-12,0,0,0,0,-0,0,0,0,0,0,0,0,0,0,0,0,0,0,0,0,0,0,0,12,1,0,nan,nan,nan,nan,nan,0
3.495,3800,250,-12,0,0,0,0,-0,0,0,0,0,0,0,0,0,0,0,0,0,0,0,0,0,0,0,12,1,0,nan,nan,nan,nan,nan,0
3.5,3800,250,-12,0,0,0,0,-0,0,0,0,0,0,0,0,0,0,0,0,0,0,0,0,0,0,0,12,1,0,nan,nan,nan,nan,nan,0
3.505,3800,250,-12,0,0,0,0,-0,0,0,0,0,0,0,0,0,0,0,0,0,0,0,0,0,0,0,12,1,0,nan,nan,nan,nan,nan,0
3.51,3800,250,-12,0,0,0,0,-0,0,0,0,0,0,0,0,0,0,0,0,0,0,0,0,0,0,0,12,1,0,nan,nan,nan,nan,nan,0
3.515,3800,250,-12,0,0,0,0,-0,0,0,0,0,0,0,0,0,0,0,0,0,0,0,0,0,0,0,12,1,0,nan,nan,nan,nan,nan,0
3.52,3800,250,-12,0,0,0,0,-0,0,0,0,0,0,0,0,0,0,0,0,0,0,0,0,0,0,0,12,1,0,nan,nan,nan,nan,nan,0
3.525,3800,250,-12,0,0,0,0,-0,0,0,0,0,0,0,0,0,0,0,0,0,0,0,0,0,0,0,12,1,0,nan,nan,nan,nan,nan,0
3.53,3800,250,-12,0,0,0,0,-0,0,0,0,0,0,0,0,0,0,0,0,0,0,0,0,0,0,0,12,1,0,nan,nan,nan,nan,nan,0
3.535,3800,250,-12,0,0,0,0,-0,0,0,0,0,0,0,0,0,0,0,0,0,0,0,0,0,0,0,12,1,0,nan,nan,nan,nan,nan,0
3.54,3800,250,-12,0,0,0,0,-0,0,0,0,0,0,0,0,0,0,0,0,0,0,0,0,0,0,0,12,1,0,nan,nan,nan,nan,nan,0
3.545,3800,250,-12,0,0,0,0,-0,0,0,0,0,0,0,0,0,0,0,0,0,0,0,0,0,0,0,12,1,0,nan,nan,nan,nan,nan,0
3.55,3800,250,-12,0,0,0,0,-0,0,0,0,0,0,0,0,0,0,0,0,0,0,0,0,0,0,0,12,1,0,nan,nan,nan,nan,nan,0
3.555,3800,250,-12,0,0,0,0,-0,0,0,0,0,0,0,0,0,0,0,0,0,0,0,0,0,0,0,12,1,0,nan,nan,nan,nan,nan,0
3.56,3800,250,-12,0,0,0,0,-0,0,0,0,0,0,0,0,0,0,0,0,0,0,0,0,0,0,0,12,1,0,nan,nan,nan,nan,nan,0
3.565,3800,250,-12,0,0,0,0,-0,0,0,0,0,0,0,0,0,0,0,0,0,0,0,0,0,0,0,12,1,0,nan,nan,nan,nan,nan,0
3.57,3800,250,-12,0,0,0,0,-0,0,0,0,0,0,0,0,0,0,0,0,0,0,0,0,0,0,0,12,1,0,nan,nan,nan,nan,nan,0
3.575,3800,250,-12,0,0,0,0,-0,0,0,0,0,0,0,0,0,0,0,0,0,0,0,0,0,0,0,12,1,0,nan,nan,nan,nan,nan,0
3.58,3800,250,-12,0,0,0,0,-0,0,0,0,0,0,0,0,0,0,0,0,0,0,0,0,0,0,0,12,1,0,nan,nan,nan,nan,nan,0
3.585,3800,250,-12,0,0,0,0,-0,0,0,0,0,0,0,0,0,0,0,0,0,0,0,0,0,0,0,12,1,0,nan,nan,nan,nan,nan,0
3.59,3800,250,-12,0,0,0,0,-0,0,0,0,0,0,0,0,0,0,0,0,0,0,0,0,0,0,0,12,1,0,nan,nan,nan,nan,nan,0
3.595,3800,250,-12,0,0,0,0,-0,0,0,0,0,0,0,0,0,0,0,0,0,0,0,0,0,0,0,12,1,0,nan,nan,nan,nan,nan,0
3.6,3800,250,-12,0,0,0,0,-0,0,0,0,0,0,0,0,0,0,0,0,0,0,0,0,0,0,0,12,1,0,nan,nan,nan,nan,nan,0
3.605,3800,250,-12,0,0,0,0,-0,0,0,0,0,0,0,0,0,0,0,0,0,0,0,0,0,0,0,12,1,0,nan,nan,nan,nan,nan,0
3.61,3800,250,-12,0,0,0,0,-0,0,0,0,0,0,0,0,0,0,0,0,0,0,0,0,0,0,0,12,1,0,nan,nan,nan,nan,nan,0
3.615,3800,250,-12,0,0,0,0,-0,0,0,0,0,0,0,0,0,0,0,0,0,0,0,0,0,0,0,12,1,0,nan,nan,nan,nan,nan,0
3.62,3800,250,-12,0,0,0,0,-0,0,0,0,0,0,0,0,0,0,0,0,0,0,0,0,0,0,0,12,1,0,nan,nan,nan,nan,nan,0
3.625,3800,250,-12,0,0,0,0,-0,0,0,0,0,0,0,0,0,0,0,0,0,0,0,0,0,0,0,12,1,0,nan,nan,nan,nan,nan,0
3.63,3800,250,-12,0,0,0,0,-0,0,0,0,0,0,0,0,0,0,0,0,0,0,0,0,0,0,0,12,1,0,nan,nan,nan,nan,nan,0
3.635,3800,250,-12,0,0,0,0,-0,0,0,0,0,0,0,0,0,0,0,0,0,0,0,0,0,0,0,12,1,0,nan,nan,nan,nan,nan,0
3.64,3800,250,-12,0,0,0,0,-0,0,0,0,0,0,0,0,0,0,0,0,0,0,0,0,0,0,0,12,1,0,nan,nan,nan,nan,nan,0
3.645,3800,250,-12,0,0,0,0,-0,0,0,0,0,0,0,0,0,0,0,0,0,0,0,0,0,0,0,12,1,0,nan,nan,nan,nan,nan,0
3.65,3800,250,-12,0,0,0,0,-0,0,0,0,0,0,0,0,0,0,0,0,0,0,0,0,0,0,0,12,1,0,nan,nan,nan,nan,nan,0
3.655,3800,250,-12,0,0,0,0,-0,0,0,0,0,0,0,0,0,0,0,0,0,0,0,0,0,0,0,12,1,0,nan,nan,nan,nan,nan,0
3.66,3800,250,-12,0,0,0,0,-0,0,0,0,0,0,0,0,0,0,0,0,0,0,0,0,0,0,0,12,1,0,nan,nan,nan,nan,nan,0
3.665,3800,250,-12,0,0,0,0,-0,0,0,0,0,0,0,0,0,0,0,0,0,0,0,0,0,0,0,12,1,0,nan,nan,nan,nan,nan,0
3.67,3800,250,-12,0,0,0,0,-0,0,0,0,0,0,0,0,0,0,0,0,0,0,0,0,0,0,0,12,1,0,nan,nan,nan,nan,nan,0
3.675,3800,250,-12,0,0,0,0,-0,0,0,0,0,0,0,0,0,0,0,0,0,0,0,0,0,0,0,12,1,0,nan,nan,nan,nan,nan,0
3.68,3800,250,-12,0,0,0,0,-0,0,0,0,0,0,0,0,0,0,0,0,0,0,0,0,0,0,0,12,1,0,nan,nan,nan,nan,nan,0
3.685,3800,250,-12,0,0,0,0,-0,0,0,0,0,0,0,0,0,0,0,0,0,0,0,0,0,0,0,12,1,0,nan,nan,nan,nan,nan,0
3.69,3800,250,-12,0,0,0,0,-0,0,0,0,0,0,0,0,0,0,0,0,0,0,0,0,0,0,0,12,1,0,nan,nan,nan,nan,nan,0
3.695,3800,250,-12,0,0,0,0,-0,0,0,0,0,0,0,0,0,0,0,0,0,0,0,0,0,0,0,12,1,0,nan,nan,nan,nan,nan,0
3.7,3800,250,-12,0,0,0,0,-0,0,0,0,0,0,0,0,0,0,0,0,0,0,0,0,0,0,0,12,1,0,nan,nan,nan,nan,nan,0
3.705,3800,250,-12,0,0,0,0,-0,0,0,0,0,0,0,0,0,0,0,0,0,0,0,0,0,0,0,12,1,0,nan,nan,nan,nan,nan,0
3.71,3800,250,-12,0,0,0,0,-0,0,0,0,0,0,0,0,0,0,0,0,0,0,0,0,0,0,0,12,1,0,nan,nan,nan,nan,nan,0
3.715,3800,250,-12,0,0,0,0,-0,0,0,0,0,0,0,0,0,0,0,0,0,0,0,0,0,0,0,12,1,0,nan,nan,nan,nan,nan,0
3.72,3800,250,-12,0,0,0,0,-0,0,0,0,0,0,0,0,0,0,0,0,0,0,0,0,0,0,0,12,1,0,nan,nan,nan,nan,nan,0
3.725,3800,250,-12,0,0,0,0,-0,0,0,0,0,0,0,0,0,0,0,0,0,0,0,0,0,0,0,12,1,0,nan,nan,nan,nan,nan,0
3.73,3800,250,-12,0,0,0,0,-0,0,0,0,0,0,0,0,0,0,0,0,0,0,0,0,0,0,0,12,1,0,nan,nan,nan,nan,nan,0
3.735,3800,250,-12,0,0,0,0,-0,0,0,0,0,0,0,0,0,0,0,0,0,0,0,0,0,0,0,12,1,0,nan,nan,nan,nan,nan,0
3.74,3800,250,-12,0,0,0,0,-0,0,0,0,0,0,0,0,0,0,0,0,0,0,0,0,0,0,0,12,1,0,nan,nan,nan,nan,nan,0
3.745,3800,250,-12,0,0,0,0,-0,0,0,0,0,0,0,0,0,0,0,0,0,0,0,0,0,0,0,12,1,0,nan,nan,nan,nan,nan,0
3.75,3800,250,-12,0,0,0,0,-0,0,0,0,0,0,0,0,0,0,0,0,0,0,0,0,0,0,0,12,1,0,nan,nan,nan,nan,nan,0
3.755,3800,250,-12,0,0,0,0,-0,0,0,0,0,0,0,0,0,0,0,0,0,0,0,0,0,0,0,12,1,0,nan,nan,nan,nan,nan,0
3.76,3800,250,-12,0,0,0,0,-0,0,0,0,0,0,0,0,0,0,0,0,0,0,0,0,0,0,0,12,1,0,nan,nan,nan,nan,nan,0
3.765,3800,250,-12,0,0,0,0,-0,0,0,0,0,0,0,0,0,0,0,0,0,0,0,0,0,0,0,12,1,0,nan,nan,nan,nan,nan,0
3.77,3800,250,-12,0,0,0,0,-0,0,0,0,0,0,0,0,0,0,0,0,0,0,0,0,0,0,0,12,1,0,nan,nan,nan,nan,nan,0
3.775,3800,250,-12,0,0,0,0,-0,0,0,0,0,0,0,0,0,0,0,0,0,0,0,0,0,0,0,12,1,0,nan,nan,nan,nan,nan,0
3.78,3800,250,-12,0,0,0,0,-0,0,0,0,0,0,0,0,0,0,0,0,0,0,0,0,0,0,0,12,1,0,nan,nan,nan,nan,nan,0
3.785,3800,250,-12,0,0,0,0,-0,0,0,0,0,0,0,0,0,0,0,0,0,0,0,0,0,0,0,12,1,0,nan,nan,nan,nan,nan,0
3.79,3800,250,-12,0,0,0,0,-0,0,0,0,0,0,0,0,0,0,0,0,0,0,0,0,0,0,0,12,1,0,nan,nan,nan,nan,nan,0
3.795,3800,250,-12,0,0,0,0,-0,0,0,0,0,0,0,0,0,0,0,0,0,0,0,0,0,0,0,12,1,0,nan,nan,nan,nan,nan,0
3.8,3800,250,-12,0,0,0,0,-0,0,0,0,0,0,0,0,0,0,0,0,0,0,0,0,0,0,0,12,1,0,nan,nan,nan,nan,nan,0
3.805,3800,250,-12,0,0,0,0,-0,0,0,0,0,0,0,0,0,0,0,0,0,0,0,0,0,0,0,12,1,0,nan,nan,nan,nan,nan,0
3.81,3800,250,-12,0,0,0,0,-0,0,0,0,0,0,0,0,0,0,0,0,0,0,0,0,0,0,0,12,1,0,nan,nan,nan,nan,nan,0
3.815,3800,250,-12,0,0,0,0,-0,0,0,0,0,0,0,0,0,0,0,0,0,0,0,0,0,0,0,12,1,0,nan,nan,nan,nan,nan,0
3.82,3800,250,-12,0,0,0,0,-0,0,0,0,0,0,0,0,0,0,0,0,0,0,0,0,0,0,0,12,1,0,nan,nan,nan,nan,nan,0
3.825,3800,250,-12,0,0,0,0,-0,0,0,0,0,0,0,0,0,0,0,0,0,0,0,0,0,0,0,12,1,0,nan,nan,nan,nan,nan,0
3.83,3800,250,-12,0,0,0,0,-0,0,0,0,0,0,0,0,0,0,0,0,0,0,0,0,0,0,0,12,1,0,nan,nan,nan,nan,nan,0
3.835,3800,250,-12,0,0,0,0,-0,0,0,0,0,0,0,0,0,0,0,0,0,0,0,0,0,0,0,12,1,0,nan,nan,nan,nan,nan,0
3.84,3800,250,-12,0,0,0,0,-0,0,0,0,0,0,0,0,0,0,0,0,0,0,0,0,0,0,0,12,1,0,nan,nan,nan,nan,nan,0
3.845,3800,250,-12,0,0,0,0,-0,0,0,0,0,0,0,0,0,0,0,0,0,0,0,0,0,0,0,12,1,0,nan,nan,nan,nan,nan,0
3.85,3800,250,-12,0,0,0,0,-0,0,0,0,0,0,0,0,0,0,0,0,0,0,0,0,0,0,0,12,1,0,nan,nan,nan,nan,nan,0
3.855,3800,250,-12,0,0,0,0,-0,0,0,0,0,0,0,0,0,0,0,0,0,0,0,0,0,0,0,12,1,0,nan,nan,nan,nan,nan,0
3.86,3800,250,-12,0,0,0,0,-0,0,0,0,0,0,0,0,0,0,0,0,0,0,0,0,0,0,0,12,1,0,nan,nan,nan,nan,nan,0
3.865,3800,250,-12,0,0,0,0,-0,0,0,0,0,0,0,0,0,0,0,0,0,0,0,0,0,0,0,12,1,0,nan,nan,nan,nan,nan,0
3.87,3800,250,-12,0,0,0,0,-0,0,0,0,0,0,0,0,0,0,0,0,0,0,0,0,0,0,0,12,1,0,nan,nan,nan,nan,nan,0
3.875,3800,250,-12,0,0,0,0,-0,0,0,0,0,0,0,0,0,0,0,0,0,0,0,0,0,0,0,12,1,0,nan,nan,nan,nan,nan,0
3.88,3800,250,-12,0,0,0,0,-0,0,0,0,0,0,0,0,0,0,0,0,0,0,0,0,0,0,0,12,1,0,nan,nan,nan,nan,nan,0
3.885,3800,250,-12,0,0,0,0,-0,0,0,0,0,0,0,0,0,0,0,0,0,0,0,0,0,0,0,12,1,0,nan,nan,nan,nan,nan,0
3.89,3800,250,-12,0,0,0,0,-0,0,0,0,0,0,0,0,0,0,0,0,0,0,0,0,0,0,0,12,1,0,nan,nan,nan,nan,nan,0
3.895,3800,250,-12,0,0,0,0,-0,0,0,0,0,0,0,0,0,0,0,0,0,0,0,0,0,0,0,12,1,0,nan,nan,nan,nan,nan,0
3.9,3800,250,-12,0,0,0,0,-0,0,0,0,0,0,0,0,0,0,0,0,0,0,0,0,0,0,0,12,1,0,nan,nan,nan,nan,nan,0
3.905,3800,250,-12,0,0,0,0,-0,0,0,0,0,0,0,0,0,0,0,0,0,0,0,0,0,0,0,12,1,0,nan,nan,nan,nan,nan,0
3.91,3800,250,-12,0,0,0,0,-0,0,0,0,0,0,0,0,0,0,0,0,0,0,0,0,0,0,0,12,1,0,nan,nan,nan,nan,nan,0
3.915,3800,250,-12,0,0,0,0,-0,0,0,0,0,0,0,0,0,0,0,0,0,0,0,0,0,0,0,12,1,0,nan,nan,nan,nan,nan,0
3.92,3800,250,-12,0,0,0,0,-0,0,0,0,0,0,0,0,0,0,0,0,0,0,0,0,0,0,0,12,1,0,nan,nan,nan,nan,nan,0
3.925,3800,250,-12,0,0,0,0,-0,0,0,0,0,0,0,0,0,0,0,0,0,0,0,0,0,0,0,12,1,0,nan,nan,nan,nan,nan,0
3.93,3800,250,-12,0,0,0,0,-0,0,0,0,0,0,0,0,0,0,0,0,0,0,0,0,0,0,0,12,1,0,nan,nan,nan,nan,nan,0
3.935,3800,250,-12,0,0,0,0,-0,0,0,0,0,0,0,0,0,0,0,0,0,0,0,0,0,0,0,12,1,0,nan,nan,nan,nan,nan,0
3.94,3800,250,-12,0,0,0,0,-0,0,0,0,0,0,0,0,0,0,0,0,0,0,0,0,0,0,0,12,1,0,nan,nan,nan,nan,nan,0
3.945,3800,250,-12,0,0,0,0,-0,0,0,0,0,0,0,0,0,0,0,0,0,0,0,0,0,0,0,12,1,0,nan,nan,nan,nan,nan,0
3.95,3800,250,-12,0,0,0,0,-0,0,0,0,0,0,0,0,0,0,0,0,0,0,0,0,0,0,0,12,1,0,nan,nan,nan,nan,nan,0
3.955,3800,250,-12,0,0,0,0,-0,0,0,0,0,0,0,0,0,0,0,0,0,0,0,0,0,0,0,12,1,0,nan,nan,nan,nan,nan,0
3.96,3800,250,-12,0,0,0,0,-0,0,0,0,0,0,0,0,0,0,0,0,0,0,0,0,0,0,0,12,1,0,nan,nan,nan,nan,nan,0
3.965,3800,250,-12,0,0,0,0,-0,0,0,0,0,0,0,0,0,0,0,0,0,0,0,0,0,0,0,12,1,0,nan,nan,nan,nan,nan,0
3.97,3800,250,-12,0,0,0,0,-0,0,0,0,0,0,0,0,0,0,0,0,0,0,0,0,0,0,0,12,1,0,nan,nan,nan,nan,nan,0
3.975,3800,250,-12,0,0,0,0,-0,0,0,0,0,0,0,0,0,0,0,0,0,0,0,0,0,0,0,12,1,0,nan,nan,nan,nan,nan,0
3.98,3800,250,-12,0,0,0,0,-0,0,0,0,0,0,0,0,0,0,0,0,0,0,0,0,0,0,0,12,1,0,nan,nan,nan,nan,nan,0
3.985,3800,250,-12,0,0,0,0,-0,0,0,0,0,0,0,0,0,0,0,0,0,0,0,0,0,0,0,12,1,0,nan,nan,nan,nan,nan,0
3.99,3800,250,-12,0,0,0,0,-0,0,0,0,0,0,0,0,0,0,0,0,0,0,0,0,0,0,0,12,1,0,nan,nan,nan,nan,nan,0
3.995,3800,250,-12,0,0,0,0,-0,0,0,0,0,0,0,0,0,0,0,0,0,0,0,0,0,0,0,12,1,0,nan,nan,nan,nan,nan,0
4,3800,250,-12,0,0,0,0,-0,0,0,0,0,0,0,0,0,0,0,0,0,0,0,0,0,0,0,12,1,0,nan,nan,nan,nan,nan,0
4.005,3800,250,-12,0,0,0,0,-0,0,0,0,0,0,0,0,0,0,0,0,0,0,0,0,0,0,0,12,1,0,nan,nan,nan,nan,nan,0
4.01,3800,250,-12,0,0,0,0,-0,0,0,0,0,0,0,0,0,0,0,0,0,0,0,0,0,0,0,12,1,0,nan,nan,nan,nan,nan,0
4.015,3800,250,-12,0,0,0,0,-0,0,0,0,0,0,0,0,0,0,0,0,0,0,0,0,0,0,0,12,1,0,nan,nan,nan,nan,nan,0
4.02,3800,250,-12,0,0,0,0,-0,0,0,0,0,0,0,0,0,0,0,0,0,0,0,0,0,0,0,12,1,0,nan,nan,nan,nan,nan,0
4.025,3800,250,-12,0,0,0,0,-0,0,0,0,0,0,0,0,0,0,0,0,0,0,0,0,0,0,0,12,1,0,nan,nan,nan,nan,nan,0
4.03,3800,250,-12,0,0,0,0,-0,0,0,0,0,0,0,0,0,0,0,0,0,0,0,0,0,0,0,12,1,0,nan,nan,nan,nan,nan,0
4.035,3800,250,-12,0,0,0,0,-0,0,0,0,0,0,0,0,0,0,0,0,0,0,0,0,0,0,0,12,1,0,nan,nan,nan,nan,nan,0
4.04,3800,250,-12,0,0,0,0,-0,0,0,0,0,0,0,0,0,0,0,0,0,0,0,0,0,0,0,12,1,0,nan,nan,nan,nan,nan,0
4.045,3800,250,-12,0,0,0,0,-0,0,0,0,0,0,0,0,0,0,0,0,0,0,0,0,0,0,0,12,1,0,nan,nan,nan,nan,nan,0
4.05,3800,250,-12,0,0,0,0,-0,0,0,0,0,0,0,0,0,0,0,0,0,0,0,0,0,0,0,12,1,0,nan,nan,nan,nan,nan,0
4.055,3800,250,-12,0,0,0,0,-0,0,0,0,0,0,0,0,0,0,0,0,0,0,0,0,0,0,0,12,1,0,nan,nan,nan,nan,nan,0
4.06,3800,250,-12,0,0,0,0,-0,0,0,0,0,0,0,0,0,0,0,0,0,0,0,0,0,0,0,12,1,0,nan,nan,nan,nan,nan,0
4.065,3800,250,-12,0,0,0,0,-0,0,0,0,0,0,0,0,0,0,0,0,0,0,0,0,0,0,0,12,1,0,nan,nan,nan,nan,nan,0
4.07,3800,250,-12,0,0,0,0,-0,0,0,0,0,0,0,0,0,0,0,0,0,0,0,0,0,0,0,12,1,0,nan,nan,nan,nan,nan,0
4.075,3800,250,-12,0,0,0,0,-0,0,0,0,0,0,0,0,0,0,0,0,0,0,0,0,0,0,0,12,1,0,nan,nan,nan,nan,nan,0
4.08,3800,250,-12,0,0,0,0,-0,0,0,0,0,0,0,0,0,0,0,0,0,0,0,0,0,0,0,12,1,0,nan,nan,nan,nan,nan,0
4.085,3800,250,-12,0,0,0,0,-0,0,0,0,0,0,0,0,0,0,0,0,0,0,0,0,0,0,0,12,1,0,nan,nan,nan,nan,nan,0
4.09,3800,250,-12,0,0,0,0,-0,0,0,0,0,0,0,0,0,0,0,0,0,0,0,0,0,0,0,12,1,0,nan,nan,nan,nan,nan,0
4.095,3800,250,-12,0,0,0,0,-0,0,0,0,0,0,0,0,0,0,0,0,0,0,0,0,0,0,0,12,1,0,nan,nan,nan,nan,nan,0
4.1,3800,250,-12,0,0,0,0,-0,0,0,0,0,0,0,0,0,0,0,0,0,0,0,0,0,0,0,12,1,0,nan,nan,nan,nan,nan,0
4.105,3800,250,-12,0,0,0,0,-0,0,0,0,0,0,0,0,0,0,0,0,0,0,0,0,0,0,0,12,1,0,nan,nan,nan,nan,nan,0
4.11,3800,250,-12,0,0,0,0,-0,0,0,0,0,0,0,0,0,0,0,0,0,0,0,0,0,0,0,12,1,0,nan,nan,nan,nan,nan,0
4.115,3800,250,-12,0,0,0,0,-0,0,0,0,0,0,0,0,0,0,0,0,0,0,0,0,0,0,0,12,1,0,nan,nan,nan,nan,nan,0
4.12,3800,250,-12,0,0,0,0,-0,0,0,0,0,0,0,0,0,0,0,0,0,0,0,0,0,0,0,12,1,0,nan,nan,nan,nan,nan,0
4.125,3800,250,-12,0,0,0,0,-0,0,0,0,0,0,0,0,0,0,0,0,0,0,0,0,0,0,0,12,1,0,nan,nan,nan,nan,nan,0
4.13,3800,250,-12,0,0,0,0,-0,0,0,0,0,0,0,0,0,0,0,0,0,0,0,0,0,0,0,12,1,0,nan,nan,nan,nan,nan,0
4.135,3800,250,-12,0,0,0,0,-0,0,0,0,0,0,0,0,0,0,0,0,0,0,0,0,0,0,0,12,1,0,nan,nan,nan,nan,nan,0
4.14,3800,250,-12,0,0,0,0,-0,0,0,0,0,0,0,0,0,0,0,0,0,0,0,0,0,0,0,12,1,0,nan,nan,nan,nan,nan,0
4.145,3800,250,-12,0,0,0,0,-0,0,0,0,0,0,0,0,0,0,0,0,0,0,0,0,0,0,0,12,1,0,nan,nan,nan,nan,nan,0
4.15,3800,250,-12,0,0,0,0,-0,0,0,0,0,0,0,0,0,0,0,0,0,0,0,0,0,0,0,12,1,0,nan,nan,nan,nan,nan,0
4.155,3800,250,-12,0,0,0,0,-0,0,0,0,0,0,0,0,0,0,0,0,0,0,0,0,0,0,0,12,1,0,nan,nan,nan,nan,nan,0
4.16,3800,250,-12,0,0,0,0,-0,0,0,0,0,0,0,0,0,0,0,0,0,0,0,0,0,0,0,12,1,0,nan,nan,nan,nan,nan,0
4.165,3800,250,-12,0,0,0,0,-0,0,0,0,0,0,0,0,0,0,0,0,0,0,0,0,0,0,0,12,1,0,nan,nan,nan,nan,nan,0
4.17,3800,250,-12,0,0,0,0,-0,0,0,0,0,0,0,0,0,0,0,0,0,0,0,0,0,0,0,12,1,0,nan,nan,nan,nan,nan,0
4.175,3800,250,-12,0,0,0,0,-0,0,0,0,0,0,0,0,0,0,0,0,0,0,0,0,0,0,0,12,1,0,nan,nan,nan,nan,nan,0
4.18,3800,250,-12,0,0,0,0,-0,0,0,0,0,0,0,0,0,0,0,0,0,0,0,0,0,0,0,12,1,0,nan,nan,nan,nan,nan,0
4.185,3800,250,-12,0,0,0,0,-0,0,0,0,0,0,0,0,0,0,0,0,0,0,0,0,0,0,0,12,1,0,nan,nan,nan,nan,nan,0
4.19,3800,250,-12,0,0,0,0,-0,0,0,0,0,0,0,0,0,0,0,0,0,0,0,0,0,0,0,12,1,0,nan,nan,nan,nan,nan,0
4.195,3800,250,-12,0,0,0,0,-0,0,0,0,0,0,0,0,0,0,0,0,0,0,0,0,0,0,0,12,1,0,nan,nan,nan,nan,nan,0
4.2,3800,250,-12,0,0,0,0,-0,0,0,0,0,0,0,0,0,0,0,0,0,0,0,0,0,0,0,12,1,0,nan,nan,nan,nan,nan,0
4.205,3800,250,-12,0,0,0,0,-0,0,0,0,0,0,0,0,0,0,0,0,0,0,0,0,0,0,0,12,1,0,nan,nan,nan,nan,nan,0
4.21,3800,250,-12,0,0,0,0,-0,0,0,0,0,0,0,0,0,0,0,0,0,0,0,0,0,0,0,12,1,0,nan,nan,nan,nan,nan,0
4.215,3800,250,-12,0,0,0,0,-0,0,0,0,0,0,0,0,0,0,0,0,0,0,0,0,0,0,0,12,1,0,nan,nan,nan,nan,nan,0
4.22,3800,250,-12,0,0,0,0,-0,0,0,0,0,0,0,0,0,0,0,0,0,0,0,0,0,0,0,12,1,0,nan,nan,nan,nan,nan,0
4.225,3800,250,-12,0,0,0,0,-0,0,0,0,0,0,0,0,0,0,0,0,0,0,0,0,0,0,0,12,1,0,nan,nan,nan,nan,nan,0
4.23,3800,250,-12,0,0,0,0,-0,0,0,0,0,0,0,0,0,0,0,0,0,0,0,0,0,0,0,12,1,0,nan,nan,nan,nan,nan,0
4.235,3800,250,-12,0,0,0,0,-0,0,0,0,0,0,0,0,0,0,0,0,0,0,0,0,0,0,0,12,1,0,nan,nan,nan,nan,nan,0
4.24,3800,250,-12,0,0,0,0,-0,0,0,0,0,0,0,0,0,0,0,0,0,0,0,0,0,0,0,12,1,0,nan,nan,nan,nan,nan,0
4.245,3800,250,-12,0,0,0,0,-0,0,0,0,0,0,0,0,0,0,0,0,0,0,0,0,0,0,0,12,1,0,nan,nan,nan,nan,nan,0
4.25,3800,250,-12,0,0,0,0,-0,0,0,0,0,0,0,0,0,0,0,0,0,0,0,0,0,0,0,12,1,0,nan,nan,nan,nan,nan,0
4.255,3800,250,-12,0,0,0,0,-0,0,0,0,0,0,0,0,0,0,0,0,0,0,0,0,0,0,0,12,1,0,nan,nan,nan,nan,nan,0
4.26,3800,250,-12,0,0,0,0,-0,0,0,0,0,0,0,0,0,0,0,0,0,0,0,0,0,0,0,12,1,0,nan,nan,nan,nan,nan,0
4.265,3800,250,-12,0,0,0,0,-0,0,0,0,0,0,0,0,0,0,0,0,0,0,0,0,0,0,0,12,1,0,nan,nan,nan,nan,nan,0
4.27,3800,250,-12,0,0,0,0,-0,0,0,0,0,0,0,0,0,0,0,0,0,0,0,0,0,0,0,12,1,0,nan,nan,nan,nan,nan,0
4.275,3800,250,-12,0,0,0,0,-0,0,0,0,0,0,0,0,0,0,0,0,0,0,0,0,0,0,0,12,1,0,nan,nan,nan,nan,nan,0
4.28,3800,250,-12,0,0,0,0,-0,0,0,0,0,0,0,0,0,0,0,0,0,0,0,0,0,0,0,12,1,0,nan,nan,nan,nan,nan,0
4.285,3800,250,-12,0,0,0,0,-0,0,0,0,0,0,0,0,0,0,0,0,0,0,0,0,0,0,0,12,1,0,nan,nan,nan,nan,nan,0
4.29,3800,250,-12,0,0,0,0,-0,0,0,0,0,0,0,0,0,0,0,0,0,0,0,0,0,0,0,12,1,0,nan,nan,nan,nan,nan,0
4.295,3800,250,-12,0,0,0,0,-0,0,0,0,0,0,0,0,0,0,0,0,0,0,0,0,0,0,0,12,1,0,nan,nan,nan,nan,nan,0
4.3,3800,250,-12,0,0,0,0,-0,0,0,0,0,0,0,0,0,0,0,0,0,0,0,0,0,0,0,12,1,0,nan,nan,nan,nan,nan,0
4.305,3800,250,-12,0,0,0,0,-0,0,0,0,0,0,0,0,0,0,0,0,0,0,0,0,0,0,0,12,1,0,nan,nan,nan,nan,nan,0
4.31,3800,250,-12,0,0,0,0,-0,0,0,0,0,0,0,0,0,0,0,0,0,0,0,0,0,0,0,12,1,0,nan,nan,nan,nan,nan,0
4.315,3800,250,-12,0,0,0,0,-0,0,0,0,0,0,0,0,0,0,0,0,0,0,0,0,0,0,0,12,1,0,nan,nan,nan,nan,nan,0
4.32,3800,250,-12,0,0,0,0,-0,0,0,0,0,0,0,0,0,0,0,0,0,0,0,0,0,0,0,12,1,0,nan,nan,nan,nan,nan,0
4.325,3800,250,-12,0,0,0,0,-0,0,0,0,0,0,0,0,0,0,0,0,0,0,0,0,0,0,0,12,1,0,nan,nan,nan,nan,nan,0
4.33,3800,250,-12,0,0,0,0,-0,0,0,0,0,0,0,0,0,0,0,0,0,0,0,0,0,0,0,12,1,0,nan,nan,nan,nan,nan,0
4.335,3800,250,-12,0,0,0,0,-0,0,0,0,0,0,0,0,0,0,0,0,0,0,0,0,0,0,0,12,1,0,nan,nan,nan,nan,nan,0
4.34,3800,250,-12,0,0,0,0,-0,0,0,0,0,0,0,0,0,0,0,0,0,0,0,0,0,0,0,12,1,0,nan,nan,nan,nan,nan,0
4.345,3800,250,-12,0,0,0,0,-0,0,0,0,0,0,0,0,0,0,0,0,0,0,0,0,0,0,0,12,1,0,nan,nan,nan,nan,nan,0
4.35,3800,250,-12,0,0,0,0,-0,0,0,0,0,0,0,0,0,0,0,0,0,0,0,0,0,0,0,12,1,0,nan,nan,nan,nan,nan,0
4.355,3800,250,-12,0,0,0,0,-0,0,0,0,0,0,0,0,0,0,0,0,0,0,0,0,0,0,0,12,1,0,nan,nan,nan,nan,nan,0
4.36,3800,250,-12,0,0,0,0,-0,0,0,0,0,0,0,0,0,0,0,0,0,0,0,0,0,0,0,12,1,0,nan,nan,nan,nan,nan,0
4.365,3800,250,-12,0,0,0,0,-0,0,0,0,0,0,0,0,0,0,0,0,0,0,0,0,0,0,0,12,1,0,nan,nan,nan,nan,nan,0
4.37,3800,250,-12,0,0,0,0,-0,0,0,0,0,0,0,0,0,0,0,0,0,0,0,0,0,0,0,12,1,0,nan,nan,nan,nan,nan,0
4.375,3800,250,-12,0,0,0,0,-0,0,0,0,0,0,0,0,0,0,0,0,0,0,0,0,0,0,0,12,1,0,nan,nan,nan,nan,nan,0
4.38,3800,250,-12,0,0,0,0,-0,0,0,0,0,0,0,0,0,0,0,0,0,0,0,0,0,0,0,12,1,0,nan,nan,nan,nan,nan,0
4.385,3800,250,-12,0,0,0,0,-0,0,0,0,0,0,0,0,0,0,0,0,0,0,0,0,0,0,0,12,1,0,nan,nan,nan,nan,nan,0
4.39,3800,250,-12,0,0,0,0,-0,0,0,0,0,0,0,0,0,0,0,0,0,0,0,0,0,0,0,12,1,0,nan,nan,nan,nan,nan,0
4.395,3800,250,-12,0,0,0,0,-0,0,0,0,0,0,0,0,0,0,0,0,0,0,0,0,0,0,0,12,1,0,nan,nan,nan,nan,nan,0
4.4,3800,250,-12,0,0,0,0,-0,0,0,0,0,0,0,0,0,0,0,0,0,0,0,0,0,0,0,12,1,0,nan,nan,nan,nan,nan,0
4.405,3800,250,-12,0,0,0,0,-0,0,0,0,0,0,0,0,0,0,0,0,0,0,0,0,0,0,0,12,1,0,nan,nan,nan,nan,nan,0
4.41,3800,250,-12,0,0,0,0,-0,0,0,0,0,0,0,0,0,0,0,0,0,0,0,0,0,0,0,12,1,0,nan,nan,nan,nan,nan,0
4.415,3800,250,-12,0,0,0,0,-0,0,0,0,0,0,0,0,0,0,0,0,0,0,0,0,0,0,0,12,1,0,nan,nan,nan,nan,nan,0
4.42,3800,250,-12,0,0,0,0,-0,0,0,0,0,0,0,0,0,0,0,0,0,0,0,0,0,0,0,12,1,0,nan,nan,nan,nan,nan,0
4.425,3800,250,-12,0,0,0,0,-0,0,0,0,0,0,0,0,0,0,0,0,0,0,0,0,0,0,0,12,1,0,nan,nan,nan,nan,nan,0
4.43,3800,250,-12,0,0,0,0,-0,0,0,0,0,0,0,0,0,0,0,0,0,0,0,0,0,0,0,12,1,0,nan,nan,nan,nan,nan,0
4.435,3800,250,-12,0,0,0,0,-0,0,0,0,0,0,0,0,0,0,0,0,0,0,0,0,0,0,0,12,1,0,nan,nan,nan,nan,nan,0
4.44,3800,250,-12,0,0,0,0,-0,0,0,0,0,0,0,0,0,0,0,0,0,0,0,0,0,0,0,12,1,0,nan,nan,nan,nan,nan,0
4.445,3800,250,-12,0,0,0,0,-0,0,0,0,0,0,0,0,0,0,0,0,0,0,0,0,0,0,0,12,1,0,nan,nan,nan,nan,nan,0
4.45,3800,250,-12,0,0,0,0,-0,0,0,0,0,0,0,0,0,0,0,0,0,0,0,0,0,0,0,12,1,0,nan,nan,nan,nan,nan,0
4.455,3800,250,-12,0,0,0,0,-0,0,0,0,0,0,0,0,0,0,0,0,0,0,0,0,0,0,0,12,1,0,nan,nan,nan,nan,nan,0
4.46,3800,250,-12,0,0,0,0,-0,0,0,0,0,0,0,0,0,0,0,0,0,0,0,0,0,0,0,12,1,0,nan,nan,nan,nan,nan,0
4.465,3800,250,-12,0,0,0,0,-0,0,0,0,0,0,0,0,0,0,0,0,0,0,0,0,0,0,0,12,1,0,nan,nan,nan,nan,nan,0
4.47,3800,250,-12,0,0,0,0,-0,0,0,0,0,0,0,0,0,0,0,0,0,0,0,0,0,0,0,12,1,0,nan,nan,nan,nan,nan,0
4.475,3800,250,-12,0,0,0,0,-0,0,0,0,0,0,0,0,0,0,0,0,0,0,0,0,0,0,0,12,1,0,nan,nan,nan,nan,nan,0
4.48,3800,250,-12,0,0,0,0,-0,0,0,0,0,0,0,0,0,0,0,0,0,0,0,0,0,0,0,12,1,0,nan,nan,nan,nan,nan,0
4.485,3800,250,-12,0,0,0,0,-0,0,0,0,0,0,0,0,0,0,0,0,0,0,0,0,0,0,0,12,1,0,nan,nan,nan,nan,nan,0
4.49,3800,250,-12,0,0,0,0,-0,0,0,0,0,0,0,0,0,0,0,0,0,0,0,0,0,0,0,12,1,0,nan,nan,nan,nan,nan,0
4.495,3800,250,-12,0,0,0,0,-0,0,0,0,0,0,0,0,0,0,0,0,0,0,0,0,0,0,0,12,1,0,nan,nan,nan,nan,nan,0
4.5,3800,250,-12,0,0,0,0,-0,0,0,0,0,0,0,0,0,0,0,0,0,0,0,0,0,0,0,12,1,0,nan,nan,nan,nan,nan,0
4.505,3800,250,-12,0,0,0,0,-0,0,0,0,0,0,0,0,0,0,0,0,0,0,0,0,0,0,0,12,1,0,nan,nan,nan,nan,nan,0
4.51,3800,250,-12,0,0,0,0,-0,0,0,0,0,0,0,0,0,0,0,0,0,0,0,0,0,0,0,12,1,0,nan,nan,nan,nan,nan,0
4.515,3800,250,-12,0,0,0,0,-0,0,0,0,0,0,0,0,0,0,0,0,0,0,0,0,0,0,0,12,1,0,nan,nan,nan,nan,nan,0
4.52,3800,250,-12,0,0,0,0,-0,0,0,0,0,0,0,0,0,0,0,0,0,0,0,0,0,0,0,12,1,0,nan,nan,nan,nan,nan,0
4.525,3800,250,-12,0,0,0,0,-0,0,0,0,0,0,0,0,0,0,0,0,0,0,0,0,0,0,0,12,1,0,nan,nan,nan,nan,nan,0
4.53,3800,250,-12,0,0,0,0,-0,0,0,0,0,0,0,0,0,0,0,0,0,0,0,0,0,0,0,12,1,0,nan,nan,nan,nan,nan,0
4.535,3800,250,-12,0,0,0,0,-0,0,0,0,0,0,0,0,0,0,0,0,0,0,0,0,0,0,0,12,1,0,nan,nan,nan,nan,nan,0
4.54,3800,250,-12,0,0,0,0,-0,0,0,0,0,0,0,0,0,0,0,0,0,0,0,0,0,0,0,12,1,0,nan,nan,nan,nan,nan,0
4.545,3800,250,-12,0,0,0,0,-0,0,0,0,0,0,0,0,0,0,0,0,0,0,0,0,0,0,0,12,1,0,nan,nan,nan,nan,nan,0
4.55,3800,250,-12,0,0,0,0,-0,0,0,0,0,0,0,0,0,0,0,0,0,0,0,0,0,0,0,12,1,0,nan,nan,nan,nan,nan,0
4.555,3800,250,-12,0,0,0,0,-0,0,0,0,0,0,0,0,0,0,0,0,0,0,0,0,0,0,0,12,1,0,nan,nan,nan,nan,nan,0
4.56,3800,250,-12,0,0,0,0,-0,0,0,0,0,0,0,0,0,0,0,0,0,0,0,0,0,0,0,12,1,0,nan,nan,nan,nan,nan,0
4.565,3800,250,-12,0,0,0,0,-0,0,0,0,0,0,0,0,0,0,0,0,0,0,0,0,0,0,0,12,1,0,nan,nan,nan,nan,nan,0
4.57,3800,250,-12,0,0,0,0,-0,0,0,0,0,0,0,0,0,0,0,0,0,0,0,0,0,0,0,12,1,0,nan,nan,nan,nan,nan,0
4.575,3800,250,-12,0,0,0,0,-0,0,0,0,0,0,0,0,0,0,0,0,0,0,0,0,0,0,0,12,1,0,nan,nan,nan,nan,nan,0
4.58,3800,250,-12,0,0,0,0,-0,0,0,0,0,0,0,0,0,0,0,0,0,0,0,0,0,0,0,12,1,0,nan,nan,nan,nan,nan,0
4.585,3800,250,-12,0,0,0,0,-0,0,0,0,0,0,0,0,0,0,0,0,0,0,0,0,0,0,0,12,1,0,nan,nan,nan,nan,nan,0
4.59,3800,250,-12,0,0,0,0,-0,0,0,0,0,0,0,0,0,0,0,0,0,0,0,0,0,0,0,12,1,0,nan,nan,nan,nan,nan,0
4.595,3800,250,-12,0,0,0,0,-0,0,0,0,0,0,0,0,0,0,0,0,0,0,0,0,0,0,0,12,1,0,nan,nan,nan,nan,nan,0
4.6,3800,250,-12,0,0,0,0,-0,0,0,0,0,0,0,0,0,0,0,0,0,0,0,0,0,0,0,12,1,0,nan,nan,nan,nan,nan,0
4.605,3800,250,-12,0,0,0,0,-0,0,0,0,0,0,0,0,0,0,0,0,0,0,0,0,0,0,0,12,1,0,nan,nan,nan,nan,nan,0
4.61,3800,250,-12,0,0,0,0,-0,0,0,0,0,0,0,0,0,0,0,0,0,0,0,0,0,0,0,12,1,0,nan,nan,nan,nan,nan,0
4.615,3800,250,-12,0,0,0,0,-0,0,0,0,0,0,0,0,0,0,0,0,0,0,0,0,0,0,0,12,1,0,nan,nan,nan,nan,nan,0
4.62,3800,250,-12,0,0,0,0,-0,0,0,0,0,0,0,0,0,0,0,0,0,0,0,0,0,0,0,12,1,0,nan,nan,nan,nan,nan,0
4.625,3800,250,-12,0,0,0,0,-0,0,0,0,0,0,0,0,0,0,0,0,0,0,0,0,0,0,0,12,1,0,nan,nan,nan,nan,nan,0
4.63,3800,250,-12,0,0,0,0,-0,0,0,0,0,0,0,0,0,0,0,0,0,0,0,0,0,0,0,12,1,0,nan,nan,nan,nan,nan,0
4.635,3800,250,-12,0,0,0,0,-0,0,0,0,0,0,0,0,0,0,0,0,0,0,0,0,0,0,0,12,1,0,nan,nan,nan,nan,nan,0
4.64,3800,250,-12,0,0,0,0,-0,0,0,0,0,0,0,0,0,0,0,0,0,0,0,0,0,0,0,12,1,0,nan,nan,nan,nan,nan,0
4.645,3800,250,-12,0,0,0,0,-0,0,0,0,0,0,0,0,0,0,0,0,0,0,0,0,0,0,0,12,1,0,nan,nan,nan,nan,nan,0
4.65,3800,250,-12,0,0,0,0,-0,0,0,0,0,0,0,0,0,0,0,0,0,0,0,0,0,0,0,12,1,0,nan,nan,nan,nan,nan,0
4.655,3800,250,-12,0,0,0,0,-0,0,0,0,0,0,0,0,0,0,0,0,0,0,0,0,0,0,0,12,1,0,nan,nan,nan,nan,nan,0
4.66,3800,250,-12,0,0,0,0,-0,0,0,0,0,0,0,0,0,0,0,0,0,0,0,0,0,0,0,12,1,0,nan,nan,nan,nan,nan,0
4.665,3800,250,-12,0,0,0,0,-0,0,0,0,0,0,0,0,0,0,0,0,0,0,0,0,0,0,0,12,1,0,nan,nan,nan,nan,nan,0
4.67,3800,250,-12,0,0,0,0,-0,0,0,0,0,0,0,0,0,0,0,0,0,0,0,0,0,0,0,12,1,0,nan,nan,nan,nan,nan,0
4.675,3800,250,-12,0,0,0,0,-0,0,0,0,0,0,0,0,0,0,0,0,0,0,0,0,0,0,0,12,1,0,nan,nan,nan,nan,nan,0
4.68,3800,250,-12,0,0,0,0,-0,0,0,0,0,0,0,0,0,0,0,0,0,0,0,0,0,0,0,12,1,0,nan,nan,nan,nan,nan,0
4.685,3800,250,-12,0,0,0,0,-0,0,0,0,0,0,0,0,0,0,0,0,0,0,0,0,0,0,0,12,1,0,nan,nan,nan,nan,nan,0
4.69,3800,250,-12,0,0,0,0,-0,0,0,0,0,0,0,0,0,0,0,0,0,0,0,0,0,0,0,12,1,0,nan,nan,nan,nan,nan,0
4.695,3800,250,-12,0,0,0,0,-0,0,0,0,0,0,0,0,0,0,0,0,0,0,0,0,0,0,0,12,1,0,nan,nan,nan,nan,nan,0
4.7,3800,250,-12,0,0,0,0,-0,0,0,0,0,0,0,0,0,0,0,0,0,0,0,0,0,0,0,12,1,0,nan,nan,nan,nan,nan,0
4.705,3800,250,-12,0,0,0,0,-0,0,0,0,0,0,0,0,0,0,0,0,0,0,0,0,0,0,0,12,1,0,nan,nan,nan,nan,nan,0
4.71,3800,250,-12,0,0,0,0,-0,0,0,0,0,0,0,0,0,0,0,0,0,0,0,0,0,0,0,12,1,0,nan,nan,nan,nan,nan,0
4.715,3800,250,-12,0,0,0,0,-0,0,0,0,0,0,0,0,0,0,0,0,0,0,0,0,0,0,0,12,1,0,nan,nan,nan,nan,nan,0
4.72,3800,250,-12,0,0,0,0,-0,0,0,0,0,0,0,0,0,0,0,0,0,0,0,0,0,0,0,12,1,0,nan,nan,nan,nan,nan,0
4.725,3800,250,-12,0,0,0,0,-0,0,0,0,0,0,0,0,0,0,0,0,0,0,0,0,0,0,0,12,1,0,nan,nan,nan,nan,nan,0
4.73,3800,250,-12,0,0,0,0,-0,0,0,0,0,0,0,0,0,0,0,0,0,0,0,0,0,0,0,12,1,0,nan,nan,nan,nan,nan,0
4.735,3800,250,-12,0,0,0,0,-0,0,0,0,0,0,0,0,0,0,0,0,0,0,0,0,0,0,0,12,1,0,nan,nan,nan,nan,nan,0
4.74,3800,250,-12,0,0,0,0,-0,0,0,0,0,0,0,0,0,0,0,0,0,0,0,0,0,0,0,12,1,0,nan,nan,nan,nan,nan,0
4.745,3800,250,-12,0,0,0,0,-0,0,0,0,0,0,0,0,0,0,0,0,0,0,0,0,0,0,0,12,1,0,nan,nan,nan,nan,nan,0
4.75,3800,250,-12,0,0,0,0,-0,0,0,0,0,0,0,0,0,0,0,0,0,0,0,0,0,0,0,12,1,0,nan,nan,nan,nan,nan,0
4.755,3800,250,-12,0,0,0,0,-0,0,0,0,0,0,0,0,0,0,0,0,0,0,0,0,0,0,0,12,1,0,nan,nan,nan,nan,nan,0
4.76,3800,250,-12,0,0,0,0,-0,0,0,0,0,0,0,0,0,0,0,0,0,0,0,0,0,0,0,12,1,0,nan,nan,nan,nan,nan,0
4.765,3800,250,-12,0,0,0,0,-0,0,0,0,0,0,0,0,0,0,0,0,0,0,0,0,0,0,0,12,1,0,nan,nan,nan,nan,nan,0
4.77,3800,250,-12,0,0,0,0,-0,0,0,0,0,0,0,0,0,0,0,0,0,0,0,0,0,0,0,12,1,0,nan,nan,nan,nan,nan,0
4.775,3800,250,-12,0,0,0,0,-0,0,0,0,0,0,0,0,0,0,0,0,0,0,0,0,0,0,0,12,1,0,nan,nan,nan,nan,nan,0
4.78,3800,250,-12,0,0,0,0,-0,0,0,0,0,0,0,0,0,0,0,0,0,0,0,0,0,0,0,12,1,0,nan,nan,nan,nan,nan,0
4.785,3800,250,-12,0,0,0,0,-0,0,0,0,0,0,0,0,0,0,0,0,0,0,0,0,0,0,0,12,1,0,nan,nan,nan,nan,nan,0
4.79,3800,250,-12,0,0,0,0,-0,0,0,0,0,0,0,0,0,0,0,0,0,0,0,0,0,0,0,12,1,0,nan,nan,nan,nan,nan,0
4.795,3800,250,-12,0,0,0,0,-0,0,0,0,0,0,0,0,0,0,0,0,0,0,0,0,0,0,0,12,1,0,nan,nan,nan,nan,nan,0
4.8,3800,250,-12,0,0,0,0,-0,0,0,0,0,0,0,0,0,0,0,0,0,0,0,0,0,0,0,12,1,0,nan,nan,nan,nan,nan,0
4.805,3800,250,-12,0,0,0,0,-0,0,0,0,0,0,0,0,0,0,0,0,0,0,0,0,0,0,0,12,1,0,nan,nan,nan,nan,nan,0
4.81,3800,250,-12,0,0,0,0,-0,0,0,0,0,0,0,0,0,0,0,0,0,0,0,0,0,0,0,12,1,0,nan,nan,nan,nan,nan,0
4.815,3800,250,-12,0,0,0,0,-0,0,0,0,0,0,0,0,0,0,0,0,0,0,0,0,0,0,0,12,1,0,nan,nan,nan,nan,nan,0
4.82,3800,250,-12,0,0,0,0,-0,0,0,0,0,0,0,0,0,0,0,0,0,0,0,0,0,0,0,12,1,0,nan,nan,nan,nan,nan,0
4.825,3800,250,-12,0,0,0,0,-0,0,0,0,0,0,0,0,0,0,0,0,0,0,0,0,0,0,0,12,1,0,nan,nan,nan,nan,nan,0
4.83,3800,250,-12,0,0,0,0,-0,0,0,0,0,0,0,0,0,0,0,0,0,0,0,0,0,0,0,12,1,0,nan,nan,nan,nan,nan,0
4.835,3800,250,-12,0,0,0,0,-0,0,0,0,0,0,0,0,0,0,0,0,0,0,0,0,0,0,0,12,1,0,nan,nan,nan,nan,nan,0
4.84,3800,250,-12,0,0,0,0,-0,0,0,0,0,0,0,0,0,0,0,0,0,0,0,0,0,0,0,12,1,0,nan,nan,nan,nan,nan,0
4.845,3800,250,-12,0,0,0,0,-0,0,0,0,0,0,0,0,0,0,0,0,0,0,0,0,0,0,0,12,1,0,nan,nan,nan,nan,nan,0
4.85,3800,250,-12,0,0,0,0,-0,0,0,0,0,0,0,0,0,0,0,0,0,0,0,0,0,0,0,12,1,0,nan,nan,nan,nan,nan,0
4.855,3800,250,-12,0,0,0,0,-0,0,0,0,0,0,0,0,0,0,0,0,0,0,0,0,0,0,0,12,1,0,nan,nan,nan,nan,nan,0
4.86,3800,250,-12,0,0,0,0,-0,0,0,0,0,0,0,0,0,0,0,0,0,0,0,0,0,0,0,12,1,0,nan,nan,nan,nan,nan,0
4.865,3800,250,-12,0,0,0,0,-0,0,0,0,0,0,0,0,0,0,0,0,0,0,0,0,0,0,0,12,1,0,nan,nan,nan,nan,nan,0
4.87,3800,250,-12,0,0,0,0,-0,0,0,0,0,0,0,0,0,0,0,0,0,0,0,0,0,0,0,12,1,0,nan,nan,nan,nan,nan,0
4.875,3800,250,-12,0,0,0,0,-0,0,0,0,0,0,0,0,0,0,0,0,0,0,0,0,0,0,0,12,1,0,nan,nan,nan,nan,nan,0
4.88,3800,250,-12,0,0,0,0,-0,0,0,0,0,0,0,0,0,0,0,0,0,0,0,0,0,0,0,12,1,0,nan,nan,nan,nan,nan,0
4.885,3800,250,-12,0,0,0,0,-0,0,0,0,0,0,0,0,0,0,0,0,0,0,0,0,0,0,0,12,1,0,nan,nan,nan,nan,nan,0
4.89,3800,250,-12,0,0,0,0,-0,0,0,0,0,0,0,0,0,0,0,0,0,0,0,0,0,0,0,12,1,0,nan,nan,nan,nan,nan,0
4.895,3800,250,-12,0,0,0,0,-0,0,0,0,0,0,0,0,0,0,0,0,0,0,0,0,0,0,0,12,1,0,nan,nan,nan,nan,nan,0
4.9,3800,250,-12,0,0,0,0,-0,0,0,0,0,0,0,0,0,0,0,0,0,0,0,0,0,0,0,12,1,0,nan,nan,nan,nan,nan,0
4.905,3800,250,-12,0,0,0,0,-0,0,0,0,0,0,0,0,0,0,0,0,0,0,0,0,0,0,0,12,1,0,nan,nan,nan,nan,nan,0
4.91,3800,250,-12,0,0,0,0,-0,0,0,0,0,0,0,0,0,0,0,0,0,0,0,0,0,0,0,12,1,0,nan,nan,nan,nan,nan,0
4.915,3800,250,-12,0,0,0,0,-0,0,0,0,0,0,0,0,0,0,0,0,0,0,0,0,0,0,0,12,1,0,nan,nan,nan,nan,nan,0
4.92,3800,250,-12,0,0,0,0,-0,0,0,0,0,0,0,0,0,0,0,0,0,0,0,0,0,0,0,12,1,0,nan,nan,nan,nan,nan,0
4.925,3800,250,-12,0,0,0,0,-0,0,0,0,0,0,0,0,0,0,0,0,0,0,0,0,0,0,0,12,1,0,nan,nan,nan,nan,nan,0
4.93,3800,250,-12,0,0,0,0,-0,0,0,0,0,0,0,0,0,0,0,0,0,0,0,0,0,0,0,12,1,0,nan,nan,nan,nan,nan,0
4.935,3800,250,-12,0,0,0,0,-0,0,0,0,0,0,0,0,0,0,0,0,0,0,0,0,0,0,0,12,1,0,nan,nan,nan,nan,nan,0
4.94,3800,250,-12,0,0,0,0,-0,0,0,0,0,0,0,0,0,0,0,0,0,0,0,0,0,0,0,12,1,0,nan,nan,nan,nan,nan,0
4.945,3800,250,-12,0,0,0,0,-0,0,0,0,0,0,0,0,0,0,0,0,0,0,0,0,0,0,0,12,1,0,nan,nan,nan,nan,nan,0
4.95,3800,250,-12,0,0,0,0,-0,0,0,0,0,0,0,0,0,0,0,0,0,0,0,0,0,0,0,12,1,0,nan,nan,nan,nan,nan,0
4.955,3800,250,-12,0,0,0,0,-0,0,0,0,0,0,0,0,0,0,0,0,0,0,0,0,0,0,0,12,1,0,nan,nan,nan,nan,nan,0
4.96,3800,250,-12,0,0,0,0,-0,0,0,0,0,0,0,0,0,0,0,0,0,0,0,0,0,0,0,12,1,0,nan,nan,nan,nan,nan,0
4.965,3800,250,-12,0,0,0,0,-0,0,0,0,0,0,0,0,0,0,0,0,0,0,0,0,0,0,0,12,1,0,nan,nan,nan,nan,nan,0
4.97,3800,250,-12,0,0,0,0,-0,0,0,0,0,0,0,0,0,0,0,0,0,0,0,0,0,0,0,12,1,0,nan,nan,nan,nan,nan,0
4.975,3800,250,-12,0,0,0,0,-0,0,0,0,0,0,0,0,0,0,0,0,0,0,0,0,0,0,0,12,1,0,nan,nan,nan,nan,nan,0
4.98,3800,250,-12,0,0,0,0,-0,0,0,0,0,0,0,0,0,0,0,0,0,0,0,0,0,0,0,12,1,0,nan,nan,nan,nan,nan,0
4.985,3800,250,-12,0,0,0,0,-0,0,0,0,0,0,0,0,0,0,0,0,0,0,0,0,0,0,0,12,1,0,nan,nan,nan,nan,nan,0
4.99,3800,250,-12,0,0,0,0,-0,0,0,0,0,0,0,0,0,0,0,0,0,0,0,0,0,0,0,12,1,0,nan,nan,nan,nan,nan,0
4.995,3800,250,-12,0,0,0,0,-0,0,0,0,0,0,0,0,0,0,0,0,0,0,0,0,0,0,0,12,1,0,nan,nan,nan,nan,nan,0
5,3800,250,-12,0,0,0,0,-0,0,0,0,0,0,0,0,0,0,0,0,0,0,0,0,0,0,0,12,1,0,nan,nan,nan,nan,nan,0
5.005,3800,250,-12,0,0,0,0,-0,0,0,0,0,0,0,0,0,0,0,0,0,0,0,0,0,0,0,12,1,0,nan,nan,nan,nan,nan,0
5.01,3800,250,-12,0,0,0,0,-0,0,0,0,0,0,0,0,0,0,0,0,0,0,0,0,0,0,0,12,1,0,nan,nan,nan,nan,nan,0
5.015,3800,250,-12,0,0,0,0,-0,0,0,0,0,0,0,0,0,0,0,0,0,0,0,0,0,0,0,12,1,0,nan,nan,nan,nan,nan,0
5.02,3800,250,-12,0,0,0,0,-0,0,0,0,0,0,0,0,0,0,0,0,0,0,0,0,0,0,0,12,1,0,nan,nan,nan,nan,nan,0
5.025,3800,250,-12,0,0,0,0,-0,0,0,0,0,0,0,0,0,0,0,0,0,0,0,0,0,0,0,12,1,0,nan,nan,nan,nan,nan,0
5.03,3800,250,-12,0,0,0,0,-0,0,0,0,0,0,0,0,0,0,0,0,0,0,0,0,0,0,0,12,1,0,nan,nan,nan,nan,nan,0
5.035,3800,250,-12,0,0,0,0,-0,0,0,0,0,0,0,0,0,0,0,0,0,0,0,0,0,0,0,12,1,0,nan,nan,nan,nan,nan,0
5.04,3800,250,-12,0,0,0,0,-0,0,0,0,0,0,0,0,0,0,0,0,0,0,0,0,0,0,0,12,1,0,nan,nan,nan,nan,nan,0
5.045,3800,250,-12,0,0,0,0,-0,0,0,0,0,0,0,0,0,0,0,0,0,0,0,0,0,0,0,12,1,0,nan,nan,nan,nan,nan,0
5.05,3800,250,-12,0,0,0,0,-0,0,0,0,0,0,0,0,0,0,0,0,0,0,0,0,0,0,0,12,1,0,nan,nan,nan,nan,nan,0
5.055,3800,250,-12,0,0,0,0,-0,0,0,0,0,0,0,0,0,0,0,0,0,0,0,0,0,0,0,12,1,0,nan,nan,nan,nan,nan,0
5.06,3800,250,-12,0,0,0,0,-0,0,0,0,0,0,0,0,0,0,0,0,0,0,0,0,0,0,0,12,1,0,nan,nan,nan,nan,nan,0
5.065,3800,250,-12,0,0,0,0,-0,0,0,0,0,0,0,0,0,0,0,0,0,0,0,0,0,0,0,12,1,0,nan,nan,nan,nan,nan,0
5.07,3800,250,-12,0,0,0,0,-0,0,0,0,0,0,0,0,0,0,0,0,0,0,0,0,0,0,0,12,1,0,nan,nan,nan,nan,nan,0
5.075,3800,250,-12,0,0,0,0,-0,0,0,0,0,0,0,0,0,0,0,0,0,0,0,0,0,0,0,12,1,0,nan,nan,nan,nan,nan,0
5.08,3800,250,-12,0,0,0,0,-0,0,0,0,0,0,0,0,0,0,0,0,0,0,0,0,0,0,0,12,1,0,nan,nan,nan,nan,nan,0
5.085,3800,250,-12,0,0,0,0,-0,0,0,0,0,0,0,0,0,0,0,0,0,0,0,0,0,0,0,12,1,0,nan,nan,nan,nan,nan,0
5.09,3800,250,-12,0,0,0,0,-0,0,0,0,0,0,0,0,0,0,0,0,0,0,0,0,0,0,0,12,1,0,nan,nan,nan,nan,nan,0
5.095,3800,250,-12,0,0,0,0,-0,0,0,0,0,0,0,0,0,0,0,0,0,0,0,0,0,0,0,12,1,0,nan,nan,nan,nan,nan,0
5.1,3800,250,-12,0,0,0,0,-0,0,0,0,0,0,0,0,0,0,0,0,0,0,0,0,0,0,0,12,1,0,nan,nan,nan,nan,nan,0
5.105,3800,250,-12,0,0,0,0,-0,0,0,0,0,0,0,0,0,0,0,0,0,0,0,0,0,0,0,12,1,0,nan,nan,nan,nan,nan,0
5.11,3800,250,-12,0,0,0,0,-0,0,0,0,0,0,0,0,0,0,0,0,0,0,0,0,0,0,0,12,1,0,nan,nan,nan,nan,nan,0
5.115,3800,250,-12,0,0,0,0,-0,0,0,0,0,0,0,0,0,0,0,0,0,0,0,0,0,0,0,12,1,0,nan,nan,nan,nan,nan,0
5.12,3800,250,-12,0,0,0,0,-0,0,0,0,0,0,0,0,0,0,0,0,0,0,0,0,0,0,0,12,1,0,nan,nan,nan,nan,nan,0
5.125,3800,250,-12,0,0,0,0,-0,0,0,0,0,0,0,0,0,0,0,0,0,0,0,0,0,0,0,12,1,0,nan,nan,nan,nan,nan,0
5.13,3800,250,-12,0,0,0,0,-0,0,0,0,0,0,0,0,0,0,0,0,0,0,0,0,0,0,0,12,1,0,nan,nan,nan,nan,nan,0
5.135,3800,250,-12,0,0,0,0,-0,0,0,0,0,0,0,0,0,0,0,0,0,0,0,0,0,0,0,12,1,0,nan,nan,nan,nan,nan,0
5.14,3800,250,-12,0,0,0,0,-0,0,0,0,0,0,0,0,0,0,0,0,0,0,0,0,0,0,0,12,1,0,nan,nan,nan,nan,nan,0
5.145,3800,250,-12,0,0,0,0,-0,0,0,0,0,0,0,0,0,0,0,0,0,0,0,0,0,0,0,12,1,0,nan,nan,nan,nan,nan,0
5.15,3800,250,-12,0,0,0,0,-0,0,0,0,0,0,0,0,0,0,0,0,0,0,0,0,0,0,0,12,1,0,nan,nan,nan,nan,nan,0
5.155,3800,250,-12,0,0,0,0,-0,0,0,0,0,0,0,0,0,0,0,0,0,0,0,0,0,0,0,12,1,0,nan,nan,nan,nan,nan,0
5.16,3800,250,-12,0,0,0,0,-0,0,0,0,0,0,0,0,0,0,0,0,0,0,0,0,0,0,0,12,1,0,nan,nan,nan,nan,nan,0
5.165,3800,250,-12,0,0,0,0,-0,0,0,0,0,0,0,0,0,0,0,0,0,0,0,0,0,0,0,12,1,0,nan,nan,nan,nan,nan,0
5.17,3800,250,-12,0,0,0,0,-0,0,0,0,0,0,0,0,0,0,0,0,0,0,0,0,0,0,0,12,1,0,nan,nan,nan,nan,nan,0
5.175,3800,250,-12,0,0,0,0,-0,0,0,0,0,0,0,0,0,0,0,0,0,0,0,0,0,0,0,12,1,0,nan,nan,nan,nan,nan,0
5.18,3800,250,-12,0,0,0,0,-0,0,0,0,0,0,0,0,0,0,0,0,0,0,0,0,0,0,0,12,1,0,nan,nan,nan,nan,nan,0
5.185,3800,250,-12,0,0,0,0,-0,0,0,0,0,0,0,0,0,0,0,0,0,0,0,0,0,0,0,12,1,0,nan,nan,nan,nan,nan,0
5.19,3800,250,-12,0,0,0,0,-0,0,0,0,0,0,0,0,0,0,0,0,0,0,0,0,0,0,0,12,1,0,nan,nan,nan,nan,nan,0
5.195,3800,250,-12,0,0,0,0,-0,0,0,0,0,0,0,0,0,0,0,0,0,0,0,0,0,0,0,12,1,0,nan,nan,nan,nan,nan,0
5.2,3800,250,-12,0,0,0,0,-0,0,0,0,0,0,0,0,0,0,0,0,0,0,0,0,0,0,0,12,1,0,nan,nan,nan,nan,nan,0
5.205,3800,250,-12,0,0,0,0,-0,0,0,0,0,0,0,0,0,0,0,0,0,0,0,0,0,0,0,12,1,0,nan,nan,nan,nan,nan,0
5.21,3800,250,-12,0,0,0,0,-0,0,0,0,0,0,0,0,0,0,0,0,0,0,0,0,0,0,0,12,1,0,nan,nan,nan,nan,nan,0
5.215,3800,250,-12,0,0,0,0,-0,0,0,0,0,0,0,0,0,0,0,0,0,0,0,0,0,0,0,12,1,0,nan,nan,nan,nan,nan,0
5.22,3800,250,-12,0,0,0,0,-0,0,0,0,0,0,0,0,0,0,0,0,0,0,0,0,0,0,0,12,1,0,nan,nan,nan,nan,nan,0
5.225,3800,250,-12,0,0,0,0,-0,0,0,0,0,0,0,0,0,0,0,0,0,0,0,0,0,0,0,12,1,0,nan,nan,nan,nan,nan,0
5.23,3800,250,-12,0,0,0,0,-0,0,0,0,0,0,0,0,0,0,0,0,0,0,0,0,0,0,0,12,1,0,nan,nan,nan,nan,nan,0
5.235,3800,250,-12,0,0,0,0,-0,0,0,0,0,0,0,0,0,0,0,0,0,0,0,0,0,0,0,12,1,0,nan,nan,nan,nan,nan,0
5.24,3800,250,-12,0,0,0,0,-0,0,0,0,0,0,0,0,0,0,0,0,0,0,0,0,0,0,0,12,1,0,nan,nan,nan,nan,nan,0
5.245,3800,250,-12,0,0,0,0,-0,0,0,0,0,0,0,0,0,0,0,0,0,0,0,0,0,0,0,12,1,0,nan,nan,nan,nan,nan,0
5.25,3800,250,-12,0,0,0,0,-0,0,0,0,0,0,0,0,0,0,0,0,0,0,0,0,0,0,0,12,1,0,nan,nan,nan,nan,nan,0
5.255,3800,250,-12,0,0,0,0,-0,0,0,0,0,0,0,0,0,0,0,0,0,0,0,0,0,0,0,12,1,0,nan,nan,nan,nan,nan,0
5.26,3800,250,-12,0,0,0,0,-0,0,0,0,0,0,0,0,0,0,0,0,0,0,0,0,0,0,0,12,1,0,nan,nan,nan,nan,nan,0
5.265,3800,250,-12,0,0,0,0,-0,0,0,0,0,0,0,0,0,0,0,0,0,0,0,0,0,0,0,12,1,0,nan,nan,nan,nan,nan,0
5.27,3800,250,-12,0,0,0,0,-0,0,0,0,0,0,0,0,0,0,0,0,0,0,0,0,0,0,0,12,1,0,nan,nan,nan,nan,nan,0
5.275,3800,250,-12,0,0,0,0,-0,0,0,0,0,0,0,0,0,0,0,0,0,0,0,0,0,0,0,12,1,0,nan,nan,nan,nan,nan,0
5.28,3800,250,-12,0,0,0,0,-0,0,0,0,0,0,0,0,0,0,0,0,0,0,0,0,0,0,0,12,1,0,nan,nan,nan,nan,nan,0
5.285,3800,250,-12,0,0,0,0,-0,0,0,0,0,0,0,0,0,0,0,0,0,0,0,0,0,0,0,12,1,0,nan,nan,nan,nan,nan,0
5.29,3800,250,-12,0,0,0,0,-0,0,0,0,0,0,0,0,0,0,0,0,0,0,0,0,0,0,0,12,1,0,nan,nan,nan,nan,nan,0
5.295,3800,250,-12,0,0,0,0,-0,0,0,0,0,0,0,0,0,0,0,0,0,0,0,0,0,0,0,12,1,0,nan,nan,nan,nan,nan,0
5.3,3800,250,-12,0,0,0,0,-0,0,0,0,0,0,0,0,0,0,0,0,0,0,0,0,0,0,0,12,1,0,nan,nan,nan,nan,nan,0
5.305,3800,250,-12,0,0,0,0,-0,0,0,0,0,0,0,0,0,0,0,0,0,0,0,0,0,0,0,12,1,0,nan,nan,nan,nan,nan,0
5.31,3800,250,-12,0,0,0,0,-0,0,0,0,0,0,0,0,0,0,0,0,0,0,0,0,0,0,0,12,1,0,nan,nan,nan,nan,nan,0
5.315,3800,250,-12,0,0,0,0,-0,0,0,0,0,0,0,0,0,0,0,0,0,0,0,0,0,0,0,12,1,0,nan,nan,nan,nan,nan,0
5.32,3800,250,-12,0,0,0,0,-0,0,0,0,0,0,0,0,0,0,0,0,0,0,0,0,0,0,0,12,1,0,nan,nan,nan,nan,nan,0
5.325,3800,250,-12,0,0,0,0,-0,0,0,0,0,0,0,0,0,0,0,0,0,0,0,0,0,0,0,12,1,0,nan,nan,nan,nan,nan,0
5.33,3800,250,-12,0,0,0,0,-0,0,0,0,0,0,0,0,0,0,0,0,0,0,0,0,0,0,0,12,1,0,nan,nan,nan,nan,nan,0
5.335,3800,250,-12,0,0,0,0,-0,0,0,0,0,0,0,0,0,0,0,0,0,0,0,0,0,0,0,12,1,0,nan,nan,nan,nan,nan,0
5.34,3800,250,-12,0,0,0,0,-0,0,0,0,0,0,0,0,0,0,0,0,0,0,0,0,0,0,0,12,1,0,nan,nan,nan,nan,nan,0
5.345,3800,250,-12,0,0,0,0,-0,0,0,0,0,0,0,0,0,0,0,0,0,0,0,0,0,0,0,12,1,0,nan,nan,nan,nan,nan,0
5.35,3800,250,-12,0,0,0,0,-0,0,0,0,0,0,0,0,0,0,0,0,0,0,0,0,0,0,0,12,1,0,nan,nan,nan,nan,nan,0
5.355,3800,250,-12,0,0,0,0,-0,0,0,0,0,0,0,0,0,0,0,0,0,0,0,0,0,0,0,12,1,0,nan,nan,nan,nan,nan,0
5.36,3800,250,-12,0,0,0,0,-0,0,0,0,0,0,0,0,0,0,0,0,0,0,0,0,0,0,0,12,1,0,nan,nan,nan,nan,nan,0
5.365,3800,250,-12,0,0,0,0,-0,0,0,0,0,0,0,0,0,0,0,0,0,0,0,0,0,0,0,12,1,0,nan,nan,nan,nan,nan,0
5.37,3800,250,-12,0,0,0,0,-0,0,0,0,0,0,0,0,0,0,0,0,0,0,0,0,0,0,0,12,1,0,nan,nan,nan,nan,nan,0
5.375,3800,250,-12,0,0,0,0,-0,0,0,0,0,0,0,0,0,0,0,0,0,0,0,0,0,0,0,12,1,0,nan,nan,nan,nan,nan,0
5.38,3800,250,-12,0,0,0,0,-0,0,0,0,0,0,0,0,0,0,0,0,0,0,0,0,0,0,0,12,1,0,nan,nan,nan,nan,nan,0
5.385,3800,250,-12,0,0,0,0,-0,0,0,0,0,0,0,0,0,0,0,0,0,0,0,0,0,0,0,12,1,0,nan,nan,nan,nan,nan,0
5.39,3800,250,-12,0,0,0,0,-0,0,0,0,0,0,0,0,0,0,0,0,0,0,0,0,0,0,0,12,1,0,nan,nan,nan,nan,nan,0
5.395,3800,250,-12,0,0,0,0,-0,0,0,0,0,0,0,0,0,0,0,0,0,0,0,0,0,0,0,12,1,0,nan,nan,nan,nan,nan,0
5.4,3800,250,-12,0,0,0,0,-0,0,0,0,0,0,0,0,0,0,0,0,0,0,0,0,0,0,0,12,1,0,nan,nan,nan,nan,nan,0
5.405,3800,250,-12,0,0,0,0,-0,0,0,0,0,0,0,0,0,0,0,0,0,0,0,0,0,0,0,12,1,0,nan,nan,nan,nan,nan,0
5.41,3800,250,-12,0,0,0,0,-0,0,0,0,0,0,0,0,0,0,0,0,0,0,0,0,0,0,0,12,1,0,nan,nan,nan,nan,nan,0
5.415,3800,250,-12,0,0,0,0,-0,0,0,0,0,0,0,0,0,0,0,0,0,0,0,0,0,0,0,12,1,0,nan,nan,nan,nan,nan,0
5.42,3800,250,-12,0,0,0,0,-0,0,0,0,0,0,0,0,0,0,0,0,0,0,0,0,0,0,0,12,1,0,nan,nan,nan,nan,nan,0
5.425,3800,250,-12,0,0,0,0,-0,0,0,0,0,0,0,0,0,0,0,0,0,0,0,0,0,0,0,12,1,0,nan,nan,nan,nan,nan,0
5.43,3800,250,-12,0,0,0,0,-0,0,0,0,0,0,0,0,0,0,0,0,0,0,0,0,0,0,0,12,1,0,nan,nan,nan,nan,nan,0
5.435,3800,250,-12,0,0,0,0,-0,0,0,0,0,0,0,0,0,0,0,0,0,0,0,0,0,0,0,12,1,0,nan,nan,nan,nan,nan,0
5.44,3800,250,-12,0,0,0,0,-0,0,0,0,0,0,0,0,0,0,0,0,0,0,0,0,0,0,0,12,1,0,nan,nan,nan,nan,nan,0
5.445,3800,250,-12,0,0,0,0,-0,0,0,0,0,0,0,0,0,0,0,0,0,0,0,0,0,0,0,12,1,0,nan,nan,nan,nan,nan,0
5.45,3800,250,-12,0,0,0,0,-0,0,0,0,0,0,0,0,0,0,0,0,0,0,0,0,0,0,0,12,1,0,nan,nan,nan,nan,nan,0
5.455,3800,250,-12,0,0,0,0,-0,0,0,0,0,0,0,0,0,0,0,0,0,0,0,0,0,0,0,12,1,0,nan,nan,nan,nan,nan,0
5.46,3800,250,-12,0,0,0,0,-0,0,0,0,0,0,0,0,0,0,0,0,0,0,0,0,0,0,0,12,1,0,nan,nan,nan,nan,nan,0
5.465,3800,250,-12,0,0,0,0,-0,0,0,0,0,0,0,0,0,0,0,0,0,0,0,0,0,0,0,12,1,0,nan,nan,nan,nan,nan,0
5.47,3800,250,-12,0,0,0,0,-0,0,0,0,0,0,0,0,0,0,0,0,0,0,0,0,0,0,0,12,1,0,nan,nan,nan,nan,nan,0
5.475,3800,250,-12,0,0,0,0,-0,0,0,0,0,0,0,0,0,0,0,0,0,0,0,0,0,0,0,12,1,0,nan,nan,nan,nan,nan,0
5.48,3800,250,-12,0,0,0,0,-0,0,0,0,0,0,0,0,0,0,0,0,0,0,0,0,0,0,0,12,1,0,nan,nan,nan,nan,nan,0
5.485,3800,250,-12,0,0,0,0,-0,0,0,0,0,0,0,0,0,0,0,0,0,0,0,0,0,0,0,12,1,0,nan,nan,nan,nan,nan,0
5.49,3800,250,-12,0,0,0,0,-0,0,0,0,0,0,0,0,0,0,0,0,0,0,0,0,0,0,0,12,1,0,nan,nan,nan,nan,nan,0
5.495,3800,250,-12,0,0,0,0,-0,0,0,0,0,0,0,0,0,0,0,0,0,0,0,0,0,0,0,12,1,0,nan,nan,nan,nan,nan,0
5.5,3800,250,-12,0,0,0,0,-0,0,0,0,0,0,0,0,0,0,0,0,0,0,0,0,0,0,0,12,1,0,nan,nan,nan,nan,nan,0
5.505,3800,250,-12,0,0,0,0,-0,0,0,0,0,0,0,0,0,0,0,0,0,0,0,0,0,0,0,12,1,0,nan,nan,nan,nan,nan,0
5.51,3800,250,-12,0,0,0,0,-0,0,0,0,0,0,0,0,0,0,0,0,0,0,0,0,0,0,0,12,1,0,nan,nan,nan,nan,nan,0
5.515,3800,250,-12,0,0,0,0,-0,0,0,0,0,0,0,0,0,0,0,0,0,0,0,0,0,0,0,12,1,0,nan,nan,nan,nan,nan,0
5.52,3800,250,-12,0,0,0,0,-0,0,0,0,0,0,0,0,0,0,0,0,0,0,0,0,0,0,0,12,1,0,nan,nan,nan,nan,nan,0
5.525,3800,250,-12,0,0,0,0,-0,0,0,0,0,0,0,0,0,0,0,0,0,0,0,0,0,0,0,12,1,0,nan,nan,nan,nan,nan,0
5.53,3800,250,-12,0,0,0,0,-0,0,0,0,0,0,0,0,0,0,0,0,0,0,0,0,0,0,0,12,1,0,nan,nan,nan,nan,nan,0
5.535,3800,250,-12,0,0,0,0,-0,0,0,0,0,0,0,0,0,0,0,0,0,0,0,0,0,0,0,12,1,0,nan,nan,nan,nan,nan,0
5.54,3800,250,-12,0,0,0,0,-0,0,0,0,0,0,0,0,0,0,0,0,0,0,0,0,0,0,0,12,1,0,nan,nan,nan,nan,nan,0
5.545,3800,250,-12,0,0,0,0,-0,0,0,0,0,0,0,0,0,0,0,0,0,0,0,0,0,0,0,12,1,0,nan,nan,nan,nan,nan,0
5.55,3800,250,-12,0,0,0,0,-0,0,0,0,0,0,0,0,0,0,0,0,0,0,0,0,0,0,0,12,1,0,nan,nan,nan,nan,nan,0
5.555,3800,250,-12,0,0,0,0,-0,0,0,0,0,0,0,0,0,0,0,0,0,0,0,0,0,0,0,12,1,0,nan,nan,nan,nan,nan,0
5.56,3800,250,-12,0,0,0,0,-0,0,0,0,0,0,0,0,0,0,0,0,0,0,0,0,0,0,0,12,1,0,nan,nan,nan,nan,nan,0
5.565,3800,250,-12,0,0,0,0,-0,0,0,0,0,0,0,0,0,0,0,0,0,0,0,0,0,0,0,12,1,0,nan,nan,nan,nan,nan,0
5.57,3800,250,-12,0,0,0,0,-0,0,0,0,0,0,0,0,0,0,0,0,0,0,0,0,0,0,0,12,1,0,nan,nan,nan,nan,nan,0
5.575,3800,250,-12,0,0,0,0,-0,0,0,0,0,0,0,0,0,0,0,0,0,0,0,0,0,0,0,12,1,0,nan,nan,nan,nan,nan,0
5.58,3800,250,-12,0,0,0,0,-0,0,0,0,0,0,0,0,0,0,0,0,0,0,0,0,0,0,0,12,1,0,nan,nan,nan,nan,nan,0
5.585,3800,250,-12,0,0,0,0,-0,0,0,0,0,0,0,0,0,0,0,0,0,0,0,0,0,0,0,12,1,0,nan,nan,nan,nan,nan,0
5.59,3800,250,-12,0,0,0,0,-0,0,0,0,0,0,0,0,0,0,0,0,0,0,0,0,0,0,0,12,1,0,nan,nan,nan,nan,nan,0
5.595,3800,250,-12,0,0,0,0,-0,0,0,0,0,0,0,0,0,0,0,0,0,0,0,0,0,0,0,12,1,0,nan,nan,nan,nan,nan,0
5.6,3800,250,-12,0,0,0,0,-0,0,0,0,0,0,0,0,0,0,0,0,0,0,0,0,0,0,0,12,1,0,nan,nan,nan,nan,nan,0
5.605,3800,250,-12,0,0,0,0,-0,0,0,0,0,0,0,0,0,0,0,0,0,0,0,0,0,0,0,12,1,0,nan,nan,nan,nan,nan,0
5.61,3800,250,-12,0,0,0,0,-0,0,0,0,0,0,0,0,0,0,0,0,0,0,0,0,0,0,0,12,1,0,nan,nan,nan,nan,nan,0
5.615,3800,250,-12,0,0,0,0,-0,0,0,0,0,0,0,0,0,0,0,0,0,0,0,0,0,0,0,12,1,0,nan,nan,nan,nan,nan,0
5.62,3800,250,-12,0,0,0,0,-0,0,0,0,0,0,0,0,0,0,0,0,0,0,0,0,0,0,0,12,1,0,nan,nan,nan,nan,nan,0
5.625,3800,250,-12,0,0,0,0,-0,0,0,0,0,0,0,0,0,0,0,0,0,0,0,0,0,0,0,12,1,0,nan,nan,nan,nan,nan,0
5.63,3800,250,-12,0,0,0,0,-0,0,0,0,0,0,0,0,0,0,0,0,0,0,0,0,0,0,0,12,1,0,nan,nan,nan,nan,nan,0
5.635,3800,250,-12,0,0,0,0,-0,0,0,0,0,0,0,0,0,0,0,0,0,0,0,0,0,0,0,12,1,0,nan,nan,nan,nan,nan,0
5.64,3800,250,-12,0,0,0,0,-0,0,0,0,0,0,0,0,0,0,0,0,0,0,0,0,0,0,0,12,1,0,nan,nan,nan,nan,nan,0
5.645,3800,250,-12,0,0,0,0,-0,0,0,0,0,0,0,0,0,0,0,0,0,0,0,0,0,0,0,12,1,0,nan,nan,nan,nan,nan,0
5.65,3800,250,-12,0,0,0,0,-0,0,0,0,0,0,0,0,0,0,0,0,0,0,0,0,0,0,0,12,1,0,nan,nan,nan,nan,nan,0
5.655,3800,250,-12,0,0,0,0,-0,0,0,0,0,0,0,0,0,0,0,0,0,0,0,0,0,0,0,12,1,0,nan,nan,nan,nan,nan,0
5.66,3800,250,-12,0,0,0,0,-0,0,0,0,0,0,0,0,0,0,0,0,0,0,0,0,0,0,0,12,1,0,nan,nan,nan,nan,nan,0
5.665,3800,250,-12,0,0,0,0,-0,0,0,0,0,0,0,0,0,0,0,0,0,0,0,0,0,0,0,12,1,0,nan,nan,nan,nan,nan,0
5.67,3800,250,-12,0,0,0,0,-0,0,0,0,0,0,0,0,0,0,0,0,0,0,0,0,0,0,0,12,1,0,nan,nan,nan,nan,nan,0
5.675,3800,250,-12,0,0,0,0,-0,0,0,0,0,0,0,0,0,0,0,0,0,0,0,0,0,0,0,12,1,0,nan,nan,nan,nan,nan,0
5.68,3800,250,-12,0,0,0,0,-0,0,0,0,0,0,0,0,0,0,0,0,0,0,0,0,0,0,0,12,1,0,nan,nan,nan,nan,nan,0
5.685,3800,250,-12,0,0,0,0,-0,0,0,0,0,0,0,0,0,0,0,0,0,0,0,0,0,0,0,12,1,0,nan,nan,nan,nan,nan,0
5.69,3800,250,-12,0,0,0,0,-0,0,0,0,0,0,0,0,0,0,0,0,0,0,0,0,0,0,0,12,1,0,nan,nan,nan,nan,nan,0
5.695,3800,250,-12,0,0,0,0,-0,0,0,0,0,0,0,0,0,0,0,0,0,0,0,0,0,0,0,12,1,0,nan,nan,nan,nan,nan,0
5.7,3800,250,-12,0,0,0,0,-0,0,0,0,0,0,0,0,0,0,0,0,0,0,0,0,0,0,0,12,1,0,nan,nan,nan,nan,nan,0
5.705,3800,250,-12,0,0,0,0,-0,0,0,0,0,0,0,0,0,0,0,0,0,0,0,0,0,0,0,12,1,0,nan,nan,nan,nan,nan,0
5.71,3800,250,-12,0,0,0,0,-0,0,0,0,0,0,0,0,0,0,0,0,0,0,0,0,0,0,0,12,1,0,nan,nan,nan,nan,nan,0
5.715,3800,250,-12,0,0,0,0,-0,0,0,0,0,0,0,0,0,0,0,0,0,0,0,0,0,0,0,12,1,0,nan,nan,nan,nan,nan,0
5.72,3800,250,-12,0,0,0,0,-0,0,0,0,0,0,0,0,0,0,0,0,0,0,0,0,0,0,0,12,1,0,nan,nan,nan,nan,nan,0
5.725,3800,250,-12,0,0,0,0,-0,0,0,0,0,0,0,0,0,0,0,0,0,0,0,0,0,0,0,12,1,0,nan,nan,nan,nan,nan,0
5.73,3800,250,-12,0,0,0,0,-0,0,0,0,0,0,0,0,0,0,0,0,0,0,0,0,0,0,0,12,1,0,nan,nan,nan,nan,nan,0
5.735,3800,250,-12,0,0,0,0,-0,0,0,0,0,0,0,0,0,0,0,0,0,0,0,0,0,0,0,12,1,0,nan,nan,nan,nan,nan,0
5.74,3800,250,-12,0,0,0,0,-0,0,0,0,0,0,0,0,0,0,0,0,0,0,0,0,0,0,0,12,1,0,nan,nan,nan,nan,nan,0
5.745,3800,250,-12,0,0,0,0,-0,0,0,0,0,0,0,0,0,0,0,0,0,0,0,0,0,0,0,12,1,0,nan,nan,nan,nan,nan,0
5.75,3800,250,-12,0,0,0,0,-0,0,0,0,0,0,0,0,0,0,0,0,0,0,0,0,0,0,0,12,1,0,nan,nan,nan,nan,nan,0
5.755,3800,250,-12,0,0,0,0,-0,0,0,0,0,0,0,0,0,0,0,0,0,0,0,0,0,0,0,12,1,0,nan,nan,nan,nan,nan,0
5.76,3800,250,-12,0,0,0,0,-0,0,0,0,0,0,0,0,0,0,0,0,0,0,0,0,0,0,0,12,1,0,nan,nan,nan,nan,nan,0
5.765,3800,250,-12,0,0,0,0,-0,0,0,0,0,0,0,0,0,0,0,0,0,0,0,0,0,0,0,12,1,0,nan,nan,nan,nan,nan,0
5.77,3800,250,-12,0,0,0,0,-0,0,0,0,0,0,0,0,0,0,0,0,0,0,0,0,0,0,0,12,1,0,nan,nan,nan,nan,nan,0
5.775,3800,250,-12,0,0,0,0,-0,0,0,0,0,0,0,0,0,0,0,0,0,0,0,0,0,0,0,12,1,0,nan,nan,nan,nan,nan,0
5.78,3800,250,-12,0,0,0,0,-0,0,0,0,0,0,0,0,0,0,0,0,0,0,0,0,0,0,0,12,1,0,nan,nan,nan,nan,nan,0
5.785,3800,250,-12,0,0,0,0,-0,0,0,0,0,0,0,0,0,0,0,0,0,0,0,0,0,0,0,12,1,0,nan,nan,nan,nan,nan,0
5.79,3800,250,-12,0,0,0,0,-0,0,0,0,0,0,0,0,0,0,0,0,0,0,0,0,0,0,0,12,1,0,nan,nan,nan,nan,nan,0
5.795,3800,250,-12,0,0,0,0,-0,0,0,0,0,0,0,0,0,0,0,0,0,0,0,0,0,0,0,12,1,0,nan,nan,nan,nan,nan,0
5.8,3800,250,-12,0,0,0,0,-0,0,0,0,0,0,0,0,0,0,0,0,0,0,0,0,0,0,0,12,1,0,nan,nan,nan,nan,nan,0
5.805,3800,250,-12,0,0,0,0,-0,0,0,0,0,0,0,0,0,0,0,0,0,0,0,0,0,0,0,12,1,0,nan,nan,nan,nan,nan,0
5.81,3800,250,-12,0,0,0,0,-0,0,0,0,0,0,0,0,0,0,0,0,0,0,0,0,0,0,0,12,1,0,nan,nan,nan,nan,nan,0
5.815,3800,250,-12,0,0,0,0,-0,0,0,0,0,0,0,0,0,0,0,0,0,0,0,0,0,0,0,12,1,0,nan,nan,nan,nan,nan,0
5.82,3800,250,-12,0,0,0,0,-0,0,0,0,0,0,0,0,0,0,0,0,0,0,0,0,0,0,0,12,1,0,nan,nan,nan,nan,nan,0
5.825,3800,250,-12,0,0,0,0,-0,0,0,0,0,0,0,0,0,0,0,0,0,0,0,0,0,0,0,12,1,0,nan,nan,nan,nan,nan,0
5.83,3800,250,-12,0,0,0,0,-0,0,0,0,0,0,0,0,0,0,0,0,0,0,0,0,0,0,0,12,1,0,nan,nan,nan,nan,nan,0
5.835,3800,250,-12,0,0,0,0,-0,0,0,0,0,0,0,0,0,0,0,0,0,0,0,0,0,0,0,12,1,0,nan,nan,nan,nan,nan,0
5.84,3800,250,-12,0,0,0,0,-0,0,0,0,0,0,0,0,0,0,0,0,0,0,0,0,0,0,0,12,1,0,nan,nan,nan,nan,nan,0
5.845,3800,250,-12,0,0,0,0,-0,0,0,0,0,0,0,0,0,0,0,0,0,0,0,0,0,0,0,12,1,0,nan,nan,nan,nan,nan,0
5.85,3800,250,-12,0,0,0,0,-0,0,0,0,0,0,0,0,0,0,0,0,0,0,0,0,0,0,0,12,1,0,nan,nan,nan,nan,nan,0
5.855,3800,250,-12,0,0,0,0,-0,0,0,0,0,0,0,0,0,0,0,0,0,0,0,0,0,0,0,12,1,0,nan,nan,nan,nan,nan,0
5.86,3800,250,-12,0,0,0,0,-0,0,0,0,0,0,0,0,0,0,0,0,0,0,0,0,0,0,0,12,1,0,nan,nan,nan,nan,nan,0
5.865,3800,250,-12,0,0,0,0,-0,0,0,0,0,0,0,0,0,0,0,0,0,0,0,0,0,0,0,12,1,0,nan,nan,nan,nan,nan,0
5.87,3800,250,-12,0,0,0,0,-0,0,0,0,0,0,0,0,0,0,0,0,0,0,0,0,0,0,0,12,1,0,nan,nan,nan,nan,nan,0
5.875,3800,250,-12,0,0,0,0,-0,0,0,0,0,0,0,0,0,0,0,0,0,0,0,0,0,0,0,12,1,0,nan,nan,nan,nan,nan,0
5.88,3800,250,-12,0,0,0,0,-0,0,0,0,0,0,0,0,0,0,0,0,0,0,0,0,0,0,0,12,1,0,nan,nan,nan,nan,nan,0
5.885,3800,250,-12,0,0,0,0,-0,0,0,0,0,0,0,0,0,0,0,0,0,0,0,0,0,0,0,12,1,0,nan,nan,nan,nan,nan,0
5.89,3800,250,-12,0,0,0,0,-0,0,0,0,0,0,0,0,0,0,0,0,0,0,0,0,0,0,0,12,1,0,nan,nan,nan,nan,nan,0
5.895,3800,250,-12,0,0,0,0,-0,0,0,0,0,0,0,0,0,0,0,0,0,0,0,0,0,0,0,12,1,0,nan,nan,nan,nan,nan,0
5.9,3800,250,-12,0,0,0,0,-0,0,0,0,0,0,0,0,0,0,0,0,0,0,0,0,0,0,0,12,1,0,nan,nan,nan,nan,nan,0
5.905,3800,250,-12,0,0,0,0,-0,0,0,0,0,0,0,0,0,0,0,0,0,0,0,0,0,0,0,12,1,0,nan,nan,nan,nan,nan,0
5.91,3800,250,-12,0,0,0,0,-0,0,0,0,0,0,0,0,0,0,0,0,0,0,0,0,0,0,0,12,1,0,nan,nan,nan,nan,nan,0
5.915,3800,250,-12,0,0,0,0,-0,0,0,0,0,0,0,0,0,0,0,0,0,0,0,0,0,0,0,12,1,0,nan,nan,nan,nan,nan,0
5.92,3800,250,-12,0,0,0,0,-0,0,0,0,0,0,0,0,0,0,0,0,0,0,0,0,0,0,0,12,1,0,nan,nan,nan,nan,nan,0
5.925,3800,250,-12,0,0,0,0,-0,0,0,0,0,0,0,0,0,0,0,0,0,0,0,0,0,0,0,12,1,0,nan,nan,nan,nan,nan,0
5.93,3800,250,-12,0,0,0,0,-0,0,0,0,0,0,0,0,0,0,0,0,0,0,0,0,0,0,0,12,1,0,nan,nan,nan,nan,nan,0
5.935,3800,250,-12,0,0,0,0,-0,0,0,0,0,0,0,0,0,0,0,0,0,0,0,0,0,0,0,12,1,0,nan,nan,nan,nan,nan,0
5.94,3800,250,-12,0,0,0,0,-0,0,0,0,0,0,0,0,0,0,0,0,0,0,0,0,0,0,0,12,1,0,nan,nan,nan,nan,nan,0
5.945,3800,250,-12,0,0,0,0,-0,0,0,0,0,0,0,0,0,0,0,0,0,0,0,0,0,0,0,12,1,0,nan,nan,nan,nan,nan,0
5.95,3800,250,-12,0,0,0,0,-0,0,0,0,0,0,0,0,0,0,0,0,0,0,0,0,0,0,0,12,1,0,nan,nan,nan,nan,nan,0
5.955,3800,250,-12,0,0,0,0,-0,0,0,0,0,0,0,0,0,0,0,0,0,0,0,0,0,0,0,12,1,0,nan,nan,nan,nan,nan,0
5.96,3800,250,-12,0,0,0,0,-0,0,0,0,0,0,0,0,0,0,0,0,0,0,0,0,0,0,0,12,1,0,nan,nan,nan,nan,nan,0
5.965,3800,250,-12,0,0,0,0,-0,0,0,0,0,0,0,0,0,0,0,0,0,0,0,0,0,0,0,12,1,0,nan,nan,nan,nan,nan,0
5.97,3800,250,-12,0,0,0,0,-0,0,0,0,0,0,0,0,0,0,0,0,0,0,0,0,0,0,0,12,1,0,nan,nan,nan,nan,nan,0
5.975,3800,250,-12,0,0,0,0,-0,0,0,0,0,0,0,0,0,0,0,0,0,0,0,0,0,0,0,12,1,0,nan,nan,nan,nan,nan,0
5.98,3800,250,-12,0,0,0,0,-0,0,0,0,0,0,0,0,0,0,0,0,0,0,0,0,0,0,0,12,1,0,nan,nan,nan,nan,nan,0
5.985,3800,250,-12,0,0,0,0,-0,0,0,0,0,0,0,0,0,0,0,0,0,0,0,0,0,0,0,12,1,0,nan,nan,nan,nan,nan,0
5.99,3800,250,-12,0,0,0,0,-0,0,0,0,0,0,0,0,0,0,0,0,0,0,0,0,0,0,0,12,1,0,nan,nan,nan,nan,nan,0
5.995,3800,250,-12,0,0,0,0,-0,0,0,0,0,0,0,0,0,0,0,0,0,0,0,0,0,0,0,12,1,0,nan,nan,nan,nan,nan,0
6,3800,250,-12,0,0,0,0,-0,0,0,0,0,0,0,0,0,0,0,0,0,0,0,0,0,0,0,12,1,0,nan,nan,nan,nan,nan,0
6.005,3800,250,-12,0,0,0,0,-0,0,0,0,0,0,0,0,0,0,0,0,0,0,0,0,0,0,0,12,1,0,nan,nan,nan,nan,nan,0
6.01,3800,250,-12,0,0,0,0,-0,0,0,0,0,0,0,0,0,0,0,0,0,0,0,0,0,0,0,12,1,0,nan,nan,nan,nan,nan,0
6.015,3800,250,-12,0,0,0,0,-0,0,0,0,0,0,0,0,0,0,0,0,0,0,0,0,0,0,0,12,1,0,nan,nan,nan,nan,nan,0
6.02,3800,250,-12,0,0,0,0,-0,0,0,0,0,0,0,0,0,0,0,0,0,0,0,0,0,0,0,12,1,0,nan,nan,nan,nan,nan,0
6.025,3800,250,-12,0,0,0,0,-0,0,0,0,0,0,0,0,0,0,0,0,0,0,0,0,0,0,0,12,1,0,nan,nan,nan,nan,nan,0
6.03,3800,250,-12,0,0,0,0,-0,0,0,0,0,0,0,0,0,0,0,0,0,0,0,0,0,0,0,12,1,0,nan,nan,nan,nan,nan,0
6.035,3800,250,-12,0,0,0,0,-0,0,0,0,0,0,0,0,0,0,0,0,0,0,0,0,0,0,0,12,1,0,nan,nan,nan,nan,nan,0
6.04,3800,250,-12,0,0,0,0,-0,0,0,0,0,0,0,0,0,0,0,0,0,0,0,0,0,0,0,12,1,0,nan,nan,nan,nan,nan,0
6.045,3800,250,-12,0,0,0,0,-0,0,0,0,0,0,0,0,0,0,0,0,0,0,0,0,0,0,0,12,1,0,nan,nan,nan,nan,nan,0
6.05,3800,250,-12,0,0,0,0,-0,0,0,0,0,0,0,0,0,0,0,0,0,0,0,0,0,0,0,12,1,0,nan,nan,nan,nan,nan,0
6.055,3800,250,-12,0,0,0,0,-0,0,0,0,0,0,0,0,0,0,0,0,0,0,0,0,0,0,0,12,1,0,nan,nan,nan,nan,nan,0
6.06,3800,250,-12,0,0,0,0,-0,0,0,0,0,0,0,0,0,0,0,0,0,0,0,0,0,0,0,12,1,0,nan,nan,nan,nan,nan,0
6.065,3800,250,-12,0,0,0,0,-0,0,0,0,0,0,0,0,0,0,0,0,0,0,0,0,0,0,0,12,1,0,nan,nan,nan,nan,nan,0
6.07,3800,250,-12,0,0,0,0,-0,0,0,0,0,0,0,0,0,0,0,0,0,0,0,0,0,0,0,12,1,0,nan,nan,nan,nan,nan,0
6.075,3800,250,-12,0,0,0,0,-0,0,0,0,0,0,0,0,0,0,0,0,0,0,0,0,0,0,0,12,1,0,nan,nan,nan,nan,nan,0
6.08,3800,250,-12,0,0,0,0,-0,0,0,0,0,0,0,0,0,0,0,0,0,0,0,0,0,0,0,12,1,0,nan,nan,nan,nan,nan,0
6.085,3800,250,-12,0,0,0,0,-0,0,0,0,0,0,0,0,0,0,0,0,0,0,0,0,0,0,0,12,1,0,nan,nan,nan,nan,nan,0
6.09,3800,250,-12,0,0,0,0,-0,0,0,0,0,0,0,0,0,0,0,0,0,0,0,0,0,0,0,12,1,0,nan,nan,nan,nan,nan,0
6.095,3800,250,-12,0,0,0,0,-0,0,0,0,0,0,0,0,0,0,0,0,0,0,0,0,0,0,0,12,1,0,nan,nan,nan,nan,nan,0
6.1,3800,250,-12,0,0,0,0,-0,0,0,0,0,0,0,0,0,0,0,0,0,0,0,0,0,0,0,12,1,0,nan,nan,nan,nan,nan,0
6.105,3800,250,-12,0,0,0,0,-0,0,0,0,0,0,0,0,0,0,0,0,0,0,0,0,0,0,0,12,1,0,nan,nan,nan,nan,nan,0
6.11,3800,250,-12,0,0,0,0,-0,0,0,0,0,0,0,0,0,0,0,0,0,0,0,0,0,0,0,12,1,0,nan,nan,nan,nan,nan,0
6.115,3800,250,-12,0,0,0,0,-0,0,0,0,0,0,0,0,0,0,0,0,0,0,0,0,0,0,0,12,1,0,nan,nan,nan,nan,nan,0
6.12,3800,250,-12,0,0,0,0,-0,0,0,0,0,0,0,0,0,0,0,0,0,0,0,0,0,0,0,12,1,0,nan,nan,nan,nan,nan,0
6.125,3800,250,-12,0,0,0,0,-0,0,0,0,0,0,0,0,0,0,0,0,0,0,0,0,0,0,0,12,1,0,nan,nan,nan,nan,nan,0
6.13,3800,250,-12,0,0,0,0,-0,0,0,0,0,0,0,0,0,0,0,0,0,0,0,0,0,0,0,12,1,0,nan,nan,nan,nan,nan,0
6.135,3800,250,-12,0,0,0,0,-0,0,0,0,0,0,0,0,0,0,0,0,0,0,0,0,0,0,0,12,1,0,nan,nan,nan,nan,nan,0
6.14,3800,250,-12,0,0,0,0,-0,0,0,0,0,0,0,0,0,0,0,0,0,0,0,0,0,0,0,12,1,0,nan,nan,nan,nan,nan,0
6.145,3800,250,-12,0,0,0,0,-0,0,0,0,0,0,0,0,0,0,0,0,0,0,0,0,0,0,0,12,1,0,nan,nan,nan,nan,nan,0
6.15,3800,250,-12,0,0,0,0,-0,0,0,0,0,0,0,0,0,0,0,0,0,0,0,0,0,0,0,12,1,0,nan,nan,nan,nan,nan,0
6.155,3800,250,-12,0,0,0,0,-0,0,0,0,0,0,0,0,0,0,0,0,0,0,0,0,0,0,0,12,1,0,nan,nan,nan,nan,nan,0
6.16,3800,250,-12,0,0,0,0,-0,0,0,0,0,0,0,0,0,0,0,0,0,0,0,0,0,0,0,12,1,0,nan,nan,nan,nan,nan,0
6.165,3800,250,-12,0,0,0,0,-0,0,0,0,0,0,0,0,0,0,0,0,0,0,0,0,0,0,0,12,1,0,nan,nan,nan,nan,nan,0
6.17,3800,250,-12,0,0,0,0,-0,0,0,0,0,0,0,0,0,0,0,0,0,0,0,0,0,0,0,12,1,0,nan,nan,nan,nan,nan,0
6.175,3800,250,-12,0,0,0,0,-0,0,0,0,0,0,0,0,0,0,0,0,0,0,0,0,0,0,0,12,1,0,nan,nan,nan,nan,nan,0
6.18,3800,250,-12,0,0,0,0,-0,0,0,0,0,0,0,0,0,0,0,0,0,0,0,0,0,0,0,12,1,0,nan,nan,nan,nan,nan,0
6.185,3800,250,-12,0,0,0,0,-0,0,0,0,0,0,0,0,0,0,0,0,0,0,0,0,0,0,0,12,1,0,nan,nan,nan,nan,nan,0
6.19,3800,250,-12,0,0,0,0,-0,0,0,0,0,0,0,0,0,0,0,0,0,0,0,0,0,0,0,12,1,0,nan,nan,nan,nan,nan,0
6.195,3800,250,-12,0,0,0,0,-0,0,0,0,0,0,0,0,0,0,0,0,0,0,0,0,0,0,0,12,1,0,nan,nan,nan,nan,nan,0
6.2,3800,250,-12,0,0,0,0,-0,0,0,0,0,0,0,0,0,0,0,0,0,0,0,0,0,0,0,12,1,0,nan,nan,nan,nan,nan,0
6.205,3800,250,-12,0,0,0,0,-0,0,0,0,0,0,0,0,0,0,0,0,0,0,0,0,0,0,0,12,1,0,nan,nan,nan,nan,nan,0
6.21,3800,250,-12,0,0,0,0,-0,0,0,0,0,0,0,0,0,0,0,0,0,0,0,0,0,0,0,12,1,0,nan,nan,nan,nan,nan,0
6.215,3800,250,-12,0,0,0,0,-0,0,0,0,0,0,0,0,0,0,0,0,0,0,0,0,0,0,0,12,1,0,nan,nan,nan,nan,nan,0
6.22,3800,250,-12,0,0,0,0,-0,0,0,0,0,0,0,0,0,0,0,0,0,0,0,0,0,0,0,12,1,0,nan,nan,nan,nan,nan,0
6.225,3800,250,-12,0,0,0,0,-0,0,0,0,0,0,0,0,0,0,0,0,0,0,0,0,0,0,0,12,1,0,nan,nan,nan,nan,nan,0
6.23,3800,250,-12,0,0,0,0,-0,0,0,0,0,0,0,0,0,0,0,0,0,0,0,0,0,0,0,12,1,0,nan,nan,nan,nan,nan,0
6.235,3800,250,-12,0,0,0,0,-0,0,0,0,0,0,0,0,0,0,0,0,0,0,0,0,0,0,0,12,1,0,nan,nan,nan,nan,nan,0
6.24,3800,250,-12,0,0,0,0,-0,0,0,0,0,0,0,0,0,0,0,0,0,0,0,0,0,0,0,12,1,0,nan,nan,nan,nan,nan,0
6.245,3800,250,-12,0,0,0,0,-0,0,0,0,0,0,0,0,0,0,0,0,0,0,0,0,0,0,0,12,1,0,nan,nan,nan,nan,nan,0
6.25,3800,250,-12,0,0,0,0,-0,0,0,0,0,0,0,0,0,0,0,0,0,0,0,0,0,0,0,12,1,0,nan,nan,nan,nan,nan,0
6.255,3800,250,-12,0,0,0,0,-0,0,0,0,0,0,0,0,0,0,0,0,0,0,0,0,0,0,0,12,1,0,nan,nan,nan,nan,nan,0
6.26,3800,250,-12,0,0,0,0,-0,0,0,0,0,0,0,0,0,0,0,0,0,0,0,0,0,0,0,12,1,0,nan,nan,nan,nan,nan,0
6.265,3800,250,-12,0,0,0,0,-0,0,0,0,0,0,0,0,0,0,0,0,0,0,0,0,0,0,0,12,1,0,nan,nan,nan,nan,nan,0
6.27,3800,250,-12,0,0,0,0,-0,0,0,0,0,0,0,0,0,0,0,0,0,0,0,0,0,0,0,12,1,0,nan,nan,nan,nan,nan,0
6.275,3800,250,-12,0,0,0,0,-0,0,0,0,0,0,0,0,0,0,0,0,0,0,0,0,0,0,0,12,1,0,nan,nan,nan,nan,nan,0
6.28,3800,250,-12,0,0,0,0,-0,0,0,0,0,0,0,0,0,0,0,0,0,0,0,0,0,0,0,12,1,0,nan,nan,nan,nan,nan,0
6.285,3800,250,-12,0,0,0,0,-0,0,0,0,0,0,0,0,0,0,0,0,0,0,0,0,0,0,0,12,1,0,nan,nan,nan,nan,nan,0
6.29,3800,250,-12,0,0,0,0,-0,0,0,0,0,0,0,0,0,0,0,0,0,0,0,0,0,0,0,12,1,0,nan,nan,nan,nan,nan,0
6.295,3800,250,-12,0,0,0,0,-0,0,0,0,0,0,0,0,0,0,0,0,0,0,0,0,0,0,0,12,1,0,nan,nan,nan,nan,nan,0
6.3,3800,250,-12,0,0,0,0,-0,0,0,0,0,0,0,0,0,0,0,0,0,0,0,0,0,0,0,12,1,0,nan,nan,nan,nan,nan,0
6.305,3800,250,-12,0,0,0,0,-0,0,0,0,0,0,0,0,0,0,0,0,0,0,0,0,0,0,0,12,1,0,nan,nan,nan,nan,nan,0
6.31,3800,250,-12,0,0,0,0,-0,0,0,0,0,0,0,0,0,0,0,0,0,0,0,0,0,0,0,12,1,0,nan,nan,nan,nan,nan,0
6.315,3800,250,-12,0,0,0,0,-0,0,0,0,0,0,0,0,0,0,0,0,0,0,0,0,0,0,0,12,1,0,nan,nan,nan,nan,nan,0
6.32,3800,250,-12,0,0,0,0,-0,0,0,0,0,0,0,0,0,0,0,0,0,0,0,0,0,0,0,12,1,0,nan,nan,nan,nan,nan,0
6.325,3800,250,-12,0,0,0,0,-0,0,0,0,0,0,0,0,0,0,0,0,0,0,0,0,0,0,0,12,1,0,nan,nan,nan,nan,nan,0
6.33,3800,250,-12,0,0,0,0,-0,0,0,0,0,0,0,0,0,0,0,0,0,0,0,0,0,0,0,12,1,0,nan,nan,nan,nan,nan,0
6.335,3800,250,-12,0,0,0,0,-0,0,0,0,0,0,0,0,0,0,0,0,0,0,0,0,0,0,0,12,1,0,nan,nan,nan,nan,nan,0
6.34,3800,250,-12,0,0,0,0,-0,0,0,0,0,0,0,0,0,0,0,0,0,0,0,0,0,0,0,12,1,0,nan,nan,nan,nan,nan,0
6.345,3800,250,-12,0,0,0,0,-0,0,0,0,0,0,0,0,0,0,0,0,0,0,0,0,0,0,0,12,1,0,nan,nan,nan,nan,nan,0
6.35,3800,250,-12,0,0,0,0,-0,0,0,0,0,0,0,0,0,0,0,0,0,0,0,0,0,0,0,12,1,0,nan,nan,nan,nan,nan,0
6.355,3800,250,-12,0,0,0,0,-0,0,0,0,0,0,0,0,0,0,0,0,0,0,0,0,0,0,0,12,1,0,nan,nan,nan,nan,nan,0
6.36,3800,250,-12,0,0,0,0,-0,0,0,0,0,0,0,0,0,0,0,0,0,0,0,0,0,0,0,12,1,0,nan,nan,nan,nan,nan,0
6.365,3800,250,-12,0,0,0,0,-0,0,0,0,0,0,0,0,0,0,0,0,0,0,0,0,0,0,0,12,1,0,nan,nan,nan,nan,nan,0
6.37,3800,250,-12,0,0,0,0,-0,0,0,0,0,0,0,0,0,0,0,0,0,0,0,0,0,0,0,12,1,0,nan,nan,nan,nan,nan,0
6.375,3800,250,-12,0,0,0,0,-0,0,0,0,0,0,0,0,0,0,0,0,0,0,0,0,0,0,0,12,1,0,nan,nan,nan,nan,nan,0
6.38,3800,250,-12,0,0,0,0,-0,0,0,0,0,0,0,0,0,0,0,0,0,0,0,0,0,0,0,12,1,0,nan,nan,nan,nan,nan,0
6.385,3800,250,-12,0,0,0,0,-0,0,0,0,0,0,0,0,0,0,0,0,0,0,0,0,0,0,0,12,1,0,nan,nan,nan,nan,nan,0
6.39,3800,250,-12,0,0,0,0,-0,0,0,0,0,0,0,0,0,0,0,0,0,0,0,0,0,0,0,12,1,0,nan,nan,nan,nan,nan,0
6.395,3800,250,-12,0,0,0,0,-0,0,0,0,0,0,0,0,0,0,0,0,0,0,0,0,0,0,0,12,1,0,nan,nan,nan,nan,nan,0
6.4,3800,250,-12,0,0,0,0,-0,0,0,0,0,0,0,0,0,0,0,0,0,0,0,0,0,0,0,12,1,0,nan,nan,nan,nan,nan,0
6.405,3800,250,-12,0,0,0,0,-0,0,0,0,0,0,0,0,0,0,0,0,0,0,0,0,0,0,0,12,1,0,nan,nan,nan,nan,nan,0
6.41,3800,250,-12,0,0,0,0,-0,0,0,0,0,0,0,0,0,0,0,0,0,0,0,0,0,0,0,12,1,0,nan,nan,nan,nan,nan,0
6.415,3800,250,-12,0,0,0,0,-0,0,0,0,0,0,0,0,0,0,0,0,0,0,0,0,0,0,0,12,1,0,nan,nan,nan,nan,nan,0
6.42,3800,250,-12,0,0,0,0,-0,0,0,0,0,0,0,0,0,0,0,0,0,0,0,0,0,0,0,12,1,0,nan,nan,nan,nan,nan,0
6.425,3800,250,-12,0,0,0,0,-0,0,0,0,0,0,0,0,0,0,0,0,0,0,0,0,0,0,0,12,1,0,nan,nan,nan,nan,nan,0
6.43,3800,250,-12,0,0,0,0,-0,0,0,0,0,0,0,0,0,0,0,0,0,0,0,0,0,0,0,12,1,0,nan,nan,nan,nan,nan,0
6.435,3800,250,-12,0,0,0,0,-0,0,0,0,0,0,0,0,0,0,0,0,0,0,0,0,0,0,0,12,1,0,nan,nan,nan,nan,nan,0
6.44,3800,250,-12,0,0,0,0,-0,0,0,0,0,0,0,0,0,0,0,0,0,0,0,0,0,0,0,12,1,0,nan,nan,nan,nan,nan,0
6.445,3800,250,-12,0,0,0,0,-0,0,0,0,0,0,0,0,0,0,0,0,0,0,0,0,0,0,0,12,1,0,nan,nan,nan,nan,nan,0
6.45,3800,250,-12,0,0,0,0,-0,0,0,0,0,0,0,0,0,0,0,0,0,0,0,0,0,0,0,12,1,0,nan,nan,nan,nan,nan,0
6.455,3800,250,-12,0,0,0,0,-0,0,0,0,0,0,0,0,0,0,0,0,0,0,0,0,0,0,0,12,1,0,nan,nan,nan,nan,nan,0
6.46,3800,250,-12,0,0,0,0,-0,0,0,0,0,0,0,0,0,0,0,0,0,0,0,0,0,0,0,12,1,0,nan,nan,nan,nan,nan,0
6.465,3800,250,-12,0,0,0,0,-0,0,0,0,0,0,0,0,0,0,0,0,0,0,0,0,0,0,0,12,1,0,nan,nan,nan,nan,nan,0
6.47,3800,250,-12,0,0,0,0,-0,0,0,0,0,0,0,0,0,0,0,0,0,0,0,0,0,0,0,12,1,0,nan,nan,nan,nan,nan,0
6.475,3800,250,-12,0,0,0,0,-0,0,0,0,0,0,0,0,0,0,0,0,0,0,0,0,0,0,0,12,1,0,nan,nan,nan,nan,nan,0
6.48,3800,250,-12,0,0,0,0,-0,0,0,0,0,0,0,0,0,0,0,0,0,0,0,0,0,0,0,12,1,0,nan,nan,nan,nan,nan,0
6.485,3800,250,-12,0,0,0,0,-0,0,0,0,0,0,0,0,0,0,0,0,0,0,0,0,0,0,0,12,1,0,nan,nan,nan,nan,nan,0
6.49,3800,250,-12,0,0,0,0,-0,0,0,0,0,0,0,0,0,0,0,0,0,0,0,0,0,0,0,12,1,0,nan,nan,nan,nan,nan,0
6.495,3800,250,-12,0,0,0,0,-0,0,0,0,0,0,0,0,0,0,0,0,0,0,0,0,0,0,0,12,1,0,nan,nan,nan,nan,nan,0
6.5,3800,250,-12,0,0,0,0,-0,0,0,0,0,0,0,0,0,0,0,0,0,0,0,0,0,0,0,12,1,0,nan,nan,nan,nan,nan,0
6.505,3800,250,-12,0,0,0,0,-0,0,0,0,0,0,0,0,0,0,0,0,0,0,0,0,0,0,0,12,1,0,nan,nan,nan,nan,nan,0
6.51,3800,250,-12,0,0,0,0,-0,0,0,0,0,0,0,0,0,0,0,0,0,0,0,0,0,0,0,12,1,0,nan,nan,nan,nan,nan,0
6.515,3800,250,-12,0,0,0,0,-0,0,0,0,0,0,0,0,0,0,0,0,0,0,0,0,0,0,0,12,1,0,nan,nan,nan,nan,nan,0
6.52,3800,250,-12,0,0,0,0,-0,0,0,0,0,0,0,0,0,0,0,0,0,0,0,0,0,0,0,12,1,0,nan,nan,nan,nan,nan,0
6.525,3800,250,-12,0,0,0,0,-0,0,0,0,0,0,0,0,0,0,0,0,0,0,0,0,0,0,0,12,1,0,nan,nan,nan,nan,nan,0
6.53,3800,250,-12,0,0,0,0,-0,0,0,0,0,0,0,0,0,0,0,0,0,0,0,0,0,0,0,12,1,0,nan,nan,nan,nan,nan,0
6.535,3800,250,-12,0,0,0,0,-0,0,0,0,0,0,0,0,0,0,0,0,0,0,0,0,0,0,0,12,1,0,nan,nan,nan,nan,nan,0
6.54,3800,250,-12,0,0,0,0,-0,0,0,0,0,0,0,0,0,0,0,0,0,0,0,0,0,0,0,12,1,0,nan,nan,nan,nan,nan,0
6.545,3800,250,-12,0,0,0,0,-0,0,0,0,0,0,0,0,0,0,0,0,0,0,0,0,0,0,0,12,1,0,nan,nan,nan,nan,nan,0
6.55,3800,250,-12,0,0,0,0,-0,0,0,0,0,0,0,0,0,0,0,0,0,0,0,0,0,0,0,12,1,0,nan,nan,nan,nan,nan,0
6.555,3800,250,-12,0,0,0,0,-0,0,0,0,0,0,0,0,0,0,0,0,0,0,0,0,0,0,0,12,1,0,nan,nan,nan,nan,nan,0
6.56,3800,250,-12,0,0,0,0,-0,0,0,0,0,0,0,0,0,0,0,0,0,0,0,0,0,0,0,12,1,0,nan,nan,nan,nan,nan,0
6.565,3800,250,-12,0,0,0,0,-0,0,0,0,0,0,0,0,0,0,0,0,0,0,0,0,0,0,0,12,1,0,nan,nan,nan,nan,nan,0
6.57,3800,250,-12,0,0,0,0,-0,0,0,0,0,0,0,0,0,0,0,0,0,0,0,0,0,0,0,12,1,0,nan,nan,nan,nan,nan,0
6.575,3800,250,-12,0,0,0,0,-0,0,0,0,0,0,0,0,0,0,0,0,0,0,0,0,0,0,0,12,1,0,nan,nan,nan,nan,nan,0
6.58,3800,250,-12,0,0,0,0,-0,0,0,0,0,0,0,0,0,0,0,0,0,0,0,0,0,0,0,12,1,0,nan,nan,nan,nan,nan,0
6.585,3800,250,-12,0,0,0,0,-0,0,0,0,0,0,0,0,0,0,0,0,0,0,0,0,0,0,0,12,1,0,nan,nan,nan,nan,nan,0
6.59,3800,250,-12,0,0,0,0,-0,0,0,0,0,0,0,0,0,0,0,0,0,0,0,0,0,0,0,12,1,0,nan,nan,nan,nan,nan,0
6.595,3800,250,-12,0,0,0,0,-0,0,0,0,0,0,0,0,0,0,0,0,0,0,0,0,0,0,0,12,1,0,nan,nan,nan,nan,nan,0
6.6,3800,250,-12,0,0,0,0,-0,0,0,0,0,0,0,0,0,0,0,0,0,0,0,0,0,0,0,12,1,0,nan,nan,nan,nan,nan,0
6.605,3800,250,-12,0,0,0,0,-0,0,0,0,0,0,0,0,0,0,0,0,0,0,0,0,0,0,0,12,1,0,nan,nan,nan,nan,nan,0
6.61,3800,250,-12,0,0,0,0,-0,0,0,0,0,0,0,0,0,0,0,0,0,0,0,0,0,0,0,12,1,0,nan,nan,nan,nan,nan,0
6.615,3800,250,-12,0,0,0,0,-0,0,0,0,0,0,0,0,0,0,0,0,0,0,0,0,0,0,0,12,1,0,nan,nan,nan,nan,nan,0
6.62,3800,250,-12,0,0,0,0,-0,0,0,0,0,0,0,0,0,0,0,0,0,0,0,0,0,0,0,12,1,0,nan,nan,nan,nan,nan,0
6.625,3800,250,-12,0,0,0,0,-0,0,0,0,0,0,0,0,0,0,0,0,0,0,0,0,0,0,0,12,1,0,nan,nan,nan,nan,nan,0
6.63,3800,250,-12,0,0,0,0,-0,0,0,0,0,0,0,0,0,0,0,0,0,0,0,0,0,0,0,12,1,0,nan,nan,nan,nan,nan,0
6.635,3800,250,-12,0,0,0,0,-0,0,0,0,0,0,0,0,0,0,0,0,0,0,0,0,0,0,0,12,1,0,nan,nan,nan,nan,nan,0
6.64,3800,250,-12,0,0,0,0,-0,0,0,0,0,0,0,0,0,0,0,0,0,0,0,0,0,0,0,12,1,0,nan,nan,nan,nan,nan,0
6.645,3800,250,-12,0,0,0,0,-0,0,0,0,0,0,0,0,0,0,0,0,0,0,0,0,0,0,0,12,1,0,nan,nan,nan,nan,nan,0
6.65,3800,250,-12,0,0,0,0,-0,0,0,0,0,0,0,0,0,0,0,0,0,0,0,0,0,0,0,12,1,0,nan,nan,nan,nan,nan,0
6.655,3800,250,-12,0,0,0,0,-0,0,0,0,0,0,0,0,0,0,0,0,0,0,0,0,0,0,0,12,1,0,nan,nan,nan,nan,nan,0
6.66,3800,250,-12,0,0,0,0,-0,0,0,0,0,0,0,0,0,0,0,0,0,0,0,0,0,0,0,12,1,0,nan,nan,nan,nan,nan,0
6.665,3800,250,-12,0,0,0,0,-0,0,0,0,0,0,0,0,0,0,0,0,0,0,0,0,0,0,0,12,1,0,nan,nan,nan,nan,nan,0
6.67,3800,250,-12,0,0,0,0,-0,0,0,0,0,0,0,0,0,0,0,0,0,0,0,0,0,0,0,12,1,0,nan,nan,nan,nan,nan,0
6.675,3800,250,-12,0,0,0,0,-0,0,0,0,0,0,0,0,0,0,0,0,0,0,0,0,0,0,0,12,1,0,nan,nan,nan,nan,nan,0
6.68,3800,250,-12,0,0,0,0,-0,0,0,0,0,0,0,0,0,0,0,0,0,0,0,0,0,0,0,12,1,0,nan,nan,nan,nan,nan,0
6.685,3800,250,-12,0,0,0,0,-0,0,0,0,0,0,0,0,0,0,0,0,0,0,0,0,0,0,0,12,1,0,nan,nan,nan,nan,nan,0
6.69,3800,250,-12,0,0,0,0,-0,0,0,0,0,0,0,0,0,0,0,0,0,0,0,0,0,0,0,12,1,0,nan,nan,nan,nan,nan,0
6.695,3800,250,-12,0,0,0,0,-0,0,0,0,0,0,0,0,0,0,0,0,0,0,0,0,0,0,0,12,1,0,nan,nan,nan,nan,nan,0
6.7,3800,250,-12,0,0,0,0,-0,0,0,0,0,0,0,0,0,0,0,0,0,0,0,0,0,0,0,12,1,0,nan,nan,nan,nan,nan,0
6.705,3800,250,-12,0,0,0,0,-0,0,0,0,0,0,0,0,0,0,0,0,0,0,0,0,0,0,0,12,1,0,nan,nan,nan,nan,nan,0
6.71,3800,250,-12,0,0,0,0,-0,0,0,0,0,0,0,0,0,0,0,0,0,0,0,0,0,0,0,12,1,0,nan,nan,nan,nan,nan,0
6.715,3800,250,-12,0,0,0,0,-0,0,0,0,0,0,0,0,0,0,0,0,0,0,0,0,0,0,0,12,1,0,nan,nan,nan,nan,nan,0
6.72,3800,250,-12,0,0,0,0,-0,0,0,0,0,0,0,0,0,0,0,0,0,0,0,0,0,0,0,12,1,0,nan,nan,nan,nan,nan,0
6.725,3800,250,-12,0,0,0,0,-0,0,0,0,0,0,0,0,0,0,0,0,0,0,0,0,0,0,0,12,1,0,nan,nan,nan,nan,nan,0
6.73,3800,250,-12,0,0,0,0,-0,0,0,0,0,0,0,0,0,0,0,0,0,0,0,0,0,0,0,12,1,0,nan,nan,nan,nan,nan,0
6.735,3800,250,-12,0,0,0,0,-0,0,0,0,0,0,0,0,0,0,0,0,0,0,0,0,0,0,0,12,1,0,nan,nan,nan,nan,nan,0
6.74,3800,250,-12,0,0,0,0,-0,0,0,0,0,0,0,0,0,0,0,0,0,0,0,0,0,0,0,12,1,0,nan,nan,nan,nan,nan,0
6.745,3800,250,-12,0,0,0,0,-0,0,0,0,0,0,0,0,0,0,0,0,0,0,0,0,0,0,0,12,1,0,nan,nan,nan,nan,nan,0
6.75,3800,250,-12,0,0,0,0,-0,0,0,0,0,0,0,0,0,0,0,0,0,0,0,0,0,0,0,12,1,0,nan,nan,nan,nan,nan,0
6.755,3800,250,-12,0,0,0,0,-0,0,0,0,0,0,0,0,0,0,0,0,0,0,0,0,0,0,0,12,1,0,nan,nan,nan,nan,nan,0
6.76,3800,250,-12,0,0,0,0,-0,0,0,0,0,0,0,0,0,0,0,0,0,0,0,0,0,0,0,12,1,0,nan,nan,nan,nan,nan,0
6.765,3800,250,-12,0,0,0,0,-0,0,0,0,0,0,0,0,0,0,0,0,0,0,0,0,0,0,0,12,1,0,nan,nan,nan,nan,nan,0
6.77,3800,250,-12,0,0,0,0,-0,0,0,0,0,0,0,0,0,0,0,0,0,0,0,0,0,0,0,12,1,0,nan,nan,nan,nan,nan,0
6.775,3800,250,-12,0,0,0,0,-0,0,0,0,0,0,0,0,0,0,0,0,0,0,0,0,0,0,0,12,1,0,nan,nan,nan,nan,nan,0
6.78,3800,250,-12,0,0,0,0,-0,0,0,0,0,0,0,0,0,0,0,0,0,0,0,0,0,0,0,12,1,0,nan,nan,nan,nan,nan,0
6.785,3800,250,-12,0,0,0,0,-0,0,0,0,0,0,0,0,0,0,0,0,0,0,0,0,0,0,0,12,1,0,nan,nan,nan,nan,nan,0
6.79,3800,250,-12,0,0,0,0,-0,0,0,0,0,0,0,0,0,0,0,0,0,0,0,0,0,0,0,12,1,0,nan,nan,nan,nan,nan,0
6.795,3800,250,-12,0,0,0,0,-0,0,0,0,0,0,0,0,0,0,0,0,0,0,0,0,0,0,0,12,1,0,nan,nan,nan,nan,nan,0
6.8,3800,250,-12,0,0,0,0,-0,0,0,0,0,0,0,0,0,0,0,0,0,0,0,0,0,0,0,12,1,0,nan,nan,nan,nan,nan,0
6.805,3800,250,-12,0,0,0,0,-0,0,0,0,0,0,0,0,0,0,0,0,0,0,0,0,0,0,0,12,1,0,nan,nan,nan,nan,nan,0
6.81,3800,250,-12,0,0,0,0,-0,0,0,0,0,0,0,0,0,0,0,0,0,0,0,0,0,0,0,12,1,0,nan,nan,nan,nan,nan,0
6.815,3800,250,-12,0,0,0,0,-0,0,0,0,0,0,0,0,0,0,0,0,0,0,0,0,0,0,0,12,1,0,nan,nan,nan,nan,nan,0
6.82,3800,250,-12,0,0,0,0,-0,0,0,0,0,0,0,0,0,0,0,0,0,0,0,0,0,0,0,12,1,0,nan,nan,nan,nan,nan,0
6.825,3800,250,-12,0,0,0,0,-0,0,0,0,0,0,0,0,0,0,0,0,0,0,0,0,0,0,0,12,1,0,nan,nan,nan,nan,nan,0
6.83,3800,250,-12,0,0,0,0,-0,0,0,0,0,0,0,0,0,0,0,0,0,0,0,0,0,0,0,12,1,0,nan,nan,nan,nan,nan,0
6.835,3800,250,-12,0,0,0,0,-0,0,0,0,0,0,0,0,0,0,0,0,0,0,0,0,0,0,0,12,1,0,nan,nan,nan,nan,nan,0
6.84,3800,250,-12,0,0,0,0,-0,0,0,0,0,0,0,0,0,0,0,0,0,0,0,0,0,0,0,12,1,0,nan,nan,nan,nan,nan,0
6.845,3800,250,-12,0,0,0,0,-0,0,0,0,0,0,0,0,0,0,0,0,0,0,0,0,0,0,0,12,1,0,nan,nan,nan,nan,nan,0
6.85,3800,250,-12,0,0,0,0,-0,0,0,0,0,0,0,0,0,0,0,0,0,0,0,0,0,0,0,12,1,0,nan,nan,nan,nan,nan,0
6.855,3800,250,-12,0,0,0,0,-0,0,0,0,0,0,0,0,0,0,0,0,0,0,0,0,0,0,0,12,1,0,nan,nan,nan,nan,nan,0
6.86,3800,250,-12,0,0,0,0,-0,0,0,0,0,0,0,0,0,0,0,0,0,0,0,0,0,0,0,12,1,0,nan,nan,nan,nan,nan,0
6.865,3800,250,-12,0,0,0,0,-0,0,0,0,0,0,0,0,0,0,0,0,0,0,0,0,0,0,0,12,1,0,nan,nan,nan,nan,nan,0
6.87,3800,250,-12,0,0,0,0,-0,0,0,0,0,0,0,0,0,0,0,0,0,0,0,0,0,0,0,12,1,0,nan,nan,nan,nan,nan,0
6.875,3800,250,-12,0,0,0,0,-0,0,0,0,0,0,0,0,0,0,0,0,0,0,0,0,0,0,0,12,1,0,nan,nan,nan,nan,nan,0
6.88,3800,250,-12,0,0,0,0,-0,0,0,0,0,0,0,0,0,0,0,0,0,0,0,0,0,0,0,12,1,0,nan,nan,nan,nan,nan,0
6.885,3800,250,-12,0,0,0,0,-0,0,0,0,0,0,0,0,0,0,0,0,0,0,0,0,0,0,0,12,1,0,nan,nan,nan,nan,nan,0
6.89,3800,250,-12,0,0,0,0,-0,0,0,0,0,0,0,0,0,0,0,0,0,0,0,0,0,0,0,12,1,0,nan,nan,nan,nan,nan,0
6.895,3800,250,-12,0,0,0,0,-0,0,0,0,0,0,0,0,0,0,0,0,0,0,0,0,0,0,0,12,1,0,nan,nan,nan,nan,nan,0
6.9,3800,250,-12,0,0,0,0,-0,0,0,0,0,0,0,0,0,0,0,0,0,0,0,0,0,0,0,12,1,0,nan,nan,nan,nan,nan,0
6.905,3800,250,-12,0,0,0,0,-0,0,0,0,0,0,0,0,0,0,0,0,0,0,0,0,0,0,0,12,1,0,nan,nan,nan,nan,nan,0
6.91,3800,250,-12,0,0,0,0,-0,0,0,0,0,0,0,0,0,0,0,0,0,0,0,0,0,0,0,12,1,0,nan,nan,nan,nan,nan,0
6.915,3800,250,-12,0,0,0,0,-0,0,0,0,0,0,0,0,0,0,0,0,0,0,0,0,0,0,0,12,1,0,nan,nan,nan,nan,nan,0
6.92,3800,250,-12,0,0,0,0,-0,0,0,0,0,0,0,0,0,0,0,0,0,0,0,0,0,0,0,12,1,0,nan,nan,nan,nan,nan,0
6.925,3800,250,-12,0,0,0,0,-0,0,0,0,0,0,0,0,0,0,0,0,0,0,0,0,0,0,0,12,1,0,nan,nan,nan,nan,nan,0
6.93,3800,250,-12,0,0,0,0,-0,0,0,0,0,0,0,0,0,0,0,0,0,0,0,0,0,0,0,12,1,0,nan,nan,nan,nan,nan,0
6.935,3800,250,-12,0,0,0,0,-0,0,0,0,0,0,0,0,0,0,0,0,0,0,0,0,0,0,0,12,1,0,nan,nan,nan,nan,nan,0
6.94,3800,250,-12,0,0,0,0,-0,0,0,0,0,0,0,0,0,0,0,0,0,0,0,0,0,0,0,12,1,0,nan,nan,nan,nan,nan,0
6.945,3800,250,-12,0,0,0,0,-0,0,0,0,0,0,0,0,0,0,0,0,0,0,0,0,0,0,0,12,1,0,nan,nan,nan,nan,nan,0
6.95,3800,250,-12,0,0,0,0,-0,0,0,0,0,0,0,0,0,0,0,0,0,0,0,0,0,0,0,12,1,0,nan,nan,nan,nan,nan,0
6.955,3800,250,-12,0,0,0,0,-0,0,0,0,0,0,0,0,0,0,0,0,0,0,0,0,0,0,0,12,1,0,nan,nan,nan,nan,nan,0
6.96,3800,250,-12,0,0,0,0,-0,0,0,0,0,0,0,0,0,0,0,0,0,0,0,0,0,0,0,12,1,0,nan,nan,nan,nan,nan,0
6.965,3800,250,-12,0,0,0,0,-0,0,0,0,0,0,0,0,0,0,0,0,0,0,0,0,0,0,0,12,1,0,nan,nan,nan,nan,nan,0
6.97,3800,250,-12,0,0,0,0,-0,0,0,0,0,0,0,0,0,0,0,0,0,0,0,0,0,0,0,12,1,0,nan,nan,nan,nan,nan,0
6.975,3800,250,-12,0,0,0,0,-0,0,0,0,0,0,0,0,0,0,0,0,0,0,0,0,0,0,0,12,1,0,nan,nan,nan,nan,nan,0
6.98,3800,250,-12,0,0,0,0,-0,0,0,0,0,0,0,0,0,0,0,0,0,0,0,0,0,0,0,12,1,0,nan,nan,nan,nan,nan,0
6.985,3800,250,-12,0,0,0,0,-0,0,0,0,0,0,0,0,0,0,0,0,0,0,0,0,0,0,0,12,1,0,nan,nan,nan,nan,nan,0
6.99,3800,250,-12,0,0,0,0,-0,0,0,0,0,0,0,0,0,0,0,0,0,0,0,0,0,0,0,12,1,0,nan,nan,nan,nan,nan,0
6.995,3800,250,-12,0,0,0,0,-0,0,0,0,0,0,0,0,0,0,0,0,0,0,0,0,0,0,0,12,1,0,nan,nan,nan,nan,nan,0
7,3800,250,-12,0,0,0,0,-0,0,0,0,0,0,0,0,0,0,0,0,0,0,0,0,0,0,0,12,1,0,nan,nan,nan,nan,nan,0
7.005,3800,250,-12,0,0,0,0,-0,0,0,0,0,0,0,0,0,0,0,0,0,0,0,0,0,0,0,12,1,0,nan,nan,nan,nan,nan,0
7.01,3800,250,-12,0,0,0,0,-0,0,0,0,0,0,0,0,0,0,0,0,0,0,0,0,0,0,0,12,1,0,nan,nan,nan,nan,nan,0
7.015,3800,250,-12,0,0,0,0,-0,0,0,0,0,0,0,0,0,0,0,0,0,0,0,0,0,0,0,12,1,0,nan,nan,nan,nan,nan,0
7.02,3800,250,-12,0,0,0,0,-0,0,0,0,0,0,0,0,0,0,0,0,0,0,0,0,0,0,0,12,1,0,nan,nan,nan,nan,nan,0
7.025,3800,250,-12,0,0,0,0,-0,0,0,0,0,0,0,0,0,0,0,0,0,0,0,0,0,0,0,12,1,0,nan,nan,nan,nan,nan,0
7.03,3800,250,-12,0,0,0,0,-0,0,0,0,0,0,0,0,0,0,0,0,0,0,0,0,0,0,0,12,1,0,nan,nan,nan,nan,nan,0
7.035,3800,250,-12,0,0,0,0,-0,0,0,0,0,0,0,0,0,0,0,0,0,0,0,0,0,0,0,12,1,0,nan,nan,nan,nan,nan,0
7.04,3800,250,-12,0,0,0,0,-0,0,0,0,0,0,0,0,0,0,0,0,0,0,0,0,0,0,0,12,1,0,nan,nan,nan,nan,nan,0
7.045,3800,250,-12,0,0,0,0,-0,0,0,0,0,0,0,0,0,0,0,0,0,0,0,0,0,0,0,12,1,0,nan,nan,nan,nan,nan,0
7.05,3800,250,-12,0,0,0,0,-0,0,0,0,0,0,0,0,0,0,0,0,0,0,0,0,0,0,0,12,1,0,nan,nan,nan,nan,nan,0
7.055,3800,250,-12,0,0,0,0,-0,0,0,0,0,0,0,0,0,0,0,0,0,0,0,0,0,0,0,12,1,0,nan,nan,nan,nan,nan,0
7.06,3800,250,-12,0,0,0,0,-0,0,0,0,0,0,0,0,0,0,0,0,0,0,0,0,0,0,0,12,1,0,nan,nan,nan,nan,nan,0
7.065,3800,250,-12,0,0,0,0,-0,0,0,0,0,0,0,0,0,0,0,0,0,0,0,0,0,0,0,12,1,0,nan,nan,nan,nan,nan,0
7.07,3800,250,-12,0,0,0,0,-0,0,0,0,0,0,0,0,0,0,0,0,0,0,0,0,0,0,0,12,1,0,nan,nan,nan,nan,nan,0
7.075,3800,250,-12,0,0,0,0,-0,0,0,0,0,0,0,0,0,0,0,0,0,0,0,0,0,0,0,12,1,0,nan,nan,nan,nan,nan,0
7.08,3800,250,-12,0,0,0,0,-0,0,0,0,0,0,0,0,0,0,0,0,0,0,0,0,0,0,0,12,1,0,nan,nan,nan,nan,nan,0
7.085,3800,250,-12,0,0,0,0,-0,0,0,0,0,0,0,0,0,0,0,0,0,0,0,0,0,0,0,12,1,0,nan,nan,nan,nan,nan,0
7.09,3800,250,-12,0,0,0,0,-0,0,0,0,0,0,0,0,0,0,0,0,0,0,0,0,0,0,0,12,1,0,nan,nan,nan,nan,nan,0
7.095,3800,250,-12,0,0,0,0,-0,0,0,0,0,0,0,0,0,0,0,0,0,0,0,0,0,0,0,12,1,0,nan,nan,nan,nan,nan,0
7.1,3800,250,-12,0,0,0,0,-0,0,0,0,0,0,0,0,0,0,0,0,0,0,0,0,0,0,0,12,1,0,nan,nan,nan,nan,nan,0
7.105,3800,250,-12,0,0,0,0,-0,0,0,0,0,0,0,0,0,0,0,0,0,0,0,0,0,0,0,12,1,0,nan,nan,nan,nan,nan,0
7.11,3800,250,-12,0,0,0,0,-0,0,0,0,0,0,0,0,0,0,0,0,0,0,0,0,0,0,0,12,1,0,nan,nan,nan,nan,nan,0
7.115,3800,250,-12,0,0,0,0,-0,0,0,0,0,0,0,0,0,0,0,0,0,0,0,0,0,0,0,12,1,0,nan,nan,nan,nan,nan,0
7.12,3800,250,-12,0,0,0,0,-0,0,0,0,0,0,0,0,0,0,0,0,0,0,0,0,0,0,0,12,1,0,nan,nan,nan,nan,nan,0
7.125,3800,250,-12,0,0,0,0,-0,0,0,0,0,0,0,0,0,0,0,0,0,0,0,0,0,0,0,12,1,0,nan,nan,nan,nan,nan,0
7.13,3800,250,-12,0,0,0,0,-0,0,0,0,0,0,0,0,0,0,0,0,0,0,0,0,0,0,0,12,1,0,nan,nan,nan,nan,nan,0
7.135,3800,250,-12,0,0,0,0,-0,0,0,0,0,0,0,0,0,0,0,0,0,0,0,0,0,0,0,12,1,0,nan,nan,nan,nan,nan,0
7.14,3800,250,-12,0,0,0,0,-0,0,0,0,0,0,0,0,0,0,0,0,0,0,0,0,0,0,0,12,1,0,nan,nan,nan,nan,nan,0
7.145,3800,250,-12,0,0,0,0,-0,0,0,0,0,0,0,0,0,0,0,0,0,0,0,0,0,0,0,12,1,0,nan,nan,nan,nan,nan,0
7.15,3800,250,-12,0,0,0,0,-0,0,0,0,0,0,0,0,0,0,0,0,0,0,0,0,0,0,0,12,1,0,nan,nan,nan,nan,nan,0
7.155,3800,250,-12,0,0,0,0,-0,0,0,0,0,0,0,0,0,0,0,0,0,0,0,0,0,0,0,12,1,0,nan,nan,nan,nan,nan,0
7.16,3800,250,-12,0,0,0,0,-0,0,0,0,0,0,0,0,0,0,0,0,0,0,0,0,0,0,0,12,1,0,nan,nan,nan,nan,nan,0
7.165,3800,250,-12,0,0,0,0,-0,0,0,0,0,0,0,0,0,0,0,0,0,0,0,0,0,0,0,12,1,0,nan,nan,nan,nan,nan,0
7.17,3800,250,-12,0,0,0,0,-0,0,0,0,0,0,0,0,0,0,0,0,0,0,0,0,0,0,0,12,1,0,nan,nan,nan,nan,nan,0
7.175,3800,250,-12,0,0,0,0,-0,0,0,0,0,0,0,0,0,0,0,0,0,0,0,0,0,0,0,12,1,0,nan,nan,nan,nan,nan,0
7.18,3800,250,-12,0,0,0,0,-0,0,0,0,0,0,0,0,0,0,0,0,0,0,0,0,0,0,0,12,1,0,nan,nan,nan,nan,nan,0
7.185,3800,250,-12,0,0,0,0,-0,0,0,0,0,0,0,0,0,0,0,0,0,0,0,0,0,0,0,12,1,0,nan,nan,nan,nan,nan,0
7.19,3800,250,-12,0,0,0,0,-0,0,0,0,0,0,0,0,0,0,0,0,0,0,0,0,0,0,0,12,1,0,nan,nan,nan,nan,nan,0
7.195,3800,250,-12,0,0,0,0,-0,0,0,0,0,0,0,0,0,0,0,0,0,0,0,0,0,0,0,12,1,0,nan,nan,nan,nan,nan,0
7.2,3800,250,-12,0,0,0,0,-0,0,0,0,0,0,0,0,0,0,0,0,0,0,0,0,0,0,0,12,1,0,nan,nan,nan,nan,nan,0
7.205,3800,250,-12,0,0,0,0,-0,0,0,0,0,0,0,0,0,0,0,0,0,0,0,0,0,0,0,12,1,0,nan,nan,nan,nan,nan,0
7.21,3800,250,-12,0,0,0,0,-0,0,0,0,0,0,0,0,0,0,0,0,0,0,0,0,0,0,0,12,1,0,nan,nan,nan,nan,nan,0
7.215,3800,250,-12,0,0,0,0,-0,0,0,0,0,0,0,0,0,0,0,0,0,0,0,0,0,0,0,12,1,0,nan,nan,nan,nan,nan,0
7.22,3800,250,-12,0,0,0,0,-0,0,0,0,0,0,0,0,0,0,0,0,0,0,0,0,0,0,0,12,1,0,nan,nan,nan,nan,nan,0
7.225,3800,250,-12,0,0,0,0,-0,0,0,0,0,0,0,0,0,0,0,0,0,0,0,0,0,0,0,12,1,0,nan,nan,nan,nan,nan,0
7.23,3800,250,-12,0,0,0,0,-0,0,0,0,0,0,0,0,0,0,0,0,0,0,0,0,0,0,0,12,1,0,nan,nan,nan,nan,nan,0
7.235,3800,250,-12,0,0,0,0,-0,0,0,0,0,0,0,0,0,0,0,0,0,0,0,0,0,0,0,12,1,0,nan,nan,nan,nan,nan,0
7.24,3800,250,-12,0,0,0,0,-0,0,0,0,0,0,0,0,0,0,0,0,0,0,0,0,0,0,0,12,1,0,nan,nan,nan,nan,nan,0
7.245,3800,250,-12,0,0,0,0,-0,0,0,0,0,0,0,0,0,0,0,0,0,0,0,0,0,0,0,12,1,0,nan,nan,nan,nan,nan,0
7.25,3800,250,-12,0,0,0,0,-0,0,0,0,0,0,0,0,0,0,0,0,0,0,0,0,0,0,0,12,1,0,nan,nan,nan,nan,nan,0
7.255,3800,250,-12,0,0,0,0,-0,0,0,0,0,0,0,0,0,0,0,0,0,0,0,0,0,0,0,12,1,0,nan,nan,nan,nan,nan,0
7.26,3800,250,-12,0,0,0,0,-0,0,0,0,0,0,0,0,0,0,0,0,0,0,0,0,0,0,0,12,1,0,nan,nan,nan,nan,nan,0
7.265,3800,250,-12,0,0,0,0,-0,0,0,0,0,0,0,0,0,0,0,0,0,0,0,0,0,0,0,12,1,0,nan,nan,nan,nan,nan,0
7.27,3800,250,-12,0,0,0,0,-0,0,0,0,0,0,0,0,0,0,0,0,0,0,0,0,0,0,0,12,1,0,nan,nan,nan,nan,nan,0
7.275,3800,250,-12,0,0,0,0,-0,0,0,0,0,0,0,0,0,0,0,0,0,0,0,0,0,0,0,12,1,0,nan,nan,nan,nan,nan,0
7.28,3800,250,-12,0,0,0,0,-0,0,0,0,0,0,0,0,0,0,0,0,0,0,0,0,0,0,0,12,1,0,nan,nan,nan,nan,nan,0
7.285,3800,250,-12,0,0,0,0,-0,0,0,0,0,0,0,0,0,0,0,0,0,0,0,0,0,0,0,12,1,0,nan,nan,nan,nan,nan,0
7.29,3800,250,-12,0,0,0,0,-0,0,0,0,0,0,0,0,0,0,0,0,0,0,0,0,0,0,0,12,1,0,nan,nan,nan,nan,nan,0
7.295,3800,250,-12,0,0,0,0,-0,0,0,0,0,0,0,0,0,0,0,0,0,0,0,0,0,0,0,12,1,0,nan,nan,nan,nan,nan,0
7.3,3800,250,-12,0,0,0,0,-0,0,0,0,0,0,0,0,0,0,0,0,0,0,0,0,0,0,0,12,1,0,nan,nan,nan,nan,nan,0
7.305,3800,250,-12,0,0,0,0,-0,0,0,0,0,0,0,0,0,0,0,0,0,0,0,0,0,0,0,12,1,0,nan,nan,nan,nan,nan,0
7.31,3800,250,-12,0,0,0,0,-0,0,0,0,0,0,0,0,0,0,0,0,0,0,0,0,0,0,0,12,1,0,nan,nan,nan,nan,nan,0
7.315,3800,250,-12,0,0,0,0,-0,0,0,0,0,0,0,0,0,0,0,0,0,0,0,0,0,0,0,12,1,0,nan,nan,nan,nan,nan,0
7.32,3800,250,-12,0,0,0,0,-0,0,0,0,0,0,0,0,0,0,0,0,0,0,0,0,0,0,0,12,1,0,nan,nan,nan,nan,nan,0
7.325,3800,250,-12,0,0,0,0,-0,0,0,0,0,0,0,0,0,0,0,0,0,0,0,0,0,0,0,12,1,0,nan,nan,nan,nan,nan,0
7.33,3800,250,-12,0,0,0,0,-0,0,0,0,0,0,0,0,0,0,0,0,0,0,0,0,0,0,0,12,1,0,nan,nan,nan,nan,nan,0
7.335,3800,250,-12,0,0,0,0,-0,0,0,0,0,0,0,0,0,0,0,0,0,0,0,0,0,0,0,12,1,0,nan,nan,nan,nan,nan,0
7.34,3800,250,-12,0,0,0,0,-0,0,0,0,0,0,0,0,0,0,0,0,0,0,0,0,0,0,0,12,1,0,nan,nan,nan,nan,nan,0
7.345,3800,250,-12,0,0,0,0,-0,0,0,0,0,0,0,0,0,0,0,0,0,0,0,0,0,0,0,12,1,0,nan,nan,nan,nan,nan,0
7.35,3800,250,-12,0,0,0,0,-0,0,0,0,0,0,0,0,0,0,0,0,0,0,0,0,0,0,0,12,1,0,nan,nan,nan,nan,nan,0
7.355,3800,250,-12,0,0,0,0,-0,0,0,0,0,0,0,0,0,0,0,0,0,0,0,0,0,0,0,12,1,0,nan,nan,nan,nan,nan,0
7.36,3800,250,-12,0,0,0,0,-0,0,0,0,0,0,0,0,0,0,0,0,0,0,0,0,0,0,0,12,1,0,nan,nan,nan,nan,nan,0
7.365,3800,250,-12,0,0,0,0,-0,0,0,0,0,0,0,0,0,0,0,0,0,0,0,0,0,0,0,12,1,0,nan,nan,nan,nan,nan,0
7.37,3800,250,-12,0,0,0,0,-0,0,0,0,0,0,0,0,0,0,0,0,0,0,0,0,0,0,0,12,1,0,nan,nan,nan,nan,nan,0
7.375,3800,250,-12,0,0,0,0,-0,0,0,0,0,0,0,0,0,0,0,0,0,0,0,0,0,0,0,12,1,0,nan,nan,nan,nan,nan,0
7.38,3800,250,-12,0,0,0,0,-0,0,0,0,0,0,0,0,0,0,0,0,0,0,0,0,0,0,0,12,1,0,nan,nan,nan,nan,nan,0
7.385,3800,250,-12,0,0,0,0,-0,0,0,0,0,0,0,0,0,0,0,0,0,0,0,0,0,0,0,12,1,0,nan,nan,nan,nan,nan,0
7.39,3800,250,-12,0,0,0,0,-0,0,0,0,0,0,0,0,0,0,0,0,0,0,0,0,0,0,0,12,1,0,nan,nan,nan,nan,nan,0
7.395,3800,250,-12,0,0,0,0,-0,0,0,0,0,0,0,0,0,0,0,0,0,0,0,0,0,0,0,12,1,0,nan,nan,nan,nan,nan,0
7.4,3800,250,-12,0,0,0,0,-0,0,0,0,0,0,0,0,0,0,0,0,0,0,0,0,0,0,0,12,1,0,nan,nan,nan,nan,nan,0
7.405,3800,250,-12,0,0,0,0,-0,0,0,0,0,0,0,0,0,0,0,0,0,0,0,0,0,0,0,12,1,0,nan,nan,nan,nan,nan,0
7.41,3800,250,-12,0,0,0,0,-0,0,0,0,0,0,0,0,0,0,0,0,0,0,0,0,0,0,0,12,1,0,nan,nan,nan,nan,nan,0
7.415,3800,250,-12,0,0,0,0,-0,0,0,0,0,0,0,0,0,0,0,0,0,0,0,0,0,0,0,12,1,0,nan,nan,nan,nan,nan,0
7.42,3800,250,-12,0,0,0,0,-0,0,0,0,0,0,0,0,0,0,0,0,0,0,0,0,0,0,0,12,1,0,nan,nan,nan,nan,nan,0
7.425,3800,250,-12,0,0,0,0,-0,0,0,0,0,0,0,0,0,0,0,0,0,0,0,0,0,0,0,12,1,0,nan,nan,nan,nan,nan,0
7.43,3800,250,-12,0,0,0,0,-0,0,0,0,0,0,0,0,0,0,0,0,0,0,0,0,0,0,0,12,1,0,nan,nan,nan,nan,nan,0
7.435,3800,250,-12,0,0,0,0,-0,0,0,0,0,0,0,0,0,0,0,0,0,0,0,0,0,0,0,12,1,0,nan,nan,nan,nan,nan,0
7.44,3800,250,-12,0,0,0,0,-0,0,0,0,0,0,0,0,0,0,0,0,0,0,0,0,0,0,0,12,1,0,nan,nan,nan,nan,nan,0
7.445,3800,250,-12,0,0,0,0,-0,0,0,0,0,0,0,0,0,0,0,0,0,0,0,0,0,0,0,12,1,0,nan,nan,nan,nan,nan,0
7.45,3800,250,-12,0,0,0,0,-0,0,0,0,0,0,0,0,0,0,0,0,0,0,0,0,0,0,0,12,1,0,nan,nan,nan,nan,nan,0
7.455,3800,250,-12,0,0,0,0,-0,0,0,0,0,0,0,0,0,0,0,0,0,0,0,0,0,0,0,12,1,0,nan,nan,nan,nan,nan,0
7.46,3800,250,-12,0,0,0,0,-0,0,0,0,0,0,0,0,0,0,0,0,0,0,0,0,0,0,0,12,1,0,nan,nan,nan,nan,nan,0
7.465,3800,250,-12,0,0,0,0,-0,0,0,0,0,0,0,0,0,0,0,0,0,0,0,0,0,0,0,12,1,0,nan,nan,nan,nan,nan,0
7.47,3800,250,-12,0,0,0,0,-0,0,0,0,0,0,0,0,0,0,0,0,0,0,0,0,0,0,0,12,1,0,nan,nan,nan,nan,nan,0
7.475,3800,250,-12,0,0,0,0,-0,0,0,0,0,0,0,0,0,0,0,0,0,0,0,0,0,0,0,12,1,0,nan,nan,nan,nan,nan,0
7.48,3800,250,-12,0,0,0,0,-0,0,0,0,0,0,0,0,0,0,0,0,0,0,0,0,0,0,0,12,1,0,nan,nan,nan,nan,nan,0
7.485,3800,250,-12,0,0,0,0,-0,0,0,0,0,0,0,0,0,0,0,0,0,0,0,0,0,0,0,12,1,0,nan,nan,nan,nan,nan,0
7.49,3800,250,-12,0,0,0,0,-0,0,0,0,0,0,0,0,0,0,0,0,0,0,0,0,0,0,0,12,1,0,nan,nan,nan,nan,nan,0
7.495,3800,250,-12,0,0,0,0,-0,0,0,0,0,0,0,0,0,0,0,0,0,0,0,0,0,0,0,12,1,0,nan,nan,nan,nan,nan,0
7.5,3800,250,-12,0,0,0,0,-0,0,0,0,0,0,0,0,0,0,0,0,0,0,0,0,0,0,0,12,1,0,nan,nan,nan,nan,nan,0
7.505,3800,250,-12,0,0,0,0,-0,0,0,0,0,0,0,0,0,0,0,0,0,0,0,0,0,0,0,12,1,0,nan,nan,nan,nan,nan,0
7.51,3800,250,-12,0,0,0,0,-0,0,0,0,0,0,0,0,0,0,0,0,0,0,0,0,0,0,0,12,1,0,nan,nan,nan,nan,nan,0
7.515,3800,250,-12,0,0,0,0,-0,0,0,0,0,0,0,0,0,0,0,0,0,0,0,0,0,0,0,12,1,0,nan,nan,nan,nan,nan,0
7.52,3800,250,-12,0,0,0,0,-0,0,0,0,0,0,0,0,0,0,0,0,0,0,0,0,0,0,0,12,1,0,nan,nan,nan,nan,nan,0
7.525,3800,250,-12,0,0,0,0,-0,0,0,0,0,0,0,0,0,0,0,0,0,0,0,0,0,0,0,12,1,0,nan,nan,nan,nan,nan,0
7.53,3800,250,-12,0,0,0,0,-0,0,0,0,0,0,0,0,0,0,0,0,0,0,0,0,0,0,0,12,1,0,nan,nan,nan,nan,nan,0
7.535,3800,250,-12,0,0,0,0,-0,0,0,0,0,0,0,0,0,0,0,0,0,0,0,0,0,0,0,12,1,0,nan,nan,nan,nan,nan,0
7.54,3800,250,-12,0,0,0,0,-0,0,0,0,0,0,0,0,0,0,0,0,0,0,0,0,0,0,0,12,1,0,nan,nan,nan,nan,nan,0
7.545,3800,250,-12,0,0,0,0,-0,0,0,0,0,0,0,0,0,0,0,0,0,0,0,0,0,0,0,12,1,0,nan,nan,nan,nan,nan,0
7.55,3800,250,-12,0,0,0,0,-0,0,0,0,0,0,0,0,0,0,0,0,0,0,0,0,0,0,0,12,1,0,nan,nan,nan,nan,nan,0
7.555,3800,250,-12,0,0,0,0,-0,0,0,0,0,0,0,0,0,0,0,0,0,0,0,0,0,0,0,12,1,0,nan,nan,nan,nan,nan,0
7.56,3800,250,-12,0,0,0,0,-0,0,0,0,0,0,0,0,0,0,0,0,0,0,0,0,0,0,0,12,1,0,nan,nan,nan,nan,nan,0
7.565,3800,250,-12,0,0,0,0,-0,0,0,0,0,0,0,0,0,0,0,0,0,0,0,0,0,0,0,12,1,0,nan,nan,nan,nan,nan,0
7.57,3800,250,-12,0,0,0,0,-0,0,0,0,0,0,0,0,0,0,0,0,0,0,0,0,0,0,0,12,1,0,nan,nan,nan,nan,nan,0
7.575,3800,250,-12,0,0,0,0,-0,0,0,0,0,0,0,0,0,0,0,0,0,0,0,0,0,0,0,12,1,0,nan,nan,nan,nan,nan,0
7.58,3800,250,-12,0,0,0,0,-0,0,0,0,0,0,0,0,0,0,0,0,0,0,0,0,0,0,0,12,1,0,nan,nan,nan,nan,nan,0
7.585,3800,250,-12,0,0,0,0,-0,0,0,0,0,0,0,0,0,0,0,0,0,0,0,0,0,0,0,12,1,0,nan,nan,nan,nan,nan,0
7.59,3800,250,-12,0,0,0,0,-0,0,0,0,0,0,0,0,0,0,0,0,0,0,0,0,0,0,0,12,1,0,nan,nan,nan,nan,nan,0
7.595,3800,250,-12,0,0,0,0,-0,0,0,0,0,0,0,0,0,0,0,0,0,0,0,0,0,0,0,12,1,0,nan,nan,nan,nan,nan,0
7.6,3800,250,-12,0,0,0,0,-0,0,0,0,0,0,0,0,0,0,0,0,0,0,0,0,0,0,0,12,1,0,nan,nan,nan,nan,nan,0
7.605,3800,250,-12,0,0,0,0,-0,0,0,0,0,0,0,0,0,0,0,0,0,0,0,0,0,0,0,12,1,0,nan,nan,nan,nan,nan,0
7.61,3800,250,-12,0,0,0,0,-0,0,0,0,0,0,0,0,0,0,0,0,0,0,0,0,0,0,0,12,1,0,nan,nan,nan,nan,nan,0
7.615,3800,250,-12,0,0,0,0,-0,0,0,0,0,0,0,0,0,0,0,0,0,0,0,0,0,0,0,12,1,0,nan,nan,nan,nan,nan,0
7.62,3800,250,-12,0,0,0,0,-0,0,0,0,0,0,0,0,0,0,0,0,0,0,0,0,0,0,0,12,1,0,nan,nan,nan,nan,nan,0
7.625,3800,250,-12,0,0,0,0,-0,0,0,0,0,0,0,0,0,0,0,0,0,0,0,0,0,0,0,12,1,0,nan,nan,nan,nan,nan,0
7.63,3800,250,-12,0,0,0,0,-0,0,0,0,0,0,0,0,0,0,0,0,0,0,0,0,0,0,0,12,1,0,nan,nan,nan,nan,nan,0
7.635,3800,250,-12,0,0,0,0,-0,0,0,0,0,0,0,0,0,0,0,0,0,0,0,0,0,0,0,12,1,0,nan,nan,nan,nan,nan,0
7.64,3800,250,-12,0,0,0,0,-0,0,0,0,0,0,0,0,0,0,0,0,0,0,0,0,0,0,0,12,1,0,nan,nan,nan,nan,nan,0
7.645,3800,250,-12,0,0,0,0,-0,0,0,0,0,0,0,0,0,0,0,0,0,0,0,0,0,0,0,12,1,0,nan,nan,nan,nan,nan,0
7.65,3800,250,-12,0,0,0,0,-0,0,0,0,0,0,0,0,0,0,0,0,0,0,0,0,0,0,0,12,1,0,nan,nan,nan,nan,nan,0
7.655,3800,250,-12,0,0,0,0,-0,0,0,0,0,0,0,0,0,0,0,0,0,0,0,0,0,0,0,12,1,0,nan,nan,nan,nan,nan,0
7.66,3800,250,-12,0,0,0,0,-0,0,0,0,0,0,0,0,0,0,0,0,0,0,0,0,0,0,0,12,1,0,nan,nan,nan,nan,nan,0
7.665,3800,250,-12,0,0,0,0,-0,0,0,0,0,0,0,0,0,0,0,0,0,0,0,0,0,0,0,12,1,0,nan,nan,nan,nan,nan,0
7.67,3800,250,-12,0,0,0,0,-0,0,0,0,0,0,0,0,0,0,0,0,0,0,0,0,0,0,0,12,1,0,nan,nan,nan,nan,nan,0
7.675,3800,250,-12,0,0,0,0,-0,0,0,0,0,0,0,0,0,0,0,0,0,0,0,0,0,0,0,12,1,0,nan,nan,nan,nan,nan,0
7.68,3800,250,-12,0,0,0,0,-0,0,0,0,0,0,0,0,0,0,0,0,0,0,0,0,0,0,0,12,1,0,nan,nan,nan,nan,nan,0
7.685,3800,250,-12,0,0,0,0,-0,0,0,0,0,0,0,0,0,0,0,0,0,0,0,0,0,0,0,12,1,0,nan,nan,nan,nan,nan,0
7.69,3800,250,-12,0,0,0,0,-0,0,0,0,0,0,0,0,0,0,0,0,0,0,0,0,0,0,0,12,1,0,nan,nan,nan,nan,nan,0
7.695,3800,250,-12,0,0,0,0,-0,0,0,0,0,0,0,0,0,0,0,0,0,0,0,0,0,0,0,12,1,0,nan,nan,nan,nan,nan,0
7.7,3800,250,-12,0,0,0,0,-0,0,0,0,0,0,0,0,0,0,0,0,0,0,0,0,0,0,0,12,1,0,nan,nan,nan,nan,nan,0
7.705,3800,250,-12,0,0,0,0,-0,0,0,0,0,0,0,0,0,0,0,0,0,0,0,0,0,0,0,12,1,0,nan,nan,nan,nan,nan,0
7.71,3800,250,-12,0,0,0,0,-0,0,0,0,0,0,0,0,0,0,0,0,0,0,0,0,0,0,0,12,1,0,nan,nan,nan,nan,nan,0
7.715,3800,250,-12,0,0,0,0,-0,0,0,0,0,0,0,0,0,0,0,0,0,0,0,0,0,0,0,12,1,0,nan,nan,nan,nan,nan,0
7.72,3800,250,-12,0,0,0,0,-0,0,0,0,0,0,0,0,0,0,0,0,0,0,0,0,0,0,0,12,1,0,nan,nan,nan,nan,nan,0
7.725,3800,250,-12,0,0,0,0,-0,0,0,0,0,0,0,0,0,0,0,0,0,0,0,0,0,0,0,12,1,0,nan,nan,nan,nan,nan,0
7.73,3800,250,-12,0,0,0,0,-0,0,0,0,0,0,0,0,0,0,0,0,0,0,0,0,0,0,0,12,1,0,nan,nan,nan,nan,nan,0
7.735,3800,250,-12,0,0,0,0,-0,0,0,0,0,0,0,0,0,0,0,0,0,0,0,0,0,0,0,12,1,0,nan,nan,nan,nan,nan,0
7.74,3800,250,-12,0,0,0,0,-0,0,0,0,0,0,0,0,0,0,0,0,0,0,0,0,0,0,0,12,1,0,nan,nan,nan,nan,nan,0
7.745,3800,250,-12,0,0,0,0,-0,0,0,0,0,0,0,0,0,0,0,0,0,0,0,0,0,0,0,12,1,0,nan,nan,nan,nan,nan,0
7.75,3800,250,-12,0,0,0,0,-0,0,0,0,0,0,0,0,0,0,0,0,0,0,0,0,0,0,0,12,1,0,nan,nan,nan,nan,nan,0
7.755,3800,250,-12,0,0,0,0,-0,0,0,0,0,0,0,0,0,0,0,0,0,0,0,0,0,0,0,12,1,0,nan,nan,nan,nan,nan,0
7.76,3800,250,-12,0,0,0,0,-0,0,0,0,0,0,0,0,0,0,0,0,0,0,0,0,0,0,0,12,1,0,nan,nan,nan,nan,nan,0
7.765,3800,250,-12,0,0,0,0,-0,0,0,0,0,0,0,0,0,0,0,0,0,0,0,0,0,0,0,12,1,0,nan,nan,nan,nan,nan,0
7.77,3800,250,-12,0,0,0,0,-0,0,0,0,0,0,0,0,0,0,0,0,0,0,0,0,0,0,0,12,1,0,nan,nan,nan,nan,nan,0
7.775,3800,250,-12,0,0,0,0,-0,0,0,0,0,0,0,0,0,0,0,0,0,0,0,0,0,0,0,12,1,0,nan,nan,nan,nan,nan,0
7.78,3800,250,-12,0,0,0,0,-0,0,0,0,0,0,0,0,0,0,0,0,0,0,0,0,0,0,0,12,1,0,nan,nan,nan,nan,nan,0
7.785,3800,250,-12,0,0,0,0,-0,0,0,0,0,0,0,0,0,0,0,0,0,0,0,0,0,0,0,12,1,0,nan,nan,nan,nan,nan,0
7.79,3800,250,-12,0,0,0,0,-0,0,0,0,0,0,0,0,0,0,0,0,0,0,0,0,0,0,0,12,1,0,nan,nan,nan,nan,nan,0
7.795,3800,250,-12,0,0,0,0,-0,0,0,0,0,0,0,0,0,0,0,0,0,0,0,0,0,0,0,12,1,0,nan,nan,nan,nan,nan,0
7.8,3800,250,-12,0,0,0,0,-0,0,0,0,0,0,0,0,0,0,0,0,0,0,0,0,0,0,0,12,1,0,nan,nan,nan,nan,nan,0
7.805,3800,250,-12,0,0,0,0,-0,0,0,0,0,0,0,0,0,0,0,0,0,0,0,0,0,0,0,12,1,0,nan,nan,nan,nan,nan,0
7.81,3800,250,-12,0,0,0,0,-0,0,0,0,0,0,0,0,0,0,0,0,0,0,0,0,0,0,0,12,1,0,nan,nan,nan,nan,nan,0
7.815,3800,250,-12,0,0,0,0,-0,0,0,0,0,0,0,0,0,0,0,0,0,0,0,0,0,0,0,12,1,0,nan,nan,nan,nan,nan,0
7.82,3800,250,-12,0,0,0,0,-0,0,0,0,0,0,0,0,0,0,0,0,0,0,0,0,0,0,0,12,1,0,nan,nan,nan,nan,nan,0
7.825,3800,250,-12,0,0,0,0,-0,0,0,0,0,0,0,0,0,0,0,0,0,0,0,0,0,0,0,12,1,0,nan,nan,nan,nan,nan,0
7.83,3800,250,-12,0,0,0,0,-0,0,0,0,0,0,0,0,0,0,0,0,0,0,0,0,0,0,0,12,1,0,nan,nan,nan,nan,nan,0
7.835,3800,250,-12,0,0,0,0,-0,0,0,0,0,0,0,0,0,0,0,0,0,0,0,0,0,0,0,12,1,0,nan,nan,nan,nan,nan,0
7.84,3800,250,-12,0,0,0,0,-0,0,0,0,0,0,0,0,0,0,0,0,0,0,0,0,0,0,0,12,1,0,nan,nan,nan,nan,nan,0
7.845,3800,250,-12,0,0,0,0,-0,0,0,0,0,0,0,0,0,0,0,0,0,0,0,0,0,0,0,12,1,0,nan,nan,nan,nan,nan,0
7.85,3800,250,-12,0,0,0,0,-0,0,0,0,0,0,0,0,0,0,0,0,0,0,0,0,0,0,0,12,1,0,nan,nan,nan,nan,nan,0
7.855,3800,250,-12,0,0,0,0,-0,0,0,0,0,0,0,0,0,0,0,0,0,0,0,0,0,0,0,12,1,0,nan,nan,nan,nan,nan,0
7.86,3800,250,-12,0,0,0,0,-0,0,0,0,0,0,0,0,0,0,0,0,0,0,0,0,0,0,0,12,1,0,nan,nan,nan,nan,nan,0
7.865,3800,250,-12,0,0,0,0,-0,0,0,0,0,0,0,0,0,0,0,0,0,0,0,0,0,0,0,12,1,0,nan,nan,nan,nan,nan,0
7.87,3800,250,-12,0,0,0,0,-0,0,0,0,0,0,0,0,0,0,0,0,0,0,0,0,0,0,0,12,1,0,nan,nan,nan,nan,nan,0
7.875,3800,250,-12,0,0,0,0,-0,0,0,0,0,0,0,0,0,0,0,0,0,0,0,0,0,0,0,12,1,0,nan,nan,nan,nan,nan,0
7.88,3800,250,-12,0,0,0,0,-0,0,0,0,0,0,0,0,0,0,0,0,0,0,0,0,0,0,0,12,1,0,nan,nan,nan,nan,nan,0
7.885,3800,250,-12,0,0,0,0,-0,0,0,0,0,0,0,0,0,0,0,0,0,0,0,0,0,0,0,12,1,0,nan,nan,nan,nan,nan,0
7.89,3800,250,-12,0,0,0,0,-0,0,0,0,0,0,0,0,0,0,0,0,0,0,0,0,0,0,0,12,1,0,nan,nan,nan,nan,nan,0
7.895,3800,250,-12,0,0,0,0,-0,0,0,0,0,0,0,0,0,0,0,0,0,0,0,0,0,0,0,12,1,0,nan,nan,nan,nan,nan,0
7.9,3800,250,-12,0,0,0,0,-0,0,0,0,0,0,0,0,0,0,0,0,0,0,0,0,0,0,0,12,1,0,nan,nan,nan,nan,nan,0
7.905,3800,250,-12,0,0,0,0,-0,0,0,0,0,0,0,0,0,0,0,0,0,0,0,0,0,0,0,12,1,0,nan,nan,nan,nan,nan,0
7.91,3800,250,-12,0,0,0,0,-0,0,0,0,0,0,0,0,0,0,0,0,0,0,0,0,0,0,0,12,1,0,nan,nan,nan,nan,nan,0
7.915,3800,250,-12,0,0,0,0,-0,0,0,0,0,0,0,0,0,0,0,0,0,0,0,0,0,0,0,12,1,0,nan,nan,nan,nan,nan,0
7.92,3800,250,-12,0,0,0,0,-0,0,0,0,0,0,0,0,0,0,0,0,0,0,0,0,0,0,0,12,1,0,nan,nan,nan,nan,nan,0
7.925,3800,250,-12,0,0,0,0,-0,0,0,0,0,0,0,0,0,0,0,0,0,0,0,0,0,0,0,12,1,0,nan,nan,nan,nan,nan,0
7.93,3800,250,-12,0,0,0,0,-0,0,0,0,0,0,0,0,0,0,0,0,0,0,0,0,0,0,0,12,1,0,nan,nan,nan,nan,nan,0
7.935,3800,250,-12,0,0,0,0,-0,0,0,0,0,0,0,0,0,0,0,0,0,0,0,0,0,0,0,12,1,0,nan,nan,nan,nan,nan,0
7.94,3800,250,-12,0,0,0,0,-0,0,0,0,0,0,0,0,0,0,0,0,0,0,0,0,0,0,0,12,1,0,nan,nan,nan,nan,nan,0
7.945,3800,250,-12,0,0,0,0,-0,0,0,0,0,0,0,0,0,0,0,0,0,0,0,0,0,0,0,12,1,0,nan,nan,nan,nan,nan,0
7.95,3800,250,-12,0,0,0,0,-0,0,0,0,0,0,0,0,0,0,0,0,0,0,0,0,0,0,0,12,1,0,nan,nan,nan,nan,nan,0
7.955,3800,250,-12,0,0,0,0,-0,0,0,0,0,0,0,0,0,0,0,0,0,0,0,0,0,0,0,12,1,0,nan,nan,nan,nan,nan,0
7.96,3800,250,-12,0,0,0,0,-0,0,0,0,0,0,0,0,0,0,0,0,0,0,0,0,0,0,0,12,1,0,nan,nan,nan,nan,nan,0
7.965,3800,250,-12,0,0,0,0,-0,0,0,0,0,0,0,0,0,0,0,0,0,0,0,0,0,0,0,12,1,0,nan,nan,nan,nan,nan,0
7.97,3800,250,-12,0,0,0,0,-0,0,0,0,0,0,0,0,0,0,0,0,0,0,0,0,0,0,0,12,1,0,nan,nan,nan,nan,nan,0
7.975,3800,250,-12,0,0,0,0,-0,0,0,0,0,0,0,0,0,0,0,0,0,0,0,0,0,0,0,12,1,0,nan,nan,nan,nan,nan,0
7.98,3800,250,-12,0,0,0,0,-0,0,0,0,0,0,0,0,0,0,0,0,0,0,0,0,0,0,0,12,1,0,nan,nan,nan,nan,nan,0
7.985,3800,250,-12,0,0,0,0,-0,0,0,0,0,0,0,0,0,0,0,0,0,0,0,0,0,0,0,12,1,0,nan,nan,nan,nan,nan,0
7.99,3800,250,-12,0,0,0,0,-0,0,0,0,0,0,0,0,0,0,0,0,0,0,0,0,0,0,0,12,1,0,nan,nan,nan,nan,nan,0
7.995,3800,250,-12,0,0,0,0,-0,0,0,0,0,0,0,0,0,0,0,0,0,0,0,0,0,0,0,12,1,0,nan,nan,nan,nan,nan,0
8,3800,250,-12,0,0,0,0,-0,0,0,0,0,0,0,0,0,0,0,0,0,0,0,0,0,0,0,12,1,0,nan,nan,nan,nan,nan,0
8.005,3800,250,-12,0,0,0,0,-0,0,0,0,0,0,0,0,0,0,0,0,0,0,0,0,0,0,0,12,1,0,nan,nan,nan,nan,nan,0
8.01,3800,250,-12,0,0,0,0,-0,0,0,0,0,0,0,0,0,0,0,0,0,0,0,0,0,0,0,12,1,0,nan,nan,nan,nan,nan,0
8.015,3800,250,-12,0,0,0,0,-0,0,0,0,0,0,0,0,0,0,0,0,0,0,0,0,0,0,0,12,1,0,nan,nan,nan,nan,nan,0
8.02,3800,250,-12,0,0,0,0,-0,0,0,0,0,0,0,0,0,0,0,0,0,0,0,0,0,0,0,12,1,0,nan,nan,nan,nan,nan,0
8.025,3800,250,-12,0,0,0,0,-0,0,0,0,0,0,0,0,0,0,0,0,0,0,0,0,0,0,0,12,1,0,nan,nan,nan,nan,nan,0
8.03,3800,250,-12,0,0,0,0,-0,0,0,0,0,0,0,0,0,0,0,0,0,0,0,0,0,0,0,12,1,0,nan,nan,nan,nan,nan,0
8.035,3800,250,-12,0,0,0,0,-0,0,0,0,0,0,0,0,0,0,0,0,0,0,0,0,0,0,0,12,1,0,nan,nan,nan,nan,nan,0
8.04,3800,250,-12,0,0,0,0,-0,0,0,0,0,0,0,0,0,0,0,0,0,0,0,0,0,0,0,12,1,0,nan,nan,nan,nan,nan,0
8.045,3800,250,-12,0,0,0,0,-0,0,0,0,0,0,0,0,0,0,0,0,0,0,0,0,0,0,0,12,1,0,nan,nan,nan,nan,nan,0
8.05,3800,250,-12,0,0,0,0,-0,0,0,0,0,0,0,0,0,0,0,0,0,0,0,0,0,0,0,12,1,0,nan,nan,nan,nan,nan,0
8.055,3800,250,-12,0,0,0,0,-0,0,0,0,0,0,0,0,0,0,0,0,0,0,0,0,0,0,0,12,1,0,nan,nan,nan,nan,nan,0
8.06,3800,250,-12,0,0,0,0,-0,0,0,0,0,0,0,0,0,0,0,0,0,0,0,0,0,0,0,12,1,0,nan,nan,nan,nan,nan,0
8.065,3800,250,-12,0,0,0,0,-0,0,0,0,0,0,0,0,0,0,0,0,0,0,0,0,0,0,0,12,1,0,nan,nan,nan,nan,nan,0
8.07,3800,250,-12,0,0,0,0,-0,0,0,0,0,0,0,0,0,0,0,0,0,0,0,0,0,0,0,12,1,0,nan,nan,nan,nan,nan,0
8.075,3800,250,-12,0,0,0,0,-0,0,0,0,0,0,0,0,0,0,0,0,0,0,0,0,0,0,0,12,1,0,nan,nan,nan,nan,nan,0
8.08,3800,250,-12,0,0,0,0,-0,0,0,0,0,0,0,0,0,0,0,0,0,0,0,0,0,0,0,12,1,0,nan,nan,nan,nan,nan,0
8.085,3800,250,-12,0,0,0,0,-0,0,0,0,0,0,0,0,0,0,0,0,0,0,0,0,0,0,0,12,1,0,nan,nan,nan,nan,nan,0
8.09,3800,250,-12,0,0,0,0,-0,0,0,0,0,0,0,0,0,0,0,0,0,0,0,0,0,0,0,12,1,0,nan,nan,nan,nan,nan,0
8.095,3800,250,-12,0,0,0,0,-0,0,0,0,0,0,0,0,0,0,0,0,0,0,0,0,0,0,0,12,1,0,nan,nan,nan,nan,nan,0
8.1,3800,250,-12,0,0,0,0,-0,0,0,0,0,0,0,0,0,0,0,0,0,0,0,0,0,0,0,12,1,0,nan,nan,nan,nan,nan,0
8.105,3800,250,-12,0,0,0,0,-0,0,0,0,0,0,0,0,0,0,0,0,0,0,0,0,0,0,0,12,1,0,nan,nan,nan,nan,nan,0
8.11,3800,250,-12,0,0,0,0,-0,0,0,0,0,0,0,0,0,0,0,0,0,0,0,0,0,0,0,12,1,0,nan,nan,nan,nan,nan,0
8.115,3800,250,-12,0,0,0,0,-0,0,0,0,0,0,0,0,0,0,0,0,0,0,0,0,0,0,0,12,1,0,nan,nan,nan,nan,nan,0
8.12,3800,250,-12,0,0,0,0,-0,0,0,0,0,0,0,0,0,0,0,0,0,0,0,0,0,0,0,12,1,0,nan,nan,nan,nan,nan,0
8.125,3800,250,-12,0,0,0,0,-0,0,0,0,0,0,0,0,0,0,0,0,0,0,0,0,0,0,0,12,1,0,nan,nan,nan,nan,nan,0
8.13,3800,250,-12,0,0,0,0,-0,0,0,0,0,0,0,0,0,0,0,0,0,0,0,0,0,0,0,12,1,0,nan,nan,nan,nan,nan,0
8.135,3800,250,-12,0,0,0,0,-0,0,0,0,0,0,0,0,0,0,0,0,0,0,0,0,0,0,0,12,1,0,nan,nan,nan,nan,nan,0
8.14,3800,250,-12,0,0,0,0,-0,0,0,0,0,0,0,0,0,0,0,0,0,0,0,0,0,0,0,12,1,0,nan,nan,nan,nan,nan,0
8.145,3800,250,-12,0,0,0,0,-0,0,0,0,0,0,0,0,0,0,0,0,0,0,0,0,0,0,0,12,1,0,nan,nan,nan,nan,nan,0
8.15,3800,250,-12,0,0,0,0,-0,0,0,0,0,0,0,0,0,0,0,0,0,0,0,0,0,0,0,12,1,0,nan,nan,nan,nan,nan,0
8.155,3800,250,-12,0,0,0,0,-0,0,0,0,0,0,0,0,0,0,0,0,0,0,0,0,0,0,0,12,1,0,nan,nan,nan,nan,nan,0
8.16,3800,250,-12,0,0,0,0,-0,0,0,0,0,0,0,0,0,0,0,0,0,0,0,0,0,0,0,12,1,0,nan,nan,nan,nan,nan,0
8.165,3800,250,-12,0,0,0,0,-0,0,0,0,0,0,0,0,0,0,0,0,0,0,0,0,0,0,0,12,1,0,nan,nan,nan,nan,nan,0
8.17,3800,250,-12,0,0,0,0,-0,0,0,0,0,0,0,0,0,0,0,0,0,0,0,0,0,0,0,12,1,0,nan,nan,nan,nan,nan,0
8.175,3800,250,-12,0,0,0,0,-0,0,0,0,0,0,0,0,0,0,0,0,0,0,0,0,0,0,0,12,1,0,nan,nan,nan,nan,nan,0
8.18,3800,250,-12,0,0,0,0,-0,0,0,0,0,0,0,0,0,0,0,0,0,0,0,0,0,0,0,12,1,0,nan,nan,nan,nan,nan,0
8.185,3800,250,-12,0,0,0,0,-0,0,0,0,0,0,0,0,0,0,0,0,0,0,0,0,0,0,0,12,1,0,nan,nan,nan,nan,nan,0
8.19,3800,250,-12,0,0,0,0,-0,0,0,0,0,0,0,0,0,0,0,0,0,0,0,0,0,0,0,12,1,0,nan,nan,nan,nan,nan,0
8.195,3800,250,-12,0,0,0,0,-0,0,0,0,0,0,0,0,0,0,0,0,0,0,0,0,0,0,0,12,1,0,nan,nan,nan,nan,nan,0
8.2,3800,250,-12,0,0,0,0,-0,0,0,0,0,0,0,0,0,0,0,0,0,0,0,0,0,0,0,12,1,0,nan,nan,nan,nan,nan,0
8.205,3800,250,-12,0,0,0,0,-0,0,0,0,0,0,0,0,0,0,0,0,0,0,0,0,0,0,0,12,1,0,nan,nan,nan,nan,nan,0
8.21,3800,250,-12,0,0,0,0,-0,0,0,0,0,0,0,0,0,0,0,0,0,0,0,0,0,0,0,12,1,0,nan,nan,nan,nan,nan,0
8.215,3800,250,-12,0,0,0,0,-0,0,0,0,0,0,0,0,0,0,0,0,0,0,0,0,0,0,0,12,1,0,nan,nan,nan,nan,nan,0
8.22,3800,250,-12,0,0,0,0,-0,0,0,0,0,0,0,0,0,0,0,0,0,0,0,0,0,0,0,12,1,0,nan,nan,nan,nan,nan,0
8.225,3800,250,-12,0,0,0,0,-0,0,0,0,0,0,0,0,0,0,0,0,0,0,0,0,0,0,0,12,1,0,nan,nan,nan,nan,nan,0
8.23,3800,250,-12,0,0,0,0,-0,0,0,0,0,0,0,0,0,0,0,0,0,0,0,0,0,0,0,12,1,0,nan,nan,nan,nan,nan,0
8.235,3800,250,-12,0,0,0,0,-0,0,0,0,0,0,0,0,0,0,0,0,0,0,0,0,0,0,0,12,1,0,nan,nan,nan,nan,nan,0
8.24,3800,250,-12,0,0,0,0,-0,0,0,0,0,0,0,0,0,0,0,0,0,0,0,0,0,0,0,12,1,0,nan,nan,nan,nan,nan,0
8.245,3800,250,-12,0,0,0,0,-0,0,0,0,0,0,0,0,0,0,0,0,0,0,0,0,0,0,0,12,1,0,nan,nan,nan,nan,nan,0
8.25,3800,250,-12,0,0,0,0,-0,0,0,0,0,0,0,0,0,0,0,0,0,0,0,0,0,0,0,12,1,0,nan,nan,nan,nan,nan,0
8.255,3800,250,-12,0,0,0,0,-0,0,0,0,0,0,0,0,0,0,0,0,0,0,0,0,0,0,0,12,1,0,nan,nan,nan,nan,nan,0
8.26,3800,250,-12,0,0,0,0,-0,0,0,0,0,0,0,0,0,0,0,0,0,0,0,0,0,0,0,12,1,0,nan,nan,nan,nan,nan,0
8.265,3800,250,-12,0,0,0,0,-0,0,0,0,0,0,0,0,0,0,0,0,0,0,0,0,0,0,0,12,1,0,nan,nan,nan,nan,nan,0
8.27,3800,250,-12,0,0,0,0,-0,0,0,0,0,0,0,0,0,0,0,0,0,0,0,0,0,0,0,12,1,0,nan,nan,nan,nan,nan,0
8.275,3800,250,-12,0,0,0,0,-0,0,0,0,0,0,0,0,0,0,0,0,0,0,0,0,0,0,0,12,1,0,nan,nan,nan,nan,nan,0
8.28,3800,250,-12,0,0,0,0,-0,0,0,0,0,0,0,0,0,0,0,0,0,0,0,0,0,0,0,12,1,0,nan,nan,nan,nan,nan,0
8.285,3800,250,-12,0,0,0,0,-0,0,0,0,0,0,0,0,0,0,0,0,0,0,0,0,0,0,0,12,1,0,nan,nan,nan,nan,nan,0
8.29,3800,250,-12,0,0,0,0,-0,0,0,0,0,0,0,0,0,0,0,0,0,0,0,0,0,0,0,12,1,0,nan,nan,nan,nan,nan,0
8.295,3800,250,-12,0,0,0,0,-0,0,0,0,0,0,0,0,0,0,0,0,0,0,0,0,0,0,0,12,1,0,nan,nan,nan,nan,nan,0
8.3,3800,250,-12,0,0,0,0,-0,0,0,0,0,0,0,0,0,0,0,0,0,0,0,0,0,0,0,12,1,0,nan,nan,nan,nan,nan,0
8.305,3800,250,-12,0,0,0,0,-0,0,0,0,0,0,0,0,0,0,0,0,0,0,0,0,0,0,0,12,1,0,nan,nan,nan,nan,nan,0
8.31,3800,250,-12,0,0,0,0,-0,0,0,0,0,0,0,0,0,0,0,0,0,0,0,0,0,0,0,12,1,0,nan,nan,nan,nan,nan,0
8.315,3800,250,-12,0,0,0,0,-0,0,0,0,0,0,0,0,0,0,0,0,0,0,0,0,0,0,0,12,1,0,nan,nan,nan,nan,nan,0
8.32,3800,250,-12,0,0,0,0,-0,0,0,0,0,0,0,0,0,0,0,0,0,0,0,0,0,0,0,12,1,0,nan,nan,nan,nan,nan,0
8.325,3800,250,-12,0,0,0,0,-0,0,0,0,0,0,0,0,0,0,0,0,0,0,0,0,0,0,0,12,1,0,nan,nan,nan,nan,nan,0
8.33,3800,250,-12,0,0,0,0,-0,0,0,0,0,0,0,0,0,0,0,0,0,0,0,0,0,0,0,12,1,0,nan,nan,nan,nan,nan,0
8.335,3800,250,-12,0,0,0,0,-0,0,0,0,0,0,0,0,0,0,0,0,0,0,0,0,0,0,0,12,1,0,nan,nan,nan,nan,nan,0
8.34,3800,250,-12,0,0,0,0,-0,0,0,0,0,0,0,0,0,0,0,0,0,0,0,0,0,0,0,12,1,0,nan,nan,nan,nan,nan,0
8.345,3800,250,-12,0,0,0,0,-0,0,0,0,0,0,0,0,0,0,0,0,0,0,0,0,0,0,0,12,1,0,nan,nan,nan,nan,nan,0
8.35,3800,250,-12,0,0,0,0,-0,0,0,0,0,0,0,0,0,0,0,0,0,0,0,0,0,0,0,12,1,0,nan,nan,nan,nan,nan,0
8.355,3800,250,-12,0,0,0,0,-0,0,0,0,0,0,0,0,0,0,0,0,0,0,0,0,0,0,0,12,1,0,nan,nan,nan,nan,nan,0
8.36,3800,250,-12,0,0,0,0,-0,0,0,0,0,0,0,0,0,0,0,0,0,0,0,0,0,0,0,12,1,0,nan,nan,nan,nan,nan,0
8.365,3800,250,-12,0,0,0,0,-0,0,0,0,0,0,0,0,0,0,0,0,0,0,0,0,0,0,0,12,1,0,nan,nan,nan,nan,nan,0
8.37,3800,250,-12,0,0,0,0,-0,0,0,0,0,0,0,0,0,0,0,0,0,0,0,0,0,0,0,12,1,0,nan,nan,nan,nan,nan,0
8.375,3800,250,-12,0,0,0,0,-0,0,0,0,0,0,0,0,0,0,0,0,0,0,0,0,0,0,0,12,1,0,nan,nan,nan,nan,nan,0
8.38,3800,250,-12,0,0,0,0,-0,0,0,0,0,0,0,0,0,0,0,0,0,0,0,0,0,0,0,12,1,0,nan,nan,nan,nan,nan,0
8.385,3800,250,-12,0,0,0,0,-0,0,0,0,0,0,0,0,0,0,0,0,0,0,0,0,0,0,0,12,1,0,nan,nan,nan,nan,nan,0
8.39,3800,250,-12,0,0,0,0,-0,0,0,0,0,0,0,0,0,0,0,0,0,0,0,0,0,0,0,12,1,0,nan,nan,nan,nan,nan,0
8.395,3800,250,-12,0,0,0,0,-0,0,0,0,0,0,0,0,0,0,0,0,0,0,0,0,0,0,0,12,1,0,nan,nan,nan,nan,nan,0
8.4,3800,250,-12,0,0,0,0,-0,0,0,0,0,0,0,0,0,0,0,0,0,0,0,0,0,0,0,12,1,0,nan,nan,nan,nan,nan,0
8.405,3800,250,-12,0,0,0,0,-0,0,0,0,0,0,0,0,0,0,0,0,0,0,0,0,0,0,0,12,1,0,nan,nan,nan,nan,nan,0
8.41,3800,250,-12,0,0,0,0,-0,0,0,0,0,0,0,0,0,0,0,0,0,0,0,0,0,0,0,12,1,0,nan,nan,nan,nan,nan,0
8.415,3800,250,-12,0,0,0,0,-0,0,0,0,0,0,0,0,0,0,0,0,0,0,0,0,0,0,0,12,1,0,nan,nan,nan,nan,nan,0
8.42,3800,250,-12,0,0,0,0,-0,0,0,0,0,0,0,0,0,0,0,0,0,0,0,0,0,0,0,12,1,0,nan,nan,nan,nan,nan,0
8.425,3800,250,-12,0,0,0,0,-0,0,0,0,0,0,0,0,0,0,0,0,0,0,0,0,0,0,0,12,1,0,nan,nan,nan,nan,nan,0
8.43,3800,250,-12,0,0,0,0,-0,0,0,0,0,0,0,0,0,0,0,0,0,0,0,0,0,0,0,12,1,0,nan,nan,nan,nan,nan,0
8.435,3800,250,-12,0,0,0,0,-0,0,0,0,0,0,0,0,0,0,0,0,0,0,0,0,0,0,0,12,1,0,nan,nan,nan,nan,nan,0
8.44,3800,250,-12,0,0,0,0,-0,0,0,0,0,0,0,0,0,0,0,0,0,0,0,0,0,0,0,12,1,0,nan,nan,nan,nan,nan,0
8.445,3800,250,-12,0,0,0,0,-0,0,0,0,0,0,0,0,0,0,0,0,0,0,0,0,0,0,0,12,1,0,nan,nan,nan,nan,nan,0
8.45,3800,250,-12,0,0,0,0,-0,0,0,0,0,0,0,0,0,0,0,0,0,0,0,0,0,0,0,12,1,0,nan,nan,nan,nan,nan,0
8.455,3800,250,-12,0,0,0,0,-0,0,0,0,0,0,0,0,0,0,0,0,0,0,0,0,0,0,0,12,1,0,nan,nan,nan,nan,nan,0
8.46,3800,250,-12,0,0,0,0,-0,0,0,0,0,0,0,0,0,0,0,0,0,0,0,0,0,0,0,12,1,0,nan,nan,nan,nan,nan,0
8.465,3800,250,-12,0,0,0,0,-0,0,0,0,0,0,0,0,0,0,0,0,0,0,0,0,0,0,0,12,1,0,nan,nan,nan,nan,nan,0
8.47,3800,250,-12,0,0,0,0,-0,0,0,0,0,0,0,0,0,0,0,0,0,0,0,0,0,0,0,12,1,0,nan,nan,nan,nan,nan,0
8.475,3800,250,-12,0,0,0,0,-0,0,0,0,0,0,0,0,0,0,0,0,0,0,0,0,0,0,0,12,1,0,nan,nan,nan,nan,nan,0
8.48,3800,250,-12,0,0,0,0,-0,0,0,0,0,0,0,0,0,0,0,0,0,0,0,0,0,0,0,12,1,0,nan,nan,nan,nan,nan,0
8.485,3800,250,-12,0,0,0,0,-0,0,0,0,0,0,0,0,0,0,0,0,0,0,0,0,0,0,0,12,1,0,nan,nan,nan,nan,nan,0
8.49,3800,250,-12,0,0,0,0,-0,0,0,0,0,0,0,0,0,0,0,0,0,0,0,0,0,0,0,12,1,0,nan,nan,nan,nan,nan,0
8.495,3800,250,-12,0,0,0,0,-0,0,0,0,0,0,0,0,0,0,0,0,0,0,0,0,0,0,0,12,1,0,nan,nan,nan,nan,nan,0
8.5,3800,250,-12,0,0,0,0,-0,0,0,0,0,0,0,0,0,0,0,0,0,0,0,0,0,0,0,12,1,0,nan,nan,nan,nan,nan,0
8.505,3800,250,-12,0,0,0,0,-0,0,0,0,0,0,0,0,0,0,0,0,0,0,0,0,0,0,0,12,1,0,nan,nan,nan,nan,nan,0
8.51,3800,250,-12,0,0,0,0,-0,0,0,0,0,0,0,0,0,0,0,0,0,0,0,0,0,0,0,12,1,0,nan,nan,nan,nan,nan,0
8.515,3800,250,-12,0,0,0,0,-0,0,0,0,0,0,0,0,0,0,0,0,0,0,0,0,0,0,0,12,1,0,nan,nan,nan,nan,nan,0
8.52,3800,250,-12,0,0,0,0,-0,0,0,0,0,0,0,0,0,0,0,0,0,0,0,0,0,0,0,12,1,0,nan,nan,nan,nan,nan,0
8.525,3800,250,-12,0,0,0,0,-0,0,0,0,0,0,0,0,0,0,0,0,0,0,0,0,0,0,0,12,1,0,nan,nan,nan,nan,nan,0
8.53,3800,250,-12,0,0,0,0,-0,0,0,0,0,0,0,0,0,0,0,0,0,0,0,0,0,0,0,12,1,0,nan,nan,nan,nan,nan,0
8.535,3800,250,-12,0,0,0,0,-0,0,0,0,0,0,0,0,0,0,0,0,0,0,0,0,0,0,0,12,1,0,nan,nan,nan,nan,nan,0
8.54,3800,250,-12,0,0,0,0,-0,0,0,0,0,0,0,0,0,0,0,0,0,0,0,0,0,0,0,12,1,0,nan,nan,nan,nan,nan,0
8.545,3800,250,-12,0,0,0,0,-0,0,0,0,0,0,0,0,0,0,0,0,0,0,0,0,0,0,0,12,1,0,nan,nan,nan,nan,nan,0
8.55,3800,250,-12,0,0,0,0,-0,0,0,0,0,0,0,0,0,0,0,0,0,0,0,0,0,0,0,12,1,0,nan,nan,nan,nan,nan,0
8.555,3800,250,-12,0,0,0,0,-0,0,0,0,0,0,0,0,0,0,0,0,0,0,0,0,0,0,0,12,1,0,nan,nan,nan,nan,nan,0
8.56,3800,250,-12,0,0,0,0,-0,0,0,0,0,0,0,0,0,0,0,0,0,0,0,0,0,0,0,12,1,0,nan,nan,nan,nan,nan,0
8.565,3800,250,-12,0,0,0,0,-0,0,0,0,0,0,0,0,0,0,0,0,0,0,0,0,0,0,0,12,1,0,nan,nan,nan,nan,nan,0
8.57,3800,250,-12,0,0,0,0,-0,0,0,0,0,0,0,0,0,0,0,0,0,0,0,0,0,0,0,12,1,0,nan,nan,nan,nan,nan,0
8.575,3800,250,-12,0,0,0,0,-0,0,0,0,0,0,0,0,0,0,0,0,0,0,0,0,0,0,0,12,1,0,nan,nan,nan,nan,nan,0
8.58,3800,250,-12,0,0,0,0,-0,0,0,0,0,0,0,0,0,0,0,0,0,0,0,0,0,0,0,12,1,0,nan,nan,nan,nan,nan,0
8.585,3800,250,-12,0,0,0,0,-0,0,0,0,0,0,0,0,0,0,0,0,0,0,0,0,0,0,0,12,1,0,nan,nan,nan,nan,nan,0
8.59,3800,250,-12,0,0,0,0,-0,0,0,0,0,0,0,0,0,0,0,0,0,0,0,0,0,0,0,12,1,0,nan,nan,nan,nan,nan,0
8.595,3800,250,-12,0,0,0,0,-0,0,0,0,0,0,0,0,0,0,0,0,0,0,0,0,0,0,0,12,1,0,nan,nan,nan,nan,nan,0
8.6,3800,250,-12,0,0,0,0,-0,0,0,0,0,0,0,0,0,0,0,0,0,0,0,0,0,0,0,12,1,0,nan,nan,nan,nan,nan,0
8.605,3800,250,-12,0,0,0,0,-0,0,0,0,0,0,0,0,0,0,0,0,0,0,0,0,0,0,0,12,1,0,nan,nan,nan,nan,nan,0
8.61,3800,250,-12,0,0,0,0,-0,0,0,0,0,0,0,0,0,0,0,0,0,0,0,0,0,0,0,12,1,0,nan,nan,nan,nan,nan,0
8.615,3800,250,-12,0,0,0,0,-0,0,0,0,0,0,0,0,0,0,0,0,0,0,0,0,0,0,0,12,1,0,nan,nan,nan,nan,nan,0
8.62,3800,250,-12,0,0,0,0,-0,0,0,0,0,0,0,0,0,0,0,0,0,0,0,0,0,0,0,12,1,0,nan,nan,nan,nan,nan,0
8.625,3800,250,-12,0,0,0,0,-0,0,0,0,0,0,0,0,0,0,0,0,0,0,0,0,0,0,0,12,1,0,nan,nan,nan,nan,nan,0
8.63,3800,250,-12,0,0,0,0,-0,0,0,0,0,0,0,0,0,0,0,0,0,0,0,0,0,0,0,12,1,0,nan,nan,nan,nan,nan,0
8.635,3800,250,-12,0,0,0,0,-0,0,0,0,0,0,0,0,0,0,0,0,0,0,0,0,0,0,0,12,1,0,nan,nan,nan,nan,nan,0
8.64,3800,250,-12,0,0,0,0,-0,0,0,0,0,0,0,0,0,0,0,0,0,0,0,0,0,0,0,12,1,0,nan,nan,nan,nan,nan,0
8.645,3800,250,-12,0,0,0,0,-0,0,0,0,0,0,0,0,0,0,0,0,0,0,0,0,0,0,0,12,1,0,nan,nan,nan,nan,nan,0
8.65,3800,250,-12,0,0,0,0,-0,0,0,0,0,0,0,0,0,0,0,0,0,0,0,0,0,0,0,12,1,0,nan,nan,nan,nan,nan,0
8.655,3800,250,-12,0,0,0,0,-0,0,0,0,0,0,0,0,0,0,0,0,0,0,0,0,0,0,0,12,1,0,nan,nan,nan,nan,nan,0
8.66,3800,250,-12,0,0,0,0,-0,0,0,0,0,0,0,0,0,0,0,0,0,0,0,0,0,0,0,12,1,0,nan,nan,nan,nan,nan,0
8.665,3800,250,-12,0,0,0,0,-0,0,0,0,0,0,0,0,0,0,0,0,0,0,0,0,0,0,0,12,1,0,nan,nan,nan,nan,nan,0
8.67,3800,250,-12,0,0,0,0,-0,0,0,0,0,0,0,0,0,0,0,0,0,0,0,0,0,0,0,12,1,0,nan,nan,nan,nan,nan,0
8.675,3800,250,-12,0,0,0,0,-0,0,0,0,0,0,0,0,0,0,0,0,0,0,0,0,0,0,0,12,1,0,nan,nan,nan,nan,nan,0
8.68,3800,250,-12,0,0,0,0,-0,0,0,0,0,0,0,0,0,0,0,0,0,0,0,0,0,0,0,12,1,0,nan,nan,nan,nan,nan,0
8.685,3800,250,-12,0,0,0,0,-0,0,0,0,0,0,0,0,0,0,0,0,0,0,0,0,0,0,0,12,1,0,nan,nan,nan,nan,nan,0
8.69,3800,250,-12,0,0,0,0,-0,0,0,0,0,0,0,0,0,0,0,0,0,0,0,0,0,0,0,12,1,0,nan,nan,nan,nan,nan,0
8.695,3800,250,-12,0,0,0,0,-0,0,0,0,0,0,0,0,0,0,0,0,0,0,0,0,0,0,0,12,1,0,nan,nan,nan,nan,nan,0
8.7,3800,250,-12,0,0,0,0,-0,0,0,0,0,0,0,0,0,0,0,0,0,0,0,0,0,0,0,12,1,0,nan,nan,nan,nan,nan,0
8.705,3800,250,-12,0,0,0,0,-0,0,0,0,0,0,0,0,0,0,0,0,0,0,0,0,0,0,0,12,1,0,nan,nan,nan,nan,nan,0
8.71,3800,250,-12,0,0,0,0,-0,0,0,0,0,0,0,0,0,0,0,0,0,0,0,0,0,0,0,12,1,0,nan,nan,nan,nan,nan,0
8.715,3800,250,-12,0,0,0,0,-0,0,0,0,0,0,0,0,0,0,0,0,0,0,0,0,0,0,0,12,1,0,nan,nan,nan,nan,nan,0
8.72,3800,250,-12,0,0,0,0,-0,0,0,0,0,0,0,0,0,0,0,0,0,0,0,0,0,0,0,12,1,0,nan,nan,nan,nan,nan,0
8.725,3800,250,-12,0,0,0,0,-0,0,0,0,0,0,0,0,0,0,0,0,0,0,0,0,0,0,0,12,1,0,nan,nan,nan,nan,nan,0
8.73,3800,250,-12,0,0,0,0,-0,0,0,0,0,0,0,0,0,0,0,0,0,0,0,0,0,0,0,12,1,0,nan,nan,nan,nan,nan,0
8.735,3800,250,-12,0,0,0,0,-0,0,0,0,0,0,0,0,0,0,0,0,0,0,0,0,0,0,0,12,1,0,nan,nan,nan,nan,nan,0
8.74,3800,250,-12,0,0,0,0,-0,0,0,0,0,0,0,0,0,0,0,0,0,0,0,0,0,0,0,12,1,0,nan,nan,nan,nan,nan,0
8.745,3800,250,-12,0,0,0,0,-0,0,0,0,0,0,0,0,0,0,0,0,0,0,0,0,0,0,0,12,1,0,nan,nan,nan,nan,nan,0
8.75,3800,250,-12,0,0,0,0,-0,0,0,0,0,0,0,0,0,0,0,0,0,0,0,0,0,0,0,12,1,0,nan,nan,nan,nan,nan,0
8.755,3800,250,-12,0,0,0,0,-0,0,0,0,0,0,0,0,0,0,0,0,0,0,0,0,0,0,0,12,1,0,nan,nan,nan,nan,nan,0
8.76,3800,250,-12,0,0,0,0,-0,0,0,0,0,0,0,0,0,0,0,0,0,0,0,0,0,0,0,12,1,0,nan,nan,nan,nan,nan,0
8.765,3800,250,-12,0,0,0,0,-0,0,0,0,0,0,0,0,0,0,0,0,0,0,0,0,0,0,0,12,1,0,nan,nan,nan,nan,nan,0
8.77,3800,250,-12,0,0,0,0,-0,0,0,0,0,0,0,0,0,0,0,0,0,0,0,0,0,0,0,12,1,0,nan,nan,nan,nan,nan,0
8.775,3800,250,-12,0,0,0,0,-0,0,0,0,0,0,0,0,0,0,0,0,0,0,0,0,0,0,0,12,1,0,nan,nan,nan,nan,nan,0
8.78,3800,250,-12,0,0,0,0,-0,0,0,0,0,0,0,0,0,0,0,0,0,0,0,0,0,0,0,12,1,0,nan,nan,nan,nan,nan,0
8.785,3800,250,-12,0,0,0,0,-0,0,0,0,0,0,0,0,0,0,0,0,0,0,0,0,0,0,0,12,1,0,nan,nan,nan,nan,nan,0
8.79,3800,250,-12,0,0,0,0,-0,0,0,0,0,0,0,0,0,0,0,0,0,0,0,0,0,0,0,12,1,0,nan,nan,nan,nan,nan,0
8.795,3800,250,-12,0,0,0,0,-0,0,0,0,0,0,0,0,0,0,0,0,0,0,0,0,0,0,0,12,1,0,nan,nan,nan,nan,nan,0
8.8,3800,250,-12,0,0,0,0,-0,0,0,0,0,0,0,0,0,0,0,0,0,0,0,0,0,0,0,12,1,0,nan,nan,nan,nan,nan,0
8.805,3800,250,-12,0,0,0,0,-0,0,0,0,0,0,0,0,0,0,0,0,0,0,0,0,0,0,0,12,1,0,nan,nan,nan,nan,nan,0
8.81,3800,250,-12,0,0,0,0,-0,0,0,0,0,0,0,0,0,0,0,0,0,0,0,0,0,0,0,12,1,0,nan,nan,nan,nan,nan,0
8.815,3800,250,-12,0,0,0,0,-0,0,0,0,0,0,0,0,0,0,0,0,0,0,0,0,0,0,0,12,1,0,nan,nan,nan,nan,nan,0
8.82,3800,250,-12,0,0,0,0,-0,0,0,0,0,0,0,0,0,0,0,0,0,0,0,0,0,0,0,12,1,0,nan,nan,nan,nan,nan,0
8.825,3800,250,-12,0,0,0,0,-0,0,0,0,0,0,0,0,0,0,0,0,0,0,0,0,0,0,0,12,1,0,nan,nan,nan,nan,nan,0
8.83,3800,250,-12,0,0,0,0,-0,0,0,0,0,0,0,0,0,0,0,0,0,0,0,0,0,0,0,12,1,0,nan,nan,nan,nan,nan,0
8.835,3800,250,-12,0,0,0,0,-0,0,0,0,0,0,0,0,0,0,0,0,0,0,0,0,0,0,0,12,1,0,nan,nan,nan,nan,nan,0
8.84,3800,250,-12,0,0,0,0,-0,0,0,0,0,0,0,0,0,0,0,0,0,0,0,0,0,0,0,12,1,0,nan,nan,nan,nan,nan,0
8.845,3800,250,-12,0,0,0,0,-0,0,0,0,0,0,0,0,0,0,0,0,0,0,0,0,0,0,0,12,1,0,nan,nan,nan,nan,nan,0
8.85,3800,250,-12,0,0,0,0,-0,0,0,0,0,0,0,0,0,0,0,0,0,0,0,0,0,0,0,12,1,0,nan,nan,nan,nan,nan,0
8.855,3800,250,-12,0,0,0,0,-0,0,0,0,0,0,0,0,0,0,0,0,0,0,0,0,0,0,0,12,1,0,nan,nan,nan,nan,nan,0
8.86,3800,250,-12,0,0,0,0,-0,0,0,0,0,0,0,0,0,0,0,0,0,0,0,0,0,0,0,12,1,0,nan,nan,nan,nan,nan,0
8.865,3800,250,-12,0,0,0,0,-0,0,0,0,0,0,0,0,0,0,0,0,0,0,0,0,0,0,0,12,1,0,nan,nan,nan,nan,nan,0
8.87,3800,250,-12,0,0,0,0,-0,0,0,0,0,0,0,0,0,0,0,0,0,0,0,0,0,0,0,12,1,0,nan,nan,nan,nan,nan,0
8.875,3800,250,-12,0,0,0,0,-0,0,0,0,0,0,0,0,0,0,0,0,0,0,0,0,0,0,0,12,1,0,nan,nan,nan,nan,nan,0
8.88,3800,250,-12,0,0,0,0,-0,0,0,0,0,0,0,0,0,0,0,0,0,0,0,0,0,0,0,12,1,0,nan,nan,nan,nan,nan,0
8.885,3800,250,-12,0,0,0,0,-0,0,0,0,0,0,0,0,0,0,0,0,0,0,0,0,0,0,0,12,1,0,nan,nan,nan,nan,nan,0
8.89,3800,250,-12,0,0,0,0,-0,0,0,0,0,0,0,0,0,0,0,0,0,0,0,0,0,0,0,12,1,0,nan,nan,nan,nan,nan,0
8.895,3800,250,-12,0,0,0,0,-0,0,0,0,0,0,0,0,0,0,0,0,0,0,0,0,0,0,0,12,1,0,nan,nan,nan,nan,nan,0
8.9,3800,250,-12,0,0,0,0,-0,0,0,0,0,0,0,0,0,0,0,0,0,0,0,0,0,0,0,12,1,0,nan,nan,nan,nan,nan,0
8.905,3800,250,-12,0,0,0,0,-0,0,0,0,0,0,0,0,0,0,0,0,0,0,0,0,0,0,0,12,1,0,nan,nan,nan,nan,nan,0
8.91,3800,250,-12,0,0,0,0,-0,0,0,0,0,0,0,0,0,0,0,0,0,0,0,0,0,0,0,12,1,0,nan,nan,nan,nan,nan,0
8.915,3800,250,-12,0,0,0,0,-0,0,0,0,0,0,0,0,0,0,0,0,0,0,0,0,0,0,0,12,1,0,nan,nan,nan,nan,nan,0
8.92,3800,250,-12,0,0,0,0,-0,0,0,0,0,0,0,0,0,0,0,0,0,0,0,0,0,0,0,12,1,0,nan,nan,nan,nan,nan,0
8.925,3800,250,-12,0,0,0,0,-0,0,0,0,0,0,0,0,0,0,0,0,0,0,0,0,0,0,0,12,1,0,nan,nan,nan,nan,nan,0
8.93,3800,250,-12,0,0,0,0,-0,0,0,0,0,0,0,0,0,0,0,0,0,0,0,0,0,0,0,12,1,0,nan,nan,nan,nan,nan,0
8.935,3800,250,-12,0,0,0,0,-0,0,0,0,0,0,0,0,0,0,0,0,0,0,0,0,0,0,0,12,1,0,nan,nan,nan,nan,nan,0
8.94,3800,250,-12,0,0,0,0,-0,0,0,0,0,0,0,0,0,0,0,0,0,0,0,0,0,0,0,12,1,0,nan,nan,nan,nan,nan,0
8.945,3800,250,-12,0,0,0,0,-0,0,0,0,0,0,0,0,0,0,0,0,0,0,0,0,0,0,0,12,1,0,nan,nan,nan,nan,nan,0
8.95,3800,250,-12,0,0,0,0,-0,0,0,0,0,0,0,0,0,0,0,0,0,0,0,0,0,0,0,12,1,0,nan,nan,nan,nan,nan,0
8.955,3800,250,-12,0,0,0,0,-0,0,0,0,0,0,0,0,0,0,0,0,0,0,0,0,0,0,0,12,1,0,nan,nan,nan,nan,nan,0
8.96,3800,250,-12,0,0,0,0,-0,0,0,0,0,0,0,0,0,0,0,0,0,0,0,0,0,0,0,12,1,0,nan,nan,nan,nan,nan,0
8.965,3800,250,-12,0,0,0,0,-0,0,0,0,0,0,0,0,0,0,0,0,0,0,0,0,0,0,0,12,1,0,nan,nan,nan,nan,nan,0
8.97,3800,250,-12,0,0,0,0,-0,0,0,0,0,0,0,0,0,0,0,0,0,0,0,0,0,0,0,12,1,0,nan,nan,nan,nan,nan,0
8.975,3800,250,-12,0,0,0,0,-0,0,0,0,0,0,0,0,0,0,0,0,0,0,0,0,0,0,0,12,1,0,nan,nan,nan,nan,nan,0
8.98,3800,250,-12,0,0,0,0,-0,0,0,0,0,0,0,0,0,0,0,0,0,0,0,0,0,0,0,12,1,0,nan,nan,nan,nan,nan,0
8.985,3800,250,-12,0,0,0,0,-0,0,0,0,0,0,0,0,0,0,0,0,0,0,0,0,0,0,0,12,1,0,nan,nan,nan,nan,nan,0
8.99,3800,250,-12,0,0,0,0,-0,0,0,0,0,0,0,0,0,0,0,0,0,0,0,0,0,0,0,12,1,0,nan,nan,nan,nan,nan,0
8.995,3800,250,-12,0,0,0,0,-0,0,0,0,0,0,0,0,0,0,0,0,0,0,0,0,0,0,0,12,1,0,nan,nan,nan,nan,nan,0
9,3800,250,-12,0,0,0,0,-0,0,0,0,0,0,0,0,0,0,0,0,0,0,0,0,0,0,0,12,1,0,nan,nan,nan,nan,nan,0
9.005,3800,250,-12,0,0,0,0,-0,0,0,0,0,0,0,0,0,0,0,0,0,0,0,0,0,0,0,12,1,0,nan,nan,nan,nan,nan,0
9.01,3800,250,-12,0,0,0,0,-0,0,0,0,0,0,0,0,0,0,0,0,0,0,0,0,0,0,0,12,1,0,nan,nan,nan,nan,nan,0
9.015,3800,250,-12,0,0,0,0,-0,0,0,0,0,0,0,0,0,0,0,0,0,0,0,0,0,0,0,12,1,0,nan,nan,nan,nan,nan,0
9.02,3800,250,-12,0,0,0,0,-0,0,0,0,0,0,0,0,0,0,0,0,0,0,0,0,0,0,0,12,1,0,nan,nan,nan,nan,nan,0
9.025,3800,250,-12,0,0,0,0,-0,0,0,0,0,0,0,0,0,0,0,0,0,0,0,0,0,0,0,12,1,0,nan,nan,nan,nan,nan,0
9.03,3800,250,-12,0,0,0,0,-0,0,0,0,0,0,0,0,0,0,0,0,0,0,0,0,0,0,0,12,1,0,nan,nan,nan,nan,nan,0
9.035,3800,250,-12,0,0,0,0,-0,0,0,0,0,0,0,0,0,0,0,0,0,0,0,0,0,0,0,12,1,0,nan,nan,nan,nan,nan,0
9.04,3800,250,-12,0,0,0,0,-0,0,0,0,0,0,0,0,0,0,0,0,0,0,0,0,0,0,0,12,1,0,nan,nan,nan,nan,nan,0
9.045,3800,250,-12,0,0,0,0,-0,0,0,0,0,0,0,0,0,0,0,0,0,0,0,0,0,0,0,12,1,0,nan,nan,nan,nan,nan,0
9.05,3800,250,-12,0,0,0,0,-0,0,0,0,0,0,0,0,0,0,0,0,0,0,0,0,0,0,0,12,1,0,nan,nan,nan,nan,nan,0
9.055,3800,250,-12,0,0,0,0,-0,0,0,0,0,0,0,0,0,0,0,0,0,0,0,0,0,0,0,12,1,0,nan,nan,nan,nan,nan,0
9.06,3800,250,-12,0,0,0,0,-0,0,0,0,0,0,0,0,0,0,0,0,0,0,0,0,0,0,0,12,1,0,nan,nan,nan,nan,nan,0
9.065,3800,250,-12,0,0,0,0,-0,0,0,0,0,0,0,0,0,0,0,0,0,0,0,0,0,0,0,12,1,0,nan,nan,nan,nan,nan,0
9.07,3800,250,-12,0,0,0,0,-0,0,0,0,0,0,0,0,0,0,0,0,0,0,0,0,0,0,0,12,1,0,nan,nan,nan,nan,nan,0
9.075,3800,250,-12,0,0,0,0,-0,0,0,0,0,0,0,0,0,0,0,0,0,0,0,0,0,0,0,12,1,0,nan,nan,nan,nan,nan,0
9.08,3800,250,-12,0,0,0,0,-0,0,0,0,0,0,0,0,0,0,0,0,0,0,0,0,0,0,0,12,1,0,nan,nan,nan,nan,nan,0
9.085,3800,250,-12,0,0,0,0,-0,0,0,0,0,0,0,0,0,0,0,0,0,0,0,0,0,0,0,12,1,0,nan,nan,nan,nan,nan,0
9.09,3800,250,-12,0,0,0,0,-0,0,0,0,0,0,0,0,0,0,0,0,0,0,0,0,0,0,0,12,1,0,nan,nan,nan,nan,nan,0
9.095,3800,250,-12,0,0,0,0,-0,0,0,0,0,0,0,0,0,0,0,0,0,0,0,0,0,0,0,12,1,0,nan,nan,nan,nan,nan,0
9.1,3800,250,-12,0,0,0,0,-0,0,0,0,0,0,0,0,0,0,0,0,0,0,0,0,0,0,0,12,1,0,nan,nan,nan,nan,nan,0
9.105,3800,250,-12,0,0,0,0,-0,0,0,0,0,0,0,0,0,0,0,0,0,0,0,0,0,0,0,12,1,0,nan,nan,nan,nan,nan,0
9.11,3800,250,-12,0,0,0,0,-0,0,0,0,0,0,0,0,0,0,0,0,0,0,0,0,0,0,0,12,1,0,nan,nan,nan,nan,nan,0
9.115,3800,250,-12,0,0,0,0,-0,0,0,0,0,0,0,0,0,0,0,0,0,0,0,0,0,0,0,12,1,0,nan,nan,nan,nan,nan,0
9.12,3800,250,-12,0,0,0,0,-0,0,0,0,0,0,0,0,0,0,0,0,0,0,0,0,0,0,0,12,1,0,nan,nan,nan,nan,nan,0
9.125,3800,250,-12,0,0,0,0,-0,0,0,0,0,0,0,0,0,0,0,0,0,0,0,0,0,0,0,12,1,0,nan,nan,nan,nan,nan,0
9.13,3800,250,-12,0,0,0,0,-0,0,0,0,0,0,0,0,0,0,0,0,0,0,0,0,0,0,0,12,1,0,nan,nan,nan,nan,nan,0
9.135,3800,250,-12,0,0,0,0,-0,0,0,0,0,0,0,0,0,0,0,0,0,0,0,0,0,0,0,12,1,0,nan,nan,nan,nan,nan,0
9.14,3800,250,-12,0,0,0,0,-0,0,0,0,0,0,0,0,0,0,0,0,0,0,0,0,0,0,0,12,1,0,nan,nan,nan,nan,nan,0
9.145,3800,250,-12,0,0,0,0,-0,0,0,0,0,0,0,0,0,0,0,0,0,0,0,0,0,0,0,12,1,0,nan,nan,nan,nan,nan,0
9.15,3800,250,-12,0,0,0,0,-0,0,0,0,0,0,0,0,0,0,0,0,0,0,0,0,0,0,0,12,1,0,nan,nan,nan,nan,nan,0
9.155,3800,250,-12,0,0,0,0,-0,0,0,0,0,0,0,0,0,0,0,0,0,0,0,0,0,0,0,12,1,0,nan,nan,nan,nan,nan,0
9.16,3800,250,-12,0,0,0,0,-0,0,0,0,0,0,0,0,0,0,0,0,0,0,0,0,0,0,0,12,1,0,nan,nan,nan,nan,nan,0
9.165,3800,250,-12,0,0,0,0,-0,0,0,0,0,0,0,0,0,0,0,0,0,0,0,0,0,0,0,12,1,0,nan,nan,nan,nan,nan,0
9.17,3800,250,-12,0,0,0,0,-0,0,0,0,0,0,0,0,0,0,0,0,0,0,0,0,0,0,0,12,1,0,nan,nan,nan,nan,nan,0
9.175,3800,250,-12,0,0,0,0,-0,0,0,0,0,0,0,0,0,0,0,0,0,0,0,0,0,0,0,12,1,0,nan,nan,nan,nan,nan,0
9.18,3800,250,-12,0,0,0,0,-0,0,0,0,0,0,0,0,0,0,0,0,0,0,0,0,0,0,0,12,1,0,nan,nan,nan,nan,nan,0
9.185,3800,250,-12,0,0,0,0,-0,0,0,0,0,0,0,0,0,0,0,0,0,0,0,0,0,0,0,12,1,0,nan,nan,nan,nan,nan,0
9.19,3800,250,-12,0,0,0,0,-0,0,0,0,0,0,0,0,0,0,0,0,0,0,0,0,0,0,0,12,1,0,nan,nan,nan,nan,nan,0
9.195,3800,250,-12,0,0,0,0,-0,0,0,0,0,0,0,0,0,0,0,0,0,0,0,0,0,0,0,12,1,0,nan,nan,nan,nan,nan,0
9.2,3800,250,-12,0,0,0,0,-0,0,0,0,0,0,0,0,0,0,0,0,0,0,0,0,0,0,0,12,1,0,nan,nan,nan,nan,nan,0
9.205,3800,250,-12,0,0,0,0,-0,0,0,0,0,0,0,0,0,0,0,0,0,0,0,0,0,0,0,12,1,0,nan,nan,nan,nan,nan,0
9.21,3800,250,-12,0,0,0,0,-0,0,0,0,0,0,0,0,0,0,0,0,0,0,0,0,0,0,0,12,1,0,nan,nan,nan,nan,nan,0
9.215,3800,250,-12,0,0,0,0,-0,0,0,0,0,0,0,0,0,0,0,0,0,0,0,0,0,0,0,12,1,0,nan,nan,nan,nan,nan,0
9.22,3800,250,-12,0,0,0,0,-0,0,0,0,0,0,0,0,0,0,0,0,0,0,0,0,0,0,0,12,1,0,nan,nan,nan,nan,nan,0
9.225,3800,250,-12,0,0,0,0,-0,0,0,0,0,0,0,0,0,0,0,0,0,0,0,0,0,0,0,12,1,0,nan,nan,nan,nan,nan,0
9.23,3800,250,-12,0,0,0,0,-0,0,0,0,0,0,0,0,0,0,0,0,0,0,0,0,0,0,0,12,1,0,nan,nan,nan,nan,nan,0
9.235,3800,250,-12,0,0,0,0,-0,0,0,0,0,0,0,0,0,0,0,0,0,0,0,0,0,0,0,12,1,0,nan,nan,nan,nan,nan,0
9.24,3800,250,-12,0,0,0,0,-0,0,0,0,0,0,0,0,0,0,0,0,0,0,0,0,0,0,0,12,1,0,nan,nan,nan,nan,nan,0
9.245,3800,250,-12,0,0,0,0,-0,0,0,0,0,0,0,0,0,0,0,0,0,0,0,0,0,0,0,12,1,0,nan,nan,nan,nan,nan,0
9.25,3800,250,-12,0,0,0,0,-0,0,0,0,0,0,0,0,0,0,0,0,0,0,0,0,0,0,0,12,1,0,nan,nan,nan,nan,nan,0
9.255,3800,250,-12,0,0,0,0,-0,0,0,0,0,0,0,0,0,0,0,0,0,0,0,0,0,0,0,12,1,0,nan,nan,nan,nan,nan,0
9.26,3800,250,-12,0,0,0,0,-0,0,0,0,0,0,0,0,0,0,0,0,0,0,0,0,0,0,0,12,1,0,nan,nan,nan,nan,nan,0
9.265,3800,250,-12,0,0,0,0,-0,0,0,0,0,0,0,0,0,0,0,0,0,0,0,0,0,0,0,12,1,0,nan,nan,nan,nan,nan,0
9.27,3800,250,-12,0,0,0,0,-0,0,0,0,0,0,0,0,0,0,0,0,0,0,0,0,0,0,0,12,1,0,nan,nan,nan,nan,nan,0
9.275,3800,250,-12,0,0,0,0,-0,0,0,0,0,0,0,0,0,0,0,0,0,0,0,0,0,0,0,12,1,0,nan,nan,nan,nan,nan,0
9.28,3800,250,-12,0,0,0,0,-0,0,0,0,0,0,0,0,0,0,0,0,0,0,0,0,0,0,0,12,1,0,nan,nan,nan,nan,nan,0
9.285,3800,250,-12,0,0,0,0,-0,0,0,0,0,0,0,0,0,0,0,0,0,0,0,0,0,0,0,12,1,0,nan,nan,nan,nan,nan,0
9.29,3800,250,-12,0,0,0,0,-0,0,0,0,0,0,0,0,0,0,0,0,0,0,0,0,0,0,0,12,1,0,nan,nan,nan,nan,nan,0
9.295,3800,250,-12,0,0,0,0,-0,0,0,0,0,0,0,0,0,0,0,0,0,0,0,0,0,0,0,12,1,0,nan,nan,nan,nan,nan,0
9.3,3800,250,-12,0,0,0,0,-0,0,0,0,0,0,0,0,0,0,0,0,0,0,0,0,0,0,0,12,1,0,nan,nan,nan,nan,nan,0
9.305,3800,250,-12,0,0,0,0,-0,0,0,0,0,0,0,0,0,0,0,0,0,0,0,0,0,0,0,12,1,0,nan,nan,nan,nan,nan,0
9.31,3800,250,-12,0,0,0,0,-0,0,0,0,0,0,0,0,0,0,0,0,0,0,0,0,0,0,0,12,1,0,nan,nan,nan,nan,nan,0
9.315,3800,250,-12,0,0,0,0,-0,0,0,0,0,0,0,0,0,0,0,0,0,0,0,0,0,0,0,12,1,0,nan,nan,nan,nan,nan,0
9.32,3800,250,-12,0,0,0,0,-0,0,0,0,0,0,0,0,0,0,0,0,0,0,0,0,0,0,0,12,1,0,nan,nan,nan,nan,nan,0
9.325,3800,250,-12,0,0,0,0,-0,0,0,0,0,0,0,0,0,0,0,0,0,0,0,0,0,0,0,12,1,0,nan,nan,nan,nan,nan,0
9.33,3800,250,-12,0,0,0,0,-0,0,0,0,0,0,0,0,0,0,0,0,0,0,0,0,0,0,0,12,1,0,nan,nan,nan,nan,nan,0
9.335,3800,250,-12,0,0,0,0,-0,0,0,0,0,0,0,0,0,0,0,0,0,0,0,0,0,0,0,12,1,0,nan,nan,nan,nan,nan,0
9.34,3800,250,-12,0,0,0,0,-0,0,0,0,0,0,0,0,0,0,0,0,0,0,0,0,0,0,0,12,1,0,nan,nan,nan,nan,nan,0
9.345,3800,250,-12,0,0,0,0,-0,0,0,0,0,0,0,0,0,0,0,0,0,0,0,0,0,0,0,12,1,0,nan,nan,nan,nan,nan,0
9.35,3800,250,-12,0,0,0,0,-0,0,0,0,0,0,0,0,0,0,0,0,0,0,0,0,0,0,0,12,1,0,nan,nan,nan,nan,nan,0
9.355,3800,250,-12,0,0,0,0,-0,0,0,0,0,0,0,0,0,0,0,0,0,0,0,0,0,0,0,12,1,0,nan,nan,nan,nan,nan,0
9.36,3800,250,-12,0,0,0,0,-0,0,0,0,0,0,0,0,0,0,0,0,0,0,0,0,0,0,0,12,1,0,nan,nan,nan,nan,nan,0
9.365,3800,250,-12,0,0,0,0,-0,0,0,0,0,0,0,0,0,0,0,0,0,0,0,0,0,0,0,12,1,0,nan,nan,nan,nan,nan,0
9.37,3800,250,-12,0,0,0,0,-0,0,0,0,0,0,0,0,0,0,0,0,0,0,0,0,0,0,0,12,1,0,nan,nan,nan,nan,nan,0
9.375,3800,250,-12,0,0,0,0,-0,0,0,0,0,0,0,0,0,0,0,0,0,0,0,0,0,0,0,12,1,0,nan,nan,nan,nan,nan,0
9.38,3800,250,-12,0,0,0,0,-0,0,0,0,0,0,0,0,0,0,0,0,0,0,0,0,0,0,0,12,1,0,nan,nan,nan,nan,nan,0
9.385,3800,250,-12,0,0,0,0,-0,0,0,0,0,0,0,0,0,0,0,0,0,0,0,0,0,0,0,12,1,0,nan,nan,nan,nan,nan,0
9.39,3800,250,-12,0,0,0,0,-0,0,0,0,0,0,0,0,0,0,0,0,0,0,0,0,0,0,0,12,1,0,nan,nan,nan,nan,nan,0
9.395,3800,250,-12,0,0,0,0,-0,0,0,0,0,0,0,0,0,0,0,0,0,0,0,0,0,0,0,12,1,0,nan,nan,nan,nan,nan,0
9.4,3800,250,-12,0,0,0,0,-0,0,0,0,0,0,0,0,0,0,0,0,0,0,0,0,0,0,0,12,1,0,nan,nan,nan,nan,nan,0
9.405,3800,250,-12,0,0,0,0,-0,0,0,0,0,0,0,0,0,0,0,0,0,0,0,0,0,0,0,12,1,0,nan,nan,nan,nan,nan,0
9.41,3800,250,-12,0,0,0,0,-0,0,0,0,0,0,0,0,0,0,0,0,0,0,0,0,0,0,0,12,1,0,nan,nan,nan,nan,nan,0
9.415,3800,250,-12,0,0,0,0,-0,0,0,0,0,0,0,0,0,0,0,0,0,0,0,0,0,0,0,12,1,0,nan,nan,nan,nan,nan,0
9.42,3800,250,-12,0,0,0,0,-0,0,0,0,0,0,0,0,0,0,0,0,0,0,0,0,0,0,0,12,1,0,nan,nan,nan,nan,nan,0
9.425,3800,250,-12,0,0,0,0,-0,0,0,0,0,0,0,0,0,0,0,0,0,0,0,0,0,0,0,12,1,0,nan,nan,nan,nan,nan,0
9.43,3800,250,-12,0,0,0,0,-0,0,0,0,0,0,0,0,0,0,0,0,0,0,0,0,0,0,0,12,1,0,nan,nan,nan,nan,nan,0
9.435,3800,250,-12,0,0,0,0,-0,0,0,0,0,0,0,0,0,0,0,0,0,0,0,0,0,0,0,12,1,0,nan,nan,nan,nan,nan,0
9.44,3800,250,-12,0,0,0,0,-0,0,0,0,0,0,0,0,0,0,0,0,0,0,0,0,0,0,0,12,1,0,nan,nan,nan,nan,nan,0
9.445,3800,250,-12,0,0,0,0,-0,0,0,0,0,0,0,0,0,0,0,0,0,0,0,0,0,0,0,12,1,0,nan,nan,nan,nan,nan,0
9.45,3800,250,-12,0,0,0,0,-0,0,0,0,0,0,0,0,0,0,0,0,0,0,0,0,0,0,0,12,1,0,nan,nan,nan,nan,nan,0
9.455,3800,250,-12,0,0,0,0,-0,0,0,0,0,0,0,0,0,0,0,0,0,0,0,0,0,0,0,12,1,0,nan,nan,nan,nan,nan,0
9.46,3800,250,-12,0,0,0,0,-0,0,0,0,0,0,0,0,0,0,0,0,0,0,0,0,0,0,0,12,1,0,nan,nan,nan,nan,nan,0
9.465,3800,250,-12,0,0,0,0,-0,0,0,0,0,0,0,0,0,0,0,0,0,0,0,0,0,0,0,12,1,0,nan,nan,nan,nan,nan,0
9.47,3800,250,-12,0,0,0,0,-0,0,0,0,0,0,0,0,0,0,0,0,0,0,0,0,0,0,0,12,1,0,nan,nan,nan,nan,nan,0
9.475,3800,250,-12,0,0,0,0,-0,0,0,0,0,0,0,0,0,0,0,0,0,0,0,0,0,0,0,12,1,0,nan,nan,nan,nan,nan,0
9.48,3800,250,-12,0,0,0,0,-0,0,0,0,0,0,0,0,0,0,0,0,0,0,0,0,0,0,0,12,1,0,nan,nan,nan,nan,nan,0
9.485,3800,250,-12,0,0,0,0,-0,0,0,0,0,0,0,0,0,0,0,0,0,0,0,0,0,0,0,12,1,0,nan,nan,nan,nan,nan,0
9.49,3800,250,-12,0,0,0,0,-0,0,0,0,0,0,0,0,0,0,0,0,0,0,0,0,0,0,0,12,1,0,nan,nan,nan,nan,nan,0
9.495,3800,250,-12,0,0,0,0,-0,0,0,0,0,0,0,0,0,0,0,0,0,0,0,0,0,0,0,12,1,0,nan,nan,nan,nan,nan,0
9.5,3800,250,-12,0,0,0,0,-0,0,0,0,0,0,0,0,0,0,0,0,0,0,0,0,0,0,0,12,1,0,nan,nan,nan,nan,nan,0
9.505,3800,250,-12,0,0,0,0,-0,0,0,0,0,0,0,0,0,0,0,0,0,0,0,0,0,0,0,12,1,0,nan,nan,nan,nan,nan,0
9.51,3800,250,-12,0,0,0,0,-0,0,0,0,0,0,0,0,0,0,0,0,0,0,0,0,0,0,0,12,1,0,nan,nan,nan,nan,nan,0
9.515,3800,250,-12,0,0,0,0,-0,0,0,0,0,0,0,0,0,0,0,0,0,0,0,0,0,0,0,12,1,0,nan,nan,nan,nan,nan,0
9.52,3800,250,-12,0,0,0,0,-0,0,0,0,0,0,0,0,0,0,0,0,0,0,0,0,0,0,0,12,1,0,nan,nan,nan,nan,nan,0
9.525,3800,250,-12,0,0,0,0,-0,0,0,0,0,0,0,0,0,0,0,0,0,0,0,0,0,0,0,12,1,0,nan,nan,nan,nan,nan,0
9.53,3800,250,-12,0,0,0,0,-0,0,0,0,0,0,0,0,0,0,0,0,0,0,0,0,0,0,0,12,1,0,nan,nan,nan,nan,nan,0
9.535,3800,250,-12,0,0,0,0,-0,0,0,0,0,0,0,0,0,0,0,0,0,0,0,0,0,0,0,12,1,0,nan,nan,nan,nan,nan,0
9.54,3800,250,-12,0,0,0,0,-0,0,0,0,0,0,0,0,0,0,0,0,0,0,0,0,0,0,0,12,1,0,nan,nan,nan,nan,nan,0
9.545,3800,250,-12,0,0,0,0,-0,0,0,0,0,0,0,0,0,0,0,0,0,0,0,0,0,0,0,12,1,0,nan,nan,nan,nan,nan,0
9.55,3800,250,-12,0,0,0,0,-0,0,0,0,0,0,0,0,0,0,0,0,0,0,0,0,0,0,0,12,1,0,nan,nan,nan,nan,nan,0
9.555,3800,250,-12,0,0,0,0,-0,0,0,0,0,0,0,0,0,0,0,0,0,0,0,0,0,0,0,12,1,0,nan,nan,nan,nan,nan,0
9.56,3800,250,-12,0,0,0,0,-0,0,0,0,0,0,0,0,0,0,0,0,0,0,0,0,0,0,0,12,1,0,nan,nan,nan,nan,nan,0
9.565,3800,250,-12,0,0,0,0,-0,0,0,0,0,0,0,0,0,0,0,0,0,0,0,0,0,0,0,12,1,0,nan,nan,nan,nan,nan,0
9.57,3800,250,-12,0,0,0,0,-0,0,0,0,0,0,0,0,0,0,0,0,0,0,0,0,0,0,0,12,1,0,nan,nan,nan,nan,nan,0
9.575,3800,250,-12,0,0,0,0,-0,0,0,0,0,0,0,0,0,0,0,0,0,0,0,0,0,0,0,12,1,0,nan,nan,nan,nan,nan,0
9.58,3800,250,-12,0,0,0,0,-0,0,0,0,0,0,0,0,0,0,0,0,0,0,0,0,0,0,0,12,1,0,nan,nan,nan,nan,nan,0
9.585,3800,250,-12,0,0,0,0,-0,0,0,0,0,0,0,0,0,0,0,0,0,0,0,0,0,0,0,12,1,0,nan,nan,nan,nan,nan,0
9.59,3800,250,-12,0,0,0,0,-0,0,0,0,0,0,0,0,0,0,0,0,0,0,0,0,0,0,0,12,1,0,nan,nan,nan,nan,nan,0
9.595,3800,250,-12,0,0,0,0,-0,0,0,0,0,0,0,0,0,0,0,0,0,0,0,0,0,0,0,12,1,0,nan,nan,nan,nan,nan,0
9.6,3800,250,-12,0,0,0,0,-0,0,0,0,0,0,0,0,0,0,0,0,0,0,0,0,0,0,0,12,1,0,nan,nan,nan,nan,nan,0
9.605,3800,250,-12,0,0,0,0,-0,0,0,0,0,0,0,0,0,0,0,0,0,0,0,0,0,0,0,12,1,0,nan,nan,nan,nan,nan,0
9.61,3800,250,-12,0,0,0,0,-0,0,0,0,0,0,0,0,0,0,0,0,0,0,0,0,0,0,0,12,1,0,nan,nan,nan,nan,nan,0
9.615,3800,250,-12,0,0,0,0,-0,0,0,0,0,0,0,0,0,0,0,0,0,0,0,0,0,0,0,12,1,0,nan,nan,nan,nan,nan,0
9.62,3800,250,-12,0,0,0,0,-0,0,0,0,0,0,0,0,0,0,0,0,0,0,0,0,0,0,0,12,1,0,nan,nan,nan,nan,nan,0
9.625,3800,250,-12,0,0,0,0,-0,0,0,0,0,0,0,0,0,0,0,0,0,0,0,0,0,0,0,12,1,0,nan,nan,nan,nan,nan,0
9.63,3800,250,-12,0,0,0,0,-0,0,0,0,0,0,0,0,0,0,0,0,0,0,0,0,0,0,0,12,1,0,nan,nan,nan,nan,nan,0
9.635,3800,250,-12,0,0,0,0,-0,0,0,0,0,0,0,0,0,0,0,0,0,0,0,0,0,0,0,12,1,0,nan,nan,nan,nan,nan,0
9.64,3800,250,-12,0,0,0,0,-0,0,0,0,0,0,0,0,0,0,0,0,0,0,0,0,0,0,0,12,1,0,nan,nan,nan,nan,nan,0
9.645,3800,250,-12,0,0,0,0,-0,0,0,0,0,0,0,0,0,0,0,0,0,0,0,0,0,0,0,12,1,0,nan,nan,nan,nan,nan,0
9.65,3800,250,-12,0,0,0,0,-0,0,0,0,0,0,0,0,0,0,0,0,0,0,0,0,0,0,0,12,1,0,nan,nan,nan,nan,nan,0
9.655,3800,250,-12,0,0,0,0,-0,0,0,0,0,0,0,0,0,0,0,0,0,0,0,0,0,0,0,12,1,0,nan,nan,nan,nan,nan,0
9.66,3800,250,-12,0,0,0,0,-0,0,0,0,0,0,0,0,0,0,0,0,0,0,0,0,0,0,0,12,1,0,nan,nan,nan,nan,nan,0
9.665,3800,250,-12,0,0,0,0,-0,0,0,0,0,0,0,0,0,0,0,0,0,0,0,0,0,0,0,12,1,0,nan,nan,nan,nan,nan,0
9.67,3800,250,-12,0,0,0,0,-0,0,0,0,0,0,0,0,0,0,0,0,0,0,0,0,0,0,0,12,1,0,nan,nan,nan,nan,nan,0
9.675,3800,250,-12,0,0,0,0,-0,0,0,0,0,0,0,0,0,0,0,0,0,0,0,0,0,0,0,12,1,0,nan,nan,nan,nan,nan,0
9.68,3800,250,-12,0,0,0,0,-0,0,0,0,0,0,0,0,0,0,0,0,0,0,0,0,0,0,0,12,1,0,nan,nan,nan,nan,nan,0
9.685,3800,250,-12,0,0,0,0,-0,0,0,0,0,0,0,0,0,0,0,0,0,0,0,0,0,0,0,12,1,0,nan,nan,nan,nan,nan,0
9.69,3800,250,-12,0,0,0,0,-0,0,0,0,0,0,0,0,0,0,0,0,0,0,0,0,0,0,0,12,1,0,nan,nan,nan,nan,nan,0
9.695,3800,250,-12,0,0,0,0,-0,0,0,0,0,0,0,0,0,0,0,0,0,0,0,0,0,0,0,12,1,0,nan,nan,nan,nan,nan,0
9.7,3800,250,-12,0,0,0,0,-0,0,0,0,0,0,0,0,0,0,0,0,0,0,0,0,0,0,0,12,1,0,nan,nan,nan,nan,nan,0
9.705,3800,250,-12,0,0,0,0,-0,0,0,0,0,0,0,0,0,0,0,0,0,0,0,0,0,0,0,12,1,0,nan,nan,nan,nan,nan,0
9.71,3800,250,-12,0,0,0,0,-0,0,0,0,0,0,0,0,0,0,0,0,0,0,0,0,0,0,0,12,1,0,nan,nan,nan,nan,nan,0
9.715,3800,250,-12,0,0,0,0,-0,0,0,0,0,0,0,0,0,0,0,0,0,0,0,0,0,0,0,12,1,0,nan,nan,nan,nan,nan,0
9.72,3800,250,-12,0,0,0,0,-0,0,0,0,0,0,0,0,0,0,0,0,0,0,0,0,0,0,0,12,1,0,nan,nan,nan,nan,nan,0
9.725,3800,250,-12,0,0,0,0,-0,0,0,0,0,0,0,0,0,0,0,0,0,0,0,0,0,0,0,12,1,0,nan,nan,nan,nan,nan,0
9.73,3800,250,-12,0,0,0,0,-0,0,0,0,0,0,0,0,0,0,0,0,0,0,0,0,0,0,0,12,1,0,nan,nan,nan,nan,nan,0
9.735,3800,250,-12,0,0,0,0,-0,0,0,0,0,0,0,0,0,0,0,0,0,0,0,0,0,0,0,12,1,0,nan,nan,nan,nan,nan,0
9.74,3800,250,-12,0,0,0,0,-0,0,0,0,0,0,0,0,0,0,0,0,0,0,0,0,0,0,0,12,1,0,nan,nan,nan,nan,nan,0
9.745,3800,250,-12,0,0,0,0,-0,0,0,0,0,0,0,0,0,0,0,0,0,0,0,0,0,0,0,12,1,0,nan,nan,nan,nan,nan,0
9.75,3800,250,-12,0,0,0,0,-0,0,0,0,0,0,0,0,0,0,0,0,0,0,0,0,0,0,0,12,1,0,nan,nan,nan,nan,nan,0
9.755,3800,250,-12,0,0,0,0,-0,0,0,0,0,0,0,0,0,0,0,0,0,0,0,0,0,0,0,12,1,0,nan,nan,nan,nan,nan,0
9.76,3800,250,-12,0,0,0,0,-0,0,0,0,0,0,0,0,0,0,0,0,0,0,0,0,0,0,0,12,1,0,nan,nan,nan,nan,nan,0
9.765,3800,250,-12,0,0,0,0,-0,0,0,0,0,0,0,0,0,0,0,0,0,0,0,0,0,0,0,12,1,0,nan,nan,nan,nan,nan,0
9.77,3800,250,-12,0,0,0,0,-0,0,0,0,0,0,0,0,0,0,0,0,0,0,0,0,0,0,0,12,1,0,nan,nan,nan,nan,nan,0
9.775,3800,250,-12,0,0,0,0,-0,0,0,0,0,0,0,0,0,0,0,0,0,0,0,0,0,0,0,12,1,0,nan,nan,nan,nan,nan,0
9.78,3800,250,-12,0,0,0,0,-0,0,0,0,0,0,0,0,0,0,0,0,0,0,0,0,0,0,0,12,1,0,nan,nan,nan,nan,nan,0
9.785,3800,250,-12,0,0,0,0,-0,0,0,0,0,0,0,0,0,0,0,0,0,0,0,0,0,0,0,12,1,0,nan,nan,nan,nan,nan,0
9.79,3800,250,-12,0,0,0,0,-0,0,0,0,0,0,0,0,0,0,0,0,0,0,0,0,0,0,0,12,1,0,nan,nan,nan,nan,nan,0
9.795,3800,250,-12,0,0,0,0,-0,0,0,0,0,0,0,0,0,0,0,0,0,0,0,0,0,0,0,12,1,0,nan,nan,nan,nan,nan,0
9.8,3800,250,-12,0,0,0,0,-0,0,0,0,0,0,0,0,0,0,0,0,0,0,0,0,0,0,0,12,1,0,nan,nan,nan,nan,nan,0
9.805,3800,250,-12,0,0,0,0,-0,0,0,0,0,0,0,0,0,0,0,0,0,0,0,0,0,0,0,12,1,0,nan,nan,nan,nan,nan,0
9.81,3800,250,-12,0,0,0,0,-0,0,0,0,0,0,0,0,0,0,0,0,0,0,0,0,0,0,0,12,1,0,nan,nan,nan,nan,nan,0
9.815,3800,250,-12,0,0,0,0,-0,0,0,0,0,0,0,0,0,0,0,0,0,0,0,0,0,0,0,12,1,0,nan,nan,nan,nan,nan,0
9.82,3800,250,-12,0,0,0,0,-0,0,0,0,0,0,0,0,0,0,0,0,0,0,0,0,0,0,0,12,1,0,nan,nan,nan,nan,nan,0
9.825,3800,250,-12,0,0,0,0,-0,0,0,0,0,0,0,0,0,0,0,0,0,0,0,0,0,0,0,12,1,0,nan,nan,nan,nan,nan,0
9.83,3800,250,-12,0,0,0,0,-0,0,0,0,0,0,0,0,0,0,0,0,0,0,0,0,0,0,0,12,1,0,nan,nan,nan,nan,nan,0
9.835,3800,250,-12,0,0,0,0,-0,0,0,0,0,0,0,0,0,0,0,0,0,0,0,0,0,0,0,12,1,0,nan,nan,nan,nan,nan,0
9.84,3800,250,-12,0,0,0,0,-0,0,0,0,0,0,0,0,0,0,0,0,0,0,0,0,0,0,0,12,1,0,nan,nan,nan,nan,nan,0
9.845,3800,250,-12,0,0,0,0,-0,0,0,0,0,0,0,0,0,0,0,0,0,0,0,0,0,0,0,12,1,0,nan,nan,nan,nan,nan,0
9.85,3800,250,-12,0,0,0,0,-0,0,0,0,0,0,0,0,0,0,0,0,0,0,0,0,0,0,0,12,1,0,nan,nan,nan,nan,nan,0
9.855,3800,250,-12,0,0,0,0,-0,0,0,0,0,0,0,0,0,0,0,0,0,0,0,0,0,0,0,12,1,0,nan,nan,nan,nan,nan,0
9.86,3800,250,-12,0,0,0,0,-0,0,0,0,0,0,0,0,0,0,0,0,0,0,0,0,0,0,0,12,1,0,nan,nan,nan,nan,nan,0
9.865,3800,250,-12,0,0,0,0,-0,0,0,0,0,0,0,0,0,0,0,0,0,0,0,0,0,0,0,12,1,0,nan,nan,nan,nan,nan,0
9.87,3800,250,-12,0,0,0,0,-0,0,0,0,0,0,0,0,0,0,0,0,0,0,0,0,0,0,0,12,1,0,nan,nan,nan,nan,nan,0
9.875,3800,250,-12,0,0,0,0,-0,0,0,0,0,0,0,0,0,0,0,0,0,0,0,0,0,0,0,12,1,0,nan,nan,nan,nan,nan,0
9.88,3800,250,-12,0,0,0,0,-0,0,0,0,0,0,0,0,0,0,0,0,0,0,0,0,0,0,0,12,1,0,nan,nan,nan,nan,nan,0
9.885,3800,250,-12,0,0,0,0,-0,0,0,0,0,0,0,0,0,0,0,0,0,0,0,0,0,0,0,12,1,0,nan,nan,nan,nan,nan,0
9.89,3800,250,-12,0,0,0,0,-0,0,0,0,0,0,0,0,0,0,0,0,0,0,0,0,0,0,0,12,1,0,nan,nan,nan,nan,nan,0
9.895,3800,250,-12,0,0,0,0,-0,0,0,0,0,0,0,0,0,0,0,0,0,0,0,0,0,0,0,12,1,0,nan,nan,nan,nan,nan,0
9.9,3800,250,-12,0,0,0,0,-0,0,0,0,0,0,0,0,0,0,0,0,0,0,0,0,0,0,0,12,1,0,nan,nan,nan,nan,nan,0
9.905,3800,250,-12,0,0,0,0,-0,0,0,0,0,0,0,0,0,0,0,0,0,0,0,0,0,0,0,12,1,0,nan,nan,nan,nan,nan,0
9.91,3800,250,-12,0,0,0,0,-0,0,0,0,0,0,0,0,0,0,0,0,0,0,0,0,0,0,0,12,1,0,nan,nan,nan,nan,nan,0
9.915,3800,250,-12,0,0,0,0,-0,0,0,0,0,0,0,0,0,0,0,0,0,0,0,0,0,0,0,12,1,0,nan,nan,nan,nan,nan,0
9.92,3800,250,-12,0,0,0,0,-0,0,0,0,0,0,0,0,0,0,0,0,0,0,0,0,0,0,0,12,1,0,nan,nan,nan,nan,nan,0
9.925,3800,250,-12,0,0,0,0,-0,0,0,0,0,0,0,0,0,0,0,0,0,0,0,0,0,0,0,12,1,0,nan,nan,nan,nan,nan,0
9.93,3800,250,-12,0,0,0,0,-0,0,0,0,0,0,0,0,0,0,0,0,0,0,0,0,0,0,0,12,1,0,nan,nan,nan,nan,nan,0
9.935,3800,250,-12,0,0,0,0,-0,0,0,0,0,0,0,0,0,0,0,0,0,0,0,0,0,0,0,12,1,0,nan,nan,nan,nan,nan,0
9.94,3800,250,-12,0,0,0,0,-0,0,0,0,0,0,0,0,0,0,0,0,0,0,0,0,0,0,0,12,1,0,nan,nan,nan,nan,nan,0
9.945,3800,250,-12,0,0,0,0,-0,0,0,0,0,0,0,0,0,0,0,0,0,0,0,0,0,0,0,12,1,0,nan,nan,nan,nan,nan,0
9.95,3800,250,-12,0,0,0,0,-0,0,0,0,0,0,0,0,0,0,0,0,0,0,0,0,0,0,0,12,1,0,nan,nan,nan,nan,nan,0
9.955,3800,250,-12,0,0,0,0,-0,0,0,0,0,0,0,0,0,0,0,0,0,0,0,0,0,0,0,12,1,0,nan,nan,nan,nan,nan,0
9.96,3800,250,-12,0,0,0,0,-0,0,0,0,0,0,0,0,0,0,0,0,0,0,0,0,0,0,0,12,1,0,nan,nan,nan,nan,nan,0
9.965,3800,250,-12,0,0,0,0,-0,0,0,0,0,0,0,0,0,0,0,0,0,0,0,0,0,0,0,12,1,0,nan,nan,nan,nan,nan,0
9.97,3800,250,-12,0,0,0,0,-0,0,0,0,0,0,0,0,0,0,0,0,0,0,0,0,0,0,0,12,1,0,nan,nan,nan,nan,nan,0
9.975,3800,250,-12,0,0,0,0,-0,0,0,0,0,0,0,0,0,0,0,0,0,0,0,0,0,0,0,12,1,0,nan,nan,nan,nan,nan,0
9.98,3800,250,-12,0,0,0,0,-0,0,0,0,0,0,0,0,0,0,0,0,0,0,0,0,0,0,0,12,1,0,nan,nan,nan,nan,nan,0
9.985,3800,250,-12,0,0,0,0,-0,0,0,0,0,0,0,0,0,0,0,0,0,0,0,0,0,0,0,12,1,0,nan,nan,nan,nan,nan,0
9.99,3800,250,-12,0,0,0,0,-0,0,0,0,0,0,0,0,0,0,0,0,0,0,0,0,0,0,0,12,1,0,nan,nan,nan,nan,nan,0
9.995,3800,250,-12,0,0,0,0,-0,0,0,0,0,0,0,0,0,0,0,0,0,0,0,0,0,0,0,12,1,0,nan,nan,nan,nan,nan,0
10,3800,250,-12,0,0,0,0,-0,0,0,0,0,0,0,0,0,0,0,0,0,0,0,0,0,0,0,12,1,0,nan,nan,nan,nan,nan,0
10.005,3800,250,-12,0,0,0,0,-0,0,0,0,0,0,0,0,0,0,0,0,0,0,0,0,0,0,0,12,1,0,nan,nan,nan,nan,nan,0
10.01,3800,250,-12,0,0,0,0,-0,0,0,0,0,0,0,0,0,0,0,0,0,0,0,0,0,0,0,12,1,0,nan,nan,nan,nan,nan,0
10.015,3800,250,-12,0,0,0,0,-0,0,0,0,0,0,0,0,0,0,0,0,0,0,0,0,0,0,0,12,1,0,nan,nan,nan,nan,nan,0
10.02,3800,250,-12,0,0,0,0,-0,0,0,0,0,0,0,0,0,0,0,0,0,0,0,0,0,0,0,12,1,0,nan,nan,nan,nan,nan,0
10.025,3800,250,-12,0,0,0,0,-0,0,0,0,0,0,0,0,0,0,0,0,0,0,0,0,0,0,0,12,1,0,nan,nan,nan,nan,nan,0
10.03,3800,250,-12,0,0,0,0,-0,0,0,0,0,0,0,0,0,0,0,0,0,0,0,0,0,0,0,12,1,0,nan,nan,nan,nan,nan,0
10.035,3800,250,-12,0,0,0,0,-0,0,0,0,0,0,0,0,0,0,0,0,0,0,0,0,0,0,0,12,1,0,nan,nan,nan,nan,nan,0
10.04,3800,250,-12,0,0,0,0,-0,0,0,0,0,0,0,0,0,0,0,0,0,0,0,0,0,0,0,12,1,0,nan,nan,nan,nan,nan,0
10.045,3800,250,-12,0,0,0,0,-0,0,0,0,0,0,0,0,0,0,0,0,0,0,0,0,0,0,0,12,1,0,nan,nan,nan,nan,nan,0
10.05,3800,250,-12,0,0,0,0,-0,0,0,0,0,0,0,0,0,0,0,0,0,0,0,0,0,0,0,12,1,0,nan,nan,nan,nan,nan,0
10.055,3800,250,-12,0,0,0,0,-0,0,0,0,0,0,0,0,0,0,0,0,0,0,0,0,0,0,0,12,1,0,nan,nan,nan,nan,nan,0
10.06,3800,250,-12,0,0,0,0,-0,0,0,0,0,0,0,0,0,0,0,0,0,0,0,0,0,0,0,12,1,0,nan,nan,nan,nan,nan,0
10.065,3800,250,-12,0,0,0,0,-0,0,0,0,0,0,0,0,0,0,0,0,0,0,0,0,0,0,0,12,1,0,nan,nan,nan,nan,nan,0
10.07,3800,250,-12,0,0,0,0,-0,0,0,0,0,0,0,0,0,0,0,0,0,0,0,0,0,0,0,12,1,0,nan,nan,nan,nan,nan,0
10.075,3800,250,-12,0,0,0,0,-0,0,0,0,0,0,0,0,0,0,0,0,0,0,0,0,0,0,0,12,1,0,nan,nan,nan,nan,nan,0
10.08,3800,250,-12,0,0,0,0,-0,0,0,0,0,0,0,0,0,0,0,0,0,0,0,0,0,0,0,12,1,0,nan,nan,nan,nan,nan,0
10.085,3800,250,-12,0,0,0,0,-0,0,0,0,0,0,0,0,0,0,0,0,0,0,0,0,0,0,0,12,1,0,nan,nan,nan,nan,nan,0
10.09,3800,250,-12,0,0,0,0,-0,0,0,0,0,0,0,0,0,0,0,0,0,0,0,0,0,0,0,12,1,0,nan,nan,nan,nan,nan,0
10.095,3800,250,-12,0,0,0,0,-0,0,0,0,0,0,0,0,0,0,0,0,0,0,0,0,0,0,0,12,1,0,nan,nan,nan,nan,nan,0
10.1,3800,250,-12,0,0,0,0,-0,0,0,0,0,0,0,0,0,0,0,0,0,0,0,0,0,0,0,12,1,0,nan,nan,nan,nan,nan,0
10.105,3800,250,-12,0,0,0,0,-0,0,0,0,0,0,0,0,0,0,0,0,0,0,0,0,0,0,0,12,1,0,nan,nan,nan,nan,nan,0
10.11,3800,250,-12,0,0,0,0,-0,0,0,0,0,0,0,0,0,0,0,0,0,0,0,0,0,0,0,12,1,0,nan,nan,nan,nan,nan,0
10.115,3800,250,-12,0,0,0,0,-0,0,0,0,0,0,0,0,0,0,0,0,0,0,0,0,0,0,0,12,1,0,nan,nan,nan,nan,nan,0
10.12,3800,250,-12,0,0,0,0,-0,0,0,0,0,0,0,0,0,0,0,0,0,0,0,0,0,0,0,12,1,0,nan,nan,nan,nan,nan,0
10.125,3800,250,-12,0,0,0,0,-0,0,0,0,0,0,0,0,0,0,0,0,0,0,0,0,0,0,0,12,1,0,nan,nan,nan,nan,nan,0
10.13,3800,250,-12,0,0,0,0,-0,0,0,0,0,0,0,0,0,0,0,0,0,0,0,0,0,0,0,12,1,0,nan,nan,nan,nan,nan,0
10.135,3800,250,-12,0,0,0,0,-0,0,0,0,0,0,0,0,0,0,0,0,0,0,0,0,0,0,0,12,1,0,nan,nan,nan,nan,nan,0
10.14,3800,250,-12,0,0,0,0,-0,0,0,0,0,0,0,0,0,0,0,0,0,0,0,0,0,0,0,12,1,0,nan,nan,nan,nan,nan,0
10.145,3800,250,-12,0,0,0,0,-0,0,0,0,0,0,0,0,0,0,0,0,0,0,0,0,0,0,0,12,1,0,nan,nan,nan,nan,nan,0
10.15,3800,250,-12,0,0,0,0,-0,0,0,0,0,0,0,0,0,0,0,0,0,0,0,0,0,0,0,12,1,0,nan,nan,nan,nan,nan,0
10.155,3800,250,-12,0,0,0,0,-0,0,0,0,0,0,0,0,0,0,0,0,0,0,0,0,0,0,0,12,1,0,nan,nan,nan,nan,nan,0
10.16,3800,250,-12,0,0,0,0,-0,0,0,0,0,0,0,0,0,0,0,0,0,0,0,0,0,0,0,12,1,0,nan,nan,nan,nan,nan,0
10.165,3800,250,-12,0,0,0,0,-0,0,0,0,0,0,0,0,0,0,0,0,0,0,0,0,0,0,0,12,1,0,nan,nan,nan,nan,nan,0
10.17,3800,250,-12,0,0,0,0,-0,0,0,0,0,0,0,0,0,0,0,0,0,0,0,0,0,0,0,12,1,0,nan,nan,nan,nan,nan,0
10.175,3800,250,-12,0,0,0,0,-0,0,0,0,0,0,0,0,0,0,0,0,0,0,0,0,0,0,0,12,1,0,nan,nan,nan,nan,nan,0
10.18,3800,250,-12,0,0,0,0,-0,0,0,0,0,0,0,0,0,0,0,0,0,0,0,0,0,0,0,12,1,0,nan,nan,nan,nan,nan,0
10.185,3800,250,-12,0,0,0,0,-0,0,0,0,0,0,0,0,0,0,0,0,0,0,0,0,0,0,0,12,1,0,nan,nan,nan,nan,nan,0
10.19,3800,250,-12,0,0,0,0,-0,0,0,0,0,0,0,0,0,0,0,0,0,0,0,0,0,0,0,12,1,0,nan,nan,nan,nan,nan,0
10.195,3800,250,-12,0,0,0,0,-0,0,0,0,0,0,0,0,0,0,0,0,0,0,0,0,0,0,0,12,1,0,nan,nan,nan,nan,nan,0
10.2,3800,250,-12,0,0,0,0,-0,0,0,0,0,0,0,0,0,0,0,0,0,0,0,0,0,0,0,12,1,0,nan,nan,nan,nan,nan,0
10.205,3800,250,-12,0,0,0,0,-0,0,0,0,0,0,0,0,0,0,0,0,0,0,0,0,0,0,0,12,1,0,nan,nan,nan,nan,nan,0
10.21,3800,250,-12,0,0,0,0,-0,0,0,0,0,0,0,0,0,0,0,0,0,0,0,0,0,0,0,12,1,0,nan,nan,nan,nan,nan,0
10.215,3800,250,-12,0,0,0,0,-0,0,0,0,0,0,0,0,0,0,0,0,0,0,0,0,0,0,0,12,1,0,nan,nan,nan,nan,nan,0
10.22,3800,250,-12,0,0,0,0,-0,0,0,0,0,0,0,0,0,0,0,0,0,0,0,0,0,0,0,12,1,0,nan,nan,nan,nan,nan,0
10.225,3800,250,-12,0,0,0,0,-0,0,0,0,0,0,0,0,0,0,0,0,0,0,0,0,0,0,0,12,1,0,nan,nan,nan,nan,nan,0
10.23,3800,250,-12,0,0,0,0,-0,0,0,0,0,0,0,0,0,0,0,0,0,0,0,0,0,0,0,12,1,0,nan,nan,nan,nan,nan,0
10.235,3800,250,-12,0,0,0,0,-0,0,0,0,0,0,0,0,0,0,0,0,0,0,0,0,0,0,0,12,1,0,nan,nan,nan,nan,nan,0
10.24,3800,250,-12,0,0,0,0,-0,0,0,0,0,0,0,0,0,0,0,0,0,0,0,0,0,0,0,12,1,0,nan,nan,nan,nan,nan,0
10.245,3800,250,-12,0,0,0,0,-0,0,0,0,0,0,0,0,0,0,0,0,0,0,0,0,0,0,0,12,1,0,nan,nan,nan,nan,nan,0
10.25,3800,250,-12,0,0,0,0,-0,0,0,0,0,0,0,0,0,0,0,0,0,0,0,0,0,0,0,12,1,0,nan,nan,nan,nan,nan,0
10.255,3800,250,-12,0,0,0,0,-0,0,0,0,0,0,0,0,0,0,0,0,0,0,0,0,0,0,0,12,1,0,nan,nan,nan,nan,nan,0
10.26,3800,250,-12,0,0,0,0,-0,0,0,0,0,0,0,0,0,0,0,0,0,0,0,0,0,0,0,12,1,0,nan,nan,nan,nan,nan,0
10.265,3800,250,-12,0,0,0,0,-0,0,0,0,0,0,0,0,0,0,0,0,0,0,0,0,0,0,0,12,1,0,nan,nan,nan,nan,nan,0
10.27,3800,250,-12,0,0,0,0,-0,0,0,0,0,0,0,0,0,0,0,0,0,0,0,0,0,0,0,12,1,0,nan,nan,nan,nan,nan,0
10.275,3800,250,-12,0,0,0,0,-0,0,0,0,0,0,0,0,0,0,0,0,0,0,0,0,0,0,0,12,1,0,nan,nan,nan,nan,nan,0
10.28,3800,250,-12,0,0,0,0,-0,0,0,0,0,0,0,0,0,0,0,0,0,0,0,0,0,0,0,12,1,0,nan,nan,nan,nan,nan,0
10.285,3800,250,-12,0,0,0,0,-0,0,0,0,0,0,0,0,0,0,0,0,0,0,0,0,0,0,0,12,1,0,nan,nan,nan,nan,nan,0
10.29,3800,250,-12,0,0,0,0,-0,0,0,0,0,0,0,0,0,0,0,0,0,0,0,0,0,0,0,12,1,0,nan,nan,nan,nan,nan,0
10.295,3800,250,-12,0,0,0,0,-0,0,0,0,0,0,0,0,0,0,0,0,0,0,0,0,0,0,0,12,1,0,nan,nan,nan,nan,nan,0
10.3,3800,250,-12,0,0,0,0,-0,0,0,0,0,0,0,0,0,0,0,0,0,0,0,0,0,0,0,12,1,0,nan,nan,nan,nan,nan,0
10.305,3800,250,-12,0,0,0,0,-0,0,0,0,0,0,0,0,0,0,0,0,0,0,0,0,0,0,0,12,1,0,nan,nan,nan,nan,nan,0
10.31,3800,250,-12,0,0,0,0,-0,0,0,0,0,0,0,0,0,0,0,0,0,0,0,0,0,0,0,12,1,0,nan,nan,nan,nan,nan,0
10.315,3800,250,-12,0,0,0,0,-0,0,0,0,0,0,0,0,0,0,0,0,0,0,0,0,0,0,0,12,1,0,nan,nan,nan,nan,nan,0
10.32,3800,250,-12,0,0,0,0,-0,0,0,0,0,0,0,0,0,0,0,0,0,0,0,0,0,0,0,12,1,0,nan,nan,nan,nan,nan,0
10.325,3800,250,-12,0,0,0,0,-0,0,0,0,0,0,0,0,0,0,0,0,0,0,0,0,0,0,0,12,1,0,nan,nan,nan,nan,nan,0
10.33,3800,250,-12,0,0,0,0,-0,0,0,0,0,0,0,0,0,0,0,0,0,0,0,0,0,0,0,12,1,0,nan,nan,nan,nan,nan,0
10.335,3800,250,-12,0,0,0,0,-0,0,0,0,0,0,0,0,0,0,0,0,0,0,0,0,0,0,0,12,1,0,nan,nan,nan,nan,nan,0
10.34,3800,250,-12,0,0,0,0,-0,0,0,0,0,0,0,0,0,0,0,0,0,0,0,0,0,0,0,12,1,0,nan,nan,nan,nan,nan,0
10.345,3800,250,-12,0,0,0,0,-0,0,0,0,0,0,0,0,0,0,0,0,0,0,0,0,0,0,0,12,1,0,nan,nan,nan,nan,nan,0
10.35,3800,250,-12,0,0,0,0,-0,0,0,0,0,0,0,0,0,0,0,0,0,0,0,0,0,0,0,12,1,0,nan,nan,nan,nan,nan,0
10.355,3800,250,-12,0,0,0,0,-0,0,0,0,0,0,0,0,0,0,0,0,0,0,0,0,0,0,0,12,1,0,nan,nan,nan,nan,nan,0
10.36,3800,250,-12,0,0,0,0,-0,0,0,0,0,0,0,0,0,0,0,0,0,0,0,0,0,0,0,12,1,0,nan,nan,nan,nan,nan,0
10.365,3800,250,-12,0,0,0,0,-0,0,0,0,0,0,0,0,0,0,0,0,0,0,0,0,0,0,0,12,1,0,nan,nan,nan,nan,nan,0
10.37,3800,250,-12,0,0,0,0,-0,0,0,0,0,0,0,0,0,0,0,0,0,0,0,0,0,0,0,12,1,0,nan,nan,nan,nan,nan,0
10.375,3800,250,-12,0,0,0,0,-0,0,0,0,0,0,0,0,0,0,0,0,0,0,0,0,0,0,0,12,1,0,nan,nan,nan,nan,nan,0
10.38,3800,250,-12,0,0,0,0,-0,0,0,0,0,0,0,0,0,0,0,0,0,0,0,0,0,0,0,12,1,0,nan,nan,nan,nan,nan,0
10.385,3800,250,-12,0,0,0,0,-0,0,0,0,0,0,0,0,0,0,0,0,0,0,0,0,0,0,0,12,1,0,nan,nan,nan,nan,nan,0
10.39,3800,250,-12,0,0,0,0,-0,0,0,0,0,0,0,0,0,0,0,0,0,0,0,0,0,0,0,12,1,0,nan,nan,nan,nan,nan,0
10.395,3800,250,-12,0,0,0,0,-0,0,0,0,0,0,0,0,0,0,0,0,0,0,0,0,0,0,0,12,1,0,nan,nan,nan,nan,nan,0
10.4,3800,250,-12,0,0,0,0,-0,0,0,0,0,0,0,0,0,0,0,0,0,0,0,0,0,0,0,12,1,0,nan,nan,nan,nan,nan,0
10.405,3800,250,-12,0,0,0,0,-0,0,0,0,0,0,0,0,0,0,0,0,0,0,0,0,0,0,0,12,1,0,nan,nan,nan,nan,nan,0
10.41,3800,250,-12,0,0,0,0,-0,0,0,0,0,0,0,0,0,0,0,0,0,0,0,0,0,0,0,12,1,0,nan,nan,nan,nan,nan,0
10.415,3800,250,-12,0,0,0,0,-0,0,0,0,0,0,0,0,0,0,0,0,0,0,0,0,0,0,0,12,1,0,nan,nan,nan,nan,nan,0
10.42,3800,250,-12,0,0,0,0,-0,0,0,0,0,0,0,0,0,0,0,0,0,0,0,0,0,0,0,12,1,0,nan,nan,nan,nan,nan,0
10.425,3800,250,-12,0,0,0,0,-0,0,0,0,0,0,0,0,0,0,0,0,0,0,0,0,0,0,0,12,1,0,nan,nan,nan,nan,nan,0
10.43,3800,250,-12,0,0,0,0,-0,0,0,0,0,0,0,0,0,0,0,0,0,0,0,0,0,0,0,12,1,0,nan,nan,nan,nan,nan,0
10.435,3800,250,-12,0,0,0,0,-0,0,0,0,0,0,0,0,0,0,0,0,0,0,0,0,0,0,0,12,1,0,nan,nan,nan,nan,nan,0
10.44,3800,250,-12,0,0,0,0,-0,0,0,0,0,0,0,0,0,0,0,0,0,0,0,0,0,0,0,12,1,0,nan,nan,nan,nan,nan,0
10.445,3800,250,-12,0,0,0,0,-0,0,0,0,0,0,0,0,0,0,0,0,0,0,0,0,0,0,0,12,1,0,nan,nan,nan,nan,nan,0
10.45,3800,250,-12,0,0,0,0,-0,0,0,0,0,0,0,0,0,0,0,0,0,0,0,0,0,0,0,12,1,0,nan,nan,nan,nan,nan,0
10.455,3800,250,-12,0,0,0,0,-0,0,0,0,0,0,0,0,0,0,0,0,0,0,0,0,0,0,0,12,1,0,nan,nan,nan,nan,nan,0
10.46,3800,250,-12,0,0,0,0,-0,0,0,0,0,0,0,0,0,0,0,0,0,0,0,0,0,0,0,12,1,0,nan,nan,nan,nan,nan,0
10.465,3800,250,-12,0,0,0,0,-0,0,0,0,0,0,0,0,0,0,0,0,0,0,0,0,0,0,0,12,1,0,nan,nan,nan,nan,nan,0
10.47,3800,250,-12,0,0,0,0,-0,0,0,0,0,0,0,0,0,0,0,0,0,0,0,0,0,0,0,12,1,0,nan,nan,nan,nan,nan,0
10.475,3800,250,-12,0,0,0,0,-0,0,0,0,0,0,0,0,0,0,0,0,0,0,0,0,0,0,0,12,1,0,nan,nan,nan,nan,nan,0
10.48,3800,250,-12,0,0,0,0,-0,0,0,0,0,0,0,0,0,0,0,0,0,0,0,0,0,0,0,12,1,0,nan,nan,nan,nan,nan,0
10.485,3800,250,-12,0,0,0,0,-0,0,0,0,0,0,0,0,0,0,0,0,0,0,0,0,0,0,0,12,1,0,nan,nan,nan,nan,nan,0
10.49,3800,250,-12,0,0,0,0,-0,0,0,0,0,0,0,0,0,0,0,0,0,0,0,0,0,0,0,12,1,0,nan,nan,nan,nan,nan,0
10.495,3800,250,-12,0,0,0,0,-0,0,0,0,0,0,0,0,0,0,0,0,0,0,0,0,0,0,0,12,1,0,nan,nan,nan,nan,nan,0
10.5,3800,250,-12,0,0,0,0,-0,0,0,0,0,0,0,0,0,0,0,0,0,0,0,0,0,0,0,12,1,0,nan,nan,nan,nan,nan,0
10.505,3800,250,-12,0,0,0,0,-0,0,0,0,0,0,0,0,0,0,0,0,0,0,0,0,0,0,0,12,1,0,nan,nan,nan,nan,nan,0
10.51,3800,250,-12,0,0,0,0,-0,0,0,0,0,0,0,0,0,0,0,0,0,0,0,0,0,0,0,12,1,0,nan,nan,nan,nan,nan,0
10.515,3800,250,-12,0,0,0,0,-0,0,0,0,0,0,0,0,0,0,0,0,0,0,0,0,0,0,0,12,1,0,nan,nan,nan,nan,nan,0
10.52,3800,250,-12,0,0,0,0,-0,0,0,0,0,0,0,0,0,0,0,0,0,0,0,0,0,0,0,12,1,0,nan,nan,nan,nan,nan,0
10.525,3800,250,-12,0,0,0,0,-0,0,0,0,0,0,0,0,0,0,0,0,0,0,0,0,0,0,0,12,1,0,nan,nan,nan,nan,nan,0
10.53,3800,250,-12,0,0,0,0,-0,0,0,0,0,0,0,0,0,0,0,0,0,0,0,0,0,0,0,12,1,0,nan,nan,nan,nan,nan,0
10.535,3800,250,-12,0,0,0,0,-0,0,0,0,0,0,0,0,0,0,0,0,0,0,0,0,0,0,0,12,1,0,nan,nan,nan,nan,nan,0
10.54,3800,250,-12,0,0,0,0,-0,0,0,0,0,0,0,0,0,0,0,0,0,0,0,0,0,0,0,12,1,0,nan,nan,nan,nan,nan,0
10.545,3800,250,-12,0,0,0,0,-0,0,0,0,0,0,0,0,0,0,0,0,0,0,0,0,0,0,0,12,1,0,nan,nan,nan,nan,nan,0
10.55,3800,250,-12,0,0,0,0,-0,0,0,0,0,0,0,0,0,0,0,0,0,0,0,0,0,0,0,12,1,0,nan,nan,nan,nan,nan,0
10.555,3800,250,-12,0,0,0,0,-0,0,0,0,0,0,0,0,0,0,0,0,0,0,0,0,0,0,0,12,1,0,nan,nan,nan,nan,nan,0
10.56,3800,250,-12,0,0,0,0,-0,0,0,0,0,0,0,0,0,0,0,0,0,0,0,0,0,0,0,12,1,0,nan,nan,nan,nan,nan,0
10.565,3800,250,-12,0,0,0,0,-0,0,0,0,0,0,0,0,0,0,0,0,0,0,0,0,0,0,0,12,1,0,nan,nan,nan,nan,nan,0
10.57,3800,250,-12,0,0,0,0,-0,0,0,0,0,0,0,0,0,0,0,0,0,0,0,0,0,0,0,12,1,0,nan,nan,nan,nan,nan,0
10.575,3800,250,-12,0,0,0,0,-0,0,0,0,0,0,0,0,0,0,0,0,0,0,0,0,0,0,0,12,1,0,nan,nan,nan,nan,nan,0
10.58,3800,250,-12,0,0,0,0,-0,0,0,0,0,0,0,0,0,0,0,0,0,0,0,0,0,0,0,12,1,0,nan,nan,nan,nan,nan,0
10.585,3800,250,-12,0,0,0,0,-0,0,0,0,0,0,0,0,0,0,0,0,0,0,0,0,0,0,0,12,1,0,nan,nan,nan,nan,nan,0
10.59,3800,250,-12,0,0,0,0,-0,0,0,0,0,0,0,0,0,0,0,0,0,0,0,0,0,0,0,12,1,0,nan,nan,nan,nan,nan,0
10.595,3800,250,-12,0,0,0,0,-0,0,0,0,0,0,0,0,0,0,0,0,0,0,0,0,0,0,0,12,1,0,nan,nan,nan,nan,nan,0
10.6,3800,250,-12,0,0,0,0,-0,0,0,0,0,0,0,0,0,0,0,0,0,0,0,0,0,0,0,12,1,0,nan,nan,nan,nan,nan,0
10.605,3800,250,-12,0,0,0,0,-0,0,0,0,0,0,0,0,0,0,0,0,0,0,0,0,0,0,0,12,1,0,nan,nan,nan,nan,nan,0
10.61,3800,250,-12,0,0,0,0,-0,0,0,0,0,0,0,0,0,0,0,0,0,0,0,0,0,0,0,12,1,0,nan,nan,nan,nan,nan,0
10.615,3800,250,-12,0,0,0,0,-0,0,0,0,0,0,0,0,0,0,0,0,0,0,0,0,0,0,0,12,1,0,nan,nan,nan,nan,nan,0
10.62,3800,250,-12,0,0,0,0,-0,0,0,0,0,0,0,0,0,0,0,0,0,0,0,0,0,0,0,12,1,0,nan,nan,nan,nan,nan,0
10.625,3800,250,-12,0,0,0,0,-0,0,0,0,0,0,0,0,0,0,0,0,0,0,0,0,0,0,0,12,1,0,nan,nan,nan,nan,nan,0
10.63,3800,250,-12,0,0,0,0,-0,0,0,0,0,0,0,0,0,0,0,0,0,0,0,0,0,0,0,12,1,0,nan,nan,nan,nan,nan,0
10.635,3800,250,-12,0,0,0,0,-0,0,0,0,0,0,0,0,0,0,0,0,0,0,0,0,0,0,0,12,1,0,nan,nan,nan,nan,nan,0
10.64,3800,250,-12,0,0,0,0,-0,0,0,0,0,0,0,0,0,0,0,0,0,0,0,0,0,0,0,12,1,0,nan,nan,nan,nan,nan,0
10.645,3800,250,-12,0,0,0,0,-0,0,0,0,0,0,0,0,0,0,0,0,0,0,0,0,0,0,0,12,1,0,nan,nan,nan,nan,nan,0
10.65,3800,250,-12,0,0,0,0,-0,0,0,0,0,0,0,0,0,0,0,0,0,0,0,0,0,0,0,12,1,0,nan,nan,nan,nan,nan,0
10.655,3800,250,-12,0,0,0,0,-0,0,0,0,0,0,0,0,0,0,0,0,0,0,0,0,0,0,0,12,1,0,nan,nan,nan,nan,nan,0
10.66,3800,250,-12,0,0,0,0,-0,0,0,0,0,0,0,0,0,0,0,0,0,0,0,0,0,0,0,12,1,0,nan,nan,nan,nan,nan,0
10.665,3800,250,-12,0,0,0,0,-0,0,0,0,0,0,0,0,0,0,0,0,0,0,0,0,0,0,0,12,1,0,nan,nan,nan,nan,nan,0
10.67,3800,250,-12,0,0,0,0,-0,0,0,0,0,0,0,0,0,0,0,0,0,0,0,0,0,0,0,12,1,0,nan,nan,nan,nan,nan,0
10.675,3800,250,-12,0,0,0,0,-0,0,0,0,0,0,0,0,0,0,0,0,0,0,0,0,0,0,0,12,1,0,nan,nan,nan,nan,nan,0
10.68,3800,250,-12,0,0,0,0,-0,0,0,0,0,0,0,0,0,0,0,0,0,0,0,0,0,0,0,12,1,0,nan,nan,nan,nan,nan,0
10.685,3800,250,-12,0,0,0,0,-0,0,0,0,0,0,0,0,0,0,0,0,0,0,0,0,0,0,0,12,1,0,nan,nan,nan,nan,nan,0
10.69,3800,250,-12,0,0,0,0,-0,0,0,0,0,0,0,0,0,0,0,0,0,0,0,0,0,0,0,12,1,0,nan,nan,nan,nan,nan,0
10.695,3800,250,-12,0,0,0,0,-0,0,0,0,0,0,0,0,0,0,0,0,0,0,0,0,0,0,0,12,1,0,nan,nan,nan,nan,nan,0
10.7,3800,250,-12,0,0,0,0,-0,0,0,0,0,0,0,0,0,0,0,0,0,0,0,0,0,0,0,12,1,0,nan,nan,nan,nan,nan,0
10.705,3800,250,-12,0,0,0,0,-0,0,0,0,0,0,0,0,0,0,0,0,0,0,0,0,0,0,0,12,1,0,nan,nan,nan,nan,nan,0
10.71,3800,250,-12,0,0,0,0,-0,0,0,0,0,0,0,0,0,0,0,0,0,0,0,0,0,0,0,12,1,0,nan,nan,nan,nan,nan,0
10.715,3800,250,-12,0,0,0,0,-0,0,0,0,0,0,0,0,0,0,0,0,0,0,0,0,0,0,0,12,1,0,nan,nan,nan,nan,nan,0
10.72,3800,250,-12,0,0,0,0,-0,0,0,0,0,0,0,0,0,0,0,0,0,0,0,0,0,0,0,12,1,0,nan,nan,nan,nan,nan,0
10.725,3800,250,-12,0,0,0,0,-0,0,0,0,0,0,0,0,0,0,0,0,0,0,0,0,0,0,0,12,1,0,nan,nan,nan,nan,nan,0
10.73,3800,250,-12,0,0,0,0,-0,0,0,0,0,0,0,0,0,0,0,0,0,0,0,0,0,0,0,12,1,0,nan,nan,nan,nan,nan,0
10.735,3800,250,-12,0,0,0,0,-0,0,0,0,0,0,0,0,0,0,0,0,0,0,0,0,0,0,0,12,1,0,nan,nan,nan,nan,nan,0
10.74,3800,250,-12,0,0,0,0,-0,0,0,0,0,0,0,0,0,0,0,0,0,0,0,0,0,0,0,12,1,0,nan,nan,nan,nan,nan,0
10.745,3800,250,-12,0,0,0,0,-0,0,0,0,0,0,0,0,0,0,0,0,0,0,0,0,0,0,0,12,1,0,nan,nan,nan,nan,nan,0
10.75,3800,250,-12,0,0,0,0,-0,0,0,0,0,0,0,0,0,0,0,0,0,0,0,0,0,0,0,12,1,0,nan,nan,nan,nan,nan,0
10.755,3800,250,-12,0,0,0,0,-0,0,0,0,0,0,0,0,0,0,0,0,0,0,0,0,0,0,0,12,1,0,nan,nan,nan,nan,nan,0
10.76,3800,250,-12,0,0,0,0,-0,0,0,0,0,0,0,0,0,0,0,0,0,0,0,0,0,0,0,12,1,0,nan,nan,nan,nan,nan,0
10.765,3800,250,-12,0,0,0,0,-0,0,0,0,0,0,0,0,0,0,0,0,0,0,0,0,0,0,0,12,1,0,nan,nan,nan,nan,nan,0
10.77,3800,250,-12,0,0,0,0,-0,0,0,0,0,0,0,0,0,0,0,0,0,0,0,0,0,0,0,12,1,0,nan,nan,nan,nan,nan,0
10.775,3800,250,-12,0,0,0,0,-0,0,0,0,0,0,0,0,0,0,0,0,0,0,0,0,0,0,0,12,1,0,nan,nan,nan,nan,nan,0
10.78,3800,250,-12,0,0,0,0,-0,0,0,0,0,0,0,0,0,0,0,0,0,0,0,0,0,0,0,12,1,0,nan,nan,nan,nan,nan,0
10.785,3800,250,-12,0,0,0,0,-0,0,0,0,0,0,0,0,0,0,0,0,0,0,0,0,0,0,0,12,1,0,nan,nan,nan,nan,nan,0
10.79,3800,250,-12,0,0,0,0,-0,0,0,0,0,0,0,0,0,0,0,0,0,0,0,0,0,0,0,12,1,0,nan,nan,nan,nan,nan,0
10.795,3800,250,-12,0,0,0,0,-0,0,0,0,0,0,0,0,0,0,0,0,0,0,0,0,0,0,0,12,1,0,nan,nan,nan,nan,nan,0
10.8,3800,250,-12,0,0,0,0,-0,0,0,0,0,0,0,0,0,0,0,0,0,0,0,0,0,0,0,12,1,0,nan,nan,nan,nan,nan,0
10.805,3800,250,-12,0,0,0,0,-0,0,0,0,0,0,0,0,0,0,0,0,0,0,0,0,0,0,0,12,1,0,nan,nan,nan,nan,nan,0
10.81,3800,250,-12,0,0,0,0,-0,0,0,0,0,0,0,0,0,0,0,0,0,0,0,0,0,0,0,12,1,0,nan,nan,nan,nan,nan,0
10.815,3800,250,-12,0,0,0,0,-0,0,0,0,0,0,0,0,0,0,0,0,0,0,0,0,0,0,0,12,1,0,nan,nan,nan,nan,nan,0
10.82,3800,250,-12,0,0,0,0,-0,0,0,0,0,0,0,0,0,0,0,0,0,0,0,0,0,0,0,12,1,0,nan,nan,nan,nan,nan,0
10.825,3800,250,-12,0,0,0,0,-0,0,0,0,0,0,0,0,0,0,0,0,0,0,0,0,0,0,0,12,1,0,nan,nan,nan,nan,nan,0
10.83,3800,250,-12,0,0,0,0,-0,0,0,0,0,0,0,0,0,0,0,0,0,0,0,0,0,0,0,12,1,0,nan,nan,nan,nan,nan,0
10.835,3800,250,-12,0,0,0,0,-0,0,0,0,0,0,0,0,0,0,0,0,0,0,0,0,0,0,0,12,1,0,nan,nan,nan,nan,nan,0
10.84,3800,250,-12,0,0,0,0,-0,0,0,0,0,0,0,0,0,0,0,0,0,0,0,0,0,0,0,12,1,0,nan,nan,nan,nan,nan,0
10.845,3800,250,-12,0,0,0,0,-0,0,0,0,0,0,0,0,0,0,0,0,0,0,0,0,0,0,0,12,1,0,nan,nan,nan,nan,nan,0
10.85,3800,250,-12,0,0,0,0,-0,0,0,0,0,0,0,0,0,0,0,0,0,0,0,0,0,0,0,12,1,0,nan,nan,nan,nan,nan,0
10.855,3800,250,-12,0,0,0,0,-0,0,0,0,0,0,0,0,0,0,0,0,0,0,0,0,0,0,0,12,1,0,nan,nan,nan,nan,nan,0
10.86,3800,250,-12,0,0,0,0,-0,0,0,0,0,0,0,0,0,0,0,0,0,0,0,0,0,0,0,12,1,0,nan,nan,nan,nan,nan,0
10.865,3800,250,-12,0,0,0,0,-0,0,0,0,0,0,0,0,0,0,0,0,0,0,0,0,0,0,0,12,1,0,nan,nan,nan,nan,nan,0
10.87,3800,250,-12,0,0,0,0,-0,0,0,0,0,0,0,0,0,0,0,0,0,0,0,0,0,0,0,12,1,0,nan,nan,nan,nan,nan,0
10.875,3800,250,-12,0,0,0,0,-0,0,0,0,0,0,0,0,0,0,0,0,0,0,0,0,0,0,0,12,1,0,nan,nan,nan,nan,nan,0
10.88,3800,250,-12,0,0,0,0,-0,0,0,0,0,0,0,0,0,0,0,0,0,0,0,0,0,0,0,12,1,0,nan,nan,nan,nan,nan,0
10.885,3800,250,-12,0,0,0,0,-0,0,0,0,0,0,0,0,0,0,0,0,0,0,0,0,0,0,0,12,1,0,nan,nan,nan,nan,nan,0
10.89,3800,250,-12,0,0,0,0,-0,0,0,0,0,0,0,0,0,0,0,0,0,0,0,0,0,0,0,12,1,0,nan,nan,nan,nan,nan,0
10.895,3800,250,-12,0,0,0,0,-0,0,0,0,0,0,0,0,0,0,0,0,0,0,0,0,0,0,0,12,1,0,nan,nan,nan,nan,nan,0
10.9,3800,250,-12,0,0,0,0,-0,0,0,0,0,0,0,0,0,0,0,0,0,0,0,0,0,0,0,12,1,0,nan,nan,nan,nan,nan,0
10.905,3800,250,-12,0,0,0,0,-0,0,0,0,0,0,0,0,0,0,0,0,0,0,0,0,0,0,0,12,1,0,nan,nan,nan,nan,nan,0
10.91,3800,250,-12,0,0,0,0,-0,0,0,0,0,0,0,0,0,0,0,0,0,0,0,0,0,0,0,12,1,0,nan,nan,nan,nan,nan,0
10.915,3800,250,-12,0,0,0,0,-0,0,0,0,0,0,0,0,0,0,0,0,0,0,0,0,0,0,0,12,1,0,nan,nan,nan,nan,nan,0
10.92,3800,250,-12,0,0,0,0,-0,0,0,0,0,0,0,0,0,0,0,0,0,0,0,0,0,0,0,12,1,0,nan,nan,nan,nan,nan,0
10.925,3800,250,-12,0,0,0,0,-0,0,0,0,0,0,0,0,0,0,0,0,0,0,0,0,0,0,0,12,1,0,nan,nan,nan,nan,nan,0
10.93,3800,250,-12,0,0,0,0,-0,0,0,0,0,0,0,0,0,0,0,0,0,0,0,0,0,0,0,12,1,0,nan,nan,nan,nan,nan,0
10.935,3800,250,-12,0,0,0,0,-0,0,0,0,0,0,0,0,0,0,0,0,0,0,0,0,0,0,0,12,1,0,nan,nan,nan,nan,nan,0
10.94,3800,250,-12,0,0,0,0,-0,0,0,0,0,0,0,0,0,0,0,0,0,0,0,0,0,0,0,12,1,0,nan,nan,nan,nan,nan,0
10.945,3800,250,-12,0,0,0,0,-0,0,0,0,0,0,0,0,0,0,0,0,0,0,0,0,0,0,0,12,1,0,nan,nan,nan,nan,nan,0
10.95,3800,250,-12,0,0,0,0,-0,0,0,0,0,0,0,0,0,0,0,0,0,0,0,0,0,0,0,12,1,0,nan,nan,nan,nan,nan,0
10.955,3800,250,-12,0,0,0,0,-0,0,0,0,0,0,0,0,0,0,0,0,0,0,0,0,0,0,0,12,1,0,nan,nan,nan,nan,nan,0
10.96,3800,250,-12,0,0,0,0,-0,0,0,0,0,0,0,0,0,0,0,0,0,0,0,0,0,0,0,12,1,0,nan,nan,nan,nan,nan,0
10.965,3800,250,-12,0,0,0,0,-0,0,0,0,0,0,0,0,0,0,0,0,0,0,0,0,0,0,0,12,1,0,nan,nan,nan,nan,nan,0
10.97,3800,250,-12,0,0,0,0,-0,0,0,0,0,0,0,0,0,0,0,0,0,0,0,0,0,0,0,12,1,0,nan,nan,nan,nan,nan,0
10.975,3800,250,-12,0,0,0,0,-0,0,0,0,0,0,0,0,0,0,0,0,0,0,0,0,0,0,0,12,1,0,nan,nan,nan,nan,nan,0
10.98,3800,250,-12,0,0,0,0,-0,0,0,0,0,0,0,0,0,0,0,0,0,0,0,0,0,0,0,12,1,0,nan,nan,nan,nan,nan,0
10.985,3800,250,-12,0,0,0,0,-0,0,0,0,0,0,0,0,0,0,0,0,0,0,0,0,0,0,0,12,1,0,nan,nan,nan,nan,nan,0
10.99,3800,250,-12,0,0,0,0,-0,0,0,0,0,0,0,0,0,0,0,0,0,0,0,0,0,0,0,12,1,0,nan,nan,nan,nan,nan,0
10.995,3800,250,-12,0,0,0,0,-0,0,0,0,0,0,0,0,0,0,0,0,0,0,0,0,0,0,0,12,1,0,nan,nan,nan,nan,nan,0
11,3800,250,-12,0,0,0,0,-0,0,0,0,0,0,0,0,0,0,0,0,0,0,0,0,0,0,0,12,1,0,nan,nan,nan,nan,nan,0
11.005,3800,250,-12,0,0,0,0,-0,0,0,0,0,0,0,0,0,0,0,0,0,0,0,0,0,0,0,12,1,0,nan,nan,nan,nan,nan,0
11.01,3800,250,-12,0,0,0,0,-0,0,0,0,0,0,0,0,0,0,0,0,0,0,0,0,0,0,0,12,1,0,nan,nan,nan,nan,nan,0
11.015,3800,250,-12,0,0,0,0,-0,0,0,0,0,0,0,0,0,0,0,0,0,0,0,0,0,0,0,12,1,0,nan,nan,nan,nan,nan,0
11.02,3800,250,-12,0,0,0,0,-0,0,0,0,0,0,0,0,0,0,0,0,0,0,0,0,0,0,0,12,1,0,nan,nan,nan,nan,nan,0
11.025,3800,250,-12,0,0,0,0,-0,0,0,0,0,0,0,0,0,0,0,0,0,0,0,0,0,0,0,12,1,0,nan,nan,nan,nan,nan,0
11.03,3800,250,-12,0,0,0,0,-0,0,0,0,0,0,0,0,0,0,0,0,0,0,0,0,0,0,0,12,1,0,nan,nan,nan,nan,nan,0
11.035,3800,250,-12,0,0,0,0,-0,0,0,0,0,0,0,0,0,0,0,0,0,0,0,0,0,0,0,12,1,0,nan,nan,nan,nan,nan,0
11.04,3800,250,-12,0,0,0,0,-0,0,0,0,0,0,0,0,0,0,0,0,0,0,0,0,0,0,0,12,1,0,nan,nan,nan,nan,nan,0
11.045,3800,250,-12,0,0,0,0,-0,0,0,0,0,0,0,0,0,0,0,0,0,0,0,0,0,0,0,12,1,0,nan,nan,nan,nan,nan,0
11.05,3800,250,-12,0,0,0,0,-0,0,0,0,0,0,0,0,0,0,0,0,0,0,0,0,0,0,0,12,1,0,nan,nan,nan,nan,nan,0
11.055,3800,250,-12,0,0,0,0,-0,0,0,0,0,0,0,0,0,0,0,0,0,0,0,0,0,0,0,12,1,0,nan,nan,nan,nan,nan,0
11.06,3800,250,-12,0,0,0,0,-0,0,0,0,0,0,0,0,0,0,0,0,0,0,0,0,0,0,0,12,1,0,nan,nan,nan,nan,nan,0
11.065,3800,250,-12,0,0,0,0,-0,0,0,0,0,0,0,0,0,0,0,0,0,0,0,0,0,0,0,12,1,0,nan,nan,nan,nan,nan,0
11.07,3800,250,-12,0,0,0,0,-0,0,0,0,0,0,0,0,0,0,0,0,0,0,0,0,0,0,0,12,1,0,nan,nan,nan,nan,nan,0
11.075,3800,250,-12,0,0,0,0,-0,0,0,0,0,0,0,0,0,0,0,0,0,0,0,0,0,0,0,12,1,0,nan,nan,nan,nan,nan,0
11.08,3800,250,-12,0,0,0,0,-0,0,0,0,0,0,0,0,0,0,0,0,0,0,0,0,0,0,0,12,1,0,nan,nan,nan,nan,nan,0
11.085,3800,250,-12,0,0,0,0,-0,0,0,0,0,0,0,0,0,0,0,0,0,0,0,0,0,0,0,12,1,0,nan,nan,nan,nan,nan,0
11.09,3800,250,-12,0,0,0,0,-0,0,0,0,0,0,0,0,0,0,0,0,0,0,0,0,0,0,0,12,1,0,nan,nan,nan,nan,nan,0
11.095,3800,250,-12,0,0,0,0,-0,0,0,0,0,0,0,0,0,0,0,0,0,0,0,0,0,0,0,12,1,0,nan,nan,nan,nan,nan,0
11.1,3800,250,-12,0,0,0,0,-0,0,0,0,0,0,0,0,0,0,0,0,0,0,0,0,0,0,0,12,1,0,nan,nan,nan,nan,nan,0
11.105,3800,250,-12,0,0,0,0,-0,0,0,0,0,0,0,0,0,0,0,0,0,0,0,0,0,0,0,12,1,0,nan,nan,nan,nan,nan,0
11.11,3800,250,-12,0,0,0,0,-0,0,0,0,0,0,0,0,0,0,0,0,0,0,0,0,0,0,0,12,1,0,nan,nan,nan,nan,nan,0
11.115,3800,250,-12,0,0,0,0,-0,0,0,0,0,0,0,0,0,0,0,0,0,0,0,0,0,0,0,12,1,0,nan,nan,nan,nan,nan,0
11.12,3800,250,-12,0,0,0,0,-0,0,0,0,0,0,0,0,0,0,0,0,0,0,0,0,0,0,0,12,1,0,nan,nan,nan,nan,nan,0
11.125,3800,250,-12,0,0,0,0,-0,0,0,0,0,0,0,0,0,0,0,0,0,0,0,0,0,0,0,12,1,0,nan,nan,nan,nan,nan,0
11.13,3800,250,-12,0,0,0,0,-0,0,0,0,0,0,0,0,0,0,0,0,0,0,0,0,0,0,0,12,1,0,nan,nan,nan,nan,nan,0
11.135,3800,250,-12,0,0,0,0,-0,0,0,0,0,0,0,0,0,0,0,0,0,0,0,0,0,0,0,12,1,0,nan,nan,nan,nan,nan,0
11.14,3800,250,-12,0,0,0,0,-0,0,0,0,0,0,0,0,0,0,0,0,0,0,0,0,0,0,0,12,1,0,nan,nan,nan,nan,nan,0
11.145,3800,250,-12,0,0,0,0,-0,0,0,0,0,0,0,0,0,0,0,0,0,0,0,0,0,0,0,12,1,0,nan,nan,nan,nan,nan,0
11.15,3800,250,-12,0,0,0,0,-0,0,0,0,0,0,0,0,0,0,0,0,0,0,0,0,0,0,0,12,1,0,nan,nan,nan,nan,nan,0
11.155,3800,250,-12,0,0,0,0,-0,0,0,0,0,0,0,0,0,0,0,0,0,0,0,0,0,0,0,12,1,0,nan,nan,nan,nan,nan,0
11.16,3800,250,-12,0,0,0,0,-0,0,0,0,0,0,0,0,0,0,0,0,0,0,0,0,0,0,0,12,1,0,nan,nan,nan,nan,nan,0
11.165,3800,250,-12,0,0,0,0,-0,0,0,0,0,0,0,0,0,0,0,0,0,0,0,0,0,0,0,12,1,0,nan,nan,nan,nan,nan,0
11.17,3800,250,-12,0,0,0,0,-0,0,0,0,0,0,0,0,0,0,0,0,0,0,0,0,0,0,0,12,1,0,nan,nan,nan,nan,nan,0
11.175,3800,250,-12,0,0,0,0,-0,0,0,0,0,0,0,0,0,0,0,0,0,0,0,0,0,0,0,12,1,0,nan,nan,nan,nan,nan,0
11.18,3800,250,-12,0,0,0,0,-0,0,0,0,0,0,0,0,0,0,0,0,0,0,0,0,0,0,0,12,1,0,nan,nan,nan,nan,nan,0
11.185,3800,250,-12,0,0,0,0,-0,0,0,0,0,0,0,0,0,0,0,0,0,0,0,0,0,0,0,12,1,0,nan,nan,nan,nan,nan,0
11.19,3800,250,-12,0,0,0,0,-0,0,0,0,0,0,0,0,0,0,0,0,0,0,0,0,0,0,0,12,1,0,nan,nan,nan,nan,nan,0
11.195,3800,250,-12,0,0,0,0,-0,0,0,0,0,0,0,0,0,0,0,0,0,0,0,0,0,0,0,12,1,0,nan,nan,nan,nan,nan,0
11.2,3800,250,-12,0,0,0,0,-0,0,0,0,0,0,0,0,0,0,0,0,0,0,0,0,0,0,0,12,1,0,nan,nan,nan,nan,nan,0
11.205,3800,250,-12,0,0,0,0,-0,0,0,0,0,0,0,0,0,0,0,0,0,0,0,0,0,0,0,12,1,0,nan,nan,nan,nan,nan,0
11.21,3800,250,-12,0,0,0,0,-0,0,0,0,0,0,0,0,0,0,0,0,0,0,0,0,0,0,0,12,1,0,nan,nan,nan,nan,nan,0
11.215,3800,250,-12,0,0,0,0,-0,0,0,0,0,0,0,0,0,0,0,0,0,0,0,0,0,0,0,12,1,0,nan,nan,nan,nan,nan,0
11.22,3800,250,-12,0,0,0,0,-0,0,0,0,0,0,0,0,0,0,0,0,0,0,0,0,0,0,0,12,1,0,nan,nan,nan,nan,nan,0
11.225,3800,250,-12,0,0,0,0,-0,0,0,0,0,0,0,0,0,0,0,0,0,0,0,0,0,0,0,12,1,0,nan,nan,nan,nan,nan,0
11.23,3800,250,-12,0,0,0,0,-0,0,0,0,0,0,0,0,0,0,0,0,0,0,0,0,0,0,0,12,1,0,nan,nan,nan,nan,nan,0
11.235,3800,250,-12,0,0,0,0,-0,0,0,0,0,0,0,0,0,0,0,0,0,0,0,0,0,0,0,12,1,0,nan,nan,nan,nan,nan,0
11.24,3800,250,-12,0,0,0,0,-0,0,0,0,0,0,0,0,0,0,0,0,0,0,0,0,0,0,0,12,1,0,nan,nan,nan,nan,nan,0
11.245,3800,250,-12,0,0,0,0,-0,0,0,0,0,0,0,0,0,0,0,0,0,0,0,0,0,0,0,12,1,0,nan,nan,nan,nan,nan,0
11.25,3800,250,-12,0,0,0,0,-0,0,0,0,0,0,0,0,0,0,0,0,0,0,0,0,0,0,0,12,1,0,nan,nan,nan,nan,nan,0
11.255,3800,250,-12,0,0,0,0,-0,0,0,0,0,0,0,0,0,0,0,0,0,0,0,0,0,0,0,12,1,0,nan,nan,nan,nan,nan,0
