time,x,y,z,vx,vy,vz,phi,theta,psi,p,q,r,elevator,aileron,rudder,throttle,elevator_cmd,aileron_cmd,rudder_cmd,throttle_cmd,tvc_pitch,tvc_yaw,alpha,beta,mach,airspeed,altitude,mass,thrust,pitch_sp,roll_sp,heading_sp,altitude_sp,speed_sp,qbar,rocket_aero_fx,rocket_aero_fy,rocket_aero_fz,rocket_aero_mx,rocket_aero_my,rocket_aero_mz,solid_motor_fx,solid_motor_fy,solid_motor_fz,solid_motor_mx,solid_motor_my,solid_motor_mz
0,0,0,-1,2.2,0,-24.9,0,1.4835299,0,0,0,0,-3.7007434e-17,0,0,0.004,-5.5511151e-16,-0,0,1,0,0,-0.11938393,0,0.073210606,24.912848,1,85,6000,1.4835299,0,0,nan,nan,380.11164,-6.5189146,-0,22.235818,0,80.048945,0,6000,0,0,0,0,0
0.05,0.1177933,0,-2.3186386,2.5271171,0,-27.99521,0,1.4838323,0,0,0.012631146,0,0.0021045924,0,0,0.098962639,0.0039410418,-0,0,1,0,0,-0.10385395,0,0.082281606,27.999204,2.3186386,84.769993,6250,1.4835299,0,0,nan,nan,480.06581,-8.2331287,-0,24.355538,0,81.028675,0,6250,0,0,0,0,0
0.1,0.25225434,0,-3.7957742,2.8667779,0,-31.246263,0,1.4847657,0,0,0.025138075,0,0.0058809111,0,0,0.18487116,0.0081633191,-0,0,1,0,0,-0.090294171,0,0.091826144,31.246547,3.7957742,84.539986,6500,1.4835299,0,0,nan,nan,597.79447,-10.252175,-0,26.19051,0,78.35633,0,6500,0,0,0,0,0
0.15,0.40394546,0,-5.4392207,3.2162321,0,-34.65407,0,1.4863103,0,0,0.036954168,0,0.010091867,0,0,0.26258882,0.01249007,-0,0,1,0,0,-0.078246362,0,0.10184391,34.654744,5.4392207,84.309979,6750,1.4835299,0,0,nan,nan,735.19865,-12.608657,-0,27.642708,0,72.007462,0,6750,0,0,0,0,0
0.2,0.57328555,0,-7.2568377,3.5725006,0,-38.219537,0,1.4884175,0,0,0.047491704,0,0.014360877,0,0,0.33289656,0.01672366,-0,0,1,0,0,-0.067400689,0,0.11233508,38.223825,7.2568377,84.079972,7000,1.4835299,0,0,nan,nan,894.27645,-15.336841,-0,28.590745,0,61.822085,0,7000,0,0,0,0,0
0.25,0.76045111,0,-9.2554181,3.9266365,0,-41.871032,0,1.4910089,0,0,0.056148672,0,0.018447404,0,0,0.39650088,0.020646936,-0,0,1,0,0,-0.057660298,0,0.12308668,41.881284,9.2554181,83.841118,6994.7917,1.4835299,0,0,nan,nan,1073.3964,-18.408749,-0,28.871854,0,47.814106,0,6994.7917,0,0,0,0,0
0.3,0.96506825,0,-11.43676,4.269777,0,-45.530306,0,1.4939766,0,0,0.062361597,0,0.022126373,0,0,0.45404091,0.024039067,-0,0,1,0,0,-0.048938299,0,0.13386627,45.548009,11.43676,83.602265,6989.5833,1.4835299,0,0,nan,nan,1269.3109,-21.768681,-0,28.373513,0,30.563868,0,6989.5833,0,0,0,0,0
0.35,1.1865412,0,-13.801252,4.6000983,0,-49.197338,0,1.4971875,0,0,0.065703224,0,0.025189324,0,0,0.50609484,0.026706857,-0,0,1,0,0,-0.041096196,0,0.14467201,49.223352,13.801252,83.363411,6984.375,1.4835299,0,0,nan,nan,1482.0845,-25.417749,-0,27.100982,0,11.193136,0,6984.375,0,0,0,0,0
0.4,1.4241969,0,-16.34928,4.9163795,0,-52.872039,0,1.5004916,0,0,0.065946898,0,0.027466666,0,0,0.55318574,0.028508202,-0,0,1,0,0,-0.034075002,0,0.15550235,52.906757,16.34928,83.124558,6979.1667,1.4835299,0,0,nan,nan,1711.7747,-29.356936,-0,25.125345,0,-8.8570615,0,6979.1667,0,0,0,0,0
0.45,1.6773178,0,-19.081224,5.2180967,0,-56.554257,0,1.5037332,0,0,0.063106968,0,0.028847561,0,0,0.59578681,0.029369692,-0,0,1,0,0,-0.027862517,0,0.16635593,56.597738,19.081224,82.885704,6973.9583,1.4835299,0,0,nan,nan,1958.4321,-33.58711,-0,22.5853,0,-27.963241,0,6973.9583,0,0,0,0,0
0.5,1.9451778,0,-21.997456,5.5054657,0,-60.243784,0,1.5067637,0,0,0.057453683,0,0.029294426,0,0,0.63432612,0.029297354,-0,0,1,0,0,-0.022467796,0,0.17723154,60.295861,21.997456,82.646851,6968.75,1.4835299,0,0,nan,nan,2222.1007,-38.109027,-0,19.679101,0,-44.508237,0,6968.75,0,0,0,0,0
0.55,2.227079,0,-25.098334,5.7794252,0,-63.940366,0,1.5094537,0,0,0.049496189,0,0.028849331,0,0,0.66919093,0.028377874,-0,0,1,0,0,-0.017900996,0,0.18812813,64.000747,25.098334,82.407997,6963.5417,1.4835299,0,0,nan,nan,2502.8191,-42.923347,-0,16.646406,0,-57.096304,0,6963.5417,0,0,0,0,0
0.6,2.5223866,0,-28.384205,6.0415554,0,-67.643717,0,1.511704,0,0,0.039932203,0,0.02763036,0,0,0.7007316,0.02676906,-0,0,1,0,0,-0.014158266,0,0.19904481,67.712063,28.384205,82.169144,6958.3333,1.4835299,0,0,nan,nan,2800.6213,-48.030655,-0,13.741861,0,-64.757427,0,6958.3333,0,0,0,0,0
0.65,2.8305573,0,-31.855401,6.2939391,0,-71.353533,0,1.5134535,0,0,0.029569154,0,0.025817546,0,0,0.72926505,0.024680173,-0,0,1,0,0,-0.011211967,0,0.20998079,71.429523,31.855401,81.93029,6953.125,1.4835299,0,0,nan,nan,3115.5374,-53.431466,-0,11.204326,0,-67.099256,0,6953.125,0,0,0,0,0
0.7,3.1511605,0,-35.512236,6.5389788,0,-75.069507,0,1.514682,0,0,0.019227834,0,0.023629954,0,0,0.75507801,0.022344831,-0,0,1,0,0,-0.0090064984,0,0.22093543,75.152879,35.512236,81.691437,6947.9167,1.4835299,0,0,nan,nan,3447.5941,-59.12624,-0,9.2270809,0,-64.370525,0,6947.9167,0,0,0,0,0
0.75,3.4838895,0,-39.355011,6.7791922,0,-78.791335,0,1.5154089,0,0,0.0096441816,0,0.021297381,0,0,0.77842985,0.019990889,-0,0,1,0,0,-0.0074595848,0,0.23190816,78.881917,39.355011,81.452583,6942.7083,1.4835299,0,0,nan,nan,3796.8151,-65.115378,-0,7.9347322,0,-57.415585,0,6942.7083,0,0,0,0,0
0.8,3.8285619,0,-43.384013,7.0170114,0,-82.518727,0,1.5156865,0,0,0.0013863063,0,0.019031437,0,0,0.79955524,0.017812562,-0,0,1,0,0,-0.0064682176,0,0.2428985,82.616443,43.384013,81.21373,6937.5,1.4835299,0,0,nan,nan,4163.2202,-71.399226,-0,7.3714643,0,-47.5233,0,6937.5,0,0,0,0,0
0.85,4.1851117,0,-47.599512,7.2546121,0,-86.251409,0,1.5155904,0,0,-0.0051985801,0,0.01700109,0,0,0.81866645,0.015949741,-0,0,1,0,0,-0.0059178268,0,0.25390598,86.356281,47.599512,80.974876,6932.2917,1.4835299,0,0,nan,nan,4546.8259,-77.978063,-0,7.5029675,0,-36.198937,0,6932.2917,0,0,0,0,0
0.9,4.5535729,0,-52.001767,7.4937919,0,-89.989129,0,1.5152079,0,0,-0.0099987438,0,0.015316899,0,0,0.83595552,0.01447793,-0,0,1,0,0,-0.0056927958,0,0.2649302,90.101262,52.001767,80.736023,6927.0833,1.4835299,0,0,nan,nan,4947.6442,-84.852098,-0,8.2312862,0,-24.907698,0,6927.0833,0,0,0,0,0
0.95,4.9340589,0,-56.591025,7.7359086,0,-93.731656,0,1.5146267,0,0,-0.013113815,0,0.014026247,0,0,0.85159618,0.013409835,-0,0,1,0,0,-0.0056863553,0,0.27597074,93.851224,56.591025,80.497169,6921.875,1.4835299,0,0,nan,nan,5365.683,-92.021464,-0,9.4188394,0,-14.846223,0,6921.875,0,0,0,0,0
1,5.3267402,0,-61.36752,7.9818805,0,-97.478782,0,1.5139252,0,0,-0.014800194,0,0.013119426,0,0,0.86574559,0.012707041,-0,0,1,0,0,-0.0058081972,0,0.28702721,97.606004,61.36752,80.258316,6916.6667,1.4835299,0,0,nan,nan,5800.9456,-99.486217,-0,10.915864,0,-6.7906026,0,6916.6667,0,0,0,0,0
1.05,5.7318239,0,-66.331478,8.2322348,0,-101.23032,0,1.5131671,0,0,-0.015400292,0,0.012544054,0,0,0.87854595,0.012298095,-0,0,1,0,0,-0.0059887886,0,0.2980992,101.36544,66.331478,80.019462,6911.4583,1.4835299,0,0,nan,nan,6253.4304,-107.24633,-0,12.585144,0,-1.0478116,0,6911.4583,0,0,0,0,0
1.1,6.1495353,0,-71.483115,8.4871899,0,-104.98609,0,1.5123978,0,0,-0.015272019,0,0.012223715,0,0,0.89012586,0.012098284,-0,0,1,0,0,-0.0061801717,0,0.30918632,105.12939,71.483115,79.780609,6906.25,1.4835299,0,0,nan,nan,6723.1313,-115.3017,-0,14.319201,0,2.4912307,0,6906.25,0,0,0,0,0
1.15,6.5801052,0,-76.822639,8.7467505,0,-108.74593,0,1.511646,0,0,-0.014732577,0,0.012076341,0,0,0.90060171,0.012026743,-0,0,1,0,0,-0.0063537801,0,0.32028819,108.89767,76.822639,79.541755,6901.0417,1.4835299,0,0,nan,nan,7210.0374,-123.65214,-0,16.047677,0,4.2252122,0,6901.0417,0,0,0,0,0
1.2,7.0237615,0,-82.350249,9.0107964,0,-112.50969,0,1.510926,0,0,-0.014024822,0,0.012028622,0,0,0.91007874,0.012017933,-0,0,1,0,0,-0.0064963198,0,0.33140441,112.67013,82.350249,79.302902,6895.8333,1.4835299,0,0,nan,nan,7714.1327,-132.29738,-0,17.735508,0,4.6863813,0,6895.8333,0,0,0,0,0
1.25,7.4807244,0,-88.066139,9.2791542,0,-116.27721,0,1.5102422,0,0,-0.013307448,0,0.012024455,0,0,0.91865219,0.01202655,-0,0,1,0,0,-0.0066049289,0,0.34253458,116.44662,88.066139,79.064048,6890.625,1.4835299,0,0,nan,nan,8235.3966,-141.23705,-0,19.37474,0,4.3990873,0,6890.625,0,0,0,0,0
1.3,7.951205,0,-93.970492,9.5516454,0,-120.04833,0,1.5095927,0,0,-0.01266412,0,0.012027322,0,0,0.92640822,0.012026772,-0,0,1,0,0,-0.0066826733,0,0.35367831,120.22698,93.970492,78.825195,6885.4167,1.4835299,0,0,nan,nan,8773.8032,-150.47073,-0,20.973792,0,3.7838916,0,6885.4167,0,0,0,0,0
1.35,8.4354063,0,-100.06348,9.8281129,0,-123.82291,0,1.5089729,0,0,-0.012123384,0,0.012018006,0,0,0.93342475,0.012007911,-0,0,1,0,0,-0.0067350569,0,0.3648352,124.01103,100.06348,78.586341,6880.2083,1.4835299,0,0,nan,nan,9329.3219,-159.99787,-0,22.547613,0,3.1179406,0,6880.2083,0,0,0,0,0
1.4,8.9335237,0,-106.34528,10.10843,0,-127.60077,0,1.5083777,0,0,-0.011680958,0,0.011989802,0,0,0.93977231,0.011968829,-0,0,1,0,0,-0.0067677845,0,0.37600483,127.79862,106.34528,78.347488,6875,1.4835299,0,0,nan,nan,9901.9167,-169.81787,-0,24.110811,0,2.5432385,0,6875,0,0,0,0,0
1.45,9.4457474,0,-112.81605,10.392497,0,-131.38177,0,1.5078026,0,0,-0.011318342,0,0.011943303,0,0,0.94551466,0.011912936,-0,0,1,0,0,-0.0067856529,0,0.3871868,131.58958,112.81605,78.108634,6869.7917,1.4835299,0,0,nan,nan,10491.547,-179.93003,-0,25.674254,0,2.103104,0,6869.7917,0,0,0,0,0
1.5,9.9722629,0,-119.47595,10.680238,0,-135.16573,0,1.5072442,0,0,-0.011014948,0,0.011882178,0,0,0.95070951,0.011844758,-0,0,1,0,0,-0.0067922457,0,0.3983807,135.38375,119.47595,77.869781,6864.5833,1.4835299,0,0,nan,nan,11098.166,-190.33354,-0,27.244446,0,1.7855871,0,6864.5833,0,0,0,0,0
1.55,10.513252,0,-126.3251,10.971591,0,-138.95249,0,1.5066999,0,0,-0.010753924,0,0.011810506,0,0,0.95540906,0.011768158,-0,0,1,0,0,-0.0067900677,0,0.40958611,139.18096,126.3251,77.630927,6859.375,1.4835299,0,0,nan,nan,11721.722,-201.02754,-0,28.82443,0,1.5587214,0,6859.375,0,0,0,0,0
1.6,11.068895,0,-133.36366,11.266507,0,-142.74188,0,1.5061678,0,0,-0.010523524,0,0.011731554,0,0,0.95966054,0.011685817,-0,0,1,0,0,-0.006780833,0,0.42080261,142.98104,133.36366,77.392074,6854.1667,1.4835299,0,0,nan,nan,12362.16,-212.01105,-0,30.415104,0,1.3914839,0,6854.1667,0,0,0,0,0
1.65,11.639368,0,-140.59175,11.564941,0,-146.53373,0,1.5056467,0,0,-0.010316216,0,0.011647532,0,0,0.96350667,0.011599386,-0,0,1,0,0,-0.0067657373,0,0.43202978,146.78383,140.59175,77.15322,6848.9583,1.4835299,0,0,nan,nan,13019.418,-223.28302,-0,32.01628,0,1.2617923,0,6848.9583,0,0,0,0,0
1.7,12.224847,0,-148.00949,11.866853,0,-150.32787,0,1.5051355,0,0,-0.010127218,0,0.011559801,0,0,0.96698609,0.011509836,-0,0,1,0,0,-0.0067456526,0,0.44326719,150.58914,148.00949,76.914367,6843.75,1.4835299,0,0,nan,nan,13693.429,-234.84231,-0,33.627288,0,1.1565111,0,6843.75,0,0,0,0,0
1.75,12.825504,0,-155.61698,12.172207,0,-154.12414,0,1.5046334,0,0,-0.0099533093,0,0.011469184,0,0,0.97013377,0.011417763,-0,0,1,0,0,-0.0067212453,0,0.45451442,154.39682,155.61698,76.675513,6838.5417,1.4835299,0,0,nan,nan,14384.122,-246.68769,-0,35.247214,0,1.0684661,0,6838.5417,0,0,0,0,0
1.8,13.44151,0,-163.41434,12.480968,0,-157.92235,0,1.5041396,0,0,-0.0097921299,0,0.011376205,0,0,0.97298133,0.011323572,-0,0,1,0,0,-0.0066930413,0,0.46577105,158.20669,163.41434,76.43666,6833.3333,1.4835299,0,0,nan,nan,15091.419,-258.81783,-0,36.874963,0,0.99357006,0,6833.3333,0,0,0,0,0
1.85,14.073036,0,-171.40165,12.793104,0,-161.72234,0,1.5036537,0,0,-0.0096418399,0,0.011281231,0,0,0.9755574,0.01122756,-0,0,1,0,0,-0.0066614641,0,0.47703663,162.01858,171.40165,76.197806,6828.125,1.4835299,0,0,nan,nan,15815.238,-271.23134,-0,38.509266,0,0.92911611,0,6828.125,0,0,0,0,0
1.9,14.720249,0,-179.579,13.108583,0,-165.52393,0,1.503175,0,0,-0.009500967,0,0.01118453,0,0,0.97788786,0.011129952,-0,0,1,0,0,-0.0066268599,0,0.48831074,165.83231,179.579,75.958953,6822.9167,1.4835299,0,0,nan,nan,16555.493,-283.92671,-0,40.1487,0,0.87307045,0,6822.9167,0,0,0,0,0
1.95,15.383315,0,-187.94646,13.427377,0,-169.32695,0,1.5027032,0,0,-0.009368321,0,0.011086306,0,0,0.97999612,0.01103092,-0,0,1,0,0,-0.006589515,0,0.49959294,169.64771,187.94646,75.720099,6817.7083,1.4835299,0,0,nan,nan,17312.092,-296.90238,-0,41.791716,0,0.82385605,0,6817.7083,0,0,0,0,0
2,16.0624,0,-196.50411,13.749453,0,-173.13123,0,1.5022378,0,0,-0.0092429292,0,0.010986713,0,0,0.98190337,0.010930595,-0,0,1,0,0,-0.0065496701,0,0.51088279,173.46461,196.50411,75.481246,6812.5,1.4835299,0,0,nan,nan,18084.936,-310.15666,-0,43.436671,0,0.78026975,0,6812.5,0,0,0,0,0
2.05,16.757668,0,-205.25199,14.074784,0,-176.93658,0,1.5017785,0,0,-0.0091239835,0,0.01088587,0,0,0.98362877,0.01082908,-0,0,1,0,0,-0.0065075302,0,0.52217986,177.28284,205.25199,75.242392,6807.2917,1.4835299,0,0,nan,nan,18873.925,-323.68781,-0,45.081848,0,0.74140268,0,6807.2917,0,0,0,0,0
2.1,17.469279,0,-214.19017,14.403339,0,-180.74284,0,1.5013251,0,0,-0.009010801,0,0.010783873,0,0,0.98518967,0.010726458,-0,0,1,0,0,-0.0064632725,0,0.5334837,181.10221,214.19017,75.003539,6802.0833,1.4835299,0,0,nan,nan,19678.95,-337.49399,-0,46.725479,0,0.70655955,0,6802.0833,0,0,0,0,0
2.15,18.197394,0,-223.31868,14.735088,0,-184.54983,0,1.5008771,0,0,-0.0089027955,0,0.010680796,0,0,0.98660175,0.010622794,-0,0,1,0,0,-0.0064170515,0,0.54479388,184.92255,223.31868,74.764685,6796.875,1.4835299,0,0,nan,nan,20499.899,-351.57326,-0,48.365754,0,0.67519533,0,6796.875,0,0,0,0,0
2.2,18.942174,0,-232.63755,15.070002,0,-188.35736,0,1.5004345,0,0,-0.0087994575,0,0.010576703,0,0,0.98787919,0.010518147,-0,0,1,0,0,-0.0063690038,0,0.55610995,188.74369,232.63755,74.525832,6791.6667,1.4835299,0,0,nan,nan,21336.655,-365.92363,-0,50.000834,0,0.64687347,0,6791.6667,0,0,0,0,0
2.25,19.703774,0,-242.1468,15.408049,0,-192.16528,0,1.4999969,0,0,-0.008700339,0,0.010471646,0,0,0.98903484,0.010412565,-0,0,1,0,0,-0.0063192511,0,0.56743147,192.56545,242.1468,74.286978,6786.4583,1.4835299,0,0,nan,nan,22189.096,-380.54299,-0,51.628857,0,0.62123889,0,6786.4583,0,0,0,0,0
2.3,20.482351,0,-251.84646,15.7492,0,-195.97339,0,1.4995642,0,0,-0.0086050429,0,0.010365674,0,0,0.9900803,0.010306091,-0,0,1,0,0,-0.0062679028,0,0.57875799,196.38765,251.84646,74.048125,6781.25,1.4835299,0,0,nan,nan,23057.094,-395.42917,-0,53.247947,0,0.59799887,0,6781.25,0,0,0,0,0
2.35,21.27806,0,-261.73653,16.093421,0,-199.78152,0,1.4991362,0,0,-0.0085132138,0,0.010258827,0,0,0.99102608,0.010198765,-0,0,1,0,0,-0.006215058,0,0.59008908,200.21012,261.73653,73.809271,6776.0417,1.4835299,0,0,nan,nan,23940.519,-410.5799,-0,54.856219,0,0.57690888,0,6776.0417,0,0,0,0,0
2.4,22.091052,0,-271.81699,16.440681,0,-203.5895,0,1.4987126,0,0,-0.0084245319,0,0.010151144,0,0,0.99188169,0.010090623,-0,0,1,0,0,-0.0061608071,0,0.60142428,204.03268,271.81699,73.570418,6770.8333,1.4835299,0,0,nan,nan,24839.233,-425.99284,-0,56.451787,0,0.55776188,0,6770.8333,0,0,0,0,0
2.45,22.92148,0,-282.08785,16.790946,0,-207.39714,0,1.4982935,0,0,-0.0083387071,0,0.010042659,0,0,0.99265573,0.0099816985,-0,0,1,0,0,-0.0061052333,0,0.61276315,207.85516,282.08785,73.331564,6765.625,1.4835299,0,0,nan,nan,25753.094,-441.66556,-0,58.032765,0,0.54038038,0,6765.625,0,0,0,0,0
2.5,23.769493,0,-292.54909,17.144182,0,-211.20428,0,1.4978786,0,0,-0.0082554754,0,0.0099334069,0,0,0.99335596,0.0098720248,-0,0,1,0,0,-0.0060484132,0,0.62410524,211.67736,292.54909,73.092711,6760.4167,1.4835299,0,0,nan,nan,26681.957,-457.59556,-0,59.597274,0,0.52461056,0,6760.4167,0,0,0,0,0
2.55,24.635238,0,-303.20066,17.500353,0,-215.01073,0,1.4974677,0,0,-0.0081745954,0,0.0098234186,0,0,0.99398943,0.0097616329,-0,0,1,0,0,-0.0059904181,0,0.63545011,215.49913,303.20066,72.853857,6755.2083,1.4835299,0,0,nan,nan,27625.671,-473.78025,-0,61.143444,0,0.51031777,0,6755.2083,0,0,0,0,0
2.6,25.518862,0,-314.04253,17.859424,0,-218.81632,0,1.4970609,0,0,-0.0080958453,0,0.0097127257,0,0,0.9945625,0.0096505536,-0,0,1,0,0,-0.0059313146,0,0.64679731,219.32028,314.04253,72.615004,6750,1.4835299,0,0,nan,nan,28584.079,-490.21696,-0,62.669417,0,0.49738306,0,6750,0,0,0,0,0
2.65,26.420507,0,-325.07466,18.221356,0,-222.62088,0,1.496658,0,0,-0.008019021,0,0.0096013586,0,0,0.99508093,0.009538817,-0,0,1,0,0,-0.0058711652,0,0.65814639,223.14064,325.07466,72.37615,6744.7917,1.4835299,0,0,nan,nan,29557.023,-506.90295,-0,64.173355,0,0.48570052,0,6744.7917,0,0,0,0,0
2.7,27.340318,0,-336.29699,18.586113,0,-226.42421,0,1.4962588,0,0,-0.0079439342,0,0.0094893473,0,0,0.99554994,0.009426453,-0,0,1,0,0,-0.0058100286,0,0.66949691,226.96002,336.29699,72.137297,6739.5833,1.4835299,0,0,nan,nan,30544.338,-523.8354,-0,65.653435,0,0.47517517,0,6739.5833,0,0,0,0,0
2.75,28.278433,0,-347.70946,18.953653,0,-230.22616,0,1.4958634,0,0,-0.0078704105,0,0.0093767216,0,0,0.99597422,0.0093134914,-0,0,1,0,0,-0.0057479603,0,0.68084842,230.77826,347.70946,71.898443,6734.375,1.4835299,0,0,nan,nan,31545.855,-541.01141,-0,67.10786,0,0.46572127,0,6734.375,0,0,0,0,0
2.8,29.234991,0,-359.31198,19.323936,0,-234.02654,0,1.4954716,0,0,-0.0077982885,0,0.0092635114,0,0,0.99635806,0.0091999618,-0,0,1,0,0,-0.0056850131,0,0.69220048,234.59517,359.31198,71.65959,6729.1667,1.4835299,0,0,nan,nan,32561.4,-558.42801,-0,68.534855,0,0.45726102,0,6729.1667,0,0,0,0,0
2.85,30.210128,0,-371.10448,19.69692,0,-237.82519,0,1.4950834,0,0,-0.0077274183,0,0.0091497464,0,0,0.99670529,0.0090858941,-0,0,1,0,0,-0.0056212372,0,0.70355264,238.41058,371.10448,71.420736,6723.9583,1.4835299,0,0,nan,nan,33590.796,-576.08216,-0,69.932675,0,0.44972343,0,6723.9583,0,0,0,0,0
2.9,31.203979,0,-383.08687,20.072563,0,-241.62192,0,1.4946987,0,0,-0.0076576608,0,0.0090354564,0,0,0.99701943,0.0089713181,-0,0,1,0,0,-0.0055566806,0,0.71490446,242.22432,383.08687,71.181883,6718.75,1.4835299,0,0,nan,nan,34633.862,-593.97074,-0,71.299605,0,0.44304346,0,6718.75,0,0,0,0,0
2.95,32.216674,0,-395.25905,20.450819,0,-245.41656,0,1.4943175,0,0,-0.0075888864,0,0.0089206714,0,0,0.9973036,0.008856264,-0,0,1,0,0,-0.0054913891,0,0.72625549,246.03621,395.25905,70.943029,6713.5417,1.4835299,0,0,nan,nan,35690.411,-612.09056,-0,72.63396,0,0.43716127,0,6713.5417,0,0,0,0,0
3,33.248344,0,-407.6209,20.831644,0,-249.20894,0,1.4939397,0,0,-0.0075209748,0,0.0088054215,0,0,0.99756069,0.0087407619,-0,0,1,0,0,-0.0054254069,0,0.7376053,249.84608,407.6209,70.704176,6708.3333,1.4835299,0,0,nan,nan,36760.254,-630.43836,-0,73.934094,0,0.4320216,0,6708.3333,0,0,0,0,0
3.05,34.299116,0,-420.17232,21.21499,0,-252.99888,0,1.4935652,0,0,-0.0074538137,0,0.008689737,0,0,0.99779326,0.0086248422,-0,0,1,0,0,-0.0053587763,0,0.74895345,253.65374,420.17232,70.465322,6703.125,1.4835299,0,0,nan,nan,37843.197,-649.01082,-0,75.198395,0,0.42757329,0,6703.125,0,0,0,0,0
3.1,35.369115,0,-432.91317,21.600808,0,-256.78623,0,1.4931941,0,0,-0.0073872988,0,0.0085736485,0,0,0.99800366,0.0085085356,-0,0,1,0,0,-0.0052915385,0,0.76029949,257.45904,432.91317,70.226469,6697.9167,1.4835299,0,0,nan,nan,38939.041,-667.80455,-0,76.425294,0,0.42376877,0,6697.9167,0,0,0,0,0
3.15,36.458464,0,-445.84332,21.989051,0,-260.57079,0,1.4928264,0,0,-0.0073213328,0,0.0084571866,0,0,0.998194,0.008391873,-0,0,1,0,0,-0.005223733,0,0.77164299,261.26179,445.84332,69.987615,6692.7083,1.4835299,0,0,nan,nan,40047.585,-686.81609,-0,77.61326,0,0.42056376,0,6692.7083,0,0,0,0,0
3.2,37.567281,0,-458.96263,22.379666,0,-264.35242,0,1.4924619,0,0,-0.0072558252,0,0.0083403822,0,0,0.99836619,0.0082748852,-0,0,1,0,0,-0.0051553983,0,0.78298351,265.06183,458.96263,69.748762,6687.5,1.4835299,0,0,nan,nan,41168.625,-706.04191,-0,78.76081,0,0.41791688,0,6687.5,0,0,0,0,0
3.25,38.695685,0,-472.27095,22.772602,0,-268.13092,0,1.4921006,0,0,-0.0071906918,0,0.0082232666,0,0,0.99852197,0.0081576037,-0,0,1,0,0,-0.0050865715,0,0.79432063,268.85897,472.27095,69.509908,6682.2917,1.4835299,0,0,nan,nan,42301.95,-725.47844,-0,79.866502,0,0.4157894,0,6682.2917,0,0,0,0,0
3.3,39.843791,0,-485.76812,23.167806,0,-271.90615,0,1.4917427,0,0,-0.0071258541,0,0.008105871,0,0,0.99866289,0.0080400597,-0,0,1,0,0,-0.0050172891,0,0.8056539,272.65307,485.76812,69.271054,6677.0833,1.4835299,0,0,nan,nan,43447.348,-745.12203,-0,80.928947,0,0.414145,0,6677.0833,0,0,0,0,0
3.35,41.01171,0,-499.45396,23.565224,0,-275.67793,0,1.4913879,0,0,-0.0070612392,0,0.0079882269,0,0,0.99879037,0.0079222849,-0,0,1,0,0,-0.0049475861,0,0.81698291,276.44393,499.45396,69.032201,6671.875,1.4835299,0,0,nan,nan,44604.605,-764.96897,-0,81.946801,0,0.41294953,0,6671.875,0,0,0,0,0
3.4,42.199552,0,-513.32831,23.964799,0,-279.44609,0,1.4910364,0,0,-0.0069967795,0,0.0078703658,0,0,0.9989057,0.007804311,-0,0,1,0,0,-0.0048774972,0,0.82830722,280.2314,513.32831,68.793347,6666.6667,1.4835299,0,0,nan,nan,45773.499,-785.0155,-0,82.918774,0,0.41217084,0,6666.6667,0,0,0,0,0
3.45,43.407424,0,-527.39098,24.366474,0,-283.21047,0,1.4906881,0,0,-0.006932412,0,0.0077523197,0,0,0.99901004,0.0076861697,-0,0,1,0,0,-0.0048070559,0,0.83962641,284.01531,527.39098,68.554494,6661.4583,1.4835299,0,0,nan,nan,46953.809,-805.25782,-0,83.843628,0,0.4117786,0,6661.4583,0,0,0,0,0
3.5,44.635428,0,-541.64177,24.770192,0,-286.97091,0,1.490343,0,0,-0.0068680787,0,0.0076341204,0,0,0.99910443,0.0075678932,-0,0,1,0,0,-0.0047362951,0,0.85094005,287.79549,541.64177,68.31564,6656.25,1.4835299,0,0,nan,nan,48145.308,-825.69204,-0,84.72018,0,0.41174415,0,6656.25,0,0,0,0,0
3.55,45.883667,0,-556.08048,25.175893,0,-290.72724,0,1.4900012,0,0,-0.0068037255,0,0.0075157999,0,0,0.99918981,0.0074495134,-0,0,1,0,0,-0.0046652469,0,0.86224773,291.57177,556.08048,68.076787,6651.0417,1.4835299,0,0,nan,nan,49347.769,-846.31424,-0,85.547303,0,0.41204037,0,6651.0417,0,0,0,0,0
3.6,47.152237,0,-570.70691,25.583517,0,-294.47931,0,1.4896625,0,0,-0.006739303,0,0.0073973902,0,0,0.99926706,0.0073310625,-0,0,1,0,0,-0.0045939427,0,0.87354904,295.344,570.70691,67.837933,6645.8333,1.4835299,0,0,nan,nan,50560.96,-867.12046,-0,86.323928,0,0.41264157,0,6645.8333,0,0,0,0,0
3.65,48.441232,0,-585.52084,25.993003,0,-298.22695,0,1.4893271,0,0,-0.0066747651,0,0.0072789235,0,0,0.99933694,0.0072125725,-0,0,1,0,0,-0.0045224135,0,0.88484356,299.11201,585.52084,67.59908,6640.625,1.4835299,0,0,nan,nan,51784.645,-888.10666,-0,87.049043,0,0.41352338,0,6640.625,0,0,0,0,0
3.7,49.750746,0,-600.52204,26.404286,0,-301.97001,0,1.4889949,0,0,-0.0066100698,0,0.0071604319,0,0,0.99940016,0.0070940756,-0,0,1,0,0,-0.0044506895,0,0.89613087,302.87563,600.52204,67.360226,6635.4167,1.4835299,0,0,nan,nan,53018.588,-909.26878,-0,87.721697,0,0.41466262,0,6635.4167,0,0,0,0,0
3.75,51.080866,0,-615.71028,26.817305,0,-305.70833,0,1.488666,0,0,-0.0065451786,0,0.0070419477,0,0,0.99945735,0.0069756041,-0,0,1,0,0,-0.0043788002,0,0.90741058,306.63471,615.71028,67.121373,6630.2083,1.4835299,0,0,nan,nan,54262.549,-930.60271,-0,88.341001,0,0.41603729,0,6630.2083,0,0,0,0,0
3.8,52.431677,0,-631.08532,27.231993,0,-309.44175,0,1.4883403,0,0,-0.0064800562,0,0.0069235028,0,0,0.99950909,0.0068571899,-0,0,1,0,0,-0.004306775,0,0.91868229,310.38909,631.08532,66.882519,6625,1.4835299,0,0,nan,nan,55516.285,-952.10429,-0,88.906126,0,0.41762642,0,6625,0,0,0,0,0
3.85,53.803261,0,-646.64691,27.648286,0,-313.17012,0,1.4880179,0,0,-0.0064146707,0,0.0068051294,0,0,0.99955589,0.0067388651,-0,0,1,0,0,-0.0042346422,0,0.92994558,314.13861,646.64691,66.643666,6619.7917,1.4835299,0,0,nan,nan,56779.552,-973.76931,-0,89.416307,0,0.41941002,0,6619.7917,0,0,0,0,0
3.9,55.195697,0,-662.39479,28.066116,0,-316.89329,0,1.4876987,0,0,-0.0063489931,0,0.0066868595,0,0,0.99959824,0.0066206618,-0,0,1,0,0,-0.0041624302,0,0.94120007,317.88311,662.39479,66.404812,6614.5833,1.4835299,0,0,nan,nan,58052.102,-995.59355,-0,89.870843,0,0.42136907,0,6614.5833,0,0,0,0,0
3.95,56.60906,0,-678.32871,28.485415,0,-320.61112,0,1.4873828,0,0,-0.0062829974,0,0.006568725,0,0,0.99963654,0.0065026116,-0,0,1,0,0,-0.0040901663,0,0.95244537,321.62244,678.32871,66.165959,6609.375,1.4835299,0,0,nan,nan,59333.687,-1017.5727,-0,90.269096,0,0.42348536,0,6609.375,0,0,0,0,0
4,58.043422,0,-694.44838,28.906116,0,-324.32344,0,1.4870703,0,0,-0.0062166603,0,0.0064507577,0,0,0.9996712,0.0063847465,-0,0,1,0,0,-0.0040178778,0,0.96368108,325.35645,694.44838,65.927105,6604.1667,1.4835299,0,0,nan,nan,60624.055,-1039.7025,-0,90.610495,0,0.42574156,0,6604.1667,0,0,0,0,0
4.05,59.497996,0,-710.75361,29.296563,0,-328.03273,0,1.4839576,0,0,-0.12521919,0,0.02217741,0,0,0.99970255,0.013192887,-0,0,1,0,0,-0.0068453753,0,0.97490708,329.08506,710.75361,65.688252,6598.9583,1.3962634,0,0,nan,nan,61922.983,-1061.9792,-0,106.76725,0,-243.80168,0,6598.9583,0,0,0,0,0
4.1,60.974985,0,-727.2439,29.83075,0,-331.72324,0,1.478323,0,0,-0.082915107,0,0.01875522,0,0,0.99973091,0.023490785,-0,0,1,0,0,-0.011766058,0,0.98611826,332.80654,727.2439,65.449398,6593.75,1.3962634,0,0,nan,nan,63229.614,-1084.3879,-0,277.37944,0,334.57355,0,6593.75,0,0,0,0,0
4.15,62.481322,0,-743.91833,30.456365,0,-335.3987,0,1.4748421,0,0,-0.065129995,0,0.025799715,0,0,0.99975656,0.027487473,-0,0,1,0,0,-0.014274438,0,0.99731391,336.52064,743.91833,65.210545,6588.5417,1.3962634,0,0,nan,nan,64543.637,-1106.9234,-0,329.05608,0,-2.5368587,0,6588.5417,0,0,0,0,0
4.2,64.020309,0,-760.77623,31.141232,0,-339.06167,0,1.4716816,0,0,-0.058567923,0,0.027321266,0,0,0.99977977,0.028260971,-0,0,1,0,0,-0.016307182,0,1.0084946,340.22749,760.77623,64.971691,6583.3333,1.3962634,0,0,nan,nan,65864.896,-1129.583,-0,394.03054,0,78.443359,0,6583.3333,0,0,0,0,0
4.25,65.594947,0,-777.81697,31.881512,0,-342.71218,0,1.4690143,0,0,-0.048874042,0,0.029260553,0,0,0.99980077,0.030205985,-0,0,1,0,0,-0.017707323,0,1.0196599,343.927,777.81697,64.732838,6578.125,1.3962634,0,0,nan,nan,67193.131,-1152.3622,-0,438.49818,0,39.336744,0,6578.125,0,0,0,0,0
4.3,67.207613,0,-795.03997,32.662524,0,-346.35146,0,1.4666982,0,0,-0.043760042,0,0.0304462,0,0,0.99981977,0.030940222,-0,0,1,0,0,-0.018663775,0,1.0308106,347.61934,795.03997,64.493984,6572.9167,1.3962634,0,0,nan,nan,68528.2,-1175.2586,-0,473.35541,0,30.774951,0,6572.9167,0,0,0,0,0
4.35,68.860172,0,-812.44467,33.477565,0,-349.98003,0,1.4646201,0,0,-0.039382749,0,0.031204218,0,0,0.99983695,0.031561471,-0,0,1,0,0,-0.019311625,0,1.0419468,351.30457,812.44467,64.255131,6567.7083,1.3962634,0,0,nan,nan,69869.913,-1198.269,-0,500.91041,0,23.464099,0,6567.7083,0,0,0,0,0
4.4,70.554173,0,-830.03055,34.320385,0,-353.59836,0,1.4627294,0,0,-0.036301642,0,0.031683991,0,0,0.9998525,0.031877618,-0,0,1,0,0,-0.01972135,0,1.0530689,354.98277,830.03055,64.016277,6562.5,1.3962634,0,0,nan,nan,71218.084,-1221.3901,-0,522.36243,0,16.662917,0,6562.5,0,0,0,0,0
4.45,72.29089,0,-847.79711,35.186483,0,-357.20678,0,1.460972,0,0,-0.03400457,0,0.031926675,0,0,0.99986656,0.032016134,-0,0,1,0,0,-0.01996094,0,1.0641768,358.65395,847.79711,63.777424,6557.2917,1.3962634,0,0,nan,nan,72572.508,-1244.6185,-0,539.52218,0,12.630901,0,6557.2917,0,0,0,0,0
4.5,74.0714,0,-865.74386,36.072438,0,-360.80552,0,1.459315,0,0,-0.032296826,0,0.032009649,0,0,0.99987928,0.032019459,-0,0,1,0,0,-0.020073994,0,1.0752708,362.31811,865.74386,63.53857,6552.0833,1.3962634,0,0,nan,nan,73932.974,-1267.9505,-0,553.28094,0,9.3012712,0,6552.0833,0,0,0,0,0
4.55,75.896631,0,-883.87032,36.975623,0,-364.39472,0,1.4577322,0,0,-0.031024617,0,0.031969863,0,0,0.99989079,0.031921146,-0,0,1,0,0,-0.020094432,0,1.0863506,365.97521,883.87032,63.299717,6546.875,1.3962634,0,0,nan,nan,75299.255,-1291.3822,-0,564.47986,0,7.0101751,0,6546.875,0,0,0,0,0
4.6,77.767395,0,-902.17601,37.894031,0,-367.97446,0,1.4562051,0,0,-0.030064003,0,0.03184114,0,0,0.9999012,0.031749458,-0,0,1,0,0,-0.020046617,0,1.0974163,369.62521,902.17601,63.060863,6541.6667,1.3962634,0,0,nan,nan,76671.12,-1314.9097,-0,573.69306,0,5.3066674,0,6541.6667,0,0,0,0,0
4.65,79.684412,0,-920.66046,38.826105,0,-371.54477,0,1.4547203,0,0,-0.029331901,0,0.031646365,0,0,0.99991062,0.031522803,-0,0,1,0,0,-0.019948508,0,1.1084677,373.26803,920.66046,62.82201,6536.4583,1.3962634,0,0,nan,nan,78048.328,-1338.5288,-0,581.36334,0,4.0823004,0,6536.4583,0,0,0,0,0
4.7,81.648336,0,-939.3232,39.770625,0,-375.10565,0,1.4532679,0,0,-0.028764241,0,0.03140281,0,0,0.99991915,0.031255692,-0,0,1,0,0,-0.019813257,0,1.1195046,376.9036,939.3232,62.583156,6531.25,1.3962634,0,0,nan,nan,79430.636,-1362.2354,-0,587.81765,0,3.1959588,0,6531.25,0,0,0,0,0
4.75,83.659765,0,-958.16375,40.726623,0,-378.65708,0,1.4518409,0,0,-0.028315408,0,0.031123059,0,0,0.99992685,0.030958418,-0,0,1,0,0,-0.019650505,0,1.1305268,380.53184,958.16375,62.344303,6526.0417,1.3962634,0,0,nan,nan,80817.794,-1386.0252,-0,593.29979,0,2.5590452,0,6526.0417,0,0,0,0,0
4.8,85.719254,0,-977.18165,41.693313,0,-382.19901,0,1.4504341,0,0,-0.027951694,0,0.030816366,0,0,0.99993383,0.030638664,-0,0,1,0,0,-0.019467322,0,1.1415341,384.15264,977.18165,62.105449,6520.8333,1.3962634,0,0,nan,nan,82209.551,-1409.8938,-0,597.99105,0,2.1039019,0,6520.8333,0,0,0,0,0
4.85,87.82732,0,-996.37642,42.670048,0,-385.73138,0,1.449044,0,0,-0.027648618,0,0.030489537,0,0,0.99994014,0.030302047,-0,0,1,0,0,-0.019268901,0,1.1525263,387.76592,996.37642,61.866596,6515.625,1.3962634,0,0,nan,nan,83605.652,-1433.8369,-0,602.02595,0,1.7813145,0,6515.625,0,0,0,0,0
4.9,89.984454,0,-1015.7476,43.656282,0,-389.25412,0,1.447668,0,0,-0.027388297,0,0.030147582,0,0,0.99994585,0.029952721,-0,0,1,0,0,-0.019059057,0,1.1635031,391.37157,1015.7476,61.627742,6510.4167,1.3962634,0,0,nan,nan,85005.842,-1457.8502,-0,605.5043,0,1.555396,0,6510.4167,0,0,0,0,0
4.95,92.191118,0,-1035.2946,44.651543,0,-392.76717,0,1.4463042,0,0,-0.027157709,0,0.029794201,0,0,0.99995101,0.029593753,-0,0,1,0,0,-0.018840599,0,1.1744643,394.9695,1035.2946,61.388889,6505.2083,1.3962634,0,0,nan,nan,86409.865,-1481.9292,-0,608.49999,0,1.3998429,0,6505.2083,0,0,0,0,0
5,94.447753,0,-1055.0171,45.655411,0,-396.27045,0,1.4449514,0,0,-0.026947375,0,0.029432132,0,0,0.99995568,0.029227422,-0,0,1,0,0,-0.018615605,0,1.1854096,398.5596,1055.0171,61.150035,6500,1.3962634,0,0,nan,nan,87817.463,-1506.0695,-0,611.06771,0,1.2954823,0,6500,0,0,0,0,0
5.05,96.754275,0,-1074.9106,46.634492,0,-399.50915,0,1.4436096,0,0,-0.026689685,0,0.029070251,0,0,0.99995991,0.028874036,-0,0,1,0,0,-0.018397671,0,1.1955748,401.88497,1074.9106,61.035032,5850,1.3962634,0,0,nan,nan,89114.488,-1528.3135,-0,612.94687,0,2.1493253,0,5850,0,0,0,0,0
5.1,99.108269,0,-1094.9531,47.551384,0,-402.20832,0,1.4422836,0,0,-0.026330298,0,0.028734647,0,0,0.99996373,0.028552396,-0,0,1,0,0,-0.018195474,0,1.2041336,404.66821,1094.9531,60.920028,5200,1.3962634,0,0,nan,nan,90175.101,-1546.503,-0,613.53208,0,2.3922195,0,5200,0,0,0,0,0
5.15,101.50657,0,-1115.1176,48.403685,0,-404.36957,0,1.4409764,0,0,-0.025935215,0,0.028417444,0,0,0.99996719,0.028244262,-0,0,1,0,0,-0.018005613,0,1.2110884,406.9106,1115.1176,60.805025,4550,1.3962634,0,0,nan,nan,90996.475,-1560.5895,-0,612.77648,0,2.6813101,0,4550,0,0,0,0,0
5.2,103.94588,0,-1135.3773,49.189014,0,-405.99456,0,1.4396899,0,0,-0.025501129,0,0.028116399,0,0,0.99997031,0.027951725,-0,0,1,0,0,-0.017825885,0,1.2164419,408.61352,1135.3773,60.690021,3900,1.3962634,0,0,nan,nan,91576.836,-1570.5427,-0,610.6461,0,2.8678832,0,3900,0,0,0,0,0
5.25,106.42281,0,-1155.7054,49.904996,0,-407.08501,0,1.4384258,0,0,-0.025041204,0,0.027829151,0,0,0.99997315,0.027671732,-0,0,1,0,0,-0.017654762,0,1.2201966,409.77833,1155.7054,60.575018,3250,1.3962634,0,0,nan,nan,91915.433,-1576.3497,-0,607.13735,0,3.0209213,0,3250,0,0,0,0,0
5.3,108.93383,0,-1176.0753,50.5493,0,-407.64262,0,1.4371852,0,0,-0.024559921,0,0.02755436,0,0,0.99997571,0.027403649,-0,0,1,0,0,-0.017491271,0,1.2223551,410.40643,1176.0753,60.460014,2600,1.3962634,0,0,nan,nan,92012.507,-1578.0145,-0,602.2658,0,3.1393623,0,2600,0,0,0,0,0
5.35,111.47529,0,-1196.4603,51.119646,0,-407.6691,0,1.4359691,0,0,-0.024061846,0,0.027291116,0,0,0.99997802,0.027146699,-0,0,1,0,0,-0.017334812,0,1.2229202,410.49921,1196.4603,60.345011,1950,1.3962634,0,0,nan,nan,91869.262,-1575.5578,-0,596.06254,0,3.2371378,0,1950,0,0,0,0,0
5.4,114.04346,0,-1216.8338,51.613823,0,-407.16616,0,1.4347783,0,0,-0.023549675,0,0.027038907,0,0,0.99998012,0.026900582,-0,0,1,0,0,-0.017185058,0,1.2218944,410.05802,1216.8338,60.230007,1300,1.3962634,0,0,nan,nan,91487.832,-1569.0163,-0,588.57038,0,3.3199164,0,1300,0,0,0,0,0
5.45,116.63446,0,-1237.1696,52.029694,0,-406.13544,0,1.4336133,0,0,-0.023025353,0,0.026797485,0,0,0.99998201,0.026665173,-0,0,1,0,0,-0.017041881,0,1.2192801,409.08423,1237.1696,60.115004,650,1.3962634,0,0,nan,nan,90871.252,-1558.442,-0,579.84096,0,3.3930747,0,650,0,0,0,0,0
5.5,119.24433,0,-1257.4412,52.3652,0,-404.57856,0,1.4324749,0,0,-0.022490094,0,0.026566805,0,0,0.99998373,0.026440524,-0,0,1,0,0,-0.016905297,0,1.2150798,407.57912,1257.4412,60,4.9876689e-09,1.3962634,0,0,nan,nan,90023.434,-1543.9019,-0,569.93254,0,3.4601529,0,4.9876689e-09,0,0,0,0,0
5.55,121.86956,0,-1277.6263,52.654202,0,-402.75561,0,1.4313628,0,0,-0.021990553,0,0.0263418,0,0,0.99998528,0.026212741,-0,0,1,0,0,-0.016766334,0,1.210074,405.80491,1277.6263,60,0,1.3962634,0,0,nan,nan,89063.613,-1527.441,-0,559.2644,0,2.8253377,0,0,0,0,0,0,0
5.6,124.50904,0,-1297.7206,52.934775,0,-400.94709,0,1.4302735,0,0,-0.021567564,0,0.026103728,0,0,0.99998668,0.025967879,-0,0,1,0,0,-0.016618714,0,1.2051061,404.04461,1297.7206,60,0,1.3962634,0,0,nan,nan,88117.435,-1511.214,-0,548.49103,0,2.6295002,0,0,0,0,0,0,0
5.65,127.16235,0,-1317.7249,53.206912,0,-399.15282,0,1.4292048,0,0,-0.021173414,0,0.025858272,0,0,0.99998795,0.025719219,-0,0,1,0,0,-0.016465007,0,1.2001756,402.29804,1317.7249,60,0,1.3962634,0,0,nan,nan,87184.643,-1495.2166,-0,537.69127,0,2.4032438,0,0,0,0,0,0,0
5.7,129.82906,0,-1337.6397,53.470644,0,-397.37265,0,1.4281549,0,0,-0.020810214,0,0.025607204,0,0,0.9999891,0.02546543,-0,0,1,0,0,-0.016306979,0,1.195282,400.56499,1337.6397,60,0,1.3962634,0,0,nan,nan,86264.986,-1479.4445,-0,526.93158,0,2.2509829,0,0,0,0,0,0,0
5.75,132.50875,0,-1357.4659,53.726051,0,-395.60641,0,1.4271227,0,0,-0.020468009,0,0.025352404,0,0,0.99999014,0.025208956,-0,0,1,0,0,-0.016145961,0,1.1904249,398.84529,1357.4659,60,0,1.3962634,0,0,nan,nan,85358.217,-1463.8934,-0,516.25667,0,2.127714,0,0,0,0,0,0,0
5.8,135.20102,0,-1377.2041,53.973241,0,-393.85392,0,1.4261072,0,0,-0.020143086,0,0.025095105,0,0,0.99999108,0.024950516,-0,0,1,0,0,-0.015982898,0,1.1856036,397.13874,1377.2041,60,0,1.3962634,0,0,nan,nan,84464.097,-1448.5593,-0,505.69751,0,2.0316846,0,0,0,0,0,0,0
5.85,137.90546,0,-1396.855,54.212342,0,-392.11501,0,1.4251075,0,0,-0.019831625,0,0.024836224,0,0,0.99999193,0.024690953,-0,0,1,0,0,-0.015818486,0,1.1808177,395.44517,1396.855,60,0,1.3962634,0,0,nan,nan,83582.388,-1433.438,-0,495.27546,0,1.9544173,0,0,0,0,0,0,0
5.9,140.62165,0,-1416.4193,54.443492,0,-390.3895,0,1.4241232,0,0,-0.019531157,0,0.024576425,0,0,0.9999927,0.024430781,-0,0,1,0,0,-0.015653228,0,1.1760666,393.76439,1416.4193,60,0,1.3962634,0,0,nan,nan,82712.862,-1418.5256,-0,485.00459,0,1.8910927,0,0,0,0,0,0,0
5.95,143.34922,0,-1435.8976,54.666842,0,-388.67723,0,1.4231537,0,0,-0.019239761,0,0.024316186,0,0,0.9999934,0.024170401,-0,0,1,0,0,-0.015487486,0,1.17135,392.09623,1435.8976,60,0,1.3962634,0,0,nan,nan,81855.293,-1403.8183,-0,474.894,0,1.8380895,0,0,0,0,0,0,0
6,146.08777,0,-1455.2906,54.882543,0,-386.97802,0,1.4221985,0,0,-0.01895605,0,0.024055855,0,0,0.99999403,0.023910093,-0,0,1,0,0,-0.015321526,0,1.1666674,390.44051,1455.2906,60,0,1.3962634,0,0,nan,nan,81009.46,-1389.3122,-0,464.94912,0,1.7926919,0,0,0,0,0,0,0
6.05,148.83693,0,-1474.599,55.090752,0,-385.29171,0,1.4212574,0,0,-0.018678984,0,0.023795681,0,0,0.9999946,0.02365006,-0,0,1,0,0,-0.015155537,0,1.1620181,388.79705,1474.599,60,0,1.3962634,0,0,nan,nan,80175.15,-1375.0038,-0,455.17281,0,1.7529773,0,0,0,0,0,0,0
6.1,151.59632,0,-1493.8234,55.291625,0,-383.61813,0,1.42033,0,0,-0.018407789,0,0.023535843,0,0,0.99999511,0.023390448,-0,0,1,0,0,-0.014989657,0,1.1574019,387.1657,1493.8234,60,0,1.3962634,0,0,nan,nan,79352.152,-1360.8894,-0,445.5661,0,1.7175112,0,0,0,0,0,0,0
6.15,154.36558,0,-1512.9644,55.485317,0,-381.95711,0,1.419416,0,0,-0.018141883,0,0.023276468,0,0,0.99999558,0.023131361,-0,0,1,0,0,-0.014823985,0,1.1528183,385.54629,1512.9644,60,0,1.3962634,0,0,nan,nan,78540.26,-1346.9655,-0,436.12872,0,1.685258,0,0,0,0,0,0,0
6.2,157.14435,0,-1532.0226,55.671982,0,-380.3085,0,1.4185152,0,0,-0.017880825,0,0.023017648,0,0,0.999996,0.022872869,-0,0,1,0,0,-0.014658589,0,1.1482668,383.93865,1532.0226,60,0,1.3962634,0,0,nan,nan,77739.275,-1333.2286,-0,426.85948,0,1.6554545,0,0,0,0,0,0,0
6.25,159.93229,0,-1550.9987,55.851772,0,-378.67212,0,1.4176273,0,0,-0.017624275,0,0.022759444,0,0,0.99999638,0.022615024,-0,0,1,0,0,-0.01449352,0,1.1437469,382.34263,1550.9987,60,0,1.3962634,0,0,nan,nan,76948.999,-1319.6753,-0,417.75657,0,1.6275433,0,0,0,0,0,0,0
6.3,162.72906,0,-1569.8933,56.024837,0,-377.04783,0,1.4167522,0,0,-0.017371971,0,0.0225019,0,0,0.99999673,0.022357858,-0,0,1,0,0,-0.014328813,0,1.1392583,380.75806,1569.8933,60,0,1.3962634,0,0,nan,nan,76169.242,-1306.3025,-0,408.81773,0,1.6011147,0,0,0,0,0,0,0
6.35,165.53433,0,-1588.7069,56.191323,0,-375.43548,0,1.4158896,0,0,-0.017123704,0,0.022245045,0,0,0.99999704,0.022101395,-0,0,1,0,0,-0.014164489,0,1.1348005,379.1848,1588.7069,60,0,1.3962634,0,0,nan,nan,75399.816,-1293.1069,-0,400.04043,0,1.5758673,0,0,0,0,0,0,0
6.4,168.34776,0,-1607.4403,56.351374,0,-373.8349,0,1.4150392,0,0,-0.016879307,0,0.021988897,0,0,0.99999732,0.021845647,-0,0,1,0,0,-0.014000566,0,1.1303732,377.62269,1607.4403,60,0,1.3962634,0,0,nan,nan,74640.538,-1280.0852,-0,391.42196,0,1.5515789,0,0,0,0,0,0,0
6.45,171.16905,0,-1626.0938,56.505132,0,-372.24594,0,1.4142011,0,0,-0.016638645,0,0.021733468,0,0,0.99999758,0.021590621,-0,0,1,0,0,-0.013837053,0,1.1259758,376.07159,1626.0938,60,0,1.3962634,0,0,nan,nan,73891.229,-1267.2346,-0,382.95947,0,1.5280853,0,0,0,0,0,0,0
6.5,173.99787,0,-1644.6682,56.652733,0,-370.66847,0,1.4133748,0,0,-0.016401601,0,0.021478761,0,0,0.99999781,0.021336321,-0,0,1,0,0,-0.013673954,0,1.1216081,374.53134,1644.6682,60,0,1.3962634,0,0,nan,nan,73151.714,-1254.5519,-0,374.65007,0,1.5052641,0,0,0,0,0,0,0
6.55,176.83393,0,-1663.164,56.794315,0,-369.10233,0,1.4125604,0,0,-0.016168078,0,0.02122478,0,0,0.99999802,0.021082745,-0,0,1,0,0,-0.013511274,0,1.1172695,373.00182,1663.164,60,0,1.3962634,0,0,nan,nan,72421.822,-1242.0342,-0,366.49085,0,1.4830241,0,0,0,0,0,0,0
6.6,179.67693,0,-1681.5817,56.930007,0,-367.54737,0,1.4117575,0,0,-0.015937992,0,0.020971521,0,0,0.9999982,0.02082989,-0,0,1,0,0,-0.013349012,0,1.1129598,371.48286,1681.5817,60,0,1.3962634,0,0,nan,nan,71701.385,-1229.6787,-0,358.47889,0,1.4612969,0,0,0,0,0,0,0
6.65,182.52657,0,-1699.922,57.05994,0,-366.00347,0,1.4109661,0,0,-0.015711265,0,0.020718982,0,0,0.99999838,0.020577752,-0,0,1,0,0,-0.013187167,0,1.1086786,369.97435,1699.922,60,0,1.3962634,0,0,nan,nan,70990.239,-1217.4826,-0,350.61131,0,1.4400303,0,0,0,0,0,0,0
6.7,185.38257,0,-1718.1853,57.18424,0,-364.47047,0,1.4101859,0,0,-0.015487829,0,0.020467157,0,0,0.99999853,0.020326326,-0,0,1,0,0,-0.013025736,0,1.1044255,368.47613,1718.1853,60,0,1.3962634,0,0,nan,nan,70288.224,-1205.443,-0,342.88525,0,1.4191846,0,0,0,0,0,0,0
6.75,188.24466,0,-1736.3723,57.303029,0,-362.94825,0,1.4094168,0,0,-0.01526762,0,0.02021604,0,0,0.99999867,0.020075604,-0,0,1,0,0,-0.012864716,0,1.1002001,366.98808,1736.3723,60,0,1.3962634,0,0,nan,nan,69595.185,-1193.5574,-0,335.2979,0,1.398729,0,0,0,0,0,0,0
6.8,191.11255,0,-1754.4834,57.416429,0,-361.43667,0,1.4086586,0,0,-0.01505058,0,0.019965625,0,0,0.9999988,0.019825579,-0,0,1,0,0,-0.012704104,0,1.096002,365.51007,1754.4834,60,0,1.3962634,0,0,nan,nan,68910.966,-1181.8231,-0,327.8465,0,1.3786392,0,0,0,0,0,0,0
6.85,193.98599,0,-1772.5191,57.524557,0,-359.93558,0,1.4079113,0,0,-0.014836653,0,0.019715903,0,0,0.99999891,0.019576244,-0,0,1,0,0,-0.012543895,0,1.091831,364.04196,1772.5191,60,0,1.3962634,0,0,nan,nan,68235.419,-1170.2374,-0,320.52835,0,1.3588959,0,0,0,0,0,0,0
6.9,196.86471,0,-1790.4801,57.627529,0,-358.44488,0,1.4071745,0,0,-0.014625786,0,0.019466868,0,0,0.99999902,0.019327592,-0,0,1,0,0,-0.012384085,0,1.0876866,362.58364,1790.4801,60,0,1.3962634,0,0,nan,nan,67568.396,-1158.798,-0,313.34079,0,1.3394833,0,0,0,0,0,0,0
6.95,199.74846,0,-1808.3668,57.725456,0,-356.96442,0,1.4064482,0,0,-0.014417928,0,0.019218512,0,0,0.99999911,0.019079613,-0,0,1,0,0,-0.012224669,0,1.0835685,361.13497,1808.3668,60,0,1.3962634,0,0,nan,nan,66909.755,-1147.5023,-0,306.28123,0,1.3203883,0,0,0,0,0,0,0
7,202.63698,0,-1826.1797,57.818449,0,-355.49407,0,1.4057322,0,0,-0.01421303,0,0.018970826,0,0,0.99999919,0.0188323,-0,0,1,0,0,-0.012065643,0,1.0794765,359.69584,1826.1797,60,0,1.3962634,0,0,nan,nan,66259.353,-1136.3479,-0,299.34712,0,1.3015998,0,0,0,0,0,0,0
7.05,205.53004,0,-1843.9193,57.906615,0,-354.03372,0,1.4050264,0,0,-0.014011046,0,0.018723802,0,0,0.99999927,0.018585646,-0,0,1,0,0,-0.011907001,0,1.0754101,358.26612,1843.9193,60,0,1.3962634,0,0,nan,nan,65617.055,-1125.3325,-0,292.536,0,1.2831084,0,0,0,0,0,0,0
7.1,208.42739,0,-1861.5861,57.99006,0,-352.58324,0,1.4043307,0,0,-0.013811929,0,0.018477433,0,0,0.99999934,0.018339641,-0,0,1,0,0,-0.011748739,0,1.071369,356.84569,1861.5861,60,0,1.3962634,0,0,nan,nan,64982.724,-1114.4537,-0,285.84542,0,1.2649054,0,0,0,0,0,0,0
7.15,211.32881,0,-1879.1807,58.068886,0,-351.14251,0,1.4036448,0,0,-0.013615635,0,0.018231711,0,0,0.9999994,0.018094279,-0,0,1,0,0,-0.011590853,0,1.067353,355.43445,1879.1807,60,0,1.3962634,0,0,nan,nan,64356.229,-1103.7093,-0,279.27303,0,1.2469835,0,0,0,0,0,0,0
7.2,214.23406,0,-1896.7034,58.143194,0,-349.71141,0,1.4029687,0,0,-0.013422121,0,0.017986627,0,0,0.99999946,0.01784955,-0,0,1,0,0,-0.011433337,0,1.0633616,354.03226,1896.7034,60,0,1.3962634,0,0,nan,nan,63737.441,-1093.0971,-0,272.81651,0,1.2293357,0,0,0,0,0,0,0
7.25,217.14291,0,-1914.1548,58.213081,0,-348.28983,0,1.4023022,0,0,-0.013231344,0,0.017742174,0,0,0.99999951,0.017605448,-0,0,1,0,0,-0.011276186,0,1.0593947,352.63903,1914.1548,60,0,1.3962634,0,0,nan,nan,63126.234,-1082.6149,-0,266.47358,0,1.2119556,0,0,0,0,0,0,0
7.3,220.05516,0,-1931.5354,58.278644,0,-346.87764,0,1.4016451,0,0,-0.013043264,0,0.017498343,0,0,0.99999956,0.017361964,-0,0,1,0,0,-0.011119395,0,1.0554518,351.25464,1931.5354,60,0,1.3962634,0,0,nan,nan,62522.484,-1072.2606,-0,260.24206,0,1.1948373,0,0,0,0,0,0,0
7.35,222.97058,0,-1948.8455,58.339977,0,-345.47473,0,1.4009974,0,0,-0.012857838,0,0.017255128,0,0,0.9999996,0.017119091,-0,0,1,0,0,-0.010962961,0,1.0515328,349.87899,1948.8455,60,0,1.3962634,0,0,nan,nan,61926.068,-1062.0321,-0,254.11976,0,1.1779752,0,0,0,0,0,0,0
7.4,225.88897,0,-1966.0858,58.397171,0,-344.081,0,1.4003589,0,0,-0.012675029,0,0.01701252,0,0,0.99999964,0.016876821,-0,0,1,0,0,-0.010806879,0,1.0476373,348.51195,1966.0858,60,0,1.3962634,0,0,nan,nan,61336.87,-1051.9273,-0,248.10459,0,1.161364,0,0,0,0,0,0,0
7.45,228.81012,0,-1983.2566,58.450316,0,-342.69633,0,1.3997295,0,0,-0.012494796,0,0.016770511,0,0,0.99999967,0.016635147,-0,0,1,0,0,-0.010651143,0,1.0437649,347.15344,1983.2566,60,0,1.3962634,0,0,nan,nan,60754.771,-1041.9443,-0,242.19448,0,1.1449985,0,0,0,0,0,0,0
7.5,231.73383,0,-2000.3583,58.499501,0,-341.32061,0,1.3991091,0,0,-0.012317102,0,0.016529095,0,0,0.9999997,0.01639406,-0,0,1,0,0,-0.010495749,0,1.0399156,345.80335,2000.3583,60,0,1.3962634,0,0,nan,nan,60179.659,-1032.0811,-0,236.38741,0,1.1288739,0,0,0,0,0,0,0
7.55,234.65991,0,-2017.3915,58.54481,0,-339.95374,0,1.3984974,0,0,-0.012141911,0,0.016288264,0,0,0.99999973,0.016153554,-0,0,1,0,0,-0.010340693,0,1.0360888,344.46156,2017.3915,60,0,1.3962634,0,0,nan,nan,59611.421,-1022.3359,-0,230.68141,0,1.1129855,0,0,0,0,0,0,0
7.6,237.58816,0,-2034.3566,58.586328,0,-338.5956,0,1.3978945,0,0,-0.011969184,0,0.01604801,0,0,0.99999976,0.015913622,-0,0,1,0,0,-0.010185969,0,1.0322845,343.128,2034.3566,60,0,1.3962634,0,0,nan,nan,59049.949,-1012.7066,-0,225.07457,0,1.0973286,0,0,0,0,0,0,0
7.65,240.5184,0,-2051.2539,58.624137,0,-337.2461,0,1.3973001,0,0,-0.011798886,0,0.015808326,0,0,0.99999978,0.015674255,-0,0,1,0,0,-0.010031575,0,1.0285023,341.80254,2051.2539,60,0,1.3962634,0,0,nan,nan,58495.134,-1003.1915,-0,219.56499,0,1.0818988,0,0,0,0,0,0,0
7.7,243.45044,0,-2068.084,58.658317,0,-335.90514,0,1.3967142,0,0,-0.011630983,0,0.015569205,0,0,0.9999998,0.015435448,-0,0,1,0,0,-0.0098775051,0,1.0247419,340.48511,2068.084,60,0,1.3962634,0,0,nan,nan,57946.872,-993.78885,-0,214.15083,0,1.0666918,0,0,0,0,0,0,0
7.75,246.38411,0,-2084.8473,58.688947,0,-334.5726,0,1.3961366,0,0,-0.011465439,0,0.01533064,0,0,0.99999982,0.015197192,-0,0,1,0,0,-0.0097237551,0,1.0210031,339.1756,2084.8473,60,0,1.3962634,0,0,nan,nan,57405.06,-984.49677,-0,208.8303,0,1.0517035,0,0,0,0,0,0,0
7.8,249.31922,0,-2101.5441,58.716105,0,-333.2484,0,1.3955673,0,0,-0.011302222,0,0.015092624,0,0,0.99999984,0.014959481,-0,0,1,0,0,-0.0095703207,0,1.0172856,337.87391,2101.5441,60,0,1.3962634,0,0,nan,nan,56869.596,-975.31358,-0,203.60165,0,1.0369297,0,0,0,0,0,0,0
7.85,252.25561,0,-2118.1749,58.739865,0,-331.93243,0,1.3950061,0,0,-0.011141296,0,0.01485515,0,0,0.99999985,0.014722308,-0,0,1,0,0,-0.0094171978,0,1.0135892,336.57997,2118.1749,60,0,1.3962634,0,0,nan,nan,56340.383,-966.23757,-0,198.46314,0,1.0223665,0,0,0,0,0,0,0
7.9,255.19311,0,-2134.7401,58.7603,0,-330.62461,0,1.3944528,0,0,-0.010982631,0,0.01461821,0,0,0.99999987,0.014485666,-0,0,1,0,0,-0.009264382,0,1.0099136,335.29366,2134.7401,60,0,1.3962634,0,0,nan,nan,55817.323,-957.26708,-0,193.41309,0,1.00801,0,0,0,0,0,0,0
7.95,258.13155,0,-2151.2401,58.777484,0,-329.32482,0,1.3939074,0,0,-0.010826193,0,0.014381798,0,0,0.99999988,0.014249548,-0,0,1,0,0,-0.0091118691,0,1.0062586,334.01492,2151.2401,60,0,1.3962634,0,0,nan,nan,55300.32,-948.40049,-0,188.44987,0,0.99385641,0,0,0,0,0,0,0
8,261.07077,0,-2167.6753,58.791486,0,-328.03298,0,1.3933698,0,0,-0.010671953,0,0.014145908,0,0,0.99999989,0.014013948,-0,0,1,0,0,-0.0089596551,0,1.0026239,332.74364,2167.6753,60,0,1.3962634,0,0,nan,nan,54789.282,-939.63618,-0,183.57186,0,0.97990203,0,0,0,0,0,0,0
8.05,264.00919,0,-2184.0463,58.743217,0,-326.75951,0,1.3886501,0,0,-0.19399982,0,0.041156959,0,0,0.9999999,0.027117724,-0,0,1,0,0,-0.013178788,0,0.9990106,331.48014,2184.0463,60,0,1.2566371,0,0,nan,nan,54284.247,-930.97484,-0,186.33447,0,-524.78753,0,0,0,0,0,0,0
8.1,266.94849,0,-2200.3533,58.868047,0,-325.45969,0,1.3794147,0,0,-0.14292337,0,0.032518383,0,0,0.99999991,0.038459634,-0,0,1,0,0,-0.021379667,0,0.99540527,330.22,2200.3533,60,0,1.2566371,0,0,nan,nan,53783.715,-922.39071,-0,434.89166,0,587.5513,0,0,0,0,0,0,0
8.15,269.89734,0,-2216.5947,59.102535,0,-324.14361,0,1.3736993,0,0,-0.099690453,0,0.044857449,0,0,0.99999992,0.049171082,-0,0,1,0,0,-0.025715653,0,0.99180688,328.96287,2216.5947,60,0,1.2566371,0,0,nan,nan,53287.538,-913.88128,-0,495.76847,0,33.497314,0,0,0,0,0,0,0
8.2,272.85899,0,-2232.7702,59.383593,0,-322.82325,0,1.3688377,0,0,-0.092355658,0,0.048319497,0,0,0.99999993,0.04951423,-0,0,1,0,0,-0.029045048,0,0.98821973,327.71018,2232.7702,60,0,1.2566371,0,0,nan,nan,52796.145,-905.45388,-0,563.894,0,98.661402,0,0,0,0,0,0,0
8.25,275.83591,0,-2248.8796,59.712594,0,-321.49805,0,1.3646245,0,0,-0.07585786,0,0.051159518,0,0,0.99999993,0.052907495,-0,0,1,0,0,-0.031567112,0,0.98464352,326.46182,2248.8796,60,0,1.2566371,0,0,nan,nan,52309.459,-897.10722,-0,612.42138,0,87.311536,0,0,0,0,0,0,0
8.3,278.83003,0,-2264.9226,60.070305,0,-320.17194,0,1.3611005,0,0,-0.065694115,0,0.053671738,0,0,0.99999994,0.054725885,-0,0,1,0,0,-0.033299572,0,0.98108054,325.21853,2264.9226,60,0,1.2566371,0,0,nan,nan,51827.678,-888.84468,-0,641.20777,0,50.138064,0,0,0,0,0,0,0
8.35,281.84251,0,-2280.8994,60.446515,0,-318.8471,0,1.3579946,0,0,-0.058421314,0,0.055164344,0,0,0.99999995,0.055869506,-0,0,1,0,0,-0.034544648,0,0.9775323,323.98083,2280.8994,60,0,1.2566371,0,0,nan,nan,51350.916,-880.66821,-0,661.00432,0,42.870206,0,0,0,0,0,0,0
8.4,284.87411,0,-2296.81,60.834445,0,-317.52502,0,1.3552221,0,0,-0.052538216,0,0.056243295,0,0,0.99999995,0.056748188,-0,0,1,0,0,-0.035407915,0,0.97399991,322.74907,2296.81,60,0,1.2566371,0,0,nan,nan,50879.238,-872.57893,-0,672.4198,0,31.784107,0,0,0,0,0,0,0
8.45,287.92527,0,-2312.6546,61.22842,0,-316.20697,0,1.3527037,0,0,-0.048237781,0,0.056955341,0,0,0.99999996,0.057265901,-0,0,1,0,0,-0.035986241,0,0.97048432,321.52355,2312.6546,60,0,1.2566371,0,0,nan,nan,50412.689,-864.57761,-0,677.90148,0,23.694482,0,0,0,0,0,0,0
8.5,290.9962,0,-2328.4335,61.624578,0,-314.89383,0,1.3503741,0,0,-0.044953531,0,0.057381192,0,0,0.99999996,0.057561059,-0,0,1,0,0,-0.036357001,0,0.96698614,320.30448,2328.4335,60,0,1.2566371,0,0,nan,nan,49951.28,-856.66446,-0,679.20818,0,18.333608,0,0,0,0,0,0,0
8.55,294.08693,0,-2344.1467,62.0201,0,-313.58624,0,1.3481899,0,0,-0.042423987,0,0.057608557,0,0,0.99999996,0.057691224,-0,0,1,0,0,-0.036572579,0,0.9635058,319.092,2344.1467,60,0,1.2566371,0,0,nan,nan,49495.003,-848.8393,-0,677.40517,0,14.070525,0,0,0,0,0,0,0
8.6,297.19737,0,-2359.7948,62.412934,0,-312.28469,0,1.3461176,0,0,-0.0404722,0,0.057684375,0,0,0.99999997,0.057693348,-0,0,1,0,0,-0.036673144,0,0.96004359,317.88618,2359.7948,60,0,1.2566371,0,0,nan,nan,49043.829,-841.10167,-0,673.37368,0,10.956321,0,0,0,0,0,0,0
8.65,300.32737,0,-2375.3779,62.801622,0,-310.9895,0,1.3441322,0,0,-0.038941065,0,0.057647745,0,0,0.99999997,0.057602612,-0,0,1,0,0,-0.03668839,0,0.95659965,316.68708,2375.3779,60,0,1.2566371,0,0,nan,nan,48597.721,-833.45091,-0,667.74249,0,8.6599191,0,0,0,0,0,0,0
8.7,303.47668,0,-2390.8964,63.185125,0,-309.7009,0,1.3422155,0,0,-0.037723411,0,0.05752792,0,0,0.99999997,0.057442404,-0,0,1,0,0,-0.036640131,0,0.95317403,315.49469,2390.8964,60,0,1.2566371,0,0,nan,nan,48156.628,-825.88617,-0,660.96715,0,6.9419889,0,0,0,0,0,0,0
8.75,306.64502,0,-2406.3507,63.562714,0,-308.41905,0,1.3403538,0,0,-0.036739238,0,0.057345885,0,0,0.99999998,0.057230201,-0,0,1,0,0,-0.036544584,0,0.94976671,314.30901,2406.3507,60,0,1.2566371,0,0,nan,nan,47720.496,-818.40651,-0,653.38538,0,5.6675321,0,0,0,0,0,0,0
8.8,309.83209,0,-2421.741,63.933884,0,-307.14404,0,1.3385369,0,0,-0.035928459,0,0.057117416,0,0,0.99999998,0.056979199,-0,0,1,0,0,-0.036413747,0,0.94637764,313.13001,2421.741,60,0,1.2566371,0,0,nan,nan,47289.266,-811.01091,-0,645.2434,0,4.7186288,0,0,0,0,0,0,0
8.85,313.03756,0,-2437.0678,64.298298,0,-305.87594,0,1.3367573,0,0,-0.035246988,0,0.056854181,0,0,0.99999998,0.056699051,-0,0,1,0,0,-0.036256501,0,0.94300672,311.95765,2437.0678,60,0,1.2566371,0,0,nan,nan,46862.874,-803.6983,-0,636.72135,0,4.0102278,0,0,0,0,0,0,0
8.9,316.26109,0,-2452.3313,64.655738,0,-304.61478,0,1.3350093,0,0,-0.034662098,0,0.056564801,0,0,0.99999998,0.056396929,-0,0,1,0,0,-0.03607943,0,0.93965381,310.79188,2452.3313,60,0,1.2566371,0,0,nan,nan,46441.258,-796.46757,-0,627.95118,0,3.4806608,0,0,0,0,0,0,0
8.95,319.50231,0,-2467.5319,65.006076,0,-303.36055,0,1.3332888,0,0,-0.034149506,0,0.056255677,0,0,0.99999998,0.056078156,-0,0,1,0,0,-0.035887409,0,0.93631877,309.63264,2467.5319,60,0,1.2566371,0,0,nan,nan,46024.35,-789.31761,-0,619.02926,0,3.0834817,0,0,0,0,0,0,0
9,322.76088,0,-2482.6699,65.349246,0,-302.11324,0,1.3315925,0,0,-0.033691234,0,0.055931553,0,0,0.99999999,0.055746675,-0,0,1,0,0,-0.035684054,0,0.93300144,308.47989,2482.6699,60,0,1.2566371,0,0,nan,nan,45612.087,-782.2473,-0,610.02597,0,2.7844382,0,0,0,0,0,0,0
9.05,326.03644,0,-2497.7458,65.685229,0,-300.87285,0,1.3299181,0,0,-0.033273944,0,0.055595946,0,0,0.99999999,0.055405412,-0,0,1,0,0,-0.035472047,0,0.92970166,307.33355,2497.7458,60,0,1.2566371,0,0,nan,nan,45204.402,-775.2555,-0,600.99258,0,2.5581977,0,0,0,0,0,0,0
9.1,329.32862,0,-2512.7598,66.014042,0,-299.63932,0,1.3282638,0,0,-0.032887745,0,0.055251467,0,0,0.99999999,0.055056541,-0,0,1,0,0,-0.035253377,0,0.92641925,306.19356,2512.7598,60,0,1.2566371,0,0,nan,nan,44801.231,-768.34111,-0,591.96637,0,2.3859585,0,0,0,0,0,0,0
9.15,332.63707,0,-2527.7123,66.335723,0,-298.41263,0,1.3266282,0,0,-0.032525298,0,0.054900056,0,0,0.99999999,0.054701675,-0,0,1,0,0,-0.035029521,0,0.92315403,305.05985,2527.7123,60,0,1.2566371,0,0,nan,nan,44402.508,-761.50302,-0,582.97435,0,2.2537948,0,0,0,0,0,0,0
9.2,335.96144,0,-2542.6036,66.650329,0,-297.19273,0,1.3250102,0,0,-0.032181155,0,0.054543153,0,0,0.99999999,0.054342014,-0,0,1,0,0,-0.034801576,0,0.91990584,303.93237,2542.6036,60,0,1.2566371,0,0,nan,nan,44008.171,-754.74013,-0,574.036,0,2.1513868,0,0,0,0,0,0,0
9.25,339.30136,0,-2557.4341,66.95793,0,-295.97958,0,1.3234092,0,0,-0.03185127,0,0.05418183,0,0,0.99999999,0.053978451,-0,0,1,0,0,-0.034570358,0,0.91667449,302.81104,2557.4341,60,0,1.2566371,0,0,nan,nan,43618.155,-748.05136,-0,565.16527,0,2.0710824,0,0,0,0,0,0,0
9.3,342.65651,0,-2572.2041,67.258604,0,-294.77312,0,1.3218243,0,0,-0.031532637,0,0.053816885,0,0,0.99999999,0.053611654,-0,0,1,0,0,-0.034336473,0,0.9134598,301.69581,2572.2041,60,0,1.2566371,0,0,nan,nan,43232.399,-741.43565,-0,556.37205,0,2.0072084,0,0,0,0,0,0,0
9.35,346.02652,0,-2586.9139,67.552435,0,-293.57331,0,1.3202551,0,0,-0.031223021,0,0.053448913,0,0,0.99999999,0.053242119,-0,0,1,0,0,-0.034100375,0,0.9102616,300.5866,2586.9139,60,0,1.2566371,0,0,nan,nan,42850.842,-734.89195,-0,547.66328,0,1.9555574,0,0,0,0,0,0,0
9.4,349.41106,0,-2601.5639,67.839511,0,-292.38009,0,1.3187012,0,0,-0.030920758,0,0.053078359,0,0,0.99999999,0.052870218,-0,0,1,0,0,-0.033862401,0,0.9070797,299.48335,2601.5639,60,0,1.2566371,0,0,nan,nan,42473.424,-728.41923,-0,539.04369,0,1.9130086,0,0,0,0,0,0,0
9.45,352.80979,0,-2616.1544,68.119921,0,-291.19341,0,1.3171623,0,0,-0.030624609,0,0.052705557,0,0,0.99999999,0.052496231,-0,0,1,0,0,-0.033622803,0,0.90391394,298.386,2616.1544,60,0,1.2566371,0,0,nan,nan,42100.086,-722.01647,-0,530.51644,0,1.8772465,0,0,0,0,0,0,0
9.5,356.22238,0,-2630.6858,68.393759,0,-290.01323,0,1.3156381,0,0,-0.030333647,0,0.052330757,0,0,0.99999999,0.052120368,-0,0,1,0,0,-0.033381771,0,0.90076414,297.29449,2630.6858,60,0,1.2566371,0,0,nan,nan,41730.769,-715.68268,-0,522.08352,0,1.846553,0,0,0,0,0,0,0
9.55,359.64851,0,-2645.1582,68.661116,0,-288.83947,0,1.3141283,0,0,-0.030047184,0,0.051954148,0,0,1,0.051742788,-0,0,1,0,0,-0.033139448,0,0.89763014,296.20875,2645.1582,60,0,1.2566371,0,0,nan,nan,41365.416,-709.41688,-0,513.74604,0,1.8196529,0,0,0,0,0,0,0
9.6,363.08786,0,-2659.5722,68.922086,0,-287.67211,0,1.3126328,0,0,-0.029764699,0,0.051575874,0,0,1,0.051363612,-0,0,1,0,0,-0.032895941,0,0.89451175,295.12872,2659.5722,60,0,1.2566371,0,0,nan,nan,41003.971,-703.2181,-0,505.50452,0,1.7955994,0,0,0,0,0,0,0
9.65,366.5401,0,-2673.9279,69.17676,0,-286.51107,0,1.3111512,0,0,-0.029485804,0,0.051196042,0,0,1,0.050982934,-0,0,1,0,0,-0.032651333,0,0.89140882,294.05434,2673.9279,60,0,1.2566371,0,0,nan,nan,40646.379,-697.0854,-0,497.35901,0,1.7736894,0,0,0,0,0,0,0
9.7,370.00493,0,-2688.2257,69.425231,0,-285.35631,0,1.3096836,0,0,-0.029210205,0,0.050814739,0,0,1,0.050600826,-0,0,1,0,0,-0.032405685,0,0.88832118,292.98556,2688.2257,60,0,1.2566371,0,0,nan,nan,40292.585,-691.01784,-0,489.30923,0,1.7534008,0,0,0,0,0,0,0
9.75,373.48203,0,-2702.4659,69.66759,0,-284.20778,0,1.3082296,0,0,-0.028937679,0,0.050432029,0,0,1,0.050217342,-0,0,1,0,0,-0.032159047,0,0.88524867,291.9223,2702.4659,60,0,1.2566371,0,0,nan,nan,39942.537,-685.01451,-0,481.35467,0,1.7343455,0,0,0,0,0,0,0
9.8,376.97111,0,-2716.6489,69.903927,0,-283.06542,0,1.3067892,0,0,-0.028668056,0,0.050047962,0,0,1,0.049832528,-0,0,1,0,0,-0.031911456,0,0.88219112,290.86452,2716.6489,60,0,1.2566371,0,0,nan,nan,39596.182,-679.07452,-0,473.49464,0,1.7162352,0,0,0,0,0,0,0
9.85,380.47186,0,-2730.7748,70.13433,0,-281.92918,0,1.3053622,0,0,-0.028401206,0,0.049662581,0,0,1,0.04944642,-0,0,1,0,0,-0.031662942,0,0.87914839,289.81215,2730.7748,60,0,1.2566371,0,0,nan,nan,39253.468,-673.19698,-0,465.72834,0,1.6988554,0,0,0,0,0,0,0
9.9,383.98399,0,-2744.8441,70.358889,0,-280.79901,0,1.3039485,0,0,-0.028137028,0,0.049275918,0,0,1,0.049059047,-0,0,1,0,0,-0.031413528,0,0.8761203,288.76514,2744.8441,60,0,1.2566371,0,0,nan,nan,38914.345,-667.38102,-0,458.05488,0,1.6820465,0,0,0,0,0,0,0
9.95,387.50721,0,-2758.8571,70.577689,0,-279.67486,0,1.302548,0,0,-0.02787544,0,0.048888,0,0,1,0.048670432,-0,0,1,0,0,-0.031163235,0,0.87310672,287.72343,2758.8571,60,0,1.2566371,0,0,nan,nan,38578.763,-661.62578,-0,450.4733,0,1.6656898,0,0,0,0,0,0,0
10,391.04123,0,-2772.814,70.790817,0,-278.55667,0,1.3011604,0,0,-0.027616379,0,0.048498849,0,0,1,0.048280597,-0,0,1,0,0,-0.030912077,0,0.87010747,286.68696,2772.814,60,0,1.2566371,0,0,nan,nan,38246.673,-655.93045,-0,442.98262,0,1.6496967,0,0,0,0,0,0,0
10.05,394.58578,0,-2786.7151,70.998356,0,-277.44441,0,1.2997858,0,0,-0.027359795,0,0.048108486,0,0,1,0.047889559,-0,0,1,0,0,-0.030660069,0,0.86712243,285.65569,2786.7151,60,0,1.2566371,0,0,nan,nan,37918.028,-650.29417,-0,435.58183,0,1.6340013,0,0,0,0,0,0,0
10.1,398.14057,0,-2800.5607,71.200391,0,-276.338,0,1.2984239,0,0,-0.027105644,0,0.047716927,0,0,1,0.047497334,-0,0,1,0,0,-0.030407222,0,0.86415143,284.62956,2800.5607,60,0,1.2566371,0,0,nan,nan,37592.779,-644.71616,-0,428.2699,0,1.6185543,0,0,0,0,0,0,0
10.15,401.70533,0,-2814.3512,71.397004,0,-275.23742,0,1.2970746,0,0,-0.02685389,0,0.047324186,0,0,1,0.047103936,-0,0,1,0,0,-0.030153547,0,0.86119433,283.60851,2814.3512,60,0,1.2566371,0,0,nan,nan,37270.881,-639.19561,-0,421.0458,0,1.6033187,0,0,0,0,0,0,0
10.2,405.27979,0,-2828.0868,71.588275,0,-274.1426,0,1.2957379,0,0,-0.026604503,0,0.046930278,0,0,1,0.046709377,-0,0,1,0,0,-0.029899052,0,0.85825099,282.59249,2828.0868,60,0,1.2566371,0,0,nan,nan,36952.288,-633.73174,-0,413.90849,0,1.5882669,0,0,0,0,0,0,0
10.25,408.86369,0,-2841.7677,71.774284,0,-273.0535,0,1.2944137,0,0,-0.026357454,0,0.046535214,0,0,1,0.04631367,-0,0,1,0,0,-0.029643745,0,0.85532126,281.58145,2841.7677,60,0,1.2566371,0,0,nan,nan,36636.955,-628.32379,-0,406.85694,0,1.5733782,0,0,0,0,0,0,0
10.3,412.45677,0,-2855.3944,71.95511,0,-271.97007,0,1.2931017,0,0,-0.026112722,0,0.046139006,0,0,1,0.045916824,-0,0,1,0,0,-0.029387635,0,0.852405,280.57534,2855.3944,60,0,1.2566371,0,0,nan,nan,36324.839,-622.97099,-0,399.89013,0,1.5586369,0,0,0,0,0,0,0
10.35,416.05876,0,-2868.967,72.130829,0,-270.89225,0,1.2918019,0,0,-0.025870282,0,0.045741665,0,0,1,0.04551885,-0,0,1,0,0,-0.029130727,0,0.84950208,279.57411,2868.967,60,0,1.2566371,0,0,nan,nan,36015.895,-617.6726,-0,393.00703,0,1.5440311,0,0,0,0,0,0,0
10.4,419.66942,0,-2882.4858,72.30152,0,-269.82001,0,1.2905141,0,0,-0.025630114,0,0.045343199,0,0,1,0.045119759,-0,0,1,0,0,-0.028873029,0,0.84661235,278.57771,2882.4858,60,0,1.2566371,0,0,nan,nan,35710.082,-612.4279,-0,386.20665,0,1.5295517,0,0,0,0,0,0,0
10.45,423.28849,0,-2895.9512,72.467256,0,-268.7533,0,1.2892383,0,0,-0.0253922,0,0.04494362,0,0,1,0.044719558,-0,0,1,0,0,-0.028614547,0,0.84373569,277.58608,2895.9512,60,0,1.2566371,0,0,nan,nan,35407.357,-607.23617,-0,379.48797,0,1.5151919,0,0,0,0,0,0,0
10.5,426.91574,0,-2909.3634,72.628111,0,-267.69206,0,1.2879744,0,0,-0.025156522,0,0.044542936,0,0,1,0.044318258,-0,0,1,0,0,-0.028355286,0,0.84087195,276.59919,2909.3634,60,0,1.2566371,0,0,nan,nan,35107.679,-602.09669,-0,372.85003,0,1.5009461,0,0,0,0,0,0,0
10.55,430.55091,0,-2922.7226,72.784159,0,-266.63625,0,1.2867222,0,0,-0.02492306,0,0.044141156,0,0,1,0.043915866,-0,0,1,0,0,-0.028095253,0,0.83802101,275.61698,2922.7226,60,0,1.2566371,0,0,nan,nan,34811.008,-597.00879,-0,366.29184,0,1.4868102,0,0,0,0,0,0,0
10.6,434.19377,0,-2936.0292,72.935472,0,-265.58583,0,1.2854816,0,0,-0.0246918,0,0.043738287,0,0,1,0.04351239,-0,0,1,0,0,-0.027834453,0,0.83518274,274.6394,2936.0292,60,0,1.2566371,0,0,nan,nan,34517.304,-591.97176,-0,359.81244,0,1.4727808,0,0,0,0,0,0,0
10.65,437.84408,0,-2949.2834,73.08212,0,-264.54074,0,1.2842525,0,0,-0.024462724,0,0.043334339,0,0,1,0.04310784,-0,0,1,0,0,-0.02757289,0,0.83235701,273.66641,2949.2834,60,0,1.2566371,0,0,nan,nan,34226.528,-586.98495,-0,353.41088,0,1.4588553,0,0,0,0,0,0,0
10.7,441.50161,0,-2962.4855,73.224173,0,-263.50094,0,1.2830348,0,0,-0.024235816,0,0.042929319,0,0,1,0.042702221,-0,0,1,0,0,-0.02731057,0,0.82954368,272.69797,2962.4855,60,0,1.2566371,0,0,nan,nan,33938.641,-582.04769,-0,347.08622,0,1.4450312,0,0,0,0,0,0,0
10.75,445.16614,0,-2975.6357,73.361699,0,-262.46639,0,1.2818284,0,0,-0.02401106,0,0.042523235,0,0,1,0.042295543,-0,0,1,0,0,-0.027047498,0,0.82674265,271.73402,2975.6357,60,0,1.2566371,0,0,nan,nan,33653.605,-577.15933,-0,340.83753,0,1.4313069,0,0,0,0,0,0,0
10.8,448.83744,0,-2988.7342,73.494768,0,-261.43704,0,1.2806332,0,0,-0.023788442,0,0.042116094,0,0,1,0.041887812,-0,0,1,0,0,-0.026783679,0,0.82395378,270.77452,2988.7342,60,0,1.2566371,0,0,nan,nan,33371.384,-572.31924,-0,334.66391,0,1.4176807,0,0,0,0,0,0,0
10.85,452.51528,0,-3001.7815,73.623445,0,-260.41285,0,1.2794491,0,0,-0.023567945,0,0.041707902,0,0,1,0.041479034,-0,0,1,0,0,-0.026519116,0,0.82117694,269.81943,3001.7815,60,0,1.2566371,0,0,nan,nan,33091.94,-567.52678,-0,328.56445,0,1.4041512,0,0,0,0,0,0,0
10.9,456.19946,0,-3014.7777,73.747796,0,-259.39377,0,1.278276,0,0,-0.023349555,0,0.041298668,0,0,1,0.041069218,-0,0,1,0,0,-0.026253815,0,0.81841203,268.8687,3014.7777,60,0,1.2566371,0,0,nan,nan,32815.238,-562.78134,-0,322.53826,0,1.3907171,0,0,0,0,0,0,0
10.95,459.88975,0,-3027.723,73.867886,0,-258.37976,0,1.2771137,0,0,-0.023133257,0,0.040888398,0,0,1,0.040658369,-0,0,1,0,0,-0.025987779,0,0.81565892,267.92229,3027.723,60,0,1.2566371,0,0,nan,nan,32541.243,-558.08231,-0,316.58446,0,1.3773773,0,0,0,0,0,0,0
11,463.58594,0,-3040.6177,73.983779,0,-257.37077,0,1.2759622,0,0,-0.022919037,0,0.040477097,0,0,1,0.040246493,-0,0,1,0,0,-0.025721014,0,0.8129175,266.98017,3040.6177,60,0,1.2566371,0,0,nan,nan,32269.918,-553.4291,-0,310.70219,0,1.3641308,0,0,0,0,0,0,0
11.05,467.28783,0,-3053.4622,74.095538,0,-256.36676,0,1.2748213,0,0,-0.022706879,0,0.040064774,0,0,1,0.039833598,-0,0,1,0,0,-0.025453522,0,0.81018764,266.04227,3053.4622,60,0,1.2566371,0,0,nan,nan,32001.231,-548.8211,-0,304.89059,0,1.3509766,0,0,0,0,0,0,0
11.1,470.9952,0,-3066.2565,74.203225,0,-255.36769,0,1.273691,0,0,-0.02249677,0,0.039651432,0,0,1,0.039419689,-0,0,1,0,0,-0.025185307,0,0.80746924,265.10857,3066.2565,60,0,1.2566371,0,0,nan,nan,31735.146,-544.25776,-0,299.14882,0,1.3379137,0,0,0,0,0,0,0
11.15,474.70787,0,-3079.001,74.3069,0,-254.37351,0,1.2725712,0,0,-0.022288695,0,0.039237079,0,0,1,0.039004771,-0,0,1,0,0,-0.024916374,0,0.80476218,264.17902,3079.001,60,0,1.2566371,0,0,nan,nan,31471.632,-539.73849,-0,293.47605,0,1.3249412,0,0,0,0,0,0,0
11.2,478.42563,0,-3091.6959,74.406625,0,-253.38419,0,1.2714617,0,0,-0.02208264,0,0.038821721,0,0,1,0.03858885,-0,0,1,0,0,-0.024646726,0,0.80206635,263.25359,3091.6959,60,0,1.2566371,0,0,nan,nan,31210.655,-535.26274,-0,287.87145,0,1.3120583,0,0,0,0,0,0,0
11.25,482.14827,0,-3104.3415,74.502459,0,-252.39967,0,1.2703625,0,0,-0.021878592,0,0.038405362,0,0,1,0.038171933,-0,0,1,0,0,-0.024376366,0,0.79938164,262.33223,3104.3415,60,0,1.2566371,0,0,nan,nan,30952.184,-530.82995,-0,282.33422,0,1.2992642,0,0,0,0,0,0,0
11.3,485.87562,0,-3116.9379,74.59446,0,-251.41993,0,1.2692734,0,0,-0.021676536,0,0.037988007,0,0,1,0.037754022,-0,0,1,0,0,-0.024105298,0,0.79670794,261.4149,3116.9379,60,0,1.2566371,0,0,nan,nan,30696.186,-526.43959,-0,276.86355,0,1.2865579,0,0,0,0,0,0,0
11.35,489.60748,0,-3129.4855,74.682685,0,-250.44491,0,1.2681944,0,0,-0.021476459,0,0.037569663,0,0,1,0.037335125,-0,0,1,0,0,-0.023833524,0,0.79404514,260.50156,3129.4855,60,0,1.2566371,0,0,nan,nan,30442.631,-522.09112,-0,271.45866,0,1.2739388,0,0,0,0,0,0,0
11.4,493.34365,0,-3141.9844,74.767192,0,-249.47458,0,1.2671253,0,0,-0.021278347,0,0.037150334,0,0,1,0.036915245,-0,0,1,0,0,-0.023561049,0,0.79139314,259.59218,3141.9844,60,0,1.2566371,0,0,nan,nan,30191.487,-517.784,-0,266.11877,0,1.2614059,0,0,0,0,0,0,0
11.45,497.08397,0,-3154.435,74.848037,0,-248.5089,0,1.2660661,0,0,-0.021082187,0,0.036730024,0,0,1,0.036494388,-0,0,1,0,0,-0.023287874,0,0.78875184,258.68671,3154.435,60,0,1.2566371,0,0,nan,nan,29942.725,-513.51774,-0,260.8431,0,1.2489586,0,0,0,0,0,0,0
11.5,500.82824,0,-3166.8373,74.925274,0,-247.54782,0,1.2650167,0,0,-0.020887965,0,0.036308739,0,0,1,0.036072557,-0,0,1,0,0,-0.023014003,0,0.78612112,257.78512,3166.8373,60,0,1.2566371,0,0,nan,nan,29696.316,-509.29182,-0,255.63091,0,1.2365959,0,0,0,0,0,0,0
11.55,504.57629,0,-3179.1918,74.998959,0,-246.59131,0,1.2639769,0,0,-0.020695669,0,0.035886481,0,0,1,0.035649757,-0,0,1,0,0,-0.022739439,0,0.78350089,256.88738,3179.1918,60,0,1.2566371,0,0,nan,nan,29452.229,-505.10573,-0,250.48144,0,1.2243173,0,0,0,0,0,0,0
11.6,508.32793,0,-3191.4985,75.069145,0,-245.63933,0,1.2629467,0,0,-0.020505286,0,0.035463257,0,0,1,0.035225992,-0,0,1,0,0,-0.022464183,0,0.78089105,255.99344,3191.4985,60,0,1.2566371,0,0,nan,nan,29210.436,-500.95898,-0,245.39396,0,1.2121218,0,0,0,0,0,0,0
11.65,512.08301,0,-3203.7577,75.135884,0,-244.69183,0,1.261926,0,0,-0.020316801,0,0.035039069,0,0,1,0.034801265,-0,0,1,0,0,-0.022188239,0,0.77829149,255.10327,3203.7577,60,0,1.2566371,0,0,nan,nan,28970.91,-496.8511,-0,240.36773,0,1.2000087,0,0,0,0,0,0,0
11.7,515.84133,0,-3215.9696,75.199229,0,-243.74878,0,1.2609146,0,0,-0.020130203,0,0.034613921,0,0,1,0.034375581,-0,0,1,0,0,-0.021911608,0,0.77570212,254.21683,3215.9696,60,0,1.2566371,0,0,nan,nan,28733.621,-492.78159,-0,235.40205,0,1.1879773,0,0,0,0,0,0,0
11.75,519.60275,0,-3228.1345,75.259231,0,-242.81014,0,1.2599126,0,0,-0.019945479,0,0.034187818,0,0,1,0.033948943,-0,0,1,0,0,-0.021634293,0,0.77312284,253.33409,3228.1345,60,0,1.2566371,0,0,nan,nan,28498.542,-488.75,-0,230.49618,0,1.1760267,0,0,0,0,0,0,0
11.8,523.36709,0,-3240.2526,75.315941,0,-241.87587,0,1.2589197,0,0,-0.019762616,0,0.033760761,0,0,1,0.033521354,-0,0,1,0,0,-0.021356296,0,0.77055355,252.45501,3240.2526,60,0,1.2566371,0,0,nan,nan,28265.648,-484.75586,-0,225.64945,0,1.1641564,0,0,0,0,0,0,0
11.85,527.13418,0,-3252.324,75.369409,0,-240.94593,0,1.2579359,0,0,-0.019581602,0,0.033332755,0,0,1,0.033092817,-0,0,1,0,0,-0.021077619,0,0.76799416,251.57956,3252.324,60,0,1.2566371,0,0,nan,nan,28034.91,-480.79871,-0,220.86115,0,1.1523655,0,0,0,0,0,0,0
11.9,530.90387,0,-3264.3491,75.419684,0,-240.02029,0,1.2569611,0,0,-0.019402424,0,0.032903803,0,0,1,0.032663335,-0,0,1,0,0,-0.020798264,0,0.76544458,250.7077,3264.3491,60,0,1.2566371,0,0,nan,nan,27806.303,-476.8781,-0,216.1306,0,1.1406533,0,0,0,0,0,0,0
11.95,534.676,0,-3276.328,75.466814,0,-239.09891,0,1.2559953,0,0,-0.019225071,0,0.032473906,0,0,1,0.032232911,-0,0,1,0,0,-0.020518232,0,0.76290471,249.83941,3276.328,60,0,1.2566371,0,0,nan,nan,27579.801,-472.99359,-0,211.45713,0,1.129019,0,0,0,0,0,0,0
12,538.45041,0,-3288.2609,75.510847,0,-238.18175,0,1.2550382,0,0,-0.019049529,0,0.032043069,0,0,1,0.031801548,-0,0,1,0,0,-0.020237525,0,0.76037446,248.97464,3288.2609,60,0,1.2566371,0,0,nan,nan,27355.379,-469.14475,-0,206.84008,0,1.1174619,0,0,0,0,0,0,0
12.05,542.22695,0,-3300.148,75.55183,0,-237.26877,0,1.2540899,0,0,-0.018875788,0,0.031611293,0,0,1,0.031369247,-0,0,1,0,0,-0.019956144,0,0.75785374,248.11336,3300.148,60,0,1.2566371,0,0,nan,nan,27133.011,-465.33115,-0,202.27878,0,1.1059813,0,0,0,0,0,0,0
12.1,546.00546,0,-3311.9897,75.58981,0,-236.35995,0,1.2531503,0,0,-0.018703835,0,0.031178581,0,0,1,0.030936011,-0,0,1,0,0,-0.019674091,0,0.75534246,247.25555,3311.9897,60,0,1.2566371,0,0,nan,nan,26912.674,-461.55236,-0,197.77259,0,1.0945765,0,0,0,0,0,0,0
12.15,549.78581,0,-3323.7859,75.624833,0,-235.45523,0,1.2522192,0,0,-0.018533658,0,0.030744935,0,0,1,0.030501842,-0,0,1,0,0,-0.019391366,0,0.75284054,246.40116,3323.7859,60,0,1.2566371,0,0,nan,nan,26694.342,-457.80797,-0,193.32087,0,1.0832468,0,0,0,0,0,0,0
12.2,553.56783,0,-3335.537,75.656943,0,-234.55459,0,1.2512966,0,0,-0.018365246,0,0.030310356,0,0,1,0.030066742,-0,0,1,0,0,-0.019107972,0,0.75034788,245.55017,3335.537,60,0,1.2566371,0,0,nan,nan,26477.993,-454.09758,-0,188.92299,0,1.0719914,0,0,0,0,0,0,0
12.25,557.35139,0,-3347.2432,75.686185,0,-233.65799,0,1.2503823,0,0,-0.018198587,0,0.029874847,0,0,1,0.029630711,-0,0,1,0,0,-0.018823908,0,0.7478644,244.70255,3347.2432,60,0,1.2566371,0,0,nan,nan,26263.602,-450.42077,-0,184.57833,0,1.0608096,0,0,0,0,0,0,0
12.3,561.13635,0,-3358.9047,75.712603,0,-232.7654,0,1.2494763,0,0,-0.018033669,0,0.029438408,0,0,1,0.029193753,-0,0,1,0,0,-0.018539176,0,0.74539001,243.85826,3358.9047,60,0,1.2566371,0,0,nan,nan,26051.146,-446.77715,-0,180.28626,0,1.0497007,0,0,0,0,0,0,0
12.35,564.92255,0,-3370.5216,75.736241,0,-231.87677,0,1.2485786,0,0,-0.017870482,0,0.029001042,0,0,1,0.028755868,-0,0,1,0,0,-0.018253776,0,0.74292464,243.01728,3370.5216,60,0,1.2566371,0,0,nan,nan,25840.603,-443.16634,-0,176.04618,0,1.038664,0,0,0,0,0,0,0
12.4,568.70988,0,-3382.0942,75.757141,0,-230.99209,0,1.2476889,0,0,-0.017709014,0,0.028562749,0,0,1,0.028317056,-0,0,1,0,0,-0.01796771,0,0.74046819,242.17957,3382.0942,60,0,1.2566371,0,0,nan,nan,25631.95,-439.58794,-0,171.8575,0,1.0276989,0,0,0,0,0,0,0
12.45,572.49818,0,-3393.6227,75.775344,0,-230.1113,0,1.2468073,0,0,-0.017549254,0,0.028123531,0,0,1,0.02787732,-0,0,1,0,0,-0.017680976,0,0.73802058,241.34511,3393.6227,60,0,1.2566371,0,0,nan,nan,25425.164,-436.04157,-0,167.71961,0,1.0168045,0,0,0,0,0,0,0
12.5,576.28734,0,-3405.1072,75.790893,0,-229.23439,0,1.2459337,0,0,-0.017391191,0,0.027683387,0,0,1,0.027436659,-0,0,1,0,0,-0.017393577,0,0.73558174,240.51386,3405.1072,60,0,1.2566371,0,0,nan,nan,25220.225,-432.52687,-0,163.63194,0,1.0059803,0,0,0,0,0,0,0
12.55,580.0772,0,-3416.5479,75.803828,0,-228.3613,0,1.2450679,0,0,-0.017234814,0,0.02724232,0,0,1,0.026995074,-0,0,1,0,0,-0.017105511,0,0.73315158,239.6858,3416.5479,60,0,1.2566371,0,0,nan,nan,25017.111,-429.04345,-0,159.5939,0,0.99522553,0,0,0,0,0,0,0
12.6,583.86765,0,-3427.9451,75.81419,0,-227.49202,0,1.2442098,0,0,-0.017080113,0,0.026800329,0,0,1,0.026552565,-0,0,1,0,0,-0.016816779,0,0.73073002,238.86089,3427.9451,60,0,1.2566371,0,0,nan,nan,24815.8,-425.59097,-0,155.60493,0,0.98453947,0,0,0,0,0,0,0
12.65,587.65856,0,-3439.2989,75.822019,0,-226.6265,0,1.2433595,0,0,-0.016927076,0,0.026357414,0,0,1,0.026109133,-0,0,1,0,0,-0.016527381,0,0.72831699,238.03911,3439.2989,60,0,1.2566371,0,0,nan,nan,24616.272,-422.16907,-0,151.66446,0,0.97392147,0,0,0,0,0,0,0
12.7,591.4498,0,-3450.6095,75.827353,0,-225.76472,0,1.2425168,0,0,-0.016775693,0,0.025913576,0,0,1,0.025664778,-0,0,1,0,0,-0.016237316,0,0.7259124,237.22043,3450.6095,60,0,1.2566371,0,0,nan,nan,24418.506,-418.77738,-0,147.77194,0,0.96337084,0,0,0,0,0,0,0
12.75,595.24125,0,-3461.8772,75.830231,0,-224.90665,0,1.2416816,0,0,-0.016625953,0,0.025468814,0,0,1,0.025219499,-0,0,1,0,0,-0.015946586,0,0.72351618,236.40483,3461.8772,60,0,1.2566371,0,0,nan,nan,24222.482,-415.41557,-0,143.92682,0,0.9528869,0,0,0,0,0,0,0
12.8,599.03278,0,-3473.102,75.830691,0,-224.05224,0,1.2408539,0,0,-0.016477847,0,0.025023128,0,0,1,0.024773296,-0,0,1,0,0,-0.015655188,0,0.72112826,235.59226,3473.102,60,0,1.2566371,0,0,nan,nan,24028.18,-412.08329,-0,140.12855,0,0.94246898,0,0,0,0,0,0,0
12.85,602.82428,0,-3484.2842,75.828771,0,-223.20147,0,1.2400335,0,0,-0.016331363,0,0.024576518,0,0,1,0.024326168,-0,0,1,0,0,-0.015363122,0,0.71874856,234.78272,3484.2842,60,0,1.2566371,0,0,nan,nan,23835.581,-408.78021,-0,136.37661,0,0.93211641,0,0,0,0,0,0,0
12.9,606.61562,0,-3495.4239,75.824509,0,-222.3543,0,1.2392204,0,0,-0.016186493,0,0.024128983,0,0,1,0.023878115,-0,0,1,0,0,-0.015070389,0,0.71637701,233.97616,3495.4239,60,0,1.2566371,0,0,nan,nan,23644.664,-405.50599,-0,132.67045,0,0.9218285,0,0,0,0,0,0,0
12.95,610.4067,0,-3506.5213,75.817939,0,-221.51071,0,1.2384145,0,0,-0.016043224,0,0.023680522,0,0,1,0.023429135,-0,0,1,0,0,-0.014776986,0,0.71401352,233.17257,3506.5213,60,0,1.2566371,0,0,nan,nan,23455.411,-402.2603,-0,129.00957,0,0.9116046,0,0,0,0,0,0,0
13,614.19739,0,-3517.5767,75.8091,0,-220.67066,0,1.2376158,0,0,-0.015901549,0,0.023231135,0,0,1,0.022979228,-0,0,1,0,0,-0.014482914,0,0.71165804,232.37192,3517.5767,60,0,1.2566371,0,0,nan,nan,23267.804,-399.04283,-0,125.39344,0,0.90144404,0,0,0,0,0,0,0
13.05,617.98759,0,-3528.5901,75.798025,0,-219.83413,0,1.2368241,0,0,-0.015761457,0,0.022780819,0,0,1,0.022528392,-0,0,1,0,0,-0.01418817,0,0.70931049,231.57417,3528.5901,60,0,1.2566371,0,0,nan,nan,23081.823,-395.85326,-0,121.82155,0,0.89134616,0,0,0,0,0,0,0
13.1,621.77718,0,-3539.5618,75.78475,0,-219.00108,0,1.2360393,0,0,-0.015622937,0,0.022329573,0,0,1,0.022076626,-0,0,1,0,0,-0.013892755,0,0.70697079,230.77931,3539.5618,60,0,1.2566371,0,0,nan,nan,22897.45,-392.69126,-0,118.29341,0,0.8813103,0,0,0,0,0,0,0
13.15,625.56606,0,-3550.492,75.76931,0,-218.17148,0,1.2352615,0,0,-0.015485981,0,0.021877397,0,0,1,0.021623928,-0,0,1,0,0,-0.013596666,0,0.70463888,229.98732,3550.492,60,0,1.2566371,0,0,nan,nan,22714.667,-389.55655,-0,114.80851,0,0.8713358,0,0,0,0,0,0,0
13.2,629.35411,0,-3561.3807,75.751739,0,-217.3453,0,1.2344904,0,0,-0.015350579,0,0.021424288,0,0,1,0.021170295,-0,0,1,0,0,-0.013299903,0,0.70231469,229.19815,3561.3807,60,0,1.2566371,0,0,nan,nan,22533.458,-386.4488,-0,111.36637,0,0.86142201,0,0,0,0,0,0,0
13.25,633.14124,0,-3572.2282,75.73207,0,-216.52251,0,1.2337261,0,0,-0.015216722,0,0.020970244,0,0,1,0.020715727,-0,0,1,0,0,-0.013002463,0,0.69999815,228.4118,3572.2282,60,0,1.2566371,0,0,nan,nan,22353.803,-383.36772,-0,107.9665,0,0.85156827,0,0,0,0,0,0,0
13.3,636.92733,0,-3583.0347,75.710336,0,-215.70308,0,1.2329685,0,0,-0.0150844,0,0.020515263,0,0,1,0.020260221,-0,0,1,0,0,-0.012704345,0,0.6976892,227.62824,3583.0347,60,0,1.2566371,0,0,nan,nan,22175.686,-380.31301,-0,104.60842,0,0.84177394,0,0,0,0,0,0,0
13.35,640.71228,0,-3593.8002,75.68657,0,-214.88699,0,1.2322174,0,0,-0.014953604,0,0.020059343,0,0,1,0.019803775,-0,0,1,0,0,-0.012405548,0,0.69538776,226.84743,3593.8002,60,0,1.2566371,0,0,nan,nan,21999.09,-377.28439,-0,101.29166,0,0.83203838,0,0,0,0,0,0,0
13.4,644.496,0,-3604.525,75.660805,0,-214.0742,0,1.2314728,0,0,-0.014824324,0,0.019602481,0,0,1,0.019346385,-0,0,1,0,0,-0.012106069,0,0.69309377,226.06936,3604.525,60,0,1.2566371,0,0,nan,nan,21823.998,-374.28156,-0,98.015749,0,0.82236092,0,0,0,0,0,0,0
13.45,648.27838,0,-3615.2093,75.633072,0,-213.26469,0,1.2307347,0,0,-0.014696553,0,0.019144675,0,0,1,0.018888049,-0,0,1,0,0,-0.011805906,0,0.69080716,225.29401,3615.2093,60,0,1.2566371,0,0,nan,nan,21650.394,-371.30425,-0,94.780233,0,0.81274094,0,0,0,0,0,0,0
13.5,652.05933,0,-3625.8532,75.603403,0,-212.45842,0,1.2300029,0,0,-0.01457028,0,0.018685922,0,0,1,0.018428765,-0,0,1,0,0,-0.011505057,0,0.68852788,224.52134,3625.8532,60,0,1.2566371,0,0,nan,nan,21478.26,-368.35217,-0,91.584653,0,0.80317779,0,0,0,0,0,0,0
13.55,655.83875,0,-3636.4568,75.571828,0,-211.65537,0,1.2292774,0,0,-0.014445497,0,0.018226219,0,0,1,0.017968529,-0,0,1,0,0,-0.011203521,0,0.68625585,223.75135,3636.4568,60,0,1.2566371,0,0,nan,nan,21307.583,-365.42504,-0,88.428559,0,0.79367084,0,0,0,0,0,0,0
13.6,659.61655,0,-3647.0204,75.538378,0,-210.85551,0,1.2285581,0,0,-0.014322195,0,0.017765562,0,0,1,0.017507337,-0,0,1,0,0,-0.010901294,0,0.68399102,222.98399,3647.0204,60,0,1.2566371,0,0,nan,nan,21138.344,-362.5226,-0,85.311506,0,0.78421944,0,0,0,0,0,0,0
13.65,663.39263,0,-3657.544,75.503083,0,-210.05881,0,1.2278449,0,0,-0.014200367,0,0.017303948,0,0,1,0.017045187,-0,0,1,0,0,-0.010598374,0,0.68173332,222.21926,3657.544,60,0,1.2566371,0,0,nan,nan,20970.53,-359.64458,-0,82.233056,0,0.77482297,0,0,0,0,0,0,0
13.7,667.1669,0,-3668.0279,75.465972,0,-209.26524,0,1.2271378,0,0,-0.014080002,0,0.016841374,0,0,1,0.016582074,-0,0,1,0,0,-0.010294758,0,0.67948269,221.45713,3668.0279,60,0,1.2566371,0,0,nan,nan,20804.123,-356.79072,-0,79.192775,0,0.76548079,0,0,0,0,0,0,0
13.75,670.93927,0,-3678.4722,75.427076,0,-208.47479,0,1.2264366,0,0,-0.013961093,0,0.016377836,0,0,1,0.016117995,-0,0,1,0,0,-0.0099904437,0,0.67723906,220.69757,3678.4722,60,0,1.2566371,0,0,nan,nan,20639.11,-353.96074,-0,76.190235,0,0.75619227,0,0,0,0,0,0,0
13.8,674.70966,0,-3688.877,75.386422,0,-207.68741,0,1.2257414,0,0,-0.013843631,0,0.01591333,0,0,1,0.015652946,-0,0,1,0,0,-0.0096854282,0,0.67500239,219.94057,3688.877,60,0,1.2566371,0,0,nan,nan,20475.476,-351.15441,-0,73.225012,0,0.74695679,0,0,0,0,0,0,0
13.85,678.47797,0,-3699.2425,75.34404,0,-206.90308,0,1.225052,0,0,-0.013727609,0,0.015447852,0,0,1,0.015186922,-0,0,1,0,0,-0.0093797084,0,0.6727726,219.1861,3699.2425,60,0,1.2566371,0,0,nan,nan,20313.204,-348.37146,-0,70.296688,0,0.73777371,0,0,0,0,0,0,0
13.9,682.24412,0,-3709.5689,75.299958,0,-206.12178,0,1.2243684,0,0,-0.013613017,0,0.014981397,0,0,1,0.014719919,-0,0,1,0,0,-0.009073281,0,0.67054964,218.43414,3709.5689,60,0,1.2566371,0,0,nan,nan,20152.282,-345.61164,-0,67.40485,0,0.72864241,0,0,0,0,0,0,0
13.95,686.00803,0,-3719.8563,75.254202,0,-205.34349,0,1.2236905,0,0,-0.013499848,0,0.014513961,0,0,1,0.014251932,-0,0,1,0,0,-0.0087661428,0,0.66833346,217.68467,3719.8563,60,0,1.2566371,0,0,nan,nan,19992.694,-342.87471,-0,64.54909,0,0.71956228,0,0,0,0,0,0,0
14,689.76961,0,-3730.1049,75.206801,0,-204.56816,0,1.2230182,0,0,-0.013388095,0,0.018117974,0,0,1,0.074869481,-0,0,1,0,0,-0.0084582904,0,0.66612399,216.93768,3730.1049,60,0,1.134464,0,0,nan,nan,19834.427,-340.16043,-0,55.792086,0,-94.280178,0,0,0,0,0,0,0
14.05,693.52818,0,-3740.315,75.128767,0,-203.80631,0,1.2205388,0,0,-0.10182789,0,0.05134152,0,0,1,0.047536658,0,-0,1,0,0,-0.010105063,0,0.6639219,216.19336,3740.315,60,0,1.134464,0,0,nan,nan,19677.509,-337.46928,-0,23.177728,0,-592.08713,0,0,0,0,0,0,0
14.1,697.28312,0,-3750.4869,75.076064,0,-203.03736,0,1.2139666,0,0,-0.14609953,0,0.037678594,0,0,1,0.031384614,0,-0,1,0,0,-0.015717142,0,0.66172491,215.45099,3750.4869,60,0,1.134464,0,0,nan,nan,19521.793,-334.79876,-0,96.28193,0,26.506865,0,0,0,0,0,0,0
14.15,701.03676,0,-3760.6199,75.076864,0,-202.25028,0,1.20714,0,0,-0.12048292,0,0.034396345,0,0,1,0.036036889,0,-0,1,0,0,-0.021313867,0,0.65953035,214.70968,3760.6199,60,0,1.134464,0,0,nan,nan,19367.117,-332.14606,-0,153.30358,0,232.31659,0,0,0,0,0,0,0
14.2,704.79128,0,-3770.7133,75.108792,0,-201.45294,0,1.201936,0,0,-0.088355037,0,0.039913645,0,0,1,0.043423475,0,-0,1,0,0,-0.025126362,0,0.65733851,213.96954,3770.7133,60,0,1.134464,0,0,nan,nan,19213.492,-329.51139,-0,180.18921,0,159.67673,0,0,0,0,0,0,0
14.25,708.54779,0,-3780.7668,75.155302,0,-200.65161,0,1.1980121,0,0,-0.069931849,0,0.045102228,0,0,1,0.047316042,0,-0,1,0,0,-0.027578413,0,0.65515069,213.23099,3780.7668,60,0,1.134464,0,0,nan,nan,19060.989,-326.89595,-0,194.39175,0,81.695352,0,0,0,0,0,0,0
14.3,712.30686,0,-3790.7801,75.21087,0,-199.84845,0,1.1947769,0,0,-0.059841728,0,0.047919018,0,0,1,0.049035223,0,-0,1,0,0,-0.02928858,0,0.65296764,212.49427,3790.7801,60,0,1.134464,0,0,nan,nan,18909.642,-324.30036,-0,204.77925,0,52.263279,0,0,0,0,0,0,0
14.35,716.06888,0,-3800.7532,75.273343,0,-199.04434,0,1.1919675,0,0,-0.052489158,0,0.049444911,0,0,1,0.050130965,0,-0,1,0,0,-0.030530095,0,0.65078974,211.7595,3800.7532,60,0,1.134464,0,0,nan,nan,18759.466,-321.72485,-0,212.46119,0,42.519344,0,0,0,0,0,0,0
14.4,719.83415,0,-3810.6861,75.340661,0,-198.2401,0,1.1894934,0,0,-0.046445205,0,0.050486969,0,0,1,0.050988545,0,-0,1,0,0,-0.031403649,0,0.64861735,211.02679,3810.6861,60,0,1.134464,0,0,nan,nan,18610.474,-319.16962,-0,217.31442,0,34.373204,0,0,0,0,0,0,0
14.45,723.60285,0,-3820.5788,75.410871,0,-197.43653,0,1.1872903,0,0,-0.041706533,0,0.051235309,0,0,1,0.051578348,0,-0,1,0,0,-0.031983242,0,0.64645079,210.29626,3820.5788,60,0,1.134464,0,0,nan,nan,18462.674,-316.63485,-0,219.81647,0,26.093934,0,0,0,0,0,0,0
14.5,727.37511,0,-3830.4314,75.482481,0,-196.63426,0,1.1852945,0,0,-0.038159533,0,0.051707779,0,0,1,0.051903815,0,-0,1,0,0,-0.032340063,0,0.64429032,209.56799,3830.4314,60,0,1.134464,0,0,nan,nan,18316.072,-314.12064,-0,220.63741,0,19.369923,0,0,0,0,0,0,0
14.55,731.15097,0,-3840.2439,75.55445,0,-195.83371,0,1.1834531,0,0,-0.035517734,0,0.051945127,0,0,1,0.052025326,0,-0,1,0,0,-0.032532335,0,0.64213613,208.84202,3840.2439,60,0,1.134464,0,0,nan,nan,18170.67,-311.62699,-0,220.2808,0,14.529583,0,0,0,0,0,0,0
14.6,734.93041,0,-3850.0164,75.626041,0,-195.0352,0,1.1817273,0,0,-0.033521743,0,0.052006055,0,0,1,0.052002025,0,-0,1,0,0,-0.032602534,0,0.63998833,208.11841,3850.0164,60,0,1.134464,0,0,nan,nan,18026.465,-309.15387,-0,219.07196,0,11.062428,0,0,0,0,0,0,0
14.65,738.71341,0,-3859.749,75.696716,0,-194.23895,0,1.1800896,0,0,-0.031995379,0,0.051938982,0,0,1,0.051873399,0,-0,1,0,0,-0.032581205,0,0.63784701,207.39716,3859.749,60,0,1.134464,0,0,nan,nan,17883.451,-306.70119,-0,217.23521,0,8.4949009,0,0,0,0,0,0,0
14.7,742.49992,0,-3869.4419,75.766082,0,-193.44514,0,1.1785193,0,0,-0.030820093,0,0.051777019,0,0,1,0.051665169,0,-0,1,0,0,-0.032490888,0,0.63571222,206.67831,3869.4419,60,0,1.134464,0,0,nan,nan,17741.623,-304.26884,-0,214.93842,0,6.5625497,0,0,0,0,0,0,0
14.75,746.28986,0,-3879.0952,75.833854,0,-192.65387,0,1.1770011,0,0,-0.029908967,0,0.051543135,0,0,1,0.051396026,0,-0,1,0,0,-0.032348488,0,0.63358397,205.96185,3879.0952,60,0,1.134464,0,0,nan,nan,17600.972,-301.85666,-0,212.30888,0,5.111727,0,0,0,0,0,0,0
14.8,750.08314,0,-3888.7089,75.899827,0,-191.86522,0,1.1755234,0,0,-0.029195643,0,0.051254365,0,0,1,0.051080336,0,-0,1,0,0,-0.03216667,0,0.63146228,205.24777,3888.7089,60,0,1.134464,0,0,nan,nan,17461.488,-299.46452,-0,209.44134,0,4.0283282,0,0,0,0,0,0,0
14.85,753.87968,0,-3898.2833,75.963858,0,-191.07927,0,1.1740778,0,0,-0.028629876,0,0.050923666,0,0,1,0.050729044,0,-0,1,0,0,-0.03195488,0,0.62934712,204.53609,3898.2833,60,0,1.134464,0,0,nan,nan,17323.162,-297.09223,-0,206.40551,0,3.2205197,0,0,0,0,0,0,0
14.9,757.67937,0,-3907.8185,76.025849,0,-190.29604,0,1.1726576,0,0,-0.028174184,0,0.050560799,0,0,1,0.050350321,0,-0,1,0,0,-0.031720145,0,0.62723849,203.82678,3907.8185,60,0,1.134464,0,0,nan,nan,17185.983,-294.73962,-0,203.25265,0,2.6174121,0,0,0,0,0,0,0
14.95,761.4821,0,-3917.3145,76.085731,0,-189.51556,0,1.1712582,0,0,-0.027800738,0,0.050173043,0,0,1,0.04995023,0,-0,1,0,0,-0.031467695,0,0.62513635,203.11984,3917.3145,60,0,1.134464,0,0,nan,nan,17049.942,-292.4065,-0,200.02057,0,2.1663633,0,0,0,0,0,0,0
15,765.28779,0,-3926.7716,76.143462,0,-188.73783,0,1.1698758,0,0,-0.027488843,0,0.049765807,0,0,1,0.049533279,0,-0,1,0,0,-0.031201425,0,0.62304067,202.41525,3926.7716,60,0,1.134464,0,0,nan,nan,16915.026,-290.0927,-0,196.73717,0,1.8285774,0,0,0,0,0,0,0
15.05,769.0963,0,-3936.1899,76.199017,0,-187.96287,0,1.1685079,0,0,-0.027223071,0,0.049343122,0,0,1,0.049102833,0,-0,1,0,0,-0.030924238,0,0.62095142,201.71301,3936.1899,60,0,1.134464,0,0,nan,nan,16781.225,-287.79802,-0,193.42304,0,1.5752558,0,0,0,0,0,0,0
15.1,772.90754,0,-3945.5695,76.252383,0,-187.19068,0,1.1671524,0,0,-0.026991916,0,0.048907994,0,0,1,0.0486614,0,-0,1,0,0,-0.030638295,0,0.61886856,201.01309,3945.5695,60,0,1.134464,0,0,nan,nan,16648.529,-285.52227,-0,190.09335,0,1.384902,0,0,0,0,0,0,0
15.15,776.7214,0,-3954.9106,76.303558,0,-186.42124,0,1.1658079,0,0,-0.026786807,0,0.048462664,0,0,1,0.048210854,0,-0,1,0,0,-0.030345206,0,0.61679204,200.31548,3954.9106,60,0,1.134464,0,0,nan,nan,16516.925,-283.26527,-0,186.75927,0,1.2414604,0,0,0,0,0,0,0
15.2,780.53776,0,-3964.2132,76.352544,0,-185.65456,0,1.164473,0,0,-0.026601357,0,0.048008808,0,0,1,0.047752591,0,-0,1,0,0,-0.030046169,0,0.61472182,199.62017,3964.2132,60,0,1.134464,0,0,nan,nan,16386.404,-281.02683,-0,183.429,0,1.1329565,0,0,0,0,0,0,0
15.25,784.35652,0,-3973.4776,76.399353,0,-184.89061,0,1.1631471,0,0,-0.026430809,0,0.047547672,0,0,1,0.047287654,0,-0,1,0,0,-0.029742077,0,0.61265787,198.92713,3973.4776,60,0,1.134464,0,0,nan,nan,16256.954,-278.80677,-0,180.10858,0,1.0504678,0,0,0,0,0,0,0
15.3,788.17757,0,-3982.7039,76.443996,0,-184.12939,0,1.1618294,0,0,-0.026271624,0,0.047080187,0,0,1,0.04681682,0,-0,1,0,0,-0.029433594,0,0.61060013,198.23636,3982.7039,60,0,1.134464,0,0,nan,nan,16128.565,-276.60489,-0,176.80241,0,0.98734733,0,0,0,0,0,0,0
15.35,792.0008,0,-3991.8921,76.486489,0,-183.37089,0,1.1605195,0,0,-0.026121165,0,0.046607049,0,0,1,0.046340669,0,-0,1,0,0,-0.029121215,0,0.60854857,197.54784,3991.8921,60,0,1.134464,0,0,nan,nan,16001.226,-274.42102,-0,173.51373,0,0.93864326,0,0,0,0,0,0,0
15.4,795.8261,0,-4001.0425,76.52685,0,-182.61508,0,1.1592169,0,0,-0.02597747,0,0.046128775,0,0,1,0.045859634,0,-0,1,0,0,-0.028805308,0,0.60650314,196.86154,4001.0425,60,0,1.134464,0,0,nan,nan,15874.926,-272.25498,-0,170.24487,0,0.90066638,0,0,0,0,0,0,0
15.45,799.65337,0,-4010.1552,76.565097,0,-181.86196,0,1.1579214,0,0,-0.025839079,0,0.045645752,0,0,1,0.045374037,0,-0,1,0,0,-0.028486148,0,0.60446379,196.17746,4010.1552,60,0,1.134464,0,0,nan,nan,15749.655,-270.10659,-0,166.99753,0,0.87066867,0,0,0,0,0,0,0
15.5,803.4825,0,-4019.2302,76.601251,0,-181.11151,0,1.1566327,0,0,-0.025704908,0,0.045158269,0,0,1,0.04488412,0,-0,1,0,0,-0.028163939,0,0.60243049,195.49559,4019.2302,60,0,1.134464,0,0,nan,nan,15625.403,-267.97567,-0,163.77294,0,0.84660358,0,0,0,0,0,0,0
15.55,807.31339,0,-4028.2679,76.635331,0,-180.36372,0,1.1553506,0,0,-0.02557415,0,0.044666542,0,0,1,0.044390064,0,-0,1,0,0,-0.027838833,0,0.60040319,194.81589,4028.2679,60,0,1.134464,0,0,nan,nan,15502.16,-265.86204,-0,160.57195,0,0.82694723,0,0,0,0,0,0,0
15.6,811.14593,0,-4037.2682,76.667359,0,-179.61855,0,1.154075,0,0,-0.025446204,0,0.044170732,0,0,1,0.043892003,0,-0,1,0,0,-0.027510943,0,0.59838185,194.13837,4037.2682,60,0,1.134464,0,0,nan,nan,15379.915,-263.76553,-0,157.39518,0,0.81056515,0,0,0,0,0,0,0
15.65,814.98003,0,-4046.2312,76.697357,0,-178.87601,0,1.1528057,0,0,-0.025320627,0,0.043670959,0,0,1,0.043390039,0,-0,1,0,0,-0.027180354,0,0.59636643,193.46299,4046.2312,60,0,1.134464,0,0,nan,nan,15258.658,-261.68598,-0,154.24303,0,0.7966129,0,0,0,0,0,0,0
15.7,818.81558,0,-4055.1573,76.725345,0,-178.13608,0,1.1515426,0,0,-0.025197088,0,0.043167315,0,0,1,0.042884245,0,-0,1,0,0,-0.026847127,0,0.59435688,192.78975,4055.1573,60,0,1.134464,0,0,nan,nan,15138.38,-259.62322,-0,151.11577,0,0.78446207,0,0,0,0,0,0,0
15.75,822.65248,0,-4064.0464,76.751345,0,-177.39873,0,1.1502857,0,0,-0.025075342,0,0.042659865,0,0,1,0.04237468,0,-0,1,0,0,-0.02651131,0,0.59235316,192.11864,4064.0464,60,0,1.134464,0,0,nan,nan,15019.071,-257.57707,-0,148.01357,0,0.77364512,0,0,0,0,0,0,0
15.8,826.49063,0,-4072.8987,76.775379,0,-176.66395,0,1.1490348,0,0,-0.024955208,0,0.042148662,0,0,1,0.041861385,0,-0,1,0,0,-0.026172936,0,0.59035523,191.44963,4072.8987,60,0,1.134464,0,0,nan,nan,14900.721,-255.54737,-0,144.93652,0,0.76381423,0,0,0,0,0,0,0
15.85,830.32994,0,-4081.7143,76.797468,0,-175.93173,0,1.1477899,0,0,-0.024836553,0,0.041633741,0,0,1,0.041344392,0,-0,1,0,0,-0.025832032,0,0.58836305,190.78271,4081.7143,60,0,1.134464,0,0,nan,nan,14783.321,-253.53396,-0,141.88464,0,0.75471075,0,0,0,0,0,0,0
15.9,834.1703,0,-4090.4933,76.817633,0,-175.20205,0,1.1465509,0,0,-0.024719278,0,0.041115133,0,0,1,0.040823724,0,-0,1,0,0,-0.025488616,0,0.58637658,190.11786,4090.4933,60,0,1.134464,0,0,nan,nan,14666.862,-251.53668,-0,138.85792,0,0.74614238,0,0,0,0,0,0,0
15.95,838.01163,0,-4099.236,76.835896,0,-174.47489,0,1.1453177,0,0,-0.024603311,0,0.040592857,0,0,1,0.040299399,0,-0,1,0,0,-0.025142701,0,0.58439577,189.45508,4099.236,60,0,1.134464,0,0,nan,nan,14551.334,-249.55538,-0,135.85632,0,0.73796619,0,0,0,0,0,0,0
16,841.85382,0,-4107.9423,76.852279,0,-173.75024,0,1.1440903,0,0,-0.024488598,0,0.040066929,0,0,1,0.03977143,0,-0,1,0,0,-0.024794297,0,0.5824206,188.79435,4107.9423,60,0,1.134464,0,0,nan,nan,14436.728,-247.58988,-0,132.87978,0,0.73007596,0,0,0,0,0,0,0
16.05,845.69679,0,-4116.6125,76.866801,0,-173.02808,0,1.1428686,0,0,-0.024375102,0,0.03953736,0,0,1,0.039239825,0,-0,1,0,0,-0.024443412,0,0.58045101,188.13564,4116.6125,60,0,1.134464,0,0,nan,nan,14323.035,-245.64005,-0,129.9282,0,0.72239282,0,0,0,0,0,0,0
16.1,849.54045,0,-4125.2466,76.879484,0,-172.30839,0,1.1416525,0,0,-0.024262795,0,0.039004159,0,0,1,0.038704592,0,-0,1,0,0,-0.02409005,0,0.57848697,187.47896,4125.2466,60,0,1.134464,0,0,nan,nan,14210.247,-243.70573,-0,127.0015,0,0.71485818,0,0,0,0,0,0,0
16.15,853.38469,0,-4133.8448,76.890349,0,-171.59116,0,1.1404421,0,0,-0.024151657,0,0.038467332,0,0,1,0.038165735,0,-0,1,0,0,-0.023734213,0,0.57652844,186.82427,4133.8448,60,0,1.134464,0,0,nan,nan,14098.353,-241.78676,-0,124.09956,0,0.70742859,0,0,0,0,0,0,0
16.2,857.22943,0,-4142.4072,76.899417,0,-170.87637,0,1.1392371,0,0,-0.024041674,0,0.037926882,0,0,1,0.037623257,0,-0,1,0,0,-0.023375903,0,0.57457538,186.17158,4142.4072,60,0,1.134464,0,0,nan,nan,13987.347,-239.883,-0,121.22228,0,0.70007178,0,0,0,0,0,0,0
16.25,861.07458,0,-4150.9339,76.906707,0,-170.16401,0,1.1380377,0,0,-0.023932836,0,0.037382811,0,0,1,0.037077159,0,-0,1,0,0,-0.023015122,0,0.57262776,185.52086,4150.9339,60,0,1.134464,0,0,nan,nan,13877.218,-237.9943,-0,118.36953,0,0.69276386,0,0,0,0,0,0,0
16.3,864.92006,0,-4159.4251,76.91224,0,-169.45405,0,1.1368436,0,0,-0.023825138,0,0.036835122,0,0,1,0.036527443,0,-0,1,0,0,-0.022651868,0,0.57068553,184.87211,4159.4251,60,0,1.134464,0,0,nan,nan,13767.96,-236.12051,-0,115.54119,0,0.6854871,0,0,0,0,0,0,0
16.35,868.76577,0,-4167.8808,76.916037,0,-168.7465,0,1.1356549,0,0,-0.023718575,0,0.036283813,0,0,1,0.035974107,0,-0,1,0,0,-0.022286141,0,0.56874866,184.2253,4167.8808,60,0,1.134464,0,0,nan,nan,13659.562,-234.26149,-0,112.73713,0,0.6782284,0,0,0,0,0,0,0
16.4,872.61163,0,-4176.3012,76.918117,0,-168.04131,0,1.1344715,0,0,-0.023613146,0,0.035728885,0,0,1,0.035417151,0,-0,1,0,0,-0.02191794,0,0.56681712,183.58042,4176.3012,60,0,1.134464,0,0,nan,nan,13552.018,-232.41711,-0,109.95724,0,0.67097804,0,0,0,0,0,0,0
16.45,876.45755,0,-4184.6864,76.9185,0,-167.3385,0,1.1332934,0,0,-0.023508849,0,0.035170335,0,0,1,0.034856574,0,-0,1,0,0,-0.021547261,0,0.56489085,182.93747,4184.6864,60,0,1.134464,0,0,nan,nan,13445.318,-230.58721,-0,107.20138,0,0.66372885,0,0,0,0,0,0,0
16.5,880.30345,0,-4193.0365,76.917206,0,-166.63802,0,1.1321204,0,0,-0.023405685,0,0.034608162,0,0,1,0.034292371,0,-0,1,0,0,-0.021174103,0,0.56296983,182.29642,4193.0365,60,0,1.134464,0,0,nan,nan,13339.455,-228.77166,-0,104.46942,0,0.65647553,0,0,0,0,0,0,0
16.55,884.14925,0,-4201.3516,76.914255,0,-165.93988,0,1.1309526,0,0,-0.023303656,0,0.034042364,0,0,1,0.033724542,0,-0,1,0,0,-0.020798464,0,0.56105403,181.65727,4201.3516,60,0,1.134464,0,0,nan,nan,13234.421,-226.97032,-0,101.76123,0,0.64921418,0,0,0,0,0,0,0
16.6,887.99486,0,-4209.6319,76.909665,0,-165.24406,0,1.1297898,0,0,-0.023202761,0,0.033472937,0,0,1,0.033153082,0,-0,1,0,0,-0.020420339,0,0.5591434,181.01999,4209.6319,60,0,1.134464,0,0,nan,nan,13130.208,-225.18307,-0,99.076677,0,0.64194189,0,0,0,0,0,0,0
16.65,891.8402,0,-4217.8774,76.903456,0,-164.55054,0,1.1286321,0,0,-0.023103004,0,0.032899878,0,0,1,0.032577988,0,-0,1,0,0,-0.020039725,0,0.55723792,180.38459,4217.8774,60,0,1.134464,0,0,nan,nan,13026.808,-223.40975,-0,96.415629,0,0.63465656,0,0,0,0,0,0,0
16.7,895.68519,0,-4226.0884,76.895647,0,-163.8593,0,1.1274793,0,0,-0.023004386,0,0.032323183,0,0,1,0.031999256,0,-0,1,0,0,-0.019656619,0,0.55533753,179.75104,4226.0884,60,0,1.134464,0,0,nan,nan,12924.213,-221.65025,-0,93.777954,0,0.6273566,0,0,0,0,0,0,0
16.75,899.52975,0,-4234.2648,76.886256,0,-163.17033,0,1.1263314,0,0,-0.02290691,0,0.031742848,0,0,1,0.031416881,0,-0,1,0,0,-0.019271017,0,0.55344222,179.11933,4234.2648,60,0,1.134464,0,0,nan,nan,12822.416,-219.90444,-0,91.163518,0,0.62004087,0,0,0,0,0,0,0
16.8,903.37381,0,-4242.4068,76.875303,0,-162.48361,0,1.1251884,0,0,-0.022810578,0,0.031158868,0,0,1,0.030830858,0,-0,1,0,0,-0.018882913,0,0.55155195,178.48945,4242.4068,60,0,1.134464,0,0,nan,nan,12721.41,-218.17218,-0,88.572188,0,0.61270851,0,0,0,0,0,0,0
16.85,907.21728,0,-4250.5146,76.862806,0,-161.79913,0,1.1240502,0,0,-0.022715394,0,0.030571237,0,0,1,0.030241182,0,-0,1,0,0,-0.018492305,0,0.54966668,177.86139,4250.5146,60,0,1.134464,0,0,nan,nan,12621.186,-216.45334,-0,86.003832,0,0.60535887,0,0,0,0,0,0,0
16.9,911.06009,0,-4258.5881,76.848784,0,-161.11688,0,1.1229167,0,0,-0.022621359,0,0.029979951,0,0,1,0.029647847,0,-0,1,0,0,-0.018099185,0,0.54778638,177.23513,4258.5881,60,0,1.134464,0,0,nan,nan,12521.738,-214.7478,-0,83.458315,0,0.5979915,0,0,0,0,0,0,0
16.95,914.90216,0,-4266.6276,76.833254,0,-160.43684,0,1.1217878,0,0,-0.022528476,0,0.029385003,0,0,1,0.029050846,0,-0,1,0,0,-0.017703551,0,0.54591102,176.61067,4266.6276,60,0,1.134464,0,0,nan,nan,12423.058,-213.05544,-0,80.935505,0,0.59060602,0,0,0,0,0,0,0
17,918.74343,0,-4274.6332,76.816235,0,-159.75899,0,1.1206636,0,0,-0.022436749,0,0.028786387,0,0,1,0.028450175,0,-0,1,0,0,-0.017305395,0,0.54404055,175.98798,4274.6332,60,0,1.134464,0,0,nan,nan,12325.139,-211.37614,-0,78.435268,0,0.58320215,0,0,0,0,0,0,0
17.05,922.5838,0,-4282.6049,76.797745,0,-159.08332,0,1.119544,0,0,-0.02234618,0,0.028184097,0,0,1,0.027845825,0,-0,1,0,0,-0.016904713,0,0.54217496,175.36707,4282.6049,60,0,1.134464,0,0,nan,nan,12227.975,-209.70977,-0,75.957471,0,0.57577969,0,0,0,0,0,0,0
17.1,926.42321,0,-4290.5429,76.777802,0,-158.40981,0,1.1184288,0,0,-0.022256772,0,0.027578125,0,0,1,0.02723779,0,-0,1,0,0,-0.016501499,0,0.54031421,174.74791,4290.5429,60,0,1.134464,0,0,nan,nan,12131.557,-208.05621,-0,73.50198,0,0.56833844,0,0,0,0,0,0,0
17.15,930.2616,0,-4298.4473,76.756422,0,-157.73845,0,1.1173181,0,0,-0.022168529,0,0.026968464,0,0,1,0.026626061,0,-0,1,0,0,-0.016095746,0,0.53845826,174.13049,4298.4473,60,0,1.134464,0,0,nan,nan,12035.88,-206.41535,-0,71.068663,0,0.56087824,0,0,0,0,0,0,0
17.2,934.09888,0,-4306.3181,76.733624,0,-157.06923,0,1.1162118,0,0,-0.022081452,0,0.026355107,0,0,1,0.026010632,0,-0,1,0,0,-0.015687447,0,0.53660709,173.51481,4306.3181,60,0,1.134464,0,0,nan,nan,11940.936,-204.78706,-0,68.657386,0,0.55339897,0,0,0,0,0,0,0
17.25,937.93498,0,-4314.1556,76.709426,0,-156.40213,0,1.1151097,0,0,-0.021995546,0,0.025738045,0,0,1,0.025391493,0,-0,1,0,0,-0.015276597,0,0.53476066,172.90085,4314.1556,60,0,1.134464,0,0,nan,nan,11846.719,-203.17124,-0,66.268017,0,0.54590048,0,0,0,0,0,0,0
17.3,941.76985,0,-4321.9597,76.683843,0,-155.73713,0,1.114012,0,0,-0.021910813,0,0.025117269,0,0,1,0.024768636,0,-0,1,0,0,-0.014863188,0,0.53291894,172.2886,4321.9597,60,0,1.134464,0,0,nan,nan,11753.222,-201.56776,-0,63.900424,0,0.53838265,0,0,0,0,0,0,0
17.35,945.6034,0,-4329.7307,76.656894,0,-155.07423,0,1.1129185,0,0,-0.021827255,0,0.024492772,0,0,1,0.024142051,0,-0,1,0,0,-0.014447213,0,0.5310819,171.67805,4329.7307,60,0,1.134464,0,0,nan,nan,11660.439,-199.97652,-0,61.554473,0,0.53084534,0,0,0,0,0,0,0
17.4,949.43557,0,-4337.4685,76.628595,0,-154.4134,0,1.1118291,0,0,-0.021744877,0,0.023864543,0,0,1,0.02351173,0,-0,1,0,0,-0.014028665,0,0.52924952,171.06919,4337.4685,60,0,1.134464,0,0,nan,nan,11568.362,-198.39741,-0,59.230033,0,0.52328844,0,0,0,0,0,0,0
17.45,953.26629,0,-4345.1734,76.598962,0,-153.75463,0,1.1107438,0,0,-0.021663681,0,0.023232573,0,0,1,0.022877663,0,-0,1,0,0,-0.013607535,0,0.52742175,170.462,4345.1734,60,0,1.134464,0,0,nan,nan,11476.986,-196.8303,-0,56.926972,0,0.51571179,0,0,0,0,0,0,0
17.5,957.0955,0,-4352.8453,76.568014,0,-153.09791,0,1.1096625,0,0,-0.021583671,0,0.022596853,0,0,1,0.022239839,0,-0,1,0,0,-0.013183815,0,0.52559858,169.85648,4352.8453,60,0,1.134464,0,0,nan,nan,11386.303,-195.2751,-0,54.645158,0,0.50811525,0,0,0,0,0,0,0
17.55,960.92314,0,-4360.4845,76.535765,0,-152.44323,0,1.1085853,0,0,-0.021504849,0,0.021957371,0,0,1,0.021598248,0,-0,1,0,0,-0.012757498,0,0.52377997,169.25261,4360.4845,60,0,1.134464,0,0,nan,nan,11296.309,-193.7317,-0,52.38446,0,0.50049867,0,0,0,0,0,0,0
17.6,964.74912,0,-4368.091,76.502233,0,-151.79057,0,1.1075119,0,0,-0.021427218,0,0.021314116,0,0,1,0.020952878,0,-0,1,0,0,-0.012328575,0,0.52196588,168.65039,4368.091,60,0,1.134464,0,0,nan,nan,11206.997,-192.19999,-0,50.144747,0,0.49286189,0,0,0,0,0,0,0
17.65,968.57341,0,-4375.6649,76.467433,0,-151.13991,0,1.1064424,0,0,-0.021350783,0,0.020667079,0,0,1,0.020303719,0,-0,1,0,0,-0.011897037,0,0.52015631,168.0498,4375.6649,60,0,1.134464,0,0,nan,nan,11118.36,-190.67987,-0,47.925887,0,0.48520473,0,0,0,0,0,0,0
17.7,972.39592,0,-4383.2063,76.431381,0,-150.49124,0,1.1053766,0,0,-0.021275545,0,0.020016247,0,0,1,0.019650759,0,-0,1,0,0,-0.011462874,0,0.5183512,167.45083,4383.2063,60,0,1.134464,0,0,nan,nan,11030.392,-189.17123,-0,45.727752,0,0.477527,0,0,0,0,0,0,0
17.75,976.2166,0,-4390.7153,76.394094,0,-149.84455,0,1.1043146,0,0,-0.021201509,0,0.019361608,0,0,1,0.018993985,0,-0,1,0,0,-0.011026078,0,0.51655055,166.85348,4390.7153,60,0,1.134464,0,0,nan,nan,10943.088,-187.67396,-0,43.550209,0,0.46982852,0,0,0,0,0,0,0
17.8,980.03538,0,-4398.1921,76.355588,0,-149.19983,0,1.1032563,0,0,-0.021128677,0,0.01870315,0,0,1,0.018333385,0,-0,1,0,0,-0.010586638,0,0.51475431,166.25773,4398.1921,60,0,1.134464,0,0,nan,nan,10856.442,-186.18798,-0,41.393131,0,0.46210908,0,0,0,0,0,0,0
17.85,983.85221,0,-4405.6366,76.315877,0,-148.55706,0,1.1022016,0,0,-0.021057052,0,0.01804086,0,0,1,0.017668946,0,-0,1,0,0,-0.010144546,0,0.51296246,165.66357,4405.6366,60,0,1.134464,0,0,nan,nan,10770.447,-184.71317,-0,39.256386,0,0.45436847,0,0,0,0,0,0,0
17.9,987.66703,0,-4413.0491,76.274977,0,-147.91622,0,1.1011504,0,0,-0.020986639,0,0.017374726,0,0,1,0.017000655,0,-0,1,0,0,-0.0096997892,0,0.51117497,165.07099,4413.0491,60,0,1.134464,0,0,nan,nan,10685.099,-183.24944,-0,37.139847,0,0.44660645,0,0,0,0,0,0,0
17.95,991.47977,0,-4420.4296,76.232904,0,-147.27731,0,1.1001028,0,0,-0.02091744,0,0.016704733,0,0,1,0.016328498,0,-0,1,0,0,-0.0092523587,0,0.50939182,164.47998,4420.4296,60,0,1.134464,0,0,nan,nan,10600.39,-181.79669,-0,35.043384,0,0.43882279,0,0,0,0,0,0,0
18,995.29039,0,-4427.7781,76.189673,0,-146.6403,0,1.0990585,0,0,-0.020849459,0,0.016030868,0,0,1,0.01565246,0,-0,1,0,0,-0.0088022433,0,0.50761298,163.89053,4427.7781,60,0,1.134464,0,0,nan,nan,10516.317,-180.35483,-0,32.966869,0,0.43101724,0,0,0,0,0,0,0
18.05,999.09881,0,-4435.0949,76.1453,0,-146.00519,0,1.0980177,0,0,-0.0207827,0,0.015353117,0,0,1,0.014972529,0,-0,1,0,0,-0.008349432,0,0.50583843,163.30264,4435.0949,60,0,1.134464,0,0,nan,nan,10432.872,-178.92375,-0,30.910175,0,0.42318954,0,0,0,0,0,0,0
18.1,1002.905,0,-4442.38,76.099798,0,-145.37197,0,1.0969801,0,0,-0.020717165,0,0.014671464,0,0,1,0.014288687,0,-0,1,0,0,-0.0078939133,0,0.50406813,162.71628,4442.38,60,0,1.134464,0,0,nan,nan,10350.051,-177.50337,-0,28.873173,0,0.41533943,0,0,0,0,0,0,0
18.15,1006.7089,0,-4449.6334,76.053182,0,-144.74061,0,1.0959458,0,0,-0.020652858,0,0.013985895,0,0,1,0.013600921,0,-0,1,0,0,-0.0074356755,0,0.50230205,162.13146,4449.6334,60,0,1.134464,0,0,nan,nan,10267.848,-176.09359,-0,26.855737,0,0.40746661,0,0,0,0,0,0,0
18.2,1010.5104,0,-4456.8553,76.005469,0,-144.11111,0,1.0949147,0,0,-0.020589783,0,0.013296395,0,0,1,0.012909215,0,-0,1,0,0,-0.0069747068,0,0.50054019,161.54817,4456.8553,60,0,1.134464,0,0,nan,nan,10186.257,-174.69431,-0,24.85774,0,0.3995708,0,0,0,0,0,0,0
18.25,1014.3095,0,-4464.0458,75.956671,0,-143.48345,0,1.0938867,0,0,-0.020527944,0,0.012602947,0,0,1,0.012213552,0,-0,1,0,0,-0.0065109947,0,0.4987825,160.96638,4464.0458,60,0,1.134464,0,0,nan,nan,10105.274,-173.30545,-0,22.879057,0,0.39165168,0,0,0,0,0,0,0
18.3,1018.1061,0,-4471.2049,75.906804,0,-142.85762,0,1.0928618,0,0,-0.020467344,0,0.011905534,0,0,1,0.011513915,0,-0,1,0,0,-0.0060445268,0,0.49702897,160.3861,4471.2049,60,0,1.134464,0,0,nan,nan,10024.893,-171.92692,-0,20.91956,0,0.38370895,0,0,0,0,0,0,0
18.35,1021.9003,0,-4478.3328,75.855882,0,-142.23361,0,1.0918398,0,0,-0.020407987,0,0.011204141,0,0,1,0.010810288,0,-0,1,0,0,-0.0055752902,0,0.49527956,159.80732,4478.3328,60,0,1.134464,0,0,nan,nan,9945.1091,-170.55862,-0,18.979125,0,0.37574229,0,0,0,0,0,0,0
18.4,1025.6918,0,-4485.4296,75.803919,0,-141.6114,0,1.0908208,0,0,-0.020349876,0,0.010498751,0,0,1,0.010102654,0,-0,1,0,0,-0.0051032717,0,0.49353427,159.23002,4485.4296,60,0,1.134464,0,0,nan,nan,9865.9168,-169.20047,-0,17.057627,0,0.36775134,0,0,0,0,0,0,0
18.45,1029.4807,0,-4492.4953,75.750929,0,-140.99099,0,1.0898047,0,0,-0.020293016,0,0.0097893444,0,0,1,0.0093909943,0,-0,1,0,0,-0.0046284578,0,0.49179305,158.6542,4492.4953,60,0,1.134464,0,0,nan,nan,9787.3111,-167.85239,-0,15.154942,0,0.35973576,0,0,0,0,0,0,0
18.5,1033.267,0,-4499.5299,75.696926,0,-140.37235,0,1.0887914,0,0,-0.02023741,0,0.0090759046,0,0,1,0.0086752909,0,-0,1,0,0,-0.0041508348,0,0.49005588,158.07985,4499.5299,60,0,1.134464,0,0,nan,nan,9709.2871,-166.51427,-0,13.270945,0,0.3516952,0,0,0,0,0,0,0
18.55,1037.0505,0,-4506.5338,75.641924,0,-139.75547,0,1.0877808,0,0,-0.020183062,0,0.0083584129,0,0,1,0.0079555252,0,-0,1,0,0,-0.0036703885,0,0.48832275,157.50695,4506.5338,60,0,1.134464,0,0,nan,nan,9631.8398,-165.18605,-0,11.405514,0,0.34362929,0,0,0,0,0,0,0
18.6,1040.8313,0,-4513.5068,75.585936,0,-139.14035,0,1.0867729,0,0,-0.020129976,0,0.0076368505,0,0,1,0.007231678,0,-0,1,0,0,-0.0031871046,0,0.48659363,156.93551,4513.5068,60,0,1.134464,0,0,nan,nan,9554.9642,-163.86764,-0,9.5585257,0,0.33553763,0,0,0,0,0,0,0
18.65,1044.6092,0,-4520.449,75.528977,0,-138.52697,0,1.0857677,0,0,-0.020078157,0,0.006911198,0,0,1,0.0065037298,0,-0,1,0,0,-0.0027009683,0,0.4848685,156.36551,4520.449,60,0,1.134464,0,0,nan,nan,9478.6555,-162.55894,-0,7.7298569,0,0.32741984,0,0,0,0,0,0,0
18.7,1048.3843,0,-4527.3607,75.471059,0,-137.91531,0,1.084765,0,0,-0.020027608,0,0.0061814358,0,0,1,0.0057716607,0,-0,1,0,0,-0.0022119646,0,0.48314733,155.79694,4527.3607,60,0,1.134464,0,0,nan,nan,9402.909,-161.25989,-0,5.9193862,0,0.31927552,0,0,0,0,0,0,0
18.75,1052.1564,0,-4534.2418,75.412196,0,-137.30537,0,1.0837648,0,0,-0.019978334,0,0.0054475436,0,0,1,0.0050354502,0,-0,1,0,0,-0.0017200781,0,0.48143009,155.2298,4534.2418,60,0,1.134464,0,0,nan,nan,9327.7197,-159.97039,-0,4.1269921,0,0.31110425,0,0,0,0,0,0,0
18.8,1055.9256,0,-4541.0925,75.352401,0,-136.69713,0,1.0827671,0,0,-0.019930338,0,0.0047095008,0,0,1,0.0042950775,0,-0,1,0,0,-0.0012252932,0,0.47971678,154.66408,4541.0925,60,0,1.134464,0,0,nan,nan,9253.0832,-158.69038,-0,2.3525536,0,0.30290561,0,0,0,0,0,0,0
18.85,1059.6918,0,-4547.9128,75.291687,0,-136.09058,0,1.0817717,0,0,-0.019883626,0,0.0039672864,0,0,1,0.0035505213,0,-0,1,0,0,-0.0007275939,0,0.47800736,154.09976,4547.9128,60,0,1.134464,0,0,nan,nan,9178.9946,-157.41976,-0,0.59595042,0,0.29467915,0,0,0,0,0,0,0
18.9,1063.4549,0,-4554.7028,75.230068,0,-135.48571,0,1.0807786,0,0,-0.019838201,0,0.0032208789,0,0,1,0.0028017598,0,-0,1,0,0,-0.00022696377,0,0.47630182,153.53684,4554.7028,60,0,1.134464,0,0,nan,nan,9105.4495,-156.15846,-0,-1.1429375,0,0.28642444,0,0,0,0,0,0,0
18.95,1067.2149,0,-4561.4626,75.167555,0,-134.88251,0,1.0797877,0,0,-0.019794068,0,0.0024702564,0,0,1,0.0020487708,0,-0,1,0,0,0.0002766138,0,0.47460012,152.97532,4561.4626,60,0,1.134464,0,0,nan,nan,9032.4433,-154.9064,-0,-2.8642294,0,0.278141,0,0,0,0,0,0,0
19,1070.9717,0,-4568.1923,75.104163,0,-134.28096,0,1.0787991,0,0,-0.019751232,0,0.0017153964,0,0,1,0.0012915317,0,-0,1,0,0,0.00078315582,0,0.47290226,152.41518,4568.1923,60,0,1.134464,0,0,nan,nan,8959.9716,-153.66351,-0,-4.5680442,0,0.26982838,0,0,0,0,0,0,0
19.05,1074.7254,0,-4574.8919,75.039903,0,-133.68105,0,1.0778125,0,0,-0.019709696,0,0.00095627598,0,0,1,0.00053001932,0,-0,1,0,0,0.0012926796,0,0.47120821,151.85641,4574.8919,60,0,1.134464,0,0,nan,nan,8888.0297,-152.42971,-0,-6.2545003,0,0.26148609,0,0,0,0,0,0,0
19.1,1078.4758,0,-4581.5616,74.974788,0,-133.08276,0,1.076828,0,0,-0.019669467,0,0.00019287195,0,0,1,-0.00023578992,0,-0,1,0,0,0.0018052029,0,0.46951795,151.29902,4581.5616,60,0,1.134464,0,0,nan,nan,8816.6135,-151.20492,-0,-7.9237153,0,0.25311365,0,0,0,0,0,0,0
19.15,1082.223,0,-4588.2014,74.90883,0,-132.4861,0,1.0758455,0,0,-0.019630547,0,-0.00057483955,0,0,1,-0.0010059201,0,-0,1,0,0,0.0023207436,0,0.46783145,150.74298,4588.2014,60,0,1.134464,0,0,nan,nan,8745.7186,-149.98907,-0,-9.5758067,0,0.24471053,0,0,0,0,0,0,0
19.2,1085.9668,0,-4594.8114,74.842042,0,-131.89104,0,1.0748648,0,0,-0.019592944,0,-0.0013468828,0,0,1,-0.0017803957,0,-0,1,0,0,0.0028393202,0,0.46614871,150.1883,4594.8114,60,0,1.134464,0,0,nan,nan,8675.3406,-148.78209,-0,-11.210891,0,0.23627625,0,0,0,0,0,0,0
19.25,1089.7073,0,-4601.3917,74.774436,0,-131.29758,0,1.0738861,0,0,-0.01955666,0,-0.0021232825,0,0,1,-0.0025592417,0,-0,1,0,0,0.0033609513,0,0.46446969,149.63497,4601.3917,60,0,1.134464,0,0,nan,nan,8605.4754,-147.5839,-0,-12.829085,0,0.22781026,0,0,0,0,0,0,0
19.3,1093.4444,0,-4607.9424,74.706024,0,-130.70569,0,1.0729091,0,0,-0.019521702,0,-0.0029040638,0,0,1,-0.0033424836,0,-0,1,0,0,0.003885656,0,0.46279438,149.08297,4607.9424,60,0,1.134464,0,0,nan,nan,8536.1187,-146.39444,-0,-14.430503,0,0.21931203,0,0,0,0,0,0,0
19.35,1097.1781,0,-4614.4635,74.636818,0,-130.11538,0,1.0719338,0,0,-0.019488073,0,-0.0036892525,0,0,1,-0.0041301475,0,-0,1,0,0,0.0044134538,0,0.46112275,148.5323,4614.4635,60,0,1.134464,0,0,nan,nan,8467.2665,-145.21362,-0,-16.015261,0,0.21078101,0,0,0,0,0,0,0
19.4,1100.9082,0,-4620.9551,74.56683,0,-129.52662,0,1.0709602,0,0,-0.019455781,0,-0.0044788748,0,0,1,-0.0049222596,0,-0,1,0,0,0.0049443644,0,0.4594548,147.98296,4620.9551,60,0,1.134464,0,0,nan,nan,8398.9145,-144.04138,-0,-17.583474,0,0.20221665,0,0,0,0,0,0,0
19.45,1104.6349,0,-4627.4174,74.496072,0,-128.93942,0,1.0699881,0,0,-0.019424829,0,-0.0052729572,0,0,1,-0.005718847,0,-0,1,0,0,0.005478408,0,0.4577905,147.43494,4627.4174,60,0,1.134464,0,0,nan,nan,8331.0588,-142.87766,-0,-19.135255,0,0.19361837,0,0,0,0,0,0,0
19.5,1108.358,0,-4633.8503,74.424554,0,-128.35374,0,1.0690176,0,0,-0.019395223,0,-0.006071527,0,0,1,-0.0065199372,0,-0,1,0,0,0.006015605,0,0.45612983,146.88822,4633.8503,60,0,1.134464,0,0,nan,nan,8263.6954,-141.72238,-0,-20.670719,0,0.18498559,0,0,0,0,0,0,0
19.55,1112.0775,0,-4640.2539,74.35229,0,-127.76959,0,1.0680485,0,0,-0.019366969,0,-0.0068746119,0,0,1,-0.0073255579,0,-0,1,0,0,0.0065559764,0,0.45447277,146.34281,4640.2539,60,0,1.134464,0,0,nan,nan,8196.8202,-140.57547,-0,-22.189977,0,0.17631772,0,0,0,0,0,0,0
19.6,1115.7933,0,-4646.6284,74.27929,0,-127.18696,0,1.0670808,0,0,-0.019340071,0,-0.0076822398,0,0,1,-0.0081357377,0,-0,1,0,0,0.0070995434,0,0.4528193,145.7987,4646.6284,60,0,1.134464,0,0,nan,nan,8130.4295,-139.43687,-0,-23.693142,0,0.16761416,0,0,0,0,0,0,0
19.65,1119.5055,0,-4652.9738,74.205566,0,-126.60582,0,1.0661145,0,0,-0.019314537,0,-0.0084944397,0,0,1,-0.0089505056,0,-0,1,0,0,0.0076463277,0,0.45116942,145.25587,4652.9738,60,0,1.134464,0,0,nan,nan,8064.5192,-138.3065,-0,-25.180326,0,0.15887429,0,0,0,0,0,0,0
19.7,1123.214,0,-4659.2902,74.131129,0,-126.02618,0,1.0651493,0,0,-0.01929037,0,-0.0093112405,0,0,1,-0.0097698908,0,-0,1,0,0,0.0081963512,0,0.44952309,144.71432,4659.2902,60,0,1.134464,0,0,nan,nan,7999.0856,-137.18432,-0,-26.651641,0,0.15009748,0,0,0,0,0,0,0
19.75,1126.9188,0,-4665.5776,74.05599,0,-125.44802,0,1.0641854,0,0,-0.019267578,0,-0.010132672,0,0,1,-0.010593924,0,-0,1,0,0,0.0087496363,0,0.4478803,144.17406,4665.5776,60,0,1.134464,0,0,nan,nan,7934.1249,-136.07024,-0,-28.107196,0,0.14128309,0,0,0,0,0,0,0
19.8,1130.6197,0,-4671.8362,73.98016,0,-124.87132,0,1.0632225,0,0,-0.019246166,0,-0.010958764,0,0,1,-0.011422634,0,-0,1,0,0,0.0093062059,0,0.44624104,143.63506,4671.8362,60,0,1.134464,0,0,nan,nan,7869.6333,-134.96421,-0,-29.547103,0,0.13243048,0,0,0,0,0,0,0
19.85,1134.3169,0,-4678.0659,73.90365,0,-124.29608,0,1.0622607,0,0,-0.01922614,0,-0.011789548,0,0,1,-0.012256054,0,-0,1,0,0,0.009866083,0,0.44460529,143.09732,4678.0659,60,0,1.134464,0,0,nan,nan,7805.6072,-133.86616,-0,-30.97147,0,0.12353898,0,0,0,0,0,0,0
19.9,1138.0103,0,-4684.267,73.826471,0,-123.72229,0,1.0612998,0,0,-0.019207507,0,-0.012625055,0,0,1,-0.013094214,0,-0,1,0,0,0.010429291,0,0.44297302,142.56084,4684.267,60,0,1.134464,0,0,nan,nan,7742.0428,-132.77603,-0,-32.380407,0,0.11460791,0,0,0,0,0,0,0
19.95,1141.6997,0,-4690.4393,73.748633,0,-123.14993,0,1.0603399,0,0,-0.019190271,0,-0.013465316,0,0,1,-0.013937146,0,-0,1,0,0,0.010995855,0,0.44134423,142.02561,4690.4393,60,0,1.134464,0,0,nan,nan,7678.9366,-131.69376,-0,-33.774022,0,0.1056366,0,0,0,0,0,0,0
20,1145.3853,0,-4696.5831,73.670149,0,-122.579,0,1.0593807,0,0,-0.019174441,0,-0.014310365,0,0,1,-0.014784884,0,-0,1,0,0,0.011565798,0,0.4397189,141.49163,4696.5831,60,0,1.134464,0,0,nan,nan,7616.2849,-130.61929,-0,-35.152423,0,0.096624345,0,0,0,0,0,0,0
20.05,1149.0669,0,-4702.6984,73.591027,0,-122.00948,0,1.0584224,0,0,-0.019160022,0,-0.015160233,0,0,1,-0.01563746,0,-0,1,0,0,0.012139145,0,0.438097,140.95888,4702.6984,60,0,1.134464,0,0,nan,nan,7554.0843,-129.55255,-0,-36.515718,0,0.087570435,0,0,0,0,0,0,0
20.1,1152.7445,0,-4708.7852,73.511278,0,-121.44136,0,1.0574647,0,0,-0.019147021,0,-0.016014954,0,0,1,-0.016494909,0,-0,1,0,0,0.012715922,0,0.43647854,140.42736,4708.7852,60,0,1.134464,0,0,nan,nan,7492.3311,-128.49348,-0,-37.864013,0,0.078474151,0,0,0,0,0,0,0
20.15,1156.4182,0,-4714.8437,73.430914,0,-120.87464,0,1.0565076,0,0,-0.019135444,0,-0.016874563,0,0,1,-0.017357263,0,-0,1,0,0,0.013296154,0,0.43486348,139.89708,4714.8437,60,0,1.134464,0,0,nan,nan,7431.022,-127.44203,-0,-39.197414,0,0.06933476,0,0,0,0,0,0,0
20.2,1160.0878,0,-4720.8739,73.349943,0,-120.3093,0,1.0555511,0,0,-0.019125299,0,-0.017739093,0,0,1,-0.018224559,0,-0,1,0,0,0.013879867,0,0.43325182,139.36801,4720.8739,60,0,1.134464,0,0,nan,nan,7370.1535,-126.39813,-0,-40.516028,0,0.060151518,0,0,0,0,0,0,0
20.25,1163.7533,0,-4726.8758,73.268377,0,-119.74533,0,1.054595,0,0,-0.019116592,0,-0.01860858,0,0,1,-0.019096831,0,-0,1,0,0,0.014467087,0,0.43164354,138.84015,4726.8758,60,0,1.134464,0,0,nan,nan,7309.7223,-125.36174,-0,-41.819959,0,0.050923668,0,0,0,0,0,0,0
20.3,1167.4147,0,-4732.8495,73.186225,0,-119.18272,0,1.0536394,0,0,-0.01910933,0,-0.019483059,0,0,1,-0.019974116,0,-0,1,0,0,0.015057842,0,0.43003862,138.31351,4732.8495,60,0,1.134464,0,0,nan,nan,7249.7249,-124.33278,-0,-43.109313,0,0.041650442,0,0,0,0,0,0,0
20.35,1171.0721,0,-4738.7952,73.103498,0,-118.62146,0,1.0526841,0,0,-0.01910352,0,-0.020362567,0,0,1,-0.020856449,0,-0,1,0,0,0.015652159,0,0.42843705,137.78807,4738.7952,60,0,1.134464,0,0,nan,nan,7190.158,-123.31121,-0,-44.384192,0,0.032331058,0,0,0,0,0,0,0
20.4,1174.7253,0,-4744.7128,73.020205,0,-118.06154,0,1.051729,0,0,-0.01909917,0,-0.02124714,0,0,1,-0.021743869,0,-0,1,0,0,0.016250065,0,0.42683882,137.26382,4744.7128,60,0,1.134464,0,0,nan,nan,7131.0184,-122.29697,-0,-45.644701,0,0.022964724,0,0,0,0,0,0,0
20.45,1178.3743,0,-4750.6025,72.936356,0,-117.50296,0,1.0507741,0,0,-0.019096287,0,-0.022136816,0,0,1,-0.022636413,0,-0,1,0,0,0.016851589,0,0.42524392,136.74077,4750.6025,60,0,1.134464,0,0,nan,nan,7072.3029,-121.28999,-0,-46.890943,0,0.013550635,0,0,0,0,0,0,0
20.5,1182.019,0,-4756.4643,72.851961,0,-116.94569,0,1.0498193,0,0,-0.019094879,0,-0.023031632,0,0,1,-0.023534118,0,-0,1,0,0,0.01745676,0,0.42365232,136.21891,4756.4643,60,0,1.134464,0,0,nan,nan,7014.0081,-120.29024,-0,-48.12302,0,0.0040879733,0,0,0,0,0,0,0
20.55,1185.6596,0,-4762.2982,72.76703,0,-116.38973,0,1.0488646,0,0,-0.019094953,0,-0.023931628,0,0,1,-0.024437025,0,-0,1,0,0,0.018065605,0,0.42206401,135.69822,4762.2982,60,0,1.134464,0,0,nan,nan,6956.131,-119.29765,-0,-49.341034,0,-0.0054240914,0,0,0,0,0,0,0
20.6,1189.2959,0,-4768.1044,72.681572,0,-115.83507,0,1.0479098,0,0,-0.019096517,0,-0.024836842,0,0,1,-0.025345172,0,-0,1,0,0,0.018678156,0,0.42047899,135.17872,4768.1044,60,0,1.134464,0,0,nan,nan,6898.6684,-118.31216,-0,-50.545086,0,-0.014986401,0,0,0,0,0,0,0
20.65,1192.9279,0,-4773.8828,72.595596,0,-115.28171,0,1.0469549,0,0,-0.019099579,0,-0.025747315,0,0,1,-0.0262586,0,-0,1,0,0,0.019294443,0,0.41889723,134.66038,4773.8828,60,0,1.134464,0,0,nan,nan,6841.6172,-117.33373,-0,-51.735277,0,-0.02459981,0,0,0,0,0,0,0
20.7,1196.5556,0,-4779.6337,72.509113,0,-114.72962,0,1.0459999,0,0,-0.019104147,0,-0.026663086,0,0,1,-0.027177349,0,-0,1,0,0,0.019914494,0,0.41731873,134.14322,4779.6337,60,0,1.134464,0,0,nan,nan,6784.9742,-116.36231,-0,-52.911708,0,-0.034265186,0,0,0,0,0,0,0
20.75,1200.179,0,-4785.3569,72.422131,0,-114.1788,0,1.0450445,0,0,-0.019110229,0,-0.027584196,0,0,1,-0.028101461,0,-0,1,0,0,0.020538342,0,0.41574348,133.62721,4785.3569,60,0,1.134464,0,0,nan,nan,6728.7366,-115.39783,-0,-54.074478,0,-0.043983409,0,0,0,0,0,0,0
20.8,1203.798,0,-4791.0527,72.33466,0,-113.62925,0,1.0440888,0,0,-0.019117834,0,-0.028510688,0,0,1,-0.029030977,0,-0,1,0,0,0.021166019,0,0.41417145,133.11236,4791.0527,60,0,1.134464,0,0,nan,nan,6672.9012,-114.44026,-0,-55.223686,0,-0.053755371,0,0,0,0,0,0,0
20.85,1207.4126,0,-4796.721,72.246708,0,-113.08094,0,1.0431327,0,0,-0.019126969,0,-0.029442603,0,0,1,-0.02996594,0,-0,1,0,0,0.021797555,0,0.41260264,132.59867,4796.721,60,0,1.134464,0,0,nan,nan,6617.4651,-113.48953,-0,-56.359432,0,-0.063581978,0,0,0,0,0,0,0
20.9,1211.0229,0,-4802.3619,72.158286,0,-112.53388,0,1.0421761,0,0,-0.019137644,0,-0.030379984,0,0,1,-0.030906394,0,-0,1,0,0,0.022432983,0,0.41103704,132.08612,4802.3619,60,0,1.134464,0,0,nan,nan,6562.4254,-112.5456,-0,-57.481812,0,-0.073464147,0,0,0,0,0,0,0
20.95,1214.6286,0,-4807.9755,72.069401,0,-111.98805,0,1.0412189,0,0,-0.019149868,0,-0.031322874,0,0,1,-0.031852382,0,-0,1,0,0,0.023072337,0,0.40947464,131.57471,4807.9755,60,0,1.134464,0,0,nan,nan,6507.7791,-111.60841,-0,-58.590926,0,-0.083402808,0,0,0,0,0,0,0
21,1218.23,0,-4813.5618,71.980063,0,-111.44344,0,1.0402611,0,0,-0.019163649,0,-0.032271319,0,0,1,-0.032803949,0,-0,1,0,0,0.023715649,0,0.40791541,131.06445,4813.5618,60,0,1.134464,0,0,nan,nan,6453.5233,-110.67793,-0,-59.68687,0,-0.093398907,0,0,0,0,0,0,0
21.05,1221.8268,0,-4819.1209,71.890281,0,-110.90004,0,1.0393026,0,0,-0.019178995,0,-0.033225362,0,0,1,-0.03376114,0,-0,1,0,0,0.024362954,0,0.40635936,130.55531,4819.1209,60,0,1.134464,0,0,nan,nan,6399.6553,-109.75409,-0,-60.76974,0,-0.1034534,0,0,0,0,0,0,0
21.1,1225.4192,0,-4824.6529,71.800063,0,-110.35785,0,1.0383432,0,0,-0.019195918,0,-0.03418505,0,0,1,-0.034724,0,-0,1,0,0,0.025014286,0,0.40480648,130.04731,4824.6529,60,0,1.134464,0,0,nan,nan,6346.1722,-108.83685,-0,-61.839633,0,-0.11356725,0,0,0,0,0,0,0
21.15,1229.007,0,-4830.1578,71.709418,0,-109.81685,0,1.037383,0,0,-0.019214425,0,-0.035150428,0,0,1,-0.035692577,0,-0,1,0,0,0.02566968,0,0.40325674,129.54043,4830.1578,60,0,1.134464,0,0,nan,nan,6293.0711,-107.92617,-0,-62.896645,0,-0.12374145,0,0,0,0,0,0,0
21.2,1232.5903,0,-4835.6357,71.618354,0,-109.27703,0,1.0364218,0,0,-0.019234526,0,-0.036121543,0,0,1,-0.036666918,0,-0,1,0,0,0.026329171,0,0.40171014,129.03468,4835.6357,60,0,1.134464,0,0,nan,nan,6240.3494,-107.02199,-0,-63.94087,0,-0.13397699,0,0,0,0,0,0,0
21.25,1236.169,0,-4841.0866,71.526881,0,-108.73839,0,1.0354596,0,0,-0.019256232,0,-0.037098442,0,0,1,-0.03764707,0,-0,1,0,0,0.026992796,0,0.40016668,128.53004,4841.0866,60,0,1.134464,0,0,nan,nan,6188.0043,-106.12427,-0,-64.972403,0,-0.14427487,0,0,0,0,0,0,0
21.3,1239.7431,0,-4846.5106,71.435007,0,-108.20092,0,1.0344962,0,0,-0.019279551,0,-0.038081175,0,0,1,-0.038633081,0,-0,1,0,0,0.027660591,0,0.39862633,128.02652,4846.5106,60,0,1.134464,0,0,nan,nan,6136.0331,-105.23297,-0,-65.991338,0,-0.15463613,0,0,0,0,0,0,0
21.35,1243.3127,0,-4851.9078,71.34274,0,-107.6646,0,1.0335316,0,0,-0.019304494,0,-0.039069789,0,0,1,-0.039625003,0,-0,1,0,0,0.028332593,0,0.3970891,127.5241,4851.9078,60,0,1.134464,0,0,nan,nan,6084.4332,-104.34803,-0,-66.997769,0,-0.16506179,0,0,0,0,0,0,0
21.4,1246.8776,0,-4857.2782,71.250087,0,-107.12943,0,1.0325658,0,0,-0.019331071,0,-0.040064334,0,0,1,-0.040622883,0,-0,1,0,0,0.029008839,0,0.39555497,127.02279,4857.2782,60,0,1.134464,0,0,nan,nan,6033.2019,-103.46941,-0,-67.991788,0,-0.17555291,0,0,0,0,0,0,0
21.45,1250.4379,0,-4862.6218,71.157059,0,-106.5954,0,1.0315985,0,0,-0.019359292,0,-0.041064861,0,0,1,-0.041626773,0,-0,1,0,0,0.029689369,0,0.39402393,126.52258,4862.6218,60,0,1.134464,0,0,nan,nan,5982.3366,-102.59707,-0,-68.973489,0,-0.18611054,0,0,0,0,0,0,0
21.5,1253.9935,0,-4867.9388,71.063662,0,-106.0625,0,1.0306299,0,0,-0.019389168,0,-0.042071421,0,0,1,-0.042636725,0,-0,1,0,0,0.03037422,0,0.39249597,126.02348,4867.9388,60,0,1.134464,0,0,nan,nan,5931.8346,-101.73096,-0,-69.942964,0,-0.19673576,0,0,0,0,0,0,0
21.55,1257.5444,0,-4873.2292,70.969905,0,-105.53073,0,1.0296597,0,0,-0.019420709,0,-0.043084065,0,0,1,-0.04365279,0,-0,1,0,0,0.031063432,0,0.39097109,125.52546,4873.2292,60,0,1.134464,0,0,nan,nan,5881.6935,-100.87104,-0,-70.900303,0,-0.20742965,0,0,0,0,0,0,0
21.6,1261.0907,0,-4878.4929,70.875795,0,-105.00006,0,1.0286878,0,0,-0.019453926,0,-0.044102845,0,0,1,-0.044675021,0,-0,1,0,0,0.031757045,0,0.38944927,125.02854,4878.4929,60,0,1.134464,0,0,nan,nan,5831.9108,-100.01727,-0,-71.845599,0,-0.21819333,0,0,0,0,0,0,0
21.65,1264.6322,0,-4883.7302,70.781341,0,-104.4705,0,1.0277143,0,0,-0.019488831,0,-0.045127816,0,0,1,-0.045703473,0,-0,1,0,0,0.032455099,0,0.38793052,124.53271,4883.7302,60,0,1.134464,0,0,nan,nan,5782.4838,-99.169597,-0,-72.778942,0,-0.22902789,0,0,0,0,0,0,0
21.7,1268.169,0,-4888.9411,70.686551,0,-103.94203,0,1.026739,0,0,-0.019525433,0,-0.04615903,0,0,1,-0.046738198,0,-0,1,0,0,0.033157635,0,0.38641481,124.03796,4888.9411,60,0,1.134464,0,0,nan,nan,5733.4101,-98.327984,-0,-73.700422,0,-0.23993448,0,0,0,0,0,0,0
21.75,1271.701,0,-4894.1255,70.591432,0,-103.41465,0,1.0257618,0,0,-0.019563745,0,-0.047196544,0,0,1,-0.047779254,0,-0,1,0,0,0.033864696,0,0.38490215,123.54429,4894.1255,60,0,1.134464,0,0,nan,nan,5684.6874,-97.492389,-0,-74.610129,0,-0.25091422,0,0,0,0,0,0,0
21.8,1275.2283,0,-4899.2836,70.495992,0,-102.88835,0,1.0247827,0,0,-0.019603779,0,-0.048240411,0,0,1,-0.048826694,0,-0,1,0,0,0.034576322,0,0.38339252,123.0517,4899.2836,60,0,1.134464,0,0,nan,nan,5636.3131,-96.662769,-0,-75.508152,0,-0.26196828,0,0,0,0,0,0,0
21.85,1278.7508,0,-4904.4154,70.400239,0,-102.36312,0,1.0238015,0,0,-0.019645545,0,-0.049290688,0,0,1,-0.049880577,0,-0,1,0,0,0.035292558,0,0.38188593,122.56019,4904.4154,60,0,1.134464,0,0,nan,nan,5588.2848,-95.839085,-0,-76.394581,0,-0.27309783,0,0,0,0,0,0,0
21.9,1282.2685,0,-4909.521,70.30418,0,-101.83895,0,1.0228182,0,0,-0.019689056,0,-0.050347433,0,0,1,-0.050940959,0,-0,1,0,0,0.036013447,0,0.38038235,122.06975,4909.521,60,0,1.134464,0,0,nan,nan,5540.6003,-95.021294,-0,-77.269502,0,-0.28430404,0,0,0,0,0,0,0
21.95,1285.7814,0,-4914.6004,70.207823,0,-101.31583,0,1.0218326,0,0,-0.019734324,0,-0.051410703,0,0,1,-0.052007899,0,-0,1,0,0,0.036739032,0,0.37888179,121.58038,4914.6004,60,0,1.134464,0,0,nan,nan,5493.257,-94.209358,-0,-78.133006,0,-0.29558811,0,0,0,0,0,0,0
22,1289.2895,0,-4919.6536,70.111175,0,-100.79375,0,1.0208448,0,0,-0.019781361,0,-0.052480557,0,0,1,-0.053081455,0,-0,1,0,0,0.037469358,0,0.37738424,121.09208,4919.6536,60,0,1.134464,0,0,nan,nan,5446.2528,-93.403235,-0,-78.985178,0,-0.30695124,0,0,0,0,0,0,0
22.05,1292.7927,0,-4924.6808,70.014244,0,-100.27272,0,1.0198546,0,0,-0.019830179,0,-0.053557054,0,0,1,-0.054161688,0,-0,1,0,0,0.038204472,0,0.37588969,120.60484,4924.6808,60,0,1.134464,0,0,nan,nan,5399.5852,-92.602887,-0,-79.826106,0,-0.31839466,0,0,0,0,0,0,0
22.1,1296.2911,0,-4929.682,69.917037,0,-99.752706,0,1.0188619,0,0,-0.019880792,0,-0.054640254,0,0,1,-0.055248659,0,-0,1,0,0,0.038944418,0,0.37439814,120.11866,4929.682,60,0,1.134464,0,0,nan,nan,5353.2521,-91.808274,-0,-80.655876,0,-0.32991961,0,0,0,0,0,0,0
22.15,1299.7846,0,-4934.6571,69.819561,0,-99.233716,0,1.0178666,0,0,-0.019933211,0,-0.055730219,0,0,1,-0.056342428,0,-0,1,0,0,0.039689243,0,0.37290957,119.63354,4934.6571,60,0,1.134464,0,0,nan,nan,5307.2512,-91.019358,-0,-81.474575,0,-0.34152732,0,0,0,0,0,0,0
22.2,1303.2732,0,-4939.6064,69.721824,0,-98.715736,0,1.0168686,0,0,-0.01998745,0,-0.05682701,0,0,1,-0.057443059,0,-0,1,0,0,0.040438996,0,0.371424,119.14948,4939.6064,60,0,1.134464,0,0,nan,nan,5261.5802,-90.236101,-0,-82.282289,0,-0.35321907,0,0,0,0,0,0,0
22.25,1306.757,0,-4944.5298,69.623832,0,-98.198761,0,1.0158679,0,0,-0.020043523,0,-0.05793069,0,0,1,-0.058550613,0,-0,1,0,0,0.041193723,0,0.36994141,118.66647,4944.5298,60,0,1.134464,0,0,nan,nan,5216.237,-89.458465,-0,-83.079103,0,-0.36499612,0,0,0,0,0,0,0
22.3,1310.2358,0,-4949.4273,69.525592,0,-97.682781,0,1.0148643,0,0,-0.020101442,0,-0.059041322,0,0,1,-0.059665156,0,-0,1,0,0,0.041953473,0,0.36846179,118.18452,4949.4273,60,0,1.134464,0,0,nan,nan,5171.2193,-88.686412,-0,-83.865101,0,-0.37685976,0,0,0,0,0,0,0
22.35,1313.7097,0,-4954.2991,69.427112,0,-97.167788,0,1.0138578,0,0,-0.020161222,0,-0.060158971,0,0,1,-0.060786752,0,-0,1,0,0,0.042718296,0,0.36698514,117.70361,4954.2991,60,0,1.134464,0,0,nan,nan,5126.5251,-87.919905,-0,-84.640369,0,-0.38881129,0,0,0,0,0,0,0
22.4,1317.1787,0,-4959.1451,69.328399,0,-96.653775,0,1.0128483,0,0,-0.020222876,0,-0.061283702,0,0,1,-0.061915467,0,-0,1,0,0,0.043488243,0,0.36551146,117.22376,4959.1451,60,0,1.134464,0,0,nan,nan,5082.1521,-87.158908,-0,-85.40499,0,-0.40085203,0,0,0,0,0,0,0
22.45,1320.6428,0,-4963.9655,69.229459,0,-96.140734,0,1.0118357,0,0,-0.020286417,0,-0.062415582,0,0,1,-0.063051368,0,-0,1,0,0,0.044263362,0,0.36404075,116.74494,4963.9655,60,0,1.134464,0,0,nan,nan,5038.0982,-86.403385,-0,-86.159048,0,-0.4129833,0,0,0,0,0,0,0
22.5,1324.1019,0,-4968.7603,69.130299,0,-95.628658,0,1.0108198,0,0,-0.020351862,0,-0.063554677,0,0,1,-0.064194521,0,-0,1,0,0,0.045043707,0,0.36257299,116.26718,4968.7603,60,0,1.134464,0,0,nan,nan,4994.3615,-85.653299,-0,-86.902627,0,-0.42520643,0,0,0,0,0,0,0
22.55,1327.556,0,-4973.5294,69.030927,0,-95.117537,0,1.0098006,0,0,-0.020419223,0,-0.064701055,0,0,1,-0.065344996,0,-0,1,0,0,0.045829329,0,0.36110819,115.79045,4973.5294,60,0,1.134464,0,0,nan,nan,4950.9397,-84.908615,-0,-87.635809,0,-0.43752279,0,0,0,0,0,0,0
22.6,1331.0052,0,-4978.273,68.931348,0,-94.607366,0,1.008778,0,0,-0.020488515,0,-0.065854785,0,0,1,-0.066502862,0,-0,1,0,0,0.046620281,0,0.35964635,115.31477,4978.273,60,0,1.134464,0,0,nan,nan,4907.8308,-84.169299,-0,-88.358677,0,-0.44993372,0,0,0,0,0,0,0
22.65,1334.4493,0,-4982.9912,68.831569,0,-94.098135,0,1.0077518,0,0,-0.020559754,0,-0.067015937,0,0,1,-0.067668189,0,-0,1,0,0,0.047416617,0,0.35818746,114.84013,4982.9912,60,0,1.134464,0,0,nan,nan,4865.0329,-83.435314,-0,-89.071314,0,-0.46244061,0,0,0,0,0,0,0
22.7,1337.8885,0,-4987.6839,68.731597,0,-93.589838,0,1.0067221,0,0,-0.020632954,0,-0.068184581,0,0,1,-0.068841048,0,-0,1,0,0,0.048218391,0,0.35673151,114.36652,4987.6839,60,0,1.134464,0,0,nan,nan,4822.5439,-82.706628,-0,-89.7738,0,-0.47504485,0,0,0,0,0,0,0
22.75,1341.3227,0,-4992.3512,68.631438,0,-93.082468,0,1.0056886,0,0,-0.020708132,0,-0.069360789,0,0,1,-0.070021512,0,-0,1,0,0,0.049025658,0,0.35527851,113.89395,4992.3512,60,0,1.134464,0,0,nan,nan,4780.3618,-81.983205,-0,-90.466218,0,-0.48774783,0,0,0,0,0,0,0
22.8,1344.7519,0,-4996.9932,68.531099,0,-92.576016,0,1.0046514,0,0,-0.020785301,0,-0.070544634,0,0,1,-0.071209652,0,-0,1,0,0,0.049838475,0,0.35382845,113.42241,4996.9932,60,0,1.134464,0,0,nan,nan,4738.4847,-81.265012,-0,-91.148649,0,-0.50055097,0,0,0,0,0,0,0
22.85,1348.176,0,-5001.6098,68.430587,0,-92.070475,0,1.0036102,0,0,-0.020864479,0,-0.071736188,0,0,1,-0.072405544,0,-0,1,0,0,0.050656897,0,0.35238133,112.95191,5001.6098,60,0,1.134464,0,0,nan,nan,4696.9106,-80.552017,-0,-91.821172,0,-0.51345569,0,0,0,0,0,0,0
22.9,1351.5951,0,-5006.2012,68.329907,0,-91.565839,0,1.0025651,0,0,-0.02094568,0,-0.072935527,0,0,1,-0.073609263,0,-0,1,0,0,0.051480983,0,0.35093716,112.48244,5006.2012,60,0,1.134464,0,0,nan,nan,4655.6376,-79.844185,-0,-92.48387,0,-0.52646342,0,0,0,0,0,0,0
22.95,1355.0092,0,-5010.7674,68.229065,0,-91.062099,0,1.0015158,0,0,-0.021028922,0,-0.074142726,0,0,1,-0.074820883,0,-0,1,0,0,0.05231079,0,0.34949592,112.014,5010.7674,60,0,1.134464,0,0,nan,nan,4614.6638,-79.141484,-0,-93.136821,0,-0.53957561,0,0,0,0,0,0,0
23,1358.4182,0,-5015.3085,68.128069,0,-90.559248,0,1.0004623,0,0,-0.021114221,0,-0.07535786,0,0,1,-0.076040483,0,-0,1,0,0,0.053146378,0,0.34805763,111.54659,5015.3085,60,0,1.134464,0,0,nan,nan,4573.9873,-78.443882,-0,-93.780106,0,-0.55279371,0,0,0,0,0,0,0
23.05,1361.8222,0,-5019.8244,68.026924,0,-90.05728,0,0.99940451,0,0,-0.021201593,0,-0.076581009,0,0,1,-0.077268139,0,-0,1,0,0,0.053987806,0,0.34662227,111.08022,5019.8244,60,0,1.134464,0,0,nan,nan,4533.6062,-77.751347,-0,-94.413804,0,-0.5661192,0,0,0,0,0,0,0
23.1,1365.2211,0,-5024.3152,67.925636,0,-89.556188,0,0.9983423,0,0,-0.021291055,0,-0.077812249,0,0,1,-0.078503932,0,-0,1,0,0,0.054835135,0,0.34518984,110.61487,5024.3152,60,0,1.134464,0,0,nan,nan,4493.5188,-77.063847,-0,-95.037994,0,-0.57955355,0,0,0,0,0,0,0
23.15,1368.615,0,-5028.781,67.824212,0,-89.055963,0,0.99727556,0,0,-0.021382625,0,-0.07905166,0,0,1,-0.079747941,0,-0,1,0,0,0.055688427,0,0.34376036,110.15055,5028.781,60,0,1.134464,0,0,nan,nan,4453.7231,-76.381352,-0,-95.652754,0,-0.59309824,0,0,0,0,0,0,0
23.2,1372.0037,0,-5033.2218,67.722657,0,-88.5566,0,0.99620418,0,0,-0.021476319,0,-0.080299323,0,0,1,-0.081000246,0,-0,1,0,0,0.056547743,0,0.34233381,109.68725,5033.2218,60,0,1.134464,0,0,nan,nan,4414.2174,-75.703829,-0,-96.258164,0,-0.60675478,0,0,0,0,0,0,0
23.25,1375.3874,0,-5037.6377,67.620977,0,-88.05809,0,0.99512808,0,0,-0.021572156,0,-0.081555318,0,0,1,-0.08226093,0,-0,1,0,0,0.057413147,0,0.3409102,109.22499,5037.6377,60,0,1.134464,0,0,nan,nan,4374.9999,-75.031249,-0,-96.854301,0,-0.62052467,0,0,0,0,0,0,0
23.3,1378.766,0,-5042.0286,67.519179,0,-87.560429,0,0.99404713,0,0,-0.021670153,0,-0.08281973,0,0,1,-0.083530077,0,-0,1,0,0,0.058284704,0,0.33948953,108.76375,5042.0286,60,0,1.134464,0,0,nan,nan,4336.0688,-74.363581,-0,-97.441244,0,-0.63440942,0,0,0,0,0,0,0
23.35,1382.1395,0,-5046.3947,67.417268,0,-87.063607,0,0.99296122,0,0,-0.021770328,0,-0.08409264,0,0,1,-0.084807769,0,-0,1,0,0,0.059162477,0,0.3380718,108.30354,5046.3947,60,0,1.134464,0,0,nan,nan,4297.4224,-73.700794,-0,-98.019069,0,-0.64841056,0,0,0,0,0,0,0
23.4,1385.508,0,-5050.736,67.315249,0,-86.567619,0,0.99187026,0,0,-0.021872699,0,-0.085374134,0,0,1,-0.086094093,0,-0,1,0,0,0.060046533,0,0.33665702,107.84435,5050.736,60,0,1.134464,0,0,nan,nan,4259.0589,-73.04286,-0,-98.587855,0,-0.66252962,0,0,0,0,0,0,0
23.45,1388.8713,0,-5055.0525,67.213129,0,-86.072459,0,0.99077412,0,0,-0.021977286,0,-0.086664297,0,0,1,-0.087389134,0,-0,1,0,0,0.060936939,0,0.33524517,107.38619,5055.0525,60,0,1.134464,0,0,nan,nan,4220.9766,-72.389749,-0,-99.147677,0,-0.67676815,0,0,0,0,0,0,0
23.5,1392.2295,0,-5059.3443,67.110914,0,-85.578118,0,0.9896727,0,0,-0.022084106,0,-0.087963216,0,0,1,-0.08869298,0,-0,1,0,0,0.061833761,0,0.33383627,106.92906,5059.3443,60,0,1.134464,0,0,nan,nan,4183.1739,-71.741432,-0,-99.698614,0,-0.69112768,0,0,0,0,0,0,0
23.55,1395.5826,0,-5063.6113,67.008608,0,-85.084592,0,0.98856589,0,0,-0.02219318,0,-0.089270979,0,0,1,-0.090005719,0,-0,1,0,0,0.062737068,0,0.33243032,106.47295,5063.6113,60,0,1.134464,0,0,nan,nan,4145.6489,-71.097879,-0,-100.24074,0,-0.70560977,0,0,0,0,0,0,0
23.6,1398.9305,0,-5067.8537,66.906218,0,-84.591872,0,0.98745357,0,0,-0.022304525,0,-0.090587675,0,0,1,-0.091327442,0,-0,1,0,0,0.06364693,0,0.33102733,106.01787,5067.8537,60,0,1.134464,0,0,nan,nan,4108.4002,-70.459063,-0,-100.77413,0,-0.72021598,0,0,0,0,0,0,0
23.65,1402.2734,0,-5072.0715,66.803748,0,-84.099952,0,0.98633563,0,0,-0.022418162,0,-0.091913394,0,0,1,-0.092658238,0,-0,1,0,0,0.064563417,0,0.32962728,105.56382,5072.0715,60,0,1.134464,0,0,nan,nan,4071.426,-69.824956,-0,-101.29887,0,-0.73494788,0,0,0,0,0,0,0
23.7,1405.6111,0,-5076.2647,66.701205,0,-83.608827,0,0.98521194,0,0,-0.02253411,0,-0.093248227,0,0,1,-0.093998199,0,-0,1,0,0,0.065486601,0,0.32823019,105.1108,5076.2647,60,0,1.134464,0,0,nan,nan,4034.7247,-69.195528,-0,-101.81502,0,-0.74980703,0,0,0,0,0,0,0
23.75,1408.9437,0,-5080.4334,66.598594,0,-83.11849,0,0.98408241,0,0,-0.02265239,0,-0.094592266,0,0,1,-0.095347419,0,-0,1,0,0,0.066416552,0,0.32683607,104.6588,5080.4334,60,0,1.134464,0,0,nan,nan,3998.2947,-68.570753,-0,-102.32267,0,-0.76479502,0,0,0,0,0,0,0
23.8,1412.2712,0,-5084.5776,66.495921,0,-82.628933,0,0.9829469,0,0,-0.022773022,0,-0.095945605,0,0,1,-0.096705992,0,-0,1,0,0,0.067353345,0,0.32544491,104.20783,5084.5776,60,0,1.134464,0,0,nan,nan,3962.1343,-67.950604,-0,-102.82189,0,-0.77991341,0,0,0,0,0,0,0
23.85,1415.5935,0,-5088.6973,66.39319,0,-82.140152,0,0.98180531,0,0,-0.022896025,0,-0.097308339,0,0,1,-0.098074012,0,-0,1,0,0,0.068297053,0,0.32405672,103.7579,5088.6973,60,0,1.134464,0,0,nan,nan,3926.2421,-67.335052,-0,-103.31275,0,-0.79516379,0,0,0,0,0,0,0
23.9,1418.9107,0,-5092.7926,66.290407,0,-81.652139,0,0.98065751,0,0,-0.023021421,0,-0.098680564,0,0,1,-0.099451577,0,-0,1,0,0,0.069247752,0,0.3226715,103.30899,5092.7926,60,0,1.134464,0,0,nan,nan,3890.6165,-66.724073,-0,-103.79533,0,-0.81054774,0,0,0,0,0,0,0
23.95,1422.2228,0,-5096.8635,66.187576,0,-81.164889,0,0.97950338,0,0,-0.023149232,0,-0.10006238,0,0,1,-0.10083878,0,-0,1,0,0,0.070205518,0,0.32128926,102.86112,5096.8635,60,0,1.134464,0,0,nan,nan,3855.2558,-66.117638,-0,-104.26971,0,-0.82606685,0,0,0,0,0,0,0
24,1425.5297,0,-5100.91,66.084705,0,-80.678395,0,0.97834281,0,0,-0.023279477,0,-0.10145387,0,0,1,-0.10223573,0,-0,1,0,0,0.071170427,0,0.31991001,102.41427,5100.91,60,0,1.134464,0,0,nan,nan,3820.1587,-65.515722,-0,-104.73595,0,-0.8417227,0,0,0,0,0,0,0
24.05,1428.8314,0,-5104.9323,65.981796,0,-80.192651,0,0.97717566,0,0,-0.023412179,0,-0.10285516,0,0,1,-0.10364252,0,-0,1,0,0,0.072142558,0,0.31853375,101.96847,5104.9323,60,0,1.134464,0,0,nan,nan,3785.3235,-64.918298,-0,-105.19414,0,-0.85751688,0,0,0,0,0,0,0
24.1,1432.1281,0,-5108.9303,65.878856,0,-79.707651,0,0.97600181,0,0,-0.023547359,0,-0.10426632,0,0,1,-0.10505925,0,-0,1,0,0,0.07312199,0,0.31716049,101.52369,5108.9303,60,0,1.134464,0,0,nan,nan,3750.7488,-64.325342,-0,-105.64434,0,-0.87345096,0,0,0,0,0,0,0
24.15,1435.4195,0,-5112.904,65.77589,0,-79.223389,0,0.97482115,0,0,-0.02368504,0,-0.10568748,0,0,1,-0.10648603,0,-0,1,0,0,0.074108803,0,0.31579022,101.07996,5112.904,60,0,1.134464,0,0,nan,nan,3716.433,-63.736827,-0,-106.08664,0,-0.88952654,0,0,0,0,0,0,0
24.2,1438.7058,0,-5116.8536,65.672902,0,-78.739859,0,0.97363355,0,0,-0.023825243,0,-0.10711873,0,0,1,-0.10792296,0,-0,1,0,0,0.075103078,0,0.31442297,100.63726,5116.8536,60,0,1.134464,0,0,nan,nan,3682.3748,-63.152728,-0,-106.52109,0,-0.90574519,0,0,0,0,0,0,0
24.25,1441.987,0,-5120.779,65.569898,0,-78.257055,0,0.97243887,0,0,-0.023967991,0,-0.10856017,0,0,1,-0.10937014,0,-0,1,0,0,0.076104898,0,0.31305874,100.1956,5120.779,60,0,1.134464,0,0,nan,nan,3648.5727,-62.573021,-0,-106.94779,0,-0.92210848,0,0,0,0,0,0,0
24.3,1445.263,0,-5124.6803,65.466882,0,-77.774972,0,0.97123699,0,0,-0.024113307,0,-0.11001191,0,0,1,-0.11082768,0,-0,1,0,0,0.077114345,0,0.31169753,99.754988,5124.6803,60,0,1.134464,0,0,nan,nan,3615.0251,-61.997681,-0,-107.3668,0,-0.93861799,0,0,0,0,0,0,0
24.35,1448.5339,0,-5128.5575,65.363859,0,-77.293603,0,0.97002779,0,0,-0.024261213,0,-0.11147406,0,0,1,-0.11229568,0,-0,1,0,0,0.078131504,0,0.31033935,99.315417,5128.5575,60,0,1.134464,0,0,nan,nan,3581.7308,-61.426683,-0,-107.77819,0,-0.95527527,0,0,0,0,0,0,0
24.4,1451.7996,0,-5132.4106,65.260835,0,-76.812943,0,0.96881113,0,0,-0.024411733,0,-0.11294673,0,0,1,-0.11377427,0,-0,1,0,0,0.07915646,0,0.30898421,98.876892,5132.4106,60,0,1.134464,0,0,nan,nan,3548.6882,-60.860003,-0,-108.18205,0,-0.97208188,0,0,0,0,0,0,0
24.45,1455.0602,0,-5136.2397,65.157813,0,-76.332986,0,0.96758687,0,0,-0.024564891,0,-0.11443002,0,0,1,-0.11526354,0,-0,1,0,0,0.0801893,0,0.30763212,98.439415,5136.2397,60,0,1.134464,0,0,nan,nan,3515.8961,-60.297618,-0,-108.57843,0,-0.98903936,0,0,0,0,0,0,0
24.5,1458.3156,0,-5140.0449,65.054798,0,-75.853726,0,0.9663549,0,0,-0.02472071,0,-0.11592405,0,0,1,-0.11676361,0,-0,1,0,0,0.081230112,0,0.30628309,98.002988,5140.0449,60,0,1.134464,0,0,nan,nan,3483.3529,-59.739503,-0,-108.96742,0,-1.0061493,0,0,0,0,0,0,0
24.55,1461.5659,0,-5143.8261,64.951796,0,-75.375158,0,0.96511507,0,0,-0.024879213,0,-0.11742893,0,0,1,-0.1182746,0,-0,1,0,0,0.082278984,0,0.30493713,97.567615,5143.8261,60,0,1.134464,0,0,nan,nan,3451.0574,-59.185635,-0,-109.34909,0,-1.0234131,0,0,0,0,0,0,0
24.6,1464.811,0,-5147.5834,64.848811,0,-74.897276,0,0.96386725,0,0,-0.025040426,0,-0.11894477,0,0,1,-0.11979661,0,-0,1,0,0,0.083336006,0,0.30359424,97.133296,5147.5834,60,0,1.134464,0,0,nan,nan,3419.0082,-58.635991,-0,-109.7235,0,-1.0408323,0,0,0,0,0,0,0
24.65,1468.051,0,-5151.3168,64.745846,0,-74.420074,0,0.96261131,0,0,-0.025204372,0,-0.12047168,0,0,1,-0.12132976,0,-0,1,0,0,0.084401269,0,0.30225444,96.700036,5151.3168,60,0,1.134464,0,0,nan,nan,3387.204,-58.090549,-0,-110.09075,0,-1.0584085,0,0,0,0,0,0,0
24.7,1471.2858,0,-5155.0263,64.642908,0,-73.943548,0,0.9613471,0,0,-0.025371077,0,-0.12200979,0,0,1,-0.12287417,0,-0,1,0,0,0.085474865,0,0.30091774,96.267837,5155.0263,60,0,1.134464,0,0,nan,nan,3355.6434,-57.549284,-0,-110.45088,0,-1.0761432,0,0,0,0,0,0,0
24.75,1474.5155,0,-5158.7121,64.54,0,-73.467692,0,0.96007449,0,0,-0.025540564,0,-0.12355922,0,0,1,-0.12442995,0,-0,1,0,0,0.086556888,0,0.29958415,95.836701,5158.7121,60,0,1.134464,0,0,nan,nan,3324.3251,-57.012176,-0,-110.80399,0,-1.0940377,0,0,0,0,0,0,0
24.8,1477.74,0,-5162.3741,64.437127,0,-72.9925,0,0.95879334,0,0,-0.025712859,0,-0.12512007,0,0,1,-0.12599724,0,-0,1,0,0,0.087647432,0,0.29825368,95.406633,5162.3741,60,0,1.134464,0,0,nan,nan,3293.2478,-56.4792,-0,-111.15013,0,-1.1120935,0,0,0,0,0,0,0
24.85,1480.9594,0,-5166.0123,64.334294,0,-72.517967,0,0.95750351,0,0,-0.025887988,0,-0.12669247,0,0,1,-0.12757614,0,-0,1,0,0,0.088746593,0,0.29692634,94.977634,5166.0123,60,0,1.134464,0,0,nan,nan,3262.4103,-55.950337,-0,-111.48939,0,-1.130312,0,0,0,0,0,0,0
24.9,1484.1736,0,-5169.6268,64.231503,0,-72.044087,0,0.95620485,0,0,-0.026065976,0,-0.12827654,0,0,1,-0.12916678,0,-0,1,0,0,0.089854466,0,0.29560215,94.549709,5169.6268,60,0,1.134464,0,0,nan,nan,3231.8112,-55.425563,-0,-111.82184,0,-1.1486947,0,0,0,0,0,0,0
24.95,1487.3827,0,-5173.2177,64.128761,0,-71.570857,0,0.95489722,0,0,-0.026246849,0,-0.12987241,0,0,1,-0.13076928,0,-0,1,0,0,0.090971152,0,0.29428111,94.122861,5173.2177,60,0,1.134464,0,0,nan,nan,3201.4494,-54.904857,-0,-112.14755,0,-1.1672428,0,0,0,0,0,0,0
25,1490.5867,0,-5176.7849,64.026071,0,-71.09827,0,0.95358048,0,0,-0.026430632,0,-0.13148019,0,0,1,-0.13238378,0,-0,1,0,0,0.092096748,0,0.29296324,93.697093,5176.7849,60,0,1.134464,0,0,nan,nan,3171.3235,-54.388197,-0,-112.46659,0,-1.1859578,0,0,0,0,0,0,0
25.05,1493.7856,0,-5180.3285,63.923437,0,-70.626321,0,0.95225448,0,0,-0.026617352,0,-0.13310003,0,0,1,-0.13401039,0,-0,1,0,0,0.093231355,0,0.29164856,93.27241,5180.3285,60,0,1.134464,0,0,nan,nan,3141.4323,-53.875563,-0,-112.77903,0,-1.204841,0,0,0,0,0,0,0
25.1,1496.9793,0,-5183.8485,63.820864,0,-70.155005,0,0.95091907,0,0,-0.026807035,0,-0.13473203,0,0,1,-0.13564925,0,-0,1,0,0,0.094375075,0,0.29033707,92.848814,5183.8485,60,0,1.134464,0,0,nan,nan,3111.7746,-53.366934,-0,-113.08495,0,-1.2238936,0,0,0,0,0,0,0
25.15,1500.1679,0,-5187.3449,63.718356,0,-69.684318,0,0.94957411,0,0,-0.026999708,0,-0.13637634,0,0,1,-0.13730048,0,-0,1,0,0,0.09552801,0,0.28902879,92.426311,5187.3449,60,0,1.134464,0,0,nan,nan,3082.3492,-52.862289,-0,-113.38441,0,-1.2431168,0,0,0,0,0,0,0
25.2,1503.3513,0,-5190.8178,63.615916,0,-69.214254,0,0.94821944,0,0,-0.027195397,0,-0.13803308,0,0,1,-0.13896422,0,-0,1,0,0,0.096690266,0,0.28772374,92.004903,5190.8178,60,0,1.134464,0,0,nan,nan,3053.1549,-52.361607,-0,-113.6775,0,-1.262512,0,0,0,0,0,0,0
25.25,1506.5297,0,-5194.2673,63.513549,0,-68.744808,0,0.94685491,0,0,-0.02739413,0,-0.13970239,0,0,1,-0.1406406,0,-0,1,0,0,0.097861946,0,0.28642193,91.584597,5194.2673,60,0,1.134464,0,0,nan,nan,3024.1905,-51.864868,-0,-113.96429,0,-1.2820802,0,0,0,0,0,0,0
25.3,1509.7029,0,-5197.6933,63.41126,0,-68.275976,0,0.94548037,0,0,-0.027595933,0,-0.14138439,0,0,1,-0.14232975,0,-0,1,0,0,0.099043158,0,0.28512337,91.165395,5197.6933,60,0,1.134464,0,0,nan,nan,2995.4549,-51.372052,-0,-114.24484,0,-1.3018225,0,0,0,0,0,0,0
25.35,1512.871,0,-5201.0958,63.309051,0,-67.807753,0,0.94409567,0,0,-0.027800835,0,-0.14307922,0,0,1,-0.1440318,0,-0,1,0,0,0.10023401,0,0.28382809,90.747303,5201.0958,60,0,1.134464,0,0,nan,nan,2966.9469,-50.883139,-0,-114.51923,0,-1.3217401,0,0,0,0,0,0,0
25.4,1516.034,0,-5204.475,63.206927,0,-67.340133,0,0.94270065,0,0,-0.028008861,0,-0.14478703,0,0,1,-0.14574691,0,-0,1,0,0,0.10143461,0,0.2825361,90.330325,5204.475,60,0,1.134464,0,0,nan,nan,2938.6652,-50.398109,-0,-114.78753,0,-1.341834,0,0,0,0,0,0,0
25.45,1519.1919,0,-5207.8308,63.104891,0,-66.873113,0,0.94129515,0,0,-0.028220041,0,-0.14650794,0,0,1,-0.1474752,0,-0,1,0,0,0.10264507,0,0.28124741,89.914466,5207.8308,60,0,1.134464,0,0,nan,nan,2910.6089,-49.916943,-0,-115.04982,0,-1.3621052,0,0,0,0,0,0,0
25.5,1522.3447,0,-5211.1633,63.002949,0,-66.406687,0,0.93987902,0,0,-0.028434401,0,-0.1482421,0,0,1,-0.14921681,0,-0,1,0,0,0.1038655,0,0.27996205,89.499731,5211.1633,60,0,1.134464,0,0,nan,nan,2882.7768,-49.439621,-0,-115.30617,0,-1.3825546,0,0,0,0,0,0,0
25.55,1525.4924,0,-5214.4724,62.901102,0,-65.940851,0,0.93845209,0,0,-0.02865197,0,-0.14998964,0,0,1,-0.15097189,0,-0,1,0,0,0.10509601,0,0.27868002,89.086126,5214.4724,60,0,1.134464,0,0,nan,nan,2855.1677,-48.966125,-0,-115.55665,0,-1.403183,0,0,0,0,0,0,0
25.6,1528.635,0,-5217.7583,62.799356,0,-65.475601,0,0.93701421,0,0,-0.028872776,0,-0.15175072,0,0,1,-0.15274058,0,-0,1,0,0,0.10633672,0,0.27740136,88.673656,5217.7583,60,0,1.134464,0,0,nan,nan,2827.7805,-48.496436,-0,-115.80133,0,-1.4239913,0,0,0,0,0,0,0
25.65,1531.7725,0,-5221.0209,62.697714,0,-65.010931,0,0.9355652,0,0,-0.029096846,0,-0.15352546,0,0,1,-0.15452302,0,-0,1,0,0,0.10758775,0,0.27612608,88.262326,5221.0209,60,0,1.134464,0,0,nan,nan,2800.6142,-48.030534,-0,-116.0403,0,-1.4449802,0,0,0,0,0,0,0
25.7,1534.905,0,-5224.2603,62.596179,0,-64.546837,0,0.93410492,0,0,-0.02932421,0,-0.15531403,0,0,1,-0.15631937,0,-0,1,0,0,0.1088492,0,0.27485419,87.852141,5224.2603,60,0,1.134464,0,0,nan,nan,2773.6677,-47.568401,-0,-116.27361,0,-1.4661503,0,0,0,0,0,0,0
25.75,1538.0323,0,-5227.4765,62.494755,0,-64.083316,0,0.93263319,0,0,-0.029554895,0,-0.15711657,0,0,1,-0.15812977,0,-0,1,0,0,0.11012121,0,0.27358572,87.443109,5227.4765,60,0,1.134464,0,0,nan,nan,2746.9399,-47.110019,-0,-116.50136,0,-1.4875024,0,0,0,0,0,0,0
25.8,1541.1547,0,-5230.6696,62.393447,0,-63.620362,0,0.93114984,0,0,-0.02978893,0,-0.15893322,0,0,1,-0.15995436,0,-0,1,0,0,0.11140388,0,0.27232069,87.035234,5230.6696,60,0,1.134464,0,0,nan,nan,2720.4297,-46.65537,-0,-116.7236,0,-1.5090369,0,0,0,0,0,0,0
25.85,1544.2719,0,-5233.8395,62.292256,0,-63.157972,0,0.92965471,0,0,-0.030026343,0,-0.16076413,0,0,1,-0.1617933,0,-0,1,0,0,0.11269734,0,0.27105912,86.628523,5233.8395,60,0,1.134464,0,0,nan,nan,2694.1361,-46.204435,-0,-116.94041,0,-1.5307543,0,0,0,0,0,0,0
25.9,1547.3841,0,-5236.9863,62.191188,0,-62.69614,0,0.92814762,0,0,-0.030267164,0,-0.16260946,0,0,1,-0.16364675,0,-0,1,0,0,0.11400171,0,0.26980103,86.222982,5236.9863,60,0,1.134464,0,0,nan,nan,2668.0581,-45.757197,-0,-117.15188,0,-1.5526548,0,0,0,0,0,0,0
25.95,1550.4912,0,-5240.11,62.090245,0,-62.234863,0,0.92662842,0,0,-0.03051142,0,-0.16446936,0,0,1,-0.16551485,0,-0,1,0,0,0.11531712,0,0.26854644,85.818618,5240.11,60,0,1.134464,0,0,nan,nan,2642.1947,-45.313638,-0,-117.35807,0,-1.5747389,0,0,0,0,0,0,0
26,1553.5933,0,-5243.2107,61.989431,0,-61.774137,0,0.92509692,0,0,-0.030759141,0,-0.16634399,0,0,1,-0.16739777,0,-0,1,0,0,0.11664368,0,0.26729538,85.415438,5243.2107,60,0,1.134464,0,0,nan,nan,2616.5447,-44.873742,-0,-117.55905,0,-1.5970067,0,0,0,0,0,0,0
26.05,1556.6904,0,-5246.2884,61.888749,0,-61.313958,0,0.92355295,0,0,-0.031010354,0,-0.1682335,0,0,1,-0.16929565,0,-0,1,0,0,0.11798153,0,0.26604786,85.013447,5246.2884,60,0,1.134464,0,0,nan,nan,2591.1072,-44.437489,-0,-117.75491,0,-1.6194582,0,0,0,0,0,0,0
26.1,1559.7824,0,-5249.343,61.788203,0,-60.854321,0,0.92199633,0,0,-0.03126509,0,-0.17013805,0,0,1,-0.17120867,0,-0,1,0,0,0.11933079,0,0.26480392,84.612654,5249.343,60,0,1.134464,0,0,nan,nan,2565.8813,-44.004864,-0,-117.94571,0,-1.6420935,0,0,0,0,0,0,0
26.15,1562.8694,0,-5252.3747,61.687796,0,-60.395222,0,0.92042689,0,0,-0.031523376,0,-0.1720578,0,0,1,-0.17313697,0,-0,1,0,0,0.12069159,0,0.26356357,84.213064,5252.3747,60,0,1.134464,0,0,nan,nan,2540.8659,-43.57585,-0,-118.13154,0,-1.6649124,0,0,0,0,0,0,0
26.2,1565.9514,0,-5255.3835,61.587531,0,-59.936658,0,0.91884445,0,0,-0.031785241,0,-0.17399291,0,0,1,-0.17508073,0,-0,1,0,0,0.12206406,0,0.26232684,83.814687,5255.3835,60,0,1.134464,0,0,nan,nan,2516.06,-43.150429,-0,-118.31247,0,-1.6879146,0,0,0,0,0,0,0
26.25,1569.0283,0,-5258.3693,61.487411,0,-59.478625,0,0.91724883,0,0,-0.032050715,0,-0.17594354,0,0,1,-0.1770401,0,-0,1,0,0,0.12344834,0,0.26109375,83.417529,5258.3693,60,0,1.134464,0,0,nan,nan,2491.4627,-42.728585,-0,-118.48857,0,-1.7110999,0,0,0,0,0,0,0
26.3,1572.1003,0,-5261.3323,61.387441,0,-59.021118,0,0.91563985,0,0,-0.032319824,0,-0.17790987,0,0,1,-0.17901526,0,-0,1,0,0,0.12484454,0,0.25986434,83.021597,5261.3323,60,0,1.134464,0,0,nan,nan,2467.073,-42.310301,-0,-118.65992,0,-1.7344677,0,0,0,0,0,0,0
26.35,1575.1673,0,-5264.2724,61.287622,0,-58.564134,0,0.91401733,0,0,-0.032592599,0,-0.17989205,0,0,1,-0.18100636,0,-0,1,0,0,0.12625282,0,0.25863862,82.626901,5264.2724,60,0,1.134464,0,0,nan,nan,2442.8899,-41.895562,-0,-118.8266,0,-1.7580174,0,0,0,0,0,0,0
26.4,1578.2293,0,-5267.1896,61.187958,0,-58.10767,0,0.91238108,0,0,-0.032869066,0,-0.18189025,0,0,1,-0.18301358,0,-0,1,0,0,0.1276733,0,0.25741663,82.233447,5267.1896,60,0,1.134464,0,0,nan,nan,2418.9126,-41.484352,-0,-118.98869,0,-1.7817482,0,0,0,0,0,0,0
26.45,1581.2863,0,-5270.0841,61.088453,0,-57.651721,0,0.91073092,0,0,-0.033149255,0,-0.18390464,0,0,1,-0.18503709,0,-0,1,0,0,0.12910612,0,0.25619838,81.841244,5270.0841,60,0,1.134464,0,0,nan,nan,2395.1401,-41.076653,-0,-119.14626,0,-1.8056594,0,0,0,0,0,0,0
26.5,1584.3383,0,-5272.9557,60.989108,0,-57.196284,0,0.90906666,0,0,-0.033433194,0,-0.1859354,0,0,1,-0.18707705,0,-0,1,0,0,0.13055141,0,0.25498392,81.450301,5272.9557,60,0,1.134464,0,0,nan,nan,2371.5715,-40.672451,-0,-119.29939,0,-1.8297497,0,0,0,0,0,0,0
26.55,1587.3854,0,-5275.8046,60.889928,0,-56.741355,0,0.90738811,0,0,-0.03372091,0,-0.18798269,0,0,1,-0.18913365,0,-0,1,0,0,0.13200933,0,0.25377326,81.060626,5275.8046,60,0,1.134464,0,0,nan,nan,2348.2058,-40.27173,-0,-119.44816,0,-1.854018,0,0,0,0,0,0,0
26.6,1590.4275,0,-5278.6308,60.790915,0,-56.286931,0,0.90569508,0,0,-0.034012432,0,-0.19004669,0,0,1,-0.19120706,0,-0,1,0,0,0.13347999,0,0.25256644,80.672228,5278.6308,60,0,1.134464,0,0,nan,nan,2325.0422,-39.874474,-0,-119.59265,0,-1.878463,0,0,0,0,0,0,0
26.65,1593.4647,0,-5281.4342,60.692072,0,-55.833008,0,0.90398739,0,0,-0.034307786,0,-0.19212758,0,0,1,-0.19329745,0,-0,1,0,0,0.13496356,0,0.25136349,80.285117,5281.4342,60,0,1.134464,0,0,nan,nan,2302.0797,-39.480668,-0,-119.73293,0,-1.9030832,0,0,0,0,0,0,0
26.7,1596.4969,0,-5284.215,60.593402,0,-55.379583,0,0.90226483,0,0,-0.034607,0,-0.19422553,0,0,1,-0.195405,0,-0,1,0,0,0.13646016,0,0.25016444,79.8993,5284.215,60,0,1.134464,0,0,nan,nan,2279.3176,-39.090296,-0,-119.86909,0,-1.9278767,0,0,0,0,0,0,0
26.75,1599.5242,0,-5286.9731,60.494908,0,-54.926653,0,0.90052723,0,0,-0.034910101,0,-0.19634072,0,0,1,-0.19752989,0,-0,1,0,0,0.13796995,0,0.24896931,79.514789,5286.9731,60,0,1.134464,0,0,nan,nan,2256.7548,-38.703345,-0,-120.00121,0,-1.9528417,0,0,0,0,0,0,0
26.8,1602.5466,0,-5289.7086,60.396593,0,-54.474214,0,0.89877437,0,0,-0.035217115,0,-0.19847333,0,0,1,-0.19967231,0,-0,1,0,0,0.13949307,0,0.24777814,79.131592,5289.7086,60,0,1.134464,0,0,nan,nan,2234.3906,-38.319798,-0,-120.12936,0,-1.9779762,0,0,0,0,0,0,0
26.85,1605.5641,0,-5292.4214,60.298459,0,-54.022262,0,0.89700607,0,0,-0.035528069,0,-0.20062355,0,0,1,-0.20183243,0,-0,1,0,0,0.14102966,0,0.24659097,78.749719,5292.4214,60,0,1.134464,0,0,nan,nan,2212.224,-37.939641,-0,-120.25362,0,-2.0032778,0,0,0,0,0,0,0
26.9,1608.5767,0,-5295.1117,60.200509,0,-53.570796,0,0.89522212,0,0,-0.035842989,0,-0.20279155,0,0,1,-0.20401045,0,-0,1,0,0,0.14257987,0,0.24540782,78.36918,5295.1117,60,0,1.134464,0,0,nan,nan,2190.2542,-37.56286,-0,-120.37409,0,-2.028744,0,0,0,0,0,0,0
26.95,1611.5843,0,-5297.7794,60.102747,0,-53.119811,0,0.89342234,0,0,-0.036161901,0,-0.20497753,0,0,1,-0.20620654,0,-0,1,0,0,0.14414385,0,0.24422873,77.989986,5297.7794,60,0,1.134464,0,0,nan,nan,2168.4805,-37.18944,-0,-120.49084,0,-2.0543722,0,0,0,0,0,0,0
27,1614.5871,0,-5300.4246,60.005173,0,-52.669304,0,0.89160651,0,0,-0.036484828,0,-0.20718166,0,0,1,-0.20842089,0,-0,1,0,0,0.14572175,0,0.24305373,77.612147,5300.4246,60,0,1.134464,0,0,nan,nan,2146.9018,-36.819367,-0,-120.60394,0,-2.0801593,0,0,0,0,0,0,0
27.05,1617.5851,0,-5303.0473,59.907793,0,-52.219273,0,0.88977443,0,0,-0.036811797,0,-0.20940414,0,0,1,-0.21065369,0,-0,1,0,0,0.14731372,0,0.24188286,77.235674,5303.0473,60,0,1.134464,0,0,nan,nan,2125.5175,-36.452626,-0,-120.7135,0,-2.1061023,0,0,0,0,0,0,0
27.1,1620.5781,0,-5305.6474,59.810606,0,-51.769714,0,0.88792592,0,0,-0.037142831,0,-0.21164516,0,0,1,-0.21290514,0,-0,1,0,0,0.14891991,0,0.24071616,76.860577,5305.6474,60,0,1.134464,0,0,nan,nan,2104.3267,-36.089203,-0,-120.81958,0,-2.1321976,0,0,0,0,0,0,0
27.15,1623.5663,0,-5308.2251,59.713618,0,-51.320625,0,0.88606075,0,0,-0.037477953,0,-0.2139049,0,0,1,-0.21517542,0,-0,1,0,0,0.15054048,0,0.23955365,76.486868,5308.2251,60,0,1.134464,0,0,nan,nan,2083.3286,-35.729085,-0,-120.92227,0,-2.1584417,0,0,0,0,0,0,0
27.2,1626.5497,0,-5310.7804,59.616829,0,-50.872002,0,0.88417873,0,0,-0.037817187,0,-0.21618356,0,0,1,-0.21746473,0,-0,1,0,0,0.15217557,0,0.23839539,76.114558,5310.7804,60,0,1.134464,0,0,nan,nan,2062.5223,-35.372257,-0,-121.02166,0,-2.1848305,0,0,0,0,0,0,0
27.25,1629.5282,0,-5313.3132,59.520242,0,-50.423843,0,0.88227964,0,0,-0.038160554,0,-0.21848133,0,0,1,-0.21977326,0,-0,1,0,0,0.15382534,0,0.23724139,75.743658,5313.3132,60,0,1.134464,0,0,nan,nan,2041.9071,-35.018707,-0,-121.11784,0,-2.2113599,0,0,0,0,0,0,0
27.3,1632.5019,0,-5315.8237,59.423861,0,-49.976145,0,0.88036329,0,0,-0.038508078,0,-0.22079841,0,0,1,-0.2221012,0,-0,1,0,0,0.15548994,0,0.23609171,75.374181,5315.8237,60,0,1.134464,0,0,nan,nan,2021.4822,-34.66842,-0,-121.21088,0,-2.2380253,0,0,0,0,0,0,0
27.35,1635.4708,0,-5318.3118,59.327686,0,-49.528905,0,0.87842947,0,0,-0.038859777,0,-0.223135,0,0,1,-0.22444876,0,-0,1,0,0,0.15716954,0,0.23494638,75.006138,5318.3118,60,0,1.134464,0,0,nan,nan,2001.2468,-34.321383,-0,-121.30088,0,-2.264822,0,0,0,0,0,0,0
27.4,1638.4349,0,-5320.7775,59.231721,0,-49.082122,0,0.87647795,0,0,-0.039215673,0,-0.22549129,0,0,1,-0.22681614,0,-0,1,0,0,0.15886429,0,0.23380544,74.639541,5320.7775,60,0,1.134464,0,0,nan,nan,1981.2002,-33.977583,-0,-121.38792,0,-2.2917448,0,0,0,0,0,0,0
27.45,1641.3941,0,-5323.2209,59.135968,0,-48.635791,0,0.87450854,0,0,-0.039575785,0,-0.22786747,0,0,1,-0.22920352,0,-0,1,0,0,0.16057434,0,0.23266894,74.274404,5323.2209,60,0,1.134464,0,0,nan,nan,1961.3415,-33.637007,-0,-121.47209,0,-2.3187884,0,0,0,0,0,0,0
27.5,1644.3486,0,-5325.6419,59.040429,0,-48.189911,0,0.87252103,0,0,-0.039940131,0,-0.23026377,0,0,1,-0.23161113,0,-0,1,0,0,0.16229985,0,0.23153691,73.910738,5325.6419,60,0,1.134464,0,0,nan,nan,1941.67,-33.299641,-0,-121.55348,0,-2.345947,0,0,0,0,0,0,0
27.55,1647.2984,0,-5328.0408,58.945106,0,-47.744479,0,0.87051519,0,0,-0.040308729,0,-0.23268036,0,0,1,-0.23403914,0,-0,1,0,0,0.16404099,0,0.23040939,73.548556,5328.0408,60,0,1.134464,0,0,nan,nan,1922.185,-32.965473,-0,-121.63218,0,-2.3732146,0,0,0,0,0,0,0
27.6,1650.2434,0,-5330.4173,58.850002,0,-47.299493,0,0.86849083,0,0,-0.040681595,0,-0.23511746,0,0,1,-0.23648778,0,-0,1,0,0,0.16579791,0,0.22928643,73.187872,5330.4173,60,0,1.134464,0,0,nan,nan,1902.8857,-32.63449,-0,-121.70827,0,-2.4005846,0,0,0,0,0,0,0
27.65,1653.1836,0,-5332.7716,58.755118,0,-46.85495,0,0.86644771,0,0,-0.041058745,0,-0.23757527,0,0,1,-0.23895725,0,-0,1,0,0,0.16757077,0,0.22816807,72.8287,5332.7716,60,0,1.134464,0,0,nan,nan,1883.7714,-32.306679,-0,-121.78185,0,-2.4280503,0,0,0,0,0,0,0
27.7,1656.1191,0,-5335.1037,58.660457,0,-46.410848,0,0.86438564,0,0,-0.041440194,0,-0.240054,0,0,1,-0.24144774,0,-0,1,0,0,0.16935973,0,0.22705436,72.471052,5335.1037,60,0,1.134464,0,0,nan,nan,1864.8413,-31.982028,-0,-121.85302,0,-2.4556045,0,0,0,0,0,0,0
27.75,1659.0498,0,-5337.4136,58.566021,0,-45.967185,0,0.86230439,0,0,-0.041825954,0,-0.24255384,0,0,1,-0.24395947,0,-0,1,0,0,0.17116496,0,0.22594533,72.114942,5337.4136,60,0,1.134464,0,0,nan,nan,1846.0947,-31.660524,-0,-121.92186,0,-2.4832396,0,0,0,0,0,0,0
27.8,1661.9759,0,-5339.7013,58.471812,0,-45.523959,0,0.86020375,0,0,-0.042216037,0,-0.24507502,0,0,1,-0.24649265,0,-0,1,0,0,0.17298661,0,0.22484104,71.760385,5339.7013,60,0,1.134464,0,0,nan,nan,1827.5309,-31.342155,-0,-121.98846,0,-2.5109477,0,0,0,0,0,0,0
27.85,1664.8972,0,-5341.9669,58.377833,0,-45.081168,0,0.8580835,0,0,-0.042610455,0,-0.24761774,0,0,1,-0.24904748,0,-0,1,0,0,0.17482484,0,0.22374154,71.407395,5341.9669,60,0,1.134464,0,0,nan,nan,1809.1492,-31.026908,-0,-122.05293,0,-2.5387204,0,0,0,0,0,0,0
27.9,1667.8138,0,-5344.2103,58.284083,0,-44.638809,0,0.85594342,0,0,-0.043009216,0,-0.2501822,0,0,1,-0.25162418,0,-0,1,0,0,0.17667982,0,0.22264686,71.055986,5344.2103,60,0,1.134464,0,0,nan,nan,1790.9488,-30.714773,-0,-122.11535,0,-2.5665488,0,0,0,0,0,0,0
27.95,1670.7258,0,-5346.4316,58.190567,0,-44.196881,0,0.8537833,0,0,-0.04341233,0,-0.25276862,0,0,1,-0.25422295,0,-0,1,0,0,0.17855171,0,0.22155706,70.706174,5346.4316,60,0,1.134464,0,0,nan,nan,1772.9292,-30.405735,-0,-122.17582,0,-2.5944237,0,0,0,0,0,0,0
28,1673.6331,0,-5348.6309,58.097286,0,-43.755382,0,0.85160293,0,0,-0.043819801,0,-0.2553772,0,0,1,-0.25684401,0,-0,1,0,0,0.18044066,0,0.22047218,70.357973,5348.6309,60,0,1.134464,0,0,nan,nan,1755.0895,-30.099785,-0,-122.23444,0,-2.6223354,0,0,0,0,0,0,0
28.05,1676.5357,0,-5350.8081,58.004241,0,-43.31431,0,0.84940207,0,0,-0.044231636,0,-0.25800817,0,0,1,-0.25948757,0,-0,1,0,0,0.18234685,0,0.21939228,70.011399,5350.8081,60,0,1.134464,0,0,nan,nan,1737.4291,-29.796909,-0,-122.2913,0,-2.6502738,0,0,0,0,0,0,0
28.1,1679.4337,0,-5352.9632,57.911434,0,-42.873664,0,0.84718052,0,0,-0.044648353,0,-0.26061276,0,0,1,-0.26179939,0,-0,1,0,0,0.18427042,0,0.2183174,69.666467,5352.9632,60,0,1.134464,0,0,nan,nan,1719.9473,-29.497096,-0,-122.3527,0,-2.7769392,0,0,0,0,0,0,0
28.15,1682.327,0,-5355.0963,57.818811,0,-42.43349,0,0.84493483,0,0,-0.045291103,0,-0.26158792,0,0,1,-0.26179939,0,-0,1,0,0,0.18620726,0,0.21724756,69.323179,5355.0963,60,0,1.134464,0,0,nan,nan,1702.6428,-29.200323,-0,-122.61556,0,-6.0529362,0,0,0,0,0,0,0
28.2,1685.2158,0,-5357.2074,57.726268,0,-41.993885,0,0.84264257,0,0,-0.046564091,0,-0.2617617,0,0,1,-0.26179939,0,-0,1,0,0,0.18813325,0,0.21618271,68.981525,5357.2074,60,0,1.134464,0,0,nan,nan,1685.5135,-28.906557,-0,-122.95115,0,-10.406683,0,0,0,0,0,0,0
28.25,1688.0998,0,-5359.2966,57.633803,0,-41.554856,0,0.84027059,0,0,-0.0484964,0,-0.26179267,0,0,1,-0.26179939,0,-0,1,0,0,0.19001545,0,0.21512293,68.641522,5359.2966,60,0,1.134464,0,0,nan,nan,1668.559,-28.615787,-0,-123.24946,0,-14.390713,0,0,0,0,0,0,0
28.3,1690.9793,0,-5361.3638,57.541458,0,-41.116378,0,0.83778774,0,0,-0.051005183,0,-0.26179819,0,0,1,-0.26179939,0,-0,1,0,0,0.19182368,0,0.21406829,68.3032,5361.3638,60,0,1.134464,0,0,nan,nan,1651.7792,-28.328014,-0,-123.47287,0,-17.745707,0,0,0,0,0,0,0
28.35,1693.8542,0,-5363.4091,57.449293,0,-40.678412,0,0.83516765,0,0,-0.05398834,0,-0.26179917,0,0,1,-0.26179939,0,-0,1,0,0,0.19353284,0,0.21301894,67.9666,5363.4091,60,0,1.134464,0,0,nan,nan,1635.1746,-28.043245,-0,-123.60097,0,-20.436343,0,0,0,0,0,0,0
28.4,1696.7244,0,-5365.4325,57.357378,0,-40.240913,0,0.83238905,0,0,-0.057342937,0,-0.26179935,0,0,1,-0.26179939,0,-0,1,0,0,0.19512317,0,0.211975,67.631764,5365.4325,60,0,1.134464,0,0,nan,nan,1618.7459,-27.761492,-0,-123.62055,0,-22.478879,0,0,0,0,0,0,0
28.45,1699.5901,0,-5367.4341,57.265791,0,-39.803828,0,0.82943579,0,0,-0.060970169,0,-0.26179938,0,0,1,-0.26179939,0,-0,1,0,0,0.19658013,0,0.21093664,67.298743,5367.4341,60,0,1.134464,0,0,nan,nan,1602.4939,-27.482771,-0,-123.52345,0,-23.908416,0,0,0,0,0,0,0
28.5,1702.4512,0,-5369.4138,57.174616,0,-39.367106,0,0.82629647,0,0,-0.064777585,0,-0.26179939,0,0,1,-0.26179939,0,-0,1,0,0,0.19789406,0,0.20990401,66.96759,5369.4138,60,0,1.134464,0,0,nan,nan,1586.4196,-27.207096,-0,-123.30579,0,-24.770913,0,0,0,0,0,0,0
28.55,1705.3078,0,-5371.3717,57.083936,0,-38.93069,0,0.82296415,0,0,-0.068680509,0,-0.26179939,0,0,1,-0.26179939,0,-0,1,0,0,0.19905977,0,0.2088773,66.638358,5371.3717,60,0,1.134464,0,0,nan,nan,1570.524,-26.934487,-0,-122.96737,0,-25.119707,0,0,0,0,0,0,0
28.6,1708.1598,0,-5373.3078,56.993833,0,-38.494525,0,0.81943592,0,0,-0.07260299,0,-0.26179939,0,0,1,-0.26179939,0,-0,1,0,0,0.2000761,0,0.20785668,66.311104,5373.3078,60,0,1.134464,0,0,nan,nan,1554.8083,-26.664962,-0,-122.51117,0,-25.013009,0,0,0,0,0,0,0
28.65,1711.0073,0,-5375.222,56.904388,0,-38.058559,0,0.81571244,0,0,-0.076478407,0,-0.26179939,0,0,1,-0.26179939,0,-0,1,0,0,0.20094545,0,0.20684233,65.985884,5375.222,60,0,1.134464,0,0,nan,nan,1539.2734,-26.398538,-0,-121.9428,0,-24.511772,0,0,0,0,0,0,0
28.7,1713.8504,0,-5377.1145,56.815673,0,-37.62274,0,0.81179747,0,0,-0.08024975,0,-0.26179939,0,0,1,-0.26179939,0,-0,1,0,0,0.20167326,0,0.20583443,65.662754,5377.1145,60,0,1.134464,0,0,nan,nan,1523.9202,-26.135232,-0,-121.26998,0,-23.677835,0,0,0,0,0,0,0
28.75,1716.6891,0,-5378.9852,56.72776,0,-37.187021,0,0.80769739,0,0,-0.083869639,0,-0.26179939,0,0,1,-0.26179939,0,-0,1,0,0,0.20226749,0,0.20483313,65.341768,5378.9852,60,0,1.134464,0,0,nan,nan,1508.7497,-25.875058,-0,-120.50205,0,-22.572326,0,0,0,0,0,0,0
28.8,1719.5234,0,-5380.8341,56.640707,0,-36.751358,0,0.80342072,0,0,-0.087300105,0,-0.26179939,0,0,1,-0.26179939,0,-0,1,0,0,0.20273815,0,0.20383862,65.022979,5380.8341,60,0,1.134464,0,0,nan,nan,1493.7626,-25.618029,-0,-119.64955,0,-21.254331,0,0,0,0,0,0,0
28.85,1722.3534,0,-5382.6612,56.554571,0,-36.315711,0,0.79897767,0,0,-0.090512192,0,-0.26179939,0,0,1,-0.26179939,0,-0,1,0,0,0.20309683,0,0.20285105,64.706437,5382.6612,60,0,1.134464,0,0,nan,nan,1478.9595,-25.364155,-0,-118.72376,0,-19.779809,0,0,0,0,0,0,0
28.9,1725.179,0,-5384.4665,56.469395,0,-35.880047,0,0.79437968,0,0,-0.093485397,0,-0.26179939,0,0,1,-0.26179939,0,-0,1,0,0,0.20335621,0,0.20187058,64.392189,5384.4665,60,0,1.134464,0,0,nan,nan,1464.3408,-25.113445,-0,-117.73635,0,-18.200745,0,0,0,0,0,0,0
28.95,1728.0005,0,-5386.25,56.385218,0,-35.444335,0,0.78963903,0,0,-0.096207002,0,-0.26179939,0,0,1,-0.26179939,0,-0,1,0,0,0.20352969,0,0.20089733,64.080281,5386.25,60,0,1.134464,0,0,nan,nan,1449.9069,-24.865903,-0,-116.69908,0,-16.564529,0,0,0,0,0,0,0
29,1730.8177,0,-5388.0118,56.302069,0,-35.008552,0,0.78476846,0,0,-0.098671323,0,-0.26179939,0,0,1,-0.26179939,0,-0,1,0,0,0.20363101,0,0.19993146,63.770755,5388.0118,60,0,1.134464,0,0,nan,nan,1435.6579,-24.621533,-0,-115.62349,0,-14.913529,0,0,0,0,0,0,0
29.05,1733.6309,0,-5389.7518,56.219969,0,-34.572676,0,0.77978085,0,0,-0.1008789,0,-0.26179939,0,0,1,-0.26179939,0,-0,1,0,0,0.20367388,0,0.19897307,63.463651,5389.7518,60,0,1.134464,0,0,nan,nan,1421.5938,-24.380333,-0,-114.52067,0,-13.284848,0,0,0,0,0,0,0
29.1,1736.4399,0,-5391.4699,56.138933,0,-34.136693,0,0.77468892,0,0,-0.10283568,0,-0.26179939,0,0,1,-0.26179939,0,-0,1,0,0,0.20367174,0,0.1980223,63.159006,5391.4699,60,0,1.134464,0,0,nan,nan,1407.7144,-24.142303,-0,-113.40111,0,-11.71024,0,0,0,0,0,0,0
29.15,1739.2449,0,-5393.1663,56.058967,0,-33.700593,0,0.76950497,0,0,-0.10455215,0,-0.26179939,0,0,1,-0.26179939,0,-0,1,0,0,0.2036375,0,0.19707924,62.856853,5393.1663,60,0,1.134464,0,0,nan,nan,1394.0196,-23.907436,-0,-112.2745,0,-10.216155,0,0,0,0,0,0,0
29.2,1742.046,0,-5394.8409,55.980073,0,-33.264369,0,0.76424068,0,0,-0.10604256,0,-0.26179939,0,0,1,-0.26179939,0,-0,1,0,0,0.20358331,0,0.19614401,62.557225,5394.8409,60,0,1.134464,0,0,nan,nan,1380.5089,-23.675728,-0,-111.1497,0,-8.8238997,0,0,0,0,0,0,0
29.25,1744.8431,0,-5396.4936,55.902245,0,-32.828019,0,0.75890697,0,0,-0.10732412,0,-0.26179939,0,0,1,-0.26179939,0,-0,1,0,0,0.20352046,0,0.19521669,62.260151,5396.4936,60,0,1.134464,0,0,nan,nan,1367.1819,-23.447169,-0,-110.03458,0,-7.5498907,0,0,0,0,0,0,0
29.3,1747.6364,0,-5398.1245,55.825475,0,-32.391544,0,0.75351381,0,0,-0.10841625,0,-0.26179939,0,0,1,-0.26179939,0,-0,1,0,0,0.20345918,0,0.19429738,61.965659,5398.1245,60,0,1.134464,0,0,nan,nan,1354.0379,-23.22175,-0,-108.93606,0,-6.4059759,0,0,0,0,0,0,0
29.35,1750.4258,0,-5399.7336,55.749748,0,-31.95495,0,0.74807017,0,0,-0.10933989,0,-0.26179939,0,0,1,-0.26179939,0,-0,1,0,0,0.20340863,0,0.19338615,61.673777,5399.7336,60,0,1.134464,0,0,nan,nan,1341.0764,-22.99946,-0,-107.86006,0,-5.3998104,0,0,0,0,0,0,0
29.4,1753.2115,0,-5401.3209,55.675048,0,-31.518242,0,0.74258396,0,0,-0.11011692,0,-0.26179939,0,0,1,-0.26179939,0,-0,1,0,0,0.20337681,0,0.19248309,61.384528,5401.3209,60,0,1.134464,0,0,nan,nan,1328.2965,-22.780285,-0,-106.81148,0,-4.5352679,0,0,0,0,0,0,0
29.45,1755.9935,0,-5402.8863,55.601354,0,-31.081431,0,0.73706198,0,0,-0.11076954,0,-0.26179939,0,0,1,-0.26179939,0,-0,1,0,0,0.20337052,0,0.19158827,61.097936,5402.8863,60,0,1.134464,0,0,nan,nan,1315.6976,-22.564214,-0,-105.79433,0,-3.8128743,0,0,0,0,0,0,0
29.5,1758.7718,0,-5404.4299,55.528645,0,-30.644528,0,0.73150992,0,0,-0.11131981,0,-0.26179939,0,0,1,-0.26179939,0,-0,1,0,0,0.20339544,0,0.19070177,60.814025,5404.4299,60,0,1.134464,0,0,nan,nan,1303.2788,-22.351232,-0,-104.81165,0,-3.2302487,0,0,0,0,0,0,0
29.55,1761.5465,0,-5405.9517,55.456897,0,-30.207547,0,0.72593237,0,0,-0.11178925,0,-0.26179939,0,0,1,-0.26179939,0,-0,1,0,0,0.20345605,0,0.18982365,60.532817,5405.9517,60,0,1.134464,0,0,nan,nan,1291.0394,-22.141325,-0,-103.86568,0,-2.7825434,0,0,0,0,0,0,0
29.6,1764.3177,0,-5407.4516,55.386085,0,-29.770501,0,0.72033288,0,0,-0.11219843,0,-0.26179939,0,0,1,-0.26179939,0,-0,1,0,0,0.20355578,0,0.18895399,60.254333,5407.4516,60,0,1.134464,0,0,nan,nan,1278.9783,-21.934479,-0,-102.95785,0,-2.4628714,0,0,0,0,0,0,0
29.65,1767.0853,0,-5408.9296,55.316185,0,-29.333406,0,0.71471398,0,0,-0.11256675,0,-0.26179939,0,0,1,-0.26179939,0,-0,1,0,0,0.20369699,0,0.18809286,59.978595,5408.9296,60,0,1.134464,0,0,nan,nan,1267.0949,-21.730678,-0,-102.08891,0,-2.2627152,0,0,0,0,0,0,0
29.7,1769.8494,0,-5410.3858,55.247171,0,-28.896278,0,0.7090773,0,0,-0.11291216,0,-0.26179939,0,0,1,-0.26179939,0,-0,1,0,0,0.20388109,0,0.18724033,59.705626,5410.3858,60,0,1.134464,0,0,nan,nan,1255.3882,-21.529908,-0,-101.25896,0,-2.1723108,0,0,0,0,0,0,0
29.75,1772.6102,0,-5411.8201,55.17902,0,-28.459132,0,0.70342356,0,0,-0.11325102,0,-0.26179939,0,0,1,-0.26179939,0,-0,1,0,0,0.20410861,0,0.18639646,59.435446,5411.8201,60,0,1.134464,0,0,nan,nan,1243.8574,-21.332155,-0,-100.46757,0,-2.1810028,0,0,0,0,0,0,0
29.8,1775.3675,0,-5413.2326,55.111706,0,-28.021985,0,0.69775275,0,0,-0.11359798,0,-0.26179939,0,0,1,-0.26179939,0,-0,1,0,0,0.2043793,0,0.18556132,59.168079,5413.2326,60,0,1.134464,0,0,nan,nan,1232.5017,-21.137404,-0,-99.713827,0,-2.2775668,0,0,0,0,0,0,0
29.85,1778.1215,0,-5414.6232,55.045208,0,-27.584851,0,0.69206413,0,0,-0.1139659,0,-0.26179939,0,0,1,-0.26179939,0,-0,1,0,0,0.20469219,0,0.18473499,58.903545,5414.6232,60,0,1.134464,0,0,nan,nan,1221.3202,-20.945641,-0,-98.996448,0,-2.4504982,0,0,0,0,0,0,0
29.9,1780.8722,0,-5415.9919,54.979502,0,-27.147746,0,0.68635639,0,0,-0.11436585,0,-0.26179939,0,0,1,-0.26179939,0,-0,1,0,0,0.20504571,0,0.18391754,58.641868,5415.9919,60,0,1.134464,0,0,nan,nan,1210.3121,-20.756852,-0,-98.313822,0,-2.688266,0,0,0,0,0,0,0
29.95,1783.6196,0,-5417.3388,54.914569,0,-26.710683,0,0.68062769,0,0,-0.11480712,0,-0.26179939,0,0,1,-0.26179939,0,-0,1,0,0,0.20543778,0,0.18310905,58.383072,5417.3388,60,0,1.134464,0,0,nan,nan,1199.4767,-20.571025,-0,-97.6641,0,-2.9795319,0,0,0,0,0,0,0
30,1786.3638,0,-5418.6639,54.85039,0,-26.273677,0,0.67487579,0,0,-0.11529722,0,-0.26179939,0,0,1,-0.26179939,0,-0,1,0,0,0.20586592,0,0.18230958,58.12718,5418.6639,60,0,1.134464,0,0,nan,nan,1188.8132,-20.388146,-0,-97.045248,0,-3.3133346,0,0,0,0,0,0,0
30.05,1789.1048,0,-5419.9671,54.786947,0,-25.83674,0,0.66909809,0,0,-0.11584202,0,-0.26179939,0,0,1,-0.26179939,0,-0,1,0,0,0.20632727,0,0.18151922,57.874217,5419.9671,60,0,1.134464,0,0,nan,nan,1178.3208,-20.208203,-0,-96.455117,0,-3.6792421,0,0,0,0,0,0,0
30.1,1791.8426,0,-5421.2484,54.724223,0,-25.399884,0,0.66329175,0,0,-0.11644579,0,-0.26179939,0,0,1,-0.26179939,0,-0,1,0,0,0.20681878,0,0.18073806,57.624208,5421.2484,60,0,1.134464,0,0,nan,nan,1167.999,-20.031184,-0,-95.891489,0,-4.0674727,0,0,0,0,0,0,0
30.15,1794.5773,0,-5422.5079,54.662204,0,-24.963119,0,0.65745375,0,0,-0.11711133,0,-0.26179939,0,0,1,-0.26179939,0,-0,1,0,0,0.20733716,0,0.17996616,57.377179,5422.5079,60,0,1.134464,0,0,nan,nan,1157.8471,-19.857078,-0,-95.35213,0,-4.4689872,0,0,0,0,0,0,0
30.2,1797.309,0,-5423.7456,54.600878,0,-24.526454,0,0.65158096,0,0,-0.11784008,0,-0.26179939,0,0,1,-0.26179939,0,-0,1,0,0,0.20787908,0,0.17920361,57.133156,5423.7456,60,0,1.134464,0,0,nan,nan,1147.8644,-19.685874,-0,-94.834825,0,-4.8755548,0,0,0,0,0,0,0
30.25,1800.0375,0,-5424.9614,54.540232,0,-24.089898,0,0.64567021,0,0,-0.11863228,0,-0.26179939,0,0,1,-0.26179939,0,-0,1,0,0,0.20844113,0,0.17845051,56.892168,5424.9614,60,0,1.134464,0,0,nan,nan,1138.0503,-19.517562,-0,-94.337422,0,-5.2797946,0,0,0,0,0,0,0
30.3,1802.7631,0,-5426.1555,54.480257,0,-23.653459,0,0.63971834,0,0,-0.11948706,0,-0.26179939,0,0,1,-0.26179939,0,-0,1,0,0,0.20901992,0,0.17770694,56.654241,5426.1555,60,0,1.134464,0,0,nan,nan,1128.4042,-19.352133,-0,-93.857852,0,-5.675197,0,0,0,0,0,0,0
30.35,1805.4857,0,-5427.3277,54.420943,0,-23.217142,0,0.63372226,0,0,-0.1204026,0,-0.26179939,0,0,1,-0.26179939,0,-0,1,0,0,0.20961216,0,0.17697299,56.419404,5427.3277,60,0,1.134464,0,0,nan,nan,1118.9257,-19.189576,-0,-93.39416,0,-6.0561252,0,0,0,0,0,0,0
30.4,1808.2053,0,-5428.478,54.362284,0,-22.780954,0,0.627679,0,0,-0.12137627,0,-0.26179939,0,0,1,-0.26179939,0,-0,1,0,0,0.21021463,0,0.17624876,56.187686,5428.478,60,0,1.134464,0,0,nan,nan,1109.6142,-19.029884,-0,-92.944521,0,-6.417802,0,0,0,0,0,0,0
30.45,1810.922,0,-5429.6066,54.304272,0,-22.344897,0,0.62158572,0,0,-0.12240476,0,-0.26179939,0,0,1,-0.26179939,0,-0,1,0,0,0.21082429,0,0.17553433,55.959117,5429.6066,60,0,1.134464,0,0,nan,nan,1100.4692,-18.873047,-0,-92.507253,0,-6.756282,0,0,0,0,0,0,0
30.5,1813.6359,0,-5430.7134,54.246903,0,-21.908977,0,0.61543978,0,0,-0.1234842,0,-0.26179939,0,0,1,-0.26179939,0,-0,1,0,0,0.21143824,0,0.1748298,55.733727,5430.7134,60,0,1.134464,0,0,nan,nan,1091.4903,-18.719058,-0,-92.080828,0,-7.0684143,0,0,0,0,0,0,0
30.55,1816.3469,0,-5431.7984,54.190171,0,-21.473195,0,0.60923873,0,0,-0.12461028,0,-0.26179939,0,0,1,-0.26179939,0,-0,1,0,0,0.2120538,0,0.17413527,55.511546,5431.7984,60,0,1.134464,0,0,nan,nan,1082.677,-18.56791,-0,-91.663878,0,-7.3517948,0,0,0,0,0,0,0
30.6,1819.055,0,-5432.8616,54.134074,0,-21.037555,0,0.60298034,0,0,-0.12577837,0,-0.26179939,0,0,1,-0.26179939,0,-0,1,0,0,0.2126685,0,0.17345084,55.292606,5432.8616,60,0,1.134464,0,0,nan,nan,1074.0288,-18.419594,-0,-91.255193,0,-7.604713,0,0,0,0,0,0,0
30.65,1821.7604,0,-5433.903,54.078609,0,-20.602056,0,0.59666264,0,0,-0.12698363,0,-0.26179939,0,0,1,-0.26179939,0,-0,1,0,0,0.2132801,0,0.1727766,55.076937,5433.903,60,0,1.134464,0,0,nan,nan,1065.5454,-18.274104,-0,-90.853726,0,-7.8260936,0,0,0,0,0,0,0
30.7,1824.463,0,-5434.9227,54.023772,0,-20.166701,0,0.59028389,0,0,-0.12822107,0,-0.26179939,0,0,1,-0.26179939,0,-0,1,0,0,0.21388657,0,0.17211266,54.864571,5434.9227,60,0,1.134464,0,0,nan,nan,1057.2265,-18.131434,-0,-90.458585,0,-8.0154348,0,0,0,0,0,0,0
30.75,1827.1629,0,-5435.9206,53.969562,0,-19.731489,0,0.58384258,0,0,-0.1294857,0,-0.26179939,0,0,1,-0.26179939,0,-0,1,0,0,0.21448613,0,0.17145911,54.655539,5435.9206,60,0,1.134464,0,0,nan,nan,1049.0715,-17.991576,-0,-90.069029,0,-8.1727456,0,0,0,0,0,0,0
30.8,1829.8601,0,-5436.8967,53.915979,0,-19.296421,0,0.5773375,0,0,-0.13077252,0,-0.26179939,0,0,1,-0.26179939,0,-0,1,0,0,0.21507722,0,0.17081606,54.449874,5436.8967,60,0,1.134464,0,0,nan,nan,1041.0802,-17.854525,-0,-89.684461,0,-8.2984826,0,0,0,0,0,0,0
30.85,1832.5546,0,-5437.8511,53.863021,0,-18.861496,0,0.57076763,0,0,-0.13207668,0,-0.26179939,0,0,1,-0.26179939,0,-0,1,0,0,0.21565852,0,0.17018361,54.247607,5437.8511,60,0,1.134464,0,0,nan,nan,1033.2522,-17.720275,-0,-89.304417,0,-8.3934869,0,0,0,0,0,0,0
30.9,1835.2465,0,-5438.7837,53.810686,0,-18.426713,0,0.56413224,0,0,-0.13339345,0,-0.26179939,0,0,1,-0.26179939,0,-0,1,0,0,0.2162289,0,0.16956186,54.04877,5438.7837,60,0,1.134464,0,0,nan,nan,1025.5871,-17.588819,-0,-88.928559,0,-8.4589241,0,0,0,0,0,0,0
30.95,1837.9358,0,-5439.6946,53.758975,0,-17.992072,0,0.5574308,0,0,-0.13471831,0,-0.26179939,0,0,1,-0.26179939,0,-0,1,0,0,0.21678745,0,0.1689509,53.853396,5439.6946,60,0,1.134464,0,0,nan,nan,1018.0846,-17.460151,-0,-88.556661,0,-8.4962261,0,0,0,0,0,0,0
31,1840.6225,0,-5440.5838,53.707888,0,-17.557571,0,0.550663,0,0,-0.13604698,0,-0.26179939,0,0,1,-0.26179939,0,-0,1,0,0,0.21733345,0,0.16835085,53.661515,5440.5838,60,0,1.134464,0,0,nan,nan,1010.7445,-17.334268,-0,-88.188602,0,-8.507036,0,0,0,0,0,0,0
31.05,1843.3067,0,-5441.4513,53.657422,0,-17.12321,0,0.54382876,0,0,-0.13737548,0,-0.26179939,0,0,1,-0.26179939,0,-0,1,0,0,0.21786635,0,0.16776179,53.473159,5441.4513,60,0,1.134464,0,0,nan,nan,1003.5663,-17.211161,-0,-87.82435,0,-8.4931569,0,0,0,0,0,0,0
31.1,1845.9884,0,-5442.297,53.607579,0,-16.688988,0,0.53692817,0,0,-0.13870007,0,-0.26179939,0,0,1,-0.26179939,0,-0,1,0,0,0.21838578,0,0.16718384,53.288361,5442.297,60,0,1.134464,0,0,nan,nan,996.54971,-17.090828,-0,-87.463954,0,-8.4565051,0,0,0,0,0,0,0
31.15,1848.6676,0,-5443.121,53.558358,0,-16.254904,0,0.52996151,0,0,-0.14001735,0,-0.26179939,0,0,1,-0.26179939,0,-0,1,0,0,0.21889148,0,0.16661708,53.107151,5443.121,60,0,1.134464,0,0,nan,nan,989.69449,-16.97326,-0,-87.107534,0,-8.3990664,0,0,0,0,0,0,0
31.2,1851.3443,0,-5443.9234,53.509758,0,-15.820956,0,0.52292923,0,0,-0.14132421,0,-0.26179939,0,0,1,-0.26179939,0,-0,1,0,0,0.21938334,0,0.16606162,52.92956,5443.9234,60,0,1.134464,0,0,nan,nan,983.00029,-16.858455,-0,-86.755263,0,-8.3228581,0,0,0,0,0,0,0
31.25,1854.0186,0,-5444.704,53.461778,0,-15.387143,0,0.51583191,0,0,-0.14261789,0,-0.26179939,0,0,1,-0.26179939,0,-0,1,0,0,0.21986137,0,0.16551755,52.755618,5444.704,60,0,1.134464,0,0,nan,nan,976.46679,-16.746406,-0,-86.407367,0,-8.2298941,0,0,0,0,0,0,0
31.3,1856.6906,0,-5445.4629,53.414419,0,-14.953466,0,0.50867028,0,0,-0.14389591,0,-0.26179939,0,0,1,-0.26179939,0,-0,1,0,0,0.22032565,0,0.16498497,52.585357,5445.4629,60,0,1.134464,0,0,nan,nan,970.0937,-16.637107,-0,-86.064108,0,-8.1221556,0,0,0,0,0,0,0
31.35,1859.3602,0,-5446.2002,53.367678,0,-14.519922,0,0.50144516,0,0,-0.14515611,0,-0.26179939,0,0,1,-0.26179939,0,-0,1,0,0,0.22077635,0,0.16446398,52.418805,5446.2002,60,0,1.134464,0,0,nan,nan,963.88071,-16.530554,-0,-85.725775,0,-8.0015649,0,0,0,0,0,0,0
31.4,1862.0275,0,-5446.9158,53.321555,0,-14.086513,0,0.4941575,0,0,-0.14639662,0,-0.26179939,0,0,1,-0.26179939,0,-0,1,0,0,0.22121371,0,0.16395466,52.255992,5446.9158,60,0,1.134464,0,0,nan,nan,957.8275,-16.426742,-0,-85.392679,0,-7.8699639,0,0,0,0,0,0,0
31.45,1864.6924,0,-5447.6097,53.276048,0,-13.653237,0,0.48680831,0,0,-0.14761584,0,-0.26179939,0,0,1,-0.26179939,0,-0,1,0,0,0.22163799,0,0.16345711,52.096947,5447.6097,60,0,1.134464,0,0,nan,nan,951.93377,-16.325664,-0,-85.065145,0,-7.7290965,0,0,0,0,0,0,0
31.5,1867.3552,0,-5448.282,53.231158,0,-13.220094,0,0.4793987,0,0,-0.14881247,0,-0.26179939,0,0,1,-0.26179939,0,-0,1,0,0,0.22204952,0,0.16297141,51.941699,5448.282,60,0,1.134464,0,0,nan,nan,946.19921,-16.227316,-0,-84.743502,0,-7.5805939,0,0,0,0,0,0,0
31.55,1870.0157,0,-5448.9326,53.186881,0,-12.787084,0,0.47192983,0,0,-0.14998541,0,-0.26179939,0,0,1,-0.26179939,0,-0,1,0,0,0.22244862,0,0.16249766,51.790274,5448.9326,60,0,1.134464,0,0,nan,nan,940.62352,-16.131693,-0,-84.428079,0,-7.4259645,0,0,0,0,0,0,0
31.6,1872.674,0,-5449.5616,53.143216,0,-12.354209,0,0.46440289,0,0,-0.15113381,0,-0.26179939,0,0,1,-0.26179939,0,-0,1,0,0,0.22283563,0,0.16203595,51.642701,5449.5616,60,0,1.134464,0,0,nan,nan,935.2064,-16.03879,-0,-84.119199,0,-7.2665858,0,0,0,0,0,0,0
31.65,1875.3301,0,-5450.1689,53.100162,0,-11.921467,0,0.45681914,0,0,-0.15225704,0,-0.26179939,0,0,1,-0.26179939,0,-0,1,0,0,0.22321089,0,0.16158634,51.499006,5450.1689,60,0,1.134464,0,0,nan,nan,929.94752,-15.9486,-0,-83.817174,0,-7.1036994,0,0,0,0,0,0,0
31.7,1877.9841,0,-5450.7546,53.057717,0,-11.48886,0,0.44917984,0,0,-0.15335462,0,-0.26179939,0,0,1,-0.26179939,0,-0,1,0,0,0.22357472,0,0.16114894,51.359214,5450.7546,60,0,1.134464,0,0,nan,nan,924.8466,-15.861119,-0,-83.522303,0,-6.9384091,0,0,0,0,0,0,0
31.75,1880.6359,0,-5451.3186,53.015878,0,-11.056389,0,0.44148628,0,0,-0.15442626,0,-0.26179939,0,0,1,-0.26179939,0,-0,1,0,0,0.22392744,0,0.16072381,51.223352,5451.3186,60,0,1.134464,0,0,nan,nan,919.90332,-15.776342,-0,-83.234866,0,-6.7716803,0,0,0,0,0,0,0
31.8,1883.2857,0,-5451.8611,52.974644,0,-10.624055,0,0.43373977,0,0,-0.15547178,0,-0.26179939,0,0,1,-0.26179939,0,-0,1,0,0,0.22426931,0,0.16031103,51.091444,5451.8611,60,0,1.134464,0,0,nan,nan,915.11737,-15.694263,-0,-82.955122,0,-6.6043422,0,0,0,0,0,0,0
31.85,1885.9335,0,-5452.3819,52.934013,0,-10.191858,0,0.4259416,0,0,-0.15649116,0,-0.26179939,0,0,1,-0.26179939,0,-0,1,0,0,0.22460059,0,0.15991069,50.963512,5452.3819,60,0,1.134464,0,0,nan,nan,910.48846,-15.614877,-0,-82.683308,0,-6.4370913,0,0,0,0,0,0,0
31.9,1888.5792,0,-5452.8811,52.893982,0,-9.7598009,0,0.4180931,0,0,-0.15748445,0,-0.26179939,0,0,1,-0.26179939,0,-0,1,0,0,0.22492148,0,0.15952285,50.839582,5452.8811,60,0,1.134464,0,0,nan,nan,906.01626,-15.538179,-0,-82.419637,0,-6.2704962,0,0,0,0,0,0,0
31.95,1891.223,0,-5453.3588,52.854549,0,-9.3278841,0,0.41019555,0,0,-0.15845179,0,-0.26179939,0,0,1,-0.26179939,0,-0,1,0,0,0.22523214,0,0.15914758,50.719675,5453.3588,60,0,1.134464,0,0,nan,nan,901.70049,-15.464163,-0,-82.164298,0,-6.1050038,0,0,0,0,0,0,0
32,1893.8648,0,-5453.8148,52.815711,0,-8.8961095,0,0.40225026,0,0,-0.15939337,0,-0.26179939,0,0,1,-0.26179939,0,-0,1,0,0,0.22553271,0,0.15878496,50.603813,5453.8148,60,0,1.134464,0,0,nan,nan,897.54084,-15.392825,-0,-81.917451,0,-5.9409467,0,0,0,0,0,0,0
32.05,1896.5046,0,-5454.2492,52.777467,0,-8.4644788,0,0.3942585,0,0,-0.16030944,0,-0.26179939,0,0,1,-0.26179939,0,-0,1,0,0,0.22582325,0,0.15843505,50.492016,5454.2492,60,0,1.134464,0,0,nan,nan,893.537,-15.32416,-0,-81.679234,0,-5.778551,0,0,0,0,0,0,0
32.1,1899.1426,0,-5454.6621,52.739814,0,-8.0329939,0,0.38622154,0,0,-0.16120027,0,-0.26179939,0,0,1,-0.26179939,0,-0,1,0,0,0.22610379,0,0.15809791,50.384304,5454.6621,60,0,1.134464,0,0,nan,nan,889.68868,-15.258161,-0,-81.449757,0,-5.6179445,0,0,0,0,0,0,0
32.15,1901.7787,0,-5455.0534,52.70275,0,-7.6016564,0,0.37814064,0,0,-0.16206614,0,-0.26179939,0,0,1,-0.26179939,0,-0,1,0,0,0.22637432,0,0.1577736,50.280698,5455.0534,60,0,1.134464,0,0,nan,nan,885.99558,-15.194824,-0,-81.229105,0,-5.4591659,0,0,0,0,0,0,0
32.2,1904.413,0,-5455.4231,52.666273,0,-7.1704685,0,0.37001705,0,0,-0.16290734,0,-0.26179939,0,0,1,-0.26179939,0,-0,1,0,0,0.22663477,0,0.15746218,50.181214,5455.4231,60,0,1.134464,0,0,nan,nan,882.45739,-15.134144,-0,-81.01734,0,-5.302174,0,0,0,0,0,0,0
32.25,1907.0454,0,-5455.7713,52.630379,0,-6.739432,0,0.36185198,0,0,-0.16372413,0,-0.26179939,0,0,1,-0.26179939,0,-0,1,0,0,0.22688504,0,0.15716371,50.085871,5455.7713,60,0,1.134464,0,0,nan,nan,879.07383,-15.076116,-0,-80.8145,0,-5.1468563,0,0,0,0,0,0,0
32.3,1909.6761,0,-5456.0979,52.595067,0,-6.308549,0,0.35364665,0,0,-0.16451678,0,-0.26179939,0,0,1,-0.26179939,0,-0,1,0,0,0.22712497,0,0.15687823,49.994685,5456.0979,60,0,1.134464,0,0,nan,nan,875.8446,-15.020735,-0,-80.620601,0,-4.9930388,0,0,0,0,0,0,0
32.35,1912.305,0,-5456.403,52.560335,0,-5.8778215,0,0.34540226,0,0,-0.16528548,0,-0.26179939,0,0,1,-0.26179939,0,-0,1,0,0,0.22735437,0,0.15660581,49.907671,5456.403,60,0,1.134464,0,0,nan,nan,872.76942,-14.967996,-0,-80.435639,0,-4.8404946,0,0,0,0,0,0,0
32.4,1914.9322,0,-5456.6866,52.526181,0,-5.4472514,0,0.33712001,0,0,-0.16603043,0,-0.26179939,0,0,1,-0.26179939,0,-0,1,0,0,0.22757302,0,0.15634648,49.824845,5456.6866,60,0,1.134464,0,0,nan,nan,869.84799,-14.917893,-0,-80.25959,0,-4.688953,0,0,0,0,0,0,0
32.45,1917.5577,0,-5456.9486,52.492602,0,-5.0168409,0,0.32880108,0,0,-0.16675176,0,-0.26179939,0,0,1,-0.26179939,0,-0,1,0,0,0.22778066,0,0.15610028,49.74622,5456.9486,60,0,1.134464,0,0,nan,nan,867.08003,-14.870423,-0,-80.092413,0,-4.5381078,0,0,0,0,0,0,0
32.5,1920.1815,0,-5457.1891,52.459597,0,-4.5865919,0,0.32044664,0,0,-0.16744955,0,-0.26179939,0,0,1,-0.26179939,0,-0,1,0,0,0.22797699,0,0.15586726,49.671808,5457.1891,60,0,1.134464,0,0,nan,nan,864.46527,-14.825579,-0,-79.934052,0,-4.3876256,0,0,0,0,0,0,0
32.55,1922.8037,0,-5457.4081,52.427163,0,-4.1565063,0,0.31205788,0,0,-0.16812384,0,-0.26179939,0,0,1,-0.26179939,0,-0,1,0,0,0.22816171,0,0.15564746,49.601623,5457.4081,60,0,1.134464,0,0,nan,nan,862.00341,-14.783358,-0,-79.784436,0,-4.2371531,0,0,0,0,0,0,0
32.6,1925.4243,0,-5457.6057,52.395299,0,-3.7265861,0,0.30363598,0,0,-0.16877459,0,-0.26179939,0,0,1,-0.26179939,0,-0,1,0,0,0.22833448,0,0.15544091,49.535674,5457.6057,60,0,1.134464,0,0,nan,nan,859.69419,-14.743755,-0,-79.643481,0,-4.0863251,0,0,0,0,0,0,0
32.65,1928.0433,0,-5457.7817,52.364003,0,-3.2968332,0,0.2951821,0,0,-0.16940172,0,-0.26179939,0,0,1,-0.26179939,0,-0,1,0,0,0.22849495,0,0.15524765,49.473972,5457.7817,60,0,1.134464,0,0,nan,nan,857.53734,-14.706765,-0,-79.511095,0,-3.9347703,0,0,0,0,0,0,0
32.7,1930.6608,0,-5457.9362,52.333273,0,-2.8672493,0,0.28669743,0,0,-0.1700051,0,-0.26179939,0,0,1,-0.26179939,0,-0,1,0,0,0.22864275,0,0.15506769,49.416525,5457.9362,60,0,1.134464,0,0,nan,nan,855.53259,-14.672384,-0,-79.387174,0,-3.7821184,0,0,0,0,0,0,0
32.75,1933.2767,0,-5458.0693,52.303108,0,-2.4378362,0,0.27818317,0,0,-0.17058451,0,-0.26179939,0,0,1,-0.26179939,0,-0,1,0,0,0.22877752,0,0.15490106,49.363342,5458.0693,60,0,1.134464,0,0,nan,nan,853.67967,-14.640606,-0,-79.271609,0,-3.6280053,0,0,0,0,0,0,0
32.8,1935.8912,0,-5458.1808,52.273506,0,-2.0085955,0,0.26964052,0,0,-0.17113972,0,-0.26179939,0,0,1,-0.26179939,0,-0,1,0,0,0.22889887,0,0.1547478,49.314429,5458.1808,60,0,1.134464,0,0,nan,nan,851.97833,-14.611428,-0,-79.164284,0,-3.4720786,0,0,0,0,0,0,0
32.85,1938.5042,0,-5458.271,52.244466,0,-1.5795288,0,0.26107069,0,0,-0.17167041,0,-0.26179939,0,0,1,-0.26179939,0,-0,1,0,0,0.22900643,0,0.15460791,49.269791,5458.271,60,0,1.134464,0,0,nan,nan,850.4283,-14.584845,-0,-79.065082,0,-3.3140019,0,0,0,0,0,0,0
32.9,1941.1157,0,-5458.3397,52.215986,0,-1.1506377,0,0.25247493,0,0,-0.17217621,0,-0.26179939,0,0,1,-0.26179939,0,-0,1,0,0,0.22909984,0,0.1544814,49.229435,5458.3397,60,0,1.134464,0,0,nan,nan,849.02933,-14.560853,-0,-78.973878,0,-3.1534594,0,0,0,0,0,0,0
32.95,1943.7258,0,-5458.3869,52.188065,0,-0.7219235,0,0.24385448,0,0,-0.17265673,0,-0.26179939,0,0,1,-0.26179939,0,-0,1,0,0,0.22917873,0,0.1543683,49.193362,5458.3869,60,0,1.134464,0,0,nan,nan,847.78118,-14.539447,-0,-78.890552,0,-2.9901589,0,0,0,0,0,0,0
33,1946.3346,0,-5458.4127,52.160701,0,-0.29338763,0,0.23521062,0,0,-0.17311151,0,-0.26179939,0,0,1,-0.26179939,0,-0,1,0,0,0.22924276,0,0.15426861,49.161577,5458.4127,60,0,1.134464,0,0,nan,nan,846.68359,-14.520624,-0,-78.81498,0,-2.8238357,0,0,0,0,0,0,0
33.05,1948.942,0,-5458.4171,52.133895,0,0.13496866,0,0.22654465,0,0,-0.17354006,0,-0.26179939,0,0,1,-0.26179939,0,-0,1,0,0,0.2292916,0,0.15418233,49.13408,5458.4171,60,0,1.134464,0,0,nan,nan,845.73632,-14.504378,-0,-78.747041,0,-2.6542546,0,0,0,0,0,0,0
33.1,1951.548,0,-5458.4001,52.107643,0,0.56314421,0,0.21785789,0,0,-0.17394186,0,-0.26179939,0,0,1,-0.26179939,0,-0,1,0,0,0.22932494,0,0.15410947,49.110872,5458.4001,60,0,1.134464,0,0,nan,nan,844.93914,-14.490706,-0,-78.686616,0,-2.4812122,0,0,0,0,0,0,0
33.15,1954.1528,0,-5458.3616,52.081946,0,0.9911379,0,0.2091517,0,0,-0.17431634,0,-0.26179939,0,0,1,-0.26179939,0,-0,1,0,0,0.22934249,0,0.15405003,49.091953,5458.3616,60,0,1.134464,0,0,nan,nan,844.2918,-14.479604,-0,-78.633592,0,-2.3045388,0,0,0,0,0,0,0
33.2,1956.7563,0,-5458.3018,52.056803,0,1.4189487,0,0.20042744,0,0,-0.17466294,0,-0.26179939,0,0,1,-0.26179939,0,-0,1,0,0,0.22934399,0,0.15400399,49.07732,5458.3018,60,0,1.134464,0,0,nan,nan,843.79408,-14.471068,-0,-78.587858,0,-2.1240997,0,0,0,0,0,0,0
33.25,1959.3585,0,-5458.2206,52.032212,0,1.8465757,0,0.19168654,0,0,-0.17498106,0,-0.26179939,0,0,1,-0.26179939,0,-0,1,0,0,0.22932921,0,0.15397136,49.066971,5458.2206,60,0,1.134464,0,0,nan,nan,843.44574,-14.465094,-0,-78.549309,0,-1.9397959,0,0,0,0,0,0,0
33.3,1961.9595,0,-5458.118,52.008172,0,2.274018,0,0.18293043,0,0,-0.17527009,0,-0.26179939,0,0,1,-0.26179939,0,-0,1,0,0,0.22929796,0,0.15395211,49.060902,5458.118,60,0,1.134464,0,0,nan,nan,843.24656,-14.461678,-0,-78.517847,0,-1.7515649,0,0,0,0,0,0,0
33.35,1964.5594,0,-5457.9941,51.984683,0,2.7012747,0,0.17416058,0,0,-0.17552941,0,-0.26179939,0,0,1,-0.26179939,0,-0,1,0,0,0.22925007,0,0.15394624,49.059108,5457.9941,60,0,1.134464,0,0,nan,nan,843.19632,-14.460817,-0,-78.493382,0,-1.5593804,0,0,0,0,0,0,0
33.4,1967.1581,0,-5457.8488,51.961744,0,3.1283451,0,0.16537848,0,0,-0.1757584,0,-0.26179939,0,0,1,-0.26179939,0,-0,1,0,0,0.22918541,0,0.15395372,49.061583,5457.8488,60,0,1.134464,0,0,nan,nan,843.29479,-14.462506,-0,-78.475829,0,-1.363253,0,0,0,0,0,0,0
33.45,1969.7556,0,-5457.6821,51.939354,0,3.5552285,0,0.15658568,0,0,-0.17595646,0,-0.26179939,0,0,1,-0.26179939,0,-0,1,0,0,0.22910389,0,0.15397453,49.06832,5457.6821,60,0,1.134464,0,0,nan,nan,843.54175,-14.466741,-0,-78.465115,0,-1.1632288,0,0,0,0,0,0,0
33.5,1972.3521,0,-5457.4941,51.917512,0,3.9819243,0,0.14778373,0,0,-0.17612298,0,-0.26179939,0,0,1,-0.26179939,0,-0,1,0,0,0.22900544,0,0.15400864,49.07931,5457.4941,60,0,1.134464,0,0,nan,nan,843.93701,-14.47352,-0,-78.461171,0,-0.95938954,0,0,0,0,0,0,0
33.55,1974.9474,0,-5457.2848,51.896217,0,4.4084316,0,0.13897422,0,0,-0.17625736,0,-0.26179939,0,0,1,-0.26179939,0,-0,1,0,0,0.22889007,0,0.15405603,49.094545,5457.2848,60,0,1.134464,0,0,nan,nan,844.48033,-14.482838,-0,-78.463942,0,-0.75185099,0,0,0,0,0,0,0
33.6,1977.5417,0,-5457.0541,51.875469,0,4.8347501,0,0.13015877,0,0,-0.17635905,0,-0.26179939,0,0,1,-0.26179939,0,-0,1,0,0,0.22875778,0,0.15411667,49.114013,5457.0541,60,0,1.134464,0,0,nan,nan,845.17151,-14.494691,-0,-78.473377,0,-0.54076217,0,0,0,0,0,0,0
33.65,1980.135,0,-5456.8021,51.855266,0,5.260879,0,0.12133904,0,0,-0.17642751,0,-0.26179939,0,0,1,-0.26179939,0,-0,1,0,0,0.22860864,0,0.15419051,49.137703,5456.8021,60,0,1.134464,0,0,nan,nan,846.01035,-14.509078,-0,-78.489439,0,-0.32630379,0,0,0,0,0,0,0
33.7,1982.7273,0,-5456.5289,51.835608,0,5.6868179,0,0.11251669,0,0,-0.17646221,0,-0.26179939,0,0,1,-0.26179939,0,-0,1,0,0,0.22844276,0,0.15427751,49.165603,5456.5289,60,0,1.134464,0,0,nan,nan,846.99664,-14.525992,-0,-78.512098,0,-0.10868669,0,0,0,0,0,0,0
33.75,1985.3186,0,-5456.2343,51.816495,0,6.112566,0,0.10369342,0,0,-0.17646269,0,-0.26179939,0,0,1,-0.26179939,0,-0,1,0,0,0.22826028,0,0.15437765,49.1977,5456.2343,60,0,1.134464,0,0,nan,nan,848.13017,-14.545432,-0,-78.541334,0,0.11184989,0,0,0,0,0,0,0
33.8,1987.909,0,-5455.9185,51.797925,0,6.5381229,0,0.094870965,0,0,-0.1764285,0,-0.26179939,0,0,1,-0.26179939,0,-0,1,0,0,0.22806138,0,0.15449086,49.233977,5455.9185,60,0,1.134464,0,0,nan,nan,849.41075,-14.567394,-0,-78.577137,0,0.3350402,0,0,0,0,0,0,0
33.85,1990.4985,0,-5455.5813,51.779897,0,6.963488,0,0.086051056,0,0,-0.17635927,0,-0.26179939,0,0,1,-0.26179939,0,-0,1,0,0,0.22784628,0,0.15461709,49.274421,5455.5813,60,0,1.134464,0,0,nan,nan,850.83817,-14.591875,-0,-78.619506,0,0.56059397,0,0,0,0,0,0,0
33.9,1993.087,0,-5455.223,51.762412,0,7.3886606,0,0.077235456,0,0,-0.17625463,0,-0.26179939,0,0,1,-0.26179939,0,-0,1,0,0,0.22761523,0,0.15475631,49.319013,5455.223,60,0,1.134464,0,0,nan,nan,852.41224,-14.61887,-0,-78.668451,0,0.78819858,0,0,0,0,0,0,0
33.95,1995.6748,0,-5454.8433,51.745467,0,7.81364,0,0.068425943,0,0,-0.17611429,0,-0.26179939,0,0,1,-0.26179939,0,-0,1,0,0,0.22736854,0,0.15490844,49.367737,5454.8433,60,0,1.134464,0,0,nan,nan,854.13276,-14.648377,-0,-78.723988,0,1.0175212,0,0,0,0,0,0,0
34,1998.2616,0,-5454.4425,51.729062,0,8.2384256,0,0.05962431,0,0,-0.17593802,0,-0.26179939,0,0,1,-0.26179939,0,-0,1,0,0,0.22710652,0,0.15507344,49.420574,5454.4425,60,0,1.134464,0,0,nan,nan,855.99953,-14.680392,-0,-78.786146,0,1.2482112,0,0,0,0,0,0,0
34.05,2000.8477,0,-5454.0203,51.713196,0,8.6630166,0,0.050832356,0,0,-0.17572562,0,-0.26179939,0,0,1,-0.26179939,0,-0,1,0,0,0.22682955,0,0.15525123,49.477504,5454.0203,60,0,1.134464,0,0,nan,nan,858.01236,-14.714912,-0,-78.854959,0,1.4799022,0,0,0,0,0,0,0
34.1,2003.433,0,-5453.577,51.697869,0,9.0874122,0,0.042051892,0,0,-0.17547697,0,-0.26179939,0,0,1,-0.26179939,0,-0,1,0,0,0.226538,0,0.15544176,49.538505,5453.577,60,0,1.134464,0,0,nan,nan,860.17106,-14.751934,-0,-78.930471,0,1.7122148,0,0,0,0,0,0,0
34.15,2006.0175,0,-5453.1125,51.683079,0,9.5116115,0,0.033284732,0,0,-0.17519199,0,-0.26179939,0,0,1,-0.26179939,0,-0,1,0,0,0.22623231,0,0.15564495,49.603558,5453.1125,60,0,1.134464,0,0,nan,nan,862.47543,-14.791454,-0,-79.012734,0,1.9447589,0,0,0,0,0,0,0
34.2,2008.6013,0,-5452.6267,51.668826,0,9.9356136,0,0.024532692,0,0,-0.17487069,0,-0.26179939,0,0,1,-0.26179939,0,-0,1,0,0,0.22591292,0,0.15586074,49.672639,5452.6267,60,0,1.134464,0,0,nan,nan,864.92528,-14.833469,-0,-79.101808,0,2.1771357,0,0,0,0,0,0,0
34.25,2011.1844,0,-5452.1197,51.655109,0,10.359417,0,0.015797589,0,0,-0.17451312,0,-0.26179939,0,0,1,-0.26179939,0,-0,1,0,0,0.22558031,0,0.15608905,49.745725,5452.1197,60,0,1.134464,0,0,nan,nan,867.52042,-14.877975,-0,-79.197759,0,2.4089409,0,0,0,0,0,0,0
34.3,2013.7669,0,-5451.5916,51.641926,0,10.783022,0,0.0070812324,0,0,-0.17411939,0,-0.26179939,0,0,1,-0.26179939,0,-0,1,0,0,0.22523497,0,0.15632981,49.822791,5451.5916,60,0,1.134464,0,0,nan,nan,870.26065,-14.92497,-0,-79.300659,0,2.6397663,0,0,0,0,0,0,0
34.35,2016.3487,0,-5451.0423,51.629277,0,11.206426,0,-0.0016145737,0,0,-0.1736897,0,-0.26179939,0,0,1,-0.26179939,0,-0,1,0,0,0.22487743,0,0.15658292,49.903813,5451.0423,60,0,1.134464,0,0,nan,nan,873.14579,-14.97445,-0,-79.410588,0,2.8692028,0,0,0,0,0,0,0
34.4,2018.9298,0,-5450.4718,51.617161,0,11.629627,0,-0.010288037,0,0,-0.17322429,0,-0.26179939,0,0,1,-0.26179939,0,-0,1,0,0,0.22450821,0,0.15684833,49.988764,5450.4718,60,0,1.134464,0,0,nan,nan,876.17564,-15.026412,-0,-79.52763,0,3.0968422,0,0,0,0,0,0,0
34.45,2021.5104,0,-5449.8802,51.605576,0,12.052626,0,-0.018937378,0,0,-0.17272347,0,-0.26179939,0,0,1,-0.26179939,0,-0,1,0,0,0.22412787,0,0.15712593,50.077618,5449.8802,60,0,1.134464,0,0,nan,nan,879.35002,-15.080853,-0,-79.651876,0,3.32228,0,0,0,0,0,0,0
34.5,2024.0904,0,-5449.2674,51.594523,0,12.475419,0,-0.027560836,0,0,-0.17218761,0,-0.26179939,0,0,1,-0.26179939,0,-0,1,0,0,0.22373697,0,0.15741564,50.170347,5449.2674,60,0,1.134464,0,0,nan,nan,882.66872,-15.137769,-0,-79.783418,0,3.5451172,0,0,0,0,0,0,0
34.55,2026.6699,0,-5448.6335,51.583999,0,12.898006,0,-0.036156668,0,0,-0.17161716,0,-0.26179939,0,0,1,-0.26179939,0,-0,1,0,0,0.22333609,0,0.15771738,50.266923,5448.6335,60,0,1.134464,0,0,nan,nan,886.13156,-15.197156,-0,-79.922356,0,3.7649628,0,0,0,0,0,0,0
34.6,2029.2489,0,-5447.9784,51.574004,0,13.320384,0,-0.044723158,0,0,-0.1710126,0,-0.26179939,0,0,1,-0.26179939,0,-0,1,0,0,0.2229258,0,0.15803104,50.367316,5447.9784,60,0,1.134464,0,0,nan,nan,889.73834,-15.259012,-0,-80.068789,0,3.9814356,0,0,0,0,0,0,0
34.65,2031.8273,0,-5447.3023,51.564537,0,13.742552,0,-0.053258612,0,0,-0.1703745,0,-0.26179939,0,0,1,-0.26179939,0,-0,1,0,0,0.22250671,0,0.15835654,50.471497,5447.3023,60,0,1.134464,0,0,nan,nan,893.48887,-15.323334,-0,-80.222821,0,4.1941663,0,0,0,0,0,0,0
34.7,2034.4053,0,-5446.605,51.555598,0,14.164507,0,-0.061761367,0,0,-0.16970346,0,-0.26179939,0,0,1,-0.26179939,0,-0,1,0,0,0.2220794,0,0.15869378,50.579436,5446.605,60,0,1.134464,0,0,nan,nan,897.38295,-15.390118,-0,-80.384558,0,4.4027992,0,0,0,0,0,0,0
34.75,2036.9829,0,-5445.8867,51.547184,0,14.586248,0,-0.070229793,0,0,-0.16900014,0,-0.26179939,0,0,1,-0.26179939,0,-0,1,0,0,0.22164446,0,0.15904267,50.691101,5445.8867,60,0,1.134464,0,0,nan,nan,901.4204,-15.45936,-0,-80.554108,0,4.6069944,0,0,0,0,0,0,0
34.8,2039.5601,0,-5445.1473,51.539295,0,15.007772,0,-0.078662293,0,0,-0.16826528,0,-0.26179939,0,0,1,-0.26179939,0,-0,1,0,0,0.22120248,0,0.15940309,50.80646,5445.1473,60,0,1.134464,0,0,nan,nan,905.601,-15.531057,-0,-80.731577,0,4.8064288,0,0,0,0,0,0,0
34.85,2042.1369,0,-5444.3868,51.531931,0,15.429076,0,-0.087057308,0,0,-0.16749963,0,-0.26179939,0,0,1,-0.26179939,0,-0,1,0,0,0.22075406,0,0.15977496,50.925482,5444.3868,60,0,1.134464,0,0,nan,nan,909.92458,-15.605207,-0,-80.917074,0,5.0007982,0,0,0,0,0,0,0
34.9,2044.7133,0,-5443.6052,51.52509,0,15.850159,0,-0.095413317,0,0,-0.16670401,0,-0.26179939,0,0,1,-0.26179939,0,-0,1,0,0,0.22029976,0,0.16015816,51.048133,5443.6052,60,0,1.134464,0,0,nan,nan,914.39092,-15.681804,-0,-81.110706,0,5.1898183,0,0,0,0,0,0,0
34.95,2047.2894,0,-5442.8026,51.518771,0,16.271016,0,-0.10372884,0,0,-0.16587927,0,-0.26179939,0,0,1,-0.26179939,0,-0,1,0,0,0.21984017,0,0.16055259,51.17438,5442.8026,60,0,1.134464,0,0,nan,nan,918.99982,-15.760847,-0,-81.312581,0,5.373226,0,0,0,0,0,0,0
35,2049.8652,0,-5441.9789,51.512974,0,16.691646,0,-0.11200245,0,0,-0.16502631,0,-0.26179939,0,0,1,-0.26179939,0,-0,1,0,0,0.21937585,0,0.16095815,51.304188,5441.9789,60,0,1.134464,0,0,nan,nan,923.7511,-15.842331,-0,-81.522802,0,5.5507805,0,0,0,0,0,0,0
35.05,2052.4407,0,-5441.1343,51.507698,0,17.112045,0,-0.12023275,0,0,-0.16414606,0,-0.26179939,0,0,1,-0.26179939,0,-0,1,0,0,0.21890735,0,0.16137472,51.437524,5441.1343,60,0,1.134464,0,0,nan,nan,928.64453,-15.926254,-0,-81.741473,0,5.7222645,0,0,0,0,0,0,0
35.1,2055.016,0,-5440.2686,51.502941,0,17.53221,0,-0.1284184,0,0,-0.16323948,0,-0.26179939,0,0,1,-0.26179939,0,-0,1,0,0,0.21843521,0,0.16180219,51.574351,5440.2686,60,0,1.134464,0,0,nan,nan,933.67993,-16.012611,-0,-81.968694,0,5.8874843,0,0,0,0,0,0,0
35.15,2057.591,0,-5439.3819,51.498704,0,17.952138,0,-0.13655811,0,0,-0.16230756,0,-0.26179939,0,0,1,-0.26179939,0,-0,1,0,0,0.21795995,0,0.16224045,51.714636,5439.3819,60,0,1.134464,0,0,nan,nan,938.85707,-16.101399,-0,-82.204563,0,6.0462711,0,0,0,0,0,0,0
35.2,2060.1659,0,-5438.4742,51.494986,0,18.371826,0,-0.14465064,0,0,-0.16135133,0,-0.26179939,0,0,1,-0.26179939,0,-0,1,0,0,0.21748208,0,0.1626894,51.858342,5438.4742,60,0,1.134464,0,0,nan,nan,944.17577,-16.192614,-0,-82.449173,0,6.1984811,0,0,0,0,0,0,0
35.25,2062.7405,0,-5437.5456,51.491786,0,18.791269,0,-0.1526948,0,0,-0.16037182,0,-0.26179939,0,0,1,-0.26179939,0,-0,1,0,0,0.21700209,0,0.1631489,52.005433,5437.5456,60,0,1.134464,0,0,nan,nan,949.63581,-16.286254,-0,-82.702613,0,6.3439957,0,0,0,0,0,0,0
35.3,2065.3151,0,-5436.5959,51.489103,0,19.210465,0,-0.16068943,0,0,-0.15937008,0,-0.26179939,0,0,1,-0.26179939,0,-0,1,0,0,0.21652044,0,0.16361886,52.155873,5436.5959,60,0,1.134464,0,0,nan,nan,955.23697,-16.382314,-0,-82.96497,0,6.4827218,0,0,0,0,0,0,0
35.35,2067.8895,0,-5435.6254,51.486937,0,19.62941,0,-0.16863347,0,0,-0.15834717,0,-0.26179939,0,0,1,-0.26179939,0,-0,1,0,0,0.2160376,0,0.16409915,52.309624,5435.6254,60,0,1.134464,0,0,nan,nan,960.97905,-16.480791,-0,-83.236324,0,6.6145915,0,0,0,0,0,0,0
35.4,2070.4638,0,-5434.6338,51.485287,0,20.048098,0,-0.17652588,0,0,-0.15730418,0,-0.26179939,0,0,1,-0.26179939,0,-0,1,0,0,0.21555398,0,0.16458966,52.466649,5434.6338,60,0,1.134464,0,0,nan,nan,966.86184,-16.58168,-0,-83.516749,0,6.7395622,0,0,0,0,0,0,0
35.45,2073.038,0,-5433.6214,51.484153,0,20.466528,0,-0.18436568,0,0,-0.15624218,0,-0.26179939,0,0,1,-0.26179939,0,-0,1,0,0,0.21507001,0,0.16509026,52.626912,5433.6214,60,0,1.134464,0,0,nan,nan,972.88511,-16.68498,-0,-83.806318,0,6.8576158,0,0,0,0,0,0,0
35.5,2075.6122,0,-5432.588,51.483535,0,20.884694,0,-0.19215194,0,0,-0.15516225,0,-0.26179939,0,0,1,-0.26179939,0,-0,1,0,0,0.21458606,0,0.16560085,52.790374,5432.588,60,0,1.134464,0,0,nan,nan,979.04866,-16.790685,-0,-84.105093,0,6.9687586,0,0,0,0,0,0,0
35.55,2078.1864,0,-5431.5338,51.483433,0,21.302592,0,-0.1998838,0,0,-0.15406547,0,-0.26179939,0,0,1,-0.26179939,0,-0,1,0,0,0.21410251,0,0.16612129,52.956998,5431.5338,60,0,1.134464,0,0,nan,nan,985.35226,-16.898791,-0,-84.413134,0,7.0730201,0,0,0,0,0,0,0
35.6,2080.7606,0,-5430.4586,51.483845,0,21.720219,0,-0.20756044,0,0,-0.15295292,0,-0.26179939,0,0,1,-0.26179939,0,-0,1,0,0,0.2136197,0,0.16665148,53.126746,5430.4586,60,0,1.134464,0,0,nan,nan,991.7957,-17.009296,-0,-84.730495,0,7.1704526,0,0,0,0,0,0,0
35.65,2083.3348,0,-5429.3626,51.484773,0,22.137569,0,-0.21518109,0,0,-0.15182565,0,-0.26179939,0,0,1,-0.26179939,0,-0,1,0,0,0.21313796,0,0.16719128,53.299579,5429.3626,60,0,1.134464,0,0,nan,nan,998.37875,-17.122196,-0,-85.057222,0,7.26113,0,0,0,0,0,0,0
35.7,2085.909,0,-5428.2457,51.486215,0,22.554638,0,-0.22274504,0,0,-0.15068471,0,-0.26179939,0,0,1,-0.26179939,0,-0,1,0,0,0.21265758,0,0.16774058,53.47546,5428.2457,60,0,1.134464,0,0,nan,nan,1005.1012,-17.237485,-0,-85.393356,0,7.3451466,0,0,0,0,0,0,0
35.75,2088.4834,0,-5427.1079,51.488173,0,22.971422,0,-0.23025164,0,0,-0.14953113,0,-0.26179939,0,0,1,-0.26179939,0,-0,1,0,0,0.21217885,0,0.16829926,53.654349,5427.1079,60,0,1.134464,0,0,nan,nan,1011.9628,-17.355162,-0,-85.738933,0,7.4226159,0,0,0,0,0,0,0
35.8,2091.0579,0,-5425.9494,51.490645,0,23.387916,0,-0.23770028,0,0,-0.14836594,0,-0.26179939,0,0,1,-0.26179939,0,-0,1,0,0,0.21170202,0,0.1688672,53.836208,5425.9494,60,0,1.134464,0,0,nan,nan,1018.9634,-17.475221,-0,-86.093981,0,7.4936696,0,0,0,0,0,0,0
35.85,2093.6325,0,-5424.77,51.493633,0,23.804116,0,-0.2450904,0,0,-0.14719011,0,-0.26179939,0,0,1,-0.26179939,0,-0,1,0,0,0.21122734,0,0.16944426,54.020999,5424.77,60,0,1.134464,0,0,nan,nan,1026.1026,-17.59766,-0,-86.458523,0,7.5584555,0,0,0,0,0,0,0
35.9,2096.2072,0,-5423.5698,51.497136,0,24.220016,0,-0.25242149,0,0,-0.14600463,0,-0.26179939,0,0,1,-0.26179939,0,-0,1,0,0,0.21075502,0,0.17003034,54.208684,5423.5698,60,0,1.134464,0,0,nan,nan,1033.3804,-17.722473,-0,-86.832577,0,7.6171367,0,0,0,0,0,0,0
35.95,2098.7822,0,-5422.3488,51.501155,0,24.635612,0,-0.2596931,0,0,-0.14481042,0,-0.26179939,0,0,1,-0.26179939,0,-0,1,0,0,0.21028526,0,0.17062531,54.399223,5422.3488,60,0,1.134464,0,0,nan,nan,1040.7964,-17.849657,-0,-87.216155,0,7.6698894,0,0,0,0,0,0,0
36,2101.3573,0,-5421.1071,51.50569,0,25.050899,0,-0.2669048,0,0,-0.1436084,0,-0.26179939,0,0,1,-0.26179939,0,-0,1,0,0,0.20981825,0,0.17122905,54.592578,5421.1071,60,0,1.134464,0,0,nan,nan,1048.3504,-17.979209,-0,-87.609262,0,7.7169017,0,0,0,0,0,0,0
36.05,2103.9327,0,-5419.8446,51.510742,0,25.465873,0,-0.27405623,0,0,-0.14239945,0,-0.26179939,0,0,1,-0.26179939,0,-0,1,0,0,0.20935414,0,0.17184143,54.78871,5419.8446,60,0,1.134464,0,0,nan,nan,1056.0422,-18.111123,-0,-88.0119,0,7.7583716,0,0,0,0,0,0,0
36.1,2106.5084,0,-5418.5613,51.51631,0,25.880527,0,-0.28114707,0,0,-0.14118443,0,-0.26179939,0,0,1,-0.26179939,0,-0,1,0,0,0.20889309,0,0.17246234,54.987581,5418.5613,60,0,1.134464,0,0,nan,nan,1063.8715,-18.245396,-0,-88.424065,0,7.7945055,0,0,0,0,0,0,0
36.15,2109.0844,0,-5417.2574,51.522396,0,26.294858,0,-0.28817702,0,0,-0.13996414,0,-0.26179939,0,0,1,-0.26179939,0,-0,1,0,0,0.20843523,0,0.17309165,55.189152,5417.2574,60,0,1.134464,0,0,nan,nan,1071.8382,-18.382025,-0,-88.845748,0,7.8255164,0,0,0,0,0,0,0
36.2,2111.6606,0,-5415.9327,51.529,0,26.708861,0,-0.29514585,0,0,-0.13873939,0,-0.26179939,0,0,1,-0.26179939,0,-0,1,0,0,0.20798068,0,0.17372924,55.393385,5415.9327,60,0,1.134464,0,0,nan,nan,1079.9419,-18.521004,-0,-89.276937,0,7.8516222,0,0,0,0,0,0,0
36.25,2114.2373,0,-5414.5873,51.536123,0,27.12253,0,-0.30205335,0,0,-0.1375109,0,-0.26179939,0,0,1,-0.26179939,0,-0,1,0,0,0.20752953,0,0.174375,55.600242,5414.5873,60,0,1.134464,0,0,nan,nan,1088.1825,-18.662329,-0,-89.717615,0,7.8730441,0,0,0,0,0,0,0
36.3,2116.8143,0,-5413.2213,51.543766,0,27.535861,0,-0.30889935,0,0,-0.13627941,0,-0.26179939,0,0,1,-0.26179939,0,-0,1,0,0,0.20708189,0,0.17502879,55.809684,5413.2213,60,0,1.134464,0,0,nan,nan,1096.5596,-18.805998,-0,-90.167763,0,7.8900048,0,0,0,0,0,0,0
36.35,2119.3916,0,-5411.8345,51.551929,0,27.948847,0,-0.31568372,0,0,-0.13504559,0,-0.26179939,0,0,1,-0.26179939,0,-0,1,0,0,0.20663782,0,0.1756905,56.021674,5411.8345,60,0,1.134464,0,0,nan,nan,1105.0731,-18.952004,-0,-90.627356,0,7.902727,0,0,0,0,0,0,0
36.4,2121.9694,0,-5410.4272,51.560614,0,28.361486,0,-0.32240635,0,0,-0.13381009,0,-0.26179939,0,0,1,-0.26179939,0,-0,1,0,0,0.20619741,0,0.17636001,56.236173,5410.4272,60,0,1.134464,0,0,nan,nan,1113.7228,-19.100345,-0,-91.096368,0,7.9114319,0,0,0,0,0,0,0
36.45,2124.5477,0,-5408.9992,51.569822,0,28.77377,0,-0.32906718,0,0,-0.13257351,0,-0.26179939,0,0,1,-0.26179939,0,-0,1,0,0,0.20576071,0,0.1770372,56.453144,5408.9992,60,0,1.134464,0,0,nan,nan,1122.5082,-19.251016,-0,-91.574772,0,7.9163379,0,0,0,0,0,0,0
36.5,2127.1264,0,-5407.5507,51.579552,0,29.185696,0,-0.33566617,0,0,-0.13133644,0,-0.26179939,0,0,1,-0.26179939,0,-0,1,0,0,0.20532777,0,0.17772196,56.672549,5407.5507,60,0,1.134464,0,0,nan,nan,1131.4293,-19.404012,-0,-92.062535,0,7.9176588,0,0,0,0,0,0,0
36.55,2129.7056,0,-5406.0815,51.589808,0,29.597258,0,-0.3422033,0,0,-0.13009941,0,-0.26179939,0,0,1,-0.26179939,0,-0,1,0,0,0.20489863,0,0.17841416,56.894351,5406.0815,60,0,1.134464,0,0,nan,nan,1140.4857,-19.55933,-0,-92.559628,0,7.9156032,0,0,0,0,0,0,0
36.6,2132.2854,0,-5404.5918,51.600589,0,30.008452,0,-0.34867859,0,0,-0.12886295,0,-0.26179939,0,0,1,-0.26179939,0,-0,1,0,0,0.20447335,0,0.17911368,57.118512,5404.5918,60,0,1.134464,0,0,nan,nan,1149.6773,-19.716965,-0,-93.066015,0,7.9103729,0,0,0,0,0,0,0
36.65,2134.8657,0,-5403.0815,51.611897,0,30.419271,0,-0.35509208,0,0,-0.12762754,0,-0.26179939,0,0,1,-0.26179939,0,-0,1,0,0,0.20405194,0,0.17982041,57.344997,5403.0815,60,0,1.134464,0,0,nan,nan,1159.0037,-19.876913,-0,-93.581663,0,7.9021621,0,0,0,0,0,0,0
36.7,2137.4466,0,-5401.5507,51.623734,0,30.829712,0,-0.36144384,0,0,-0.12639361,0,-0.26179939,0,0,1,-0.26179939,0,-0,1,0,0,0.20363445,0,0.18053424,57.573767,5401.5507,60,0,1.134464,0,0,nan,nan,1168.4647,-20.03917,-0,-94.106538,0,7.8911564,0,0,0,0,0,0,0
36.75,2140.028,0,-5399.9993,51.6361,0,31.239769,0,-0.36773394,0,0,-0.12516161,0,-0.26179939,0,0,1,-0.26179939,0,-0,1,0,0,0.20322088,0,0.18125504,57.804787,5399.9993,60,0,1.134464,0,0,nan,nan,1178.0601,-20.20373,-0,-94.640605,0,7.8775325,0,0,0,0,0,0,0
36.8,2142.6101,0,-5398.4275,51.648997,0,31.649436,0,-0.3739625,0,0,-0.12393192,0,-0.26179939,0,0,1,-0.26179939,0,-0,1,0,0,0.20281127,0,0.18198271,58.03802,5398.4275,60,0,1.134464,0,0,nan,nan,1187.7895,-20.37059,-0,-95.18383,0,7.8614571,0,0,0,0,0,0,0
36.85,2145.1929,0,-5396.8352,51.662427,0,32.05871,0,-0.38012964,0,0,-0.12270492,0,-0.26179939,0,0,1,-0.26179939,0,-0,1,0,0,0.20240563,0,0.18271713,58.27343,5396.8352,60,0,1.134464,0,0,nan,nan,1197.6528,-20.539746,-0,-95.736177,0,7.8430866,0,0,0,0,0,0,0
36.9,2147.7764,0,-5395.2225,51.67639,0,32.467584,0,-0.38623549,0,0,-0.12148095,0,-0.26179939,0,0,1,-0.26179939,0,-0,1,0,0,0.20200398,0,0.18345818,58.510982,5395.2225,60,0,1.134464,0,0,nan,nan,1207.6497,-20.711192,-0,-96.297616,0,7.8225671,0,0,0,0,0,0,0
36.95,2150.3605,0,-5393.5893,51.69089,0,32.876054,0,-0.39228023,0,0,-0.12026033,0,-0.26179939,0,0,1,-0.26179939,0,-0,1,0,0,0.20160633,0,0.18420576,58.75064,5393.5893,60,0,1.134464,0,0,nan,nan,1217.7798,-20.884924,-0,-96.868112,0,7.800034,0,0,0,0,0,0,0
37,2152.9454,0,-5391.9357,51.705926,0,33.284115,0,-0.39826403,0,0,-0.11904339,0,-0.26179939,0,0,1,-0.26179939,0,-0,1,0,0,0.2012127,0,0.18495975,58.992368,5391.9357,60,0,1.134464,0,0,nan,nan,1228.0431,-21.060938,-0,-97.447636,0,7.775612,0,0,0,0,0,0,0
37.05,2155.5311,0,-5390.2617,51.721501,0,33.691762,0,-0.40418707,0,0,-0.11783039,0,-0.26179939,0,0,1,-0.26179939,0,-0,1,0,0,0.2008231,0,0.18572005,59.236133,5390.2617,60,0,1.134464,0,0,nan,nan,1238.4391,-21.23923,-0,-98.036157,0,7.7494152,0,0,0,0,0,0,0
37.1,2158.1176,0,-5388.5673,51.737617,0,34.098989,0,-0.41004956,0,0,-0.11662161,0,-0.26179939,0,0,1,-0.26179939,0,-0,1,0,0,0.20043755,0,0.18648654,59.481899,5388.5673,60,0,1.134464,0,0,nan,nan,1248.9676,-21.419794,-0,-98.633648,0,7.7215476,0,0,0,0,0,0,0
37.15,2160.7048,0,-5386.8526,51.754274,0,34.505792,0,-0.41585171,0,0,-0.11541731,0,-0.26179939,0,0,1,-0.26179939,0,-0,1,0,0,0.20005605,0,0.18725911,59.729632,5386.8526,60,0,1.134464,0,0,nan,nan,1259.6284,-21.602626,-0,-99.240081,0,7.6921031,0,0,0,0,0,0,0
37.2,2163.293,0,-5385.1176,51.771476,0,34.912165,0,-0.42159377,0,0,-0.11421772,0,-0.26179939,0,0,1,-0.26179939,0,-0,1,0,0,0.19967861,0,0.18803766,59.979298,5385.1176,60,0,1.134464,0,0,nan,nan,1270.4211,-21.787722,-0,-99.855433,0,7.6611662,0,0,0,0,0,0,0
37.25,2165.882,0,-5383.3622,51.789224,0,35.318104,0,-0.42727596,0,0,-0.11302307,0,-0.26179939,0,0,1,-0.26179939,0,-0,1,0,0,0.19930525,0,0.18882208,60.230863,5383.3622,60,0,1.134464,0,0,nan,nan,1281.3456,-21.975076,-0,-100.47968,0,7.6288125,0,0,0,0,0,0,0
37.3,2168.4719,0,-5381.5866,51.807519,0,35.723603,0,-0.43289855,0,0,-0.11183358,0,-0.26179939,0,0,1,-0.26179939,0,-0,1,0,0,0.19893597,0,0.18961226,60.484293,5381.5866,60,0,1.134464,0,0,nan,nan,1292.4014,-22.164685,-0,-101.1128,0,7.5951095,0,0,0,0,0,0,0
37.35,2171.0627,0,-5379.7907,51.826364,0,36.128657,0,-0.43846178,0,0,-0.11064945,0,-0.26179939,0,0,1,-0.26179939,0,-0,1,0,0,0.1985708,0,0.1904081,60.739557,5379.7907,60,0,1.134464,0,0,nan,nan,1303.5885,-22.356543,-0,-101.75477,0,7.5601172,0,0,0,0,0,0,0
37.4,2173.6545,0,-5377.9745,51.845761,0,36.533262,0,-0.44396595,0,0,-0.10947088,0,-0.26179939,0,0,1,-0.26179939,0,-0,1,0,0,0.19820973,0,0.1912095,60.99662,5377.9745,60,0,1.134464,0,0,nan,nan,1314.9064,-22.550645,-0,-102.40558,0,7.5238886,0,0,0,0,0,0,0
37.45,2176.2472,0,-5376.1382,51.865712,0,36.937412,0,-0.44941132,0,0,-0.10829807,0,-0.26179939,0,0,1,-0.26179939,0,-0,1,0,0,0.19785277,0,0.19201636,61.25545,5376.1382,60,0,1.134464,0,0,nan,nan,1326.3549,-22.746987,-0,-103.06521,0,7.4864711,0,0,0,0,0,0,0
37.5,2178.841,0,-5374.2816,51.886218,0,37.341102,0,-0.45479819,0,0,-0.10713118,0,-0.26179939,0,0,1,-0.26179939,0,-0,1,0,0,0.19749994,0,0.19282856,61.516016,5374.2816,60,0,1.134464,0,0,nan,nan,1337.9337,-22.945564,-0,-103.73364,0,7.447907,0,0,0,0,0,0,0
37.55,2181.4358,0,-5372.4049,51.907282,0,37.744327,0,-0.46012687,0,0,-0.10597041,0,-0.26179939,0,0,1,-0.26179939,0,-0,1,0,0,0.19715124,0,0.19364601,61.778284,5372.4049,60,0,1.134464,0,0,nan,nan,1349.6426,-23.146371,-0,-104.41085,0,7.4082343,0,0,0,0,0,0,0
37.6,2184.0317,0,-5370.508,51.928906,0,38.147082,0,-0.46539765,0,0,-0.10481592,0,-0.26179939,0,0,1,-0.26179939,0,-0,1,0,0,0.19680668,0,0.19446862,62.042225,5370.508,60,0,1.134464,0,0,nan,nan,1361.4812,-23.349402,-0,-105.09684,0,7.3674876,0,0,0,0,0,0,0
37.65,2186.6287,0,-5368.591,51.951092,0,38.549362,0,-0.47061087,0,0,-0.10366787,0,-0.26179939,0,0,1,-0.26179939,0,-0,1,0,0,0.19646626,0,0.19529627,62.307806,5368.591,60,0,1.134464,0,0,nan,nan,1373.4492,-23.554655,-0,-105.7916,0,7.3256993,0,0,0,0,0,0,0
37.7,2189.2268,0,-5366.6539,51.973842,0,38.951161,0,-0.47576684,0,0,-0.10252642,0,-0.26179939,0,0,1,-0.26179939,0,-0,1,0,0,0.19612999,0,0.19612888,62.574997,5366.6539,60,0,1.134464,0,0,nan,nan,1385.5465,-23.762122,-0,-106.4951,0,7.2828997,0,0,0,0,0,0,0
37.75,2191.826,0,-5364.6967,51.99716,0,39.352475,0,-0.4808659,0,0,-0.10139174,0,-0.26179939,0,0,1,-0.26179939,0,-0,1,0,0,0.19579787,0,0.19696635,62.843766,5364.6967,60,0,1.134464,0,0,nan,nan,1397.7725,-23.971799,-0,-107.20734,0,7.2391184,0,0,0,0,0,0,0
37.8,2194.4265,0,-5362.7194,52.021046,0,39.753299,0,-0.48590839,0,0,-0.10026397,0,-0.26179939,0,0,1,-0.26179939,0,-0,1,0,0,0.19546989,0,0.19780858,63.114085,5362.7194,60,0,1.134464,0,0,nan,nan,1410.1272,-24.183681,-0,-107.9283,0,7.1943848,0,0,0,0,0,0,0
37.85,2197.0281,0,-5360.7221,52.045503,0,40.153627,0,-0.49089466,0,0,-0.099143262,0,-0.26179939,0,0,1,-0.26179939,0,-0,1,0,0,0.19514606,0,0.19865547,63.385922,5360.7221,60,0,1.134464,0,0,nan,nan,1422.6101,-24.397764,-0,-108.65798,0,7.1487286,0,0,0,0,0,0,0
37.9,2199.631,0,-5358.7049,52.070534,0,40.553454,0,-0.49582507,0,0,-0.098029753,0,-0.26179939,0,0,1,-0.26179939,0,-0,1,0,0,0.19482636,0,0.19950694,63.659249,5358.7049,60,0,1.134464,0,0,nan,nan,1435.221,-24.614041,-0,-109.39637,0,7.1021804,0,0,0,0,0,0,0
37.95,2202.2351,0,-5356.6676,52.096141,0,40.952775,0,-0.50069998,0,0,-0.096923582,0,-0.26179939,0,0,1,-0.26179939,0,-0,1,0,0,0.1945108,0,0.20036289,63.934035,5356.6676,60,0,1.134464,0,0,nan,nan,1447.9596,-24.832507,-0,-110.14344,0,7.0547724,0,0,0,0,0,0,0
38,2204.8405,0,-5354.6104,52.122327,0,41.351584,0,-0.50551976,0,0,-0.095824881,0,-0.26179939,0,0,1,-0.26179939,0,-0,1,0,0,0.19419936,0,0.20122323,64.210253,5354.6104,60,0,1.134464,0,0,nan,nan,1460.8255,-25.053158,-0,-110.8992,0,7.0065385,0,0,0,0,0,0,0
38.05,2207.4473,0,-5352.5333,52.149093,0,41.749878,0,-0.51028479,0,0,-0.094733776,0,-0.26179939,0,0,1,-0.26179939,0,-0,1,0,0,0.19389202,0,0.20208786,64.487872,5352.5333,60,0,1.134464,0,0,nan,nan,1473.8186,-25.275988,-0,-111.66362,0,6.9575149,0,0,0,0,0,0,0
38.1,2210.0554,0,-5350.4362,52.176443,0,42.14765,0,-0.51499544,0,0,-0.093650388,0,-0.26179939,0,0,1,-0.26179939,0,-0,1,0,0,0.19358878,0,0.20295671,64.766866,5350.4362,60,0,1.134464,0,0,nan,nan,1486.9383,-25.500992,-0,-112.43669,0,6.9077401,0,0,0,0,0,0,0
38.15,2212.6649,0,-5348.3193,52.204379,0,42.544895,0,-0.51965211,0,0,-0.092574831,0,-0.26179939,0,0,1,-0.26179939,0,-0,1,0,0,0.19328961,0,0.20382967,65.047206,5348.3193,60,0,1.134464,0,0,nan,nan,1500.1845,-25.728164,-0,-113.2184,0,6.8572551,0,0,0,0,0,0,0
38.2,2215.2758,0,-5346.1825,52.232904,0,42.941609,0,-0.5242552,0,0,-0.091507213,0,-0.26179939,0,0,1,-0.26179939,0,-0,1,0,0,0.19299449,0,0.20470666,65.328865,5346.1825,60,0,1.134464,0,0,nan,nan,1513.5568,-25.957499,-0,-114.00873,0,6.8061034,0,0,0,0,0,0,0
38.25,2217.8881,0,-5344.0259,52.26202,0,43.337785,0,-0.5288051,0,0,-0.090447634,0,-0.26179939,0,0,1,-0.26179939,0,-0,1,0,0,0.19270339,0,0.2055876,65.611815,5344.0259,60,0,1.134464,0,0,nan,nan,1527.0549,-26.188992,-0,-114.80767,0,6.7543309,0,0,0,0,0,0,0
38.3,2220.502,0,-5341.8495,52.291729,0,43.73342,0,-0.53330221,0,0,-0.089396189,0,-0.26179939,0,0,1,-0.26179939,0,-0,1,0,0,0.1924163,0,0.20647241,65.896029,5341.8495,60,0,1.134464,0,0,nan,nan,1540.6785,-26.422637,-0,-115.61519,0,6.7019859,0,0,0,0,0,0,0
38.35,2223.1173,0,-5339.6534,52.322035,0,44.128507,0,-0.53774695,0,0,-0.088352962,0,-0.26179939,0,0,1,-0.26179939,0,-0,1,0,0,0.19213317,0,0.20736098,66.18148,5339.6534,60,0,1.134464,0,0,nan,nan,1554.4273,-26.658428,-0,-116.43127,0,6.6491188,0,0,0,0,0,0,0
38.4,2225.7341,0,-5337.4375,52.35294,0,44.523041,0,-0.54213972,0,0,-0.087318032,0,-0.26179939,0,0,1,-0.26179939,0,-0,1,0,0,0.19185399,0,0.20825325,66.468142,5337.4375,60,0,1.134464,0,0,nan,nan,1568.3009,-26.896361,-0,-117.2559,0,6.595782,0,0,0,0,0,0,0
38.45,2228.3525,0,-5335.2019,52.384447,0,44.917018,0,-0.54648095,0,0,-0.086291467,0,-0.26179939,0,0,1,-0.26179939,0,-0,1,0,0,0.1915787,0,0.20914913,66.755989,5335.2019,60,0,1.134464,0,0,nan,nan,1582.2991,-27.136429,-0,-118.08905,0,6.542029,0,0,0,0,0,0,0
38.5,2230.9725,0,-5332.9466,52.416558,0,45.310432,0,-0.55077105,0,0,-0.085273329,0,-0.26179939,0,0,1,-0.26179939,0,-0,1,0,0,0.19130728,0,0.21004853,67.044996,5332.9466,60,0,1.134464,0,0,nan,nan,1596.4214,-27.378627,-0,-118.9307,0,6.4879148,0,0,0,0,0,0,0
38.55,2233.5941,0,-5330.6716,52.449276,0,45.703278,0,-0.55501045,0,0,-0.084263671,0,-0.26179939,0,0,1,-0.26179939,0,-0,1,0,0,0.19103969,0,0.21095139,67.335136,5330.6716,60,0,1.134464,0,0,nan,nan,1610.6676,-27.622949,-0,-119.78082,0,6.4334948,0,0,0,0,0,0,0
38.6,2236.2174,0,-5328.3771,52.482605,0,46.095551,0,-0.55919957,0,0,-0.083262534,0,-0.26179939,0,0,1,-0.26179939,0,-0,1,0,0,0.19077588,0,0.21185761,67.626385,5328.3771,60,0,1.134464,0,0,nan,nan,1625.0373,-27.869389,-0,-120.6394,0,6.3788249,0,0,0,0,0,0,0
38.65,2238.8423,0,-5326.0629,52.516546,0,46.487245,0,-0.56333884,0,0,-0.082269956,0,-0.26179939,0,0,1,-0.26179939,0,-0,1,0,0,0.19051582,0,0.21276712,67.918718,5326.0629,60,0,1.134464,0,0,nan,nan,1639.5301,-28.117942,-0,-121.50639,0,6.3239605,0,0,0,0,0,0,0
38.7,2241.469,0,-5323.7291,52.551102,0,46.878356,0,-0.56742869,0,0,-0.081285961,0,-0.26179939,0,0,1,-0.26179939,0,-0,1,0,0,0.19025946,0,0.21367984,68.212111,5323.7291,60,0,1.134464,0,0,nan,nan,1654.1459,-28.368602,-0,-122.38178,0,6.2689564,0,0,0,0,0,0,0
38.75,2244.0974,0,-5321.3758,52.586277,0,47.268879,0,-0.57146954,0,0,-0.080310567,0,-0.26179939,0,0,1,-0.26179939,0,-0,1,0,0,0.19000675,0,0.2145957,68.506538,5321.3758,60,0,1.134464,0,0,nan,nan,1668.8841,-28.621363,-0,-123.26554,0,6.2138664,0,0,0,0,0,0,0
38.8,2246.7275,0,-5319.003,52.622073,0,47.658807,0,-0.57546183,0,0,-0.079343785,0,-0.26179939,0,0,1,-0.26179939,0,-0,1,0,0,0.18975766,0,0.21551461,68.801977,5319.003,60,0,1.134464,0,0,nan,nan,1683.7445,-28.876219,-0,-124.15763,0,6.1587425,0,0,0,0,0,0,0
38.85,2249.3595,0,-5316.6107,52.658493,0,48.048137,0,-0.57940599,0,0,-0.078385615,0,-0.26179939,0,0,1,-0.26179939,0,-0,1,0,0,0.18951212,0,0.21643651,69.098404,5316.6107,60,0,1.134464,0,0,nan,nan,1698.7268,-29.133164,-0,-125.05803,0,6.1036346,0,0,0,0,0,0,0
38.9,2251.9933,0,-5314.199,52.69554,0,48.436863,0,-0.58330245,0,0,-0.077436051,0,-0.26179939,0,0,1,-0.26179939,0,-0,1,0,0,0.18927011,0,0.21736132,69.395795,5314.199,60,0,1.134464,0,0,nan,nan,1713.8305,-29.392192,-0,-125.96671,0,6.0485905,0,0,0,0,0,0,0
38.95,2254.629,0,-5311.7678,52.733216,0,48.82498,0,-0.58715163,0,0,-0.076495081,0,-0.26179939,0,0,1,-0.26179939,0,-0,1,0,0,0.18903157,0,0.21828897,69.694128,5311.7678,60,0,1.134464,0,0,nan,nan,1729.0553,-29.653298,-0,-126.88363,0,5.9936549,0,0,0,0,0,0,0
39,2257.2666,0,-5309.3173,52.771525,0,49.212483,0,-0.59095397,0,0,-0.075562683,0,-0.26179939,0,0,1,-0.26179939,0,-0,1,0,0,0.18879645,0,0.21921938,69.993379,5309.3173,60,0,1.134464,0,0,nan,nan,1744.4009,-29.916475,-0,-127.80878,0,5.9388698,0,0,0,0,0,0,0
39.05,2259.9061,0,-5306.8474,52.810468,0,49.599366,0,-0.5947099,0,0,-0.074638832,0,-0.26179939,0,0,1,-0.26179939,0,-0,1,0,0,0.18856471,0,0.22015249,70.293527,5306.8474,60,0,1.134464,0,0,nan,nan,1759.8669,-30.181717,-0,-128.7421,0,5.8842737,0,0,0,0,0,0,0
39.1,2262.5476,0,-5304.3581,52.85005,0,49.985625,0,-0.59841983,0,0,-0.073723496,0,-0.26179939,0,0,1,-0.26179939,0,-0,1,0,0,0.18833631,0,0.22108822,70.594548,5304.3581,60,0,1.134464,0,0,nan,nan,1775.4529,-30.449018,-0,-129.68359,0,5.8299018,0,0,0,0,0,0,0
39.15,2265.191,0,-5301.8496,52.890273,0,50.371255,0,-0.60208421,0,0,-0.072816636,0,-0.26179939,0,0,1,-0.26179939,0,-0,1,0,0,0.18811119,0,0.22202651,70.896422,5301.8496,60,0,1.134464,0,0,nan,nan,1791.1587,-30.718372,-0,-130.63319,0,5.7757857,0,0,0,0,0,0,0
39.2,2267.8365,0,-5299.3218,52.93114,0,50.756251,0,-0.60570344,0,0,-0.071918211,0,-0.26179939,0,0,1,-0.26179939,0,-0,1,0,0,0.18788931,0,0.22296728,71.199127,5299.3218,60,0,1.134464,0,0,nan,nan,1806.9838,-30.989773,-0,-131.5909,0,5.7219533,0,0,0,0,0,0,0
39.25,2270.4841,0,-5296.7748,52.972654,0,51.140607,0,-0.60927796,0,0,-0.071028174,0,-0.26179939,0,0,1,-0.26179939,0,-0,1,0,0,0.18767062,0,0.22391048,71.502642,5296.7748,60,0,1.134464,0,0,nan,nan,1822.9279,-31.263214,-0,-132.55666,0,5.6684291,0,0,0,0,0,0,0
39.3,2273.1337,0,-5294.2085,53.014817,0,51.524318,0,-0.61280817,0,0,-0.070146476,0,-0.26179939,0,0,1,-0.26179939,0,-0,1,0,0,0.18745509,0,0.22485602,71.806945,5294.2085,60,0,1.134464,0,0,nan,nan,1838.9906,-31.538689,-0,-133.53047,0,5.6152341,0,0,0,0,0,0,0
39.35,2275.7855,0,-5291.6231,53.057633,0,51.90738,0,-0.6162945,0,0,-0.069273064,0,-0.26179939,0,0,1,-0.26179939,0,-0,1,0,0,0.18724267,0,0.22580386,72.112015,5291.6231,60,0,1.134464,0,0,nan,nan,1855.1715,-31.816192,-0,-134.51228,0,5.5623856,0,0,0,0,0,0,0
39.4,2278.4394,0,-5289.0185,53.101104,0,52.289788,0,-0.61973735,0,0,-0.068407882,0,-0.26179939,0,0,1,-0.26179939,0,-0,1,0,0,0.18703332,0,0.22675391,72.417833,5289.0185,60,0,1.134464,0,0,nan,nan,1871.4703,-32.095716,-0,-135.50207,0,5.5098981,0,0,0,0,0,0,0
39.45,2281.0955,0,-5286.3949,53.145234,0,52.671536,0,-0.62313715,0,0,-0.067550874,0,-0.26179939,0,0,1,-0.26179939,0,-0,1,0,0,0.18682699,0,0.22770612,72.724378,5286.3949,60,0,1.134464,0,0,nan,nan,1887.8866,-32.377255,-0,-136.49981,0,5.4577827,0,0,0,0,0,0,0
39.5,2283.7538,0,-5283.7522,53.190024,0,53.052619,0,-0.62649428,0,0,-0.066701981,0,-0.26179939,0,0,1,-0.26179939,0,-0,1,0,0,0.18662364,0,0.22866043,73.03163,5283.7522,60,0,1.134464,0,0,nan,nan,1904.42,-32.660803,-0,-137.50547,0,5.4060481,0,0,0,0,0,0,0
39.55,2286.4144,0,-5281.0904,53.235479,0,53.433033,0,-0.62980917,0,0,-0.065861142,0,-0.26179939,0,0,1,-0.26179939,0,-0,1,0,0,0.18642325,0,0.22961677,73.339569,5281.0904,60,0,1.134464,0,0,nan,nan,1921.0702,-32.946353,-0,-138.51902,0,5.3547004,0,0,0,0,0,0,0
39.6,2289.0773,0,-5278.4096,53.2816,0,53.812773,0,-0.6330822,0,0,-0.065028297,0,-0.26179939,0,0,1,-0.26179939,0,-0,1,0,0,0.18622575,0,0.23057508,73.648176,5278.4096,60,0,1.134464,0,0,nan,nan,1937.8367,-33.233899,-0,-139.54045,0,5.3037435,0,0,0,0,0,0,0
39.65,2291.7425,0,-5275.7099,53.328392,0,54.191833,0,-0.63631379,0,0,-0.064203384,0,-0.26179939,0,0,1,-0.26179939,0,-0,1,0,0,0.18603113,0,0.2315353,73.957432,5275.7099,60,0,1.134464,0,0,nan,nan,1954.7192,-33.523434,-0,-140.56971,0,5.2531794,0,0,0,0,0,0,0
39.7,2294.4101,0,-5272.9912,53.375856,0,54.570208,0,-0.63950432,0,0,-0.063386343,0,-0.26179939,0,0,1,-0.26179939,0,-0,1,0,0,0.18583933,0,0.23249736,74.267318,5272.9912,60,0,1.134464,0,0,nan,nan,1971.7172,-33.814951,-0,-141.60679,0,5.203009,0,0,0,0,0,0,0
39.75,2297.08,0,-5270.2536,53.423995,0,54.947894,0,-0.64265418,0,0,-0.062577111,0,-0.26179939,0,0,1,-0.26179939,0,-0,1,0,0,0.18565033,0,0.23346122,74.577814,5270.2536,60,0,1.134464,0,0,nan,nan,1988.8305,-34.108443,-0,-142.65166,0,5.1532315,0,0,0,0,0,0,0
39.8,2299.7524,0,-5267.4972,53.472813,0,55.324886,0,-0.64576377,0,0,-0.061775628,0,-0.26179939,0,0,1,-0.26179939,0,-0,1,0,0,0.18546408,0,0.23442681,74.888904,5267.4972,60,0,1.134464,0,0,nan,nan,2006.0586,-34.403905,-0,-143.7043,0,5.1038456,0,0,0,0,0,0,0
39.85,2302.4272,0,-5264.7219,53.522313,0,55.701178,0,-0.64883347,0,0,-0.060981832,0,-0.26179939,0,0,1,-0.26179939,0,-0,1,0,0,0.18528055,0,0.23539407,75.200567,5264.7219,60,0,1.134464,0,0,nan,nan,2023.4011,-34.701329,-0,-144.76467,0,5.0548494,0,0,0,0,0,0,0
39.9,2305.1045,0,-5261.9278,53.572496,0,56.076766,0,-0.65186366,0,0,-0.060195662,0,-0.26179939,0,0,1,-0.26179939,0,-0,1,0,0,0.18509971,0,0.23636295,75.512787,5261.9278,60,0,1.134464,0,0,nan,nan,2040.8576,-35.000708,-0,-145.83275,0,5.0062406,0,0,0,0,0,0,0
39.95,2307.7844,0,-5259.115,53.623366,0,56.451645,0,-0.65485472,0,0,-0.059417059,0,-0.26179939,0,0,1,-0.26179939,0,-0,1,0,0,0.18492151,0,0.23733339,75.825546,5259.115,60,0,1.134464,0,0,nan,nan,2058.4278,-35.302036,-0,-146.90852,0,4.9580172,0,0,0,0,0,0,0
40,2310.4668,0,-5256.2834,53.674927,0,56.82581,0,-0.65780704,0,0,-0.058645962,0,-0.26179939,0,0,1,-0.26179939,0,-0,1,0,0,0.18474593,0,0.23830534,76.138826,5256.2834,60,0,1.134464,0,0,nan,nan,2076.1111,-35.605306,-0,-147.99195,0,4.910177,0,0,0,0,0,0,0
40.05,2313.1518,0,-5253.4332,53.72718,0,57.199255,0,-0.66072098,0,0,-0.057882311,0,-0.26179939,0,0,1,-0.26179939,0,-0,1,0,0,0.18457293,0,0.23927873,76.45261,5253.4332,60,0,1.134464,0,0,nan,nan,2093.9073,-35.91051,-0,-149.08301,0,4.8627185,0,0,0,0,0,0,0
40.1,2315.8394,0,-5250.5643,53.780128,0,57.571976,0,-0.66359691,0,0,-0.057126047,0,-0.26179939,0,0,1,-0.26179939,0,-0,1,0,0,0.18440246,0,0.24025352,76.76688,5250.5643,60,0,1.134464,0,0,nan,nan,2111.8159,-36.217643,-0,-150.18169,0,4.8156406,0,0,0,0,0,0,0
40.15,2318.5297,0,-5247.6767,53.833775,0,57.943968,0,-0.66643521,0,0,-0.05637711,0,-0.26179939,0,0,1,-0.26179939,0,-0,1,0,0,0.18423451,0,0.24122965,77.08162,5247.6767,60,0,1.134464,0,0,nan,nan,2129.8365,-36.526696,-0,-151.28794,0,4.768943,0,0,0,0,0,0,0
40.2,2321.2227,0,-5244.7706,53.888123,0,58.315227,0,-0.66923624,0,0,-0.055635442,0,-0.26179939,0,0,1,-0.26179939,0,-0,1,0,0,0.18406903,0,0.24220707,77.396813,5244.7706,60,0,1.134464,0,0,nan,nan,2147.9687,-36.837663,-0,-152.40175,0,4.722626,0,0,0,0,0,0,0
40.25,2323.9184,0,-5241.846,53.943175,0,58.685746,0,-0.67200035,0,0,-0.054900981,0,-0.26179939,0,0,1,-0.26179939,0,-0,1,0,0,0.18390599,0,0.24318572,77.712444,5241.846,60,0,1.134464,0,0,nan,nan,2166.212,-37.150537,-0,-153.52309,0,4.6766907,0,0,0,0,0,0,0
40.3,2326.6169,0,-5238.9028,53.998934,0,59.055521,0,-0.67472791,0,0,-0.05417367,0,-0.26179939,0,0,1,-0.26179939,0,-0,1,0,0,0.18374536,0,0.24416557,78.028494,5238.9028,60,0,1.134464,0,0,nan,nan,2184.5662,-37.46531,-0,-154.65193,0,4.6311389,0,0,0,0,0,0,0
40.35,2329.3182,0,-5235.9412,54.055403,0,59.424548,0,-0.67741928,0,0,-0.053453447,0,-0.26179939,0,0,1,-0.26179939,0,-0,1,0,0,0.18358709,0,0.24514654,78.344949,5235.9412,60,0,1.134464,0,0,nan,nan,2203.0306,-37.781976,-0,-155.78824,0,4.5859732,0,0,0,0,0,0,0
40.4,2332.0223,0,-5232.9611,54.112584,0,59.792821,0,-0.68007481,0,0,-0.052740252,0,-0.26179939,0,0,1,-0.26179939,0,-0,1,0,0,0.18343116,0,0.2461286,78.661793,5232.9611,60,0,1.134464,0,0,nan,nan,2221.605,-38.100526,-0,-156.93199,0,4.5411969,0,0,0,0,0,0,0
40.45,2334.7293,0,-5229.9626,54.17048,0,60.160336,0,-0.68269484,0,0,-0.052034024,0,-0.26179939,0,0,1,-0.26179939,0,-0,1,0,0,0.18327753,0,0.2471117,78.97901,5229.9626,60,0,1.134464,0,0,nan,nan,2240.2889,-38.420955,-0,-158.08316,0,4.4968138,0,0,0,0,0,0,0
40.5,2337.4393,0,-5226.9458,54.229094,0,60.527087,0,-0.68527973,0,0,-0.051334701,0,-0.26179939,0,0,1,-0.26179939,0,-0,1,0,0,0.18312617,0,0.24809578,79.296584,5226.9458,60,0,1.134464,0,0,nan,nan,2259.0819,-38.743255,-0,-159.24171,0,4.4528282,0,0,0,0,0,0,0
40.55,2340.1521,0,-5223.9107,54.288428,0,60.89307,0,-0.68782982,0,0,-0.05064222,0,-0.26179939,0,0,1,-0.26179939,0,-0,1,0,0,0.18297705,0,0.2490808,79.614501,5223.9107,60,0,1.134464,0,0,nan,nan,2277.9835,-39.067417,-0,-160.40762,0,4.4092445,0,0,0,0,0,0,0
40.6,2342.868,0,-5220.8573,54.348486,0,61.258279,0,-0.69034545,0,0,-0.04995652,0,-0.26179939,0,0,1,-0.26179939,0,-0,1,0,0,0.18283012,0,0.25006671,79.932745,5220.8573,60,0,1.134464,0,0,nan,nan,2296.9933,-39.393435,-0,-161.58085,0,4.3660677,0,0,0,0,0,0,0
40.65,2345.5869,0,-5217.7856,54.40927,0,61.622711,0,-0.69282695,0,0,-0.049277534,0,-0.26179939,0,0,1,-0.26179939,0,-0,1,0,0,0.18268535,0,0.25105346,80.251302,5217.7856,60,0,1.134464,0,0,nan,nan,2316.1109,-39.721302,-0,-162.76138,0,4.3233026,0,0,0,0,0,0,0
40.7,2348.3088,0,-5214.6957,54.470782,0,61.986359,0,-0.69527466,0,0,-0.0486052,0,-0.26179939,0,0,1,-0.26179939,0,-0,1,0,0,0.18254272,0,0.25204101,80.570157,5214.6957,60,0,1.134464,0,0,nan,nan,2335.3359,-40.05101,-0,-163.94917,0,4.280954,0,0,0,0,0,0,0
40.75,2351.0338,0,-5211.5877,54.533026,0,62.34922,0,-0.69768892,0,0,-0.047939451,0,-0.26179939,0,0,1,-0.26179939,0,-0,1,0,0,0.18240219,0,0.25302931,80.889295,5211.5877,60,0,1.134464,0,0,nan,nan,2354.6677,-40.382551,-0,-165.14419,0,4.2390263,0,0,0,0,0,0,0
40.8,2353.762,0,-5208.4615,54.596004,0,62.711288,0,-0.70007004,0,0,-0.047280221,0,-0.26179939,0,0,1,-0.26179939,0,-0,1,0,0,0.18226373,0,0.25401831,81.208702,5208.4615,60,0,1.134464,0,0,nan,nan,2374.106,-40.715918,-0,-166.34642,0,4.1975238,0,0,0,0,0,0,0
40.85,2356.4933,0,-5205.3173,54.659719,0,63.072558,0,-0.70241836,0,0,-0.046627444,0,-0.26179939,0,0,1,-0.26179939,0,-0,1,0,0,0.1821273,0,0.25500798,81.528364,5205.3173,60,0,1.134464,0,0,nan,nan,2393.6503,-41.051103,-0,-167.55581,0,4.1564503,0,0,0,0,0,0,0
40.9,2359.2279,0,-5202.155,54.724173,0,63.433026,0,-0.70473419,0,0,-0.045981053,0,-0.26179939,0,0,1,-0.26179939,0,-0,1,0,0,0.18199287,0,0.25599826,81.848267,5202.155,60,0,1.134464,0,0,nan,nan,2413.3002,-41.388099,-0,-168.77234,0,4.1158088,0,0,0,0,0,0,0
40.95,2361.9656,0,-5198.9747,54.789369,0,63.792687,0,-0.70701786,0,0,-0.045340979,0,-0.26179939,0,0,1,-0.26179939,0,-0,1,0,0,0.18186041,0,0.25698911,82.168398,5198.9747,60,0,1.134464,0,0,nan,nan,2433.0552,-41.726897,-0,-169.99597,0,4.0756019,0,0,0,0,0,0,0
41,2364.7067,0,-5195.7765,54.855309,0,64.151535,0,-0.70926967,0,0,-0.044707154,0,-0.26179939,0,0,1,-0.26179939,0,-0,1,0,0,0.18172989,0,0.25798049,82.488742,5195.7765,60,0,1.134464,0,0,nan,nan,2452.9149,-42.067491,-0,-171.22668,0,4.0358313,0,0,0,0,0,0,0
41.05,2367.451,0,-5192.5603,54.921997,0,64.509567,0,-0.71148994,0,0,-0.044079511,0,-0.26179939,0,0,1,-0.26179939,0,-0,1,0,0,0.18160127,0,0.25897236,82.809287,5192.5603,60,0,1.134464,0,0,nan,nan,2472.8788,-42.409872,-0,-172.46443,0,3.9964983,0,0,0,0,0,0,0
41.1,2370.1988,0,-5189.3263,54.989434,0,64.866777,0,-0.71367897,0,0,-0.043457981,0,-0.26179939,0,0,1,-0.26179939,0,-0,1,0,0,0.18147454,0,0.25996467,83.130018,5189.3263,60,0,1.134464,0,0,nan,nan,2492.9465,-42.754032,-0,-173.70918,0,3.957603,0,0,0,0,0,0,0
41.15,2372.9499,0,-5186.0744,55.057623,0,65.22316,0,-0.71583707,0,0,-0.042842496,0,-0.26179939,0,0,1,-0.26179939,0,-0,1,0,0,0.18134965,0,0.26095739,83.450924,5186.0744,60,0,1.134464,0,0,nan,nan,2513.1175,-43.099965,-0,-174.96091,0,3.9191451,0,0,0,0,0,0,0
41.2,2375.7044,0,-5182.8047,55.126566,0,65.578712,0,-0.71796454,0,0,-0.042232987,0,-0.26179939,0,0,1,-0.26179939,0,-0,1,0,0,0.18122658,0,0.26195047,83.77199,5182.8047,60,0,1.134464,0,0,nan,nan,2533.3913,-43.44766,-0,-176.21958,0,3.8811232,0,0,0,0,0,0,0
41.25,2378.4624,0,-5179.5172,55.196267,0,65.933428,0,-0.72006168,0,0,-0.041629386,0,-0.26179939,0,0,1,-0.26179939,0,-0,1,0,0,0.1811053,0,0.26294387,84.093205,5179.5172,60,0,1.134464,0,0,nan,nan,2553.7675,-43.797112,-0,-177.48516,0,3.8435356,0,0,0,0,0,0,0
41.3,2381.2239,0,-5176.212,55.266727,0,66.287303,0,-0.72212878,0,0,-0.041031626,0,-0.26179939,0,0,1,-0.26179939,0,-0,1,0,0,0.18098579,0,0.26393755,84.414556,5176.212,60,0,1.134464,0,0,nan,nan,2574.2456,-44.148312,-0,-178.75762,0,3.8063795,0,0,0,0,0,0,0
41.35,2383.9889,0,-5172.8892,55.337949,0,66.640332,0,-0.72416613,0,0,-0.040439639,0,-0.26179939,0,0,1,-0.26179939,0,-0,1,0,0,0.180868,0,0.26493148,84.736029,5172.8892,60,0,1.134464,0,0,nan,nan,2594.8251,-44.501251,-0,-180.03693,0,3.769652,0,0,0,0,0,0,0
41.4,2386.7576,0,-5169.5487,55.409935,0,66.99251,0,-0.72617402,0,0,-0.039853359,0,-0.26179939,0,0,1,-0.26179939,0,-0,1,0,0,0.18075193,0,0.2659256,85.057614,5169.5487,60,0,1.134464,0,0,nan,nan,2615.5056,-44.855922,-0,-181.32304,0,3.7333492,0,0,0,0,0,0,0
41.45,2389.5298,0,-5166.1907,55.482688,0,67.343833,0,-0.72815273,0,0,-0.03927272,0,-0.26179939,0,0,1,-0.26179939,0,-0,1,0,0,0.18063753,0,0.26691989,85.379297,5166.1907,60,0,1.134464,0,0,nan,nan,2636.2866,-45.212316,-0,-182.61593,0,3.6974671,0,0,0,0,0,0,0
41.5,2392.3057,0,-5162.8151,55.556209,0,67.694296,0,-0.73010254,0,0,-0.038697656,0,-0.26179939,0,0,1,-0.26179939,0,-0,1,0,0,0.18052479,0,0.26791431,85.701067,5162.8151,60,0,1.134464,0,0,nan,nan,2657.1677,-45.570426,-0,-183.91557,0,3.6620012,0,0,0,0,0,0,0
41.55,2395.0853,0,-5159.422,55.630502,0,68.043894,0,-0.73202373,0,0,-0.038128103,0,-0.26179939,0,0,1,-0.26179939,0,-0,1,0,0,0.18041368,0,0.26890882,86.022912,5159.422,60,0,1.134464,0,0,nan,nan,2678.1483,-45.930243,-0,-185.22193,0,3.6269469,0,0,0,0,0,0,0
41.6,2397.8686,0,-5156.0114,55.705569,0,68.392623,0,-0.73391657,0,0,-0.037563996,0,-0.26179939,0,0,1,-0.26179939,0,-0,1,0,0,0.18030416,0,0.26990338,86.34482,5156.0114,60,0,1.134464,0,0,nan,nan,2699.2279,-46.291758,-0,-186.53496,0,3.5922992,0,0,0,0,0,0,0
41.65,2400.6557,0,-5152.5834,55.781412,0,68.740477,0,-0.73578134,0,0,-0.037005273,0,-0.26179939,0,0,1,-0.26179939,0,-0,1,0,0,0.18019623,0,0.27089795,86.666779,5152.5834,60,0,1.134464,0,0,nan,nan,2720.4061,-46.654965,-0,-187.85464,0,3.5580532,0,0,0,0,0,0,0
41.7,2403.4466,0,-5149.1381,55.858032,0,69.087452,0,-0.7376183,0,0,-0.036451871,0,-0.26179939,0,0,1,-0.26179939,0,-0,1,0,0,0.18008985,0,0.27189251,86.988779,5149.1381,60,0,1.134464,0,0,nan,nan,2741.6824,-47.019854,-0,-189.18094,0,3.5242039,0,0,0,0,0,0,0
41.75,2406.2414,0,-5145.6754,55.935433,0,69.433543,0,-0.73942772,0,0,-0.035903729,0,-0.26179939,0,0,1,-0.26179939,0,-0,1,0,0,0.17998499,0,0.272887,87.310807,5145.6754,60,0,1.134464,0,0,nan,nan,2763.0563,-47.386416,-0,-190.51382,0,3.4907463,0,0,0,0,0,0,0
41.8,2409.04,0,-5142.1954,56.013617,0,69.778745,0,-0.74120985,0,0,-0.035360785,0,-0.26179939,0,0,1,-0.26179939,0,-0,1,0,0,0.17988165,0,0.27388141,87.632853,5142.1954,60,0,1.134464,0,0,nan,nan,2784.5274,-47.754645,-0,-191.85325,0,3.4576756,0,0,0,0,0,0,0
41.85,2411.8426,0,-5138.6982,56.092585,0,70.123054,0,-0.74296496,0,0,-0.034822979,0,-0.26179939,0,0,1,-0.26179939,0,-0,1,0,0,0.17977978,0,0.27487568,87.954905,5138.6982,60,0,1.134464,0,0,nan,nan,2806.095,-48.12453,-0,-193.19919,0,3.4249871,0,0,0,0,0,0,0
41.9,2414.6491,0,-5135.1838,56.17234,0,70.466465,0,-0.74469331,0,0,-0.034290253,0,-0.26179939,0,0,1,-0.26179939,0,-0,1,0,0,0.17967937,0,0.27586979,88.276953,5135.1838,60,0,1.134464,0,0,nan,nan,2827.7588,-48.496063,-0,-194.55161,0,3.3926763,0,0,0,0,0,0,0
41.95,2417.4597,0,-5131.6523,56.252883,0,70.808973,0,-0.74639513,0,0,-0.033762548,0,-0.26179939,0,0,1,-0.26179939,0,-0,1,0,0,0.1795804,0,0.27686371,88.598986,5131.6523,60,0,1.134464,0,0,nan,nan,2849.5182,-48.869237,-0,-195.91048,0,3.3607388,0,0,0,0,0,0,0
42,2420.2743,0,-5128.1036,56.334218,0,71.150574,0,-0.74807069,0,0,-0.033239805,0,-0.26179939,0,0,1,-0.26179939,0,-0,1,0,0,0.17948284,0,0.2778574,88.920993,5128.1036,60,0,1.134464,0,0,nan,nan,2871.3727,-49.244042,-0,-197.27576,0,3.3291705,0,0,0,0,0,0,0
42.05,2423.0929,0,-5124.5379,56.416346,0,71.491262,0,-0.74972024,0,0,-0.032721967,0,-0.26179939,0,0,1,-0.26179939,0,-0,1,0,0,0.17938667,0,0.27885082,89.242963,5124.5379,60,0,1.134464,0,0,nan,nan,2893.3219,-49.62047,-0,-198.64742,0,3.2979677,0,0,0,0,0,0,0
42.1,2425.9157,0,-5120.9552,56.499268,0,71.831033,0,-0.751344,0,0,-0.032208977,0,-0.26179939,0,0,1,-0.26179939,0,-0,1,0,0,0.17929187,0,0.27984395,89.564887,5120.9552,60,0,1.134464,0,0,nan,nan,2915.3651,-49.998512,-0,-200.02542,0,3.2671265,0,0,0,0,0,0,0
42.15,2428.7427,0,-5117.3555,56.582988,0,72.169882,0,-0.75294223,0,0,-0.03170078,0,-0.26179939,0,0,1,-0.26179939,0,-0,1,0,0,0.17919842,0,0.28083675,89.886754,5117.3555,60,0,1.134464,0,0,nan,nan,2937.502,-50.378159,-0,-201.40974,0,3.2366435,0,0,0,0,0,0,0
42.2,2431.5739,0,-5113.7389,56.667507,0,72.507806,0,-0.75451517,0,0,-0.031197318,0,-0.26179939,0,0,1,-0.26179939,0,-0,1,0,0,0.1791063,0,0.28182919,90.208554,5113.7389,60,0,1.134464,0,0,nan,nan,2959.7319,-50.759403,-0,-202.80033,0,3.2065154,0,0,0,0,0,0,0
42.25,2434.4093,0,-5110.1054,56.752826,0,72.844797,0,-0.75606305,0,0,-0.030698538,0,-0.26179939,0,0,1,-0.26179939,0,-0,1,0,0,0.17901548,0,0.28282123,90.530276,5110.1054,60,0,1.134464,0,0,nan,nan,2982.0545,-51.142234,-0,-204.19716,0,3.176739,0,0,0,0,0,0,0
42.3,2437.249,0,-5106.4551,56.838948,0,73.180854,0,-0.75758609,0,0,-0.030204384,0,-0.26179939,0,0,1,-0.26179939,0,-0,1,0,0,0.17892594,0,0.28381285,90.851911,5106.4551,60,0,1.134464,0,0,nan,nan,3004.4691,-51.526645,-0,-205.60019,0,3.1473111,0,0,0,0,0,0,0
42.35,2440.093,0,-5102.788,56.925875,0,73.515969,0,-0.75908454,0,0,-0.029714802,0,-0.26179939,0,0,1,-0.26179939,0,-0,1,0,0,0.17883767,0,0.28480401,91.173449,5102.788,60,0,1.134464,0,0,nan,nan,3026.9752,-51.912625,-0,-207.00939,0,3.1182289,0,0,0,0,0,0,0
42.4,2442.9414,0,-5099.1042,57.013608,0,73.85014,0,-0.76055862,0,0,-0.029229739,0,-0.26179939,0,0,1,-0.26179939,0,-0,1,0,0,0.17875064,0,0.28579469,91.49488,5099.1042,60,0,1.134464,0,0,nan,nan,3049.5724,-52.300167,-0,-208.42473,0,3.0894892,0,0,0,0,0,0,0
42.45,2445.7942,0,-5095.4037,57.10215,0,74.183361,0,-0.76200856,0,0,-0.028749141,0,-0.26179939,0,0,1,-0.26179939,0,-0,1,0,0,0.17866484,0,0.28678485,91.816194,5095.4037,60,0,1.134464,0,0,nan,nan,3072.2601,-52.68926,-0,-209.84616,0,3.0610892,0,0,0,0,0,0,0
42.5,2448.6515,0,-5091.6865,57.191501,0,74.515627,0,-0.76343457,0,0,-0.028272955,0,-0.26179939,0,0,1,-0.26179939,0,-0,1,0,0,0.17858024,0,0.28777447,92.137383,5091.6865,60,0,1.134464,0,0,nan,nan,3095.0378,-53.079897,-0,-211.27366,0,3.0330258,0,0,0,0,0,0,0
42.55,2451.5132,0,-5087.9528,57.281664,0,74.846934,0,-0.76483687,0,0,-0.027801128,0,-0.26179939,0,0,1,-0.26179939,0,-0,1,0,0,0.17849682,0,0.2887635,92.458437,5087.9528,60,0,1.134464,0,0,nan,nan,3117.9049,-53.472068,-0,-212.70718,0,3.0052961,0,0,0,0,0,0,0
42.6,2454.3795,0,-5084.2025,57.37264,0,75.177277,0,-0.76621569,0,0,-0.02733361,0,-0.26179939,0,0,1,-0.26179939,0,-0,1,0,0,0.17841458,0,0.28975194,92.779346,5084.2025,60,0,1.134464,0,0,nan,nan,3140.8609,-53.865765,-0,-214.14668,0,2.9778968,0,0,0,0,0,0,0
42.65,2457.2503,0,-5080.4357,57.464431,0,75.506652,0,-0.76757124,0,0,-0.026870348,0,-0.26179939,0,0,1,-0.26179939,0,-0,1,0,0,0.17833348,0,0.29073973,93.100101,5080.4357,60,0,1.134464,0,0,nan,nan,3163.9053,-54.260976,-0,-215.59215,0,2.9508249,0,0,0,0,0,0,0
42.7,2460.1258,0,-5076.6525,57.557039,0,75.835054,0,-0.76890372,0,0,-0.026411292,0,-0.26179939,0,0,1,-0.26179939,0,-0,1,0,0,0.17825351,0,0.29172687,93.420693,5076.6525,60,0,1.134464,0,0,nan,nan,3187.0376,-54.657695,-0,-217.04352,0,2.924077,0,0,0,0,0,0,0
42.75,2463.0059,0,-5072.8529,57.650465,0,76.162478,0,-0.77021335,0,0,-0.025956391,0,-0.26179939,0,0,1,-0.26179939,0,-0,1,0,0,0.17817465,0,0.29271331,93.741113,5072.8529,60,0,1.134464,0,0,nan,nan,3210.2572,-55.055911,-0,-218.50078,0,2.8976497,0,0,0,0,0,0,0
42.8,2465.8906,0,-5069.0369,57.744711,0,76.488919,0,-0.77150033,0,0,-0.025505596,0,-0.26179939,0,0,1,-0.26179939,0,-0,1,0,0,0.17809689,0,0.29369903,94.061353,5069.0369,60,0,1.134464,0,0,nan,nan,3233.5636,-55.455615,-0,-219.96387,0,2.8715396,0,0,0,0,0,0,0
42.85,2468.7802,0,-5065.2047,57.839778,0,76.814374,0,-0.77276487,0,0,-0.025058857,0,-0.26179939,0,0,1,-0.26179939,0,-0,1,0,0,0.1780202,0,0.294684,94.381403,5065.2047,60,0,1.134464,0,0,nan,nan,3256.9562,-55.856799,-0,-221.43278,0,2.845743,0,0,0,0,0,0,0
42.9,2471.6744,0,-5061.3562,57.935668,0,77.138837,0,-0.77400718,0,0,-0.024616125,0,-0.26179939,0,0,1,-0.26179939,0,-0,1,0,0,0.17794457,0,0.2956682,94.701255,5061.3562,60,0,1.134464,0,0,nan,nan,3280.4345,-56.259452,-0,-222.90745,0,2.8202563,0,0,0,0,0,0,0
42.95,2474.5735,0,-5057.4915,58.032382,0,77.462304,0,-0.77522743,0,0,-0.024177352,0,-0.26179939,0,0,1,-0.26179939,0,-0,1,0,0,0.17786999,0,0.2966516,95.020901,5057.4915,60,0,1.134464,0,0,nan,nan,3303.9979,-56.663565,-0,-224.38785,0,2.7950757,0,0,0,0,0,0,0
43,2477.4775,0,-5053.6106,58.129921,0,77.78477,0,-0.77642585,0,0,-0.023742492,0,-0.26179939,0,0,1,-0.26179939,0,-0,1,0,0,0.17779643,0,0.29763417,95.340331,5053.6106,60,0,1.134464,0,0,nan,nan,3327.646,-57.069128,-0,-225.87394,0,2.7701973,0,0,0,0,0,0,0
43.05,2480.3863,0,-5049.7136,58.228288,0,78.10623,0,-0.77760261,0,0,-0.023311496,0,-0.26179939,0,0,1,-0.26179939,0,-0,1,0,0,0.17772388,0,0.29861588,95.659537,5049.7136,60,0,1.134464,0,0,nan,nan,3351.378,-57.476134,-0,-227.36569,0,2.7456173,0,0,0,0,0,0,0
43.1,2483.3001,0,-5045.8006,58.327483,0,78.426681,0,-0.77875792,0,0,-0.022884318,0,-0.26179939,0,0,1,-0.26179939,0,-0,1,0,0,0.17765233,0,0.29959671,95.978511,5045.8006,60,0,1.134464,0,0,nan,nan,3375.1936,-57.88457,-0,-228.86306,0,2.7213318,0,0,0,0,0,0,0
43.15,2486.2189,0,-5041.8716,58.427507,0,78.746117,0,-0.77989196,0,0,-0.022460913,0,-0.26179939,0,0,1,-0.26179939,0,-0,1,0,0,0.17758175,0,0.30057663,96.297245,5041.8716,60,0,1.134464,0,0,nan,nan,3399.0921,-58.29443,-0,-230.366,0,2.6973368,0,0,0,0,0,0,0
43.2,2489.1427,0,-5037.9267,58.528362,0,79.064534,0,-0.78100492,0,0,-0.022041236,0,-0.26179939,0,0,1,-0.26179939,0,-0,1,0,0,0.17751214,0,0.30155562,96.615731,5037.9267,60,0,1.134464,0,0,nan,nan,3423.073,-58.705702,-0,-231.8745,0,2.6736285,0,0,0,0,0,0,0
43.25,2492.0716,0,-5033.9658,58.630049,0,79.381927,0,-0.78209698,0,0,-0.021625243,0,-0.26179939,0,0,1,-0.26179939,0,-0,1,0,0,0.17744348,0,0.30253365,96.93396,5033.9658,60,0,1.134464,0,0,nan,nan,3447.1357,-59.118377,-0,-233.38849,0,2.6502029,0,0,0,0,0,0,0
43.3,2495.0055,0,-5029.9891,58.732569,0,79.698292,0,-0.78316833,0,0,-0.021212888,0,-0.26179939,0,0,1,-0.26179939,0,-0,1,0,0,0.17737575,0,0.3035107,97.251925,5029.9891,60,0,1.134464,0,0,nan,nan,3471.2796,-59.532445,-0,-234.90795,0,2.6270562,0,0,0,0,0,0,0
43.35,2497.9446,0,-5025.9966,58.835924,0,80.013624,0,-0.78421915,0,0,-0.020804129,0,-0.26179939,0,0,1,-0.26179939,0,-0,1,0,0,0.17730894,0,0.30448674,97.569618,5025.9966,60,0,1.134464,0,0,nan,nan,3495.5042,-59.947897,-0,-236.43284,0,2.6041845,0,0,0,0,0,0,0
43.4,2500.8889,0,-5021.9884,58.940114,0,80.327919,0,-0.78524962,0,0,-0.020398924,0,-0.26179939,0,0,1,-0.26179939,0,-0,1,0,0,0.17724303,0,0.30546174,97.887031,5021.9884,60,0,1.134464,0,0,nan,nan,3519.8089,-60.364723,-0,-237.96312,0,2.5815842,0,0,0,0,0,0,0
43.45,2503.8384,0,-5017.9645,59.04514,0,80.641171,0,-0.78625991,0,0,-0.01999723,0,-0.26179939,0,0,1,-0.26179939,0,-0,1,0,0,0.17717801,0,0.30643569,98.204156,5017.9645,60,0,1.134464,0,0,nan,nan,3544.1932,-60.782914,-0,-239.49875,0,2.5592515,0,0,0,0,0,0,0
43.5,2506.7932,0,-5013.9249,59.151004,0,80.953377,0,-0.7872502,0,0,-0.019599005,0,-0.26179939,0,0,1,-0.26179939,0,-0,1,0,0,0.17711387,0,0.30740856,98.520985,5013.9249,60,0,1.134464,0,0,nan,nan,3568.6565,-61.202458,-0,-241.03969,0,2.5371828,0,0,0,0,0,0,0
43.55,2509.7533,0,-5009.8698,59.257706,0,81.264532,0,-0.78822066,0,0,-0.01920421,0,-0.26179939,0,0,1,-0.26179939,0,-0,1,0,0,0.17705059,0,0.30838032,98.837512,5009.8698,60,0,1.134464,0,0,nan,nan,3593.1981,-61.623348,-0,-242.58591,0,2.5153747,0,0,0,0,0,0,0
43.6,2512.7188,0,-5005.7991,59.365248,0,81.574632,0,-0.78917146,0,0,-0.018812802,0,-0.26179939,0,0,1,-0.26179939,0,-0,1,0,0,0.17698816,0,0.30935095,99.153728,5005.7991,60,0,1.134464,0,0,nan,nan,3617.8176,-62.045571,-0,-244.13736,0,2.4938235,0,0,0,0,0,0,0
43.65,2515.6897,0,-5001.713,59.47363,0,81.883671,0,-0.79010277,0,0,-0.018424743,0,-0.26179939,0,0,1,-0.26179939,0,-0,1,0,0,0.17692657,0,0.31032043,99.469626,5001.713,60,0,1.134464,0,0,nan,nan,3642.5143,-62.46912,-0,-245.69401,0,2.4725259,0,0,0,0,0,0,0
43.7,2518.666,0,-4997.6114,59.582853,0,82.191646,0,-0.79101476,0,0,-0.018039992,0,-0.26179939,0,0,1,-0.26179939,0,-0,1,0,0,0.1768658,0,0.31128874,99.785199,4997.6114,60,0,1.134464,0,0,nan,nan,3667.2876,-62.893983,-0,-247.25581,0,2.4514786,0,0,0,0,0,0,0
43.75,2521.6477,0,-4993.4944,59.692919,0,82.498552,0,-0.79190759,0,0,-0.017658512,0,-0.26179939,0,0,1,-0.26179939,0,-0,1,0,0,0.17680584,0,0.31225584,100.10044,4993.4944,60,0,1.134464,0,0,nan,nan,3692.1371,-63.320151,-0,-248.82273,0,2.4306783,0,0,0,0,0,0,0
43.8,2524.635,0,-4989.3622,59.803827,0,82.804384,0,-0.79278143,0,0,-0.017280263,0,-0.26179939,0,0,1,-0.26179939,0,-0,1,0,0,0.17674667,0,0.31322173,100.41534,4989.3622,60,0,1.134464,0,0,nan,nan,3717.062,-63.747613,-0,-250.39473,0,2.4101218,0,0,0,0,0,0,0
43.85,2527.6279,0,-4985.2146,59.915578,0,83.109138,0,-0.79363643,0,0,-0.016905209,0,-0.26179939,0,0,1,-0.26179939,0,-0,1,0,0,0.17668829,0,0.31418637,100.7299,4985.2146,60,0,1.134464,0,0,nan,nan,3742.0618,-64.17636,-0,-251.97177,0,2.389806,0,0,0,0,0,0,0
43.9,2530.6264,0,-4981.0519,60.028174,0,83.41281,0,-0.79447275,0,0,-0.01653331,0,-0.26179939,0,0,1,-0.26179939,0,-0,1,0,0,0.17663069,0,0.31514975,101.0441,4981.0519,60,0,1.134464,0,0,nan,nan,3767.136,-64.606382,-0,-253.5538,0,2.3697278,0,0,0,0,0,0,0
43.95,2533.6305,0,-4976.874,60.141615,0,83.715394,0,-0.79529055,0,0,-0.016164532,0,-0.26179939,0,0,1,-0.26179939,0,-0,1,0,0,0.17657385,0,0.31611185,101.35794,4976.874,60,0,1.134464,0,0,nan,nan,3792.2838,-65.037668,-0,-255.1408,0,2.349884,0,0,0,0,0,0,0
44,2536.6403,0,-4972.681,60.255901,0,84.016887,0,-0.79608999,0,0,-0.015798836,0,-0.26179939,0,0,1,-0.26179939,0,-0,1,0,0,0.17651775,0,0.31707263,101.67141,4972.681,60,0,1.134464,0,0,nan,nan,3817.5048,-65.470207,-0,-256.73271,0,2.3302716,0,0,0,0,0,0,0
44.05,2539.6559,0,-4968.4729,60.371033,0,84.317284,0,-0.79687121,0,0,-0.015436188,0,-0.26179939,0,0,1,-0.26179939,0,-0,1,0,0,0.17646239,0,0.31803209,101.98451,4968.4729,60,0,1.134464,0,0,nan,nan,3842.7983,-65.903991,-0,-258.32949,0,2.3108876,0,0,0,0,0,0,0
44.1,2542.6772,0,-4964.2499,60.487012,0,84.616581,0,-0.79763438,0,0,-0.015076552,0,-0.26179939,0,0,1,-0.26179939,0,-0,1,0,0,0.17640776,0,0.3189902,102.29723,4964.2499,60,0,1.134464,0,0,nan,nan,3868.1637,-66.339008,-0,-259.93112,0,2.291729,0,0,0,0,0,0,0
44.15,2545.7044,0,-4960.0119,60.603838,0,84.914773,0,-0.79837964,0,0,-0.014719892,0,-0.26179939,0,0,1,-0.26179939,0,-0,1,0,0,0.17635385,0,0.31994693,102.60956,4960.0119,60,0,1.134464,0,0,nan,nan,3893.6005,-66.775248,-0,-261.53754,0,2.2727928,0,0,0,0,0,0,0
44.2,2548.7374,0,-4955.759,60.721511,0,85.211856,0,-0.79910713,0,0,-0.014366175,0,-0.26179939,0,0,1,-0.26179939,0,-0,1,0,0,0.17630063,0,0.32090227,102.92149,4955.759,60,0,1.134464,0,0,nan,nan,3919.1079,-67.212701,-0,-263.14872,0,2.2540761,0,0,0,0,0,0,0
44.25,2551.7763,0,-4951.4913,60.840032,0,85.507825,0,-0.79981701,0,0,-0.014015366,0,-0.26179939,0,0,1,-0.26179939,0,-0,1,0,0,0.17624811,0,0.3218562,103.23302,4951.4913,60,0,1.134464,0,0,nan,nan,3944.6855,-67.651356,-0,-264.76461,0,2.2355758,0,0,0,0,0,0,0
44.3,2554.8212,0,-4947.2088,60.959402,0,85.802675,0,-0.80050941,0,0,-0.013667431,0,-0.26179939,0,0,1,-0.26179939,0,-0,1,0,0,0.17619628,0,0.3228087,103.54415,4947.2088,60,0,1.134464,0,0,nan,nan,3970.3326,-68.091204,-0,-266.38518,0,2.2172892,0,0,0,0,0,0,0
44.35,2557.872,0,-4942.9116,61.07962,0,86.096404,0,-0.80118449,0,0,-0.013322338,0,-0.26179939,0,0,1,-0.26179939,0,-0,1,0,0,0.17614511,0,0.32375975,103.85486,4942.9116,60,0,1.134464,0,0,nan,nan,3996.0485,-68.532233,-0,-268.01038,0,2.1992132,0,0,0,0,0,0,0
44.4,2560.9289,0,-4938.5998,61.200687,0,86.389005,0,-0.80184238,0,0,-0.012980054,0,-0.26179939,0,0,1,-0.26179939,0,-0,1,0,0,0.17609461,0,0.32470932,104.16516,4938.5998,60,0,1.134464,0,0,nan,nan,4021.8328,-68.974432,-0,-269.64018,0,2.181345,0,0,0,0,0,0,0
44.45,2563.9919,0,-4934.2733,61.322603,0,86.680475,0,-0.80248322,0,0,-0.012640546,0,-0.26179939,0,0,1,-0.26179939,0,-0,1,0,0,0.17604476,0,0.3256574,104.47502,4934.2733,60,0,1.134464,0,0,nan,nan,4047.6847,-69.417793,-0,-271.27452,0,2.1636817,0,0,0,0,0,0,0
44.5,2567.0609,0,-4929.9323,61.445368,0,86.97081,0,-0.80310716,0,0,-0.012303783,0,-0.26179939,0,0,1,-0.26179939,0,-0,1,0,0,0.17599555,0,0.32660397,104.78446,4929.9323,60,0,1.134464,0,0,nan,nan,4073.6037,-69.862303,-0,-272.91338,0,2.1462203,0,0,0,0,0,0,0
44.55,2570.1362,0,-4925.5769,61.568983,0,87.260004,0,-0.80371432,0,0,-0.011969733,0,-0.26179939,0,0,1,-0.26179939,0,-0,1,0,0,0.17594697,0,0.327549,105.09345,4925.5769,60,0,1.134464,0,0,nan,nan,4099.5891,-70.307953,-0,-274.5567,0,2.1289582,0,0,0,0,0,0,0
44.6,2573.2176,0,-4921.2069,61.693447,0,87.548055,0,-0.80430484,0,0,-0.011638366,0,-0.26179939,0,0,1,-0.26179939,0,-0,1,0,0,0.17589902,0,0.32849249,105.402,4921.2069,60,0,1.134464,0,0,nan,nan,4125.6403,-70.754731,-0,-276.20445,0,2.1118925,0,0,0,0,0,0,0
44.65,2576.3053,0,-4916.8226,61.818761,0,87.834956,0,-0.80487886,0,0,-0.011309651,0,-0.26179939,0,0,1,-0.26179939,0,-0,1,0,0,0.17585168,0,0.32943441,105.7101,4916.8226,60,0,1.134464,0,0,nan,nan,4151.7567,-71.202627,-0,-277.85659,0,2.0950204,0,0,0,0,0,0,0
44.7,2579.3992,0,-4912.424,61.944924,0,88.120704,0,-0.8054365,0,0,-0.010983557,0,-0.26179939,0,0,1,-0.26179939,0,-0,1,0,0,0.17580494,0,0.33037474,106.01775,4912.424,60,0,1.134464,0,0,nan,nan,4177.9376,-71.65163,-0,-279.51307,0,2.0783392,0,0,0,0,0,0,0
44.75,2582.4995,0,-4908.0112,62.071937,0,88.405295,0,-0.80597791,0,0,-0.010660056,0,-0.26179939,0,0,1,-0.26179939,0,-0,1,0,0,0.17575879,0,0.33131347,106.32493,4908.0112,60,0,1.134464,0,0,nan,nan,4204.1825,-72.10173,-0,-281.17385,0,2.0618462,0,0,0,0,0,0,0
44.8,2585.6062,0,-4903.5841,62.199799,0,88.688724,0,-0.8065032,0,0,-0.010339118,0,-0.26179939,0,0,1,-0.26179939,0,-0,1,0,0,0.17571324,0,0.33225057,106.63164,4903.5841,60,0,1.134464,0,0,nan,nan,4230.4907,-72.552915,-0,-282.83889,0,2.0455387,0,0,0,0,0,0,0
44.85,2588.7193,0,-4899.1429,62.328511,0,88.970988,0,-0.8070125,0,0,-0.010020715,0,-0.26179939,0,0,1,-0.26179939,0,-0,1,0,0,0.17566825,0,0.33318603,106.93787,4899.1429,60,0,1.134464,0,0,nan,nan,4256.8615,-73.005175,-0,-284.50815,0,2.0294141,0,0,0,0,0,0,0
44.9,2591.8388,0,-4894.6876,62.458072,0,89.25208,0,-0.80750594,0,0,-0.0097048169,0,-0.26179939,0,0,1,-0.26179939,0,-0,1,0,0,0.17562384,0,0.33411983,107.24363,4894.6876,60,0,1.134464,0,0,nan,nan,4283.2944,-73.458499,-0,-286.18158,0,2.0134697,0,0,0,0,0,0,0
44.95,2594.9648,0,-4890.2182,62.588482,0,89.531999,0,-0.80798365,0,0,-0.009391397,0,-0.26179939,0,0,1,-0.26179939,0,-0,1,0,0,0.17557999,0,0.33505195,107.5489,4890.2182,60,0,1.134464,0,0,nan,nan,4309.7887,-73.912876,-0,-287.85914,0,1.9977032,0,0,0,0,0,0,0
45,2598.0974,0,-4885.735,62.71974,0,89.810738,0,-0.80844575,0,0,-0.0090804275,0,-0.26179939,0,0,1,-0.26179939,0,-0,1,0,0,0.17553668,0,0.33598237,107.85368,4885.735,60,0,1.134464,0,0,nan,nan,4336.3438,-74.368296,-0,-289.5408,0,1.9821118,0,0,0,0,0,0,0
45.05,2601.2366,0,-4881.2377,62.851847,0,90.088294,0,-0.80889236,0,0,-0.0087718812,0,-0.26179939,0,0,1,-0.26179939,0,-0,1,0,0,0.17549392,0,0.33691109,108.15796,4881.2377,60,0,1.134464,0,0,nan,nan,4362.959,-74.824746,-0,-291.2265,0,1.9666933,0,0,0,0,0,0,0
45.1,2604.3823,0,-4876.7267,62.984802,0,90.364663,0,-0.80932359,0,0,-0.0084657312,0,-0.26179939,0,0,1,-0.26179939,0,-0,1,0,0,0.1754517,0,0.33783807,108.46174,4876.7267,60,0,1.134464,0,0,nan,nan,4389.6336,-75.282217,-0,-292.9162,0,1.9514451,0,0,0,0,0,0,0
45.15,2607.5348,0,-4872.2019,63.118604,0,90.63984,0,-0.80973958,0,0,-0.0081619511,0,-0.26179939,0,0,1,-0.26179939,0,-0,1,0,0,0.17541,0,0.33876331,108.76501,4872.2019,60,0,1.134464,0,0,nan,nan,4416.3671,-75.740696,-0,-294.60987,0,1.9363648,0,0,0,0,0,0,0
45.2,2610.6939,0,-4867.6633,63.253254,0,90.913821,0,-0.81014043,0,0,-0.0078605148,0,-0.26179939,0,0,1,-0.26179939,0,-0,1,0,0,0.17536882,0,0.33968678,109.06777,4867.6633,60,0,1.134464,0,0,nan,nan,4443.1588,-76.200174,-0,-296.30745,0,1.9214501,0,0,0,0,0,0,0
45.25,2613.8599,0,-4863.111,63.388751,0,91.186602,0,-0.81052627,0,0,-0.0075613967,0,-0.26179939,0,0,1,-0.26179939,0,-0,1,0,0,0.17532815,0,0.34060848,109.37,4863.111,60,0,1.134464,0,0,nan,nan,4470.0081,-76.660638,-0,-298.00891,0,1.9066986,0,0,0,0,0,0,0
45.3,2617.0326,0,-4858.5452,63.525094,0,91.458179,0,-0.8108972,0,0,-0.0072645714,0,-0.26179939,0,0,1,-0.26179939,0,-0,1,0,0,0.17528799,0,0.34152837,109.67172,4858.5452,60,0,1.134464,0,0,nan,nan,4496.9142,-77.122079,-0,-299.71421,0,1.8921082,0,0,0,0,0,0,0
45.35,2620.2121,0,-4853.9658,63.662282,0,91.728547,0,-0.81125335,0,0,-0.0069700139,0,-0.26179939,0,0,1,-0.26179939,0,-0,1,0,0,0.17524832,0,0.34244645,109.9729,4853.9658,60,0,1.134464,0,0,nan,nan,4523.8766,-77.584484,-0,-301.42329,0,1.8776763,0,0,0,0,0,0,0
45.4,2623.3985,0,-4849.3729,63.800315,0,91.997702,0,-0.81159483,0,0,-0.0066776997,0,-0.26179939,0,0,1,-0.26179939,0,-0,1,0,0,0.17520914,0,0.34336271,110.27355,4849.3729,60,0,1.134464,0,0,nan,nan,4550.8946,-78.047842,-0,-303.13611,0,1.863401,0,0,0,0,0,0,0
45.45,2626.5919,0,-4844.7666,63.939193,0,92.265641,0,-0.81192174,0,0,-0.0063876043,0,-0.26179939,0,0,1,-0.26179939,0,-0,1,0,0,0.17517045,0,0.34427712,110.57366,4844.7666,60,0,1.134464,0,0,nan,nan,4577.9675,-78.512143,-0,-304.85264,0,1.8492799,0,0,0,0,0,0,0
45.5,2629.7922,0,-4840.1469,64.078914,0,92.532358,0,-0.81223421,0,0,-0.006099704,0,-0.26179939,0,0,1,-0.26179939,0,-0,1,0,0,0.17513222,0,0.34518966,110.87322,4840.1469,60,0,1.134464,0,0,nan,nan,4605.0947,-78.977374,-0,-306.57282,0,1.8353108,0,0,0,0,0,0,0
45.55,2632.9995,0,-4835.5139,64.219478,0,92.797851,0,-0.81253232,0,0,-0.005813975,0,-0.26179939,0,0,1,-0.26179939,0,-0,1,0,0,0.17509447,0,0.34610034,111.17223,4835.5139,60,0,1.134464,0,0,nan,nan,4632.2755,-79.443525,-0,-308.29662,0,1.8214917,0,0,0,0,0,0,0
45.6,2636.2139,0,-4830.8676,64.360885,0,93.062114,0,-0.81281621,0,0,-0.0055303942,0,-0.26179939,0,0,1,-0.26179939,0,-0,1,0,0,0.17505717,0,0.34700911,111.47069,4830.8676,60,0,1.134464,0,0,nan,nan,4659.5093,-79.910584,-0,-310.02399,0,1.8078203,0,0,0,0,0,0,0
45.65,2639.4353,0,-4826.2082,64.503132,0,93.325143,0,-0.81308596,0,0,-0.0052489386,0,-0.26179939,0,0,1,-0.26179939,0,-0,1,0,0,0.17502033,0,0.34791598,111.76859,4826.2082,60,0,1.134464,0,0,nan,nan,4686.7953,-80.37854,-0,-311.75489,0,1.7942947,0,0,0,0,0,0,0
45.7,2642.6639,0,-4821.5357,64.64622,0,93.586935,0,-0.8133417,0,0,-0.0049695856,0,-0.26179939,0,0,1,-0.26179939,0,-0,1,0,0,0.17498394,0,0.34882093,112.06592,4821.5357,60,0,1.134464,0,0,nan,nan,4714.133,-80.847382,-0,-313.48926,0,1.7809126,0,0,0,0,0,0,0
45.75,2645.8997,0,-4816.8501,64.790147,0,93.847485,0,-0.81358351,0,0,-0.0046923128,0,-0.26179939,0,0,1,-0.26179939,0,-0,1,0,0,0.17494799,0,0.34972394,112.36268,4816.8501,60,0,1.134464,0,0,nan,nan,4741.5217,-81.317097,-0,-315.22708,0,1.7676721,0,0,0,0,0,0,0
45.8,2649.1426,0,-4812.1515,64.934912,0,94.10679,0,-0.81381152,0,0,-0.0044170984,0,-0.26179939,0,0,1,-0.26179939,0,-0,1,0,0,0.17491247,0,0.350625,112.65887,4812.1515,60,0,1.134464,0,0,nan,nan,4768.9607,-81.787676,-0,-316.96829,0,1.7545712,0,0,0,0,0,0,0
45.85,2652.3929,0,-4807.4399,65.080515,0,94.364845,0,-0.81402581,0,0,-0.0041439207,0,-0.26179939,0,0,1,-0.26179939,0,-0,1,0,0,0.17487738,0,0.35152409,112.95448,4807.4399,60,0,1.134464,0,0,nan,nan,4796.4493,-82.259105,-0,-318.71284,0,1.7416078,0,0,0,0,0,0,0
45.9,2655.6504,0,-4802.7155,65.226953,0,94.621645,0,-0.81422649,0,0,-0.0038727583,0,-0.26179939,0,0,1,-0.26179939,0,-0,1,0,0,0.17484272,0,0.3524212,113.2495,4802.7155,60,0,1.134464,0,0,nan,nan,4823.9868,-82.731374,-0,-320.46071,0,1.72878,0,0,0,0,0,0,0
45.95,2658.9153,0,-4797.9783,65.374227,0,94.877188,0,-0.81441366,0,0,-0.0036035902,0,-0.26179939,0,0,1,-0.26179939,0,-0,1,0,0,0.17480847,0,0.35331631,113.54393,4797.9783,60,0,1.134464,0,0,nan,nan,4851.5726,-83.204471,-0,-322.21183,0,1.7160859,0,0,0,0,0,0,0
46,2662.1876,0,-4793.2283,65.522335,0,95.131469,0,-0.81458741,0,0,-0.0033363957,0,-0.26179939,0,0,1,-0.26179939,0,-0,1,0,0,0.17477463,0,0.35420941,113.83777,4793.2283,60,0,1.134464,0,0,nan,nan,4879.2061,-83.678384,-0,-323.96616,0,1.7035234,0,0,0,0,0,0,0
46.05,2665.4672,0,-4788.4657,65.671276,0,95.384484,0,-0.81474786,0,0,-0.0030711543,0,-0.26179939,0,0,1,-0.26179939,0,-0,1,0,0,0.17474119,0,0.35510048,114.13102,4788.4657,60,0,1.134464,0,0,nan,nan,4906.8864,-84.153102,-0,-325.72367,0,1.6910908,0,0,0,0,0,0,0
46.1,2668.7544,0,-4783.6904,65.821048,0,95.636229,0,-0.81489509,0,0,-0.0028078459,0,-0.26179939,0,0,1,-0.26179939,0,-0,1,0,0,0.17470815,0,0.35598952,114.42365,4783.6904,60,0,1.134464,0,0,nan,nan,4934.613,-84.628614,-0,-327.4843,0,1.6787862,0,0,0,0,0,0,0
46.15,2672.0491,0,-4778.9026,65.97165,0,95.886701,0,-0.8150292,0,0,-0.0025464505,0,-0.26179939,0,0,1,-0.26179939,0,-0,1,0,0,0.1746755,0,0.3568765,114.71568,4778.9026,60,0,1.134464,0,0,nan,nan,4962.3852,-85.104906,-0,-329.24802,0,1.6666077,0,0,0,0,0,0,0
46.2,2675.3513,0,-4774.1023,66.123081,0,96.135894,0,-0.81515029,0,0,-0.0022869487,0,-0.26179939,0,0,1,-0.26179939,0,-0,1,0,0,0.17464325,0,0.35776142,115.0071,4774.1023,60,0,1.134464,0,0,nan,nan,4990.2023,-85.581969,-0,-331.01476,0,1.6545536,0,0,0,0,0,0,0
46.25,2678.6611,0,-4769.2895,66.275339,0,96.383805,0,-0.81525844,0,0,-0.0020293212,0,-0.26179939,0,0,1,-0.26179939,0,-0,1,0,0,0.17461137,0,0.35864425,115.2979,4769.2895,60,0,1.134464,0,0,nan,nan,5018.0635,-86.05979,-0,-332.7845,0,1.642622,0,0,0,0,0,0,0
46.3,2681.9785,0,-4764.4644,66.428423,0,96.630431,0,-0.81535376,0,0,-0.0017735488,0,-0.26179939,0,0,1,-0.26179939,0,-0,1,0,0,0.17457987,0,0.359525,115.58808,4764.4644,60,0,1.134464,0,0,nan,nan,5045.9683,-86.538357,-0,-334.55718,0,1.6308112,0,0,0,0,0,0,0
46.35,2685.3036,0,-4759.627,66.582331,0,96.875767,0,-0.81543634,0,0,-0.001519613,0,-0.26179939,0,0,1,-0.26179939,0,-0,1,0,0,0.17454874,0,0.36040363,115.87764,4759.627,60,0,1.134464,0,0,nan,nan,5073.9159,-87.017658,-0,-336.33276,0,1.6191195,0,0,0,0,0,0,0
46.4,2688.6365,0,-4754.7773,66.737062,0,97.119809,0,-0.81550626,0,0,-0.0012674952,0,-0.26179939,0,0,1,-0.26179939,0,-0,1,0,0,0.17451797,0,0.36128014,116.16656,4754.7773,60,0,1.134464,0,0,nan,nan,5101.9057,-87.497683,-0,-338.1112,0,1.6075452,0,0,0,0,0,0,0
46.45,2691.977,0,-4749.9155,66.892614,0,97.362554,0,-0.81556362,0,0,-0.0010171771,0,-0.26179939,0,0,1,-0.26179939,0,-0,1,0,0,0.17448756,0,0.36215453,116.45485,4749.9155,60,0,1.134464,0,0,nan,nan,5129.9369,-87.978418,-0,-339.89244,0,1.5960865,0,0,0,0,0,0,0
46.5,2695.3254,0,-4745.0416,67.048986,0,97.603997,0,-0.81560851,0,0,-0.00076864094,0,-0.26179939,0,0,1,-0.26179939,0,-0,1,0,0,0.17445751,0,0.36302676,116.74251,4745.0416,60,0,1.134464,0,0,nan,nan,5158.0089,-88.459852,-0,-341.67645,0,1.5847419,0,0,0,0,0,0,0
46.55,2698.6816,0,-4740.1556,67.206175,0,97.844135,0,-0.81564101,0,0,-0.00052186889,0,-0.26179939,0,0,1,-0.26179939,0,-0,1,0,0,0.17442781,0,0.36389684,117.02952,4740.1556,60,0,1.134464,0,0,nan,nan,5186.1209,-88.941973,-0,-343.46317,0,1.5735096,0,0,0,0,0,0,0
46.6,2702.0457,0,-4735.2577,67.36418,0,98.082964,0,-0.81566122,0,0,-0.00027684355,0,-0.26179939,0,0,1,-0.26179939,0,-0,1,0,0,0.17439846,0,0.36476474,117.31588,4735.2577,60,0,1.134464,0,0,nan,nan,5214.2723,-89.42477,-0,-345.25256,0,1.5623881,0,0,0,0,0,0,0
46.65,2705.4178,0,-4730.3478,67.523,0,98.32048,0,-0.81566921,0,0,-3.3547734e-05,0,-0.26179939,0,0,1,-0.26179939,0,-0,1,0,0,0.17436945,0,0.36563046,117.60159,4730.3478,60,0,1.134464,0,0,nan,nan,5242.4624,-89.908229,-0,-347.04458,0,1.5513759,0,0,0,0,0,0,0
46.7,2708.7977,0,-4725.4261,67.682632,0,98.55668,0,-0.81566508,0,0,0.00020803551,0,-0.26179939,0,0,1,-0.26179939,0,-0,1,0,0,0.17434077,0,0.36649398,117.88665,4725.4261,60,0,1.134464,0,0,nan,nan,5270.6904,-90.39234,-0,-348.83917,0,1.5404713,0,0,0,0,0,0,0
46.75,2712.1857,0,-4720.4926,67.843075,0,98.791559,0,-0.81564892,0,0,0.00044792289,0,-0.26179939,0,0,1,-0.26179939,0,-0,1,0,0,0.17431242,0,0.3673553,118.17105,4720.4926,60,0,1.134464,0,0,nan,nan,5298.9557,-90.87709,-0,-350.6363,0,1.5296727,0,0,0,0,0,0,0
46.8,2715.5817,0,-4715.5475,68.004326,0,99.025114,0,-0.8156208,0,0,0.00068613085,0,-0.26179939,0,0,1,-0.26179939,0,-0,1,0,0,0.1742844,0,0.36821439,118.45478,4715.5475,60,0,1.134464,0,0,nan,nan,5327.2576,-91.362468,-0,-352.43592,0,1.5189788,0,0,0,0,0,0,0
46.85,2718.9858,0,-4710.5906,68.166384,0,99.257341,0,-0.81558081,0,0,0.00092267564,0,-0.26179939,0,0,1,-0.26179939,0,-0,1,0,0,0.1742567,0,0.36907125,118.73785,4710.5906,60,0,1.134464,0,0,nan,nan,5355.5954,-91.84846,-0,-354.23797,0,1.5083879,0,0,0,0,0,0,0
46.9,2722.3981,0,-4705.6222,68.329247,0,99.488236,0,-0.81552903,0,0,0.0011575732,0,-0.26179939,0,0,1,-0.26179939,0,-0,1,0,0,0.17422932,0,0.36992586,119.02025,4705.6222,60,0,1.134464,0,0,nan,nan,5383.9683,-92.335056,-0,-356.04242,0,1.4978986,0,0,0,0,0,0,0
46.95,2725.8184,0,-4700.6423,68.492912,0,99.717796,0,-0.81546555,0,0,0.0013908394,0,-0.26179939,0,0,1,-0.26179939,0,-0,1,0,0,0.17420225,0,0.37077822,119.30197,4700.6423,60,0,1.134464,0,0,nan,nan,5412.3757,-92.822242,-0,-357.84922,0,1.4875095,0,0,0,0,0,0,0
47,2729.247,0,-4695.6509,68.657377,0,99.946016,0,-0.81539044,0,0,0.0016224897,0,-0.26179939,0,0,1,-0.26179939,0,-0,1,0,0,0.17417549,0,0.37162831,119.58301,4695.6509,60,0,1.134464,0,0,nan,nan,5440.8168,-93.310008,-0,-359.65832,0,1.477219,0,0,0,0,0,0,0
47.05,2732.6839,0,-4690.6482,68.822641,0,100.17289,0,-0.81530379,0,0,0.0018525394,0,-0.26179939,0,0,1,-0.26179939,0,-0,1,0,0,0.17414904,0,0.37247611,119.86338,4690.6482,60,0,1.134464,0,0,nan,nan,5469.291,-93.79834,-0,-361.46967,0,1.4670259,0,0,0,0,0,0,0
47.1,2736.129,0,-4685.6341,68.988701,0,100.39843,0,-0.81520567,0,0,0.0020810037,0,-0.26179939,0,0,1,-0.26179939,0,-0,1,0,0,0.17412288,0,0.37332163,120.14305,4685.6341,60,0,1.134464,0,0,nan,nan,5497.7975,-94.287227,-0,-363.28322,0,1.4569286,0,0,0,0,0,0,0
47.15,2739.5824,0,-4680.6088,69.155554,0,100.62261,0,-0.81509617,0,0,0.0023078974,0,-0.26179939,0,0,1,-0.26179939,0,-0,1,0,0,0.17409702,0,0.37416484,120.42203,4680.6088,60,0,1.134464,0,0,nan,nan,5526.3356,-94.776656,-0,-365.09894,0,1.4469259,0,0,0,0,0,0,0
47.2,2743.0442,0,-4675.5723,69.323198,0,100.84543,0,-0.81497536,0,0,0.0025332351,0,-0.26179939,0,0,1,-0.26179939,0,-0,1,0,0,0.17407146,0,0.37500574,120.70032,4675.5723,60,0,1.134464,0,0,nan,nan,5554.9046,-95.266615,-0,-366.91678,0,1.4370164,0,0,0,0,0,0,0
47.25,2746.5144,0,-4670.5247,69.491632,0,101.0669,0,-0.81484332,0,0,0.0027570314,0,-0.26179939,0,0,1,-0.26179939,0,-0,1,0,0,0.17404618,0,0.37584432,120.97792,4670.5247,60,0,1.134464,0,0,nan,nan,5583.5039,-95.757092,-0,-368.73668,0,1.4271986,0,0,0,0,0,0,0
47.3,2749.9931,0,-4665.4661,69.660853,0,101.28701,0,-0.81470013,0,0,0.0029793005,0,-0.26179939,0,0,1,-0.26179939,0,-0,1,0,0,0.17402118,0,0.37668056,121.25481,4665.4661,60,0,1.134464,0,0,nan,nan,5612.1326,-96.248074,-0,-370.5586,0,1.4174714,0,0,0,0,0,0,0
47.35,2753.4802,0,-4660.3965,69.830857,0,101.50576,0,-0.81454586,0,0,0.0032000564,0,-0.26179939,0,0,1,-0.26179939,0,-0,1,0,0,0.17399647,0,0.37751445,121.53099,4660.3965,60,0,1.134464,0,0,nan,nan,5640.7901,-96.73955,-0,-372.38249,0,1.4078334,0,0,0,0,0,0,0
47.4,2756.9758,0,-4655.316,70.001643,0,101.72314,0,-0.81438058,0,0,0.003419313,0,-0.26179939,0,0,1,-0.26179939,0,-0,1,0,0,0.17397203,0,0.37834598,121.80647,4655.316,60,0,1.134464,0,0,nan,nan,5669.4756,-97.231507,-0,-374.20831,0,1.3982833,0,0,0,0,0,0,0
47.45,2760.48,0,-4650.2246,70.173209,0,101.93914,0,-0.81420439,0,0,0.0036370839,0,-0.26179939,0,0,1,-0.26179939,0,-0,1,0,0,0.17394787,0,0.37917515,122.08124,4650.2246,60,0,1.134464,0,0,nan,nan,5698.1885,-97.723932,-0,-376.036,0,1.38882,0,0,0,0,0,0,0
47.5,2763.9928,0,-4645.1225,70.34555,0,102.15377,0,-0.81401734,0,0,0.0038533826,0,-0.26179939,0,0,1,-0.26179939,0,-0,1,0,0,0.17392398,0,0.38000193,122.35529,4645.1225,60,0,1.134464,0,0,nan,nan,5726.9279,-98.216814,-0,-377.86553,0,1.379442,0,0,0,0,0,0,0
47.55,2767.5142,0,-4640.0097,70.518666,0,102.36702,0,-0.8138195,0,0,0.0040682222,0,-0.26179939,0,0,1,-0.26179939,0,-0,1,0,0,0.17390035,0,0.38082633,122.62862,4640.0097,60,0,1.134464,0,0,nan,nan,5755.6933,-98.710139,-0,-379.69684,0,1.3701483,0,0,0,0,0,0,0
47.6,2771.0443,0,-4634.8862,70.692553,0,102.57889,0,-0.81361097,0,0,0.004281616,0,-0.26179939,0,0,1,-0.26179939,0,-0,1,0,0,0.17387698,0,0.38164833,122.90123,4634.8862,60,0,1.134464,0,0,nan,nan,5784.4838,-99.203896,-0,-381.52989,0,1.3609375,0,0,0,0,0,0,0
47.65,2774.5831,0,-4629.7522,70.867208,0,102.78938,0,-0.81339179,0,0,0.0044935768,0,-0.26179939,0,0,1,-0.26179939,0,-0,1,0,0,0.17385387,0,0.38246792,123.17311,4629.7522,60,0,1.134464,0,0,nan,nan,5813.2987,-99.698073,-0,-383.36463,0,1.3518086,0,0,0,0,0,0,0
47.7,2778.1307,0,-4624.6077,71.042629,0,102.99847,0,-0.81316205,0,0,0.0047041172,0,-0.26179939,0,0,1,-0.26179939,0,-0,1,0,0,0.17383102,0,0.38328508,123.44426,4624.6077,60,0,1.134464,0,0,nan,nan,5842.1374,-100.19266,-0,-385.20101,0,1.3427603,0,0,0,0,0,0,0
47.75,2781.6871,0,-4619.4528,71.218813,0,103.20618,0,-0.81292182,0,0,0.0049132498,0,-0.26179939,0,0,1,-0.26179939,0,-0,1,0,0,0.17380842,0,0.38409982,123.71468,4619.4528,60,0,1.134464,0,0,nan,nan,5870.999,-100.68763,-0,-387.03898,0,1.3337915,0,0,0,0,0,0,0
47.8,2785.2523,0,-4614.2876,71.395757,0,103.41249,0,-0.81267117,0,0,0.005120987,0,-0.26179939,0,0,1,-0.26179939,0,-0,1,0,0,0.17378607,0,0.38491212,123.98436,4614.2876,60,0,1.134464,0,0,nan,nan,5899.8829,-101.18299,-0,-388.8785,0,1.3249011,0,0,0,0,0,0,0
47.85,2788.8263,0,-4609.112,71.573457,0,103.6174,0,-0.81241016,0,0,0.0053273408,0,-0.26179939,0,0,1,-0.26179939,0,-0,1,0,0,0.17376396,0,0.38572197,124.25331,4609.112,60,0,1.134464,0,0,nan,nan,5928.7883,-101.67872,-0,-390.71952,0,1.3160878,0,0,0,0,0,0,0
47.9,2792.4093,0,-4603.9263,71.751912,0,103.8209,0,-0.81213887,0,0,0.0055323232,0,-0.26179939,0,0,1,-0.26179939,0,-0,1,0,0,0.1737421,0,0.38652936,124.52151,4603.9263,60,0,1.134464,0,0,nan,nan,5957.7145,-102.1748,-0,-392.56199,0,1.3073508,0,0,0,0,0,0,0
47.95,2796.0012,0,-4598.7304,71.931118,0,104.02301,0,-0.81185736,0,0,0.0057359462,0,-0.26179939,0,0,1,-0.26179939,0,-0,1,0,0,0.17372047,0,0.38733428,124.78896,4598.7304,60,0,1.134464,0,0,nan,nan,5986.6608,-102.67123,-0,-394.40586,0,1.2986887,0,0,0,0,0,0,0
48,2799.602,0,-4593.5244,72.111072,0,104.2237,0,-0.8115657,0,0,0.0059382212,0,-0.26179939,0,0,1,-0.26179939,0,-0,1,0,0,0.17369908,0,0.38813672,125.05567,4593.5244,60,0,1.134464,0,0,nan,nan,6015.6265,-103.16799,-0,-396.25109,0,1.2901006,0,0,0,0,0,0,0
48.05,2803.2119,0,-4588.3084,72.29177,0,104.42298,0,-0.81126396,0,0,0.0061391599,0,-0.26179939,0,0,1,-0.26179939,0,-0,1,0,0,0.17367792,0,0.38893668,125.32162,4588.3084,60,0,1.134464,0,0,nan,nan,6044.6107,-103.66507,-0,-398.09762,0,1.2815854,0,0,0,0,0,0,0
48.1,2806.8309,0,-4583.0825,72.473211,0,104.62085,0,-0.81095221,0,0,0.0063387734,0,-0.26179939,0,0,1,-0.26179939,0,-0,1,0,0,0.173657,0,0.38973414,125.58682,4583.0825,60,0,1.134464,0,0,nan,nan,6073.6128,-104.16246,-0,-399.94542,0,1.2731421,0,0,0,0,0,0,0
48.15,2810.4589,0,-4577.8467,72.655389,0,104.8173,0,-0.81063051,0,0,0.006537073,0,-0.26179939,0,0,1,-0.26179939,0,-0,1,0,0,0.17363629,0,0.39052909,125.85126,4577.8467,60,0,1.134464,0,0,nan,nan,6102.6321,-104.66014,-0,-401.79442,0,1.2647696,0,0,0,0,0,0,0
48.2,2814.096,0,-4572.6012,72.838303,0,105.01232,0,-0.81029892,0,0,0.0067340697,0,-0.26179939,0,0,1,-0.26179939,0,-0,1,0,0,0.17361582,0,0.39132153,126.11494,4572.6012,60,0,1.134464,0,0,nan,nan,6131.6677,-105.1581,-0,-403.64459,0,1.256467,0,0,0,0,0,0,0
48.25,2817.7424,0,-4567.3459,73.021949,0,105.20593,0,-0.80995751,0,0,0.0069297742,0,-0.26179939,0,0,1,-0.26179939,0,-0,1,0,0,0.17359556,0,0.39211145,126.37785,4567.3459,60,0,1.134464,0,0,nan,nan,6160.7191,-105.65633,-0,-405.49587,0,1.2482331,0,0,0,0,0,0,0
48.3,2821.3979,0,-4562.081,73.206324,0,105.3981,0,-0.80960635,0,0,0.0071241973,0,-0.26179939,0,0,1,-0.26179939,0,-0,1,0,0,0.17357552,0,0.39289883,126.63999,4562.081,60,0,1.134464,0,0,nan,nan,6189.7853,-106.15482,-0,-407.34822,0,1.2400671,0,0,0,0,0,0,0
48.35,2825.0626,0,-4556.8065,73.391424,0,105.58885,0,-0.8092455,0,0,0.0073173495,0,-0.26179939,0,0,1,-0.26179939,0,-0,1,0,0,0.1735557,0,0.39368367,126.90137,4556.8065,60,0,1.134464,0,0,nan,nan,6218.8657,-106.65355,-0,-409.20159,0,1.231968,0,0,0,0,0,0,0
48.4,2828.7367,0,-4551.5225,73.577245,0,105.77816,0,-0.80887502,0,0,0.0075092411,0,-0.26179939,0,0,1,-0.26179939,0,-0,1,0,0,0.17353609,0,0.39446597,127.16197,4551.5225,60,0,1.134464,0,0,nan,nan,6247.9596,-107.15251,-0,-411.05593,0,1.2239348,0,0,0,0,0,0,0
48.45,2832.42,0,-4546.2291,73.763785,0,105.96603,0,-0.80849498,0,0,0.0076998825,0,-0.26179939,0,0,1,-0.26179939,0,-0,1,0,0,0.17351668,0,0.3952457,127.42179,4546.2291,60,0,1.134464,0,0,nan,nan,6277.0662,-107.65169,-0,-412.91119,0,1.2159665,0,0,0,0,0,0,0
48.5,2836.1127,0,-4540.9263,73.95104,0,106.15246,0,-0.80810544,0,0,0.0078892836,0,-0.26179939,0,0,1,-0.26179939,0,-0,1,0,0,0.17349749,0,0.39602287,127.68083,4540.9263,60,0,1.134464,0,0,nan,nan,6306.1848,-108.15107,-0,-414.76733,0,1.2080623,0,0,0,0,0,0,0
48.55,2839.8147,0,-4535.6143,74.139005,0,106.33745,0,-0.80770645,0,0,0.0080774545,0,-0.26179939,0,0,1,-0.26179939,0,-0,1,0,0,0.1734785,0,0.39679746,127.93909,4535.6143,60,0,1.134464,0,0,nan,nan,6335.3146,-108.65065,-0,-416.62429,0,1.2002213,0,0,0,0,0,0,0
48.6,2843.5262,0,-4530.293,74.327679,0,106.521,0,-0.80729809,0,0,0.0082644048,0,-0.26179939,0,0,1,-0.26179939,0,-0,1,0,0,0.17345971,0,0.39756947,128.19657,4530.293,60,0,1.134464,0,0,nan,nan,6364.4549,-109.1504,-0,-418.48203,0,1.1924425,0,0,0,0,0,0,0
48.65,2847.2471,0,-4524.9625,74.517056,0,106.70309,0,-0.8068804,0,0,0.0084501444,0,-0.26179939,0,0,1,-0.26179939,0,-0,1,0,0,0.17344112,0,0.39833889,128.45326,4524.9625,60,0,1.134464,0,0,nan,nan,6393.6049,-109.65032,-0,-420.3405,0,1.184725,0,0,0,0,0,0,0
48.7,2850.9776,0,-4519.623,74.707134,0,106.88374,0,-0.80645346,0,0,0.0086346826,0,-0.26179939,0,0,1,-0.26179939,0,-0,1,0,0,0.17342273,0,0.39910571,128.70915,4519.623,60,0,1.134464,0,0,nan,nan,6422.764,-110.1504,-0,-422.19964,0,1.1770679,0,0,0,0,0,0,0
48.75,2854.7175,0,-4514.2746,74.897908,0,107.06293,0,-0.80601732,0,0,0.0088180289,0,-0.26179939,0,0,1,-0.26179939,0,-0,1,0,0,0.17340453,0,0.39986992,128.96426,4514.2746,60,0,1.134464,0,0,nan,nan,6451.9313,-110.65062,-0,-424.05942,0,1.1694705,0,0,0,0,0,0,0
48.8,2858.467,0,-4508.9171,75.089375,0,107.24066,0,-0.80557205,0,0,0.0090001925,0,-0.26179939,0,0,1,-0.26179939,0,-0,1,0,0,0.17338653,0,0.40063151,129.21856,4508.9171,60,0,1.134464,0,0,nan,nan,6481.1061,-111.15097,-0,-425.91978,0,1.1619319,0,0,0,0,0,0,0
48.85,2862.226,0,-4503.5509,75.28153,0,107.41693,0,-0.80511769,0,0,0.0091811825,0,-0.26179939,0,0,1,-0.26179939,0,-0,1,0,0,0.17336871,0,0.40139048,129.47207,4503.5509,60,0,1.134464,0,0,nan,nan,6510.2877,-111.65143,-0,-427.78068,0,1.1544511,0,0,0,0,0,0,0
48.9,2865.9948,0,-4498.1758,75.474371,0,107.59174,0,-0.80465431,0,0,0.009361008,0,-0.26179939,0,0,1,-0.26179939,0,-0,1,0,0,0.17335108,0,0.40214683,129.72477,4498.1758,60,0,1.134464,0,0,nan,nan,6539.4753,-112.152,-0,-429.64206,0,1.1470275,0,0,0,0,0,0,0
48.95,2869.7731,0,-4492.7921,75.667892,0,107.76508,0,-0.80418196,0,0,0.0095396778,0,-0.26179939,0,0,1,-0.26179939,0,-0,1,0,0,0.17333364,0,0.40290053,129.97667,4492.7921,60,0,1.134464,0,0,nan,nan,6568.6681,-112.65266,-0,-431.50388,0,1.1396601,0,0,0,0,0,0,0
49,2873.5612,0,-4487.3997,75.862091,0,107.93696,0,-0.80370071,0,0,0.0097172006,0,-0.26179939,0,0,1,-0.26179939,0,-0,1,0,0,0.17331638,0,0.40365159,130.22777,4487.3997,60,0,1.134464,0,0,nan,nan,6597.8655,-113.15339,-0,-433.36609,0,1.1323482,0,0,0,0,0,0,0
49.05,2877.3589,0,-4481.9987,76.056963,0,108.10736,0,-0.80321062,0,0,0.009893585,0,-0.26179939,0,0,1,-0.26179939,0,-0,1,0,0,0.1732993,0,0.40439999,130.47805,4481.9987,60,0,1.134464,0,0,nan,nan,6627.0667,-113.65419,-0,-435.22863,0,1.125091,0,0,0,0,0,0,0
49.1,2881.1665,0,-4476.5893,76.252504,0,108.27629,0,-0.80271173,0,0,0.01006884,0,-0.26179939,0,0,1,-0.26179939,0,-0,1,0,0,0.17328239,0,0.40514574,130.72752,4476.5893,60,0,1.134464,0,0,nan,nan,6656.2709,-114.15505,-0,-437.09147,0,1.1178877,0,0,0,0,0,0,0
49.15,2884.9838,0,-4471.1715,76.448709,0,108.44374,0,-0.8022041,0,0,0.010242973,0,-0.26179939,0,0,1,-0.26179939,0,-0,1,0,0,0.17326567,0,0.40588881,130.97617,4471.1715,60,0,1.134464,0,0,nan,nan,6685.4774,-114.65594,-0,-438.95455,0,1.1107376,0,0,0,0,0,0,0
49.2,2888.811,0,-4465.7453,76.645576,0,108.60972,0,-0.8016878,0,0,0.010415992,0,-0.26179939,0,0,1,-0.26179939,0,-0,1,0,0,0.17324911,0,0.40662921,131.22401,4465.7453,60,0,1.134464,0,0,nan,nan,6714.6854,-115.15685,-0,-440.81783,0,1.1036398,0,0,0,0,0,0,0
49.25,2892.648,0,-4460.3109,76.843099,0,108.77421,0,-0.80116287,0,0,0.010587907,0,-0.26179939,0,0,1,-0.26179939,0,-0,1,0,0,0.17323273,0,0.40736693,131.47103,4460.3109,60,0,1.134464,0,0,nan,nan,6743.8942,-115.65779,-0,-442.68125,0,1.0965937,0,0,0,0,0,0,0
49.3,2896.4949,0,-4454.8682,77.041274,0,108.93722,0,-0.80062937,0,0,0.010758724,0,-0.26179939,0,0,1,-0.26179939,0,-0,1,0,0,0.17321652,0,0.40810197,131.71723,4454.8682,60,0,1.134464,0,0,nan,nan,6773.1031,-116.15872,-0,-444.54477,0,1.0895984,0,0,0,0,0,0,0
49.35,2900.3517,0,-4449.4175,77.240097,0,109.09874,0,-0.80008735,0,0,0.010928453,0,-0.26179939,0,0,1,-0.26179939,0,-0,1,0,0,0.17320048,0,0.4088343,131.9626,4449.4175,60,0,1.134464,0,0,nan,nan,6802.3112,-116.65964,-0,-446.40833,0,1.0826534,0,0,0,0,0,0,0
49.4,2904.2185,0,-4443.9587,77.439565,0,109.25877,0,-0.79953688,0,0,0.011097099,0,-0.26179939,0,0,1,-0.26179939,0,-0,1,0,0,0.1731846,0,0.40956394,132.20714,4443.9587,60,0,1.134464,0,0,nan,nan,6831.5179,-117.16053,-0,-448.27189,0,1.0757578,0,0,0,0,0,0,0
49.45,2908.0953,0,-4438.4919,77.639671,0,109.41731,0,-0.798978,0,0,0.011264672,0,-0.26179939,0,0,1,-0.26179939,0,-0,1,0,0,0.17316888,0,0.41029086,132.45085,4438.4919,60,0,1.134464,0,0,nan,nan,6860.7223,-117.66139,-0,-450.13541,0,1.068911,0,0,0,0,0,0,0
49.5,2911.9821,0,-4433.0173,77.840413,0,109.57436,0,-0.79841076,0,0,0.011431179,0,-0.26179939,0,0,1,-0.26179939,0,-0,1,0,0,0.17315333,0,0.41101507,132.69373,4433.0173,60,0,1.134464,0,0,nan,nan,6889.9238,-118.16219,-0,-451.99882,0,1.0621122,0,0,0,0,0,0,0
49.55,2915.8789,0,-4427.5348,78.041785,0,109.72991,0,-0.79783523,0,0,0.011596627,0,-0.26179939,0,0,1,-0.26179939,0,-0,1,0,0,0.17313794,0,0.41173656,132.93578,4427.5348,60,0,1.134464,0,0,nan,nan,6919.1215,-118.66293,-0,-453.86209,0,1.0553609,0,0,0,0,0,0,0
49.6,2919.7859,0,-4422.0446,78.243783,0,109.88396,0,-0.79725145,0,0,0.011761024,0,-0.26179939,0,0,1,-0.26179939,0,-0,1,0,0,0.1731227,0,0.41245531,133.17699,4422.0446,60,0,1.134464,0,0,nan,nan,6948.3148,-119.1636,-0,-455.72515,0,1.0486562,0,0,0,0,0,0,0
49.65,2923.7029,0,-4416.5468,78.446403,0,110.03651,0,-0.79665947,0,0,0.011924376,0,-0.26179939,0,0,1,-0.26179939,0,-0,1,0,0,0.17310762,0,0.41317134,133.41736,4416.5468,60,0,1.134464,0,0,nan,nan,6977.5029,-119.66417,-0,-457.58798,0,1.0419976,0,0,0,0,0,0,0
49.7,2927.6301,0,-4411.0413,78.649639,0,110.18755,0,-0.79605935,0,0,0.012086692,0,-0.26179939,0,0,1,-0.26179939,0,-0,1,0,0,0.17309269,0,0.41388462,133.65689,4411.0413,60,0,1.134464,0,0,nan,nan,7006.685,-120.16465,-0,-459.45051,0,1.0353844,0,0,0,0,0,0,0
49.75,2931.5675,0,-4405.5284,78.853489,0,110.33709,0,-0.79545114,0,0,0.012247978,0,-0.26179939,0,0,1,-0.26179939,0,-0,1,0,0,0.17307792,0,0.41459516,133.89558,4405.5284,60,0,1.134464,0,0,nan,nan,7035.8603,-120.665,-0,-461.31269,0,1.028816,0,0,0,0,0,0,0
49.8,2935.5151,0,-4400.0079,79.057945,0,110.48513,0,-0.79483489,0,0,0.01240824,0,-0.26179939,0,0,1,-0.26179939,0,-0,1,0,0,0.1730633,0,0.41530294,134.13342,4400.0079,60,0,1.134464,0,0,nan,nan,7065.0282,-121.16523,-0,-463.17449,0,1.0222916,0,0,0,0,0,0,0
49.85,2939.4729,0,-4394.4802,79.263005,0,110.63165,0,-0.79421065,0,0,0.012567487,0,-0.26179939,0,0,1,-0.26179939,0,-0,1,0,0,0.17304882,0,0.41600796,134.37041,4394.4802,60,0,1.134464,0,0,nan,nan,7094.1878,-121.66532,-0,-465.03584,0,1.0158108,0,0,0,0,0,0,0
49.9,2943.441,0,-4388.9451,79.468663,0,110.77666,0,-0.79357848,0,0,0.012725724,0,-0.26179939,0,0,1,-0.26179939,0,-0,1,0,0,0.17303449,0,0.41671022,134.60655,4388.9451,60,0,1.134464,0,0,nan,nan,7123.3385,-122.16526,-0,-466.89671,0,1.0093728,0,0,0,0,0,0,0
49.95,2947.4194,0,-4383.4028,79.674915,0,110.92015,0,-0.79293841,0,0,0.012882958,0,-0.26179939,0,0,1,-0.26179939,0,-0,1,0,0,0.17302031,0,0.41740971,134.84184,4383.4028,60,0,1.134464,0,0,nan,nan,7152.4794,-122.66502,-0,-468.75703,0,1.0029771,0,0,0,0,0,0,0
50,2951.4081,0,-4377.8534,79.881755,0,111.06213,0,-0.79229051,0,0,0.013039196,0,-0.26179939,0,0,1,-0.26179939,0,-0,1,0,0,0.17300627,0,0.41810642,135.07628,4377.8534,60,0,1.134464,0,0,nan,nan,7181.6098,-123.16461,-0,-470.61677,0,0.99662306,0,0,0,0,0,0,0
50.05,2955.4071,0,-4372.2969,80.08918,0,111.20259,0,-0.79163482,0,0,0.013194444,0,-0.26179939,0,0,1,-0.26179939,0,-0,1,0,0,0.17299238,0,0.41880035,135.30986,4372.2969,60,0,1.134464,0,0,nan,nan,7210.729,-123.664,-0,-472.47588,0,0.9903101,0,0,0,0,0,0,0
50.1,2959.4166,0,-4366.7334,80.297183,0,111.34153,0,-0.79097139,0,0,0.013348709,0,-0.26179939,0,0,1,-0.26179939,0,-0,1,0,0,0.17297862,0,0.41949149,135.54258,4366.7334,60,0,1.134464,0,0,nan,nan,7239.8362,-124.16319,-0,-474.3343,0,0.98403763,0,0,0,0,0,0,0
50.15,2963.4364,0,-4361.1631,80.50576,0,111.47895,0,-0.79030028,0,0,0.013501997,0,-0.26179939,0,0,1,-0.26179939,0,-0,1,0,0,0.172965,0,0.42017983,135.77444,4361.1631,60,0,1.134464,0,0,nan,nan,7268.9306,-124.66216,-0,-476.19198,0,0.97780508,0,0,0,0,0,0,0
50.2,2967.4667,0,-4355.5858,80.714907,0,111.61484,0,-0.78962152,0,0,0.013654314,0,-0.26179939,0,0,1,-0.26179939,0,-0,1,0,0,0.17295152,0,0.42086538,136.00544,4355.5858,60,0,1.134464,0,0,nan,nan,7298.0116,-125.1609,-0,-478.04888,0,0.97161188,0,0,0,0,0,0,0
50.25,2971.5075,0,-4350.0019,80.924617,0,111.74921,0,-0.78893516,0,0,0.013805667,0,-0.26179939,0,0,1,-0.26179939,0,-0,1,0,0,0.17293818,0,0.42154813,136.23557,4350.0019,60,0,1.134464,0,0,nan,nan,7327.0783,-125.65939,-0,-479.90496,0,0.96545749,0,0,0,0,0,0,0
50.3,2975.5588,0,-4344.4112,81.134887,0,111.88205,0,-0.78824127,0,0,0.01395606,0,-0.26179939,0,0,1,-0.26179939,0,-0,1,0,0,0.17292497,0,0.42222806,136.46484,4344.4112,60,0,1.134464,0,0,nan,nan,7356.13,-126.15763,-0,-481.76015,0,0.95934134,0,0,0,0,0,0,0
50.35,2979.6206,0,-4338.8139,81.34571,0,112.01335,0,-0.78753987,0,0,0.014105501,0,-0.26179939,0,0,1,-0.26179939,0,-0,1,0,0,0.17291189,0,0.42290518,136.69324,4338.8139,60,0,1.134464,0,0,nan,nan,7385.1659,-126.65559,-0,-483.61441,0,0.9532629,0,0,0,0,0,0,0
50.4,2983.693,0,-4333.2102,81.557082,0,112.14313,0,-0.78683103,0,0,0.014253995,0,-0.26179939,0,0,1,-0.26179939,0,-0,1,0,0,0.17289894,0,0.42357948,136.92077,4333.2102,60,0,1.134464,0,0,nan,nan,7414.1853,-127.15328,-0,-485.4677,0,0.94722163,0,0,0,0,0,0,0
50.45,2987.7759,0,-4327.5999,81.768998,0,112.27137,0,-0.78611479,0,0,0.014401547,0,-0.26179939,0,0,1,-0.26179939,0,-0,1,0,0,0.17288612,0,0.42425096,137.14743,4327.5999,60,0,1.134464,0,0,nan,nan,7443.1875,-127.65067,-0,-487.31996,0,0.94121702,0,0,0,0,0,0,0
50.5,2991.8694,0,-4321.9833,81.981453,0,112.39808,0,-0.78539119,0,0,0.014548164,0,-0.26179939,0,0,1,-0.26179939,0,-0,1,0,0,0.17287343,0,0.42491961,137.37321,4321.9833,60,0,1.134464,0,0,nan,nan,7472.1716,-128.14774,-0,-489.17115,0,0.93524853,0,0,0,0,0,0,0
50.55,2995.9736,0,-4316.3604,82.19444,0,112.52325,0,-0.78466028,0,0,0.014693851,0,-0.26179939,0,0,1,-0.26179939,0,-0,1,0,0,0.17286087,0,0.42558542,137.59811,4316.3604,60,0,1.134464,0,0,nan,nan,7501.137,-128.6445,-0,-491.02121,0,0.92931567,0,0,0,0,0,0,0
50.6,3000.0885,0,-4310.7313,82.407956,0,112.64688,0,-0.78392211,0,0,0.014838614,0,-0.26179939,0,0,1,-0.26179939,0,-0,1,0,0,0.17284843,0,0.4262484,137.82214,4310.7313,60,0,1.134464,0,0,nan,nan,7530.0829,-129.14092,-0,-492.87011,0,0.92341792,0,0,0,0,0,0,0
50.65,3004.214,0,-4305.096,82.621994,0,112.76897,0,-0.78317672,0,0,0.014982458,0,-0.26179939,0,0,1,-0.26179939,0,-0,1,0,0,0.17283612,0,0.42690853,138.04529,4305.096,60,0,1.134464,0,0,nan,nan,7559.0085,-129.637,-0,-494.71778,0,0.9175548,0,0,0,0,0,0,0
50.7,3008.3502,0,-4299.4546,82.83655,0,112.88952,0,-0.78242416,0,0,0.015125388,0,-0.26179939,0,0,1,-0.26179939,0,-0,1,0,0,0.17282393,0,0.42756581,138.26756,4299.4546,60,0,1.134464,0,0,nan,nan,7587.9131,-130.13271,-0,-496.56418,0,0.9117258,0,0,0,0,0,0,0
50.75,3012.4972,0,-4293.8073,83.051617,0,113.00852,0,-0.78166448,0,0,0.01526741,0,-0.26179939,0,0,1,-0.26179939,0,-0,1,0,0,0.17281186,0,0.42822024,138.48895,4293.8073,60,0,1.134464,0,0,nan,nan,7616.796,-130.62805,-0,-498.40927,0,0.90593046,0,0,0,0,0,0,0
50.8,3016.655,0,-4288.154,83.267191,0,113.12598,0,-0.78089772,0,0,0.015408529,0,-0.26179939,0,0,1,-0.26179939,0,-0,1,0,0,0.17279991,0,0.42887181,138.70945,4288.154,60,0,1.134464,0,0,nan,nan,7645.6563,-131.12301,-0,-500.25299,0,0.9001683,0,0,0,0,0,0,0
50.85,3020.8235,0,-4282.4949,83.483266,0,113.2419,0,-0.78012392,0,0,0.015548751,0,-0.26179939,0,0,1,-0.26179939,0,-0,1,0,0,0.17278808,0,0.42952052,138.92906,4282.4949,60,0,1.134464,0,0,nan,nan,7674.4934,-131.61756,-0,-502.0953,0,0.89443884,0,0,0,0,0,0,0
50.9,3025.0029,0,-4276.8301,83.699836,0,113.35626,0,-0.77934314,0,0,0.015688079,0,-0.26179939,0,0,1,-0.26179939,0,-0,1,0,0,0.17277636,0,0.43016637,139.14779,4276.8301,60,0,1.134464,0,0,nan,nan,7703.3064,-132.11171,-0,-503.93615,0,0.88874163,0,0,0,0,0,0,0
50.95,3029.1931,0,-4271.1596,83.916897,0,113.46908,0,-0.77855541,0,0,0.01582652,0,-0.26179939,0,0,1,-0.26179939,0,-0,1,0,0,0.17276476,0,0.43080934,139.36562,4271.1596,60,0,1.134464,0,0,nan,nan,7732.0948,-132.60543,-0,-505.77549,0,0.88307622,0,0,0,0,0,0,0
51,3033.3941,0,-4265.4834,84.134442,0,113.58035,0,-0.77776078,0,0,0.015964077,0,-0.26179939,0,0,1,-0.26179939,0,-0,1,0,0,0.17275328,0,0.43144944,139.58257,4265.4834,60,0,1.134464,0,0,nan,nan,7760.8576,-133.09871,-0,-507.61327,0,0.87744215,0,0,0,0,0,0,0
51.05,3037.6061,0,-4259.8018,84.352466,0,113.69006,0,-0.77695929,0,0,0.016100757,0,-0.26179939,0,0,1,-0.26179939,0,-0,1,0,0,0.17274191,0,0.43208666,139.79862,4259.8018,60,0,1.134464,0,0,nan,nan,7789.5942,-133.59154,-0,-509.44944,0,0.87183899,0,0,0,0,0,0,0
51.1,3041.829,0,-4254.1147,84.570963,0,113.79822,0,-0.77615099,0,0,0.016236563,0,-0.26179939,0,0,1,-0.26179939,0,-0,1,0,0,0.17273065,0,0.432721,140.01377,4254.1147,60,0,1.134464,0,0,nan,nan,7818.3038,-134.08391,-0,-511.28395,0,0.86626629,0,0,0,0,0,0,0
51.15,3046.0628,0,-4248.4222,84.789928,0,113.90483,0,-0.77533592,0,0,0.016371502,0,-0.26179939,0,0,1,-0.26179939,0,-0,1,0,0,0.17271951,0,0.43335246,140.22804,4248.4222,60,0,1.134464,0,0,nan,nan,7846.9856,-134.5758,-0,-513.11677,0,0.86072364,0,0,0,0,0,0,0
51.2,3050.3075,0,-4242.7244,85.009354,0,114.00988,0,-0.77451412,0,0,0.016505576,0,-0.26179939,0,0,1,-0.26179939,0,-0,1,0,0,0.17270847,0,0.43398102,140.4414,4242.7244,60,0,1.134464,0,0,nan,nan,7875.639,-135.06721,-0,-514.94783,0,0.85521061,0,0,0,0,0,0,0
51.25,3054.5633,0,-4237.0215,85.229237,0,114.11337,0,-0.77368564,0,0,0.016638791,0,-0.26179939,0,0,1,-0.26179939,0,-0,1,0,0,0.17269754,0,0.43460669,140.65386,4237.0215,60,0,1.134464,0,0,nan,nan,7904.2632,-135.55811,-0,-516.7771,0,0.84972678,0,0,0,0,0,0,0
51.3,3058.83,0,-4231.3133,85.44957,0,114.21531,0,-0.77285052,0,0,0.016771151,0,-0.26179939,0,0,1,-0.26179939,0,-0,1,0,0,0.17268672,0,0.43522946,140.86543,4231.3133,60,0,1.134464,0,0,nan,nan,7932.8573,-136.0485,-0,-518.60451,0,0.84427175,0,0,0,0,0,0,0
51.35,3063.1078,0,-4225.6001,85.670348,0,114.31569,0,-0.77200881,0,0,0.016902661,0,-0.26179939,0,0,1,-0.26179939,0,-0,1,0,0,0.17267601,0,0.43584934,141.07609,4225.6001,60,0,1.134464,0,0,nan,nan,7961.4208,-136.53837,-0,-520.43004,0,0.8388451,0,0,0,0,0,0,0
51.4,3067.3966,0,-4219.882,85.891565,0,114.4145,0,-0.77116053,0,0,0.017033325,0,-0.26179939,0,0,1,-0.26179939,0,-0,1,0,0,0.1726654,0,0.4364663,141.28584,4219.882,60,0,1.134464,0,0,nan,nan,7989.9529,-137.02769,-0,-522.25362,0,0.83344645,0,0,0,0,0,0,0
51.45,3071.6965,0,-4214.1589,86.113214,0,114.51176,0,-0.77030575,0,0,0.017163148,0,-0.26179939,0,0,1,-0.26179939,0,-0,1,0,0,0.1726549,0,0.43708036,141.4947,4214.1589,60,0,1.134464,0,0,nan,nan,8018.4527,-137.51646,-0,-524.07521,0,0.82807539,0,0,0,0,0,0,0
51.5,3076.0075,0,-4208.431,86.33529,0,114.60745,0,-0.76944449,0,0,0.017292134,0,-0.26179939,0,0,1,-0.26179939,0,-0,1,0,0,0.1726445,0,0.43769151,141.70264,4208.431,60,0,1.134464,0,0,nan,nan,8046.9197,-138.00467,-0,-525.89476,0,0.82273155,0,0,0,0,0,0,0
51.55,3080.3296,0,-4202.6984,86.557788,0,114.70159,0,-0.76857681,0,0,0.017420287,0,-0.26179939,0,0,1,-0.26179939,0,-0,1,0,0,0.1726342,0,0.43829974,141.90968,4202.6984,60,0,1.134464,0,0,nan,nan,8075.3529,-138.4923,-0,-527.71222,0,0.81741454,0,0,0,0,0,0,0
51.6,3084.6628,0,-4196.9611,86.780701,0,114.79415,0,-0.76770273,0,0,0.01754761,0,-0.26179939,0,0,1,-0.26179939,0,-0,1,0,0,0.172624,0,0.43890506,142.11581,4196.9611,60,0,1.134464,0,0,nan,nan,8103.7518,-138.97934,-0,-529.52756,0,0.81212398,0,0,0,0,0,0,0
51.65,3089.0072,0,-4191.2192,87.004023,0,114.88516,0,-0.76682231,0,0,0.01767411,0,-0.26179939,0,0,1,-0.26179939,0,-0,1,0,0,0.17261391,0,0.43950745,142.32103,4191.2192,60,0,1.134464,0,0,nan,nan,8132.1155,-139.46578,-0,-531.34071,0,0.80685952,0,0,0,0,0,0,0
51.7,3093.3628,0,-4185.4728,87.227748,0,114.9746,0,-0.76593559,0,0,0.017799788,0,-0.26179939,0,0,1,-0.26179939,0,-0,1,0,0,0.17260391,0,0.44010693,142.52534,4185.4728,60,0,1.134464,0,0,nan,nan,8160.4434,-139.9516,-0,-533.15164,0,0.80162077,0,0,0,0,0,0,0
51.75,3097.7296,0,-4179.7219,87.45187,0,115.06247,0,-0.7650426,0,0,0.01792465,0,-0.26179939,0,0,1,-0.26179939,0,-0,1,0,0,0.17259401,0,0.44070347,142.72873,4179.7219,60,0,1.134464,0,0,nan,nan,8188.7346,-140.4368,-0,-534.96029,0,0.79640739,0,0,0,0,0,0,0
51.8,3102.1075,0,-4173.9667,87.676383,0,115.14878,0,-0.76414338,0,0,0.018048699,0,-0.26179939,0,0,1,-0.26179939,0,-0,1,0,0,0.17258421,0,0.44129708,142.93121,4173.9667,60,0,1.134464,0,0,nan,nan,8216.9885,-140.92135,-0,-536.76661,0,0.79121901,0,0,0,0,0,0,0
51.85,3106.4968,0,-4168.2072,87.901281,0,115.23352,0,-0.76323799,0,0,0.01817194,0,-0.26179939,0,0,1,-0.26179939,0,-0,1,0,0,0.1725745,0,0.44188776,143.13277,4168.2072,60,0,1.134464,0,0,nan,nan,8245.2044,-141.40526,-0,-538.57057,0,0.7860553,0,0,0,0,0,0,0
51.9,3110.8972,0,-4162.4436,88.126558,0,115.31669,0,-0.76232645,0,0,0.018294375,0,-0.26179939,0,0,1,-0.26179939,0,-0,1,0,0,0.17256489,0,0.44247551,143.33342,4162.4436,60,0,1.134464,0,0,nan,nan,8273.3814,-141.88849,-0,-540.37211,0,0.7809159,0,0,0,0,0,0,0
51.95,3115.309,0,-4156.6758,88.352207,0,115.39829,0,-0.76140881,0,0,0.018416009,0,-0.26179939,0,0,1,-0.26179939,0,-0,1,0,0,0.17255537,0,0.44306031,143.53315,4156.6758,60,0,1.134464,0,0,nan,nan,8301.5189,-142.37105,-0,-542.17119,0,0.77580048,0,0,0,0,0,0,0
52,3119.732,0,-4150.9039,88.578223,0,115.47833,0,-0.7604851,0,0,0.018536846,0,-0.26179939,0,0,1,-0.26179939,0,-0,1,0,0,0.17254595,0,0.44364218,143.73196,4150.9039,60,0,1.134464,0,0,nan,nan,8329.6162,-142.85292,-0,-543.96776,0,0.7707087,0,0,0,0,0,0,0
52.05,3124.1664,0,-4145.1281,88.804599,0,115.55679,0,-0.75955538,0,0,0.018656889,0,-0.26179939,0,0,1,-0.26179939,0,-0,1,0,0,0.17253662,0,0.4442211,143.92985,4145.1281,60,0,1.134464,0,0,nan,nan,8357.6724,-143.33408,-0,-545.76177,0,0.76564024,0,0,0,0,0,0,0
52.1,3128.612,0,-4139.3484,89.031329,0,115.63369,0,-0.75861967,0,0,0.018776141,0,-0.26179939,0,0,1,-0.26179939,0,-0,1,0,0,0.17252738,0,0.44479708,144.12682,4139.3484,60,0,1.134464,0,0,nan,nan,8385.687,-143.81453,-0,-547.55317,0,0.76059477,0,0,0,0,0,0,0
52.15,3133.069,0,-4133.5649,89.258407,0,115.70902,0,-0.75767801,0,0,0.018894607,0,-0.26179939,0,0,1,-0.26179939,0,-0,1,0,0,0.17251823,0,0.44537011,144.32286,4133.5649,60,0,1.134464,0,0,nan,nan,8413.6591,-144.29425,-0,-549.34192,0,0.75557198,0,0,0,0,0,0,0
52.2,3137.5374,0,-4127.7777,89.485826,0,115.78277,0,-0.75673046,0,0,0.01901229,0,-0.26179939,0,0,1,-0.26179939,0,-0,1,0,0,0.17250917,0,0.44594018,144.51799,4127.7777,60,0,1.134464,0,0,nan,nan,8441.5881,-144.77324,-0,-551.12798,0,0.75057155,0,0,0,0,0,0,0
52.25,3142.0172,0,-4121.9868,89.71358,0,115.85496,0,-0.75577703,0,0,0.019129193,0,-0.26179939,0,0,1,-0.26179939,0,-0,1,0,0,0.1725002,0,0.4465073,144.71218,4121.9868,60,0,1.134464,0,0,nan,nan,8469.4732,-145.25146,-0,-552.91129,0,0.74559316,0,0,0,0,0,0,0
52.3,3146.5083,0,-4116.1924,89.941663,0,115.92557,0,-0.75481778,0,0,0.01924532,0,-0.26179939,0,0,1,-0.26179939,0,-0,1,0,0,0.17249132,0,0.44707147,144.90546,4116.1924,60,0,1.134464,0,0,nan,nan,8497.3136,-145.72893,-0,-554.69182,0,0.74063652,0,0,0,0,0,0,0
52.35,3151.0109,0,-4110.3944,90.170069,0,115.99461,0,-0.75385275,0,0,0.019360674,0,-0.26179939,0,0,1,-0.26179939,0,-0,1,0,0,0.17248252,0,0.44763268,145.0978,4110.3944,60,0,1.134464,0,0,nan,nan,8525.1088,-146.20562,-0,-556.4695,0,0.73570133,0,0,0,0,0,0,0
52.4,3155.5249,0,-4104.5931,90.39879,0,116.06209,0,-0.75288196,0,0,0.019475259,0,-0.26179939,0,0,1,-0.26179939,0,-0,1,0,0,0.17247382,0,0.44819093,145.28922,4104.5931,60,0,1.134464,0,0,nan,nan,8552.8579,-146.68151,-0,-558.24431,0,0.73078728,0,0,0,0,0,0,0
52.45,3160.0503,0,-4098.7884,90.627821,0,116.12799,0,-0.75190546,0,0,0.019589077,0,-0.26179939,0,0,1,-0.26179939,0,-0,1,0,0,0.17246519,0,0.44874622,145.4797,4098.7884,60,0,1.134464,0,0,nan,nan,8580.5603,-147.15661,-0,-560.01618,0,0.72589409,0,0,0,0,0,0,0
52.5,3164.5872,0,-4092.9804,90.857155,0,116.19232,0,-0.75092329,0,0,0.019702132,0,-0.26179939,0,0,1,-0.26179939,0,-0,1,0,0,0.17245665,0,0.44929855,145.66926,4092.9804,60,0,1.134464,0,0,nan,nan,8608.2152,-147.63089,-0,-561.78509,0,0.72102147,0,0,0,0,0,0,0
52.55,3169.1356,0,-4087.1693,91.086785,0,116.25508,0,-0.74993549,0,0,0.019814427,0,-0.26179939,0,0,1,-0.26179939,0,-0,1,0,0,0.1724482,0,0.44984791,145.85789,4087.1693,60,0,1.134464,0,0,nan,nan,8635.8219,-148.10435,-0,-563.55097,0,0.71616914,0,0,0,0,0,0,0
52.6,3173.6954,0,-4081.3551,91.316705,0,116.31626,0,-0.74894208,0,0,0.019925966,0,-0.26179939,0,0,1,-0.26179939,0,-0,1,0,0,0.17243983,0,0.4503943,146.04559,4081.3551,60,0,1.134464,0,0,nan,nan,8663.3797,-148.57696,-0,-565.31378,0,0.71133681,0,0,0,0,0,0,0
52.65,3178.2668,0,-4075.5378,91.546909,0,116.37588,0,-0.74794312,0,0,0.020036751,0,-0.26179939,0,0,1,-0.26179939,0,-0,1,0,0,0.17243154,0,0.45093772,146.23235,4075.5378,60,0,1.134464,0,0,nan,nan,8690.888,-149.04873,-0,-567.07348,0,0.70652422,0,0,0,0,0,0,0
52.7,3182.8497,0,-4069.7176,91.77739,0,116.43392,0,-0.74693864,0,0,0.020146786,0,-0.26179939,0,0,1,-0.26179939,0,-0,1,0,0,0.17242333,0,0.45147817,146.41818,4069.7176,60,0,1.134464,0,0,nan,nan,8718.3459,-149.51963,-0,-568.83003,0,0.7017311,0,0,0,0,0,0,0
52.75,3187.4441,0,-4063.8946,92.008142,0,116.4904,0,-0.74592868,0,0,0.020256073,0,-0.26179939,0,0,1,-0.26179939,0,-0,1,0,0,0.17241521,0,0.45201565,146.60308,4063.8946,60,0,1.134464,0,0,nan,nan,8745.7528,-149.98966,-0,-570.58337,0,0.69695717,0,0,0,0,0,0,0
52.8,3192.05,0,-4058.0687,92.239157,0,116.5453,0,-0.74491327,0,0,0.020364616,0,-0.26179939,0,0,1,-0.26179939,0,-0,1,0,0,0.17240716,0,0.45255016,146.78704,4058.0687,60,0,1.134464,0,0,nan,nan,8773.108,-150.4588,-0,-572.33347,0,0.69220217,0,0,0,0,0,0,0
52.85,3196.6675,0,-4052.2402,92.47043,0,116.59863,0,-0.74389244,0,0,0.020472417,0,-0.26179939,0,0,1,-0.26179939,0,-0,1,0,0,0.17239919,0,0.45308169,146.97006,4052.2402,60,0,1.134464,0,0,nan,nan,8800.4107,-150.92704,-0,-574.08027,0,0.68746586,0,0,0,0,0,0,0
52.9,3201.2966,0,-4046.409,92.701953,0,116.6504,0,-0.74286625,0,0,0.02057948,0,-0.26179939,0,0,1,-0.26179939,0,-0,1,0,0,0.1723913,0,0.45361025,147.15215,4046.409,60,0,1.134464,0,0,nan,nan,8827.6604,-151.39438,-0,-575.82374,0,0.68274796,0,0,0,0,0,0,0
52.95,3205.9373,0,-4040.5753,92.93372,0,116.70059,0,-0.74183472,0,0,0.020685806,0,-0.26179939,0,0,1,-0.26179939,0,-0,1,0,0,0.17238349,0,0.45413582,147.3333,4040.5753,60,0,1.134464,0,0,nan,nan,8854.8562,-151.86078,-0,-577.56382,0,0.67804824,0,0,0,0,0,0,0
53,3210.5895,0,-4034.7391,93.165724,0,116.74921,0,-0.74079789,0,0,0.0207914,0,-0.26179939,0,0,1,-0.26179939,0,-0,1,0,0,0.17237576,0,0.45465842,147.51351,4034.7391,60,0,1.134464,0,0,nan,nan,8881.9975,-152.32626,-0,-579.30047,0,0.67336645,0,0,0,0,0,0,0
53.05,3215.2534,0,-4028.9005,93.397959,0,116.79627,0,-0.7397558,0,0,0.020896263,0,-0.26179939,0,0,1,-0.26179939,0,-0,1,0,0,0.17236811,0,0.45517804,147.69279,4028.9005,60,0,1.134464,0,0,nan,nan,8909.0836,-152.79078,-0,-581.03365,0,0.66870234,0,0,0,0,0,0,0
53.1,3219.9289,0,-4023.0596,93.630418,0,116.84175,0,-0.73870849,0,0,0.021000399,0,-0.26179939,0,0,1,-0.26179939,0,-0,1,0,0,0.17236052,0,0.45569467,147.87112,4023.0596,60,0,1.134464,0,0,nan,nan,8936.1138,-153.25435,-0,-582.76332,0,0.66405567,0,0,0,0,0,0,0
53.15,3224.616,0,-4017.2164,93.863093,0,116.88567,0,-0.73765598,0,0,0.021103811,0,-0.26179939,0,0,1,-0.26179939,0,-0,1,0,0,0.17235302,0,0.45620832,148.04851,4017.2164,60,0,1.134464,0,0,nan,nan,8963.0874,-153.71695,-0,-584.48942,0,0.65942621,0,0,0,0,0,0,0
53.2,3229.3147,0,-4011.3711,94.09598,0,116.92802,0,-0.73659833,0,0,0.0212065,0,-0.26179939,0,0,1,-0.26179939,0,-0,1,0,0,0.17234559,0,0.45671899,148.22497,4011.3711,60,0,1.134464,0,0,nan,nan,8990.0037,-154.17856,-0,-586.21192,0,0.65481373,0,0,0,0,0,0,0
53.25,3234.0251,0,-4005.5237,94.329069,0,116.96881,0,-0.73553555,0,0,0.02130847,0,-0.26179939,0,0,1,-0.26179939,0,-0,1,0,0,0.17233823,0,0.45722668,148.40048,4005.5237,60,0,1.134464,0,0,nan,nan,9016.862,-154.63918,-0,-587.93077,0,0.650218,0,0,0,0,0,0,0
53.3,3238.7471,0,-3999.6743,94.562356,0,117.00803,0,-0.73446769,0,0,0.021409722,0,-0.26179939,0,0,1,-0.26179939,0,-0,1,0,0,0.17233095,0,0.45773137,148.57505,3999.6743,60,0,1.134464,0,0,nan,nan,9043.6617,-155.0988,-0,-589.64592,0,0.64563879,0,0,0,0,0,0,0
53.35,3243.4809,0,-3993.823,94.795832,0,117.04568,0,-0.73339479,0,0,0.021510261,0,-0.26179939,0,0,1,-0.26179939,0,-0,1,0,0,0.17232374,0,0.45823309,148.74867,3993.823,60,0,1.134464,0,0,nan,nan,9070.402,-155.55739,-0,-591.35734,0,0.64107588,0,0,0,0,0,0,0
53.4,3248.2263,0,-3987.9699,95.029492,0,117.08178,0,-0.73231688,0,0,0.021610088,0,-0.26179939,0,0,1,-0.26179939,0,-0,1,0,0,0.1723166,0,0.45873181,148.92135,3987.9699,60,0,1.134464,0,0,nan,nan,9097.0823,-156.01496,-0,-593.06498,0,0.63652906,0,0,0,0,0,0,0
53.45,3252.9833,0,-3982.1149,95.263328,0,117.1163,0,-0.73123399,0,0,0.021709206,0,-0.26179939,0,0,1,-0.26179939,0,-0,1,0,0,0.17230953,0,0.45922755,149.09309,3982.1149,60,0,1.134464,0,0,nan,nan,9123.7019,-156.47149,-0,-594.76879,0,0.63199811,0,0,0,0,0,0,0
53.5,3257.7521,0,-3976.2583,95.497333,0,117.14927,0,-0.73014617,0,0,0.021807616,0,-0.26179939,0,0,1,-0.26179939,0,-0,1,0,0,0.17230253,0,0.4597203,149.26389,3976.2583,60,0,1.134464,0,0,nan,nan,9150.2602,-156.92696,-0,-596.46874,0,0.62748282,0,0,0,0,0,0,0
53.55,3262.5326,0,-3970.4001,95.731501,0,117.18067,0,-0.72905344,0,0,0.021905323,0,-0.26179939,0,0,1,-0.26179939,0,-0,1,0,0,0.17229561,0,0.46021006,149.43373,3970.4001,60,0,1.134464,0,0,nan,nan,9176.7564,-157.38137,-0,-598.16477,0,0.62298298,0,0,0,0,0,0,0
53.6,3267.3248,0,-3964.5403,95.965824,0,117.21051,0,-0.72795584,0,0,0.022002327,0,-0.26179939,0,0,1,-0.26179939,0,-0,1,0,0,0.17228875,0,0.46069683,149.60264,3964.5403,60,0,1.134464,0,0,nan,nan,9203.1898,-157.83471,-0,-599.85685,0,0.61849838,0,0,0,0,0,0,0
53.65,3272.1287,0,-3958.6791,96.200297,0,117.2388,0,-0.72685341,0,0,0.022098632,0,-0.26179939,0,0,1,-0.26179939,0,-0,1,0,0,0.17228196,0,0.46118061,149.77059,3958.6791,60,0,1.134464,0,0,nan,nan,9229.5599,-158.28695,-0,-601.54493,0,0.61402884,0,0,0,0,0,0,0
53.7,3276.9444,0,-3952.8165,96.434911,0,117.26552,0,-0.72574618,0,0,0.02219424,0,-0.26179939,0,0,1,-0.26179939,0,-0,1,0,0,0.17227524,0,0.4616614,149.9376,3952.8165,60,0,1.134464,0,0,nan,nan,9255.8659,-158.7381,-0,-603.22897,0,0.60957414,0,0,0,0,0,0,0
53.75,3281.7718,0,-3946.9527,96.66966,0,117.29069,0,-0.72463419,0,0,0.022289153,0,-0.26179939,0,0,1,-0.26179939,0,-0,1,0,0,0.17226859,0,0.46213921,150.10367,3946.9527,60,0,1.134464,0,0,nan,nan,9282.1071,-159.18814,-0,-604.90893,0,0.60513409,0,0,0,0,0,0,0
53.8,3286.6109,0,-3941.0876,96.904537,0,117.3143,0,-0.72351747,0,0,0.022383373,0,-0.26179939,0,0,1,-0.26179939,0,-0,1,0,0,0.17226201,0,0.46261402,150.26878,3941.0876,60,0,1.134464,0,0,nan,nan,9308.283,-159.63705,-0,-606.58477,0,0.60070851,0,0,0,0,0,0,0
53.85,3291.4617,0,-3935.2213,97.139535,0,117.33636,0,-0.72239605,0,0,0.022476903,0,-0.26179939,0,0,1,-0.26179939,0,-0,1,0,0,0.17225549,0,0.46308584,150.43295,3935.2213,60,0,1.134464,0,0,nan,nan,9334.3929,-160.08484,-0,-608.25644,0,0.59629719,0,0,0,0,0,0,0
53.9,3296.3244,0,-3929.354,97.374647,0,117.35686,0,-0.72126998,0,0,0.022569744,0,-0.26179939,0,0,1,-0.26179939,0,-0,1,0,0,0.17224904,0,0.46355466,150.59617,3929.354,60,0,1.134464,0,0,nan,nan,9360.436,-160.53148,-0,-609.92389,0,0.59189997,0,0,0,0,0,0,0
53.95,3301.1987,0,-3923.4857,97.609866,0,117.37581,0,-0.72013927,0,0,0.0226619,0,-0.26179939,0,0,1,-0.26179939,0,-0,1,0,0,0.17224265,0,0.4640205,150.75844,3923.4857,60,0,1.134464,0,0,nan,nan,9386.4118,-160.97696,-0,-611.5871,0,0.58751665,0,0,0,0,0,0,0
54,3306.0849,0,-3917.6165,97.845185,0,117.39321,0,-0.71900398,0,0,0.022753371,0,-0.26179939,0,0,1,-0.26179939,0,-0,1,0,0,0.17223633,0,0.46448335,150.91977,3917.6165,60,0,1.134464,0,0,nan,nan,9412.3195,-161.42128,-0,-613.24601,0,0.58314705,0,0,0,0,0,0,0
54.05,3310.9828,0,-3911.7464,98.080597,0,117.40907,0,-0.71786413,0,0,0.022844161,0,-0.26179939,0,0,1,-0.26179939,0,-0,1,0,0,0.17223008,0,0.46494321,151.08014,3911.7464,60,0,1.134464,0,0,nan,nan,9438.1586,-161.86442,-0,-614.90059,0,0.578791,0,0,0,0,0,0,0
54.1,3315.8925,0,-3905.8756,98.316095,0,117.42337,0,-0.71671976,0,0,0.022934271,0,-0.26179939,0,0,1,-0.26179939,0,-0,1,0,0,0.17222389,0,0.46540007,151.23956,3905.8756,60,0,1.134464,0,0,nan,nan,9463.9284,-162.30637,-0,-616.55079,0,0.57444832,0,0,0,0,0,0,0
54.15,3320.8139,0,-3900.0041,98.551672,0,117.43613,0,-0.71557089,0,0,0.023023704,0,-0.26179939,0,0,1,-0.26179939,0,-0,1,0,0,0.17221776,0,0.46585395,151.39804,3900.0041,60,0,1.134464,0,0,nan,nan,9489.6282,-162.74712,-0,-618.19658,0,0.57011885,0,0,0,0,0,0,0
54.2,3325.7472,0,-3894.1321,98.78732,0,117.44734,0,-0.71441758,0,0,0.023112461,0,-0.26179939,0,0,1,-0.26179939,0,-0,1,0,0,0.17221169,0,0.46630484,151.55556,3894.1321,60,0,1.134464,0,0,nan,nan,9515.2575,-163.18667,-0,-619.8379,0,0.56580241,0,0,0,0,0,0,0
54.25,3330.6922,0,-3888.2594,99.023034,0,117.45701,0,-0.71325984,0,0,0.023200545,0,-0.26179939,0,0,1,-0.26179939,0,-0,1,0,0,0.17220569,0,0.46675273,151.71214,3888.2594,60,0,1.134464,0,0,nan,nan,9540.8155,-163.62499,-0,-621.47473,0,0.56149884,0,0,0,0,0,0,0
54.3,3335.649,0,-3882.3864,99.258805,0,117.46514,0,-0.71209771,0,0,0.023287957,0,-0.26179939,0,0,1,-0.26179939,0,-0,1,0,0,0.17219975,0,0.46719764,151.86776,3882.3864,60,0,1.134464,0,0,nan,nan,9566.3016,-164.06207,-0,-623.10701,0,0.55720797,0,0,0,0,0,0,0
54.35,3340.6176,0,-3876.513,99.494627,0,117.47173,0,-0.71093123,0,0,0.0233747,0,-0.26179939,0,0,1,-0.26179939,0,-0,1,0,0,0.17219387,0,0.46763956,152.02243,3876.513,60,0,1.134464,0,0,nan,nan,9591.7152,-164.49792,-0,-624.73471,0,0.55292965,0,0,0,0,0,0,0
54.4,3345.598,0,-3870.6393,99.730493,0,117.47678,0,-0.70976042,0,0,0.023460775,0,-0.26179939,0,0,1,-0.26179939,0,-0,1,0,0,0.17218806,0,0.46807849,152.17615,3870.6393,60,0,1.134464,0,0,nan,nan,9617.0556,-164.9325,-0,-626.3578,0,0.54866372,0,0,0,0,0,0,0
54.45,3350.5902,0,-3864.7653,99.966395,0,117.48029,0,-0.70858533,0,0,0.023546184,0,-0.26179939,0,0,1,-0.26179939,0,-0,1,0,0,0.1721823,0,0.46851443,152.32892,3864.7653,60,0,1.134464,0,0,nan,nan,9642.3223,-165.36583,-0,-627.97622,0,0.54441002,0,0,0,0,0,0,0
54.5,3355.5942,0,-3858.8913,100.20233,0,117.48227,0,-0.70740599,0,0,0.02363093,0,-0.26179939,0,0,1,-0.26179939,0,-0,1,0,0,0.1721766,0,0.46894739,152.48074,3858.8913,60,0,1.134464,0,0,nan,nan,9667.5146,-165.79788,-0,-629.58993,0,0.54016841,0,0,0,0,0,0,0
54.55,3360.6099,0,-3853.0171,100.43828,0,117.48272,0,-0.70622242,0,0,0.023715014,0,-0.26179939,0,0,1,-0.26179939,0,-0,1,0,0,0.17217097,0,0.46937735,152.63161,3853.0171,60,0,1.134464,0,0,nan,nan,9692.6319,-166.22864,-0,-631.19891,0,0.53593872,0,0,0,0,0,0,0
54.6,3365.6375,0,-3847.143,100.67425,0,117.48164,0,-0.70503466,0,0,0.023798438,0,-0.26179939,0,0,1,-0.26179939,0,-0,1,0,0,0.17216539,0,0.46980434,152.78153,3847.143,60,0,1.134464,0,0,nan,nan,9717.6736,-166.6581,-0,-632.80311,0,0.53172082,0,0,0,0,0,0,0
54.65,3370.6769,0,-3841.269,100.91023,0,117.47903,0,-0.70384275,0,0,0.023881204,0,-0.26179939,0,0,1,-0.26179939,0,-0,1,0,0,0.17215987,0,0.47022834,152.93049,3841.269,60,0,1.134464,0,0,nan,nan,9742.639,-167.08626,-0,-634.40248,0,0.52751456,0,0,0,0,0,0,0
54.7,3375.7281,0,-3835.3951,101.14621,0,117.4749,0,-0.70264672,0,0,0.023963313,0,-0.26179939,0,0,1,-0.26179939,0,-0,1,0,0,0.17215441,0,0.47064935,153.07851,3835.3951,60,0,1.134464,0,0,nan,nan,9767.5275,-167.5131,-0,-635.997,0,0.5233198,0,0,0,0,0,0,0
54.75,3380.791,0,-3829.5215,101.38218,0,117.46924,0,-0.7014466,0,0,0.024044768,0,-0.26179939,0,0,1,-0.26179939,0,-0,1,0,0,0.17214901,0,0.47106738,153.22557,3829.5215,60,0,1.134464,0,0,nan,nan,9792.3385,-167.93861,-0,-637.58661,0,0.51913639,0,0,0,0,0,0,0
54.8,3385.8658,0,-3823.6482,101.61814,0,117.46206,0,-0.70024241,0,0,0.02412557,0,-0.26179939,0,0,1,-0.26179939,0,-0,1,0,0,0.17214367,0,0.47148244,153.37168,3823.6482,60,0,1.134464,0,0,nan,nan,9817.0715,-168.36278,-0,-639.17129,0,0.51496421,0,0,0,0,0,0,0
54.85,3390.9524,0,-3817.7753,101.85408,0,117.45336,0,-0.69903421,0,0,0.024205721,0,-0.26179939,0,0,1,-0.26179939,0,-0,1,0,0,0.17213838,0,0.47189451,153.51684,3817.7753,60,0,1.134464,0,0,nan,nan,9841.7258,-168.7856,-0,-640.75099,0,0.51080311,0,0,0,0,0,0,0
54.9,3396.0507,0,-3811.9029,102.08999,0,117.44314,0,-0.69782201,0,0,0.024285223,0,-0.26179939,0,0,1,-0.26179939,0,-0,1,0,0,0.17213315,0,0.4723036,153.66104,3811.9029,60,0,1.134464,0,0,nan,nan,9866.3008,-169.20706,-0,-642.32568,0,0.50665296,0,0,0,0,0,0,0
54.95,3401.1609,0,-3806.031,102.32586,0,117.43141,0,-0.69660586,0,0,0.024364076,0,-0.26179939,0,0,1,-0.26179939,0,-0,1,0,0,0.17212798,0,0.47270971,153.8043,3806.031,60,0,1.134464,0,0,nan,nan,9890.7958,-169.62715,-0,-643.89531,0,0.50251364,0,0,0,0,0,0,0
55,3406.2829,0,-3800.1597,102.5617,0,117.41816,0,-0.69538577,0,0,0.024442284,0,-0.26179939,0,0,1,-0.26179939,0,-0,1,0,0,0.17212286,0,0.47311284,153.9466,3800.1597,60,0,1.134464,0,0,nan,nan,9915.2104,-170.04586,-0,-645.45985,0,0.49838502,0,0,0,0,0,0,0
55.05,3411.4166,0,-3794.2892,102.79748,0,117.40341,0,-0.69416179,0,0,0.024519848,0,-0.26179939,0,0,1,-0.26179939,0,-0,1,0,0,0.1721178,0,0.473513,154.08796,3794.2892,60,0,1.134464,0,0,nan,nan,9939.544,-170.46318,-0,-647.01926,0,0.49426696,0,0,0,0,0,0,0
55.1,3416.5621,0,-3788.4194,103.03321,0,117.38715,0,-0.69293395,0,0,0.024596769,0,-0.26179939,0,0,1,-0.26179939,0,-0,1,0,0,0.1721128,0,0.47391018,154.22836,3788.4194,60,0,1.134464,0,0,nan,nan,9963.7958,-170.8791,-0,-648.57351,0,0.49015935,0,0,0,0,0,0,0
55.15,3421.7195,0,-3782.5505,103.26888,0,117.36938,0,-0.69170228,0,0,0.024673049,0,-0.26179939,0,0,1,-0.26179939,0,-0,1,0,0,0.17210784,0,0.4743044,154.36781,3782.5505,60,0,1.134464,0,0,nan,nan,9987.9654,-171.29361,-0,-650.12255,0,0.48606207,0,0,0,0,0,0,0
55.2,3426.8886,0,-3776.6824,103.50447,0,117.35011,0,-0.69046681,0,0,0.02474869,0,-0.26179939,0,0,1,-0.26179939,0,-0,1,0,0,0.17210295,0,0.47469564,154.5063,3776.6824,60,0,1.134464,0,0,nan,nan,10012.052,-171.70669,-0,-651.66635,0,0.48197499,0,0,0,0,0,0,0
55.25,3432.0694,0,-3770.8154,103.73999,0,117.32934,0,-0.68922757,0,0,0.024823692,0,-0.26179939,0,0,1,-0.26179939,0,-0,1,0,0,0.17209811,0,0.47508391,154.64385,3770.8154,60,0,1.134464,0,0,nan,nan,10036.055,-172.11835,-0,-653.20487,0,0.477898,0,0,0,0,0,0,0
55.3,3437.2621,0,-3764.9495,103.97542,0,117.30708,0,-0.6879846,0,0,0.024898059,0,-0.26179939,0,0,1,-0.26179939,0,-0,1,0,0,0.17209332,0,0.47546921,154.78045,3764.9495,60,0,1.134464,0,0,nan,nan,10059.975,-172.52857,-0,-654.73807,0,0.47383099,0,0,0,0,0,0,0
55.35,3442.4665,0,-3759.0847,104.21076,0,117.28332,0,-0.68673793,0,0,0.02497179,0,-0.26179939,0,0,1,-0.26179939,0,-0,1,0,0,0.17208858,0,0.47585154,154.91609,3759.0847,60,0,1.134464,0,0,nan,nan,10083.81,-172.93734,-0,-656.26593,0,0.46977384,0,0,0,0,0,0,0
55.4,3447.6827,0,-3753.2211,104.44601,0,117.25807,0,-0.68548758,0,0,0.025044889,0,-0.26179939,0,0,1,-0.26179939,0,-0,1,0,0,0.1720839,0,0.47623091,155.05079,3753.2211,60,0,1.134464,0,0,nan,nan,10107.559,-173.34464,-0,-657.78839,0,0.46572645,0,0,0,0,0,0,0
55.45,3452.9106,0,-3747.3589,104.68114,0,117.23133,0,-0.68423359,0,0,0.025117356,0,-0.26179939,0,0,1,-0.26179939,0,-0,1,0,0,0.17207927,0,0.47660732,155.18453,3747.3589,60,0,1.134464,0,0,nan,nan,10131.223,-173.75048,-0,-659.30543,0,0.46168869,0,0,0,0,0,0,0
55.5,3458.1503,0,-3741.498,104.91616,0,117.2031,0,-0.682976,0,0,0.025189192,0,-0.26179939,0,0,1,-0.26179939,0,-0,1,0,0,0.17207469,0,0.47698076,155.31733,3741.498,60,0,1.134464,0,0,nan,nan,10154.801,-174.15484,-0,-660.81701,0,0.45766048,0,0,0,0,0,0,0
55.55,3463.4018,0,-3735.6385,105.15107,0,117.1734,0,-0.68171483,0,0,0.0252604,0,-0.26179939,0,0,1,-0.26179939,0,-0,1,0,0,0.17207017,0,0.47735125,155.44917,3735.6385,60,0,1.134464,0,0,nan,nan,10178.292,-174.5577,-0,-662.3231,0,0.4536417,0,0,0,0,0,0,0
55.6,3468.665,0,-3729.7806,105.38584,0,117.14221,0,-0.68045011,0,0,0.025330981,0,-0.26179939,0,0,1,-0.26179939,0,-0,1,0,0,0.17206569,0,0.47771877,155.58007,3729.7806,60,0,1.134464,0,0,nan,nan,10201.695,-174.95907,-0,-663.82365,0,0.44963225,0,0,0,0,0,0,0
55.65,3473.9399,0,-3723.9243,105.62048,0,117.10954,0,-0.67918188,0,0,0.025400936,0,-0.26179939,0,0,1,-0.26179939,0,-0,1,0,0,0.17206127,0,0.47808335,155.71001,3723.9243,60,0,1.134464,0,0,nan,nan,10225.011,-175.35894,-0,-665.31864,0,0.44563203,0,0,0,0,0,0,0
55.7,3479.2265,0,-3718.0696,105.85498,0,117.07541,0,-0.67791017,0,0,0.025470266,0,-0.26179939,0,0,1,-0.26179939,0,-0,1,0,0,0.1720569,0,0.47844496,155.83901,3718.0696,60,0,1.134464,0,0,nan,nan,10248.238,-175.75728,-0,-666.80802,0,0.44164094,0,0,0,0,0,0,0
55.75,3484.5249,0,-3712.2167,106.08932,0,117.0398,0,-0.676635,0,0,0.025538974,0,-0.26179939,0,0,1,-0.26179939,0,-0,1,0,0,0.17205258,0,0.47880363,155.96706,3712.2167,60,0,1.134464,0,0,nan,nan,10271.376,-176.1541,-0,-668.29177,0,0.43765889,0,0,0,0,0,0,0
55.8,3489.835,0,-3706.3656,106.32352,0,117.00272,0,-0.67535642,0,0,0.02560706,0,-0.26179939,0,0,1,-0.26179939,0,-0,1,0,0,0.17204831,0,0.47915935,156.09416,3706.3656,60,0,1.134464,0,0,nan,nan,10294.424,-176.54938,-0,-669.76985,0,0.43368578,0,0,0,0,0,0,0
55.85,3495.1568,0,-3700.5164,106.55754,0,116.96419,0,-0.67407444,0,0,0.025674526,0,-0.26179939,0,0,1,-0.26179939,0,-0,1,0,0,0.17204409,0,0.47951212,156.22031,3700.5164,60,0,1.134464,0,0,nan,nan,10317.383,-176.94312,-0,-671.24222,0,0.42972152,0,0,0,0,0,0,0
55.9,3500.4903,0,-3694.6691,106.7914,0,116.92419,0,-0.67278911,0,0,0.025741373,0,-0.26179939,0,0,1,-0.26179939,0,-0,1,0,0,0.17203992,0,0.47986194,156.34552,3694.6691,60,0,1.134464,0,0,nan,nan,10340.251,-177.3353,-0,-672.70885,0,0.42576601,0,0,0,0,0,0,0
55.95,3505.8355,0,-3688.8239,107.02508,0,116.88273,0,-0.67150045,0,0,0.025807603,0,-0.26179939,0,0,1,-0.26179939,0,-0,1,0,0,0.1720358,0,0.48020883,156.46977,3688.8239,60,0,1.134464,0,0,nan,nan,10363.027,-177.72592,-0,-674.16971,0,0.42181918,0,0,0,0,0,0,0
56,3511.1923,0,-3682.9808,107.25858,0,116.83982,0,-0.67020849,0,0,0.025873217,0,-0.26179939,0,0,1,-0.26179939,0,-0,1,0,0,0.17203173,0,0.48055277,156.59309,3682.9808,60,0,1.134464,0,0,nan,nan,10385.712,-178.11496,-0,-675.62476,0,0.41788092,0,0,0,0,0,0,0
56.05,3516.5608,0,-3677.1398,107.49188,0,116.79546,0,-0.66891327,0,0,0.025938216,0,-0.26179939,0,0,1,-0.26179939,0,-0,1,0,0,0.17202771,0,0.48089377,156.71545,3677.1398,60,0,1.134464,0,0,nan,nan,10408.305,-178.50243,-0,-677.07398,0,0.41395116,0,0,0,0,0,0,0
56.1,3521.941,0,-3671.3012,107.72499,0,116.74965,0,-0.66761481,0,0,0.026002602,0,-0.26179939,0,0,1,-0.26179939,0,-0,1,0,0,0.17202373,0,0.48123185,156.83687,3671.3012,60,0,1.134464,0,0,nan,nan,10430.805,-178.8883,-0,-678.51732,0,0.41002982,0,0,0,0,0,0,0
56.15,3527.3329,0,-3665.4648,107.95789,0,116.7024,0,-0.66631315,0,0,0.026066375,0,-0.26179939,0,0,1,-0.26179939,0,-0,1,0,0,0.17201981,0,0.48156698,156.95734,3665.4648,60,0,1.134464,0,0,nan,nan,10453.211,-179.27258,-0,-679.95475,0,0.4061168,0,0,0,0,0,0,0
56.2,3532.7364,0,-3659.6308,108.19057,0,116.65371,0,-0.66500831,0,0,0.026129538,0,-0.26179939,0,0,1,-0.26179939,0,-0,1,0,0,0.17201593,0,0.48189919,157.07687,3659.6308,60,0,1.134464,0,0,nan,nan,10475.524,-179.65524,-0,-681.38625,0,0.40221204,0,0,0,0,0,0,0
56.25,3538.1515,0,-3653.7994,108.42304,0,116.60358,0,-0.66370033,0,0,0.026192091,0,-0.26179939,0,0,1,-0.26179939,0,-0,1,0,0,0.1720121,0,0.48222847,157.19546,3653.7994,60,0,1.134464,0,0,nan,nan,10497.743,-180.03629,-0,-682.81177,0,0.39831544,0,0,0,0,0,0,0
56.3,3543.5782,0,-3647.9704,108.65528,0,116.55202,0,-0.66238923,0,0,0.026254036,0,-0.26179939,0,0,1,-0.26179939,0,-0,1,0,0,0.17200832,0,0.48255483,157.3131,3647.9704,60,0,1.134464,0,0,nan,nan,10519.867,-180.41572,-0,-684.23129,0,0.39442695,0,0,0,0,0,0,0
56.35,3549.0165,0,-3642.1441,108.88728,0,116.49903,0,-0.66107506,0,0,0.026315374,0,-0.26179939,0,0,1,-0.26179939,0,-0,1,0,0,0.17200458,0,0.48287826,157.4298,3642.1441,60,0,1.134464,0,0,nan,nan,10541.896,-180.79351,-0,-685.64478,0,0.39054647,0,0,0,0,0,0,0
56.4,3554.4665,0,-3636.3204,109.11904,0,116.44462,0,-0.65975783,0,0,0.026376107,0,-0.26179939,0,0,1,-0.26179939,0,-0,1,0,0,0.17200089,0,0.48319877,157.54555,3636.3204,60,0,1.134464,0,0,nan,nan,10563.829,-181.16966,-0,-687.0522,0,0.38667393,0,0,0,0,0,0,0
56.45,3559.928,0,-3630.4995,109.35056,0,116.38878,0,-0.65843758,0,0,0.026436235,0,-0.26179939,0,0,1,-0.26179939,0,-0,1,0,0,0.17199725,0,0.48351637,157.66036,3630.4995,60,0,1.134464,0,0,nan,nan,10585.665,-181.54416,-0,-688.45352,0,0.38280927,0,0,0,0,0,0,0
56.5,3565.401,0,-3624.6815,109.58182,0,116.33153,0,-0.65711434,0,0,0.026495759,0,-0.26179939,0,0,1,-0.26179939,0,-0,1,0,0,0.17199365,0,0.48383106,157.77424,3624.6815,60,0,1.134464,0,0,nan,nan,10607.405,-181.917,-0,-689.84872,0,0.37895242,0,0,0,0,0,0,0
56.55,3570.8857,0,-3618.8663,109.81282,0,116.27287,0,-0.65578813,0,0,0.026554682,0,-0.26179939,0,0,1,-0.26179939,0,-0,1,0,0,0.1719901,0,0.48414283,157.88717,3618.8663,60,0,1.134464,0,0,nan,nan,10629.048,-182.28817,-0,-691.23775,0,0.3751033,0,0,0,0,0,0,0
56.6,3576.3819,0,-3613.0541,110.04354,0,116.21279,0,-0.65445899,0,0,0.026613003,0,-0.26179939,0,0,1,-0.26179939,0,-0,1,0,0,0.1719866,0,0.4844517,157.99916,3613.0541,60,0,1.134464,0,0,nan,nan,10650.593,-182.65766,-0,-692.6206,0,0.37126184,0,0,0,0,0,0,0
56.65,3581.8896,0,-3607.2449,110.274,0,116.15131,0,-0.65312696,0,0,0.026670725,0,-0.26179939,0,0,1,-0.26179939,0,-0,1,0,0,0.17198314,0,0.48475766,158.11021,3607.2449,60,0,1.134464,0,0,nan,nan,10672.039,-183.02548,-0,-693.99722,0,0.36742799,0,0,0,0,0,0,0
56.7,3587.4088,0,-3601.4388,110.50416,0,116.08843,0,-0.65179205,0,0,0.026727849,0,-0.26179939,0,0,1,-0.26179939,0,-0,1,0,0,0.17197973,0,0.48506072,158.22032,3601.4388,60,0,1.134464,0,0,nan,nan,10693.388,-183.3916,-0,-695.36759,0,0.36360168,0,0,0,0,0,0,0
56.75,3592.9395,0,-3595.636,110.73404,0,116.02416,0,-0.6504543,0,0,0.026784375,0,-0.26179939,0,0,1,-0.26179939,0,-0,1,0,0,0.17197636,0,0.48536089,158.32949,3595.636,60,0,1.134464,0,0,nan,nan,10714.636,-183.75602,-0,-696.73169,0,0.35978284,0,0,0,0,0,0,0
56.8,3598.4817,0,-3589.8363,110.96362,0,115.95849,0,-0.64911373,0,0,0.026840305,0,-0.26179939,0,0,1,-0.26179939,0,-0,1,0,0,0.17197304,0,0.48565816,158.43773,3589.8363,60,0,1.134464,0,0,nan,nan,10735.786,-184.11873,-0,-698.08947,0,0.35597142,0,0,0,0,0,0,0
56.85,3604.0354,0,-3584.04,111.1929,0,115.89143,0,-0.64777039,0,0,0.02689564,0,-0.26179939,0,0,1,-0.26179939,0,-0,1,0,0,0.17196976,0,0.48595253,158.54503,3584.04,60,0,1.134464,0,0,nan,nan,10756.835,-184.47972,-0,-699.44092,0,0.35216735,0,0,0,0,0,0,0
56.9,3609.6006,0,-3578.2471,111.42187,0,115.82298,0,-0.64642429,0,0,0.026950382,0,-0.26179939,0,0,1,-0.26179939,0,-0,1,0,0,0.17196653,0,0.48624402,158.65139,3578.2471,60,0,1.134464,0,0,nan,nan,10777.784,-184.839,-0,-700.78599,0,0.34837058,0,0,0,0,0,0,0
56.95,3615.1771,0,-3572.4576,111.65051,0,115.75316,0,-0.64507547,0,0,0.02700453,0,-0.26179939,0,0,1,-0.26179939,0,-0,1,0,0,0.17196334,0,0.48653263,158.75682,3572.4576,60,0,1.134464,0,0,nan,nan,10798.632,-185.19654,-0,-702.12467,0,0.34458104,0,0,0,0,0,0,0
57,3620.7651,0,-3566.6716,111.87884,0,115.68196,0,-0.64372395,0,0,0.027058087,0,-0.26179939,0,0,1,-0.26179939,0,-0,1,0,0,0.17196019,0,0.48681835,158.86132,3566.6716,60,0,1.134464,0,0,nan,nan,10819.378,-185.55234,-0,-703.45693,0,0.34079869,0,0,0,0,0,0,0
57.05,3626.3646,0,-3560.8893,112.10683,0,115.60939,0,-0.64236977,0,0,0.027111054,0,-0.26179939,0,0,1,-0.26179939,0,-0,1,0,0,0.17195709,0,0.4871012,158.96488,3560.8893,60,0,1.134464,0,0,nan,nan,10840.023,-185.9064,-0,-704.78273,0,0.33702348,0,0,0,0,0,0,0
57.1,3631.9754,0,-3555.1106,112.33448,0,115.53545,0,-0.64101296,0,0,0.027163431,0,-0.26179939,0,0,1,-0.26179939,0,-0,1,0,0,0.17195403,0,0.48738117,159.0675,3555.1106,60,0,1.134464,0,0,nan,nan,10860.565,-186.2587,-0,-706.10205,0,0.33325533,0,0,0,0,0,0,0
57.15,3637.5975,0,-3549.3356,112.56179,0,115.46016,0,-0.63965355,0,0,0.02721522,0,-0.26179939,0,0,1,-0.26179939,0,-0,1,0,0,0.17195101,0,0.48765827,159.1692,3549.3356,60,0,1.134464,0,0,nan,nan,10881.005,-186.60924,-0,-707.41486,0,0.32949422,0,0,0,0,0,0,0
57.2,3643.2311,0,-3543.5644,112.78875,0,115.3835,0,-0.63829155,0,0,0.027266422,0,-0.26179939,0,0,1,-0.26179939,0,-0,1,0,0,0.17194804,0,0.48793251,159.26996,3543.5644,60,0,1.134464,0,0,nan,nan,10901.342,-186.95801,-0,-708.72114,0,0.32574008,0,0,0,0,0,0,0
57.25,3648.876,0,-3537.7971,113.01534,0,115.30549,0,-0.63692701,0,0,0.027317038,0,-0.26179939,0,0,1,-0.26179939,0,-0,1,0,0,0.17194511,0,0.48820388,159.3698,3537.7971,60,0,1.134464,0,0,nan,nan,10921.575,-187.305,-0,-710.02085,0,0.32199287,0,0,0,0,0,0,0
57.3,3654.5322,0,-3532.0337,113.24158,0,115.22613,0,-0.63555996,0,0,0.027367068,0,-0.26179939,0,0,1,-0.26179939,0,-0,1,0,0,0.17194223,0,0.48847239,159.4687,3532.0337,60,0,1.134464,0,0,nan,nan,10941.704,-187.65022,-0,-711.31397,0,0.31825254,0,0,0,0,0,0,0
57.35,3660.1997,0,-3526.2744,113.46743,0,115.14543,0,-0.63419042,0,0,0.027416515,0,-0.26179939,0,0,1,-0.26179939,0,-0,1,0,0,0.17193938,0,0.48873804,159.56667,3526.2744,60,0,1.134464,0,0,nan,nan,10961.728,-187.99364,-0,-712.60048,0,0.31451904,0,0,0,0,0,0,0
57.4,3665.8784,0,-3520.5191,113.69291,0,115.06339,0,-0.63281842,0,0,0.027465379,0,-0.26179939,0,0,1,-0.26179939,0,-0,1,0,0,0.17193658,0,0.48900084,159.66372,3520.5191,60,0,1.134464,0,0,nan,nan,10981.648,-188.33526,-0,-713.88034,0,0.31079234,0,0,0,0,0,0,0
57.45,3671.5685,0,-3514.7679,113.91801,0,114.98001,0,-0.63144399,0,0,0.027513661,0,-0.26179939,0,0,1,-0.26179939,0,-0,1,0,0,0.17193382,0,0.4892608,159.75984,3514.7679,60,0,1.134464,0,0,nan,nan,11001.462,-188.67508,-0,-715.15353,0,0.30707238,0,0,0,0,0,0,0
57.5,3677.2698,0,-3509.0209,114.14271,0,114.89531,0,-0.63006716,0,0,0.027561363,0,-0.26179939,0,0,1,-0.26179939,0,-0,1,0,0,0.1719311,0,0.48951791,159.85504,3509.0209,60,0,1.134464,0,0,nan,nan,11021.171,-189.01309,-0,-716.42003,0,0.30335913,0,0,0,0,0,0,0
57.55,3682.9823,0,-3503.2782,114.36701,0,114.80928,0,-0.62868795,0,0,0.027608485,0,-0.26179939,0,0,1,-0.26179939,0,-0,1,0,0,0.17192842,0,0.48977218,159.94931,3503.2782,60,0,1.134464,0,0,nan,nan,11040.774,-189.34927,-0,-717.67982,0,0.29965254,0,0,0,0,0,0,0
57.6,3688.706,0,-3497.5398,114.59091,0,114.72193,0,-0.62730641,0,0,0.027655028,0,-0.26179939,0,0,1,-0.26179939,0,-0,1,0,0,0.17192579,0,0.49002361,160.04265,3497.5398,60,0,1.134464,0,0,nan,nan,11060.27,-189.68364,-0,-718.93285,0,0.29595257,0,0,0,0,0,0,0
57.65,3694.4409,0,-3491.8059,114.81439,0,114.63326,0,-0.62592255,0,0,0.027700993,0,-0.26179939,0,0,1,-0.26179939,0,-0,1,0,0,0.17192319,0,0.49027222,160.13508,3491.8059,60,0,1.134464,0,0,nan,nan,11079.66,-190.01617,-0,-720.17912,0,0.29225919,0,0,0,0,0,0,0
57.7,3700.187,0,-3486.0763,115.03745,0,114.54329,0,-0.62453641,0,0,0.027746382,0,-0.26179939,0,0,1,-0.26179939,0,-0,1,0,0,0.17192064,0,0.49051799,160.22658,3486.0763,60,0,1.134464,0,0,nan,nan,11098.942,-190.34686,-0,-721.41859,0,0.28857236,0,0,0,0,0,0,0
57.75,3705.9442,0,-3480.3514,115.26009,0,114.45201,0,-0.62314802,0,0,0.027791196,0,-0.26179939,0,0,1,-0.26179939,0,-0,1,0,0,0.17191813,0,0.49076094,160.31716,3480.3514,60,0,1.134464,0,0,nan,nan,11118.117,-190.67571,-0,-722.65124,0,0.28489204,0,0,0,0,0,0,0
57.8,3711.7126,0,-3474.631,115.4823,0,114.35943,0,-0.62175739,0,0,0.027835434,0,-0.26179939,0,0,1,-0.26179939,0,-0,1,0,0,0.17191566,0,0.49100107,160.40682,3474.631,60,0,1.134464,0,0,nan,nan,11137.184,-191.00271,-0,-723.87706,0,0.28121819,0,0,0,0,0,0,0
57.85,3717.492,0,-3468.9153,115.70407,0,114.26556,0,-0.62036457,0,0,0.0278791,0,-0.26179939,0,0,1,-0.26179939,0,-0,1,0,0,0.17191323,0,0.49123838,160.49556,3468.9153,60,0,1.134464,0,0,nan,nan,11156.143,-191.32784,-0,-725.096,0,0.27755079,0,0,0,0,0,0,0
57.9,3723.2825,0,-3463.2043,115.92539,0,114.1704,0,-0.61896958,0,0,0.027922192,0,-0.26179939,0,0,1,-0.26179939,0,-0,1,0,0,0.17191084,0,0.49147289,160.58338,3463.2043,60,0,1.134464,0,0,nan,nan,11174.992,-191.65112,-0,-726.30806,0,0.2738898,0,0,0,0,0,0,0
57.95,3729.0841,0,-3457.4981,116.14626,0,114.07395,0,-0.61757245,0,0,0.027964713,0,-0.26179939,0,0,1,-0.26179939,0,-0,1,0,0,0.17190848,0,0.49170458,160.67029,3457.4981,60,0,1.134464,0,0,nan,nan,11193.733,-191.97252,-0,-727.5132,0,0.27023519,0,0,0,0,0,0,0
58,3734.8967,0,-3451.7967,116.36667,0,113.97623,0,-0.6161732,0,0,0.028006664,0,-0.26179939,0,0,1,-0.26179939,0,-0,1,0,0,0.17190617,0,0.49193348,160.75628,3451.7967,60,0,1.134464,0,0,nan,nan,11212.364,-192.29205,-0,-728.71141,0,0.26658693,0,0,0,0,0,0,0
58.05,3740.7203,0,-3446.1003,116.58662,0,113.87723,0,-0.61477187,0,0,0.028048045,0,-0.26179939,0,0,1,-0.26179939,0,-0,1,0,0,0.1719039,0,0.49215957,160.84136,3446.1003,60,0,1.134464,0,0,nan,nan,11230.886,-192.60969,-0,-729.90267,0,0.26294499,0,0,0,0,0,0,0
58.1,3746.5549,0,-3440.4088,116.80609,0,113.77696,0,-0.61336849,0,0,0.028088857,0,-0.26179939,0,0,1,-0.26179939,0,-0,1,0,0,0.17190167,0,0.49238287,160.92552,3440.4088,60,0,1.134464,0,0,nan,nan,11249.297,-192.92545,-0,-731.08694,0,0.25930934,0,0,0,0,0,0,0
58.15,3752.4005,0,-3434.7224,117.02509,0,113.67543,0,-0.61196308,0,0,0.028129102,0,-0.26179939,0,0,1,-0.26179939,0,-0,1,0,0,0.17189948,0,0.49260339,161.00878,3434.7224,60,0,1.134464,0,0,nan,nan,11267.598,-193.23931,-0,-732.26421,0,0.25567995,0,0,0,0,0,0,0
58.2,3758.257,0,-3429.0411,117.24361,0,113.57265,0,-0.61055567,0,0,0.02816878,0,-0.26179939,0,0,1,-0.26179939,0,-0,1,0,0,0.17189733,0,0.49282111,161.09112,3429.0411,60,0,1.134464,0,0,nan,nan,11285.789,-193.55127,-0,-733.43446,0,0.2520568,0,0,0,0,0,0,0
58.25,3764.1244,0,-3423.3649,117.46163,0,113.46861,0,-0.60914629,0,0,0.028207893,0,-0.26179939,0,0,1,-0.26179939,0,-0,1,0,0,0.17189521,0,0.49303606,161.17255,3423.3649,60,0,1.134464,0,0,nan,nan,11303.868,-193.86133,-0,-734.59766,0,0.24843986,0,0,0,0,0,0,0
58.3,3770.0027,0,-3417.694,117.67916,0,113.36333,0,-0.60773496,0,0,0.028246441,0,-0.26179939,0,0,1,-0.26179939,0,-0,1,0,0,0.17189314,0,0.49324824,161.25307,3417.694,60,0,1.134464,0,0,nan,nan,11321.835,-194.16947,-0,-735.7538,0,0.24482911,0,0,0,0,0,0,0
58.35,3775.8919,0,-3412.0284,117.89618,0,113.2568,0,-0.60632173,0,0,0.028284425,0,-0.26179939,0,0,1,-0.26179939,0,-0,1,0,0,0.17189111,0,0.49345764,161.33269,3412.0284,60,0,1.134464,0,0,nan,nan,11339.691,-194.4757,-0,-736.90285,0,0.24122452,0,0,0,0,0,0,0
58.4,3781.7919,0,-3406.3681,118.1127,0,113.14904,0,-0.60490661,0,0,0.028321846,0,-0.26179939,0,0,1,-0.26179939,0,-0,1,0,0,0.17188911,0,0.49366428,161.41139,3406.3681,60,0,1.134464,0,0,nan,nan,11357.434,-194.78,-0,-738.04479,0,0.23762608,0,0,0,0,0,0,0
58.45,3787.7027,0,-3400.7133,118.3287,0,113.04005,0,-0.60348963,0,0,0.028358706,0,-0.26179939,0,0,1,-0.26179939,0,-0,1,0,0,0.17188715,0,0.49386815,161.4892,3400.7133,60,0,1.134464,0,0,nan,nan,11375.066,-195.08237,-0,-739.17961,0,0.23403376,0,0,0,0,0,0,0
58.5,3793.6243,0,-3395.0639,118.54418,0,112.92984,0,-0.60207082,0,0,0.028395004,0,-0.26179939,0,0,1,-0.26179939,0,-0,1,0,0,0.17188523,0,0.49406927,161.5661,3395.0639,60,0,1.134464,0,0,nan,nan,11392.584,-195.38281,-0,-740.30728,0,0.23044754,0,0,0,0,0,0,0
58.55,3799.5567,0,-3389.4201,118.75913,0,112.8184,0,-0.60065021,0,0,0.028430743,0,-0.26179939,0,0,1,-0.26179939,0,-0,1,0,0,0.17188335,0,0.49426764,161.6421,3389.4201,60,0,1.134464,0,0,nan,nan,11409.989,-195.68132,-0,-741.42779,0,0.2268674,0,0,0,0,0,0,0
58.6,3805.4998,0,-3383.7819,118.97354,0,112.70576,0,-0.59922782,0,0,0.028465923,0,-0.26179939,0,0,1,-0.26179939,0,-0,1,0,0,0.1718815,0,0.49446326,161.71719,3383.7819,60,0,1.134464,0,0,nan,nan,11427.281,-195.97787,-0,-742.54111,0,0.22329333,0,0,0,0,0,0,0
58.65,3811.4536,0,-3378.1493,119.18742,0,112.59191,0,-0.5978037,0,0,0.028500545,0,-0.26179939,0,0,1,-0.26179939,0,-0,1,0,0,0.1718797,0,0.49465614,161.79139,3378.1493,60,0,1.134464,0,0,nan,nan,11444.46,-196.27248,-0,-743.64723,0,0.21972531,0,0,0,0,0,0,0
58.7,3817.4181,0,-3372.5225,119.40075,0,112.47686,0,-0.59637785,0,0,0.02853461,0,-0.26179939,0,0,1,-0.26179939,0,-0,1,0,0,0.17187793,0,0.49484629,161.86469,3372.5225,60,0,1.134464,0,0,nan,nan,11461.524,-196.56514,-0,-744.74612,0,0.21616331,0,0,0,0,0,0,0
58.75,3823.3932,0,-3366.9014,119.61353,0,112.36061,0,-0.59495031,0,0,0.028568119,0,-0.26179939,0,0,1,-0.26179939,0,-0,1,0,0,0.1718762,0,0.4950337,161.93709,3366.9014,60,0,1.134464,0,0,nan,nan,11478.474,-196.85583,-0,-745.83778,0,0.21260733,0,0,0,0,0,0,0
58.8,3829.379,0,-3361.2862,119.82575,0,112.24318,0,-0.59352111,0,0,0.028601072,0,-0.26179939,0,0,1,-0.26179939,0,-0,1,0,0,0.17187451,0,0.49521839,162.0086,3361.2862,60,0,1.134464,0,0,nan,nan,11495.31,-197.14456,-0,-746.92217,0,0.20905735,0,0,0,0,0,0,0
58.85,3835.3754,0,-3355.6769,120.0374,0,112.12456,0,-0.59209028,0,0,0.028633471,0,-0.26179939,0,0,1,-0.26179939,0,-0,1,0,0,0.17187285,0,0.49540035,162.07921,3355.6769,60,0,1.134464,0,0,nan,nan,11512.031,-197.43132,-0,-747.99929,0,0.20551335,0,0,0,0,0,0,0
58.9,3841.3823,0,-3350.0735,120.24849,0,112.00476,0,-0.59065784,0,0,0.028665318,0,-0.26179939,0,0,1,-0.26179939,0,-0,1,0,0,0.17187124,0,0.4955796,162.14893,3350.0735,60,0,1.134464,0,0,nan,nan,11528.636,-197.71611,-0,-749.06912,0,0.20197533,0,0,0,0,0,0,0
58.95,3847.3998,0,-3344.4762,120.459,0,111.88379,0,-0.58922382,0,0,0.028696611,0,-0.26179939,0,0,1,-0.26179939,0,-0,1,0,0,0.17186965,0,0.49575614,162.21775,3344.4762,60,0,1.134464,0,0,nan,nan,11545.127,-197.99892,-0,-750.13163,0,0.19844327,0,0,0,0,0,0,0
59,3853.4278,0,-3338.8849,120.66893,0,111.76166,0,-0.58778825,0,0,0.028727353,0,-0.26179939,0,0,1,-0.26179939,0,-0,1,0,0,0.17186811,0,0.49592997,162.28569,3338.8849,60,0,1.134464,0,0,nan,nan,11561.502,-198.27975,-0,-751.18682,0,0.19491716,0,0,0,0,0,0,0
59.05,3859.4663,0,-3333.2998,120.87826,0,111.63837,0,-0.58635115,0,0,0.028757545,0,-0.26179939,0,0,1,-0.26179939,0,-0,1,0,0,0.1718666,0,0.49610111,162.35274,3333.2998,60,0,1.134464,0,0,nan,nan,11577.76,-198.55859,-0,-752.23466,0,0.19139699,0,0,0,0,0,0,0
59.1,3865.5152,0,-3327.7209,121.08701,0,111.51393,0,-0.58491256,0,0,0.028787187,0,-0.26179939,0,0,1,-0.26179939,0,-0,1,0,0,0.17186513,0,0.49626954,162.4189,3327.7209,60,0,1.134464,0,0,nan,nan,11593.903,-198.83544,-0,-753.27514,0,0.18788275,0,0,0,0,0,0,0
59.15,3871.5745,0,-3322.1482,121.29516,0,111.38834,0,-0.5834725,0,0,0.028816281,0,-0.26179939,0,0,1,-0.26179939,0,-0,1,0,0,0.1718637,0,0.49643529,162.48417,3322.1482,60,0,1.134464,0,0,nan,nan,11609.93,-199.11029,-0,-754.30825,0,0.18437442,0,0,0,0,0,0,0
59.2,3877.6443,0,-3316.5818,121.5027,0,111.26161,0,-0.582031,0,0,0.028844826,0,-0.26179939,0,0,1,-0.26179939,0,-0,1,0,0,0.1718623,0,0.49659836,162.54856,3316.5818,60,0,1.134464,0,0,nan,nan,11625.84,-199.38315,-0,-755.33397,0,0.18087202,0,0,0,0,0,0,0
59.25,3883.7244,0,-3311.0218,121.70963,0,111.13375,0,-0.58058809,0,0,0.028872825,0,-0.26179939,0,0,1,-0.26179939,0,-0,1,0,0,0.17186094,0,0.49675874,162.61207,3311.0218,60,0,1.134464,0,0,nan,nan,11641.632,-199.654,-0,-756.35228,0,0.17737552,0,0,0,0,0,0,0
59.3,3889.8148,0,-3305.4682,121.91594,0,111.00475,0,-0.57914378,0,0,0.028900278,0,-0.26179939,0,0,1,-0.26179939,0,-0,1,0,0,0.17185962,0,0.49691645,162.67469,3305.4682,60,0,1.134464,0,0,nan,nan,11657.308,-199.92284,-0,-757.36316,0,0.17388492,0,0,0,0,0,0,0
59.35,3895.9156,0,-3299.9211,122.12163,0,110.87464,0,-0.57769812,0,0,0.028927187,0,-0.26179939,0,0,1,-0.26179939,0,-0,1,0,0,0.17185833,0,0.4970715,162.73644,3299.9211,60,0,1.134464,0,0,nan,nan,11672.867,-200.18967,-0,-758.36662,0,0.17040021,0,0,0,0,0,0,0
59.4,3902.0266,0,-3294.3805,122.3267,0,110.74341,0,-0.57625113,0,0,0.028953551,0,-0.26179939,0,0,1,-0.26179939,0,-0,1,0,0,0.17185707,0,0.49722388,162.79731,3294.3805,60,0,1.134464,0,0,nan,nan,11688.308,-200.45448,-0,-759.36262,0,0.16692139,0,0,0,0,0,0,0
59.45,3908.1478,0,-3288.8465,122.53112,0,110.61107,0,-0.57480283,0,0,0.028979372,0,-0.26179939,0,0,1,-0.26179939,0,-0,1,0,0,0.17185586,0,0.49737361,162.8573,3288.8465,60,0,1.134464,0,0,nan,nan,11703.631,-200.71727,-0,-760.35116,0,0.16344846,0,0,0,0,0,0,0
59.5,3914.2793,0,-3283.3191,122.73492,0,110.47763,0,-0.57335325,0,0,0.02900465,0,-0.26179939,0,0,1,-0.26179939,0,-0,1,0,0,0.17185468,0,0.49752068,162.91641,3283.3191,60,0,1.134464,0,0,nan,nan,11718.836,-200.97805,-0,-761.33222,0,0.15998141,0,0,0,0,0,0,0
59.55,3920.4209,0,-3277.7985,122.93806,0,110.3431,0,-0.57190242,0,0,0.029029388,0,-0.26179939,0,0,1,-0.26179939,0,-0,1,0,0,0.17185353,0,0.49766511,162.97465,3277.7985,60,0,1.134464,0,0,nan,nan,11733.924,-201.23679,-0,-762.30579,0,0.15652024,0,0,0,0,0,0,0
59.6,3926.5726,0,-3272.2846,123.14056,0,110.20747,0,-0.57045037,0,0,0.029053585,0,-0.26179939,0,0,1,-0.26179939,0,-0,1,0,0,0.17185242,0,0.4978069,163.03202,3272.2846,60,0,1.134464,0,0,nan,nan,11748.892,-201.4935,-0,-763.27186,0,0.15306494,0,0,0,0,0,0,0
59.65,3932.7345,0,-3266.7775,123.3424,0,110.07076,0,-0.56899712,0,0,0.029077242,0,-0.26179939,0,0,1,-0.26179939,0,-0,1,0,0,0.17185135,0,0.49794605,163.08852,3266.7775,60,0,1.134464,0,0,nan,nan,11763.742,-201.74818,-0,-764.23041,0,0.14961552,0,0,0,0,0,0,0
59.7,3938.9065,0,-3261.2772,123.54358,0,109.93298,0,-0.5675427,0,0,0.029100361,0,-0.26179939,0,0,1,-0.26179939,0,-0,1,0,0,0.17185031,0,0.49808258,163.14415,3261.2772,60,0,1.134464,0,0,nan,nan,11778.474,-202.00082,-0,-765.18143,0,0.14617198,0,0,0,0,0,0,0
59.75,3945.0885,0,-3255.7839,123.74409,0,109.79413,0,-0.56608714,0,0,0.029122943,0,-0.26179939,0,0,1,-0.26179939,0,-0,1,0,0,0.17184931,0,0.49821649,163.19891,3255.7839,60,0,1.134464,0,0,nan,nan,11793.086,-202.25142,-0,-766.12491,0,0.14273431,0,0,0,0,0,0,0
59.8,3951.2805,0,-3250.2976,123.94393,0,109.65421,0,-0.56463046,0,0,0.029144988,0,-0.26179939,0,0,1,-0.26179939,0,-0,1,0,0,0.17184834,0,0.49834778,163.25281,3250.2976,60,0,1.134464,0,0,nan,nan,11807.579,-202.49998,-0,-767.06083,0,0.13930252,0,0,0,0,0,0,0
59.85,3957.4824,0,-3244.8182,124.14309,0,109.51323,0,-0.56317269,0,0,0.029166497,0,-0.26179939,0,0,1,-0.26179939,0,-0,1,0,0,0.1718474,0,0.49847646,163.30584,3244.8182,60,0,1.134464,0,0,nan,nan,11821.953,-202.74649,-0,-767.9892,0,0.1358766,0,0,0,0,0,0,0
59.9,3963.6944,0,-3239.346,124.34158,0,109.37121,0,-0.56171386,0,0,0.029187471,0,-0.26179939,0,0,1,-0.26179939,0,-0,1,0,0,0.1718465,0,0.49860253,163.35801,3239.346,60,0,1.134464,0,0,nan,nan,11836.207,-202.99095,-0,-768.90998,0,0.13245657,0,0,0,0,0,0,0
59.95,3969.9162,0,-3233.8808,124.53937,0,109.22814,0,-0.560254,0,0,0.029207911,0,-0.26179939,0,0,1,-0.26179939,0,-0,1,0,0,0.17184564,0,0.49872601,163.40932,3233.8808,60,0,1.134464,0,0,nan,nan,11850.342,-203.23336,-0,-769.82319,0,0.12904242,0,0,0,0,0,0,0
60,3976.1479,0,-3228.4229,124.73647,0,109.08404,0,-0.55879312,0,0,0.029227818,0,-0.26179939,0,0,1,-0.26179939,0,-0,1,0,0,0.17184481,0,0.49884689,163.45977,3228.4229,60,0,1.134464,0,0,nan,nan,11864.356,-203.47371,-0,-770.72879,0,0.12563415,0,0,0,0,0,0,0
60.05,3982.3894,0,-3222.9722,124.93288,0,108.9389,0,-0.55733126,0,0,0.029247193,0,-0.26179939,0,0,1,-0.26179939,0,-0,1,0,0,0.17184402,0,0.49896519,163.50936,3222.9722,60,0,1.134464,0,0,nan,nan,11878.251,-203.71201,-0,-771.62679,0,0.12223177,0,0,0,0,0,0,0
60.1,3988.6408,0,-3217.5287,125.12858,0,108.79275,0,-0.55586845,0,0,0.029266037,0,-0.26179939,0,0,1,-0.26179939,0,-0,1,0,0,0.17184326,0,0.4990809,163.5581,3217.5287,60,0,1.134464,0,0,nan,nan,11892.026,-203.94824,-0,-772.51717,0,0.11883529,0,0,0,0,0,0,0
60.15,3994.9019,0,-3212.0926,125.32357,0,108.64557,0,-0.5544047,0,0,0.029284351,0,-0.26179939,0,0,1,-0.26179939,0,-0,1,0,0,0.17184253,0,0.49919405,163.60598,3212.0926,60,0,1.134464,0,0,nan,nan,11905.68,-204.18241,-0,-773.39993,0,0.1154447,0,0,0,0,0,0,0
60.2,4001.1727,0,-3206.6639,125.51785,0,108.49739,0,-0.55294006,0,0,0.029302135,0,-0.26179939,0,0,1,-0.26179939,0,-0,1,0,0,0.17184184,0,0.49930462,163.65301,3206.6639,60,0,1.134464,0,0,nan,nan,11919.214,-204.41451,-0,-774.27505,0,0.11206002,0,0,0,0,0,0,0
60.25,4007.4533,0,-3201.2426,125.71141,0,108.34821,0,-0.55147453,0,0,0.029319391,0,-0.26179939,0,0,1,-0.26179939,0,-0,1,0,0,0.17184118,0,0.49941263,163.69919,3201.2426,60,0,1.134464,0,0,nan,nan,11932.627,-204.64455,-0,-775.14253,0,0.10868125,0,0,0,0,0,0,0
60.3,4013.7435,0,-3195.8288,125.90425,0,108.19803,0,-0.55000816,0,0,0.029336119,0,-0.26179939,0,0,1,-0.26179939,0,-0,1,0,0,0.17184056,0,0.49951809,163.74452,3195.8288,60,0,1.134464,0,0,nan,nan,11945.919,-204.87251,-0,-776.00236,0,0.1053084,0,0,0,0,0,0,0
60.35,4020.0433,0,-3190.4225,126.09636,0,108.04686,0,-0.54854096,0,0,0.029352321,0,-0.26179939,0,0,1,-0.26179939,0,-0,1,0,0,0.17183997,0,0.499621,163.789,3190.4225,60,0,1.134464,0,0,nan,nan,11959.091,-205.0984,-0,-776.85452,0,0.10194148,0,0,0,0,0,0,0
60.4,4026.3527,0,-3185.0238,126.28774,0,107.89471,0,-0.54707297,0,0,0.029367997,0,-0.26179939,0,0,1,-0.26179939,0,-0,1,0,0,0.17183942,0,0.49972136,163.83264,3185.0238,60,0,1.134464,0,0,nan,nan,11972.141,-205.32222,-0,-777.69902,0,0.098580484,0,0,0,0,0,0,0
60.45,4032.6717,0,-3179.6328,126.47838,0,107.74158,0,-0.5456042,0,0,0.029383149,0,-0.26179939,0,0,1,-0.26179939,0,-0,1,0,0,0.1718389,0,0.49981919,163.87544,3179.6328,60,0,1.134464,0,0,nan,nan,11985.07,-205.54396,-0,-778.53584,0,0.095225434,0,0,0,0,0,0,0
60.5,4039.0002,0,-3174.2494,126.66828,0,107.58749,0,-0.54413469,0,0,0.029397777,0,-0.26179939,0,0,1,-0.26179939,0,-0,1,0,0,0.17183841,0,0.49991448,163.91739,3174.2494,60,0,1.134464,0,0,nan,nan,11997.879,-205.76362,-0,-779.36497,0,0.091876336,0,0,0,0,0,0,0
60.55,4045.3381,0,-3168.8737,126.85743,0,107.43244,0,-0.54266446,0,0,0.029411882,0,-0.26179939,0,0,1,-0.26179939,0,-0,1,0,0,0.17183795,0,0.50000725,163.95851,3168.8737,60,0,1.134464,0,0,nan,nan,12010.565,-205.98119,-0,-780.18642,0,0.088533198,0,0,0,0,0,0,0
60.6,4051.6855,0,-3163.5058,127.04583,0,107.27643,0,-0.54119354,0,0,0.029425465,0,-0.26179939,0,0,1,-0.26179939,0,-0,1,0,0,0.17183753,0,0.50009751,163.99879,3163.5058,60,0,1.134464,0,0,nan,nan,12023.131,-206.19669,-0,-781.00016,0,0.085196031,0,0,0,0,0,0,0
60.65,4058.0423,0,-3158.1458,127.23348,0,107.11948,0,-0.53972195,0,0,0.029438526,0,-0.26179939,0,0,1,-0.26179939,0,-0,1,0,0,0.17183715,0,0.50018525,164.03823,3158.1458,60,0,1.134464,0,0,nan,nan,12035.574,-206.4101,-0,-781.80621,0,0.081864846,0,0,0,0,0,0,0
60.7,4064.4085,0,-3152.7936,127.42036,0,106.96159,0,-0.53824972,0,0,0.029451068,0,-0.26179939,0,0,1,-0.26179939,0,-0,1,0,0,0.1718368,0,0.50027049,164.07683,3152.7936,60,0,1.134464,0,0,nan,nan,12047.896,-206.62142,-0,-782.60454,0,0.078539654,0,0,0,0,0,0,0
60.75,4070.784,0,-3147.4493,127.60648,0,106.80276,0,-0.53677688,0,0,0.029463091,0,-0.26179939,0,0,1,-0.26179939,0,-0,1,0,0,0.17183648,0,0.50035323,164.11461,3147.4493,60,0,1.134464,0,0,nan,nan,12060.097,-206.83066,-0,-783.39516,0,0.075220465,0,0,0,0,0,0,0
60.8,4077.1687,0,-3142.113,127.79183,0,106.64301,0,-0.53530345,0,0,0.029474596,0,-0.26179939,0,0,1,-0.26179939,0,-0,1,0,0,0.17183619,0,0.50043348,164.15155,3142.113,60,0,1.134464,0,0,nan,nan,12072.175,-207.0378,-0,-784.17806,0,0.071907293,0,0,0,0,0,0,0
60.85,4083.5628,0,-3136.7847,127.9764,0,106.48234,0,-0.53382945,0,0,0.029485583,0,-0.26179939,0,0,1,-0.26179939,0,-0,1,0,0,0.17183594,0,0.50051124,164.18767,3136.7847,60,0,1.134464,0,0,nan,nan,12084.132,-207.24286,-0,-784.95323,0,0.06860015,0,0,0,0,0,0,0
60.9,4089.966,0,-3131.4645,128.16019,0,106.32077,0,-0.53235492,0,0,0.029496054,0,-0.26179939,0,0,1,-0.26179939,0,-0,1,0,0,0.17183572,0,0.50058652,164.22296,3131.4645,60,0,1.134464,0,0,nan,nan,12095.966,-207.44582,-0,-785.72067,0,0.065299049,0,0,0,0,0,0,0
60.95,4096.3784,0,-3126.1523,128.3432,0,106.15828,0,-0.53087987,0,0,0.02950601,0,-0.26179939,0,0,1,-0.26179939,0,-0,1,0,0,0.17183553,0,0.50065934,164.25742,3126.1523,60,0,1.134464,0,0,nan,nan,12107.679,-207.64669,-0,-786.48038,0,0.062004003,0,0,0,0,0,0,0
61,4102.7999,0,-3120.8483,128.52543,0,105.99491,0,-0.52940435,0,0,0.029515451,0,-0.26179939,0,0,1,-0.26179939,0,-0,1,0,0,0.17183538,0,0.50072968,164.29106,3120.8483,60,0,1.134464,0,0,nan,nan,12119.269,-207.84547,-0,-787.23234,0,0.058715026,0,0,0,0,0,0,0
61.05,4109.2306,0,-3115.5525,128.70686,0,105.83064,0,-0.52792836,0,0,0.029524379,0,-0.26179939,0,0,1,-0.26179939,0,-0,1,0,0,0.17183526,0,0.50079757,164.32388,3115.5525,60,0,1.134464,0,0,nan,nan,12130.737,-208.04215,-0,-787.97656,0,0.055432133,0,0,0,0,0,0,0
61.1,4115.6703,0,-3110.2649,128.88749,0,105.66549,0,-0.52645193,0,0,0.029532795,0,-0.26179939,0,0,1,-0.26179939,0,-0,1,0,0,0.17183517,0,0.50086301,164.35589,3110.2649,60,0,1.134464,0,0,nan,nan,12142.083,-208.23673,-0,-788.71304,0,0.052155338,0,0,0,0,0,0,0
61.15,4122.119,0,-3104.9856,129.06733,0,105.49947,0,-0.5249751,0,0,0.029540699,0,-0.26179939,0,0,1,-0.26179939,0,-0,1,0,0,0.17183511,0,0.500926,164.38707,3104.9856,60,0,1.134464,0,0,nan,nan,12153.307,-208.42922,-0,-789.44177,0,0.048884657,0,0,0,0,0,0,0
61.2,4128.5766,0,-3099.7147,129.24636,0,105.33258,0,-0.52349789,0,0,0.029548092,0,-0.26179939,0,0,1,-0.26179939,0,-0,1,0,0,0.17183509,0,0.50098655,164.41744,3099.7147,60,0,1.134464,0,0,nan,nan,12164.408,-208.6196,-0,-790.16274,0,0.045620105,0,0,0,0,0,0,0
61.25,4135.0432,0,-3094.4521,129.42458,0,105.16483,0,-0.52202032,0,0,0.029554976,0,-0.26179939,0,0,1,-0.26179939,0,-0,1,0,0,0.1718351,0,0.50104467,164.447,3094.4521,60,0,1.134464,0,0,nan,nan,12175.387,-208.80789,-0,-790.87596,0,0.042361698,0,0,0,0,0,0,0
61.3,4141.5187,0,-3089.1979,129.60199,0,104.99623,0,-0.52054241,0,0,0.029561351,0,-0.26179939,0,0,1,-0.26179939,0,-0,1,0,0,0.17183514,0,0.50110037,164.47575,3089.1979,60,0,1.134464,0,0,nan,nan,12186.244,-208.99408,-0,-791.58142,0,0.039109453,0,0,0,0,0,0,0
61.35,4148.003,0,-3083.9521,129.77858,0,104.82678,0,-0.5190642,0,0,0.029567218,0,-0.26179939,0,0,1,-0.26179939,0,-0,1,0,0,0.17183522,0,0.50115364,164.50368,3083.9521,60,0,1.134464,0,0,nan,nan,12196.978,-209.17817,-0,-792.27912,0,0.035863386,0,0,0,0,0,0,0
61.4,4154.4962,0,-3078.7149,129.95435,0,104.6565,0,-0.51758571,0,0,0.029572579,0,-0.26179939,0,0,1,-0.26179939,0,-0,1,0,0,0.17183533,0,0.50120451,164.53082,3078.7149,60,0,1.134464,0,0,nan,nan,12207.589,-209.36016,-0,-792.96905,0,0.032623514,0,0,0,0,0,0,0
61.45,4160.9981,0,-3073.4861,130.12929,0,104.48538,0,-0.51610696,0,0,0.029577433,0,-0.26179939,0,0,1,-0.26179939,0,-0,1,0,0,0.17183547,0,0.50125297,164.55714,3073.4861,60,0,1.134464,0,0,nan,nan,12218.078,-209.54004,-0,-793.65123,0,0.029389856,0,0,0,0,0,0,0
61.5,4167.5088,0,-3068.266,130.30341,0,104.31345,0,-0.51462798,0,0,0.029581783,0,-0.26179939,0,0,1,-0.26179939,0,-0,1,0,0,0.17183564,0,0.50129904,164.58267,3068.266,60,0,1.134464,0,0,nan,nan,12228.445,-209.71783,-0,-794.32564,0,0.026162428,0,0,0,0,0,0,0
61.55,4174.0281,0,-3063.0545,130.4767,0,104.14069,0,-0.5131488,0,0,0.02958563,0,-0.26179939,0,0,1,-0.26179939,0,-0,1,0,0,0.17183584,0,0.50134272,164.60739,3063.0545,60,0,1.134464,0,0,nan,nan,12238.689,-209.89351,-0,-794.99229,0,0.02294125,0,0,0,0,0,0,0
61.6,4180.5561,0,-3057.8516,130.64914,0,103.96714,0,-0.51166944,0,0,0.029588973,0,-0.26179939,0,0,1,-0.26179939,0,-0,1,0,0,0.17183608,0,0.50138401,164.63131,3057.8516,60,0,1.134464,0,0,nan,nan,12248.81,-210.06709,-0,-795.65117,0,0.01972634,0,0,0,0,0,0,0
61.65,4187.0927,0,-3052.6574,130.82075,0,103.79278,0,-0.51018992,0,0,0.029591815,0,-0.26179939,0,0,1,-0.26179939,0,-0,1,0,0,0.17183635,0,0.50142293,164.65444,3052.6574,60,0,1.134464,0,0,nan,nan,12258.809,-210.23857,-0,-796.30228,0,0.016517716,0,0,0,0,0,0,0
61.7,4193.6378,0,-3047.472,130.99152,0,103.61762,0,-0.50871027,0,0,0.029594155,0,-0.26179939,0,0,1,-0.26179939,0,-0,1,0,0,0.17183665,0,0.50145947,164.67677,3047.472,60,0,1.134464,0,0,nan,nan,12268.685,-210.40795,-0,-796.94563,0,0.013315399,0,0,0,0,0,0,0
61.75,4200.1915,0,-3042.2953,131.16143,0,103.44169,0,-0.50723051,0,0,0.029595996,0,-0.26179939,0,0,1,-0.26179939,0,-0,1,0,0,0.17183698,0,0.50149366,164.69832,3042.2953,60,0,1.134464,0,0,nan,nan,12278.439,-210.57523,-0,-797.58122,0,0.010119407,0,0,0,0,0,0,0
61.8,4206.7536,0,-3037.1275,131.3305,0,103.26497,0,-0.50575068,0,0,0.029597338,0,-0.26179939,0,0,1,-0.26179939,0,-0,1,0,0,0.17183735,0,0.50152549,164.71907,3037.1275,60,0,1.134464,0,0,nan,nan,12288.07,-210.74041,-0,-798.20904,0,0.0069297607,0,0,0,0,0,0,0
61.85,4213.3241,0,-3031.9685,131.49871,0,103.08749,0,-0.50427079,0,0,0.029598182,0,-0.26179939,0,0,1,-0.26179939,0,-0,1,0,0,0.17183775,0,0.50155497,164.73903,3031.9685,60,0,1.134464,0,0,nan,nan,12297.579,-210.90348,-0,-798.8291,0,0.0037464804,0,0,0,0,0,0,0
61.9,4219.9031,0,-3026.8184,131.66606,0,102.90924,0,-0.50279087,0,0,0.029598529,0,-0.26179939,0,0,1,-0.26179939,0,-0,1,0,0,0.17183817,0,0.50158212,164.75821,3026.8184,60,0,1.134464,0,0,nan,nan,12306.965,-211.06446,-0,-799.4414,0,0.00056958657,0,0,0,0,0,0,0
61.95,4226.4904,0,-3021.6772,131.83255,0,102.73024,0,-0.50131095,0,0,0.02959838,0,-0.26179939,0,0,1,-0.26179939,0,-0,1,0,0,0.17183864,0,0.50160692,164.7766,3021.6772,60,0,1.134464,0,0,nan,nan,12316.229,-211.22333,-0,-800.04594,0,-0.0026009,0,0,0,0,0,0,0
62,4233.086,0,-3016.545,131.99818,0,102.55049,0,-0.49983104,0,0,0.029597736,0,-0.26179939,0,0,1,-0.26179939,0,-0,1,0,0,0.17183913,0,0.50162941,164.79421,3016.545,60,0,1.134464,0,0,nan,nan,12325.37,-211.3801,-0,-800.64272,0,-0.0057649581,0,0,0,0,0,0,0
62.05,4239.6899,0,-3011.4218,132.16293,0,102.37,0,-0.49835118,0,0,0.029596598,0,-0.26179939,0,0,1,-0.26179939,0,-0,1,0,0,0.17183965,0,0.50164957,164.81104,3011.4218,60,0,1.134464,0,0,nan,nan,12334.389,-211.53478,-0,-801.23174,0,-0.0089225664,0,0,0,0,0,0,0
62.1,4246.302,0,-3006.3077,132.32682,0,102.18878,0,-0.49687139,0,0,0.029594968,0,-0.26179939,0,0,1,-0.26179939,0,-0,1,0,0,0.17184021,0,0.50166742,164.8271,3006.3077,60,0,1.134464,0,0,nan,nan,12343.286,-211.68735,-0,-801.81302,0,-0.012073703,0,0,0,0,0,0,0
62.15,4252.9222,0,-3001.2026,132.48983,0,102.00683,0,-0.49539169,0,0,0.029592845,0,-0.26179939,0,0,1,-0.26179939,0,-0,1,0,0,0.17184079,0,0.50168297,164.84238,3001.2026,60,0,1.134464,0,0,nan,nan,12352.06,-211.83783,-0,-802.38654,0,-0.015218346,0,0,0,0,0,0,0
62.2,4259.5506,0,-2996.1066,132.65196,0,101.82417,0,-0.49391211,0,0,0.029590232,0,-0.26179939,0,0,1,-0.26179939,0,-0,1,0,0,0.17184141,0,0.50169622,164.85688,2996.1066,60,0,1.134464,0,0,nan,nan,12360.712,-211.98622,-0,-802.95232,0,-0.018356474,0,0,0,0,0,0,0
62.25,4266.1871,0,-2991.0198,132.81321,0,101.6408,0,-0.49243267,0,0,0.029587129,0,-0.26179939,0,0,1,-0.26179939,0,-0,1,0,0,0.17184206,0,0.50170718,164.87062,2991.0198,60,0,1.134464,0,0,nan,nan,12369.242,-212.1325,-0,-803.51035,0,-0.021488063,0,0,0,0,0,0,0
62.3,4272.8316,0,-2985.9422,132.97357,0,101.45673,0,-0.49095339,0,0,0.029583537,0,-0.26179939,0,0,1,-0.26179939,0,-0,1,0,0,0.17184274,0,0.50171586,164.88359,2985.9422,60,0,1.134464,0,0,nan,nan,12377.65,-212.27669,-0,-804.06064,0,-0.024613092,0,0,0,0,0,0,0
62.35,4279.4841,0,-2980.8738,133.13305,0,101.27196,0,-0.48947431,0,0,0.029579457,0,-0.26179939,0,0,1,-0.26179939,0,-0,1,0,0,0.17184345,0,0.50172227,164.89579,2980.8738,60,0,1.134464,0,0,nan,nan,12385.935,-212.41879,-0,-804.6032,0,-0.027731536,0,0,0,0,0,0,0
62.4,4286.1446,0,-2975.8146,133.29164,0,101.08651,0,-0.48799545,0,0,0.029574891,0,-0.26179939,0,0,1,-0.26179939,0,-0,1,0,0,0.1718442,0,0.5017264,164.90722,2975.8146,60,0,1.134464,0,0,nan,nan,12394.099,-212.55879,-0,-805.13803,0,-0.030843373,0,0,0,0,0,0,0
62.45,4292.8129,0,-2970.7648,133.44933,0,100.90038,0,-0.48651682,0,0,0.029569838,0,-0.26179939,0,0,1,-0.26179939,0,-0,1,0,0,0.17184497,0,0.50172828,164.9179,2970.7648,60,0,1.134464,0,0,nan,nan,12402.14,-212.69671,-0,-805.66513,0,-0.03394858,0,0,0,0,0,0,0
62.5,4299.4892,0,-2965.7242,133.60613,0,100.71357,0,-0.48503846,0,0,0.029564302,0,-0.26179939,0,0,1,-0.26179939,0,-0,1,0,0,0.17184578,0,0.5017279,164.92782,2965.7242,60,0,1.134464,0,0,nan,nan,12410.06,-212.83253,-0,-806.18451,0,-0.037047132,0,0,0,0,0,0,0
62.55,4306.1732,0,-2960.6931,133.76202,0,100.52611,0,-0.48356039,0,0,0.029558281,0,-0.26179939,0,0,1,-0.26179939,0,-0,1,0,0,0.17184661,0,0.50172528,164.93697,2960.6931,60,0,1.134464,0,0,nan,nan,12417.858,-212.96627,-0,-806.69617,0,-0.040139007,0,0,0,0,0,0,0
62.6,4312.865,0,-2955.6713,133.91701,0,100.33799,0,-0.48208263,0,0,0.029551778,0,-0.26179939,0,0,1,-0.26179939,0,-0,1,0,0,0.17184748,0,0.50172042,164.94538,2955.6713,60,0,1.134464,0,0,nan,nan,12425.534,-213.09791,-0,-807.20012,0,-0.043224179,0,0,0,0,0,0,0
62.65,4319.5646,0,-2950.6589,134.0711,0,100.14922,0,-0.48060521,0,0,0.029544793,0,-0.26179939,0,0,1,-0.26179939,0,-0,1,0,0,0.17184838,0,0.50171333,164.95303,2950.6589,60,0,1.134464,0,0,nan,nan,12433.089,-213.22747,-0,-807.69637,0,-0.046302624,0,0,0,0,0,0,0
62.7,4326.2718,0,-2945.656,134.22428,0,99.959818,0,-0.47912814,0,0,0.029537328,0,-0.26179939,0,0,1,-0.26179939,0,-0,1,0,0,0.17184931,0,0.50170402,164.95993,2945.656,60,0,1.134464,0,0,nan,nan,12440.522,-213.35495,-0,-808.18492,0,-0.049374319,0,0,0,0,0,0,0
62.75,4332.9867,0,-2940.6625,134.37655,0,99.76978,0,-0.47765147,0,0,0.029529383,0,-0.26179939,0,0,1,-0.26179939,0,-0,1,0,0,0.17185027,0,0.50169249,164.96608,2940.6625,60,0,1.134464,0,0,nan,nan,12447.834,-213.48035,-0,-808.66578,0,-0.052439238,0,0,0,0,0,0,0
62.8,4339.7092,0,-2935.6786,134.5279,0,99.579117,0,-0.4761752,0,0,0.02952096,0,-0.26179939,0,0,1,-0.26179939,0,-0,1,0,0,0.17185126,0,0.50167875,164.97148,2935.6786,60,0,1.134464,0,0,nan,nan,12455.024,-213.60366,-0,-809.13895,0,-0.055497356,0,0,0,0,0,0,0
62.85,4346.4392,0,-2930.7043,134.67834,0,99.387838,0,-0.47469936,0,0,0.02951206,0,-0.26179939,0,0,1,-0.26179939,0,-0,1,0,0,0.17185229,0,0.50166282,164.97614,2930.7043,60,0,1.134464,0,0,nan,nan,12462.093,-213.7249,-0,-809.60445,0,-0.058548649,0,0,0,0,0,0,0
62.9,4353.1767,0,-2925.7395,134.82786,0,99.195951,0,-0.47322398,0,0,0.029502683,0,-0.26179939,0,0,1,-0.26179939,0,-0,1,0,0,0.17185334,0,0.50164469,164.98007,2925.7395,60,0,1.134464,0,0,nan,nan,12469.041,-213.84406,-0,-810.06227,0,-0.06159309,0,0,0,0,0,0,0
62.95,4359.9216,0,-2920.7843,134.97646,0,99.003462,0,-0.47174908,0,0,0.029492831,0,-0.26179939,0,0,1,-0.26179939,0,-0,1,0,0,0.17185442,0,0.50162438,164.98325,2920.7843,60,0,1.134464,0,0,nan,nan,12475.869,-213.96115,-0,-810.51243,0,-0.064630656,0,0,0,0,0,0,0
63,4366.674,0,-2915.8387,135.12414,0,98.810381,0,-0.47027468,0,0,0.029482505,0,-0.26179939,0,0,1,-0.26179939,0,-0,1,0,0,0.17185554,0,0.50160189,164.98569,2915.8387,60,0,1.134464,0,0,nan,nan,12482.575,-214.07616,-0,-810.95493,0,-0.06766132,0,0,0,0,0,0,0
63.05,4373.4338,0,-2910.9029,135.27088,0,98.616714,0,-0.46880082,0,0,0.029471706,0,-0.26179939,0,0,1,-0.26179939,0,-0,1,0,0,0.17185668,0,0.50157723,164.9874,2910.9029,60,0,1.134464,0,0,nan,nan,12489.161,-214.1891,-0,-811.38979,0,-0.070685056,0,0,0,0,0,0,0
63.1,4380.2008,0,-2905.9767,135.4167,0,98.42247,0,-0.4673275,0,0,0.029460435,0,-0.26179939,0,0,1,-0.26179939,0,-0,1,0,0,0.17185786,0,0.50155041,164.98838,2905.9767,60,0,1.134464,0,0,nan,nan,12495.626,-214.29998,-0,-811.817,0,-0.073701839,0,0,0,0,0,0,0
63.15,4386.9751,0,-2901.0602,135.56159,0,98.227656,0,-0.46585476,0,0,0.029448694,0,-0.26179939,0,0,1,-0.26179939,0,-0,1,0,0,0.17185907,0,0.50152143,164.98863,2901.0602,60,0,1.134464,0,0,nan,nan,12501.97,-214.40879,-0,-812.23659,0,-0.076711642,0,0,0,0,0,0,0
63.2,4393.7567,0,-2896.1536,135.70555,0,98.03228,0,-0.46438261,0,0,0.029436482,0,-0.26179939,0,0,1,-0.26179939,0,-0,1,0,0,0.1718603,0,0.50149031,164.98815,2896.1536,60,0,1.134464,0,0,nan,nan,12508.195,-214.51554,-0,-812.64856,0,-0.07971444,0,0,0,0,0,0,0
63.25,4400.5454,0,-2891.2566,135.84857,0,97.83635,0,-0.46291109,0,0,0.029423802,0,-0.26179939,0,0,1,-0.26179939,0,-0,1,0,0,0.17186157,0,0.50145705,164.98695,2891.2566,60,0,1.134464,0,0,nan,nan,12514.299,-214.62022,-0,-813.05291,0,-0.082710206,0,0,0,0,0,0,0
63.3,4407.3412,0,-2886.3695,135.99065,0,97.639873,0,-0.46144022,0,0,0.029410654,0,-0.26179939,0,0,1,-0.26179939,0,-0,1,0,0,0.17186287,0,0.50142166,164.98502,2886.3695,60,0,1.134464,0,0,nan,nan,12520.283,-214.72285,-0,-813.44966,0,-0.085698914,0,0,0,0,0,0,0
63.35,4414.1441,0,-2881.4923,136.13179,0,97.442858,0,-0.45997001,0,0,0.02939704,0,-0.26179939,0,0,1,-0.26179939,0,-0,1,0,0,0.17186419,0,0.50138415,164.98238,2881.4923,60,0,1.134464,0,0,nan,nan,12526.147,-214.82342,-0,-813.83882,0,-0.088680537,0,0,0,0,0,0,0
63.4,4420.9541,0,-2876.6249,136.272,0,97.245313,0,-0.45850049,0,0,0.029382961,0,-0.26179939,0,0,1,-0.26179939,0,-0,1,0,0,0.17186555,0,0.50134452,164.97902,2876.6249,60,0,1.134464,0,0,nan,nan,12531.892,-214.92194,-0,-814.22039,0,-0.091655049,0,0,0,0,0,0,0
63.45,4427.771,0,-2871.7673,136.41125,0,97.047244,0,-0.45703169,0,0,0.029368417,0,-0.26179939,0,0,1,-0.26179939,0,-0,1,0,0,0.17186694,0,0.50130278,164.97494,2871.7673,60,0,1.134464,0,0,nan,nan,12537.517,-215.01841,-0,-814.59439,0,-0.094622423,0,0,0,0,0,0,0
63.5,4434.5949,0,-2866.9197,136.54956,0,96.84866,0,-0.45556363,0,0,0.02935341,0,-0.26179939,0,0,1,-0.26179939,0,-0,1,0,0,0.17186836,0,0.50125895,164.97015,2866.9197,60,0,1.134464,0,0,nan,nan,12543.023,-215.11284,-0,-814.96084,0,-0.097582632,0,0,0,0,0,0,0
63.55,4441.4257,0,-2862.0821,136.68693,0,96.649569,0,-0.45409633,0,0,0.029337941,0,-0.26179939,0,0,1,-0.26179939,0,-0,1,0,0,0.17186981,0,0.50121302,164.96465,2862.0821,60,0,1.134464,0,0,nan,nan,12548.409,-215.20522,-0,-815.31972,0,-0.10053565,0,0,0,0,0,0,0
63.6,4448.2633,0,-2857.2544,136.82334,0,96.449978,0,-0.45262981,0,0,0.029322011,0,-0.26179939,0,0,1,-0.26179939,0,-0,1,0,0,0.17187129,0,0.50116501,164.95844,2857.2544,60,0,1.134464,0,0,nan,nan,12553.677,-215.29555,-0,-815.67107,0,-0.10348145,0,0,0,0,0,0,0
63.65,4455.1078,0,-2852.4367,136.95881,0,96.249896,0,-0.4511641,0,0,0.029305622,0,-0.26179939,0,0,1,-0.26179939,0,-0,1,0,0,0.1718728,0,0.50111493,164.95152,2852.4367,60,0,1.134464,0,0,nan,nan,12558.825,-215.38385,-0,-816.0149,0,-0.10642,0,0,0,0,0,0,0
63.7,4461.9589,0,-2847.629,137.09332,0,96.04933,0,-0.44969922,0,0,0.029288774,0,-0.26179939,0,0,1,-0.26179939,0,-0,1,0,0,0.17187434,0,0.50106277,164.9439,2847.629,60,0,1.134464,0,0,nan,nan,12563.855,-215.47012,-0,-816.3512,0,-0.10935128,0,0,0,0,0,0,0
63.75,4468.8168,0,-2842.8314,137.22687,0,95.848287,0,-0.4482352,0,0,0.029271468,0,-0.26179939,0,0,1,-0.26179939,0,-0,1,0,0,0.17187591,0,0.50100856,164.93558,2842.8314,60,0,1.134464,0,0,nan,nan,12568.767,-215.55435,-0,-816.68,0,-0.11227525,0,0,0,0,0,0,0
63.8,4475.6813,0,-2838.0438,137.35947,0,95.646777,0,-0.44677205,0,0,0.029253706,0,-0.26179939,0,0,1,-0.26179939,0,-0,1,0,0,0.17187751,0,0.50095229,164.92657,2838.0438,60,0,1.134464,0,0,nan,nan,12573.56,-215.63656,-0,-817.00131,0,-0.1151919,0,0,0,0,0,0,0
63.85,4482.5525,0,-2833.2663,137.49111,0,95.444805,0,-0.4453098,0,0,0.029235489,0,-0.26179939,0,0,1,-0.26179939,0,-0,1,0,0,0.17187914,0,0.50089398,164.91685,2833.2663,60,0,1.134464,0,0,nan,nan,12578.235,-215.71674,-0,-817.31514,0,-0.1181012,0,0,0,0,0,0,0
63.9,4489.4302,0,-2828.4989,137.62179,0,95.242381,0,-0.44384847,0,0,0.029216818,0,-0.26179939,0,0,1,-0.26179939,0,-0,1,0,0,0.1718808,0,0.50083363,164.90645,2828.4989,60,0,1.134464,0,0,nan,nan,12582.793,-215.79489,-0,-817.6215,0,-0.12100311,0,0,0,0,0,0,0
63.95,4496.3144,0,-2823.7417,137.75151,0,95.039512,0,-0.44238809,0,0,0.029197694,0,-0.26179939,0,0,1,-0.26179939,0,-0,1,0,0,0.17188248,0,0.50077126,164.89535,2823.7417,60,0,1.134464,0,0,nan,nan,12587.232,-215.87103,-0,-817.9204,0,-0.12389761,0,0,0,0,0,0,0
64,4503.205,0,-2818.9946,137.88026,0,94.836206,0,-0.44092867,0,0,0.029178119,0,-0.26179939,0,0,1,-0.26179939,0,-0,1,0,0,0.1718842,0,0.50070686,164.88357,2818.9946,60,0,1.134464,0,0,nan,nan,12591.555,-215.94516,-0,-818.21187,0,-0.12678467,0,0,0,0,0,0,0
64.05,4510.1021,0,-2814.2576,138.00805,0,94.632471,0,-0.43947024,0,0,0.029158093,0,-0.26179939,0,0,1,-0.26179939,0,-0,1,0,0,0.17188595,0,0.50064046,164.8711,2814.2576,60,0,1.134464,0,0,nan,nan,12595.759,-216.01728,-0,-818.4959,0,-0.12966426,0,0,0,0,0,0,0
64.1,4517.0056,0,-2809.5309,138.13488,0,94.428313,0,-0.43801283,0,0,0.029137617,0,-0.26179939,0,0,1,-0.26179939,0,-0,1,0,0,0.17188773,0,0.50057205,164.85794,2809.5309,60,0,1.134464,0,0,nan,nan,12599.847,-216.08738,-0,-818.77253,0,-0.13253636,0,0,0,0,0,0,0
64.15,4523.9153,0,-2804.8144,138.26073,0,94.223742,0,-0.43655645,0,0,0.029116693,0,-0.26179939,0,0,1,-0.26179939,0,-0,1,0,0,0.17188954,0,0.50050164,164.84411,2804.8144,60,0,1.134464,0,0,nan,nan,12603.819,-216.15549,-0,-819.04175,0,-0.13540094,0,0,0,0,0,0,0
64.2,4530.8314,0,-2800.1081,138.38562,0,94.018765,0,-0.43510112,0,0,0.029095323,0,-0.26179939,0,0,1,-0.26179939,0,-0,1,0,0,0.17189138,0,0.50042924,164.8296,2800.1081,60,0,1.134464,0,0,nan,nan,12607.673,-216.22159,-0,-819.30359,0,-0.13825797,0,0,0,0,0,0,0
64.25,4537.7536,0,-2795.4121,138.50954,0,93.81339,0,-0.43364688,0,0,0.029073506,0,-0.26179939,0,0,1,-0.26179939,0,-0,1,0,0,0.17189325,0,0.50035487,164.81441,2795.4121,60,0,1.134464,0,0,nan,nan,12611.411,-216.2857,-0,-819.55806,0,-0.14110743,0,0,0,0,0,0,0
64.3,4544.6821,0,-2790.7264,138.63249,0,93.607624,0,-0.43219374,0,0,0.029051245,0,-0.26179939,0,0,1,-0.26179939,0,-0,1,0,0,0.17189514,0,0.50027852,164.79854,2790.7264,60,0,1.134464,0,0,nan,nan,12615.033,-216.34782,-0,-819.80517,0,-0.14394928,0,0,0,0,0,0,0
64.35,4551.6166,0,-2786.051,138.75447,0,93.401475,0,-0.43074172,0,0,0.02902854,0,-0.26179939,0,0,1,-0.26179939,0,-0,1,0,0,0.17189707,0,0.50020021,164.78201,2786.051,60,0,1.134464,0,0,nan,nan,12618.54,-216.40795,-0,-820.04494,0,-0.14678349,0,0,0,0,0,0,0
64.4,4558.5573,0,-2781.3858,138.87547,0,93.194951,0,-0.42929084,0,0,0.029005393,0,-0.26179939,0,0,1,-0.26179939,0,-0,1,0,0,0.17189903,0,0.50011994,164.76481,2781.3858,60,0,1.134464,0,0,nan,nan,12621.93,-216.4661,-0,-820.27738,0,-0.14961004,0,0,0,0,0,0,0
64.45,4565.5039,0,-2776.7311,138.9955,0,92.988059,0,-0.42784114,0,0,0.028981805,0,-0.26179939,0,0,1,-0.26179939,0,-0,1,0,0,0.17190101,0,0.50003773,164.74694,2776.7311,60,0,1.134464,0,0,nan,nan,12625.205,-216.52227,-0,-820.50251,0,-0.15242891,0,0,0,0,0,0,0
64.5,4572.4566,0,-2772.0866,139.11456,0,92.780808,0,-0.42639262,0,0,0.028957777,0,-0.26179939,0,0,1,-0.26179939,0,-0,1,0,0,0.17190303,0,0.49995358,164.72842,2772.0866,60,0,1.134464,0,0,nan,nan,12628.365,-216.57646,-0,-820.72035,0,-0.15524005,0,0,0,0,0,0,0
64.55,4579.4151,0,-2767.4526,139.23263,0,92.573205,0,-0.42494532,0,0,0.02893331,0,-0.26179939,0,0,1,-0.26179939,0,-0,1,0,0,0.17190507,0,0.49986749,164.70923,2767.4526,60,0,1.134464,0,0,nan,nan,12631.41,-216.62869,-0,-820.93091,0,-0.15804346,0,0,0,0,0,0,0
64.6,4586.3796,0,-2762.8289,139.34974,0,92.365258,0,-0.42349925,0,0,0.028908406,0,-0.26179939,0,0,1,-0.26179939,0,-0,1,0,0,0.17190715,0,0.49977948,164.68938,2762.8289,60,0,1.134464,0,0,nan,nan,12634.341,-216.67895,-0,-821.13421,0,-0.16083909,0,0,0,0,0,0,0
64.65,4593.3498,0,-2758.2156,139.46586,0,92.156974,0,-0.42205444,0,0,0.028883066,0,-0.26179939,0,0,1,-0.26179939,0,-0,1,0,0,0.17190925,0,0.49968956,164.66887,2758.2156,60,0,1.134464,0,0,nan,nan,12637.157,-216.72724,-0,-821.33026,0,-0.16362691,0,0,0,0,0,0,0
64.7,4600.3259,0,-2753.6128,139.581,0,91.948362,0,-0.4206109,0,0,0.028857291,0,-0.26179939,0,0,1,-0.26179939,0,-0,1,0,0,0.17191139,0,0.49959773,164.64772,2753.6128,60,0,1.134464,0,0,nan,nan,12639.859,-216.77358,-0,-821.51908,0,-0.16640691,0,0,0,0,0,0,0
64.75,4607.3077,0,-2749.0204,139.69517,0,91.739428,0,-0.41916866,0,0,0.028831082,0,-0.26179939,0,0,1,-0.26179939,0,-0,1,0,0,0.17191355,0,0.499504,164.62591,2749.0204,60,0,1.134464,0,0,nan,nan,12642.447,-216.81797,-0,-821.70069,0,-0.16917906,0,0,0,0,0,0,0
64.8,4614.2952,0,-2744.4384,139.80835,0,91.530181,0,-0.41772775,0,0,0.02880444,0,-0.26179939,0,0,1,-0.26179939,0,-0,1,0,0,0.17191574,0,0.49940838,164.60346,2744.4384,60,0,1.134464,0,0,nan,nan,12644.922,-216.86041,-0,-821.87511,0,-0.17194331,0,0,0,0,0,0,0
64.85,4621.2883,0,-2739.867,139.92055,0,91.320627,0,-0.41628817,0,0,0.028777367,0,-0.26179939,0,0,1,-0.26179939,0,-0,1,0,0,0.17191796,0,0.49931088,164.58036,2739.867,60,0,1.134464,0,0,nan,nan,12647.283,-216.9009,-0,-822.04235,0,-0.17469966,0,0,0,0,0,0,0
64.9,4628.287,0,-2735.306,140.03177,0,91.110776,0,-0.41484996,0,0,0.028749864,0,-0.26179939,0,0,1,-0.26179939,0,-0,1,0,0,0.17192021,0,0.49921151,164.55662,2735.306,60,0,1.134464,0,0,nan,nan,12649.531,-216.93946,-0,-822.20242,0,-0.17744806,0,0,0,0,0,0,0
64.95,4635.2912,0,-2730.7555,140.14201,0,90.900634,0,-0.41341314,0,0,0.028721932,0,-0.26179939,0,0,1,-0.26179939,0,-0,1,0,0,0.17192249,0,0.49911027,164.53224,2730.7555,60,0,1.134464,0,0,nan,nan,12651.666,-216.97608,-0,-822.35536,0,-0.18018849,0,0,0,0,0,0,0
65,4642.301,0,-2726.2155,140.25127,0,90.690209,0,-0.41197772,0,0,0.028693572,0,-0.26179939,0,0,1,-0.26179939,0,-0,1,0,0,0.1719248,0,0.49900717,164.50722,2726.2155,60,0,1.134464,0,0,nan,nan,12653.689,-217.01077,-0,-822.50117,0,-0.18292093,0,0,0,0,0,0,0
65.05,4649.3161,0,-2721.686,140.35954,0,90.479509,0,-0.41054373,0,0,0.028664787,0,-0.26179939,0,0,1,-0.26179939,0,-0,1,0,0,0.17192714,0,0.49890222,164.48157,2721.686,60,0,1.134464,0,0,nan,nan,12655.6,-217.04355,-0,-822.63987,0,-0.18564534,0,0,0,0,0,0,0
65.1,4656.3367,0,-2717.1671,140.46683,0,90.268541,0,-0.40911119,0,0,0.028635576,0,-0.26179939,0,0,1,-0.26179939,0,-0,1,0,0,0.1719295,0,0.49879543,164.45528,2717.1671,60,0,1.134464,0,0,nan,nan,12657.399,-217.0744,-0,-822.77149,0,-0.1883617,0,0,0,0,0,0,0
65.15,4663.3626,0,-2712.6588,140.57314,0,90.057312,0,-0.40768012,0,0,0.028605941,0,-0.26179939,0,0,1,-0.26179939,0,-0,1,0,0,0.1719319,0,0.49868681,164.42837,2712.6588,60,0,1.134464,0,0,nan,nan,12659.087,-217.10334,-0,-822.89603,0,-0.19106998,0,0,0,0,0,0,0
65.2,4670.3938,0,-2708.161,140.67846,0,89.845832,0,-0.40625054,0,0,0.028575884,0,-0.26179939,0,0,1,-0.26179939,0,-0,1,0,0,0.17193433,0,0.49857637,164.40083,2708.161,60,0,1.134464,0,0,nan,nan,12660.663,-217.13037,-0,-823.01353,0,-0.19377015,0,0,0,0,0,0,0
65.25,4677.4302,0,-2703.6738,140.7828,0,89.634106,0,-0.40482248,0,0,0.028545405,0,-0.26179939,0,0,1,-0.26179939,0,-0,1,0,0,0.17193678,0,0.49846411,164.37266,2703.6738,60,0,1.134464,0,0,nan,nan,12662.128,-217.15549,-0,-823.124,0,-0.19646219,0,0,0,0,0,0,0
65.3,4684.4718,0,-2699.1971,140.88615,0,89.422142,0,-0.40339595,0,0,0.028514506,0,-0.26179939,0,0,1,-0.26179939,0,-0,1,0,0,0.17193926,0,0.49835004,164.34387,2699.1971,60,0,1.134464,0,0,nan,nan,12663.482,-217.17872,-0,-823.22745,0,-0.19914606,0,0,0,0,0,0,0
65.35,4691.5186,0,-2694.7311,140.98851,0,89.209949,0,-0.40197097,0,0,0.028483189,0,-0.26179939,0,0,1,-0.26179939,0,-0,1,0,0,0.17194178,0,0.49823417,164.31447,2694.7311,60,0,1.134464,0,0,nan,nan,12664.726,-217.20006,-0,-823.32392,0,-0.20182174,0,0,0,0,0,0,0
65.4,4698.5705,0,-2690.2757,141.08989,0,88.997533,0,-0.40054757,0,0,0.028451454,0,-0.26179939,0,0,1,-0.26179939,0,-0,1,0,0,0.17194432,0,0.49811651,164.28445,2690.2757,60,0,1.134464,0,0,nan,nan,12665.86,-217.21951,-0,-823.41341,0,-0.20448921,0,0,0,0,0,0,0
65.45,4705.6274,0,-2685.8309,141.19029,0,88.784902,0,-0.39912577,0,0,0.028419303,0,-0.26179939,0,0,1,-0.26179939,0,-0,1,0,0,0.17194689,0,0.49799707,164.25381,2685.8309,60,0,1.134464,0,0,nan,nan,12666.885,-217.23707,-0,-823.49595,0,-0.20714842,0,0,0,0,0,0,0
65.5,4712.6893,0,-2681.3968,141.2897,0,88.572064,0,-0.39770559,0,0,0.028386737,0,-0.26179939,0,0,1,-0.26179939,0,-0,1,0,0,0.17194948,0,0.49787585,164.22256,2681.3968,60,0,1.134464,0,0,nan,nan,12667.8,-217.25276,-0,-823.57156,0,-0.20979937,0,0,0,0,0,0,0
65.55,4719.7561,0,-2676.9733,141.38812,0,88.359025,0,-0.39628704,0,0,0.028353758,0,-0.26179939,0,0,1,-0.26179939,0,-0,1,0,0,0.17195211,0,0.49775287,164.19071,2676.9733,60,0,1.134464,0,0,nan,nan,12668.605,-217.26658,-0,-823.64026,0,-0.21244201,0,0,0,0,0,0,0
65.6,4726.8279,0,-2672.5605,141.48556,0,88.145794,0,-0.39487015,0,0,0.028320366,0,-0.26179939,0,0,1,-0.26179939,0,-0,1,0,0,0.17195477,0,0.49762813,164.15825,2672.5605,60,0,1.134464,0,0,nan,nan,12669.302,-217.27854,-0,-823.70206,0,-0.21507632,0,0,0,0,0,0,0
65.65,4733.9045,0,-2668.1583,141.58201,0,87.932378,0,-0.39345494,0,0,0.028286563,0,-0.26179939,0,0,1,-0.26179939,0,-0,1,0,0,0.17195745,0,0.49750164,164.12519,2668.1583,60,0,1.134464,0,0,nan,nan,12669.891,-217.28863,-0,-823.757,0,-0.21770228,0,0,0,0,0,0,0
65.7,4740.9859,0,-2663.7668,141.67748,0,87.718784,0,-0.39204143,0,0,0.028252351,0,-0.26179939,0,0,1,-0.26179939,0,-0,1,0,0,0.17196017,0,0.4973734,164.09152,2663.7668,60,0,1.134464,0,0,nan,nan,12670.371,-217.29687,-0,-823.80509,0,-0.22031985,0,0,0,0,0,0,0
65.75,4748.072,0,-2659.386,141.77196,0,87.50502,0,-0.39062964,0,0,0.02821773,0,-0.26179939,0,0,1,-0.26179939,0,-0,1,0,0,0.17196291,0,0.49724344,164.05726,2659.386,60,0,1.134464,0,0,nan,nan,12670.744,-217.30326,-0,-823.84635,0,-0.22292901,0,0,0,0,0,0,0
65.8,4755.1628,0,-2655.0159,141.86545,0,87.291093,0,-0.3892196,0,0,0.028182702,0,-0.26179939,0,0,1,-0.26179939,0,-0,1,0,0,0.17196568,0,0.49711175,164.02241,2655.0159,60,0,1.134464,0,0,nan,nan,12671.01,-217.30781,-0,-823.88081,0,-0.22552974,0,0,0,0,0,0,0
65.85,4762.2583,0,-2650.6565,141.95797,0,87.07701,0,-0.38781131,0,0,0.028147269,0,-0.26179939,0,0,1,-0.26179939,0,-0,1,0,0,0.17196848,0,0.49697834,163.98696,2650.6565,60,0,1.134464,0,0,nan,nan,12671.168,-217.31053,-0,-823.90848,0,-0.228122,0,0,0,0,0,0,0
65.9,4769.3584,0,-2646.3078,142.04949,0,86.862779,0,-0.3864048,0,0,0.028111431,0,-0.26179939,0,0,1,-0.26179939,0,-0,1,0,0,0.17197131,0,0.49684323,163.95092,2646.3078,60,0,1.134464,0,0,nan,nan,12671.219,-217.31141,-0,-823.92939,0,-0.23070577,0,0,0,0,0,0,0
65.95,4776.4631,0,-2641.9698,142.14003,0,86.648407,0,-0.3850001,0,0,0.02807519,0,-0.26179939,0,0,1,-0.26179939,0,-0,1,0,0,0.17197417,0,0.49670642,163.91429,2641.9698,60,0,1.134464,0,0,nan,nan,12671.164,-217.31047,-0,-823.94356,0,-0.23328103,0,0,0,0,0,0,0
66,4783.5723,0,-2637.6425,142.22959,0,86.433902,0,-0.38359722,0,0,0.028038547,0,-0.26179939,0,0,1,-0.26179939,0,-0,1,0,0,0.17197705,0,0.49656792,163.87708,2637.6425,60,0,1.134464,0,0,nan,nan,12671.003,-217.30771,-0,-823.95101,0,-0.23584774,0,0,0,0,0,0,0
66.05,4790.6859,0,-2633.326,142.31817,0,86.21927,0,-0.38219618,0,0,0.028001504,0,-0.26179939,0,0,1,-0.26179939,0,-0,1,0,0,0.17197997,0,0.49642773,163.83929,2633.326,60,0,1.134464,0,0,nan,nan,12670.737,-217.30313,-0,-823.95176,0,-0.23840587,0,0,0,0,0,0,0
66.1,4797.8039,0,-2629.0201,142.40576,0,86.004519,0,-0.380797,0,0,0.027964062,0,-0.26179939,0,0,1,-0.26179939,0,-0,1,0,0,0.17198291,0,0.49628587,163.80092,2629.0201,60,0,1.134464,0,0,nan,nan,12670.365,-217.29676,-0,-823.94584,0,-0.24095541,0,0,0,0,0,0,0
66.15,4804.9262,0,-2624.7251,142.49237,0,85.789656,0,-0.3793997,0,0,0.027926222,0,-0.26179939,0,0,1,-0.26179939,0,-0,1,0,0,0.17198588,0,0.49614235,163.76198,2624.7251,60,0,1.134464,0,0,nan,nan,12669.888,-217.28858,-0,-823.93327,0,-0.24349633,0,0,0,0,0,0,0
66.2,4812.0529,0,-2620.4407,142.57799,0,85.574688,0,-0.37800431,0,0,0.027887985,0,-0.26179939,0,0,1,-0.26179939,0,-0,1,0,0,0.17198888,0,0.49599716,163.72246,2620.4407,60,0,1.134464,0,0,nan,nan,12669.306,-217.2786,-0,-823.91408,0,-0.24602859,0,0,0,0,0,0,0
66.25,4819.1839,0,-2616.1672,142.66264,0,85.359623,0,-0.37661084,0,0,0.027849354,0,-0.26179939,0,0,1,-0.26179939,0,-0,1,0,0,0.17199191,0,0.49585033,163.68237,2616.1672,60,0,1.134464,0,0,nan,nan,12668.621,-217.26684,-0,-823.88828,0,-0.24855218,0,0,0,0,0,0,0
66.3,4826.319,0,-2611.9044,142.7463,0,85.144468,0,-0.3752193,0,0,0.027810329,0,-0.26179939,0,0,1,-0.26179939,0,-0,1,0,0,0.17199496,0,0.49570186,163.64171,2611.9044,60,0,1.134464,0,0,nan,nan,12667.831,-217.2533,-0,-823.8559,0,-0.25106706,0,0,0,0,0,0,0
66.35,4833.4583,0,-2607.6523,142.82899,0,84.92923,0,-0.37382973,0,0,0.027770912,0,-0.26179939,0,0,1,-0.26179939,0,-0,1,0,0,0.17199805,0,0.49555176,163.60049,2607.6523,60,0,1.134464,0,0,nan,nan,12666.938,-217.23798,-0,-823.81696,0,-0.25357321,0,0,0,0,0,0,0
66.4,4840.6017,0,-2603.411,142.91069,0,84.713916,0,-0.37244214,0,0,0.027731104,0,-0.26179939,0,0,1,-0.26179939,0,-0,1,0,0,0.17200116,0,0.49540003,163.5587,2603.411,60,0,1.134464,0,0,nan,nan,12665.942,-217.2209,-0,-823.77149,0,-0.25607061,0,0,0,0,0,0,0
66.45,4847.7492,0,-2599.1805,142.99142,0,84.498533,0,-0.37105655,0,0,0.027690906,0,-0.26179939,0,0,1,-0.26179939,0,-0,1,0,0,0.1720043,0,0.49524669,163.51636,2599.1805,60,0,1.134464,0,0,nan,nan,12664.843,-217.20205,-0,-823.7195,0,-0.25855923,0,0,0,0,0,0,0
66.5,4854.9007,0,-2594.9607,143.07117,0,84.283089,0,-0.36967297,0,0,0.02765032,0,-0.26179939,0,0,1,-0.26179939,0,-0,1,0,0,0.17200747,0,0.49509174,163.47346,2594.9607,60,0,1.134464,0,0,nan,nan,12663.641,-217.18145,-0,-823.66103,0,-0.26103904,0,0,0,0,0,0,0
66.55,4862.0561,0,-2590.7517,143.14994,0,84.067589,0,-0.36829144,0,0,0.027609347,0,-0.26179939,0,0,1,-0.26179939,0,-0,1,0,0,0.17201067,0,0.49493519,163.43,2590.7517,60,0,1.134464,0,0,nan,nan,12662.338,-217.15909,-0,-823.5961,0,-0.26351002,0,0,0,0,0,0,0
66.6,4869.2155,0,-2586.5535,143.22773,0,83.852042,0,-0.36691196,0,0,0.027567989,0,-0.26179939,0,0,1,-0.26179939,0,-0,1,0,0,0.1720139,0,0.49477705,163.38599,2586.5535,60,0,1.134464,0,0,nan,nan,12660.933,-217.135,-0,-823.52474,0,-0.26597213,0,0,0,0,0,0,0
66.65,4876.3787,0,-2582.3661,143.30455,0,83.636455,0,-0.36553456,0,0,0.027526247,0,-0.26179939,0,0,1,-0.26179939,0,-0,1,0,0,0.17201715,0,0.49461733,163.34143,2582.3661,60,0,1.134464,0,0,nan,nan,12659.427,-217.10917,-0,-823.44696,0,-0.26842537,0,0,0,0,0,0,0
66.7,4883.5458,0,-2578.1895,143.3804,0,83.420834,0,-0.36415926,0,0,0.027484122,0,-0.26179939,0,0,1,-0.26179939,0,-0,1,0,0,0.17202043,0,0.49445604,163.29633,2578.1895,60,0,1.134464,0,0,nan,nan,12657.82,-217.08161,-0,-823.36279,0,-0.2708697,0,0,0,0,0,0,0
66.75,4890.7166,0,-2574.0236,143.45527,0,83.205187,0,-0.36278607,0,0,0.027441615,0,-0.26179939,0,0,1,-0.26179939,0,-0,1,0,0,0.17202374,0,0.49429318,163.25068,2574.0236,60,0,1.134464,0,0,nan,nan,12656.112,-217.05233,-0,-823.27225,0,-0.27330509,0,0,0,0,0,0,0
66.8,4897.8912,0,-2569.8685,143.52917,0,82.989519,0,-0.36141502,0,0,0.027398729,0,-0.26179939,0,0,1,-0.26179939,0,-0,1,0,0,0.17202708,0,0.49412877,163.20449,2569.8685,60,0,1.134464,0,0,nan,nan,12654.305,-217.02133,-0,-823.17538,0,-0.27573152,0,0,0,0,0,0,0
66.85,4905.0694,0,-2565.7242,143.60209,0,82.77384,0,-0.36004612,0,0,0.027355465,0,-0.26179939,0,0,1,-0.26179939,0,-0,1,0,0,0.17203045,0,0.49396281,163.15777,2565.7242,60,0,1.134464,0,0,nan,nan,12652.398,-216.98863,-0,-823.0722,0,-0.27814897,0,0,0,0,0,0,0
66.9,4912.2512,0,-2561.5907,143.67405,0,82.558154,0,-0.35867939,0,0,0.027311823,0,-0.26179939,0,0,1,-0.26179939,0,-0,1,0,0,0.17203384,0,0.49379531,163.11051,2561.5907,60,0,1.134464,0,0,nan,nan,12650.392,-216.95422,-0,-822.96273,0,-0.2805574,0,0,0,0,0,0,0
66.95,4919.4366,0,-2557.468,143.74504,0,82.342469,0,-0.35731486,0,0,0.027267806,0,-0.26179939,0,0,1,-0.26179939,0,-0,1,0,0,0.17203726,0,0.49362628,163.06271,2557.468,60,0,1.134464,0,0,nan,nan,12648.287,-216.91812,-0,-822.847,0,-0.28295681,0,0,0,0,0,0,0
67,4926.6255,0,-2553.356,143.81506,0,82.126793,0,-0.35595253,0,0,0.027223415,0,-0.26179939,0,0,1,-0.26179939,0,-0,1,0,0,0.17204072,0,0.49345573,163.01439,2553.356,60,0,1.134464,0,0,nan,nan,12646.083,-216.88033,-0,-822.72502,0,-0.28534715,0,0,0,0,0,0,0
67.05,4933.818,0,-2549.2548,143.88411,0,81.911131,0,-0.35459243,0,0,0.027178651,0,-0.26179939,0,0,1,-0.26179939,0,-0,1,0,0,0.17204419,0,0.49328366,162.96554,2549.2548,60,0,1.134464,0,0,nan,nan,12643.782,-216.84085,-0,-822.59684,0,-0.28772842,0,0,0,0,0,0,0
67.1,4941.0138,0,-2545.1645,143.9522,0,81.695491,0,-0.35323458,0,0,0.027133515,0,-0.26179939,0,0,1,-0.26179939,0,-0,1,0,0,0.1720477,0,0.49311009,162.91616,2545.1645,60,0,1.134464,0,0,nan,nan,12641.382,-216.79971,-0,-822.46248,0,-0.29010057,0,0,0,0,0,0,0
67.15,4948.213,0,-2541.0849,144.01932,0,81.479879,0,-0.351879,0,0,0.02708801,0,-0.26179939,0,0,1,-0.26179939,0,-0,1,0,0,0.17205123,0,0.49293502,162.86627,2541.0849,60,0,1.134464,0,0,nan,nan,12638.886,-216.7569,-0,-822.32195,0,-0.29246359,0,0,0,0,0,0,0
67.2,4955.4156,0,-2537.016,144.08549,0,81.264302,0,-0.3505257,0,0,0.027042135,0,-0.26179939,0,0,1,-0.26179939,0,-0,1,0,0,0.1720548,0,0.49275846,162.81585,2537.016,60,0,1.134464,0,0,nan,nan,12636.293,-216.71242,-0,-822.17529,0,-0.29481746,0,0,0,0,0,0,0
67.25,4962.6214,0,-2532.958,144.15069,0,81.048768,0,-0.3491747,0,0,0.026995894,0,-0.26179939,0,0,1,-0.26179939,0,-0,1,0,0,0.17205839,0,0.49258043,162.76492,2532.958,60,0,1.134464,0,0,nan,nan,12633.604,-216.6663,-0,-822.02253,0,-0.29716215,0,0,0,0,0,0,0
67.3,4969.8305,0,-2528.9107,144.21493,0,80.833281,0,-0.34782602,0,0,0.026949287,0,-0.26179939,0,0,1,-0.26179939,0,-0,1,0,0,0.172062,0,0.49240092,162.71347,2528.9107,60,0,1.134464,0,0,nan,nan,12630.818,-216.61853,-0,-821.86368,0,-0.29949763,0,0,0,0,0,0,0
67.35,4977.0428,0,-2524.8742,144.27821,0,80.61785,0,-0.34647968,0,0,0.026902316,0,-0.26179939,0,0,1,-0.26179939,0,-0,1,0,0,0.17206565,0,0.49221995,162.66152,2524.8742,60,0,1.134464,0,0,nan,nan,12627.937,-216.56912,-0,-821.69878,0,-0.30182389,0,0,0,0,0,0,0
67.4,4984.2582,0,-2520.8485,144.34053,0,80.402481,0,-0.3451357,0,0,0.026854982,0,-0.26179939,0,0,1,-0.26179939,0,-0,1,0,0,0.17206932,0,0.49203752,162.60906,2520.8485,60,0,1.134464,0,0,nan,nan,12624.961,-216.51809,-0,-821.52786,0,-0.3041409,0,0,0,0,0,0,0
67.45,4991.4767,0,-2516.8336,144.4019,0,80.18718,0,-0.34379409,0,0,0.026807287,0,-0.26179939,0,0,1,-0.26179939,0,-0,1,0,0,0.17207302,0,0.49185365,162.55609,2516.8336,60,0,1.134464,0,0,nan,nan,12621.891,-216.46542,-0,-821.35093,0,-0.30644863,0,0,0,0,0,0,0
67.5,4998.6982,0,-2512.8294,144.46232,0,79.971954,0,-0.34245488,0,0,0.026759232,0,-0.26179939,0,0,1,-0.26179939,0,-0,1,0,0,0.17207675,0,0.49166834,162.50262,2512.8294,60,0,1.134464,0,0,nan,nan,12618.726,-216.41115,-0,-821.16804,0,-0.30874706,0,0,0,0,0,0,0
67.55,5005.9228,0,-2508.8359,144.52178,0,79.75681,0,-0.34111808,0,0,0.026710819,0,-0.26179939,0,0,1,-0.26179939,0,-0,1,0,0,0.17208051,0,0.4914816,162.44865,2508.8359,60,0,1.134464,0,0,nan,nan,12615.467,-216.35526,-0,-820.97919,0,-0.31103617,0,0,0,0,0,0,0
67.6,5013.1503,0,-2504.8533,144.58029,0,79.541754,0,-0.33978371,0,0,0.026662048,0,-0.26179939,0,0,1,-0.26179939,0,-0,1,0,0,0.17208429,0,0.49129344,162.39418,2504.8533,60,0,1.134464,0,0,nan,nan,12612.115,-216.29777,-0,-820.78443,0,-0.31331594,0,0,0,0,0,0,0
67.65,5020.3807,0,-2500.8813,144.63785,0,79.326793,0,-0.33845178,0,0,0.026612922,0,-0.26179939,0,0,1,-0.26179939,0,-0,1,0,0,0.1720881,0,0.49110387,162.33922,2500.8813,60,0,1.134464,0,0,nan,nan,12608.67,-216.23869,-0,-820.58378,0,-0.31558634,0,0,0,0,0,0,0
67.7,5027.6139,0,-2496.9201,144.69447,0,79.111933,0,-0.33712232,0,0,0.026563442,0,-0.26179939,0,0,1,-0.26179939,0,-0,1,0,0,0.17209194,0,0.49091289,162.28377,2496.9201,60,0,1.134464,0,0,nan,nan,12605.132,-216.17802,-0,-820.37726,0,-0.31784736,0,0,0,0,0,0,0
67.75,5034.85,0,-2492.9697,144.75014,0,78.89718,0,-0.33579535,0,0,0.026513609,0,-0.26179939,0,0,1,-0.26179939,0,-0,1,0,0,0.17209581,0,0.49072052,162.22783,2492.9697,60,0,1.134464,0,0,nan,nan,12601.503,-216.11577,-0,-820.16491,0,-0.32009896,0,0,0,0,0,0,0
67.8,5042.0888,0,-2489.03,144.80487,0,78.682542,0,-0.33447087,0,0,0.026463426,0,-0.26179939,0,0,1,-0.26179939,0,-0,1,0,0,0.1720997,0,0.49052676,162.1714,2489.03,60,0,1.134464,0,0,nan,nan,12597.781,-216.05195,-0,-819.94676,0,-0.32234113,0,0,0,0,0,0,0
67.85,5049.3304,0,-2485.101,144.85865,0,78.468024,0,-0.33314891,0,0,0.026412892,0,-0.26179939,0,0,1,-0.26179939,0,-0,1,0,0,0.17210362,0,0.49033162,162.11449,2485.101,60,0,1.134464,0,0,nan,nan,12593.969,-215.98657,-0,-819.72282,0,-0.32457383,0,0,0,0,0,0,0
67.9,5056.5746,0,-2481.1828,144.9115,0,78.253632,0,-0.33182948,0,0,0.026362011,0,-0.26179939,0,0,1,-0.26179939,0,-0,1,0,0,0.17210757,0,0.49013511,162.0571,2481.1828,60,0,1.134464,0,0,nan,nan,12590.066,-215.91963,-0,-819.49313,0,-0.32679707,0,0,0,0,0,0,0
67.95,5063.8214,0,-2477.2752,144.96341,0,78.039374,0,-0.33051261,0,0,0.026310782,0,-0.26179939,0,0,1,-0.26179939,0,-0,1,0,0,0.17211155,0,0.48993724,161.99924,2477.2752,60,0,1.134464,0,0,nan,nan,12586.072,-215.85114,-0,-819.25772,0,-0.3290108,0,0,0,0,0,0,0
68,5071.0708,0,-2473.3784,145.01438,0,77.825255,0,-0.32919831,0,0,0.026259209,0,-0.26179939,0,0,1,-0.26179939,0,-0,1,0,0,0.17211555,0,0.48973802,161.94089,2473.3784,60,0,1.134464,0,0,nan,nan,12581.989,-215.78111,-0,-819.01661,0,-0.331215,0,0,0,0,0,0,0
68.05,5078.3227,0,-2469.4923,145.06441,0,77.611281,0,-0.32788659,0,0,0.026207292,0,-0.26179939,0,0,1,-0.26179939,0,-0,1,0,0,0.17211958,0,0.48953745,161.88208,2469.4923,60,0,1.134464,0,0,nan,nan,12577.817,-215.70955,-0,-818.76983,0,-0.33340966,0,0,0,0,0,0,0
68.1,5085.5771,0,-2465.6168,145.11352,0,77.39746,0,-0.32657748,0,0,0.026155033,0,-0.26179939,0,0,1,-0.26179939,0,-0,1,0,0,0.17212364,0,0.48933555,161.8228,2465.6168,60,0,1.134464,0,0,nan,nan,12573.555,-215.63647,-0,-818.51742,0,-0.33559476,0,0,0,0,0,0,0
68.15,5092.834,0,-2461.7521,145.16169,0,77.183796,0,-0.32527099,0,0,0.026102433,0,-0.26179939,0,0,1,-0.26179939,0,-0,1,0,0,0.17212773,0,0.48913232,161.76305,2461.7521,60,0,1.134464,0,0,nan,nan,12569.205,-215.56186,-0,-818.25939,0,-0.33777027,0,0,0,0,0,0,0
68.2,5100.0932,0,-2457.898,145.20894,0,76.970297,0,-0.32396714,0,0,0.026049494,0,-0.26179939,0,0,1,-0.26179939,0,-0,1,0,0,0.17213184,0,0.48892777,161.70284,2457.898,60,0,1.134464,0,0,nan,nan,12564.767,-215.48575,-0,-817.99579,0,-0.33993617,0,0,0,0,0,0,0
68.25,5107.3547,0,-2454.0546,145.25525,0,76.756968,0,-0.32266594,0,0,0.025996217,0,-0.26179939,0,0,1,-0.26179939,0,-0,1,0,0,0.17213598,0,0.48872191,161.64217,2454.0546,60,0,1.134464,0,0,nan,nan,12560.241,-215.40813,-0,-817.72663,0,-0.34209244,0,0,0,0,0,0,0
68.3,5114.6186,0,-2450.2219,145.30065,0,76.543816,0,-0.32136742,0,0,0.025942604,0,-0.26179939,0,0,1,-0.26179939,0,-0,1,0,0,0.17214015,0,0.48851474,161.58103,2450.2219,60,0,1.134464,0,0,nan,nan,12555.628,-215.32902,-0,-817.45195,0,-0.34423906,0,0,0,0,0,0,0
68.35,5121.8847,0,-2446.3998,145.34512,0,76.330846,0,-0.32007158,0,0,0.025888656,0,-0.26179939,0,0,1,-0.26179939,0,-0,1,0,0,0.17214434,0,0.48830628,161.51945,2446.3998,60,0,1.134464,0,0,nan,nan,12550.928,-215.24842,-0,-817.17177,0,-0.34637601,0,0,0,0,0,0,0
68.4,5129.153,0,-2442.5884,145.38868,0,76.118065,0,-0.31877845,0,0,0.025834375,0,-0.26179939,0,0,1,-0.26179939,0,-0,1,0,0,0.17214856,0,0.48809654,161.45741,2442.5884,60,0,1.134464,0,0,nan,nan,12546.143,-215.16635,-0,-816.88613,0,-0.34850326,0,0,0,0,0,0,0
68.45,5136.4235,0,-2438.7876,145.43131,0,75.905479,0,-0.31748804,0,0,0.025779762,0,-0.26179939,0,0,1,-0.26179939,0,-0,1,0,0,0.17215281,0,0.48788551,161.39492,2438.7876,60,0,1.134464,0,0,nan,nan,12541.271,-215.0828,-0,-816.59506,0,-0.3506208,0,0,0,0,0,0,0
68.5,5143.696,0,-2434.9974,145.47303,0,75.693093,0,-0.31620037,0,0,0.02572482,0,-0.26179939,0,0,1,-0.26179939,0,-0,1,0,0,0.17215709,0,0.48767322,161.33199,2434.9974,60,0,1.134464,0,0,nan,nan,12536.315,-214.99779,-0,-816.29857,0,-0.35272861,0,0,0,0,0,0,0
68.55,5150.9707,0,-2431.2179,145.51384,0,75.480914,0,-0.31491545,0,0,0.025669548,0,-0.26179939,0,0,1,-0.26179939,0,-0,1,0,0,0.17216139,0,0.48745967,161.26861,2431.2179,60,0,1.134464,0,0,nan,nan,12531.273,-214.91133,-0,-815.99671,0,-0.35482667,0,0,0,0,0,0,0
68.6,5158.2473,0,-2427.4489,145.55374,0,75.268947,0,-0.31363331,0,0,0.02561395,0,-0.26179939,0,0,1,-0.26179939,0,-0,1,0,0,0.17216572,0,0.48724486,161.20479,2427.4489,60,0,1.134464,0,0,nan,nan,12526.147,-214.82342,-0,-815.6895,0,-0.35691495,0,0,0,0,0,0,0
68.65,5165.526,0,-2423.6905,145.59273,0,75.057199,0,-0.31235395,0,0,0.025558026,0,-0.26179939,0,0,1,-0.26179939,0,-0,1,0,0,0.17217007,0,0.48702882,161.14053,2423.6905,60,0,1.134464,0,0,nan,nan,12520.937,-214.73408,-0,-815.37697,0,-0.35899344,0,0,0,0,0,0,0
68.7,5172.8065,0,-2419.9427,145.63081,0,74.845674,0,-0.3110774,0,0,0.025501778,0,-0.26179939,0,0,1,-0.26179939,0,-0,1,0,0,0.17217446,0,0.48681153,161.07583,2419.9427,60,0,1.134464,0,0,nan,nan,12515.644,-214.6433,-0,-815.05915,0,-0.36106211,0,0,0,0,0,0,0
68.75,5180.0889,0,-2416.2055,145.66799,0,74.63438,0,-0.30980366,0,0,0.025445207,0,-0.26179939,0,0,1,-0.26179939,0,-0,1,0,0,0.17217887,0,0.48659302,161.0107,2416.2055,60,0,1.134464,0,0,nan,nan,12510.268,-214.5511,-0,-814.73608,0,-0.36312096,0,0,0,0,0,0,0
68.8,5187.3732,0,-2412.4789,145.70427,0,74.423322,0,-0.30853277,0,0,0.025388316,0,-0.26179939,0,0,1,-0.26179939,0,-0,1,0,0,0.1721833,0,0.48637329,160.94515,2412.4789,60,0,1.134464,0,0,nan,nan,12504.809,-214.45748,-0,-814.40777,0,-0.36516995,0,0,0,0,0,0,0
68.85,5194.6593,0,-2408.7628,145.73965,0,74.212505,0,-0.30726472,0,0,0.025331105,0,-0.26179939,0,0,1,-0.26179939,0,-0,1,0,0,0.17218777,0,0.48615235,160.87916,2408.7628,60,0,1.134464,0,0,nan,nan,12499.269,-214.36246,-0,-814.07426,0,-0.36720906,0,0,0,0,0,0,0
68.9,5201.9471,0,-2405.0572,145.77413,0,74.001936,0,-0.30599955,0,0,0.025273576,0,-0.26179939,0,0,1,-0.26179939,0,-0,1,0,0,0.17219226,0,0.48593021,160.81275,2405.0572,60,0,1.134464,0,0,nan,nan,12493.647,-214.26604,-0,-813.73559,0,-0.36923829,0,0,0,0,0,0,0
68.95,5209.2366,0,-2401.3622,145.80772,0,73.79162,0,-0.30473726,0,0,0.025215731,0,-0.26179939,0,0,1,-0.26179939,0,-0,1,0,0,0.17219677,0,0.48570687,160.74592,2401.3622,60,0,1.134464,0,0,nan,nan,12487.944,-214.16823,-0,-813.39177,0,-0.37125761,0,0,0,0,0,0,0
69,5216.5278,0,-2397.6776,145.84042,0,73.581562,0,-0.30347786,0,0,0.025157572,0,-0.26179939,0,0,1,-0.26179939,0,-0,1,0,0,0.17220132,0,0.48548235,160.67866,2397.6776,60,0,1.134464,0,0,nan,nan,12482.16,-214.06905,-0,-813.04285,0,-0.373267,0,0,0,0,0,0,0
69.05,5223.8206,0,-2394.0036,145.87223,0,73.371769,0,-0.30222139,0,0,0.025099098,0,-0.26179939,0,0,1,-0.26179939,0,-0,1,0,0,0.17220589,0,0.48525665,160.611,2394.0036,60,0,1.134464,0,0,nan,nan,12476.296,-213.96848,-0,-812.68885,0,-0.37526644,0,0,0,0,0,0,0
69.1,5231.1149,0,-2390.34,145.90316,0,73.162245,0,-0.30096784,0,0,0.025040314,0,-0.26179939,0,0,1,-0.26179939,0,-0,1,0,0,0.17221048,0,0.48502978,160.54291,2390.34,60,0,1.134464,0,0,nan,nan,12470.353,-213.86655,-0,-812.3298,0,-0.37725592,0,0,0,0,0,0,0
69.15,5238.4108,0,-2386.6869,145.9332,0,72.952997,0,-0.29971724,0,0,0.024981219,0,-0.26179939,0,0,1,-0.26179939,0,-0,1,0,0,0.17221511,0,0.48480176,160.47442,2386.6869,60,0,1.134464,0,0,nan,nan,12464.331,-213.76327,-0,-811.96573,0,-0.37923541,0,0,0,0,0,0,0
69.2,5245.7082,0,-2383.0443,145.96236,0,72.74403,0,-0.29846961,0,0,0.024921816,0,-0.26179939,0,0,1,-0.26179939,0,-0,1,0,0,0.17221976,0,0.48457258,160.40552,2383.0443,60,0,1.134464,0,0,nan,nan,12458.229,-213.65863,-0,-811.59667,0,-0.3812049,0,0,0,0,0,0,0
69.25,5253.007,0,-2379.4121,145.99064,0,72.535349,0,-0.29722495,0,0,0.024862105,0,-0.26179939,0,0,1,-0.26179939,0,-0,1,0,0,0.17222443,0,0.48434225,160.33621,2379.4121,60,0,1.134464,0,0,nan,nan,12452.05,-213.55266,-0,-811.22265,0,-0.38316437,0,0,0,0,0,0,0
69.3,5260.3072,0,-2375.7903,146.01805,0,72.32696,0,-0.29598328,0,0,0.024802089,0,-0.26179939,0,0,1,-0.26179939,0,-0,1,0,0,0.17222914,0,0.4841108,160.2665,2375.7903,60,0,1.134464,0,0,nan,nan,12445.793,-213.44535,-0,-810.84371,0,-0.3851138,0,0,0,0,0,0,0
69.35,5267.6087,0,-2372.179,146.04458,0,72.118869,0,-0.29474462,0,0,0.02474177,0,-0.26179939,0,0,1,-0.26179939,0,-0,1,0,0,0.17223387,0,0.48387821,160.19639,2372.179,60,0,1.134464,0,0,nan,nan,12439.459,-213.33672,-0,-810.45987,0,-0.38705317,0,0,0,0,0,0,0
69.4,5274.9116,0,-2368.578,146.07025,0,71.91108,0,-0.29350899,0,0,0.024681148,0,-0.26179939,0,0,1,-0.26179939,0,-0,1,0,0,0.17223862,0,0.48364451,160.12589,2368.578,60,0,1.134464,0,0,nan,nan,12433.048,-213.22678,-0,-810.07116,0,-0.38898247,0,0,0,0,0,0,0
69.45,5282.2157,0,-2364.9875,146.09505,0,71.703599,0,-0.29227639,0,0,0.024620225,0,-0.26179939,0,0,1,-0.26179939,0,-0,1,0,0,0.1722434,0,0.48340969,160.05499,2364.9875,60,0,1.134464,0,0,nan,nan,12426.561,-213.11553,-0,-809.67762,0,-0.39090168,0,0,0,0,0,0,0
69.5,5289.521,0,-2361.4073,146.11898,0,71.496431,0,-0.29104685,0,0,0.024559004,0,-0.26179939,0,0,1,-0.26179939,0,-0,1,0,0,0.17224821,0,0.48317378,159.98369,2361.4073,60,0,1.134464,0,0,nan,nan,12419.999,-213.00298,-0,-809.27928,0,-0.39281078,0,0,0,0,0,0,0
69.55,5296.8275,0,-2357.8374,146.14205,0,71.289582,0,-0.28982037,0,0,0.024497484,0,-0.26179939,0,0,1,-0.26179939,0,-0,1,0,0,0.17225305,0,0.48293676,159.91201,2357.8374,60,0,1.134464,0,0,nan,nan,12413.361,-212.88913,-0,-808.87616,0,-0.39470976,0,0,0,0,0,0,0
69.6,5304.1352,0,-2354.2779,146.16427,0,71.083057,0,-0.28859698,0,0,0.024435669,0,-0.26179939,0,0,1,-0.26179939,0,-0,1,0,0,0.17225791,0,0.48269867,159.83994,2354.2779,60,0,1.134464,0,0,nan,nan,12406.648,-212.77401,-0,-808.4683,0,-0.39659859,0,0,0,0,0,0,0
69.65,5311.4439,0,-2350.7287,146.18562,0,70.87686,0,-0.28737669,0,0,0.02437356,0,-0.26179939,0,0,1,-0.26179939,0,-0,1,0,0,0.1722628,0,0.48245949,159.76749,2350.7287,60,0,1.134464,0,0,nan,nan,12399.861,-212.65761,-0,-808.05572,0,-0.39847726,0,0,0,0,0,0,0
69.7,5318.7537,0,-2347.1898,146.20613,0,70.670998,0,-0.28615951,0,0,0.024311157,0,-0.26179939,0,0,1,-0.26179939,0,-0,1,0,0,0.17226771,0,0.48221925,159.69466,2347.1898,60,0,1.134464,0,0,nan,nan,12393,-212.53995,-0,-807.63847,0,-0.40034576,0,0,0,0,0,0,0
69.75,5326.0644,0,-2343.6612,146.22578,0,70.465475,0,-0.28494545,0,0,0.024248464,0,-0.26179939,0,0,1,-0.26179939,0,-0,1,0,0,0.17227265,0,0.48197795,159.62145,2343.6612,60,0,1.134464,0,0,nan,nan,12386.066,-212.42104,-0,-807.21657,0,-0.40220406,0,0,0,0,0,0,0
69.8,5333.3762,0,-2340.1428,146.24459,0,70.260297,0,-0.28373454,0,0,0.024185481,0,-0.26179939,0,0,1,-0.26179939,0,-0,1,0,0,0.17227761,0,0.48173559,159.54787,2340.1428,60,0,1.134464,0,0,nan,nan,12379.059,-212.30087,-0,-806.79005,0,-0.40405216,0,0,0,0,0,0,0
69.85,5340.6889,0,-2336.6347,146.26256,0,70.055468,0,-0.28252678,0,0,0.02412221,0,-0.26179939,0,0,1,-0.26179939,0,-0,1,0,0,0.17228261,0,0.48149219,159.47391,2336.6347,60,0,1.134464,0,0,nan,nan,12371.98,-212.17946,-0,-806.35894,0,-0.40589003,0,0,0,0,0,0,0
69.9,5348.0024,0,-2333.1368,146.27968,0,69.850994,0,-0.2813222,0,0,0.024058652,0,-0.26179939,0,0,1,-0.26179939,0,-0,1,0,0,0.17228762,0,0.48124775,159.39959,2333.1368,60,0,1.134464,0,0,nan,nan,12364.83,-212.05683,-0,-805.92327,0,-0.40771766,0,0,0,0,0,0,0
69.95,5355.3168,0,-2329.6492,146.29596,0,69.646879,0,-0.2801208,0,0,0.02399481,0,-0.26179939,0,0,1,-0.26179939,0,-0,1,0,0,0.17229267,0,0.48100229,159.32489,2329.6492,60,0,1.134464,0,0,nan,nan,12357.607,-211.93297,-0,-805.48308,0,-0.40953502,0,0,0,0,0,0,0
70,5362.6319,0,-2326.1717,146.31142,0,69.443128,0,-0.27892259,0,0,0.023930684,0,-0.26179939,0,0,1,-0.26179939,0,-0,1,0,0,0.17229774,0,0.4807558,159.24983,2326.1717,60,0,1.134464,0,0,nan,nan,12350.314,-211.80789,-0,-805.0384,0,-0.41134212,0,0,0,0,0,0,0
70.05,5369.9479,0,-2322.7045,146.32603,0,69.239747,0,-0.2777276,0,0,0.023866277,0,-0.26179939,0,0,1,-0.26179939,0,-0,1,0,0,0.17230283,0,0.48050831,159.17442,2322.7045,60,0,1.134464,0,0,nan,nan,12342.951,-211.68161,-0,-804.58925,0,-0.41313893,0,0,0,0,0,0,0
70.1,5377.2645,0,-2319.2474,146.33982,0,69.03674,0,-0.27653584,0,0,0.02380159,0,-0.26179939,0,0,1,-0.26179939,0,-0,1,0,0,0.17230795,0,0.48025981,159.09864,2319.2474,60,0,1.134464,0,0,nan,nan,12335.518,-211.55414,-0,-804.13567,0,-0.41492543,0,0,0,0,0,0,0
70.15,5384.5818,0,-2315.8004,146.35279,0,68.834112,0,-0.27534732,0,0,0.023736625,0,-0.26179939,0,0,1,-0.26179939,0,-0,1,0,0,0.1723131,0,0.48001031,159.0225,2315.8004,60,0,1.134464,0,0,nan,nan,12328.016,-211.42547,-0,-803.6777,0,-0.41670161,0,0,0,0,0,0,0
70.2,5391.8997,0,-2312.3635,146.36493,0,68.631868,0,-0.27416205,0,0,0.023671382,0,-0.26179939,0,0,1,-0.26179939,0,-0,1,0,0,0.17231827,0,0.47975983,158.94602,2312.3635,60,0,1.134464,0,0,nan,nan,12320.445,-211.29563,-0,-803.21535,0,-0.41846746,0,0,0,0,0,0,0
70.25,5399.2183,0,-2308.9368,146.37625,0,68.430012,0,-0.27298005,0,0,0.023605865,0,-0.26179939,0,0,1,-0.26179939,0,-0,1,0,0,0.17232347,0,0.47950837,158.86918,2308.9368,60,0,1.134464,0,0,nan,nan,12312.805,-211.16461,-0,-802.74867,0,-0.42022296,0,0,0,0,0,0,0
70.3,5406.5373,0,-2305.5201,146.38676,0,68.22855,0,-0.27180134,0,0,0.023540074,0,-0.26179939,0,0,1,-0.26179939,0,-0,1,0,0,0.17232869,0,0.47925593,158.792,2305.5201,60,0,1.134464,0,0,nan,nan,12305.098,-211.03243,-0,-802.27768,0,-0.42196809,0,0,0,0,0,0,0
70.35,5413.8569,0,-2302.1135,146.39645,0,68.027486,0,-0.27062592,0,0,0.023474011,0,-0.26179939,0,0,1,-0.26179939,0,-0,1,0,0,0.17233394,0,0.47900254,158.71447,2302.1135,60,0,1.134464,0,0,nan,nan,12297.323,-210.89909,-0,-801.80242,0,-0.42370285,0,0,0,0,0,0,0
70.4,5421.177,0,-2298.717,146.40534,0,67.826825,0,-0.26945381,0,0,0.023407678,0,-0.26179939,0,0,1,-0.26179939,0,-0,1,0,0,0.17233922,0,0.47874819,158.63659,2298.717,60,0,1.134464,0,0,nan,nan,12289.482,-210.76461,-0,-801.32291,0,-0.4254272,0,0,0,0,0,0,0
70.45,5428.4974,0,-2295.3304,146.41342,0,67.626571,0,-0.26828502,0,0,0.023341077,0,-0.26179939,0,0,1,-0.26179939,0,-0,1,0,0,0.17234452,0,0.47849289,158.55838,2295.3304,60,0,1.134464,0,0,nan,nan,12281.574,-210.629,-0,-800.83919,0,-0.42714115,0,0,0,0,0,0,0
70.5,5435.8183,0,-2291.9539,146.42069,0,67.426729,0,-0.26711957,0,0,0.023274208,0,-0.26179939,0,0,1,-0.26179939,0,-0,1,0,0,0.17234985,0,0.47823666,158.47983,2291.9539,60,0,1.134464,0,0,nan,nan,12273.601,-210.49225,-0,-800.3513,0,-0.42884468,0,0,0,0,0,0,0
70.55,5443.1395,0,-2288.5874,146.42716,0,67.227303,0,-0.26595747,0,0,0.023207074,0,-0.26179939,0,0,1,-0.26179939,0,-0,1,0,0,0.1723552,0,0.47797949,158.40095,2288.5874,60,0,1.134464,0,0,nan,nan,12265.562,-210.35438,-0,-799.85925,0,-0.43053777,0,0,0,0,0,0,0
70.6,5450.461,0,-2285.2308,146.43284,0,67.028299,0,-0.26479874,0,0,0.023139676,0,-0.26179939,0,0,1,-0.26179939,0,-0,1,0,0,0.17236057,0,0.47772141,158.32174,2285.2308,60,0,1.134464,0,0,nan,nan,12257.458,-210.2154,-0,-799.36309,0,-0.4322204,0,0,0,0,0,0,0
70.65,5457.7827,0,-2281.8841,146.43772,0,66.82972,0,-0.26364337,0,0,0.023072016,0,-0.26179939,0,0,1,-0.26179939,0,-0,1,0,0,0.17236598,0,0.47746241,158.24219,2281.8841,60,0,1.134464,0,0,nan,nan,12249.29,-210.07532,-0,-798.86285,0,-0.43389258,0,0,0,0,0,0,0
70.7,5465.1047,0,-2278.5474,146.44182,0,66.631571,0,-0.2624914,0,0,0.023004096,0,-0.26179939,0,0,1,-0.26179939,0,-0,1,0,0,0.1723714,0,0.4772025,158.16233,2278.5474,60,0,1.134464,0,0,nan,nan,12241.058,-209.93415,-0,-798.35855,0,-0.43555427,0,0,0,0,0,0,0
70.75,5472.4269,0,-2275.2206,146.44512,0,66.433856,0,-0.26134283,0,0,0.022935916,0,-0.26179939,0,0,1,-0.26179939,0,-0,1,0,0,0.17237686,0,0.4769417,158.08213,2275.2206,60,0,1.134464,0,0,nan,nan,12232.763,-209.79189,-0,-797.85023,0,-0.43720547,0,0,0,0,0,0,0
70.8,5479.7492,0,-2271.9036,146.44765,0,66.23658,0,-0.26019768,0,0,0.02286748,0,-0.26179939,0,0,1,-0.26179939,0,-0,1,0,0,0.17238234,0,0.47668,158.00162,2271.9036,60,0,1.134464,0,0,nan,nan,12224.405,-209.64855,-0,-797.33792,0,-0.43884616,0,0,0,0,0,0,0
70.85,5487.0716,0,-2268.5965,146.44939,0,66.039746,0,-0.25905595,0,0,0.022798788,0,-0.26179939,0,0,1,-0.26179939,0,-0,1,0,0,0.17238784,0,0.47641742,157.92079,2268.5965,60,0,1.134464,0,0,nan,nan,12215.985,-209.50414,-0,-796.82166,0,-0.44047633,0,0,0,0,0,0,0
70.9,5494.3941,0,-2265.2992,146.45036,0,65.84336,0,-0.25791767,0,0,0.022729842,0,-0.26179939,0,0,1,-0.26179939,0,-0,1,0,0,0.17239337,0,0.47615397,157.83964,2265.2992,60,0,1.134464,0,0,nan,nan,12207.503,-209.35868,-0,-796.30146,0,-0.44209597,0,0,0,0,0,0,0
70.95,5501.7166,0,-2262.0118,146.45055,0,65.647426,0,-0.25678283,0,0,0.022660643,0,-0.26179939,0,0,1,-0.26179939,0,-0,1,0,0,0.17239892,0,0.47588966,157.75819,2262.0118,60,0,1.134464,0,0,nan,nan,12198.96,-209.21216,-0,-795.77737,0,-0.44370507,0,0,0,0,0,0,0
71,5509.0392,0,-2258.7341,146.44998,0,65.451947,0,-0.25565147,0,0,0.022591194,0,-0.26179939,0,0,1,-0.26179939,0,-0,1,0,0,0.1724045,0,0.47562448,157.67642,2258.7341,60,0,1.134464,0,0,nan,nan,12190.356,-209.0646,-0,-795.24942,0,-0.4453036,0,0,0,0,0,0,0
71.05,5516.3616,0,-2255.4662,146.44863,0,65.256929,0,-0.25452358,0,0,0.022521496,0,-0.26179939,0,0,1,-0.26179939,0,-0,1,0,0,0.1724101,0,0.47535846,157.59434,2255.4662,60,0,1.134464,0,0,nan,nan,12181.691,-208.91601,-0,-794.71764,0,-0.44689156,0,0,0,0,0,0,0
71.1,5523.684,0,-2252.208,146.44653,0,65.062374,0,-0.25339918,0,0,0.022451551,0,-0.26179939,0,0,1,-0.26179939,0,-0,1,0,0,0.17241573,0,0.47509159,157.51196,2252.208,60,0,1.134464,0,0,nan,nan,12172.967,-208.76639,-0,-794.18206,0,-0.44846894,0,0,0,0,0,0,0
71.15,5531.0063,0,-2248.9595,146.44366,0,64.868288,0,-0.25227829,0,0,0.02238136,0,-0.26179939,0,0,1,-0.26179939,0,-0,1,0,0,0.17242138,0,0.47482389,157.42928,2248.9595,60,0,1.134464,0,0,nan,nan,12164.184,-208.61575,-0,-793.6427,0,-0.45003572,0,0,0,0,0,0,0
71.2,5538.3284,0,-2245.7208,146.44004,0,64.674673,0,-0.25116091,0,0,0.022310925,0,-0.26179939,0,0,1,-0.26179939,0,-0,1,0,0,0.17242706,0,0.47455537,157.3463,2245.7208,60,0,1.134464,0,0,nan,nan,12155.341,-208.4641,-0,-793.09962,0,-0.4515919,0,0,0,0,0,0,0
71.25,5545.6503,0,-2242.4917,146.43567,0,64.481536,0,-0.25004706,0,0,0.022240248,0,-0.26179939,0,0,1,-0.26179939,0,-0,1,0,0,0.17243276,0,0.47428602,157.26303,2242.4917,60,0,1.134464,0,0,nan,nan,12146.441,-208.31146,-0,-792.55283,0,-0.45313745,0,0,0,0,0,0,0
71.3,5552.9719,0,-2239.2722,146.43055,0,64.288878,0,-0.24893675,0,0,0.02216933,0,-0.26179939,0,0,1,-0.26179939,0,-0,1,0,0,0.17243849,0,0.47401587,157.17946,2239.2722,60,0,1.134464,0,0,nan,nan,12137.483,-208.15783,-0,-792.00236,0,-0.45467236,0,0,0,0,0,0,0
71.35,5560.2933,0,-2236.0624,146.42468,0,64.096704,0,-0.24782999,0,0,0.022098173,0,-0.26179939,0,0,1,-0.26179939,0,-0,1,0,0,0.17244424,0,0.47374491,157.09559,2236.0624,60,0,1.134464,0,0,nan,nan,12128.467,-208.00321,-0,-791.44825,0,-0.45619663,0,0,0,0,0,0,0
71.4,5567.6144,0,-2232.8622,146.41807,0,63.905019,0,-0.24672679,0,0,0.022026779,0,-0.26179939,0,0,1,-0.26179939,0,-0,1,0,0,0.17245002,0,0.47347316,157.01144,2232.8622,60,0,1.134464,0,0,nan,nan,12119.395,-207.84762,-0,-790.89054,0,-0.45771024,0,0,0,0,0,0,0
71.45,5574.9351,0,-2229.6715,146.41072,0,63.713826,0,-0.24562717,0,0,0.021955148,0,-0.26179939,0,0,1,-0.26179939,0,-0,1,0,0,0.17245582,0,0.47320063,156.92701,2229.6715,60,0,1.134464,0,0,nan,nan,12110.266,-207.69106,-0,-790.32925,0,-0.45921318,0,0,0,0,0,0,0
71.5,5582.2555,0,-2226.4904,146.40264,0,63.523128,0,-0.24453114,0,0,0.021883284,0,-0.26179939,0,0,1,-0.26179939,0,-0,1,0,0,0.17246165,0,0.47292731,156.84229,2226.4904,60,0,1.134464,0,0,nan,nan,12101.082,-207.53355,-0,-789.76441,0,-0.46070545,0,0,0,0,0,0,0
71.55,5589.5754,0,-2223.3188,146.39382,0,63.332931,0,-0.2434387,0,0,0.021811188,0,-0.26179939,0,0,1,-0.26179939,0,-0,1,0,0,0.1724675,0,0.47265323,156.75729,2223.3188,60,0,1.134464,0,0,nan,nan,12091.842,-207.37509,-0,-789.19605,0,-0.46218701,0,0,0,0,0,0,0
71.6,5596.8949,0,-2220.1567,146.38428,0,63.143236,0,-0.24234988,0,0,0.021738861,0,-0.26179939,0,0,1,-0.26179939,0,-0,1,0,0,0.17247337,0,0.47237838,156.67201,2220.1567,60,0,1.134464,0,0,nan,nan,12082.548,-207.21569,-0,-788.62421,0,-0.46365788,0,0,0,0,0,0,0
71.65,5604.2138,0,-2217.0041,146.37401,0,62.954049,0,-0.24126468,0,0,0.021666305,0,-0.26179939,0,0,1,-0.26179939,0,-0,1,0,0,0.17247927,0,0.47210277,156.58646,2217.0041,60,0,1.134464,0,0,nan,nan,12073.199,-207.05536,-0,-788.04893,0,-0.46511803,0,0,0,0,0,0,0
71.7,5611.5323,0,-2213.8609,146.36303,0,62.765373,0,-0.24018311,0,0,0.021593521,0,-0.26179939,0,0,1,-0.26179939,0,-0,1,0,0,0.17248519,0,0.47182642,156.50064,2213.8609,60,0,1.134464,0,0,nan,nan,12063.797,-206.89411,-0,-787.47022,0,-0.46656745,0,0,0,0,0,0,0
71.75,5618.8502,0,-2210.7272,146.35133,0,62.577211,0,-0.23910518,0,0,0.021520512,0,-0.26179939,0,0,1,-0.26179939,0,-0,1,0,0,0.17249114,0,0.47154933,156.41455,2210.7272,60,0,1.134464,0,0,nan,nan,12054.341,-206.73195,-0,-786.88812,0,-0.46800613,0,0,0,0,0,0,0
71.8,5626.1674,0,-2207.6028,146.33891,0,62.389567,0,-0.23803091,0,0,0.021447279,0,-0.26179939,0,0,1,-0.26179939,0,-0,1,0,0,0.17249711,0,0.47127151,156.32818,2207.6028,60,0,1.134464,0,0,nan,nan,12044.832,-206.56888,-0,-786.30267,0,-0.46943407,0,0,0,0,0,0,0
71.85,5633.4841,0,-2204.4878,146.32578,0,62.202446,0,-0.23696031,0,0,0.021373823,0,-0.26179939,0,0,1,-0.26179939,0,-0,1,0,0,0.17250311,0,0.47099296,156.24156,2204.4878,60,0,1.134464,0,0,nan,nan,12035.272,-206.40491,-0,-785.71389,0,-0.47085124,0,0,0,0,0,0,0
71.9,5640.8,0,-2201.3822,146.31195,0,62.015849,0,-0.23589339,0,0,0.021300147,0,-0.26179939,0,0,1,-0.26179939,0,-0,1,0,0,0.17250913,0,0.4707137,156.15467,2201.3822,60,0,1.134464,0,0,nan,nan,12025.659,-206.24006,-0,-785.12182,0,-0.47225765,0,0,0,0,0,0,0
71.95,5648.1153,0,-2198.2859,146.29742,0,61.829781,0,-0.23483015,0,0,0.021226252,0,-0.26179939,0,0,1,-0.26179939,0,-0,1,0,0,0.17251517,0,0.47043373,156.06753,2198.2859,60,0,1.134464,0,0,nan,nan,12015.996,-206.07432,-0,-784.52649,0,-0.47365327,0,0,0,0,0,0,0
72,5655.4298,0,-2195.1988,146.28219,0,61.644245,0,-0.23377062,0,0,0.02115214,0,-0.26179939,0,0,1,-0.26179939,0,-0,1,0,0,0.17252124,0,0.47015306,155.98012,2195.1988,60,0,1.134464,0,0,nan,nan,12006.281,-205.90772,-0,-783.92792,0,-0.47503811,0,0,0,0,0,0,0
72.05,5662.7435,0,-2192.1211,146.26626,0,61.459245,0,-0.23271479,0,0,0.021077812,0,-0.26179939,0,0,1,-0.26179939,0,-0,1,0,0,0.17252733,0,0.4698717,155.89247,2192.1211,60,0,1.134464,0,0,nan,nan,11996.516,-205.74026,-0,-783.32616,0,-0.47641214,0,0,0,0,0,0,0
72.1,5670.0564,0,-2189.0525,146.24964,0,61.274784,0,-0.23166269,0,0,0.02100327,0,-0.26179939,0,0,1,-0.26179939,0,-0,1,0,0,0.17253344,0,0.46958965,155.80456,2189.0525,60,0,1.134464,0,0,nan,nan,11986.702,-205.57194,-0,-782.72123,0,-0.47777536,0,0,0,0,0,0,0
72.15,5677.3685,0,-2185.9932,146.23234,0,61.090866,0,-0.23061432,0,0,0.020928516,0,-0.26179939,0,0,1,-0.26179939,0,-0,1,0,0,0.17253958,0,0.46930693,155.7164,2185.9932,60,0,1.134464,0,0,nan,nan,11976.838,-205.40278,-0,-782.11317,0,-0.47912777,0,0,0,0,0,0,0
72.2,5684.6797,0,-2182.9431,146.21435,0,60.907493,0,-0.22956969,0,0,0.020853551,0,-0.26179939,0,0,1,-0.26179939,0,-0,1,0,0,0.17254574,0,0.46902353,155.628,2182.9431,60,0,1.134464,0,0,nan,nan,11966.926,-205.23278,-0,-781.502,0,-0.48046933,0,0,0,0,0,0,0
72.25,5691.99,0,-2179.9021,146.19568,0,60.72467,0,-0.22852882,0,0,0.020778378,0,-0.26179939,0,0,1,-0.26179939,0,-0,1,0,0,0.17255193,0,0.46873947,155.53935,2179.9021,60,0,1.134464,0,0,nan,nan,11956.965,-205.06195,-0,-780.88775,0,-0.48180006,0,0,0,0,0,0,0
72.3,5699.2993,0,-2176.8702,146.17634,0,60.542398,0,-0.22749171,0,0,0.020702998,0,-0.26179939,0,0,1,-0.26179939,0,-0,1,0,0,0.17255814,0,0.46845476,155.45046,2176.8702,60,0,1.134464,0,0,nan,nan,11946.957,-204.89031,-0,-780.27047,0,-0.48311994,0,0,0,0,0,0,0
72.35,5706.6076,0,-2173.8475,146.15632,0,60.360682,0,-0.22645837,0,0,0.020627412,0,-0.26179939,0,0,1,-0.26179939,0,-0,1,0,0,0.17256437,0,0.46816941,155.36134,2173.8475,60,0,1.134464,0,0,nan,nan,11936.901,-204.71785,-0,-779.65017,0,-0.48442896,0,0,0,0,0,0,0
72.4,5713.9149,0,-2170.8338,146.13564,0,60.179525,0,-0.22542882,0,0,0.020551622,0,-0.26179939,0,0,1,-0.26179939,0,-0,1,0,0,0.17257063,0,0.46788341,155.27197,2170.8338,60,0,1.134464,0,0,nan,nan,11926.798,-204.54459,-0,-779.0269,0,-0.4857271,0,0,0,0,0,0,0
72.45,5721.2212,0,-2167.8291,146.11429,0,59.99893,0,-0.22440306,0,0,0.020475631,0,-0.26179939,0,0,1,-0.26179939,0,-0,1,0,0,0.17257691,0,0.46759678,155.18238,2167.8291,60,0,1.134464,0,0,nan,nan,11916.649,-204.37054,-0,-778.40068,0,-0.48701437,0,0,0,0,0,0,0
72.5,5728.5264,0,-2164.8335,146.09228,0,59.818899,0,-0.22338111,0,0,0.020399439,0,-0.26179939,0,0,1,-0.26179939,0,-0,1,0,0,0.17258321,0,0.46730953,155.09255,2164.8335,60,0,1.134464,0,0,nan,nan,11906.455,-204.1957,-0,-777.77154,0,-0.48829075,0,0,0,0,0,0,0
72.55,5735.8305,0,-2161.8469,146.06961,0,59.639437,0,-0.22236297,0,0,0.020323049,0,-0.26179939,0,0,1,-0.26179939,0,-0,1,0,0,0.17258954,0,0.46702166,155.0025,2161.8469,60,0,1.134464,0,0,nan,nan,11896.215,-204.02009,-0,-777.13951,0,-0.48955623,0,0,0,0,0,0,0
72.6,5743.1334,0,-2158.8692,146.04629,0,59.460545,0,-0.22134865,0,0,0.020246461,0,-0.26179939,0,0,1,-0.26179939,0,-0,1,0,0,0.17259589,0,0.46673319,154.91222,2158.8692,60,0,1.134464,0,0,nan,nan,11885.93,-203.84371,-0,-776.50463,0,-0.4908108,0,0,0,0,0,0,0
72.65,5750.4351,0,-2155.9005,146.02232,0,59.282228,0,-0.22033817,0,0,0.020169679,0,-0.26179939,0,0,1,-0.26179939,0,-0,1,0,0,0.17260226,0,0.46644411,154.82172,2155.9005,60,0,1.134464,0,0,nan,nan,11875.601,-203.66656,-0,-775.86693,0,-0.49205445,0,0,0,0,0,0,0
72.7,5757.7357,0,-2152.9406,145.9977,0,59.104487,0,-0.21933153,0,0,0.020092702,0,-0.26179939,0,0,1,-0.26179939,0,-0,1,0,0,0.17260866,0,0.46615444,154.731,2152.9406,60,0,1.134464,0,0,nan,nan,11865.229,-203.48867,-0,-775.22643,0,-0.49328719,0,0,0,0,0,0,0
72.75,5765.035,0,-2149.9896,145.97244,0,58.927327,0,-0.21832875,0,0,0.020015535,0,-0.26179939,0,0,1,-0.26179939,0,-0,1,0,0,0.17261508,0,0.46586418,154.64006,2149.9896,60,0,1.134464,0,0,nan,nan,11854.813,-203.31004,-0,-774.58317,0,-0.49450898,0,0,0,0,0,0,0
72.8,5772.333,0,-2147.0475,145.94654,0,58.750749,0,-0.21732983,0,0,0.019938177,0,-0.26179939,0,0,1,-0.26179939,0,-0,1,0,0,0.17262152,0,0.46557335,154.54891,2147.0475,60,0,1.134464,0,0,nan,nan,11844.354,-203.13067,-0,-773.93718,0,-0.49571984,0,0,0,0,0,0,0
72.85,5779.6296,0,-2144.1142,145.92001,0,58.574756,0,-0.21633478,0,0,0.01986063,0,-0.26179939,0,0,1,-0.26179939,0,-0,1,0,0,0.17262798,0,0.46528194,154.45754,2144.1142,60,0,1.134464,0,0,nan,nan,11833.852,-202.95057,-0,-773.28849,0,-0.49691975,0,0,0,0,0,0,0
72.9,5786.925,0,-2141.1897,145.89285,0,58.399352,0,-0.21534361,0,0,0.019782897,0,-0.26179939,0,0,1,-0.26179939,0,-0,1,0,0,0.17263447,0,0.46498997,154.36596,2141.1897,60,0,1.134464,0,0,nan,nan,11823.309,-202.76976,-0,-772.63714,0,-0.49810869,0,0,0,0,0,0,0
72.95,5794.219,0,-2138.2739,145.86506,0,58.22454,0,-0.21435634,0,0,0.019704979,0,-0.26179939,0,0,1,-0.26179939,0,-0,1,0,0,0.17264098,0,0.46469745,154.27418,2138.2739,60,0,1.134464,0,0,nan,nan,11812.725,-202.58823,-0,-771.98314,0,-0.49928667,0,0,0,0,0,0,0
73,5801.5116,0,-2135.3669,145.83665,0,58.050321,0,-0.21337296,0,0,0.019626878,0,-0.26179939,0,0,1,-0.26179939,0,-0,1,0,0,0.17264751,0,0.46440438,154.18219,2135.3669,60,0,1.134464,0,0,nan,nan,11802.1,-202.40601,-0,-771.32654,0,-0.50045367,0,0,0,0,0,0,0
73.05,5808.8027,0,-2132.4685,145.80761,0,57.876699,0,-0.2123935,0,0,0.019548595,0,-0.26179939,0,0,1,-0.26179939,0,-0,1,0,0,0.17265407,0,0.46411076,154.09,2132.4685,60,0,1.134464,0,0,nan,nan,11791.434,-202.22309,-0,-770.66736,0,-0.50160969,0,0,0,0,0,0,0
73.1,5816.0924,0,-2129.5788,145.77797,0,57.703676,0,-0.21141795,0,0,0.019470133,0,-0.26179939,0,0,1,-0.26179939,0,-0,1,0,0,0.17266065,0,0.46381661,153.9976,2129.5788,60,0,1.134464,0,0,nan,nan,11780.729,-202.03949,-0,-770.00564,0,-0.50275472,0,0,0,0,0,0,0
73.15,5823.3805,0,-2126.6978,145.74771,0,57.531255,0,-0.21044633,0,0,0.019391492,0,-0.26179939,0,0,1,-0.26179939,0,-0,1,0,0,0.17266725,0,0.46352194,153.90502,2126.6978,60,0,1.134464,0,0,nan,nan,11769.984,-201.85522,-0,-769.3414,0,-0.50388874,0,0,0,0,0,0,0
73.2,5830.6672,0,-2123.8254,145.71684,0,57.359438,0,-0.20947865,0,0,0.019312675,0,-0.26179939,0,0,1,-0.26179939,0,-0,1,0,0,0.17267387,0,0.46322675,153.81223,2123.8254,60,0,1.134464,0,0,nan,nan,11759.2,-201.67027,-0,-768.67468,0,-0.50501176,0,0,0,0,0,0,0
73.25,5837.9523,0,-2120.9615,145.68538,0,57.188229,0,-0.20851491,0,0,0.019233683,0,-0.26179939,0,0,1,-0.26179939,0,-0,1,0,0,0.17268051,0,0.46293105,153.71926,2120.9615,60,0,1.134464,0,0,nan,nan,11748.377,-201.48467,-0,-768.0055,0,-0.50612376,0,0,0,0,0,0,0
73.3,5845.2358,0,-2118.1062,145.65331,0,57.017629,0,-0.20755512,0,0,0.019154519,0,-0.26179939,0,0,1,-0.26179939,0,-0,1,0,0,0.17268718,0,0.46263484,153.62609,2118.1062,60,0,1.134464,0,0,nan,nan,11737.517,-201.29842,-0,-767.3339,0,-0.50722474,0,0,0,0,0,0,0
73.35,5852.5177,0,-2115.2594,145.62064,0,56.847641,0,-0.2065993,0,0,0.019075183,0,-0.26179939,0,0,1,-0.26179939,0,-0,1,0,0,0.17269387,0,0.46233813,153.53274,2115.2594,60,0,1.134464,0,0,nan,nan,11726.619,-201.11152,-0,-766.6599,0,-0.50831469,0,0,0,0,0,0,0
73.4,5859.7979,0,-2112.4211,145.58739,0,56.678268,0,-0.20564745,0,0,0.018995678,0,-0.26179939,0,0,1,-0.26179939,0,-0,1,0,0,0.17270058,0,0.46204094,153.4392,2112.4211,60,0,1.134464,0,0,nan,nan,11715.685,-200.92399,-0,-765.98354,0,-0.5093936,0,0,0,0,0,0,0
73.45,5867.0765,0,-2109.5912,145.55354,0,56.509512,0,-0.20469958,0,0,0.018916005,0,-0.26179939,0,0,1,-0.26179939,0,-0,1,0,0,0.17270732,0,0.46174327,153.34548,2109.5912,60,0,1.134464,0,0,nan,nan,11704.714,-200.73584,-0,-765.30485,0,-0.51046147,0,0,0,0,0,0,0
73.5,5874.3533,0,-2106.7698,145.51911,0,56.341375,0,-0.20375569,0,0,0.018836166,0,-0.26179939,0,0,1,-0.26179939,0,-0,1,0,0,0.17271407,0,0.46144512,153.25158,2106.7698,60,0,1.134464,0,0,nan,nan,11693.706,-200.54706,-0,-764.62386,0,-0.51151828,0,0,0,0,0,0,0
73.55,5881.6284,0,-2103.9567,145.4841,0,56.17386,0,-0.2028158,0,0,0.018756163,0,-0.26179939,0,0,1,-0.26179939,0,-0,1,0,0,0.17272085,0,0.4611465,153.15751,2103.9567,60,0,1.134464,0,0,nan,nan,11682.664,-200.35768,-0,-763.9406,0,-0.51256403,0,0,0,0,0,0,0
73.6,5888.9018,0,-2101.152,145.44852,0,56.006968,0,-0.20187992,0,0,0.018675997,0,-0.26179939,0,0,1,-0.26179939,0,-0,1,0,0,0.17272765,0,0.46084742,153.06326,2101.152,60,0,1.134464,0,0,nan,nan,11671.586,-200.1677,-0,-763.25509,0,-0.51359872,0,0,0,0,0,0,0
73.65,5896.1733,0,-2098.3557,145.41236,0,55.840703,0,-0.20094804,0,0,0.01859567,0,-0.26179939,0,0,1,-0.26179939,0,-0,1,0,0,0.17273447,0,0.46054789,152.96883,2098.3557,60,0,1.134464,0,0,nan,nan,11660.473,-199.97712,-0,-762.56737,0,-0.51462233,0,0,0,0,0,0,0
73.7,5903.4431,0,-2095.5676,145.37563,0,55.675067,0,-0.20002019,0,0,0.018515184,0,-0.26179939,0,0,1,-0.26179939,0,-0,1,0,0,0.17274131,0,0.46024792,152.87424,2095.5676,60,0,1.134464,0,0,nan,nan,11649.327,-199.78596,-0,-761.87747,0,-0.51563485,0,0,0,0,0,0,0
73.75,5910.711,0,-2092.7878,145.33834,0,55.510061,0,-0.19909637,0,0,0.018434541,0,-0.26179939,0,0,1,-0.26179939,0,-0,1,0,0,0.17274817,0,0.4599475,152.77948,2092.7878,60,0,1.134464,0,0,nan,nan,11638.147,-199.59422,-0,-761.18542,0,-0.5166363,0,0,0,0,0,0,0
73.8,5917.977,0,-2090.0163,145.30049,0,55.345688,0,-0.19817658,0,0,0.018353742,0,-0.26179939,0,0,1,-0.26179939,0,-0,1,0,0,0.17275506,0,0.45964666,152.68455,2090.0163,60,0,1.134464,0,0,nan,nan,11626.933,-199.40191,-0,-760.49125,0,-0.51762664,0,0,0,0,0,0,0
73.85,5925.2411,0,-2087.2529,145.26208,0,55.18195,0,-0.19726083,0,0,0.018272789,0,-0.26179939,0,0,1,-0.26179939,0,-0,1,0,0,0.17276197,0,0.45934539,152.58947,2087.2529,60,0,1.134464,0,0,nan,nan,11615.687,-199.20904,-0,-759.79498,0,-0.51860589,0,0,0,0,0,0,0
73.9,5932.5033,0,-2084.4978,145.22311,0,55.018849,0,-0.19634914,0,0,0.018191684,0,-0.26179939,0,0,1,-0.26179939,0,-0,1,0,0,0.17276889,0,0.45904371,152.49422,2084.4978,60,0,1.134464,0,0,nan,nan,11604.409,-199.01562,-0,-759.09665,0,-0.51957402,0,0,0,0,0,0,0
73.95,5939.7635,0,-2081.7507,145.1836,0,54.856387,0,-0.19544151,0,0,0.018110429,0,-0.26179939,0,0,1,-0.26179939,0,-0,1,0,0,0.17277584,0,0.45874161,152.39882,2081.7507,60,0,1.134464,0,0,nan,nan,11593.099,-198.82165,-0,-758.39629,0,-0.52053105,0,0,0,0,0,0,0
74,5947.0217,0,-2079.0118,145.14354,0,54.694567,0,-0.19453794,0,0,0.018029025,0,-0.26179939,0,0,1,-0.26179939,0,-0,1,0,0,0.17278281,0,0.45843911,152.30326,2079.0118,60,0,1.134464,0,0,nan,nan,11581.758,-198.62715,-0,-757.69392,0,-0.52147695,0,0,0,0,0,0,0
74.05,5954.2779,0,-2076.2809,145.10294,0,54.533389,0,-0.19363844,0,0,0.017947474,0,-0.26179939,0,0,1,-0.26179939,0,-0,1,0,0,0.1727898,0,0.45813622,152.20754,2076.2809,60,0,1.134464,0,0,nan,nan,11570.386,-198.43212,-0,-756.98958,0,-0.52241172,0,0,0,0,0,0,0
74.1,5961.5321,0,-2073.5581,145.0618,0,54.372857,0,-0.19274303,0,0,0.017865778,0,-0.26179939,0,0,1,-0.26179939,0,-0,1,0,0,0.17279682,0,0.45783294,152.11168,2073.5581,60,0,1.134464,0,0,nan,nan,11558.983,-198.23656,-0,-756.28329,0,-0.52333536,0,0,0,0,0,0,0
74.15,5968.7841,0,-2070.8433,145.02013,0,54.212972,0,-0.1918517,0,0,0.017783938,0,-0.26179939,0,0,1,-0.26179939,0,-0,1,0,0,0.17280385,0,0.45752928,152.01567,2070.8433,60,0,1.134464,0,0,nan,nan,11547.551,-198.0405,-0,-755.5751,0,-0.52424786,0,0,0,0,0,0,0
74.2,5976.0341,0,-2068.1365,144.97793,0,54.053736,0,-0.19096447,0,0,0.017701957,0,-0.26179939,0,0,1,-0.26179939,0,-0,1,0,0,0.1728109,0,0.45722525,151.91952,2068.1365,60,0,1.134464,0,0,nan,nan,11536.089,-197.84393,-0,-754.86501,0,-0.52514922,0,0,0,0,0,0,0
74.25,5983.282,0,-2065.4376,144.93521,0,53.895151,0,-0.19008135,0,0,0.017619835,0,-0.26179939,0,0,1,-0.26179939,0,-0,1,0,0,0.17281798,0,0.45692084,151.82322,2065.4376,60,0,1.134464,0,0,nan,nan,11524.599,-197.64687,-0,-754.15307,0,-0.52603942,0,0,0,0,0,0,0
74.3,5990.5277,0,-2062.7466,144.89196,0,53.737218,0,-0.18920233,0,0,0.017537575,0,-0.26179939,0,0,1,-0.26179939,0,-0,1,0,0,0.17282507,0,0.45661608,151.72678,2062.7466,60,0,1.134464,0,0,nan,nan,11513.08,-197.44931,-0,-753.4393,0,-0.52691847,0,0,0,0,0,0,0
74.35,5997.7713,0,-2060.0636,144.84819,0,53.57994,0,-0.18832743,0,0,0.017455179,0,-0.26179939,0,0,1,-0.26179939,0,-0,1,0,0,0.17283219,0,0.45631097,151.63021,2060.0636,60,0,1.134464,0,0,nan,nan,11501.532,-197.25128,-0,-752.72373,0,-0.52778635,0,0,0,0,0,0,0
74.4,6005.0126,0,-2057.3883,144.80391,0,53.423318,0,-0.18745665,0,0,0.017372648,0,-0.26179939,0,0,1,-0.26179939,0,-0,1,0,0,0.17283932,0,0.45600551,151.5335,2057.3883,60,0,1.134464,0,0,nan,nan,11489.958,-197.05277,-0,-752.00639,0,-0.52864307,0,0,0,0,0,0,0
74.45,6012.2518,0,-2054.7209,144.75912,0,53.267354,0,-0.18659,0,0,0.017289984,0,-0.26179939,0,0,1,-0.26179939,0,-0,1,0,0,0.17284648,0,0.45569971,151.43665,2054.7209,60,0,1.134464,0,0,nan,nan,11478.356,-196.8538,-0,-751.28732,0,-0.5294886,0,0,0,0,0,0,0
74.5,6019.4886,0,-2052.0613,144.71382,0,53.11205,0,-0.18572749,0,0,0.017207189,0,-0.26179939,0,0,1,-0.26179939,0,-0,1,0,0,0.17285366,0,0.45539358,151.33968,2052.0613,60,0,1.134464,0,0,nan,nan,11466.727,-196.65437,-0,-750.56653,0,-0.53032296,0,0,0,0,0,0,0
74.55,6026.7232,0,-2049.4094,144.66802,0,52.957407,0,-0.18486912,0,0,0.017124264,0,-0.26179939,0,0,1,-0.26179939,0,-0,1,0,0,0.17286085,0,0.45508712,151.24257,2049.4094,60,0,1.134464,0,0,nan,nan,11455.073,-196.4545,-0,-749.84405,0,-0.53114613,0,0,0,0,0,0,0
74.6,6033.9555,0,-2046.7652,144.62172,0,52.803427,0,-0.1840149,0,0,0.017041211,0,-0.26179939,0,0,1,-0.26179939,0,-0,1,0,0,0.17286807,0,0.45478035,151.14534,2046.7652,60,0,1.134464,0,0,nan,nan,11443.392,-196.25418,-0,-749.11993,0,-0.53195812,0,0,0,0,0,0,0
74.65,6041.1855,0,-2044.1287,144.57493,0,52.650112,0,-0.18316483,0,0,0.016958033,0,-0.26179939,0,0,1,-0.26179939,0,-0,1,0,0,0.17287531,0,0.45447326,151.04799,2044.1287,60,0,1.134464,0,0,nan,nan,11431.687,-196.05343,-0,-748.39418,0,-0.5327589,0,0,0,0,0,0,0
74.7,6048.4131,0,-2041.4999,144.52764,0,52.497462,0,-0.18231893,0,0,0.01687473,0,-0.26179939,0,0,1,-0.26179939,0,-0,1,0,0,0.17288256,0,0.45416587,150.95051,2041.4999,60,0,1.134464,0,0,nan,nan,11419.956,-195.85225,-0,-747.66683,0,-0.53354848,0,0,0,0,0,0,0
74.75,6055.6383,0,-2038.8787,144.47987,0,52.345481,0,-0.18147719,0,0,0.016791304,0,-0.26179939,0,0,1,-0.26179939,0,-0,1,0,0,0.17288984,0,0.45385819,150.85292,2038.8787,60,0,1.134464,0,0,nan,nan,11408.201,-195.65065,-0,-746.93791,0,-0.53432686,0,0,0,0,0,0,0
74.8,6062.8612,0,-2036.265,144.43162,0,52.194168,0,-0.18063963,0,0,0.016707758,0,-0.26179939,0,0,1,-0.26179939,0,-0,1,0,0,0.17289714,0,0.45355021,150.75521,2036.265,60,0,1.134464,0,0,nan,nan,11396.423,-195.44865,-0,-746.20746,0,-0.53509402,0,0,0,0,0,0,0
74.85,6070.0816,0,-2033.6589,144.38288,0,52.043526,0,-0.17980625,0,0,0.016624093,0,-0.26179939,0,0,1,-0.26179939,0,-0,1,0,0,0.17290445,0,0.45324195,150.65739,2033.6589,60,0,1.134464,0,0,nan,nan,11384.62,-195.24624,-0,-745.47549,0,-0.53584997,0,0,0,0,0,0,0
74.9,6077.2995,0,-2031.0603,144.33367,0,51.893556,0,-0.17897706,0,0,0.01654031,0,-0.26179939,0,0,1,-0.26179939,0,-0,1,0,0,0.17291179,0,0.45293342,150.55945,2031.0603,60,0,1.134464,0,0,nan,nan,11372.795,-195.04344,-0,-744.74204,0,-0.53659469,0,0,0,0,0,0,0
74.95,6084.515,0,-2028.4693,144.28399,0,51.74426,0,-0.17815206,0,0,0.016456412,0,-0.26179939,0,0,1,-0.26179939,0,-0,1,0,0,0.17291914,0,0.45262461,150.46141,2028.4693,60,0,1.134464,0,0,nan,nan,11360.947,-194.84024,-0,-744.00713,0,-0.53732819,0,0,0,0,0,0,0
75,6091.728,0,-2025.8856,144.23384,0,51.595638,0,-0.17733125,0,0,0.0163724,0,-0.26179939,0,0,1,-0.26179939,0,-0,1,0,0,0.17292652,0,0.45231554,150.36326,2025.8856,60,0,1.134464,0,0,nan,nan,11349.077,-194.63667,-0,-743.27079,0,-0.53805045,0,0,0,0,0,0,0
75.05,6098.9385,0,-2023.3094,144.18323,0,51.447692,0,-0.17651465,0,0,0.016288276,0,-0.26179939,0,0,1,-0.26179939,0,-0,1,0,0,0.17293391,0,0.45200622,150.265,2023.3094,60,0,1.134464,0,0,nan,nan,11337.186,-194.43273,-0,-742.53306,0,-0.53876148,0,0,0,0,0,0,0
75.1,6106.1465,0,-2020.7405,144.13216,0,51.300424,0,-0.17570226,0,0,0.016204042,0,-0.26179939,0,0,1,-0.26179939,0,-0,1,0,0,0.17294132,0,0.45169664,150.16664,2020.7405,60,0,1.134464,0,0,nan,nan,11325.273,-194.22843,-0,-741.79395,0,-0.53946127,0,0,0,0,0,0,0
75.15,6113.3518,0,-2018.179,144.08063,0,51.153835,0,-0.17489408,0,0,0.0161197,0,-0.26179939,0,0,1,-0.26179939,0,-0,1,0,0,0.17294875,0,0.45138683,150.06818,2018.179,60,0,1.134464,0,0,nan,nan,11313.339,-194.02376,-0,-741.0535,0,-0.54014981,0,0,0,0,0,0,0
75.2,6120.5546,0,-2015.6248,144.02865,0,51.007925,0,-0.17409012,0,0,0.01603525,0,-0.26179939,0,0,1,-0.26179939,0,-0,1,0,0,0.1729562,0,0.45107678,149.96962,2015.6248,60,0,1.134464,0,0,nan,nan,11301.385,-193.81875,-0,-740.31174,0,-0.5408271,0,0,0,0,0,0,0
75.25,6127.7548,0,-2013.0779,143.97622,0,50.862697,0,-0.17329039,0,0,0.015950696,0,-0.26179939,0,0,1,-0.26179939,0,-0,1,0,0,0.17296367,0,0.45076649,149.87097,2013.0779,60,0,1.134464,0,0,nan,nan,11289.411,-193.6134,-0,-739.56868,0,-0.54149313,0,0,0,0,0,0,0
75.3,6134.9523,0,-2010.5383,143.92334,0,50.718151,0,-0.17249488,0,0,0.015866038,0,-0.26179939,0,0,1,-0.26179939,0,-0,1,0,0,0.17297116,0,0.45045599,149.77223,2010.5383,60,0,1.134464,0,0,nan,nan,11277.417,-193.40771,-0,-738.82437,0,-0.54214791,0,0,0,0,0,0,0
75.35,6142.1472,0,-2008.0058,143.87003,0,50.574289,0,-0.17170361,0,0,0.015781279,0,-0.26179939,0,0,1,-0.26179939,0,-0,1,0,0,0.17297867,0,0.45014527,149.67339,2008.0058,60,0,1.134464,0,0,nan,nan,11265.405,-193.20169,-0,-738.07882,0,-0.54279142,0,0,0,0,0,0,0
75.4,6149.3394,0,-2005.4806,143.81628,0,50.431111,0,-0.17091659,0,0,0.015696421,0,-0.26179939,0,0,1,-0.26179939,0,-0,1,0,0,0.17298619,0,0.44983434,149.57447,2005.4806,60,0,1.134464,0,0,nan,nan,11253.374,-192.99536,-0,-737.33206,0,-0.54342367,0,0,0,0,0,0,0
75.45,6156.529,0,-2002.9624,143.76209,0,50.288619,0,-0.1701338,0,0,0.015611464,0,-0.26179939,0,0,1,-0.26179939,0,-0,1,0,0,0.17299374,0,0.44952321,149.47546,2002.9624,60,0,1.134464,0,0,nan,nan,11241.324,-192.78871,-0,-736.58413,0,-0.54404464,0,0,0,0,0,0,0
75.5,6163.7157,0,-2000.4514,143.70748,0,50.146814,0,-0.16935527,0,0,0.015526411,0,-0.26179939,0,0,1,-0.26179939,0,-0,1,0,0,0.1730013,0,0.44921188,149.37636,2000.4514,60,0,1.134464,0,0,nan,nan,11229.257,-192.58176,-0,-735.83504,0,-0.54465434,0,0,0,0,0,0,0
75.55,6170.8998,0,-1997.9474,143.65244,0,50.005697,0,-0.16858099,0,0,0.015441264,0,-0.26179939,0,0,1,-0.26179939,0,-0,1,0,0,0.17300888,0,0.44890037,149.27718,1997.9474,60,0,1.134464,0,0,nan,nan,11217.173,-192.37451,-0,-735.08483,0,-0.54525276,0,0,0,0,0,0,0
75.6,6178.0811,0,-1995.4505,143.59697,0,49.865268,0,-0.16781098,0,0,0.015356024,0,-0.26179939,0,0,1,-0.26179939,0,-0,1,0,0,0.17301648,0,0.44858867,149.17793,1995.4505,60,0,1.134464,0,0,nan,nan,11205.071,-192.16697,-0,-734.33352,0,-0.54583989,0,0,0,0,0,0,0
75.65,6185.2596,0,-1992.9606,143.54109,0,49.725529,0,-0.16704522,0,0,0.015270693,0,-0.26179939,0,0,1,-0.26179939,0,-0,1,0,0,0.17302409,0,0.44827679,149.0786,1992.9606,60,0,1.134464,0,0,nan,nan,11192.954,-191.95915,-0,-733.58114,0,-0.54641574,0,0,0,0,0,0,0
75.7,6192.4353,0,-1990.4777,143.4848,0,49.586481,0,-0.16628374,0,0,0.015185273,0,-0.26179939,0,0,1,-0.26179939,0,-0,1,0,0,0.17303173,0,0.44796475,148.97919,1990.4777,60,0,1.134464,0,0,nan,nan,11180.82,-191.75106,-0,-732.82772,0,-0.54698029,0,0,0,0,0,0,0
75.75,6199.6082,0,-1988.0017,143.4281,0,49.448124,0,-0.16552653,0,0,0.015099766,0,-0.26179939,0,0,1,-0.26179939,0,-0,1,0,0,0.17303938,0,0.44765254,148.87971,1988.0017,60,0,1.134464,0,0,nan,nan,11168.67,-191.54269,-0,-732.07327,0,-0.54753355,0,0,0,0,0,0,0
75.8,6206.7782,0,-1985.5326,143.37099,0,49.31046,0,-0.16477359,0,0,0.015014173,0,-0.26179939,0,0,1,-0.26179939,0,-0,1,0,0,0.17304705,0,0.44734018,148.78016,1985.5326,60,0,1.134464,0,0,nan,nan,11156.506,-191.33407,-0,-731.31784,0,-0.54807551,0,0,0,0,0,0,0
75.85,6213.9454,0,-1983.0704,143.31347,0,49.173489,0,-0.16402494,0,0,0.014928496,0,-0.26179939,0,0,1,-0.26179939,0,-0,1,0,0,0.17305473,0,0.44702767,148.68054,1983.0704,60,0,1.134464,0,0,nan,nan,11144.326,-191.12519,-0,-730.56144,0,-0.54860617,0,0,0,0,0,0,0
75.9,6221.1097,0,-1980.615,143.25556,0,49.037213,0,-0.16328057,0,0,0.014842737,0,-0.26179939,0,0,1,-0.26179939,0,-0,1,0,0,0.17306244,0,0.44671501,148.58085,1980.615,60,0,1.134464,0,0,nan,nan,11132.132,-190.91607,-0,-729.80411,0,-0.54912553,0,0,0,0,0,0,0
75.95,6228.2711,0,-1978.1663,143.19725,0,48.901631,0,-0.1625405,0,0,0.014756898,0,-0.26179939,0,0,1,-0.26179939,0,-0,1,0,0,0.17307016,0,0.44640222,148.48111,1978.1663,60,0,1.134464,0,0,nan,nan,11119.924,-190.7067,-0,-729.04586,0,-0.54963357,0,0,0,0,0,0,0
76,6235.4295,0,-1975.7245,143.13855,0,48.766745,0,-0.16180471,0,0,0.014670981,0,-0.26179939,0,0,1,-0.26179939,0,-0,1,0,0,0.1730779,0,0.44608929,148.3813,1975.7245,60,0,1.134464,0,0,nan,nan,11107.703,-190.49711,-0,-728.28673,0,-0.5501303,0,0,0,0,0,0,0
76.05,6242.585,0,-1973.2894,143.07946,0,48.632556,0,-0.16107323,0,0,0.014584986,0,-0.26179939,0,0,1,-0.26179939,0,-0,1,0,0,0.17308565,0,0.44577624,148.28143,1973.2894,60,0,1.134464,0,0,nan,nan,11095.469,-190.28729,-0,-727.52674,0,-0.55061572,0,0,0,0,0,0,0
76.1,6249.7376,0,-1970.861,143.01999,0,48.499063,0,-0.16034604,0,0,0.014498917,0,-0.26179939,0,0,1,-0.26179939,0,-0,1,0,0,0.17309343,0,0.44546308,148.1815,1970.861,60,0,1.134464,0,0,nan,nan,11083.222,-190.07725,-0,-726.76591,0,-0.55108982,0,0,0,0,0,0,0
76.15,6256.8871,0,-1968.4392,142.96014,0,48.366269,0,-0.15962316,0,0,0.014412774,0,-0.26179939,0,0,1,-0.26179939,0,-0,1,0,0,0.17310122,0,0.4451498,148.08152,1968.4392,60,0,1.134464,0,0,nan,nan,11070.962,-189.867,-0,-726.00428,0,-0.55155259,0,0,0,0,0,0,0
76.2,6264.0337,0,-1966.0241,142.89991,0,48.234172,0,-0.15890459,0,0,0.01432656,0,-0.26179939,0,0,1,-0.26179939,0,-0,1,0,0,0.17310902,0,0.44483642,147.98149,1966.0241,60,0,1.134464,0,0,nan,nan,11058.691,-189.65655,-0,-725.24186,0,-0.55200404,0,0,0,0,0,0,0
76.25,6271.1772,0,-1963.6155,142.83931,0,48.102775,0,-0.15819034,0,0,0.014240276,0,-0.26179939,0,0,1,-0.26179939,0,-0,1,0,0,0.17311685,0,0.44452294,147.88141,1963.6155,60,0,1.134464,0,0,nan,nan,11046.408,-189.4459,-0,-724.47869,0,-0.55244417,0,0,0,0,0,0,0
76.3,6278.3178,0,-1961.2135,142.77834,0,47.972078,0,-0.15748039,0,0,0.014153925,0,-0.26179939,0,0,1,-0.26179939,0,-0,1,0,0,0.17312469,0,0.44420936,147.78127,1961.2135,60,0,1.134464,0,0,nan,nan,11034.115,-189.23506,-0,-723.71479,0,-0.55287296,0,0,0,0,0,0,0
76.35,6285.4552,0,-1958.818,142.71701,0,47.842081,0,-0.15677477,0,0,0.014067507,0,-0.26179939,0,0,1,-0.26179939,0,-0,1,0,0,0.17313254,0,0.44389571,147.6811,1958.818,60,0,1.134464,0,0,nan,nan,11021.81,-189.02404,-0,-722.95019,0,-0.55329042,0,0,0,0,0,0,0
76.4,6292.5896,0,-1956.429,142.65531,0,47.712784,0,-0.15607347,0,0,0.013981024,0,-0.26179939,0,0,1,-0.26179939,0,-0,1,0,0,0.17314042,0,0.44358197,147.58088,1956.429,60,0,1.134464,0,0,nan,nan,11009.495,-188.81285,-0,-722.1849,0,-0.55369654,0,0,0,0,0,0,0
76.45,6299.7208,0,-1954.0465,142.59325,0,47.584189,0,-0.1553765,0,0,0.01389448,0,-0.26179939,0,0,1,-0.26179939,0,-0,1,0,0,0.1731483,0,0.44326816,147.48061,1954.0465,60,0,1.134464,0,0,nan,nan,10997.171,-188.60148,-0,-721.41896,0,-0.55409133,0,0,0,0,0,0,0
76.5,6306.849,0,-1951.6704,142.53084,0,47.456295,0,-0.15468385,0,0,0.013807874,0,-0.26179939,0,0,1,-0.26179939,0,-0,1,0,0,0.17315621,0,0.44295428,147.38031,1951.6704,60,0,1.134464,0,0,nan,nan,10984.837,-188.38995,-0,-720.65239,0,-0.55447477,0,0,0,0,0,0,0
76.55,6313.9741,0,-1949.3006,142.46808,0,47.329104,0,-0.15399554,0,0,0.013721209,0,-0.26179939,0,0,1,-0.26179939,0,-0,1,0,0,0.17316413,0,0.44264034,147.27997,1949.3006,60,0,1.134464,0,0,nan,nan,10972.494,-188.17827,-0,-719.88522,0,-0.55484687,0,0,0,0,0,0,0
76.6,6321.0959,0,-1946.9372,142.40498,0,47.202615,0,-0.15331156,0,0,0.013634487,0,-0.26179939,0,0,1,-0.26179939,0,-0,1,0,0,0.17317207,0,0.44232634,147.1796,1946.9372,60,0,1.134464,0,0,nan,nan,10960.142,-187.96644,-0,-719.11747,0,-0.55520763,0,0,0,0,0,0,0
76.65,6328.2147,0,-1944.5801,142.34152,0,47.07683,0,-0.15263192,0,0,0.01354771,0,-0.26179939,0,0,1,-0.26179939,0,-0,1,0,0,0.17318002,0,0.4420123,147.07919,1944.5801,60,0,1.134464,0,0,nan,nan,10947.782,-187.75446,-0,-718.34916,0,-0.55555704,0,0,0,0,0,0,0
76.7,6335.3302,0,-1942.2292,142.27773,0,46.951747,0,-0.15195662,0,0,0.013460878,0,-0.26179939,0,0,1,-0.26179939,0,-0,1,0,0,0.17318799,0,0.44169822,146.97875,1942.2292,60,0,1.134464,0,0,nan,nan,10935.414,-187.54235,-0,-717.58033,0,-0.55589509,0,0,0,0,0,0,0
76.75,6342.4426,0,-1939.8846,142.21361,0,46.827368,0,-0.15128566,0,0,0.013373995,0,-0.26179939,0,0,1,-0.26179939,0,-0,1,0,0,0.17319597,0,0.4413841,146.87829,1939.8846,60,0,1.134464,0,0,nan,nan,10923.039,-187.33012,-0,-716.81099,0,-0.5562218,0,0,0,0,0,0,0
76.8,6349.5517,0,-1937.5462,142.14915,0,46.703694,0,-0.15061904,0,0,0.013287062,0,-0.26179939,0,0,1,-0.26179939,0,-0,1,0,0,0.17320397,0,0.44106995,146.77779,1937.5462,60,0,1.134464,0,0,nan,nan,10910.657,-187.11776,-0,-716.04117,0,-0.55653714,0,0,0,0,0,0,0
76.85,6356.6576,0,-1935.214,142.08436,0,46.580723,0,-0.14995678,0,0,0.01320008,0,-0.26179939,0,0,1,-0.26179939,0,-0,1,0,0,0.17321198,0,0.44075577,146.67727,1935.214,60,0,1.134464,0,0,nan,nan,10898.267,-186.90529,-0,-715.2709,0,-0.55684114,0,0,0,0,0,0,0
76.9,6363.7603,0,-1932.8879,142.01925,0,46.458458,0,-0.14929886,0,0,0.013113051,0,-0.26179939,0,0,1,-0.26179939,0,-0,1,0,0,0.17322001,0,0.44044158,146.57673,1932.8879,60,0,1.134464,0,0,nan,nan,10885.872,-186.69271,-0,-714.50019,0,-0.55713377,0,0,0,0,0,0,0
76.95,6370.8597,0,-1930.5679,141.95381,0,46.336896,0,-0.1486453,0,0,0.013025978,0,-0.26179939,0,0,1,-0.26179939,0,-0,1,0,0,0.17322805,0,0.44012738,146.47617,1930.5679,60,0,1.134464,0,0,nan,nan,10873.471,-186.48002,-0,-713.72908,0,-0.55741505,0,0,0,0,0,0,0
77,6377.9558,0,-1928.254,141.88806,0,46.21604,0,-0.14799609,0,0,0.012938861,0,-0.26179939,0,0,1,-0.26179939,0,-0,1,0,0,0.17323611,0,0.43981317,146.3756,1928.254,60,0,1.134464,0,0,nan,nan,10861.064,-186.26725,-0,-712.95759,0,-0.55768496,0,0,0,0,0,0,0
77.05,6385.0486,0,-1925.946,141.82199,0,46.09589,0,-0.14735124,0,0,0.012851704,0,-0.26179939,0,0,1,-0.26179939,0,-0,1,0,0,0.17324418,0,0.43949896,146.275,1925.946,60,0,1.134464,0,0,nan,nan,10848.652,-186.05438,-0,-712.18573,0,-0.55794351,0,0,0,0,0,0,0
77.1,6392.1381,0,-1923.6441,141.75561,0,45.976444,0,-0.14671075,0,0,0.012764506,0,-0.26179939,0,0,1,-0.26179939,0,-0,1,0,0,0.17325227,0,0.43918476,146.17439,1923.6441,60,0,1.134464,0,0,nan,nan,10836.235,-185.84143,-0,-711.41354,0,-0.55819069,0,0,0,0,0,0,0
77.15,6399.2243,0,-1921.3482,141.68892,0,45.857704,0,-0.14607461,0,0,0.012677271,0,-0.26179939,0,0,1,-0.26179939,0,-0,1,0,0,0.17326037,0,0.43887057,146.07377,1921.3482,60,0,1.134464,0,0,nan,nan,10823.814,-185.62841,-0,-710.64105,0,-0.55842651,0,0,0,0,0,0,0
77.2,6406.3071,0,-1919.0581,141.62193,0,45.73967,0,-0.14544285,0,0,0.01259,0,-0.26179939,0,0,1,-0.26179939,0,-0,1,0,0,0.17326849,0,0.4385564,145.97314,1919.0581,60,0,1.134464,0,0,nan,nan,10811.389,-185.41532,-0,-709.86826,0,-0.55865096,0,0,0,0,0,0,0
77.25,6413.3866,0,-1916.7739,141.55464,0,45.622341,0,-0.14481544,0,0,0.012502695,0,-0.26179939,0,0,1,-0.26179939,0,-0,1,0,0,0.17327662,0,0.43824225,145.8725,1916.7739,60,0,1.134464,0,0,nan,nan,10798.96,-185.20216,-0,-709.09521,0,-0.55886404,0,0,0,0,0,0,0
77.3,6420.4627,0,-1914.4956,141.48706,0,45.505718,0,-0.1441924,0,0,0.012415357,0,-0.26179939,0,0,1,-0.26179939,0,-0,1,0,0,0.17328476,0,0.43792814,145.77186,1914.4956,60,0,1.134464,0,0,nan,nan,10786.528,-184.98895,-0,-708.32192,0,-0.55906575,0,0,0,0,0,0,0
77.35,6427.5354,0,-1912.2231,141.41918,0,45.3898,0,-0.14357373,0,0,0.012327988,0,-0.26179939,0,0,1,-0.26179939,0,-0,1,0,0,0.17329292,0,0.43761406,145.67121,1912.2231,60,0,1.134464,0,0,nan,nan,10774.093,-184.77569,-0,-707.54842,0,-0.55925609,0,0,0,0,0,0,0
77.4,6434.6048,0,-1909.9564,141.35101,0,45.274589,0,-0.14295943,0,0,0.012240591,0,-0.26179939,0,0,1,-0.26179939,0,-0,1,0,0,0.17330109,0,0.43730002,145.57057,1909.9564,60,0,1.134464,0,0,nan,nan,10761.655,-184.56239,-0,-706.77472,0,-0.55943506,0,0,0,0,0,0,0
77.45,6441.6707,0,-1907.6954,141.28255,0,45.160083,0,-0.1423495,0,0,0.012153167,0,-0.26179939,0,0,1,-0.26179939,0,-0,1,0,0,0.17330927,0,0.43698603,145.46992,1907.6954,60,0,1.134464,0,0,nan,nan,10749.216,-184.34905,-0,-706.00085,0,-0.55960265,0,0,0,0,0,0,0
77.5,6448.7331,0,-1905.4402,141.21381,0,45.046283,0,-0.14174394,0,0,0.012065717,0,-0.26179939,0,0,1,-0.26179939,0,-0,1,0,0,0.17331747,0,0.4366721,145.36927,1905.4402,60,0,1.134464,0,0,nan,nan,10736.774,-184.13568,-0,-705.22684,0,-0.55975887,0,0,0,0,0,0,0
77.55,6455.7922,0,-1903.1906,141.14479,0,44.933188,0,-0.14114275,0,0,0.011978243,0,-0.26179939,0,0,1,-0.26179939,0,-0,1,0,0,0.17332568,0,0.43635822,145.26863,1903.1906,60,0,1.134464,0,0,nan,nan,10724.331,-183.92228,-0,-704.4527,0,-0.55990372,0,0,0,0,0,0,0
77.6,6462.8478,0,-1900.9466,141.0755,0,44.8208,0,-0.14054594,0,0,0.011890748,0,-0.26179939,0,0,1,-0.26179939,0,-0,1,0,0,0.17333391,0,0.43604442,145.168,1900.9466,60,0,1.134464,0,0,nan,nan,10711.887,-183.70887,-0,-703.67846,0,-0.56003719,0,0,0,0,0,0,0
77.65,6469.8999,0,-1898.7082,141.00593,0,44.709116,0,-0.1399535,0,0,0.011803233,0,-0.26179939,0,0,1,-0.26179939,0,-0,1,0,0,0.17334215,0,0.43573068,145.06737,1898.7082,60,0,1.134464,0,0,nan,nan,10699.443,-183.49544,-0,-702.90414,0,-0.56015929,0,0,0,0,0,0,0
77.7,6476.9485,0,-1896.4754,140.9361,0,44.598138,0,-0.13936544,0,0,0.0117157,0,-0.26179939,0,0,1,-0.26179939,0,-0,1,0,0,0.1733504,0,0.43541702,144.96676,1896.4754,60,0,1.134464,0,0,nan,nan,10686.998,-183.28201,-0,-702.12976,0,-0.56027001,0,0,0,0,0,0,0
77.75,6483.9936,0,-1894.2482,140.866,0,44.487865,0,-0.13878176,0,0,0.01162815,0,-0.26179939,0,0,1,-0.26179939,0,-0,1,0,0,0.17335866,0,0.43510344,144.86616,1894.2482,60,0,1.134464,0,0,nan,nan,10674.553,-183.06858,-0,-701.35536,0,-0.56036935,0,0,0,0,0,0,0
77.8,6491.0352,0,-1892.0264,140.79563,0,44.378296,0,-0.13820245,0,0,0.011540586,0,-0.26179939,0,0,1,-0.26179939,0,-0,1,0,0,0.17336694,0,0.43478996,144.76557,1892.0264,60,0,1.134464,0,0,nan,nan,10662.108,-182.85515,-0,-700.58094,0,-0.56045732,0,0,0,0,0,0,0
77.85,6498.0733,0,-1889.8101,140.72501,0,44.269433,0,-0.13762752,0,0,0.011453008,0,-0.26179939,0,0,1,-0.26179939,0,-0,1,0,0,0.17337523,0,0.43447656,144.665,1889.8101,60,0,1.134464,0,0,nan,nan,10649.664,-182.64174,-0,-699.80654,0,-0.56053391,0,0,0,0,0,0,0
77.9,6505.1079,0,-1887.5993,140.65414,0,44.161274,0,-0.13705697,0,0,0.01136542,0,-0.26179939,0,0,1,-0.26179939,0,-0,1,0,0,0.17338353,0,0.43416327,144.56445,1887.5993,60,0,1.134464,0,0,nan,nan,10637.221,-182.42835,-0,-699.03216,0,-0.56059912,0,0,0,0,0,0,0
77.95,6512.1389,0,-1885.3938,140.58301,0,44.053819,0,-0.13649081,0,0,0.011277822,0,-0.26179939,0,0,1,-0.26179939,0,-0,1,0,0,0.17339184,0,0.43385009,144.46392,1885.3938,60,0,1.134464,0,0,nan,nan,10624.78,-182.21498,-0,-698.25785,0,-0.56065296,0,0,0,0,0,0,0
78,6519.1663,0,-1883.1937,140.51163,0,43.947068,0,-0.13592902,0,0,0.011190217,0,-0.26179939,0,0,1,-0.26179939,0,-0,1,0,0,0.17340016,0,0.43353701,144.36341,1883.1937,60,0,1.134464,0,0,nan,nan,10612.341,-182.00164,-0,-697.48361,0,-0.56069542,0,0,0,0,0,0,0
78.05,6526.1902,0,-1880.9988,140.44001,0,43.841021,0,-0.13537161,0,0,0.011102606,0,-0.26179939,0,0,1,-0.26179939,0,-0,1,0,0,0.1734085,0,0.43322406,144.26292,1880.9988,60,0,1.134464,0,0,nan,nan,10599.903,-181.78834,-0,-696.70947,0,-0.56072651,0,0,0,0,0,0,0
78.1,6533.2104,0,-1878.8093,140.36814,0,43.735677,0,-0.13481858,0,0,0.01101499,0,-0.26179939,0,0,1,-0.26179939,0,-0,1,0,0,0.17341685,0,0.43291122,144.16246,1878.8093,60,0,1.134464,0,0,nan,nan,10587.468,-181.57508,-0,-695.93546,0,-0.56074622,0,0,0,0,0,0,0
78.15,6540.2271,0,-1876.6251,140.29604,0,43.631037,0,-0.13426994,0,0,0.010927373,0,-0.26179939,0,0,1,-0.26179939,0,-0,1,0,0,0.17342521,0,0.43259852,144.06204,1876.6251,60,0,1.134464,0,0,nan,nan,10575.036,-181.36187,-0,-695.16159,0,-0.56075456,0,0,0,0,0,0,0
78.2,6547.2402,0,-1874.446,140.2237,0,43.527098,0,-0.13372567,0,0,0.010839755,0,-0.26179939,0,0,1,-0.26179939,0,-0,1,0,0,0.17343358,0,0.43228595,143.96164,1874.446,60,0,1.134464,0,0,nan,nan,10562.607,-181.14871,-0,-694.38788,0,-0.56075152,0,0,0,0,0,0,0
78.25,6554.2496,0,-1872.2721,140.15113,0,43.423862,0,-0.13318578,0,0,0.010752139,0,-0.26179939,0,0,1,-0.26179939,0,-0,1,0,0,0.17344196,0,0.43197352,143.86127,1872.2721,60,0,1.134464,0,0,nan,nan,10550.181,-180.93561,-0,-693.61436,0,-0.56073711,0,0,0,0,0,0,0
78.3,6561.2554,0,-1870.1034,140.07834,0,43.321328,0,-0.13265028,0,0,0.010664525,0,-0.26179939,0,0,1,-0.26179939,0,-0,1,0,0,0.17345035,0,0.43166123,143.76094,1870.1034,60,0,1.134464,0,0,nan,nan,10537.76,-180.72258,-0,-692.84105,0,-0.56071133,0,0,0,0,0,0,0
78.35,6568.2576,0,-1867.9398,140.00531,0,43.219495,0,-0.13211916,0,0,0.010576917,0,-0.26179939,0,0,1,-0.26179939,0,-0,1,0,0,0.17345876,0,0.4313491,143.66064,1867.9398,60,0,1.134464,0,0,nan,nan,10525.342,-180.50962,-0,-692.06796,0,-0.56067417,0,0,0,0,0,0,0
78.4,6575.2561,0,-1865.7812,139.93207,0,43.118364,0,-0.13159241,0,0,0.010489315,0,-0.26179939,0,0,1,-0.26179939,0,-0,1,0,0,0.17346717,0,0.43103712,143.56039,1865.7812,60,0,1.134464,0,0,nan,nan,10512.929,-180.29674,-0,-691.29513,0,-0.56062565,0,0,0,0,0,0,0
78.45,6582.251,0,-1863.6277,139.8586,0,43.017932,0,-0.13107005,0,0,0.010401722,0,-0.26179939,0,0,1,-0.26179939,0,-0,1,0,0,0.1734756,0,0.4307253,143.46017,1863.6277,60,0,1.134464,0,0,nan,nan,10500.521,-180.08394,-0,-690.52256,0,-0.56056576,0,0,0,0,0,0,0
78.5,6589.2421,0,-1861.4792,139.78493,0,42.918201,0,-0.13055207,0,0,0.010314138,0,-0.26179939,0,0,1,-0.26179939,0,-0,1,0,0,0.17348403,0,0.43041366,143.35999,1861.4792,60,0,1.134464,0,0,nan,nan,10488.118,-179.87123,-0,-689.75029,0,-0.5604945,0,0,0,0,0,0,0
78.55,6596.2296,0,-1859.3357,139.71103,0,42.819169,0,-0.13003846,0,0,0.010226567,0,-0.26179939,0,0,1,-0.26179939,0,-0,1,0,0,0.17349248,0,0.43010218,143.25986,1859.3357,60,0,1.134464,0,0,nan,nan,10475.721,-179.65862,-0,-688.97833,0,-0.56041188,0,0,0,0,0,0,0
78.6,6603.2134,0,-1857.1971,139.63693,0,42.720835,0,-0.12952923,0,0,0.01013901,0,-0.26179939,0,0,1,-0.26179939,0,-0,1,0,0,0.17350094,0,0.42979089,143.15978,1857.1971,60,0,1.134464,0,0,nan,nan,10463.33,-179.4461,-0,-688.20671,0,-0.56031789,0,0,0,0,0,0,0
78.65,6610.1934,0,-1855.0634,139.56263,0,42.623201,0,-0.12902438,0,0,0.010051468,0,-0.26179939,0,0,1,-0.26179939,0,-0,1,0,0,0.1735094,0,0.42947977,143.05974,1855.0634,60,0,1.134464,0,0,nan,nan,10450.944,-179.23369,-0,-687.43544,0,-0.56021254,0,0,0,0,0,0,0
78.7,6617.1698,0,-1852.9346,139.48812,0,42.526263,0,-0.12852391,0,0,0.0099639432,0,-0.26179939,0,0,1,-0.26179939,0,-0,1,0,0,0.17351788,0,0.42916885,142.95975,1852.9346,60,0,1.134464,0,0,nan,nan,10438.565,-179.02139,-0,-686.66454,0,-0.56009583,0,0,0,0,0,0,0
78.75,6624.1424,0,-1850.8106,139.41341,0,42.430023,0,-0.12802781,0,0,0.0098764376,0,-0.26179939,0,0,1,-0.26179939,0,-0,1,0,0,0.17352637,0,0.42885812,142.85981,1850.8106,60,0,1.134464,0,0,nan,nan,10426.193,-178.80921,-0,-685.89404,0,-0.55996776,0,0,0,0,0,0,0
78.8,6631.1113,0,-1848.6914,139.33851,0,42.33448,0,-0.12753609,0,0,0.009788953,0,-0.26179939,0,0,1,-0.26179939,0,-0,1,0,0,0.17353486,0,0.42854759,142.75993,1848.6914,60,0,1.134464,0,0,nan,nan,10413.828,-178.59715,-0,-685.12395,0,-0.55982833,0,0,0,0,0,0,0
78.85,6638.0764,0,-1846.5769,139.26341,0,42.239632,0,-0.12704874,0,0,0.009701491,0,-0.26179939,0,0,1,-0.26179939,0,-0,1,0,0,0.17354336,0,0.42823727,142.6601,1846.5769,60,0,1.134464,0,0,nan,nan,10401.471,-178.38522,-0,-684.3543,0,-0.55967756,0,0,0,0,0,0,0
78.9,6645.0377,0,-1844.4672,139.18813,0,42.14548,0,-0.12656577,0,0,0.0096140534,0,-0.26179939,0,0,1,-0.26179939,0,-0,1,0,0,0.17355188,0,0.42792715,142.56033,1844.4672,60,0,1.134464,0,0,nan,nan,10389.121,-178.17343,-0,-683.5851,0,-0.55951543,0,0,0,0,0,0,0
78.95,6651.9953,0,-1842.3622,139.11265,0,42.052022,0,-0.12608716,0,0,0.0095266419,0,-0.26179939,0,0,1,-0.26179939,0,-0,1,0,0,0.1735604,0,0.42761725,142.46062,1842.3622,60,0,1.134464,0,0,nan,nan,10376.779,-177.96177,-0,-682.81638,0,-0.55934195,0,0,0,0,0,0,0
79,6658.9492,0,-1840.2618,139.037,0,41.959258,0,-0.12561293,0,0,0.0094392585,0,-0.26179939,0,0,1,-0.26179939,0,-0,1,0,0,0.17356893,0,0.42730758,142.36096,1840.2618,60,0,1.134464,0,0,nan,nan,10364.446,-177.75025,-0,-682.04815,0,-0.55915713,0,0,0,0,0,0,0
79.05,6665.8992,0,-1838.1661,138.96116,0,41.867187,0,-0.12514306,0,0,0.0093519047,0,-0.26179939,0,0,1,-0.26179939,0,-0,1,0,0,0.17357747,0,0.42699813,142.26137,1838.1661,60,0,1.134464,0,0,nan,nan,10352.122,-177.53889,-0,-681.28044,0,-0.55896096,0,0,0,0,0,0,0
79.1,6672.8454,0,-1836.0749,138.88515,0,41.775809,0,-0.12467756,0,0,0.0092645825,0,-0.26179939,0,0,1,-0.26179939,0,-0,1,0,0,0.17358602,0,0.42668891,142.16185,1836.0749,60,0,1.134464,0,0,nan,nan,10339.806,-177.32768,-0,-680.51326,0,-0.55875346,0,0,0,0,0,0,0
79.15,6679.7879,0,-1833.9883,138.80896,0,41.685122,0,-0.12421643,0,0,0.0091772935,0,-0.26179939,0,0,1,-0.26179939,0,-0,1,0,0,0.17359458,0,0.42637993,142.06239,1833.9883,60,0,1.134464,0,0,nan,nan,10327.5,-177.11663,-0,-679.74663,0,-0.55853461,0,0,0,0,0,0,0
79.2,6686.7265,0,-1831.9062,138.7326,0,41.595126,0,-0.12375966,0,0,0.0090900396,0,-0.26179939,0,0,1,-0.26179939,0,-0,1,0,0,0.17360314,0,0.42607119,141.963,1831.9062,60,0,1.134464,0,0,nan,nan,10315.204,-176.90574,-0,-678.98058,0,-0.55830444,0,0,0,0,0,0,0
79.25,6693.6613,0,-1829.8286,138.65607,0,41.50582,0,-0.12330725,0,0,0.0090028225,0,-0.26179939,0,0,1,-0.26179939,0,-0,1,0,0,0.17361172,0,0.4257627,141.86368,1829.8286,60,0,1.134464,0,0,nan,nan,10302.917,-176.69503,-0,-678.21512,0,-0.55806293,0,0,0,0,0,0,0
79.3,6700.5922,0,-1827.7554,138.57938,0,41.417203,0,-0.1228592,0,0,0.008915644,0,-0.26179939,0,0,1,-0.26179939,0,-0,1,0,0,0.1736203,0,0.42545446,141.76443,1827.7554,60,0,1.134464,0,0,nan,nan,10290.641,-176.48449,-0,-677.45027,0,-0.5578101,0,0,0,0,0,0,0
79.35,6707.5194,0,-1825.6867,138.50252,0,41.329274,0,-0.12241551,0,0,0.0088285058,0,-0.26179939,0,0,1,-0.26179939,0,-0,1,0,0,0.17362888,0,0.42514647,141.66525,1825.6867,60,0,1.134464,0,0,nan,nan,10278.375,-176.27413,-0,-676.68604,0,-0.55754595,0,0,0,0,0,0,0
79.4,6714.4426,0,-1823.6223,138.42551,0,41.242033,0,-0.12197618,0,0,0.0087414098,0,-0.26179939,0,0,1,-0.26179939,0,-0,1,0,0,0.17363748,0,0.42483875,141.56615,1823.6223,60,0,1.134464,0,0,nan,nan,10266.12,-176.06396,-0,-675.92247,0,-0.55727048,0,0,0,0,0,0,0
79.45,6721.3621,0,-1821.5623,138.34834,0,41.155479,0,-0.12154119,0,0,0.0086543577,0,-0.26179939,0,0,1,-0.26179939,0,-0,1,0,0,0.17364608,0,0.4245313,141.46712,1821.5623,60,0,1.134464,0,0,nan,nan,10253.876,-175.85398,-0,-675.15957,0,-0.5569837,0,0,0,0,0,0,0
79.5,6728.2776,0,-1819.5066,138.27102,0,41.06961,0,-0.12111056,0,0,0.0085673512,0,-0.26179939,0,0,1,-0.26179939,0,-0,1,0,0,0.17365469,0,0.42422412,141.36818,1819.5066,60,0,1.134464,0,0,nan,nan,10241.644,-175.64419,-0,-674.39735,0,-0.5566856,0,0,0,0,0,0,0
79.55,6735.1893,0,-1817.4551,138.19355,0,40.984427,0,-0.12068428,0,0,0.0084803921,0,-0.26179939,0,0,1,-0.26179939,0,-0,1,0,0,0.17366331,0,0.42391722,141.26931,1817.4551,60,0,1.134464,0,0,nan,nan,10229.423,-175.43461,-0,-673.63583,0,-0.5563762,0,0,0,0,0,0,0
79.6,6742.0971,0,-1815.4079,138.11593,0,40.899927,0,-0.12026235,0,0,0.0083934822,0,-0.26179939,0,0,1,-0.26179939,0,-0,1,0,0,0.17367193,0,0.4236106,141.17053,1815.4079,60,0,1.134464,0,0,nan,nan,10217.215,-175.22524,-0,-672.87504,0,-0.5560555,0,0,0,0,0,0,0
79.65,6749.0011,0,-1813.365,138.03817,0,40.81611,0,-0.11984476,0,0,0.0083066233,0,-0.26179939,0,0,1,-0.26179939,0,-0,1,0,0,0.17368056,0,0.42330427,141.07183,1813.365,60,0,1.134464,0,0,nan,nan,10205.019,-175.01607,-0,-672.11499,0,-0.55572351,0,0,0,0,0,0,0
79.7,6755.9011,0,-1811.3262,137.96026,0,40.732975,0,-0.11943151,0,0,0.0082198171,0,-0.26179939,0,0,1,-0.26179939,0,-0,1,0,0,0.1736892,0,0.42299823,140.97322,1811.3262,60,0,1.134464,0,0,nan,nan,10192.835,-174.80712,-0,-671.3557,0,-0.55538022,0,0,0,0,0,0,0
79.75,6762.7972,0,-1809.2915,137.88222,0,40.650521,0,-0.11902261,0,0,0.0081330654,0,-0.26179939,0,0,1,-0.26179939,0,-0,1,0,0,0.17369784,0,0.42269249,140.87469,1809.2915,60,0,1.134464,0,0,nan,nan,10180.664,-174.59839,-0,-670.59718,0,-0.55502565,0,0,0,0,0,0,0
79.8,6769.6895,0,-1807.2609,137.80404,0,40.568748,0,-0.11861803,0,0,0.0080463699,0,-0.26179939,0,0,1,-0.26179939,0,-0,1,0,0,0.17370649,0,0.42238705,140.77625,1807.2609,60,0,1.134464,0,0,nan,nan,10168.507,-174.38989,-0,-669.83946,0,-0.5546598,0,0,0,0,0,0,0
79.85,6776.5778,0,-1805.2344,137.72574,0,40.487653,0,-0.11821779,0,0,0.0079597325,0,-0.26179939,0,0,1,-0.26179939,0,-0,1,0,0,0.17371514,0,0.42208192,140.67791,1805.2344,60,0,1.134464,0,0,nan,nan,10156.363,-174.18162,-0,-669.08256,0,-0.55428267,0,0,0,0,0,0,0
79.9,6783.4622,0,-1803.212,137.6473,0,40.407236,0,-0.11782189,0,0,0.0078731548,0,-0.26179939,0,0,1,-0.26179939,0,-0,1,0,0,0.1737238,0,0.4217771,140.57965,1803.212,60,0,1.134464,0,0,nan,nan,10144.233,-173.97359,-0,-668.32648,0,-0.55389428,0,0,0,0,0,0,0
79.95,6790.3427,0,-1801.1935,137.56873,0,40.327496,0,-0.1174303,0,0,0.0077866386,0,-0.26179939,0,0,1,-0.26179939,0,-0,1,0,0,0.17373247,0,0.4214726,140.48149,1801.1935,60,0,1.134464,0,0,nan,nan,10132.116,-173.7658,-0,-667.57126,0,-0.55349462,0,0,0,0,0,0,0
80,6797.2192,0,-1799.1791,137.49004,0,40.248432,0,-0.11704305,0,0,0.0077001858,0,-0.26179939,0,0,1,-0.26179939,0,-0,1,0,0,0.17374114,0,0.42116842,140.38343,1799.1791,60,0,1.134464,0,0,nan,nan,10120.014,-173.55825,-0,-666.8169,0,-0.5530837,0,0,0,0,0,0,0
80.05,6804.0918,0,-1797.1685,137.41123,0,40.170043,0,-0.11666011,0,0,0.007613798,0,-0.26179939,0,0,1,-0.26179939,0,-0,1,0,0,0.17374982,0,0.42086457,140.28547,1797.1685,60,0,1.134464,0,0,nan,nan,10107.927,-173.35095,-0,-666.06342,0,-0.55266153,0,0,0,0,0,0,0
80.1,6810.9605,0,-1795.1619,137.3323,0,40.092328,0,-0.11628149,0,0,0.0075274769,0,-0.26179939,0,0,1,-0.26179939,0,-0,1,0,0,0.1737585,0,0.42056105,140.1876,1795.1619,60,0,1.134464,0,0,nan,nan,10095.855,-173.14391,-0,-665.31084,0,-0.55222812,0,0,0,0,0,0,0
80.15,6817.8252,0,-1793.1591,137.25326,0,40.015285,0,-0.11590719,0,0,0.0074412245,0,-0.26179939,0,0,1,-0.26179939,0,-0,1,0,0,0.17376718,0,0.42025787,140.08983,1793.1591,60,0,1.134464,0,0,nan,nan,10083.797,-172.93712,-0,-664.55919,0,-0.55178348,0,0,0,0,0,0,0
80.2,6824.686,0,-1791.1602,137.17411,0,39.938914,0,-0.1155372,0,0,0.0073550424,0,-0.26179939,0,0,1,-0.26179939,0,-0,1,0,0,0.17377587,0,0.41995503,139.99217,1791.1602,60,0,1.134464,0,0,nan,nan,10071.755,-172.7306,-0,-663.80847,0,-0.5513276,0,0,0,0,0,0,0
80.25,6831.5428,0,-1789.1651,137.09484,0,39.863213,0,-0.11517151,0,0,0.0072689323,0,-0.26179939,0,0,1,-0.26179939,0,-0,1,0,0,0.17378457,0,0.41965253,139.89461,1789.1651,60,0,1.134464,0,0,nan,nan,10059.729,-172.52435,-0,-663.05869,0,-0.55086049,0,0,0,0,0,0,0
80.3,6838.3956,0,-1787.1737,137.01547,0,39.788181,0,-0.11481013,0,0,0.0071828961,0,-0.26179939,0,0,1,-0.26179939,0,-0,1,0,0,0.17379327,0,0.41935039,139.79716,1787.1737,60,0,1.134464,0,0,nan,nan,10047.719,-172.31837,-0,-662.30989,0,-0.55038217,0,0,0,0,0,0,0
80.35,6845.2445,0,-1785.1861,136.936,0,39.713818,0,-0.11445305,0,0,0.0070969355,0,-0.26179939,0,0,1,-0.26179939,0,-0,1,0,0,0.17380197,0,0.4190486,139.69982,1785.1861,60,0,1.134464,0,0,nan,nan,10035.725,-172.11268,-0,-661.56208,0,-0.54989265,0,0,0,0,0,0,0
80.4,6852.0894,0,-1783.2022,136.85642,0,39.640121,0,-0.11410026,0,0,0.0070110521,0,-0.26179939,0,0,1,-0.26179939,0,-0,1,0,0,0.17381067,0,0.41874717,139.60258,1783.2022,60,0,1.134464,0,0,nan,nan,10023.747,-171.90726,-0,-660.81526,0,-0.54939192,0,0,0,0,0,0,0
80.45,6858.9303,0,-1781.2219,136.77674,0,39.567089,0,-0.11375177,0,0,0.0069252479,0,-0.26179939,0,0,1,-0.26179939,0,-0,1,0,0,0.17381938,0,0.4184461,139.50545,1781.2219,60,0,1.134464,0,0,nan,nan,10011.786,-171.70213,-0,-660.06947,0,-0.54887999,0,0,0,0,0,0,0
80.5,6865.7672,0,-1779.2453,136.69697,0,39.494722,0,-0.11340757,0,0,0.0068395245,0,-0.26179939,0,0,1,-0.26179939,0,-0,1,0,0,0.1738281,0,0.41814541,139.40844,1779.2453,60,0,1.134464,0,0,nan,nan,9999.8421,-171.49729,-0,-659.32471,0,-0.54835689,0,0,0,0,0,0,0
80.55,6872.6002,0,-1777.2723,136.61711,0,39.423019,0,-0.11306765,0,0,0.0067538837,0,-0.26179939,0,0,1,-0.26179939,0,-0,1,0,0,0.17383681,0,0.41784509,139.31154,1777.2723,60,0,1.134464,0,0,nan,nan,9987.9154,-171.29275,-0,-658.581,0,-0.5478226,0,0,0,0,0,0,0
80.6,6879.4291,0,-1775.3029,136.53716,0,39.351977,0,-0.11273201,0,0,0.0066683271,0,-0.26179939,0,0,1,-0.26179939,0,-0,1,0,0,0.17384553,0,0.41754515,139.21476,1775.3029,60,0,1.134464,0,0,nan,nan,9976.0063,-171.08851,-0,-657.83836,0,-0.54727715,0,0,0,0,0,0,0
80.65,6886.254,0,-1773.337,136.45711,0,39.281595,0,-0.11240064,0,0,0.0065828567,0,-0.26179939,0,0,1,-0.26179939,0,-0,1,0,0,0.17385425,0,0.41724559,139.1181,1773.337,60,0,1.134464,0,0,nan,nan,9964.1149,-170.88457,-0,-657.0968,0,-0.54672053,0,0,0,0,0,0,0
80.7,6893.075,0,-1771.3746,136.37699,0,39.211873,0,-0.11207355,0,0,0.006497474,0,-0.26179939,0,0,1,-0.26179939,0,-0,1,0,0,0.17386298,0,0.41694642,139.02155,1771.3746,60,0,1.134464,0,0,nan,nan,9952.2416,-170.68094,-0,-656.35634,0,-0.54615277,0,0,0,0,0,0,0
80.75,6899.8919,0,-1769.4156,136.29678,0,39.142809,0,-0.11175072,0,0,0.0064121809,0,-0.26179939,0,0,1,-0.26179939,0,-0,1,0,0,0.1738717,0,0.41664764,138.92513,1769.4156,60,0,1.134464,0,0,nan,nan,9940.3865,-170.47763,-0,-655.617,0,-0.54557386,0,0,0,0,0,0,0
80.8,6906.7048,0,-1767.4601,136.21649,0,39.074402,0,-0.11143216,0,0,0.0063269791,0,-0.26179939,0,0,1,-0.26179939,0,-0,1,0,0,0.17388043,0,0.41634926,138.82882,1767.4601,60,0,1.134464,0,0,nan,nan,9928.5499,-170.27463,-0,-654.87879,0,-0.54498383,0,0,0,0,0,0,0
80.85,6913.5137,0,-1765.508,136.13612,0,39.006651,0,-0.11111785,0,0,0.0062418704,0,-0.26179939,0,0,1,-0.26179939,0,-0,1,0,0,0.17388916,0,0.41605129,138.73264,1765.508,60,0,1.134464,0,0,nan,nan,9916.7322,-170.07196,-0,-654.14172,0,-0.54438267,0,0,0,0,0,0,0
80.9,6920.3186,0,-1763.5593,136.05568,0,38.939553,0,-0.1108078,0,0,0.0061568563,0,-0.26179939,0,0,1,-0.26179939,0,-0,1,0,0,0.1738979,0,0.41575371,138.63659,1763.5593,60,0,1.134464,0,0,nan,nan,9904.9334,-169.86961,-0,-653.40582,0,-0.54377039,0,0,0,0,0,0,0
80.95,6927.1194,0,-1761.6139,135.97517,0,38.873108,0,-0.110502,0,0,0.0060719388,0,-0.26179939,0,0,1,-0.26179939,0,-0,1,0,0,0.17390663,0,0.41545655,138.54066,1761.6139,60,0,1.134464,0,0,nan,nan,9893.1539,-169.66759,-0,-652.67109,0,-0.54314702,0,0,0,0,0,0,0
81,6933.9162,0,-1759.6719,135.89459,0,38.807315,0,-0.11020043,0,0,0.0059871195,0,-0.26179939,0,0,1,-0.26179939,0,-0,1,0,0,0.17391537,0,0.4151598,138.44486,1759.6719,60,0,1.134464,0,0,nan,nan,9881.3939,-169.46591,-0,-651.93756,0,-0.54251255,0,0,0,0,0,0,0
81.05,6940.709,0,-1757.7331,135.81394,0,38.742171,0,-0.10990311,0,0,0.0059024002,0,-0.26179939,0,0,1,-0.26179939,0,-0,1,0,0,0.1739241,0,0.41486347,138.34919,1757.7331,60,0,1.134464,0,0,nan,nan,9869.6537,-169.26456,-0,-651.20523,0,-0.541867,0,0,0,0,0,0,0
81.1,6947.4978,0,-1755.7975,135.73323,0,38.677676,0,-0.10961002,0,0,0.0058177826,0,-0.26179939,0,0,1,-0.26179939,0,-0,1,0,0,0.17393284,0,0.41456757,138.25366,1755.7975,60,0,1.134464,0,0,nan,nan,9857.9335,-169.06356,-0,-650.47413,0,-0.54121038,0,0,0,0,0,0,0
81.15,6954.2825,0,-1753.8652,135.65246,0,38.613829,0,-0.10932116,0,0,0.0057332684,0,-0.26179939,0,0,1,-0.26179939,0,-0,1,0,0,0.17394158,0,0.41427209,138.15825,1753.8652,60,0,1.134464,0,0,nan,nan,9846.2334,-168.8629,-0,-649.74427,0,-0.5405427,0,0,0,0,0,0,0
81.2,6961.0632,0,-1751.936,135.57163,0,38.550627,0,-0.10903653,0,0,0.0056488594,0,-0.26179939,0,0,1,-0.26179939,0,-0,1,0,0,0.17395032,0,0.41397705,138.06298,1751.936,60,0,1.134464,0,0,nan,nan,9834.5539,-168.6626,-0,-649.01566,0,-0.53986397,0,0,0,0,0,0,0
81.25,6967.8399,0,-1750.01,135.49074,0,38.488069,0,-0.10875611,0,0,0.0055645572,0,-0.26179939,0,0,1,-0.26179939,0,-0,1,0,0,0.17395906,0,0.41368244,137.96785,1750.01,60,0,1.134464,0,0,nan,nan,9822.895,-168.46265,-0,-648.28831,0,-0.53917421,0,0,0,0,0,0,0
81.3,6974.6124,0,-1748.087,135.40979,0,38.426155,0,-0.1084799,0,0,0.0054803637,0,-0.26179939,0,0,1,-0.26179939,0,-0,1,0,0,0.1739678,0,0.41338828,137.87285,1748.087,60,0,1.134464,0,0,nan,nan,9811.2571,-168.26306,-0,-647.56225,0,-0.53847342,0,0,0,0,0,0,0
81.35,6981.381,0,-1746.1672,135.3288,0,38.364882,0,-0.1082079,0,0,0.0053962804,0,-0.26179939,0,0,1,-0.26179939,0,-0,1,0,0,0.17397654,0,0.41309455,137.77799,1746.1672,60,0,1.134464,0,0,nan,nan,9799.6403,-168.06383,-0,-646.83749,0,-0.53776162,0,0,0,0,0,0,0
81.4,6988.1455,0,-1744.2504,135.24776,0,38.304249,0,-0.1079401,0,0,0.0053123093,0,-0.26179939,0,0,1,-0.26179939,0,-0,1,0,0,0.17398528,0,0.41280128,137.68328,1744.2504,60,0,1.134464,0,0,nan,nan,9788.045,-167.86497,-0,-646.11404,0,-0.53703882,0,0,0,0,0,0,0
81.45,6994.9059,0,-1742.3366,135.16667,0,38.244254,0,-0.1076765,0,0,0.0052284518,0,-0.26179939,0,0,1,-0.26179939,0,-0,1,0,0,0.17399401,0,0.41250846,137.5887,1742.3366,60,0,1.134464,0,0,nan,nan,9776.4712,-167.66648,-0,-645.39191,0,-0.53630503,0,0,0,0,0,0,0
81.5,7001.6623,0,-1740.4259,135.08553,0,38.184897,0,-0.10741709,0,0,0.0051447099,0,-0.26179939,0,0,1,-0.26179939,0,-0,1,0,0,0.17400275,0,0.4122161,137.49427,1740.4259,60,0,1.134464,0,0,nan,nan,9764.9193,-167.46837,-0,-644.67112,0,-0.53556026,0,0,0,0,0,0,0
81.55,7008.4146,0,-1738.518,135.00436,0,38.126175,0,-0.10716186,0,0,0.0050610851,0,-0.26179939,0,0,1,-0.26179939,0,-0,1,0,0,0.17401149,0,0.41192421,137.39998,1738.518,60,0,1.134464,0,0,nan,nan,9753.3894,-167.27063,-0,-643.95169,0,-0.53480454,0,0,0,0,0,0,0
81.6,7015.1629,0,-1736.6131,134.92314,0,38.068087,0,-0.10691081,0,0,0.0049775793,0,-0.26179939,0,0,1,-0.26179939,0,-0,1,0,0,0.17402023,0,0.41163277,137.30584,1736.6131,60,0,1.134464,0,0,nan,nan,9741.8819,-167.07327,-0,-643.23362,0,-0.53403787,0,0,0,0,0,0,0
81.65,7021.9071,0,-1734.7111,134.84189,0,38.010631,0,-0.10666393,0,0,0.004894194,0,-0.26179939,0,0,1,-0.26179939,0,-0,1,0,0,0.17402896,0,0.41134181,137.21185,1734.7111,60,0,1.134464,0,0,nan,nan,9730.3968,-166.87631,-0,-642.51693,0,-0.53326026,0,0,0,0,0,0,0
81.7,7028.6473,0,-1732.8119,134.7606,0,37.953806,0,-0.10642122,0,0,0.0048109311,0,-0.26179939,0,0,1,-0.26179939,0,-0,1,0,0,0.17403769,0,0.41105133,137.11801,1732.8119,60,0,1.134464,0,0,nan,nan,9718.9345,-166.67973,-0,-641.80164,0,-0.53247173,0,0,0,0,0,0,0
81.75,7035.3833,0,-1730.9156,134.67928,0,37.897611,0,-0.10618267,0,0,0.0047277922,0,-0.26179939,0,0,1,-0.26179939,0,-0,1,0,0,0.17404642,0,0.41076132,137.02431,1730.9156,60,0,1.134464,0,0,nan,nan,9707.4952,-166.48354,-0,-641.08776,0,-0.5316723,0,0,0,0,0,0,0
81.8,7042.1154,0,-1729.022,134.59794,0,37.842044,0,-0.10594827,0,0,0.0046447791,0,-0.26179939,0,0,1,-0.26179939,0,-0,1,0,0,0.17405515,0,0.41047179,136.93077,1729.022,60,0,1.134464,0,0,nan,nan,9696.079,-166.28775,-0,-640.3753,0,-0.53086197,0,0,0,0,0,0,0
81.85,7048.8433,0,-1727.1313,134.51656,0,37.787103,0,-0.10571802,0,0,0.0045618933,0,-0.26179939,0,0,1,-0.26179939,0,-0,1,0,0,0.17406388,0,0.41018275,136.83739,1727.1313,60,0,1.134464,0,0,nan,nan,9684.6861,-166.09237,-0,-639.66428,0,-0.53004077,0,0,0,0,0,0,0
81.9,7055.5672,0,-1725.2432,134.43516,0,37.732786,0,-0.10549192,0,0,0.0044791367,0,-0.26179939,0,0,1,-0.26179939,0,-0,1,0,0,0.1740726,0,0.40989421,136.74416,1725.2432,60,0,1.134464,0,0,nan,nan,9673.3169,-165.89738,-0,-638.95471,0,-0.52920871,0,0,0,0,0,0,0
81.95,7062.287,0,-1723.3579,134.35374,0,37.679093,0,-0.10526994,0,0,0.004396511,0,-0.26179939,0,0,1,-0.26179939,0,-0,1,0,0,0.17408133,0,0.40960615,136.65108,1723.3579,60,0,1.134464,0,0,nan,nan,9661.9715,-165.70281,-0,-638.2466,0,-0.5283658,0,0,0,0,0,0,0
82,7069.0027,0,-1721.4752,134.27229,0,37.626021,0,-0.1050521,0,0,0.0043140177,0,-0.26179939,0,0,1,-0.26179939,0,-0,1,0,0,0.17409005,0,0.4093186,136.55816,1721.4752,60,0,1.134464,0,0,nan,nan,9650.65,-165.50865,-0,-637.53996,0,-0.52751206,0,0,0,0,0,0,0
82.05,7075.7144,0,-1719.5951,134.19083,0,37.573569,0,-0.10483837,0,0,0.0042316586,0,-0.26179939,0,0,1,-0.26179939,0,-0,1,0,0,0.17409876,0,0.40903155,136.46541,1719.5951,60,0,1.134464,0,0,nan,nan,9639.3528,-165.3149,-0,-636.83482,0,-0.52664751,0,0,0,0,0,0,0
82.1,7082.422,0,-1717.7177,134.10935,0,37.521735,0,-0.10462877,0,0,0.0041494355,0,-0.26179939,0,0,1,-0.26179939,0,-0,1,0,0,0.17410748,0,0.408745,136.37281,1717.7177,60,0,1.134464,0,0,nan,nan,9628.08,-165.12157,-0,-636.13117,0,-0.52577215,0,0,0,0,0,0,0
82.15,7089.1255,0,-1715.8429,134.02786,0,37.470518,0,-0.10442326,0,0,0.0040673499,0,-0.26179939,0,0,1,-0.26179939,0,-0,1,0,0,0.17411618,0,0.40845897,136.28037,1715.8429,60,0,1.134464,0,0,nan,nan,9616.8319,-164.92867,-0,-635.42904,0,-0.52488602,0,0,0,0,0,0,0
82.2,7095.8249,0,-1713.9706,133.94636,0,37.419915,0,-0.10422186,0,0,0.0039854036,0,-0.26179939,0,0,1,-0.26179939,0,-0,1,0,0,0.17412489,0,0.40817345,136.1881,1713.9706,60,0,1.134464,0,0,nan,nan,9605.6085,-164.73619,-0,-634.72844,0,-0.52398913,0,0,0,0,0,0,0
82.25,7102.5203,0,-1712.1008,133.86485,0,37.369926,0,-0.10402456,0,0,0.0039035982,0,-0.26179939,0,0,1,-0.26179939,0,-0,1,0,0,0.17413359,0,0.40788845,136.09599,1712.1008,60,0,1.134464,0,0,nan,nan,9594.4102,-164.54414,-0,-634.02938,0,-0.52308148,0,0,0,0,0,0,0
82.3,7109.2115,0,-1710.2335,133.78333,0,37.320549,0,-0.10383134,0,0,0.0038219355,0,-0.26179939,0,0,1,-0.26179939,0,-0,1,0,0,0.17414229,0,0.40760397,136.00405,1710.2335,60,0,1.134464,0,0,nan,nan,9583.2371,-164.35252,-0,-633.33186,0,-0.52216311,0,0,0,0,0,0,0
82.35,7115.8988,0,-1708.3686,133.7018,0,37.271781,0,-0.1036422,0,0,0.003740417,0,-0.26179939,0,0,1,-0.26179939,0,-0,1,0,0,0.17415098,0,0.40732002,135.91228,1708.3686,60,0,1.134464,0,0,nan,nan,9572.0895,-164.16133,-0,-632.63592,0,-0.52123403,0,0,0,0,0,0,0
82.4,7122.5819,0,-1706.5062,133.62028,0,37.223622,0,-0.10345713,0,0,0.0036590445,0,-0.26179939,0,0,1,-0.26179939,0,-0,1,0,0,0.17415967,0,0.4070366,135.82067,1706.5062,60,0,1.134464,0,0,nan,nan,9560.9674,-163.97059,-0,-631.94155,0,-0.52029425,0,0,0,0,0,0,0
82.45,7129.2609,0,-1704.6461,133.53875,0,37.176069,0,-0.10327613,0,0,0.0035778197,0,-0.26179939,0,0,1,-0.26179939,0,-0,1,0,0,0.17416835,0,0.40675371,135.72924,1704.6461,60,0,1.134464,0,0,nan,nan,9549.8712,-163.78029,-0,-631.24877,0,-0.5193438,0,0,0,0,0,0,0
82.5,7135.9359,0,-1702.7885,133.45723,0,37.129121,0,-0.10309918,0,0,0.0034967442,0,-0.26179939,0,0,1,-0.26179939,0,-0,1,0,0,0.17417703,0,0.40647136,135.63797,1702.7885,60,0,1.134464,0,0,nan,nan,9538.801,-163.59044,-0,-630.55759,0,-0.5183827,0,0,0,0,0,0,0
82.55,7142.6068,0,-1700.9331,133.37571,0,37.082776,0,-0.10292629,0,0,0.0034158196,0,-0.26179939,0,0,1,-0.26179939,0,-0,1,0,0,0.17418571,0,0.40618955,135.54688,1700.9331,60,0,1.134464,0,0,nan,nan,9527.757,-163.40103,-0,-629.86802,0,-0.51741095,0,0,0,0,0,0,0
82.6,7149.2737,0,-1699.0801,133.29419,0,37.037033,0,-0.10275744,0,0,0.0033350477,0,-0.26179939,0,0,1,-0.26179939,0,-0,1,0,0,0.17419437,0,0.40590828,135.45597,1699.0801,60,0,1.134464,0,0,nan,nan,9516.7393,-163.21208,-0,-629.18008,0,-0.51642859,0,0,0,0,0,0,0
82.65,7155.9364,0,-1697.2293,133.21269,0,36.991889,0,-0.10259262,0,0,0.0032544301,0,-0.26179939,0,0,1,-0.26179939,0,-0,1,0,0,0.17420304,0,0.40562756,135.36522,1697.2293,60,0,1.134464,0,0,nan,nan,9505.7483,-163.02358,-0,-628.49377,0,-0.51543564,0,0,0,0,0,0,0
82.7,7162.5951,0,-1695.3808,133.13119,0,36.947343,0,-0.10243183,0,0,0.0031739684,0,-0.26179939,0,0,1,-0.26179939,0,-0,1,0,0,0.17421169,0,0.4053474,135.27466,1695.3808,60,0,1.134464,0,0,nan,nan,9494.7839,-162.83554,-0,-627.80911,0,-0.5144321,0,0,0,0,0,0,0
82.75,7169.2497,0,-1693.5345,133.04971,0,36.903393,0,-0.10227506,0,0,0.0030936643,0,-0.26179939,0,0,1,-0.26179939,0,-0,1,0,0,0.17422034,0,0.40506779,135.18427,1693.5345,60,0,1.134464,0,0,nan,nan,9483.8466,-162.64797,-0,-627.12612,0,-0.51341801,0,0,0,0,0,0,0
82.8,7175.9002,0,-1691.6903,132.96824,0,36.860038,0,-0.1021223,0,0,0.0030135194,0,-0.26179939,0,0,1,-0.26179939,0,-0,1,0,0,0.17422899,0,0.40478874,135.09406,1691.6903,60,0,1.134464,0,0,nan,nan,9472.9363,-162.46086,-0,-626.44479,0,-0.51239339,0,0,0,0,0,0,0
82.85,7182.5467,0,-1689.8484,132.88679,0,36.817275,0,-0.10197355,0,0,0.0029335355,0,-0.26179939,0,0,1,-0.26179939,0,-0,1,0,0,0.17423762,0,0.40451026,135.00404,1689.8484,60,0,1.134464,0,0,nan,nan,9462.0534,-162.27422,-0,-625.76515,0,-0.51135824,0,0,0,0,0,0,0
82.9,7189.1891,0,-1688.0085,132.80536,0,36.775103,0,-0.10182879,0,0,0.002853714,0,-0.26179939,0,0,1,-0.26179939,0,-0,1,0,0,0.17424625,0,0.40423234,134.91419,1688.0085,60,0,1.134464,0,0,nan,nan,9451.1979,-162.08804,-0,-625.0872,0,-0.51031261,0,0,0,0,0,0,0
82.95,7195.8274,0,-1686.1708,132.72395,0,36.73352,0,-0.10168801,0,0,0.0027740568,0,-0.26179939,0,0,1,-0.26179939,0,-0,1,0,0,0.17425488,0,0.40395499,134.82453,1686.1708,60,0,1.134464,0,0,nan,nan,9440.3702,-161.90235,-0,-624.41095,0,-0.50925651,0,0,0,0,0,0,0
83,7202.4616,0,-1684.3351,132.64256,0,36.692524,0,-0.10155122,0,0,0.0026945653,0,-0.26179939,0,0,1,-0.26179939,0,-0,1,0,0,0.17426349,0,0.40367822,134.73505,1684.3351,60,0,1.134464,0,0,nan,nan,9429.5702,-161.71713,-0,-623.73642,0,-0.50818996,0,0,0,0,0,0,0
83.05,7209.0918,0,-1682.5014,132.56119,0,36.652113,0,-0.10141839,0,0,0.0026152412,0,-0.26179939,0,0,1,-0.26179939,0,-0,1,0,0,0.1742721,0,0.40340202,134.64576,1682.5014,60,0,1.134464,0,0,nan,nan,9418.7983,-161.53239,-0,-623.06362,0,-0.50711298,0,0,0,0,0,0,0
83.1,7215.7179,0,-1680.6698,132.47986,0,36.612287,0,-0.10128953,0,0,0.0025360863,0,-0.26179939,0,0,1,-0.26179939,0,-0,1,0,0,0.1742807,0,0.4031264,134.55665,1680.6698,60,0,1.134464,0,0,nan,nan,9408.0545,-161.34813,-0,-622.39256,0,-0.5060256,0,0,0,0,0,0,0
83.15,7222.34,0,-1678.8401,132.39855,0,36.573042,0,-0.10116463,0,0,0.002457102,0,-0.26179939,0,0,1,-0.26179939,0,-0,1,0,0,0.17428929,0,0.40285137,134.46773,1678.8401,60,0,1.134464,0,0,nan,nan,9397.3391,-161.16437,-0,-621.72324,0,-0.50492784,0,0,0,0,0,0,0
83.2,7228.9579,0,-1677.0124,132.31727,0,36.534376,0,-0.10104366,0,0,0.00237829,0,-0.26179939,0,0,1,-0.26179939,0,-0,1,0,0,0.17429788,0,0.40257693,134.37901,1677.0124,60,0,1.134464,0,0,nan,nan,9386.6522,-160.98109,-0,-621.05569,0,-0.50381972,0,0,0,0,0,0,0
83.25,7235.5718,0,-1675.1866,132.23603,0,36.496289,0,-0.10092664,0,0,0.0022996519,0,-0.26179939,0,0,1,-0.26179939,0,-0,1,0,0,0.17430645,0,0.40230308,134.29047,1675.1866,60,0,1.134464,0,0,nan,nan,9375.994,-160.7983,-0,-620.3899,0,-0.50270127,0,0,0,0,0,0,0
83.3,7242.1817,0,-1673.3627,132.15482,0,36.458779,0,-0.10081354,0,0,0.0022211893,0,-0.26179939,0,0,1,-0.26179939,0,-0,1,0,0,0.17431502,0,0.40202982,134.20212,1673.3627,60,0,1.134464,0,0,nan,nan,9365.3647,-160.616,-0,-619.72589,0,-0.50157252,0,0,0,0,0,0,0
83.35,7248.7875,0,-1671.5406,132.07364,0,36.421842,0,-0.10070436,0,0,0.0021429039,0,-0.26179939,0,0,1,-0.26179939,0,-0,1,0,0,0.17432358,0,0.40175716,134.11397,1671.5406,60,0,1.134464,0,0,nan,nan,9354.7644,-160.43421,-0,-619.06368,0,-0.50043348,0,0,0,0,0,0,0
83.4,7255.3892,0,-1669.7204,131.99251,0,36.385478,0,-0.10059909,0,0,0.0020647972,0,-0.26179939,0,0,1,-0.26179939,0,-0,1,0,0,0.17433213,0,0.4014851,134.02601,1669.7204,60,0,1.134464,0,0,nan,nan,9344.1933,-160.25291,-0,-618.40326,0,-0.49928418,0,0,0,0,0,0,0
83.45,7261.9869,0,-1667.902,131.91141,0,36.349685,0,-0.10049772,0,0,0.0019868709,0,-0.26179939,0,0,1,-0.26179939,0,-0,1,0,0,0.17434067,0,0.40121365,133.93824,1667.902,60,0,1.134464,0,0,nan,nan,9333.6515,-160.07212,-0,-617.74466,0,-0.49812466,0,0,0,0,0,0,0
83.5,7268.5805,0,-1666.0854,131.83036,0,36.314461,0,-0.10040024,0,0,0.0019091265,0,-0.26179939,0,0,1,-0.26179939,0,-0,1,0,0,0.1743492,0,0.4009428,133.85067,1666.0854,60,0,1.134464,0,0,nan,nan,9323.1393,-159.89184,-0,-617.08788,0,-0.49695492,0,0,0,0,0,0,0
83.55,7275.1701,0,-1664.2705,131.74935,0,36.279803,0,-0.10030665,0,0,0.0018315657,0,-0.26179939,0,0,1,-0.26179939,0,-0,1,0,0,0.17435772,0,0.40067257,133.7633,1664.2705,60,0,1.134464,0,0,nan,nan,9312.6567,-159.71206,-0,-616.43292,0,-0.49577501,0,0,0,0,0,0,0
83.6,7281.7556,0,-1662.4573,131.66839,0,36.245711,0,-0.10021693,0,0,0.00175419,0,-0.26179939,0,0,1,-0.26179939,0,-0,1,0,0,0.17436623,0,0.40040295,133.67613,1662.4573,60,0,1.134464,0,0,nan,nan,9302.2039,-159.5328,-0,-615.77981,0,-0.49458494,0,0,0,0,0,0,0
83.65,7288.3371,0,-1660.6458,131.58748,0,36.212181,0,-0.10013107,0,0,0.001677001,0,-0.26179939,0,0,1,-0.26179939,0,-0,1,0,0,0.17437473,0,0.40013395,133.58915,1660.6458,60,0,1.134464,0,0,nan,nan,9291.7811,-159.35405,-0,-615.12855,0,-0.49338475,0,0,0,0,0,0,0
83.7,7294.9145,0,-1658.836,131.50662,0,36.179213,0,-0.10004907,0,0,0.0016000002,0,-0.26179939,0,0,1,-0.26179939,0,-0,1,0,0,0.17438321,0,0.39986557,133.50238,1658.836,60,0,1.134464,0,0,nan,nan,9281.3885,-159.17581,-0,-614.47915,0,-0.49217446,0,0,0,0,0,0,0
83.75,7301.4879,0,-1657.0278,131.4258,0,36.146804,0,-0.099970914,0,0,0.0015231894,0,-0.26179939,0,0,1,-0.26179939,0,-0,1,0,0,0.17439169,0,0.39959781,133.41581,1657.0278,60,0,1.134464,0,0,nan,nan,9271.0261,-158.9981,-0,-613.83162,0,-0.4909541,0,0,0,0,0,0,0
83.8,7308.0573,0,-1655.2213,131.34505,0,36.114953,0,-0.099896594,0,0,0.0014465699,0,-0.26179939,0,0,1,-0.26179939,0,-0,1,0,0,0.17440016,0,0.39933068,133.32944,1655.2213,60,0,1.134464,0,0,nan,nan,9260.6942,-158.82091,-0,-613.18597,0,-0.4897237,0,0,0,0,0,0,0
83.85,7314.6226,0,-1653.4163,131.26434,0,36.083657,0,-0.0998261,0,0,0.0013701435,0,-0.26179939,0,0,1,-0.26179939,0,-0,1,0,0,0.17440862,0,0.39906418,133.24328,1653.4163,60,0,1.134464,0,0,nan,nan,9250.3928,-158.64424,-0,-612.54221,0,-0.48848328,0,0,0,0,0,0,0
83.9,7321.1839,0,-1651.6128,131.1837,0,36.052914,0,-0.099759424,0,0,0.0012939117,0,-0.26179939,0,0,1,-0.26179939,0,-0,1,0,0,0.17441706,0,0.39879832,133.15732,1651.6128,60,0,1.134464,0,0,nan,nan,9240.1222,-158.4681,-0,-611.90034,0,-0.48723288,0,0,0,0,0,0,0
83.95,7327.7411,0,-1649.8109,131.10311,0,36.022723,0,-0.099696554,0,0,0.0012178759,0,-0.26179939,0,0,1,-0.26179939,0,-0,1,0,0,0.17442549,0,0.39853309,133.07157,1649.8109,60,0,1.134464,0,0,nan,nan,9229.8825,-158.29249,-0,-611.26038,0,-0.48597252,0,0,0,0,0,0,0
84,7334.2943,0,-1648.0105,131.02258,0,35.993082,0,-0.099637481,0,0,0.0011420379,0,-0.26179939,0,0,1,-0.26179939,0,-0,1,0,0,0.17443391,0,0.3982685,132.98603,1648.0105,60,0,1.134464,0,0,nan,nan,9219.6738,-158.11741,-0,-610.62234,0,-0.48470224,0,0,0,0,0,0,0
84.05,7340.8435,0,-1646.2115,130.94212,0,35.963988,0,-0.099582195,0,0,0.001066399,0,-0.26179939,0,0,1,-0.26179939,0,-0,1,0,0,0.17444232,0,0.39800456,132.90069,1646.2115,60,0,1.134464,0,0,nan,nan,9209.4963,-157.94286,-0,-609.98622,0,-0.48342206,0,0,0,0,0,0,0
84.1,7347.3887,0,-1644.414,130.86172,0,35.93544,0,-0.099530687,0,0,0.00099096094,0,-0.26179939,0,0,1,-0.26179939,0,-0,1,0,0,0.17445072,0,0.39774126,132.81557,1644.414,60,0,1.134464,0,0,nan,nan,9199.35,-157.76885,-0,-609.35204,0,-0.48213202,0,0,0,0,0,0,0
84.15,7353.9299,0,-1642.6179,130.78139,0,35.907436,0,-0.099482945,0,0,0.00091572518,0,-0.26179939,0,0,1,-0.26179939,0,-0,1,0,0,0.1744591,0,0.39747861,132.73065,1642.6179,60,0,1.134464,0,0,nan,nan,9189.2353,-157.59538,-0,-608.7198,0,-0.48083214,0,0,0,0,0,0,0
84.2,7360.467,0,-1640.8232,130.70112,0,35.879974,0,-0.09943896,0,0,0.00084069325,0,-0.26179939,0,0,1,-0.26179939,0,-0,1,0,0,0.17446747,0,0.39721661,132.64595,1640.8232,60,0,1.134464,0,0,nan,nan,9179.1521,-157.42246,-0,-608.08951,0,-0.47952246,0,0,0,0,0,0,0
84.25,7367.0002,0,-1639.0299,130.62092,0,35.853051,0,-0.099398722,0,0,0.0007658667,0,-0.26179939,0,0,1,-0.26179939,0,-0,1,0,0,0.17447583,0,0.39695527,132.56146,1639.0299,60,0,1.134464,0,0,nan,nan,9169.1006,-157.25008,-0,-607.46118,0,-0.47820301,0,0,0,0,0,0,0
84.3,7373.5293,0,-1637.2378,130.5408,0,35.826666,0,-0.099362221,0,0,0.00069124704,0,-0.26179939,0,0,1,-0.26179939,0,-0,1,0,0,0.17448417,0,0.39669458,132.47719,1637.2378,60,0,1.134464,0,0,nan,nan,9159.081,-157.07824,-0,-606.83482,0,-0.47687383,0,0,0,0,0,0,0
84.35,7380.0544,0,-1635.4471,130.46074,0,35.800817,0,-0.099329445,0,0,0.0006168358,0,-0.26179939,0,0,1,-0.26179939,0,-0,1,0,0,0.1744925,0,0.39643456,132.39313,1635.4471,60,0,1.134464,0,0,nan,nan,9149.0934,-156.90695,-0,-606.21043,0,-0.47553494,0,0,0,0,0,0,0
84.4,7386.5755,0,-1633.6577,130.38076,0,35.775502,0,-0.099300385,0,0,0.00054263448,0,-0.26179939,0,0,1,-0.26179939,0,-0,1,0,0,0.17450082,0,0.3961752,132.30928,1633.6577,60,0,1.134464,0,0,nan,nan,9139.1379,-156.73621,-0,-605.58803,0,-0.47418637,0,0,0,0,0,0,0
84.45,7393.0926,0,-1631.8695,130.30086,0,35.750719,0,-0.09927503,0,0,0.0004686446,0,-0.26179939,0,0,1,-0.26179939,0,-0,1,0,0,0.17450912,0,0.3959165,132.22565,1631.8695,60,0,1.134464,0,0,nan,nan,9129.2147,-156.56603,-0,-604.96763,0,-0.47282817,0,0,0,0,0,0,0
84.5,7399.6058,0,-1630.0826,130.22104,0,35.726466,0,-0.099253369,0,0,0.00039486766,0,-0.26179939,0,0,1,-0.26179939,0,-0,1,0,0,0.17451741,0,0.39565848,132.14224,1630.0826,60,0,1.134464,0,0,nan,nan,9119.3238,-156.3964,-0,-604.34922,0,-0.47146036,0,0,0,0,0,0,0
84.55,7406.1149,0,-1628.2968,130.14129,0,35.70274,0,-0.099235392,0,0,0.00032130516,0,-0.26179939,0,0,1,-0.26179939,0,-0,1,0,0,0.17452568,0,0.39540113,132.05905,1628.2968,60,0,1.134464,0,0,nan,nan,9109.4655,-156.22733,-0,-603.73283,0,-0.47008298,0,0,0,0,0,0,0
84.6,7412.6201,0,-1626.5122,130.06162,0,35.679541,0,-0.099221088,0,0,0.00024795858,0,-0.26179939,0,0,1,-0.26179939,0,-0,1,0,0,0.17453394,0,0.39514445,131.97608,1626.5122,60,0,1.134464,0,0,nan,nan,9099.6398,-156.05882,-0,-603.11845,0,-0.46869607,0,0,0,0,0,0,0
84.65,7419.1212,0,-1624.7288,129.98204,0,35.656865,0,-0.099210446,0,0,0.00017482943,0,-0.26179939,0,0,1,-0.26179939,0,-0,1,0,0,0.17454219,0,0.39488845,131.89333,1624.7288,60,0,1.134464,0,0,nan,nan,9089.8469,-155.89087,-0,-602.5061,0,-0.46729966,0,0,0,0,0,0,0
84.7,7425.6184,0,-1622.9465,129.90254,0,35.634711,0,-0.099203456,0,0,0.00010191918,0,-0.26179939,0,0,1,-0.26179939,0,-0,1,0,0,0.17455041,0,0.39463313,131.8108,1622.9465,60,0,1.134464,0,0,nan,nan,9080.0868,-155.72349,-0,-601.89578,0,-0.46589378,0,0,0,0,0,0,0
84.75,7432.1116,0,-1621.1653,129.82313,0,35.613076,0,-0.099200105,0,0,2.9229301e-05,0,-0.26179939,0,0,1,-0.26179939,0,-0,1,0,0,0.17455863,0,0.3943785,131.7285,1621.1653,60,0,1.134464,0,0,nan,nan,9070.3598,-155.55667,-0,-601.2875,0,-0.46447847,0,0,0,0,0,0,0
84.8,7438.6009,0,-1619.3851,129.7438,0,35.59196,0,-0.099200384,0,0,-4.323873e-05,0,-0.26179939,0,0,1,-0.26179939,0,-0,1,0,0,0.17456682,0,0.39412455,131.64642,1619.3851,60,0,1.134464,0,0,nan,nan,9060.666,-155.39042,-0,-600.68128,0,-0.46305377,0,0,0,0,0,0,0
84.85,7445.0862,0,-1617.606,129.66457,0,35.571359,0,-0.099204281,0,0,-0.00011548345,0,-0.26179939,0,0,1,-0.26179939,0,-0,1,0,0,0.174575,0,0.39387129,131.56456,1617.606,60,0,1.134464,0,0,nan,nan,9051.0053,-155.22474,-0,-600.0771,0,-0.46161972,0,0,0,0,0,0,0
84.9,7451.5675,0,-1615.8279,129.58542,0,35.551272,0,-0.099211784,0,0,-0.0001875034,0,-0.26179939,0,0,1,-0.26179939,0,-0,1,0,0,0.17458317,0,0.39361872,131.48293,1615.8279,60,0,1.134464,0,0,nan,nan,9041.3781,-155.05963,-0,-599.47499,0,-0.46017635,0,0,0,0,0,0,0
84.95,7458.0449,0,-1614.0509,129.50636,0,35.531696,0,-0.099222883,0,0,-0.00025929712,0,-0.26179939,0,0,1,-0.26179939,0,-0,1,0,0,0.17459132,0,0.39336684,131.40153,1614.0509,60,0,1.134464,0,0,nan,nan,9031.7843,-154.8951,-0,-598.87495,0,-0.45872369,0,0,0,0,0,0,0
85,7464.5183,0,-1612.2747,129.4274,0,35.51263,0,-0.099237567,0,0,-0.00033086318,0,-0.26179939,0,0,1,-0.26179939,0,-0,1,0,0,0.17459945,0,0.39311566,131.32035,1612.2747,60,0,1.134464,0,0,nan,nan,9022.2241,-154.73114,-0,-598.27699,0,-0.4572618,0,0,0,0,0,0,0
85.05,7470.9878,0,-1610.4995,129.34853,0,35.494072,0,-0.099255823,0,0,-0.00040220012,0,-0.26179939,0,0,1,-0.26179939,0,-0,1,0,0,0.17460756,0,0.39286518,131.2394,1610.4995,60,0,1.134464,0,0,nan,nan,9012.6977,-154.56777,-0,-597.68111,0,-0.4557907,0,0,0,0,0,0,0
85.1,7477.4533,0,-1608.7253,129.26976,0,35.476019,0,-0.09927764,0,0,-0.00047330652,0,-0.26179939,0,0,1,-0.26179939,0,-0,1,0,0,0.17461566,0,0.3926154,131.15869,1608.7253,60,0,1.134464,0,0,nan,nan,9003.2051,-154.40497,-0,-597.08733,0,-0.45431044,0,0,0,0,0,0,0
85.15,7483.9149,0,-1606.9519,129.19109,0,35.458469,0,-0.099303008,0,0,-0.00054418094,0,-0.26179939,0,0,1,-0.26179939,0,-0,1,0,0,0.17462374,0,0.39236633,131.0782,1606.9519,60,0,1.134464,0,0,nan,nan,8993.7464,-154.24275,-0,-596.49564,0,-0.45282105,0,0,0,0,0,0,0
85.2,7490.3726,0,-1605.1794,129.11252,0,35.441421,0,-0.099331913,0,0,-0.00061482196,0,-0.26179939,0,0,1,-0.26179939,0,-0,1,0,0,0.1746318,0,0.39211796,130.99794,1605.1794,60,0,1.134464,0,0,nan,nan,8984.3218,-154.08112,-0,-595.90606,0,-0.45132258,0,0,0,0,0,0,0
85.25,7496.8263,0,-1603.4077,129.03404,0,35.424872,0,-0.099364345,0,0,-0.00068522817,0,-0.26179939,0,0,1,-0.26179939,0,-0,1,0,0,0.17463985,0,0.39187031,130.91792,1603.4077,60,0,1.134464,0,0,nan,nan,8974.9313,-153.92007,-0,-595.31859,0,-0.44981506,0,0,0,0,0,0,0
85.3,7503.2761,0,-1601.6369,128.95567,0,35.40882,0,-0.099400291,0,0,-0.00075539815,0,-0.26179939,0,0,1,-0.26179939,0,-0,1,0,0,0.17464787,0,0.39162336,130.83813,1601.6369,60,0,1.134464,0,0,nan,nan,8965.5751,-153.75961,-0,-594.73325,0,-0.44829855,0,0,0,0,0,0,0
85.35,7509.722,0,-1599.8668,128.8774,0,35.393263,0,-0.099439741,0,0,-0.0008253305,0,-0.26179939,0,0,1,-0.26179939,0,-0,1,0,0,0.17465588,0,0.39137713,130.75857,1599.8668,60,0,1.134464,0,0,nan,nan,8956.2532,-153.59974,-0,-594.15002,0,-0.44677306,0,0,0,0,0,0,0
85.4,7516.164,0,-1598.0975,128.79924,0,35.378199,0,-0.099482681,0,0,-0.00089502383,0,-0.26179939,0,0,1,-0.26179939,0,-0,1,0,0,0.17466387,0,0.39113161,130.67925,1598.0975,60,0,1.134464,0,0,nan,nan,8946.9659,-153.44046,-0,-593.56893,0,-0.44523866,0,0,0,0,0,0,0
85.45,7522.6021,0,-1596.3289,128.72118,0,35.363626,0,-0.0995291,0,0,-0.00096447674,0,-0.26179939,0,0,1,-0.26179939,0,-0,1,0,0,0.17467184,0,0.39088682,130.60016,1596.3289,60,0,1.134464,0,0,nan,nan,8937.7131,-153.28178,-0,-592.98998,0,-0.44369538,0,0,0,0,0,0,0
85.5,7529.0363,0,-1594.5611,128.64323,0,35.349543,0,-0.099578986,0,0,-0.0010336878,0,-0.26179939,0,0,1,-0.26179939,0,-0,1,0,0,0.17467979,0,0.39064274,130.52131,1594.5611,60,0,1.134464,0,0,nan,nan,8928.495,-153.12369,-0,-592.41318,0,-0.44214327,0,0,0,0,0,0,0
85.55,7535.4666,0,-1592.7939,128.5654,0,35.335945,0,-0.099632327,0,0,-0.0011026558,0,-0.26179939,0,0,1,-0.26179939,0,-0,1,0,0,0.17468773,0,0.39039939,130.4427,1592.7939,60,0,1.134464,0,0,nan,nan,8919.3116,-152.96619,-0,-591.83852,0,-0.44058236,0,0,0,0,0,0,0
85.6,7541.893,0,-1591.0275,128.48767,0,35.322833,0,-0.09968911,0,0,-0.0011713792,0,-0.26179939,0,0,1,-0.26179939,0,-0,1,0,0,0.17469564,0,0.39015677,130.36432,1591.0275,60,0,1.134464,0,0,nan,nan,8910.1632,-152.8093,-0,-591.26602,0,-0.43901271,0,0,0,0,0,0,0
85.65,7548.3155,0,-1589.2616,128.41005,0,35.310203,0,-0.099749323,0,0,-0.0012398566,0,-0.26179939,0,0,1,-0.26179939,0,-0,1,0,0,0.17470353,0,0.38991487,130.28619,1589.2616,60,0,1.134464,0,0,nan,nan,8901.0497,-152.653,-0,-590.69569,0,-0.43743435,0,0,0,0,0,0,0
85.7,7554.7342,0,-1587.4964,128.33254,0,35.298054,0,-0.099812955,0,0,-0.0013080868,0,-0.26179939,0,0,1,-0.26179939,0,-0,1,0,0,0.1747114,0,0.3896737,130.20829,1587.4964,60,0,1.134464,0,0,nan,nan,8891.9713,-152.49731,-0,-590.12752,0,-0.43584732,0,0,0,0,0,0,0
85.75,7561.1489,0,-1585.7318,128.25516,0,35.286382,0,-0.099879991,0,0,-0.0013760684,0,-0.26179939,0,0,1,-0.26179939,0,-0,1,0,0,0.17471926,0,0.38943327,130.13064,1585.7318,60,0,1.134464,0,0,nan,nan,8882.928,-152.34222,-0,-589.56153,0,-0.43425169,0,0,0,0,0,0,0
85.8,7567.5598,0,-1583.9677,128.17788,0,35.275188,0,-0.099950421,0,0,-0.0014438,0,-0.26179939,0,0,1,-0.26179939,0,-0,1,0,0,0.17472709,0,0.38919357,130.05322,1583.9677,60,0,1.134464,0,0,nan,nan,8873.92,-152.18773,-0,-588.99773,0,-0.43264748,0,0,0,0,0,0,0
85.85,7573.9669,0,-1582.2042,128.10072,0,35.264467,0,-0.10002423,0,0,-0.0015112804,0,-0.26179939,0,0,1,-0.26179939,0,-0,1,0,0,0.1747349,0,0.38895461,129.97605,1582.2042,60,0,1.134464,0,0,nan,nan,8864.9473,-152.03385,-0,-588.43611,0,-0.43103475,0,0,0,0,0,0,0
85.9,7580.3701,0,-1580.4413,128.02369,0,35.254218,0,-0.10010141,0,0,-0.0015785081,0,-0.26179939,0,0,1,-0.26179939,0,-0,1,0,0,0.17474269,0,0.38871639,129.89912,1580.4413,60,0,1.134464,0,0,nan,nan,8856.0101,-151.88057,-0,-587.87668,0,-0.42941354,0,0,0,0,0,0,0
85.95,7586.7694,0,-1578.6788,127.94677,0,35.24444,0,-0.10018194,0,0,-0.0016454818,0,-0.26179939,0,0,1,-0.26179939,0,-0,1,0,0,0.17475046,0,0.38847891,129.82244,1578.6788,60,0,1.134464,0,0,nan,nan,8847.1084,-151.72791,-0,-587.31945,0,-0.4277839,0,0,0,0,0,0,0
86,7593.1649,0,-1576.9168,127.86997,0,35.235129,0,-0.10026582,0,0,-0.0017122003,0,-0.26179939,0,0,1,-0.26179939,0,-0,1,0,0,0.17475821,0,0.38824218,129.746,1576.9168,60,0,1.134464,0,0,nan,nan,8838.2423,-151.57586,-0,-586.76442,0,-0.42614588,0,0,0,0,0,0,0
86.05,7599.5566,0,-1575.1553,127.7933,0,35.226284,0,-0.10035303,0,0,-0.0017786622,0,-0.26179939,0,0,1,-0.26179939,0,-0,1,0,0,0.17476593,0,0.38800619,129.6698,1575.1553,60,0,1.134464,0,0,nan,nan,8829.4119,-151.42441,-0,-586.21161,0,-0.42449951,0,0,0,0,0,0,0
86.1,7605.9444,0,-1573.3941,127.71674,0,35.217902,0,-0.10044355,0,0,-0.0018448663,0,-0.26179939,0,0,1,-0.26179939,0,-0,1,0,0,0.17477364,0,0.38777095,129.59385,1573.3941,60,0,1.134464,0,0,nan,nan,8820.6173,-151.27359,-0,-585.661,0,-0.42284486,0,0,0,0,0,0,0
86.15,7612.3284,0,-1571.6334,127.64032,0,35.209982,0,-0.10053738,0,0,-0.0019108112,0,-0.26179939,0,0,1,-0.26179939,0,-0,1,0,0,0.17478132,0,0.38753646,129.51815,1571.6334,60,0,1.134464,0,0,nan,nan,8811.8585,-151.12337,-0,-585.11262,0,-0.42118197,0,0,0,0,0,0,0
86.2,7618.7086,0,-1569.8731,127.56402,0,35.202521,0,-0.1006345,0,0,-0.0019764956,0,-0.26179939,0,0,1,-0.26179939,0,-0,1,0,0,0.17478898,0,0.38730272,129.4427,1569.8731,60,0,1.134464,0,0,nan,nan,8803.1357,-150.97378,-0,-584.56646,0,-0.41951089,0,0,0,0,0,0,0
86.25,7625.085,0,-1568.1132,127.48784,0,35.195517,0,-0.10073489,0,0,-0.0020419184,0,-0.26179939,0,0,1,-0.26179939,0,-0,1,0,0,0.17479662,0,0.38706973,129.36749,1568.1132,60,0,1.134464,0,0,nan,nan,8794.449,-150.8248,-0,-584.02253,0,-0.41783167,0,0,0,0,0,0,0
86.3,7631.4575,0,-1566.3536,127.4118,0,35.188969,0,-0.10083855,0,0,-0.0021070781,0,-0.26179939,0,0,1,-0.26179939,0,-0,1,0,0,0.17480423,0,0.3868375,129.29253,1566.3536,60,0,1.134464,0,0,nan,nan,8785.7983,-150.67644,-0,-583.48084,0,-0.41614435,0,0,0,0,0,0,0
86.35,7637.8263,0,-1564.5943,127.33588,0,35.182873,0,-0.10094546,0,0,-0.0021719737,0,-0.26179939,0,0,1,-0.26179939,0,-0,1,0,0,0.17481182,0,0.38660603,129.21783,1564.5943,60,0,1.134464,0,0,nan,nan,8777.1838,-150.5287,-0,-582.94139,0,-0.41444899,0,0,0,0,0,0,0
86.4,7644.1913,0,-1562.8352,127.2601,0,35.177228,0,-0.10105562,0,0,-0.0022366037,0,-0.26179939,0,0,1,-0.26179939,0,-0,1,0,0,0.17481939,0,0.38637532,129.14337,1562.8352,60,0,1.134464,0,0,nan,nan,8768.6056,-150.38159,-0,-582.40418,0,-0.41274564,0,0,0,0,0,0,0
86.45,7650.5525,0,-1561.0765,127.18445,0,35.172032,0,-0.10116899,0,0,-0.0023009669,0,-0.26179939,0,0,1,-0.26179939,0,-0,1,0,0,0.17482694,0,0.38614537,129.06916,1561.0765,60,0,1.134464,0,0,nan,nan,8760.0638,-150.23509,-0,-581.86922,0,-0.41103436,0,0,0,0,0,0,0
86.5,7656.9099,0,-1559.318,127.10893,0,35.167282,0,-0.10128558,0,0,-0.0023650622,0,-0.26179939,0,0,1,-0.26179939,0,-0,1,0,0,0.17483446,0,0.38591619,128.99521,1559.318,60,0,1.134464,0,0,nan,nan,8751.5583,-150.08923,-0,-581.33652,0,-0.40931518,0,0,0,0,0,0,0
86.55,7663.2635,0,-1557.5598,127.03354,0,35.162977,0,-0.10140537,0,0,-0.0024288883,0,-0.26179939,0,0,1,-0.26179939,0,-0,1,0,0,0.17484195,0,0.38568777,128.92151,1557.5598,60,0,1.134464,0,0,nan,nan,8743.0894,-149.94398,-0,-580.80607,0,-0.40758817,0,0,0,0,0,0,0
86.6,7669.6134,0,-1555.8017,126.95829,0,35.159113,0,-0.10152834,0,0,-0.0024924439,0,-0.26179939,0,0,1,-0.26179939,0,-0,1,0,0,0.17484943,0,0.38546012,128.84806,1555.8017,60,0,1.134464,0,0,nan,nan,8734.657,-149.79937,-0,-580.27789,0,-0.40585337,0,0,0,0,0,0,0
86.65,7675.9595,0,-1554.0438,126.88318,0,35.15569,0,-0.10165448,0,0,-0.0025557279,0,-0.26179939,0,0,1,-0.26179939,0,-0,1,0,0,0.17485688,0,0.38523324,128.77486,1554.0438,60,0,1.134464,0,0,nan,nan,8726.2612,-149.65538,-0,-579.75197,0,-0.40411085,0,0,0,0,0,0,0
86.7,7682.3018,0,-1552.2861,126.8082,0,35.152705,0,-0.10178378,0,0,-0.0026187391,0,-0.26179939,0,0,1,-0.26179939,0,-0,1,0,0,0.1748643,0,0.38500713,128.70192,1552.2861,60,0,1.134464,0,0,nan,nan,8717.9021,-149.51202,-0,-579.22833,0,-0.40236064,0,0,0,0,0,0,0
86.75,7688.6405,0,-1550.5286,126.73337,0,35.150156,0,-0.10191622,0,0,-0.0026814762,0,-0.26179939,0,0,1,-0.26179939,0,-0,1,0,0,0.1748717,0,0.38478179,128.62923,1550.5286,60,0,1.134464,0,0,nan,nan,8709.5798,-149.36929,-0,-578.70696,0,-0.40060282,0,0,0,0,0,0,0
86.8,7694.9753,0,-1548.7711,126.65867,0,35.14804,0,-0.1020518,0,0,-0.0027439381,0,-0.26179939,0,0,1,-0.26179939,0,-0,1,0,0,0.17487907,0,0.38455723,128.5568,1548.7711,60,0,1.134464,0,0,nan,nan,8701.2943,-149.2272,-0,-578.18787,0,-0.39883742,0,0,0,0,0,0,0
86.85,7701.3065,0,-1547.0137,126.58412,0,35.146356,0,-0.10219049,0,0,-0.0028061235,0,-0.26179939,0,0,1,-0.26179939,0,-0,1,0,0,0.17488642,0,0.38433344,128.48463,1547.0137,60,0,1.134464,0,0,nan,nan,8693.0458,-149.08573,-0,-577.67107,0,-0.39706451,0,0,0,0,0,0,0
86.9,7707.6339,0,-1545.2565,126.5097,0,35.145101,0,-0.10233228,0,0,-0.0028680314,0,-0.26179939,0,0,1,-0.26179939,0,-0,1,0,0,0.17489374,0,0.38411043,128.41271,1545.2565,60,0,1.134464,0,0,nan,nan,8684.8341,-148.94491,-0,-577.15656,0,-0.39528415,0,0,0,0,0,0,0
86.95,7713.9576,0,-1543.4992,126.43543,0,35.144274,0,-0.10247716,0,0,-0.0029296606,0,-0.26179939,0,0,1,-0.26179939,0,-0,1,0,0,0.17490104,0,0.3838882,128.34105,1543.4992,60,0,1.134464,0,0,nan,nan,8676.6596,-148.80471,-0,-576.64433,0,-0.39349638,0,0,0,0,0,0,0
87,7720.2776,0,-1541.742,126.36131,0,35.143871,0,-0.10262512,0,0,-0.0029910099,0,-0.26179939,0,0,1,-0.26179939,0,-0,1,0,0,0.17490831,0,0.38366676,128.26965,1541.742,60,0,1.134464,0,0,nan,nan,8668.5221,-148.66515,-0,-576.13441,0,-0.39170126,0,0,0,0,0,0,0
87.05,7726.5939,0,-1539.9848,126.28733,0,35.143891,0,-0.10277614,0,0,-0.0030520781,0,-0.26179939,0,0,1,-0.26179939,0,-0,1,0,0,0.17491556,0,0.38344609,128.19851,1539.9848,60,0,1.134464,0,0,nan,nan,8660.4217,-148.52623,-0,-575.62678,0,-0.38989885,0,0,0,0,0,0,0
87.1,7732.9065,0,-1538.2276,126.21349,0,35.144332,0,-0.1029302,0,0,-0.0031128642,0,-0.26179939,0,0,1,-0.26179939,0,-0,1,0,0,0.17492278,0,0.38322621,128.12763,1538.2276,60,0,1.134464,0,0,nan,nan,8652.3586,-148.38795,-0,-575.12146,0,-0.38808921,0,0,0,0,0,0,0
87.15,7739.2154,0,-1536.4704,126.1398,0,35.145192,0,-0.1030873,0,0,-0.0031733669,0,-0.26179939,0,0,1,-0.26179939,0,-0,1,0,0,0.17492997,0,0.38300712,128.057,1536.4704,60,0,1.134464,0,0,nan,nan,8644.3327,-148.25031,-0,-574.61845,0,-0.38627239,0,0,0,0,0,0,0
87.2,7745.5206,0,-1534.7131,126.06626,0,35.146468,0,-0.10324741,0,0,-0.0032335853,0,-0.26179939,0,0,1,-0.26179939,0,-0,1,0,0,0.17493714,0,0.38278881,127.98664,1534.7131,60,0,1.134464,0,0,nan,nan,8636.3442,-148.1133,-0,-574.11775,0,-0.38444846,0,0,0,0,0,0,0
87.25,7751.8221,0,-1532.9557,125.99288,0,35.148158,0,-0.10341053,0,0,-0.0032935181,0,-0.26179939,0,0,1,-0.26179939,0,-0,1,0,0,0.17494427,0,0.3825713,127.91654,1532.9557,60,0,1.134464,0,0,nan,nan,8628.393,-147.97694,-0,-573.61936,0,-0.38261746,0,0,0,0,0,0,0
87.3,7758.12,0,-1531.1983,125.91964,0,35.15026,0,-0.10357664,0,0,-0.0033531644,0,-0.26179939,0,0,1,-0.26179939,0,-0,1,0,0,0.17495139,0,0.38235457,127.8467,1531.1983,60,0,1.134464,0,0,nan,nan,8620.4793,-147.84122,-0,-573.12329,0,-0.38077947,0,0,0,0,0,0,0
87.35,7764.4143,0,-1529.4407,125.84655,0,35.152772,0,-0.10374572,0,0,-0.0034125229,0,-0.26179939,0,0,1,-0.26179939,0,-0,1,0,0,0.17495847,0,0.38213864,127.77712,1529.4407,60,0,1.134464,0,0,nan,nan,8612.603,-147.70614,-0,-572.62954,0,-0.37893453,0,0,0,0,0,0,0
87.4,7770.7048,0,-1527.683,125.77361,0,35.155692,0,-0.10391777,0,0,-0.0034715926,0,-0.26179939,0,0,1,-0.26179939,0,-0,1,0,0,0.17496553,0,0.3819235,127.7078,1527.683,60,0,1.134464,0,0,nan,nan,8604.7643,-147.57171,-0,-572.13812,0,-0.37708271,0,0,0,0,0,0,0
87.45,7776.9918,0,-1525.9251,125.70083,0,35.159018,0,-0.10409276,0,0,-0.0035303725,0,-0.26179939,0,0,1,-0.26179939,0,-0,1,0,0,0.17497255,0,0.38170916,127.63875,1525.9251,60,0,1.134464,0,0,nan,nan,8596.9632,-147.43792,-0,-571.64902,0,-0.37522407,0,0,0,0,0,0,0
87.5,7783.2751,0,-1524.1671,125.6282,0,35.162747,0,-0.10427068,0,0,-0.0035888614,0,-0.26179939,0,0,1,-0.26179939,0,-0,1,0,0,0.17497955,0,0.38149561,127.56996,1524.1671,60,0,1.134464,0,0,nan,nan,8589.1997,-147.30478,-0,-571.16226,0,-0.37335867,0,0,0,0,0,0,0
87.55,7789.5547,0,-1522.4089,125.55573,0,35.166877,0,-0.10445152,0,0,-0.0036470584,0,-0.26179939,0,0,1,-0.26179939,0,-0,1,0,0,0.17498653,0,0.38128286,127.50144,1522.4089,60,0,1.134464,0,0,nan,nan,8581.474,-147.17228,-0,-570.67783,0,-0.37148656,0,0,0,0,0,0,0
87.6,7795.8308,0,-1520.6504,125.48341,0,35.171407,0,-0.10463527,0,0,-0.0037049623,0,-0.26179939,0,0,1,-0.26179939,0,-0,1,0,0,0.17499347,0,0.38107091,127.43318,1520.6504,60,0,1.134464,0,0,nan,nan,8573.7859,-147.04043,-0,-570.19573,0,-0.36960782,0,0,0,0,0,0,0
87.65,7802.1032,0,-1518.8917,125.41125,0,35.176333,0,-0.1048219,0,0,-0.0037625722,0,-0.26179939,0,0,1,-0.26179939,0,-0,1,0,0,0.17500038,0,0.38085976,127.36518,1518.8917,60,0,1.134464,0,0,nan,nan,8566.1356,-146.90923,-0,-569.71598,0,-0.3677225,0,0,0,0,0,0,0
87.7,7808.3721,0,-1517.1328,125.33925,0,35.181654,0,-0.1050114,0,0,-0.0038198871,0,-0.26179939,0,0,1,-0.26179939,0,-0,1,0,0,0.17500727,0,0.38064942,127.29745,1517.1328,60,0,1.134464,0,0,nan,nan,8558.5232,-146.77867,-0,-569.23857,0,-0.36583066,0,0,0,0,0,0,0
87.75,7814.6373,0,-1515.3736,125.26741,0,35.187368,0,-0.10520377,0,0,-0.0038769058,0,-0.26179939,0,0,1,-0.26179939,0,-0,1,0,0,0.17501413,0,0.38043988,127.22999,1515.3736,60,0,1.134464,0,0,nan,nan,8550.9486,-146.64877,-0,-568.7635,0,-0.36393237,0,0,0,0,0,0,0
87.8,7820.8989,0,-1513.6141,125.19572,0,35.193473,0,-0.10539898,0,0,-0.0039336275,0,-0.26179939,0,0,1,-0.26179939,0,-0,1,0,0,0.17502095,0,0.38023114,127.16279,1513.6141,60,0,1.134464,0,0,nan,nan,8543.412,-146.51952,-0,-568.29079,0,-0.36202769,0,0,0,0,0,0,0
87.85,7827.157,0,-1511.8542,125.1242,0,35.199965,0,-0.10559701,0,0,-0.0039900511,0,-0.26179939,0,0,1,-0.26179939,0,-0,1,0,0,0.17502775,0,0.3800232,127.09586,1511.8542,60,0,1.134464,0,0,nan,nan,8535.9133,-146.39091,-0,-567.82042,0,-0.36011669,0,0,0,0,0,0,0
87.9,7833.4115,0,-1510.0941,125.05284,0,35.206844,0,-0.10579786,0,0,-0.0040461756,0,-0.26179939,0,0,1,-0.26179939,0,-0,1,0,0,0.17503452,0,0.37981608,127.0292,1510.0941,60,0,1.134464,0,0,nan,nan,8528.4526,-146.26296,-0,-567.35241,0,-0.35819942,0,0,0,0,0,0,0
87.95,7839.6624,0,-1508.3335,124.98164,0,35.214107,0,-0.10600151,0,0,-0.0041020001,0,-0.26179939,0,0,1,-0.26179939,0,-0,1,0,0,0.17504126,0,0.37960976,126.96281,1508.3335,60,0,1.134464,0,0,nan,nan,8521.0299,-146.13566,-0,-566.88675,0,-0.35627595,0,0,0,0,0,0,0
88,7845.9098,0,-1506.5727,124.91061,0,35.221751,0,-0.10620795,0,0,-0.0041575236,0,-0.26179939,0,0,1,-0.26179939,0,-0,1,0,0,0.17504797,0,0.37940425,126.89668,1506.5727,60,0,1.134464,0,0,nan,nan,8513.6453,-146.00902,-0,-566.42345,0,-0.35434635,0,0,0,0,0,0,0
88.05,7852.1537,0,-1504.8114,124.83973,0,35.229776,0,-0.10641715,0,0,-0.0042127451,0,-0.26179939,0,0,1,-0.26179939,0,-0,1,0,0,0.17505464,0,0.37919956,126.83082,1504.8114,60,0,1.134464,0,0,nan,nan,8506.2988,-145.88303,-0,-565.96251,0,-0.35241068,0,0,0,0,0,0,0
88.1,7858.3939,0,-1503.0497,124.76903,0,35.238177,0,-0.10662911,0,0,-0.0042676637,0,-0.26179939,0,0,1,-0.26179939,0,-0,1,0,0,0.17506129,0,0.37899567,126.76524,1503.0497,60,0,1.134464,0,0,nan,nan,8498.9905,-145.75769,-0,-565.50394,0,-0.35046901,0,0,0,0,0,0,0
88.15,7864.6307,0,-1501.2876,124.69849,0,35.246954,0,-0.1068438,0,0,-0.0043222785,0,-0.26179939,0,0,1,-0.26179939,0,-0,1,0,0,0.17506791,0,0.3787926,126.69992,1501.2876,60,0,1.134464,0,0,nan,nan,8491.7203,-145.633,-0,-565.04773,0,-0.3485214,0,0,0,0,0,0,0
88.2,7870.8639,0,-1499.525,124.62811,0,35.256105,0,-0.10706122,0,0,-0.0043765885,0,-0.26179939,0,0,1,-0.26179939,0,-0,1,0,0,0.17507449,0,0.37859034,126.63487,1499.525,60,0,1.134464,0,0,nan,nan,8484.4884,-145.50898,-0,-564.59388,0,-0.34656792,0,0,0,0,0,0,0
88.25,7877.0937,0,-1497.762,124.5579,0,35.265626,0,-0.10728135,0,0,-0.0044305929,0,-0.26179939,0,0,1,-0.26179939,0,-0,1,0,0,0.17508105,0,0.3783889,126.57009,1497.762,60,0,1.134464,0,0,nan,nan,8477.2947,-145.3856,-0,-564.14241,0,-0.34460863,0,0,0,0,0,0,0
88.3,7883.3199,0,-1495.9985,124.48787,0,35.275516,0,-0.10750417,0,0,-0.0044842907,0,-0.26179939,0,0,1,-0.26179939,0,-0,1,0,0,0.17508757,0,0.37818827,126.50559,1495.9985,60,0,1.134464,0,0,nan,nan,8470.1393,-145.26289,-0,-563.6933,0,-0.34264361,0,0,0,0,0,0,0
88.35,7889.5426,0,-1494.2344,124.418,0,35.285773,0,-0.10772966,0,0,-0.004537681,0,-0.26179939,0,0,1,-0.26179939,0,-0,1,0,0,0.17509406,0,0.37798846,126.44135,1494.2344,60,0,1.134464,0,0,nan,nan,8463.0221,-145.14083,-0,-563.24657,0,-0.34067292,0,0,0,0,0,0,0
88.4,7895.7618,0,-1492.4699,124.34829,0,35.296394,0,-0.10795782,0,0,-0.004590763,0,-0.26179939,0,0,1,-0.26179939,0,-0,1,0,0,0.17510052,0,0.37778947,126.37739,1492.4699,60,0,1.134464,0,0,nan,nan,8455.9434,-145.01943,-0,-562.80222,0,-0.33869662,0,0,0,0,0,0,0
88.45,7901.9776,0,-1490.7048,124.27877,0,35.307378,0,-0.10818863,0,0,-0.0046435358,0,-0.26179939,0,0,1,-0.26179939,0,-0,1,0,0,0.17510695,0,0.37759129,126.3137,1490.7048,60,0,1.134464,0,0,nan,nan,8448.903,-144.89869,-0,-562.36024,0,-0.33671479,0,0,0,0,0,0,0
88.5,7908.1898,0,-1488.9392,124.20941,0,35.318722,0,-0.10842207,0,0,-0.0046959985,0,-0.26179939,0,0,1,-0.26179939,0,-0,1,0,0,0.17511334,0,0.37739394,126.25028,1488.9392,60,0,1.134464,0,0,nan,nan,8441.9009,-144.7786,-0,-561.92064,0,-0.33472749,0,0,0,0,0,0,0
88.55,7914.3986,0,-1487.173,124.14022,0,35.330424,0,-0.10865812,0,0,-0.0047481503,0,-0.26179939,0,0,1,-0.26179939,0,-0,1,0,0,0.17511971,0,0.37719741,126.18713,1487.173,60,0,1.134464,0,0,nan,nan,8434.9373,-144.65918,-0,-561.48342,0,-0.3327348,0,0,0,0,0,0,0
88.6,7920.604,0,-1485.4062,124.07121,0,35.342481,0,-0.10889677,0,0,-0.0047999903,0,-0.26179939,0,0,1,-0.26179939,0,-0,1,0,0,0.17512604,0,0.37700169,126.12426,1485.4062,60,0,1.134464,0,0,nan,nan,8428.0122,-144.54041,-0,-561.04858,0,-0.33073678,0,0,0,0,0,0,0
88.65,7926.8059,0,-1483.6387,124.00237,0,35.354893,0,-0.10913801,0,0,-0.0048515178,0,-0.26179939,0,0,1,-0.26179939,0,-0,1,0,0,0.17513233,0,0.3768068,126.06166,1483.6387,60,0,1.134464,0,0,nan,nan,8421.1255,-144.4223,-0,-560.61612,0,-0.32873351,0,0,0,0,0,0,0
88.7,7933.0044,0,-1481.8707,123.9337,0,35.367656,0,-0.10938182,0,0,-0.0049027318,0,-0.26179939,0,0,1,-0.26179939,0,-0,1,0,0,0.1751386,0,0.37661274,125.99933,1481.8707,60,0,1.134464,0,0,nan,nan,8414.2773,-144.30486,-0,-560.18605,0,-0.32672504,0,0,0,0,0,0,0
88.75,7939.1994,0,-1480.102,123.86521,0,35.380769,0,-0.10962818,0,0,-0.0049536316,0,-0.26179939,0,0,1,-0.26179939,0,-0,1,0,0,0.17514483,0,0.3764195,125.93728,1480.102,60,0,1.134464,0,0,nan,nan,8407.4676,-144.18807,-0,-559.75837,0,-0.32471146,0,0,0,0,0,0,0
88.8,7945.391,0,-1478.3326,123.79689,0,35.394229,0,-0.10987707,0,0,-0.0050042165,0,-0.26179939,0,0,1,-0.26179939,0,-0,1,0,0,0.17515103,0,0.37622708,125.8755,1478.3326,60,0,1.134464,0,0,nan,nan,8400.6964,-144.07194,-0,-559.33307,0,-0.32269283,0,0,0,0,0,0,0
88.85,7951.5792,0,-1476.5626,123.72875,0,35.408034,0,-0.11012849,0,0,-0.0050544855,0,-0.26179939,0,0,1,-0.26179939,0,-0,1,0,0,0.1751572,0,0.37603549,125.81399,1476.5626,60,0,1.134464,0,0,nan,nan,8393.9638,-143.95648,-0,-558.91016,0,-0.32066922,0,0,0,0,0,0,0
88.9,7957.764,0,-1474.7918,123.66079,0,35.422182,0,-0.11038242,0,0,-0.005104438,0,-0.26179939,0,0,1,-0.26179939,0,-0,1,0,0,0.17516333,0,0.37584472,125.75276,1474.7918,60,0,1.134464,0,0,nan,nan,8387.2697,-143.84168,-0,-558.48964,0,-0.31864072,0,0,0,0,0,0,0
88.95,7963.9455,0,-1473.0204,123.59301,0,35.43667,0,-0.11063883,0,0,-0.0051540732,0,-0.26179939,0,0,1,-0.26179939,0,-0,1,0,0,0.17516943,0,0.37565479,125.69181,1473.0204,60,0,1.134464,0,0,nan,nan,8380.6143,-143.72753,-0,-558.07151,0,-0.31660737,0,0,0,0,0,0,0
89,7970.1235,0,-1471.2482,123.5254,0,35.451498,0,-0.11089772,0,0,-0.0052033903,0,-0.26179939,0,0,1,-0.26179939,0,-0,1,0,0,0.17517549,0,0.37546568,125.63113,1471.2482,60,0,1.134464,0,0,nan,nan,8373.9974,-143.61406,-0,-557.65577,0,-0.31456927,0,0,0,0,0,0,0
89.05,7976.2981,0,-1469.4753,123.45797,0,35.466662,0,-0.11115907,0,0,-0.0052523886,0,-0.26179939,0,0,1,-0.26179939,0,-0,1,0,0,0.17518152,0,0.37527739,125.57073,1469.4753,60,0,1.134464,0,0,nan,nan,8367.4192,-143.50124,-0,-557.24242,0,-0.31252648,0,0,0,0,0,0,0
89.1,7982.4694,0,-1467.7016,123.39073,0,35.48216,0,-0.11142285,0,0,-0.0053010674,0,-0.26179939,0,0,1,-0.26179939,0,-0,1,0,0,0.17518752,0,0.37508994,125.5106,1467.7016,60,0,1.134464,0,0,nan,nan,8360.8795,-143.38908,-0,-556.83147,0,-0.31047908,0,0,0,0,0,0,0
89.15,7988.6373,0,-1465.9271,123.32366,0,35.49799,0,-0.11168907,0,0,-0.0053494259,0,-0.26179939,0,0,1,-0.26179939,0,-0,1,0,0,0.17519348,0,0.37490332,125.45075,1465.9271,60,0,1.134464,0,0,nan,nan,8354.3786,-143.27759,-0,-556.42291,0,-0.30842714,0,0,0,0,0,0,0
89.2,7994.8019,0,-1464.1518,123.25677,0,35.514151,0,-0.1119577,0,0,-0.0053974634,0,-0.26179939,0,0,1,-0.26179939,0,-0,1,0,0,0.17519941,0,0.37471753,125.39117,1464.1518,60,0,1.134464,0,0,nan,nan,8347.9163,-143.16676,-0,-556.01675,0,-0.30637072,0,0,0,0,0,0,0
89.25,8000.9632,0,-1462.3757,123.19007,0,35.53064,0,-0.11222872,0,0,-0.0054451794,0,-0.26179939,0,0,1,-0.26179939,0,-0,1,0,0,0.1752053,0,0.37453257,125.33187,1462.3757,60,0,1.134464,0,0,nan,nan,8341.4926,-143.0566,-0,-555.61298,0,-0.30430991,0,0,0,0,0,0,0
89.3,8007.1211,0,-1460.5988,123.12355,0,35.547454,0,-0.11250211,0,0,-0.005492573,0,-0.26179939,0,0,1,-0.26179939,0,-0,1,0,0,0.17521115,0,0.37434844,125.27285,1460.5988,60,0,1.134464,0,0,nan,nan,8335.1076,-142.9471,-0,-555.21161,0,-0.30224479,0,0,0,0,0,0,0
89.35,8013.2756,0,-1458.821,123.05721,0,35.564592,0,-0.11277787,0,0,-0.0055396436,0,-0.26179939,0,0,1,-0.26179939,0,-0,1,0,0,0.17521698,0,0.37416514,125.21411,1458.821,60,0,1.134464,0,0,nan,nan,8328.7614,-142.83826,-0,-554.81264,0,-0.30017541,0,0,0,0,0,0,0
89.4,8019.4269,0,-1457.0423,122.99105,0,35.582052,0,-0.11305598,0,0,-0.0055863905,0,-0.26179939,0,0,1,-0.26179939,0,-0,1,0,0,0.17522276,0,0.37398267,125.15564,1457.0423,60,0,1.134464,0,0,nan,nan,8322.4538,-142.73008,-0,-554.41606,0,-0.29810186,0,0,0,0,0,0,0
89.45,8025.5749,0,-1455.2628,122.92508,0,35.59983,0,-0.11333641,0,0,-0.0056328132,0,-0.26179939,0,0,1,-0.26179939,0,-0,1,0,0,0.17522852,0,0.37380104,125.09745,1455.2628,60,0,1.134464,0,0,nan,nan,8316.1849,-142.62257,-0,-554.02189,0,-0.29602422,0,0,0,0,0,0,0
89.5,8031.7196,0,-1453.4824,122.85929,0,35.617927,0,-0.11361916,0,0,-0.0056789109,0,-0.26179939,0,0,1,-0.26179939,0,-0,1,0,0,0.17523423,0,0.37362024,125.03954,1453.4824,60,0,1.134464,0,0,nan,nan,8309.9547,-142.51572,-0,-553.63011,0,-0.29394256,0,0,0,0,0,0,0
89.55,8037.8609,0,-1451.701,122.79369,0,35.636338,0,-0.11390421,0,0,-0.005724683,0,-0.26179939,0,0,1,-0.26179939,0,-0,1,0,0,0.17523991,0,0.37344027,124.98191,1451.701,60,0,1.134464,0,0,nan,nan,8303.7632,-142.40954,-0,-553.24073,0,-0.29185695,0,0,0,0,0,0,0
89.6,8043.9991,0,-1449.9188,122.72827,0,35.655062,0,-0.11419153,0,0,-0.005770129,0,-0.26179939,0,0,1,-0.26179939,0,-0,1,0,0,0.17524556,0,0.37326114,124.92455,1449.9188,60,0,1.134464,0,0,nan,nan,8297.6105,-142.30402,-0,-552.85375,0,-0.28976747,0,0,0,0,0,0,0
89.65,8050.1339,0,-1448.1356,122.66304,0,35.674097,0,-0.11448112,0,0,-0.0058152482,0,-0.26179939,0,0,1,-0.26179939,0,-0,1,0,0,0.17525116,0,0.37308284,124.86747,1448.1356,60,0,1.134464,0,0,nan,nan,8291.4964,-142.19916,-0,-552.46917,0,-0.2876742,0,0,0,0,0,0,0
89.7,8056.2655,0,-1446.3514,122.598,0,35.693441,0,-0.11477296,0,0,-0.0058600401,0,-0.26179939,0,0,1,-0.26179939,0,-0,1,0,0,0.17525674,0,0.37290538,124.81067,1446.3514,60,0,1.134464,0,0,nan,nan,8285.4211,-142.09497,-0,-552.08698,0,-0.28557721,0,0,0,0,0,0,0
89.75,8062.3938,0,-1444.5662,122.53315,0,35.713092,0,-0.11506703,0,0,-0.005904504,0,-0.26179939,0,0,1,-0.26179939,0,-0,1,0,0,0.17526227,0,0.37272876,124.75415,1444.5662,60,0,1.134464,0,0,nan,nan,8279.3845,-141.99144,-0,-551.7072,0,-0.28347658,0,0,0,0,0,0,0
89.8,8068.5189,0,-1442.7801,122.46848,0,35.733047,0,-0.11536332,0,0,-0.0059486395,0,-0.26179939,0,0,1,-0.26179939,0,-0,1,0,0,0.17526777,0,0.37255296,124.69791,1442.7801,60,0,1.134464,0,0,nan,nan,8273.3866,-141.88858,-0,-551.32982,0,-0.28137239,0,0,0,0,0,0,0
89.85,8074.6408,0,-1440.993,122.404,0,35.753304,0,-0.1156618,0,0,-0.0059924459,0,-0.26179939,0,0,1,-0.26179939,0,-0,1,0,0,0.17527323,0,0.37237801,124.64194,1440.993,60,0,1.134464,0,0,nan,nan,8267.4275,-141.78638,-0,-550.95484,0,-0.27926471,0,0,0,0,0,0,0
89.9,8080.7595,0,-1439.2048,122.33971,0,35.773861,0,-0.11596247,0,0,-0.0060359227,0,-0.26179939,0,0,1,-0.26179939,0,-0,1,0,0,0.17527866,0,0.37220389,124.58626,1439.2048,60,0,1.134464,0,0,nan,nan,8261.507,-141.68485,-0,-550.58225,0,-0.27715362,0,0,0,0,0,0,0
89.95,8086.8749,0,-1437.4156,122.27561,0,35.794717,0,-0.1162653,0,0,-0.0060790694,0,-0.26179939,0,0,1,-0.26179939,0,-0,1,0,0,0.17528405,0,0.37203061,124.53085,1437.4156,60,0,1.134464,0,0,nan,nan,8255.6253,-141.58397,-0,-550.21207,0,-0.2750392,0,0,0,0,0,0,0
90,8092.9872,0,-1435.6254,122.2117,0,35.815869,0,-0.11657029,0,0,-0.0061218855,0,-0.26179939,0,0,1,-0.26179939,0,-0,1,0,0,0.1752894,0,0.37185816,124.47572,1435.6254,60,0,1.134464,0,0,nan,nan,8249.7823,-141.48377,-0,-549.84428,0,-0.27292153,0,0,0,0,0,0,0
