time,x,y,z,vx,vy,vz,phi,theta,psi,p,q,r,elevator,aileron,rudder,throttle,elevator_cmd,aileron_cmd,rudder_cmd,throttle_cmd,tvc_pitch,tvc_yaw,alpha,beta,mach,airspeed,altitude,mass,thrust,pitch_sp,roll_sp,heading_sp,altitude_sp,speed_sp,qbar
0,2000,-1000,-1000,50,0,0,0,-0,0,0,0,0,0,0,0,0,0,0,0,0,0,0,0,-0.079829986,0.14909212,50.159745,1000,1,0,nan,nan,nan,nan,nan,1398.4679
0.1,2005,-999.98756,-1000,49.999315,0.26179819,0,0,-0,0.0052359878,0,0,0,0,0,0,0,0,0,0,0,0,0,0,-0.079862207,0.14903005,50.138863,1000,1,0,nan,nan,nan,nan,nan,1397.3037
0.2,2009.9998,-999.94895,-1000,49.997258,0.52358921,0,0,-0,0.010471976,0,0,0,0,0,0,0,0,0,0,0,0,0,0,-0.079892272,0.14896796,50.117974,1000,1,0,nan,nan,nan,nan,nan,1396.1397
0.3,2014.9994,-999.88416,-1000,49.993832,0.78536587,0,0,-0,0.015707963,0,0,0,0,0,0,0,0,0,0,0,0,0,0,-0.079920179,0.14890585,50.097076,1000,1,0,nan,nan,nan,nan,nan,1394.9756
0.4,2019.9986,-999.79319,-1000,49.989034,1.047121,0,0,-0,0.020943951,0,0,0,0,0,0,0,0,0,0,0,0,0,0,-0.079945924,0.14884371,50.076172,1000,1,0,nan,nan,nan,nan,nan,1393.8117
0.5,2024.9972,-999.67604,-1000,49.982866,1.3088474,0,0,-0,0.026179939,0,0,0,0,0,0,0,0,0,0,0,0,0,0,-0.079969504,0.14878156,50.055262,1000,1,0,nan,nan,nan,nan,nan,1392.6479
0.6,2029.9951,-999.53273,-1000,49.975328,1.570538,0,0,-0,0.031415927,0,0,0,0,0,0,0,0,0,0,0,0,0,0,-0.079990914,0.14871939,50.034345,1000,1,0,nan,nan,nan,nan,nan,1391.4843
0.7,2034.9922,-999.36324,-1000,49.96642,1.8321854,0,0,-0,0.036651914,0,0,0,0,0,0,0,0,0,0,0,0,0,0,-0.080010153,0.1486572,50.013423,1000,1,0,nan,nan,nan,nan,nan,1390.3208
0.8,2039.9884,-999.1676,-1000,49.956142,2.0937827,0,0,-0,0.041887902,0,0,0,0,0,0,0,0,0,0,0,0,0,0,-0.080027216,0.148595,49.992497,1000,1,0,nan,nan,nan,nan,nan,1389.1576
0.9,2044.9835,-998.9458,-1000,49.944494,2.3553225,0,0,-0,0.04712389,0,0,0,0,0,0,0,0,0,0,0,0,0,0,-0.0800421,0.14853279,49.971566,1000,1,0,nan,nan,nan,nan,nan,1387.9946
1,2049.9773,-998.69784,-1000,49.931477,2.6167978,0,0,-0,0.052359878,0,0,0,0,0,0,0,0,0,0,0,0,0,0,-0.080054803,0.14847056,49.950632,1000,1,0,nan,nan,nan,nan,nan,1386.8319
1.1,2054.9698,-998.42375,-1000,49.917091,2.8782013,0,0,-0,0.057595865,0,0,0,0,0,0,0,0,0,0,0,0,0,0,-0.080065321,0.14840833,49.929694,1000,1,0,nan,nan,nan,nan,nan,1385.6695
1.2,2059.9608,-998.12351,-1000,49.901336,3.139526,0,0,-0,0.062831853,0,0,0,0,0,0,0,0,0,0,0,0,0,0,-0.080073651,0.14834609,49.908755,1000,1,0,nan,nan,nan,nan,nan,1384.5075
1.3,2064.9501,-997.79715,-1000,49.884214,3.4007645,0,0,-0,0.068067841,0,0,0,0,0,0,0,0,0,0,0,0,0,0,-0.08007979,0.14828384,49.887813,1000,1,0,nan,nan,nan,nan,nan,1383.3459
1.4,2069.9377,-997.44467,-1000,49.865724,3.6619099,0,0,-0,0.073303829,0,0,0,0,0,0,0,0,0,0,0,0,0,0,-0.080083735,0.14822159,49.86687,1000,1,0,nan,nan,nan,nan,nan,1382.1847
1.5,2074.9233,-997.06608,-1000,49.845867,3.9229548,0,0,-0,0.078539816,0,0,0,0,0,0,0,0,0,0,0,0,0,0,-0.080085484,0.14815934,49.845926,1000,1,0,nan,nan,nan,nan,nan,1381.0239
1.6,2079.9069,-996.66139,-1000,49.824643,4.1838922,0,0,-0,0.083775804,0,0,0,0,0,0,0,0,0,0,0,0,0,0,-0.080085033,0.14809709,49.824982,1000,1,0,nan,nan,nan,nan,nan,1379.8636
1.7,2084.8883,-996.23061,-1000,49.802053,4.4447148,0,0,-0,0.089011792,0,0,0,0,0,0,0,0,0,0,0,0,0,0,-0.08008238,0.14803484,49.804039,1000,1,0,nan,nan,nan,nan,nan,1378.7038
1.8,2089.8674,-995.77375,-1000,49.778098,4.7054157,0,0,-0,0.09424778,0,0,0,0,0,0,0,0,0,0,0,0,0,0,-0.080077522,0.14797259,49.783096,1000,1,0,nan,nan,nan,nan,nan,1377.5446
1.9,2094.844,-995.29083,-1000,49.752778,4.9659875,0,0,-0,0.099483767,0,0,0,0,0,0,0,0,0,0,0,0,0,0,-0.080070457,0.14791035,49.762155,1000,1,0,nan,nan,nan,nan,nan,1376.3859
2,2099.818,-994.78186,-1000,49.726095,5.2264232,0,0,-0,0.10471976,0,0,0,0,0,0,0,0,0,0,0,0,0,0,-0.080061181,0.14784811,49.741216,1000,1,0,nan,nan,nan,nan,nan,1375.2279
2.1,2104.7893,-994.24685,-1000,49.698048,5.4867156,0,0,-0,0.10995574,0,0,0,0,0,0,0,0,0,0,0,0,0,0,-0.080049693,0.14778588,49.72028,1000,1,0,nan,nan,nan,nan,nan,1374.0704
2.2,2109.7577,-993.68582,-1000,49.668638,5.7468575,0,0,-0,0.11519173,0,0,0,0,0,0,0,0,0,0,0,0,0,0,-0.080035989,0.14772366,49.699347,1000,1,0,nan,nan,nan,nan,nan,1372.9137
2.3,2114.7231,-993.09879,-1000,49.637867,6.0068419,0,0,-0,0.12042772,0,0,0,0,0,0,0,0,0,0,0,0,0,0,-0.080020068,0.14766145,49.678418,1000,1,0,nan,nan,nan,nan,nan,1371.7576
2.4,2119.6854,-992.48576,-1000,49.605735,6.2666617,0,0,-0,0.12566371,0,0,0,0,0,0,0,0,0,0,0,0,0,0,-0.080001927,0.14759926,49.657494,1000,1,0,nan,nan,nan,nan,nan,1370.6023
2.5,2124.6444,-991.84676,-1000,49.572243,6.5263096,0,0,-0,0.13089969,0,0,0,0,0,0,0,0,0,0,0,0,0,0,-0.079981563,0.14753708,49.636574,1000,1,0,nan,nan,nan,nan,nan,1369.4477
2.6,2129.6,-991.1818,-1000,49.537392,6.7857786,0,0,-0,0.13613568,0,0,0,0,0,0,0,0,0,0,0,0,0,0,-0.079958975,0.14747491,49.615661,1000,1,0,nan,nan,nan,nan,nan,1368.294
2.7,2134.552,-990.49091,-1000,49.501183,7.0450616,0,0,-0,0.14137167,0,0,0,0,0,0,0,0,0,0,0,0,0,0,-0.07993416,0.14741277,49.594753,1000,1,0,nan,nan,nan,nan,nan,1367.141
2.8,2139.5004,-989.77409,-1000,49.463617,7.3041514,0,0,-0,0.14660766,0,0,0,0,0,0,0,0,0,0,0,0,0,0,-0.079907117,0.14735064,49.573852,1000,1,0,nan,nan,nan,nan,nan,1365.9889
2.9,2144.4449,-989.03138,-1000,49.424694,7.563041,0,0,-0,0.15184364,0,0,0,0,0,0,0,0,0,0,0,0,0,0,-0.079877842,0.14728854,49.552958,1000,1,0,nan,nan,nan,nan,nan,1364.8378
3,2149.3854,-988.26279,-1000,49.384417,7.8217233,0,0,-0,0.15707963,0,0,0,0,0,0,0,0,0,0,0,0,0,0,-0.079846335,0.14722646,49.532073,1000,1,0,nan,nan,nan,nan,nan,1363.6875
3.1,2154.3219,-987.46833,-1000,49.342786,8.0801911,0,0,-0,0.16231562,0,0,0,0,0,0,0,0,0,0,0,0,0,0,-0.079812592,0.14716441,49.511195,1000,1,0,nan,nan,nan,nan,nan,1362.5382
3.2,2159.2542,-986.64805,-1000,49.299802,8.3384373,0,0,-0,0.16755161,0,0,0,0,0,0,0,0,0,0,0,0,0,0,-0.079776613,0.14710238,49.490327,1000,1,0,nan,nan,nan,nan,nan,1361.3899
3.3,2164.1821,-985.80195,-1000,49.255466,8.596455,0,0,-0,0.1727876,0,0,0,0,0,0,0,0,0,0,0,0,0,0,-0.079738396,0.14704038,49.469469,1000,1,0,nan,nan,nan,nan,nan,1360.2425
3.4,2169.1054,-984.93005,-1000,49.20978,8.854237,0,0,-0,0.17802358,0,0,0,0,0,0,0,0,0,0,0,0,0,0,-0.079697938,0.14697841,49.448621,1000,1,0,nan,nan,nan,nan,nan,1359.0963
3.5,2174.0242,-984.03239,-1000,49.162745,9.1117763,0,0,-0,0.18325957,0,0,0,0,0,0,0,0,0,0,0,0,0,0,-0.079655238,0.14691648,49.427784,1000,1,0,nan,nan,nan,nan,nan,1357.9511
3.6,2178.9382,-983.10899,-1000,49.114363,9.3690657,0,0,-0,0.18849556,0,0,0,0,0,0,0,0,0,0,0,0,0,0,-0.079610294,0.14685458,49.406958,1000,1,0,nan,nan,nan,nan,nan,1356.807
3.7,2183.8473,-982.15988,-1000,49.064633,9.6260983,0,0,-0,0.19373155,0,0,0,0,0,0,0,0,0,0,0,0,0,0,-0.079563105,0.14679271,49.386144,1000,1,0,nan,nan,nan,nan,nan,1355.6641
3.8,2188.7513,-981.18507,-1000,49.013559,9.882867,0,0,-0,0.19896753,0,0,0,0,0,0,0,0,0,0,0,0,0,0,-0.079513669,0.14673088,49.365343,1000,1,0,nan,nan,nan,nan,nan,1354.5223
3.9,2193.6502,-980.18459,-1000,48.961141,10.139365,0,0,-0,0.20420352,0,0,0,0,0,0,0,0,0,0,0,0,0,0,-0.079461985,0.14666909,49.344555,1000,1,0,nan,nan,nan,nan,nan,1353.3818
4,2198.5438,-979.15848,-1000,48.90738,10.395585,0,0,-0,0.20943951,0,0,0,0,0,0,0,0,0,0,0,0,0,0,-0.079408052,0.14660734,49.323781,1000,1,0,nan,nan,nan,nan,nan,1352.2425
4.1,2203.4319,-978.10677,-1000,48.852279,10.651519,0,0,-0,0.2146755,0,0,0,0,0,0,0,0,0,0,0,0,0,0,-0.079351868,0.14654564,49.303021,1000,1,0,nan,nan,nan,nan,nan,1351.1044
4.2,2208.3145,-977.02947,-1000,48.795838,10.907162,0,0,-0,0.21991149,0,0,0,0,0,0,0,0,0,0,0,0,0,0,-0.079293431,0.14648398,49.282276,1000,1,0,nan,nan,nan,nan,nan,1349.9677
4.3,2213.1913,-975.92662,-1000,48.73806,11.162506,0,0,-0,0.22514747,0,0,0,0,0,0,0,0,0,0,0,0,0,0,-0.079232741,0.14642236,49.261546,1000,1,0,nan,nan,nan,nan,nan,1348.8322
4.4,2218.0623,-974.79825,-1000,48.678945,11.417544,0,0,-0,0.23038346,0,0,0,0,0,0,0,0,0,0,0,0,0,0,-0.079169797,0.1463608,49.240833,1000,1,0,nan,nan,nan,nan,nan,1347.6982
4.5,2222.9274,-973.6444,-1000,48.618496,11.672268,0,0,-0,0.23561945,0,0,0,0,0,0,0,0,0,0,0,0,0,0,-0.079104597,0.14629928,49.220137,1000,1,0,nan,nan,nan,nan,nan,1346.5655
4.6,2227.7863,-972.46508,-1000,48.556714,11.926673,0,0,-0,0.24085544,0,0,0,0,0,0,0,0,0,0,0,0,0,0,-0.079037141,0.14623781,49.199457,1000,1,0,nan,nan,nan,nan,nan,1345.4343
4.7,2232.639,-971.26035,-1000,48.493601,12.180751,0,0,-0,0.24609142,0,0,0,0,0,0,0,0,0,0,0,0,0,0,-0.078967427,0.1461764,49.178796,1000,1,0,nan,nan,nan,nan,nan,1344.3045
4.8,2237.4853,-970.03022,-1000,48.429158,12.434494,0,0,-0,0.25132741,0,0,0,0,0,0,0,0,0,0,0,0,0,0,-0.078895455,0.14611504,49.158153,1000,1,0,nan,nan,nan,nan,nan,1343.1762
4.9,2242.3251,-968.77473,-1000,48.363388,12.687897,0,0,-0,0.2565634,0,0,0,0,0,0,0,0,0,0,0,0,0,0,-0.078821223,0.14605374,49.13753,1000,1,0,nan,nan,nan,nan,nan,1342.0494
5,2247.1582,-967.49391,-1000,48.296291,12.940952,0,0,-0,0.26179939,0,0,0,0,0,0,0,0,0,0,0,0,0,0,-0.078744732,0.1459925,49.116926,1000,1,0,nan,nan,nan,nan,nan,1340.9241
5.1,2251.9846,-966.18781,-1000,48.227871,13.193652,0,0,-0,0.26703538,0,0,0,0,0,0,0,0,0,0,0,0,0,0,-0.078665981,0.14593132,49.096342,1000,1,0,nan,nan,nan,nan,nan,1339.8005
5.2,2256.8041,-964.85646,-1000,48.158128,13.445991,0,0,-0,0.27227136,0,0,0,0,0,0,0,0,0,0,0,0,0,0,-0.078584968,0.1458702,49.075779,1000,1,0,nan,nan,nan,nan,nan,1338.6784
5.3,2261.6166,-963.49989,-1000,48.087065,13.697961,0,0,-0,0.27750735,0,0,0,0,0,0,0,0,0,0,0,0,0,0,-0.078501694,0.14580914,49.055237,1000,1,0,nan,nan,nan,nan,nan,1337.558
5.4,2266.4218,-962.11814,-1000,48.014684,13.949555,0,0,-0,0.28274334,0,0,0,0,0,0,0,0,0,0,0,0,0,0,-0.078416158,0.14574815,49.034718,1000,1,0,nan,nan,nan,nan,nan,1336.4392
5.5,2271.2198,-960.71125,-1000,47.940987,14.200767,0,0,-0,0.28797933,0,0,0,0,0,0,0,0,0,0,0,0,0,0,-0.07832836,0.14568723,49.014221,1000,1,0,nan,nan,nan,nan,nan,1335.3222
5.6,2276.0104,-959.27925,-1000,47.865975,14.45159,0,0,-0,0.29321531,0,0,0,0,0,0,0,0,0,0,0,0,0,0,-0.078238298,0.14562637,48.993747,1000,1,0,nan,nan,nan,nan,nan,1334.2069
5.7,2280.7934,-957.82219,-1000,47.789651,14.702016,0,0,-0,0.2984513,0,0,0,0,0,0,0,0,0,0,0,0,0,0,-0.078145974,0.14556559,48.973298,1000,1,0,nan,nan,nan,nan,nan,1333.0933
5.8,2285.5686,-956.34011,-1000,47.712016,14.95204,0,0,-0,0.30368729,0,0,0,0,0,0,0,0,0,0,0,0,0,0,-0.078051387,0.14550488,48.952872,1000,1,0,nan,nan,nan,nan,nan,1331.9816
5.9,2290.3361,-954.83305,-1000,47.633074,15.201653,0,0,-0,0.30892328,0,0,0,0,0,0,0,0,0,0,0,0,0,0,-0.077954537,0.14544424,48.932472,1000,1,0,nan,nan,nan,nan,nan,1330.8716
6,2295.0956,-953.30104,-1000,47.552826,15.45085,0,0,-0,0.31415927,0,0,0,0,0,0,0,0,0,0,0,0,0,0,-0.077855423,0.14538368,48.912097,1000,1,0,nan,nan,nan,nan,nan,1329.7635
6.1,2299.847,-951.74414,-1000,47.471274,15.699623,0,0,-0,0.31939525,0,0,0,0,0,0,0,0,0,0,0,0,0,0,-0.077754046,0.14532319,48.891748,1000,1,0,nan,nan,nan,nan,nan,1328.6573
6.2,2304.5902,-950.16238,-1000,47.388421,15.947965,0,0,-0,0.32463124,0,0,0,0,0,0,0,0,0,0,0,0,0,0,-0.077650406,0.14526279,48.871426,1000,1,0,nan,nan,nan,nan,nan,1327.553
6.3,2309.3251,-948.5558,-1000,47.304268,16.195871,0,0,-0,0.32986723,0,0,0,0,0,0,0,0,0,0,0,0,0,0,-0.077544504,0.14520247,48.851131,1000,1,0,nan,nan,nan,nan,nan,1326.4507
6.4,2314.0515,-946.92445,-1000,47.218819,16.443332,0,0,-0,0.33510322,0,0,0,0,0,0,0,0,0,0,0,0,0,0,-0.077436338,0.14514223,48.830865,1000,1,0,nan,nan,nan,nan,nan,1325.3503
6.5,2318.7692,-945.26838,-1000,47.132075,16.690343,0,0,-0,0.3403392,0,0,0,0,0,0,0,0,0,0,0,0,0,0,-0.077325911,0.14508207,48.810626,1000,1,0,nan,nan,nan,nan,nan,1324.2519
6.6,2323.4783,-943.58764,-1000,47.044038,16.936896,0,0,-0,0.34557519,0,0,0,0,0,0,0,0,0,0,0,0,0,0,-0.077213221,0.145022,48.790417,1000,1,0,nan,nan,nan,nan,nan,1323.1556
6.7,2328.1784,-941.88225,-1000,46.954713,17.182985,0,0,-0,0.35081118,0,0,0,0,0,0,0,0,0,0,0,0,0,0,-0.07709827,0.14496202,48.770238,1000,1,0,nan,nan,nan,nan,nan,1322.0613
6.8,2332.8696,-940.15228,-1000,46.864099,17.428602,0,0,-0,0.35604717,0,0,0,0,0,0,0,0,0,0,0,0,0,0,-0.076981059,0.14490213,48.750089,1000,1,0,nan,nan,nan,nan,nan,1320.9692
6.9,2337.5517,-938.39778,-1000,46.772202,17.673742,0,0,-0,0.36128316,0,0,0,0,0,0,0,0,0,0,0,0,0,0,-0.076861587,0.14484234,48.729971,1000,1,0,nan,nan,nan,nan,nan,1319.8791
7,2342.2245,-936.61878,-1000,46.679021,17.918397,0,0,-0,0.36651914,0,0,0,0,0,0,0,0,0,0,0,0,0,0,-0.076739855,0.14478263,48.709884,1000,1,0,nan,nan,nan,nan,nan,1318.7912
7.1,2346.8879,-934.81533,-1000,46.584561,18.162562,0,0,-0,0.37175513,0,0,0,0,0,0,0,0,0,0,0,0,0,0,-0.076615865,0.14472302,48.68983,1000,1,0,nan,nan,nan,nan,nan,1317.7055
7.2,2351.5418,-932.9875,-1000,46.488824,18.406228,0,0,-0,0.37699112,0,0,0,0,0,0,0,0,0,0,0,0,0,0,-0.076489617,0.14466351,48.669808,1000,1,0,nan,nan,nan,nan,nan,1316.622
7.3,2356.1861,-931.13532,-1000,46.391813,18.649389,0,0,-0,0.38222711,0,0,0,0,0,0,0,0,0,0,0,0,0,0,-0.076361112,0.1446041,48.649819,1000,1,0,nan,nan,nan,nan,nan,1315.5408
7.4,2360.8206,-929.25885,-1000,46.293529,18.892039,0,0,-0,0.38746309,0,0,0,0,0,0,0,0,0,0,0,0,0,0,-0.076230352,0.14454478,48.629864,1000,1,0,nan,nan,nan,nan,nan,1314.4618
7.5,2365.4453,-927.35814,-1000,46.193977,19.134172,0,0,-0,0.39269908,0,0,0,0,0,0,0,0,0,0,0,0,0,0,-0.076097336,0.14448557,48.609944,1000,1,0,nan,nan,nan,nan,nan,1313.3851
7.6,2370.0599,-925.43325,-1000,46.093158,19.375779,0,0,-0,0.39793507,0,0,0,0,0,0,0,0,0,0,0,0,0,0,-0.075962067,0.14442647,48.590058,1000,1,0,nan,nan,nan,nan,nan,1312.3108
7.7,2374.6644,-923.48421,-1000,45.991075,19.616856,0,0,-0,0.40317106,0,0,0,0,0,0,0,0,0,0,0,0,0,0,-0.075824545,0.14436747,48.570208,1000,1,0,nan,nan,nan,nan,nan,1311.2388
7.8,2379.2586,-921.5111,-1000,45.887731,19.857395,0,0,-0,0.40840704,0,0,0,0,0,0,0,0,0,0,0,0,0,0,-0.075684772,0.14430857,48.550395,1000,1,0,nan,nan,nan,nan,nan,1310.1692
7.9,2383.8424,-919.51395,-1000,45.78313,20.097389,0,0,-0,0.41364303,0,0,0,0,0,0,0,0,0,0,0,0,0,0,-0.075542749,0.14424979,48.530618,1000,1,0,nan,nan,nan,nan,nan,1309.102
8,2388.4157,-917.49284,-1000,45.677273,20.336832,0,0,-0,0.41887902,0,0,0,0,0,0,0,0,0,0,0,0,0,0,-0.075398478,0.14419112,48.510879,1000,1,0,nan,nan,nan,nan,nan,1308.0373
8.1,2392.9783,-915.4478,-1000,45.570164,20.575718,0,0,-0,0.42411501,0,0,0,0,0,0,0,0,0,0,0,0,0,0,-0.075251961,0.14413256,48.491177,1000,1,0,nan,nan,nan,nan,nan,1306.9751
8.2,2397.5302,-913.3789,-1000,45.461805,20.81404,0,0,-0,0.429351,0,0,0,0,0,0,0,0,0,0,0,0,0,0,-0.075103198,0.14407411,48.471514,1000,1,0,nan,nan,nan,nan,nan,1305.9154
8.3,2402.0712,-911.2862,-1000,45.352201,21.051791,0,0,-0,0.43458698,0,0,0,0,0,0,0,0,0,0,0,0,0,0,-0.074952192,0.14401578,48.45189,1000,1,0,nan,nan,nan,nan,nan,1304.8582
8.4,2406.6012,-909.16975,-1000,45.241353,21.288965,0,0,-0,0.43982297,0,0,0,0,0,0,0,0,0,0,0,0,0,0,-0.074798944,0.14395757,48.432306,1000,1,0,nan,nan,nan,nan,nan,1303.8035
8.5,2411.12,-907.02961,-1000,45.129264,21.525555,0,0,-0,0.44505896,0,0,0,0,0,0,0,0,0,0,0,0,0,0,-0.074643456,0.14389948,48.412762,1000,1,0,nan,nan,nan,nan,nan,1302.7515
8.6,2415.6275,-904.86584,-1000,45.015939,21.761555,0,0,-0,0.45029495,0,0,0,0,0,0,0,0,0,0,0,0,0,0,-0.074485731,0.14384151,48.393259,1000,1,0,nan,nan,nan,nan,nan,1301.7021
8.7,2420.1237,-902.6785,-1000,44.901379,21.996958,0,0,-0,0.45553093,0,0,0,0,0,0,0,0,0,0,0,0,0,0,-0.07432577,0.14378367,48.373798,1000,1,0,nan,nan,nan,nan,nan,1300.6553
8.8,2424.6084,-900.46765,-1000,44.785588,22.231759,0,0,-0,0.46076692,0,0,0,0,0,0,0,0,0,0,0,0,0,0,-0.074163575,0.14372595,48.354379,1000,1,0,nan,nan,nan,nan,nan,1299.6113
8.9,2429.0814,-898.23334,-1000,44.668569,22.46595,0,0,-0,0.46600291,0,0,0,0,0,0,0,0,0,0,0,0,0,0,-0.073999148,0.14366835,48.335002,1000,1,0,nan,nan,nan,nan,nan,1298.5699
9,2433.5426,-895.97565,-1000,44.550326,22.699525,0,0,-0,0.4712389,0,0,0,0,0,0,0,0,0,0,0,0,0,0,-0.073832493,0.14361089,48.315668,1000,1,0,nan,nan,nan,nan,nan,1297.5313
9.1,2437.992,-893.69462,-1000,44.430862,22.932478,0,0,-0,0.47647489,0,0,0,0,0,0,0,0,0,0,0,0,0,0,-0.07366361,0.14355355,48.296379,1000,1,0,nan,nan,nan,nan,nan,1296.4954
9.2,2442.4293,-891.39034,-1000,44.310179,23.164802,0,0,-0,0.48171087,0,0,0,0,0,0,0,0,0,0,0,0,0,0,-0.073492503,0.14349635,48.277133,1000,1,0,nan,nan,nan,nan,nan,1295.4624
9.3,2446.8546,-889.06284,-1000,44.188282,23.396491,0,0,-0,0.48694686,0,0,0,0,0,0,0,0,0,0,0,0,0,0,-0.073319174,0.14343928,48.257933,1000,1,0,nan,nan,nan,nan,nan,1294.4321
9.4,2451.2676,-886.71222,-1000,44.065173,23.627538,0,0,-0,0.49218285,0,0,0,0,0,0,0,0,0,0,0,0,0,0,-0.073143625,0.14338234,48.238778,1000,1,0,nan,nan,nan,nan,nan,1293.4047
9.5,2455.6682,-884.33851,-1000,43.940856,23.857938,0,0,-0,0.49741884,0,0,0,0,0,0,0,0,0,0,0,0,0,0,-0.07296586,0.14332554,48.219669,1000,1,0,nan,nan,nan,nan,nan,1292.3802
9.6,2460.0563,-881.9418,-1000,43.815334,24.087684,0,0,-0,0.50265482,0,0,0,0,0,0,0,0,0,0,0,0,0,0,-0.07278588,0.14326888,48.200607,1000,1,0,nan,nan,nan,nan,nan,1291.3586
9.7,2464.4319,-879.52214,-1000,43.688611,24.316769,0,0,-0,0.50789081,0,0,0,0,0,0,0,0,0,0,0,0,0,0,-0.07260369,0.14321237,48.181592,1000,1,0,nan,nan,nan,nan,nan,1290.34
9.8,2468.7946,-877.07961,-1000,43.560691,24.545188,0,0,-0,0.5131268,0,0,0,0,0,0,0,0,0,0,0,0,0,0,-0.072419291,0.14315599,48.162626,1000,1,0,nan,nan,nan,nan,nan,1289.3243
9.9,2473.1446,-874.61427,-1000,43.431576,24.772933,0,0,-0,0.51836279,0,0,0,0,0,0,0,0,0,0,0,0,0,0,-0.072232687,0.14309976,48.143707,1000,1,0,nan,nan,nan,nan,nan,1288.3116
10,2477.4816,-872.12619,-1000,43.30127,25,0,0,-0,0.52359878,0,0,0,0,0,0,0,0,0,0,0,0,0,0,-0.072043881,0.14304367,48.124838,1000,1,0,nan,nan,nan,nan,nan,1287.3019
10.1,2481.8055,-869.61543,-1000,43.169778,25.226381,0,0,-0,0.52883476,0,0,0,0,0,0,0,0,0,0,0,0,0,0,-0.071852875,0.14298773,48.106018,1000,1,0,nan,nan,nan,nan,nan,1286.2953
10.2,2486.1161,-867.08206,-1000,43.037101,25.452071,0,0,-0,0.53407075,0,0,0,0,0,0,0,0,0,0,0,0,0,0,-0.071659674,0.14293194,48.087248,1000,1,0,nan,nan,nan,nan,nan,1285.2917
10.3,2490.4135,-864.52616,-1000,42.903245,25.677063,0,0,-0,0.53930674,0,0,0,0,0,0,0,0,0,0,0,0,0,0,-0.071464281,0.1428763,48.068529,1000,1,0,nan,nan,nan,nan,nan,1284.2912
10.4,2494.6974,-861.9478,-1000,42.768213,25.90135,0,0,-0,0.54454273,0,0,0,0,0,0,0,0,0,0,0,0,0,0,-0.071266698,0.14282082,48.049862,1000,1,0,nan,nan,nan,nan,nan,1283.2939
10.5,2498.9678,-859.34704,-1000,42.632008,26.124928,0,0,-0,0.54977871,0,0,0,0,0,0,0,0,0,0,0,0,0,0,-0.07106693,0.14276548,48.031246,1000,1,0,nan,nan,nan,nan,nan,1282.2998
10.6,2503.2245,-856.72395,-1000,42.494635,26.34779,0,0,-0,0.5550147,0,0,0,0,0,0,0,0,0,0,0,0,0,0,-0.07086498,0.14271031,48.012683,1000,1,0,nan,nan,nan,nan,nan,1281.3088
10.7,2507.4674,-854.07861,-1000,42.356096,26.569929,0,0,-0,0.56025069,0,0,0,0,0,0,0,0,0,0,0,0,0,0,-0.070660852,0.14265529,47.994172,1000,1,0,nan,nan,nan,nan,nan,1280.321
10.8,2511.6964,-851.4111,-1000,42.216396,26.79134,0,0,-0,0.56548668,0,0,0,0,0,0,0,0,0,0,0,0,0,0,-0.070454549,0.14260043,47.975716,1000,1,0,nan,nan,nan,nan,nan,1279.3365
10.9,2515.9113,-848.72148,-1000,42.075539,27.012016,0,0,-0,0.57072267,0,0,0,0,0,0,0,0,0,0,0,0,0,0,-0.070246075,0.14254573,47.957313,1000,1,0,nan,nan,nan,nan,nan,1278.3552
11,2520.1121,-846.00982,-1000,41.933528,27.231952,0,0,-0,0.57595865,0,0,0,0,0,0,0,0,0,0,0,0,0,0,-0.070035435,0.14249119,47.938965,1000,1,0,nan,nan,nan,nan,nan,1277.3772
11.1,2524.2987,-843.27621,-1000,41.790368,27.451141,0,0,-0,0.58119464,0,0,0,0,0,0,0,0,0,0,0,0,0,0,-0.069822632,0.14243682,47.920673,1000,1,0,nan,nan,nan,nan,nan,1276.4026
11.2,2528.4709,-840.52071,-1000,41.646062,27.669577,0,0,-0,0.58643063,0,0,0,0,0,0,0,0,0,0,0,0,0,0,-0.06960767,0.14238262,47.902436,1000,1,0,nan,nan,nan,nan,nan,1275.4313
11.3,2532.6286,-837.74341,-1000,41.500614,27.887255,0,0,-0,0.59166662,0,0,0,0,0,0,0,0,0,0,0,0,0,0,-0.069390553,0.14232858,47.884256,1000,1,0,nan,nan,nan,nan,nan,1274.4633
11.4,2536.7717,-834.94437,-1000,41.354029,28.104169,0,0,-0,0.5969026,0,0,0,0,0,0,0,0,0,0,0,0,0,0,-0.069171287,0.14227471,47.866133,1000,1,0,nan,nan,nan,nan,nan,1273.4988
11.5,2540.9001,-832.12368,-1000,41.206309,28.320312,0,0,-0,0.60213859,0,0,0,0,0,0,0,0,0,0,0,0,0,0,-0.068949874,0.14222101,47.848067,1000,1,0,nan,nan,nan,nan,nan,1272.5377
11.6,2545.0137,-829.28142,-1000,41.05746,28.535678,0,0,-0,0.60737458,0,0,0,0,0,0,0,0,0,0,0,0,0,0,-0.06872632,0.14216749,47.830059,1000,1,0,nan,nan,nan,nan,nan,1271.58
11.7,2549.1123,-826.41765,-1000,40.907486,28.750263,0,0,-0,0.61261057,0,0,0,0,0,0,0,0,0,0,0,0,0,0,-0.068500629,0.14211414,47.81211,1000,1,0,nan,nan,nan,nan,nan,1270.6258
11.8,2553.1959,-823.53246,-1000,40.75639,28.964059,0,0,-0,0.61784656,0,0,0,0,0,0,0,0,0,0,0,0,0,0,-0.068272805,0.14206096,47.794221,1000,1,0,nan,nan,nan,nan,nan,1269.6752
11.9,2557.2643,-820.62593,-1000,40.604176,29.177061,0,0,-0,0.62308254,0,0,0,0,0,0,0,0,0,0,0,0,0,0,-0.068042854,0.14200797,47.776391,1000,1,0,nan,nan,nan,nan,nan,1268.728
12,2561.3174,-817.69814,-1000,40.45085,29.389263,0,0,-0,0.62831853,0,0,0,0,0,0,0,0,0,0,0,0,0,0,-0.06781078,0.14195515,47.758621,1000,1,0,nan,nan,nan,nan,nan,1267.7844
12.1,2565.3552,-814.74916,-1000,40.296414,29.600659,0,0,-0,0.63355452,0,0,0,0,0,0,0,0,0,0,0,0,0,0,-0.067576589,0.14190251,47.740913,1000,1,0,nan,nan,nan,nan,nan,1266.8444
12.2,2569.3775,-811.77909,-1000,40.140874,29.811244,0,0,-0,0.63879051,0,0,0,0,0,0,0,0,0,0,0,0,0,0,-0.067340284,0.14185006,47.723265,1000,1,0,nan,nan,nan,nan,nan,1265.908
12.3,2573.3841,-808.78799,-1000,39.984233,30.021011,0,0,-0,0.64402649,0,0,0,0,0,0,0,0,0,0,0,0,0,0,-0.067101871,0.14179779,47.70568,1000,1,0,nan,nan,nan,nan,nan,1264.9753
12.4,2577.3751,-805.77596,-1000,39.826496,30.229956,0,0,-0,0.64926248,0,0,0,0,0,0,0,0,0,0,0,0,0,0,-0.066861355,0.14174571,47.688157,1000,1,0,nan,nan,nan,nan,nan,1264.0462
12.5,2581.3502,-802.74307,-1000,39.667667,30.438071,0,0,-0,0.65449847,0,0,0,0,0,0,0,0,0,0,0,0,0,0,-0.066618741,0.14169381,47.670698,1000,1,0,nan,nan,nan,nan,nan,1263.1208
12.6,2585.3094,-799.68941,-1000,39.507751,30.645353,0,0,-0,0.65973446,0,0,0,0,0,0,0,0,0,0,0,0,0,0,-0.066374035,0.1416421,47.653302,1000,1,0,nan,nan,nan,nan,nan,1262.1991
12.7,2589.2525,-796.61506,-1000,39.346751,30.851794,0,0,-0,0.66497045,0,0,0,0,0,0,0,0,0,0,0,0,0,0,-0.066127242,0.14159059,47.63597,1000,1,0,nan,nan,nan,nan,nan,1261.2811
12.8,2593.1795,-793.52011,-1000,39.184673,31.057389,0,0,-0,0.67020643,0,0,0,0,0,0,0,0,0,0,0,0,0,0,-0.065878368,0.14153926,47.618703,1000,1,0,nan,nan,nan,nan,nan,1260.3669
12.9,2597.0902,-790.40464,-1000,39.02152,31.262133,0,0,-0,0.67544242,0,0,0,0,0,0,0,0,0,0,0,0,0,0,-0.065627418,0.14148813,47.601501,1000,1,0,nan,nan,nan,nan,nan,1259.4565
13,2600.9846,-787.26874,-1000,38.857298,31.46602,0,0,-0,0.68067841,0,0,0,0,0,0,0,0,0,0,0,0,0,0,-0.065374397,0.1414372,47.584366,1000,1,0,nan,nan,nan,nan,nan,1258.5498
13.1,2604.8624,-784.11248,-1000,38.69201,31.669044,0,0,-0,0.6859144,0,0,0,0,0,0,0,0,0,0,0,0,0,0,-0.065119312,0.14138646,47.567296,1000,1,0,nan,nan,nan,nan,nan,1257.6471
13.2,2608.7238,-780.93597,-1000,38.525662,31.871199,0,0,-0,0.69115038,0,0,0,0,0,0,0,0,0,0,0,0,0,0,-0.064862168,0.14133593,47.550293,1000,1,0,nan,nan,nan,nan,nan,1256.7482
13.3,2612.5684,-777.73928,-1000,38.358258,32.072482,0,0,-0,0.69638637,0,0,0,0,0,0,0,0,0,0,0,0,0,0,-0.064602971,0.14128559,47.533358,1000,1,0,nan,nan,nan,nan,nan,1255.8531
13.4,2616.3962,-774.52251,-1000,38.189801,32.272884,0,0,-0,0.70162236,0,0,0,0,0,0,0,0,0,0,0,0,0,0,-0.064341728,0.14123545,47.516491,1000,1,0,nan,nan,nan,nan,nan,1254.962
13.5,2620.2071,-771.28573,-1000,38.020298,32.472402,0,0,-0,0.70685835,0,0,0,0,0,0,0,0,0,0,0,0,0,0,-0.064078444,0.14118552,47.499692,1000,1,0,nan,nan,nan,nan,nan,1254.0748
13.6,2624.0011,-768.02905,-1000,37.849753,32.67103,0,0,-0,0.71209433,0,0,0,0,0,0,0,0,0,0,0,0,0,0,-0.063813125,0.1411358,47.482963,1000,1,0,nan,nan,nan,nan,nan,1253.1916
13.7,2627.7779,-764.75255,-1000,37.67817,32.868762,0,0,-0,0.71733032,0,0,0,0,0,0,0,0,0,0,0,0,0,0,-0.063545778,0.14108628,47.466303,1000,1,0,nan,nan,nan,nan,nan,1252.3124
13.8,2631.5375,-761.45631,-1000,37.505553,33.065593,0,0,-0,0.72256631,0,0,0,0,0,0,0,0,0,0,0,0,0,0,-0.063276409,0.14103697,47.449713,1000,1,0,nan,nan,nan,nan,nan,1251.4371
13.9,2635.2799,-758.14044,-1000,37.331909,33.261518,0,0,-0,0.7278023,0,0,0,0,0,0,0,0,0,0,0,0,0,0,-0.063005025,0.14098787,47.433194,1000,1,0,nan,nan,nan,nan,nan,1250.5659
14,2639.0048,-754.80502,-1000,37.157241,33.45653,0,0,-0,0.73303829,0,0,0,0,0,0,0,0,0,0,0,0,0,0,-0.062731632,0.14093898,47.416746,1000,1,0,nan,nan,nan,nan,nan,1249.6988
14.1,2642.7122,-751.45014,-1000,36.981555,33.650626,0,0,-0,0.73827427,0,0,0,0,0,0,0,0,0,0,0,0,0,0,-0.062456237,0.1408903,47.400369,1000,1,0,nan,nan,nan,nan,nan,1248.8357
14.2,2646.4019,-748.07589,-1000,36.804854,33.843798,0,0,-0,0.74351026,0,0,0,0,0,0,0,0,0,0,0,0,0,0,-0.062178846,0.14084184,47.384065,1000,1,0,nan,nan,nan,nan,nan,1247.9767
14.3,2650.074,-744.68237,-1000,36.627145,34.036043,0,0,-0,0.74874625,0,0,0,0,0,0,0,0,0,0,0,0,0,0,-0.061899466,0.14079359,47.367834,1000,1,0,nan,nan,nan,nan,nan,1247.1219
14.4,2653.7282,-741.26967,-1000,36.448431,34.227355,0,0,-0,0.75398224,0,0,0,0,0,0,0,0,0,0,0,0,0,0,-0.061618105,0.14074556,47.351675,1000,1,0,nan,nan,nan,nan,nan,1246.2712
14.5,2657.3645,-737.83789,-1000,36.268719,34.417729,0,0,-0,0.75921822,0,0,0,0,0,0,0,0,0,0,0,0,0,0,-0.061334768,0.14069776,47.335591,1000,1,0,nan,nan,nan,nan,nan,1245.4247
14.6,2660.9828,-734.38711,-1000,36.088011,34.607159,0,0,-0,0.76445421,0,0,0,0,0,0,0,0,0,0,0,0,0,0,-0.061049464,0.14065017,47.319581,1000,1,0,nan,nan,nan,nan,nan,1244.5823
14.7,2664.583,-730.91743,-1000,35.906315,34.79564,0,0,-0,0.7696902,0,0,0,0,0,0,0,0,0,0,0,0,0,0,-0.060762199,0.1406028,47.303646,1000,1,0,nan,nan,nan,nan,nan,1243.7442
14.8,2668.165,-727.42895,-1000,35.723634,34.983167,0,0,-0,0.77492619,0,0,0,0,0,0,0,0,0,0,0,0,0,0,-0.060472981,0.14055566,47.287786,1000,1,0,nan,nan,nan,nan,nan,1242.9104
14.9,2671.7286,-723.92177,-1000,35.539974,35.169735,0,0,-0,0.78016218,0,0,0,0,0,0,0,0,0,0,0,0,0,0,-0.060181816,0.14050875,47.272001,1000,1,0,nan,nan,nan,nan,nan,1242.0808
15,2675.2738,-720.39597,-1000,35.355339,35.355339,0,0,-0,0.78539816,0,0,0,0,0,0,0,0,0,0,0,0,0,0,-0.059888713,0.14046206,47.256294,1000,1,0,nan,nan,nan,nan,nan,1241.2555
15.1,2678.8006,-716.85166,-1000,35.169735,35.539974,0,0,-0,0.79063415,0,0,0,0,0,0,0,0,0,0,0,0,0,0,-0.059593678,0.1404156,47.240663,1000,1,0,nan,nan,nan,nan,nan,1240.4344
15.2,2682.3087,-713.28893,-1000,34.983167,35.723634,0,0,-0,0.79587014,0,0,0,0,0,0,0,0,0,0,0,0,0,0,-0.05929672,0.14036937,47.225109,1000,1,0,nan,nan,nan,nan,nan,1239.6178
15.3,2685.7981,-709.70788,-1000,34.79564,35.906315,0,0,-0,0.80110613,0,0,0,0,0,0,0,0,0,0,0,0,0,0,-0.058997847,0.14032337,47.209633,1000,1,0,nan,nan,nan,nan,nan,1238.8055
15.4,2689.2687,-706.10861,-1000,34.607159,36.088011,0,0,-0,0.80634211,0,0,0,0,0,0,0,0,0,0,0,0,0,0,-0.058697065,0.1402776,47.194236,1000,1,0,nan,nan,nan,nan,nan,1237.9975
15.5,2692.7205,-702.49121,-1000,34.417729,36.268719,0,0,-0,0.8115781,0,0,0,0,0,0,0,0,0,0,0,0,0,0,-0.058394382,0.14023207,47.178917,1000,1,0,nan,nan,nan,nan,nan,1237.194
15.6,2696.1532,-698.8558,-1000,34.227355,36.448431,0,0,-0,0.81681409,0,0,0,0,0,0,0,0,0,0,0,0,0,0,-0.058089808,0.14018677,47.163678,1000,1,0,nan,nan,nan,nan,nan,1236.3949
15.7,2699.5668,-695.20246,-1000,34.036043,36.627145,0,0,-0,0.82205008,0,0,0,0,0,0,0,0,0,0,0,0,0,0,-0.057783349,0.14014171,47.148519,1000,1,0,nan,nan,nan,nan,nan,1235.6002
15.8,2702.9613,-691.53129,-1000,33.843798,36.804854,0,0,-0,0.82728607,0,0,0,0,0,0,0,0,0,0,0,0,0,0,-0.057475014,0.14009689,47.13344,1000,1,0,nan,nan,nan,nan,nan,1234.81
15.9,2706.3365,-687.84241,-1000,33.650626,36.981555,0,0,-0,0.83252205,0,0,0,0,0,0,0,0,0,0,0,0,0,0,-0.057164811,0.14005231,47.118442,1000,1,0,nan,nan,nan,nan,nan,1234.0243
16,2709.6924,-684.1359,-1000,33.45653,37.157241,0,0,-0,0.83775804,0,0,0,0,0,0,0,0,0,0,0,0,0,0,-0.056852748,0.14000798,47.103525,1000,1,0,nan,nan,nan,nan,nan,1233.243
16.1,2713.0288,-680.41187,-1000,33.261518,37.331909,0,0,-0,0.84299403,0,0,0,0,0,0,0,0,0,0,0,0,0,0,-0.056538834,0.13996388,47.08869,1000,1,0,nan,nan,nan,nan,nan,1232.4664
16.2,2716.3456,-676.67042,-1000,33.065593,37.505553,0,0,-0,0.84823002,0,0,0,0,0,0,0,0,0,0,0,0,0,0,-0.056223077,0.13992003,47.073937,1000,1,0,nan,nan,nan,nan,nan,1231.6942
16.3,2719.6429,-672.91166,-1000,32.868762,37.67817,0,0,-0,0.853466,0,0,0,0,0,0,0,0,0,0,0,0,0,0,-0.055905486,0.13987643,47.059267,1000,1,0,nan,nan,nan,nan,nan,1230.9267
16.4,2722.9203,-669.13568,-1000,32.67103,37.849753,0,0,-0,0.85870199,0,0,0,0,0,0,0,0,0,0,0,0,0,0,-0.055586069,0.13983307,47.044681,1000,1,0,nan,nan,nan,nan,nan,1230.1637
16.5,2726.178,-665.3426,-1000,32.472402,38.020298,0,0,-0,0.86393798,0,0,0,0,0,0,0,0,0,0,0,0,0,0,-0.055264835,0.13978996,47.030178,1000,1,0,nan,nan,nan,nan,nan,1229.4053
16.6,2729.4158,-661.53251,-1000,32.272884,38.189801,0,0,-0,0.86917397,0,0,0,0,0,0,0,0,0,0,0,0,0,0,-0.054941794,0.13974711,47.015759,1000,1,0,nan,nan,nan,nan,nan,1228.6516
16.7,2732.6336,-657.70552,-1000,32.072482,38.358258,0,0,-0,0.87440996,0,0,0,0,0,0,0,0,0,0,0,0,0,0,-0.054616953,0.1397045,47.001425,1000,1,0,nan,nan,nan,nan,nan,1227.9026
16.8,2735.8313,-653.86173,-1000,31.871199,38.525662,0,0,-0,0.87964594,0,0,0,0,0,0,0,0,0,0,0,0,0,0,-0.054290322,0.13966215,46.987176,1000,1,0,nan,nan,nan,nan,nan,1227.1582
16.9,2739.0088,-650.00125,-1000,31.669044,38.69201,0,0,-0,0.88488193,0,0,0,0,0,0,0,0,0,0,0,0,0,0,-0.05396191,0.13962005,46.973013,1000,1,0,nan,nan,nan,nan,nan,1226.4185
17,2742.1661,-646.12419,-1000,31.46602,38.857298,0,0,-0,0.89011792,0,0,0,0,0,0,0,0,0,0,0,0,0,0,-0.053631726,0.13957821,46.958935,1000,1,0,nan,nan,nan,nan,nan,1225.6835
17.1,2745.303,-642.23065,-1000,31.262133,39.02152,0,0,-0,0.89535391,0,0,0,0,0,0,0,0,0,0,0,0,0,0,-0.053299779,0.13953662,46.944945,1000,1,0,nan,nan,nan,nan,nan,1224.9533
17.2,2748.4195,-638.32074,-1000,31.057389,39.184673,0,0,-0,0.90058989,0,0,0,0,0,0,0,0,0,0,0,0,0,0,-0.052966079,0.13949529,46.931041,1000,1,0,nan,nan,nan,nan,nan,1224.2278
17.3,2751.5155,-634.39457,-1000,30.851794,39.346751,0,0,-0,0.90582588,0,0,0,0,0,0,0,0,0,0,0,0,0,0,-0.052630635,0.13945423,46.917225,1000,1,0,nan,nan,nan,nan,nan,1223.5071
17.4,2754.5908,-630.45224,-1000,30.645353,39.507751,0,0,-0,0.91106187,0,0,0,0,0,0,0,0,0,0,0,0,0,0,-0.052293456,0.13941342,46.903497,1000,1,0,nan,nan,nan,nan,nan,1222.7912
17.5,2757.6455,-626.49386,-1000,30.438071,39.667667,0,0,-0,0.91629786,0,0,0,0,0,0,0,0,0,0,0,0,0,0,-0.051954553,0.13937288,46.889857,1000,1,0,nan,nan,nan,nan,nan,1222.0801
17.6,2760.6795,-622.51954,-1000,30.229956,39.826496,0,0,-0,0.92153385,0,0,0,0,0,0,0,0,0,0,0,0,0,0,-0.051613934,0.1393326,46.876306,1000,1,0,nan,nan,nan,nan,nan,1221.3738
17.7,2763.6925,-618.52938,-1000,30.021011,39.984233,0,0,-0,0.92676983,0,0,0,0,0,0,0,0,0,0,0,0,0,0,-0.05127161,0.13929259,46.862844,1000,1,0,nan,nan,nan,nan,nan,1220.6724
17.8,2766.6847,-614.52351,-1000,29.811244,40.140874,0,0,-0,0.93200582,0,0,0,0,0,0,0,0,0,0,0,0,0,0,-0.050927591,0.13925284,46.849472,1000,1,0,nan,nan,nan,nan,nan,1219.9759
17.9,2769.6558,-610.50203,-1000,29.600659,40.296414,0,0,-0,0.93724181,0,0,0,0,0,0,0,0,0,0,0,0,0,0,-0.050581886,0.13921336,46.83619,1000,1,0,nan,nan,nan,nan,nan,1219.2843
18,2772.6058,-606.46504,-1000,29.389263,40.45085,0,0,-0,0.9424778,0,0,0,0,0,0,0,0,0,0,0,0,0,0,-0.050234505,0.13917415,46.822999,1000,1,0,nan,nan,nan,nan,nan,1218.5976
18.1,2775.5347,-602.41266,-1000,29.177061,40.604176,0,0,-0,0.94771378,0,0,0,0,0,0,0,0,0,0,0,0,0,0,-0.049885458,0.13913522,46.809898,1000,1,0,nan,nan,nan,nan,nan,1217.9158
18.2,2778.4423,-598.34501,-1000,28.964059,40.75639,0,0,-0,0.95294977,0,0,0,0,0,0,0,0,0,0,0,0,0,0,-0.049534757,0.13909655,46.79689,1000,1,0,nan,nan,nan,nan,nan,1217.2389
18.3,2781.3286,-594.26218,-1000,28.750263,40.907486,0,0,-0,0.95818576,0,0,0,0,0,0,0,0,0,0,0,0,0,0,-0.04918241,0.13905816,46.783973,1000,1,0,nan,nan,nan,nan,nan,1216.5671
18.4,2784.1934,-590.1643,-1000,28.535678,41.05746,0,0,-0,0.96342175,0,0,0,0,0,0,0,0,0,0,0,0,0,0,-0.048828428,0.13902004,46.771148,1000,1,0,nan,nan,nan,nan,nan,1215.9002
18.5,2787.0367,-586.05147,-1000,28.320312,41.206309,0,0,-0,0.96865773,0,0,0,0,0,0,0,0,0,0,0,0,0,0,-0.048472822,0.13898219,46.758417,1000,1,0,nan,nan,nan,nan,nan,1215.2383
18.6,2789.8585,-581.92382,-1000,28.104169,41.354029,0,0,-0,0.97389372,0,0,0,0,0,0,0,0,0,0,0,0,0,0,-0.048115602,0.13894463,46.745778,1000,1,0,nan,nan,nan,nan,nan,1214.5814
18.7,2792.6586,-577.78144,-1000,27.887255,41.500614,0,0,-0,0.97912971,0,0,0,0,0,0,0,0,0,0,0,0,0,0,-0.047756779,0.13890734,46.733233,1000,1,0,nan,nan,nan,nan,nan,1213.9296
18.8,2795.437,-573.62446,-1000,27.669577,41.646062,0,0,-0,0.9843657,0,0,0,0,0,0,0,0,0,0,0,0,0,0,-0.047396363,0.13887033,46.720782,1000,1,0,nan,nan,nan,nan,nan,1213.2829
18.9,2798.1936,-569.45299,-1000,27.451141,41.790368,0,0,-0,0.98960169,0,0,0,0,0,0,0,0,0,0,0,0,0,0,-0.047034366,0.13883361,46.708426,1000,1,0,nan,nan,nan,nan,nan,1212.6412
19,2800.9283,-565.26715,-1000,27.231952,41.933528,0,0,-0,0.99483767,0,0,0,0,0,0,0,0,0,0,0,0,0,0,-0.046670797,0.13879716,46.696164,1000,1,0,nan,nan,nan,nan,nan,1212.0046
19.1,2803.6411,-561.06704,-1000,27.012016,42.075539,0,0,-0,1.0000737,0,0,0,0,0,0,0,0,0,0,0,0,0,0,-0.046305668,0.138761,46.683998,1000,1,0,nan,nan,nan,nan,nan,1211.3731
19.2,2806.3318,-556.85278,-1000,26.79134,42.216396,0,0,-0,1.0053096,0,0,0,0,0,0,0,0,0,0,0,0,0,0,-0.04593899,0.13872512,46.671928,1000,1,0,nan,nan,nan,nan,nan,1210.7468
19.3,2809.0004,-552.6245,-1000,26.569929,42.356096,0,0,-0,1.0105456,0,0,0,0,0,0,0,0,0,0,0,0,0,0,-0.045570774,0.13868953,46.659953,1000,1,0,nan,nan,nan,nan,nan,1210.1256
19.4,2811.6469,-548.3823,-1000,26.34779,42.494635,0,0,-0,1.0157816,0,0,0,0,0,0,0,0,0,0,0,0,0,0,-0.045201031,0.13865422,46.648075,1000,1,0,nan,nan,nan,nan,nan,1209.5096
19.5,2814.2711,-544.1263,-1000,26.124928,42.632008,0,0,-0,1.0210176,0,0,0,0,0,0,0,0,0,0,0,0,0,0,-0.044829773,0.1386192,46.636294,1000,1,0,nan,nan,nan,nan,nan,1208.8987
19.6,2816.8729,-539.85662,-1000,25.90135,42.768213,0,0,-0,1.0262536,0,0,0,0,0,0,0,0,0,0,0,0,0,0,-0.04445701,0.13858448,46.62461,1000,1,0,nan,nan,nan,nan,nan,1208.2931
19.7,2819.4524,-535.57337,-1000,25.677063,42.903245,0,0,-0,1.0314896,0,0,0,0,0,0,0,0,0,0,0,0,0,0,-0.044082754,0.13855004,46.613024,1000,1,0,nan,nan,nan,nan,nan,1207.6926
19.8,2822.0095,-531.27668,-1000,25.452071,43.037101,0,0,-0,1.0367256,0,0,0,0,0,0,0,0,0,0,0,0,0,0,-0.043707016,0.13851589,46.601536,1000,1,0,nan,nan,nan,nan,nan,1207.0974
19.9,2824.5439,-526.96666,-1000,25.226381,43.169778,0,0,-0,1.0419616,0,0,0,0,0,0,0,0,0,0,0,0,0,0,-0.043329808,0.13848204,46.590147,1000,1,0,nan,nan,nan,nan,nan,1206.5075
20,2827.0558,-522.64343,-1000,25,43.30127,0,0,-0,1.0471976,0,0,0,0,0,0,0,0,0,0,0,0,0,0,-0.042951142,0.13844848,46.578856,1000,1,0,nan,nan,nan,nan,nan,1205.9228
20.1,2829.5451,-518.3071,-1000,24.772933,43.431576,0,0,-0,1.0524335,0,0,0,0,0,0,0,0,0,0,0,0,0,0,-0.042571029,0.13841521,46.567665,1000,1,0,nan,nan,nan,nan,nan,1205.3433
20.2,2832.0115,-513.9578,-1000,24.545188,43.560691,0,0,-0,1.0576695,0,0,0,0,0,0,0,0,0,0,0,0,0,0,-0.042189481,0.13838225,46.556573,1000,1,0,nan,nan,nan,nan,nan,1204.7692
20.3,2834.4552,-509.59564,-1000,24.316769,43.688611,0,0,-0,1.0629055,0,0,0,0,0,0,0,0,0,0,0,0,0,0,-0.04180651,0.13834957,46.545581,1000,1,0,nan,nan,nan,nan,nan,1204.2004
20.4,2836.876,-505.22075,-1000,24.087684,43.815334,0,0,-0,1.0681415,0,0,0,0,0,0,0,0,0,0,0,0,0,0,-0.041422128,0.1383172,46.53469,1000,1,0,nan,nan,nan,nan,nan,1203.6369
20.5,2839.2739,-500.83325,-1000,23.857938,43.940856,0,0,-0,1.0733775,0,0,0,0,0,0,0,0,0,0,0,0,0,0,-0.041036347,0.13828513,46.523899,1000,1,0,nan,nan,nan,nan,nan,1203.0788
20.6,2841.6487,-496.43325,-1000,23.627538,44.065173,0,0,-0,1.0786135,0,0,0,0,0,0,0,0,0,0,0,0,0,0,-0.040649178,0.13825335,46.513209,1000,1,0,nan,nan,nan,nan,nan,1202.526
20.7,2844.0005,-492.02087,-1000,23.396491,44.188282,0,0,-0,1.0838495,0,0,0,0,0,0,0,0,0,0,0,0,0,0,-0.040260634,0.13822188,46.502621,1000,1,0,nan,nan,nan,nan,nan,1201.9785
20.8,2846.3292,-487.59624,-1000,23.164802,44.310179,0,0,-0,1.0890855,0,0,0,0,0,0,0,0,0,0,0,0,0,0,-0.039870728,0.13819071,46.492134,1000,1,0,nan,nan,nan,nan,nan,1201.4365
20.9,2848.6346,-483.15948,-1000,22.932478,44.430862,0,0,-0,1.0943214,0,0,0,0,0,0,0,0,0,0,0,0,0,0,-0.03947947,0.13815985,46.48175,1000,1,0,nan,nan,nan,nan,nan,1200.8999
21,2850.9168,-478.71071,-1000,22.699525,44.550326,0,0,-0,1.0995574,0,0,0,0,0,0,0,0,0,0,0,0,0,0,-0.039086875,0.13812929,46.471469,1000,1,0,nan,nan,nan,nan,nan,1200.3687
21.1,2853.1757,-474.25005,-1000,22.46595,44.668569,0,0,-0,1.1047934,0,0,0,0,0,0,0,0,0,0,0,0,0,0,-0.038692954,0.13809903,46.46129,1000,1,0,nan,nan,nan,nan,nan,1199.8429
21.2,2855.4111,-469.77763,-1000,22.231759,44.785588,0,0,-0,1.1100294,0,0,0,0,0,0,0,0,0,0,0,0,0,0,-0.038297719,0.13806908,46.451214,1000,1,0,nan,nan,nan,nan,nan,1199.3225
21.3,2857.6232,-465.29356,-1000,21.996958,44.901379,0,0,-0,1.1152654,0,0,0,0,0,0,0,0,0,0,0,0,0,0,-0.037901184,0.13803944,46.441242,1000,1,0,nan,nan,nan,nan,nan,1198.8077
21.4,2859.8117,-460.79797,-1000,21.761555,45.015939,0,0,-0,1.1205014,0,0,0,0,0,0,0,0,0,0,0,0,0,0,-0.037503361,0.13801011,46.431374,1000,1,0,nan,nan,nan,nan,nan,1198.2983
21.5,2861.9766,-456.29098,-1000,21.525555,45.129264,0,0,-0,1.1257374,0,0,0,0,0,0,0,0,0,0,0,0,0,0,-0.037104262,0.13798109,46.42161,1000,1,0,nan,nan,nan,nan,nan,1197.7943
21.6,2864.118,-451.77272,-1000,21.288965,45.241353,0,0,-0,1.1309734,0,0,0,0,0,0,0,0,0,0,0,0,0,0,-0.036703901,0.13795238,46.411951,1000,1,0,nan,nan,nan,nan,nan,1197.2959
21.7,2866.2356,-447.24331,-1000,21.051791,45.352201,0,0,-0,1.1362093,0,0,0,0,0,0,0,0,0,0,0,0,0,0,-0.036302289,0.13792398,46.402396,1000,1,0,nan,nan,nan,nan,nan,1196.803
21.8,2868.3295,-442.70287,-1000,20.81404,45.461805,0,0,-0,1.1414453,0,0,0,0,0,0,0,0,0,0,0,0,0,0,-0.035899441,0.13789589,46.392947,1000,1,0,nan,nan,nan,nan,nan,1196.3156
21.9,2870.3996,-438.15154,-1000,20.575718,45.570164,0,0,-0,1.1466813,0,0,0,0,0,0,0,0,0,0,0,0,0,0,-0.035495369,0.13786812,46.383604,1000,1,0,nan,nan,nan,nan,nan,1195.8338
22,2872.4458,-433.58942,-1000,20.336832,45.677273,0,0,-0,1.1519173,0,0,0,0,0,0,0,0,0,0,0,0,0,0,-0.035090086,0.13784066,46.374366,1000,1,0,nan,nan,nan,nan,nan,1195.3575
22.1,2874.4681,-429.01666,-1000,20.097389,45.78313,0,0,-0,1.1571533,0,0,0,0,0,0,0,0,0,0,0,0,0,0,-0.034683606,0.13781352,46.365234,1000,1,0,nan,nan,nan,nan,nan,1194.8868
22.2,2876.4665,-424.43336,-1000,19.857395,45.887731,0,0,-0,1.1623893,0,0,0,0,0,0,0,0,0,0,0,0,0,0,-0.03427594,0.1377867,46.356209,1000,1,0,nan,nan,nan,nan,nan,1194.4217
22.3,2878.4408,-419.83967,-1000,19.616856,45.991075,0,0,-0,1.1676253,0,0,0,0,0,0,0,0,0,0,0,0,0,0,-0.033867104,0.13776019,46.347291,1000,1,0,nan,nan,nan,nan,nan,1193.9622
22.4,2880.391,-415.2357,-1000,19.375779,46.093158,0,0,-0,1.1728613,0,0,0,0,0,0,0,0,0,0,0,0,0,0,-0.033457109,0.137734,46.33848,1000,1,0,nan,nan,nan,nan,nan,1193.5083
22.5,2882.3171,-410.62159,-1000,19.134172,46.193977,0,0,-0,1.1780972,0,0,0,0,0,0,0,0,0,0,0,0,0,0,-0.033045969,0.13770813,46.329776,1000,1,0,nan,nan,nan,nan,nan,1193.0599
22.6,2884.219,-405.99745,-1000,18.892039,46.293529,0,0,-0,1.1833332,0,0,0,0,0,0,0,0,0,0,0,0,0,0,-0.032633698,0.13768258,46.321181,1000,1,0,nan,nan,nan,nan,nan,1192.6173
22.7,2886.0967,-401.36342,-1000,18.649389,46.391813,0,0,-0,1.1885692,0,0,0,0,0,0,0,0,0,0,0,0,0,0,-0.03222031,0.13765735,46.312693,1000,1,0,nan,nan,nan,nan,nan,1192.1802
22.8,2887.9501,-396.71962,-1000,18.406228,46.488824,0,0,-0,1.1938052,0,0,0,0,0,0,0,0,0,0,0,0,0,0,-0.031805817,0.13763244,46.304313,1000,1,0,nan,nan,nan,nan,nan,1191.7489
22.9,2889.7792,-392.06618,-1000,18.162562,46.584561,0,0,-0,1.1990412,0,0,0,0,0,0,0,0,0,0,0,0,0,0,-0.031390233,0.13760786,46.296042,1000,1,0,nan,nan,nan,nan,nan,1191.3232
23,2891.5838,-387.40323,-1000,17.918397,46.679021,0,0,-0,1.2042772,0,0,0,0,0,0,0,0,0,0,0,0,0,0,-0.030973573,0.1375836,46.28788,1000,1,0,nan,nan,nan,nan,nan,1190.9031
23.1,2893.3641,-382.73089,-1000,17.673742,46.772202,0,0,-0,1.2095132,0,0,0,0,0,0,0,0,0,0,0,0,0,0,-0.030555849,0.13755966,46.279827,1000,1,0,nan,nan,nan,nan,nan,1190.4888
23.2,2895.1198,-378.04929,-1000,17.428602,46.864099,0,0,-0,1.2147492,0,0,0,0,0,0,0,0,0,0,0,0,0,0,-0.030137076,0.13753605,46.271884,1000,1,0,nan,nan,nan,nan,nan,1190.0802
23.3,2896.851,-373.35857,-1000,17.182985,46.954713,0,0,-0,1.2199851,0,0,0,0,0,0,0,0,0,0,0,0,0,0,-0.029717267,0.13751277,46.26405,1000,1,0,nan,nan,nan,nan,nan,1189.6772
23.4,2898.5576,-368.65884,-1000,16.936896,47.044038,0,0,-0,1.2252211,0,0,0,0,0,0,0,0,0,0,0,0,0,0,-0.029296437,0.13748981,46.256326,1000,1,0,nan,nan,nan,nan,nan,1189.28
23.5,2900.2396,-363.95025,-1000,16.690343,47.132075,0,0,-0,1.2304571,0,0,0,0,0,0,0,0,0,0,0,0,0,0,-0.028874598,0.13746718,46.248712,1000,1,0,nan,nan,nan,nan,nan,1188.8886
23.6,2901.8969,-359.23291,-1000,16.443332,47.218819,0,0,-0,1.2356931,0,0,0,0,0,0,0,0,0,0,0,0,0,0,-0.028451766,0.13744488,46.241209,1000,1,0,nan,nan,nan,nan,nan,1188.5028
23.7,2903.5295,-354.50696,-1000,16.195871,47.304268,0,0,-0,1.2409291,0,0,0,0,0,0,0,0,0,0,0,0,0,0,-0.028027955,0.1374229,46.233817,1000,1,0,nan,nan,nan,nan,nan,1188.1229
23.8,2905.1373,-349.77252,-1000,15.947965,47.388421,0,0,-0,1.2461651,0,0,0,0,0,0,0,0,0,0,0,0,0,0,-0.027603177,0.13740126,46.226536,1000,1,0,nan,nan,nan,nan,nan,1187.7487
23.9,2906.7203,-345.02973,-1000,15.699623,47.471274,0,0,-0,1.2514011,0,0,0,0,0,0,0,0,0,0,0,0,0,0,-0.027177449,0.13737995,46.219366,1000,1,0,nan,nan,nan,nan,nan,1187.3803
24,2908.2784,-340.27872,-1000,15.45085,47.552826,0,0,-0,1.2566371,0,0,0,0,0,0,0,0,0,0,0,0,0,0,-0.026750783,0.13735897,46.212308,1000,1,0,nan,nan,nan,nan,nan,1187.0176
24.1,2909.8117,-335.51961,-1000,15.201653,47.633074,0,0,-0,1.261873,0,0,0,0,0,0,0,0,0,0,0,0,0,0,-0.026323194,0.13733832,46.205361,1000,1,0,nan,nan,nan,nan,nan,1186.6608
24.2,2911.32,-330.75255,-1000,14.95204,47.712016,0,0,-0,1.267109,0,0,0,0,0,0,0,0,0,0,0,0,0,0,-0.025894697,0.13731801,46.198527,1000,1,0,nan,nan,nan,nan,nan,1186.3098
24.3,2912.8033,-325.97765,-1000,14.702016,47.789651,0,0,-0,1.272345,0,0,0,0,0,0,0,0,0,0,0,0,0,0,-0.025465306,0.13729803,46.191804,1000,1,0,nan,nan,nan,nan,nan,1185.9646
24.4,2914.2616,-321.19505,-1000,14.45159,47.865975,0,0,-0,1.277581,0,0,0,0,0,0,0,0,0,0,0,0,0,0,-0.025035035,0.13727838,46.185195,1000,1,0,nan,nan,nan,nan,nan,1185.6252
24.5,2915.6949,-316.40487,-1000,14.200767,47.940987,0,0,-0,1.282817,0,0,0,0,0,0,0,0,0,0,0,0,0,0,-0.024603899,0.13725907,46.178698,1000,1,0,nan,nan,nan,nan,nan,1185.2916
24.6,2917.103,-311.60726,-1000,13.949555,48.014684,0,0,-0,1.288053,0,0,0,0,0,0,0,0,0,0,0,0,0,0,-0.024171912,0.13724009,46.172313,1000,1,0,nan,nan,nan,nan,nan,1184.9639
24.7,2918.4861,-306.80235,-1000,13.697961,48.087065,0,0,-0,1.293289,0,0,0,0,0,0,0,0,0,0,0,0,0,0,-0.023739089,0.13722145,46.166042,1000,1,0,nan,nan,nan,nan,nan,1184.6421
24.8,2919.8439,-301.99025,-1000,13.445991,48.158128,0,0,-0,1.298525,0,0,0,0,0,0,0,0,0,0,0,0,0,0,-0.023305445,0.13720315,46.159885,1000,1,0,nan,nan,nan,nan,nan,1184.3261
24.9,2921.1765,-297.17112,-1000,13.193652,48.227871,0,0,-0,1.303761,0,0,0,0,0,0,0,0,0,0,0,0,0,0,-0.022870994,0.13718519,46.153841,1000,1,0,nan,nan,nan,nan,nan,1184.016
25,2922.4839,-292.34507,-1000,12.940952,48.296291,0,0,-0,1.3089969,0,0,0,0,0,0,0,0,0,0,0,0,0,0,-0.022435751,0.13716756,46.147911,1000,1,0,nan,nan,nan,nan,nan,1183.7117
25.1,2923.7659,-287.51224,-1000,12.687897,48.363388,0,0,-0,1.3142329,0,0,0,0,0,0,0,0,0,0,0,0,0,0,-0.021999731,0.13715027,46.142095,1000,1,0,nan,nan,nan,nan,nan,1183.4134
25.2,2925.0227,-282.67277,-1000,12.434494,48.429158,0,0,-0,1.3194689,0,0,0,0,0,0,0,0,0,0,0,0,0,0,-0.021562948,0.13713332,46.136393,1000,1,0,nan,nan,nan,nan,nan,1183.1209
25.3,2926.2541,-277.82678,-1000,12.180751,48.493601,0,0,-0,1.3247049,0,0,0,0,0,0,0,0,0,0,0,0,0,0,-0.021125418,0.13711672,46.130805,1000,1,0,nan,nan,nan,nan,nan,1182.8343
25.4,2927.4601,-272.97441,-1000,11.926673,48.556714,0,0,-0,1.3299409,0,0,0,0,0,0,0,0,0,0,0,0,0,0,-0.020687155,0.13710045,46.125332,1000,1,0,nan,nan,nan,nan,nan,1182.5537
25.5,2928.6407,-268.11579,-1000,11.672268,48.618496,0,0,-0,1.3351769,0,0,0,0,0,0,0,0,0,0,0,0,0,0,-0.020248174,0.13708452,46.119974,1000,1,0,nan,nan,nan,nan,nan,1182.279
25.6,2929.7958,-263.25106,-1000,11.417544,48.678945,0,0,-0,1.3404129,0,0,0,0,0,0,0,0,0,0,0,0,0,0,-0.019808491,0.13706894,46.114731,1000,1,0,nan,nan,nan,nan,nan,1182.0102
25.7,2930.9255,-258.38035,-1000,11.162506,48.73806,0,0,-0,1.3456489,0,0,0,0,0,0,0,0,0,0,0,0,0,0,-0.019368119,0.1370537,46.109603,1000,1,0,nan,nan,nan,nan,nan,1181.7473
25.8,2932.0296,-253.50379,-1000,10.907162,48.795838,0,0,-0,1.3508848,0,0,0,0,0,0,0,0,0,0,0,0,0,0,-0.018927075,0.1370388,46.104591,1000,1,0,nan,nan,nan,nan,nan,1181.4904
25.9,2933.1082,-248.62151,-1000,10.651519,48.852279,0,0,-0,1.3561208,0,0,0,0,0,0,0,0,0,0,0,0,0,0,-0.018485374,0.13702424,46.099694,1000,1,0,nan,nan,nan,nan,nan,1181.2394
26,2934.1612,-243.73365,-1000,10.395585,48.90738,0,0,-0,1.3613568,0,0,0,0,0,0,0,0,0,0,0,0,0,0,-0.01804303,0.13701003,46.094913,1000,1,0,nan,nan,nan,nan,nan,1180.9944
26.1,2935.1886,-238.84035,-1000,10.139365,48.961141,0,0,-0,1.3665928,0,0,0,0,0,0,0,0,0,0,0,0,0,0,-0.017600059,0.13699616,46.090247,1000,1,0,nan,nan,nan,nan,nan,1180.7554
26.2,2936.1903,-233.94174,-1000,9.882867,49.013559,0,0,-0,1.3718288,0,0,0,0,0,0,0,0,0,0,0,0,0,0,-0.017156476,0.13698264,46.085698,1000,1,0,nan,nan,nan,nan,nan,1180.5223
26.3,2937.1664,-229.03794,-1000,9.6260983,49.064633,0,0,-0,1.3770648,0,0,0,0,0,0,0,0,0,0,0,0,0,0,-0.016712296,0.13696946,46.081264,1000,1,0,nan,nan,nan,nan,nan,1180.2952
26.4,2938.1168,-224.12911,-1000,9.3690657,49.114363,0,0,-0,1.3823008,0,0,0,0,0,0,0,0,0,0,0,0,0,0,-0.016267534,0.13695663,46.076948,1000,1,0,nan,nan,nan,nan,nan,1180.074
26.5,2939.0415,-219.21536,-1000,9.1117763,49.162745,0,0,-0,1.3875368,0,0,0,0,0,0,0,0,0,0,0,0,0,0,-0.015822206,0.13694415,46.072747,1000,1,0,nan,nan,nan,nan,nan,1179.8589
26.6,2939.9404,-214.29684,-1000,8.854237,49.20978,0,0,-0,1.3927727,0,0,0,0,0,0,0,0,0,0,0,0,0,0,-0.015376328,0.13693201,46.068664,1000,1,0,nan,nan,nan,nan,nan,1179.6498
26.7,2940.8136,-209.37368,-1000,8.596455,49.255466,0,0,-0,1.3980087,0,0,0,0,0,0,0,0,0,0,0,0,0,0,-0.014929914,0.13692022,46.064697,1000,1,0,nan,nan,nan,nan,nan,1179.4466
26.8,2941.661,-204.44602,-1000,8.3384373,49.299802,0,0,-0,1.4032447,0,0,0,0,0,0,0,0,0,0,0,0,0,0,-0.01448298,0.13690878,46.060847,1000,1,0,nan,nan,nan,nan,nan,1179.2495
26.9,2942.4826,-199.51398,-1000,8.0801911,49.342786,0,0,-0,1.4084807,0,0,0,0,0,0,0,0,0,0,0,0,0,0,-0.014035541,0.13689768,46.057114,1000,1,0,nan,nan,nan,nan,nan,1179.0583
27,2943.2783,-194.57772,-1000,7.8217233,49.384417,0,0,-0,1.4137167,0,0,0,0,0,0,0,0,0,0,0,0,0,0,-0.013587613,0.13688693,46.053498,1000,1,0,nan,nan,nan,nan,nan,1178.8732
27.1,2944.0482,-189.63735,-1000,7.563041,49.424694,0,0,-0,1.4189527,0,0,0,0,0,0,0,0,0,0,0,0,0,0,-0.013139212,0.13687653,46.049999,1000,1,0,nan,nan,nan,nan,nan,1178.6941
27.2,2944.7922,-184.69302,-1000,7.3041514,49.463617,0,0,-0,1.4241887,0,0,0,0,0,0,0,0,0,0,0,0,0,0,-0.012690352,0.13686648,46.046618,1000,1,0,nan,nan,nan,nan,nan,1178.521
27.3,2945.5103,-179.74486,-1000,7.0450616,49.501183,0,0,-0,1.4294247,0,0,0,0,0,0,0,0,0,0,0,0,0,0,-0.01224105,0.13685678,46.043355,1000,1,0,nan,nan,nan,nan,nan,1178.354
27.4,2946.2025,-174.79301,-1000,6.7857786,49.537392,0,0,-0,1.4346606,0,0,0,0,0,0,0,0,0,0,0,0,0,0,-0.011791321,0.13684743,46.040209,1000,1,0,nan,nan,nan,nan,nan,1178.193
27.5,2946.8688,-169.83761,-1000,6.5263096,49.572243,0,0,-0,1.4398966,0,0,0,0,0,0,0,0,0,0,0,0,0,0,-0.01134118,0.13683843,46.037181,1000,1,0,nan,nan,nan,nan,nan,1178.038
27.6,2947.5091,-164.87878,-1000,6.2666617,49.605735,0,0,-0,1.4451326,0,0,0,0,0,0,0,0,0,0,0,0,0,0,-0.010890644,0.13682978,46.034271,1000,1,0,nan,nan,nan,nan,nan,1177.8891
27.7,2948.1234,-159.91667,-1000,6.0068419,49.637867,0,0,-0,1.4503686,0,0,0,0,0,0,0,0,0,0,0,0,0,0,-0.010439727,0.13682148,46.031479,1000,1,0,nan,nan,nan,nan,nan,1177.7462
27.8,2948.7117,-154.95141,-1000,5.7468575,49.668638,0,0,-0,1.4556046,0,0,0,0,0,0,0,0,0,0,0,0,0,0,-0.0099884463,0.13681354,46.028805,1000,1,0,nan,nan,nan,nan,nan,1177.6094
27.9,2949.2741,-149.98314,-1000,5.4867156,49.698048,0,0,-0,1.4608406,0,0,0,0,0,0,0,0,0,0,0,0,0,0,-0.0095368166,0.13680594,46.026249,1000,1,0,nan,nan,nan,nan,nan,1177.4786
28,2949.8104,-145.01199,-1000,5.2264232,49.726095,0,0,-0,1.4660766,0,0,0,0,0,0,0,0,0,0,0,0,0,0,-0.0090848539,0.13679869,46.023812,1000,1,0,nan,nan,nan,nan,nan,1177.3539
28.1,2950.3207,-140.0381,-1000,4.9659875,49.752778,0,0,-0,1.4713126,0,0,0,0,0,0,0,0,0,0,0,0,0,0,-0.0086325739,0.1367918,46.021493,1000,1,0,nan,nan,nan,nan,nan,1177.2352
28.2,2950.8049,-135.06161,-1000,4.7054157,49.778098,0,0,-0,1.4765485,0,0,0,0,0,0,0,0,0,0,0,0,0,0,-0.0081799923,0.13678526,46.019292,1000,1,0,nan,nan,nan,nan,nan,1177.1227
28.3,2951.263,-130.08265,-1000,4.4447148,49.802053,0,0,-0,1.4817845,0,0,0,0,0,0,0,0,0,0,0,0,0,0,-0.0077271249,0.13677907,46.01721,1000,1,0,nan,nan,nan,nan,nan,1177.0161
28.4,2951.6951,-125.10136,-1000,4.1838922,49.824643,0,0,-0,1.4870205,0,0,0,0,0,0,0,0,0,0,0,0,0,0,-0.0072739875,0.13677323,46.015246,1000,1,0,nan,nan,nan,nan,nan,1176.9157
28.5,2952.1011,-120.11788,-1000,3.9229548,49.845867,0,0,-0,1.4922565,0,0,0,0,0,0,0,0,0,0,0,0,0,0,-0.006820596,0.13676775,46.013401,1000,1,0,nan,nan,nan,nan,nan,1176.8213
28.6,2952.481,-115.13234,-1000,3.6619099,49.865724,0,0,-0,1.4974925,0,0,0,0,0,0,0,0,0,0,0,0,0,0,-0.006366966,0.13676262,46.011675,1000,1,0,nan,nan,nan,nan,nan,1176.733
28.7,2952.8348,-110.14488,-1000,3.4007645,49.884214,0,0,-0,1.5027285,0,0,0,0,0,0,0,0,0,0,0,0,0,0,-0.0059131135,0.13675784,46.010067,1000,1,0,nan,nan,nan,nan,nan,1176.6508
28.8,2953.1625,-105.15563,-1000,3.139526,49.901336,0,0,-0,1.5079645,0,0,0,0,0,0,0,0,0,0,0,0,0,0,-0.0054590542,0.13675342,46.008579,1000,1,0,nan,nan,nan,nan,nan,1176.5747
28.9,2953.464,-100.16474,-1000,2.8782013,49.917091,0,0,-0,1.5132005,0,0,0,0,0,0,0,0,0,0,0,0,0,0,-0.0050048041,0.13674935,46.007209,1000,1,0,nan,nan,nan,nan,nan,1176.5046
29,2953.7394,-95.172332,-1000,2.6167978,49.931477,0,0,-0,1.5184364,0,0,0,0,0,0,0,0,0,0,0,0,0,0,-0.004550379,0.13674563,46.005958,1000,1,0,nan,nan,nan,nan,nan,1176.4406
29.1,2953.9887,-90.178555,-1000,2.3553225,49.944494,0,0,-0,1.5236724,0,0,0,0,0,0,0,0,0,0,0,0,0,0,-0.0040957948,0.13674226,46.004826,1000,1,0,nan,nan,nan,nan,nan,1176.3828
29.2,2954.2118,-85.183541,-1000,2.0937827,49.956142,0,0,-0,1.5289084,0,0,0,0,0,0,0,0,0,0,0,0,0,0,-0.0036410674,0.13673925,46.003814,1000,1,0,nan,nan,nan,nan,nan,1176.331
29.3,2954.4087,-80.187427,-1000,1.8321854,49.96642,0,0,-0,1.5341444,0,0,0,0,0,0,0,0,0,0,0,0,0,0,-0.0031862126,0.1367366,46.00292,1000,1,0,nan,nan,nan,nan,nan,1176.2853
29.4,2954.5795,-75.19035,-1000,1.570538,49.975328,0,0,-0,1.5393804,0,0,0,0,0,0,0,0,0,0,0,0,0,0,-0.0027312464,0.13673429,46.002145,1000,1,0,nan,nan,nan,nan,nan,1176.2456
29.5,2954.7242,-70.192448,-1000,1.3088474,49.982866,0,0,-0,1.5446164,0,0,0,0,0,0,0,0,0,0,0,0,0,0,-0.0022761846,0.13673235,46.00149,1000,1,0,nan,nan,nan,nan,nan,1176.2121
29.6,2954.8426,-65.193857,-1000,1.047121,49.989034,0,0,-0,1.5498524,0,0,0,0,0,0,0,0,0,0,0,0,0,0,-0.0018210432,0.13673075,46.000954,1000,1,0,nan,nan,nan,nan,nan,1176.1847
29.7,2954.9349,-60.194715,-1000,0.78536587,49.993832,0,0,-0,1.5550884,0,0,0,0,0,0,0,0,0,0,0,0,0,0,-0.0013658382,0.13672951,46.000536,1000,1,0,nan,nan,nan,nan,nan,1176.1634
29.8,2955.001,-55.195157,-1000,0.52358921,49.997258,0,0,-0,1.5603244,0,0,0,0,0,0,0,0,0,0,0,0,0,0,-0.00091058533,0.13672863,46.000238,1000,1,0,nan,nan,nan,nan,nan,1176.1481
29.9,2955.0409,-50.195322,-1000,0.26179819,49.999315,0,0,-0,1.5655603,0,0,0,0,0,0,0,0,0,0,0,0,0,0,-0.00045530063,0.1367281,46.00006,1000,1,0,nan,nan,nan,nan,nan,1176.139
30,2955.0547,-45.195347,-1000,1.0505312e-13,50,0,0,-0,1.5707963,0,0,0,0,0,0,0,0,0,0,0,0,0,0,8.5342361e-14,0.13672792,46,1000,1,0,nan,nan,nan,nan,nan,1176.1359
30.1,2955.0422,-40.195368,-1000,-0.26179819,49.999315,0,0,-0,1.5760323,0,0,0,0,0,0,0,0,0,0,0,0,0,0,0.00045530063,0.1367281,46.00006,1000,1,0,nan,nan,nan,nan,nan,1176.139
30.2,2955.0036,-35.195523,-1000,-0.52358921,49.997258,0,0,-0,1.5812683,0,0,0,0,0,0,0,0,0,0,0,0,0,0,0.00091058533,0.13672863,46.000238,1000,1,0,nan,nan,nan,nan,nan,1176.1481
30.3,2954.9388,-30.195948,-1000,-0.78536587,49.993832,0,0,-0,1.5865043,0,0,0,0,0,0,0,0,0,0,0,0,0,0,0.0013658382,0.13672951,46.000536,1000,1,0,nan,nan,nan,nan,nan,1176.1634
30.4,2954.8478,-25.196782,-1000,-1.047121,49.989034,0,0,-0,1.5917403,0,0,0,0,0,0,0,0,0,0,0,0,0,0,0.0018210432,0.13673075,46.000954,1000,1,0,nan,nan,nan,nan,nan,1176.1847
30.5,2954.7307,-20.19816,-1000,-1.3088474,49.982866,0,0,-0,1.5969763,0,0,0,0,0,0,0,0,0,0,0,0,0,0,0.0022761846,0.13673235,46.00149,1000,1,0,nan,nan,nan,nan,nan,1176.2121
30.6,2954.5874,-15.20022,-1000,-1.570538,49.975328,0,0,-0,1.6022123,0,0,0,0,0,0,0,0,0,0,0,0,0,0,0.0027312464,0.13673429,46.002145,1000,1,0,nan,nan,nan,nan,nan,1176.2456
30.7,2954.4179,-10.203099,-1000,-1.8321854,49.96642,0,0,-0,1.6074482,0,0,0,0,0,0,0,0,0,0,0,0,0,0,0.0031862126,0.1367366,46.00292,1000,1,0,nan,nan,nan,nan,nan,1176.2853
30.8,2954.2223,-5.2069338,-1000,-2.0937827,49.956142,0,0,-0,1.6126842,0,0,0,0,0,0,0,0,0,0,0,0,0,0,0.0036410674,0.13673925,46.003814,1000,1,0,nan,nan,nan,nan,nan,1176.331
30.9,2954.0005,-0.2118615,-1000,-2.3553225,49.944494,0,0,-0,1.6179202,0,0,0,0,0,0,0,0,0,0,0,0,0,0,0.0040957948,0.13674226,46.004826,1000,1,0,nan,nan,nan,nan,nan,1176.3828
31,2953.7525,4.7819809,-1000,-2.6167978,49.931477,0,0,-0,1.6231562,0,0,0,0,0,0,0,0,0,0,0,0,0,0,0.004550379,0.13674563,46.005958,1000,1,0,nan,nan,nan,nan,nan,1176.4406
31.1,2953.4784,9.7744567,-1000,-2.8782013,49.917091,0,0,-0,1.6283922,0,0,0,0,0,0,0,0,0,0,0,0,0,0,0.0050048041,0.13674935,46.007209,1000,1,0,nan,nan,nan,nan,nan,1176.5046
31.2,2953.1782,14.765429,-1000,-3.139526,49.901336,0,0,-0,1.6336282,0,0,0,0,0,0,0,0,0,0,0,0,0,0,0.0054590542,0.13675342,46.008579,1000,1,0,nan,nan,nan,nan,nan,1176.5747
31.3,2952.8518,19.75476,-1000,-3.4007645,49.884214,0,0,-0,1.6388642,0,0,0,0,0,0,0,0,0,0,0,0,0,0,0.0059131135,0.13675784,46.010067,1000,1,0,nan,nan,nan,nan,nan,1176.6508
31.4,2952.4993,24.742315,-1000,-3.6619099,49.865724,0,0,-0,1.6441002,0,0,0,0,0,0,0,0,0,0,0,0,0,0,0.006366966,0.13676262,46.011675,1000,1,0,nan,nan,nan,nan,nan,1176.733
31.5,2952.1207,29.727955,-1000,-3.9229548,49.845867,0,0,-0,1.6493361,0,0,0,0,0,0,0,0,0,0,0,0,0,0,0.006820596,0.13676775,46.013401,1000,1,0,nan,nan,nan,nan,nan,1176.8213
31.6,2951.716,34.711545,-1000,-4.1838922,49.824643,0,0,-0,1.6545721,0,0,0,0,0,0,0,0,0,0,0,0,0,0,0.0072739875,0.13677323,46.015246,1000,1,0,nan,nan,nan,nan,nan,1176.9157
31.7,2951.2853,39.692948,-1000,-4.4447148,49.802053,0,0,-0,1.6598081,0,0,0,0,0,0,0,0,0,0,0,0,0,0,0.0077271249,0.13677907,46.01721,1000,1,0,nan,nan,nan,nan,nan,1177.0161
31.8,2950.8284,44.672027,-1000,-4.7054157,49.778098,0,0,-0,1.6650441,0,0,0,0,0,0,0,0,0,0,0,0,0,0,0.0081799923,0.13678526,46.019292,1000,1,0,nan,nan,nan,nan,nan,1177.1227
31.9,2950.3455,49.648645,-1000,-4.9659875,49.752778,0,0,-0,1.6702801,0,0,0,0,0,0,0,0,0,0,0,0,0,0,0.0086325739,0.1367918,46.021493,1000,1,0,nan,nan,nan,nan,nan,1177.2352
32,2949.8365,54.622667,-1000,-5.2264232,49.726095,0,0,-0,1.6755161,0,0,0,0,0,0,0,0,0,0,0,0,0,0,0.0090848539,0.13679869,46.023812,1000,1,0,nan,nan,nan,nan,nan,1177.3539
32.1,2949.3015,59.593956,-1000,-5.4867156,49.698048,0,0,-0,1.6807521,0,0,0,0,0,0,0,0,0,0,0,0,0,0,0.0095368166,0.13680594,46.026249,1000,1,0,nan,nan,nan,nan,nan,1177.4786
32.2,2948.7405,64.562375,-1000,-5.7468575,49.668638,0,0,-0,1.6859881,0,0,0,0,0,0,0,0,0,0,0,0,0,0,0.0099884463,0.13681354,46.028805,1000,1,0,nan,nan,nan,nan,nan,1177.6094
32.3,2948.1534,69.527788,-1000,-6.0068419,49.637867,0,0,-0,1.691224,0,0,0,0,0,0,0,0,0,0,0,0,0,0,0.010439727,0.13682148,46.031479,1000,1,0,nan,nan,nan,nan,nan,1177.7462
32.4,2947.5404,74.49006,-1000,-6.2666617,49.605735,0,0,-0,1.69646,0,0,0,0,0,0,0,0,0,0,0,0,0,0,0.010890644,0.13682978,46.034271,1000,1,0,nan,nan,nan,nan,nan,1177.8891
32.5,2946.9014,79.449054,-1000,-6.5263096,49.572243,0,0,-0,1.701696,0,0,0,0,0,0,0,0,0,0,0,0,0,0,0.01134118,0.13683843,46.037181,1000,1,0,nan,nan,nan,nan,nan,1178.038
32.6,2946.2365,84.404634,-1000,-6.7857786,49.537392,0,0,-0,1.706932,0,0,0,0,0,0,0,0,0,0,0,0,0,0,0.011791321,0.13684743,46.040209,1000,1,0,nan,nan,nan,nan,nan,1178.193
32.7,2945.5456,89.356665,-1000,-7.0450616,49.501183,0,0,-0,1.712168,0,0,0,0,0,0,0,0,0,0,0,0,0,0,0.01224105,0.13685678,46.043355,1000,1,0,nan,nan,nan,nan,nan,1178.354
32.8,2944.8287,94.30501,-1000,-7.3041514,49.463617,0,0,-0,1.717404,0,0,0,0,0,0,0,0,0,0,0,0,0,0,0.012690352,0.13686648,46.046618,1000,1,0,nan,nan,nan,nan,nan,1178.521
32.9,2944.086,99.249534,-1000,-7.563041,49.424694,0,0,-0,1.72264,0,0,0,0,0,0,0,0,0,0,0,0,0,0,0.013139212,0.13687653,46.049999,1000,1,0,nan,nan,nan,nan,nan,1178.6941
33,2943.3174,104.1901,-1000,-7.8217233,49.384417,0,0,-0,1.727876,0,0,0,0,0,0,0,0,0,0,0,0,0,0,0.013587613,0.13688693,46.053498,1000,1,0,nan,nan,nan,nan,nan,1178.8732
33.1,2942.523,109.12658,-1000,-8.0801911,49.342786,0,0,-0,1.7331119,0,0,0,0,0,0,0,0,0,0,0,0,0,0,0.014035541,0.13689768,46.057114,1000,1,0,nan,nan,nan,nan,nan,1179.0583
33.2,2941.7027,114.05883,-1000,-8.3384373,49.299802,0,0,-0,1.7383479,0,0,0,0,0,0,0,0,0,0,0,0,0,0,0.01448298,0.13690878,46.060847,1000,1,0,nan,nan,nan,nan,nan,1179.2495
33.3,2940.8566,118.98671,-1000,-8.596455,49.255466,0,0,-0,1.7435839,0,0,0,0,0,0,0,0,0,0,0,0,0,0,0.014929914,0.13692022,46.064697,1000,1,0,nan,nan,nan,nan,nan,1179.4466
33.4,2939.9847,123.9101,-1000,-8.854237,49.20978,0,0,-0,1.7488199,0,0,0,0,0,0,0,0,0,0,0,0,0,0,0.015376328,0.13693201,46.068664,1000,1,0,nan,nan,nan,nan,nan,1179.6498
33.5,2939.087,128.82885,-1000,-9.1117763,49.162745,0,0,-0,1.7540559,0,0,0,0,0,0,0,0,0,0,0,0,0,0,0.015822206,0.13694415,46.072747,1000,1,0,nan,nan,nan,nan,nan,1179.8589
33.6,2938.1636,133.74284,-1000,-9.3690657,49.114363,0,0,-0,1.7592919,0,0,0,0,0,0,0,0,0,0,0,0,0,0,0.016267534,0.13695663,46.076948,1000,1,0,nan,nan,nan,nan,nan,1180.074
33.7,2937.2145,138.65193,-1000,-9.6260983,49.064633,0,0,-0,1.7645279,0,0,0,0,0,0,0,0,0,0,0,0,0,0,0.016712296,0.13696946,46.081264,1000,1,0,nan,nan,nan,nan,nan,1180.2952
33.8,2936.2397,143.55597,-1000,-9.882867,49.013559,0,0,-0,1.7697639,0,0,0,0,0,0,0,0,0,0,0,0,0,0,0.017156476,0.13698264,46.085698,1000,1,0,nan,nan,nan,nan,nan,1180.5223
33.9,2935.2392,148.45485,-1000,-10.139365,48.961141,0,0,-0,1.7749998,0,0,0,0,0,0,0,0,0,0,0,0,0,0,0.017600059,0.13699616,46.090247,1000,1,0,nan,nan,nan,nan,nan,1180.7554
34,2934.2131,153.34842,-1000,-10.395585,48.90738,0,0,-0,1.7802358,0,0,0,0,0,0,0,0,0,0,0,0,0,0,0.01804303,0.13701003,46.094913,1000,1,0,nan,nan,nan,nan,nan,1180.9944
34.1,2933.1614,158.23656,-1000,-10.651519,48.852279,0,0,-0,1.7854718,0,0,0,0,0,0,0,0,0,0,0,0,0,0,0.018485374,0.13702424,46.099694,1000,1,0,nan,nan,nan,nan,nan,1181.2394
34.2,2932.0841,163.11911,-1000,-10.907162,48.795838,0,0,-0,1.7907078,0,0,0,0,0,0,0,0,0,0,0,0,0,0,0.018927075,0.1370388,46.104591,1000,1,0,nan,nan,nan,nan,nan,1181.4904
34.3,2930.9813,167.99596,-1000,-11.162506,48.73806,0,0,-0,1.7959438,0,0,0,0,0,0,0,0,0,0,0,0,0,0,0.019368119,0.1370537,46.109603,1000,1,0,nan,nan,nan,nan,nan,1181.7473
34.4,2929.8529,172.86697,-1000,-11.417544,48.678945,0,0,-0,1.8011798,0,0,0,0,0,0,0,0,0,0,0,0,0,0,0.019808491,0.13706894,46.114731,1000,1,0,nan,nan,nan,nan,nan,1182.0102
34.5,2928.6991,177.73201,-1000,-11.672268,48.618496,0,0,-0,1.8064158,0,0,0,0,0,0,0,0,0,0,0,0,0,0,0.020248174,0.13708452,46.119974,1000,1,0,nan,nan,nan,nan,nan,1182.279
34.6,2927.5197,182.59093,-1000,-11.926673,48.556714,0,0,-0,1.8116518,0,0,0,0,0,0,0,0,0,0,0,0,0,0,0.020687155,0.13710045,46.125332,1000,1,0,nan,nan,nan,nan,nan,1182.5537
34.7,2926.315,187.44362,-1000,-12.180751,48.493601,0,0,-0,1.8168878,0,0,0,0,0,0,0,0,0,0,0,0,0,0,0.021125418,0.13711672,46.130805,1000,1,0,nan,nan,nan,nan,nan,1182.8343
34.8,2925.0849,192.28993,-1000,-12.434494,48.429158,0,0,-0,1.8221237,0,0,0,0,0,0,0,0,0,0,0,0,0,0,0.021562948,0.13713332,46.136393,1000,1,0,nan,nan,nan,nan,nan,1183.1209
34.9,2923.8294,197.12973,-1000,-12.687897,48.363388,0,0,-0,1.8273597,0,0,0,0,0,0,0,0,0,0,0,0,0,0,0.021999731,0.13715027,46.142095,1000,1,0,nan,nan,nan,nan,nan,1183.4134
35,2922.5486,201.96289,-1000,-12.940952,48.296291,0,0,-0,1.8325957,0,0,0,0,0,0,0,0,0,0,0,0,0,0,0.022435751,0.13716756,46.147911,1000,1,0,nan,nan,nan,nan,nan,1183.7117
35.1,2921.2425,206.78928,-1000,-13.193652,48.227871,0,0,-0,1.8378317,0,0,0,0,0,0,0,0,0,0,0,0,0,0,0.022870994,0.13718519,46.153841,1000,1,0,nan,nan,nan,nan,nan,1184.016
35.2,2919.9111,211.60877,-1000,-13.445991,48.158128,0,0,-0,1.8430677,0,0,0,0,0,0,0,0,0,0,0,0,0,0,0.023305445,0.13720315,46.159885,1000,1,0,nan,nan,nan,nan,nan,1184.3261
35.3,2918.5545,216.42122,-1000,-13.697961,48.087065,0,0,-0,1.8483037,0,0,0,0,0,0,0,0,0,0,0,0,0,0,0.023739089,0.13722145,46.166042,1000,1,0,nan,nan,nan,nan,nan,1184.6421
35.4,2917.1728,221.2265,-1000,-13.949555,48.014684,0,0,-0,1.8535397,0,0,0,0,0,0,0,0,0,0,0,0,0,0,0.024171912,0.13724009,46.172313,1000,1,0,nan,nan,nan,nan,nan,1184.9639
35.5,2915.7659,226.02448,-1000,-14.200767,47.940987,0,0,-0,1.8587757,0,0,0,0,0,0,0,0,0,0,0,0,0,0,0.024603899,0.13725907,46.178698,1000,1,0,nan,nan,nan,nan,nan,1185.2916
35.6,2914.3339,230.81502,-1000,-14.45159,47.865975,0,0,-0,1.8640116,0,0,0,0,0,0,0,0,0,0,0,0,0,0,0.025035035,0.13727838,46.185195,1000,1,0,nan,nan,nan,nan,nan,1185.6252
35.7,2912.8768,235.598,-1000,-14.702016,47.789651,0,0,-0,1.8692476,0,0,0,0,0,0,0,0,0,0,0,0,0,0,0.025465306,0.13729803,46.191804,1000,1,0,nan,nan,nan,nan,nan,1185.9646
35.8,2911.3948,240.37329,-1000,-14.95204,47.712016,0,0,-0,1.8744836,0,0,0,0,0,0,0,0,0,0,0,0,0,0,0.025894697,0.13731801,46.198527,1000,1,0,nan,nan,nan,nan,nan,1186.3098
35.9,2909.8877,245.14076,-1000,-15.201653,47.633074,0,0,-0,1.8797196,0,0,0,0,0,0,0,0,0,0,0,0,0,0,0.026323194,0.13733832,46.205361,1000,1,0,nan,nan,nan,nan,nan,1186.6608
36,2908.3557,249.90026,-1000,-15.45085,47.552826,0,0,-0,1.8849556,0,0,0,0,0,0,0,0,0,0,0,0,0,0,0.026750783,0.13735897,46.212308,1000,1,0,nan,nan,nan,nan,nan,1187.0176
36.1,2906.7988,254.65168,-1000,-15.699623,47.471274,0,0,-0,1.8901916,0,0,0,0,0,0,0,0,0,0,0,0,0,0,0.027177449,0.13737995,46.219366,1000,1,0,nan,nan,nan,nan,nan,1187.3803
36.2,2905.217,259.39488,-1000,-15.947965,47.388421,0,0,-0,1.8954276,0,0,0,0,0,0,0,0,0,0,0,0,0,0,0.027603177,0.13740126,46.226536,1000,1,0,nan,nan,nan,nan,nan,1187.7487
36.3,2903.6105,264.12974,-1000,-16.195871,47.304268,0,0,-0,1.9006636,0,0,0,0,0,0,0,0,0,0,0,0,0,0,0.028027955,0.1374229,46.233817,1000,1,0,nan,nan,nan,nan,nan,1188.1229
36.4,2901.9791,268.85612,-1000,-16.443332,47.218819,0,0,-0,1.9058995,0,0,0,0,0,0,0,0,0,0,0,0,0,0,0.028451766,0.13744488,46.241209,1000,1,0,nan,nan,nan,nan,nan,1188.5028
36.5,2900.323,273.57389,-1000,-16.690343,47.132075,0,0,-0,1.9111355,0,0,0,0,0,0,0,0,0,0,0,0,0,0,0.028874598,0.13746718,46.248712,1000,1,0,nan,nan,nan,nan,nan,1188.8886
36.6,2898.6423,278.28293,-1000,-16.936896,47.044038,0,0,-0,1.9163715,0,0,0,0,0,0,0,0,0,0,0,0,0,0,0.029296437,0.13748981,46.256326,1000,1,0,nan,nan,nan,nan,nan,1189.28
36.7,2896.9369,282.9831,-1000,-17.182985,46.954713,0,0,-0,1.9216075,0,0,0,0,0,0,0,0,0,0,0,0,0,0,0.029717267,0.13751277,46.26405,1000,1,0,nan,nan,nan,nan,nan,1189.6772
36.8,2895.2069,287.67428,-1000,-17.428602,46.864099,0,0,-0,1.9268435,0,0,0,0,0,0,0,0,0,0,0,0,0,0,0.030137076,0.13753605,46.271884,1000,1,0,nan,nan,nan,nan,nan,1190.0802
36.9,2893.4524,292.35633,-1000,-17.673742,46.772202,0,0,-0,1.9320795,0,0,0,0,0,0,0,0,0,0,0,0,0,0,0.030555849,0.13755966,46.279827,1000,1,0,nan,nan,nan,nan,nan,1190.4888
37,2891.6734,297.02914,-1000,-17.918397,46.679021,0,0,-0,1.9373155,0,0,0,0,0,0,0,0,0,0,0,0,0,0,0.030973573,0.1375836,46.28788,1000,1,0,nan,nan,nan,nan,nan,1190.9031
37.1,2889.87,301.69256,-1000,-18.162562,46.584561,0,0,-0,1.9425515,0,0,0,0,0,0,0,0,0,0,0,0,0,0,0.031390233,0.13760786,46.296042,1000,1,0,nan,nan,nan,nan,nan,1191.3232
37.2,2888.0422,306.34648,-1000,-18.406228,46.488824,0,0,-0,1.9477874,0,0,0,0,0,0,0,0,0,0,0,0,0,0,0.031805817,0.13763244,46.304313,1000,1,0,nan,nan,nan,nan,nan,1191.7489
37.3,2886.19,310.99077,-1000,-18.649389,46.391813,0,0,-0,1.9530234,0,0,0,0,0,0,0,0,0,0,0,0,0,0,0.03222031,0.13765735,46.312693,1000,1,0,nan,nan,nan,nan,nan,1192.1802
37.4,2884.3135,315.62529,-1000,-18.892039,46.293529,0,0,-0,1.9582594,0,0,0,0,0,0,0,0,0,0,0,0,0,0,0.032633698,0.13768258,46.321181,1000,1,0,nan,nan,nan,nan,nan,1192.6173
37.5,2882.4128,320.24993,-1000,-19.134172,46.193977,0,0,-0,1.9634954,0,0,0,0,0,0,0,0,0,0,0,0,0,0,0.033045969,0.13770813,46.329776,1000,1,0,nan,nan,nan,nan,nan,1193.0599
37.6,2880.4879,324.86454,-1000,-19.375779,46.093158,0,0,-0,1.9687314,0,0,0,0,0,0,0,0,0,0,0,0,0,0,0.033457109,0.137734,46.33848,1000,1,0,nan,nan,nan,nan,nan,1193.5083
37.7,2878.5389,329.46902,-1000,-19.616856,45.991075,0,0,-0,1.9739674,0,0,0,0,0,0,0,0,0,0,0,0,0,0,0.033867104,0.13776019,46.347291,1000,1,0,nan,nan,nan,nan,nan,1193.9622
37.8,2876.5657,334.06323,-1000,-19.857395,45.887731,0,0,-0,1.9792034,0,0,0,0,0,0,0,0,0,0,0,0,0,0,0.03427594,0.1377867,46.356209,1000,1,0,nan,nan,nan,nan,nan,1194.4217
37.9,2874.5686,338.64705,-1000,-20.097389,45.78313,0,0,-0,1.9844394,0,0,0,0,0,0,0,0,0,0,0,0,0,0,0.034683606,0.13781352,46.365234,1000,1,0,nan,nan,nan,nan,nan,1194.8868
38,2872.5475,343.22034,-1000,-20.336832,45.677273,0,0,-0,1.9896753,0,0,0,0,0,0,0,0,0,0,0,0,0,0,0.035090086,0.13784066,46.374366,1000,1,0,nan,nan,nan,nan,nan,1195.3575
38.1,2870.5025,347.78299,-1000,-20.575718,45.570164,0,0,-0,1.9949113,0,0,0,0,0,0,0,0,0,0,0,0,0,0,0.035495369,0.13786812,46.383604,1000,1,0,nan,nan,nan,nan,nan,1195.8338
38.2,2868.4336,352.33487,-1000,-20.81404,45.461805,0,0,-0,2.0001473,0,0,0,0,0,0,0,0,0,0,0,0,0,0,0.035899441,0.13789589,46.392947,1000,1,0,nan,nan,nan,nan,nan,1196.3156
38.3,2866.3409,356.87586,-1000,-21.051791,45.352201,0,0,-0,2.0053833,0,0,0,0,0,0,0,0,0,0,0,0,0,0,0.036302289,0.13792398,46.402396,1000,1,0,nan,nan,nan,nan,nan,1196.803
38.4,2864.2244,361.40582,-1000,-21.288965,45.241353,0,0,-0,2.0106193,0,0,0,0,0,0,0,0,0,0,0,0,0,0,0.036703901,0.13795238,46.411951,1000,1,0,nan,nan,nan,nan,nan,1197.2959
38.5,2862.0843,365.92464,-1000,-21.525555,45.129264,0,0,-0,2.0158553,0,0,0,0,0,0,0,0,0,0,0,0,0,0,0.037104262,0.13798109,46.42161,1000,1,0,nan,nan,nan,nan,nan,1197.7943
38.6,2859.9205,370.4322,-1000,-21.761555,45.015939,0,0,-0,2.0210913,0,0,0,0,0,0,0,0,0,0,0,0,0,0,0.037503361,0.13801011,46.431374,1000,1,0,nan,nan,nan,nan,nan,1198.2983
38.7,2857.7332,374.92836,-1000,-21.996958,44.901379,0,0,-0,2.0263273,0,0,0,0,0,0,0,0,0,0,0,0,0,0,0.037901184,0.13803944,46.441242,1000,1,0,nan,nan,nan,nan,nan,1198.8077
38.8,2855.5223,379.41301,-1000,-22.231759,44.785588,0,0,-0,2.0315632,0,0,0,0,0,0,0,0,0,0,0,0,0,0,0.038297719,0.13806908,46.451214,1000,1,0,nan,nan,nan,nan,nan,1199.3225
38.9,2853.288,383.88602,-1000,-22.46595,44.668569,0,0,-0,2.0367992,0,0,0,0,0,0,0,0,0,0,0,0,0,0,0.038692954,0.13809903,46.46129,1000,1,0,nan,nan,nan,nan,nan,1199.8429
39,2851.0303,388.34727,-1000,-22.699525,44.550326,0,0,-0,2.0420352,0,0,0,0,0,0,0,0,0,0,0,0,0,0,0.039086875,0.13812929,46.471469,1000,1,0,nan,nan,nan,nan,nan,1200.3687
39.1,2848.7493,392.79664,-1000,-22.932478,44.430862,0,0,-0,2.0472712,0,0,0,0,0,0,0,0,0,0,0,0,0,0,0.03947947,0.13815985,46.48175,1000,1,0,nan,nan,nan,nan,nan,1200.8999
39.2,2846.445,397.234,-1000,-23.164802,44.310179,0,0,-0,2.0525072,0,0,0,0,0,0,0,0,0,0,0,0,0,0,0.039870728,0.13819071,46.492134,1000,1,0,nan,nan,nan,nan,nan,1201.4365
39.3,2844.1175,401.65924,-1000,-23.396491,44.188282,0,0,-0,2.0577432,0,0,0,0,0,0,0,0,0,0,0,0,0,0,0.040260634,0.13822188,46.502621,1000,1,0,nan,nan,nan,nan,nan,1201.9785
39.4,2841.7669,406.07223,-1000,-23.627538,44.065173,0,0,-0,2.0629792,0,0,0,0,0,0,0,0,0,0,0,0,0,0,0.040649178,0.13825335,46.513209,1000,1,0,nan,nan,nan,nan,nan,1202.526
39.5,2839.3932,410.47285,-1000,-23.857938,43.940856,0,0,-0,2.0682152,0,0,0,0,0,0,0,0,0,0,0,0,0,0,0.041036347,0.13828513,46.523899,1000,1,0,nan,nan,nan,nan,nan,1203.0788
39.6,2836.9965,414.86098,-1000,-24.087684,43.815334,0,0,-0,2.0734512,0,0,0,0,0,0,0,0,0,0,0,0,0,0,0.041422128,0.1383172,46.53469,1000,1,0,nan,nan,nan,nan,nan,1203.6369
39.7,2834.5768,419.23651,-1000,-24.316769,43.688611,0,0,-0,2.0786871,0,0,0,0,0,0,0,0,0,0,0,0,0,0,0.04180651,0.13834957,46.545581,1000,1,0,nan,nan,nan,nan,nan,1204.2004
39.8,2832.1343,423.5993,-1000,-24.545188,43.560691,0,0,-0,2.0839231,0,0,0,0,0,0,0,0,0,0,0,0,0,0,0.042189481,0.13838225,46.556573,1000,1,0,nan,nan,nan,nan,nan,1204.7692
39.9,2829.6689,427.94925,-1000,-24.772933,43.431576,0,0,-0,2.0891591,0,0,0,0,0,0,0,0,0,0,0,0,0,0,0.042571029,0.13841521,46.567665,1000,1,0,nan,nan,nan,nan,nan,1205.3433
40,2827.1808,432.28623,-1000,-25,43.30127,0,0,-0,2.0943951,0,0,0,0,0,0,0,0,0,0,0,0,0,0,0.042951142,0.13844848,46.578856,1000,1,0,nan,nan,nan,nan,nan,1205.9228
40.1,2824.6701,436.61012,-1000,-25.226381,43.169778,0,0,-0,2.0996311,0,0,0,0,0,0,0,0,0,0,0,0,0,0,0.043329808,0.13848204,46.590147,1000,1,0,nan,nan,nan,nan,nan,1206.5075
40.2,2822.1367,440.9208,-1000,-25.452071,43.037101,0,0,-0,2.1048671,0,0,0,0,0,0,0,0,0,0,0,0,0,0,0.043707016,0.13851589,46.601536,1000,1,0,nan,nan,nan,nan,nan,1207.0974
40.3,2819.5808,445.21816,-1000,-25.677063,42.903245,0,0,-0,2.1101031,0,0,0,0,0,0,0,0,0,0,0,0,0,0,0.044082754,0.13855004,46.613024,1000,1,0,nan,nan,nan,nan,nan,1207.6926
40.4,2817.0024,449.50208,-1000,-25.90135,42.768213,0,0,-0,2.1153391,0,0,0,0,0,0,0,0,0,0,0,0,0,0,0.04445701,0.13858448,46.62461,1000,1,0,nan,nan,nan,nan,nan,1208.2931
40.5,2814.4017,453.77245,-1000,-26.124928,42.632008,0,0,-0,2.120575,0,0,0,0,0,0,0,0,0,0,0,0,0,0,0.044829773,0.1386192,46.636294,1000,1,0,nan,nan,nan,nan,nan,1208.8987
40.6,2811.7786,458.02913,-1000,-26.34779,42.494635,0,0,-0,2.125811,0,0,0,0,0,0,0,0,0,0,0,0,0,0,0.045201031,0.13865422,46.648075,1000,1,0,nan,nan,nan,nan,nan,1209.5096
40.7,2809.1333,462.27202,-1000,-26.569929,42.356096,0,0,-0,2.131047,0,0,0,0,0,0,0,0,0,0,0,0,0,0,0.045570774,0.13868953,46.659953,1000,1,0,nan,nan,nan,nan,nan,1210.1256
40.8,2806.4658,466.50101,-1000,-26.79134,42.216396,0,0,-0,2.136283,0,0,0,0,0,0,0,0,0,0,0,0,0,0,0.04593899,0.13872512,46.671928,1000,1,0,nan,nan,nan,nan,nan,1210.7468
40.9,2803.7761,470.71597,-1000,-27.012016,42.075539,0,0,-0,2.141519,0,0,0,0,0,0,0,0,0,0,0,0,0,0,0.046305668,0.138761,46.683998,1000,1,0,nan,nan,nan,nan,nan,1211.3731
41,2801.0645,474.91678,-1000,-27.231952,41.933528,0,0,-0,2.146755,0,0,0,0,0,0,0,0,0,0,0,0,0,0,0.046670797,0.13879716,46.696164,1000,1,0,nan,nan,nan,nan,nan,1212.0046
41.1,2798.3309,479.10335,-1000,-27.451141,41.790368,0,0,-0,2.151991,0,0,0,0,0,0,0,0,0,0,0,0,0,0,0.047034366,0.13883361,46.708426,1000,1,0,nan,nan,nan,nan,nan,1212.6412
41.2,2795.5754,483.27554,-1000,-27.669577,41.646062,0,0,-0,2.157227,0,0,0,0,0,0,0,0,0,0,0,0,0,0,0.047396363,0.13887033,46.720782,1000,1,0,nan,nan,nan,nan,nan,1213.2829
41.3,2792.7981,487.43324,-1000,-27.887255,41.500614,0,0,-0,2.1624629,0,0,0,0,0,0,0,0,0,0,0,0,0,0,0.047756779,0.13890734,46.733233,1000,1,0,nan,nan,nan,nan,nan,1213.9296
41.4,2789.999,491.57635,-1000,-28.104169,41.354029,0,0,-0,2.1676989,0,0,0,0,0,0,0,0,0,0,0,0,0,0,0.048115602,0.13894463,46.745778,1000,1,0,nan,nan,nan,nan,nan,1214.5814
41.5,2787.1783,495.70475,-1000,-28.320312,41.206309,0,0,-0,2.1729349,0,0,0,0,0,0,0,0,0,0,0,0,0,0,0.048472822,0.13898219,46.758417,1000,1,0,nan,nan,nan,nan,nan,1215.2383
41.6,2784.3361,499.81832,-1000,-28.535678,41.05746,0,0,-0,2.1781709,0,0,0,0,0,0,0,0,0,0,0,0,0,0,0.048828428,0.13902004,46.771148,1000,1,0,nan,nan,nan,nan,nan,1215.9002
41.7,2781.4723,503.91695,-1000,-28.750263,40.907486,0,0,-0,2.1834069,0,0,0,0,0,0,0,0,0,0,0,0,0,0,0.04918241,0.13905816,46.783973,1000,1,0,nan,nan,nan,nan,nan,1216.5671
41.8,2778.5871,508.00053,-1000,-28.964059,40.75639,0,0,-0,2.1886429,0,0,0,0,0,0,0,0,0,0,0,0,0,0,0.049534757,0.13909655,46.79689,1000,1,0,nan,nan,nan,nan,nan,1217.2389
41.9,2775.6806,512.06895,-1000,-29.177061,40.604176,0,0,-0,2.1938789,0,0,0,0,0,0,0,0,0,0,0,0,0,0,0.049885458,0.13913522,46.809898,1000,1,0,nan,nan,nan,nan,nan,1217.9158
42,2772.7528,516.12209,-1000,-29.389263,40.45085,0,0,-0,2.1991149,0,0,0,0,0,0,0,0,0,0,0,0,0,0,0.050234505,0.13917415,46.822999,1000,1,0,nan,nan,nan,nan,nan,1218.5976
42.1,2769.8038,520.15985,-1000,-29.600659,40.296414,0,0,-0,2.2043508,0,0,0,0,0,0,0,0,0,0,0,0,0,0,0.050581886,0.13921336,46.83619,1000,1,0,nan,nan,nan,nan,nan,1219.2843
42.2,2766.8337,524.18211,-1000,-29.811244,40.140874,0,0,-0,2.2095868,0,0,0,0,0,0,0,0,0,0,0,0,0,0,0.050927591,0.13925284,46.849472,1000,1,0,nan,nan,nan,nan,nan,1219.9759
42.3,2763.8426,528.18877,-1000,-30.021011,39.984233,0,0,-0,2.2148228,0,0,0,0,0,0,0,0,0,0,0,0,0,0,0.05127161,0.13929259,46.862844,1000,1,0,nan,nan,nan,nan,nan,1220.6724
42.4,2760.8306,532.17971,-1000,-30.229956,39.826496,0,0,-0,2.2200588,0,0,0,0,0,0,0,0,0,0,0,0,0,0,0.051613934,0.1393326,46.876306,1000,1,0,nan,nan,nan,nan,nan,1221.3738
42.5,2757.7977,536.15482,-1000,-30.438071,39.667667,0,0,-0,2.2252948,0,0,0,0,0,0,0,0,0,0,0,0,0,0,0.051954553,0.13937288,46.889857,1000,1,0,nan,nan,nan,nan,nan,1222.0801
42.6,2754.7441,540.114,-1000,-30.645353,39.507751,0,0,-0,2.2305308,0,0,0,0,0,0,0,0,0,0,0,0,0,0,0.052293456,0.13941342,46.903497,1000,1,0,nan,nan,nan,nan,nan,1222.7912
42.7,2751.6697,544.05714,-1000,-30.851794,39.346751,0,0,-0,2.2357668,0,0,0,0,0,0,0,0,0,0,0,0,0,0,0.052630635,0.13945423,46.917225,1000,1,0,nan,nan,nan,nan,nan,1223.5071
42.8,2748.5748,547.98413,-1000,-31.057389,39.184673,0,0,-0,2.2410028,0,0,0,0,0,0,0,0,0,0,0,0,0,0,0.052966079,0.13949529,46.931041,1000,1,0,nan,nan,nan,nan,nan,1224.2278
42.9,2745.4593,551.89485,-1000,-31.262133,39.02152,0,0,-0,2.2462387,0,0,0,0,0,0,0,0,0,0,0,0,0,0,0.053299779,0.13953662,46.944945,1000,1,0,nan,nan,nan,nan,nan,1224.9533
43,2742.3234,555.78921,-1000,-31.46602,38.857298,0,0,-0,2.2514747,0,0,0,0,0,0,0,0,0,0,0,0,0,0,0.053631726,0.13957821,46.958935,1000,1,0,nan,nan,nan,nan,nan,1225.6835
43.1,2739.1671,559.6671,-1000,-31.669044,38.69201,0,0,-0,2.2567107,0,0,0,0,0,0,0,0,0,0,0,0,0,0,0.05396191,0.13962005,46.973013,1000,1,0,nan,nan,nan,nan,nan,1226.4185
43.2,2735.9906,563.52841,-1000,-31.871199,38.525662,0,0,-0,2.2619467,0,0,0,0,0,0,0,0,0,0,0,0,0,0,0.054290322,0.13966215,46.987176,1000,1,0,nan,nan,nan,nan,nan,1227.1582
43.3,2732.7939,567.37303,-1000,-32.072482,38.358258,0,0,-0,2.2671827,0,0,0,0,0,0,0,0,0,0,0,0,0,0,0.054616953,0.1397045,47.001425,1000,1,0,nan,nan,nan,nan,nan,1227.9026
43.4,2729.5772,571.20086,-1000,-32.272884,38.189801,0,0,-0,2.2724187,0,0,0,0,0,0,0,0,0,0,0,0,0,0,0.054941794,0.13974711,47.015759,1000,1,0,nan,nan,nan,nan,nan,1228.6516
43.5,2726.3404,575.0118,-1000,-32.472402,38.020298,0,0,-0,2.2776547,0,0,0,0,0,0,0,0,0,0,0,0,0,0,0.055264835,0.13978996,47.030178,1000,1,0,nan,nan,nan,nan,nan,1229.4053
43.6,2723.0837,578.80574,-1000,-32.67103,37.849753,0,0,-0,2.2828907,0,0,0,0,0,0,0,0,0,0,0,0,0,0,0.055586069,0.13983307,47.044681,1000,1,0,nan,nan,nan,nan,nan,1230.1637
43.7,2719.8072,582.58257,-1000,-32.868762,37.67817,0,0,-0,2.2881266,0,0,0,0,0,0,0,0,0,0,0,0,0,0,0.055905486,0.13987643,47.059267,1000,1,0,nan,nan,nan,nan,nan,1230.9267
43.8,2716.511,586.3422,-1000,-33.065593,37.505553,0,0,-0,2.2933626,0,0,0,0,0,0,0,0,0,0,0,0,0,0,0.056223077,0.13992003,47.073937,1000,1,0,nan,nan,nan,nan,nan,1231.6942
43.9,2713.1951,590.08452,-1000,-33.261518,37.331909,0,0,-0,2.2985986,0,0,0,0,0,0,0,0,0,0,0,0,0,0,0.056538834,0.13996388,47.08869,1000,1,0,nan,nan,nan,nan,nan,1232.4664
44,2709.8597,593.80942,-1000,-33.45653,37.157241,0,0,-0,2.3038346,0,0,0,0,0,0,0,0,0,0,0,0,0,0,0.056852748,0.14000798,47.103525,1000,1,0,nan,nan,nan,nan,nan,1233.243
44.1,2706.5048,597.51681,-1000,-33.650626,36.981555,0,0,-0,2.3090706,0,0,0,0,0,0,0,0,0,0,0,0,0,0,0.057164811,0.14005231,47.118442,1000,1,0,nan,nan,nan,nan,nan,1234.0243
44.2,2703.1305,601.20658,-1000,-33.843798,36.804854,0,0,-0,2.3143066,0,0,0,0,0,0,0,0,0,0,0,0,0,0,0.057475014,0.14009689,47.13344,1000,1,0,nan,nan,nan,nan,nan,1234.81
44.3,2699.737,604.87863,-1000,-34.036043,36.627145,0,0,-0,2.3195426,0,0,0,0,0,0,0,0,0,0,0,0,0,0,0.057783349,0.14014171,47.148519,1000,1,0,nan,nan,nan,nan,nan,1235.6002
44.4,2696.3243,608.53286,-1000,-34.227355,36.448431,0,0,-0,2.3247786,0,0,0,0,0,0,0,0,0,0,0,0,0,0,0.058089808,0.14018677,47.163678,1000,1,0,nan,nan,nan,nan,nan,1236.3949
44.5,2692.8925,612.16918,-1000,-34.417729,36.268719,0,0,-0,2.3300146,0,0,0,0,0,0,0,0,0,0,0,0,0,0,0.058394382,0.14023207,47.178917,1000,1,0,nan,nan,nan,nan,nan,1237.194
44.6,2689.4418,615.78747,-1000,-34.607159,36.088011,0,0,-0,2.3352505,0,0,0,0,0,0,0,0,0,0,0,0,0,0,0.058697065,0.1402776,47.194236,1000,1,0,nan,nan,nan,nan,nan,1237.9975
44.7,2685.9721,619.38765,-1000,-34.79564,35.906315,0,0,-0,2.3404865,0,0,0,0,0,0,0,0,0,0,0,0,0,0,0.058997847,0.14032337,47.209633,1000,1,0,nan,nan,nan,nan,nan,1238.8055
44.8,2682.4836,622.96962,-1000,-34.983167,35.723634,0,0,-0,2.3457225,0,0,0,0,0,0,0,0,0,0,0,0,0,0,0.05929672,0.14036937,47.225109,1000,1,0,nan,nan,nan,nan,nan,1239.6178
44.9,2678.9764,626.53326,-1000,-35.169735,35.539974,0,0,-0,2.3509585,0,0,0,0,0,0,0,0,0,0,0,0,0,0,0.059593678,0.1404156,47.240663,1000,1,0,nan,nan,nan,nan,nan,1240.4344
45,2675.4506,630.0785,-1000,-35.355339,35.355339,0,0,-0,2.3561945,0,0,0,0,0,0,0,0,0,0,0,0,0,0,0.059888713,0.14046206,47.256294,1000,1,0,nan,nan,nan,nan,nan,1241.2555
45.1,2671.9063,633.60522,-1000,-35.539974,35.169735,0,0,-0,2.3614305,0,0,0,0,0,0,0,0,0,0,0,0,0,0,0.060181816,0.14050875,47.272001,1000,1,0,nan,nan,nan,nan,nan,1242.0808
45.2,2668.3436,637.11334,-1000,-35.723634,34.983167,0,0,-0,2.3666665,0,0,0,0,0,0,0,0,0,0,0,0,0,0,0.060472981,0.14055566,47.287786,1000,1,0,nan,nan,nan,nan,nan,1242.9104
45.3,2664.7625,640.60276,-1000,-35.906315,34.79564,0,0,-0,2.3719025,0,0,0,0,0,0,0,0,0,0,0,0,0,0,0.060762199,0.1406028,47.303646,1000,1,0,nan,nan,nan,nan,nan,1243.7442
45.4,2661.1633,644.07338,-1000,-36.088011,34.607159,0,0,-0,2.3771384,0,0,0,0,0,0,0,0,0,0,0,0,0,0,0.061049464,0.14065017,47.319581,1000,1,0,nan,nan,nan,nan,nan,1244.5823
45.5,2657.5459,647.52511,-1000,-36.268719,34.417729,0,0,-0,2.3823744,0,0,0,0,0,0,0,0,0,0,0,0,0,0,0.061334768,0.14069776,47.335591,1000,1,0,nan,nan,nan,nan,nan,1245.4247
45.6,2653.9105,650.95784,-1000,-36.448431,34.227355,0,0,-0,2.3876104,0,0,0,0,0,0,0,0,0,0,0,0,0,0,0.061618105,0.14074556,47.351675,1000,1,0,nan,nan,nan,nan,nan,1246.2712
45.7,2650.2571,654.3715,-1000,-36.627145,34.036043,0,0,-0,2.3928464,0,0,0,0,0,0,0,0,0,0,0,0,0,0,0.061899466,0.14079359,47.367834,1000,1,0,nan,nan,nan,nan,nan,1247.1219
45.8,2646.5859,657.76598,-1000,-36.804854,33.843798,0,0,-0,2.3980824,0,0,0,0,0,0,0,0,0,0,0,0,0,0,0.062178846,0.14084184,47.384065,1000,1,0,nan,nan,nan,nan,nan,1247.9767
45.9,2642.8971,661.14119,-1000,-36.981555,33.650626,0,0,-0,2.4033184,0,0,0,0,0,0,0,0,0,0,0,0,0,0,0.062456237,0.1408903,47.400369,1000,1,0,nan,nan,nan,nan,nan,1248.8357
46,2639.1906,664.49704,-1000,-37.157241,33.45653,0,0,-0,2.4085544,0,0,0,0,0,0,0,0,0,0,0,0,0,0,0.062731632,0.14093898,47.416746,1000,1,0,nan,nan,nan,nan,nan,1249.6988
46.1,2635.4665,667.83344,-1000,-37.331909,33.261518,0,0,-0,2.4137904,0,0,0,0,0,0,0,0,0,0,0,0,0,0,0.063005025,0.14098787,47.433194,1000,1,0,nan,nan,nan,nan,nan,1250.5659
46.2,2631.7251,671.15029,-1000,-37.505553,33.065593,0,0,-0,2.4190263,0,0,0,0,0,0,0,0,0,0,0,0,0,0,0.063276409,0.14103697,47.449713,1000,1,0,nan,nan,nan,nan,nan,1251.4371
46.3,2627.9663,674.44751,-1000,-37.67817,32.868762,0,0,-0,2.4242623,0,0,0,0,0,0,0,0,0,0,0,0,0,0,0.063545778,0.14108628,47.466303,1000,1,0,nan,nan,nan,nan,nan,1252.3124
46.4,2624.1903,677.725,-1000,-37.849753,32.67103,0,0,-0,2.4294983,0,0,0,0,0,0,0,0,0,0,0,0,0,0,0.063813125,0.1411358,47.482963,1000,1,0,nan,nan,nan,nan,nan,1253.1916
46.5,2620.3973,680.98268,-1000,-38.020298,32.472402,0,0,-0,2.4347343,0,0,0,0,0,0,0,0,0,0,0,0,0,0,0.064078444,0.14118552,47.499692,1000,1,0,nan,nan,nan,nan,nan,1254.0748
46.6,2616.5872,684.22045,-1000,-38.189801,32.272884,0,0,-0,2.4399703,0,0,0,0,0,0,0,0,0,0,0,0,0,0,0.064341728,0.14123545,47.516491,1000,1,0,nan,nan,nan,nan,nan,1254.962
46.7,2612.7602,687.43822,-1000,-38.358258,32.072482,0,0,-0,2.4452063,0,0,0,0,0,0,0,0,0,0,0,0,0,0,0.064602971,0.14128559,47.533358,1000,1,0,nan,nan,nan,nan,nan,1255.8531
46.8,2608.9164,690.63592,-1000,-38.525662,31.871199,0,0,-0,2.4504423,0,0,0,0,0,0,0,0,0,0,0,0,0,0,0.064862168,0.14133593,47.550293,1000,1,0,nan,nan,nan,nan,nan,1256.7482
46.9,2605.0559,693.81344,-1000,-38.69201,31.669044,0,0,-0,2.4556783,0,0,0,0,0,0,0,0,0,0,0,0,0,0,0.065119312,0.14138646,47.567296,1000,1,0,nan,nan,nan,nan,nan,1257.6471
47,2601.1788,696.97071,-1000,-38.857298,31.46602,0,0,-0,2.4609142,0,0,0,0,0,0,0,0,0,0,0,0,0,0,0.065374397,0.1414372,47.584366,1000,1,0,nan,nan,nan,nan,nan,1258.5498
47.1,2597.2853,700.10764,-1000,-39.02152,31.262133,0,0,-0,2.4661502,0,0,0,0,0,0,0,0,0,0,0,0,0,0,0.065627418,0.14148813,47.601501,1000,1,0,nan,nan,nan,nan,nan,1259.4565
47.2,2593.3754,703.22413,-1000,-39.184673,31.057389,0,0,-0,2.4713862,0,0,0,0,0,0,0,0,0,0,0,0,0,0,0.065878368,0.14153926,47.618703,1000,1,0,nan,nan,nan,nan,nan,1260.3669
47.3,2589.4492,706.32011,-1000,-39.346751,30.851794,0,0,-0,2.4766222,0,0,0,0,0,0,0,0,0,0,0,0,0,0,0.066127242,0.14159059,47.63597,1000,1,0,nan,nan,nan,nan,nan,1261.2811
47.4,2585.5069,709.39549,-1000,-39.507751,30.645353,0,0,-0,2.4818582,0,0,0,0,0,0,0,0,0,0,0,0,0,0,0.066374035,0.1416421,47.653302,1000,1,0,nan,nan,nan,nan,nan,1262.1991
47.5,2581.5485,712.45019,-1000,-39.667667,30.438071,0,0,-0,2.4870942,0,0,0,0,0,0,0,0,0,0,0,0,0,0,0.066618741,0.14169381,47.670698,1000,1,0,nan,nan,nan,nan,nan,1263.1208
47.6,2577.5742,715.48412,-1000,-39.826496,30.229956,0,0,-0,2.4923302,0,0,0,0,0,0,0,0,0,0,0,0,0,0,0.066861355,0.14174571,47.688157,1000,1,0,nan,nan,nan,nan,nan,1264.0462
47.7,2573.584,718.49719,-1000,-39.984233,30.021011,0,0,-0,2.4975662,0,0,0,0,0,0,0,0,0,0,0,0,0,0,0.067101871,0.14179779,47.70568,1000,1,0,nan,nan,nan,nan,nan,1264.9753
47.8,2569.5782,721.48934,-1000,-40.140874,29.811244,0,0,-0,2.5028021,0,0,0,0,0,0,0,0,0,0,0,0,0,0,0.067340284,0.14185006,47.723265,1000,1,0,nan,nan,nan,nan,nan,1265.908
47.9,2565.5567,724.46047,-1000,-40.296414,29.600659,0,0,-0,2.5080381,0,0,0,0,0,0,0,0,0,0,0,0,0,0,0.067576589,0.14190251,47.740913,1000,1,0,nan,nan,nan,nan,nan,1266.8444
48,2561.5197,727.4105,-1000,-40.45085,29.389263,0,0,-0,2.5132741,0,0,0,0,0,0,0,0,0,0,0,0,0,0,0.06781078,0.14195515,47.758621,1000,1,0,nan,nan,nan,nan,nan,1267.7844
48.1,2557.4673,730.33935,-1000,-40.604176,29.177061,0,0,-0,2.5185101,0,0,0,0,0,0,0,0,0,0,0,0,0,0,0.068042854,0.14200797,47.776391,1000,1,0,nan,nan,nan,nan,nan,1268.728
48.2,2553.3997,733.24695,-1000,-40.75639,28.964059,0,0,-0,2.5237461,0,0,0,0,0,0,0,0,0,0,0,0,0,0,0.068272805,0.14206096,47.794221,1000,1,0,nan,nan,nan,nan,nan,1269.6752
48.3,2549.3168,736.1332,-1000,-40.907486,28.750263,0,0,-0,2.5289821,0,0,0,0,0,0,0,0,0,0,0,0,0,0,0.068500629,0.14211414,47.81211,1000,1,0,nan,nan,nan,nan,nan,1270.6258
48.4,2545.219,738.99804,-1000,-41.05746,28.535678,0,0,-0,2.5342181,0,0,0,0,0,0,0,0,0,0,0,0,0,0,0.06872632,0.14216749,47.830059,1000,1,0,nan,nan,nan,nan,nan,1271.58
48.5,2541.1061,741.84139,-1000,-41.206309,28.320312,0,0,-0,2.5394541,0,0,0,0,0,0,0,0,0,0,0,0,0,0,0.068949874,0.14222101,47.848067,1000,1,0,nan,nan,nan,nan,nan,1272.5377
48.6,2536.9785,744.66316,-1000,-41.354029,28.104169,0,0,-0,2.54469,0,0,0,0,0,0,0,0,0,0,0,0,0,0,0.069171287,0.14227471,47.866133,1000,1,0,nan,nan,nan,nan,nan,1273.4988
48.7,2532.8361,747.46328,-1000,-41.500614,27.887255,0,0,-0,2.549926,0,0,0,0,0,0,0,0,0,0,0,0,0,0,0.069390553,0.14232858,47.884256,1000,1,0,nan,nan,nan,nan,nan,1274.4633
48.8,2528.6791,750.24167,-1000,-41.646062,27.669577,0,0,-0,2.555162,0,0,0,0,0,0,0,0,0,0,0,0,0,0,0.06960767,0.14238262,47.902436,1000,1,0,nan,nan,nan,nan,nan,1275.4313
48.9,2524.5076,752.99826,-1000,-41.790368,27.451141,0,0,-0,2.560398,0,0,0,0,0,0,0,0,0,0,0,0,0,0,0.069822632,0.14243682,47.920673,1000,1,0,nan,nan,nan,nan,nan,1276.4026
49,2520.3218,755.73297,-1000,-41.933528,27.231952,0,0,-0,2.565634,0,0,0,0,0,0,0,0,0,0,0,0,0,0,0.070035435,0.14249119,47.938965,1000,1,0,nan,nan,nan,nan,nan,1277.3772
49.1,2516.1217,758.44572,-1000,-42.075539,27.012016,0,0,-0,2.57087,0,0,0,0,0,0,0,0,0,0,0,0,0,0,0.070246075,0.14254573,47.957313,1000,1,0,nan,nan,nan,nan,nan,1278.3552
49.2,2511.9074,761.13645,-1000,-42.216396,26.79134,0,0,-0,2.576106,0,0,0,0,0,0,0,0,0,0,0,0,0,0,0.070454549,0.14260043,47.975716,1000,1,0,nan,nan,nan,nan,nan,1279.3365
49.3,2507.6792,763.80507,-1000,-42.356096,26.569929,0,0,-0,2.581342,0,0,0,0,0,0,0,0,0,0,0,0,0,0,0.070660852,0.14265529,47.994172,1000,1,0,nan,nan,nan,nan,nan,1280.321
49.4,2503.437,766.45152,-1000,-42.494635,26.34779,0,0,-0,2.586578,0,0,0,0,0,0,0,0,0,0,0,0,0,0,0.07086498,0.14271031,48.012683,1000,1,0,nan,nan,nan,nan,nan,1281.3088
49.5,2499.181,769.07572,-1000,-42.632008,26.124928,0,0,-0,2.5918139,0,0,0,0,0,0,0,0,0,0,0,0,0,0,0.07106693,0.14276548,48.031246,1000,1,0,nan,nan,nan,nan,nan,1282.2998
49.6,2494.9113,771.6776,-1000,-42.768213,25.90135,0,0,-0,2.5970499,0,0,0,0,0,0,0,0,0,0,0,0,0,0,0.071266698,0.14282082,48.049862,1000,1,0,nan,nan,nan,nan,nan,1283.2939
49.7,2490.628,774.25708,-1000,-42.903245,25.677063,0,0,-0,2.6022859,0,0,0,0,0,0,0,0,0,0,0,0,0,0,0.071464281,0.1428763,48.068529,1000,1,0,nan,nan,nan,nan,nan,1284.2912
49.8,2486.3313,776.81411,-1000,-43.037101,25.452071,0,0,-0,2.6075219,0,0,0,0,0,0,0,0,0,0,0,0,0,0,0.071659674,0.14293194,48.087248,1000,1,0,nan,nan,nan,nan,nan,1285.2917
49.9,2482.0213,779.3486,-1000,-43.169778,25.226381,0,0,-0,2.6127579,0,0,0,0,0,0,0,0,0,0,0,0,0,0,0.071852875,0.14298773,48.106018,1000,1,0,nan,nan,nan,nan,nan,1286.2953
50,2477.6981,781.86049,-1000,-43.30127,25,0,0,-0,2.6179939,0,0,0,0,0,0,0,0,0,0,0,0,0,0,0.072043881,0.14304367,48.124838,1000,1,0,nan,nan,nan,nan,nan,1287.3019
50.1,2473.3618,784.34971,-1000,-43.431576,24.772933,0,0,-0,2.6232299,0,0,0,0,0,0,0,0,0,0,0,0,0,0,0.072232687,0.14309976,48.143707,1000,1,0,nan,nan,nan,nan,nan,1288.3116
50.2,2469.0125,786.81619,-1000,-43.560691,24.545188,0,0,-0,2.6284659,0,0,0,0,0,0,0,0,0,0,0,0,0,0,0.072419291,0.14315599,48.162626,1000,1,0,nan,nan,nan,nan,nan,1289.3243
50.3,2464.6503,789.25987,-1000,-43.688611,24.316769,0,0,-0,2.6337018,0,0,0,0,0,0,0,0,0,0,0,0,0,0,0.07260369,0.14321237,48.181592,1000,1,0,nan,nan,nan,nan,nan,1290.34
50.4,2460.2754,791.68067,-1000,-43.815334,24.087684,0,0,-0,2.6389378,0,0,0,0,0,0,0,0,0,0,0,0,0,0,0.07278588,0.14326888,48.200607,1000,1,0,nan,nan,nan,nan,nan,1291.3586
50.5,2455.8879,794.07853,-1000,-43.940856,23.857938,0,0,-0,2.6441738,0,0,0,0,0,0,0,0,0,0,0,0,0,0,0.07296586,0.14332554,48.219669,1000,1,0,nan,nan,nan,nan,nan,1292.3802
50.6,2451.4879,796.45338,-1000,-44.065173,23.627538,0,0,-0,2.6494098,0,0,0,0,0,0,0,0,0,0,0,0,0,0,0.073143625,0.14338234,48.238778,1000,1,0,nan,nan,nan,nan,nan,1293.4047
50.7,2447.0755,798.80517,-1000,-44.188282,23.396491,0,0,-0,2.6546458,0,0,0,0,0,0,0,0,0,0,0,0,0,0,0.073319174,0.14343928,48.257933,1000,1,0,nan,nan,nan,nan,nan,1294.4321
50.8,2442.6509,801.13382,-1000,-44.310179,23.164802,0,0,-0,2.6598818,0,0,0,0,0,0,0,0,0,0,0,0,0,0,0.073492503,0.14349635,48.277133,1000,1,0,nan,nan,nan,nan,nan,1295.4624
50.9,2438.2141,803.43927,-1000,-44.430862,22.932478,0,0,-0,2.6651178,0,0,0,0,0,0,0,0,0,0,0,0,0,0,0.07366361,0.14355355,48.296379,1000,1,0,nan,nan,nan,nan,nan,1296.4954
51,2433.7654,805.72146,-1000,-44.550326,22.699525,0,0,-0,2.6703538,0,0,0,0,0,0,0,0,0,0,0,0,0,0,0.073832493,0.14361089,48.315668,1000,1,0,nan,nan,nan,nan,nan,1297.5313
51.1,2429.3047,807.98032,-1000,-44.668569,22.46595,0,0,-0,2.6755897,0,0,0,0,0,0,0,0,0,0,0,0,0,0,0.073999148,0.14366835,48.335002,1000,1,0,nan,nan,nan,nan,nan,1298.5699
51.2,2424.8323,810.21579,-1000,-44.785588,22.231759,0,0,-0,2.6808257,0,0,0,0,0,0,0,0,0,0,0,0,0,0,0.074163575,0.14372595,48.354379,1000,1,0,nan,nan,nan,nan,nan,1299.6113
51.3,2420.3482,812.42782,-1000,-44.901379,21.996958,0,0,-0,2.6860617,0,0,0,0,0,0,0,0,0,0,0,0,0,0,0.07432577,0.14378367,48.373798,1000,1,0,nan,nan,nan,nan,nan,1300.6553
51.4,2415.8526,814.61634,-1000,-45.015939,21.761555,0,0,-0,2.6912977,0,0,0,0,0,0,0,0,0,0,0,0,0,0,0.074485731,0.14384151,48.393259,1000,1,0,nan,nan,nan,nan,nan,1301.7021
51.5,2411.3456,816.78129,-1000,-45.129264,21.525555,0,0,-0,2.6965337,0,0,0,0,0,0,0,0,0,0,0,0,0,0,0.074643456,0.14389948,48.412762,1000,1,0,nan,nan,nan,nan,nan,1302.7515
51.6,2406.8274,818.92261,-1000,-45.241353,21.288965,0,0,-0,2.7017697,0,0,0,0,0,0,0,0,0,0,0,0,0,0,0.074798944,0.14395757,48.432306,1000,1,0,nan,nan,nan,nan,nan,1303.8035
51.7,2402.298,821.04025,-1000,-45.352201,21.051791,0,0,-0,2.7070057,0,0,0,0,0,0,0,0,0,0,0,0,0,0,0.074952192,0.14401578,48.45189,1000,1,0,nan,nan,nan,nan,nan,1304.8582
51.8,2397.7575,823.13414,-1000,-45.461805,20.81404,0,0,-0,2.7122417,0,0,0,0,0,0,0,0,0,0,0,0,0,0,0.075103198,0.14407411,48.471514,1000,1,0,nan,nan,nan,nan,nan,1305.9154
51.9,2393.2062,825.20423,-1000,-45.570164,20.575718,0,0,-0,2.7174776,0,0,0,0,0,0,0,0,0,0,0,0,0,0,0.075251961,0.14413256,48.491177,1000,1,0,nan,nan,nan,nan,nan,1306.9751
52,2388.6441,827.25046,-1000,-45.677273,20.336832,0,0,-0,2.7227136,0,0,0,0,0,0,0,0,0,0,0,0,0,0,0.075398478,0.14419112,48.510879,1000,1,0,nan,nan,nan,nan,nan,1308.0373
52.1,2384.0713,829.27277,-1000,-45.78313,20.097389,0,0,-0,2.7279496,0,0,0,0,0,0,0,0,0,0,0,0,0,0,0.075542749,0.14424979,48.530618,1000,1,0,nan,nan,nan,nan,nan,1309.102
52.2,2379.488,831.27112,-1000,-45.887731,19.857395,0,0,-0,2.7331856,0,0,0,0,0,0,0,0,0,0,0,0,0,0,0.075684772,0.14430857,48.550395,1000,1,0,nan,nan,nan,nan,nan,1310.1692
52.3,2374.8943,833.24543,-1000,-45.991075,19.616856,0,0,-0,2.7384216,0,0,0,0,0,0,0,0,0,0,0,0,0,0,0.075824545,0.14436747,48.570208,1000,1,0,nan,nan,nan,nan,nan,1311.2388
52.4,2370.2904,835.19567,-1000,-46.093158,19.375779,0,0,-0,2.7436576,0,0,0,0,0,0,0,0,0,0,0,0,0,0,0.075962067,0.14442647,48.590058,1000,1,0,nan,nan,nan,nan,nan,1312.3108
52.5,2365.6762,837.12178,-1000,-46.193977,19.134172,0,0,-0,2.7488936,0,0,0,0,0,0,0,0,0,0,0,0,0,0,0.076097336,0.14448557,48.609944,1000,1,0,nan,nan,nan,nan,nan,1313.3851
52.6,2361.0521,839.0237,-1000,-46.293529,18.892039,0,0,-0,2.7541296,0,0,0,0,0,0,0,0,0,0,0,0,0,0,0.076230352,0.14454478,48.629864,1000,1,0,nan,nan,nan,nan,nan,1314.4618
52.7,2356.4181,840.90138,-1000,-46.391813,18.649389,0,0,-0,2.7593655,0,0,0,0,0,0,0,0,0,0,0,0,0,0,0.076361112,0.1446041,48.649819,1000,1,0,nan,nan,nan,nan,nan,1315.5408
52.8,2351.7743,842.75477,-1000,-46.488824,18.406228,0,0,-0,2.7646015,0,0,0,0,0,0,0,0,0,0,0,0,0,0,0.076489617,0.14466351,48.669808,1000,1,0,nan,nan,nan,nan,nan,1316.622
52.9,2347.1208,844.58383,-1000,-46.584561,18.162562,0,0,-0,2.7698375,0,0,0,0,0,0,0,0,0,0,0,0,0,0,0.076615865,0.14472302,48.68983,1000,1,0,nan,nan,nan,nan,nan,1317.7055
53,2342.4579,846.38849,-1000,-46.679021,17.918397,0,0,-0,2.7750735,0,0,0,0,0,0,0,0,0,0,0,0,0,0,0.076739855,0.14478263,48.709884,1000,1,0,nan,nan,nan,nan,nan,1318.7912
53.1,2337.7855,848.16871,-1000,-46.772202,17.673742,0,0,-0,2.7803095,0,0,0,0,0,0,0,0,0,0,0,0,0,0,0.076861587,0.14484234,48.729971,1000,1,0,nan,nan,nan,nan,nan,1319.8791
53.2,2333.1039,849.92445,-1000,-46.864099,17.428602,0,0,-0,2.7855455,0,0,0,0,0,0,0,0,0,0,0,0,0,0,0.076981059,0.14490213,48.750089,1000,1,0,nan,nan,nan,nan,nan,1320.9692
53.3,2328.4132,851.65564,-1000,-46.954713,17.182985,0,0,-0,2.7907815,0,0,0,0,0,0,0,0,0,0,0,0,0,0,0.07709827,0.14496202,48.770238,1000,1,0,nan,nan,nan,nan,nan,1322.0613
53.4,2323.7135,853.36226,-1000,-47.044038,16.936896,0,0,-0,2.7960175,0,0,0,0,0,0,0,0,0,0,0,0,0,0,0.077213221,0.145022,48.790417,1000,1,0,nan,nan,nan,nan,nan,1323.1556
53.5,2319.0049,855.04424,-1000,-47.132075,16.690343,0,0,-0,2.8012534,0,0,0,0,0,0,0,0,0,0,0,0,0,0,0.077325911,0.14508207,48.810626,1000,1,0,nan,nan,nan,nan,nan,1324.2519
53.6,2314.2876,856.70154,-1000,-47.218819,16.443332,0,0,-0,2.8064894,0,0,0,0,0,0,0,0,0,0,0,0,0,0,0.077436338,0.14514223,48.830865,1000,1,0,nan,nan,nan,nan,nan,1325.3503
53.7,2309.5616,858.33413,-1000,-47.304268,16.195871,0,0,-0,2.8117254,0,0,0,0,0,0,0,0,0,0,0,0,0,0,0.077544504,0.14520247,48.851131,1000,1,0,nan,nan,nan,nan,nan,1326.4507
53.8,2304.8272,859.94194,-1000,-47.388421,15.947965,0,0,-0,2.8169614,0,0,0,0,0,0,0,0,0,0,0,0,0,0,0.077650406,0.14526279,48.871426,1000,1,0,nan,nan,nan,nan,nan,1327.553
53.9,2300.0844,861.52495,-1000,-47.471274,15.699623,0,0,-0,2.8221974,0,0,0,0,0,0,0,0,0,0,0,0,0,0,0.077754046,0.14532319,48.891748,1000,1,0,nan,nan,nan,nan,nan,1328.6573
54,2295.3334,863.0831,-1000,-47.552826,15.45085,0,0,-0,2.8274334,0,0,0,0,0,0,0,0,0,0,0,0,0,0,0.077855423,0.14538368,48.912097,1000,1,0,nan,nan,nan,nan,nan,1329.7635
54.1,2290.5743,864.61635,-1000,-47.633074,15.201653,0,0,-0,2.8326694,0,0,0,0,0,0,0,0,0,0,0,0,0,0,0.077954537,0.14544424,48.932472,1000,1,0,nan,nan,nan,nan,nan,1330.8716
54.2,2285.8072,866.12466,-1000,-47.712016,14.95204,0,0,-0,2.8379054,0,0,0,0,0,0,0,0,0,0,0,0,0,0,0.078051387,0.14550488,48.952872,1000,1,0,nan,nan,nan,nan,nan,1331.9816
54.3,2281.0323,867.60799,-1000,-47.789651,14.702016,0,0,-0,2.8431414,0,0,0,0,0,0,0,0,0,0,0,0,0,0,0.078145974,0.14556559,48.973298,1000,1,0,nan,nan,nan,nan,nan,1333.0933
54.4,2276.2497,869.0663,-1000,-47.865975,14.45159,0,0,-0,2.8483773,0,0,0,0,0,0,0,0,0,0,0,0,0,0,0.078238298,0.14562637,48.993747,1000,1,0,nan,nan,nan,nan,nan,1334.2069
54.5,2271.4595,870.49955,-1000,-47.940987,14.200767,0,0,-0,2.8536133,0,0,0,0,0,0,0,0,0,0,0,0,0,0,0.07832836,0.14568723,49.014221,1000,1,0,nan,nan,nan,nan,nan,1335.3222
54.6,2266.6619,871.9077,-1000,-48.014684,13.949555,0,0,-0,2.8588493,0,0,0,0,0,0,0,0,0,0,0,0,0,0,0.078416158,0.14574815,49.034718,1000,1,0,nan,nan,nan,nan,nan,1336.4392
54.7,2261.857,873.2907,-1000,-48.087065,13.697961,0,0,-0,2.8640853,0,0,0,0,0,0,0,0,0,0,0,0,0,0,0.078501694,0.14580914,49.055237,1000,1,0,nan,nan,nan,nan,nan,1337.558
54.8,2257.0449,874.64853,-1000,-48.158128,13.445991,0,0,-0,2.8693213,0,0,0,0,0,0,0,0,0,0,0,0,0,0,0.078584968,0.1458702,49.075779,1000,1,0,nan,nan,nan,nan,nan,1338.6784
54.9,2252.2258,875.98115,-1000,-48.227871,13.193652,0,0,-0,2.8745573,0,0,0,0,0,0,0,0,0,0,0,0,0,0,0.078665981,0.14593132,49.096342,1000,1,0,nan,nan,nan,nan,nan,1339.8005
55,2247.3997,877.28851,-1000,-48.296291,12.940952,0,0,-0,2.8797933,0,0,0,0,0,0,0,0,0,0,0,0,0,0,0.078744732,0.1459925,49.116926,1000,1,0,nan,nan,nan,nan,nan,1340.9241
55.1,2242.5669,878.57059,-1000,-48.363388,12.687897,0,0,-0,2.8850293,0,0,0,0,0,0,0,0,0,0,0,0,0,0,0.078821223,0.14605374,49.13753,1000,1,0,nan,nan,nan,nan,nan,1342.0494
55.2,2237.7274,879.82735,-1000,-48.429158,12.434494,0,0,-0,2.8902652,0,0,0,0,0,0,0,0,0,0,0,0,0,0,0.078895455,0.14611504,49.158153,1000,1,0,nan,nan,nan,nan,nan,1343.1762
55.3,2232.8814,881.05875,-1000,-48.493601,12.180751,0,0,-0,2.8955012,0,0,0,0,0,0,0,0,0,0,0,0,0,0,0.078967427,0.1461764,49.178796,1000,1,0,nan,nan,nan,nan,nan,1344.3045
55.4,2228.0291,882.26476,-1000,-48.556714,11.926673,0,0,-0,2.9007372,0,0,0,0,0,0,0,0,0,0,0,0,0,0,0.079037141,0.14623781,49.199457,1000,1,0,nan,nan,nan,nan,nan,1345.4343
55.5,2223.1704,883.44534,-1000,-48.618496,11.672268,0,0,-0,2.9059732,0,0,0,0,0,0,0,0,0,0,0,0,0,0,0.079104597,0.14629928,49.220137,1000,1,0,nan,nan,nan,nan,nan,1346.5655
55.6,2218.3057,884.60047,-1000,-48.678945,11.417544,0,0,-0,2.9112092,0,0,0,0,0,0,0,0,0,0,0,0,0,0,0.079169797,0.1463608,49.240833,1000,1,0,nan,nan,nan,nan,nan,1347.6982
55.7,2213.435,885.73012,-1000,-48.73806,11.162506,0,0,-0,2.9164452,0,0,0,0,0,0,0,0,0,0,0,0,0,0,0.079232741,0.14642236,49.261546,1000,1,0,nan,nan,nan,nan,nan,1348.8322
55.8,2208.5584,886.83424,-1000,-48.795838,10.907162,0,0,-0,2.9216812,0,0,0,0,0,0,0,0,0,0,0,0,0,0,0.079293431,0.14648398,49.282276,1000,1,0,nan,nan,nan,nan,nan,1349.9677
55.9,2203.6762,887.91282,-1000,-48.852279,10.651519,0,0,-0,2.9269172,0,0,0,0,0,0,0,0,0,0,0,0,0,0,0.079351868,0.14654564,49.303021,1000,1,0,nan,nan,nan,nan,nan,1351.1044
56,2198.7883,888.96581,-1000,-48.90738,10.395585,0,0,-0,2.9321531,0,0,0,0,0,0,0,0,0,0,0,0,0,0,0.079408052,0.14660734,49.323781,1000,1,0,nan,nan,nan,nan,nan,1352.2425
56.1,2193.895,889.9932,-1000,-48.961141,10.139365,0,0,-0,2.9373891,0,0,0,0,0,0,0,0,0,0,0,0,0,0,0.079461985,0.14666909,49.344555,1000,1,0,nan,nan,nan,nan,nan,1353.3818
56.2,2188.9964,890.99496,-1000,-49.013559,9.882867,0,0,-0,2.9426251,0,0,0,0,0,0,0,0,0,0,0,0,0,0,0.079513669,0.14673088,49.365343,1000,1,0,nan,nan,nan,nan,nan,1354.5223
56.3,2184.0926,891.97105,-1000,-49.064633,9.6260983,0,0,-0,2.9478611,0,0,0,0,0,0,0,0,0,0,0,0,0,0,0.079563105,0.14679271,49.386144,1000,1,0,nan,nan,nan,nan,nan,1355.6641
56.4,2179.1838,892.92145,-1000,-49.114363,9.3690657,0,0,-0,2.9530971,0,0,0,0,0,0,0,0,0,0,0,0,0,0,0.079610294,0.14685458,49.406958,1000,1,0,nan,nan,nan,nan,nan,1356.807
56.5,2174.27,893.84614,-1000,-49.162745,9.1117763,0,0,-0,2.9583331,0,0,0,0,0,0,0,0,0,0,0,0,0,0,0.079655238,0.14691648,49.427784,1000,1,0,nan,nan,nan,nan,nan,1357.9511
56.6,2169.3515,894.74509,-1000,-49.20978,8.854237,0,0,-0,2.9635691,0,0,0,0,0,0,0,0,0,0,0,0,0,0,0.079697938,0.14697841,49.448621,1000,1,0,nan,nan,nan,nan,nan,1359.0963
56.7,2164.4283,895.61827,-1000,-49.255466,8.596455,0,0,-0,2.9688051,0,0,0,0,0,0,0,0,0,0,0,0,0,0,0.079738396,0.14704038,49.469469,1000,1,0,nan,nan,nan,nan,nan,1360.2425
56.8,2159.5007,896.46566,-1000,-49.299802,8.3384373,0,0,-0,2.974041,0,0,0,0,0,0,0,0,0,0,0,0,0,0,0.079776613,0.14710238,49.490327,1000,1,0,nan,nan,nan,nan,nan,1361.3899
56.9,2154.5686,897.28724,-1000,-49.342786,8.0801911,0,0,-0,2.979277,0,0,0,0,0,0,0,0,0,0,0,0,0,0,0.079812592,0.14716441,49.511195,1000,1,0,nan,nan,nan,nan,nan,1362.5382
57,2149.6324,898.08298,-1000,-49.384417,7.8217233,0,0,-0,2.984513,0,0,0,0,0,0,0,0,0,0,0,0,0,0,0.079846335,0.14722646,49.532073,1000,1,0,nan,nan,nan,nan,nan,1363.6875
57.1,2144.692,898.85287,-1000,-49.424694,7.563041,0,0,-0,2.989749,0,0,0,0,0,0,0,0,0,0,0,0,0,0,0.079877842,0.14728854,49.552958,1000,1,0,nan,nan,nan,nan,nan,1364.8378
57.2,2139.7477,899.59688,-1000,-49.463617,7.3041514,0,0,-0,2.994985,0,0,0,0,0,0,0,0,0,0,0,0,0,0,0.079907117,0.14735064,49.573852,1000,1,0,nan,nan,nan,nan,nan,1365.9889
57.3,2134.7995,900.31499,-1000,-49.501183,7.0450616,0,0,-0,3.000221,0,0,0,0,0,0,0,0,0,0,0,0,0,0,0.07993416,0.14741277,49.594753,1000,1,0,nan,nan,nan,nan,nan,1367.141
57.4,2129.8477,901.00718,-1000,-49.537392,6.7857786,0,0,-0,3.005457,0,0,0,0,0,0,0,0,0,0,0,0,0,0,0.079958975,0.14747491,49.615661,1000,1,0,nan,nan,nan,nan,nan,1368.294
57.5,2124.8923,901.67343,-1000,-49.572243,6.5263096,0,0,-0,3.010693,0,0,0,0,0,0,0,0,0,0,0,0,0,0,0.079981563,0.14753708,49.636574,1000,1,0,nan,nan,nan,nan,nan,1369.4477
57.6,2119.9334,902.31373,-1000,-49.605735,6.2666617,0,0,-0,3.0159289,0,0,0,0,0,0,0,0,0,0,0,0,0,0,0.080001927,0.14759926,49.657494,1000,1,0,nan,nan,nan,nan,nan,1370.6023
57.7,2114.9713,902.92806,-1000,-49.637867,6.0068419,0,0,-0,3.0211649,0,0,0,0,0,0,0,0,0,0,0,0,0,0,0.080020068,0.14766145,49.678418,1000,1,0,nan,nan,nan,nan,nan,1371.7576
57.8,2110.0061,903.5164,-1000,-49.668638,5.7468575,0,0,-0,3.0264009,0,0,0,0,0,0,0,0,0,0,0,0,0,0,0.080035989,0.14772366,49.699347,1000,1,0,nan,nan,nan,nan,nan,1372.9137
57.9,2105.0378,904.07873,-1000,-49.698048,5.4867156,0,0,-0,3.0316369,0,0,0,0,0,0,0,0,0,0,0,0,0,0,0.080049693,0.14778588,49.72028,1000,1,0,nan,nan,nan,nan,nan,1374.0704
58,2100.0666,904.61504,-1000,-49.726095,5.2264232,0,0,-0,3.0368729,0,0,0,0,0,0,0,0,0,0,0,0,0,0,0.080061181,0.14784811,49.741216,1000,1,0,nan,nan,nan,nan,nan,1375.2279
58.1,2095.0928,905.12531,-1000,-49.752778,4.9659875,0,0,-0,3.0421089,0,0,0,0,0,0,0,0,0,0,0,0,0,0,0.080070457,0.14791035,49.762155,1000,1,0,nan,nan,nan,nan,nan,1376.3859
58.2,2090.1163,905.60953,-1000,-49.778098,4.7054157,0,0,-0,3.0473449,0,0,0,0,0,0,0,0,0,0,0,0,0,0,0.080077522,0.14797259,49.783096,1000,1,0,nan,nan,nan,nan,nan,1377.5446
58.3,2085.1373,906.06769,-1000,-49.802053,4.4447148,0,0,-0,3.0525809,0,0,0,0,0,0,0,0,0,0,0,0,0,0,0.08008238,0.14803484,49.804039,1000,1,0,nan,nan,nan,nan,nan,1378.7038
58.4,2080.156,906.49977,-1000,-49.824643,4.1838922,0,0,-0,3.0578168,0,0,0,0,0,0,0,0,0,0,0,0,0,0,0.080085033,0.14809709,49.824982,1000,1,0,nan,nan,nan,nan,nan,1379.8636
58.5,2075.1725,906.90577,-1000,-49.845867,3.9229548,0,0,-0,3.0630528,0,0,0,0,0,0,0,0,0,0,0,0,0,0,0.080085484,0.14815934,49.845926,1000,1,0,nan,nan,nan,nan,nan,1381.0239
58.6,2070.187,907.28567,-1000,-49.865724,3.6619099,0,0,-0,3.0682888,0,0,0,0,0,0,0,0,0,0,0,0,0,0,0.080083735,0.14822159,49.86687,1000,1,0,nan,nan,nan,nan,nan,1382.1847
58.7,2065.1995,907.63945,-1000,-49.884214,3.4007645,0,0,-0,3.0735248,0,0,0,0,0,0,0,0,0,0,0,0,0,0,0.08007979,0.14828384,49.887813,1000,1,0,nan,nan,nan,nan,nan,1383.3459
58.8,2060.2103,907.96712,-1000,-49.901336,3.139526,0,0,-0,3.0787608,0,0,0,0,0,0,0,0,0,0,0,0,0,0,0.080073651,0.14834609,49.908755,1000,1,0,nan,nan,nan,nan,nan,1384.5075
58.9,2055.2194,908.26866,-1000,-49.917091,2.8782013,0,0,-0,3.0839968,0,0,0,0,0,0,0,0,0,0,0,0,0,0,0.080065321,0.14840833,49.929694,1000,1,0,nan,nan,nan,nan,nan,1385.6695
59,2050.227,908.54407,-1000,-49.931477,2.6167978,0,0,-0,3.0892328,0,0,0,0,0,0,0,0,0,0,0,0,0,0,0.080054803,0.14847056,49.950632,1000,1,0,nan,nan,nan,nan,nan,1386.8319
59.1,2045.2332,908.79333,-1000,-49.944494,2.3553225,0,0,-0,3.0944688,0,0,0,0,0,0,0,0,0,0,0,0,0,0,0.0800421,0.14853279,49.971566,1000,1,0,nan,nan,nan,nan,nan,1387.9946
59.2,2040.2382,909.01644,-1000,-49.956142,2.0937827,0,0,-0,3.0997048,0,0,0,0,0,0,0,0,0,0,0,0,0,0,0.080027216,0.148595,49.992497,1000,1,0,nan,nan,nan,nan,nan,1389.1576
59.3,2035.2421,909.21339,-1000,-49.96642,1.8321854,0,0,-0,3.1049407,0,0,0,0,0,0,0,0,0,0,0,0,0,0,0.080010153,0.1486572,50.013423,1000,1,0,nan,nan,nan,nan,nan,1390.3208
59.4,2030.245,909.38418,-1000,-49.975328,1.570538,0,0,-0,3.1101767,0,0,0,0,0,0,0,0,0,0,0,0,0,0,0.079990914,0.14871939,50.034345,1000,1,0,nan,nan,nan,nan,nan,1391.4843
59.5,2025.2471,909.5288,-1000,-49.982866,1.3088474,0,0,-0,3.1154127,0,0,0,0,0,0,0,0,0,0,0,0,0,0,0.079969504,0.14878156,50.055262,1000,1,0,nan,nan,nan,nan,nan,1392.6479
59.6,2020.2485,909.64726,-1000,-49.989034,1.047121,0,0,-0,3.1206487,0,0,0,0,0,0,0,0,0,0,0,0,0,0,0.079945924,0.14884371,50.076172,1000,1,0,nan,nan,nan,nan,nan,1393.8117
59.7,2015.2494,909.73954,-1000,-49.993832,0.78536587,0,0,-0,3.1258847,0,0,0,0,0,0,0,0,0,0,0,0,0,0,0.079920179,0.14890585,50.097076,1000,1,0,nan,nan,nan,nan,nan,1394.9756
59.8,2010.2498,909.80564,-1000,-49.997258,0.52358921,0,0,-0,3.1311207,0,0,0,0,0,0,0,0,0,0,0,0,0,0,0.079892272,0.14896796,50.117974,1000,1,0,nan,nan,nan,nan,nan,1396.1397
59.9,2005.25,909.84556,-1000,-49.999315,0.26179819,0,0,-0,3.1363567,0,0,0,0,0,0,0,0,0,0,0,0,0,0,0.079862207,0.14903005,50.138863,1000,1,0,nan,nan,nan,nan,nan,1397.3037
60,2000.25,909.85931,-1000,-50,-3.8625353e-14,0,0,-0,3.1415927,0,0,0,0,0,0,0,0,0,0,0,0,0,0,0.079829986,0.14909212,50.159745,1000,1,0,nan,nan,nan,nan,nan,1398.4679
60.1,1995.25,909.84687,-1000,-49.999315,-0.26179819,0,0,-0,-3.1363567,0,0,0,0,0,0,0,0,0,0,0,0,0,0,0.079795613,0.14915416,50.180618,1000,1,0,nan,nan,nan,nan,nan,1399.632
60.2,1990.2502,909.80826,-1000,-49.997258,-0.52358921,0,0,-0,-3.1311207,0,0,0,0,0,0,0,0,0,0,0,0,0,0,0.079759093,0.14921617,50.201481,1000,1,0,nan,nan,nan,nan,nan,1400.7961
60.3,1985.2506,909.74346,-1000,-49.993832,-0.78536587,0,0,-0,-3.1258847,0,0,0,0,0,0,0,0,0,0,0,0,0,0,0.079720428,0.14927816,50.222335,1000,1,0,nan,nan,nan,nan,nan,1401.9601
60.4,1980.2514,909.65249,-1000,-49.989034,-1.047121,0,0,-0,-3.1206487,0,0,0,0,0,0,0,0,0,0,0,0,0,0,0.079679623,0.14934011,50.243178,1000,1,0,nan,nan,nan,nan,nan,1403.124
60.5,1975.2528,909.53535,-1000,-49.982866,-1.3088474,0,0,-0,-3.1154127,0,0,0,0,0,0,0,0,0,0,0,0,0,0,0.079636681,0.14940203,50.264011,1000,1,0,nan,nan,nan,nan,nan,1404.2878
60.6,1970.2549,909.39203,-1000,-49.975328,-1.570538,0,0,-0,-3.1101767,0,0,0,0,0,0,0,0,0,0,0,0,0,0,0.079591606,0.14946392,50.284832,1000,1,0,nan,nan,nan,nan,nan,1405.4515
60.7,1965.2578,909.22255,-1000,-49.96642,-1.8321854,0,0,-0,-3.1049407,0,0,0,0,0,0,0,0,0,0,0,0,0,0,0.079544401,0.14952577,50.305641,1000,1,0,nan,nan,nan,nan,nan,1406.6149
60.8,1960.2616,909.02691,-1000,-49.956142,-2.0937827,0,0,-0,-3.0997048,0,0,0,0,0,0,0,0,0,0,0,0,0,0,0.079495071,0.14958759,50.326437,1000,1,0,nan,nan,nan,nan,nan,1407.7782
60.9,1955.2665,908.8051,-1000,-49.944494,-2.3553225,0,0,-0,-3.0944688,0,0,0,0,0,0,0,0,0,0,0,0,0,0,0.07944362,0.14964936,50.34722,1000,1,0,nan,nan,nan,nan,nan,1408.9411
61,1950.2727,908.55715,-1000,-49.931477,-2.6167978,0,0,-0,-3.0892328,0,0,0,0,0,0,0,0,0,0,0,0,0,0,0.079390052,0.14971109,50.36799,1000,1,0,nan,nan,nan,nan,nan,1410.1038
61.1,1945.2802,908.28305,-1000,-49.917091,-2.8782013,0,0,-0,-3.0839968,0,0,0,0,0,0,0,0,0,0,0,0,0,0,0.07933437,0.14977279,50.388745,1000,1,0,nan,nan,nan,nan,nan,1411.2662
61.2,1940.2892,907.98282,-1000,-49.901336,-3.139526,0,0,-0,-3.0787608,0,0,0,0,0,0,0,0,0,0,0,0,0,0,0.079276579,0.14983443,50.409485,1000,1,0,nan,nan,nan,nan,nan,1412.4282
61.3,1935.2999,907.65646,-1000,-49.884214,-3.4007645,0,0,-0,-3.0735248,0,0,0,0,0,0,0,0,0,0,0,0,0,0,0.079216683,0.14989604,50.43021,1000,1,0,nan,nan,nan,nan,nan,1413.5898
61.4,1930.3123,907.30398,-1000,-49.865724,-3.6619099,0,0,-0,-3.0682888,0,0,0,0,0,0,0,0,0,0,0,0,0,0,0.079154686,0.14995759,50.45092,1000,1,0,nan,nan,nan,nan,nan,1414.7511
61.5,1925.3267,906.92538,-1000,-49.845867,-3.9229548,0,0,-0,-3.0630528,0,0,0,0,0,0,0,0,0,0,0,0,0,0,0.079090593,0.1500191,50.471612,1000,1,0,nan,nan,nan,nan,nan,1415.9118
61.6,1920.3431,906.52069,-1000,-49.824643,-4.1838922,0,0,-0,-3.0578168,0,0,0,0,0,0,0,0,0,0,0,0,0,0,0.079024407,0.15008055,50.492288,1000,1,0,nan,nan,nan,nan,nan,1417.0721
61.7,1915.3617,906.08991,-1000,-49.802053,-4.4447148,0,0,-0,-3.0525809,0,0,0,0,0,0,0,0,0,0,0,0,0,0,0.078956133,0.15014196,50.512946,1000,1,0,nan,nan,nan,nan,nan,1418.2319
61.8,1910.3826,905.63306,-1000,-49.778098,-4.7054157,0,0,-0,-3.0473449,0,0,0,0,0,0,0,0,0,0,0,0,0,0,0.078885775,0.1502033,50.533586,1000,1,0,nan,nan,nan,nan,nan,1419.3912
61.9,1905.406,905.15014,-1000,-49.752778,-4.9659875,0,0,-0,-3.0421089,0,0,0,0,0,0,0,0,0,0,0,0,0,0,0.078813338,0.1502646,50.554208,1000,1,0,nan,nan,nan,nan,nan,1420.5498
62,1900.432,904.64117,-1000,-49.726095,-5.2264232,0,0,-0,-3.0368729,0,0,0,0,0,0,0,0,0,0,0,0,0,0,0.078738825,0.15032584,50.57481,1000,1,0,nan,nan,nan,nan,nan,1421.7079
62.1,1895.4607,904.10616,-1000,-49.698048,-5.4867156,0,0,-0,-3.0316369,0,0,0,0,0,0,0,0,0,0,0,0,0,0,0.078662243,0.15038701,50.595392,1000,1,0,nan,nan,nan,nan,nan,1422.8653
62.2,1890.4923,903.54513,-1000,-49.668638,-5.7468575,0,0,-0,-3.0264009,0,0,0,0,0,0,0,0,0,0,0,0,0,0,0.078583594,0.15044813,50.615955,1000,1,0,nan,nan,nan,nan,nan,1424.0221
62.3,1885.5269,902.95809,-1000,-49.637867,-6.0068419,0,0,-0,-3.0211649,0,0,0,0,0,0,0,0,0,0,0,0,0,0,0.078502885,0.15050919,50.636496,1000,1,0,nan,nan,nan,nan,nan,1425.1781
62.4,1880.5646,902.34507,-1000,-49.605735,-6.2666617,0,0,-0,-3.0159289,0,0,0,0,0,0,0,0,0,0,0,0,0,0,0.078420118,0.15057018,50.657016,1000,1,0,nan,nan,nan,nan,nan,1426.3334
62.5,1875.6056,901.70607,-1000,-49.572243,-6.5263096,0,0,-0,-3.010693,0,0,0,0,0,0,0,0,0,0,0,0,0,0,0.0783353,0.15063111,50.677515,1000,1,0,nan,nan,nan,nan,nan,1427.488
62.6,1870.65,901.04111,-1000,-49.537392,-6.7857786,0,0,-0,-3.005457,0,0,0,0,0,0,0,0,0,0,0,0,0,0,0.078248434,0.15069197,50.69799,1000,1,0,nan,nan,nan,nan,nan,1428.6418
62.7,1865.698,900.35021,-1000,-49.501183,-7.0450616,0,0,-0,-3.000221,0,0,0,0,0,0,0,0,0,0,0,0,0,0,0.078159526,0.15075276,50.718443,1000,1,0,nan,nan,nan,nan,nan,1429.7947
62.8,1860.7496,899.6334,-1000,-49.463617,-7.3041514,0,0,-0,-2.994985,0,0,0,0,0,0,0,0,0,0,0,0,0,0,0.07806858,0.15081349,50.738873,1000,1,0,nan,nan,nan,nan,nan,1430.9468
62.9,1855.8051,898.89069,-1000,-49.424694,-7.563041,0,0,-0,-2.989749,0,0,0,0,0,0,0,0,0,0,0,0,0,0,0.077975601,0.15087414,50.759278,1000,1,0,nan,nan,nan,nan,nan,1432.098
63,1850.8646,898.12209,-1000,-49.384417,-7.8217233,0,0,-0,-2.984513,0,0,0,0,0,0,0,0,0,0,0,0,0,0,0.077880594,0.15093472,50.779659,1000,1,0,nan,nan,nan,nan,nan,1433.2482
63.1,1845.9281,897.32764,-1000,-49.342786,-8.0801911,0,0,-0,-2.979277,0,0,0,0,0,0,0,0,0,0,0,0,0,0,0.077783563,0.15099522,50.800015,1000,1,0,nan,nan,nan,nan,nan,1434.3976
63.2,1840.9958,896.50735,-1000,-49.299802,-8.3384373,0,0,-0,-2.974041,0,0,0,0,0,0,0,0,0,0,0,0,0,0,0.077684515,0.15105565,50.820345,1000,1,0,nan,nan,nan,nan,nan,1435.5459
63.3,1836.0679,895.66125,-1000,-49.255466,-8.596455,0,0,-0,-2.9688051,0,0,0,0,0,0,0,0,0,0,0,0,0,0,0.077583453,0.151116,50.840649,1000,1,0,nan,nan,nan,nan,nan,1436.6932
63.4,1831.1446,894.78936,-1000,-49.20978,-8.854237,0,0,-0,-2.9635691,0,0,0,0,0,0,0,0,0,0,0,0,0,0,0.077480383,0.15117628,50.860927,1000,1,0,nan,nan,nan,nan,nan,1437.8395
63.5,1826.2258,893.8917,-1000,-49.162745,-9.1117763,0,0,-0,-2.9583331,0,0,0,0,0,0,0,0,0,0,0,0,0,0,0.077375309,0.15123647,50.881177,1000,1,0,nan,nan,nan,nan,nan,1438.9846
63.6,1821.3118,892.9683,-1000,-49.114363,-9.3690657,0,0,-0,-2.9530971,0,0,0,0,0,0,0,0,0,0,0,0,0,0,0.077268238,0.15129658,50.9014,1000,1,0,nan,nan,nan,nan,nan,1440.1287
63.7,1816.4027,892.01918,-1000,-49.064633,-9.6260983,0,0,-0,-2.9478611,0,0,0,0,0,0,0,0,0,0,0,0,0,0,0.077159173,0.1513566,50.921595,1000,1,0,nan,nan,nan,nan,nan,1441.2717
63.8,1811.4987,891.04437,-1000,-49.013559,-9.882867,0,0,-0,-2.9426251,0,0,0,0,0,0,0,0,0,0,0,0,0,0,0.077048121,0.15141654,50.94176,1000,1,0,nan,nan,nan,nan,nan,1442.4134
63.9,1806.5998,890.0439,-1000,-48.961141,-10.139365,0,0,-0,-2.9373891,0,0,0,0,0,0,0,0,0,0,0,0,0,0,0.076935086,0.15147639,50.961897,1000,1,0,nan,nan,nan,nan,nan,1443.554
64,1801.7062,889.01779,-1000,-48.90738,-10.395585,0,0,-0,-2.9321531,0,0,0,0,0,0,0,0,0,0,0,0,0,0,0.076820074,0.15153616,50.982003,1000,1,0,nan,nan,nan,nan,nan,1444.6933
64.1,1796.8181,887.96607,-1000,-48.852279,-10.651519,0,0,-0,-2.9269172,0,0,0,0,0,0,0,0,0,0,0,0,0,0,0.07670309,0.15159583,51.00208,1000,1,0,nan,nan,nan,nan,nan,1445.8313
64.2,1791.9355,886.88878,-1000,-48.795838,-10.907162,0,0,-0,-2.9216812,0,0,0,0,0,0,0,0,0,0,0,0,0,0,0.076584139,0.15165541,51.022126,1000,1,0,nan,nan,nan,nan,nan,1446.9681
64.3,1787.0587,885.78593,-1000,-48.73806,-11.162506,0,0,-0,-2.9164452,0,0,0,0,0,0,0,0,0,0,0,0,0,0,0.076463227,0.1517149,51.04214,1000,1,0,nan,nan,nan,nan,nan,1448.1035
64.4,1782.1877,884.65756,-1000,-48.678945,-11.417544,0,0,-0,-2.9112092,0,0,0,0,0,0,0,0,0,0,0,0,0,0,0.076340359,0.1517743,51.062122,1000,1,0,nan,nan,nan,nan,nan,1449.2376
64.5,1777.3226,883.5037,-1000,-48.618496,-11.672268,0,0,-0,-2.9059732,0,0,0,0,0,0,0,0,0,0,0,0,0,0,0.07621554,0.1518336,51.082073,1000,1,0,nan,nan,nan,nan,nan,1450.3702
64.6,1772.4637,882.32439,-1000,-48.556714,-11.926673,0,0,-0,-2.9007372,0,0,0,0,0,0,0,0,0,0,0,0,0,0,0.076088777,0.1518928,51.10199,1000,1,0,nan,nan,nan,nan,nan,1451.5015
64.7,1767.611,881.11965,-1000,-48.493601,-12.180751,0,0,-0,-2.8955012,0,0,0,0,0,0,0,0,0,0,0,0,0,0,0.075960073,0.1519519,51.121874,1000,1,0,nan,nan,nan,nan,nan,1452.6313
64.8,1762.7647,879.88952,-1000,-48.429158,-12.434494,0,0,-0,-2.8902652,0,0,0,0,0,0,0,0,0,0,0,0,0,0,0.075829436,0.1520109,51.141724,1000,1,0,nan,nan,nan,nan,nan,1453.7596
64.9,1757.9249,878.63403,-1000,-48.363388,-12.687897,0,0,-0,-2.8850293,0,0,0,0,0,0,0,0,0,0,0,0,0,0,0.07569687,0.1520698,51.16154,1000,1,0,nan,nan,nan,nan,nan,1454.8864
65,1753.0918,877.35322,-1000,-48.296291,-12.940952,0,0,-0,-2.8797933,0,0,0,0,0,0,0,0,0,0,0,0,0,0,0.075562382,0.1521286,51.181321,1000,1,0,nan,nan,nan,nan,nan,1456.0116
65.1,1748.2654,876.04712,-1000,-48.227871,-13.193652,0,0,-0,-2.8745573,0,0,0,0,0,0,0,0,0,0,0,0,0,0,0.075425976,0.15218729,51.201067,1000,1,0,nan,nan,nan,nan,nan,1457.1353
65.2,1743.4459,874.71576,-1000,-48.158128,-13.445991,0,0,-0,-2.8693213,0,0,0,0,0,0,0,0,0,0,0,0,0,0,0.075287658,0.15224587,51.220776,1000,1,0,nan,nan,nan,nan,nan,1458.2573
65.3,1738.6334,873.35919,-1000,-48.087065,-13.697961,0,0,-0,-2.8640853,0,0,0,0,0,0,0,0,0,0,0,0,0,0,0.075147435,0.15230435,51.24045,1000,1,0,nan,nan,nan,nan,nan,1459.3778
65.4,1733.8282,871.97744,-1000,-48.014684,-13.949555,0,0,-0,-2.8588493,0,0,0,0,0,0,0,0,0,0,0,0,0,0,0.075005311,0.15236271,51.260086,1000,1,0,nan,nan,nan,nan,nan,1460.4965
65.5,1729.0302,870.57055,-1000,-47.940987,-14.200767,0,0,-0,-2.8536133,0,0,0,0,0,0,0,0,0,0,0,0,0,0,0.074861293,0.15242097,51.279685,1000,1,0,nan,nan,nan,nan,nan,1461.6136
65.6,1724.2396,869.13856,-1000,-47.865975,-14.45159,0,0,-0,-2.8483773,0,0,0,0,0,0,0,0,0,0,0,0,0,0,0.074715387,0.15247911,51.299247,1000,1,0,nan,nan,nan,nan,nan,1462.7289
65.7,1719.4566,867.6815,-1000,-47.789651,-14.702016,0,0,-0,-2.8431414,0,0,0,0,0,0,0,0,0,0,0,0,0,0,0.074567598,0.15253714,51.31877,1000,1,0,nan,nan,nan,nan,nan,1463.8424
65.8,1714.6814,866.19942,-1000,-47.712016,-14.95204,0,0,-0,-2.8379054,0,0,0,0,0,0,0,0,0,0,0,0,0,0,0.074417932,0.15259506,51.338254,1000,1,0,nan,nan,nan,nan,nan,1464.9542
65.9,1709.9139,864.69236,-1000,-47.633074,-15.201653,0,0,-0,-2.8326694,0,0,0,0,0,0,0,0,0,0,0,0,0,0,0.074266394,0.15265285,51.357699,1000,1,0,nan,nan,nan,nan,nan,1466.0641
66,1705.1544,863.16035,-1000,-47.552826,-15.45085,0,0,-0,-2.8274334,0,0,0,0,0,0,0,0,0,0,0,0,0,0,0.074112992,0.15271053,51.377104,1000,1,0,nan,nan,nan,nan,nan,1467.1722
66.1,1700.403,861.60344,-1000,-47.471274,-15.699623,0,0,-0,-2.8221974,0,0,0,0,0,0,0,0,0,0,0,0,0,0,0.073957731,0.15276809,51.396469,1000,1,0,nan,nan,nan,nan,nan,1468.2784
66.2,1695.6598,860.02168,-1000,-47.388421,-15.947965,0,0,-0,-2.8169614,0,0,0,0,0,0,0,0,0,0,0,0,0,0,0.073800617,0.15282553,51.415793,1000,1,0,nan,nan,nan,nan,nan,1469.3827
66.3,1690.9249,858.41511,-1000,-47.304268,-16.195871,0,0,-0,-2.8117254,0,0,0,0,0,0,0,0,0,0,0,0,0,0,0.073641655,0.15288284,51.435075,1000,1,0,nan,nan,nan,nan,nan,1470.4851
66.4,1686.1985,856.78376,-1000,-47.218819,-16.443332,0,0,-0,-2.8064894,0,0,0,0,0,0,0,0,0,0,0,0,0,0,0.073480853,0.15294003,51.454316,1000,1,0,nan,nan,nan,nan,nan,1471.5854
66.5,1681.4808,855.12769,-1000,-47.132075,-16.690343,0,0,-0,-2.8012534,0,0,0,0,0,0,0,0,0,0,0,0,0,0,0.073318215,0.1529971,51.473515,1000,1,0,nan,nan,nan,nan,nan,1472.6838
66.6,1676.7717,853.44694,-1000,-47.044038,-16.936896,0,0,-0,-2.7960175,0,0,0,0,0,0,0,0,0,0,0,0,0,0,0.073153748,0.15305404,51.492671,1000,1,0,nan,nan,nan,nan,nan,1473.7801
66.7,1672.0716,851.74156,-1000,-46.954713,-17.182985,0,0,-0,-2.7907815,0,0,0,0,0,0,0,0,0,0,0,0,0,0,0.072987459,0.15311085,51.511784,1000,1,0,nan,nan,nan,nan,nan,1474.8744
66.8,1667.3804,850.01159,-1000,-46.864099,-17.428602,0,0,-0,-2.7855455,0,0,0,0,0,0,0,0,0,0,0,0,0,0,0.072819353,0.15316753,51.530853,1000,1,0,nan,nan,nan,nan,nan,1475.9666
66.9,1662.6983,848.25708,-1000,-46.772202,-17.673742,0,0,-0,-2.7803095,0,0,0,0,0,0,0,0,0,0,0,0,0,0,0.072649437,0.15322408,51.549878,1000,1,0,nan,nan,nan,nan,nan,1477.0566
67,1658.0255,846.47808,-1000,-46.679021,-17.918397,0,0,-0,-2.7750735,0,0,0,0,0,0,0,0,0,0,0,0,0,0,0.072477717,0.15328049,51.568859,1000,1,0,nan,nan,nan,nan,nan,1478.1445
67.1,1653.3621,844.67464,-1000,-46.584561,-18.162562,0,0,-0,-2.7698375,0,0,0,0,0,0,0,0,0,0,0,0,0,0,0.072304198,0.15333678,51.587794,1000,1,0,nan,nan,nan,nan,nan,1479.2302
67.2,1648.7082,842.84681,-1000,-46.488824,-18.406228,0,0,-0,-2.7646015,0,0,0,0,0,0,0,0,0,0,0,0,0,0,0.072128888,0.15339292,51.606684,1000,1,0,nan,nan,nan,nan,nan,1480.3137
67.3,1644.0639,840.99463,-1000,-46.391813,-18.649389,0,0,-0,-2.7593655,0,0,0,0,0,0,0,0,0,0,0,0,0,0,0.071951793,0.15344893,51.625528,1000,1,0,nan,nan,nan,nan,nan,1481.395
67.4,1639.4294,839.11816,-1000,-46.293529,-18.892039,0,0,-0,-2.7541296,0,0,0,0,0,0,0,0,0,0,0,0,0,0,0.071772918,0.15350481,51.644325,1000,1,0,nan,nan,nan,nan,nan,1482.4739
67.5,1634.8047,837.21745,-1000,-46.193977,-19.134172,0,0,-0,-2.7488936,0,0,0,0,0,0,0,0,0,0,0,0,0,0,0.071592271,0.15356054,51.663076,1000,1,0,nan,nan,nan,nan,nan,1483.5506
67.6,1630.1901,835.29255,-1000,-46.093158,-19.375779,0,0,-0,-2.7436576,0,0,0,0,0,0,0,0,0,0,0,0,0,0,0.071409857,0.15361613,51.681779,1000,1,0,nan,nan,nan,nan,nan,1484.625
67.7,1625.5856,833.34352,-1000,-45.991075,-19.616856,0,0,-0,-2.7384216,0,0,0,0,0,0,0,0,0,0,0,0,0,0,0.071225683,0.15367158,51.700434,1000,1,0,nan,nan,nan,nan,nan,1485.6969
67.8,1620.9914,831.3704,-1000,-45.887731,-19.857395,0,0,-0,-2.7331856,0,0,0,0,0,0,0,0,0,0,0,0,0,0,0.071039756,0.15372689,51.719041,1000,1,0,nan,nan,nan,nan,nan,1486.7665
67.9,1616.4076,829.37326,-1000,-45.78313,-20.097389,0,0,-0,-2.7279496,0,0,0,0,0,0,0,0,0,0,0,0,0,0,0.070852082,0.15378205,51.737599,1000,1,0,nan,nan,nan,nan,nan,1487.8337
68,1611.8343,827.35214,-1000,-45.677273,-20.336832,0,0,-0,-2.7227136,0,0,0,0,0,0,0,0,0,0,0,0,0,0,0.070662668,0.15383706,51.756107,1000,1,0,nan,nan,nan,nan,nan,1488.8984
68.1,1607.2717,825.30711,-1000,-45.570164,-20.575718,0,0,-0,-2.7174776,0,0,0,0,0,0,0,0,0,0,0,0,0,0,0.070471519,0.15389193,51.774567,1000,1,0,nan,nan,nan,nan,nan,1489.9607
68.2,1602.7198,823.23821,-1000,-45.461805,-20.81404,0,0,-0,-2.7122417,0,0,0,0,0,0,0,0,0,0,0,0,0,0,0.070278643,0.15394665,51.792976,1000,1,0,nan,nan,nan,nan,nan,1491.0204
68.3,1598.1788,821.14551,-1000,-45.352201,-21.051791,0,0,-0,-2.7070057,0,0,0,0,0,0,0,0,0,0,0,0,0,0,0.070084046,0.15400121,51.811334,1000,1,0,nan,nan,nan,nan,nan,1492.0776
68.4,1593.6488,819.02906,-1000,-45.241353,-21.288965,0,0,-0,-2.7017697,0,0,0,0,0,0,0,0,0,0,0,0,0,0,0.069887734,0.15405563,51.829641,1000,1,0,nan,nan,nan,nan,nan,1493.1322
68.5,1589.13,816.88892,-1000,-45.129264,-21.525555,0,0,-0,-2.6965337,0,0,0,0,0,0,0,0,0,0,0,0,0,0,0.069689715,0.15410989,51.847897,1000,1,0,nan,nan,nan,nan,nan,1494.1842
68.6,1584.6225,814.72515,-1000,-45.015939,-21.761555,0,0,-0,-2.6912977,0,0,0,0,0,0,0,0,0,0,0,0,0,0,0.069489994,0.154164,51.866101,1000,1,0,nan,nan,nan,nan,nan,1495.2336
68.7,1580.1263,812.53781,-1000,-44.901379,-21.996958,0,0,-0,-2.6860617,0,0,0,0,0,0,0,0,0,0,0,0,0,0,0.069288579,0.15421795,51.884253,1000,1,0,nan,nan,nan,nan,nan,1496.2804
68.8,1575.6416,810.32695,-1000,-44.785588,-22.231759,0,0,-0,-2.6808257,0,0,0,0,0,0,0,0,0,0,0,0,0,0,0.069085476,0.15427175,51.902351,1000,1,0,nan,nan,nan,nan,nan,1497.3245
68.9,1571.1686,808.09265,-1000,-44.668569,-22.46595,0,0,-0,-2.6755897,0,0,0,0,0,0,0,0,0,0,0,0,0,0,0.068880692,0.15432539,51.920397,1000,1,0,nan,nan,nan,nan,nan,1498.3658
69,1566.7074,805.83495,-1000,-44.550326,-22.699525,0,0,-0,-2.6703538,0,0,0,0,0,0,0,0,0,0,0,0,0,0,0.068674234,0.15437886,51.938388,1000,1,0,nan,nan,nan,nan,nan,1499.4045
69.1,1562.258,803.55393,-1000,-44.430862,-22.932478,0,0,-0,-2.6651178,0,0,0,0,0,0,0,0,0,0,0,0,0,0,0.068466108,0.15443218,51.956326,1000,1,0,nan,nan,nan,nan,nan,1500.4403
69.2,1557.8207,801.24964,-1000,-44.310179,-23.164802,0,0,-0,-2.6598818,0,0,0,0,0,0,0,0,0,0,0,0,0,0,0.068256321,0.15448534,51.974209,1000,1,0,nan,nan,nan,nan,nan,1501.4734
69.3,1553.3954,798.92215,-1000,-44.188282,-23.396491,0,0,-0,-2.6546458,0,0,0,0,0,0,0,0,0,0,0,0,0,0,0.06804488,0.15453833,51.992037,1000,1,0,nan,nan,nan,nan,nan,1502.5036
69.4,1548.9824,796.57152,-1000,-44.065173,-23.627538,0,0,-0,-2.6494098,0,0,0,0,0,0,0,0,0,0,0,0,0,0,0.067831792,0.15459115,52.00981,1000,1,0,nan,nan,nan,nan,nan,1503.531
69.5,1544.5818,794.19782,-1000,-43.940856,-23.857938,0,0,-0,-2.6441738,0,0,0,0,0,0,0,0,0,0,0,0,0,0,0.067617063,0.15464381,52.027526,1000,1,0,nan,nan,nan,nan,nan,1504.5555
69.6,1540.1937,791.80111,-1000,-43.815334,-24.087684,0,0,-0,-2.6389378,0,0,0,0,0,0,0,0,0,0,0,0,0,0,0.067400701,0.15469631,52.045187,1000,1,0,nan,nan,nan,nan,nan,1505.5771
69.7,1535.8181,789.38145,-1000,-43.688611,-24.316769,0,0,-0,-2.6337018,0,0,0,0,0,0,0,0,0,0,0,0,0,0,0.067182712,0.15474863,52.06279,1000,1,0,nan,nan,nan,nan,nan,1506.5958
69.8,1531.4554,786.93892,-1000,-43.560691,-24.545188,0,0,-0,-2.6284659,0,0,0,0,0,0,0,0,0,0,0,0,0,0,0.066963103,0.15480078,52.080337,1000,1,0,nan,nan,nan,nan,nan,1507.6115
69.9,1527.1054,784.47358,-1000,-43.431576,-24.772933,0,0,-0,-2.6232299,0,0,0,0,0,0,0,0,0,0,0,0,0,0,0.066741882,0.15485277,52.097826,1000,1,0,nan,nan,nan,nan,nan,1508.6242
70,1522.7684,781.98549,-1000,-43.30127,-25,0,0,-0,-2.6179939,0,0,0,0,0,0,0,0,0,0,0,0,0,0,0.066519054,0.15490458,52.115257,1000,1,0,nan,nan,nan,nan,nan,1509.6338
70.1,1518.4445,779.47473,-1000,-43.169778,-25.226381,0,0,-0,-2.6127579,0,0,0,0,0,0,0,0,0,0,0,0,0,0,0.066294627,0.15495621,52.132629,1000,1,0,nan,nan,nan,nan,nan,1510.6405
70.2,1514.1339,776.94137,-1000,-43.037101,-25.452071,0,0,-0,-2.6075219,0,0,0,0,0,0,0,0,0,0,0,0,0,0,0.066068609,0.15500768,52.149943,1000,1,0,nan,nan,nan,nan,nan,1511.644
70.3,1509.8365,774.38547,-1000,-42.903245,-25.677063,0,0,-0,-2.6022859,0,0,0,0,0,0,0,0,0,0,0,0,0,0,0.065841005,0.15505896,52.167198,1000,1,0,nan,nan,nan,nan,nan,1512.6445
70.4,1505.5526,771.8071,-1000,-42.768213,-25.90135,0,0,-0,-2.5970499,0,0,0,0,0,0,0,0,0,0,0,0,0,0,0.065611823,0.15511007,52.184392,1000,1,0,nan,nan,nan,nan,nan,1513.6418
70.5,1501.2822,769.20634,-1000,-42.632008,-26.124928,0,0,-0,-2.5918139,0,0,0,0,0,0,0,0,0,0,0,0,0,0,0.06538107,0.155161,52.201527,1000,1,0,nan,nan,nan,nan,nan,1514.636
70.6,1497.0255,766.58326,-1000,-42.494635,-26.34779,0,0,-0,-2.586578,0,0,0,0,0,0,0,0,0,0,0,0,0,0,0.065148754,0.15521175,52.218601,1000,1,0,nan,nan,nan,nan,nan,1515.627
70.7,1492.7826,763.93792,-1000,-42.356096,-26.569929,0,0,-0,-2.581342,0,0,0,0,0,0,0,0,0,0,0,0,0,0,0.06491488,0.15526232,52.235615,1000,1,0,nan,nan,nan,nan,nan,1516.6147
70.8,1488.5536,761.2704,-1000,-42.216396,-26.79134,0,0,-0,-2.576106,0,0,0,0,0,0,0,0,0,0,0,0,0,0,0.064679457,0.15531271,52.252567,1000,1,0,nan,nan,nan,nan,nan,1517.5993
70.9,1484.3387,758.58078,-1000,-42.075539,-27.012016,0,0,-0,-2.57087,0,0,0,0,0,0,0,0,0,0,0,0,0,0,0.064442491,0.15536291,52.269457,1000,1,0,nan,nan,nan,nan,nan,1518.5805
71,1480.1379,755.86913,-1000,-41.933528,-27.231952,0,0,-0,-2.565634,0,0,0,0,0,0,0,0,0,0,0,0,0,0,0.06420399,0.15541293,52.286285,1000,1,0,nan,nan,nan,nan,nan,1519.5585
71.1,1475.9513,753.13551,-1000,-41.790368,-27.451141,0,0,-0,-2.560398,0,0,0,0,0,0,0,0,0,0,0,0,0,0,0.06396396,0.15546277,52.303051,1000,1,0,nan,nan,nan,nan,nan,1520.5332
71.2,1471.7791,750.38002,-1000,-41.646062,-27.669577,0,0,-0,-2.555162,0,0,0,0,0,0,0,0,0,0,0,0,0,0,0.06372241,0.15551241,52.319754,1000,1,0,nan,nan,nan,nan,nan,1521.5045
71.3,1467.6214,747.60271,-1000,-41.500614,-27.887255,0,0,-0,-2.549926,0,0,0,0,0,0,0,0,0,0,0,0,0,0,0.063479345,0.15556187,52.336393,1000,1,0,nan,nan,nan,nan,nan,1522.4724
71.4,1463.4783,744.80368,-1000,-41.354029,-28.104169,0,0,-0,-2.54469,0,0,0,0,0,0,0,0,0,0,0,0,0,0,0.063234773,0.15561114,52.352969,1000,1,0,nan,nan,nan,nan,nan,1523.437
71.5,1459.3499,741.98299,-1000,-41.206309,-28.320312,0,0,-0,-2.5394541,0,0,0,0,0,0,0,0,0,0,0,0,0,0,0.062988702,0.15566022,52.369481,1000,1,0,nan,nan,nan,nan,nan,1524.3981
71.6,1455.2363,739.14072,-1000,-41.05746,-28.535678,0,0,-0,-2.5342181,0,0,0,0,0,0,0,0,0,0,0,0,0,0,0.062741139,0.15570911,52.385928,1000,1,0,nan,nan,nan,nan,nan,1525.3557
71.7,1451.1377,736.27695,-1000,-40.907486,-28.750263,0,0,-0,-2.5289821,0,0,0,0,0,0,0,0,0,0,0,0,0,0,0.06249209,0.1557578,52.40231,1000,1,0,nan,nan,nan,nan,nan,1526.3099
71.8,1447.0541,733.39177,-1000,-40.75639,-28.964059,0,0,-0,-2.5237461,0,0,0,0,0,0,0,0,0,0,0,0,0,0,0.062241564,0.1558063,52.418627,1000,1,0,nan,nan,nan,nan,nan,1527.2606
71.9,1442.9857,730.48524,-1000,-40.604176,-29.177061,0,0,-0,-2.5185101,0,0,0,0,0,0,0,0,0,0,0,0,0,0,0.061989567,0.1558546,52.434879,1000,1,0,nan,nan,nan,nan,nan,1528.2077
72,1438.9326,727.55744,-1000,-40.45085,-29.389263,0,0,-0,-2.5132741,0,0,0,0,0,0,0,0,0,0,0,0,0,0,0.061736108,0.15590271,52.451064,1000,1,0,nan,nan,nan,nan,nan,1529.1513
72.1,1434.8948,724.60847,-1000,-40.296414,-29.600659,0,0,-0,-2.5080381,0,0,0,0,0,0,0,0,0,0,0,0,0,0,0.061481192,0.15595062,52.467183,1000,1,0,nan,nan,nan,nan,nan,1530.0913
72.2,1430.8725,721.63839,-1000,-40.140874,-29.811244,0,0,-0,-2.5028021,0,0,0,0,0,0,0,0,0,0,0,0,0,0,0.061224828,0.15599834,52.483235,1000,1,0,nan,nan,nan,nan,nan,1531.0277
72.3,1426.8659,718.6473,-1000,-39.984233,-30.021011,0,0,-0,-2.4975662,0,0,0,0,0,0,0,0,0,0,0,0,0,0,0.060967022,0.15604585,52.49922,1000,1,0,nan,nan,nan,nan,nan,1531.9605
72.4,1422.8749,715.63527,-1000,-39.826496,-30.229956,0,0,-0,-2.4923302,0,0,0,0,0,0,0,0,0,0,0,0,0,0,0.060707783,0.15609316,52.515137,1000,1,0,nan,nan,nan,nan,nan,1532.8896
72.5,1418.8998,712.60238,-1000,-39.667667,-30.438071,0,0,-0,-2.4870942,0,0,0,0,0,0,0,0,0,0,0,0,0,0,0.060447117,0.15614027,52.530987,1000,1,0,nan,nan,nan,nan,nan,1533.815
72.6,1414.9406,709.54872,-1000,-39.507751,-30.645353,0,0,-0,-2.4818582,0,0,0,0,0,0,0,0,0,0,0,0,0,0,0.060185033,0.15618718,52.546768,1000,1,0,nan,nan,nan,nan,nan,1534.7367
72.7,1410.9975,706.47437,-1000,-39.346751,-30.851794,0,0,-0,-2.4766222,0,0,0,0,0,0,0,0,0,0,0,0,0,0,0.059921536,0.15623388,52.56248,1000,1,0,nan,nan,nan,nan,nan,1535.6546
72.8,1407.0705,703.37942,-1000,-39.184673,-31.057389,0,0,-0,-2.4713862,0,0,0,0,0,0,0,0,0,0,0,0,0,0,0.059656636,0.15628038,52.578124,1000,1,0,nan,nan,nan,nan,nan,1536.5689
72.9,1403.1598,700.26395,-1000,-39.02152,-31.262133,0,0,-0,-2.4661502,0,0,0,0,0,0,0,0,0,0,0,0,0,0,0.059390339,0.15632667,52.593698,1000,1,0,nan,nan,nan,nan,nan,1537.4793
73,1399.2654,697.12804,-1000,-38.857298,-31.46602,0,0,-0,-2.4609142,0,0,0,0,0,0,0,0,0,0,0,0,0,0,0.059122653,0.15637275,52.609202,1000,1,0,nan,nan,nan,nan,nan,1538.3859
73.1,1395.3876,693.97179,-1000,-38.69201,-31.669044,0,0,-0,-2.4556783,0,0,0,0,0,0,0,0,0,0,0,0,0,0,0.058853585,0.15641863,52.624636,1000,1,0,nan,nan,nan,nan,nan,1539.2887
73.2,1391.5262,690.79527,-1000,-38.525662,-31.871199,0,0,-0,-2.4504423,0,0,0,0,0,0,0,0,0,0,0,0,0,0,0.058583142,0.1564643,52.64,1000,1,0,nan,nan,nan,nan,nan,1540.1876
73.3,1387.6816,687.59859,-1000,-38.358258,-32.072482,0,0,-0,-2.4452063,0,0,0,0,0,0,0,0,0,0,0,0,0,0,0.058311333,0.15650975,52.655293,1000,1,0,nan,nan,nan,nan,nan,1541.0826
73.4,1383.8538,684.38181,-1000,-38.189801,-32.272884,0,0,-0,-2.4399703,0,0,0,0,0,0,0,0,0,0,0,0,0,0,0.058038165,0.15655499,52.670514,1000,1,0,nan,nan,nan,nan,nan,1541.9737
73.5,1380.0429,681.14504,-1000,-38.020298,-32.472402,0,0,-0,-2.4347343,0,0,0,0,0,0,0,0,0,0,0,0,0,0,0.057763645,0.15660003,52.685664,1000,1,0,nan,nan,nan,nan,nan,1542.8609
73.6,1376.2489,677.88836,-1000,-37.849753,-32.67103,0,0,-0,-2.4294983,0,0,0,0,0,0,0,0,0,0,0,0,0,0,0.05748778,0.15664484,52.700742,1000,1,0,nan,nan,nan,nan,nan,1543.7441
73.7,1372.4721,674.61185,-1000,-37.67817,-32.868762,0,0,-0,-2.4242623,0,0,0,0,0,0,0,0,0,0,0,0,0,0,0.05721058,0.15668945,52.715748,1000,1,0,nan,nan,nan,nan,nan,1544.6234
73.8,1368.7125,671.31562,-1000,-37.505553,-33.065593,0,0,-0,-2.4190263,0,0,0,0,0,0,0,0,0,0,0,0,0,0,0.05693205,0.15673383,52.730681,1000,1,0,nan,nan,nan,nan,nan,1545.4986
73.9,1364.9701,667.99975,-1000,-37.331909,-33.261518,0,0,-0,-2.4137904,0,0,0,0,0,0,0,0,0,0,0,0,0,0,0.056652198,0.156778,52.745541,1000,1,0,nan,nan,nan,nan,nan,1546.3698
74,1361.2452,664.66432,-1000,-37.157241,-33.45653,0,0,-0,-2.4085544,0,0,0,0,0,0,0,0,0,0,0,0,0,0,0.056371033,0.15682195,52.760328,1000,1,0,nan,nan,nan,nan,nan,1547.237
74.1,1357.5378,661.30944,-1000,-36.981555,-33.650626,0,0,-0,-2.4033184,0,0,0,0,0,0,0,0,0,0,0,0,0,0,0.056088562,0.15686569,52.775042,1000,1,0,nan,nan,nan,nan,nan,1548.1
74.2,1353.8481,657.9352,-1000,-36.804854,-33.843798,0,0,-0,-2.3980824,0,0,0,0,0,0,0,0,0,0,0,0,0,0,0.055804792,0.1569092,52.789681,1000,1,0,nan,nan,nan,nan,nan,1548.959
74.3,1350.176,654.54168,-1000,-36.627145,-34.036043,0,0,-0,-2.3928464,0,0,0,0,0,0,0,0,0,0,0,0,0,0,0.055519731,0.15695249,52.804246,1000,1,0,nan,nan,nan,nan,nan,1549.8139
74.4,1346.5218,651.12898,-1000,-36.448431,-34.227355,0,0,-0,-2.3876104,0,0,0,0,0,0,0,0,0,0,0,0,0,0,0.055233386,0.15699556,52.818736,1000,1,0,nan,nan,nan,nan,nan,1550.6646
74.5,1342.8855,647.69719,-1000,-36.268719,-34.417729,0,0,-0,-2.3823744,0,0,0,0,0,0,0,0,0,0,0,0,0,0,0.054945766,0.15703841,52.833151,1000,1,0,nan,nan,nan,nan,nan,1551.5111
74.6,1339.2672,644.24642,-1000,-36.088011,-34.607159,0,0,-0,-2.3771384,0,0,0,0,0,0,0,0,0,0,0,0,0,0,0.054656878,0.15708103,52.847491,1000,1,0,nan,nan,nan,nan,nan,1552.3534
74.7,1335.667,640.77674,-1000,-35.906315,-34.79564,0,0,-0,-2.3719025,0,0,0,0,0,0,0,0,0,0,0,0,0,0,0.05436673,0.15712343,52.861755,1000,1,0,nan,nan,nan,nan,nan,1553.1915
74.8,1332.085,637.28826,-1000,-35.723634,-34.983167,0,0,-0,-2.3666665,0,0,0,0,0,0,0,0,0,0,0,0,0,0,0.054075329,0.1571656,52.875943,1000,1,0,nan,nan,nan,nan,nan,1554.0254
74.9,1328.5214,633.78107,-1000,-35.539974,-35.169735,0,0,-0,-2.3614305,0,0,0,0,0,0,0,0,0,0,0,0,0,0,0.053782683,0.15720754,52.890055,1000,1,0,nan,nan,nan,nan,nan,1554.855
75,1324.9762,630.25527,-1000,-35.355339,-35.355339,0,0,-0,-2.3561945,0,0,0,0,0,0,0,0,0,0,0,0,0,0,0.0534888,0.15724926,52.90409,1000,1,0,nan,nan,nan,nan,nan,1555.6803
75.1,1321.4494,626.71096,-1000,-35.169735,-35.539974,0,0,-0,-2.3509585,0,0,0,0,0,0,0,0,0,0,0,0,0,0,0.053193688,0.15729075,52.918048,1000,1,0,nan,nan,nan,nan,nan,1556.5013
75.2,1317.9413,623.14823,-1000,-34.983167,-35.723634,0,0,-0,-2.3457225,0,0,0,0,0,0,0,0,0,0,0,0,0,0,0.052897354,0.15733201,52.931929,1000,1,0,nan,nan,nan,nan,nan,1557.318
75.3,1314.4519,619.56718,-1000,-34.79564,-35.906315,0,0,-0,-2.3404865,0,0,0,0,0,0,0,0,0,0,0,0,0,0,0.052599806,0.15737304,52.945732,1000,1,0,nan,nan,nan,nan,nan,1558.1303
75.4,1310.9813,615.96791,-1000,-34.607159,-36.088011,0,0,-0,-2.3352505,0,0,0,0,0,0,0,0,0,0,0,0,0,0,0.052301052,0.15741383,52.959457,1000,1,0,nan,nan,nan,nan,nan,1558.9382
75.5,1307.5295,612.35052,-1000,-34.417729,-36.268719,0,0,-0,-2.3300146,0,0,0,0,0,0,0,0,0,0,0,0,0,0,0.052001099,0.1574544,52.973104,1000,1,0,nan,nan,nan,nan,nan,1559.7418
75.6,1304.0968,608.7151,-1000,-34.227355,-36.448431,0,0,-0,-2.3247786,0,0,0,0,0,0,0,0,0,0,0,0,0,0,0.051699956,0.15749473,52.986672,1000,1,0,nan,nan,nan,nan,nan,1560.5409
75.7,1300.6832,605.06176,-1000,-34.036043,-36.627145,0,0,-0,-2.3195426,0,0,0,0,0,0,0,0,0,0,0,0,0,0,0.05139763,0.15753482,53.000162,1000,1,0,nan,nan,nan,nan,nan,1561.3355
75.8,1297.2887,601.3906,-1000,-33.843798,-36.804854,0,0,-0,-2.3143066,0,0,0,0,0,0,0,0,0,0,0,0,0,0,0.051094129,0.15757468,53.013572,1000,1,0,nan,nan,nan,nan,nan,1562.1258
75.9,1293.9135,597.70171,-1000,-33.650626,-36.981555,0,0,-0,-2.3090706,0,0,0,0,0,0,0,0,0,0,0,0,0,0,0.05078946,0.15761431,53.026903,1000,1,0,nan,nan,nan,nan,nan,1562.9115
76,1290.5576,593.9952,-1000,-33.45653,-37.157241,0,0,-0,-2.3038346,0,0,0,0,0,0,0,0,0,0,0,0,0,0,0.050483633,0.15765369,53.040154,1000,1,0,nan,nan,nan,nan,nan,1563.6927
76.1,1287.2212,590.27117,-1000,-33.261518,-37.331909,0,0,-0,-2.2985986,0,0,0,0,0,0,0,0,0,0,0,0,0,0,0.050176654,0.15769284,53.053325,1000,1,0,nan,nan,nan,nan,nan,1564.4694
76.2,1283.9044,586.52973,-1000,-33.065593,-37.505553,0,0,-0,-2.2933626,0,0,0,0,0,0,0,0,0,0,0,0,0,0,0.049868531,0.15773175,53.066415,1000,1,0,nan,nan,nan,nan,nan,1565.2415
76.3,1280.6071,582.77096,-1000,-32.868762,-37.67817,0,0,-0,-2.2881266,0,0,0,0,0,0,0,0,0,0,0,0,0,0,0.049559273,0.15777042,53.079425,1000,1,0,nan,nan,nan,nan,nan,1566.0091
76.4,1277.3297,578.99499,-1000,-32.67103,-37.849753,0,0,-0,-2.2828907,0,0,0,0,0,0,0,0,0,0,0,0,0,0,0.049248886,0.15780885,53.092354,1000,1,0,nan,nan,nan,nan,nan,1566.772
76.5,1274.072,575.2019,-1000,-32.472402,-38.020298,0,0,-0,-2.2776547,0,0,0,0,0,0,0,0,0,0,0,0,0,0,0.048937379,0.15784703,53.105201,1000,1,0,nan,nan,nan,nan,nan,1567.5304
76.6,1270.8342,571.39181,-1000,-32.272884,-38.189801,0,0,-0,-2.2724187,0,0,0,0,0,0,0,0,0,0,0,0,0,0,0.048624761,0.15788498,53.117967,1000,1,0,nan,nan,nan,nan,nan,1568.2841
76.7,1267.6164,567.56482,-1000,-32.072482,-38.358258,0,0,-0,-2.2671827,0,0,0,0,0,0,0,0,0,0,0,0,0,0,0.048311038,0.15792268,53.130651,1000,1,0,nan,nan,nan,nan,nan,1569.0332
76.8,1264.4187,563.72104,-1000,-31.871199,-38.525662,0,0,-0,-2.2619467,0,0,0,0,0,0,0,0,0,0,0,0,0,0,0.047996218,0.15796014,53.143253,1000,1,0,nan,nan,nan,nan,nan,1569.7776
76.9,1261.2412,559.86056,-1000,-31.669044,-38.69201,0,0,-0,-2.2567107,0,0,0,0,0,0,0,0,0,0,0,0,0,0,0.04768031,0.15799735,53.155772,1000,1,0,nan,nan,nan,nan,nan,1570.5173
77,1258.0839,555.9835,-1000,-31.46602,-38.857298,0,0,-0,-2.2514747,0,0,0,0,0,0,0,0,0,0,0,0,0,0,0.047363322,0.15803431,53.168208,1000,1,0,nan,nan,nan,nan,nan,1571.2522
77.1,1254.947,552.08996,-1000,-31.262133,-39.02152,0,0,-0,-2.2462387,0,0,0,0,0,0,0,0,0,0,0,0,0,0,0.047045261,0.15807103,53.180562,1000,1,0,nan,nan,nan,nan,nan,1571.9825
77.2,1251.8305,548.18005,-1000,-31.057389,-39.184673,0,0,-0,-2.2410028,0,0,0,0,0,0,0,0,0,0,0,0,0,0,0.046726135,0.1581075,53.192832,1000,1,0,nan,nan,nan,nan,nan,1572.708
77.3,1248.7345,544.25387,-1000,-30.851794,-39.346751,0,0,-0,-2.2357668,0,0,0,0,0,0,0,0,0,0,0,0,0,0,0.046405953,0.15814373,53.205019,1000,1,0,nan,nan,nan,nan,nan,1573.4287
77.4,1245.6592,540.31154,-1000,-30.645353,-39.507751,0,0,-0,-2.2305308,0,0,0,0,0,0,0,0,0,0,0,0,0,0,0.046084722,0.1581797,53.217121,1000,1,0,nan,nan,nan,nan,nan,1574.1446
77.5,1242.6045,536.35316,-1000,-30.438071,-39.667667,0,0,-0,-2.2252948,0,0,0,0,0,0,0,0,0,0,0,0,0,0,0.04576245,0.15821542,53.22914,1000,1,0,nan,nan,nan,nan,nan,1574.8557
77.6,1239.5705,532.37884,-1000,-30.229956,-39.826496,0,0,-0,-2.2200588,0,0,0,0,0,0,0,0,0,0,0,0,0,0,0.045439145,0.1582509,53.241074,1000,1,0,nan,nan,nan,nan,nan,1575.5619
77.7,1236.5575,528.38869,-1000,-30.021011,-39.984233,0,0,-0,-2.2148228,0,0,0,0,0,0,0,0,0,0,0,0,0,0,0.045114815,0.15828612,53.252924,1000,1,0,nan,nan,nan,nan,nan,1576.2633
77.8,1233.5653,524.38282,-1000,-29.811244,-40.140874,0,0,-0,-2.2095868,0,0,0,0,0,0,0,0,0,0,0,0,0,0,0.044789469,0.15832108,53.264688,1000,1,0,nan,nan,nan,nan,nan,1576.9598
77.9,1230.5942,520.36133,-1000,-29.600659,-40.296414,0,0,-0,-2.2043508,0,0,0,0,0,0,0,0,0,0,0,0,0,0,0.044463113,0.1583558,53.276367,1000,1,0,nan,nan,nan,nan,nan,1577.6515
78,1227.6442,516.32435,-1000,-29.389263,-40.45085,0,0,-0,-2.1991149,0,0,0,0,0,0,0,0,0,0,0,0,0,0,0.044135757,0.15839026,53.287961,1000,1,0,nan,nan,nan,nan,nan,1578.3382
78.1,1224.7153,512.27197,-1000,-29.177061,-40.604176,0,0,-0,-2.1938789,0,0,0,0,0,0,0,0,0,0,0,0,0,0,0.043807408,0.15842447,53.299469,1000,1,0,nan,nan,nan,nan,nan,1579.02
78.2,1221.8077,508.20431,-1000,-28.964059,-40.75639,0,0,-0,-2.1886429,0,0,0,0,0,0,0,0,0,0,0,0,0,0,0.043478074,0.15845842,53.310891,1000,1,0,nan,nan,nan,nan,nan,1579.6968
78.3,1218.9214,504.12149,-1000,-28.750263,-40.907486,0,0,-0,-2.1834069,0,0,0,0,0,0,0,0,0,0,0,0,0,0,0.043147763,0.15849211,53.322227,1000,1,0,nan,nan,nan,nan,nan,1580.3687
78.4,1216.0566,500.02361,-1000,-28.535678,-41.05746,0,0,-0,-2.1781709,0,0,0,0,0,0,0,0,0,0,0,0,0,0,0.042816484,0.15852555,53.333476,1000,1,0,nan,nan,nan,nan,nan,1581.0356
78.5,1213.2133,495.91078,-1000,-28.320312,-41.206309,0,0,-0,-2.1729349,0,0,0,0,0,0,0,0,0,0,0,0,0,0,0.042484244,0.15855873,53.344639,1000,1,0,nan,nan,nan,nan,nan,1581.6974
78.6,1210.3915,491.78312,-1000,-28.104169,-41.354029,0,0,-0,-2.1676989,0,0,0,0,0,0,0,0,0,0,0,0,0,0,0.042151051,0.15859165,53.355714,1000,1,0,nan,nan,nan,nan,nan,1582.3543
78.7,1207.5914,487.64075,-1000,-27.887255,-41.500614,0,0,-0,-2.1624629,0,0,0,0,0,0,0,0,0,0,0,0,0,0,0.041816913,0.15862431,53.366702,1000,1,0,nan,nan,nan,nan,nan,1583.0061
78.8,1204.813,483.48377,-1000,-27.669577,-41.646062,0,0,-0,-2.157227,0,0,0,0,0,0,0,0,0,0,0,0,0,0,0.041481839,0.15865671,53.377603,1000,1,0,nan,nan,nan,nan,nan,1583.6529
78.9,1202.0564,479.3123,-1000,-27.451141,-41.790368,0,0,-0,-2.151991,0,0,0,0,0,0,0,0,0,0,0,0,0,0,0.041145837,0.15868885,53.388416,1000,1,0,nan,nan,nan,nan,nan,1584.2945
79,1199.3217,475.12645,-1000,-27.231952,-41.933528,0,0,-0,-2.146755,0,0,0,0,0,0,0,0,0,0,0,0,0,0,0.040808914,0.15872072,53.399141,1000,1,0,nan,nan,nan,nan,nan,1584.9311
79.1,1196.6089,470.92634,-1000,-27.012016,-42.075539,0,0,-0,-2.141519,0,0,0,0,0,0,0,0,0,0,0,0,0,0,0.040471079,0.15875234,53.409777,1000,1,0,nan,nan,nan,nan,nan,1585.5626
79.2,1193.9182,466.71209,-1000,-26.79134,-42.216396,0,0,-0,-2.136283,0,0,0,0,0,0,0,0,0,0,0,0,0,0,0.040132339,0.15878369,53.420325,1000,1,0,nan,nan,nan,nan,nan,1586.1889
79.3,1191.2496,462.4838,-1000,-26.569929,-42.356096,0,0,-0,-2.131047,0,0,0,0,0,0,0,0,0,0,0,0,0,0,0.039792704,0.15881478,53.430785,1000,1,0,nan,nan,nan,nan,nan,1586.8101
79.4,1188.6031,458.2416,-1000,-26.34779,-42.494635,0,0,-0,-2.125811,0,0,0,0,0,0,0,0,0,0,0,0,0,0,0.03945218,0.15884561,53.441155,1000,1,0,nan,nan,nan,nan,nan,1587.4262
79.5,1185.9789,453.98561,-1000,-26.124928,-42.632008,0,0,-0,-2.120575,0,0,0,0,0,0,0,0,0,0,0,0,0,0,0.039110776,0.15887617,53.451437,1000,1,0,nan,nan,nan,nan,nan,1588.037
79.6,1183.3771,449.71593,-1000,-25.90135,-42.768213,0,0,-0,-2.1153391,0,0,0,0,0,0,0,0,0,0,0,0,0,0,0.038768501,0.15890646,53.461628,1000,1,0,nan,nan,nan,nan,nan,1588.6427
79.7,1180.7976,445.43268,-1000,-25.677063,-42.903245,0,0,-0,-2.1101031,0,0,0,0,0,0,0,0,0,0,0,0,0,0,0.038425362,0.15893649,53.47173,1000,1,0,nan,nan,nan,nan,nan,1589.2431
79.8,1178.2405,441.13599,-1000,-25.452071,-43.037101,0,0,-0,-2.1048671,0,0,0,0,0,0,0,0,0,0,0,0,0,0,0.038081367,0.15896625,53.481743,1000,1,0,nan,nan,nan,nan,nan,1589.8383
79.9,1175.7061,436.82597,-1000,-25.226381,-43.169778,0,0,-0,-2.0996311,0,0,0,0,0,0,0,0,0,0,0,0,0,0,0.037736525,0.15899574,53.491665,1000,1,0,nan,nan,nan,nan,nan,1590.4283
80,1173.1942,432.50273,-1000,-25,-43.30127,0,0,-0,-2.0943951,0,0,0,0,0,0,0,0,0,0,0,0,0,0,0.037390844,0.15902496,53.501497,1000,1,0,nan,nan,nan,nan,nan,1591.013
80.1,1170.7049,428.16641,-1000,-24.772933,-43.431576,0,0,-0,-2.0891591,0,0,0,0,0,0,0,0,0,0,0,0,0,0,0.037044331,0.15905392,53.511238,1000,1,0,nan,nan,nan,nan,nan,1591.5924
80.2,1168.2385,423.81711,-1000,-24.545188,-43.560691,0,0,-0,-2.0839231,0,0,0,0,0,0,0,0,0,0,0,0,0,0,0.036696995,0.1590826,53.520889,1000,1,0,nan,nan,nan,nan,nan,1592.1665
80.3,1165.7948,419.45495,-1000,-24.316769,-43.688611,0,0,-0,-2.0786871,0,0,0,0,0,0,0,0,0,0,0,0,0,0,0.036348845,0.15911102,53.530448,1000,1,0,nan,nan,nan,nan,nan,1592.7353
80.4,1163.374,415.08006,-1000,-24.087684,-43.815334,0,0,-0,-2.0734512,0,0,0,0,0,0,0,0,0,0,0,0,0,0,0.035999888,0.15913916,53.539917,1000,1,0,nan,nan,nan,nan,nan,1593.2988
80.5,1160.9761,410.69255,-1000,-23.857938,-43.940856,0,0,-0,-2.0682152,0,0,0,0,0,0,0,0,0,0,0,0,0,0,0.035650132,0.15916703,53.549294,1000,1,0,nan,nan,nan,nan,nan,1593.857
80.6,1158.6013,406.29255,-1000,-23.627538,-44.065173,0,0,-0,-2.0629792,0,0,0,0,0,0,0,0,0,0,0,0,0,0,0.035299586,0.15919463,53.558579,1000,1,0,nan,nan,nan,nan,nan,1594.4098
80.7,1156.2495,401.88018,-1000,-23.396491,-44.188282,0,0,-0,-2.0577432,0,0,0,0,0,0,0,0,0,0,0,0,0,0,0.034948258,0.15922196,53.567773,1000,1,0,nan,nan,nan,nan,nan,1594.9572
80.8,1153.9208,397.45555,-1000,-23.164802,-44.310179,0,0,-0,-2.0525072,0,0,0,0,0,0,0,0,0,0,0,0,0,0,0.034596156,0.15924901,53.576874,1000,1,0,nan,nan,nan,nan,nan,1595.4992
80.9,1151.6154,393.01879,-1000,-22.932478,-44.430862,0,0,-0,-2.0472712,0,0,0,0,0,0,0,0,0,0,0,0,0,0,0.034243288,0.15927579,53.585883,1000,1,0,nan,nan,nan,nan,nan,1596.0359
81,1149.3332,388.57002,-1000,-22.699525,-44.550326,0,0,-0,-2.0420352,0,0,0,0,0,0,0,0,0,0,0,0,0,0,0.033889662,0.15930229,53.5948,1000,1,0,nan,nan,nan,nan,nan,1596.5671
81.1,1147.0743,384.10936,-1000,-22.46595,-44.668569,0,0,-0,-2.0367992,0,0,0,0,0,0,0,0,0,0,0,0,0,0,0.033535287,0.15932852,53.603624,1000,1,0,nan,nan,nan,nan,nan,1597.0929
81.2,1144.8389,379.63693,-1000,-22.231759,-44.785588,0,0,-0,-2.0315632,0,0,0,0,0,0,0,0,0,0,0,0,0,0,0.03318017,0.15935447,53.612356,1000,1,0,nan,nan,nan,nan,nan,1597.6132
81.3,1142.6268,375.15287,-1000,-21.996958,-44.901379,0,0,-0,-2.0263273,0,0,0,0,0,0,0,0,0,0,0,0,0,0,0.032824321,0.15938015,53.620994,1000,1,0,nan,nan,nan,nan,nan,1598.1281
81.4,1140.4383,370.65728,-1000,-21.761555,-45.015939,0,0,-0,-2.0210913,0,0,0,0,0,0,0,0,0,0,0,0,0,0,0.032467747,0.15940555,53.62954,1000,1,0,nan,nan,nan,nan,nan,1598.6375
81.5,1138.2734,366.15029,-1000,-21.525555,-45.129264,0,0,-0,-2.0158553,0,0,0,0,0,0,0,0,0,0,0,0,0,0,0.032110456,0.15943067,53.637991,1000,1,0,nan,nan,nan,nan,nan,1599.1414
81.6,1136.132,361.63203,-1000,-21.288965,-45.241353,0,0,-0,-2.0106193,0,0,0,0,0,0,0,0,0,0,0,0,0,0,0.031752457,0.15945552,53.64635,1000,1,0,nan,nan,nan,nan,nan,1599.6398
81.7,1134.0144,357.10262,-1000,-21.051791,-45.352201,0,0,-0,-2.0053833,0,0,0,0,0,0,0,0,0,0,0,0,0,0,0.031393757,0.15948008,53.654614,1000,1,0,nan,nan,nan,nan,nan,1600.1327
81.8,1131.9205,352.56218,-1000,-20.81404,-45.461805,0,0,-0,-2.0001473,0,0,0,0,0,0,0,0,0,0,0,0,0,0,0.031034366,0.15950437,53.662785,1000,1,0,nan,nan,nan,nan,nan,1600.6201
81.9,1129.8504,348.01084,-1000,-20.575718,-45.570164,0,0,-0,-1.9949113,0,0,0,0,0,0,0,0,0,0,0,0,0,0,0.030674291,0.15952837,53.670861,1000,1,0,nan,nan,nan,nan,nan,1601.1019
82,1127.8042,343.44873,-1000,-20.336832,-45.677273,0,0,-0,-1.9896753,0,0,0,0,0,0,0,0,0,0,0,0,0,0,0.03031354,0.1595521,53.678843,1000,1,0,nan,nan,nan,nan,nan,1601.5782
82.1,1125.7819,338.87596,-1000,-20.097389,-45.78313,0,0,-0,-1.9844394,0,0,0,0,0,0,0,0,0,0,0,0,0,0,0.029952123,0.15957554,53.686731,1000,1,0,nan,nan,nan,nan,nan,1602.0489
82.2,1123.7835,334.29267,-1000,-19.857395,-45.887731,0,0,-0,-1.9792034,0,0,0,0,0,0,0,0,0,0,0,0,0,0,0.029590046,0.1595987,53.694523,1000,1,0,nan,nan,nan,nan,nan,1602.514
82.3,1121.8092,329.69898,-1000,-19.616856,-45.991075,0,0,-0,-1.9739674,0,0,0,0,0,0,0,0,0,0,0,0,0,0,0.029227318,0.15962159,53.702222,1000,1,0,nan,nan,nan,nan,nan,1602.9736
82.4,1119.859,325.09501,-1000,-19.375779,-46.093158,0,0,-0,-1.9687314,0,0,0,0,0,0,0,0,0,0,0,0,0,0,0.028863948,0.15964418,53.709825,1000,1,0,nan,nan,nan,nan,nan,1603.4275
82.5,1117.9329,320.4809,-1000,-19.134172,-46.193977,0,0,-0,-1.9634954,0,0,0,0,0,0,0,0,0,0,0,0,0,0,0.028499944,0.1596665,53.717333,1000,1,0,nan,nan,nan,nan,nan,1603.8758
82.6,1116.031,315.85676,-1000,-18.892039,-46.293529,0,0,-0,-1.9582594,0,0,0,0,0,0,0,0,0,0,0,0,0,0,0.028135314,0.15968853,53.724745,1000,1,0,nan,nan,nan,nan,nan,1604.3185
82.7,1114.1533,311.22273,-1000,-18.649389,-46.391813,0,0,-0,-1.9530234,0,0,0,0,0,0,0,0,0,0,0,0,0,0,0.027770066,0.15971028,53.732062,1000,1,0,nan,nan,nan,nan,nan,1604.7555
82.8,1112.2999,306.57893,-1000,-18.406228,-46.488824,0,0,-0,-1.9477874,0,0,0,0,0,0,0,0,0,0,0,0,0,0,0.027404209,0.15973175,53.739284,1000,1,0,nan,nan,nan,nan,nan,1605.1869
82.9,1110.4708,301.92549,-1000,-18.162562,-46.584561,0,0,-0,-1.9425515,0,0,0,0,0,0,0,0,0,0,0,0,0,0,0.02703775,0.15975293,53.746409,1000,1,0,nan,nan,nan,nan,nan,1605.6126
83,1108.6662,297.26253,-1000,-17.918397,-46.679021,0,0,-0,-1.9373155,0,0,0,0,0,0,0,0,0,0,0,0,0,0,0.026670699,0.15977382,53.753439,1000,1,0,nan,nan,nan,nan,nan,1606.0326
83.1,1106.8859,292.59019,-1000,-17.673742,-46.772202,0,0,-0,-1.9320795,0,0,0,0,0,0,0,0,0,0,0,0,0,0,0.026303062,0.15979443,53.760372,1000,1,0,nan,nan,nan,nan,nan,1606.447
83.2,1105.1302,287.9086,-1000,-17.428602,-46.864099,0,0,-0,-1.9268435,0,0,0,0,0,0,0,0,0,0,0,0,0,0,0.02593485,0.15981475,53.767209,1000,1,0,nan,nan,nan,nan,nan,1606.8556
83.3,1103.399,283.21787,-1000,-17.182985,-46.954713,0,0,-0,-1.9216075,0,0,0,0,0,0,0,0,0,0,0,0,0,0,0.025566069,0.15983479,53.77395,1000,1,0,nan,nan,nan,nan,nan,1607.2585
83.4,1101.6924,278.51815,-1000,-16.936896,-47.044038,0,0,-0,-1.9163715,0,0,0,0,0,0,0,0,0,0,0,0,0,0,0.025196729,0.15985454,53.780594,1000,1,0,nan,nan,nan,nan,nan,1607.6557
83.5,1100.0104,273.80955,-1000,-16.690343,-47.132075,0,0,-0,-1.9111355,0,0,0,0,0,0,0,0,0,0,0,0,0,0,0.024826837,0.159874,53.787142,1000,1,0,nan,nan,nan,nan,nan,1608.0472
83.6,1098.3531,269.09221,-1000,-16.443332,-47.218819,0,0,-0,-1.9058995,0,0,0,0,0,0,0,0,0,0,0,0,0,0,0.024456402,0.15989317,53.793592,1000,1,0,nan,nan,nan,nan,nan,1608.4329
83.7,1096.7205,264.36626,-1000,-16.195871,-47.304268,0,0,-0,-1.9006636,0,0,0,0,0,0,0,0,0,0,0,0,0,0,0.024085432,0.15991206,53.799946,1000,1,0,nan,nan,nan,nan,nan,1608.8129
83.8,1095.1127,259.63183,-1000,-15.947965,-47.388421,0,0,-0,-1.8954276,0,0,0,0,0,0,0,0,0,0,0,0,0,0,0.023713936,0.15993065,53.806202,1000,1,0,nan,nan,nan,nan,nan,1609.1871
83.9,1093.5297,254.88904,-1000,-15.699623,-47.471274,0,0,-0,-1.8901916,0,0,0,0,0,0,0,0,0,0,0,0,0,0,0.023341921,0.15994896,53.812361,1000,1,0,nan,nan,nan,nan,nan,1609.5555
84,1091.9716,250.13803,-1000,-15.45085,-47.552826,0,0,-0,-1.8849556,0,0,0,0,0,0,0,0,0,0,0,0,0,0,0.022969396,0.15996698,53.818423,1000,1,0,nan,nan,nan,nan,nan,1609.9181
84.1,1090.4383,245.37892,-1000,-15.201653,-47.633074,0,0,-0,-1.8797196,0,0,0,0,0,0,0,0,0,0,0,0,0,0,0.02259637,0.1599847,53.824387,1000,1,0,nan,nan,nan,nan,nan,1610.2749
84.2,1088.93,240.61185,-1000,-14.95204,-47.712016,0,0,-0,-1.8744836,0,0,0,0,0,0,0,0,0,0,0,0,0,0,0.02222285,0.16000214,53.830253,1000,1,0,nan,nan,nan,nan,nan,1610.626
84.3,1087.4467,235.83695,-1000,-14.702016,-47.789651,0,0,-0,-1.8692476,0,0,0,0,0,0,0,0,0,0,0,0,0,0,0.021848845,0.16001929,53.836021,1000,1,0,nan,nan,nan,nan,nan,1610.9712
84.4,1085.9884,231.05435,-1000,-14.45159,-47.865975,0,0,-0,-1.8640116,0,0,0,0,0,0,0,0,0,0,0,0,0,0,0.021474363,0.16003614,53.841692,1000,1,0,nan,nan,nan,nan,nan,1611.3106
84.5,1084.5551,226.26418,-1000,-14.200767,-47.940987,0,0,-0,-1.8587757,0,0,0,0,0,0,0,0,0,0,0,0,0,0,0.021099413,0.1600527,53.847264,1000,1,0,nan,nan,nan,nan,nan,1611.6441
84.6,1083.147,221.46657,-1000,-13.949555,-48.014684,0,0,-0,-1.8535397,0,0,0,0,0,0,0,0,0,0,0,0,0,0,0.020724003,0.16006898,53.852739,1000,1,0,nan,nan,nan,nan,nan,1611.9718
84.7,1081.7639,216.66165,-1000,-13.697961,-48.087065,0,0,-0,-1.8483037,0,0,0,0,0,0,0,0,0,0,0,0,0,0,0.020348141,0.16008495,53.858115,1000,1,0,nan,nan,nan,nan,nan,1612.2937
84.8,1080.4061,211.84956,-1000,-13.445991,-48.158128,0,0,-0,-1.8430677,0,0,0,0,0,0,0,0,0,0,0,0,0,0,0.019971835,0.16010064,53.863392,1000,1,0,nan,nan,nan,nan,nan,1612.6097
84.9,1079.0735,207.03042,-1000,-13.193652,-48.227871,0,0,-0,-1.8378317,0,0,0,0,0,0,0,0,0,0,0,0,0,0,0.019595095,0.16011603,53.868571,1000,1,0,nan,nan,nan,nan,nan,1612.9198
85,1077.7661,202.20437,-1000,-12.940952,-48.296291,0,0,-0,-1.8325957,0,0,0,0,0,0,0,0,0,0,0,0,0,0,0.019217927,0.16013114,53.873652,1000,1,0,nan,nan,nan,nan,nan,1613.224
85.1,1076.4841,197.37155,-1000,-12.687897,-48.363388,0,0,-0,-1.8273597,0,0,0,0,0,0,0,0,0,0,0,0,0,0,0.018840341,0.16014594,53.878633,1000,1,0,nan,nan,nan,nan,nan,1613.5224
85.2,1075.2273,192.53207,-1000,-12.434494,-48.429158,0,0,-0,-1.8221237,0,0,0,0,0,0,0,0,0,0,0,0,0,0,0.018462345,0.16016045,53.883516,1000,1,0,nan,nan,nan,nan,nan,1613.8148
85.3,1073.9959,187.68609,-1000,-12.180751,-48.493601,0,0,-0,-1.8168878,0,0,0,0,0,0,0,0,0,0,0,0,0,0,0.018083947,0.16017467,53.888299,1000,1,0,nan,nan,nan,nan,nan,1614.1014
85.4,1072.7899,182.83372,-1000,-11.926673,-48.556714,0,0,-0,-1.8116518,0,0,0,0,0,0,0,0,0,0,0,0,0,0,0.017705156,0.1601886,53.892984,1000,1,0,nan,nan,nan,nan,nan,1614.382
85.5,1071.6093,177.9751,-1000,-11.672268,-48.618496,0,0,-0,-1.8064158,0,0,0,0,0,0,0,0,0,0,0,0,0,0,0.017325979,0.16020223,53.897569,1000,1,0,nan,nan,nan,nan,nan,1614.6568
85.6,1070.4542,173.11037,-1000,-11.417544,-48.678945,0,0,-0,-1.8011798,0,0,0,0,0,0,0,0,0,0,0,0,0,0,0.016946426,0.16021556,53.902055,1000,1,0,nan,nan,nan,nan,nan,1614.9256
85.7,1069.3245,168.23965,-1000,-11.162506,-48.73806,0,0,-0,-1.7959438,0,0,0,0,0,0,0,0,0,0,0,0,0,0,0.016566505,0.1602286,53.906442,1000,1,0,nan,nan,nan,nan,nan,1615.1884
85.8,1068.2204,163.36309,-1000,-10.907162,-48.795838,0,0,-0,-1.7907078,0,0,0,0,0,0,0,0,0,0,0,0,0,0,0.016186223,0.16024134,53.910729,1000,1,0,nan,nan,nan,nan,nan,1615.4453
85.9,1067.1418,158.48082,-1000,-10.651519,-48.852279,0,0,-0,-1.7854718,0,0,0,0,0,0,0,0,0,0,0,0,0,0,0.015805589,0.16025379,53.914917,1000,1,0,nan,nan,nan,nan,nan,1615.6963
86,1066.0888,153.59296,-1000,-10.395585,-48.90738,0,0,-0,-1.7802358,0,0,0,0,0,0,0,0,0,0,0,0,0,0,0.015424612,0.16026594,53.919004,1000,1,0,nan,nan,nan,nan,nan,1615.9413
86.1,1065.0614,148.69966,-1000,-10.139365,-48.961141,0,0,-0,-1.7749998,0,0,0,0,0,0,0,0,0,0,0,0,0,0,0.0150433,0.16027779,53.922993,1000,1,0,nan,nan,nan,nan,nan,1616.1804
86.2,1064.0597,143.80104,-1000,-9.882867,-49.013559,0,0,-0,-1.7697639,0,0,0,0,0,0,0,0,0,0,0,0,0,0,0.014661662,0.16028935,53.926881,1000,1,0,nan,nan,nan,nan,nan,1616.4135
86.3,1063.0836,138.89725,-1000,-9.6260983,-49.064633,0,0,-0,-1.7645279,0,0,0,0,0,0,0,0,0,0,0,0,0,0,0.014279705,0.16030061,53.930669,1000,1,0,nan,nan,nan,nan,nan,1616.6406
86.4,1062.1332,133.98841,-1000,-9.3690657,-49.114363,0,0,-0,-1.7592919,0,0,0,0,0,0,0,0,0,0,0,0,0,0,0.013897438,0.16031157,53.934357,1000,1,0,nan,nan,nan,nan,nan,1616.8617
86.5,1061.2085,129.07467,-1000,-9.1117763,-49.162745,0,0,-0,-1.7540559,0,0,0,0,0,0,0,0,0,0,0,0,0,0,0.013514869,0.16032224,53.937945,1000,1,0,nan,nan,nan,nan,nan,1617.0768
86.6,1060.3096,124.15615,-1000,-8.854237,-49.20978,0,0,-0,-1.7488199,0,0,0,0,0,0,0,0,0,0,0,0,0,0,0.013132008,0.16033261,53.941433,1000,1,0,nan,nan,nan,nan,nan,1617.286
86.7,1059.4364,119.23299,-1000,-8.596455,-49.255466,0,0,-0,-1.7435839,0,0,0,0,0,0,0,0,0,0,0,0,0,0,0.012748861,0.16034268,53.944821,1000,1,0,nan,nan,nan,nan,nan,1617.4891
86.8,1058.589,114.30532,-1000,-8.3384373,-49.299802,0,0,-0,-1.7383479,0,0,0,0,0,0,0,0,0,0,0,0,0,0,0.012365438,0.16035245,53.948109,1000,1,0,nan,nan,nan,nan,nan,1617.6863
86.9,1057.7674,109.37329,-1000,-8.0801911,-49.342786,0,0,-0,-1.7331119,0,0,0,0,0,0,0,0,0,0,0,0,0,0,0.011981747,0.16036192,53.951296,1000,1,0,nan,nan,nan,nan,nan,1617.8774
87,1056.9717,104.43702,-1000,-7.8217233,-49.384417,0,0,-0,-1.727876,0,0,0,0,0,0,0,0,0,0,0,0,0,0,0.011597795,0.16037109,53.954382,1000,1,0,nan,nan,nan,nan,nan,1618.0625
87.1,1056.2018,99.496657,-1000,-7.563041,-49.424694,0,0,-0,-1.72264,0,0,0,0,0,0,0,0,0,0,0,0,0,0,0.011213593,0.16037997,53.957368,1000,1,0,nan,nan,nan,nan,nan,1618.2416
87.2,1055.4578,94.552328,-1000,-7.3041514,-49.463617,0,0,-0,-1.717404,0,0,0,0,0,0,0,0,0,0,0,0,0,0,0.010829147,0.16038855,53.960253,1000,1,0,nan,nan,nan,nan,nan,1618.4147
87.3,1054.7397,89.604171,-1000,-7.0450616,-49.501183,0,0,-0,-1.712168,0,0,0,0,0,0,0,0,0,0,0,0,0,0,0.010444467,0.16039682,53.963038,1000,1,0,nan,nan,nan,nan,nan,1618.5817
87.4,1054.0475,84.652321,-1000,-6.7857786,-49.537392,0,0,-0,-1.706932,0,0,0,0,0,0,0,0,0,0,0,0,0,0,0.010059561,0.1604048,53.965722,1000,1,0,nan,nan,nan,nan,nan,1618.7428
87.5,1053.3812,79.696915,-1000,-6.5263096,-49.572243,0,0,-0,-1.701696,0,0,0,0,0,0,0,0,0,0,0,0,0,0,0.009674436,0.16041248,53.968305,1000,1,0,nan,nan,nan,nan,nan,1618.8977
87.6,1052.7409,74.738089,-1000,-6.2666617,-49.605735,0,0,-0,-1.69646,0,0,0,0,0,0,0,0,0,0,0,0,0,0,0.0092891019,0.16041986,53.970787,1000,1,0,nan,nan,nan,nan,nan,1619.0467
87.7,1052.1266,69.775978,-1000,-6.0068419,-49.637867,0,0,-0,-1.691224,0,0,0,0,0,0,0,0,0,0,0,0,0,0,0.0089035666,0.16042693,53.973169,1000,1,0,nan,nan,nan,nan,nan,1619.1895
87.8,1051.5383,64.810718,-1000,-5.7468575,-49.668638,0,0,-0,-1.6859881,0,0,0,0,0,0,0,0,0,0,0,0,0,0,0.0085178386,0.16043371,53.975449,1000,1,0,nan,nan,nan,nan,nan,1619.3264
87.9,1050.9759,59.842446,-1000,-5.4867156,-49.698048,0,0,-0,-1.6807521,0,0,0,0,0,0,0,0,0,0,0,0,0,0,0.008131926,0.16044019,53.977629,1000,1,0,nan,nan,nan,nan,nan,1619.4571
88,1050.4396,54.871298,-1000,-5.2264232,-49.726095,0,0,-0,-1.6755161,0,0,0,0,0,0,0,0,0,0,0,0,0,0,0.0077458374,0.16044637,53.979707,1000,1,0,nan,nan,nan,nan,nan,1619.5818
88.1,1049.9293,49.897409,-1000,-4.9659875,-49.752778,0,0,-0,-1.6702801,0,0,0,0,0,0,0,0,0,0,0,0,0,0,0.0073595811,0.16045225,53.981684,1000,1,0,nan,nan,nan,nan,nan,1619.7005
88.2,1049.4451,44.920917,-1000,-4.7054157,-49.778098,0,0,-0,-1.6650441,0,0,0,0,0,0,0,0,0,0,0,0,0,0,0.0069731656,0.16045782,53.98356,1000,1,0,nan,nan,nan,nan,nan,1619.8131
88.3,1048.987,39.941958,-1000,-4.4447148,-49.802053,0,0,-0,-1.6598081,0,0,0,0,0,0,0,0,0,0,0,0,0,0,0.0065865991,0.1604631,53.985335,1000,1,0,nan,nan,nan,nan,nan,1619.9196
88.4,1048.5549,34.960669,-1000,-4.1838922,-49.824643,0,0,-0,-1.6545721,0,0,0,0,0,0,0,0,0,0,0,0,0,0,0.00619989,0.16046807,53.987009,1000,1,0,nan,nan,nan,nan,nan,1620.0201
88.5,1048.1489,29.977185,-1000,-3.9229548,-49.845867,0,0,-0,-1.6493361,0,0,0,0,0,0,0,0,0,0,0,0,0,0,0.0058130468,0.16047275,53.988582,1000,1,0,nan,nan,nan,nan,nan,1620.1144
88.6,1047.769,24.991644,-1000,-3.6619099,-49.865724,0,0,-0,-1.6441002,0,0,0,0,0,0,0,0,0,0,0,0,0,0,0.0054260778,0.16047712,53.990053,1000,1,0,nan,nan,nan,nan,nan,1620.2027
88.7,1047.4152,20.004182,-1000,-3.4007645,-49.884214,0,0,-0,-1.6388642,0,0,0,0,0,0,0,0,0,0,0,0,0,0,0.0050389914,0.16048119,53.991423,1000,1,0,nan,nan,nan,nan,nan,1620.2849
88.8,1047.0875,15.014935,-1000,-3.139526,-49.901336,0,0,-0,-1.6336282,0,0,0,0,0,0,0,0,0,0,0,0,0,0,0.004651796,0.16048496,53.992691,1000,1,0,nan,nan,nan,nan,nan,1620.3611
88.9,1046.786,10.024042,-1000,-2.8782013,-49.917091,0,0,-0,-1.6283922,0,0,0,0,0,0,0,0,0,0,0,0,0,0,0.0042645,0.16048843,53.993858,1000,1,0,nan,nan,nan,nan,nan,1620.4311
89,1046.5106,5.0316383,-1000,-2.6167978,-49.931477,0,0,-0,-1.6231562,0,0,0,0,0,0,0,0,0,0,0,0,0,0,0.0038771117,0.1604916,53.994924,1000,1,0,nan,nan,nan,nan,nan,1620.4951
89.1,1046.2613,0.037860966,-1000,-2.3553225,-49.944494,0,0,-0,-1.6179202,0,0,0,0,0,0,0,0,0,0,0,0,0,0,0.0034896395,0.16049447,53.995888,1000,1,0,nan,nan,nan,nan,nan,1620.553
89.2,1046.0382,-4.9571531,-1000,-2.0937827,-49.956142,0,0,-0,-1.6126842,0,0,0,0,0,0,0,0,0,0,0,0,0,0,0.0031020919,0.16049703,53.996751,1000,1,0,nan,nan,nan,nan,nan,1620.6048
89.3,1045.8413,-9.9532668,-1000,-1.8321854,-49.96642,0,0,-0,-1.6074482,0,0,0,0,0,0,0,0,0,0,0,0,0,0,0.0027144772,0.16049929,53.997513,1000,1,0,nan,nan,nan,nan,nan,1620.6505
89.4,1045.6705,-14.950343,-1000,-1.570538,-49.975328,0,0,-0,-1.6022123,0,0,0,0,0,0,0,0,0,0,0,0,0,0,0.0023268037,0.16050125,53.998172,1000,1,0,nan,nan,nan,nan,nan,1620.6901
89.5,1045.5258,-19.948246,-1000,-1.3088474,-49.982866,0,0,-0,-1.5969763,0,0,0,0,0,0,0,0,0,0,0,0,0,0,0.00193908,0.16050291,53.998731,1000,1,0,nan,nan,nan,nan,nan,1620.7236
89.6,1045.4074,-24.946837,-1000,-1.047121,-49.989034,0,0,-0,-1.5917403,0,0,0,0,0,0,0,0,0,0,0,0,0,0,0.0015513143,0.16050427,53.999188,1000,1,0,nan,nan,nan,nan,nan,1620.751
89.7,1045.3151,-29.945979,-1000,-0.78536587,-49.993832,0,0,-0,-1.5865043,0,0,0,0,0,0,0,0,0,0,0,0,0,0,0.0011635151,0.16050533,53.999543,1000,1,0,nan,nan,nan,nan,nan,1620.7724
89.8,1045.249,-34.945537,-1000,-0.52358921,-49.997258,0,0,-0,-1.5812683,0,0,0,0,0,0,0,0,0,0,0,0,0,0,0.00077569071,0.16050608,53.999797,1000,1,0,nan,nan,nan,nan,nan,1620.7876
89.9,1045.2091,-39.945371,-1000,-0.26179819,-49.999315,0,0,-0,-1.5760323,0,0,0,0,0,0,0,0,0,0,0,0,0,0,0.00038784955,0.16050654,53.999949,1000,1,0,nan,nan,nan,nan,nan,1620.7968
90,1045.1953,-44.945347,-1000,3.6221026e-14,-50,0,0,-0,-1.5707963,0,0,0,0,0,0,0,0,0,0,0,0,0,0,2.9566473e-13,0.16050669,54,1000,1,0,nan,nan,nan,nan,nan,1620.7998
