time,x,y,z,vx,vy,vz,phi,theta,psi,p,q,r,elevator,aileron,rudder,throttle,elevator_cmd,aileron_cmd,rudder_cmd,throttle_cmd,tvc_pitch,tvc_yaw,alpha,beta,mach,airspeed,altitude,mass,thrust,pitch_sp,roll_sp,heading_sp,altitude_sp,speed_sp,qbar,aircraft_aero_fx,aircraft_aero_fy,aircraft_aero_fz,aircraft_aero_mx,aircraft_aero_my,aircraft_aero_mz,turbojet_fx,turbojet_fy,turbojet_fz,turbojet_mx,turbojet_my,turbojet_mz
0,4000,2000,-1100,-60,0,0,-3.8542078e-34,0.034906585,3.1415927,0,0,0,0.006981317,7.7084155e-35,0,0,0.06981317,7.7084155e-34,0,0,0,0,0.034906585,0.06660862,0.17894317,60.133186,1100,1200,0,nan,nan,3.1415927,1100,60,1990.2205,-852.8461,-843.9937,-15093.839,-2160.6024,-2124.8439,1374.0776,0,0,0,0,0,0
0.1,3994.0055,2000.0033,-1100.0122,-59.885053,0.068088464,-0.22979703,-0.0038170246,0.028444624,-3.1393905,-0.042329564,-0.11815352,0.04165394,-0.00035486656,0.020680702,0.013416602,0,-0.026632486,0.022192411,0.02082697,0,0,0,0.024849806,0.06328604,0.17858982,60.014435,1100.0122,1200,0,nan,nan,3.1415927,1100,60,1982.3654,-961.84113,-718.15674,-13314.18,439.01395,-557.33402,754.43511,0,0,0,0,0,0
0.2,3988.0222,2000.013,-1100.0382,-59.777571,0.12745885,-0.26390663,-0.006911601,0.017288222,-3.1340931,-0.030399996,-0.090189225,0.061437939,-0.025263047,0.011297739,0.026402419,0.00042898921,-0.023223119,0.0065246046,0.03071897,0.0048673553,0,0,0.013270835,0.057106689,0.17825963,59.903458,1100.0382,1200,1.1941618,nan,nan,3.1415927,1100,60,1975.0356,-1057.3971,-560.10421,-11318.644,-178.19816,911.45031,334.21513,1.1941618,0,0,0,0,0
0.3,3982.0493,2000.0282,-1100.0617,-59.675763,0.17756153,-0.19428183,-0.010640347,0.010193923,-3.1274449,-0.046684759,-0.057215654,0.069097852,-0.015248478,0.0044508778,0.032815067,0.001771783,-0.012268298,0.0021797357,0.034548926,0.010268397,0,0,0.0074710353,0.049742734,0.17794697,59.798373,1100.0617,1200,4.9320403,nan,nan,3.1415927,1100,60,1968.1078,-1100.5033,-427.63465,-10645.135,-183.40446,302.52194,81.805239,4.9320403,0,0,0,0,0
0.4,3976.0864,2000.0481,-1100.0761,-59.577974,0.22179914,-0.081673051,-0.015847866,0.0052057337,-3.1204188,-0.058529957,-0.044170437,0.069181133,-0.014430121,-0.00045601398,0.034540201,0.0038418802,-0.015341749,-0.0025609308,0.034590567,0.015551449,0,0,0.0045043898,0.042091676,0.17764744,59.697709,1100.0761,1200,10.694475,nan,nan,3.1415927,1100,60,1961.4844,-1116.3982,-320.39822,-10221.437,-135.61594,249.2602,-65.965216,10.694475,0,0,0,0,0
0.5,3970.1331,2000.0722,-1100.0778,-59.484059,0.26302472,0.057793198,-0.022131438,0.0015880265,-3.1135995,-0.067495718,-0.029880313,0.06514543,-0.016022609,-0.0044573457,0.033455161,0.0064853393,-0.016422798,-0.0059686744,0.032572715,0.020717477,0,0,0.0033269038,0.034682597,0.17736072,59.601356,1100.0778,1200,18.052955,nan,nan,3.1415927,1100,60,1955.1575,-1119.6837,-233.56537,-10022.926,-92.385372,262.83613,-142.343,18.052955,0,0,0,0,0
0.6,3964.189,2000.1005,-1100.0651,-59.393591,0.30362051,0.20426506,-0.0291547,-0.00061841043,-3.1073071,-0.07259553,-0.017408473,0.05899791,-0.016736578,-0.0072228055,0.030867007,0.0095781144,-0.017116138,-0.0082494401,0.029498955,0.025785503,0,0,0.0036268647,0.027775726,0.17708543,59.508853,1100.0651,1200,26.662202,nan,nan,3.1415927,1100,60,1949.0957,-1114.7839,-162.41508,-10043.422,-39.55175,200.30935,-181.0086,26.662202,0,0,0,0,0
0.7,3958.2538,2000.1328,-1100.0379,-59.306192,0.34549584,0.34366726,-0.036513201,-0.0017101652,-3.1017037,-0.073936506,-0.0080251196,0.051846086,-0.017853884,-0.0090363624,0.02752205,0.013022814,-0.018433503,-0.0096722926,0.025923043,0.03077813,0,0,0.0048628234,0.021490856,0.17682,59.419676,1100.0379,1200,36.251137,nan,nan,3.1415927,1100,60,1943.2636,-1104.1577,-103.86431,-10185.631,4.5840712,154.73587,-197.48619,36.251137,0,0,0,0,0
0.8,3952.3272,2000.1694,-1099.9975,-59.221579,0.39007728,0.46829385,-0.043856508,-0.0019572661,-3.096861,-0.072205682,-0.00074609419,0.044345202,-0.0191677,-0.010062803,0.023852888,0.016743674,-0.019753505,-0.01037914,0.022172601,0.035716038,0,0,0.0066387728,0.015873261,0.17656303,59.333349,1099.9975,1200,46.608891,nan,nan,3.1415927,1100,60,1937.6289,-1089.7842,-55.801322,-10397.366,39.78154,119.39362,-200.73075,46.608891,0,0,0,0,0
0.9,3946.409,2000.2107,-1099.9455,-59.139486,0.43838663,0.57383822,-0.050905947,-0.001565316,-3.0927965,-0.068091344,0.0047199281,0.036889315,-0.020439518,-0.010463371,0.020116221,0.020682448,-0.021000002,-0.010530831,0.018444658,0.040619403,0,0,0.0086878412,0.010927133,0.17631315,59.249415,1099.9455,1200,57.57335,nan,nan,3.1415927,1100,60,1932.1607,-1073.0086,-16.671851,-10644.423,65.932105,87.287424,-195.80033,57.57335,0,0,0,0,0
1,3940.4988,2000.257,-1099.8839,-59.05965,0.49106549,0.65856319,-0.057453824,-0.00071620939,-3.0894925,-0.06226306,0.0086274894,0.029724164,-0.021648719,-0.010382737,0.016468976,0.024795025,-0.022175077,-0.010261312,0.014862082,0.04550674,0,0,0.010813519,0.0066334328,0.17606915,59.167462,1099.8839,1200,69.02175,nan,nan,3.1415927,1100,60,1926.831,-1054.9277,14.757028,-10899.791,83.861067,61.120414,-185.67126,69.02175,0,0,0,0,0
1.1,3934.5966,2000.3088,-1099.8148,-58.981807,0.54840806,0.72258223,-0.0633574,0.00044042705,-3.0869087,-0.05530729,0.011299506,0.023005272,-0.022761202,-0.0099430641,0.013009598,0.029048458,-0.023236684,-0.0096833821,0.011502636,0.050394046,0,0,0.012883094,0.0029592253,0.17582997,59.087132,1099.8148,1200,80.862387,nan,nan,3.1415927,1100,60,1921.6156,-1036.4773,39.529695,-11145.891,94.850187,40.544508,-172.25502,80.862387,0,0,0,0,0
1.2,3928.702,2000.3665,-1099.7403,-58.905701,0.61041344,0.76715606,-0.068528852,0.0017876763,-3.0849911,-0.047711897,0.013007706,0.016828835,-0.02375156,-0.0092467852,0.0097997067,0.033418443,-0.024169904,-0.0088909601,0.0084144174,0.055294609,0,0,0.014814281,-0.00013711874,0.17559473,59.008131,1099.7403,1200,93.027621,nan,nan,3.1415927,1100,60,1916.4946,-1018.3992,58.56848,-11372.109,100.19251,24.595646,-156.86632,93.027621,0,0,0,0,0
1.3,3922.815,2000.4307,-1099.6621,-58.831088,0.67684352,0.79421007,-0.072924947,0.0032362211,-3.0836776,-0.039869044,0.013979769,0.011249351,-0.024613886,-0.0083783775,0.0068760088,0.037887255,-0.024974672,-0.0079608581,0.0056246755,0.060219029,0,0,0.016560917,-0.0027026462,0.17536273,58.930221,1099.6621,1200,105.46812,nan,nan,3.1415927,1100,60,1911.4519,-1001.2404,72.705605,-11572.609,101.08816,12.61641,-140.4619,105.46812,0,0,0,0,0
1.4,3916.9354,2000.5017,-1099.5821,-58.75774,0.74728267,0.80599271,-0.07653749,0.0047202563,-3.0829021,-0.032083704,0.014406525,0.0062905445,-0.02535035,-0.0074063487,0.0042573183,0.042442079,-0.025655691,-0.0069548346,0.0031452722,0.065175402,0,0,0.018102766,-0.00478748,0.17513344,58.853222,1099.5821,1200,118.14819,nan,nan,3.1415927,1100,60,1906.4751,-985.36427,82.697342,-11745.02,98.599873,3.9001217,-123.76168,118.14819,0,0,0,0,0
1.5,3911.0631,2000.5799,-1099.5014,-58.685458,0.82119482,0.80483511,-0.079384895,0.006193338,-3.0825981,-0.024584568,0.014441023,0.0019528613,-0.025968074,-0.0063852737,0.0019490991,0.047073681,-0.02622205,-0.00592162,0.00097643067,0.070169621,0,0,0.019437408,-0.0064429777,0.17490645,58.776999,1099.5014,1200,131.04215,nan,nan,3.1415927,1100,60,1901.5551,-970.97212,89.22945,-11889.328,93.637843,-2.2331311,-107.31175,131.04215,0,0,0,0,0
1.6,3905.1979,2000.6657,-1099.4214,-58.614073,0.89797387,0.79299497,-0.081505002,0.0076243065,-3.0827005,-0.017535541,0.014202752,-0.0017808445,-0.026477568,-0.0053577265,-5.3269962e-05,0.051775395,-0.026685354,-0.0048987774,-0.00089042227,0.07520571,0,0,0.020573911,-0.0077202208,0.17468149,58.701456,1099.4214,1200,144.13142,nan,nan,3.1415927,1100,60,1896.6852,-958.13479,92.918953,-12007.002,86.962599,-6.3683129,-91.520086,144.13142,0,0,0,0,0
1.7,3899.3399,2000.7592,-1099.343,-58.543442,0.97698547,0.7725627,-0.082949097,0.0089937064,-3.0831473,-0.011046731,0.013783003,-0.0049407021,-0.026890892,-0.0043560446,-0.0017619415,0.056542344,-0.027058065,-0.0039143926,-0.0024703511,0.080286151,0,0,0.021528173,-0.0086687802,0.17445837,58.626531,1099.343,1200,157.40242,nan,nan,3.1415927,1100,60,1891.8611,-946.82612,94.315009,-12100.372,79.196966,-8.9974518,-76.680372,157.40242,0,0,0,0,0
1.8,3893.4889,2000.8607,-1099.267,-58.473457,1.0575997,0.74541156,-0.083777034,0.010290761,-3.083881,-0.0051844783,0.013249847,-0.007565973,-0.027220502,-0.0034039337,-0.0031945006,0.061370865,-0.027352642,-0.0029886081,-0.0037829865,0.085412181,0,0,0.022319604,-0.0093357449,0.17423699,58.552187,1099.267,1200,170.84493,nan,nan,3.1415927,1100,60,1887.0802,-936.95393,93.900229,-12172.192,70.840744,-10.521787,-62.990585,170.84493,0,0,0,0,0
1.9,3887.6448,2000.9703,-1099.194,-58.404036,1.1392152,0.71317831,-0.084053333,0.0115109,-3.0848487,1.9732447e-05,0.012652837,-0.0097018226,-0.027478538,-0.0025179134,-0.0043722086,0.066258084,-0.027580969,-0.0021349963,-0.0048509113,0.090584052,0,0,0.022968822,-0.0097650023,0.17401729,58.478407,1099.194,1200,184.45096,nan,nan,3.1415927,1100,60,1882.341,-928.38616,92.09296,-12225.33,62.286239,-11.257803,-50.569143,184.45096,0,0,0,0,0
2,3881.8077,2001.0882,-1099.1243,-58.335122,1.2212754,0.67726382,-0.083844127,0.012653804,-3.0860029,0.0045615252,0.012027152,-0.011396648,-0.027676368,-0.0017086043,-0.0053185418,0.071201619,-0.027754001,-0.0013617774,-0.0056983238,0.095801243,0,0,0.023496155,-0.0099967529,0.17379928,58.405192,1099.1243,1200,198.21385,nan,nan,3.1415927,1100,60,1877.6434,-920.97116,89.250656,-12262.585,53.83356,-11.448616,-39.469647,198.21385,0,0,0,0,0
2.1,3875.9774,2001.2142,-1099.0584,-58.266681,1.3032789,0.63884606,-0.083214818,0.013721921,-3.0873013,0.0084570102,0.01139707,-0.012699916,-0.027824339,-0.0009818644,-0.0060579961,0.076199366,-0.02788159,-0.00067288878,-0.0063499578,0.10106264,0,0,0.023920718,-0.010067235,0.17358299,58.332551,1099.0584,1200,212.12774,nan,nan,3.1415927,1100,60,1872.9879,-914.5525,85.674141,-12286.56,45.704942,-11.276378,-29.694342,212.12774,0,0,0,0,0
2.2,3870.154,2001.3484,-1098.9964,-58.198697,1.3847846,0.59889975,-0.082228356,0.014719359,-3.088707,0.011737217,0.010778783,-0.013660474,-0.027931658,-0.00033978125,-0.0066151358,0.081249355,-0.027972424,-6.8914073e-05,-0.006830237,0.10636668,0,0,0.024259896,-0.010008624,0.17336847,58.260505,1098.9964,1200,226.18713,nan,nan,3.1415927,1100,60,1868.3755,-908.9788,81.612535,-12299.61,38.057834,-10.874197,-21.206207,226.18713,0,0,0,0,0
2.3,3864.3373,2001.4907,-1098.9384,-58.131172,1.4654125,0.55821917,-0.080944008,0.015651102,-3.0901879,0.014443487,0.01018261,-0.014325277,-0.028006384,0.00021847151,-0.007013864,0.086349654,-0.028034047,0.00045211909,-0.0071626385,0.11171146,0,0,0.02452913,-0.0098490819,0.17315581,58.189079,1098.9384,1200,240.38662,nan,nan,3.1415927,1100,60,1863.8078,-904.10992,77.268559,-12303.811,30.996595,-10.336938,-13.939534,240.38662,0,0,0,0,0
2.4,3858.5274,2001.641,-1098.8846,-58.064117,1.5448432,0.51744152,-0.079416541,0.016522465,-3.0917169,0.016623716,0.0096146929,-0.014738475,-0.028055459,0.00069590372,-0.0072768853,0.091498311,-0.028072915,0.00089406344,-0.0073692374,0.11709483,0,0,0.02474187,-0.009612907,0.17294509,58.118303,1098.8846,1200,254.72079,nan,nan,3.1415927,1100,60,1859.2865,-899.82015,72.803964,-12300.963,24.5828,-9.7304558,-7.8089358,254.72079,0,0,0,0,0
2.5,3852.7242,2001.7992,-1098.8347,-57.997554,1.6228137,0.4770694,-0.077695745,0.017338739,-3.0932711,0.018329351,0.0090782622,-0.014940813,-0.028084786,0.001097094,-0.0074253369,0.096693319,-0.028094485,0.0012620872,-0.0074704063,0.12251445,0,0,0.024909656,-0.0093207707,0.17273642,58.048212,1098.8347,1200,269.18402,nan,nan,3.1415927,1100,60,1854.8136,-895.99948,68.34488,-12292.603,18.844181,-9.0991565,-2.7168054,269.18402,0,0,0,0,0
2.6,3846.9276,2001.9652,-1098.7889,-57.931514,1.6991135,0.43749153,-0.075826202,0.018104969,-3.0948314,0.019613039,0.0085745661,-0.014969279,-0.028099328,0.0014276802,-0.0074785557,0.1019326,-0.028103312,0.0015622093,-0.0074846394,0.12796787,0,0,0.02504226,-0.0089900032,0.17252989,57.978839,1098.7889,1200,283.77052,nan,nan,3.1415927,1100,60,1850.3913,-892.55355,63.986934,-12280.028,13.782286,-8.471968,1.4406786,283.77052,0,0,0,0,0
2.7,3841.1375,2002.1386,-1098.747,-57.866032,1.7735793,0.39900141,-0.073847277,0.018825832,-3.0963826,0.020526818,0.0081035352,-0.014856955,-0.0281032,0.0016939435,-0.0074539593,0.107214,-0.028103155,0.0018009237,-0.0074284776,0.13345256,0,0,0.025147865,-0.0086349099,0.17232562,57.910222,1098.747,1200,298.47428,nan,nan,3.1415927,1100,60,1846.0217,-889.40275,59.800013,-12264.32,9.3789729,-7.8669204,4.7688605,298.47428,0,0,0,0,0
2.8,3835.354,2002.3194,-1098.7089,-57.801146,1.8460899,0.36181362,-0.071793243,0.019505579,-3.0979123,0.021120786,0.00766425,-0.014633022,-0.028099775,0.001902476,-0.0073670133,0.11253528,-0.028097075,0.0019849013,-0.0073165112,0.13896595,0,0,0.025233245,-0.0082671007,0.17212371,57.842395,1098.7089,1200,313.28909,nan,nan,3.1415927,1100,60,1841.7068,-886.48094,55.83262,-12246.372,5.6018232,-7.2945528,7.3710626,313.28909,0,0,0,0,0
2.9,3829.5769,2002.5074,-1098.6744,-57.736897,1.9165603,0.32607803,-0.069693535,0.020148019,-3.0994109,0.021442154,0.0072552648,-0.01432288,-0.028091782,0.0020599194,-0.0072312657,0.11789416,-0.028087528,0.0021207597,-0.00716144,0.14450545,0,0,0.025303952,-0.0078958171,0.17192427,57.775395,1098.6744,1200,328.20855,nan,nan,3.1415927,1100,60,1837.449,-883.73392,52.115773,-12226.914,2.4086156,-6.7603838,9.3460137,328.20855,0,0,0,0,0
3,3823.8063,2002.7023,-1098.6434,-57.673327,1.9849372,0.29189194,-0.067573065,0.020756536,-3.1008713,0.021534613,0.0068748288,-0.013948349,-0.028081392,0.0021727671,-0.0070584298,0.12328829,-0.028076456,0.0022148906,-0.0069741745,0.15006847,0,0,0.025364481,-0.0075282488,0.1717274,57.709257,1098.6434,1200,343.22614,nan,nan,3.1415927,1100,60,1833.2501,-881.11791,48.666451,-12206.536,-0.24904436,-6.2666543,10.786083,343.22614,0,0,0,0,0
3.1,3818.0419,2002.904,-1098.6158,-57.610478,2.0511936,0.2593104,-0.065452599,0.021334111,-3.1022884,0.021437961,0.0065210348,-0.013527929,-0.028070303,0.0022472177,-0.0068585004,0.12871528,-0.028065358,0.0022733354,-0.0067639645,0.15565246,0,0,0.025418428,-0.0071698314,0.1715332,57.644013,1098.6158,1200,358.33519,nan,nan,3.1415927,1100,60,1829.1123,-878.59808,45.490584,-12185.711,-2.4228241,-5.813527,11.776164,358.33519,0,0,0,0,0
3.2,3812.2839,2003.1122,-1098.5914,-57.548391,2.1153248,0.22835489,-0.063349146,0.021883365,-3.1036584,0.021187933,0.006191918,-0.013077087,-0.028059814,0.0022890735,-0.0066398914,0.13417272,-0.028055367,0.002301701,-0.0065385436,0.16125489,0,0,0.025468625,-0.0068245213,0.17134176,57.579697,1098.5914,1200,373.52897,nan,nan,3.1415927,1100,60,1825.0373,-876.1472,42.58562,-12164.811,-4.1653936,-5.3998905,12.39308,373.52897,0,0,0,0,0
3.3,3806.5319,2003.3267,-1098.5699,-57.487107,2.177344,0.19902063,-0.061276372,0.02240659,-3.1049795,0.020816187,0.0058855222,-0.012608565,-0.028050887,0.0023036734,-0.0064095848,0.13965817,-0.028047308,0.0023051085,-0.0063042823,0.16687329,0,0,0.025517267,-0.0064950451,0.17115318,57.516339,1098.5699,1200,388.80071,nan,nan,3.1415927,1100,60,1821.0269,-873.74438,39.942692,-12144.122,-5.5286914,-5.023885,12.705376,388.80071,0,0,0,0,0
3.4,3800.7861,2003.5473,-1098.5514,-57.426665,2.2372792,0.17128264,-0.059244995,0.02290579,-3.1062504,0.020350409,0.0055999429,-0.012132684,-0.028044208,0.002295857,-0.0061732844,0.14516919,-0.028041754,0.002288168,-0.0060663418,0.17250522,0,0,0.02556601,-0.0061831229,0.17096754,57.453967,1098.5514,1200,404.14364,nan,nan,3.1415927,1100,60,1817.0829,-871.37405,37.548424,-12123.864,-6.5626428,-4.683239,12.773421,404.14364,0,0,0,0,0
3.5,3795.0463,2003.7738,-1098.5355,-57.367101,2.2951697,0.14510078,-0.057263169,0.023382718,-3.1074713,0.019814502,0.0053333559,-0.011657647,-0.028040236,0.0022699501,-0.005935567,0.15070338,-0.028039071,0.0022549736,-0.0058288236,0.17814832,0,0,0.025616071,-0.005889664,0.17078493,57.392611,1098.5355,1200,419.55097,nan,nan,3.1415927,1100,60,1813.2068,-869.02501,35.386413,-12104.198,-7.314253,-4.3754785,12.649719,419.55097,0,0,0,0,0
3.6,3789.3124,2004.006,-1098.5222,-57.30845,2.3510637,0.12042384,-0.055336853,0.023838903,-3.1086426,0.01922884,0.0050840355,-0.011189826,-0.028039244,0.0022297685,-0.0057000289,0.1562583,-0.028039458,0.0022091146,-0.0055949131,0.18380029,0,0,0.025668299,-0.0056149384,0.17060542,57.332294,1098.5222,1200,435.01601,nan,nan,3.1415927,1100,60,1809.4,-866.68961,33.438434,-12085.237,-7.8270071,-4.0980571,12.379374,435.01601,0,0,0,0,0
3.7,3783.5843,2004.2436,-1098.5112,-57.250745,2.4050159,0.097193009,-0.053470143,0.024275684,-3.1097655,0.018610552,0.004850366,-0.010734025,-0.028041361,0.0021786351,-0.0054694237,0.16183158,-0.028042983,0.0021536974,-0.0053670125,0.18945887,0,0,0.02572325,-0.0053587233,0.17042908,57.273041,1098.5112,1200,450.53211,nan,nan,3.1415927,1100,60,1805.6638,-864.36308,31.685383,-12067.059,-8.1405189,-3.8484352,12.000649,450.53211,0,0,0,0,0
3.8,3777.8619,2004.4866,-1098.5026,-57.194017,2.4570853,0.075344491,-0.051665577,0.024694231,-3.1108417,0.01797383,0.0046308484,-0.010293727,-0.028046598,0.002119407,-0.0052457896,0.16742087,-0.028049614,0.0020913759,-0.0051468636,0.1951219,0,0,0.025781239,-0.0051204275,0.17025597,57.214874,1098.5026,1200,466.09272,nan,nan,3.1415927,1100,60,1801.9995,-862.04291,30.108022,-12049.708,-8.2903748,-3.6241298,11.545585,466.09272,0,0,0,0,0
3.9,3772.1451,2004.7347,-1098.496,-57.138293,2.5073341,0.054811757,-0.049924418,0.025095571,-3.1118729,0.017330245,0.0044241029,-0.0098713173,-0.028054879,0.002054508,-0.005030565,0.17302384,-0.028059238,0.0020243867,-0.0049356587,0.20078726,0,0,0.025842391,-0.0048991958,0.17008616,57.157813,1098.496,1200,481.69139,nan,nan,3.1415927,1100,60,1798.4082,-859.72843,28.687535,-12033.206,-8.3081292,-3.4227462,11.040633,481.69139,0,0,0,0,0
4,3766.4339,2004.9878,-1098.4915,-57.083601,2.555826,0.035527237,-0.04824689,0.025480608,-3.1128611,0.016689055,0.0042288692,-0.0094682777,-0.02806606,0.001985966,-0.0048246937,0.17863823,-0.028071687,0.0019545878,-0.0047341389,0.20645289,0,0,0.025906686,-0.0046939949,0.1699197,57.101878,1098.4915,1200,497.32178,nan,nan,3.1415927,1100,60,1794.8908,-857.42033,27.405937,-12017.555,-8.2214144,-3.242,10.507298,497.32178,0,0,0,0,0
4.1,3760.7281,2005.2456,-1098.4888,-57.029964,2.6026252,0.017423657,-0.046632401,0.025850136,-3.1138085,0.016057508,0.0040440044,-0.0090853638,-0.028079951,0.0019154521,-0.0046287163,0.18426182,-0.02808675,0.0018834982,-0.0045426819,0.21211681,0,0,0.025973987,-0.0045036829,0.16975664,57.047084,1098.4888,1200,512.97771,nan,nan,3.1415927,1100,60,1791.4483,-855.12034,26.246355,-12002.743,-8.0541323,-3.0797324,9.9627492,512.97771,0,0,0,0,0
4.2,3755.0276,2005.508,-1098.4879,-56.977405,2.6477956,0.00043504812,-0.045079721,0.026204859,-3.1147171,0.015441117,0.0038684787,-0.0087227552,-0.028096326,0.0018443197,-0.0044428518,0.18989241,-0.028104193,0.0018123366,-0.0043613776,0.21777708,0,0,0.026044074,-0.004327066,0.16959704,56.993449,1098.4879,1200,528.6531,nan,nan,3.1415927,1100,60,1788.0814,-852.83096,25.193214,-11988.747,-7.8267032,-2.9339214,9.4204084,528.6531,0,0,0,0,0
4.3,3749.3323,2005.7749,-1098.4886,-56.925944,2.6914,-0.015502516,-0.043587147,0.026545401,-3.1155892,0.014843926,0.0037013702,-0.0083801865,-0.028114942,0.0017736434,-0.0042670672,0.19552789,-0.028123762,0.0017420602,-0.0041900933,0.22343183,0,0,0.026116667,-0.0041629411,0.16944092,56.940985,1098.4886,1200,544.34204,nan,nan,3.1415927,1100,60,1784.7908,-850.55522,24.232332,-11975.537,-7.5563496,-2.8026898,8.8904923,544.34204,0,0,0,0,0
4.4,3743.6421,2006.046,-1098.4908,-56.875599,2.7334997,-0.030450392,-0.042152636,0.026872318,-3.1164268,0.014268744,0.0035418587,-0.0080570586,-0.028135542,0.0017042556,-0.0041011377,0.20116619,-0.0281452,0.0016734002,-0.0040285293,0.22907924,0,0,0.026191445,-0.0040101299,0.16928833,56.889706,1098.4908,1200,560.03874,nan,nan,3.1415927,1100,60,1781.5773,-848.29647,23.350967,-11963.078,-7.257399,-2.68431,8.3805118,560.03874,0,0,0,0,0
4.5,3737.9569,2006.3213,-1098.4946,-56.826386,2.7741544,-0.044467025,-0.040773914,0.027186109,-3.1172319,0.013717362,0.003389218,-0.0077525315,-0.028157868,0.0016367815,-0.0039446974,0.20680527,-0.028168248,0.0016068954,-0.0038762657,0.23471756,0,0,0.026268063,-0.0038675034,0.16913931,56.839623,1098.4946,1200,575.73758,nan,nan,3.1415927,1100,60,1778.4412,-846.05828,22.537796,-11951.33,-6.9415926,-2.5772061,7.8957215,575.73758,0,0,0,0,0
4.6,3732.2766,2006.6006,-1098.4996,-56.778321,2.8134211,-0.057607745,-0.039448569,0.027487224,-3.1180064,0.013190742,0.0032428088,-0.0074656018,-0.028181663,0.0015716708,-0.0037972812,0.21244317,-0.02819265,0.0015429232,-0.0037328009,0.24034506,0,0,0.026346161,-0.0037339987,0.16899388,56.790747,1098.4996,1200,591.43307,nan,nan,3.1415927,1100,60,1775.3831,-843.84426,21.782871,-11940.253,-6.6183892,-2.4799533,7.439522,591.43307,0,0,0,0,0
4.7,3726.601,2006.8838,-1098.506,-56.731416,2.8513551,-0.069924676,-0.038174127,0.027776072,-3.118752,0.012689184,0.0031020705,-0.0071951661,-0.028206679,0.0015092271,-0.0036583597,0.21807798,-0.028218163,0.0014817268,-0.0035975831,0.24596009,0,0,0.02642538,-0.0036086306,0.16885206,56.743087,1098.506,1200,607.11986,nan,nan,3.1415927,1100,60,1772.4033,-841.65802,21.077549,-11929.806,-6.2952579,-2.3912744,7.0138139,607.11986,0,0,0,0,0
4.8,3720.93,2007.1707,-1098.5135,-56.685685,2.8880089,-0.081466736,-0.03694811,0.028053025,-3.1194705,0.012212471,0.002966513,-0.006940071,-0.028232675,0.0014496336,-0.0035273675,0.22370781,-0.028244551,0.0014234408,-0.0034700355,0.25156102,0,0,0.026505366,-0.0034904985,0.16871389,56.696649,1098.5135,1200,622.79276,nan,nan,3.1415927,1100,60,1769.5022,-839.50306,20.414393,-11919.95,-5.9779535,-2.3100349,6.6193063,622.79276,0,0,0,0,0
4.9,3715.2636,2007.4612,-1098.5222,-56.641137,2.9234328,-0.092279694,-0.03576808,0.028318426,-3.1201633,0.011759991,0.00283571,-0.0066991534,-0.028259424,0.0013929763,-0.0034037252,0.22933086,-0.028271593,0.0013681118,-0.0033495767,0.25714631,0,0,0.026585772,-0.0033787882,0.16857939,56.651442,1098.5222,1200,638.44671,nan,nan,3.1415927,1100,60,1766.68,-837.38276,19.787076,-11910.645,-5.6707723,-2.2352353,6.2557835,638.44671,0,0,0,0,0
5,3709.6015,2007.7551,-1098.5319,-56.597782,2.9576745,-0.10240628,-0.034631671,0.028572594,-3.1208319,0.011330845,0.0027092903,-0.0064712709,-0.028286714,0.0013392644,-0.0032868568,0.23494537,-0.028299081,0.0013157185,-0.0032356354,0.2627144,0,0,0.026666272,-0.0032727722,0.16844856,56.607471,1098.5319,1200,654.0768,nan,nan,3.1415927,1100,60,1763.9369,-835.30032,19.19027,-11901.854,-5.3767845,-2.1660026,5.9223307,654.0768,0,0,0,0,0
5.1,3703.9438,2008.0525,-1098.5426,-56.555627,2.9907794,-0.11188633,-0.033536621,0.028815825,-3.1214776,0.010923931,0.0025869321,-0.0062553243,-0.028314344,0.0012884477,-0.0031762031,0.2405496,-0.028326824,0.0012661871,-0.0031276622,0.26826383,0,0,0.026746552,-0.003171807,0.16832143,56.564741,1098.5426,1200,669.67822,nan,nan,3.1415927,1100,60,1761.273,-833.25873,18.619538,-11893.541,-5.0980451,-2.1015805,5.6175254,669.67822,0,0,0,0,0
5.2,3698.2902,2008.3531,-1098.5542,-56.514679,3.0227908,-0.12075695,-0.032480778,0.029048397,-3.1221016,0.010538021,0.0024683555,-0.0060502745,-0.02834213,0.0012404313,-0.003071231,0.24614189,-0.028354643,0.0012194059,-0.0030251372,0.27379315,0,0,0.026826322,-0.0030753288,0.168198,56.523256,1098.5542,1200,685.24633,nan,nan,3.1415927,1100,60,1758.6885,-831.26076,18.071229,-11885.674,-4.8357794,-2.0413187,5.3395954,685.24633,0,0,0,0,0
5.3,3692.6406,2008.6569,-1098.5667,-56.474945,3.0537497,-0.12905269,-0.03146212,0.029270576,-3.122705,0.010171814,0.0023533175,-0.0058551523,-0.028369901,0.0011950887,-0.0029714403,0.25172061,-0.028382373,0.0011752361,-0.0029275761,0.27930095,0,0,0.026905309,-0.0029828482,0.16807829,56.483019,1098.5667,1200,700.77661,nan,nan,3.1415927,1100,60,1756.1833,-829.30899,17.542375,-11878.222,-4.5905481,-1.9846625,5.0865487,700.77661,0,0,0,0,0
5.4,3686.9949,2008.9637,-1098.58,-56.436429,3.0836948,-0.1368057,-0.030478753,0.029482609,-3.1232887,0.0098239852,0.0022416062,-0.0056690654,-0.028397501,0.0011522717,-0.0028763674,0.25728418,-0.028409864,0.0011335218,-0.0028345327,0.28478586,0,0,0.026983261,-0.0028939443,0.16796231,56.444033,1098.58,1200,716.26463,nan,nan,3.1415927,1100,60,1753.7575,-827.40575,17.030596,-11871.156,-4.362389,-1.9311419,4.8562779,716.26463,0,0,0,0,0
5.5,3681.3531,2009.2734,-1098.594,-56.399135,3.1126633,-0.14404595,-0.029528913,0.029684737,-3.1238536,0.0094932235,0.0021330361,-0.005491201,-0.028424785,0.0011118192,-0.0027855882,0.26283106,-0.028436977,0.0010940978,-0.0027456005,0.29024657,0,0,0.027059947,-0.0028082578,0.16785005,56.406299,1098.594,1200,731.70613,nan,nan,3.1415927,1100,60,1751.411,-825.55319,16.534009,-11864.449,-4.1509397,-1.8803614,4.6466426,731.70613,0,0,0,0,0
5.6,3675.7149,2009.586,-1098.6087,-56.363066,3.1406903,-0.15080138,-0.028610967,0.02987719,-3.1244007,0.0091782556,0.0020274444,-0.0053208259,-0.028451623,0.0010735642,-0.0026987182,0.26835975,-0.028463588,0.0010567958,-0.0026604129,0.29568176,0,0,0.027135156,-0.0027254851,0.16774152,56.369818,1098.6087,1200,747.09692,nan,nan,3.1415927,1100,60,1749.1438,-823.75323,16.051152,-11858.079,-3.9555413,-1.8319903,4.4555333,747.09692,0,0,0,0,0
5.7,3670.0802,2009.9014,-1098.6241,-56.328224,3.1678091,-0.15709806,-0.027723403,0.030060187,-3.1249305,0.0088778679,0.001924687,-0.0051572845,-0.028477896,0.0010373391,-0.0026154122,0.2738688,-0.028489582,0.0010214487,-0.0025786423,0.30109019,0,0,0.027208693,-0.0026453714,0.16763672,56.33459,1098.6241,1200,762.43295,nan,nan,3.1415927,1100,60,1746.9556,-822.00759,15.580908,-11852.022,-3.7753252,-1.7857531,4.280919,762.43295,0,0,0,0,0
5.8,3664.449,2010.2194,-1098.6401,-56.294609,3.1940516,-0.16296035,-0.026864828,0.030233942,-3.1254439,0.0085909193,0.0018246356,-0.0049999952,-0.028503493,0.00100298,-0.0025353628,0.27935678,-0.028514854,0.00098789504,-0.0024999976,0.30647061,0,0,0.027280382,-0.0025677046,0.16753565,56.300614,1098.6401,1200,777.71026,nan,nan,3.1415927,1100,60,1744.8463,-820.31784,15.122444,-11846.259,-3.6092846,-1.7414217,4.1208813,777.71026,0,0,0,0,0
5.9,3658.8211,2010.54,-1098.6567,-56.262224,3.2194481,-0.16841107,-0.026033958,0.030398661,-3.1259414,0.0083163503,0.0017271749,-0.0048484458,-0.028528318,0.00097032951,-0.0024582982,0.28482231,-0.028539311,0.00095598107,-0.0024242229,0.31182184,0,0,0.027350064,-0.0024923095,0.1674383,56.26789,1098.6567,1200,792.92503,nan,nan,3.1415927,1100,60,1742.8157,-818.68534,14.675152,-11840.771,-3.4563333,-1.6988075,3.973638,792.92503,0,0,0,0,0
6,3653.1964,2010.8632,-1098.6738,-56.231067,3.2440277,-0.17347158,-0.025229609,0.030554545,-3.1264236,0.0080531868,0.0016322008,-0.004702188,-0.028552279,0.00093923942,-0.0023839801,0.29026405,-0.028562866,0.00092556283,-0.002351094,0.31714272,0,0,0.027417593,-0.0024190422,0.16734467,56.236416,1098.6738,1200,808.0735,nan,nan,3.1415927,1100,60,1740.8636,-817.11131,14.238601,-11835.542,-3.3153519,-1.6577549,3.8375562,808.0735,0,0,0,0,0
6.1,3647.5747,2011.1887,-1098.6913,-56.201138,3.2678179,-0.17816194,-0.024450691,0.030701788,-3.1268911,0.0078005419,0.0015396182,-0.0045608319,-0.028575296,0.00090957171,-0.0023122003,0.29568069,-0.028585441,0.00089650725,-0.0022804159,0.3224321,0,0,0.02748284,-0.0023477853,0.16725476,56.206189,1098.6913,1200,823.15203,nan,nan,3.1415927,1100,60,1738.9896,-815.59683,13.8125,-11830.555,-3.1852242,-1.6181352,3.7111601,823.15203,0,0,0,0,0
6.2,3641.956,2011.5166,-1098.7094,-56.172434,3.2908452,-0.18250102,-0.023696198,0.030840578,-3.1273444,0.0075576143,0.0014493396,-0.00442404,-0.028597295,0.00088119965,-0.0022427784,0.30107096,-0.028606967,0.00086869275,-0.00221202,0.3276889,0,0,0.027545686,-0.0022784434,0.16716855,56.177207,1098.7094,1200,838.15709,nan,nan,3.1415927,1100,60,1737.1936,-814.14284,13.396655,-11825.798,-3.0648651,-1.5798418,3.593131,838.15709,0,0,0,0,0
6.3,3636.34,2011.8467,-1098.7278,-56.144955,3.3131351,-0.18650656,-0.022965199,0.0309711,-3.1277838,0.0073236851,0.0013612839,-0.0042915212,-0.028618209,0.00085400806,-0.0021755583,0.30643363,-0.028627379,0.00084200936,-0.0021457606,0.33291203,0,0,0.027606025,-0.0022109389,0.16708604,56.149466,1098.7278,1200,853.08522,nan,nan,3.1415927,1100,60,1735.4752,-812.75014,12.990947,-11821.256,-2.9532408,-1.5427859,3.4823047,853.08522,0,0,0,0,0
6.4,3630.7268,2012.1791,-1098.7466,-56.118696,3.3347118,-0.19019533,-0.022256833,0.031093532,-3.1282099,0.0070981133,0.0012753754,-0.0041630256,-0.028637977,0.0008278933,-0.002110406,0.31176747,-0.02864662,0.00081635859,-0.0020815128,0.33810045,0,0,0.027663761,-0.0021452089,0.16700721,56.122962,1098.7466,1200,867.93307,nan,nan,3.1415927,1100,60,1733.834,-811.41945,12.595304,-11816.919,-2.8493828,-1.5068925,3.377664,867.93307,0,0,0,0,0
6.5,3625.1161,2012.5135,-1098.7658,-56.093656,3.3555989,-0.19358312,-0.021570298,0.03120805,-3.1286231,0.0068803304,0.0011915429,-0.0040383384,-0.028656544,0.00080276296,-0.0020472061,0.31707133,-0.028664636,0.00079165299,-0.0020191692,0.34325315,0,0,0.027718808,-0.0020812018,0.16693204,56.097691,1098.7658,1200,882.69737,nan,nan,3.1415927,1100,60,1732.2697,-810.15135,12.209683,-11812.774,-2.7523972,-1.4720978,3.2783304,882.69737,0,0,0,0,0
6.6,3619.5079,2012.8501,-1098.7853,-56.069828,3.3758187,-0.1966849,-0.020904844,0.031314822,-3.1290237,0.0066698346,0.0011097193,-0.0039172758,-0.028673862,0.00077853528,-0.0019858598,0.32234405,-0.028681381,0.00076781545,-0.0019586379,0.34836914,0,0,0.02777109,-0.0020188749,0.16686053,56.073648,1098.7853,1200,897.37494,nan,nan,3.1415927,1100,60,1730.7818,-808.94636,11.834056,-11808.814,-2.6614696,-1.4383464,3.1835531,897.37494,0,0,0,0,0
6.7,3613.902,2013.1886,-1098.8051,-56.047211,3.395393,-0.19951479,-0.02025977,0.031414014,-3.1294121,0.0064661841,0.0010298409,-0.0037996796,-0.028689884,0.00075513852,-0.0019262822,0.32758454,-0.028696812,0.00074477858,-0.0018998398,0.35344747,0,0,0.027820537,-0.0019581921,0.16679266,56.050827,1098.8051,1200,911.96271,nan,nan,3.1415927,1100,60,1729.3699,-807.80488,11.468397,-11805.027,-2.5758667,-1.4055894,3.0926974,911.96271,0,0,0,0,0
6.8,3608.2983,2013.529,-1098.8252,-56.025798,3.4143426,-0.20208622,-0.019634416,0.031505789,-3.1297887,0.006268991,0.00095184713,-0.0036854137,-0.028704571,0.00073251012,-0.0018684003,0.3327917,-0.02871089,0.00072248376,-0.0018427068,0.3584872,0,0,0.027867089,-0.0018991221,0.16672841,56.029223,1098.8252,1200,926.45765,nan,nan,3.1415927,1100,60,1728.0336,-806.72726,11.112671,-11801.405,-2.4949359,-1.3737829,3.0052334,926.45765,0,0,0,0,0
6.9,3602.6967,2013.8713,-1098.8455,-56.005583,3.4326877,-0.20441189,-0.01902816,0.031590302,-3.1301538,0.0060779155,0.00087568014,-0.0035743598,-0.028717886,0.00071059588,-0.001812151,0.3379645,-0.02872358,0.00070088039,-0.0017871799,0.36348744,0,0,0.02791069,-0.0018416371,0.16666777,56.00883,1098.8455,1200,940.85686,nan,nan,3.1415927,1100,60,1726.7725,-805.71377,10.766834,-11797.94,-2.4181018,-1.3428866,2.9207238,940.85686,0,0,0,0,0
7,3597.0971,2014.2155,-1098.8661,-55.986562,3.4504478,-0.20650386,-0.018440409,0.031667707,-3.1305078,0.0058926594,0.00080128472,-0.0034664147,-0.028729796,0.0006893491,-0.0017574793,0.3431019,-0.028734851,0.00067992493,-0.0017332074,0.36844729,0,0,0.027951293,-0.0017857112,0.16661071,55.98964,1098.8661,1200,955.15748,nan,nan,3.1415927,1100,60,1725.586,-804.76459,10.430824,-11794.625,-2.3448628,-1.3128628,2.8388124,955.15748,0,0,0,0,0
7.1,3591.4993,2014.5613,-1098.8868,-55.968728,3.4676416,-0.20837358,-0.017870601,0.031738155,-3.1308509,0.0057129611,0.00072860804,-0.0033614872,-0.028740271,0.00066872972,-0.0017043369,0.34820292,-0.028744675,0.00065958014,-0.0016807436,0.37336592,0,0,0.027988855,-0.0017313199,0.1665572,55.971648,1098.8868,1200,969.35676,nan,nan,3.1415927,1100,60,1724.4736,-803.87986,10.104558,-11791.453,-2.2747858,-1.2836758,2.7592133,969.35676,0,0,0,0,0
7.2,3585.9032,2014.9089,-1098.9077,-55.952074,3.4842872,-0.21003193,-0.017318197,0.03180179,-3.1311836,0.00553859,0.00065759959,-0.0032594956,-0.028749286,0.00064870347,-0.0016526809,0.35326659,-0.028753028,0.00063981422,-0.0016297478,0.3782425,0,0,0.028023338,-0.001678439,0.16650724,55.954845,1098.9077,1200,983.45202,nan,nan,3.1415927,1100,60,1723.4348,-803.05967,9.7879353,-11788.416,-2.2075,-1.2552914,2.6817005,983.45202,0,0,0,0,0
7.3,3580.3087,2015.2581,-1098.9288,-55.936593,3.5004024,-0.21148926,-0.016782679,0.031858755,-3.131506,0.0053693423,0.00058821099,-0.0031603657,-0.028756818,0.00062924115,-0.0016024723,0.35829197,-0.028759887,0.00062060005,-0.0015801828,0.38307622,0,0,0.028054712,-0.0016270443,0.1664608,55.939224,1098.9288,1200,997.44065,nan,nan,3.1415927,1100,60,1722.4691,-802.30403,9.4808329,-11785.509,-2.1426917,-1.2276764,2.6060988,997.44065,0,0,0,0,0
7.4,3574.7158,2015.6089,-1098.95,-55.922277,3.5160039,-0.21275539,-0.016263551,0.031909189,-3.1318184,0.0052050367,0.000520396,-0.0030640289,-0.028762846,0.00061031785,-0.0015536758,0.36327817,-0.028765234,0.0006019145,-0.0015320145,0.38786632,0,0,0.028082948,-0.001577111,0.16641785,55.924777,1098.95,1200,1011.3201,nan,nan,3.1415927,1100,60,1721.5759,-801.61292,9.1831094,-11782.725,-2.0800977,-1.2007984,2.5322749,1011.3201,0,0,0,0,0
7.5,3569.1242,2015.9612,-1098.9713,-55.90912,3.5311084,-0.21383966,-0.015760332,0.031953227,-3.1321213,0.0050455105,0.0004541104,-0.0029704213,-0.028767352,0.00059191229,-0.0015062582,0.36822429,-0.028769052,0.00058373783,-0.0014852106,0.39261204,0,0,0.028108023,-0.0015286138,0.16637837,55.911495,1098.9713,1200,1025.088,nan,nan,3.1415927,1100,60,1720.7546,-800.98626,8.8946046,-11780.06,-2.0194994,-1.1746257,2.4601299,1025.088,0,0,0,0,0
7.6,3563.5338,2016.315,-1098.9928,-55.897111,3.5457317,-0.21475097,-0.015272558,0.031991001,-3.1324147,0.0048906163,0.00038931197,-0.0028794818,-0.028770321,0.00057400625,-0.0014601884,0.37312948,-0.028771327,0.00056605304,-0.0014397409,0.39731266,0,0,0.028129918,-0.0014815262,0.16634233,55.899369,1098.9928,1200,1038.7419,nan,nan,3.1415927,1100,60,1720.0048,-800.42393,8.6151422,-11777.508,-1.9607171,-1.1491272,2.3895927,1038.7419,0,0,0,0,0
7.7,3557.9447,2016.6703,-1099.0143,-55.886244,3.5598893,-0.21549776,-0.014799778,0.032022641,-3.1326991,0.0047402197,0.00032596043,-0.0027911516,-0.02877174,0.00055658399,-0.0014154365,0.37799291,-0.028772046,0.00054884541,-0.0013955758,0.40196748,0,0,0.028148619,-0.001435821,0.1663097,55.888392,1099.0143,1200,1052.2794,nan,nan,3.1415927,1100,60,1719.3256,-799.92578,8.3445315,-11775.063,-1.9036046,-1.1242723,2.3206139,1052.2794,0,0,0,0,0
7.8,3552.3565,2017.0269,-1099.0359,-55.876508,3.573596,-0.21608807,-0.014341555,0.032048273,-3.1329747,0.0045941962,0.00026401737,-0.0027053736,-0.0287716,0.00053963181,-0.0013719736,0.38281378,-0.028771202,0.00053210208,-0.0013526868,0.40657582,0,0,0.028164115,-0.0013914701,0.16628046,55.878553,1099.0359,1200,1065.6985,nan,nan,3.1415927,1100,60,1718.7167,-799.49158,8.0825693,-11772.721,-1.8480442,-1.100031,2.2531608,1065.6985,0,0,0,0,0
7.9,3546.7693,2017.3849,-1099.0575,-55.867895,3.5868664,-0.21652955,-0.013897462,0.03206802,-3.1332417,0.0044524297,0.00020344624,-0.0026220914,-0.028769891,0.00052313762,-0.0013297712,0.38759131,-0.028768786,0.0005158116,-0.0013110457,0.41113703,0,0,0.028176397,-0.0013484445,0.16625458,55.869842,1099.0575,1200,1078.9968,nan,nan,3.1415927,1100,60,1718.1772,-799.12112,7.8290426,-11770.477,-1.7939422,-1.0763741,2.1872132,1078.9968,0,0,0,0,0
8,3541.1828,2017.7442,-1099.0792,-55.860395,3.5997144,-0.21682947,-0.013467086,0.032082004,-3.1335004,0.0043148104,0.00014421229,-0.0025412493,-0.028766607,0.00050709062,-0.0012888015,0.39232475,-0.028764792,0.00049996366,-0.0012706247,0.41565048,0,0,0.028185461,-0.0013067144,0.16623204,55.86225,1099.0792,1200,1092.1724,nan,nan,3.1415927,1100,60,1717.7066,-798.8141,7.5837305,-11768.328,-1.7412244,-1.0532729,2.1227595,1092.1724,0,0,0,0,0
8.1,3535.5971,2018.1048,-1099.1009,-55.853999,3.6121536,-0.21699473,-0.013050024,0.032090342,-3.133751,0.0041812338,8.6282508e-05,-0.0024627919,-0.028761744,0.00049148095,-0.0012490365,0.39701337,-0.028759218,0.00048454879,-0.001231396,0.42011556,0,0,0.028191307,-0.0012662492,0.16621278,55.855767,1099.1009,1200,1105.2231,nan,nan,3.1415927,1100,60,1717.3043,-798.57022,7.3464063,-11766.268,-1.6898329,-1.0306994,2.059794,1105.2231,0,0,0,0,0
8.2,3530.012,2018.4665,-1099.1226,-55.848696,3.6241972,-0.21703192,-0.012645882,0.032093151,-3.1339939,0.0040515992,2.9625575e-05,-0.0023866639,-0.0287553,0.0004762995,-0.0012104487,0.40165646,-0.028752062,0.00046955816,-0.0011933319,0.42453168,0,0,0.028193937,-0.0012270181,0.1661968,55.850382,1099.1226,1200,1118.1471,nan,nan,3.1415927,1100,60,1716.9695,-798.38914,7.1168394,-11764.294,-1.6397226,-1.0086267,1.9983145,1118.1471,0,0,0,0,0
8.3,3524.4273,2018.8295,-1099.1443,-55.844476,3.6358578,-0.21694726,-0.012254277,0.032090544,-3.1342291,0.0039258091,-2.5788192e-05,-0.0023128098,-0.028747274,0.00046153764,-0.0011730103,0.40625335,-0.028743324,0.00045498334,-0.0011564049,0.42889829,0,0,0.028193355,-0.0011889898,0.16618406,55.846085,1099.1443,1200,1130.9424,nan,nan,3.1415927,1100,60,1716.7016,-798.27046,6.8947972,-11762.403,-1.5908586,-0.98702847,1.93832,1130.9424,0,0,0,0,0
8.4,3518.843,2019.1936,-1099.1659,-55.841329,3.6471478,-0.21674671,-0.011874836,0.032082632,-3.134457,0.0038037682,-7.9986896e-05,-0.0022411746,-0.028737667,0.00044718713,-0.0011366938,0.41080338,-0.028733006,0.00044081621,-0.0011205873,0.43321484,0,0,0.028189569,-0.0011521326,0.16617452,55.842865,1099.1659,1200,1143.6072,nan,nan,3.1415927,1100,60,1716.5,-798.21378,6.6800466,-11760.59,-1.5432136,-0.96587948,1.8798098,1143.6072,0,0,0,0,0
8.5,3513.259,2019.5589,-1099.1876,-55.839244,3.6580792,-0.21643589,-0.011507193,0.032069525,-3.1346778,0.0036853832,-0.00013299713,-0.0021717029,-0.028726482,0.00043323995,-0.0011014714,0.41530591,-0.028721112,0.00042704882,-0.0010858514,0.43748083,0,0,0.028182591,-0.0011164149,0.16616814,55.84071,1099.1876,1200,1156.1398,nan,nan,3.1415927,1100,60,1716.3639,-798.21867,6.4723555,-11758.852,-1.496766,-0.94515544,1.8227819,1156.1398,0,0,0,0,0
8.6,3507.6751,2019.9252,-1099.2092,-55.838209,3.6686634,-0.21602019,-0.011150993,0.03205133,-3.1348916,0.0035705621,-0.00018484401,-0.0021043395,-0.028713723,0.00041968818,-0.0010673157,0.41976034,-0.028707646,0.00041367332,-0.0010521697,0.44169574,0,0,0.028172433,-0.001081805,0.16616491,55.83961,1099.2092,1200,1168.5384,nan,nan,3.1415927,1100,60,1716.2926,-798.28466,6.271494,-11757.187,-1.4514982,-0.92483309,1.7672322,1168.5384,0,0,0,0,0
8.7,3502.0913,2020.2926,-1099.2308,-55.838213,3.6789117,-0.21550468,-0.010805891,0.032028153,-3.1350988,0.0034592145,-0.0002355513,-0.0020390294,-0.028699397,0.00040652399,-0.0010341989,0.42416607,-0.028692616,0.00040068186,-0.0010195147,0.44585911,0,0,0.028159112,-0.0010482716,0.16616478,55.839552,1099.2308,1200,1180.8014,nan,nan,3.1415927,1100,60,1716.2854,-798.41125,6.0772353,-11755.59,-1.4073954,-0.90489021,1.7131545,1180.8014,0,0,0,0,0
8.8,3496.5075,2020.6609,-1099.2523,-55.839246,3.6888349,-0.21489421,-0.01047155,0.032000098,-3.1352995,0.0033512505,-0.00028514142,-0.0019757179,-0.028683511,0.00039373953,-0.0010020938,0.42852255,-0.028676031,0.00038806659,-0.00098785893,0.44997048,0,0,0.028142645,-0.0010157833,0.16616772,55.840526,1099.2523,1200,1192.9273,nan,nan,3.1415927,1100,60,1716.3417,-798.59792,5.889357,-11754.06,-1.3644442,-0.88530566,1.6605397,1192.9273,0,0,0,0,0
8.9,3490.9234,2021.0303,-1099.2738,-55.841295,3.6984435,-0.21419339,-0.010147641,0.031967266,-3.1354939,0.0032465817,-0.00033363551,-0.0019143505,-0.028666075,0.00038132691,-0.000970973,0.43282924,-0.028657898,0.00037581962,-0.00095717527,0.45402942,0,0,0.028123054,-0.00098430942,0.1661737,55.84252,1099.2738,1200,1204.9146,nan,nan,3.1415927,1100,60,1716.4606,-798.84413,5.7076412,-11752.592,-1.3226319,-0.86605939,1.6093755,1204.9146,0,0,0,0,0
9,3485.3392,2021.4005,-1099.2952,-55.844348,3.7077476,-0.21340657,-0.0098338442,0.031929759,-3.1356823,0.0031451203,-0.00038105357,-0.0018548736,-0.028647097,0.00036927821,-0.00094080948,0.4370856,-0.02863823,0.00036393298,-0.00092743679,0.45803552,0,0,0.028100361,-0.00095381955,0.16618267,55.84552,1099.2952,1200,1216.7617,nan,nan,3.1415927,1100,60,1716.6414,-799.1493,5.5318758,-11751.186,-1.2819459,-0.84713242,1.5596471,1216.7617,0,0,0,0,0
9.1,3479.7546,2021.7718,-1099.3165,-55.848394,3.7167571,-0.2125379,-0.0095298491,0.031887675,-3.1358647,0.0030467797,-0.00042741443,-0.0017972336,-0.028626591,0.00035758545,-0.00091157647,0.44129115,-0.028617038,0.00035239867,-0.00089861682,0.46198839,0,0,0.028074592,-0.00092428385,0.1661946,55.849516,1099.3165,1200,1228.4673,nan,nan,3.1415927,1100,60,1716.8835,-799.51285,5.3618544,-11749.837,-1.2423732,-0.82850686,1.5113367,1228.4673,0,0,0,0,0
9.2,3474.1695,2022.1438,-1099.3377,-55.85342,3.7254815,-0.21159134,-0.0092353531,0.031841113,-3.1360414,0.0029514741,-0.00047273587,-0.0017413782,-0.028604568,0.00034624057,-0.00088324752,0.4454454,-0.028594336,0.00034120861,-0.00087068909,0.46588765,0,0,0.028045774,-0.00089567309,0.16620946,55.854495,1099.3377,1200,1240.0301,nan,nan,3.1415927,1100,60,1717.1861,-799.93416,5.1973766,-11748.544,-1.2038997,-0.81016589,1.4644237,1240.0301,0,0,0,0,0
9.3,3468.5839,2022.5168,-1099.3588,-55.859414,3.73393,-0.21057063,-0.0089500622,0.031790169,-3.1362126,0.002859119,-0.00051703469,-0.0016872554,-0.028581044,0.00033523548,-0.00085579654,0.4495479,-0.028570138,0.00033035469,-0.00084362769,0.46973294,0,0,0.028013935,-0.00086795866,0.1662272,55.860444,1099.3588,1200,1251.4488,nan,nan,3.1415927,1100,60,1717.5483,-800.41259,5.0382485,-11747.304,-1.1665106,-0.79209375,1.4188854,1251.4488,0,0,0,0,0
9.4,3462.9976,2022.8906,-1099.3798,-55.866363,3.7421114,-0.20947933,-0.0086736907,0.031734938,-3.1363784,0.0027696309,-0.00056032674,-0.0016348144,-0.028556032,0.00032456206,-0.0008291979,0.45359822,-0.028544461,0.00031982878,-0.00081740718,0.47352395,0,0,0.027979107,-0.00084111264,0.16624779,55.867351,1099.3798,1200,1262.7223,nan,nan,3.1415927,1100,60,1717.9695,-800.94749,4.8842829,-11746.116,-1.13019,-0.77427569,1.3746967,1262.7223,0,0,0,0,0
9.5,3457.4106,2023.2652,-1099.4007,-55.874256,3.7500344,-0.20832082,-0.008405961,0.031675515,-3.136539,0.0026829276,-0.000602627,-0.0015840051,-0.028529549,0.00031421215,-0.0008034264,0.45759594,-0.02851732,0.00030962272,-0.00079200257,0.47726035,0,0,0.027941323,-0.00081510784,0.1662712,55.875203,1099.4007,1200,1273.8492,nan,nan,3.1415927,1100,60,1718.4489,-801.53819,4.7352988,-11744.977,-1.0949205,-0.75669798,1.3318309,1273.8492,0,0,0,0,0
9.6,3451.8228,2023.6405,-1099.4215,-55.883078,3.7577073,-0.20709832,-0.0081466036,0.031611992,-3.1366946,0.0025989283,-0.00064394964,-0.0015347788,-0.028501613,0.00030417763,-0.00077845734,0.46154066,-0.028488734,0.00029972837,-0.00076738941,0.48094185,0,0,0.027900617,-0.00078991778,0.16629738,55.883987,1099.4215,1200,1284.8287,nan,nan,3.1415927,1100,60,1718.9858,-802.18398,4.591122,-11743.885,-1.0606838,-0.73934786,1.2902595,1284.8287,0,0,0,0,0
9.7,3446.234,2024.0167,-1099.4421,-55.892818,3.7651383,-0.20581488,-0.0078953569,0.031544462,-3.1368454,0.0025175537,-0.00068430808,-0.0014870875,-0.028472242,0.00029445035,-0.00075426656,0.46543201,-0.028458721,0.00029013762,-0.00074354377,0.48456818,0,0,0.027857025,-0.00076551673,0.16632629,55.89369,1099.4421,1200,1295.6595,nan,nan,3.1415927,1100,60,1719.5792,-802.88416,4.4515844,-11742.838,-1.0274606,-0.72221351,1.2499529,1295.6595,0,0,0,0,0
9.8,3440.6442,2024.3935,-1099.4626,-55.903462,3.772335,-0.20447342,-0.007651967,0.031473014,-3.1369914,0.0024387259,-0.00072371502,-0.0014408845,-0.028441454,0.00028502223,-0.00073083044,0.46926965,-0.0284273,0.0002808424,-0.00072044227,0.48813908,0,0,0.027810585,-0.00074187973,0.1663579,55.904299,1099.4626,1200,1306.3408,nan,nan,3.1415927,1100,60,1720.2286,-803.63801,4.3165244,-11741.836,-0.99523033,-0.705284,1.2108805,1306.3408,0,0,0,0,0
9.9,3435.0533,2024.7711,-1099.483,-55.914997,3.7793051,-0.2030767,-0.0074161877,0.031397741,-3.1371329,0.0023623688,-0.00076218254,-0.0013961243,-0.028409271,0.00027588525,-0.00070812593,0.47305322,-0.028394492,0.00027183473,-0.00069806214,0.49165431,0,0,0.027761337,-0.00071898253,0.16639217,55.915801,1099.483,1200,1316.8715,nan,nan,3.1415927,1100,60,1720.9331,-804.44478,4.1857867,-11740.875,-0.96397178,-0.68854929,1.173011,1316.8715,0,0,0,0,0
10,3429.4613,2025.1493,-1099.5032,-55.927409,3.7860558,-0.20162736,-0.0071877802,0.031318729,-3.1372699,0.0022884077,-0.00079972211,-0.0013527623,-0.028375711,0.00026703145,-0.00068613056,0.47678242,-0.028360318,0.00026310668,-0.00067638116,0.49511365,0,0,0.02770932,-0.00069680167,0.16642905,55.928182,1099.5032,1200,1327.2509,nan,nan,3.1415927,1100,60,1721.6918,-805.30371,4.0592217,-11739.954,-0.93366294,-0.67200015,1.1363126,1327.2509,0,0,0,0,0
10.1,3423.8679,2025.5283,-1099.5233,-55.940687,3.7925943,-0.20012789,-0.0069665128,0.031236069,-3.1374027,0.0022167697,-0.00083634463,-0.0013107555,-0.028340798,0.00025845299,-0.00066482245,0.48045695,-0.0283248,0.00025465045,-0.00065537773,0.49851689,0,0,0.027654576,-0.00067531439,0.16646851,55.941429,1099.5233,1200,1337.4781,nan,nan,3.1415927,1100,60,1722.5041,-806.21404,3.9366858,-11739.073,-0.9042812,-0.65562815,1.1007532,1337.4781,0,0,0,0,0
10.2,3418.2732,2025.9078,-1099.5433,-55.954815,3.7989273,-0.1985807,-0.0067521611,0.031149847,-3.1375313,0.0021473839,-0.00087206055,-0.0012700617,-0.028304553,0.00025014211,-0.00064418033,0.48407653,-0.028287961,0.00024645835,-0.00063503083,0.50186387,0,0,0.027597149,-0.00065449869,0.1665105,55.955528,1099.5433,1200,1347.5523,nan,nan,3.1415927,1100,60,1723.3691,-807.17498,3.8180407,-11738.229,-0.87580356,-0.63942562,1.0663009,1347.5523,0,0,0,0,0
10.3,3412.677,2026.288,-1099.5631,-55.969781,3.8050614,-0.19698805,-0.0065445075,0.031060149,-3.1376559,0.0020801809,-0.0009068798,-0.0012306401,-0.028266999,0.0002420912,-0.00062418349,0.48764091,-0.028249823,0.00023852281,-0.00061532003,0.5051544,0,0,0.027537083,-0.00063433325,0.16655499,55.970467,1099.5631,1200,1357.4728,nan,nan,3.1415927,1100,60,1724.286,-808.18574,3.7031536,-11737.421,-0.84820668,-0.6233856,1.0329236,1357.4728,0,0,0,0,0
10.4,3407.0793,2026.6688,-1099.5827,-55.98557,3.8110032,-0.19535212,-0.0063433412,0.030967063,-3.1377766,0.0020150931,-0.00094081195,-0.0011924511,-0.028228159,0.00023429275,-0.00060481186,0.49114984,-0.02821041,0.00023083639,-0.00059622553,0.50838833,0,0,0.027474422,-0.00061479744,0.16660194,55.98623,1099.5827,1200,1367.239,nan,nan,3.1415927,1100,60,1725.2541,-809.2455,3.5918968,-11736.649,-0.82146705,-0.60750181,1.0005898,1367.239,0,0,0,0,0
10.5,3401.4799,2027.0502,-1099.6021,-56.002171,3.8167586,-0.19367497,-0.0061484579,0.030870672,-3.1378935,0.001952055,-0.00097386615,-0.0011554561,-0.028188058,0.00022673943,-0.00058604592,0.4946031,-0.028169746,0.00022339182,-0.00057772807,0.51156555,0,0,0.027409214,-0.00059587132,0.1666513,56.002805,1099.6021,1200,1376.8501,nan,nan,3.1415927,1100,60,1726.2725,-810.35347,3.4841476,-11735.91,-0.79556113,-0.59176861,0.96926823,1376.8501,0,0,0,0,0
10.6,3395.8789,2027.4321,-1099.6214,-56.019567,3.8223338,-0.19195859,-0.0059596598,0.030771062,-3.1380068,0.0018910027,-0.0010060512,-0.001119618,-0.02814672,0.00021942403,-0.00056786676,0.49800049,-0.028127857,0.00021618198,-0.00055980899,0.51468592,0,0,0.027341504,-0.0005775356,0.16670303,56.020178,1099.6214,1200,1386.3058,nan,nan,3.1415927,1100,60,1727.3404,-811.50879,3.3797877,-11735.204,-0.77046542,-0.57618097,0.93892813,1386.3058,0,0,0,0,0
10.7,3390.2761,2027.8146,-1099.6405,-56.037747,3.8277345,-0.19020486,-0.005776755,0.030668317,-3.1381165,0.0018318741,-0.0010373757,-0.0010849004,-0.028104171,0.00021233952,-0.00055025603,0.50134183,-0.028084768,0.00020919989,-0.00054245021,0.51774936,0,0,0.027271342,-0.0005597716,0.1667571,56.038334,1099.6405,1200,1395.6054,nan,nan,3.1415927,1100,60,1728.457,-812.71066,3.2787036,-11734.529,-0.7461566,-0.56073443,0.9095394,1395.6054,0,0,0,0,0
10.8,3384.6714,2028.1976,-1099.6595,-56.056695,3.8329664,-0.18841559,-0.0055995579,0.030562518,-3.1382229,0.001774609,-0.0010678479,-0.0010512684,-0.028060435,0.00020547903,-0.00053319594,0.50462693,-0.028040504,0.00020243875,-0.00052563418,0.52075577,0,0,0.027198775,-0.00054256128,0.16681346,56.057261,1099.6595,1200,1404.7484,nan,nan,3.1415927,1100,60,1729.6215,-813.95821,3.1807859,-11733.885,-0.72261158,-0.54542507,0.8810726,1404.7484,0,0,0,0,0
10.9,3379.0648,2028.5812,-1099.6782,-56.076399,3.8380347,-0.18659251,-0.0054278887,0.03045375,-3.1383259,0.0017191489,-0.0010974757,-0.0010186878,-0.028015539,0.00019883583,-0.00051666924,0.50785566,-0.027995091,0.00019589192,-0.0005093439,0.5237051,0,0,0.027123853,-0.00052588717,0.16687206,56.076943,1099.6782,1200,1413.7345,nan,nan,3.1415927,1100,60,1730.8331,-815.2506,3.0859292,-11733.27,-0.6998076,-0.53024946,0.85349901,1413.7345,0,0,0,0,0
11,3373.4562,2028.9652,-1099.6968,-56.096844,3.8429449,-0.18473727,-0.0052615731,0.030342093,-3.1384257,0.001665437,-0.0011262671,-0.00098712582,-0.027969508,0.00019240339,-0.00050065924,0.51102788,-0.027948556,0.00018955295,-0.00049356291,0.52659729,0,0,0.027046627,-0.00050973238,0.16693288,56.097368,1099.6968,1200,1422.5633,nan,nan,3.1415927,1100,60,1732.091,-816.58696,2.9940321,-11732.685,-0.67772229,-0.51520466,0.82679065,1422.5633,0,0,0,0,0
11.1,3367.8455,2029.3497,-1099.7152,-56.118016,3.8477018,-0.18285146,-0.0051004424,0.030227629,-3.1385224,0.0016134185,-0.0011542295,-0.00095655052,-0.02792237,0.00018617533,-0.00048514975,0.51414347,-0.027900925,0.00018341552,-0.00047827526,0.52943231,0,0,0.026967147,-0.00049408057,0.16699586,56.11852,1099.7152,1200,1431.2344,nan,nan,3.1415927,1100,60,1733.3944,-817.96645,2.9049968,-11732.127,-0.65633372,-0.50028817,0.80092034,1431.2344,0,0,0,0,0
11.2,3362.2327,2029.7347,-1099.7334,-56.139901,3.8523106,-0.18093661,-0.0049443333,0.030110438,-3.1386161,0.0015630398,-0.0011813704,-0.000926931,-0.027874151,0.00018014545,-0.00047012509,0.51720232,-0.027852226,0.00017747352,-0.0004634655,0.53221014,0,0,0.026885463,-0.00047891591,0.16706096,56.140387,1099.7334,1200,1439.7477,nan,nan,3.1415927,1100,60,1734.7423,-819.38819,2.8187293,-11731.596,-0.63562042,-0.4854979,0.77586167,1439.7477,0,0,0,0,0
11.3,3356.6176,2030.1202,-1099.7514,-56.162485,3.8567758,-0.17899418,-0.0047930875,0.029990601,-3.1387069,0.0015142494,-0.0012076973,-0.00089823731,-0.027824879,0.00017430771,-0.00045557008,0.52020436,-0.027802485,0.00017172097,-0.00044911866,0.53493077,0,0,0.026801629,-0.00046422312,0.16712815,56.162953,1099.7514,1200,1448.1027,nan,nan,3.1415927,1100,60,1736.1342,-820.85129,2.7351386,-11731.091,-0.61556145,-0.47083215,0.75158907,1448.1027,0,0,0,0,0
11.4,3351.0003,2030.506,-1099.7692,-56.185755,3.8611021,-0.17702557,-0.0046465518,0.029868196,-3.1387948,0.0014669971,-0.0012332172,-0.00087044048,-0.02777458,0.00016865623,-0.00044147002,0.52314952,-0.02775173,0.00016615208,-0.00043522024,0.53759422,0,0,0.026715695,-0.00044998737,0.16719738,56.186205,1099.7692,1200,1456.2994,nan,nan,3.1415927,1100,60,1737.569,-822.3549,2.6541371,-11730.612,-0.59613639,-0.45628956,0.72807772,1456.2994,0,0,0,0,0
11.5,3345.3806,2030.8924,-1099.7868,-56.209695,3.8652939,-0.17503214,-0.0045045779,0.029743302,-3.1388801,0.0014212345,-0.0012579373,-0.00084351243,-0.027723283,0.0001631853,-0.00042781066,0.52603774,-0.027699989,0.00016076121,-0.00042175621,0.54020051,0,0,0.026627714,-0.00043619432,0.1672686,56.210129,1099.7868,1200,1464.3376,nan,nan,3.1415927,1100,60,1739.046,-823.89811,2.5756404,-11730.158,-0.57732539,-0.44186912,0.70530363,1464.3376,0,0,0,0,0
11.6,3339.7584,2031.2791,-1099.8042,-56.234293,3.8693555,-0.17301519,-0.004367022,0.029615998,-3.1389626,0.0013769145,-0.0012818647,-0.00081742595,-0.027671014,0.00015788939,-0.0004145782,0.52886899,-0.027647289,0.00015554288,-0.00040871298,0.54274969,0,0,0.026537739,-0.00042283011,0.16734179,56.234711,1099.8042,1200,1472.2172,nan,nan,3.1415927,1100,60,1740.5643,-825.48006,2.499567,-11729.728,-0.55910913,-0.42757012,0.68324354,1472.2172,0,0,0,0,0
11.7,3334.1338,2031.6662,-1099.8214,-56.259533,3.8732911,-0.17097598,-0.004233745,0.029486361,-3.1390427,0.0013339915,-0.0013050064,-0.00079215471,-0.027617802,0.0001527631,-0.00040175929,0.53164325,-0.027593659,0.00015049179,-0.00039607736,0.54524181,0,0,0.026445822,-0.00040988129,0.16741688,56.259936,1099.8214,1200,1479.9382,nan,nan,3.1415927,1100,60,1742.1232,-827.09985,2.4258381,-11729.321,-0.54146889,-0.41339215,0.66187498,1479.9382,0,0,0,0,0
11.8,3328.5066,2032.0537,-1099.8384,-56.285402,3.8771047,-0.16891573,-0.0041046122,0.029354467,-3.1391202,0.0012924216,-0.0013273693,-0.0007676732,-0.027563674,0.00014780119,-0.00038934097,0.53436051,-0.027539125,0.00014560276,-0.0003838366,0.54767694,0,0,0.026352018,-0.00039733486,0.16749385,56.28579,1099.8384,1200,1487.5005,nan,nan,3.1415927,1100,60,1743.7219,-828.75659,2.3543777,-11728.937,-0.52438649,-0.39933504,0.64117621,1487.5005,0,0,0,0,0
11.9,3322.8768,2032.4416,-1099.8552,-56.311886,3.8808002,-0.16683561,-0.0039794931,0.029220393,-3.1391953,0.0012521619,-0.0013489603,-0.0007439567,-0.027508659,0.00014299859,-0.00037731072,0.53702078,-0.027483716,0.00014087077,-0.00037197835,0.55005517,0,0,0.026256378,-0.0003851782,0.16757265,56.312259,1099.8552,1200,1494.9042,nan,nan,3.1415927,1100,60,1745.3594,-830.44939,2.2851125,-11728.576,-0.5078443,-0.38539887,0.62112619,1494.9042,0,0,0,0,0
12,3317.2444,2032.8299,-1099.8718,-56.33897,3.8843813,-0.16473676,-0.0038582612,0.029084216,-3.1392681,0.0012131712,-0.0013697864,-0.00072098128,-0.027452784,0.00013835035,-0.00036565638,0.53962409,-0.027427461,0.00013629097,-0.00036049064,0.55237659,0,0,0.026158956,-0.00037339912,0.16765324,56.339329,1099.8718,1200,1502.1493,nan,nan,3.1415927,1100,60,1747.035,-832.17736,2.2179717,-11728.236,-0.49182527,-0.37158393,0.60170458,1502.1493,0,0,0,0,0
12.1,3311.6092,2033.2185,-1099.8882,-56.36664,3.8878517,-0.16262027,-0.0037407943,0.028946009,-3.1393386,0.0011754093,-0.0013898545,-0.00069872373,-0.027396078,0.0001338517,-0.0003543662,0.54217048,-0.027370386,0.00013185862,-0.00034936186,0.55464131,0,0,0.026059807,-0.0003619858,0.16773557,56.366986,1099.8882,1200,1509.236,nan,nan,3.1415927,1100,60,1748.7478,-833.9396,2.1528867,-11727.918,-0.47631286,-0.35789073,0.58289171,1509.236,0,0,0,0,0
12.2,3305.9712,2033.6074,-1099.9043,-56.394883,3.8912148,-0.16048721,-0.0036269739,0.028805847,-3.139407,0.0011388374,-0.0014091716,-0.00067716159,-0.027338568,0.00012949797,-0.00034342878,0.54465999,-0.027312521,0.00012756914,-0.00033858079,0.55684946,0,0,0.025958982,-0.0003509268,0.16781961,56.395216,1099.9043,1200,1516.1643,nan,nan,3.1415927,1100,60,1750.4971,-835.73524,2.0897914,-11727.621,-0.46129107,-0.34431993,0.56466855,1516.1643,0,0,0,0,0
12.3,3300.3303,2033.9967,-1099.9203,-56.423684,3.8944742,-0.15833863,-0.0035166851,0.028663804,-3.1394732,0.001103418,-0.0014277445,-0.00065627309,-0.027280283,0.00012528466,-0.00033283307,0.5470927,-0.027253892,0.00012341807,-0.00032813654,0.55900119,0,0,0.025856536,-0.00034021101,0.16790531,56.424005,1099.9203,1200,1522.9346,nan,nan,3.1415927,1100,60,1752.282,-837.56336,2.028622,-11727.344,-0.44674442,-0.33087238,0.54701667,1522.9346,0,0,0,0,0
12.4,3294.6865,2034.3863,-1099.936,-56.453029,3.8976331,-0.15617552,-0.0034098169,0.028519953,-3.1395374,0.0010691147,-0.0014455804,-0.00063603714,-0.027221249,0.00012120739,-0.00032256838,0.54946869,-0.027194529,0.00011940109,-0.00031801857,0.56109663,0,0,0.025752522,-0.0003298277,0.16799263,56.453338,1099.936,1200,1529.5469,nan,nan,3.1415927,1100,60,1754.1017,-839.42309,1.9693167,-11727.086,-0.43265792,-0.31754907,0.52991826,1529.5469,0,0,0,0,0
12.5,3289.0398,2034.7762,-1099.9515,-56.482905,3.9006947,-0.15399888,-0.0033062617,0.028374367,-3.1395996,0.0010358922,-0.0014626863,-0.00061643331,-0.027161496,0.0001172619,-0.00031262434,0.55178806,-0.027134458,0.00011551402,-0.00030821666,0.56313595,0,0,0.025646992,-0.00031976647,0.16808153,56.483202,1099.9515,1200,1536.0017,nan,nan,3.1415927,1100,60,1755.9554,-841.31354,1.9118157,-11726.848,-0.41901707,-0.30435109,0.51335607,1536.0017,0,0,0,0,0
12.6,3283.3901,2035.1664,-1099.9668,-56.513297,3.903662,-0.15180964,-0.0032059152,0.028227117,-3.1396599,0.0010037164,-0.0014790692,-0.0005974418,-0.027101051,0.00011344406,-0.00030299091,0.55405091,-0.027073707,0.00011175277,-0.0002987209,0.56511934,0,0,0.025540001,-0.00031001722,0.16817196,56.513583,1099.9668,1200,1542.2991,nan,nan,3.1415927,1100,60,1757.8422,-843.2338,1.8560616,-11726.63,-0.40580782,-0.29127968,0.49731341,1542.2991,0,0,0,0,0
12.7,3277.7373,2035.5569,-1099.9819,-56.54419,3.9065381,-0.14960875,-0.0031086765,0.028078275,-3.1397183,0.00097255417,-0.0014947363,-0.00057904342,-0.027039942,0.00010974989,-0.00029365836,0.55625738,-0.027012304,0.0001081134,-0.00028952171,0.56704698,0,0,0.0254316,-0.0003005702,0.16826389,56.544466,1099.9819,1200,1548.4396,nan,nan,3.1415927,1100,60,1759.7613,-845.18301,1.8019984,-11726.429,-0.3930166,-0.27833617,0.48177409,1548.4396,0,0,0,0,0
12.8,3272.0814,2035.9477,-1099.9967,-56.575573,3.9093259,-0.14739712,-0.0030144479,0.027927911,-3.1397749,0.00094237351,-0.0015096949,-0.00056121958,-0.026978195,0.00010617548,-0.00028461727,0.55840758,-0.026950277,0.00010459207,-0.00028060979,0.56891907,0,0,0.025321843,-0.00029141595,0.16835728,56.575837,1099.9967,1200,1554.4235,nan,nan,3.1415927,1100,60,1761.712,-847.16028,1.7495724,-11726.247,-0.38063024,-0.26552196,0.46672247,1554.4235,0,0,0,0,0
12.9,3266.4223,2036.3388,-1100.0114,-56.607429,3.9120281,-0.14517563,-0.0029231348,0.027776095,-3.1398298,0.0009131434,-0.0015239522,-0.00054395228,-0.026915839,0.00010271708,-0.00027585848,0.56050169,-0.026887652,0.00010118508,-0.00027197614,0.57073582,0,0,0.025210782,-0.00028254528,0.16845207,56.607684,1100.0114,1200,1560.2512,nan,nan,3.1415927,1100,60,1763.6933,-849.16472,1.6987314,-11726.083,-0.36863602,-0.25283852,0.45214337,1560.2512,0,0,0,0,0
13,3260.7601,2036.7301,-1100.0258,-56.639746,3.9146474,-0.14294514,-0.0028346455,0.027622896,-3.139883,0.00088483377,-0.0015375156,-0.00052722405,-0.0268529,9.9371014e-05,-0.00026737317,0.56253985,-0.026824457,9.7888802e-05,-0.00026361203,0.57249747,0,0,0.025098469,-0.00027394934,0.16854824,56.639991,1100.0258,1200,1565.9232,nan,nan,3.1415927,1100,60,1765.7045,-851.19547,1.6494251,-11725.937,-0.3570216,-0.24028741,0.43802208,1565.9232,0,0,0,0,0
13.1,3255.0945,2037.1217,-1100.04,-56.67251,3.9171865,-0.14070651,-0.0027488912,0.027468383,-3.1399345,0.00085741551,-0.0015503925,-0.00051101799,-0.026789406,9.6133744e-05,-0.00025915274,0.56452224,-0.026760719,9.4699745e-05,-0.000255509,0.57420424,0,0,0.024984955,-0.0002656195,0.16864574,56.672745,1100.04,1200,1571.44,nan,nan,3.1415927,1100,60,1767.7448,-853.25164,1.6016048,-11725.807,-0.34577507,-0.2278702,0.42434437,1571.44,0,0,0,0,0
13.2,3249.4257,2037.5135,-1100.0539,-56.705707,3.9196479,-0.13846057,-0.0026657861,0.027312623,-3.1399845,0.00083086042,-0.0015625905,-0.00049531772,-0.026725383,9.3001824e-05,-0.00025118888,0.56644905,-0.026696464,9.1614511e-05,-0.00024765886,0.57585639,0,0,0.024870292,-0.00025754745,0.16874452,56.705933,1100.0539,1200,1576.8021,nan,nan,3.1415927,1100,60,1769.8134,-855.33237,1.5552235,-11725.694,-0.33488485,-0.21558852,0.41109643,1576.8021,0,0,0,0,0
13.3,3243.7535,2037.9056,-1100.0677,-56.739323,3.9220341,-0.13620814,-0.0025852468,0.027155683,-3.1400329,0.0008051412,-0.0015741171,-0.00048010735,-0.026660858,8.9971913e-05,-0.00024347355,0.56832049,-0.026631718,8.8629804e-05,-0.00024005368,0.57745418,0,0,0.024754532,-0.0002497251,0.16884456,56.73954,1100.0677,1200,1582.01,nan,nan,3.1415927,1100,60,1771.9094,-857.43679,1.5102357,-11725.598,-0.32433974,-0.203444,0.39826486,1582.01,0,0,0,0,0
13.4,3238.078,2038.2979,-1100.0812,-56.773344,3.9243474,-0.13395001,-0.0025071929,0.02699763,-3.1400798,0.00078023136,-0.00158498,-0.00046537151,-0.026595858,8.7040771e-05,-0.00023599893,0.57013675,-0.026566509,8.5742428e-05,-0.00023268575,0.57899787,0,0,0.024637725,-0.00024214464,0.1689458,56.773553,1100.0812,1200,1587.0644,nan,nan,3.1415927,1100,60,1774.032,-859.56404,1.4665974,-11725.518,-0.31412891,-0.1914383,0.38583671,1587.0644,0,0,0,0,0
13.5,3232.399,2038.6904,-1100.0945,-56.807758,3.9265901,-0.13168697,-0.0024315463,0.026838529,-3.1401253,0.0007561053,-0.001595187,-0.00045109528,-0.026530407,8.4205253e-05,-0.00022875748,0.57189807,-0.026500862,8.2949283e-05,-0.00022554764,0.58048775,0,0,0.024519921,-0.00023479849,0.16904821,56.807958,1100.0945,1200,1591.9658,nan,nan,3.1415927,1100,60,1776.1805,-861.71327,1.4242661,-11725.453,-0.30424184,-0.17957309,0.37379939,1591.9658,0,0,0,0,0
13.6,3226.7166,2039.0832,-1100.1075,-56.84255,3.9287644,-0.12941978,-0.0023582313,0.026678445,-3.1401694,0.00073273818,-0.001604746,-0.00043726423,-0.026464533,8.1462311e-05,-0.00022174187,0.57360467,-0.026434802,8.0247361e-05,-0.00021863212,0.58192411,0,0,0.02440117,-0.00022767931,0.16915174,56.842742,1100.1075,1200,1596.715,nan,nan,3.1415927,1100,60,1778.354,-863.88362,1.3832007,-11725.404,-0.29466836,-0.16785003,0.3621407,1596.715,0,0,0,0,0
13.7,3221.0307,2039.4762,-1100.1204,-56.877707,3.9308725,-0.12714922,-0.0022871749,0.026517441,-3.1402121,0.00071010595,-0.0016136648,-0.00042386437,-0.02639826,7.8808987e-05,-0.00021494499,0.57525681,-0.026368356,7.7633745e-05,-0.00021193219,0.58330724,0,0,0.024281521,-0.00022078,0.16925636,56.877891,1100.1204,1200,1601.3126,nan,nan,3.1415927,1100,60,1780.5518,-866.07425,1.3433614,-11725.371,-0.28539859,-0.15627075,0.35084881,1601.3126,0,0,0,0,0
13.8,3215.3412,2039.8694,-1100.133,-56.913215,3.9329165,-0.12487601,-0.0022183061,0.026355582,-3.1402535,0.00068818533,-0.0016219514,-0.00041088214,-0.026331615,7.6242413e-05,-0.00020835997,0.57685475,-0.026301549,7.5105608e-05,-0.00020544107,0.58463747,0,0,0.024161024,-0.00021409366,0.16936203,56.913392,1100.133,1200,1605.7592,nan,nan,3.1415927,1100,60,1782.7729,-868.28433,1.3047099,-11725.352,-0.27642297,-0.14483689,0.33991228,1605.7592,0,0,0,0,0
13.9,3209.6482,2040.2628,-1100.1454,-56.949062,3.9348983,-0.12260089,-0.0021515565,0.02619293,-3.1402937,0.00066695376,-0.001629614,-0.00039830442,-0.026264622,7.3759808e-05,-0.00020198016,0.57839874,-0.026234404,7.2660206e-05,-0.00019915221,0.58591512,0,0,0.024039727,-0.00020761363,0.16946871,56.949231,1100.1454,1200,1610.0558,nan,nan,3.1415927,1100,60,1785.0168,-870.513,1.2672088,-11725.347,-0.26773223,-0.13355005,0.32931996,1610.0558,0,0,0,0,0
14,3203.9516,2040.6563,-1100.1575,-56.985234,3.93682,-0.12032459,-0.0020868594,0.026029546,-3.1403326,0.00064638938,-0.0016366608,-0.00038611847,-0.026197306,7.1358475e-05,-0.0001957991,0.57988908,-0.026166948,7.0294881e-05,-0.00019305923,0.5871405,0,0,0.023917678,-0.00020133346,0.16957635,56.985396,1100.1575,1200,1614.203,nan,nan,3.1415927,1100,60,1787.2824,-872.75946,1.2308224,-11725.358,-0.2593174,-0.12241177,0.31906109,1614.203,0,0,0,0,0
14.1,3198.2513,2041.0501,-1100.1694,-57.021717,3.9386833,-0.1180478,-0.0020241506,0.025865491,-3.1403703,0.00062647103,-0.0016431,-0.00037431198,-0.026129691,6.9035799e-05,-0.00018981054,0.58132604,-0.026099204,6.8007053e-05,-0.00018715599,0.58831398,0,0,0.023794924,-0.00019524688,0.16968492,57.021872,1100.1694,1200,1618.2017,nan,nan,3.1415927,1100,60,1789.5692,-875.02286,1.1955158,-11725.382,-0.25116977,-0.1114236,0.30912522,1618.2017,0,0,0,0,0
14.2,3192.5474,2041.4441,-1100.1811,-57.058499,3.9404902,-0.11577123,-0.0019633678,0.025700826,-3.1404069,0.00060717823,-0.0016489399,-0.00036287301,-0.026061802,6.6789246e-05,-0.00018400843,0.58270994,-0.026031197,6.5794224e-05,-0.00018143651,0.58943589,0,0,0.023671512,-0.00018934783,0.16979438,57.058648,1100.1811,1200,1622.0526,nan,nan,3.1415927,1100,60,1791.8761,-877.30241,1.1612554,-11725.42,-0.2432809,-0.10058699,0.2995022,1622.0526,0,0,0,0,0
14.3,3186.8398,2041.8382,-1100.1926,-57.095567,3.9422424,-0.11349557,-0.0019044506,0.025535609,-3.1404423,0.00058849111,-0.0016541889,-0.00035179,-0.025993662,6.4616357e-05,-0.00017838689,0.58404107,-0.025962949,6.365397e-05,-0.000175895,0.5905066,0,0,0.023547488,-0.00018363046,0.16990469,57.095709,1100.1926,1200,1625.7567,nan,nan,3.1415927,1100,60,1794.2026,-879.59728,1.1280088,-11725.471,-0.23564261,-0.08990338,0.29018222,1625.7567,0,0,0,0,0
14.4,3181.1285,2042.2325,-1100.2038,-57.132907,3.9439416,-0.11122148,-0.0018473407,0.025369899,-3.1404767,0.00057039046,-0.0016588556,-0.00034105174,-0.025925295,6.2514753e-05,-0.00017294025,0.58531976,-0.025894485,6.1583944e-05,-0.00017052587,0.59152647,0,0,0.023422898,-0.00017808906,0.17001581,57.133043,1100.2038,1200,1629.3149,nan,nan,3.1415927,1100,60,1796.5478,-881.90669,1.0957444,-11725.535,-0.22824698,-0.07937413,0.28115575,1629.3149,0,0,0,0,0
14.5,3175.4134,2042.627,-1100.2149,-57.170507,3.9455894,-0.10894964,-0.0017919815,0.025203753,-3.14051,0.00055285767,-0.0016629484,-0.00033064739,-0.025856724,6.0482123e-05,-0.000167663,0.58654634,-0.025825827,5.958187e-05,-0.0001653237,0.59249589,0,0,0.023297788,-0.00017271815,0.1701277,57.170637,1100.2149,1200,1632.728,nan,nan,3.1415927,1100,60,1798.9109,-884.22982,1.064432,-11725.613,-0.22108631,-0.069000545,0.27241356,1632.728,0,0,0,0,0
14.6,3169.6946,2043.0216,-1100.2256,-57.208355,3.9471875,-0.1066807,-0.0017383183,0.025037229,-3.1405423,0.00053587469,-0.0016664761,-0.00032056644,-0.025787973,5.8516232e-05,-0.00016254981,0.58772114,-0.025756999,5.7645543e-05,-0.00016028322,0.59341523,0,0,0.023172201,-0.00016751239,0.17024033,57.208479,1100.2256,1200,1635.997,nan,nan,3.1415927,1100,60,1801.2912,-886.5659,1.034042,-11725.703,-0.21415318,-0.058783866,0.26394669,1635.997,0,0,0,0,0
14.7,3163.9719,2043.4164,-1100.2362,-57.246436,3.9487374,-0.1044153,-0.0016862979,0.024870382,-3.1405736,0.00051942409,-0.0016694473,-0.00031079871,-0.025719062,5.6614913e-05,-0.00015759552,0.58884452,-0.025688022,5.5772826e-05,-0.00015539936,0.59428489,0,0,0.023046182,-0.00016246661,0.17035366,57.246554,1100.2362,1200,1639.1229,nan,nan,3.1415927,1100,60,1803.6879,-888.91414,1.0045461,-11725.806,-0.20744036,-0.048725261,0.25574648,1639.1229,0,0,0,0,0
14.8,3158.2455,2043.8113,-1100.2465,-57.28474,3.9502406,-0.10215409,-0.0016358691,0.024703267,-3.140604,0.00050348896,-0.0016718706,-0.00030133435,-0.025650016,5.4776063e-05,-0.00015279513,0.58991684,-0.025618918,5.3961649e-05,-0.00015066717,0.59510527,0,0,0.022919773,-0.00015757583,0.17046764,57.284852,1100.2465,1200,1642.1066,nan,nan,3.1415927,1100,60,1806.1002,-891.27378,0.97591663,-11725.92,-0.20094085,-0.03882583,0.24780451,1642.1066,0,0,0,0,0
14.9,3152.5152,2044.2064,-1100.2566,-57.323252,3.9516985,-0.099897688,-0.0015869821,0.024535938,-3.1406334,0.00048805292,-0.001673755,-0.0002921638,-0.025580854,5.2997651e-05,-0.0001481438,0.59093845,-0.02554971,5.2210007e-05,-0.0001460819,0.59587678,0,0,0.022793019,-0.00015283518,0.17058225,57.32336,1100.2566,1200,1644.9493,nan,nan,3.1415927,1100,60,1808.5274,-893.64403,0.94812708,-11726.047,-0.19464789,-0.029086593,0.24011264,1644.9493,0,0,0,0,0
15,3146.781,2044.6017,-1100.2665,-57.361962,3.9531126,-0.097646709,-0.0015395888,0.024368449,-3.1406619,0.00047310014,-0.0016751092,-0.00028327782,-0.0255116,5.1277704e-05,-0.00014363682,0.59190973,-0.025480419,5.0515957e-05,-0.00014163891,0.59659984,0,0,0.02266596,-0.00014824,0.17069745,57.362064,1100.2665,1200,1647.6518,nan,nan,3.1415927,1100,60,1810.9686,-896.02416,0.92115165,-11726.185,-0.1885549,-0.019508498,0.23266297,1647.6518,0,0,0,0,0
15.1,3141.043,2044.997,-1100.2762,-57.400855,3.9544842,-0.095401761,-0.0014936426,0.024200852,-3.1406896,0.00045861526,-0.0016759422,-0.00027466745,-0.025442274,4.9614313e-05,-0.00013926967,0.59283107,-0.025411065,4.8877617e-05,-0.00013733373,0.59727487,0,0,0.022538638,-0.00014378572,0.17081319,57.400953,1100.2762,1200,1650.2154,nan,nan,3.1415927,1100,60,1813.4233,-898.4134,0.89496543,-11726.334,-0.18265552,-0.010092407,0.22544784,1650.2154,0,0,0,0,0
15.2,3135.301,2045.3926,-1100.2856,-57.439922,3.9558147,-0.093163442,-0.0014490982,0.024033199,-3.1407164,0.00044458343,-0.0016762629,-0.00026632403,-0.025372897,4.800563e-05,-0.00013503795,0.59370286,-0.025341669,4.7293166e-05,-0.00013316202,0.5979023,0,0,0.022411094,-0.00013946797,0.17092945,57.440014,1100.2856,1200,1652.641,nan,nan,3.1415927,1100,60,1815.8905,-900.81101,0.86954429,-11726.495,-0.17694359,-0.00083910471,0.21845985,1652.641,0,0,0,0,0
15.3,3129.5552,2045.7882,-1100.2948,-57.479148,3.9571052,-0.090932339,-0.0014059121,0.02386554,-3.1407425,0.00043099026,-0.0016760803,-0.00025823916,-0.025303489,4.6449865e-05,-0.00013093738,0.59452549,-0.025272252,4.5760838e-05,-0.00012911958,0.59848257,0,0,0.022283368,-0.00013528247,0.17104618,57.479236,1100.2948,1200,1654.9299,nan,nan,3.1415927,1100,60,1818.3696,-903.21627,0.84486489,-11726.666,-0.17141313,0.00825071,0.2116918,1654.9299,0,0,0,0,0
15.4,3123.8054,2046.184,-1100.3038,-57.518523,3.9583571,-0.088709031,-0.0013640419,0.023697925,-3.1407677,0.00041782183,-0.0016754033,-0.0002504047,-0.02523407,4.4945283e-05,-0.00012696385,0.59529938,-0.025202833,4.4278926e-05,-0.00012520235,0.59901613,0,0,0.022155499,-0.00013122511,0.17116336,57.518607,1100.3038,1200,1657.083,nan,nan,3.1415927,1100,60,1820.8598,-905.62843,0.82090466,-11726.848,-0.16605835,0.017176422,0.20513674,1657.083,0,0,0,0,0
15.5,3118.0516,2046.5799,-1100.3126,-57.558034,3.9595716,-0.086494087,-0.0013234466,0.023530402,-3.1407921,0.00040506465,-0.0016742411,-0.00024281278,-0.025164661,4.3490205e-05,-0.00012311335,0.59602493,-0.025133431,4.2845774e-05,-0.00012140639,0.59950342,0,0,0.022027527,-0.00012729189,0.17128094,57.558113,1100.3126,1200,1659.1017,nan,nan,3.1415927,1100,60,1823.3604,-908.0468,0.79764173,-11727.04,-0.16087366,0.025937502,0.19878793,1659.1017,0,0,0,0,0
15.6,3112.294,2046.9759,-1100.3211,-57.59767,3.9607497,-0.084288064,-0.0012840866,0.023363021,-3.1408159,0.00039270567,-0.0016726026,-0.00023545577,-0.02509528,4.2083007e-05,-0.00011938203,0.59670257,-0.025064067,4.1459782e-05,-0.00011772788,0.59994491,0,0,0.021899488,-0.00012347894,0.17139889,57.597745,1100.3211,1200,1660.987,nan,nan,3.1415927,1100,60,1825.8707,-910.47065,0.77505496,-11727.243,-0.15585362,0.034533508,0.19263884,1660.987,0,0,0,0,0
15.7,3106.5323,2047.372,-1100.3295,-57.637419,3.9618927,-0.082091511,-0.0012459233,0.023195828,-3.1408389,0.00038073225,-0.0016704969,-0.00022832628,-0.025025947,4.0722115e-05,-0.00011576613,0.59733273,-0.024994759,4.0119398e-05,-0.00011416314,0.60034106,0,0,0.021771422,-0.00011978252,0.17151718,57.63749,1100.3295,1200,1662.7402,nan,nan,3.1415927,1100,60,1828.3899,-912.89929,0.75312385,-11727.455,-0.15099298,0.042964082,0.18668313,1662.7402,0,0,0,0,0
15.8,3100.7667,2047.7683,-1100.3376,-57.677269,3.9630015,-0.079904969,-0.0012089195,0.023028869,-3.1408612,0.00036913216,-0.0016679333,-0.00022141717,-0.024956679,3.9406005e-05,-0.00011226203,0.59791585,-0.024925525,3.8823122e-05,-0.00011070858,0.60069234,0,0,0.021643365,-0.000116199,0.17163577,57.677336,1100.3376,1200,1664.3624,nan,nan,3.1415927,1100,60,1830.9174,-915.33203,0.73182859,-11727.676,-0.14628663,0.051228956,0.18091468,1664.3624,0,0,0,0,0
15.9,3094.9971,2048.1646,-1100.3454,-57.717209,3.9640773,-0.077728966,-0.0011730394,0.022862189,-3.1408828,0.00035789356,-0.0016649207,-0.00021472151,-0.024887496,3.8133204e-05,-0.0001088662,0.59845237,-0.024856384,3.75695e-05,-0.00010736075,0.60099922,0,0,0.021515352,-0.00011272486,0.17175463,57.717272,1100.3454,1200,1665.855,nan,nan,3.1415927,1100,60,1833.4523,-917.76817,0.71115,-11727.907,-0.14172965,0.059327949,0.17532756,1665.855,0,0,0,0,0
16,3089.2234,2048.5611,-1100.3531,-57.757228,3.965121,-0.075564021,-0.0011382479,0.022695833,-3.1409038,0.00034700497,-0.0016614682,-0.00020823259,-0.024818415,3.6902283e-05,-0.00010557526,0.59894273,-0.024787353,3.6357128e-05,-0.00010411629,0.60126219,0,0,0.021387419,-0.00010935671,0.17187372,57.757287,1100.3531,1200,1667.2191,nan,nan,3.1415927,1100,60,1835.994,-920.20706,0.69106949,-11728.147,-0.13731727,0.067260963,0.16991601,1667.2191,0,0,0,0,0
16.1,3083.4458,2048.9576,-1100.3606,-57.797314,3.9661337,-0.073410644,-0.0011045112,0.022529844,-3.1409241,0.00033645531,-0.0016575851,-0.00020194392,-0.024749454,3.5711863e-05,-0.0001023859,0.59938739,-0.024718449,3.5184644e-05,-0.00010097196,0.60148174,0,0,0.021259601,-0.00010609124,0.17199301,57.79737,1100.3606,1200,1668.456,nan,nan,3.1415927,1100,60,1838.5419,-922.64801,0.67156908,-11728.396,-0.13304484,0.075027992,0.16467446,1668.456,0,0,0,0,0
16.2,3077.6642,2049.3543,-1100.3678,-57.837456,3.9671163,-0.071269333,-0.0010717967,0.022364265,-3.1409438,0.00032623382,-0.0016532804,-0.00019584921,-0.02468063,3.4560607e-05,-9.9294938e-05,0.59978682,-0.024649691,3.4050731e-05,-9.7924603e-05,0.60165835,0,0,0.021131933,-0.00010292528,0.17211247,57.837509,1100.3678,1200,1669.567,nan,nan,3.1415927,1100,60,1841.0951,-925.09038,0.65263135,-11728.653,-0.1289079,0.08262911,0.15959753,1669.567,0,0,0,0,0
16.3,3071.8785,2049.751,-1100.3748,-57.877644,3.9680697,-0.069140578,-0.0010400726,0.022199137,-3.140963,0.0003163301,-0.0016485632,-0.00018994237,-0.024611959,3.344722e-05,-9.6299279e-05,0.60014148,-0.024581093,3.2954116e-05,-9.4971185e-05,0.60179252,0,0,0.021004447,-9.9855714e-05,0.17223207,57.877694,1100.3748,1200,1670.5534,nan,nan,3.1415927,1100,60,1843.6531,-927.53351,0.63423943,-11728.919,-0.12490211,0.09006448,0.15467999,1670.5534,0,0,0,0,0
16.4,3066.0888,2050.1479,-1100.3817,-57.917866,3.9689948,-0.067024857,-0.0010093083,0.022034502,-3.1409815,0.00030673409,-0.0016434426,-0.00018421751,-0.024543459,3.2370453e-05,-9.3395935e-05,0.60045185,-0.024512673,3.1893565e-05,-9.2108756e-05,0.60188475,0,0,0.020877176,-9.6879567e-05,0.17235177,57.917913,1100.3817,1200,1671.4166,nan,nan,3.1415927,1100,60,1846.215,-929.97677,0.616377,-11729.192,-0.12102327,0.097334346,0.14991679,1671.4166,0,0,0,0,0
16.5,3060.2951,2050.5448,-1100.3883,-57.958113,3.9698925,-0.064922637,-0.00097947409,0.021870398,-3.1409995,0.00029743603,-0.0016379277,-0.00017866892,-0.024475145,3.1329093e-05,-9.0582008e-05,0.6007184,-0.024444446,3.0867886e-05,-8.9334461e-05,0.60193555,0,0,0.020750152,-9.3993936e-05,0.17247154,57.958157,1100.3883,1200,1672.1578,nan,nan,3.1415927,1100,60,1848.7804,-932.41953,0.59902824,-11729.473,-0.11726731,0.10443904,0.14530303,1672.1578,0,0,0,0,0
16.6,3054.4974,2050.9419,-1100.3946,-57.998372,3.9707636,-0.062834375,-0.00095054112,0.021706866,-3.141017,0.0002884265,-0.0016320276,-0.00017329107,-0.024407033,3.032197e-05,-8.7854695e-05,0.60094162,-0.024376428,2.9875924e-05,-8.6645537e-05,0.60194544,0,0,0.020623407,-9.1196013e-05,0.17259135,57.998414,1100.3946,1200,1672.7784,nan,nan,3.1415927,1100,60,1851.3484,-934.86116,0.58217782,-11729.762,-0.11363029,0.11137896,0.14083396,1672.7784,0,0,0,0,0
16.7,3048.6957,2051.339,-1100.4008,-58.038635,3.9716089,-0.060760519,-0.00092248157,0.021543942,-3.1410339,0.00027969636,-0.0016257512,-0.00016807861,-0.024339139,2.934795e-05,-8.5211279e-05,0.601122,-0.024308635,2.8916563e-05,-8.4039307e-05,0.60191491,0,0,0.020496972,-8.8483079e-05,0.17271116,58.038673,1100.4008,1200,1673.2798,nan,nan,3.1415927,1100,60,1853.9184,-937.30105,0.56581092,-11730.058,-0.11010842,0.11815461,0.13650499,1673.2798,0,0,0,0,0
16.8,3042.8899,2051.7362,-1100.4068,-58.078889,3.9724293,-0.058701504,-0.00089526844,0.021381664,-3.1410503,0.00027123678,-0.0016191076,-0.00016302636,-0.024271477,2.8405937e-05,-8.2649132e-05,0.60126004,-0.024241081,2.7988724e-05,-8.151318e-05,0.6018445,0,0,0.020370876,-8.5852502e-05,0.17283096,58.078926,1100.4068,1200,1673.6634,nan,nan,3.1415927,1100,60,1856.4897,-939.7386,0.54991315,-11730.361,-0.10669798,0.12476655,0.13231169,1673.6634,0,0,0,0,0
16.9,3037.0801,2052.1335,-1100.4126,-58.119127,3.9732254,-0.056657754,-0.00086887559,0.021220069,-3.1410663,0.00026303918,-0.0016121057,-0.00015812929,-0.024204062,2.749487e-05,-8.0165707e-05,0.60135623,-0.02417378,2.7091361e-05,-7.9064647e-05,0.60173473,0,0,0.020245149,-8.3301731e-05,0.1729507,58.11916,1100.4126,1200,1673.9304,nan,nan,3.1415927,1100,60,1859.0617,-942.17321,0.53447059,-11730.671,-0.10339543,0.13121543,0.12824974,1673.9304,0,0,0,0,0
17,3031.2663,2052.5308,-1100.4182,-58.159336,3.973998,-0.054629684,-0.00084327771,0.021059192,-3.1410817,0.0002550953,-0.0016047545,-0.00015338255,-0.024136909,2.6613724e-05,-7.7758538e-05,0.60141107,-0.024106748,2.6223464e-05,-7.6691277e-05,0.60158612,0,0,0.02011982,-8.0828296e-05,0.17307036,58.159367,1100.4182,1200,1674.0825,nan,nan,3.1415927,1100,60,1861.6338,-944.60431,0.51946976,-11730.988,-0.10019729,0.13750196,0.12431498,1674.0825,0,0,0,0,0
17.1,3025.4484,2052.9283,-1100.4235,-58.199508,3.9747479,-0.052617697,-0.00081845028,0.020899066,-3.1410967,0.00024739711,-0.0015970629,-0.00014878144,-0.024070031,2.5761505e-05,-7.5425238e-05,0.60142508,-0.024039997,2.5384056e-05,-7.4390719e-05,0.60139919,0,0,0.019994917,-7.8429804e-05,0.17318991,58.199537,1100.4235,1200,1674.1208,nan,nan,3.1415927,1100,60,1864.2053,-947.03131,0.50489759,-11731.31,-0.097100223,0.14362694,0.12050337,1674.1208,0,0,0,0,0
17.2,3019.6266,2053.3258,-1100.4287,-58.239632,3.9754756,-0.050622184,-0.00079436957,0.020739727,-3.1411113,0.00023993685,-0.0015890397,-0.00014432139,-0.024003442,2.4937255e-05,-7.3163496e-05,0.60139877,-0.023973541,2.4572191e-05,-7.2160694e-05,0.60117449,0,0,0.019870468,-7.610394e-05,0.17330931,58.239659,1100.4287,1200,1674.047,nan,nan,3.1415927,1100,60,1866.7756,-949.45364,0.49074141,-11731.639,-0.09410099,0.14959123,0.116811,1674.047,0,0,0,0,0
17.3,3013.8007,2053.7233,-1100.4337,-58.279699,3.976182,-0.048643525,-0.00077101258,0.020581205,-3.1411254,0.00023270701,-0.0015806936,-0.00013999799,-0.023937156,2.4140045e-05,-7.0971074e-05,0.60133265,-0.023907394,2.3786955e-05,-6.9998997e-05,0.60091255,0,0,0.019746498,-7.3848458e-05,0.17342855,58.279724,1100.4337,1200,1673.8624,nan,nan,3.1415927,1100,60,1869.344,-951.87076,0.47698895,-11731.973,-0.091196454,0.15539577,0.11323409,1673.8624,0,0,0,0,0
17.4,3007.9708,2054.121,-1100.4384,-58.319699,3.9768676,-0.046682089,-0.00074835704,0.020423534,-3.141139,0.00022570032,-0.0015720335,-0.00013580698,-0.023871186,2.3368978e-05,-6.8845803e-05,0.60122724,-0.023841568,2.3027465e-05,-6.7903491e-05,0.60061391,0,0,0.019623035,-7.1661185e-05,0.17354758,58.319722,1100.4384,1200,1673.5684,nan,nan,3.1415927,1100,60,1871.9099,-954.28211,0.46362832,-11732.313,-0.088383582,0.16104156,0.10976898,1673.5684,0,0,0,0,0
17.5,3002.137,2054.5187,-1100.443,-58.359623,3.977533,-0.044738235,-0.00072638137,0.020266745,-3.1411523,0.00021890973,-0.001563068,-0.00013174422,-0.023805543,2.2623186e-05,-6.6785585e-05,0.60108307,-0.023776076,2.2292864e-05,-6.5872108e-05,0.6002791,0,0,0.019500104,-6.9540016e-05,0.17366639,58.359644,1100.443,1200,1673.1666,nan,nan,3.1415927,1100,60,1874.4727,-956.68715,0.45064801,-11732.659,-0.085659436,0.16652966,0.10641213,1673.1666,0,0,0,0,0
17.6,2996.2991,2054.9165,-1100.4474,-58.399462,3.9781789,-0.042812308,-0.00070506469,0.020110866,-3.1411652,0.00021232843,-0.0015538058,-0.00012780569,-0.023740241,2.1901829e-05,-6.4788389e-05,0.60090067,-0.023710929,2.1582328e-05,-6.3902845e-05,0.59990868,0,0,0.019377729,-6.7482911e-05,0.17378495,58.399481,1100.4474,1200,1672.6583,nan,nan,3.1415927,1100,60,1877.0318,-959.08535,0.43803683,-11733.009,-0.083021173,0.1718612,0.10316009,1672.6583,0,0,0,0,0
17.7,2990.4573,2055.3144,-1100.4516,-58.439206,3.9788059,-0.040904643,-0.00068438675,0.019955928,-3.1411777,0.00020594983,-0.0015442553,-0.00012398753,-0.023675291,2.1204095e-05,-6.2852246e-05,0.60068056,-0.023646141,2.0895055e-05,-6.1993764e-05,0.59950318,0,0,0.019255936,-6.5487895e-05,0.17390322,58.439224,1100.4516,1200,1672.0452,nan,nan,3.1415927,1100,60,1879.5867,-961.47619,0.42578398,-11733.364,-0.080466042,0.17703738,0.10000956,1672.0452,0,0,0,0,0
17.8,2984.6115,2055.7123,-1100.4556,-58.478846,3.9794145,-0.039015564,-0.00066432797,0.019801959,-3.1411898,0.00019976754,-0.0015344251,-0.00012028597,-0.023610706,2.05292e-05,-6.097525e-05,0.60042328,-0.023581722,2.0230273e-05,-6.0142987e-05,0.59906316,0,0,0.019134747,-6.3553056e-05,0.17402119,58.478863,1100.4556,1200,1671.3285,nan,nan,3.1415927,1100,60,1882.1367,-963.85917,0.41387895,-11733.724,-0.077991381,0.18205942,0.096957297,1671.3285,0,0,0,0,0
17.9,2978.7617,2056.1102,-1100.4594,-58.518375,3.9800052,-0.037145381,-0.00064486934,0.019648986,-3.1412016,0.00019377538,-0.0015243236,-0.00011669739,-0.023546495,1.9876385e-05,-5.9155558e-05,0.60012936,-0.023517683,1.9587235e-05,-5.8348695e-05,0.59858917,0,0,0.019014186,-6.1676539e-05,0.17413882,58.51839,1100.4594,1200,1670.51,nan,nan,3.1415927,1100,60,1884.6811,-966.23377,0.40231159,-11734.088,-0.075594611,0.18692865,0.094000201,1670.51,0,0,0,0,0
18,2972.908,2056.5083,-1100.463,-58.557782,3.9805787,-0.035294395,-0.0006259925,0.019497037,-3.141213,0.00018796736,-0.0015139591,-0.00011321825,-0.023482672,1.9244916e-05,-5.7391382e-05,0.59979935,-0.023454035,1.8965218e-05,-5.6609127e-05,0.59808175,0,0,0.018894275,-5.985655e-05,0.17425609,58.557796,1100.463,1200,1669.5909,nan,nan,3.1415927,1100,60,1887.2196,-968.59951,0.39107202,-11734.456,-0.07327324,0.19164642,0.091135255,1669.5909,0,0,0,0,0
18.1,2967.0504,2056.9063,-1100.4665,-58.59706,3.9811355,-0.033462895,-0.00060767961,0.019346136,-3.141224,0.00018233771,-0.0015033399,-0.00010984516,-0.023419245,1.8634084e-05,-5.5680993e-05,0.59943379,-0.02339079,1.8363524e-05,-5.4922579e-05,0.59754146,0,0,0.018775037,-5.809135e-05,0.17437298,58.597072,1100.4665,1200,1668.573,nan,nan,3.1415927,1100,60,1889.7514,-970.9559,0.3801507,-11734.828,-0.071024852,0.19621413,0.088359537,1668.573,0,0,0,0,0
18.2,2961.1888,2057.3045,-1100.4697,-58.6362,3.981676,-0.031651156,-0.00058991343,0.01919631,-3.1412348,0.0001768808,-0.0014924742,-0.0001065748,-0.023356226,1.8043202e-05,-5.4022714e-05,0.59903321,-0.023327956,1.7781477e-05,-5.32874e-05,0.59696886,0,0,0.018656491,-5.6379255e-05,0.17448945,58.636211,1100.4697,1200,1667.4575,nan,nan,3.1415927,1100,60,1892.2761,-973.30247,0.36953835,-11735.204,-0.068847113,0.20063325,0.085670222,1667.4575,0,0,0,0,0
18.3,2955.3233,2057.7027,-1100.4728,-58.675193,3.9822007,-0.029859445,-0.00057267724,0.019047582,-3.1412452,0.00017159122,-0.0014813702,-0.00010340398,-0.023293625,1.7471608e-05,-5.2414925e-05,0.59859817,-0.023265545,1.7218424e-05,-5.1701991e-05,0.59636451,0,0,0.01853866,-5.4718633e-05,0.17460549,58.675203,1100.4728,1200,1666.2462,nan,nan,3.1415927,1100,60,1894.793,-975.63874,0.359226,-11735.584,-0.066737761,0.20490527,0.083064574,1666.2462,0,0,0,0,0
18.4,2949.4539,2058.1009,-1100.4757,-58.714032,3.9827101,-0.028088013,-0.00055595486,0.018899976,-3.1412553,0.0001664637,-0.0014700357,-0.00010032961,-0.023231451,1.6918661e-05,-5.0856053e-05,0.59812921,-0.023203566,1.6673733e-05,-5.0164804e-05,0.59572895,0,0,0.018421562,-5.3107904e-05,0.17472107,58.714041,1100.4757,1200,1664.9405,nan,nan,3.1415927,1100,60,1897.3017,-977.96428,0.34920493,-11735.966,-0.064694609,0.20903174,0.080539944,1664.9405,0,0,0,0,0
18.5,2943.5807,2058.4992,-1100.4784,-58.752708,3.9832047,-0.026337104,-0.0005397306,0.018753514,-3.1412651,0.00016149318,-0.0014584788,-9.7348679e-05,-0.023169714,1.638374e-05,-4.9344579e-05,0.59762688,-0.023142028,1.6146795e-05,-4.867434e-05,0.59506275,0,0,0.018305218,-5.1545536e-05,0.17483617,58.752717,1100.4784,1200,1663.5419,nan,nan,3.1415927,1100,60,1899.8016,-980.27861,0.3394667,-11736.352,-0.062715539,0.21301426,0.078093769,1663.5419,0,0,0,0,0
18.6,2937.7036,2058.8976,-1100.481,-58.791214,3.9836848,-0.024606948,-0.00052398926,0.018608218,-3.1412747,0.00015667471,-0.0014467074,-9.4458293e-05,-0.023108424,1.5866248e-05,-4.7879028e-05,0.59709174,-0.02308094,1.563702e-05,-4.7229146e-05,0.59436646,0,0,0.018189647,-5.0030047e-05,0.17495075,58.791222,1100.481,1200,1662.052,nan,nan,3.1415927,1100,60,1902.2921,-982.58132,0.33000311,-11736.74,-0.060798502,0.21685446,0.075723565,1662.052,0,0,0,0,0
18.7,2931.8227,2059.2959,-1100.4834,-58.829543,3.984151,-0.022897762,-0.00050871612,0.01846411,-3.1412839,0.00015200354,-0.0014347291,-9.1655637e-05,-0.023047588,1.5365604e-05,-4.6457975e-05,0.59652433,-0.023020311,1.5143837e-05,-4.5827819e-05,0.59364065,0,0,0.018074866,-4.856e-05,0.17506481,58.829549,1100.4834,1200,1660.4723,nan,nan,3.1415927,1100,60,1904.7727,-984.87197,0.32080622,-11737.131,-0.058941516,0.22055399,0.073426931,1660.4723,0,0,0,0,0
18.8,2925.9379,2059.6944,-1100.4856,-58.867685,3.9846037,-0.021209755,-0.00049389693,0.018321209,-3.1412929,0.00014747506,-0.0014225517,-8.8937989e-05,-0.022987217,1.4881249e-05,-4.5080038e-05,0.59592521,-0.02296015,1.4666695e-05,-4.4468995e-05,0.59288588,0,0,0.017960893,-4.7134003e-05,0.17517832,58.867691,1100.4856,1200,1658.8044,nan,nan,3.1415927,1100,60,1907.243,-987.15014,0.31186833,-11737.525,-0.057142662,0.22411456,0.07120154,1658.8044,0,0,0,0,0
18.9,2920.0493,2060.0929,-1100.4876,-58.905635,3.9850432,-0.019543121,-0.00047951788,0.018179536,-3.1413016,0.00014308479,-0.0014101827,-8.6302713e-05,-0.022927317,1.4412642e-05,-4.3743879e-05,0.59529494,-0.022900464,1.4205062e-05,-4.3151356e-05,0.59210271,0,0,0.017847746,-4.5750707e-05,0.17529125,58.90564,1100.4876,1200,1657.0497,nan,nan,3.1415927,1100,60,1909.7024,-989.41541,0.30318196,-11737.92,-0.055400082,0.2275379,0.069045139,1657.0497,0,0,0,0,0
19,2914.157,2060.4914,-1100.4895,-58.943384,3.98547,-0.017898044,-0.00046556557,0.018039109,-3.14131,0.00013882842,-0.0013976296,-8.3747254e-05,-0.022867898,1.395926e-05,-4.2448204e-05,0.59463408,-0.022841262,1.3758421e-05,-4.1873627e-05,0.59129169,0,0,0.017735442,-4.4408807e-05,0.17540359,58.943389,1100.4895,1200,1655.2099,nan,nan,3.1415927,1100,60,1912.1504,-991.66739,0.29473987,-11738.318,-0.05371198,0.23082578,0.06695555,1655.2099,0,0,0,0,0
19.1,2908.2608,2060.89,-1100.4912,-58.980926,3.9858844,-0.016274699,-0.00045202704,0.017899945,-3.1413182,0.00013470176,-0.0013848997,-8.1269141e-05,-0.022808966,1.3520597e-05,-4.1191757e-05,0.59394317,-0.022782552,1.3326276e-05,-4.063457e-05,0.59045338,0,0,0.017623996,-4.3107036e-05,0.17551531,58.98093,1100.4912,1200,1653.2865,nan,nan,3.1415927,1100,60,1914.5866,-993.90569,0.28653502,-11738.717,-0.052076618,0.23398,0.064930662,1653.2865,0,0,0,0,0
19.2,2902.361,2061.2886,-1100.4927,-59.018253,3.9862868,-0.014673244,-0.00043888972,0.017762063,-3.1413261,0.00013070075,-0.0013720005,-7.8865978e-05,-0.02275053,1.3096164e-05,-3.9973323e-05,0.59322277,-0.022724341,1.2908145e-05,-3.9432989e-05,0.58958836,0,0,0.017513424,-4.1844169e-05,0.17562639,59.018257,1100.4927,1200,1651.2811,nan,nan,3.1415927,1100,60,1917.0104,-996.12991,0.2785606,-11739.118,-0.050492312,0.23700235,0.062968433,1651.2811,0,0,0,0,0
19.3,2896.4574,2061.6872,-1100.4941,-59.05536,3.9866775,-0.013093832,-0.00042614145,0.017625479,-3.1413339,0.00012682148,-0.0013589389,-7.6535447e-05,-0.022692596,1.268549e-05,-3.8791727e-05,0.59247345,-0.022666635,1.2503564e-05,-3.8267723e-05,0.58869717,0,0,0.017403741,-4.0619018e-05,0.17573681,59.055363,1100.4941,1200,1649.1952,nan,nan,3.1415927,1100,60,1919.4214,-998.33969,0.27080998,-11739.52,-0.048957433,0.2398947,0.061066883,1649.1952,0,0,0,0,0
19.4,2890.5501,2062.0859,-1100.4954,-59.092238,3.987057,-0.011536601,-0.00041377044,0.017490208,-3.1413414,0.00012306015,-0.0013457222,-7.4275301e-05,-0.022635173,1.2288118e-05,-3.7645829e-05,0.59169577,-0.022609442,1.2112082e-05,-3.7137651e-05,0.58778038,0,0,0.017294963,-3.9430432e-05,0.17584655,59.09224,1100.4954,1200,1647.0303,nan,nan,3.1415927,1100,60,1921.8192,-1000.5347,0.26327676,-11739.923,-0.047470407,0.24265889,0.0592241,1647.0303,0,0,0,0,0
19.5,2884.6391,2062.4846,-1100.4965,-59.128882,3.9874254,-0.010001679,-0.00040176524,0.017356266,-3.1413486,0.00011941308,-0.0013323573,-7.2083367e-05,-0.022578266,1.1903606e-05,-3.6534525e-05,0.59089027,-0.022552769,1.1733265e-05,-3.6041683e-05,0.58683854,0,0,0.017187102,-3.8277296e-05,0.1759556,59.128884,1100.4965,1200,1644.788,nan,nan,3.1415927,1100,60,1924.2032,-1002.7144,0.25595469,-11740.328,-0.046029708,0.24529682,0.05743823,1644.788,0,0,0,0,0
19.6,2878.7245,2062.8834,-1100.4974,-59.165284,3.9877833,-0.0084891824,-0.0003901148,0.017223668,-3.1413557,0.00011587671,-0.001318851,-6.9957536e-05,-0.022521881,1.1531528e-05,-3.5456747e-05,0.59005753,-0.022496621,1.1366693e-05,-3.4978768e-05,0.58587222,0,0,0.017080173,-3.7158529e-05,0.17606393,59.165286,1100.4974,1200,1642.4699,nan,nan,3.1415927,1100,60,1926.573,-1004.8787,0.24883775,-11740.733,-0.044633861,0.24781038,0.055707479,1642.4699,0,0,0,0,0
19.7,2872.8063,2063.2822,-1100.4982,-59.20144,3.9881308,-0.0069992182,-0.00037880838,0.017092427,-3.1413625,0.00011244759,-0.0013052102,-6.7895769e-05,-0.022466026,1.1171472e-05,-3.4411459e-05,0.58919809,-0.022441005,1.1011961e-05,-3.3947884e-05,0.58488197,0,0,0.016974188,-3.6073086e-05,0.17617152,59.201442,1100.4982,1200,1640.0775,nan,nan,3.1415927,1100,60,1928.9282,-1007.0271,0.24192006,-11741.139,-0.043281438,0.25020148,0.054030111,1640.0775,0,0,0,0,0
19.8,2866.8844,2063.681,-1100.4988,-59.237342,3.9884683,-0.0055318815,-0.00036783559,0.016962557,-3.1413692,0.0001091224,-0.0012914414,-6.589609e-05,-0.022410706,1.082304e-05,-3.339766e-05,0.58831252,-0.022385927,1.0668676e-05,-3.2948045e-05,0.58386835,0,0,0.01686916,-3.5019951e-05,0.17627836,59.237344,1100.4988,1200,1637.6124,nan,nan,3.1415927,1100,60,1931.2683,-1009.1594,0.23519594,-11741.545,-0.041971057,0.25247205,0.052404443,1637.6124,0,0,0,0,0
19.9,2860.959,2064.0799,-1100.4993,-59.272985,3.988796,-0.0040872571,-0.00035718635,0.016834069,-3.1413756,0.00010589789,-0.0012775513,-6.3956585e-05,-0.022355927,1.0485846e-05,-3.2414378e-05,0.58740137,-0.022331393,1.0336459e-05,-3.1978293e-05,0.58283191,0,0,0.016765102,-3.3998143e-05,0.17638443,59.272987,1100.4993,1200,1635.076,nan,nan,3.1415927,1100,60,1933.593,-1011.2751,0.22865987,-11741.952,-0.04070138,0.25462403,0.050828849,1635.076,0,0,0,0,0
20,2855.03,2064.4788,-1100.4996,-59.308363,3.9891143,-0.0026654196,-0.0003468509,0.016706976,-3.1413819,0.00010277094,-0.0012635463,-6.2075402e-05,-0.022301694,1.0159519e-05,-3.1460673e-05,0.58646521,-0.022277407,1.0014943e-05,-3.1037701e-05,0.58177321,0,0,0.016662024,-3.3006709e-05,0.1764897,59.308364,1100.4996,1200,1632.4701,nan,nan,3.1415927,1100,60,1935.9018,-1013.3739,0.22230648,-11742.358,-0.039471114,0.25665937,0.049301754,1632.4701,0,0,0,0,0
20.1,2849.0975,2064.8777,-1100.4998,-59.343471,3.9894235,-0.0012664327,-0.00033681979,0.016581289,-3.141388,9.9738528e-05,-0.0012494327,-6.0250744e-05,-0.022248013,9.8436978e-06,-3.0535635e-05,0.58550458,-0.022223975,9.7037755e-06,-3.0125372e-05,0.58069279,0,0,0.016559938,-3.2044727e-05,0.17659418,59.343471,1100.4998,1200,1629.7961,nan,nan,3.1415927,1100,60,1938.1943,-1015.4557,0.21613058,-11742.765,-0.038279007,0.25858003,0.047821631,1629.7961,0,0,0,0,0
20.2,2843.1615,2065.2766,-1100.4999,-59.378301,3.9897237,0.00010964955,-0.00032708383,0.016457018,-3.1413939,9.6797716e-05,-0.0012352168,-5.8480873e-05,-0.022194888,9.5380362e-06,-2.9638382e-05,0.58452004,-0.022171101,9.402613e-06,-2.9240437e-05,0.57959122,0,0,0.016458856,-3.1111303e-05,0.17669783,59.378302,1100.4999,1200,1627.0556,nan,nan,3.1415927,1100,60,1940.4702,-1017.52,0.21012712,-11743.172,-0.037123846,0.26038796,0.046387004,1627.0556,0,0,0,0,0
20.3,2837.222,2065.6756,-1100.4998,-59.41285,3.9900153,0.0014627835,-0.00031763416,0.016334174,-3.1413996,9.3945665e-05,-0.0012209048,-5.6764106e-05,-0.022142325,9.242198e-06,-2.8768058e-05,0.58351215,-0.022118792,9.1111251e-06,-2.8382053e-05,0.57846903,0,0,0.016358786,-3.020557e-05,0.17680064,59.412851,1100.4998,1200,1624.25,nan,nan,3.1415927,1100,60,1942.7289,-1019.5666,0.20429121,-11743.578,-0.036004459,0.26208513,0.044996445,1624.25,0,0,0,0,0
20.4,2831.2791,2066.0746,-1100.4996,-59.447112,3.9902986,0.0027929354,-0.00030846216,0.016212765,-3.1414052,9.1179627e-05,-0.0012065025,-5.509881e-05,-0.022090327,8.9558586e-06,-2.7923837e-05,0.58248146,-0.02206705,8.8289922e-06,-2.7549405e-05,0.57732678,0,0,0.016259738,-2.9326689e-05,0.17690259,59.447113,1100.4996,1200,1621.3811,nan,nan,3.1415927,1100,60,1944.9703,-1021.5952,0.19861808,-11743.983,-0.034919712,0.26367352,0.043648569,1621.3811,0,0,0,0,0
20.5,2825.3328,2066.4737,-1100.4992,-59.481082,3.9905737,0.0041000809,-0.00029955948,0.0160928,-3.1414105,8.849694e-05,-0.001192016,-5.3483406e-05,-0.0220389,8.6787041e-06,-2.7104917e-05,0.58142852,-0.022015881,8.5559053e-06,-2.6741703e-05,0.57616501,0,0,0.016161723,-2.8473847e-05,0.17700368,59.481083,1100.4992,1200,1618.4502,nan,nan,3.1415927,1100,60,1947.1938,-1023.6055,0.19310312,-11744.388,-0.033868506,0.26515508,0.042342037,1618.4502,0,0,0,0,0
20.6,2819.3831,2066.8728,-1100.4988,-59.514755,3.9908409,0.0053842057,-0.00029091803,0.015974288,-3.1414158,8.5895027e-05,-0.001177451,-5.1916364e-05,-0.021988048,8.4104314e-06,-2.6310523e-05,0.58035389,-0.021965287,8.291566e-06,-2.5958182e-05,0.57498427,0,0,0.01606475,-2.7646255e-05,0.17710388,59.514756,1100.4988,1200,1615.4589,nan,nan,3.1415927,1100,60,1949.3992,-1025.5973,0.18774186,-11744.792,-0.032849779,0.26653178,0.041075551,1615.4589,0,0,0,0,0
20.7,2813.43,2067.2719,-1100.4982,-59.548126,3.9911005,0.0066453047,-0.00028252999,0.015857237,-3.1414209,8.3371393e-05,-0.0011628132,-5.03962e-05,-0.021937773,8.1507474e-06,-2.5539901e-05,0.5792581,-0.021915274,8.0356858e-06,-2.51981e-05,0.57378509,0,0,0.015968825,-2.6843151e-05,0.17720319,59.548127,1100.4982,1200,1612.4088,nan,nan,3.1415927,1100,60,1951.586,-1027.5703,0.18252994,-11745.195,-0.031862501,0.2678056,0.039847857,1612.4088,0,0,0,0,0
20.8,2807.4736,2067.671,-1100.4975,-59.58119,3.9913526,0.0078833819,-0.00027438775,0.015741652,-3.1414258,8.092362e-05,-0.0011481082,-4.892148e-05,-0.021888081,7.899369e-06,-2.4792323e-05,0.57814172,-0.021865845,7.7879857e-06,-2.446074e-05,0.57256802,0,0,0.015873959,-2.6063793e-05,0.17730158,59.581191,1100.4975,1200,1609.3013,nan,nan,3.1415927,1100,60,1953.754,-1029.5243,0.17746315,-11745.597,-0.030905678,0.26897849,0.038657739,1609.3013,0,0,0,0,0
20.9,2801.5139,2068.0701,-1100.4966,-59.613943,3.9915975,0.0090984507,-0.00026648395,0.015627541,-3.1414306,7.8549369e-05,-0.0011333416,-4.7490812e-05,-0.021838975,7.6560225e-06,-2.4067084e-05,0.57700528,-0.021817002,7.5481964e-06,-2.3745406e-05,0.57133359,0,0,0.015780157,-2.5307464e-05,0.17739904,59.613944,1100.4966,1200,1606.138,nan,nan,3.1415927,1100,60,1955.9028,-1031.4589,0.17253737,-11745.998,-0.029978347,0.27005241,0.03750402,1606.138,0,0,0,0,0
21,2795.551,2068.4693,-1100.4956,-59.64638,3.9918354,0.010290533,-0.00025881145,0.015514909,-3.1414353,7.6246372e-05,-0.0011185186,-4.6102849e-05,-0.021790457,7.4204434e-06,-2.3363501e-05,0.57584933,-0.02176875,7.3160573e-06,-2.3051425e-05,0.57008234,0,0,0.015687429,-2.4573469e-05,0.17749557,59.646382,1100.4956,1200,1602.9205,nan,nan,3.1415927,1100,60,1958.0321,-1033.3741,0.16774864,-11746.398,-0.029079575,0.27102932,0.036385561,1602.9205,0,0,0,0,0
21.1,2789.5848,2068.8685,-1100.4946,-59.678498,3.9920664,0.01145966,-0.00025136334,0.015403762,-3.1414398,7.4012436e-05,-0.0011036445,-4.4756286e-05,-0.021742531,7.1923761e-06,-2.2680911e-05,0.57467441,-0.021721092,7.0913168e-06,-2.2378143e-05,0.56881479,0,0,0.01559578,-2.3861135e-05,0.17759114,59.678499,1100.4946,1200,1599.6501,nan,nan,3.1415927,1100,60,1960.1415,-1035.2696,0.16309308,-11746.796,-0.02820846,0.27191114,0.035301259,1599.6501,0,0,0,0,0
21.2,2783.6155,2069.2677,-1100.4934,-59.710291,3.9922909,0.012605871,-0.0002441329,0.015294105,-3.1414442,7.1845435e-05,-0.0010887246,-4.3449858e-05,-0.0216952,6.9715735e-06,-2.2018673e-05,0.57348107,-0.021674029,6.8737317e-06,-2.1724929e-05,0.56753148,0,0,0.015505217,-2.3169808e-05,0.17768575,59.710293,1100.4934,1200,1596.3285,nan,nan,3.1415927,1100,60,1962.2309,-1037.1451,0.15856695,-11747.192,-0.02736413,0.27269983,0.034250047,1596.3285,0,0,0,0,0
21.3,2777.6429,2069.6669,-1100.492,-59.741757,3.992509,0.013729213,-0.00023711364,0.015185942,-3.1414484,6.9743311e-05,-0.0010737638,-4.218234e-05,-0.021648467,6.7577969e-06,-2.1376165e-05,0.57226983,-0.021627565,6.6630669e-06,-2.109117e-05,0.56623293,0,0,0.015415746,-2.2498855e-05,0.17777938,59.741759,1100.492,1200,1592.957,nan,nan,3.1415927,1100,60,1964.2997,-1039.0004,0.1541666,-11747.587,-0.026545739,0.27339729,0.03323089,1592.957,0,0,0,0,0
21.4,2771.6673,2070.0662,-1100.4906,-59.77289,3.9927208,0.014829743,-0.00023029926,0.015079276,-3.1414526,6.7704071e-05,-0.0010587671,-4.0952545e-05,-0.021602334,6.5508155e-06,-2.0752786e-05,0.57104123,-0.021581702,6.4590951e-06,-2.0476273e-05,0.56491967,0,0,0.015327373,-2.1847664e-05,0.17787203,59.772892,1100.4906,1200,1589.5373,nan,nan,3.1415927,1100,60,1966.3479,-1040.8354,0.1498885,-11747.979,-0.02575247,0.27400545,0.032242789,1589.5373,0,0,0,0,0
21.5,2765.6885,2070.4655,-1100.4891,-59.803688,3.9929266,0.015907524,-0.00022368365,0.014974112,-3.1414566,6.5725783e-05,-0.0010437394,-3.9759325e-05,-0.021556803,6.3504063e-06,-2.0147953e-05,0.5697958,-0.021536443,6.2615968e-06,-1.9879663e-05,0.56359221,0,0,0.015240104,-2.1215639e-05,0.17796367,59.803691,1100.4891,1200,1586.0707,nan,nan,3.1415927,1100,60,1968.375,-1042.6498,0.1457292,-11748.37,-0.024983531,0.2745262,0.031284773,1586.0707,0,0,0,0,0
21.6,2759.7067,2070.8648,-1100.4874,-59.834147,3.9931265,0.016962627,-0.00021726089,0.014870452,-3.1414605,6.3806579e-05,-0.0010286853,-3.8601565e-05,-0.021511877,6.1563539e-06,-1.95611e-05,0.56853409,-0.021491789,6.0703598e-06,-1.9300783e-05,0.56225107,0,0,0.015153942,-2.0602205e-05,0.17805431,59.83415,1100.4874,1200,1582.5588,nan,nan,3.1415927,1100,60,1970.3809,-1044.4435,0.14168537,-11748.759,-0.024238157,0.27496142,0.030355904,1582.5588,0,0,0,0,0
21.7,2753.7219,2071.2641,-1100.4857,-59.864263,3.9933208,0.017995133,-0.00021102523,0.014768299,-3.1414643,6.1944648e-05,-0.0010136096,-3.7478187e-05,-0.021467557,5.9684498e-06,-1.899168e-05,0.5672566,-0.021447743,5.885179e-06,-1.8739094e-05,0.56089677,0,0,0.015068894,-2.0006804e-05,0.17814393,59.864266,1100.4857,1200,1579.003,nan,nan,3.1415927,1100,60,1972.3653,-1046.2164,0.13775378,-11749.145,-0.023515606,0.275313,0.029455276,1579.003,0,0,0,0,0
21.8,2747.734,2071.6635,-1100.4838,-59.894033,3.9935095,0.019005127,-0.00020497112,0.014667654,-3.1414679,6.0138235e-05,-0.00099851674,-3.6388145e-05,-0.021423846,5.7864928e-06,-1.8439164e-05,0.56596387,-0.021404306,5.7058561e-06,-1.8194072e-05,0.55952981,0,0,0.014984963,-1.9428893e-05,0.17823251,59.894036,1100.4838,1200,1575.4048,nan,nan,3.1415927,1100,60,1974.3278,-1047.9681,0.13393126,-11749.53,-0.02281516,0.27558278,0.028582007,1575.4048,0,0,0,0,0
21.9,2741.7432,2072.0628,-1100.4819,-59.923454,3.9936928,0.019992703,-0.00019909315,0.014568519,-3.1414715,5.8385642e-05,-0.00098341118,-3.5330425e-05,-0.021380744,5.6102883e-06,-1.7903036e-05,0.56465642,-0.021361479,5.5321996e-06,-1.7665213e-05,0.5581507,0,0,0.014902153,-1.8867948e-05,0.17832006,59.923458,1100.4819,1200,1571.7656,nan,nan,3.1415927,1100,60,1976.2684,-1049.6986,0.13021478,-11749.912,-0.022136126,0.27577261,0.027735246,1571.7656,0,0,0,0,0
22,2735.7495,2072.4622,-1100.4799,-59.952523,3.9938709,0.020957962,-0.00019338609,0.014470895,-3.141475,5.6685223e-05,-0.00096829724,-3.4304048e-05,-0.021338254,5.4396483e-06,-1.7382801e-05,0.56333476,-0.021319264,5.3640242e-06,-1.7152024e-05,0.55675995,0,0,0.014820468,-1.8323461e-05,0.17840656,59.952527,1100.4799,1200,1568.0869,nan,nan,3.1415927,1100,60,1978.1866,-1051.4077,0.12660135,-11750.291,-0.021477831,0.2758843,0.02691417,1568.0869,0,0,0,0,0
22.1,2729.7529,2072.8616,-1100.4777,-59.981237,3.9940439,0.02190101,-0.00018784488,0.014374783,-3.1414783,5.5035385e-05,-0.00095317917,-3.3308062e-05,-0.021296377,5.274391e-06,-1.6877974e-05,0.56199942,-0.021277663,5.2011512e-06,-1.6654031e-05,0.55535806,0,0,0.014739911,-1.7794938e-05,0.178492,59.981241,1100.4777,1200,1564.3701,nan,nan,3.1415927,1100,60,1980.0824,-1053.0953,0.12308809,-11750.668,-0.020839625,0.27591967,0.026117979,1564.3701,0,0,0,0,0
22.2,2723.7534,2073.261,-1100.4755,-60.009592,3.994212,0.022821963,-0.0001824646,0.014280182,-3.1414816,5.3434584e-05,-0.00093806111,-3.2341545e-05,-0.021255113,5.1143407e-06,-1.638809e-05,0.56065089,-0.021236676,5.0434073e-06,-1.6170773e-05,0.55394551,0,0,0.014660485,-1.7281902e-05,0.17857638,60.009597,1100.4755,1200,1560.6166,nan,nan,3.1415927,1100,60,1981.9554,-1054.7612,0.11967221,-11751.042,-0.020220878,0.2758805,0.025345901,1560.6166,0,0,0,0,0
22.3,2717.7511,2073.6604,-1100.4732,-60.037587,3.9943753,0.02372094,-0.00017724047,0.014187094,-3.1414848,5.1881325e-05,-0.00092294708,-3.1403606e-05,-0.021214464,4.9593277e-06,-1.5912695e-05,0.55928971,-0.021196304,4.8906255e-06,-1.5701803e-05,0.55252281,0,0,0.014582192,-1.678389e-05,0.17865968,60.037592,1100.4732,1200,1556.8279,nan,nan,3.1415927,1100,60,1983.8055,-1056.4054,0.11635098,-11751.414,-0.01962098,0.27576856,0.024597187,1556.8279,0,0,0,0,0
22.4,2711.746,2074.0599,-1100.4707,-60.06522,3.994534,0.024598068,-0.00017216787,0.014095516,-3.1414879,5.0374158e-05,-0.00090784104,-3.0493379e-05,-0.021174431,4.8091878e-06,-1.5451351e-05,0.55791636,-0.021156548,4.7426442e-06,-1.524669e-05,0.55109044,0,0,0.014505036,-1.6300452e-05,0.17874191,60.065225,1100.4707,1200,1553.0053,nan,nan,3.1415927,1100,60,1985.6325,-1058.0275,0.11312175,-11751.782,-0.019039342,0.27558559,0.023871113,1553.0053,0,0,0,0,0
22.5,2705.7382,2074.4593,-1100.4682,-60.092486,3.9946882,0.025453479,-0.00016724233,0.014005449,-3.1414908,4.8911682e-05,-0.00089274682,-2.9610026e-05,-0.021135014,4.6637624e-06,-1.5003632e-05,0.55653135,-0.021117408,4.5993072e-06,-1.4805013e-05,0.54964889,0,0,0.014429018,-1.5831153e-05,0.17882304,60.092492,1100.4682,1200,1549.1503,nan,nan,3.1415927,1100,60,1987.4362,-1059.6277,0.10998197,-11752.148,-0.018475393,0.27533333,0.023166977,1549.1503,0,0,0,0,0
22.6,2699.7277,2074.8588,-1100.4657,-60.119385,3.994838,0.026287311,-0.0001624595,0.01391689,-3.1414937,4.7492536e-05,-0.00087766819,-2.8752736e-05,-0.021096214,4.5228982e-06,-1.4569127e-05,0.55513517,-0.021078885,4.4604634e-06,-1.4376368e-05,0.54819864,0,0,0.014354139,-1.5375571e-05,0.17890308,60.119391,1100.4657,1200,1545.2642,nan,nan,3.1415927,1100,60,1989.2164,-1061.2057,0.10692913,-11752.511,-0.017928579,0.27501348,0.022484099,1545.2642,0,0,0,0,0
22.7,2693.7145,2075.2583,-1100.463,-60.145914,3.9949836,0.027099709,-0.00015781515,0.013829838,-3.1414966,4.6115403e-05,-0.00086260881,-2.7920721e-05,-0.02105803,4.3864469e-06,-1.4147436e-05,0.55372833,-0.02104098,4.3259671e-06,-1.396036e-05,0.54674016,0,0,0.014280402,-1.4933297e-05,0.17898202,60.14592,1100.463,1200,1541.3485,nan,nan,3.1415927,1100,60,1990.9729,-1062.7614,0.10396081,-11752.871,-0.017398367,0.27462772,0.021821822,1541.3485,0,0,0,0,0
22.8,2687.6986,2075.6578,-1100.4602,-60.172071,3.995125,0.02789082,-0.0001533052,0.013744291,-3.1414993,4.4779008e-05,-0.00084757223,-2.7113218e-05,-0.021020464,4.2542654e-06,-1.3738173e-05,0.55231132,-0.021003692,4.195677e-06,-1.3556609e-05,0.54527392,0,0,0.014207807,-1.4503934e-05,0.17905986,60.172077,1100.4602,1200,1537.4044,nan,nan,3.1415927,1100,60,1992.7055,-1064.2948,0.10107465,-11753.228,-0.016884237,0.27417771,0.021179508,1537.4044,0,0,0,0,0
22.9,2681.6802,2076.0573,-1100.4574,-60.197854,3.9952624,0.028660799,-0.00014892569,0.013660247,-3.141502,4.3482115e-05,-0.00083256195,-2.6329489e-05,-0.020983516,4.1262152e-06,-1.3340963e-05,0.55088462,-0.020967021,4.0694569e-06,-1.3164744e-05,0.5438004,0,0,0.014136355,-1.4087098e-05,0.17913658,60.197861,1100.4574,1200,1533.4333,nan,nan,3.1415927,1100,60,1994.4141,-1065.8057,0.09826838,-11753.582,-0.01638569,0.2736651,0.020556541,1533.4333,0,0,0,0,0
23,2675.6592,2076.4569,-1100.4545,-60.223261,3.995396,0.029409806,-0.00014467278,0.013577702,-3.1415046,4.2223526e-05,-0.00081758134,-2.5568817e-05,-0.020947184,4.0021624e-06,-1.2955443e-05,0.54944871,-0.020930967,3.9471749e-06,-1.2784408e-05,0.54232006,0,0,0.014066046,-1.3682415e-05,0.17921218,60.223268,1100.4545,1200,1529.4367,nan,nan,3.1415927,1100,60,1996.0986,-1067.2941,0.095539761,-11753.932,-0.015902238,0.27309151,0.019952322,1529.4367,0,0,0,0,0
23.1,2669.6357,2076.8564,-1100.4515,-60.248291,3.9955257,0.030138004,-0.00014054273,0.013496654,-3.1415071,4.1002082e-05,-0.00080263371,-2.4830508e-05,-0.02091147,3.8819776e-06,-1.2581261e-05,0.54800408,-0.02089553,3.8287037e-06,-1.2415254e-05,0.54083335,0,0,0.013996882,-1.3289525e-05,0.17928666,60.248298,1100.4515,1200,1525.4157,nan,nan,3.1415927,1100,60,1997.7588,-1068.7599,0.092886638,-11754.28,-0.015433413,0.27245853,0.019366273,1525.4157,0,0,0,0,0
23.2,2663.6097,2077.256,-1100.4485,-60.272942,3.9956518,0.030845561,-0.00013653193,0.013417099,-3.1415095,3.9816658e-05,-0.00078772227,-2.4113891e-05,-0.020876372,3.7655358e-06,-1.2218075e-05,0.54655119,-0.02086071,3.71392e-06,-1.2056945e-05,0.53934074,0,0,0.013928862,-1.2908077e-05,0.17936001,60.27295,1100.4485,1200,1521.3718,nan,nan,3.1415927,1100,60,1999.3946,-1070.2031,0.090306912,-11754.624,-0.01497876,0.27176772,0.018797834,1521.3718,0,0,0,0,0
23.3,2657.5812,2077.6555,-1100.4454,-60.297213,3.9957743,0.03153265,-0.00013263688,0.013339033,-3.1415119,3.8666166e-05,-0.00077285015,-2.3418312e-05,-0.020841891,3.652716e-06,-1.1865555e-05,0.54509053,-0.020826506,3.6027049e-06,-1.1709156e-05,0.53784267,0,0,0.013861985,-1.2537731e-05,0.17943223,60.297221,1100.4454,1200,1517.3063,nan,nan,3.1415927,1100,60,2001.0058,-1071.6235,0.087798543,-11754.964,-0.014537838,0.27102065,0.018246463,1517.3063,0,0,0,0,0
23.4,2651.5504,2078.0551,-1100.4422,-60.321102,3.9958933,0.032199449,-0.00012885417,0.013262452,-3.1415142,3.7549549e-05,-0.00075802039,-2.274314e-05,-0.020808025,3.5434013e-06,-1.152338e-05,0.54362255,-0.020792917,3.4949431e-06,-1.137157e-05,0.53633959,0,0,0.013796252,-1.2178157e-05,0.17950331,60.321111,1100.4422,1200,1513.2204,nan,nan,3.1415927,1100,60,2002.5923,-1073.0211,0.08535955,-11755.301,-0.014110221,0.27021882,0.017711633,1513.2204,0,0,0,0,0
23.5,2645.5171,2078.4547,-1100.4389,-60.344608,3.996009,0.032846138,-0.0001251805,0.013187353,-3.1415164,3.6465786e-05,-0.00074323596,-2.2087762e-05,-0.020774774,3.4374789e-06,-1.1191241e-05,0.54214773,-0.020759942,3.3905235e-06,-1.1043881e-05,0.53483195,0,0,0.013731661,-1.1829037e-05,0.17957326,60.344617,1100.4389,1200,1509.1154,nan,nan,3.1415927,1100,60,2004.154,-1074.3958,0.082988007,-11755.635,-0.013695497,0.26936375,0.017192836,1509.1154,0,0,0,0,0
23.6,2639.4816,2078.8543,-1100.4356,-60.367731,3.9961214,0.033472901,-0.00012161267,0.013113729,-3.1415186,3.5413885e-05,-0.00072849973,-2.1451586e-05,-0.020742137,3.3348393e-06,-1.0868836e-05,0.54066652,-0.020727581,3.2893384e-06,-1.0725793e-05,0.53332017,0,0,0.013668211,-1.1490059e-05,0.17964206,60.36774,1100.4356,1200,1504.9926,nan,nan,3.1415927,1100,60,2005.6909,-1075.7477,0.080682042,-11755.966,-0.013293265,0.2684569,0.016689578,1504.9926,0,0,0,0,0
23.7,2633.4437,2079.2539,-1100.4322,-60.390469,3.9962306,0.034079927,-0.00011814759,0.013041577,-3.1415207,3.4392888e-05,-0.00071381451,-2.0834036e-05,-0.020710112,3.2353771e-06,-1.0555873e-05,0.53917936,-0.020695832,3.1912839e-06,-1.0417018e-05,0.5318047,0,0,0.013605902,-1.1160924e-05,0.17970972,60.390478,1100.4322,1200,1500.8534,nan,nan,3.1415927,1100,60,2007.2028,-1077.0767,0.078439837,-11756.292,-0.012903139,0.26749973,0.016201383,1500.8534,0,0,0,0,0
23.8,2627.4036,2079.6536,-1100.4288,-60.412821,3.9963368,0.034667407,-0.00011478224,0.012970891,-3.1415227,3.3401863e-05,-0.00069918301,-2.0234554e-05,-0.0206787,3.13899e-06,-1.0252069e-05,0.53768673,-0.020664695,3.0962593e-06,-1.0117277e-05,0.53028595,0,0,0.013544731,-1.0841341e-05,0.17977623,60.412831,1100.4288,1200,1496.6988,nan,nan,3.1415927,1100,60,2008.6896,-1078.3827,0.076259625,-11756.616,-0.012524744,0.26649366,0.015727788,1496.6988,0,0,0,0,0
23.9,2621.3613,2080.0532,-1100.4253,-60.434786,3.9964399,0.035235537,-0.0001115137,0.012901665,-3.1415247,3.2439909e-05,-0.00068460787,-1.9652601e-05,-0.020647898,3.0455794e-06,-9.9571513e-06,0.53618905,-0.020634168,3.0041675e-06,-9.8263003e-06,0.52876436,0,0,0.013484698,-1.0531027e-05,0.17984158,60.434797,1100.4253,1200,1492.5303,nan,nan,3.1415927,1100,60,2010.1512,-1079.6657,0.074139687,-11756.936,-0.012157718,0.2654401,0.015268345,1492.5303,0,0,0,0,0
24,2615.3168,2080.4529,-1100.4218,-60.456365,3.9965401,0.035784514,-0.00010833914,0.012833894,-3.1415267,3.1506152e-05,-0.00067009167,-1.9087651e-05,-0.020617706,2.9550499e-06,-9.6708532e-06,0.53468677,-0.02060425,2.9149145e-06,-9.5438254e-06,0.52724033,0,0,0.013425799,-1.0229708e-05,0.17990579,60.456376,1100.4218,1200,1488.3489,nan,nan,3.1415927,1100,60,2011.5877,-1080.9258,0.072078354,-11757.252,-0.011801709,0.26434042,0.01482262,1488.3489,0,0,0,0,0
24.1,2609.2701,2080.8525,-1100.4182,-60.477556,3.9966375,0.036314538,-0.00010525582,0.012767572,-3.1415285,3.0599746e-05,-0.00065563689,-1.8539197e-05,-0.020588122,2.8673091e-06,-9.3929172e-06,0.53318032,-0.020574938,2.8284093e-06,-9.2695986e-06,0.52571429,0,0,0.013368034,-9.9371179e-06,0.17996885,60.477567,1100.4182,1200,1484.156,nan,nan,3.1415927,1100,60,2012.9989,-1082.1628,0.070074003,-11757.564,-0.011456378,0.26319598,0.014390194,1484.156,0,0,0,0,0
24.2,2603.2214,2081.2522,-1100.4145,-60.498359,3.9967322,0.036825814,-0.00010226106,0.012702692,-3.1415303,2.971987e-05,-0.00064124596,-1.8006747e-05,-0.020559143,2.7822678e-06,-9.123094e-06,0.53167014,-0.020546232,2.7445642e-06,-9.0033737e-06,0.52418664,0,0,0.013311399,-9.6529999e-06,0.18003074,60.49837,1100.4145,1200,1479.9526,nan,nan,3.1415927,1100,60,2014.3847,-1083.3768,0.068125057,-11757.873,-0.011121396,0.2620081,0.013970659,1479.9526,0,0,0,0,0
24.3,2597.1706,2081.6519,-1100.4108,-60.518774,3.9968242,0.037318546,-9.9352274e-05,0.012639248,-3.1415321,2.886573e-05,-0.00062692122,-1.7489824e-05,-0.02053077,2.6998398e-06,-8.8611414e-06,0.53015666,-0.020518131,2.663294e-06,-8.7449122e-06,0.52265779,0,0,0.013255891,-9.3771039e-06,0.18009149,60.518785,1100.4108,1200,1475.7401,nan,nan,3.1415927,1100,60,2015.7452,-1084.5678,0.066229984,-11758.178,-0.010796442,0.26077809,0.013563621,1475.7401,0,0,0,0,0
24.4,2591.1177,2082.0515,-1100.407,-60.5388,3.9969136,0.037792944,-9.6526966e-05,0.012577234,-3.1415338,2.8036553e-05,-0.00061266494,-1.6987966e-05,-0.020502999,2.6199415e-06,-8.6068249e-06,0.52864029,-0.020490631,2.5845168e-06,-8.4939828e-06,0.52112813,0,0,0.013201509,-9.1091875e-06,0.18015107,60.538812,1100.407,1200,1471.5195,nan,nan,3.1415927,1100,60,2017.0802,-1085.7358,0.064387294,-11758.48,-0.01048121,0.25950722,0.013168698,1471.5195,0,0,0,0,0
24.5,2585.0629,2082.4512,-1100.4032,-60.558438,3.9970004,0.038249218,-9.3782696e-05,0.012516641,-3.1415355,2.7231594e-05,-0.00059847933,-1.6500722e-05,-0.020475829,2.5424924e-06,-8.359917e-06,0.52712146,-0.020463731,2.5081529e-06,-8.2503612e-06,0.51959805,0,0,0.013148249,-8.8490157e-06,0.18020951,60.55845,1100.4032,1200,1467.2921,nan,nan,3.1415927,1100,60,2018.3898,-1086.8808,0.062595538,-11758.778,-0.010175399,0.25819676,0.012785521,1467.2921,0,0,0,0,0
24.6,2579.0062,2082.8509,-1100.3994,-60.577687,3.9970848,0.03868758,-9.1117104e-05,0.012457464,-3.1415371,2.6450128e-05,-0.00058436653,-1.602766e-05,-0.020449258,2.4674144e-06,-8.1201974e-06,0.52560057,-0.020437429,2.4341256e-06,-8.0138301e-06,0.51806795,0,0,0.013096108,-8.5963605e-06,0.18026678,60.577699,1100.3994,1200,1463.0589,nan,nan,3.1415927,1100,60,2019.674,-1088.0028,0.060853308,-11759.072,-0.0098787202,0.25684793,0.01241373,1463.0589,0,0,0,0,0
24.7,2572.9475,2083.2507,-1100.3955,-60.596548,3.9971669,0.039108244,-8.8527899e-05,0.012399695,-3.1415387,2.5691453e-05,-0.00057032861,-1.5568357e-05,-0.020423284,2.3946321e-06,-7.8874522e-06,0.52407803,-0.020411723,2.3623606e-06,-7.7841786e-06,0.51653821,0,0,0.013045082,-8.351001e-06,0.1803229,60.59656,1100.3955,1200,1458.8212,nan,nan,3.1415927,1100,60,2020.9326,-1089.1018,0.059159236,-11759.362,-0.0095908936,0.25546193,0.01205298,1458.8212,0,0,0,0,0
24.8,2566.887,2083.6504,-1100.3916,-60.61502,3.9972466,0.039511426,-8.6012858e-05,0.012343326,-3.1415402,2.495489e-05,-0.00055636757,-1.5122405e-05,-0.020397905,2.3240726e-06,-7.6614742e-06,0.52255425,-0.020386611,2.292786e-06,-7.5612025e-06,0.51500921,0,0,0.012995167,-8.1127228e-06,0.18037786,60.615033,1100.3916,1200,1454.58,nan,nan,3.1415927,1100,60,2022.1657,-1090.1779,0.057511992,-11759.649,-0.0093116475,0.25403996,0.011702934,1454.58,0,0,0,0,0
24.9,2560.8246,2084.0501,-1100.3876,-60.633105,3.9973241,0.039897344,-8.3569826e-05,0.012288349,-3.1415417,2.4239778e-05,-0.00054248536,-1.4689407e-05,-0.020373118,2.2556652e-06,-7.4420626e-06,0.52102962,-0.02036209,2.2253323e-06,-7.3447036e-06,0.51348132,0,0,0.012946361,-7.8813177e-06,0.18043167,60.633118,1100.3876,1200,1450.3364,nan,nan,3.1415927,1100,60,2023.3733,-1091.231,0.055910282,-11759.932,-0.009040719,0.25258316,0.011363265,1450.3364,0,0,0,0,0
25,2554.7604,2084.4498,-1100.3836,-60.650802,3.9973994,0.040266217,-8.119671e-05,0.012234757,-3.1415432,2.354548e-05,-0.00052868386,-1.426898e-05,-0.020348921,2.1893418e-06,-7.2290225e-06,0.51950453,-0.020338158,2.1599324e-06,-7.1344899e-06,0.5119549,0,0,0.012898658,-7.6565842e-06,0.18048432,60.650815,1100.3836,1200,1446.0916,nan,nan,3.1415927,1100,60,2024.5554,-1092.2613,0.054352851,-11760.211,-0.0087778533,0.25109267,0.01103366,1446.0916,0,0,0,0,0
25.1,2548.6945,2084.8496,-1100.3796,-60.668112,3.9974726,0.040618264,-7.889148e-05,0.01218254,-3.1415446,2.2871375e-05,-0.00051496488,-1.386075e-05,-0.020325312,2.1250363e-06,-7.0221651e-06,0.51797938,-0.020314813,2.0965212e-06,-6.9303752e-06,0.51043032,0,0,0.012852056,-7.4383264e-06,0.18053583,60.668125,1100.3796,1200,1441.8466,nan,nan,3.1415927,1100,60,2025.712,-1093.2688,0.052838475,-11760.487,-0.0085228039,0.24956961,0.010713811,1441.8466,0,0,0,0,0
25.2,2542.6269,2085.2493,-1100.3755,-60.685035,3.9975437,0.040953707,-7.6652166e-05,0.012131692,-3.1415459,2.2216862e-05,-0.00050133017,-1.3464358e-05,-0.020302288,2.0626849e-06,-6.8213072e-06,0.51645455,-0.020292051,2.0350359e-06,-6.7321788e-06,0.50890794,0,0,0.012806548,-7.2263548e-06,0.18058618,60.685049,1100.3755,1200,1437.6025,nan,nan,3.1415927,1100,60,2026.8432,-1094.2534,0.051365966,-11760.759,-0.0082753318,0.24801505,0.010403423,1437.6025,0,0,0,0,0
25.3,2536.5576,2085.6491,-1100.3714,-60.701573,3.9976128,0.041272768,-7.4476856e-05,0.012082203,-3.1415473,2.1581359e-05,-0.00048778145,-1.3079451e-05,-0.020279846,2.002226e-06,-6.6262714e-06,0.51493041,-0.020269871,1.9754156e-06,-6.5397256e-06,0.50738811,0,0,0.012762132,-7.020485e-06,0.18063538,60.701587,1100.3714,1200,1433.3603,nan,nan,3.1415927,1100,60,2027.9489,-1095.2154,0.049934171,-11761.027,-0.0080352058,0.24643008,0.010102208,1433.3603,0,0,0,0,0
25.4,2530.4867,2086.0489,-1100.3672,-60.717725,3.99768,0.041575669,-7.2363695e-05,0.012034065,-3.1415485,2.0964303e-05,-0.00047432033,-1.2705692e-05,-0.020257984,1.9435997e-06,-6.4368853e-06,0.51340733,-0.020248269,1.9176016e-06,-6.3528459e-06,0.50587118,0,0,0.012718802,-6.8205385e-06,0.18068344,60.71774,1100.3672,1200,1429.1211,nan,nan,3.1415927,1100,60,2029.0291,-1096.1546,0.048541965,-11761.291,-0.0078022017,0.24481572,0.0098098899,1429.1211,0,0,0,0,0
25.5,2524.4142,2086.4486,-1100.3631,-60.733494,3.9977453,0.041862635,-7.0310884e-05,0.011987269,-3.1415498,2.0365145e-05,-0.00046094842,-1.234275e-05,-0.020236699,1.8867484e-06,-6.2529822e-06,0.51188569,-0.020227243,1.8615369e-06,-6.171375e-06,0.50435748,0,0,0.012676553,-6.6263421e-06,0.18073036,60.733508,1100.3631,1200,1424.8858,nan,nan,3.1415927,1100,60,2030.084,-1097.0713,0.047188258,-11761.551,-0.0075761025,0.24317299,0.0095261978,1424.8858,0,0,0,0,0
25.6,2518.3401,2086.8484,-1100.3589,-60.748879,3.9978087,0.04213389,-6.8316676e-05,0.011941806,-3.141551,1.9783355e-05,-0.00044766724,-1.1990307e-05,-0.020215987,1.8316162e-06,-6.0744e-06,0.51036584,-0.020206789,1.8071665e-06,-5.9951533e-06,0.50284736,0,0,0.01263538,-6.4377277e-06,0.18077613,60.748894,1100.3589,1200,1420.6556,nan,nan,3.1415927,1100,60,2031.1135,-1097.9654,0.045871987,-11761.808,-0.0073566978,0.2415029,0.0092508711,1420.6556,0,0,0,0,0
25.7,2512.2645,2087.2482,-1100.3546,-60.763882,3.9978704,0.042389658,-6.6379376e-05,0.011897666,-3.1415522,1.9218419e-05,-0.00043447826,-1.1648052e-05,-0.020195847,1.7781489e-06,-5.9009817e-06,0.50884815,-0.020186906,1.7544373e-06,-5.824026e-06,0.50134115,0,0,0.012595278,-6.2545322e-06,0.18082077,60.763897,1100.3546,1200,1416.4313,nan,nan,3.1415927,1100,60,2032.1177,-1098.837,0.044592122,-11762.061,-0.0071437842,0.23980641,0.008983657,1416.4313,0,0,0,0,0
25.8,2506.1874,2087.648,-1100.3504,-60.778504,3.9979303,0.042630164,-6.4497338e-05,0.011854841,-3.1415533,1.8669838e-05,-0.0004213829,-1.1315686e-05,-0.020176275,1.7262945e-06,-5.7325752e-06,0.50733295,-0.020167588,1.7032976e-06,-5.6578429e-06,0.49983917,0,0,0.012556243,-6.0765974e-06,0.18086428,60.778519,1100.3504,1200,1412.214,nan,nan,3.1415927,1100,60,2033.0967,-1099.6862,0.043347658,-11762.311,-0.0069371642,0.23808448,0.0087243103,1412.214,0,0,0,0,0
25.9,2500.1089,2088.0478,-1100.3461,-60.792746,3.9979886,0.042855633,-6.2668966e-05,0.011813321,-3.1415544,1.8137128e-05,-0.00040838254,-1.0992917e-05,-0.020157267,1.6760022e-06,-5.5690328e-06,0.50582061,-0.020148834,1.6536977e-06,-5.4964584e-06,0.49834173,0,0,0.012518267,-5.9037699e-06,0.18090665,60.792762,1100.3461,1200,1408.0047,nan,nan,3.1415927,1100,60,2034.0505,-1100.5131,0.042137621,-11762.556,-0.0067366468,0.23633805,0.0084725938,1408.0047,0,0,0,0,0
26,2494.0289,2088.4476,-1100.3418,-60.80661,3.9980452,0.04306629,-6.089271e-05,0.011773096,-3.1415555,1.7619821e-05,-0.00039547849,-1.0679463e-05,-0.020138822,1.6272231e-06,-5.4102113e-06,0.50431146,-0.020130641,1.6055894e-06,-5.3397313e-06,0.49684917,0,0,0.012481346,-5.7359008e-06,0.1809479,60.806625,1100.3418,1200,1403.8042,nan,nan,3.1415927,1100,60,2034.9792,-1101.3178,0.040961062,-11762.799,-0.0065420468,0.23456801,0.0082282773,1403.8042,0,0,0,0,0
26.1,2487.9476,2088.8474,-1100.3375,-60.820096,3.9981002,0.04326236,-5.9167067e-05,0.011734158,-3.1415566,1.7117461e-05,-0.00038267202,-1.0375049e-05,-0.020120934,1.57991e-06,-5.2559718e-06,0.50280583,-0.020113004,1.558926e-06,-5.1875246e-06,0.49536178,0,0,0.012445474,-5.5728455e-06,0.18098802,60.820112,1100.3375,1200,1399.6136,nan,nan,3.1415927,1100,60,2035.8829,-1102.1003,0.039817058,-11763.037,-0.0063531848,0.23277527,0.007991138,1399.6136,0,0,0,0,0
26.2,2481.865,2089.2472,-1100.3332,-60.833207,3.9981537,0.043444068,-5.7490577e-05,0.011696495,-3.1415576,1.6629609e-05,-0.00036996435,-1.0079411e-05,-0.020103602,1.534017e-06,-5.1061797e-06,0.50130406,-0.02009592,1.5136625e-06,-5.0397056e-06,0.49387987,0,0,0.012410645,-5.414464e-06,0.18102703,60.833223,1100.3332,1200,1395.4337,nan,nan,3.1415927,1100,60,2036.7616,-1102.8608,0.038704714,-11763.272,-0.0061698872,0.23096069,0.0077609596,1395.4337,0,0,0,0,0
26.3,2475.7811,2089.647,-1100.3288,-60.845944,3.9982057,0.043611639,-5.5861823e-05,0.011660098,-3.1415586,1.6155835e-05,-0.00035735667,-9.7922907e-06,-0.020086821,1.4894998e-06,-4.9607043e-06,0.49980647,-0.020079387,1.4697552e-06,-4.8961453e-06,0.49240374,0,0,0.012376853,-5.2606203e-06,0.18106492,60.845959,1100.3288,1200,1391.2654,nan,nan,3.1415927,1100,60,2037.6154,-1103.5992,0.037623157,-11763.503,-0.0059919854,0.22912511,0.0075375329,1391.2654,0,0,0,0,0
26.4,2469.6959,2090.0468,-1100.3244,-60.858307,3.9982562,0.043765297,-5.427943e-05,0.011624957,-3.1415596,1.5695726e-05,-0.00034485009,-9.5134379e-06,-0.020070588,1.4463156e-06,-4.8194189e-06,0.49831339,-0.0200634,1.4271618e-06,-4.7567189e-06,0.49093368,0,0,0.012344091,-5.1111823e-06,0.1811017,60.858323,1100.3244,1200,1387.1096,nan,nan,3.1415927,1100,60,2038.4444,-1104.3159,0.036571539,-11763.73,-0.0058193166,0.22726937,0.0073206551,1387.1096,0,0,0,0,0
26.5,2463.6095,2090.4467,-1100.3201,-60.8703,3.9983053,0.043905265,-5.2742064e-05,0.011591062,-3.1415605,1.524888e-05,-0.0003324457,-9.2426104e-06,-0.0200549,1.4044228e-06,-4.6822007e-06,0.49682512,-0.020047957,1.3858415e-06,-4.6213052e-06,0.48946998,0,0,0.012312354,-4.9660222e-06,0.18113738,60.870316,1100.3201,1200,1382.9673,nan,nan,3.1415927,1100,60,2039.2488,-1105.0108,0.035549037,-11763.954,-0.0056517226,0.22539428,0.0071101293,1382.9673,0,0,0,0,0
26.6,2457.5219,2090.8465,-1100.3157,-60.881924,3.998353,0.044031767,-5.1248428e-05,0.011558403,-3.1415614,1.4814907e-05,-0.00032014454,-8.9795731e-06,-0.020039753,1.3637814e-06,-4.5489305e-06,0.49534197,-0.020033052,1.3457547e-06,-4.4897865e-06,0.48801293,0,0,0.012281635,-4.8250155e-06,0.18117196,60.88194,1100.3157,1200,1378.8392,nan,nan,3.1415927,1100,60,2040.0286,-1105.684,0.034554848,-11764.175,-0.0054890502,0.22350062,0.0069057652,1378.8392,0,0,0,0,0
26.7,2451.4332,2091.2463,-1100.3113,-60.89318,3.9983994,0.044145026,-4.9797266e-05,0.011526969,-3.1415623,1.4393428e-05,-0.00030794761,-8.7240979e-06,-0.020025144,1.3243524e-06,-4.4194926e-06,0.49386426,-0.020018684,1.3068633e-06,-4.362049e-06,0.4865628,0,0,0.012251927,-4.6880419e-06,0.18120545,60.893196,1100.3113,1200,1374.7262,nan,nan,3.1415927,1100,60,2040.7839,-1106.3357,0.033588194,-11764.391,-0.0053311513,0.22158917,0.0067073779,1374.7262,0,0,0,0,0
26.8,2445.3433,2091.6462,-1100.3068,-60.904071,3.9984444,0.044245262,-4.8387357e-05,0.011496749,-3.1415631,1.3984077e-05,-0.00029585587,-8.4759637e-06,-0.020011067,1.2860983e-06,-4.2937748e-06,0.49239227,-0.020004847,1.26913e-06,-4.2379818e-06,0.48511986,0,0,0.012223223,-4.5549842e-06,0.18123785,60.904087,1100.3068,1200,1370.6292,nan,nan,3.1415927,1100,60,2041.5148,-1106.9661,0.032648316,-11764.605,-0.0051778819,0.21966067,0.0065147886,1370.6292,0,0,0,0,0
26.9,2439.2524,2092.046,-1100.3024,-60.914598,3.9984882,0.044332698,-4.7017515e-05,0.011467734,-3.141564,1.3586498e-05,-0.00028387022,-8.2349557e-06,-0.019997521,1.2489827e-06,-4.1716685e-06,0.49092631,-0.019991538,1.2325191e-06,-4.1174779e-06,0.48368439,0,0,0.012195518,-4.4257291e-06,0.18126916,60.914614,1100.3024,1200,1366.549,nan,nan,3.1415927,1100,60,2042.2215,-1107.5751,0.031734477,-11764.814,-0.0050291028,0.21771588,0.0063278236,1366.549,0,0,0,0,0
27,2433.1605,2092.4459,-1100.298,-60.924763,3.9985308,0.044407552,-4.5686591e-05,0.011439912,-3.1415648,1.3200347e-05,-0.00027199155,-8.000866e-06,-0.019984501,1.2129705e-06,-4.0530681e-06,0.48946665,-0.019978753,1.196996e-06,-4.000433e-06,0.48225663,0,0,0.012168803,-4.3001663e-06,0.18129941,60.92478,1100.298,1200,1362.4863,nan,nan,3.1415927,1100,60,2042.9041,-1108.1629,0.030845961,-11765.021,-0.0048846791,0.21575549,0.0061463148,1362.4863,0,0,0,0,0
27.1,2427.0675,2092.8457,-1100.2935,-60.93457,3.9985722,0.044470045,-4.4393467e-05,0.011413272,-3.1415656,1.2825288e-05,-0.00026022068,-7.7734924e-06,-0.019972002,1.1780274e-06,-3.9378712e-06,0.48801359,-0.019966489,1.162527e-06,-3.8867462e-06,0.48083685,0,0,0.012143072,-4.1781889e-06,0.18132858,60.934586,1100.2935,1200,1358.4419,nan,nan,3.1415927,1100,60,2043.5627,-1108.7297,0.02998207,-11765.223,-0.0047444799,0.21378021,0.0059700993,1358.4419,0,0,0,0,0
27.2,2420.9736,2093.2456,-1100.2891,-60.944018,3.9986124,0.044520394,-4.313706e-05,0.011387805,-3.1415663,1.2460997e-05,-0.00024855842,-7.5526392e-06,-0.019960022,1.1441207e-06,-3.8259785e-06,0.4865674,-0.01995474,1.1290797e-06,-3.7763196e-06,0.4794253,0,0,0.012118318,-4.0596933e-06,0.18135669,60.944035,1100.2891,1200,1354.4167,nan,nan,3.1415927,1100,60,2044.1974,-1109.2756,0.029142127,-11765.423,-0.0046083785,0.21179073,0.005799019,1354.4167,0,0,0,0,0
27.3,2414.8788,2093.6455,-1100.2846,-60.953112,3.9986515,0.044558816,-4.1916317e-05,0.011363499,-3.1415671,1.2107159e-05,-0.00023700553,-7.3381162e-06,-0.019948555,1.1112183e-06,-3.7172937e-06,0.48512834,-0.019943504,1.0966225e-06,-3.6690581e-06,0.47802222,0,0,0.012094533,-3.9445786e-06,0.18138374,60.953129,1100.2846,1200,1350.4113,nan,nan,3.1415927,1100,60,2044.8084,-1109.8008,0.028325473,-11765.619,-0.004476252,0.2097877,0.0056329207,1350.4113,0,0,0,0,0
27.4,2408.7831,2094.0453,-1100.2802,-60.961853,3.9986895,0.044585526,-4.0730217e-05,0.011340343,-3.1415678,1.1763468e-05,-0.00022556273,-7.1297391e-06,-0.019937598,1.0792893e-06,-3.6117232e-06,0.48369669,-0.019932776,1.0651252e-06,-3.5648695e-06,0.47662786,0,0,0.01207171,-3.8327473e-06,0.18140974,60.96187,1100.2802,1200,1346.4266,nan,nan,3.1415927,1100,60,2045.3958,-1110.3053,0.027531466,-11765.811,-0.0043479814,0.20777178,0.0054716561,1346.4266,0,0,0,0,0
27.5,2402.6865,2094.4452,-1100.2757,-60.970244,3.9987264,0.044600739,-3.9577766e-05,0.011318326,-3.1415685,1.142963e-05,-0.00021423072,-6.9273289e-06,-0.019927148,1.0483039e-06,-3.5091765e-06,0.48227271,-0.019922552,1.0345581e-06,-3.4636645e-06,0.47524244,0,0,0.012049842,-3.7241044e-06,0.1814347,60.97026,1100.2757,1200,1342.4632,nan,nan,3.1415927,1100,60,2045.9598,-1110.7893,0.026759485,-11766,-0.0042234514,0.2057436,0.0053150812,1342.4632,0,0,0,0,0
27.6,2396.5891,2094.8451,-1100.2712,-60.978287,3.9987623,0.044604667,-3.8458003e-05,0.011297437,-3.1415692,1.1105355e-05,-0.00020301014,-6.7307122e-06,-0.019917199,1.0182331e-06,-3.4095655e-06,0.48085666,-0.019912828,1.0048928e-06,-3.3653561e-06,0.4738662,0,0,0.012028921,-3.618558e-06,0.18145863,60.978303,1100.2712,1200,1338.5218,nan,nan,3.1415927,1100,60,2046.5005,-1111.2529,0.026008921,-11766.186,-0.00410255,0.20370377,0.0051630565,1338.5218,0,0,0,0,0
27.7,2390.4909,2095.2449,-1100.2668,-60.985984,3.9987972,0.044597523,-3.7369991e-05,0.011277664,-3.1415699,1.0790366e-05,-0.00019190163,-6.5397204e-06,-0.019907747,9.8904886e-07,-3.3128048e-06,0.47944878,-0.019903599,9.7610166e-07,-3.2698602e-06,0.47249936,0,0,0.012008939,-3.5160186e-06,0.18148152,60.986,1100.2668,1200,1334.6032,nan,nan,3.1415927,1100,60,2047.0181,-1111.6964,0.025279186,-11766.369,-0.0039851689,0.20165291,0.0050154468,1334.6032,0,0,0,0,0
27.8,2384.3919,2095.6448,-1100.2623,-60.993338,3.9988311,0.044579516,-3.6312824e-05,0.011258997,-3.1415705,1.0484392e-05,-0.00018090576,-6.3541903e-06,-0.019898788,9.6072408e-07,-3.2188117e-06,0.47804931,-0.019894862,9.4815796e-07,-3.1770951e-06,0.47114214,0,0,0.011989888,-3.4163997e-06,0.1815034,60.993354,1100.2623,1200,1330.7081,nan,nan,3.1415927,1100,60,2047.5127,-1112.1198,0.024569706,-11766.548,-0.0038712032,0.19959159,0.0048721209,1330.7081,0,0,0,0,0
27.9,2378.2922,2096.0447,-1100.2579,-61.000351,3.9988641,0.044550855,-3.528562e-05,0.011241424,-3.1415711,1.018717e-05,-0.00017002311,-6.1739632e-06,-0.019890318,9.3323249e-07,-3.1275058e-06,0.47665851,-0.019886611,9.210358e-07,-3.0869816e-06,0.46979475,0,0,0.011971762,-3.319617e-06,0.18152426,61.000368,1100.2579,1200,1326.837,nan,nan,3.1415927,1100,60,2047.9845,-1112.5233,0.023879925,-11766.724,-0.0037605508,0.19752039,0.0047329517,1326.837,0,0,0,0,0
28,2372.1919,2096.4446,-1100.2534,-61.007027,3.9988961,0.044511748,-3.4287522e-05,0.011224935,-3.1415717,9.8984461e-06,-0.00015925419,-5.9988853e-06,-0.019882333,9.0654866e-07,-3.0388091e-06,0.4752766,-0.019878842,8.9471014e-07,-2.9994426e-06,0.4684574,0,0,0.011954551,-3.2255889e-06,0.18154411,61.007043,1100.2534,1200,1322.9907,nan,nan,3.1415927,1100,60,2048.4337,-1112.9071,0.023209299,-11766.897,-0.0036531134,0.19543988,0.004597816,1322.9907,0,0,0,0,0
28.1,2366.0909,2096.8445,-1100.249,-61.013367,3.9989272,0.044462398,-3.33177e-05,0.011209516,-3.1415723,9.6179733e-06,-0.0001485995,-5.8288074e-06,-0.019874827,8.8064796e-07,-2.9526459e-06,0.47390381,-0.019871552,8.6915671e-07,-2.9144037e-06,0.4671303,0,0,0.011938248,-3.1342361e-06,0.18156297,61.013384,1100.249,1200,1319.1698,nan,nan,3.1415927,1100,60,2048.8604,-1113.2713,0.022557301,-11767.067,-0.0035487949,0.19335058,0.0044665943,1319.1698,0,0,0,0,0
28.2,2359.9893,2097.2444,-1100.2445,-61.019375,3.9989575,0.044403011,-3.2375346e-05,0.011195158,-3.1415729,9.345512e-06,-0.0001380595,-5.6635845e-06,-0.019867797,8.5550658e-07,-2.8689428e-06,0.47254037,-0.019864735,8.4435202e-07,-2.8317923e-06,0.46581364,0,0,0.011922845,-3.0454816e-06,0.18158084,61.019391,1100.2445,1200,1315.3749,nan,nan,3.1415927,1100,60,2049.2648,-1113.616,0.021923419,-11767.234,-0.0034475028,0.19125305,0.0043391707,1315.3749,0,0,0,0,0
28.3,2353.887,2097.6443,-1100.2401,-61.025054,3.9989869,0.044333788,-3.1459678e-05,0.011181848,-3.1415735,9.0808295e-06,-0.00012763465,-5.5030762e-06,-0.019861239,8.3110141e-07,-2.7876286e-06,0.47118649,-0.019858387,8.2027333e-07,-2.7515381e-06,0.46450761,0,0,0.011908333,-2.9592506e-06,0.18159773,61.02507,1100.2401,1200,1311.6066,nan,nan,3.1415927,1100,60,2049.6471,-1113.9416,0.021307154,-11767.397,-0.0033491472,0.18914778,0.0042154329,1311.6066,0,0,0,0,0
28.4,2347.7843,2098.0442,-1100.2357,-61.030405,3.9990155,0.044254929,-3.0569933e-05,0.011169575,-3.141574,8.8237003e-06,-0.00011732534,-5.3471461e-06,-0.019855146,8.0741012e-07,-2.7086341e-06,0.46984239,-0.019852504,7.968986e-07,-2.673573e-06,0.46321241,0,0,0.011894704,-2.8754708e-06,0.18161364,61.030421,1100.2357,1200,1307.8655,nan,nan,3.1415927,1100,60,2050.0075,-1114.248,0.02070802,-11767.558,-0.0032536409,0.1870353,0.0040952721,1307.8655,0,0,0,0,0
28.5,2341.681,2098.4441,-1100.2312,-61.035432,3.9990432,0.044166634,-2.9705374e-05,0.011158328,-3.1415745,8.5739056e-06,-0.00010713196,-5.1956617e-06,-0.019849516,7.8441106e-07,-2.6318923e-06,0.46850828,-0.019847081,7.7420651e-07,-2.5978308e-06,0.46192821,0,0,0.01188195,-2.7940717e-06,0.18162859,61.035448,1100.2312,1200,1304.1522,nan,nan,3.1415927,1100,60,2050.3461,-1114.5355,0.020125546,-11767.715,-0.0031608994,0.18491609,0.0039785825,1304.1522,0,0,0,0,0
28.6,2335.5772,2098.844,-1100.2268,-61.040139,3.9990702,0.044069098,-2.8865282e-05,0.011148094,-3.141575,8.331233e-06,-9.7054872e-05,-5.0484946e-06,-0.019844343,7.6208327e-07,-2.557338e-06,0.46718435,-0.019842112,7.521764e-07,-2.5242473e-06,0.46065519,0,0,0.011870063,-2.7149849e-06,0.18164259,61.040155,1100.2268,1200,1300.4673,nan,nan,3.1415927,1100,60,2050.6632,-1114.8043,0.019559273,-11767.869,-0.0030708409,0.18279063,0.0038652618,1300.4673,0,0,0,0,0
28.7,2329.473,2099.2439,-1100.2224,-61.044527,3.9990965,0.043962516,-2.8048961e-05,0.011138863,-3.1415755,8.0954763e-06,-8.7094395e-05,-4.9055201e-06,-0.019839623,7.4040645e-07,-2.484908e-06,0.46587081,-0.019837595,7.3078827e-07,-2.45276e-06,0.45939352,0,0,0.011859034,-2.6381441e-06,0.18165564,61.044543,1100.2224,1200,1296.8113,nan,nan,3.1415927,1100,60,2050.9589,-1115.0545,0.019008754,-11768.021,-0.0029833859,0.1806594,0.0037552107,1296.8113,0,0,0,0,0
28.8,2323.3684,2099.6438,-1100.218,-61.0486,3.999122,0.043847083,-2.7255733e-05,0.011130622,-3.141576,7.8664355e-06,-7.7250839e-05,-4.7666172e-06,-0.019835351,7.1936095e-07,-2.4145411e-06,0.46456785,-0.019833523,7.1002274e-07,-2.3833086e-06,0.45814337,0,0,0.011848854,-2.5634849e-06,0.18166775,61.048615,1100.218,1200,1293.1847,nan,nan,3.1415927,1100,60,2051.2335,-1115.2863,0.018473557,-11768.169,-0.0028984574,0.17852284,0.0036483329,1293.1847,0,0,0,0,0
28.9,2317.2633,2100.0437,-1100.2136,-61.052361,3.9991468,0.043722987,-2.6484943e-05,0.01112336,-3.1415765,7.6439166e-06,-6.7524482e-05,-4.6316685e-06,-0.019831522,6.9892772e-07,-2.3461777e-06,0.46327566,-0.019829893,6.8986105e-07,-2.3158343e-06,0.45690491,0,0,0.011839515,-2.4909447e-06,0.18167893,61.052376,1100.2136,1200,1289.5881,nan,nan,3.1415927,1100,60,2051.4871,-1115.4998,0.017953257,-11768.315,-0.0028159807,0.17638142,0.003544535,1289.5881,0,0,0,0,0
29,2311.1579,2100.4436,-1100.2093,-61.055812,3.9991709,0.04359042,-2.5735951e-05,0.011117065,-3.141577,7.4277312e-06,-5.7915581e-05,-4.5005601e-06,-0.019828131,6.7908832e-07,-2.27976e-06,0.46199442,-0.019826699,6.7028502e-07,-2.25028e-06,0.45567828,0,0,0.011831008,-2.4204629e-06,0.18168919,61.055828,1100.2093,1200,1286.022,nan,nan,3.1415927,1100,60,2051.72,-1115.6954,0.017447446,-11768.457,-0.0027358836,0.17423556,0.0034437264,1286.022,0,0,0,0,0
29.1,2305.0522,2100.8436,-1100.2049,-61.058958,3.9991943,0.043449567,-2.5008138e-05,0.011111725,-3.1415774,7.2176966e-06,-4.8424368e-05,-4.3731812e-06,-0.019825175,6.598249e-07,-2.2152319e-06,0.4607243,-0.019823936,6.5127705e-07,-2.1865906e-06,0.45446364,0,0,0.011823325,-2.3519806e-06,0.18169854,61.058974,1100.2049,1200,1282.4869,nan,nan,3.1415927,1100,60,2051.9323,-1115.8731,0.016955724,-11768.597,-0.0026580958,0.1720857,0.0033458193,1282.4869,0,0,0,0,0
29.2,2298.9461,2101.2435,-1100.2006,-61.061801,3.999217,0.043300615,-2.4300902e-05,0.011107329,-3.1415778,7.0136353e-06,-3.905105e-05,-4.2494246e-06,-0.019822647,6.4112014e-07,-2.1525391e-06,0.45946548,-0.019821601,6.3282007e-07,-2.1247123e-06,0.45326114,0,0,0.011816456,-2.2854404e-06,0.181707,61.061817,1100.2006,1200,1278.9832,nan,nan,3.1415927,1100,60,2052.1242,-1116.0331,0.016477702,-11768.734,-0.0025825493,0.16993223,0.0032507285,1278.9832,0,0,0,0,0
29.3,2292.8398,2101.6434,-1100.1963,-61.064345,3.9992391,0.043143746,-2.3613658e-05,0.011103864,-3.1415783,6.8153752e-06,-2.9795816e-05,-4.1291859e-06,-0.019820544,6.2295729e-07,-2.0916288e-06,0.45821813,-0.019819687,6.1489757e-07,-2.064593e-06,0.45207092,0,0,0.011810393,-2.2207869e-06,0.18171456,61.06436,1100.1963,1200,1275.5114,nan,nan,3.1415927,1100,60,2052.2961,-1116.1756,0.016013002,-11768.868,-0.002509178,0.16777559,0.0031583714,1275.5114,0,0,0,0,0
29.4,2286.7333,2102.0433,-1100.192,-61.066592,3.9992606,0.042979141,-2.2945839e-05,0.01110132,-3.1415787,6.6227492e-06,-2.0658828e-05,-4.0123641e-06,-0.01981886,6.0532012e-07,-2.0324496e-06,0.4569824,-0.019818191,5.9749355e-07,-2.0061821e-06,0.45089312,0,0,0.011805127,-2.1579661e-06,0.18172123,61.066607,1100.192,1200,1272.0719,nan,nan,3.1415927,1100,60,2052.448,-1116.3009,0.015561258,-11768.999,-0.0024379181,0.16561615,0.0030686678,1272.0719,0,0,0,0,0
29.5,2280.6265,2102.4432,-1100.1877,-61.068546,3.9992815,0.04280698,-2.2296892e-05,0.011099683,-3.1415791,6.4355952e-06,-1.1640229e-05,-3.898861e-06,-0.01981759,5.8819288e-07,-1.9749519e-06,0.45575845,-0.019817107,5.8059249e-07,-1.9494305e-06,0.44972786,0,0,0.011800649,-2.0969256e-06,0.18172704,61.068561,1100.1877,1200,1268.6653,nan,nan,3.1415927,1100,60,2052.5802,-1116.409,0.015122112,-11769.128,-0.0023687073,0.1634543,0.0029815402,1268.6653,0,0,0,0,0
29.6,2274.5196,2102.8432,-1100.1834,-61.07021,3.9993018,0.042627439,-2.1666282e-05,0.011098943,-3.1415794,6.2537556e-06,-2.7401425e-06,-3.7885812e-06,-0.01981673,5.7156035e-07,-1.9190872e-06,0.45454644,-0.01981643,5.6417938e-07,-1.8942906e-06,0.44857528,0,0,0.01179695,-2.0376146e-06,0.18173198,61.070225,1100.1834,1200,1265.2919,nan,nan,3.1415927,1100,60,2052.6929,-1116.5003,0.014695217,-11769.254,-0.0023014857,0.16129044,0.002896913,1265.2919,0,0,0,0,0
29.7,2268.4125,2103.2431,-1100.1791,-61.071588,3.9993216,0.042440695,-2.105349e-05,0.011099087,-3.1415798,6.0770778e-06,6.0413317e-06,-3.6814321e-06,-0.019816274,5.5540775e-07,-1.8648087e-06,0.45334652,-0.019816155,5.4823966e-07,-1.8407161e-06,0.4474355,0,0,0.01179402,-1.9799836e-06,0.18173607,61.071603,1100.1791,1200,1261.9521,nan,nan,3.1415927,1100,60,2052.7864,-1116.5748,0.014280234,-11769.377,-0.0022361948,0.15912491,0.0028147131,1261.9521,0,0,0,0,0
29.8,2262.3053,2103.643,-1100.1749,-61.072682,3.9993408,0.042246919,-2.0458008e-05,0.011100103,-3.1415802,5.9054134e-06,1.4704112e-05,-3.5773241e-06,-0.019816218,5.3972079e-07,-1.8120709e-06,0.45215881,-0.019816278,5.3275924e-07,-1.788662e-06,0.44630864,0,0,0.011791852,-1.9239848e-06,0.18173932,61.072697,1100.1749,1200,1258.6463,nan,nan,3.1415927,1100,60,2052.8608,-1116.6328,0.013876834,-11769.498,-0.0021727779,0.1569581,0.0027348697,1258.6463,0,0,0,0,0
29.9,2256.198,2104.043,-1100.1707,-61.073497,3.9993594,0.042046283,-1.9879348e-05,0.011101981,-3.1415805,5.7386185e-06,2.3248136e-05,-3.4761698e-06,-0.019816557,5.2448559e-07,-1.7608296e-06,0.45098347,-0.019816793,5.1772444e-07,-1.7380849e-06,0.4451948,0,0,0.011790434,-1.8695716e-06,0.18174173,61.073512,1100.1707,1200,1255.3749,nan,nan,3.1415927,1100,60,2052.9164,-1116.6745,0.013484699,-11769.616,-0.0021111803,0.15479034,0.0026573139,1255.3749,0,0,0,0,0
30,2250.0906,2104.4429,-1100.1665,-61.074036,3.9993775,0.041838956,-1.9317031e-05,0.011104707,-3.1415809,5.5765534e-06,3.1673363e-05,-3.3778847e-06,-0.019817285,5.0968873e-07,-1.7110419e-06,0.44982062,-0.019817695,5.0312202e-07,-1.6889423e-06,0.4440941,0,0,0.01178976,-1.8166988e-06,0.18174333,61.07405,1100.1665,1200,1252.1384,nan,nan,3.1415927,1100,60,2052.9535,-1116.7,0.013103517,-11769.731,-0.0020513486,0.15262199,0.0025819791,1252.1384,0,0,0,0,0
30.1,2243.9832,2104.8429,-1100.1623,-61.074301,3.9993951,0.041625105,-1.8770595e-05,0.01110827,-3.1415812,5.4190824e-06,3.9979767e-05,-3.2823865e-06,-0.019818397,4.953172e-07,-1.6626662e-06,0.4486704,-0.01981898,4.8893915e-07,-1.6411932e-06,0.44300664,0,0,0.011789818,-1.7653224e-06,0.18174411,61.074315,1100.1623,1200,1248.9369,nan,nan,3.1415927,1100,60,2052.9721,-1116.7096,0.012732986,-11769.844,-0.0019932313,0.15045338,0.0025088004,1248.9369,0,0,0,0,0
30.2,2237.8758,2105.2428,-1100.1582,-61.074297,3.9994123,0.041404893,-1.823959e-05,0.011112657,-3.1415815,5.2660738e-06,4.8167345e-05,-3.1895955e-06,-0.01981989,4.8135837e-07,-1.615662e-06,0.44753292,-0.019820641,4.7516341e-07,-1.5947977e-06,0.44193253,0,0,0.0117906,-1.7153998e-06,0.18174409,61.074311,1100.1582,1200,1245.7709,nan,nan,3.1415927,1100,60,2052.9727,-1116.7035,0.012372811,-11769.954,-0.0019367781,0.14828485,0.002437715,1245.7709,0,0,0,0,0
30.3,2231.7683,2105.6427,-1100.154,-61.074026,3.9994289,0.041178485,-1.7723579e-05,0.011117858,-3.1415818,5.1173999e-06,5.6236107e-05,-3.0994341e-06,-0.019821756,4.6780003e-07,-1.56999e-06,0.4464083,-0.019822675,4.6178272e-07,-1.5497171e-06,0.44087184,0,0,0.011792097,-1.6668897e-06,0.18174327,61.07404,1100.154,1200,1242.6407,nan,nan,3.1415927,1100,60,2052.9553,-1116.6819,0.012022707,-11770.062,-0.0018819407,0.14611672,0.002368662,1242.6407,0,0,0,0,0
30.4,2225.661,2106.0427,-1100.1499,-61.073494,3.9994451,0.040946039,-1.7222137e-05,0.011123861,-3.1415822,4.9729364e-06,6.4186085e-05,-3.0118273e-06,-0.019823992,4.5463033e-07,-1.5256122e-06,0.44529665,-0.019825077,4.4878543e-07,-1.5059137e-06,0.43982468,0,0,0.011794299,-1.6197518e-06,0.18174168,61.073507,1100.1499,1200,1239.5467,nan,nan,3.1415927,1100,60,2052.9203,-1116.645,0.011682395,-11770.168,-0.0018286718,0.1439493,0.0023015824,1239.5467,0,0,0,0,0
30.5,2219.5537,2106.4426,-1100.1459,-61.072702,3.9994608,0.040707716,-1.6734852e-05,0.011130652,-3.1415824,4.8325631e-06,7.2017326e-05,-2.926702e-06,-0.019826592,4.4183779e-07,-1.4824916e-06,0.44419809,-0.01982784,4.361602e-07,-1.463351e-06,0.43879113,0,0,0.011797197,-1.5739471e-06,0.18173931,61.072715,1100.1459,1200,1236.489,nan,nan,3.1415927,1100,60,2052.8679,-1116.5929,0.011351604,-11770.271,-0.0017769257,0.14178291,0.0022364187,1236.489,0,0,0,0,0
30.6,2213.4464,2106.8426,-1100.1418,-61.071654,3.999476,0.040463671,-1.6261324e-05,0.011138221,-3.1415827,4.6961628e-06,7.9729894e-05,-2.8439872e-06,-0.019829552,4.2941127e-07,-1.4405922e-06,0.44311271,-0.01983096,4.2389606e-07,-1.4219936e-06,0.43777127,0,0,0.011800782,-1.5294377e-06,0.18173619,61.071668,1100.1418,1200,1233.4681,nan,nan,3.1415927,1100,60,2052.7983,-1116.5259,0.011030071,-11770.372,-0.001726658,0.13961785,0.0021731153,1233.4681,0,0,0,0,0
30.7,2207.3393,2107.2425,-1100.1378,-61.070355,3.9994909,0.040214058,-1.5801162e-05,0.011146556,-3.141583,4.5636221e-06,8.732387e-05,-2.7636142e-06,-0.019832865,4.1733999e-07,-1.3998791e-06,0.44204063,-0.019834431,4.1198239e-07,-1.3818071e-06,0.43676518,0,0,0.011805043,-1.4861867e-06,0.18173231,61.070368,1100.1378,1200,1230.4841,nan,nan,3.1415927,1100,60,2052.7118,-1116.4442,0.010717541,-11770.47,-0.0016778259,0.13745443,0.0021116183,1230.4841,0,0,0,0,0
30.8,2201.2324,2107.6425,-1100.1338,-61.068807,3.9995053,0.03995903,-1.535399e-05,0.011155644,-3.1415833,4.4348306e-06,9.4799351e-05,-2.6855161e-06,-0.019836528,4.056135e-07,-1.3603186e-06,0.44098192,-0.01983825,4.0040885e-07,-1.3427581e-06,0.43577292,0,0,0.011809972,-1.4441583e-06,0.1817277,61.06882,1100.1338,1200,1227.5374,nan,nan,3.1415927,1100,60,2052.6085,-1116.3481,0.010413764,-11770.566,-0.0016303874,0.13529293,0.0020518752,1227.5374,0,0,0,0,0
30.9,2195.1256,2108.0424,-1100.1298,-61.067015,3.9995193,0.039698738,-1.491944e-05,0.011165475,-3.1415836,4.3096815e-06,0.00010215645,-2.6096281e-06,-0.019840534,3.9422165e-07,-1.3218776e-06,0.43993668,-0.019842409,3.8916548e-07,-1.304814e-06,0.43479457,0,0,0.011815559,-1.4033179e-06,0.18172235,61.067027,1100.1298,1200,1224.6281,nan,nan,3.1415927,1100,60,2052.4888,-1116.2376,0.010118498,-11770.66,-0.0015843021,0.13313363,0.0019938352,1224.6281,0,0,0,0,0
31,2189.019,2108.4424,-1100.1258,-61.064981,3.9995329,0.039433329,-1.4497155e-05,0.011176035,-3.1415838,4.1880706e-06,0.00010939529,-2.535887e-06,-0.019844879,3.8315463e-07,-1.2845243e-06,0.438905,-0.019846905,3.7824257e-07,-1.2679435e-06,0.43383019,0,0,0.011821795,-1.3636317e-06,0.18171629,61.064993,1100.1258,1200,1221.7566,nan,nan,3.1415927,1100,60,2052.3529,-1116.113,0.0098315076,-11770.751,-0.0015395307,0.13097684,0.001937449,1221.7566,0,0,0,0,0
31.1,2182.9126,2108.8423,-1100.1219,-61.062709,3.9995462,0.039162949,-1.4086789e-05,0.011187314,-3.1415841,4.0698972e-06,0.00011651603,-2.4642318e-06,-0.019849557,3.7240291e-07,-1.2482277e-06,0.43788696,-0.019851733,3.6763074e-07,-1.2321159e-06,0.43287984,0,0,0.01182867,-1.3250668e-06,0.18170952,61.062722,1100.1219,1200,1218.9231,nan,nan,3.1415927,1100,60,2052.201,-1115.9746,0.0095525635,-11770.84,-0.0014960352,0.12882281,0.0018826688,1218.9231,0,0,0,0,0
31.2,2176.8064,2109.2423,-1100.118,-61.060204,3.9995591,0.038887742,-1.3688004e-05,0.011199299,-3.1415843,3.9550633e-06,0.00012351881,-2.3946029e-06,-0.019854563,3.6195725e-07,-1.2129577e-06,0.43688263,-0.019856886,3.5732087e-07,-1.1973015e-06,0.43194357,0,0,0.011836175,-1.2875916e-06,0.18170206,61.060216,1100.118,1200,1216.1277,nan,nan,3.1415927,1100,60,2052.0333,-1115.8225,0.0092814429,-11770.927,-0.0014537785,0.12667182,0.001829448,1216.1277,0,0,0,0,0
31.3,2170.7005,2109.6422,-1100.1141,-61.057468,3.9995716,0.038607852,-1.3300474e-05,0.011211979,-3.1415845,3.8434736e-06,0.00013040382,-2.3269428e-06,-0.019859893,3.5180869e-07,-1.1786849e-06,0.43589209,-0.019862359,3.4730413e-07,-1.1634714e-06,0.43102144,0,0,0.011844299,-1.2511751e-06,0.18169391,61.05748,1100.1141,1200,1213.3707,nan,nan,3.1415927,1100,60,2051.8502,-1115.657,0.0090179293,-11771.012,-0.0014127248,0.12452415,0.0017777418,1213.3707,0,0,0,0,0
31.4,2164.5949,2110.0422,-1100.1103,-61.054505,3.9995837,0.038323417,-1.2923881e-05,0.011225342,-3.1415848,3.7350358e-06,0.00013717124,-2.2611953e-06,-0.01986554,3.4194856e-07,-1.1453811e-06,0.43491541,-0.019868148,3.3757198e-07,-1.1305976e-06,0.43011349,0,0,0.011853034,-1.2157872e-06,0.18168508,61.054517,1100.1103,1200,1210.6523,nan,nan,3.1415927,1100,60,2051.6519,-1115.4782,0.0087618117,-11771.095,-0.0013728393,0.12238004,0.0017275062,1210.6523,0,0,0,0,0
31.5,2158.4896,2110.4422,-1100.1064,-61.05132,3.9995955,0.038034576,-1.2557915e-05,0.011239376,-3.141585,3.6296603e-06,0.00014382127,-2.197306e-06,-0.0198715,3.3236844e-07,-1.1130187e-06,0.43395264,-0.019874248,3.2811609e-07,-1.098653e-06,0.42921976,0,0,0.011862369,-1.1813988e-06,0.1816756,61.051331,1100.1064,1200,1207.9726,nan,nan,3.1415927,1100,60,2051.4385,-1115.2865,0.0085128852,-11771.175,-0.0013340881,0.12023977,0.001678699,1207.9726,0,0,0,0,0
31.6,2152.3846,2110.8421,-1100.1026,-61.047914,3.999607,0.037741464,-1.2202278e-05,0.011254069,-3.1415852,3.5272598e-06,0.00015035413,-2.1352222e-06,-0.019877767,3.2306016e-07,-1.0815708e-06,0.43300385,-0.019880653,3.1892844e-07,-1.0676111e-06,0.42834029,0,0,0.011872296,-1.1479816e-06,0.18166545,61.047926,1100.1026,1200,1205.3318,nan,nan,3.1415927,1100,60,2051.2105,-1115.0818,0.0082709504,-11771.253,-0.0012964385,0.11810358,0.0016312788,1205.3318,0,0,0,0,0
31.7,2146.28,2111.2421,-1100.0989,-61.044294,3.9996182,0.037444217,-1.1856676e-05,0.01126941,-3.1415854,3.4277498e-06,0.00015677005,-2.0748924e-06,-0.019884337,3.1401581e-07,-1.0510115e-06,0.43206909,-0.019887357,3.100012e-07,-1.0374462e-06,0.42747511,0,0,0.011882805,-1.115508e-06,0.18165467,61.044305,1100.0989,1200,1202.7301,nan,nan,3.1415927,1100,60,2050.9679,-1114.8646,0.0080358134,-11771.33,-0.0012598587,0.11597173,0.0015852057,1202.7301,0,0,0,0,0
31.8,2140.1758,2111.642,-1100.0952,-61.040461,3.999629,0.037142967,-1.1520828e-05,0.011285388,-3.1415856,3.3310481e-06,0.00016306928,-2.0162668e-06,-0.019891204,3.0522772e-07,-1.0213155e-06,0.43114842,-0.019894357,3.0132681e-07,-1.0081334e-06,0.42662427,0,0,0.011893885,-1.0839513e-06,0.18164326,61.040472,1100.0952,1200,1200.1676,nan,nan,3.1415927,1100,60,2050.7111,-1114.635,0.0078072857,-11771.404,-0.0012243179,0.11384446,0.001540441,1200.1676,0,0,0,0,0
31.9,2134.0719,2112.042,-1100.0915,-61.036419,3.9996395,0.036837843,-1.1194458e-05,0.011301989,-3.1415858,3.237075e-06,0.00016925207,-1.9592971e-06,-0.019898362,2.9668843e-07,-9.9245832e-07,0.43024187,-0.019901645,2.9289793e-07,-9.7964854e-07,0.42578777,0,0,0.011905528,-1.0532856e-06,0.18163122,61.036431,1100.0915,1200,1197.6444,nan,nan,3.1415927,1100,60,2050.4403,-1114.3933,0.0075851837,-11771.476,-0.0011897859,0.11172201,0.001496947,1197.6444,0,0,0,0,0
32,2127.9685,2112.442,-1100.0878,-61.032173,3.9996498,0.036528974,-1.0877299e-05,0.011319204,-3.141586,3.145753e-06,0.00017531869,-1.9039362e-06,-0.019905807,2.8839074e-07,-9.6441611e-07,0.4293495,-0.019909218,2.8470743e-07,-9.5196809e-07,0.42496565,0,0,0.011917723,-1.0234857e-06,0.18161858,61.032184,1100.0878,1200,1195.1606,nan,nan,3.1415927,1100,60,2050.1558,-1114.1395,0.0073693291,-11771.547,-0.0011562339,0.10960462,0.0014546871,1195.1606,0,0,0,0,0
32.1,2121.8655,2112.8419,-1100.0841,-61.027726,3.9996597,0.036216486,-1.056909e-05,0.011337019,-3.1415862,3.0570067e-06,0.00018126942,-1.8501384e-06,-0.019913534,2.8032762e-07,-9.3716576e-07,0.42847134,-0.01991707,2.7674842e-07,-9.2506921e-07,0.42415792,0,0,0.011930462,-9.945269e-07,0.18160534,61.027737,1100.0841,1200,1192.7164,nan,nan,3.1415927,1100,60,2049.8577,-1113.8741,0.0071595484,-11771.615,-0.0011236335,0.10749254,0.0014136258,1192.7164,0,0,0,0,0
32.2,2115.7629,2113.2419,-1100.0805,-61.023082,3.9996694,0.035900505,-1.0269579e-05,0.011355424,-3.1415864,2.9707632e-06,0.00018710457,-1.7978595e-06,-0.019921537,2.7249231e-07,-9.1068477e-07,0.42760743,-0.019925196,2.6901418e-07,-8.9892973e-07,0.4233646,0,0,0.011943734,-9.6638559e-07,0.18159151,61.023093,1100.0805,1200,1190.3119,nan,nan,3.1415927,1100,60,2049.5465,-1113.597,0.006955673,-11771.681,-0.0010919575,0.10538598,0.0013737289,1190.3119,0,0,0,0,0
32.3,2109.6608,2113.6419,-1100.077,-61.018244,3.9996788,0.035581153,-9.9785219e-06,0.011374407,-3.1415866,2.8869515e-06,0.00019282444,-1.7470562e-06,-0.01992981,2.648782e-07,-8.8495134e-07,0.42675779,-0.019933591,2.6149824e-07,-8.7352812e-07,0.4225857,0,0,0.01195753,-9.3903858e-07,0.1815771,61.018254,1100.077,1200,1187.9471,nan,nan,3.1415927,1100,60,2049.2222,-1113.3087,0.0067575385,-11771.745,-0.0010611792,0.10328519,0.0013349627,1187.9471,0,0,0,0,0
32.4,2103.5592,2114.0418,-1100.0734,-61.013216,3.9996879,0.035258551,-9.6956793e-06,0.011393957,-3.1415867,2.8055026e-06,0.00019842935,-1.6976869e-06,-0.01993835,2.5747891e-07,-8.5994426e-07,0.42592246,-0.019942249,2.5419427e-07,-8.4884346e-07,0.42182123,0,0,0.011971841,-9.1246342e-07,0.18156213,61.013226,1100.0734,1200,1185.6221,nan,nan,3.1415927,1100,60,2048.8852,-1113.0093,0.0065649856,-11771.808,-0.0010312728,0.10119038,0.0012972949,1185.6221,0,0,0,0,0
32.5,2097.4582,2114.4418,-1100.0699,-61.008002,3.9996968,0.034932818,-9.4208198e-06,0.011414061,-3.1415869,2.7263495e-06,0.00020391964,-1.6497108e-06,-0.01994715,2.5028823e-07,-8.3564296e-07,0.42510145,-0.019951165,2.4709618e-07,-8.2485542e-07,0.42107118,0,0,0.011986655,-8.8663829e-07,0.18154661,61.008012,1100.0699,1200,1183.337,nan,nan,3.1415927,1100,60,2048.5357,-1112.6989,0.006377859,-11771.869,-0.0010022133,0.099101787,0.001260694,1183.337,0,0,0,0,0
32.6,2091.3576,2114.8418,-1100.0664,-61.002605,3.9997054,0.034604072,-9.1537184e-06,0.01143471,-3.1415871,2.6494273e-06,0.00020929565,-1.6030886e-06,-0.019956205,2.4330016e-07,-8.1202742e-07,0.42429479,-0.019960334,2.4019802e-07,-8.0154429e-07,0.42033557,0,0,0.012001965,-8.6154199e-07,0.18153054,61.002615,1100.0664,1200,1181.0918,nan,nan,3.1415927,1100,60,2048.174,-1112.3779,0.0061960076,-11771.927,-0.00097397645,0.097019623,0.0012251295,1181.0918,0,0,0,0,0
32.7,2085.2576,2115.2417,-1100.063,-60.997029,3.9997138,0.034272427,-8.8941566e-06,0.01145589,-3.1415872,2.5746728e-06,0.00021455774,-1.5577817e-06,-0.019965511,2.3650886e-07,-7.8907822e-07,0.42350249,-0.019969751,2.3349404e-07,-7.7889087e-07,0.41961438,0,0,0.012017761,-8.3715392e-07,0.18151394,60.997039,1100.063,1200,1178.8866,nan,nan,3.1415927,1100,60,2047.8003,-1112.0465,0.0060192848,-11771.984,-0.00094653857,0.094944109,0.0011905716,1178.8866,0,0,0,0,0
32.8,2079.1582,2115.6417,-1100.0596,-60.991278,3.9997219,0.033937999,-8.6419217e-06,0.011477591,-3.1415874,2.5020245e-06,0.00021970629,-1.5137531e-06,-0.019975061,2.2990867e-07,-7.667765e-07,0.42272456,-0.01997941,2.2697866e-07,-7.5687656e-07,0.41890762,0,0,0.012034032,-8.1345407e-07,0.18149682,60.991288,1100.0596,1200,1176.7214,nan,nan,3.1415927,1100,60,2047.4148,-1111.7047,0.0058475477,-11772.039,-0.00091987684,0.092875461,0.0011569915,1176.7214,0,0,0,0,0
32.9,2073.0593,2116.0417,-1100.0562,-60.985356,3.9997298,0.033600898,-8.3968075e-06,0.011499802,-3.1415875,2.431423e-06,0.00022474166,-1.4709665e-06,-0.019984851,2.234941e-07,-7.4510394e-07,0.42196101,-0.019989307,2.2064647e-07,-7.3548327e-07,0.41821526,0,0,0.012050769,-7.9042302e-07,0.18147919,60.985365,1100.0562,1200,1174.5962,nan,nan,3.1415927,1100,60,2047.0179,-1111.353,0.0056806575,-11772.093,-0.00089396898,0.090813892,0.0011243614,1174.5962,0,0,0,0,0
33,2066.9611,2116.4417,-1100.0529,-60.979266,3.9997375,0.033261236,-8.1586132e-06,0.011522511,-3.1415877,2.3628103e-06,0.00022966427,-1.4293868e-06,-0.019994876,2.1725982e-07,-7.2404271e-07,0.42121185,-0.019999436,2.144922e-07,-7.1469342e-07,0.4175373,0,0,0.012067963,-7.6804187e-07,0.18146106,60.979275,1100.0529,1200,1172.511,nan,nan,3.1415927,1100,60,2046.6097,-1110.9914,0.0055184792,-11772.144,-0.00086879346,0.088759614,0.001092654,1172.511,0,0,0,0,0
33.1,2060.8635,2116.8416,-1100.0495,-60.973011,3.999745,0.032919121,-7.927144e-06,0.011545707,-3.1415878,2.2961302e-06,0.0002344745,-1.3889799e-06,-0.02000513,2.1120066e-07,-7.0357554e-07,0.42047707,-0.020009793,2.0851076e-07,-6.9448994e-07,0.41687373,0,0,0.012085604,-7.4629227e-07,0.18144244,60.97302,1100.0495,1200,1170.4659,nan,nan,3.1415927,1100,60,2046.1906,-1110.6202,0.0053608814,-11772.194,-0.00084432936,0.086712834,0.0010618429,1170.4659,0,0,0,0,0
33.2,2054.7665,2117.2416,-1100.0463,-60.966596,3.9997523,0.03257466,-7.7022103e-06,0.011569379,-3.141588,2.2313281e-06,0.00023917278,-1.3497125e-06,-0.020015608,2.053116e-07,-6.8368562e-07,0.41975667,-0.020020371,2.026972e-07,-6.7485626e-07,0.4162245,0,0,0.012103682,-7.2515641e-07,0.18142334,60.966605,1100.0463,1200,1168.4608,nan,nan,3.1415927,1100,60,2045.7607,-1110.2396,0.0052077365,-11772.242,-0.00082055624,0.084673761,0.0010319027,1168.4608,0,0,0,0,0
33.3,2048.6701,2117.6416,-1100.043,-60.960024,3.9997593,0.032227958,-7.4836281e-06,0.011593515,-3.1415881,2.1683509e-06,0.00024375954,-1.3115525e-06,-0.020026306,1.9958778e-07,-6.6435664e-07,0.41905065,-0.020031166,1.9704673e-07,-6.5577627e-07,0.41558962,0,0,0.012122188,-7.0461695e-07,0.18140378,60.960032,1100.043,1200,1166.4958,nan,nan,3.1415927,1100,60,2045.3203,-1109.8498,0.0050589202,-11772.289,-0.00079745444,0.082642598,0.0010028083,1166.4958,0,0,0,0,0
33.4,2042.5744,2118.0416,-1100.0398,-60.953299,3.9997662,0.03187912,-7.2712185e-06,0.011618104,-3.1415882,2.107147e-06,0.0002482352,-1.2744687e-06,-0.020037217,1.9402448e-07,-6.4557273e-07,0.41835899,-0.020042172,1.9155466e-07,-6.3723433e-07,0.41496904,0,0,0.012141113,-6.8465707e-07,0.18138376,60.953307,1100.0398,1200,1164.5707,nan,nan,3.1415927,1100,60,2044.8696,-1109.4511,0.0049143118,-11772.333,-0.0007750048,0.080619548,0.00097453584,1164.5707,0,0,0,0,0
33.5,2036.4794,2118.4415,-1100.0367,-60.946424,3.9997728,0.031528247,-7.0648077e-06,0.011643136,-3.1415883,2.0476664e-06,0.00025260024,-1.2384304e-06,-0.020048338,1.8861711e-07,-6.273185e-07,0.41768168,-0.020053386,1.862165e-07,-6.1921522e-07,0.41436274,0,0,0.012160447,-6.6526042e-07,0.18136329,60.946432,1100.0367,1200,1162.6855,nan,nan,3.1415927,1100,60,2044.409,-1109.0436,0.0047737939,-11772.376,-0.00075318874,0.078604813,0.00094706173,1162.6855,0,0,0,0,0
33.6,2030.3851,2118.8415,-1100.0335,-60.939403,3.9997793,0.03117544,-6.8642267e-06,0.011668599,-3.1415885,1.9898605e-06,0.00025685509,-1.2034084e-06,-0.020059662,1.8336121e-07,-6.0957898e-07,0.41701871,-0.0200648,1.8102783e-07,-6.0170418e-07,0.41377069,0,0,0.01218018,-6.4641112e-07,0.18134239,60.939411,1100.0335,1200,1160.8403,nan,nan,3.1415927,1100,60,2043.9386,-1108.6275,0.0046372521,-11772.418,-0.00073198811,0.07659859,0.00092036327,1160.8403,0,0,0,0,0
33.7,2024.2915,2119.2415,-1100.0304,-60.932239,3.9997856,0.030820798,-6.6693113e-06,0.011694482,-3.1415886,1.933682e-06,0.00026100025,-1.1693737e-06,-0.020071184,1.7825248e-07,-5.9233964e-07,0.41637006,-0.020076411,1.7598442e-07,-5.8468687e-07,0.41319284,0,0,0.012200303,-6.2809372e-07,0.18132107,60.932247,1100.0304,1200,1159.0349,nan,nan,3.1415927,1100,60,2043.4587,-1108.2031,0.0045045755,-11772.457,-0.00071138546,0.074601079,0.00089441838,1159.0349,0,0,0,0,0
33.8,2018.1986,2119.6415,-1100.0274,-60.924937,3.9997917,0.030464419,-6.4799021e-06,0.011720775,-3.1415887,1.8790849e-06,0.00026503618,-1.1362987e-06,-0.0200829,1.7328672e-07,-5.7558635e-07,0.4157357,-0.020088213,1.7108212e-07,-5.6814935e-07,0.41262917,0,0,0.012220807,-6.1029324e-07,0.18129933,60.924945,1100.0274,1200,1157.2693,nan,nan,3.1415927,1100,60,2042.9696,-1107.7705,0.0043756561,-11772.496,-0.0006913637,0.072612473,0.0008692056,1157.2693,0,0,0,0,0
33.9,2012.1065,2120.0415,-1100.0243,-60.9175,3.9997977,0.030106399,-6.2958439e-06,0.011747466,-3.1415888,1.8260247e-06,0.00026896338,-1.1041561e-06,-0.020094805,1.6845986e-07,-5.593054e-07,0.4151156,-0.020100202,1.6631691e-07,-5.5207807e-07,0.41207962,0,0,0.012241682,-5.9299509e-07,0.18127719,60.917507,1100.0243,1200,1155.5434,nan,nan,3.1415927,1100,60,2042.4714,-1107.33,0.0042503888,-11772.532,-0.00067190633,0.070632967,0.00084470412,1155.5434,0,0,0,0,0
34,2006.0151,2120.4414,-1100.0213,-60.909931,3.9998034,0.029746832,-6.1169862e-06,0.011774545,-3.1415889,1.7744581e-06,0.00027278236,-1.0729198e-06,-0.020106893,1.6376796e-07,-5.4348346e-07,0.41450974,-0.020112371,1.6168491e-07,-5.3645988e-07,0.41154415,0,0,0.012262919,-5.7618513e-07,0.18125466,60.909938,1100.0213,1200,1153.8571,nan,nan,3.1415927,1100,60,2041.9645,-1106.8818,0.0041286714,-11772.567,-0.0006529973,0.068662753,0.00082089371,1153.8571,0,0,0,0,0
34.1,1999.9245,2120.8414,-1100.0184,-60.902234,3.999809,0.029385812,-5.9431825e-06,0.011802,-3.141589,1.7243429e-06,0.00027649362,-1.042564e-06,-0.02011916,1.5920718e-07,-5.2810757e-07,0.41391808,-0.020124717,1.5718233e-07,-5.21282e-07,0.41102272,0,0,0.012284508,-5.5984957e-07,0.18123175,60.902241,1100.0184,1200,1152.2104,nan,nan,3.1415927,1100,60,2041.4491,-1106.4261,0.0040104047,-11772.601,-0.00063462099,0.066702023,0.00079775475,1152.2104,0,0,0,0,0
34.2,1993.8346,2121.2414,-1100.0155,-60.894412,3.9998145,0.02902343,-5.7742904e-06,0.011829821,-3.1415891,1.6756383e-06,0.0002800977,-1.013064e-06,-0.020131599,1.547738e-07,-5.1316515e-07,0.41334059,-0.020137234,1.5280551e-07,-5.0653201e-07,0.41051527,0,0,0.01230644,-5.4397507e-07,0.18120847,60.894419,1100.0155,1200,1150.6031,nan,nan,3.1415927,1100,60,2040.9253,-1105.9631,0.0038954921,-11772.632,-0.00061676229,0.064750964,0.00077526815,1150.6031,0,0,0,0,0
34.3,1987.7456,2121.6414,-1100.0126,-60.88647,3.9998198,0.028659776,-5.6101718e-06,0.011857998,-3.1415892,1.6283044e-06,0.00028359513,-9.8439568e-07,-0.020144208,1.5046421e-07,-4.9864398e-07,0.41277723,-0.020149917,1.4855086e-07,-4.9219784e-07,0.41002175,0,0,0.012328707,-5.2854863e-07,0.18118483,60.886477,1100.0126,1200,1149.0351,nan,nan,3.1415927,1100,60,2040.3935,-1105.493,0.0037838396,-11772.663,-0.00059940651,0.062809766,0.0007534154,1149.0351,0,0,0,0,0
34.4,1981.6573,2122.0414,-1100.0097,-60.87841,3.9998249,0.028294939,-5.4506922e-06,0.01188652,-3.1415893,1.5823027e-06,0.00028698645,-9.5653553e-07,-0.020156979,1.4627491e-07,-4.8453219e-07,0.41222796,-0.020162761,1.4441495e-07,-4.7826777e-07,0.4095421,0,0,0.012351298,-5.1355762e-07,0.18116084,60.878416,1100.0097,1200,1147.5063,nan,nan,3.1415927,1100,60,2039.8539,-1105.016,0.003675356,-11772.692,-0.00058253935,0.060878614,0.00073217852,1147.5063,0,0,0,0,0
34.5,1975.5698,2122.4413,-1100.0069,-60.870236,3.9998299,0.027929007,-5.295721e-06,0.011915375,-3.1415894,1.5375958e-06,0.00029027222,-9.294608e-07,-0.020169909,1.4220248e-07,-4.7081822e-07,0.41169272,-0.020175761,1.4039441e-07,-4.647304e-07,0.40907627,0,0,0.012374204,-4.9898978e-07,0.18113651,60.870242,1100.0069,1200,1146.0166,nan,nan,3.1415927,1100,60,2039.3067,-1104.5323,0.0035699524,-11772.719,-0.00056614691,0.058957693,0.00071154003,1146.0166,0,0,0,0,0
34.6,1969.4832,2122.8413,-1100.0041,-60.861951,3.9998348,0.027562065,-5.1451312e-06,0.011944554,-3.1415895,1.494147e-06,0.00029345301,-9.0314936e-07,-0.020182992,1.3824363e-07,-4.5749087e-07,0.41117149,-0.020188912,1.3648598e-07,-4.5157468e-07,0.40862419,0,0,0.012397416,-4.8483318e-07,0.18111185,60.861958,1100.0041,1200,1144.5659,nan,nan,3.1415927,1100,60,2038.7522,-1104.0421,0.0034675425,-11772.745,-0.00055021587,0.057047187,0.00069148298,1144.5659,0,0,0,0,0
34.7,1963.3974,2123.2413,-1100.0014,-60.85356,3.9998395,0.0271942,-4.9987996e-06,0.011974047,-3.1415896,1.451921e-06,0.00029652938,-8.7757968e-07,-0.020196224,1.3439515e-07,-4.4453924e-07,0.41066419,-0.02020221,1.3268649e-07,-4.3878984e-07,0.4081858,0,0,0.012420926,-4.7107625e-07,0.18108687,60.853566,1100.0014,1200,1143.154,nan,nan,3.1415927,1100,60,2038.1906,-1103.5456,0.0033680424,-11772.77,-0.00053473294,0.055147278,0.00067199088,1143.154,0,0,0,0,0
34.8,1957.3125,2123.6413,-1099.9987,-60.845064,3.9998441,0.026825494,-4.8566062e-06,0.012003842,-3.1415897,1.4108835e-06,0.00029950193,-8.5273088e-07,-0.0202096,1.3065392e-07,-4.3195275e-07,0.41017079,-0.020215649,1.2899286e-07,-4.2636544e-07,0.40776103,0,0,0.012444724,-4.5770773e-07,0.18106158,60.84507,1099.9987,1200,1141.7807,nan,nan,3.1415927,1100,60,2037.6221,-1103.043,0.0032713704,-11772.793,-0.00051968562,0.053258147,0.00065304774,1141.7807,0,0,0,0,0
34.9,1951.2284,2124.0413,-1099.996,-60.836469,3.9998485,0.026456029,-4.7184346e-06,0.012033929,-3.1415898,1.3710009e-06,0.00030237125,-8.2858265e-07,-0.020223115,1.2701691e-07,-4.1972111e-07,0.40969122,-0.020229225,1.2540212e-07,-4.1429133e-07,0.40734981,0,0,0.0124688,-4.4471668e-07,0.181036,60.836475,1099.996,1200,1140.446,nan,nan,3.1415927,1100,60,2037.0469,-1102.5346,0.0031774471,-11772.814,-0.00050506154,0.051379973,0.00063463803,1140.446,0,0,0,0,0
35,1945.1451,2124.4413,-1099.9934,-60.827777,3.9998529,0.026085886,-4.5841714e-06,0.012064298,-3.1415899,1.3322408e-06,0.00030513795,-8.0511526e-07,-0.020236763,1.2348118e-07,-4.0783433e-07,0.40922543,-0.020242933,1.2191136e-07,-4.0255763e-07,0.40695207,0,0,0.012493147,-4.3209247e-07,0.18101013,60.827783,1099.9934,1200,1139.1496,nan,nan,3.1415927,1100,60,2036.4654,-1102.0204,0.0030861953,-11772.834,-0.00049084858,0.049512934,0.00061674662,1139.1496,0,0,0,0,0
35.1,1939.0628,2124.8412,-1099.9908,-60.818991,3.9998571,0.025715146,-4.4537067e-06,0.01209494,-3.1415899,1.2945715e-06,0.00030780263,-7.8230954e-07,-0.02025054,1.200439e-07,-3.9628269e-07,0.40877336,-0.020256767,1.1851777e-07,-3.9115477e-07,0.40656774,0,0,0.012517754,-4.1982477e-07,0.18098398,60.818997,1099.9908,1200,1137.8914,nan,nan,3.1415927,1100,60,2035.8777,-1101.5008,0.00299754,-11772.853,-0.00047703527,0.047657206,0.00059935887,1137.8914,0,0,0,0,0
35.2,1932.9813,2125.2412,-1099.9883,-60.810116,3.9998612,0.025343887,-4.3269334e-06,0.012125843,-3.14159,1.2579625e-06,0.00031036594,-7.6014685e-07,-0.020264442,1.1670228e-07,-3.8505676e-07,0.40833494,-0.020270724,1.1521862e-07,-3.8007342e-07,0.40619674,0,0,0.012542613,-4.0790355e-07,0.18095756,60.810121,1099.9883,1200,1136.6711,nan,nan,3.1415927,1100,60,2035.284,-1100.9758,0.0029114083,-11772.871,-0.00046361023,0.045812967,0.00058246054,1136.6711,0,0,0,0,0
35.3,1926.9007,2125.6412,-1099.9857,-60.801154,3.9998651,0.024972185,-4.2037477e-06,0.012156997,-3.1415901,1.2223839e-06,0.00031282848,-7.3860909e-07,-0.020278463,1.1345363e-07,-3.7414736e-07,0.4079101,-0.020284798,1.1201124e-07,-3.6930454e-07,0.40583899,0,0,0.012567716,-3.9631905e-07,0.18093088,60.801159,1099.9857,1200,1135.4887,nan,nan,3.1415927,1100,60,2034.6846,-1100.4458,0.0028277291,-11772.887,-0.00045056253,0.043980389,0.00056603779,1135.4887,0,0,0,0,0
35.4,1920.821,2126.0412,-1099.9833,-60.792108,3.999869,0.024600118,-4.0840485e-06,0.012188393,-3.1415902,1.1878068e-06,0.00031519092,-7.1767867e-07,-0.020292599,1.1029534e-07,-3.6354559e-07,0.40749878,-0.020298984,1.0889307e-07,-3.5883934e-07,0.40549441,0,0,0.012593053,-3.8506179e-07,0.18090396,60.792113,1099.9833,1200,1134.3439,nan,nan,3.1415927,1100,60,2034.0797,-1099.9108,0.0027464335,-11772.902,-0.00043788147,0.042159645,0.00055007717,1134.3439,0,0,0,0,0
35.5,1914.7422,2126.4412,-1099.9808,-60.782982,3.9998728,0.024227761,-3.9677375e-06,0.01222002,-3.1415902,1.1542029e-06,0.00031745391,-6.973385e-07,-0.020306845,1.0722488e-07,-3.5324279e-07,0.4071009,-0.020313279,1.058616e-07,-3.4866925e-07,0.40516292,0,0,0.012618615,-3.7412255e-07,0.1808768,60.782987,1099.9808,1200,1133.2366,nan,nan,3.1415927,1100,60,2033.4696,-1099.3712,0.0026674544,-11772.915,-0.00042555671,0.040350907,0.00053456565,1133.2366,0,0,0,0,0
35.6,1908.6644,2126.8412,-1099.9784,-60.77378,3.9998764,0.023855186,-3.8547195e-06,0.012251869,-3.1415903,1.121545e-06,0.0003196181,-6.7757197e-07,-0.020321197,1.0423978e-07,-3.4323054e-07,0.4067164,-0.020327677,1.0291439e-07,-3.3878599e-07,0.40484443,0,0,0.012644394,-3.6349239e-07,0.18084941,60.773784,1099.9784,1200,1132.1664,nan,nan,3.1415927,1100,60,2032.8544,-1098.827,0.0025907267,-11772.927,-0.00041357824,0.038554344,0.00051949054,1132.1664,0,0,0,0,0
35.7,1902.5874,2127.2412,-1099.976,-60.764504,3.9998799,0.023482467,-3.7449017e-06,0.01228393,-3.1415904,1.0898065e-06,0.00032168417,-6.5836294e-07,-0.020335649,1.0133764e-07,-3.3350067e-07,0.40634519,-0.020342173,1.0004909e-07,-3.2918147e-07,0.40453886,0,0,0.01267038,-3.5316261e-07,0.1808218,60.764508,1099.976,1200,1131.1333,nan,nan,3.1415927,1100,60,2032.2343,-1098.2784,0.0025161868,-11772.938,-0.00040193619,0.036770127,0.00050483951,1131.1333,0,0,0,0,0
35.8,1896.5114,2127.6412,-1099.9737,-60.755157,3.9998834,0.023109676,-3.6381938e-06,0.012316193,-3.1415904,1.0589615e-06,0.00032365281,-6.3969571e-07,-0.020350197,9.8516143e-08,-3.2404522e-07,0.4059872,-0.020356764,9.7263389e-08,-3.1984785e-07,0.40424611,0,0,0.012696567,-3.4312474e-07,0.18079398,60.755162,1099.9737,1200,1130.1369,nan,nan,3.1415927,1100,60,2031.6097,-1097.7258,0.0024437732,-11772.947,-0.00039062123,0.034998421,0.00049060062,1130.1369,0,0,0,0,0
35.9,1890.4364,2128.0411,-1099.9714,-60.745744,3.9998867,0.022736884,-3.5345083e-06,0.012348648,-3.1415905,1.0289849e-06,0.00032552469,-6.2155505e-07,-0.020364837,9.577303e-08,-3.1485649e-07,0.40564235,-0.020371444,9.4555075e-08,-3.1077752e-07,0.40396609,0,0,0.012722944,-3.3337058e-07,0.18076596,60.745748,1099.9714,1200,1129.1771,nan,nan,3.1415927,1100,60,2030.9806,-1097.1692,0.002373426,-11772.956,-0.00037962393,0.033239393,0.00047676222,1129.1771,0,0,0,0,0
36,1884.3622,2128.4411,-1099.9692,-60.736266,3.99989,0.022364159,-3.4337602e-06,0.012381285,-3.1415906,9.9985234e-07,0.00032730052,-6.0392613e-07,-0.020379564,9.3106105e-08,-3.0592697e-07,0.40531055,-0.020386208,9.1921976e-08,-3.0196307e-07,0.40369872,0,0,0.012749503,-3.2389213e-07,0.18073776,60.73627,1099.9692,1200,1128.2537,nan,nan,3.1415927,1100,60,2030.3473,-1096.6088,0.0023050868,-11772.963,-0.00036893553,0.031493207,0.00046331303,1128.2537,0,0,0,0,0
36.1,1878.2891,2128.8411,-1099.9669,-60.726728,3.9998931,0.02199157,-3.3358665e-06,0.012414096,-3.1415906,9.7154013e-07,0.000328981,-5.8679458e-07,-0.020394373,9.051324e-08,-2.9724936e-07,0.40499172,-0.020401054,8.9361988e-08,-2.9339729e-07,0.40344389,0,0,0.012776236,-3.1468164e-07,0.18070937,60.726732,1099.9669,1200,1127.3664,nan,nan,3.1415927,1100,60,2029.7101,-1096.0448,0.0022386991,-11772.968,-0.00035854716,0.029760027,0.00045024207,1127.3664,0,0,0,0,0
36.2,1872.2168,2129.2411,-1099.9648,-60.717132,3.9998962,0.021619184,-3.2407469e-06,0.01244707,-3.1415907,9.4402522e-07,0.00033056686,-5.7014639e-07,-0.020409259,8.7992362e-08,-2.8881658e-07,0.40468578,-0.020415974,8.6873074e-08,-2.850732e-07,0.40320151,0,0,0.012803134,-3.0573156e-07,0.18068081,60.717136,1099.9648,1200,1126.5149,nan,nan,3.1415927,1100,60,2029.0691,-1095.4774,0.0021742077,-11772.973,-0.00034845049,0.028040015,0.00043753869,1126.5149,0,0,0,0,0
36.3,1866.1456,2129.6411,-1099.9626,-60.707482,3.9998992,0.021247069,-3.1483232e-06,0.012480199,-3.1415907,9.1728521e-07,0.00033205882,-5.5396797e-07,-0.020424219,8.5541461e-08,-2.8062174e-07,0.40439263,-0.020430967,8.4453238e-08,-2.7698399e-07,0.40297148,0,0,0.012830189,-2.9703456e-07,0.18065208,60.707486,1099.9626,1200,1125.699,nan,nan,3.1415927,1100,60,2028.4246,-1094.9068,0.0021115591,-11772.976,-0.0003386373,0.026333329,0.00042519253,1125.699,0,0,0,0,0
36.4,1860.0753,2130.0411,-1099.9605,-60.69778,3.999902,0.02087529,-3.0585194e-06,0.012513472,-3.1415908,8.9129835e-07,0.00033345761,-5.3824611e-07,-0.020439248,8.3158584e-08,-2.7265815e-07,0.40411218,-0.020446026,8.2100564e-08,-2.6912306e-07,0.4027537,0,0,0.012857393,-2.8858353e-07,0.18062321,60.697784,1099.9605,1200,1124.9185,nan,nan,3.1415927,1100,60,2027.7767,-1094.3331,0.0020507013,-11772.978,-0.00032909951,0.02464013,0.00041319353,1124.9185,0,0,0,0,0
36.5,1854.006,2130.4411,-1099.9584,-60.68803,3.9999049,0.020503911,-2.9712618e-06,0.01254688,-3.1415908,8.6604349e-07,0.00033476397,-5.2296797e-07,-0.020454342,8.0841831e-08,-2.6491931e-07,0.40384435,-0.020461147,7.981317e-08,-2.6148399e-07,0.40254807,0,0,0.012884738,-2.8037152e-07,0.18059419,60.688033,1099.9584,1200,1124.1731,nan,nan,3.1415927,1100,60,2027.1257,-1093.7566,0.0019915837,-11772.979,-0.00031982952,0.022960573,0.00040153193,1124.1731,0,0,0,0,0
36.6,1847.9377,2130.8411,-1099.9564,-60.678234,3.9999076,0.020132995,-2.8864785e-06,0.012580415,-3.1415909,8.4150007e-07,0.00033597867,-5.0812107e-07,-0.020469496,7.858936e-08,-2.5739889e-07,0.40358903,-0.020476327,7.7589238e-08,-2.5406054e-07,0.40235448,0,0,0.012912214,-2.7239182e-07,0.18056504,60.678237,1099.9564,1200,1123.4625,nan,nan,3.1415927,1100,60,2026.4718,-1093.1774,0.001934157,-11772.978,-0.00031081968,0.021294815,0.00039019821,1123.4625,0,0,0,0,0
36.7,1841.8703,2131.2411,-1099.9544,-60.668396,3.9999102,0.019762606,-2.8040998e-06,0.012614067,-3.1415909,8.1764814e-07,0.00033710245,-4.9369329e-07,-0.020484705,7.6399378e-08,-2.5009076e-07,0.40334613,-0.020491561,7.5427e-08,-2.4684664e-07,0.40217283,0,0,0.012939815,-2.6463789e-07,0.18053575,60.668399,1099.9544,1200,1122.7865,nan,nan,3.1415927,1100,60,2025.8151,-1092.5956,0.0018783735,-11772.977,-0.00030206279,0.01964301,0.00037918316,1122.7865,0,0,0,0,0
36.8,1835.8039,2131.6411,-1099.9525,-60.658518,3.9999128,0.019392804,-2.7240578e-06,0.012647827,-3.141591,7.9446826e-07,0.00033813609,-4.7967282e-07,-0.020499966,7.4270146e-08,-2.4298894e-07,0.40311555,-0.020506844,7.3324739e-08,-2.3983641e-07,0.402003,0,0,0.012967532,-2.5710337e-07,0.18050636,60.658521,1099.9525,1200,1122.1448,nan,nan,3.1415927,1100,60,2025.1558,-1092.0116,0.0018241867,-11772.974,-0.00029355156,0.018005309,0.00036847779,1122.1448,0,0,0,0,0
36.9,1829.7385,2132.041,-1099.9505,-60.648604,3.9999153,0.019023651,-2.6462868e-06,0.012681686,-3.141591,7.7194159e-07,0.00033908037,-4.6604824e-07,-0.020515274,7.219997e-08,-2.3608764e-07,0.40289719,-0.020522172,7.1280786e-08,-2.3302412e-07,0.4018449,0,0,0.012995356,-2.4978208e-07,0.18047685,60.648607,1099.9505,1200,1121.5371,nan,nan,3.1415927,1100,60,2024.4943,-1091.4253,0.0017715513,-11772.97,-0.00028527924,0.016381864,0.00035807342,1121.5371,0,0,0,0,0
37,1823.6742,2132.441,-1099.9486,-60.638656,3.9999177,0.018655207,-2.5707227e-06,0.012715636,-3.1415911,7.5004978e-07,0.00033993606,-4.5280839e-07,-0.020530625,7.0187209e-08,-2.293812e-07,0.40269095,-0.020537542,6.9293514e-08,-2.264042e-07,0.40169841,0,0,0.013023281,-2.4266802e-07,0.18044724,60.638659,1099.9486,1200,1120.9632,nan,nan,3.1415927,1100,60,2023.8306,-1090.8371,0.0017204235,-11772.965,-0.00027723908,0.014772822,0.00034796157,1120.9632,0,0,0,0,0
37.1,1817.6108,2132.841,-1099.9468,-60.628678,3.9999201,0.018287531,-2.4973031e-06,0.012749667,-3.1415911,7.2877502e-07,0.00034070396,-4.3994247e-07,-0.020546015,6.8230264e-08,-2.2286416e-07,0.40249673,-0.020552948,6.7361353e-08,-2.1997123e-07,0.40156343,0,0,0.013051298,-2.3575535e-07,0.18041754,60.62868,1099.9468,1200,1120.4227,nan,nan,3.1415927,1100,60,2023.1649,-1090.2471,0.0016707606,-11772.959,-0.00026942455,0.013178331,0.00033813401,1120.4227,0,0,0,0,0
37.2,1811.5484,2133.241,-1099.945,-60.618671,3.9999224,0.01792068,-2.4259678e-06,0.01278377,-3.1415912,7.0809998e-07,0.00034138487,-4.2743995e-07,-0.020561439,6.6327583e-08,-2.1653119e-07,0.40231442,-0.020568387,6.5482766e-08,-2.1371997e-07,0.40143983,0,0,0.0130794,-2.290384e-07,0.18038776,60.618674,1099.945,1200,1119.9153,nan,nan,3.1415927,1100,60,2022.4975,-1089.6553,0.0016225209,-11772.952,-0.00026182933,0.011598537,0.00032858277,1119.9153,0,0,0,0,0
37.3,1805.487,2133.641,-1099.9432,-60.60864,3.9999246,0.017554711,-2.3566577e-06,0.012817938,-3.1415912,6.8800784e-07,0.00034197961,-4.1529062e-07,-0.020576894,6.447766e-08,-2.1037711e-07,0.40214391,-0.020583855,6.3656266e-08,-2.0764531e-07,0.4013275,0,0,0.013107578,-2.2251167e-07,0.18035791,60.608642,1099.9432,1200,1119.4408,nan,nan,3.1415927,1100,60,2021.8285,-1089.0621,0.0015756643,-11772.944,-0.00025444723,0.010033582,0.00031930007,1119.4408,0,0,0,0,0
37.4,1799.4266,2134.041,-1099.9415,-60.598586,3.9999268,0.017189683,-2.2893159e-06,0.01285216,-3.1415913,6.6848222e-07,0.00034248899,-4.0348455e-07,-0.020592376,6.2679028e-08,-2.0439689e-07,0.4019851,-0.020599348,6.1880406e-08,-2.0174227e-07,0.40122633,0,0,0.013135825,-2.1616979e-07,0.18032799,60.598588,1099.9415,1200,1118.9989,nan,nan,3.1415927,1100,60,2021.1581,-1088.4676,0.0015301514,-11772.934,-0.00024727233,0.0084836075,0.00031027837,1118.9989,0,0,0,0,0
37.5,1793.3672,2134.441,-1099.9398,-60.588512,3.9999289,0.016825649,-2.2238867e-06,0.01288643,-3.1415913,6.4950724e-07,0.00034291382,-3.9201208e-07,-0.02060788,6.0930263e-08,-1.9858565e-07,0.40183788,-0.020614861,6.0153784e-08,-1.9600604e-07,0.4011362,0,0,0.013164134,-2.1000756e-07,0.18029801,60.588515,1099.9398,1200,1118.5892,nan,nan,3.1415927,1100,60,2020.4866,-1087.8719,0.0014859441,-11772.924,-0.00024029872,0.0069487536,0.00030151033,1118.5892,0,0,0,0,0
37.6,1787.3088,2134.841,-1099.9381,-60.578422,3.9999309,0.016462665,-2.1603162e-06,0.012920738,-3.1415913,6.3106744e-07,0.00034325496,-3.8086383e-07,-0.020623402,5.9229981e-08,-1.9293862e-07,0.40170213,-0.02063039,5.8475028e-08,-1.9043192e-07,0.40105699,0,0,0.013192496,-2.0401991e-07,0.18026798,60.578424,1099.9381,1200,1118.2114,nan,nan,3.1415927,1100,60,2019.814,-1087.2752,0.0014430054,-11772.912,-0.00023352086,0.0054291577,0.00029298884,1118.2114,0,0,0,0,0
37.7,1781.2515,2135.241,-1099.9365,-60.568318,3.9999329,0.016100784,-2.098552e-06,0.012955077,-3.1415914,6.1314779e-07,0.00034351322,-3.7003069e-07,-0.020638938,5.7576836e-08,-1.874512e-07,0.40157775,-0.020645932,5.6842813e-08,-1.8501535e-07,0.40098858,0,0,0.013220905,-1.9820194e-07,0.1802379,60.56832,1099.9365,1200,1117.8653,nan,nan,3.1415927,1100,60,2019.1406,-1086.6776,0.0014012993,-11772.899,-0.00022693321,0.0039249548,0.00028470696,1117.8653,0,0,0,0,0
37.8,1775.1951,2135.641,-1099.9349,-60.558202,3.9999349,0.01574006,-2.0385429e-06,0.012989437,-3.1415914,5.9573369e-07,0.00034368947,-3.5950379e-07,-0.020654485,5.5969523e-08,-1.8211889e-07,0.40146461,-0.020661483,5.5255852e-08,-1.797519e-07,0.40093086,0,0,0.013249353,-1.9254885e-07,0.1802078,60.558204,1099.9349,1200,1117.5505,nan,nan,3.1415927,1100,60,2018.4665,-1086.0793,0.0013607906,-11772.886,-0.00022053039,0.0024362783,0.00027665798,1117.5505,0,0,0,0,0
37.9,1769.1398,2136.041,-1099.9333,-60.548077,3.9999367,0.015380546,-1.9802396e-06,0.013023811,-3.1415914,5.7881096e-07,0.00034378456,-3.4927452e-07,-0.020670039,5.4406769e-08,-1.7693733e-07,0.40136261,-0.020677039,5.3712882e-08,-1.7463726e-07,0.4008837,0,0,0.013277833,-1.8705601e-07,0.18017767,60.548079,1099.9333,1200,1117.2667,nan,nan,3.1415927,1100,60,2017.7919,-1085.4805,0.0013214455,-11772.871,-0.00021430733,0.00096325941,0.00026883535,1117.2667,0,0,0,0,0
38,1763.0855,2136.441,-1099.9318,-60.537947,3.9999385,0.015022292,-1.9235938e-06,0.013058191,-3.1415915,5.623658e-07,0.00034379934,-3.3933451e-07,-0.020685596,5.288734e-08,-1.7190229e-07,0.40127163,-0.020692596,5.2212692e-08,-1.6966726e-07,0.40084698,0,0,0.013306338,-1.8171889e-07,0.18014752,60.537948,1099.9318,1200,1117.0135,nan,nan,3.1415927,1100,60,2017.117,-1084.8814,0.0012832308,-11772.855,-0.00020825891,-0.00049397283,0.00026123272,1117.0135,0,0,0,0,0
38.1,1757.0321,2136.841,-1099.9303,-60.527812,3.9999403,0.01466535,-1.8685586e-06,0.013092569,-3.1415915,5.4638481e-07,0.00034373468,-3.2967562e-07,-0.020701151,5.1410036e-08,-1.6700963e-07,0.40119154,-0.02070815,5.0754092e-08,-1.6483781e-07,0.40082058,0,0,0.01333486,-1.7653312e-07,0.18011735,60.527814,1099.9303,1200,1116.7907,nan,nan,3.1415927,1100,60,2016.442,-1084.2819,0.0012461143,-11772.838,-0.00020238025,-0.0019352921,0.00025384391,1116.7907,0,0,0,0,0
38.2,1750.9798,2137.241,-1099.9289,-60.517676,3.999942,0.01430977,-1.8150887e-06,0.013126936,-3.1415915,5.3085495e-07,0.00034359147,-3.2028995e-07,-0.020716702,4.9973691e-08,-1.6225536e-07,0.40112224,-0.020723698,4.9335932e-08,-1.6014498e-07,0.40080437,0,0,0.013363392,-1.7149442e-07,0.18008719,60.517678,1099.9289,1200,1116.5979,nan,nan,3.1415927,1100,60,2015.767,-1083.6825,0.0012100649,-11772.82,-0.00019666658,-0.003360574,0.00024666293,1116.5979,0,0,0,0,0
38.3,1744.9286,2137.6409,-1099.9275,-60.507542,3.9999437,0.013955601,-1.7631397e-06,0.013161285,-3.1415916,5.1576357e-07,0.00034337058,-3.1116981e-07,-0.020732244,4.8577169e-08,-1.5763559e-07,0.4010636,-0.020739236,4.7957093e-08,-1.555849e-07,0.40079822,0,0,0.013391928,-1.6659865e-07,0.18005703,60.507544,1099.9275,1200,1116.4348,nan,nan,3.1415927,1100,60,2015.0922,-1083.083,0.0011750521,-11772.802,-0.00019111333,-0.0047696958,0.00023968394,1116.4348,0,0,0,0,0
38.4,1738.8783,2138.0409,-1099.9261,-60.497412,3.9999453,0.013602891,-1.7126687e-06,0.013195609,-3.1415916,5.0109835e-07,0.0003430729,-3.0230772e-07,-0.020747774,4.7219368e-08,-1.5314652e-07,0.4010155,-0.02075476,4.6616487e-08,-1.5115386e-07,0.40080201,0,0,0.01342046,-1.6184178e-07,0.18002688,60.497413,1099.9261,1200,1116.301,nan,nan,3.1415927,1100,60,2014.4178,-1082.4838,0.0011410464,-11772.782,-0.00018571599,-0.0061625387,0.00023290128,1116.301,0,0,0,0,0
38.5,1732.829,2138.4409,-1099.9247,-60.487288,3.9999469,0.013251689,-1.663634e-06,0.013229899,-3.1415916,4.8684732e-07,0.00034269933,-2.9369644e-07,-0.020763288,4.5899218e-08,-1.4878448e-07,0.40097782,-0.020770266,4.5313053e-08,-1.4684822e-07,0.40081562,0,0,0.013448981,-1.5721989e-07,0.17999675,60.487289,1099.9247,1200,1116.1962,nan,nan,3.1415927,1100,60,2013.7439,-1081.8849,0.0011080191,-11772.761,-0.00018047014,-0.0075389853,0.00022630944,1116.1962,0,0,0,0,0
38.6,1726.7808,2138.8409,-1099.9234,-60.477172,3.9999484,0.012902042,-1.6159949e-06,0.013264148,-3.1415917,4.7299886e-07,0.00034225076,-2.8532889e-07,-0.020778783,4.4615677e-08,-1.445459e-07,0.40095044,-0.020785752,4.4045768e-08,-1.4266445e-07,0.40083891,0,0,0.013477486,-1.5272918e-07,0.17996664,60.477173,1099.9234,1200,1116.1201,nan,nan,3.1415927,1100,60,2013.0707,-1081.2866,0.0010759424,-11772.739,-0.00017537154,-0.0088989206,0.00021990307,1116.1201,0,0,0,0,0
38.7,1720.7335,2139.2409,-1099.9222,-60.467068,3.9999499,0.012553996,-1.569712e-06,0.013298349,-3.1415917,4.5954167e-07,0.00034172811,-2.7719823e-07,-0.020794256,4.3367732e-08,-1.4042731e-07,0.40093323,-0.020801213,4.2813628e-08,-1.3859912e-07,0.40087176,0,0,0.013505966,-1.4836594e-07,0.17993657,60.467069,1099.9222,1200,1116.0723,nan,nan,3.1415927,1100,60,2012.3983,-1080.6888,0.0010447892,-11772.717,-0.00017041617,-0.010242233,0.00021367696,1116.0723,0,0,0,0,0
38.8,1714.6873,2139.6409,-1099.9209,-60.456977,3.9999513,0.012207597,-1.5247469e-06,0.013332494,-3.1415917,4.4646474e-07,0.00034113229,-2.6929779e-07,-0.020809701,4.2154398e-08,-1.3642532e-07,0.40092606,-0.020816646,4.1615662e-08,-1.3464889e-07,0.40091404,0,0,0.013534416,-1.4412659e-07,0.17990654,60.456978,1099.9209,1200,1116.0524,nan,nan,3.1415927,1100,60,2011.7269,-1080.0919,0.001014533,-11772.693,-0.00016559995,-0.011568813,0.00020762607,1116.0524,0,0,0,0,0
38.9,1708.6421,2140.0409,-1099.9197,-60.446901,3.9999527,0.011862889,-1.4810624e-06,0.013366576,-3.1415918,4.3375742e-07,0.00034046421,-2.6162108e-07,-0.020825117,4.0974721e-08,-1.3253666e-07,0.40092882,-0.020832048,4.0450929e-08,-1.3081054e-07,0.40096562,0,0,0.013562829,-1.4000763e-07,0.17987656,60.446903,1099.9197,1200,1116.0602,nan,nan,3.1415927,1100,60,2011.0567,-1079.4958,0.00098514836,-11772.669,-0.00016091893,-0.012878554,0.00020174547,1116.0602,0,0,0,0,0
39,1702.5979,2140.4409,-1099.9185,-60.436844,3.9999541,0.011519919,-1.4386222e-06,0.013400588,-3.1415918,4.2140931e-07,0.00033972481,-2.5416182e-07,-0.0208405,3.9827767e-08,-1.2875814e-07,0.40094138,-0.020847415,3.9318506e-08,-1.2708091e-07,0.40102636,0,0,0.013591199,-1.3600566e-07,0.17984663,60.436845,1099.9185,1200,1116.0952,nan,nan,3.1415927,1100,60,2010.3878,-1078.9008,0.00095661034,-11772.643,-0.00015636944,-0.014171351,0.0001960304,1116.0952,0,0,0,0,0
39.1,1696.5547,2140.8409,-1099.9174,-60.426807,3.9999554,0.011178728,-1.3973911e-06,0.013434523,-3.1415918,4.0941032e-07,0.00033891502,-2.4691387e-07,-0.020855847,3.8712636e-08,-1.2508665e-07,0.4009636,-0.020862744,3.8217505e-08,-1.2345693e-07,0.40109614,0,0,0.013619519,-1.3211738e-07,0.17981676,60.426808,1099.9174,1200,1116.1572,nan,nan,3.1415927,1100,60,2009.7203,-1078.307,0.00092889479,-11772.617,-0.00015194765,-0.015447104,0.00019047619,1116.1572,0,0,0,0,0
39.2,1690.5125,2141.2409,-1099.9163,-60.416792,3.9999567,0.01083936,-1.3573349e-06,0.013468373,-3.1415918,3.9775065e-07,0.00033803577,-2.3987129e-07,-0.020871153,3.7628444e-08,-1.2151918e-07,0.40099536,-0.020878032,3.7147052e-08,-1.1993564e-07,0.40117483,0,0,0.013647783,-1.2833958e-07,0.17978695,60.416793,1099.9163,1200,1116.2457,nan,nan,3.1415927,1100,60,2009.0544,-1077.7145,0.0009019782,-11772.59,-0.00014765022,-0.016705714,0.00018507838,1116.2457,0,0,0,0,0
39.3,1684.4713,2141.6409,-1099.9152,-60.406802,3.999958,0.010501857,-1.3184204e-06,0.013502132,-3.1415919,3.8642076e-07,0.000337088,-2.3302829e-07,-0.020886416,3.657434e-08,-1.180528e-07,0.40103654,-0.020893275,3.6106309e-08,-1.1651415e-07,0.40126229,0,0,0.013675985,-1.2466914e-07,0.17975722,60.406803,1099.9152,1200,1116.3604,nan,nan,3.1415927,1100,60,2008.3903,-1077.1234,0.00087583774,-11772.561,-0.00014347344,-0.017947085,0.00017983255,1116.3604,0,0,0,0,0
39.4,1678.4311,2142.0409,-1099.9142,-60.396839,3.9999592,0.010166261,-1.2806153e-06,0.013535793,-3.1415919,3.7541138e-07,0.00033607266,-2.2637927e-07,-0.020901633,3.5549492e-08,-1.1468468e-07,0.401087,-0.020908471,3.5094451e-08,-1.1318963e-07,0.40135839,0,0,0.013704118,-1.2110304e-07,0.17972757,60.39684,1099.9142,1200,1116.5009,nan,nan,3.1415927,1100,60,2007.728,-1076.5339,0.00085045123,-11772.532,-0.00013941402,-0.019171125,0.00017473443,1116.5009,0,0,0,0,0
39.5,1672.3918,2142.4409,-1099.9132,-60.386905,3.9999604,0.0098326129,-1.243888e-06,0.01356935,-3.1415919,3.6471352e-07,0.0003349907,-2.1991874e-07,-0.020916801,3.4553092e-08,-1.1141203e-07,0.40114661,-0.020923615,3.4110681e-08,-1.0995937e-07,0.401463,0,0,0.013732177,-1.1763832e-07,0.17969801,60.386905,1099.9132,1200,1116.6669,nan,nan,3.1415927,1100,60,2007.0678,-1075.9461,0.0008257971,-11772.503,-0.00013546872,-0.020377743,0.00016977991,1116.6669,0,0,0,0,0
39.6,1666.3536,2142.8409,-1099.9122,-60.377001,3.9999615,0.0095009531,-1.2082082e-06,0.013602795,-3.1415919,3.5431841e-07,0.00033384308,-2.1364141e-07,-0.020931916,3.3584354e-08,-1.0823217e-07,0.40121524,-0.020938706,3.3154228e-08,-1.0682071e-07,0.40157598,0,0,0.013760155,-1.1427213e-07,0.17966853,60.377002,1099.9122,1200,1116.8581,nan,nan,3.1415927,1100,60,2006.4097,-1075.3601,0.00080185441,-11772.472,-0.00013163428,-0.021566854,0.00016496494,1116.8581,0,0,0,0,0
39.7,1660.3164,2143.2409,-1099.9113,-60.36713,3.9999626,0.0091713211,-1.1735462e-06,0.013636122,-3.1415919,3.4421754e-07,0.00033263076,-2.0754212e-07,-0.020946975,3.2642515e-08,-1.0514249e-07,0.40129276,-0.02095374,3.2224334e-08,-1.0377106e-07,0.4016972,0,0,0.013788048,-1.1100168e-07,0.17963916,60.367131,1099.9113,1200,1117.0739,nan,nan,3.1415927,1100,60,2005.7539,-1074.776,0.00077860279,-11772.44,-0.00012790758,-0.022738374,0.00016028562,1117.0739,0,0,0,0,0
39.8,1654.2802,2143.6409,-1099.9104,-60.357295,3.9999637,0.008843756,-1.139873e-06,0.013669325,-3.141592,3.3440265e-07,0.00033135471,-2.0161584e-07,-0.020961976,3.1726832e-08,-1.0214045e-07,0.40137904,-0.020968713,3.1320263e-08,-1.0080792e-07,0.40182654,0,0,0.013815849,-1.0782426e-07,0.17960989,60.357295,1099.9104,1200,1117.3142,nan,nan,3.1415927,1100,60,2005.1005,-1074.194,0.00075602246,-11772.408,-0.00012428573,-0.023892222,0.00015573815,1117.3142,0,0,0,0,0
39.9,1648.2449,2144.0409,-1099.9095,-60.347496,3.9999647,0.0085182961,-1.1071607e-06,0.013702398,-3.141592,3.2486569e-07,0.0003300159,-1.958577e-07,-0.020976915,3.0836584e-08,-9.9223574e-08,0.40147395,-0.020983624,3.0441311e-08,-9.7928849e-08,0.40196384,0,0,0.013843552,-1.0473725e-07,0.17958073,60.347496,1099.9095,1200,1117.5784,nan,nan,3.1415927,1100,60,2004.4497,-1073.6142,0.0007340942,-11772.375,-0.00012076565,-0.025028321,0.00015131882,1117.5784,0,0,0,0,0
40,1642.2106,2144.4409,-1099.9087,-60.337736,3.9999657,0.008194979,-1.075382e-06,0.013735333,-3.141592,3.1559884e-07,0.0003286153,-1.9026296e-07,-0.02099179,2.9971067e-08,-9.6389465e-08,0.40157736,-0.020998469,2.9586777e-08,-9.5131481e-08,0.40210898,0,0,0.013871152,-1.0173809e-07,0.17955168,60.337736,1099.9087,1200,1117.8664,nan,nan,3.1415927,1100,60,2003.8016,-1073.0366,0.00071279932,-11772.341,-0.00011734461,-0.026146597,0.00014702405,1117.8664,0,0,0,0,0
40.1,1636.1773,2144.8409,-1099.9079,-60.328017,3.9999667,0.007873842,-1.0445106e-06,0.013768126,-3.141592,3.0659451e-07,0.00032715389,-1.8482702e-07,-0.021006597,2.9129601e-08,-9.363579e-08,0.40168912,-0.021013245,2.8755987e-08,-9.2413511e-08,0.40226183,0,0,0.013898643,-9.8824307e-08,0.17952276,60.328017,1099.9079,1200,1118.1775,nan,nan,3.1415927,1100,60,2003.1562,-1072.4615,0.00069211967,-11772.306,-0.00011401977,-0.027246978,0.00014285034,1118.1775,0,0,0,0,0
40.2,1630.1449,2145.2409,-1099.9071,-60.31834,3.9999677,0.0075549214,-1.0145206e-06,0.013800769,-3.141592,2.9784532e-07,0.00032563265,-1.795454e-07,-0.021021334,2.831152e-08,-9.0960281e-08,0.40180912,-0.02102795,2.7948292e-08,-8.9772702e-08,0.40242224,0,0,0.01392602,-9.5993476e-08,0.17949396,60.318341,1099.9071,1200,1118.5116,nan,nan,3.1415927,1100,60,2002.5138,-1071.8888,0.00067203761,-11772.271,-0.00011078846,-0.028329398,0.0001387943,1118.5116,0,0,0,0,0
40.3,1624.1136,2145.6409,-1099.9064,-60.308708,3.9999686,0.007238253,-9.8538705e-07,0.013833258,-3.1415921,2.8934409e-07,0.00032405256,-1.7441375e-07,-0.021035997,2.751618e-08,-8.8360736e-08,0.40193721,-0.02104258,2.716305e-08,-8.7206877e-08,0.40259009,0,0,0.013953278,-9.3243256e-08,0.17946529,60.308708,1099.9064,1200,1118.8683,nan,nan,3.1415927,1100,60,2001.8745,-1071.3188,0.00065253601,-11772.234,-0.00010764804,-0.029393792,0.00013485263,1118.8683,0,0,0,0,0
40.4,1618.0832,2146.0409,-1099.9057,-60.299122,3.9999695,0.006923872,-9.5708569e-07,0.013865586,-3.1415921,2.8108384e-07,0.00032241463,-1.6942785e-07,-0.021050585,2.6742953e-08,-8.5835011e-08,0.40207326,-0.021057134,2.6399643e-08,-8.4713923e-08,0.40276524,0,0,0.013980411,-9.0571367e-08,0.17943677,60.299122,1099.9057,1200,1119.247,nan,nan,3.1415927,1100,60,2001.2383,-1070.7514,0.00063359821,-11772.197,-0.00010459602,-0.0304401,0.00013102213,1119.247,0,0,0,0,0
40.5,1612.0537,2146.4409,-1099.905,-60.289584,3.9999704,0.0066118129,-9.2959288e-07,0.013897747,-3.1415921,2.7305778e-07,0.00032071984,-1.6458356e-07,-0.021065095,2.599123e-08,-8.3381025e-08,0.40221714,-0.021071607,2.5657465e-08,-8.2291782e-08,0.40294755,0,0,0.014007415,-8.7975594e-08,0.17940838,60.289584,1099.905,1200,1119.6476,nan,nan,3.1415927,1100,60,2000.6053,-1070.187,0.00061520803,-11772.159,-0.00010162986,-0.031468263,0.00012729967,1119.6476,0,0,0,0,0
40.6,1606.0252,2146.8409,-1099.9043,-60.280096,3.9999713,0.0063021095,-9.0288568e-07,0.013929737,-3.1415921,2.6525934e-07,0.00031896918,-1.5987692e-07,-0.021079524,2.5260415e-08,-8.0996755e-08,0.40236872,-0.021085999,2.4935937e-08,-7.9938459e-08,0.40313689,0,0,0.014034284,-8.5453783e-08,0.17938015,60.280096,1099.9043,1200,1120.0696,nan,nan,3.1415927,1100,60,1999.9758,-1069.6254,0.00059734975,-11772.121,-9.8747221e-05,-0.032478228,0.00012368223,1120.0696,0,0,0,0,0
40.7,1599.9976,2147.2409,-1099.9037,-60.270659,3.9999721,0.0059947952,-8.769418e-07,0.013961548,-3.1415921,2.5768209e-07,0.00031716365,-1.5530402e-07,-0.021093869,2.4549934e-08,-7.8680233e-08,0.40252785,-0.021100306,2.4234484e-08,-7.7652012e-08,0.40333312,0,0,0.014061013,-8.3003841e-08,0.17935206,60.270659,1099.9037,1200,1120.5126,nan,nan,3.1415927,1100,60,1999.3498,-1069.0669,0.00058000809,-11772.082,-9.5945706e-05,-0.033469945,0.00012016686,1120.5126,0,0,0,0,0
40.8,1593.971,2147.6408,-1099.9031,-60.261275,3.9999729,0.0056899026,-8.5173957e-07,0.013993177,-3.1415921,2.5031982e-07,0.00031530427,-1.508611e-07,-0.021108128,2.3859223e-08,-7.6429548e-08,0.4026944,-0.021114525,2.3552554e-08,-7.5430552e-08,0.40353611,0,0,0.014087597,-8.0623734e-08,0.17932414,60.261276,1099.9031,1200,1120.9763,nan,nan,3.1415927,1100,60,1998.7274,-1068.5115,0.00056316821,-11772.042,-9.3223111e-05,-0.034443366,0.0001167507,1120.9763,0,0,0,0,0
40.9,1587.9453,2148.0408,-1099.9026,-60.251946,3.9999737,0.0053874636,-8.2725792e-07,0.014024617,-3.1415922,2.4316646e-07,0.00031339202,-1.4654449e-07,-0.021122298,2.3187739e-08,-7.4242842e-08,0.40286825,-0.021128655,2.2889604e-08,-7.3272247e-08,0.40374572,0,0,0.014114032,-7.8311486e-08,0.17929638,60.251947,1099.9026,1200,1121.4603,nan,nan,3.1415927,1100,60,1998.1087,-1067.9593,0.0005468157,-11772.001,-9.057719e-05,-0.035398449,0.00011343097,1121.4603,0,0,0,0,0
41,1581.9206,2148.4408,-1099.9021,-60.242674,3.9999744,0.0050875098,-8.0347639e-07,0.014055863,-3.1415922,2.3621614e-07,0.00031142791,-1.4235063e-07,-0.021136377,2.253495e-08,-7.2118309e-08,0.40304925,-0.021142693,2.2245117e-08,-7.1175313e-08,0.40396182,0,0,0.014140313,-7.6065175e-08,0.17926878,60.242674,1099.9021,1200,1121.9642,nan,nan,3.1415927,1100,60,1997.4938,-1067.4105,0.00053093654,-11771.96,-8.8005797e-05,-0.036335153,0.00011020497,1121.9642,0,0,0,0,0
41.1,1575.8967,2148.8408,-1099.9016,-60.233459,3.9999752,0.0047900717,-7.8037509e-07,0.014086911,-3.1415922,2.2946313e-07,0.00030941296,-1.3827603e-07,-0.021150363,2.190034e-08,-7.0054194e-08,0.40323727,-0.021156636,2.1618582e-08,-6.9138017e-08,0.40418427,0,0,0.014166436,-7.3882934e-08,0.17924136,60.233459,1099.9016,1200,1122.4876,nan,nan,3.1415927,1100,60,1996.8829,-1066.8651,0.00051551712,-11771.918,-8.5506832e-05,-0.037253442,0.00010707005,1122.4876,0,0,0,0,0
41.2,1569.8738,2149.2408,-1099.9011,-60.224303,3.9999759,0.0044951796,-7.5793469e-07,0.014117754,-3.1415922,2.2290188e-07,0.00030734817,-1.3431735e-07,-0.021164253,2.1283408e-08,-6.804879e-08,0.40343218,-0.021170482,2.1009499e-08,-6.7158676e-08,0.40441295,0,0,0.014192395,-7.1762949e-08,0.17921411,60.224303,1099.9011,1200,1123.0302,nan,nan,3.1415927,1100,60,1996.276,-1066.3232,0.00050054421,-11771.875,-8.3078284e-05,-0.038153284,0.00010402368,1123.0302,0,0,0,0,0
41.3,1563.8518,2149.6408,-1099.9007,-60.215209,3.9999766,0.004202863,-7.3613641e-07,0.014148389,-3.1415922,2.1652698e-07,0.00030523456,-1.304713e-07,-0.021178045,2.0683666e-08,-6.610044e-08,0.40363383,-0.02118423,2.0417389e-08,-6.5235652e-08,0.4046477,0,0,0.014218187,-6.9703455e-08,0.17918705,60.215209,1099.9007,1200,1123.5916,nan,nan,3.1415927,1100,60,1995.6732,-1065.7849,0.00048600497,-11771.832,-8.0718226e-05,-0.039034649,0.00010106336,1123.5916,0,0,0,0,0
41.4,1557.8307,2150.0408,-1099.9003,-60.206176,3.9999773,0.0039131507,-7.1496199e-07,0.01417881,-3.1415922,2.1033318e-07,0.00030307313,-1.2673471e-07,-0.021191736,2.0100639e-08,-6.4207531e-08,0.40384211,-0.021197876,1.9841785e-08,-6.3367354e-08,0.40488841,0,0,0.014243806,-6.7702738e-08,0.17916017,60.206176,1099.9003,1200,1124.1714,nan,nan,3.1415927,1100,60,1995.0746,-1065.2503,0.00047188692,-11771.788,-7.8424643e-05,-0.039897514,9.8186677e-05,1124.1714,0,0,0,0,0
41.5,1551.8106,2150.4408,-1099.8999,-60.197208,3.9999779,0.0036260709,-6.943937e-07,0.014209013,-3.1415922,2.0431537e-07,0.0003008649,-1.2310447e-07,-0.021205325,1.9533866e-08,-6.2368498e-08,0.40405686,-0.021211418,1.9282231e-08,-6.1552236e-08,0.40513492,0,0,0.01426925,-6.5759132e-08,0.17913348,60.197208,1099.8999,1200,1124.7692,nan,nan,3.1415927,1100,60,1994.4803,-1064.7194,0.00045817793,-11771.743,-7.6195771e-05,-0.040741857,9.5391291e-05,1124.7692,0,0,0,0,0
41.6,1545.7913,2150.8408,-1099.8995,-60.188304,3.9999786,0.0033416514,-6.744143e-07,0.014238993,-3.1415922,1.9846859e-07,0.00029861089,-1.1957759e-07,-0.02121881,1.8982897e-08,-6.0581819e-08,0.40427796,-0.021224856,1.8738278e-08,-5.9788796e-08,0.40538713,0,0,0.014294513,-6.3871019e-08,0.17910699,60.188304,1099.8995,1200,1125.3847,nan,nan,3.1415927,1100,60,1993.8904,-1064.1924,0.00044486621,-11771.698,-7.4029779e-05,-0.041567659,9.2674922e-05,1125.3847,0,0,0,0,0
41.7,1539.7728,2151.2408,-1099.8992,-60.179467,3.9999792,0.003059919,-6.5500703e-07,0.014268745,-3.1415923,1.9278802e-07,0.00029631212,-1.1615114e-07,-0.021232188,1.8447298e-08,-5.8846012e-08,0.40450527,-0.021238185,1.8209506e-08,-5.8075572e-08,0.40564487,0,0,0.014319592,-6.2036825e-08,0.17908069,60.179467,1099.8992,1200,1126.0175,nan,nan,3.1415927,1100,60,1993.3051,-1063.6694,0.00043194032,-11771.652,-7.1924822e-05,-0.042374907,9.0035338e-05,1126.0175,0,0,0,0,0
41.8,1533.7553,2151.6408,-1099.8989,-60.170698,3.9999798,0.0027809003,-6.3615563e-07,0.014298266,-3.1415923,1.8726896e-07,0.00029396959,-1.1282229e-07,-0.021245458,1.7926643e-08,-5.715964e-08,0.40473867,-0.021251405,1.7695486e-08,-5.6411144e-08,0.40590804,0,0,0.014344482,-6.0255021e-08,0.17905459,60.170698,1099.8989,1200,1126.6672,nan,nan,3.1415927,1100,60,1992.7242,-1063.1503,0.00041938915,-11771.606,-6.9879263e-05,-0.043163592,8.7470393e-05,1126.6672,0,0,0,0,0
41.9,1527.7387,2152.0408,-1099.8987,-60.161998,3.9999804,0.0025046208,-6.1784426e-07,0.01432755,-3.1415923,1.8190687e-07,0.00029158434,-1.0958827e-07,-0.021258616,1.7420519e-08,-5.5521306e-08,0.404978,-0.021264514,1.7195814e-08,-5.4794134e-08,0.40617648,0,0,0.014369181,-5.8524121e-08,0.1790287,60.161998,1099.8987,1200,1127.3335,nan,nan,3.1415927,1100,60,1992.1481,-1062.6353,0.00040720189,-11771.559,-6.7891492e-05,-0.043933707,8.4977998e-05,1127.3335,0,0,0,0,0
42,1521.7229,2152.4408,-1099.8984,-60.153368,3.9999809,0.0022311058,-6.0005756e-07,0.014356593,-3.1415923,1.7669731e-07,0.00028915737,-1.064464e-07,-0.021271663,1.6928526e-08,-5.3929651e-08,0.40522315,-0.021277509,1.6710095e-08,-5.3223199e-08,0.40645008,0,0,0.014393683,-5.684268e-08,0.17900302,60.153368,1099.8984,1200,1128.0159,nan,nan,3.1415927,1100,60,1991.5766,-1062.1245,0.00039536804,-11771.512,-6.5959767e-05,-0.04468525,8.25561e-05,1128.0159,0,0,0,0,0
42.1,1515.7079,2152.8408,-1099.8982,-60.14481,3.9999815,0.0019603797,-5.8278059e-07,0.014385392,-3.1415923,1.7163597e-07,0.0002866897,-1.0339407e-07,-0.021284594,1.6450271e-08,-5.2383354e-08,0.40547397,-0.021290389,1.623794e-08,-5.1697036e-08,0.40672869,0,0,0.014417986,-5.5209295e-08,0.17897755,60.14481,1099.8982,1200,1128.7141,nan,nan,3.1415927,1100,60,1991.01,-1061.618,0.00038387742,-11771.464,-6.408262e-05,-0.045418222,8.0202737e-05,1128.7141,0,0,0,0,0
42.2,1509.6939,2153.2408,-1099.898,-60.136325,3.999982,0.0016924664,-5.6599884e-07,0.014413942,-3.1415923,1.6671867e-07,0.00028418235,-1.0042876e-07,-0.02129741,1.5985378e-08,-5.0881131e-08,0.40573034,-0.021303152,1.5778981e-08,-5.0214378e-08,0.40701219,0,0,0.014442086,-5.3622602e-08,0.1789523,60.136325,1099.898,1200,1129.4278,nan,nan,3.1415927,1100,60,1990.4483,-1061.1157,0.00037272012,-11771.415,-6.2258443e-05,-0.046132628,7.7915969e-05,1129.4278,0,0,0,0,0
42.3,1503.6806,2153.6408,-1099.8979,-60.127913,3.9999825,0.0014273891,-5.496982e-07,0.01444224,-3.1415923,1.6194134e-07,0.00028163634,-9.7547988e-08,-0.021310107,1.5533474e-08,-4.9421737e-08,0.40599212,-0.021315796,1.5332845e-08,-4.8773994e-08,0.40730044,0,0,0.014465979,-5.2081275e-08,0.17892727,60.127913,1099.8979,1200,1130.1565,nan,nan,3.1415927,1100,60,1989.8916,-1060.6179,0.00036188652,-11771.366,-6.0485811e-05,-0.046828479,7.5693933e-05,1130.1565,0,0,0,0,0
42.4,1497.6682,2154.0408,-1099.8977,-60.119577,3.9999831,0.0011651704,-5.3386495e-07,0.014470281,-3.1415923,1.5730004e-07,0.00027905268,-9.4749375e-08,-0.021322685,1.5094203e-08,-4.8003958e-08,0.40625917,-0.021328319,1.4899184e-08,-4.7374687e-08,0.40759332,0,0,0.014489662,-5.0584025e-08,0.17890246,60.119577,1099.8977,1200,1130.8999,nan,nan,3.1415927,1100,60,1989.3398,-1060.1245,0.00035136728,-11771.317,-5.8763238e-05,-0.047505787,7.3534808e-05,1130.8999,0,0,0,0,0
42.5,1491.6567,2154.4408,-1099.8976,-60.111316,3.9999835,0.00090583231,-5.1848579e-07,0.014498062,-3.1415923,1.5279091e-07,0.00027643239,-9.203059e-08,-0.021335141,1.4667214e-08,-4.6626616e-08,0.40653138,-0.021340721,1.4477648e-08,-4.6015295e-08,0.40789069,0,0,0.014513131,-4.9129602e-08,0.17887788,60.111316,1099.8976,1200,1131.6577,nan,nan,3.1415927,1100,60,1988.7932,-1059.6356,0.00034115332,-11771.267,-5.7089367e-05,-0.048164569,7.1436829e-05,1131.6577,0,0,0,0,0
42.6,1485.6459,2154.8408,-1099.8976,-60.103133,3.999984,0.0006493961,-5.0354777e-07,0.014525579,-3.1415923,1.4841022e-07,0.00027377649,-8.9389374e-08,-0.021347475,1.4252168e-08,-4.5288566e-08,0.4068086,-0.021352998,1.4067905e-08,-4.4694687e-08,0.40819242,0,0,0.014536384,-4.7716787e-08,0.17885353,60.103133,1099.8976,1200,1132.4294,nan,nan,3.1415927,1100,60,1988.2518,-1059.1512,0.00033123582,-11771.216,-5.5462805e-05,-0.048804847,6.9398274e-05,1132.4294,0,0,0,0,0
42.7,1479.636,2155.2408,-1099.8975,-60.095028,3.9999845,0.0003958825,-4.8903832e-07,0.01455283,-3.1415924,1.4415434e-07,0.00027108598,-8.6823527e-08,-0.021359683,1.3848735e-08,-4.3988696e-08,0.4070907,-0.02136515,1.3669627e-08,-4.3411764e-08,0.4084984,0,0,0.014559417,-4.6344399e-08,0.17882941,60.095028,1099.8975,1200,1133.2147,nan,nan,3.1415927,1100,60,1987.7156,-1058.6715,0.00032160622,-11771.165,-5.3882205e-05,-0.049426645,6.7417475e-05,1133.2147,0,0,0,0,0
42.8,1473.6269,2155.6408,-1099.8975,-60.087002,3.9999849,0.00014531157,-4.7494521e-07,0.014579809,-3.1415924,1.4001975e-07,0.00026836189,-8.4330916e-08,-0.021371766,1.3456594e-08,-4.2725923e-08,0.40737756,-0.021377176,1.3282499e-08,-4.2165458e-08,0.40880847,0,0,0.014582227,-4.5011289e-08,0.17880553,60.087002,1099.8975,1200,1134.0132,nan,nan,3.1415927,1100,60,1987.1847,-1058.1965,0.00031225619,-11771.114,-5.2346312e-05,-0.050029991,6.5492805e-05,1134.0132,0,0,0,0,0
42.9,1467.6186,2156.0408,-1099.8975,-60.079057,3.9999854,-0.00010229728,-4.6125656e-07,0.014606515,-3.1415924,1.3600301e-07,0.00026560521,-8.1909464e-08,-0.021383721,1.3075431e-08,-4.1499197e-08,0.40766904,-0.021389073,1.2906212e-08,-4.0954732e-08,0.40912253,0,0,0.014604812,-4.371634e-08,0.17878188,60.079057,1099.8975,1200,1134.8246,nan,nan,3.1415927,1100,60,1986.6592,-1057.7263,0.00030317767,-11771.062,-5.0853879e-05,-0.050614919,6.3622693e-05,1134.8246,0,0,0,0,0
43,1461.611,2156.4408,-1099.8975,-60.071192,3.9999858,-0.00034692526,-4.4796084e-07,0.014632943,-3.1415924,1.3210078e-07,0.00026281696,-7.9557155e-08,-0.021395547,1.2704943e-08,-4.0307496e-08,0.40796501,-0.02140084,1.2540465e-08,-3.9778578e-08,0.40944044,0,0,0.014627168,-4.2458466e-08,0.17875848,60.071192,1099.8975,1200,1135.6485,nan,nan,3.1415927,1100,60,1986.1391,-1057.2609,0.00029436278,-11771.01,-4.9403613e-05,-0.051181466,6.1805593e-05,1135.6485,0,0,0,0,0
43.1,1455.6043,2156.8408,-1099.8975,-60.06341,3.9999862,-0.00058855423,-4.3504685e-07,0.014659091,-3.1415924,1.2830984e-07,0.00025999814,-7.7272029e-08,-0.021407242,1.2344834e-08,-3.9149826e-08,0.40826535,-0.021412477,1.2184963e-08,-3.8636014e-08,0.40976208,0,0,0.014649292,-4.1236614e-08,0.17873532,60.06341,1099.8975,1200,1136.4845,nan,nan,3.1415927,1100,60,1985.6245,-1056.8003,0.00028580393,-11770.957,-4.7994486e-05,-0.051729671,6.0040032e-05,1136.4845,0,0,0,0,0
43.2,1449.5983,2157.2408,-1099.8976,-60.05571,3.9999866,-0.00082716667,-4.2250367e-07,0.014684956,-3.1415924,1.2462703e-07,0.00025714977,-7.5052179e-08,-0.021418806,1.1994819e-08,-3.8025224e-08,0.40856992,-0.021423981,1.183943e-08,-3.752609e-08,0.41008732,0,0,0.014671182,-4.0049758e-08,0.17871241,60.05571,1099.8976,1200,1137.3323,nan,nan,3.1415927,1100,60,1985.1155,-1056.3447,0.00027749368,-11770.904,-4.6625126e-05,-0.052259579,5.8324536e-05,1137.3323,0,0,0,0,0
43.3,1443.5931,2157.6408,-1099.8977,-60.048094,3.999987,-0.0010627457,-4.1032073e-07,0.014710534,-3.1415924,1.2104928e-07,0.00025427283,-7.2895755e-08,-0.021430236,1.1654616e-08,-3.6932751e-08,0.4088786,-0.021435351,1.1503583e-08,-3.6447878e-08,0.41041603,0,0,0.014692836,-3.8896903e-08,0.17868975,60.048094,1099.8977,1200,1138.1916,nan,nan,3.1415927,1100,60,1984.612,-1055.894,0.00026942486,-11770.851,-4.5294616e-05,-0.052771238,5.6657716e-05,1138.1916,0,0,0,0,0
43.4,1437.5886,2158.0408,-1099.8978,-60.040563,3.9999874,-0.0012952752,-3.9848775e-07,0.014735824,-3.1415924,1.1757364e-07,0.00025136833,-7.0800957e-08,-0.021441533,1.1323954e-08,-3.5871495e-08,0.40919126,-0.021446587,1.1177158e-08,-3.5400479e-08,0.41074809,0,0,0.01471425,-3.777708e-08,0.17866734,60.040563,1099.8978,1200,1139.0619,nan,nan,3.1415927,1100,60,1984.1142,-1055.4484,0.00026159048,-11770.797,-4.4001714e-05,-0.053264701,5.5038188e-05,1139.0619,0,0,0,0,0
43.5,1431.5849,2158.4408,-1099.898,-60.033117,3.9999877,-0.0015247395,-3.8699471e-07,0.014760822,-3.1415924,1.1419719e-07,0.00024843726,-6.8766037e-08,-0.021452693,1.1002569e-08,-3.4840571e-08,0.40950777,-0.021457687,1.0859893e-08,-3.4383018e-08,0.41108338,0,0,0.014735423,-3.668935e-08,0.17864518,60.033117,1099.898,1200,1139.943,nan,nan,3.1415927,1100,60,1983.622,-1055.0078,0.00025398374,-11770.743,-4.2745464e-05,-0.053740024,5.3464631e-05,1139.943,0,0,0,0,0
43.6,1425.582,2158.8408,-1099.8981,-60.025756,3.9999881,-0.0017511237,-3.7583193e-07,0.014785525,-3.1415924,1.1091714e-07,0.00024548062,-6.6789294e-08,-0.021463718,1.0690202e-08,-3.3839118e-08,0.40982801,-0.021468649,1.055153e-08,-3.3394647e-08,0.41142177,0,0,0.014756352,-3.5632799e-08,0.17862328,60.025757,1099.8981,1200,1140.8344,nan,nan,3.1415927,1100,60,1983.1356,-1054.5723,0.00024659807,-11770.688,-4.1524851e-05,-0.054197265,5.1935751e-05,1140.8344,0,0,0,0,0
43.7,1419.5798,2159.2408,-1099.8983,-60.018483,3.9999884,-0.0019744135,-3.6498995e-07,0.014809932,-3.1415924,1.0773075e-07,0.00024249939,-6.4869077e-08,-0.021474604,1.0386605e-08,-3.28663e-08,0.41015185,-0.021479474,1.0251826e-08,-3.2434539e-08,0.41176315,0,0,0.014777035,-3.4606539e-08,0.17860163,60.018483,1099.8983,1200,1141.7359,nan,nan,3.1415927,1100,60,1982.655,-1054.142,0.00023942705,-11770.634,-4.033878e-05,-0.05463649,5.0450283e-05,1141.7359,0,0,0,0,0
43.8,1413.5782,2159.6408,-1099.8985,-60.011297,3.9999888,-0.0021945953,-3.5445962e-07,0.014834039,-3.1415924,1.0463537e-07,0.00023949456,-6.3003782e-08,-0.021485352,1.0091534e-08,-3.1921303e-08,0.41047917,-0.021490159,9.9605424e-09,-3.1501891e-08,0.41210738,0,0,0.014797469,-3.3609706e-08,0.17858025,60.011297,1099.8985,1200,1142.647,nan,nan,3.1415927,1100,60,1982.1803,-1053.7168,0.00023246447,-11770.578,-3.9186346e-05,-0.055057765,4.9007007e-05,1142.647,0,0,0,0,0
43.9,1407.5775,2160.0408,-1099.8987,-60.004199,3.9999891,-0.0024116561,-3.4423202e-07,0.014857845,-3.1415924,1.0162842e-07,0.00023646712,-6.1191847e-08,-0.02149596,9.8047537e-09,-3.1003338e-08,0.41080984,-0.021500704,9.677443e-09,-3.0595924e-08,0.41245436,0,0,0.014817654,-3.2641462e-08,0.17855913,60.004199,1099.8987,1200,1143.5675,nan,nan,3.1415927,1100,60,1981.7114,-1053.2969,0.00022570428,-11770.523,-3.8066552e-05,-0.055461162,4.7604728e-05,1143.5675,0,0,0,0,0
44,1401.5774,2160.4408,-1099.899,-59.99719,3.9999894,-0.0026255836,-3.3429849e-07,0.014881347,-3.1415925,9.8707394e-08,0.00023341803,-5.9431757e-08,-0.021506428,9.5260318e-09,-3.0111635e-08,0.41114374,-0.021511108,9.4022991e-09,-2.9715879e-08,0.41280396,0,0,0.014837585,-3.1700993e-08,0.17853827,59.99719,1099.899,1200,1144.497,nan,nan,3.1415927,1100,60,1981.2484,-1052.8823,0.00021914063,-11770.467,-3.6978574e-05,-0.055846756,4.6242307e-05,1144.497,0,0,0,0,0
44.1,1395.578,2160.8408,-1099.8993,-59.99027,3.9999897,-0.0028363661,-3.2465064e-07,0.014904543,-3.1415925,9.586985e-08,0.00023034828,-5.7722039e-08,-0.021516754,9.2551461e-09,-2.924545e-08,0.41148075,-0.02152137,9.1348939e-09,-2.886102e-08,0.41315606,0,0,0.014857263,-3.0787506e-08,0.17851768,59.99027,1099.8993,1200,1145.4351,nan,nan,3.1415927,1100,60,1980.7913,-1052.473,0.00021276782,-11770.411,-3.5921437e-05,-0.056214625,4.4918606e-05,1145.4351,0,0,0,0,0
44.2,1389.5793,2161.2408,-1099.8996,-59.98344,3.99999,-0.0030439926,-3.1528028e-07,0.014927431,-3.1415925,9.3113422e-08,0.00022725883,-5.6061261e-08,-0.021526938,8.9918793e-09,-2.8404057e-08,0.41182075,-0.02153149,8.8750076e-09,-2.8030631e-08,0.41351055,0,0,0.014876684,-2.9900232e-08,0.17849735,59.98344,1099.8996,1200,1146.3815,nan,nan,3.1415927,1100,60,1980.3402,-1052.069,0.00020658031,-11770.355,-3.4894244e-05,-0.056564853,4.3632533e-05,1146.3815,0,0,0,0,0
44.3,1383.5813,2161.6408,-1099.8999,-59.9767,3.9999903,-0.0032484526,-3.0617948e-07,0.01495001,-3.1415925,9.043581e-08,0.00022415065,-5.4448032e-08,-0.021536978,8.7360185e-09,-2.7586751e-08,0.4121636,-0.021541465,8.6224359e-09,-2.7224016e-08,0.4138673,0,0,0.014895848,-2.9038424e-08,0.1784773,59.9767,1099.8999,1200,1147.3359,nan,nan,3.1415927,1100,60,1979.8952,-1051.6704,0.00020057274,-11770.299,-3.3896285e-05,-0.056897525,4.2383038e-05,1147.3359,0,0,0,0,0
44.4,1377.5839,2162.0408,-1099.9002,-59.970051,3.9999906,-0.0034497366,-2.9734052e-07,0.014972277,-3.1415925,8.7834775e-08,0.0002210247,-5.2880999e-08,-0.021546874,8.4873589e-09,-2.6792847e-08,0.41250921,-0.021551297,8.3769729e-09,-2.6440499e-08,0.41422621,0,0,0.014914752,-2.8201355e-08,0.17845751,59.970051,1099.9002,1200,1148.2979,nan,nan,3.1415927,1100,60,1979.4562,-1051.2772,0.00019473987,-11770.242,-3.2926607e-05,-0.057212731,4.1169081e-05,1148.2979,0,0,0,0,0
44.5,1371.5872,2162.4408,-1099.9006,-59.963494,3.9999909,-0.0036478353,-2.8875591e-07,0.01499423,-3.1415925,8.5308145e-08,0.00021788192,-5.1358848e-08,-0.021556626,8.2457001e-09,-2.602168e-08,0.41285743,-0.021560983,8.1384218e-09,-2.5679424e-08,0.41458715,0,0,0.014933396,-2.7388318e-08,0.178438,59.963494,1099.9006,1200,1149.2672,nan,nan,3.1415927,1100,60,1979.0232,-1050.8894,0.00018907665,-11770.185,-3.1984486e-05,-0.057510565,3.9989661e-05,1149.2672,0,0,0,0,0
44.6,1365.5912,2162.8408,-1099.9009,-59.957028,3.9999911,-0.0038427404,-2.8041837e-07,0.015015868,-3.1415925,8.2853806e-08,0.00021472328,-4.9880303e-08,-0.021566233,8.0108477e-09,-2.5272603e-08,0.41320817,-0.021570524,7.9065941e-09,-2.4940152e-08,0.41495001,0,0,0.014951777,-2.659863e-08,0.17841876,59.957028,1099.9009,1200,1150.2435,nan,nan,3.1415927,1100,60,1978.5964,-1050.5071,0.00018357816,-11770.128,-3.1069103e-05,-0.057791124,3.8843803e-05,1150.2435,0,0,0,0,0
44.7,1359.5958,2163.2408,-1099.9013,-59.950655,3.9999914,-0.0040344442,-2.7232083e-07,0.01503719,-3.1415925,8.0469706e-08,0.00021154971,-4.8444123e-08,-0.021575693,7.7826121e-09,-2.4544987e-08,0.41356129,-0.021579919,7.6812929e-09,-2.4222061e-08,0.41531469,0,0,0.014969894,-2.5831622e-08,0.1783998,59.950655,1099.9013,1200,1151.2265,nan,nan,3.1415927,1100,60,1978.1757,-1050.1303,0.00017823961,-11770.071,-3.0179739e-05,-0.058054508,3.7730559e-05,1151.2265,0,0,0,0,0
44.8,1353.601,2163.6408,-1099.9017,-59.944374,3.9999916,-0.0042229394,-2.6445641e-07,0.015058194,-3.1415925,7.8153847e-08,0.00020836215,-4.7049101e-08,-0.021585007,7.560809e-09,-2.3838221e-08,0.41391668,-0.021589167,7.4623463e-09,-2.3524551e-08,0.41568106,0,0,0.014987746,-2.5086647e-08,0.17838111,59.944374,1099.9017,1200,1152.2158,nan,nan,3.1415927,1100,60,1977.7612,-1049.7589,0.00017305635,-11770.013,-2.9315659e-05,-0.058300822,3.6649014e-05,1152.2158,0,0,0,0,0
44.9,1347.6069,2164.0408,-1099.9022,-59.938187,3.9999919,-0.0044082198,-2.5681843e-07,0.015078878,-3.1415925,7.5904293e-08,0.00020516154,-4.5694067e-08,-0.021594173,7.3452605e-09,-2.3151713e-08,0.41427424,-0.021598267,7.2495765e-09,-2.2847033e-08,0.41604901,0,0,0.015005332,-2.4363076e-08,0.1783627,59.938187,1099.9022,1200,1153.211,nan,nan,3.1415927,1100,60,1977.3528,-1049.3932,0.00016802389,-11769.956,-2.8476099e-05,-0.058530174,3.5598261e-05,1153.211,0,0,0,0,0
45,1341.6133,2164.4408,-1099.9026,-59.932092,3.9999921,-0.0045902794,-2.494004e-07,0.015099241,-3.1415925,7.3719157e-08,0.0002019488,-4.437788e-08,-0.021603193,7.1357906e-09,-2.2484885e-08,0.41463383,-0.02160722,7.0428057e-09,-2.218894e-08,0.41641845,0,0,0.01502265,-2.3660297e-08,0.17834456,59.932092,1099.9026,1200,1154.212,nan,nan,3.1415927,1100,60,1976.9506,-1049.0329,0.00016313785,-11769.898,-2.7660475e-05,-0.058742675,3.4577448e-05,1154.212,0,0,0,0,0
45.1,1335.6204,2164.8408,-1099.9031,-59.926092,3.9999923,-0.0047691132,-2.4219603e-07,0.015119283,-3.1415925,7.1596608e-08,0.00019872485,-4.3099435e-08,-0.021612064,6.932232e-09,-2.1837176e-08,0.41499535,-0.021616024,6.8418713e-09,-2.1549718e-08,0.41678925,0,0,0.0150397,-2.2977717e-08,0.17832671,59.926092,1099.9031,1200,1155.2183,nan,nan,3.1415927,1100,60,1976.5547,-1048.6783,0.00015839396,-11769.84,-2.6867984e-05,-0.058938439,3.358571e-05,1155.2183,0,0,0,0,0
45.2,1329.6281,2165.2408,-1099.9036,-59.920185,3.9999926,-0.0049447167,-2.3519918e-07,0.015139002,-3.1415925,6.9534867e-08,0.00019549061,-4.1857657e-08,-0.021620786,6.7344188e-09,-2.1208042e-08,0.41535869,-0.02162468,6.6466093e-09,-2.0928829e-08,0.4171613,0,0,0.015056481,-2.2314758e-08,0.17830913,59.920185,1099.9036,1200,1156.2297,nan,nan,3.1415927,1100,60,1976.165,-1048.3292,0.00015378811,-11769.782,-2.6098075e-05,-0.059117584,3.2622237e-05,1156.2297,0,0,0,0,0
45.3,1323.6363,2165.6408,-1099.9041,-59.914372,3.9999928,-0.005117086,-2.2840392e-07,0.015158397,-3.1415925,6.7532203e-08,0.00019224698,-4.0651501e-08,-0.02162936,6.5421911e-09,-2.0596955e-08,0.41572373,-0.021633187,6.4568597e-09,-2.032575e-08,0.41753451,0,0,0.015072991,-2.1670859e-08,0.17829183,59.914373,1099.9041,1200,1157.2458,nan,nan,3.1415927,1100,60,1975.7815,-1047.9857,0.00014931628,-11769.724,-2.5350066e-05,-0.059280231,3.1686227e-05,1157.2458,0,0,0,0,0
45.4,1317.6452,2166.0408,-1099.9046,-59.908654,3.999993,-0.005286218,-2.2180445e-07,0.015177468,-3.1415925,6.5586937e-08,0.00018899487,-3.947995e-08,-0.021637785,6.3553939e-09,-2.0003398e-08,0.41609036,-0.021641544,6.2724752e-09,-1.9739975e-08,0.41790877,0,0,0.01508923,-2.1045476e-08,0.17827482,59.908654,1099.9046,1200,1158.2664,nan,nan,3.1415927,1100,60,1975.4043,-1047.6479,0.00014497459,-11769.666,-2.4623309e-05,-0.059426506,3.07769e-05,1158.2664,0,0,0,0,0
45.5,1311.6546,2166.4408,-1099.9051,-59.903031,3.9999932,-0.0054521101,-2.1539516e-07,0.015196212,-3.1415925,6.3697433e-08,0.00018573516,-3.8342019e-08,-0.02164606,6.1738742e-09,-1.9426873e-08,0.41645848,-0.021649752,6.0933001e-09,-1.917101e-08,0.41828396,0,0,0.015105197,-2.0438078e-08,0.17825809,59.903031,1099.9051,1200,1159.291,nan,nan,3.1415927,1100,60,1975.0333,-1047.3157,0.00014075924,-11769.608,-2.3917311e-05,-0.059556535,2.9893513e-05,1159.291,0,0,0,0,0
45.6,1305.6645,2166.8408,-1099.9057,-59.897502,3.9999934,-0.0056147604,-2.091706e-07,0.015214631,-3.1415925,6.1862104e-08,0.00018246875,-3.7236749e-08,-0.021654186,5.9974861e-09,-1.8866894e-08,0.41682796,-0.02165781,5.9191881e-09,-1.8618374e-08,0.41866,0,0,0.015120891,-1.9848152e-08,0.17824164,59.897502,1099.9057,1200,1160.3195,nan,nan,3.1415927,1100,60,1974.6687,-1046.9891,0.00013666657,-11769.549,-2.323137e-05,-0.05967045,2.9035319e-05,1160.3195,0,0,0,0,0
45.7,1299.675,2167.2408,-1099.9063,-59.892069,3.9999936,-0.0057741679,-2.0312547e-07,0.015232722,-3.1415925,6.0079409e-08,0.00017919652,-3.6163208e-08,-0.021662162,5.826086e-09,-1.8322989e-08,0.41719872,-0.021665719,5.7500022e-09,-1.8081604e-08,0.41903676,0,0,0.015136313,-1.9275197e-08,0.17822547,59.892069,1099.9063,1200,1161.3516,nan,nan,3.1415927,1100,60,1974.3103,-1046.6682,0.00013269301,-11769.491,-2.2564988e-05,-0.059768385,2.820161e-05,1161.3516,0,0,0,0,0
45.8,1293.6861,2167.6408,-1099.9068,-59.88673,3.9999938,-0.0059303318,-1.9725462e-07,0.015250486,-3.1415925,5.8347848e-08,0.00017591933,-3.5120491e-08,-0.021669988,5.6595344e-09,-1.77947e-08,0.41757063,-0.021673477,5.5856039e-09,-1.7560245e-08,0.41941416,0,0,0.01515146,-1.8718728e-08,0.17820958,59.88673,1099.9068,1200,1162.3868,nan,nan,3.1415927,1100,60,1973.9583,-1046.353,0.0001288351,-11769.433,-2.1917595e-05,-0.059850478,2.7391696e-05,1162.3868,0,0,0,0,0
45.9,1287.6977,2168.0408,-1099.9074,-59.881487,3.9999939,-0.0060832523,-1.9155304e-07,0.015267922,-3.1415925,5.6665963e-08,0.00017263805,-3.4107718e-08,-0.021677663,5.4976964e-09,-1.7281581e-08,0.4179436,-0.021681085,5.425859e-09,-1.7053859e-08,0.41979209,0,0,0.015166334,-1.8178273e-08,0.17819398,59.881487,1099.9074,1200,1163.425,nan,nan,3.1415927,1100,60,1973.6125,-1046.0434,0.00012508948,-11769.374,-2.1288614e-05,-0.059916867,2.6604897e-05,1163.425,0,0,0,0,0
46,1281.7098,2168.4408,-1099.9081,-59.876339,3.9999941,-0.00623293,-1.8601587e-07,0.01528503,-3.1415925,5.5032342e-08,0.00016935354,-3.3124035e-08,-0.021685189,5.3404404e-09,-1.6783198e-08,0.41831751,-0.021688543,5.2706349e-09,-1.6562017e-08,0.42017046,0,0,0.015180933,-1.7653373e-08,0.17817866,59.876339,1099.9081,1200,1164.4658,nan,nan,3.1415927,1100,60,1973.2731,-1045.7395,0.00012145288,-11769.316,-2.0677563e-05,-0.059967698,2.5840558e-05,1164.4658,0,0,0,0,0
46.1,1275.7224,2168.8408,-1099.9087,-59.871286,3.9999943,-0.0063793665,-1.806384e-07,0.015301809,-3.1415925,5.3445605e-08,0.00016606665,-3.2168611e-08,-0.021692564,5.187637e-09,-1.6299132e-08,0.41869227,-0.021695851,5.1198102e-09,-1.6084305e-08,0.42054915,0,0,0.015195258,-1.7143584e-08,0.17816363,59.871287,1099.9087,1200,1165.5089,nan,nan,3.1415927,1100,60,1972.9399,-1045.4412,0.00011792213,-11769.257,-2.0083975e-05,-0.060003115,2.5098056e-05,1165.5089,0,0,0,0,0
46.2,1269.7355,2169.2408,-1099.9093,-59.866329,3.9999945,-0.0065225636,-1.7541604e-07,0.01531826,-3.1415925,5.1904417e-08,0.00016277821,-3.1240638e-08,-0.021699789,5.0391629e-09,-1.5828973e-08,0.41906777,-0.021703008,4.973257e-09,-1.5620319e-08,0.42092809,0,0,0.015209308,-1.6648472e-08,0.17814888,59.866329,1099.9093,1200,1166.5542,nan,nan,3.1415927,1100,60,1972.6131,-1045.1487,0.00011449415,-11769.199,-1.950729e-05,-0.060023267,2.4376759e-05,1166.5542,0,0,0,0,0
46.3,1263.7491,2169.6408,-1099.91,-59.861467,3.9999946,-0.0066625241,-1.7034434e-07,0.015334381,-3.1415926,5.040748e-08,0.00015948907,-3.0339334e-08,-0.021706864,4.8948968e-09,-1.5372325e-08,0.41944391,-0.021710016,4.8308615e-09,-1.5169667e-08,0.42130717,0,0,0.015223082,-1.6167616e-08,0.17813441,59.861468,1099.91,1200,1167.6012,nan,nan,3.1415927,1100,60,1972.2926,-1044.8618,0.00011116595,-11769.141,-1.8947049e-05,-0.060028307,2.3676069e-05,1167.6012,0,0,0,0,0
46.4,1257.7632,2170.0408,-1099.9107,-59.856701,3.9999948,-0.0067992513,-1.6541895e-07,0.015350174,-3.1415926,4.895353e-08,0.00015620003,-2.9463936e-08,-0.021713789,4.7547205e-09,-1.4928801e-08,0.41982059,-0.021716873,4.6924995e-09,-1.4731968e-08,0.42168629,0,0,0.015236582,-1.5700609e-08,0.17812023,59.856701,1099.9107,1200,1168.6497,nan,nan,3.1415927,1100,60,1971.9784,-1044.5806,0.00010793464,-11769.082,-1.8402814e-05,-0.060018389,2.2995406e-05,1168.6497,0,0,0,0,0
46.5,1251.7777,2170.4408,-1099.9114,-59.85203,3.9999949,-0.006932749,-1.6063569e-07,0.015365638,-3.1415926,4.7541343e-08,0.00015291193,-2.8613703e-08,-0.021720564,4.6185206e-09,-1.4498026e-08,0.42019772,-0.02172358,4.5580661e-09,-1.4306852e-08,0.42206537,0,0,0.015249806,-1.5247054e-08,0.17810633,59.85203,1099.9114,1200,1169.6994,nan,nan,3.1415927,1100,60,1971.6705,-1044.3051,0.00010479739,-11769.024,-1.7874065e-05,-0.05999367,2.2334192e-05,1169.6994,0,0,0,0,0
46.6,1245.7927,2170.8408,-1099.9121,-59.847454,3.9999951,-0.0070630219,-1.5599046e-07,0.015380773,-3.1415926,4.6169724e-08,0.00014962557,-2.7787917e-08,-0.021727189,4.4861836e-09,-1.4079636e-08,0.42057519,-0.021730138,4.4274418e-09,-1.3893958e-08,0.4224443,0,0,0.015262756,-1.4806564e-08,0.17809272,59.847454,1099.9121,1200,1170.7501,nan,nan,3.1415927,1100,60,1971.3689,-1044.0353,0.00010175146,-11768.966,-1.7360503e-05,-0.059954309,2.1691895e-05,1170.7501,0,0,0,0,0
46.7,1239.8082,2171.2408,-1099.9128,-59.842973,3.9999952,-0.0071900752,-1.514793e-07,0.01539558,-3.1415926,4.4837517e-08,0.00014634173,-2.6985878e-08,-0.021733664,4.357604e-09,-1.3673277e-08,0.4209529,-0.021736546,4.3005304e-09,-1.3492939e-08,0.42282301,0,0,0.015275431,-1.4378766e-08,0.17807939,59.842974,1099.9128,1200,1171.8015,nan,nan,3.1415927,1100,60,1971.0736,-1043.7711,9.8794197e-05,-11768.908,-1.6861495e-05,-0.05990047,2.1067953e-05,1171.8015,0,0,0,0,0
46.8,1233.8241,2171.6408,-1099.9135,-59.838588,3.9999954,-0.0073139147,-1.4709836e-07,0.015410058,-3.1415926,4.3543597e-08,0.00014306122,-2.6206907e-08,-0.02173999,4.2326739e-09,-1.3278605e-08,0.42133076,-0.021742804,4.1772218e-09,-1.3103454e-08,0.4232014,0,0,0.01528783,-1.3963294e-08,0.17806634,59.838589,1099.9135,1200,1172.8533,nan,nan,3.1415927,1100,60,1970.7846,-1043.5126,9.5923022e-05,-11768.85,-1.637684e-05,-0.059832317,2.0461867e-05,1172.8533,0,0,0,0,0
46.9,1227.8405,2172.0408,-1099.9142,-59.834298,3.9999955,-0.0074345468,-1.4284388e-07,0.015424208,-3.1415926,4.2286869e-08,0.00013978482,-2.5450345e-08,-0.021746166,4.1112923e-09,-1.2895285e-08,0.42170868,-0.021748914,4.0574148e-09,-1.2725173e-08,0.42357938,0,0,0.015299956,-1.3559797e-08,0.17805357,59.834298,1099.9142,1200,1173.9053,nan,nan,3.1415927,1100,60,1970.5019,-1043.2597,9.3135429e-05,-11768.792,-1.5906005e-05,-0.059750018,1.9873122e-05,1173.9053,0,0,0,0,0
47,1221.8572,2172.4408,-1099.915,-59.830102,3.9999956,-0.0075519787,-1.3871223e-07,0.015438031,-3.1415926,4.106627e-08,0.00013651329,-2.4715551e-08,-0.021752194,3.99336e-09,-1.2522994e-08,0.42208657,-0.021754875,3.9410135e-09,-1.2357775e-08,0.42395686,0,0,0.015311808,-1.316793e-08,0.17804109,59.830103,1099.915,1200,1174.9571,nan,nan,3.1415927,1100,60,1970.2254,-1043.0125,9.0428983e-05,-11768.735,-1.5448576e-05,-0.059653742,1.9301218e-05,1174.9571,0,0,0,0,0
47.1,1215.8744,2172.8408,-1099.9157,-59.826001,3.9999957,-0.007666218,-1.3469988e-07,0.015451528,-3.1415926,3.988077e-08,0.00013324739,-2.4001901e-08,-0.021758074,3.8787797e-09,-1.2161414e-08,0.42246432,-0.021760688,3.827923e-09,-1.200095e-08,0.42433375,0,0,0.015323386,-1.2787359e-08,0.17802889,59.826002,1099.9157,1200,1176.0086,nan,nan,3.1415927,1100,60,1969.9552,-1042.771,8.7801323e-05,-11768.677,-1.500423e-05,-0.05954366,1.8745683e-05,1176.0086,0,0,0,0,0
47.2,1209.892,2173.2408,-1099.9165,-59.821995,3.9999959,-0.0077772731,-1.3080339e-07,0.015464697,-3.1415926,3.8729365e-08,0.00012998789,-2.330879e-08,-0.021763805,3.7674569e-09,-1.1810241e-08,0.42284185,-0.021766352,3.7180472e-09,-1.1654395e-08,0.42470998,0,0,0.01533469,-1.2417761e-08,0.17801697,59.821995,1099.9165,1200,1177.0595,nan,nan,3.1415927,1100,60,1969.6912,-1042.535,8.5250154e-05,-11768.62,-1.4572626e-05,-0.059419948,1.8206057e-05,1177.0595,0,0,0,0,0
47.3,1203.91,2173.6408,-1099.9173,-59.818083,3.999996,-0.0078851529,-1.2701944e-07,0.015477542,-3.1415926,3.7611079e-08,0.00012673551,-2.2635631e-08,-0.021769388,3.6593005e-09,-1.1469175e-08,0.42321907,-0.021771869,3.6112945e-09,-1.1317815e-08,0.42508546,0,0,0.015345723,-1.205882e-08,0.17800533,59.818083,1099.9173,1200,1178.1095,nan,nan,3.1415927,1100,60,1969.4334,-1042.3047,8.2773251e-05,-11768.562,-1.415334e-05,-0.059282781,1.7681882e-05,1178.1095,0,0,0,0,0
47.4,1197.9284,2174.0408,-1099.9181,-59.814265,3.9999961,-0.0079898669,-1.2334478e-07,0.015490061,-3.1415926,3.6524967e-08,0.00012349099,-2.1981852e-08,-0.021774824,3.5542219e-09,-1.1137928e-08,0.4235959,-0.021777239,3.5075828e-09,-1.0990926e-08,0.4254601,0,0,0.015356483,-1.1710231e-08,0.17799397,59.814265,1099.9181,1200,1179.1584,nan,nan,3.1415927,1100,60,1969.1819,-1042.08,8.0368449e-05,-11768.505,-1.374604e-05,-0.059132339,1.7172717e-05,1179.1584,0,0,0,0,0
47.5,1191.9471,2174.4408,-1099.9189,-59.81054,3.9999962,-0.0080914252,-1.1977626e-07,0.015502256,-3.1415926,3.5470108e-08,0.00012025506,-2.1346897e-08,-0.021780113,3.4521338e-09,-1.0816218e-08,0.42397223,-0.021782462,3.4068229e-09,-1.0673449e-08,0.42583383,0,0,0.015366972,-1.1371695e-08,0.17798288,59.810541,1099.9189,1200,1180.2059,nan,nan,3.1415927,1100,60,1968.9365,-1041.8608,7.8033649e-05,-11768.448,-1.3350425e-05,-0.0589688,1.6678144e-05,1180.2059,0,0,0,0,0
47.6,1185.9662,2174.8408,-1099.9197,-59.80691,3.9999963,-0.0081898387,-1.1631084e-07,0.015514128,-3.1415926,3.4445606e-08,0.00011702843,-2.0730229e-08,-0.021785256,3.3529525e-09,-1.0503772e-08,0.424348,-0.021787539,3.30893e-09,-1.0365114e-08,0.42620656,0,0,0.01537719,-1.1042925e-08,0.17797208,59.80691,1099.9197,1200,1181.2518,nan,nan,3.1415927,1100,60,1968.6973,-1041.6473,7.5766814e-05,-11768.392,-1.2966109e-05,-0.058792349,1.6197741e-05,1181.2518,0,0,0,0,0
47.7,1179.9857,2175.2408,-1099.9205,-59.803372,3.9999964,-0.0082851186,-1.1294553e-07,0.015525678,-3.1415926,3.3450594e-08,0.00011381179,-2.0131322e-08,-0.021790253,3.2565959e-09,-1.0200325e-08,0.42472311,-0.02179247,3.2138285e-09,-1.0065661e-08,0.42657821,0,0,0.015387139,-1.072364e-08,0.17796156,59.803373,1099.9205,1200,1182.296,nan,nan,3.1415927,1100,60,1968.4642,-1041.4392,7.3565963e-05,-11768.335,-1.2592813e-05,-0.058603168,1.5731108e-05,1182.296,0,0,0,0,0
47.8,1174.0055,2175.6408,-1099.9214,-59.799927,3.9999965,-0.0083772769,-1.0967747e-07,0.015536907,-3.1415926,3.2484228e-08,0.00011060586,-1.9549668e-08,-0.021795105,3.1629851e-09,-9.9056186e-09,0.42509747,-0.021797257,3.1214358e-09,-9.7748341e-09,0.42694871,0,0,0.015396819,-1.0413567e-08,0.17795131,59.799928,1099.9214,1200,1183.338,nan,nan,3.1415927,1100,60,1968.2373,-1041.2368,7.1429175e-05,-11768.279,-1.223019e-05,-0.058401445,1.5277849e-05,1183.338,0,0,0,0,0
47.9,1168.0257,2176.0408,-1099.9222,-59.796575,3.9999966,-0.0084663261,-1.0650384e-07,0.015547816,-3.1415926,3.1545688e-08,0.00010741129,-1.8984772e-08,-0.021799811,3.0720429e-09,-9.6194026e-09,0.42547101,-0.021801899,3.0316785e-09,-9.4923862e-09,0.42731798,0,0,0.01540623,-1.0112442e-08,0.17794134,59.796576,1099.9222,1200,1184.3778,nan,nan,3.1415927,1100,60,1968.0165,-1041.0398,6.9354583e-05,-11768.223,-1.1877928e-05,-0.058187367,1.4837583e-05,1184.3778,0,0,0,0,0
48,1162.0462,2176.4408,-1099.9231,-59.793316,3.9999967,-0.0085522792,-1.0342193e-07,0.015558406,-3.1415926,3.0634176e-08,0.00010422878,-1.8436154e-08,-0.021804374,2.9836933e-09,-9.3414336e-09,0.42584365,-0.021806397,2.9444814e-09,-9.2180771e-09,0.42768595,0,0,0.015415375,-9.8200069e-09,0.17793164,59.793316,1099.9231,1200,1185.415,nan,nan,3.1415927,1100,60,1967.8018,-1040.8483,6.7340375e-05,-11768.167,-1.1535769e-05,-0.057961124,1.4409947e-05,1185.415,0,0,0,0,0
48.1,1156.067,2176.8408,-1099.9239,-59.790148,3.9999968,-0.0086351499,-1.0042909e-07,0.015568678,-3.1415926,2.974892e-08,0.00010105897,-1.7903347e-08,-0.021808794,2.8978634e-09,-9.0714749e-09,0.4262153,-0.021810752,2.8597678e-09,-8.9516736e-09,0.42805254,0,0,0.015424254,-9.5360124e-09,0.17792221,59.790148,1099.9239,1200,1186.4495,nan,nan,3.1415927,1100,60,1967.5931,-1040.6623,6.5384793e-05,-11768.112,-1.120345e-05,-0.057722906,1.3994579e-05,1186.4495,0,0,0,0,0
48.2,1150.0882,2177.2408,-1099.9248,-59.787071,3.9999969,-0.0087149525,-9.7522763e-08,0.015578634,-3.1415926,2.8889166e-08,9.7902526e-05,-1.7385897e-08,-0.02181307,2.8144828e-09,-8.8092969e-09,0.42658589,-0.021814964,2.7774757e-09,-8.6929487e-09,0.42841768,0,0,0.015432867,-9.2602159e-09,0.17791306,59.787072,1099.9248,1200,1187.481,nan,nan,3.1415927,1100,60,1967.3905,-1040.4817,6.3486129e-05,-11768.056,-1.0880614e-05,-0.057472906,1.3591124e-05,1187.481,0,0,0,0,0
48.3,1144.1096,2177.6408,-1099.9257,-59.784086,3.999997,-0.0087917017,-9.4700447e-08,0.015588275,-3.1415926,2.8054184e-08,9.4760082e-05,-1.6883365e-08,-0.021817205,2.7334816e-09,-8.5546764e-09,0.42695533,-0.021819035,2.6975295e-09,-8.4416823e-09,0.42878129,0,0,0.015441217,-8.9923813e-09,0.17790418,59.784087,1099.9257,1200,1188.5094,nan,nan,3.1415927,1100,60,1967.1939,-1040.3066,6.1642724e-05,-11768.001,-1.0567064e-05,-0.057211319,1.3199252e-05,1188.5094,0,0,0,0,0
48.4,1138.1313,2178.0408,-1099.9265,-59.781192,3.9999971,-0.0088654129,-9.1959723e-08,0.015597602,-3.1415926,2.7243263e-08,9.1632268e-05,-1.639532e-08,-0.021821198,2.6547937e-09,-8.3073966e-09,0.42732356,-0.021822965,2.6198688e-09,-8.1976602e-09,0.42914331,0,0,0.015449304,-8.7322799e-09,0.17789557,59.781192,1099.9265,1200,1189.5343,nan,nan,3.1415927,1100,60,1967.0032,-1040.1368,5.9852969e-05,-11767.947,-1.0262461e-05,-0.05693834,1.2818622e-05,1189.5343,0,0,0,0,0
48.5,1132.1533,2178.4408,-1099.9274,-59.778387,3.9999972,-0.008936102,-8.9298239e-08,0.015606617,-3.1415926,2.6455715e-08,8.8519705e-05,-1.5921349e-08,-0.021825051,2.5783527e-09,-8.0672467e-09,0.4276905,-0.021826755,2.5444262e-09,-7.9606746e-09,0.42950367,0,0,0.01545713,-8.4796891e-09,0.17788722,59.778388,1099.9274,1200,1190.5557,nan,nan,3.1415927,1100,60,1966.8185,-1039.9725,5.81153e-05,-11767.892,-9.9666341e-06,-0.056654165,1.2448922e-05,1190.5557,0,0,0,0,0
48.6,1126.1756,2178.8408,-1099.9283,-59.775673,3.9999973,-0.0090037855,-8.6713709e-08,0.015615322,-3.1415926,2.5690868e-08,8.5423e-05,-1.5461047e-08,-0.021828764,2.5040958e-09,-7.8340221e-09,0.42805607,-0.021830405,2.4711375e-09,-7.7305235e-09,0.42986231,0,0,0.015464696,-8.2343927e-09,0.17787915,59.775674,1099.9283,1200,1191.5732,nan,nan,3.1415927,1100,60,1966.6397,-1039.8135,5.6428199e-05,-11767.838,-9.6792742e-06,-0.056358992,1.2089837e-05,1191.5732,0,0,0,0,0
48.7,1120.1982,2179.2408,-1099.9292,-59.773048,3.9999973,-0.0090684802,-8.4203915e-08,0.015623718,-3.1415926,2.4948072e-08,8.2342751e-05,-1.5014021e-08,-0.021832338,2.4319613e-09,-7.607524e-09,0.4284202,-0.021833916,2.3999476e-09,-7.5070107e-09,0.43021914,0,0,0.015472003,-7.9961809e-09,0.17787134,59.773048,1099.9292,1200,1192.5868,nan,nan,3.1415927,1100,60,1966.4668,-1039.6597,5.4790193e-05,-11767.785,-9.4001434e-06,-0.056053021,1.1741063e-05,1192.5868,0,0,0,0,0
48.8,1114.221,2179.6408,-1099.9301,-59.770511,3.9999974,-0.0091302038,-8.1766701e-08,0.015631807,-3.1415926,2.4226694e-08,7.9279545e-05,-1.4579891e-08,-0.021835774,2.3618887e-09,-7.3875593e-09,0.42878281,-0.02183729,2.3307888e-09,-7.2899454e-09,0.43057412,0,0,0.015479052,-7.7648497e-09,0.17786379,59.770512,1099.9301,1200,1193.5961,nan,nan,3.1415927,1100,60,1966.2997,-1039.5113,5.3199852e-05,-11767.731,-9.1290533e-06,-0.055736452,1.140231e-05,1193.5961,0,0,0,0,0
48.9,1108.2441,2180.0408,-1099.9311,-59.768064,3.9999975,-0.0091889743,-7.9399973e-08,0.01563959,-3.1415926,2.3526118e-08,7.6233955e-05,-1.4158285e-08,-0.021839072,2.2938201e-09,-7.1739403e-09,0.42914385,-0.021840527,2.2636106e-09,-7.0791426e-09,0.43092717,0,0,0.015485846,-7.5402011e-09,0.17785651,59.768064,1099.9311,1200,1194.6011,nan,nan,3.1415927,1100,60,1966.1385,-1039.3682,5.1655787e-05,-11767.678,-8.8657322e-06,-0.055409487,1.107329e-05,1194.6011,0,0,0,0,0
49,1102.2674,2180.4408,-1099.932,-59.765704,3.9999976,-0.0092448103,-7.7101698e-08,0.015647069,-3.1415926,2.284575e-08,7.3206549e-05,-1.3748844e-08,-0.021842234,2.2276994e-09,-6.9664846e-09,0.42950324,-0.021843628,2.1983553e-09,-6.8744222e-09,0.43127824,0,0,0.015492385,-7.3220427e-09,0.17784949,59.765704,1099.932,1200,1195.6014,nan,nan,3.1415927,1100,60,1965.9831,-1039.2303,5.0156648e-05,-11767.625,-8.6099282e-06,-0.055072326,1.0753719e-05,1195.6014,0,0,0,0,0
49.1,1096.2909,2180.8408,-1099.9329,-59.763431,3.9999976,-0.0092977307,-7.4869899e-08,0.015654247,-3.1415926,2.2185009e-08,7.0197877e-05,-1.3351219e-08,-0.021845261,2.1634697e-09,-6.7650154e-09,0.42986091,-0.021846594,2.1349625e-09,-6.6756097e-09,0.43162725,0,0,0.015498671,-7.1101875e-09,0.17784273,59.763432,1099.9329,1200,1196.597,nan,nan,3.1415927,1100,60,1965.8334,-1039.0975,4.8701128e-05,-11767.573,-8.3615704e-06,-0.054725173,1.0443343e-05,1196.597,0,0,0,0,0
49.2,1090.3147,2181.2408,-1099.9338,-59.761245,3.9999977,-0.0093477552,-7.270266e-08,0.015661124,-3.1415926,2.154333e-08,6.7208484e-05,-1.296507e-08,-0.021848153,2.10108e-09,-6.5693604e-09,0.4302168,-0.021849426,2.073389e-09,-6.482535e-09,0.43197416,0,0,0.015504706,-6.904454e-09,0.17783622,59.761246,1099.9338,1200,1197.5876,nan,nan,3.1415927,1100,60,1965.6894,-1038.97,4.7287954e-05,-11767.521,-8.1202336e-06,-0.054368233,1.0141877e-05,1197.5876,0,0,0,0,0
49.3,1084.3386,2181.6408,-1099.9348,-59.759145,3.9999978,-0.0093949039,-7.0598117e-08,0.015667704,-3.1415926,2.0920167e-08,6.4238899e-05,-1.2590067e-08,-0.021850912,2.0404758e-09,-6.3793526e-09,0.43057085,-0.021852125,2.0135791e-09,-6.2950334e-09,0.43231891,0,0,0.015510491,-6.7046659e-09,0.17782998,59.759146,1099.9348,1200,1198.573,nan,nan,3.1415927,1100,60,1965.5511,-1038.8475,4.5915892e-05,-11767.47,-7.8859047e-06,-0.054001709,9.849088e-06,1198.573,0,0,0,0,0
49.4,1078.3628,2182.0408,-1099.9357,-59.757131,3.9999978,-0.0094391973,-6.8554459e-08,0.015673988,-3.1415926,2.0314986e-08,6.1289643e-05,-1.2225889e-08,-0.021853538,1.9816077e-09,-6.1948296e-09,0.43092298,-0.021854692,1.9554811e-09,-6.1129445e-09,0.43266143,0,0,0.015516028,-6.5106518e-09,0.17782399,59.757132,1099.9357,1200,1199.5532,nan,nan,3.1415927,1100,60,1965.4184,-1038.7302,4.4583746e-05,-11767.418,-7.6582824e-06,-0.053625806,9.5647178e-06,1199.5532,0,0,0,0,0
49.5,1072.3872,2182.4408,-1099.9367,-59.755202,3.9999979,-0.0094806564,-6.656993e-08,0.015679977,-3.1415926,1.9727274e-08,5.8361224e-05,-1.1872225e-08,-0.021856033,1.9244269e-09,-6.0156337e-09,0.43127313,-0.021857127,1.8990478e-09,-5.9361127e-09,0.43300167,0,0,0.015521319,-6.3222453e-09,0.17781825,59.755203,1099.9367,1200,1200.5278,nan,nan,3.1415927,1100,60,1965.2913,-1038.6179,4.329035e-05,-11767.368,-7.4371704e-06,-0.053240732,9.2885218e-06,1200.5278,0,0,0,0,0
49.6,1066.4118,2182.8408,-1099.9376,-59.753358,3.999998,-0.0095193028,-6.4642821e-08,0.015685675,-3.1415926,1.9156526e-08,5.5454139e-05,-1.1528774e-08,-0.021858397,1.8688841e-09,-5.8416117e-09,0.43162125,-0.021859433,1.8442334e-09,-5.7643869e-09,0.43333958,0,0,0.015526365,-6.139285e-09,0.17781276,59.753358,1099.9376,1200,1201.4968,nan,nan,3.1415927,1100,60,1965.1698,-1038.5107,4.2034576e-05,-11767.317,-7.2224757e-06,-0.05284669,9.0202777e-06,1201.4968,0,0,0,0,0
49.7,1060.4365,2183.2408,-1099.9386,-59.751597,3.999998,-0.0095551584,-6.2771475e-08,0.015691083,-3.1415926,1.8602255e-08,5.2568874e-05,-1.119524e-08,-0.021860631,1.8149342e-09,-5.6726148e-09,0.43196728,-0.021861609,1.7909903e-09,-5.5976201e-09,0.43367509,0,0,0.015531169,-5.9616137e-09,0.17780752,59.751598,1099.9386,1200,1202.46,nan,nan,3.1415927,1100,60,1965.0538,-1038.4084,4.0815328e-05,-11767.267,-7.0139073e-06,-0.052443888,8.7597484e-06,1202.46,0,0,0,0,0
49.8,1054.4614,2183.6408,-1099.9395,-59.74992,3.9999981,-0.0095882457,-6.0954282e-08,0.015696204,-3.1415926,1.8063989e-08,4.9705905e-05,-1.0871339e-08,-0.021862737,1.7625315e-09,-5.5084984e-09,0.43231115,-0.021863658,1.739275e-09,-5.4356696e-09,0.43400817,0,0,0.015535731,-5.789079e-09,0.17780253,59.74992,1099.9395,1200,1203.4171,nan,nan,3.1415927,1100,60,1964.9433,-1038.3111,3.9631541e-05,-11767.218,-6.8113544e-06,-0.052032534,8.5067167e-06,1203.4171,0,0,0,0,0
49.9,1048.4865,2184.0408,-1099.9405,-59.748325,3.9999981,-0.0096185875,-5.9189676e-08,0.01570104,-3.1415926,1.7541265e-08,4.6865693e-05,-1.0556794e-08,-0.021864716,1.7116319e-09,-5.3491222e-09,0.43265281,-0.021865579,1.6890413e-09,-5.278397e-09,0.43433875,0,0,0.015540054,-5.6215328e-09,0.17779779,59.748325,1099.9405,1200,1204.3681,nan,nan,3.1415927,1100,60,1964.8382,-1038.2187,3.8482182e-05,-11767.169,-6.6146264e-06,-0.051612834,8.2609692e-06,1204.3681,0,0,0,0,0
50,1042.5118,2184.4408,-1099.9414,-59.746812,3.9999982,-0.0096462072,-5.747614e-08,0.015705592,-3.1415926,1.7033639e-08,4.4048691e-05,-1.0251335e-08,-0.021866568,0.0078539833,-5.1943496e-09,0.43299221,-0.021867375,0.34906585,-5.1256674e-09,0.4346668,0,0,0.015544141,-5.4588312e-09,0.17779329,59.746813,1099.9414,1200,1205.3128,nan,nan,4.712389,1100,60,1964.7386,-1038.1311,3.7366247e-05,-11767.12,623.98139,-0.051184995,-58.855879,1205.3128,0,0,0,0,0
50.1,1036.5372,2184.8407,-1099.9424,-59.74538,3.9980737,-0.009650199,0.012510366,0.015713267,3.1408074,0.35785983,-6.9976468e-05,-0.024952147,-0.021895275,0.16493362,-0.0059935481,0.43332928,-0.021952055,0.34906585,-0.012476073,0.43499224,0,0,0.015540303,0.0010121003,0.17778903,59.745381,1099.9424,1200,1206.251,nan,nan,4.712389,1100,60,1964.6442,-1038.0995,-48.331215,-11765.443,7495.7914,2.4239296,-1322.0322,1206.251,0,0,0,0,0
50.2,1030.5627,2185.2397,-1099.9433,-59.74404,3.9722498,-0.0077848563,0.078637102,0.015897345,3.1354175,1.0173874,-0.0019241201,-0.091477536,-0.022550373,0.30964542,-0.030818193,0.43366393,-0.02314993,0.34906585,-0.045738768,0.4353142,0,0,0.015196793,0.0078585432,0.17778507,59.744047,1099.9433,1200,1207.1825,nan,nan,4.712389,1100,60,1964.5563,-1040.6195,-281.7033,-11704.482,8375.986,60.859614,-2094.3968,1207.1825,0,0,0,0,0
50.3,1024.5883,2185.6333,-1099.9435,-59.742818,3.8822948,0.011603958,0.19671645,0.017223299,3.1233353,1.1711398,-0.0053252195,-0.14123571,-0.023927527,0.18727255,-0.061523675,0.43399546,-0.024009387,0.068194734,-0.070617854,0.43562633,0,0,0.013128008,0.02324356,0.17778176,59.742935,1099.9435,1200,1208.1054,nan,nan,4.712389,1100,60,1964.4831,-1056.617,-656.84904,-11387.277,-4475.301,219.20007,-164.84837,1208.1054,0,0,0,0,0
50.4,1018.6141,2186.0143,-1099.9398,-59.741591,3.7189768,0.07240808,0.29172446,0.02002813,3.1102863,0.7090511,-0.0033567711,-0.11542215,-0.021296955,0.10510277,-0.063322216,0.43432143,-0.019342317,0.10922308,-0.057711076,0.43591569,0,0,0.009982689,0.040599078,0.17777985,59.742296,1099.9398,1200,1209.0131,nan,nan,4.712389,1100,60,1964.4418,-1081.1684,-884.60075,-10981.145,-4425.0092,156.23448,1174.4141,1209.0131,0,0,0,0,0
50.5,1012.64,2186.3764,-1099.9281,-59.740322,3.5068426,0.17292262,0.35097874,0.02274908,3.1012234,0.50523318,-0.0024744774,-0.071997839,-0.018151635,0.10252651,-0.045176012,0.43463665,-0.017515413,0.092623479,-0.035998919,0.43615779,0,0,0.007352184,0.054476501,0.17778075,59.742608,1099.9281,1200,1209.8915,nan,nan,4.712389,1100,60,1964.4646,-1100.5399,-950.18462,-10653.54,-1750.1232,58.887505,1120.8469,1209.8915,0,0,0,0,0
50.6,1006.666,2186.7157,-1099.9046,-59.739446,3.2619578,0.3095476,0.39493186,0.02448507,3.0962835,0.37076639,-0.00016524237,-0.031108067,-0.01807165,0.079902275,-0.024649315,0.43492991,-0.018363473,0.071950637,-0.015554033,0.43630435,0,0,0.0051789731,0.064636405,0.17778725,59.744807,1099.9046,1200,1210.7098,nan,nan,4.712389,1100,60,1964.6138,-1114.6333,-955.16924,-10351.526,-1605.1126,100.87725,1035.1135,1210.7098,0,0,0,0,0
50.7,1000.6921,2187.0293,-1099.8659,-59.739277,2.9923736,0.47518722,0.42663673,0.025258205,3.0951337,0.26543338,0.0061796112,0.0043455862,-0.019072472,0.066388637,-0.0056960386,0.43518344,-0.019663515,0.061207392,0.0021727931,0.43631463,0,0,0.00400684,0.071388757,0.17780162,59.749664,1099.8659,1200,1211.4188,nan,nan,4.712389,1100,60,1964.9407,-1121.7637,-926.97893,-10183.492,-1095.2129,141.7049,837.48226,1211.4188,0,0,0,0,0
50.8,994.71815,2187.3149,-1099.8099,-59.739757,2.7011119,0.65658548,0.4495737,0.025406307,3.0972065,0.19259425,0.01494339,0.031971468,-0.020753221,0.055954346,0.0098188706,0.43537758,-0.02164772,0.051753028,0.015985734,0.43617054,0,0,0.004017704,0.075368005,0.17782477,59.757483,1099.8099,1200,1211.9639,nan,nan,4.712389,1100,60,1965.4659,-1121.7112,-884.64174,-10178.305,-786.90965,166.62443,631.87781,1211.9639,0,0,0,0,0
50.9,988.74414,2187.5703,-1099.7355,-59.740551,2.3881909,0.84036725,0.46629952,0.025297633,3.1018615,0.1397596,0.024975801,0.052325992,-0.022972535,0.047884443,0.02160623,0.4354948,-0.02404299,0.04471871,0.026162996,0.43587242,0,0,0.0051484225,0.077276176,0.17785651,59.768199,1099.7355,1200,1212.2964,nan,nan,4.712389,1100,60,1966.1852,-1114.8699,-838.64207,-10327.28,-568.28359,178.39401,453.72137,1212.2964,0,0,0,0,0
51,982.77005,2187.7933,-1099.643,-59.741101,2.0522916,1.0145635,0.4785317,0.025244267,3.1085266,0.1016845,0.035250671,0.066596755,-0.025443868,0.041735469,0.030097377,0.43552238,-0.026581125,0.039291892,0.033298377,0.43543541,0,0,0.0072292759,0.077720656,0.17789576,59.781453,1099.643,1200,1212.3809,nan,nan,4.712389,1100,60,1967.0752,-1101.6214,-793.98894,-10608.783,-408.48029,174.21845,310.12589,1212.3809,0,0,0,0,0
51.1,976.79595,2187.9817,-1099.534,-59.740677,1.6918708,1.1694999,0.48752622,0.025456764,3.1167113,0.074151793,0.044883698,0.07610816,-0.027982308,0.036967846,0.03591672,0.43545375,-0.029119998,0.035069216,0.03805408,0.43488522,0,0,0.010023191,0.077188335,0.17794086,59.796686,1099.534,1200,1212.199,nan,nan,4.712389,1100,60,1968.0989,-1082.4305,-753.03625,-10990.406,-294.83111,157.6174,200.8614,1212.199,0,0,0,0,0
51.2,970.82197,2188.1327,-1099.4107,-59.738417,1.3058806,1.298248,0.49417779,0.026043175,3.1260084,0.054152939,0.053297931,0.082069888,-0.030458521,0.033251606,0.039692921,0.43528889,-0.031544377,0.031765494,0.041034944,0.43425365,0,0,0.013274234,0.076047276,0.17798984,59.813228,1099.4107,1200,1211.7503,nan,nan,4.712389,1100,60,1969.2119,-1058.0449,-716.62939,-11436.689,-212.97941,133.35938,120.89996,1211.7503,0,0,0,0,0
51.3,964.84834,2188.244,-1099.2759,-59.733382,0.89409256,1.3965925,0.49912953,0.027030821,3.1360874,0.039566872,0.060183324,0.085478431,-0.032771843,0.030329007,0.041970183,0.43503387,-0.033767278,0.029155054,0.042739216,0.43357481,0,0,0.016740357,0.0745644,0.17804059,59.830378,1099.2759,1200,1211.0517,nan,nan,4.712389,1100,60,1970.3674,-1029.5975,-684.85485,-11914.057,-154.15482,105.37901,64.357573,1211.0517,0,0,0,0,0
51.4,958.87539,2188.3128,-1099.1329,-59.724596,0.45716493,1.4627509,0.50284417,0.028390686,-3.1365007,0.028868616,0.065434523,0.087111971,-0.034852558,0.028010259,0.043185837,0.43469983,-0.035732306,0.027074899,0.043555985,0.4328821,0,0,0.020212092,0.072926354,0.17809113,59.847461,1099.1329,1200,1210.1337,nan,nan,4.712389,1100,60,1971.5206,-998.5621,-657.43458,-12393.359,-111.84628,76.81477,25.719256,1210.1337,0,0,0,0,0
51.5,952.90353,2188.3369,-1098.9847,-59.711101,-0.003437725,1.4969692,0.50565475,0.030059608,-3.1255919,0.020969826,0.069096731,0.087555175,-0.036657421,0.026154748,0.043675258,0.43430167,-0.037406934,0.025403133,0.043777587,0.4322059,0,0,0.023521623,0.071258743,0.17813968,59.863879,1098.9847,1200,1209.0376,nan,nan,4.712389,1100,60,1972.6311,-966.60272,-633.93675,-12851.162,-81.380151,49.905072,0.32568417,1209.0376,0,0,0,0,0
51.6,946.93327,2188.3138,-1098.8346,-59.69201,-0.48560544,1.5010673,0.50780115,0.031958138,-3.1145302,0.015092693,0.071313646,0.087234497,-0.038164822,0.024657657,0.043687005,0.43385673,-0.038778485,0.024048895,0.043617248,0.4315722,0,0,0.026545121,0.069642246,0.17818475,59.879128,1098.8346,1200,1207.8114,nan,nan,4.712389,1100,60,1973.6654,-935.37714,-613.88672,-13270.108,-59.402002,26.044176,-15.531231,1207.8114,0,0,0,0,0
51.7,940.96522,2188.2416,-1098.6854,-59.666551,-0.98677432,1.4779894,0.50945633,0.034003467,-3.103435,0.010681694,0.072284766,0.086453016,-0.039371047,0.023440628,0.04340024,0.43338339,-0.039850475,0.022944047,0.043226508,0.4310019,0,0,0.029200515,0.06812537,0.17822518,59.892818,1098.6854,1200,1206.5061,nan,nan,4.712389,1100,60,1974.597,-906.35463,-596.82252,-13638.617,-43.497662,5.9596693,-24.693374,1206.5061,0,0,0,0,0
51.8,935.00005,2188.1184,-1098.5396,-59.634096,-1.5041171,1.4313942,0.51074522,0.036117962,-3.0923931,0.0073400772,0.072233397,0.085420694,-0.040286399,0.022444663,0.042940826,0.43289999,-0.040638695,0.022037079,0.042710347,0.43051064,0,0,0.031442558,0.066734203,0.17826015,59.904671,1098.5396,1200,1205.1725,nan,nan,4.712389,1100,60,1975.407,-880.68597,-582.32041,-13950.218,-31.937579,-10.117353,-29.277732,1205.1725,0,0,0,0,0
51.9,929.03847,2187.9429,-1098.3995,-59.594184,-2.034714,1.3653035,0.51175839,0.038234206,-3.0814654,0.004784137,0.071383817,0.084278983,-0.040931478,0.02162497,0.042394869,0.4324239,-0.041167633,0.021288699,0.042139492,0.43010917,0,0,0.033256563,0.065479651,0.17828914,59.91451,1098.3995,1200,1203.8587,nan,nan,4.712389,1100,60,1976.0832,-859.13869,-570.0046,-14202.696,-23.486197,-22.302247,-30.825023,1203.8587,0,0,0,0,0
52,923.08125,2187.7138,-1098.2667,-59.546519,-2.5756952,1.2838163,0.51256186,0.040297375,-3.0706919,0.0028104592,0.069946102,0.083120025,-0.041333838,0.020947201,0.041819523,0.43197081,-0.041467318,0.020668606,0.041560012,0.42980392,0,0,0.034651755,0.064362706,0.1783119,59.922248,1098.2667,1200,1202.6083,nan,nan,4.712389,1100,60,1976.6194,-842.09303,-559.54843,-14397.171,-17.263773,-30.931516,-30.433241,1202.6083,0,0,0,0,0
52.1,917.12918,2187.4302,-1098.1426,-59.490968,-3.1243503,1.1908912,0.51320406,0.042265773,-3.0600964,0.001272527,0.068107057,0.082001189,-0.041525084,0.020384717,0.041251292,0.43155439,-0.041570622,0.020153162,0.041000595,0.42959763,0,0,0.035654891,0.063378183,0.17832837,59.927872,1098.1426,1200,1201.4593,nan,nan,4.712389,1100,60,1977.0146,-829.58371,-550.67147,-14537.221,-12.64547,-36.465759,-28.868942,1201.4593,0,0,0,0,0
52.2,911.18303,2187.0915,-1098.0283,-59.42754,-3.678206,1.0901895,0.5137209,0.044110141,-3.0496903,6.4102778e-05,0.066025692,0.080955839,-0.04153846,0.019916611,0.040712262,0.43118601,-0.041511087,0.019723697,0.04047792,0.4294902,0,0,0.036304511,0.062517315,0.17833871,59.931426,1098.0283,1200,1200.4431,nan,nan,4.712389,1100,60,1977.2714,-821.36923,-543.13472,-14628.087,-9.1879927,-39.418062,-26.655803,1200.4431,0,0,0,0,0
52.3,905.24359,2186.6973,-1097.9242,-59.356361,-4.2350748,0.9849745,0.51413926,0.045812252,-3.0394755,-0.00089251529,0.063831989,0.080001137,-0.041406959,0.019526277,0.040214662,0.43087471,-0.041321254,0.019365295,0.040000569,0.42947928,0,0,0.036646045,0.061769516,0.17834318,59.932998,1097.9242,1200,1199.585,nan,nan,4.712389,1100,60,1977.3953,-817.01194,-536.73529,-14675.987,-6.5766358,-40.30367,-24.142894,1199.585,0,0,0,0,0
52.4,899.31163,2186.2473,-1097.8308,-59.27765,-4.7930785,0.87805599,0.51447951,0.047363151,-3.0294472,-0.0016547516,0.061627891,0.079143603,-0.041161908,0.01920037,0.039764153,0.43062731,-0.041031461,0.0190659,0.039571802,0.42956098,0,0,0.036727846,0.061123536,0.17834211,59.932704,1097.8308,1200,1198.904,nan,nan,4.712389,1100,60,1977.3941,-815.95606,-531.30123,-14687.566,-4.5873547,-39.606828,-21.555992,1198.904,0,0,0,0,0
52.5,893.38789,2185.7415,-1097.7481,-59.191689,-5.3506518,0.77177184,0.51475732,0.048761292,-3.0195957,-0.0022655406,0.059489701,0.078383007,-0.040831991,0.018928057,0.039362143,0.43044857,-0.040669049,0.018815677,0.039191503,0.42973032,0,0,0.036598116,0.060568198,0.17833591,59.930679,1097.7481,1200,1198.4132,nan,nan,4.712389,1100,60,1977.2766,-817.59519,-526.68679,-14669.469,-3.0598294,-37.76089,-19.03536,1198.4132,0,0,0,0,0
52.6,887.47308,2185.18,-1097.6758,-59.0988,-5.9065313,0.66799713,0.51498485,0.050010754,-3.0099084,-0.0027573763,0.057471267,0.077715039,-0.040442647,0.018700461,0.039007399,0.43034138,-0.040257915,0.018606533,0.03885752,0.42998169,0,0,0.036302664,0.060092839,0.17832503,59.92707,1097.6758,1200,1198.1207,nan,nan,4.712389,1100,60,1977.0525,-821.32532,-522.76838,-14628.023,-1.8784899,-35.138302,-16.663039,1198.1207,0,0,0,0,0
52.7,881.56787,2184.563,-1097.6138,-58.999324,-6.4597322,0.5681733,0.51517168,0.051119625,-3.0003709,-0.003155147,0.055607486,0.077133112,-0.040015778,0.018510251,0.038697143,0.43030709,-0.03981834,0.018431763,0.038566556,0.43030918,0,0,0.035883392,0.059687561,0.17830988,59.922025,1097.6138,1200,1198.0304,nan,nan,4.712389,1100,60,1976.7317,-826.58251,-519.44101,-14569.022,-0.95924257,-32.047653,-14.482234,1198.0304,0,0,0,0,0
52.8,875.67291,2183.8909,-1097.5616,-58.893602,-7.0095201,0.4733501,0.51532541,0.052098611,-2.990968,-0.0034781289,0.053917829,0.076629545,-0.039569693,0.018351343,0.038427783,0.43034568,-0.03936703,0.018285786,0.038314772,0.43070679,0,0,0.035377375,0.059343342,0.17829093,59.91569,1097.5616,1200,1198.1421,nan,nan,4.712389,1100,60,1976.3239,-832.86645,-516.6154,-14497.603,-0.24023271,-28.735548,-12.510855,1198.1421,0,0,0,0,0
52.9,869.7888,2183.164,-1097.5185,-58.781962,-7.5553775,0.38423498,0.51545216,0.05295989,-2.9816847,-0.0037413971,0.052409649,0.076196328,-0.039119231,0.018218657,0.038195392,0.43045607,-0.038917313,0.018163937,0.038098164,0.43116866,0,0,0.03481643,0.059052071,0.17826857,59.908208,1097.5185,1200,1198.453,nan,nan,4.712389,1100,60,1975.8387,-839.75226,-514.21557,-14418.18,0.32456464,-25.391545,-10.75083,1198.453,0,0,0,0,0
53,863.91613,2182.3827,-1097.4841,-58.66471,-8.0969703,0.30124527,0.51555683,0.05371621,-2.9725061,-0.0039568366,0.05108117,0.075825591,-0.038676014,0.018107947,0.037996004,0.43063633,-0.038479426,0.018062307,0.037912795,0.43168916,0,0,0.034227055,0.058806533,0.17824322,59.899713,1097.4841,1200,1198.9577,nan,nan,4.712389,1100,60,1975.2851,-846.89352,-512.17677,-14334.434,0.76979313,-22.154819,-9.1944111,1198.9577,0,0,0,0,0
53.1,858.05544,2181.5474,-1097.4576,-58.542125,-8.6341145,0.22455991,0.51564344,0.0543802,-2.9634186,-0.0041338756,0.049924074,0.075509878,-0.038248776,0.018015649,0.0378258,0.43088388,-0.038060882,0.017977617,0.037754939,0.43226298,0,0,0.033630633,0.058600358,0.17821525,59.89033,1097.4576,1200,1199.6491,nan,nan,4.712389,1100,60,1974.6715,-854.01899,-510.44382,-14249.343,1.1218131,-19.121602,-7.8283653,1199.6491,0,0,0,0,0
53.2,852.20725,2180.6587,-1097.4386,-58.414454,-9.1667455,0.15416836,0.51571522,0.054963887,-2.9544096,-0.0042800265,0.048925675,0.075242302,-0.037843735,0.017938777,0.037681208,0.43119568,-0.037666847,0.017907117,0.037621151,0.43288514,0,0,0.033043829,0.058427959,0.17818499,59.880176,1097.4386,1200,1200.5188,nan,nan,4.712389,1100,60,1974.0056,-860.92564,-508.9697,-14165.232,1.4008748,-16.352699,-6.6367173,1200.5188,0,0,0,0,0
53.3,846.37206,2179.7169,-1097.4263,-58.281915,-9.6948903,0.089915059,0.51577485,0.055478364,-2.9454677,-0.0044012926,0.048070682,0.075016602,-0.037464972,0.01787482,0.037558959,0.43156838,-0.037300526,0.017848495,0.037508301,0.43355108,0,0,0.032479092,0.058284462,0.17815277,59.869355,1097.4263,1200,1201.5575,nan,nan,4.712389,1100,60,1973.2946,-867.46951,-507.7144,-14083.844,1.6226596,-13.880632,-5.6025005,1201.5575,0,0,0,0,0
53.4,840.55035,2178.7225,-1097.4201,-58.144691,-10.218643,0.031538646,0.51582449,0.055933605,-2.9365829,-0.004502478,0.047342583,0.074827163,-0.037114816,0.017821676,0.0374561,0.43199845,-0.036963533,0.017799815,0.037413581,0.43425662,0,0,0.031945214,0.058165631,0.17811886,59.857965,1097.4201,1200,1202.7554,nan,nan,4.712389,1100,60,1972.5451,-873.55603,-506.64385,-14006.418,1.7993875,-11.716126,-4.7088445,1202.7554,0,0,0,0,0
53.5,834.74258,2177.6759,-1097.4195,-58.002942,-10.738144,-0.021294517,0.51586591,0.056338374,-2.9277463,-0.0045874288,0.046724699,0.074668995,-0.03679419,0.017777579,0.037369997,0.43248226,-0.03665623,0.017759454,0.037334497,0.43499793,0,0,0.031447912,0.058067803,0.17808353,59.846091,1097.4195,1200,1204.1024,nan,nan,4.712389,1100,60,1971.7627,-879.13055,-505.72914,-13933.768,1.9406257,-9.8537903,-3.9396217,1204.1024,0,0,0,0,0
53.6,828.94919,2176.5776,-1097.4239,-57.856799,-11.253564,-0.068962466,0.51590056,0.056700218,-2.9189504,-0.0046592226,0.046200943,0.074537697,-0.036502929,0.017741051,0.037298317,0.43301619,-0.036378028,0.017726051,0.037268848,0.43577156,0,0,0.030990377,0.057987816,0.178047,59.833813,1097.4239,1200,1205.5886,nan,nan,4.712389,1100,60,1970.9528,-884.16954,-504.94572,-13866.359,2.053889,-8.2769406,-3.2798072,1205.5886,0,0,0,0,0
53.7,823.17062,2175.4279,-1097.4329,-57.706372,-11.765088,-0.11186515,0.51592962,0.057025522,-2.9101887,-0.0047203187,0.045756328,0.074429411,-0.036240067,0.017710856,0.037239008,0.43359669,-0.036127653,0.017698472,0.037214705,0.43657436,0,0,0.030573801,0.057922954,0.17800949,59.8212,1097.4329,1200,1207.2041,nan,nan,4.712389,1100,60,1970.1202,-888.67303,-504.27282,-13804.379,2.1450914,-6.9615619,-2.7156511,1207.2041,0,0,0,0,0
53.8,817.40729,2174.2272,-1097.446,-57.551754,-12.272906,-0.15040685,0.51595406,0.05731959,-2.9014559,-0.0047726797,0.045377299,0.074340772,-0.036004071,0.017685962,0.037190278,0.43422032,-0.035903361,0.017675767,0.037170386,0.43740353,0,0,0.030197836,0.057870887,0.17797117,59.808314,1097.446,1200,1208.9393,nan,nan,4.712389,1100,60,1969.2691,-892.65806,-503.69288,-13747.804,2.2188919,-5.8794767,-2.2347347,1208.9393,0,0,0,0,0
53.9,811.65962,2172.976,-1097.4627,-57.393019,-12.777207,-0.18498298,0.51597467,0.05758676,-2.8927474,-0.0048178687,0.045051885,0.074268859,-0.035793041,0.017665507,0.037150567,0.43488375,-0.035703126,0.017657146,0.03713443,0.43825648,0,0,0.029861008,0.057829624,0.17793222,59.795213,1097.4627,1200,1210.785,nan,nan,4.712389,1100,60,1968.4032,-896.15335,-503.19108,-13696.453,2.2789616,-5.0007917,-1.825953,1210.785,0,0,0,0,0
54,805.92802,2171.6744,-1097.4827,-57.230231,-13.278167,-0.21597063,0.51599208,0.057830522,-2.8840594,-0.0048571286,0.044769751,0.074211145,-0.035604873,0.017648772,0.037118522,0.43558385,-0.035524781,0.01764195,0.037105572,0.43913091,0,0,0.029561055,0.057797463,0.17789278,59.781946,1097.4827,1200,1212.7325,nan,nan,4.712389,1100,60,1967.5259,-899.19503,-502.75497,-13650.037,2.3281917,-4.2957168,-1.4794543,1212.7325,0,0,0,0,0
54.1,800.21288,2170.3229,-1097.5056,-57.063444,-13.775952,-0.24372226,0.51600682,0.058053648,-2.8753889,-0.0048914459,0.04452216,0.074165449,-0.035437384,0.017635161,0.037092976,0.43631763,-0.035366131,0.017629631,0.037082725,0.44002472,0,0,0.02929522,0.057772959,0.17785299,59.768558,1097.5056,1200,1214.7735,nan,nan,4.712389,1100,60,1966.6403,-901.82325,-502.37407,-13608.198,2.3688573,-3.7358536,-1.1865551,1214.7735,0,0,0,0,0
54.2,794.51462,2168.9218,-1097.5312,-56.892703,-14.270714,-0.26856192,0.51601931,0.058258306,-2.8667334,-0.0049216027,0.044301868,0.074129901,-0.035288408,0.017624175,0.037072924,0.43708231,-0.035225032,0.017619732,0.037064951,0.44093598,0,0,0.029060473,0.057754883,0.17781297,59.75509,1097.5312,1200,1216.9004,nan,nan,4.712389,1100,60,1965.7492,-904.07968,-502.0396,-13570.538,2.4027463,-3.2950464,-0.93964416,1216.9004,0,0,0,0,0
54.3,788.83361,2167.4714,-1097.5591,-56.718046,-14.762587,-0.29078355,0.51602989,0.058446174,-2.8580909,-0.0049482193,0.044102993,0.074102896,-0.035155866,0.017615401,0.037057504,0.43787524,-0.035099459,0.017611876,0.037051448,0.44186294,0,0,0.028853695,0.057742191,0.17777281,59.741577,1097.5591,1200,1219.1057,nan,nan,4.712389,1100,60,1964.8548,-906.00558,-501.74421,-13536.647,2.4312619,-2.9498846,-0.73208134,1219.1057,0,0,0,0,0
54.4,783.17025,2165.9718,-1097.5892,-56.539511,-15.251687,-0.31065075,0.51603885,0.058618541,-2.8494597,-0.0049717876,0.043920854,0.074083061,-0.035037813,0.017608495,0.037045977,0.438694,-0.034987532,0.017605746,0.037041531,0.44280399,0,0,0.028671811,0.057734002,0.17773263,59.728053,1097.5892,1200,1221.3827,nan,nan,4.712389,1100,60,1963.9595,-907.64054,-501.48177,-13506.121,2.4555037,-2.6799351,-0.55809891,1221.3827,0,0,0,0,0
54.5,777.52493,2164.4235,-1097.6211,-56.357129,-15.738119,-0.32839777,0.51604641,0.058776392,-2.8408387,-0.0049926992,0.043751812,0.074069229,-0.034932466,0.017603172,0.037037713,0.43953629,-0.034887547,0.01760108,0.037034614,0.44375763,0,0,0.028511883,0.057729568,0.17769251,59.714547,1097.6211,1200,1223.725,nan,nan,4.712389,1100,60,1963.0653,-909.02154,-501.24717,-13478.573,2.4763316,-2.4677711,-0.41270615,1223.725,0,0,0,0,0
54.6,771.89803,2162.8267,-1097.6547,-56.17093,-16.221968,-0.34423122,0.51605276,0.058920486,-2.8322267,-0.0050112669,0.043593103,0.074060404,-0.034838222,0.017599193,0.037032176,0.44039998,-0.034797982,0.01759766,0.037030202,0.44472247,0,0,0.028371178,0.057728261,0.17765253,59.701088,1097.6547,1200,1226.1268,nan,nan,4.712389,1100,60,1962.1739,-910.18243,-501.03615,-13453.642,2.4944176,-2.2988581,-0.29160021,1226.1268,0,0,0,0,0
54.7,766.28993,2161.1817,-1097.6898,-55.980943,-16.703308,-0.35833229,0.51605806,0.059051417,-2.8236228,-0.0050277423,0.043442689,0.074055742,-0.034753659,0.017596359,0.037028911,0.44128308,-0.034717496,0.017595305,0.037027871,0.4456972,0,0,0.028247205,0.057729549,0.17761276,59.687699,1097.6898,1200,1228.5825,nan,nan,4.712389,1100,60,1961.2872,-911.15369,-500.8452,-13431.001,2.5102859,-2.1613423,-0.19108376,1228.5825,0,0,0,0,0
54.8,760.70101,2159.4886,-1097.7262,-55.787196,-17.182201,-0.37085927,0.51606243,0.059169661,-2.8150264,-0.0050423299,0.043299114,0.074054529,-0.034677532,0.017594505,0.03702753,0.44218374,-0.034644923,0.01759386,0.037027264,0.4466806,0,0,0.028137731,0.057732983,0.17757327,59.674403,1097.7262,1200,1231.087,nan,nan,4.712389,1100,60,1960.4065,-911.96235,-500.67136,-13410.357,2.5243456,-2.04578,-0.10798988,1231.087,0,0,0,0,0
54.9,755.13164,2157.7477,-1097.7639,-55.589715,-17.658696,-0.38195015,0.51606598,0.059275621,-2.8064369,-0.0050551978,0.043161384,0.074056159,-0.034608766,0.017593492,0.037027707,0.44310023,-0.034579261,0.017593199,0.037028079,0.44767152,0,0,0.028040789,0.057738186,0.17753412,59.661222,1097.7639,1200,1233.6354,nan,nan,4.712389,1100,60,1959.5333,-912.63205,-500.51222,-13391.454,2.5369156,-1.9448388,-0.039614155,1233.6354,0,0,0,0,0
55,749.5822,2155.9593,-1097.8025,-55.388528,-18.132834,-0.3917252,0.51606879,0.059369657,-2.7978537,-0.0050664865,0.043028859,0.074060122,-0.034546439,0.017593202,0.037029165,0.44403092,-0.034519655,0.017593212,0.037030061,0.44866885,0,0,0.027954667,0.057744841,0.17749538,59.648175,1097.8025,1200,1236.2232,nan,nan,4.712389,1100,60,1958.6689,-913.18329,-500.36577,-13374.067,2.5482451,-1.8529911,0.016346241,1236.2232,0,0,0,0,0
55.1,744.05304,2154.1236,-1097.8421,-55.183661,-18.604647,-0.40028938,0.51607095,0.059452104,-2.7892765,-0.0050763152,0.042901157,0.074065987,-0.034489769,0.017593538,0.037031671,0.44497428,-0.034465381,0.01759381,0.037032993,0.44967154,0,0,0.027877894,0.057752678,0.17745709,59.635281,1097.8421,1200,1238.8462,nan,nan,4.712389,1100,60,1957.8145,-913.6336,-500.23033,-13358.006,2.5585293,-1.7662171,0.061846781,1238.8462,0,0,0,0,0
55.2,738.54455,2152.2408,-1097.8825,-54.975139,-19.074161,-0.40773465,0.51607252,0.059523294,-2.780705,-0.0050847871,0.042778087,0.074073392,-0.034438096,0.017594414,0.037035027,0.4459289,-0.034415831,0.017594914,0.037036696,0.45067861,0,0,0.027809218,0.057761473,0.1774193,59.622555,1097.8825,1200,1241.5005,nan,nan,4.712389,1100,60,1956.9712,-913.9979,-500.10455,-13343.108,2.5679217,-1.6817278,0.09854367,1241.5005,0,0,0,0,0
55.3,733.05709,2150.3111,-1097.9236,-54.762988,-19.541396,-0.414142,0.51607355,0.059583561,-2.7721386,-0.0050919928,0.04265958,0.074082031,-0.034390868,0.01759576,0.03703907,0.44689342,-0.034370498,0.017596457,0.037041015,0.45168908,0,0,0.027747581,0.057771033,0.17738207,59.610014,1097.9236,1200,1244.1823,nan,nan,4.712389,1100,60,1956.1402,-914.28876,-499.98727,-13329.239,2.576544,-1.5977142,0.12783621,1244.1823,0,0,0,0,0
55.4,727.59101,2148.3349,-1097.9653,-54.547235,-20.006367,-0.41958322,0.51607409,0.059633253,-2.7635772,-0.0050980137,0.042545647,0.074091648,-0.034347621,0.017597514,0.037043659,0.44786656,-0.034328955,0.017598383,0.037045824,0.45270204,0,0,0.027692101,0.057781198,0.17734543,59.597672,1097.9653,1200,1246.888,nan,nan,4.712389,1100,60,1955.3222,-914.51673,-499.87756,-13316.285,2.5844933,-1.5131273,0.15090399,1246.888,0,0,0,0,0
55.5,722.14667,2146.3123,-1098.0075,-54.327902,-20.469084,-0.42412251,0.51607419,0.059672731,-2.7550204,-0.0051029238,0.042436341,0.074102027,-0.03430797,0.017599623,0.037048678,0.44884713,-0.034290848,0.017600641,0.037051013,0.45371662,0,0,0.027642041,0.057791831,0.17730942,59.585543,1098.0075,1200,1249.6143,nan,nan,4.712389,1100,60,1954.5183,-914.6906,-499.77464,-13304.153,2.5918481,-1.4274893,0.16873927,1249.6143,0,0,0,0,0
55.6,716.72444,2144.2435,-1098.0501,-54.105015,-20.929555,-0.42781777,0.51607388,0.059702369,-2.746468,-0.0051067913,0.042331728,0.074112987,-0.03427159,0.017602041,0.037054027,0.44983397,-0.034255879,0.017603189,0.037056493,0.45473195,0,0,0.027596791,0.057802817,0.17727409,59.573638,1098.0501,1200,1252.3581,nan,nan,4.712389,1100,60,1953.7292,-914.81771,-499.67786,-13292.766,2.5986723,-1.340735,0.18217529,1252.3581,0,0,0,0,0
55.7,711.32466,2142.1287,-1098.093,-53.878597,-21.387785,-0.43072173,0.5160732,0.059722557,-2.7379196,-0.0051096796,0.04223187,0.074124375,-0.03423821,0.017604727,0.037059625,0.45082602,-0.034223796,0.017605988,0.037062187,0.45574724,0,0,0.027555846,0.057814056,0.17723946,59.561971,1098.093,1200,1255.1163,nan,nan,4.712389,1100,60,1952.9558,-914.90416,-499.58667,-13282.061,2.6050192,-1.2530821,0.1919106,1255.1163,0,0,0,0,0
55.8,705.94769,2139.9683,-1098.1362,-53.648672,-21.843776,-0.43288289,0.51607219,0.059733696,-2.7293751,-0.0051116482,0.042136812,0.074136063,-0.034207597,0.017607645,0.037065402,0.45182222,-0.034194385,0.017609004,0.037068031,0.4567617,0,0,0.027518787,0.057825464,0.17720556,59.550551,1098.1362,1200,1257.886,nan,nan,4.712389,1100,60,1952.1987,-914.95504,-499.50062,-13271.988,2.6109333,-1.164928,0.19853014,1257.886,0,0,0,0,0
55.9,700.59389,2137.7623,-1098.1795,-53.415262,-22.297529,-0.43434621,0.51607086,0.059736194,-2.7208341,-0.0051127533,0.042046574,0.074147942,-0.034179555,0.017610765,0.037071299,0.4528216,-0.03416746,0.017612208,0.037073971,0.45777458,0,0,0.027485263,0.057836969,0.17717244,59.539389,1098.1795,1200,1260.6645,nan,nan,4.712389,1100,60,1951.4586,-914.97464,-499.41934,-13262.502,2.6164528,-1.076769,0.20252329,1260.6645,0,0,0,0,0
56,695.26358,2135.5111,-1098.223,-53.178387,-22.749044,-0.43515377,0.51606925,0.059730466,-2.7122964,-0.005113048,0.041961146,0.074159923,-0.03415391,0.017614059,0.037077267,0.45382323,-0.034142861,0.017615574,0.037079961,0.45878516,0,0,0.027454981,0.057848511,0.1771401,59.528494,1098.223,1200,1263.4493,nan,nan,4.712389,1100,60,1950.7361,-914.96658,-499.34251,-13253.569,2.6216106,-0.98914004,0.20429932,1263.4493,0,0,0,0,0
56.1,689.95713,2133.2148,-1098.2665,-52.938071,-23.198317,-0.4353452,0.51606738,0.059716929,-2.7037618,-0.0051125826,0.04188049,0.074171926,-0.03413051,0.0176175,0.037083264,0.4548262,-0.034120441,0.017619077,0.037085963,0.45979275,0,0,0.027427691,0.057860034,0.17710859,59.517874,1098.2665,1200,1266.2378,nan,nan,4.712389,1100,60,1950.0317,-914.93396,-499.26985,-13245.159,2.6264355,-0.90257028,0.20420051,1266.2378,0,0,0,0,0
56.2,684.67487,2130.8738,-1098.3101,-52.694331,-23.645345,-0.43495802,0.51606528,0.059695996,-2.69523,-0.0051114052,0.04180454,0.074183889,-0.034109219,0.017621066,0.037089254,0.45582966,-0.03410007,0.017622695,0.037091944,0.46079669,0,0,0.027403175,0.057871494,0.17707792,59.507536,1098.3101,1200,1269.0276,nan,nan,4.712389,1100,60,1949.346,-914.87947,-499.20114,-13237.245,2.630953,-0.81755326,0.20251327,1269.0276,0,0,0,0,0
56.3,679.41715,2128.4881,-1098.3535,-52.447189,-24.090123,-0.43402799,0.51606296,0.059668079,-2.6867009,-0.005109561,0.041733202,0.074195754,-0.03408991,0.017624738,0.037095209,0.4568328,-0.034081628,0.01762641,0.037097877,0.46179635,0,0,0.027381244,0.05788285,0.1770481,59.497488,1098.3535,1200,1271.8166,nan,nan,4.712389,1100,60,1948.6795,-914.80548,-499.13617,-13229.806,2.6351859,-0.73452741,0.19947756,1271.8166,0,0,0,0,0
56.4,674.1843,2126.058,-1098.3969,-52.196663,-24.532647,-0.43258922,0.51606045,0.059633583,-2.6781741,-0.0051070931,0.04166636,0.074207475,-0.034072466,0.017628496,0.037101102,0.45783483,-0.034065,0.017630203,0.037103738,0.46279113,0,0,0.027361727,0.057894068,0.17701917,59.487736,1098.3969,1200,1274.6024,nan,nan,4.712389,1100,60,1948.0324,-914.71411,-499.07478,-13222.821,2.6391545,-0.65386547,0.19529476,1274.6024,0,0,0,0,0
56.5,668.97667,2123.5838,-1098.44,-51.942771,-24.97291,-0.43067439,0.51605776,0.059592902,-2.6696496,-0.0051040425,0.041603882,0.074219013,-0.034056779,0.017632323,0.037106912,0.45883501,-0.03405008,0.017634058,0.037109507,0.46378044,0,0,0.027344467,0.057905117,0.17699114,59.478285,1098.44,1200,1277.3831,nan,nan,4.712389,1100,60,1947.4052,-914.6073,-499.01682,-13216.271,2.6428772,-0.5758703,0.19013426,1277.3831,0,0,0,0,0
56.6,663.79458,2121.0657,-1098.483,-51.68553,-25.410903,-0.42831482,0.51605491,0.059546422,-2.6611271,-0.005100448,0.041545616,0.074230333,-0.034042742,0.017636205,0.037112621,0.45983262,-0.034036765,0.017637961,0.037115167,0.46476373,0,0,0.02732932,0.057915972,0.17696402,59.469141,1098.483,1200,1280.1566,nan,nan,4.712389,1100,60,1946.7982,-914.48684,-498.96215,-13210.14,2.6463708,-0.50077535,0.18413902,1280.1566,0,0,0,0,0
56.7,658.63838,2118.5039,-1098.5257,-51.424958,-25.84662,-0.42554057,0.51605191,0.059494514,-2.6526064,-0.005096346,0.041491404,0.074241406,-0.034030257,0.017640127,0.037118214,0.46082699,-0.034024957,0.017641898,0.037120703,0.46574049,0,0,0.027316148,0.057926608,0.17693782,59.460307,1098.5257,1200,1282.9211,nan,nan,4.712389,1100,60,1946.2118,-914.35439,-498.91066,-13204.411,2.6496501,-0.42874855,0.17743009,1282.9211,0,0,0,0,0
56.8,653.50839,2115.8986,-1098.5681,-51.161071,-26.280052,-0.42238047,0.51604879,0.059437538,-2.6440873,-0.0050917715,0.041441076,0.074252208,-0.034019226,0.017644076,0.037123675,0.46181747,-0.034014559,0.017645858,0.037126104,0.4667102,0,0,0.027304819,0.057937006,0.17691255,59.451789,1098.5681,1200,1285.6748,nan,nan,4.712389,1100,60,1945.646,-914.21154,-498.86224,-13199.067,2.652729,-0.3598982,0.17011044,1285.6748,0,0,0,0,0
56.9,648.40495,2113.2501,-1098.6102,-50.893885,-26.711188,-0.4188622,0.51604555,0.059375841,-2.6355698,-0.0050867571,0.041394459,0.074262716,-0.034009554,0.017648041,0.037128996,0.46280343,-0.03400548,0.017649828,0.037131358,0.46767239,0,0,0.02729521,0.057947149,0.17688824,59.443587,1098.6102,1200,1288.4159,nan,nan,4.712389,1100,60,1945.1012,-914.05978,-498.81681,-13194.094,2.6556199,-0.29428011,0.16226805,1288.4159,0,0,0,0,0
57,643.32838,2110.5586,-1098.6519,-50.623416,-27.140019,-0.41501226,0.51604221,0.059309753,-2.6270536,-0.0050813339,0.041351379,0.074272913,-0.034001151,0.017652012,0.037134164,0.46378428,-0.033997629,0.017653798,0.037136456,0.46862661,0,0,0.027287196,0.05795702,0.17686487,59.435707,1098.6519,1200,1291.1428,nan,nan,4.712389,1100,60,1944.5775,-913.90054,-498.77427,-13189.476,2.658334,-0.23190523,0.15397851,1291.1428,0,0,0,0,0
57.1,638.27901,2107.8243,-1098.6932,-50.349678,-27.566533,-0.41085604,0.51603878,0.059239591,-2.6185387,-0.0050755311,0.04131166,0.074282783,-0.033993928,0.017655977,0.037139173,0.46475946,-0.033990918,0.017657759,0.037141392,0.46957243,0,0,0.02728066,0.057966606,0.17684246,59.428149,1098.6932,1200,1293.854,nan,nan,4.712389,1100,60,1944.0751,-913.73522,-498.73454,-13185.199,2.6608816,-0.1727473,0.14530712,1293.854,0,0,0,0,0
57.2,633.25718,2105.0475,-1098.7341,-50.072686,-27.990717,-0.40641782,0.51603527,0.059165659,-2.6100248,-0.0050693762,0.04127513,0.074292314,-0.0339878,0.017659929,0.037144015,0.46572843,-0.033985265,0.017661703,0.037146157,0.47050944,0,0,0.027275487,0.057975895,0.17682102,59.420915,1098.7341,1200,1296.5479,nan,nan,4.712389,1100,60,1943.594,-913.56511,-498.69756,-13181.247,2.6632722,-0.11675006,0.1363106,1296.5479,0,0,0,0,0
57.3,628.26319,2102.2284,-1098.7745,-49.792456,-28.412561,-0.40172079,0.51603169,0.059088242,-2.6015118,-0.0050628955,0.04124162,0.074301493,-0.033982683,0.017663859,0.037148683,0.46669068,-0.033980585,0.017665621,0.037150746,0.47143725,0,0,0.027271564,0.057984877,0.17680055,59.414006,1098.7745,1200,1299.2231,nan,nan,4.712389,1100,60,1943.1344,-913.3915,-498.66326,-13177.606,2.6655141,-0.06383394,0.12703852,1299.2231,0,0,0,0,0
57.4,623.29738,2099.3672,-1098.8144,-49.509,-28.83205,-0.39678708,0.51602805,0.059007617,-2.5929997,-0.0050561134,0.041210964,0.074310311,-0.033978497,0.017667759,0.037153173,0.46764572,-0.033976801,0.017669506,0.037155155,0.47235551,0,0,0.027268783,0.057993542,0.17678104,59.407424,1098.8144,1200,1301.8782,nan,nan,4.712389,1100,60,1942.6962,-913.2156,-498.63157,-13174.262,2.6676152,-0.013902009,0.11753446,1301.8782,0,0,0,0,0
57.5,618.36007,2096.4642,-1098.8539,-49.222334,-29.249169,-0.39163778,0.51602436,0.058924042,-2.5844884,-0.0050490531,0.041183006,0.07431876,-0.033975164,0.017671622,0.037157481,0.46859309,-0.033973836,0.017673352,0.03715938,0.47326386,0,0,0.027267037,0.058001884,0.17676251,59.401168,1098.8539,1200,1304.5121,nan,nan,4.712389,1100,60,1942.2796,-913.03857,-498.60244,-13171.202,2.6695827,0.033154914,0.10783695,1304.5121,0,0,0,0,0
57.6,613.45158,2093.5195,-1098.8928,-48.932471,-29.663905,-0.38629294,0.51602063,0.058837765,-2.5759777,-0.0050417366,0.04115759,0.074326835,-0.03397261,0.017675443,0.037161603,0.46953235,-0.033971617,0.017677152,0.037163417,0.47416198,0,0,0.027266226,0.058009895,0.17674494,59.39524,1098.8928,1200,1307.1234,nan,nan,4.712389,1100,60,1941.8844,-912.86153,-498.5758,-13168.41,2.6714228,0.077453911,0.097980206,1307.1234,0,0,0,0,0
57.7,608.57223,2090.5335,-1098.9311,-48.639425,-30.076242,-0.38077163,0.51601687,0.05874902,-2.5674675,-0.0050341845,0.041134572,0.074334528,-0.033970763,0.017679215,0.037165535,0.47046309,-0.033970074,0.017680901,0.037167264,0.47504957,0,0,0.027266252,0.058017571,0.17672835,59.389637,1098.9311,1200,1309.711,nan,nan,4.712389,1100,60,1941.5108,-912.68552,-498.5516,-13165.876,2.6731418,0.11911639,0.087994817,1309.711,0,0,0,0,0
57.8,603.72233,2087.5064,-1098.9689,-48.34321,-30.486164,-0.37509193,0.51601308,0.058658028,-2.5589578,-0.0050264163,0.04111381,0.074341837,-0.033969556,0.017682933,0.037169276,0.4713849,-0.03396914,0.017684593,0.037170919,0.47592633,0,0,0.027267019,0.058024905,0.17671272,59.38436,1098.9689,1200,1312.2738,nan,nan,4.712389,1100,60,1941.1585,-912.51155,-498.5298,-13163.584,2.6747449,0.15826522,0.077908221,1312.2738,0,0,0,0,0
57.9,598.9022,2084.4384,-1099.0062,-48.043839,-30.893654,-0.369271,0.51600928,0.058565,-2.5504486,-0.0050184506,0.041095173,0.074348758,-0.033968922,0.017686591,0.037172824,0.47229742,-0.03396875,0.017688225,0.037174379,0.47679199,0,0,0.027268437,0.058031896,0.17669806,59.379407,1099.0062,1200,1314.8107,nan,nan,4.712389,1100,60,1940.8276,-912.34058,-498.51034,-13161.523,2.6762373,0.19502249,0.067745142,1314.8107,0,0,0,0,0
58,594.11216,2081.3298,-1099.0428,-47.741326,-31.298695,-0.36332508,0.51600546,0.058470134,-2.5419396,-0.0050103047,0.041078533,0.074355288,-0.033968799,0.017690187,0.037176177,0.47320029,-0.033968845,0.017691791,0.037177644,0.4776463,0,0,0.027270421,0.058038539,0.17668436,59.374777,1099.0428,1200,1317.3209,nan,nan,4.712389,1100,60,1940.518,-912.17348,-498.49316,-13159.682,2.6776236,0.22950785,0.057527949,1317.3209,0,0,0,0,0
58.1,589.35252,2078.1808,-1099.0789,-47.435685,-31.70127,-0.35726954,0.51600163,0.058373619,-2.5334309,-0.0050019951,0.041063769,0.074361425,-0.033969129,0.017693715,0.037179334,0.47409318,-0.033969366,0.017695288,0.037180713,0.47848903,0,0,0.027272888,0.058044832,0.17667161,59.370468,1099.0789,1200,1319.8033,nan,nan,4.712389,1100,60,1940.2295,-912.0111,-498.47824,-13158.047,2.6789083,0.26183729,0.047276937,1319.8033,0,0,0,0,0
58.2,584.62359,2074.9916,-1099.1143,-47.126929,-32.101358,-0.35111888,0.5159978,0.058275632,-2.5249225,-0.0049935373,0.041050769,0.07436717,-0.033969855,0.017697172,0.037182295,0.47497577,-0.033970258,0.017698712,0.037183585,0.47931994,0,0,0.02727576,0.058050775,0.17665981,59.366479,1099.1143,1200,1322.2571,nan,nan,4.712389,1100,60,1939.962,-911.85421,-498.46551,-13156.608,2.6800953,0.2921223,0.03701058,1322.2571,0,0,0,0,0
58.3,579.92569,2071.7626,-1099.1491,-46.815073,-32.498943,-0.34488682,0.51599398,0.058176342,-2.5164142,-0.0049849461,0.041039422,0.074372522,-0.033970923,0.017700555,0.037185059,0.47584777,-0.033971471,0.017702061,0.037186261,0.48013884,0,0,0.027278963,0.058056365,0.17664896,59.362807,1099.1491,1200,1324.6814,nan,nan,4.712389,1100,60,1939.7154,-911.70356,-498.45493,-13155.355,2.6811885,0.32046941,0.026745729,1324.6814,0,0,0,0,0
58.4,575.25911,2068.4939,-1099.1833,-46.50013,-32.894003,-0.33858628,0.51599017,0.058075907,-2.507906,-0.0049762354,0.041029628,0.07437748,-0.033972285,0.01770386,0.037187627,0.4767089,-0.033972954,0.017705331,0.03718874,0.48094552,0,0,0.027282428,0.058061603,0.17663903,59.359449,1099.1833,1200,1327.0755,nan,nan,4.712389,1100,60,1939.4894,-911.55981,-498.44646,-13154.276,2.6821915,0.34697989,0.016497793,1327.0755,0,0,0,0,0
58.5,570.62418,2065.1858,-1099.2169,-46.182115,-33.28652,-0.33222944,0.51598637,0.057974478,-2.4993979,-0.0049674185,0.041021288,0.074382047,-0.033973893,0.017707086,0.037189998,0.4775589,-0.033974662,0.01770852,0.037191023,0.48173982,0,0,0.027286088,0.058066488,0.17663004,59.356404,1099.2169,1200,1329.4387,nan,nan,4.712389,1100,60,1939.284,-911.4236,-498.44005,-13153.363,2.6831076,0.37174973,0.0062808819,1329.4387,0,0,0,0,0
58.6,566.02119,2061.8386,-1099.2498,-45.86104,-33.676474,-0.32582776,0.51598259,0.057872197,-2.4908899,-0.0049585076,0.04101431,0.074386223,-0.033975701,0.017710229,0.037192174,0.47839752,-0.033976552,0.017711625,0.037193111,0.48252156,0,0,0.027289882,0.058071022,0.17662197,59.353668,1099.2498,1200,1331.7702,nan,nan,4.712389,1100,60,1939.0989,-911.2955,-498.43567,-13152.605,2.6839399,0.39486969,-0.0038920651,1331.7702,0,0,0,0,0
58.7,561.45046,2058.4526,-1099.2821,-45.536922,-34.063842,-0.31939202,0.51597883,0.057769197,-2.4823819,-0.0049495147,0.041008607,0.074390011,-0.033977668,0.017713287,0.037194155,0.47922453,-0.033978582,0.017714645,0.037195005,0.4832906,0,0,0.027293752,0.058075204,0.1766148,59.351237,1099.2821,1200,1334.0695,nan,nan,4.712389,1100,60,1938.934,-911.17604,-498.43327,-13151.993,2.6846917,0.41642549,-0.014009168,1334.0695,0,0,0,0,0
58.8,556.91228,2055.0279,-1099.3137,-45.209774,-34.448604,-0.31293235,0.5159751,0.057665605,-2.4738739,-0.0049404509,0.041004096,0.074393412,-0.033979755,0.01771626,0.037195943,0.48003971,-0.033980715,0.017717578,0.037196706,0.48404679,0,0,0.027297644,0.058079038,0.17660853,59.349109,1099.3137,1200,1336.3359,nan,nan,4.712389,1100,60,1938.7889,-911.06571,-498.4328,-13151.519,2.6853656,0.43649806,-0.024059511,1336.3359,0,0,0,0,0
58.9,552.40696,2051.5649,-1099.3447,-44.879611,-34.83074,-0.30645826,0.5159714,0.057561539,-2.4653658,-0.0049313266,0.041000697,0.07439643,-0.033981925,0.017719144,0.037197538,0.48084288,-0.033982914,0.017720422,0.037198215,0.48479001,0,0,0.027301505,0.058082524,0.17660315,59.347281,1099.3447,1200,1338.5689,nan,nan,4.712389,1100,60,1938.6635,-910.96495,-498.43423,-13151.175,2.6859645,0.45516382,-0.03403306,1338.5689,0,0,0,0,0
59,547.9348,2048.0637,-1099.375,-44.546448,-35.210225,-0.29997865,0.51596773,0.057457113,-2.4568577,-0.004922152,0.040998337,0.074399067,-0.033984143,0.017721938,0.037198942,0.48163384,-0.033985146,0.017723177,0.037199534,0.48552013,0,0,0.02730529,0.058085666,0.17659865,59.345747,1099.375,1200,1340.768,nan,nan,4.712389,1100,60,1938.5576,-910.87416,-498.43751,-13150.952,2.6864911,0.47249499,-0.043920585,1340.768,0,0,0,0,0
59.1,543.4961,2044.5248,-1099.4047,-44.210299,-35.58704,-0.29350188,0.51596409,0.057352432,-2.4483495,-0.0049129363,0.040996944,0.074401328,-0.033986376,0.017724642,0.037200157,0.48241243,-0.033987381,0.017725839,0.037200664,0.48623707,0,0,0.027308954,0.058088464,0.17659502,59.344506,1099.4047,1200,1342.9327,nan,nan,4.712389,1100,60,1938.4708,-910.79369,-498.4426,-13150.844,2.6869478,0.48855988,-0.053713601,1342.9327,0,0,0,0,0
59.2,539.09115,2040.9483,-1099.4337,-43.871181,-35.96116,-0.28703575,0.51596049,0.057247595,-2.4398412,-0.0049036885,0.040996451,0.074403216,-0.033988596,0.017727255,0.037201185,0.48317848,-0.033989588,0.01772841,0.037201608,0.48694072,0,0,0.027312456,0.058090923,0.17659224,59.343553,1099.4337,1200,1345.0625,nan,nan,4.712389,1100,60,1938.403,-910.72387,-498.44947,-13150.842,2.6873371,0.50342321,-0.0634043,1345.0625,0,0,0,0,0
59.3,534.72026,2037.3345,-1099.4621,-43.52911,-36.332563,-0.28058757,0.51595694,0.057142696,-2.4313329,-0.004894417,0.040996794,0.074404734,-0.033990773,0.017729774,0.037202027,0.48393184,-0.03399174,0.017730888,0.037202367,0.48763099,0,0,0.027315757,0.058093045,0.17659031,59.342883,1099.4621,1200,1347.1571,nan,nan,4.712389,1100,60,1938.3538,-910.66499,-498.45807,-13150.941,2.6876613,0.51714636,-0.072985511,1347.1571,0,0,0,0,0
59.4,530.38371,2033.6837,-1099.4899,-43.1841,-36.701226,-0.27416413,0.51595342,0.057037823,-2.4228244,-0.0048851297,0.040997912,0.074405888,-0.033992882,0.017732201,0.037202686,0.4846724,-0.033993813,0.017733273,0.037202944,0.48830782,0,0,0.027318824,0.058094834,0.1765892,59.342493,1099.4899,1200,1349.216,nan,nan,4.712389,1100,60,1938.323,-910.6173,-498.46836,-13151.134,2.6879228,0.52978767,-0.082450642,1349.216,0,0,0,0,0
59.5,526.08181,2029.9962,-1099.517,-42.836167,-37.067127,-0.26777179,0.51594995,0.056933059,-2.4143158,-0.004875834,0.040999748,0.074406681,-0.033994898,0.017734534,0.037203164,0.48540002,-0.033995782,0.017735564,0.03720334,0.48897115,0,0,0.027321622,0.058096294,0.17658892,59.342378,1099.517,1200,1351.239,nan,nan,4.712389,1100,60,1938.3104,-910.581,-498.48031,-13151.414,2.6881237,0.54140262,-0.091793646,1351.239,0,0,0,0,0
59.6,521.81483,2026.2722,-1099.5435,-42.48533,-37.43024,-0.26141644,0.51594653,0.056828481,-2.4058072,-0.0048665371,0.041002247,0.074407119,-0.033996799,0.017736773,0.037203463,0.48611459,-0.033997627,0.01773776,0.037203559,0.48962091,0,0,0.027324123,0.058097428,0.17658943,59.342534,1099.5435,1200,1353.2257,nan,nan,4.712389,1100,60,1938.3155,-910.55631,-498.49388,-13151.776,2.6882661,0.55204411,-0.10100898,1353.2257,0,0,0,0,0
59.7,517.58307,2022.512,-1099.5693,-42.131603,-37.790543,-0.25510357,0.51594316,0.056724161,-2.3972984,-0.0048572456,0.041005357,0.074407206,-0.033998564,0.017738917,0.037203585,0.48681602,-0.033999326,0.017739862,0.037203603,0.49025706,0,0,0.027326299,0.05809824,0.17659075,59.342957,1099.5693,1200,1355.1759,nan,nan,4.712389,1100,60,1938.3382,-910.54336,-498.50902,-13152.214,2.688352,0.56176259,-0.11009157,1355.1759,0,0,0,0,0
59.8,513.38683,2018.716,-1099.5945,-41.775004,-38.148012,-0.24883827,0.51593983,0.056620167,-2.3887895,-0.0048479657,0.041009029,0.074406947,-0.034000173,0.017740968,0.037203534,0.48750422,-0.034000862,0.01774187,0.037203474,0.49087956,0,0,0.027328124,0.058098735,0.17659283,59.343642,1099.5945,1200,1357.0894,nan,nan,4.712389,1100,60,1938.3781,-910.5423,-498.5257,-13152.723,2.6883835,0.57060625,-0.11903679,1357.0894,0,0,0,0,0
59.9,509.22638,2014.8843,-1099.6191,-41.415551,-38.502622,-0.24262523,0.51593656,0.056516563,-2.3802804,-0.0048387032,0.041013216,0.074406349,-0.03400161,0.017742924,0.037203311,0.48817911,-0.034002217,0.017743784,0.037203174,0.4914884,0,0,0.027329577,0.058098918,0.17659569,59.344584,1099.6191,1200,1358.9658,nan,nan,4.712389,1100,60,1938.435,-910.55323,-498.54388,-13153.297,2.6883625,0.57862116,-0.1278404,1358.9658,0,0,0,0,0
60,505.10201,2011.0173,-1099.6431,-41.053261,-38.854349,-0.2364688,0.51593334,0.056413409,-2.3717713,-0.0048294638,0.041017874,0.074405415,-0.034002857,0.017744786,0.037202919,0.48884062,-0.034003376,0.017745604,0.037202708,0.49208353,0,0,0.027330636,0.058098792,0.17659929,59.345778,1099.6431,1200,1360.805,nan,nan,4.712389,1100,60,1938.5084,-910.57622,-498.56352,-13153.932,2.6882909,0.58585143,-0.13649857,1360.805,0,0,0,0,0
60.1,501.014,2007.1153,-1099.6665,-40.688151,-39.20317,-0.23037297,0.51593017,0.056310758,-2.3632621,-0.0048202525,0.041022962,0.074404153,-0.034003901,0.017746555,0.037202362,0.48948869,-0.034004325,0.017747331,0.037202076,0.49266496,0,0,0.027331283,0.058098363,0.17660363,59.347221,1099.6665,1200,1362.6069,nan,nan,4.712389,1100,60,1938.5982,-910.61135,-498.58459,-13154.624,2.6881704,0.59233925,-0.14500783,1362.6069,0,0,0,0,0
60.2,496.96264,2003.1785,-1099.6892,-40.32024,-39.549059,-0.22434143,0.51592706,0.056208663,-2.3547528,-0.0048110743,0.041028438,0.074402567,-0.034004727,0.01774823,0.037201642,0.49012327,-0.034005051,0.017748964,0.037201283,0.49323268,0,0,0.0273315,0.058097635,0.17660869,59.348906,1099.6892,1200,1364.3712,nan,nan,4.712389,1100,60,1938.704,-910.65863,-498.60704,-13155.368,2.6880028,0.59812504,-0.15336504,1364.3712,0,0,0,0,0
60.3,492.9482,1999.2073,-1099.7114,-39.949547,-39.891993,-0.21837753,0.51592401,0.056107171,-2.3462434,-0.0048019337,0.041034267,0.074400663,-0.034005324,0.017749813,0.037200762,0.49074433,-0.034005542,0.017750505,0.037200331,0.49378669,0,0,0.027331273,0.058096614,0.17661446,59.35083,1099.7114,1200,1366.098,nan,nan,4.712389,1100,60,1938.8255,-910.7181,-498.63085,-13156.159,2.6877899,0.60324754,-0.16156737,1366.098,0,0,0,0,0
60.4,488.97096,1995.2019,-1099.7329,-39.576091,-40.231946,-0.21248434,0.51592101,0.056006326,-2.337734,-0.0047928349,0.041040411,0.074398448,-0.034005681,0.017751303,0.037199724,0.49135182,-0.034005788,0.017751954,0.037199224,0.49432699,0,0,0.027330588,0.058095305,0.17662093,59.352988,1099.7329,1200,1367.7871,nan,nan,4.712389,1100,60,1938.9623,-910.78973,-498.65597,-13156.994,2.6875333,0.60774385,-0.16961232,1367.7871,0,0,0,0,0
60.5,485.0312,1991.1627,-1099.7539,-39.199889,-40.568894,-0.20666465,0.51591807,0.055906169,-2.3292245,-0.0047837819,0.041046839,0.074395926,-0.034005786,0.017752702,0.037198532,0.49194573,-0.034005779,0.017753312,0.037197963,0.4948536,0,0,0.027329434,0.058093712,0.17662807,59.355373,1099.7539,1200,1369.4384,nan,nan,4.712389,1100,60,1939.1142,-910.87352,-498.68237,-13157.87,2.6872345,0.61164952,-0.17749765,1369.4384,0,0,0,0,0
60.6,481.12919,1987.0899,-1099.7743,-38.820964,-40.902812,-0.200921,0.51591518,0.055806738,-2.3207149,-0.0047747785,0.041053518,0.074393105,-0.034005633,0.01775401,0.037197189,0.49252603,-0.034005507,0.017754579,0.037196553,0.49536654,0,0,0.027327801,0.058091842,0.17663588,59.357982,1099.7743,1200,1371.0519,nan,nan,4.712389,1100,60,1939.2808,-910.96941,-498.71002,-13158.782,2.6868952,0.61499859,-0.1852214,1371.0519,0,0,0,0,0
60.7,477.2652,1982.9839,-1099.7941,-38.439333,-41.233675,-0.19525566,0.51591235,0.055708068,-2.3122054,-0.004765828,0.041060418,0.074389991,-0.034005213,0.017755228,0.037195698,0.49309273,-0.034004965,0.017755757,0.037194996,0.49586584,0,0,0.02732568,0.0580897,0.17664433,59.36081,1099.7941,1200,1372.6275,nan,nan,4.712389,1100,60,1939.4618,-911.07736,-498.73887,-13159.727,2.686517,0.61782369,-0.19278185,1372.6275,0,0,0,0,0
60.8,473.4395,1978.845,-1099.8134,-38.055017,-41.561459,-0.18967066,0.51590959,0.055610191,-2.3036958,-0.0047569337,0.041067512,0.074386589,-0.034004518,0.017756357,0.037194062,0.4936458,-0.034004146,0.017756847,0.037193295,0.49635154,0,0,0.027323063,0.058087291,0.17665342,59.363852,1099.8134,1200,1374.1653,nan,nan,4.712389,1100,60,1939.6568,-911.19728,-498.7689,-13160.702,2.6861012,0.62015603,-0.20017755,1374.1653,0,0,0,0,0
60.9,469.65235,1974.6734,-1099.8321,-37.668037,-41.886139,-0.18416782,0.51590688,0.055513135,-2.2951862,-0.0047480985,0.041074772,0.074382907,-0.034003544,0.017757399,0.037192283,0.49418527,-0.034003045,0.017757849,0.037191453,0.49682366,0,0,0.027319945,0.058084621,0.17666313,59.367102,1099.8321,1200,1375.6652,nan,nan,4.712389,1100,60,1939.8656,-911.32909,-498.80007,-13161.705,2.6856493,0.6220255,-0.20740725,1375.6652,0,0,0,0,0
61,465.90403,1970.4694,-1099.8502,-37.278414,-42.207691,-0.17874873,0.51590422,0.055416928,-2.2866766,-0.0047393253,0.041082174,0.074378949,-0.034002286,0.017758353,0.037190366,0.49471115,-0.034001658,0.017758764,0.037189475,0.49728226,0,0,0.027316322,0.058081695,0.17667344,59.370555,1099.8502,1200,1377.1274,nan,nan,4.712389,1100,60,1940.0879,-911.47269,-498.83234,-13162.731,2.6851627,0.6234607,-0.21446991,1377.1274,0,0,0,0,0
61.1,462.1948,1966.2335,-1099.8678,-36.886169,-42.526089,-0.17341481,0.51590163,0.055321593,-2.2781671,-0.0047306165,0.041089695,0.074374723,-0.034000738,0.017759222,0.037188314,0.49522344,-0.03399998,0.017759595,0.037187362,0.49772738,0,0,0.027312189,0.05807852,0.17668435,59.374207,1099.8678,1200,1378.5518,nan,nan,4.712389,1100,60,1940.3232,-911.62797,-498.86569,-13163.779,2.6846428,0.62448895,-0.22136472,1378.5518,0,0,0,0,0
61.2,458.52492,1961.9659,-1099.8849,-36.491323,-42.841309,-0.16816726,0.5158991,0.055227153,-2.2696576,-0.0047219746,0.041097313,0.074370236,-0.033998898,0.017760006,0.037186129,0.49572217,-0.033998008,0.017760341,0.037185118,0.49815908,0,0,0.027307544,0.0580751,0.17669583,59.378053,1099.8849,1200,1379.9385,nan,nan,4.712389,1100,60,1940.5713,-911.7948,-498.90007,-13164.846,2.6840909,0.6251364,-0.22809105,1379.9385,0,0,0,0,0
61.3,454.89464,1957.6669,-1099.9015,-36.093899,-43.153326,-0.1630071,0.51589662,0.055133628,-2.2611481,-0.0047134017,0.041105007,0.074365492,-0.033996764,0.017760707,0.037183815,0.49620738,-0.03399574,0.017761004,0.037182746,0.49857742,0,0,0.027302386,0.058071442,0.17670787,59.382087,1099.9015,1200,1381.2876,nan,nan,4.712389,1100,60,1940.8318,-911.97304,-498.93545,-13165.93,2.6835083,0.62542799,-0.23464844,1381.2876,0,0,0,0,0
61.4,451.30423,1953.3369,-1099.9176,-35.693919,-43.462116,-0.15793519,0.51589421,0.055041035,-2.2526388,-0.0047048997,0.041112758,0.074360499,-0.033994333,0.017761325,0.037181374,0.4966791,-0.033993175,0.017761586,0.03718025,0.49898245,0,0,0.027296714,0.058067551,0.17672045,59.386305,1099.9176,1200,1382.5992,nan,nan,4.712389,1100,60,1941.1045,-912.16255,-498.97181,-13167.027,2.6828962,0.62538756,-0.24103662,1382.5992,0,0,0,0,0
61.5,447.75394,1948.9762,-1099.9331,-35.291405,-43.767654,-0.15295225,0.51589185,0.054949391,-2.2441295,-0.0046964705,0.041120548,0.074355264,-0.033991604,0.017761863,0.037178811,0.49713737,-0.033990312,0.017762087,0.037177632,0.49937425,0,0,0.02729053,0.058063433,0.17673357,59.390701,1099.9331,1200,1383.8734,nan,nan,4.712389,1100,60,1941.3889,-912.36316,-499.00911,-13168.137,2.6822558,0.62503785,-0.24725548,1383.8734,0,0,0,0,0
61.6,444.24402,1944.585,-1099.9482,-34.88638,-44.069916,-0.14805881,0.51588955,0.054858708,-2.2356204,-0.0046881157,0.04112836,0.074349792,-0.033988576,0.017762321,0.037176128,0.49758224,-0.03398715,0.01776251,0.037174896,0.49975289,0,0,0.027283834,0.058059095,0.1767472,59.395272,1099.9482,1200,1385.1103,nan,nan,4.712389,1100,60,1941.6848,-912.57471,-499.04731,-13169.256,2.6815884,0.62440055,-0.25330506,1385.1103,0,0,0,0,0
61.7,440.77471,1940.1638,-1099.9628,-34.478868,-44.368878,-0.14325527,0.51588731,0.054769001,-2.2271114,-0.0046798369,0.04113618,0.07434409,-0.03398525,0.0177627,0.037173329,0.49801375,-0.033983689,0.017762855,0.037172045,0.50011843,0,0,0.02727663,0.058054541,0.17676133,59.40001,1099.9628,1200,1386.3101,nan,nan,4.712389,1100,60,1941.9919,-912.79704,-499.08639,-13170.384,2.6808951,0.62349633,-0.25918555,1386.3101,0,0,0,0,0
61.8,437.34628,1935.7128,-1099.9769,-34.068892,-44.664516,-0.13854193,0.51588512,0.054680279,-2.2186026,-0.0046716354,0.041143992,0.074338164,-0.033981626,0.017763003,0.037170417,0.49843197,-0.033979931,0.017763123,0.037169082,0.50047098,0,0,0.027268919,0.058049777,0.17677594,59.404913,1099.9769,1200,1387.4729,nan,nan,4.712389,1100,60,1942.3098,-913.02994,-499.12632,-13171.518,2.6801769,0.62234488,-0.26489728,1387.4729,0,0,0,0,0
61.9,433.95896,1931.2325,-1099.9905,-33.656476,-44.956805,-0.13391892,0.51588299,0.054592551,-2.210094,-0.0046635125,0.041151782,0.074332022,-0.033977704,0.017763231,0.037167394,0.49883695,-0.033975877,0.017763318,0.037166011,0.5008106,0,0,0.027260707,0.05804481,0.17679103,59.409975,1099.9905,1200,1388.599,nan,nan,4.712389,1100,60,1942.6382,-913.27324,-499.16706,-13172.656,2.679435,0.62096495,-0.2704407,1388.599,0,0,0,0,0
62,430.613,1926.723,-1100.0037,-33.241645,-45.245722,-0.12938627,0.51588092,0.054505825,-2.2015856,-0.0046554691,0.04115954,0.074325668,-0.033973488,0.017763385,0.037164265,0.49922876,-0.033971528,0.017763438,0.037162834,0.50113738,0,0,0.027251997,0.058039644,0.17680658,59.41519,1100.0037,1200,1389.6884,nan,nan,4.712389,1100,60,1942.9768,-913.52673,-499.20859,-13173.798,2.6786704,0.61937439,-0.2758164,1389.6884,0,0,0,0,0
62.1,427.30863,1922.1849,-1100.0164,-32.824424,-45.531242,-0.1249439,0.51587891,0.054420108,-2.1930774,-0.0046475063,0.041167252,0.07431911,-0.033968978,0.017763466,0.037161032,0.49960748,-0.033966886,0.017763487,0.037159555,0.50145141,0,0,0.027242795,0.058034287,0.17682257,59.420555,1100.0164,1200,1390.7414,nan,nan,4.712389,1100,60,1943.3252,-913.79022,-499.25087,-13174.941,2.6778842,0.61759017,-0.28102508,1390.7414,0,0,0,0,0
62.2,424.0461,1917.6183,-1100.0287,-32.404836,-45.813343,-0.12059164,0.51587695,0.054335405,-2.1845694,-0.004639625,0.041174909,0.074312353,-0.033964178,0.017763476,0.037157698,0.49997316,-0.033961956,0.017763466,0.037156177,0.50175279,0,0,0.027233107,0.058028743,0.17683899,59.426064,1100.0287,1200,1391.7581,nan,nan,4.712389,1100,60,1943.6832,-914.06349,-499.29387,-13176.084,2.6770773,0.6156284,-0.28606753,1391.7581,0,0,0,0,0
62.3,420.82564,1913.0237,-1100.0405,-31.982908,-46.092001,-0.11632921,0.51587504,0.054251719,-2.1760617,-0.0046318259,0.0411825,0.074305405,-0.033959089,0.017763417,0.037154267,0.5003259,-0.033956738,0.017763376,0.037152703,0.50204161,0,0,0.027222939,0.058023019,0.17685583,59.431713,1100.0405,1200,1392.7389,nan,nan,4.712389,1100,60,1944.0505,-914.34633,-499.33757,-13177.225,2.6762508,0.61350441,-0.29094468,1392.7389,0,0,0,0,0
62.4,417.64748,1908.4014,-1100.052,-31.558665,-46.367193,-0.11215623,0.51587319,0.054169054,-2.1675542,-0.0046241096,0.041190018,0.074298271,-0.033953716,0.01776329,0.037150742,0.50066576,-0.033951238,0.017763219,0.037149136,0.50231797,0,0,0.027212298,0.05801712,0.17687306,59.437497,1100.052,1200,1393.6839,nan,nan,4.712389,1100,60,1944.4267,-914.63853,-499.38194,-13178.364,2.6754055,0.61123273,-0.29565753,1393.6839,0,0,0,0,0
62.5,414.51185,1903.7518,-1100.063,-31.132134,-46.638895,-0.10807225,0.5158714,0.054087411,-2.1590471,-0.0046164766,0.041197453,0.074290958,-0.033948062,0.017763097,0.037147125,0.50099284,-0.033945458,0.017762996,0.037145479,0.50258197,0,0,0.027201191,0.058011051,0.17689068,59.443411,1100.063,1200,1394.5933,nan,nan,4.712389,1100,60,1944.8116,-914.93985,-499.42695,-13179.5,2.6745423,0.60882717,-0.30020718,1394.5933,0,0,0,0,0
62.6,411.41899,1899.0751,-1100.0736,-30.70334,-46.907084,-0.10407674,0.51586965,0.054006791,-2.1505403,-0.0046089275,0.041204798,0.074283471,-0.033942131,0.017762838,0.037143421,0.50130723,-0.033939403,0.017762709,0.037141735,0.50283372,0,0,0.027189626,0.058004819,0.17690868,59.449451,1100.0736,1200,1395.4674,nan,nan,4.712389,1100,60,1945.2048,-915.25007,-499.47257,-13180.63,2.6736623,0.60630079,-0.30459482,1395.4674,0,0,0,0,0
62.7,408.36911,1894.3718,-1100.0838,-30.27231,-47.171739,-0.1001691,0.51586796,0.053927194,-2.1420338,-0.0046014626,0.041212047,0.074275817,-0.033935927,0.017762517,0.037139631,0.50160901,-0.033933078,0.017762359,0.037137908,0.50307332,0,0,0.027177612,0.057998429,0.17692703,59.455611,1100.0838,1200,1396.3065,nan,nan,4.712389,1100,60,1945.606,-915.56897,-499.51877,-13181.755,2.6727661,0.60366599,-0.30882171,1396.3065,0,0,0,0,0
62.8,405.36244,1889.6422,-1100.0937,-29.839072,-47.432836,-0.096348661,0.51586632,0.053848619,-2.1335276,-0.0045940822,0.041219194,0.074268001,-0.033929455,0.017762133,0.03713576,0.50189827,-0.033926486,0.017761948,0.037134001,0.50330088,0,0,0.027165156,0.057991886,0.17694573,59.461888,1100.0937,1200,1397.1108,nan,nan,4.712389,1100,60,1946.0149,-915.89631,-499.56553,-13182.874,2.6718547,0.6009345,-0.3128892,1397.1108,0,0,0,0,0
62.9,402.3992,1884.8866,-1100.1031,-29.403652,-47.690354,-0.092614687,0.51586473,0.053771063,-2.1250219,-0.0045867864,0.041226233,0.074260031,-0.03392272,0.01776169,0.03713181,0.50217513,-0.033919633,0.017761478,0.037130015,0.50351652,0,0,0.027152269,0.057985196,0.17696476,59.468277,1100.1031,1200,1397.8805,nan,nan,4.712389,1100,60,1946.4313,-916.23186,-499.61281,-13183.985,2.6709288,0.59811741,-0.3167987,1397.8805,0,0,0,0,0
63,399.4796,1880.1055,-1100.1122,-28.966077,-47.94427,-0.08896639,0.51586319,0.053694526,-2.1165165,-0.0045795755,0.041233158,0.074251911,-0.033915726,0.017761188,0.037127783,0.50243967,-0.033912525,0.017760949,0.037125956,0.50372035,0,0,0.02713896,0.057978365,0.17698411,59.474774,1100.1122,1200,1398.616,nan,nan,4.712389,1100,60,1946.8549,-916.57537,-499.66061,-13185.087,2.6699893,0.59522522,-0.32055168,1398.616,0,0,0,0,0
63.1,396.60386,1875.2992,-1100.1209,-28.526377,-48.194562,-0.085402927,0.51586171,0.053619003,-2.1080115,-0.0045724495,0.041239967,0.074243648,-0.03390848,0.017760628,0.037123684,0.502692,-0.033905165,0.017760365,0.037121824,0.50391248,0,0,0.027125237,0.057971398,0.17700377,59.481373,1100.1209,1200,1399.3176,nan,nan,4.712389,1100,60,1947.2853,-916.92661,-499.70887,-13186.181,2.6690369,0.59226783,-0.32414968,1399.3176,0,0,0,0,0
63.2,393.77219,1870.468,-1100.1293,-28.084578,-48.441208,-0.081923409,0.51586027,0.05354449,-2.099507,-0.0045654083,0.041246655,0.074235248,-0.033900986,0.017760013,0.037119515,0.50293222,-0.033897561,0.017759725,0.037117624,0.50409303,0,0,0.027111112,0.0579643,0.17702372,59.488071,1100.1293,1200,1399.9855,nan,nan,4.712389,1100,60,1947.7223,-917.28534,-499.7576,-13187.264,2.6680724,0.58925461,-0.32759431,1399.9855,0,0,0,0,0
63.3,390.9848,1865.6123,-1100.1373,-27.64071,-48.684189,-0.078526899,0.51585887,0.053470984,-2.0910029,-0.0045584521,0.041253219,0.074226716,-0.03389325,0.017759345,0.037115278,0.50316045,-0.033889718,0.017759032,0.037113358,0.50426213,0,0,0.027096594,0.057957077,0.17704395,59.494863,1100.1373,1200,1400.62,nan,nan,4.712389,1100,60,1948.1655,-917.65131,-499.80674,-13188.338,2.6670964,0.58619436,-0.3308872,1400.62,0,0,0,0,0
63.4,388.24189,1860.7325,-1100.145,-27.194802,-48.923481,-0.075212422,0.51585753,0.053398479,-2.0824993,-0.0045515806,0.041259656,0.074218058,-0.033885278,0.017758623,0.037110978,0.50337679,-0.033881641,0.017758288,0.037109029,0.50441988,0,0,0.027081693,0.057949734,0.17706444,59.501746,1100.145,1200,1401.2215,nan,nan,4.712389,1100,60,1948.6148,-918.02429,-499.8563,-13189.4,2.6661098,0.58309541,-0.33403006,1401.2215,0,0,0,0,0
63.5,385.54367,1855.8289,-1100.1524,-26.746881,-49.159065,-0.071978967,0.51585623,0.05332697,-2.0739961,-0.0045447937,0.041265964,0.074209279,-0.033877076,0.017757851,0.037106615,0.50358135,-0.033873337,0.017757493,0.03710464,0.50456643,0,0,0.027066421,0.057942276,0.17708519,59.508714,1100.1524,1200,1401.7902,nan,nan,4.712389,1100,60,1949.0698,-918.40402,-499.90622,-13190.451,2.6651131,0.57996556,-0.33702462,1401.7902,0,0,0,0,0
63.6,382.89034,1850.9019,-1100.1595,-26.296978,-49.39092,-0.068825489,0.51585497,0.05325645,-2.0654935,-0.0045380912,0.04127214,0.074200386,-0.033868651,0.01775703,0.037102195,0.50377425,-0.033864812,0.01775665,0.037100193,0.50470188,0,0,0.027050787,0.057934708,0.17710619,59.515764,1100.1595,1200,1402.3265,nan,nan,4.712389,1100,60,1949.5303,-918.79027,-499.95651,-13191.49,2.664107,0.57681219,-0.33987268,1402.3265,0,0,0,0,0
63.7,380.28209,1845.952,-1100.1662,-25.845123,-49.619025,-0.065750912,0.51585376,0.053186914,-2.0569913,-0.0045314728,0.041278184,0.074191384,-0.033860008,0.01775616,0.037097718,0.50395561,-0.033856073,0.017755759,0.037095692,0.50482637,0,0,0.027034803,0.057927036,0.17712741,59.522891,1100.1662,1200,1402.8307,nan,nan,4.712389,1100,60,1949.996,-919.18279,-500.00712,-13192.517,2.6630922,0.57364219,-0.34257604,1402.8307,0,0,0,0,0
63.8,377.71911,1840.9794,-1100.1726,-25.391345,-49.843361,-0.062754136,0.5158526,0.053118355,-2.0484897,-0.0045249383,0.041284094,0.074182278,-0.033851153,0.017755245,0.037093188,0.50412554,-0.033847125,0.017754823,0.037091139,0.50494002,0,0,0.02701848,0.057919264,0.17714885,59.530092,1100.1726,1200,1403.3031,nan,nan,4.712389,1100,60,1950.4666,-919.58134,-500.05804,-13193.531,2.6620693,0.57046206,-0.34513658,1403.3031,0,0,0,0,0
63.9,375.20161,1835.9846,-1100.1788,-24.935674,-50.063908,-0.059834035,0.51585148,0.053050765,-2.0399886,-0.0045184874,0.041289869,0.074173073,-0.033842094,0.017754284,0.037088608,0.50428417,-0.033837975,0.017753843,0.037086537,0.50504296,0,0,0.027001828,0.057911397,0.1771705,59.537362,1100.1788,1200,1403.744,nan,nan,4.712389,1100,60,1950.9418,-919.98568,-500.10925,-13194.532,2.6610389,0.56727785,-0.34755617,1403.744,0,0,0,0,0
64,372.72976,1830.9678,-1100.1846,-24.47814,-50.280646,-0.056989464,0.5158504,0.052984138,-2.031488,-0.0045121196,0.041295509,0.074163776,-0.033832837,0.017753281,0.03708398,0.50443161,-0.03382863,0.01775282,0.037081888,0.50513532,0,0,0.02698486,0.05790344,0.17719234,59.544698,1100.1846,1200,1404.1539,nan,nan,4.712389,1100,60,1951.4215,-920.39555,-500.16072,-13195.52,2.6600015,0.56409526,-0.34983674,1404.1539,0,0,0,0,0
64.1,370.30375,1825.9296,-1100.1902,-24.018776,-50.493555,-0.054219259,0.51584936,0.052918466,-2.0229881,-0.0045058347,0.041301013,0.074154391,-0.033823389,0.017752235,0.037079307,0.50456799,-0.033819097,0.017751756,0.037077195,0.50521724,0,0,0.026967586,0.057895399,0.17721437,59.552096,1100.1902,1200,1404.533,nan,nan,4.712389,1100,60,1951.9053,-920.81072,-500.21243,-13196.494,2.6589578,0.56091959,-0.35198022,1404.533,0,0,0,0,0
64.2,367.92376,1820.8703,-1100.1955,-23.55761,-50.702618,-0.051522241,0.51584836,0.05285374,-2.0144887,-0.0044996321,0.041306382,0.074144922,-0.033813755,0.017751149,0.037074592,0.50469343,-0.033809382,0.017750652,0.037072461,0.50528884,0,0,0.026950018,0.057887278,0.17723656,59.559551,1100.1955,1200,1404.8816,nan,nan,4.712389,1100,60,1952.3931,-921.23095,-500.26436,-13197.454,2.6579083,0.55775581,-0.35398858,1404.8816,0,0,0,0,0
64.3,365.58998,1815.7903,-1100.2005,-23.094676,-50.907816,-0.048897216,0.5158474,0.052789953,-2.0059899,-0.0044935114,0.041311616,0.074135377,-0.033803944,0.017750025,0.037069837,0.50480806,-0.033799491,0.01774951,0.037067688,0.50535026,0,0,0.026932166,0.057879081,0.17725892,59.56706,1100.2005,1200,1405.2003,nan,nan,4.712389,1100,60,1952.8845,-921.656,-500.31648,-13198.4,2.6568536,0.55460852,-0.35586381,1405.2003,0,0,0,0,0
64.4,363.30257,1810.6899,-1100.2053,-22.630003,-51.109129,-0.046342983,0.51584648,0.052727097,-1.9974917,-0.0044874721,0.041316715,0.074125759,-0.033793961,0.017748862,0.037065044,0.50491201,-0.033789433,0.017748332,0.037062879,0.50540164,0,0,0.026914043,0.057870813,0.17728142,59.57462,1100.2053,1200,1405.4891,nan,nan,4.712389,1100,60,1953.3792,-922.08563,-500.36879,-13199.332,2.6557941,0.55148203,-0.3576079,1405.4891,0,0,0,0,0
64.5,361.0617,1805.5696,-1100.2098,-22.163625,-51.306541,-0.043858328,0.5158456,0.052665162,-1.9889941,-0.0044815138,0.04132168,0.074116073,-0.033783813,0.017747664,0.037060216,0.5050054,-0.033779212,0.017747118,0.037058036,0.50544309,0,0,0.02689566,0.057862479,0.17730407,59.582226,1100.2098,1200,1405.7487,nan,nan,4.712389,1100,60,1953.8772,-922.51961,-500.42125,-13200.25,2.6547303,0.54838032,-0.35922289,1405.7487,0,0,0,0,0
64.6,358.86756,1800.4297,-1100.214,-21.695572,-51.500033,-0.041442033,0.51584475,0.05260414,-1.9804972,-0.0044756359,0.041326513,0.074106324,-0.033773508,0.017746432,0.037055356,0.50508838,-0.033768837,0.01774587,0.037053162,0.50547477,0,0,0.026877028,0.057854083,0.17732684,59.589875,1100.214,1200,1405.9792,nan,nan,4.712389,1100,60,1954.3781,-922.95769,-500.47384,-13201.152,2.6536628,0.54530708,-0.36071079,1405.9792,0,0,0,0,0
64.7,356.7203,1795.2706,-1100.2181,-21.225877,-51.689589,-0.039092873,0.51584394,0.052544022,-1.9720009,-0.0044698379,0.041331215,0.074096517,-0.033763051,0.017745166,0.037050465,0.50516105,-0.033758315,0.017744589,0.037048259,0.50549681,0,0,0.026858159,0.05784563,0.17734973,59.597564,1100.2181,1200,1406.1812,nan,nan,4.712389,1100,60,1954.8817,-923.39965,-500.52656,-13202.041,2.652592,0.54226571,-0.36207366,1406.1812,0,0,0,0,0
64.8,354.62009,1790.0928,-1100.2219,-20.754572,-51.87519,-0.036809624,0.51584317,0.052484799,-1.9635053,-0.0044641193,0.041335786,0.074086657,-0.033752451,0.017743868,0.037045547,0.50522357,-0.033747651,0.017743277,0.037043329,0.50550934,0,0,0.026839064,0.057837124,0.17737272,59.605289,1100.2219,1200,1406.3548,nan,nan,4.712389,1100,60,1955.3878,-923.84525,-500.57937,-13202.914,2.6515183,0.53925937,-0.36331354,1406.3548,0,0,0,0,0
64.9,352.56708,1784.8967,-1100.2255,-20.281691,-52.05682,-0.034591055,0.51584243,0.052426463,-1.9550103,-0.0044584794,0.041340228,0.074076749,-0.033741713,0.01774254,0.037040604,0.50527606,-0.033736852,0.017741936,0.037038374,0.50551251,0,0,0.026819754,0.057828569,0.17739581,59.613046,1100.2255,1200,1406.5006,nan,nan,4.712389,1100,60,1955.8961,-924.29426,-500.63225,-13203.773,2.6504423,0.53629095,-0.3644325,1406.5006,0,0,0,0,0
65,350.56143,1779.6825,-1100.2288,-19.807265,-52.234464,-0.032435939,0.51584172,0.052369004,-1.946516,-0.0044529177,0.041344544,0.074066796,-0.033730844,0.017741182,0.037035637,0.50531866,-0.033725927,0.017740565,0.037033398,0.50550644,0,0,0.026800241,0.057819969,0.17741899,59.620833,1100.2288,1200,1406.6188,nan,nan,4.712389,1100,60,1956.4064,-924.74646,-500.6852,-13204.617,2.6493644,0.53336309,-0.36543261,1406.6188,0,0,0,0,0
65.1,348.6033,1774.4508,-1100.232,-19.331328,-52.408103,-0.030343049,0.51584105,0.052312413,-1.9380224,-0.0044474336,0.041348735,0.074056803,-0.033719852,0.017739797,0.03703065,0.50535149,-0.03371488,0.017739168,0.037028402,0.50549128,0,0,0.026780536,0.057811329,0.17744225,59.628645,1100.232,1200,1406.7099,nan,nan,4.712389,1100,60,1956.9186,-925.20162,-500.73819,-13205.446,2.6482849,0.53047821,-0.36631592,1406.7099,0,0,0,0,0
65.2,346.69283,1769.2019,-1100.2349,-18.853914,-52.577724,-0.028311163,0.51584041,0.052256681,-1.9295295,-0.0044420264,0.041352803,0.074046776,-0.033708743,0.017738386,0.037025644,0.5053747,-0.033703719,0.017737745,0.037023388,0.50546717,0,0,0.02676065,0.057802653,0.17746557,59.63648,1100.2349,1200,1406.7742,nan,nan,4.712389,1100,60,1957.4323,-925.65953,-500.79121,-13206.261,2.6472042,0.52763852,-0.36708452,1406.7742,0,0,0,0,0
65.3,344.83017,1763.9362,-1100.2376,-18.375055,-52.74331,-0.02633906,0.5158398,0.052201798,-1.9210372,-0.0044366957,0.04135675,0.074036717,-0.033697523,0.017736949,0.037020622,0.50538842,-0.033692451,0.017736297,0.037018358,0.50543425,0,0,0.026740594,0.057793945,0.17748895,59.644334,1100.2376,1200,1406.8122,nan,nan,4.712389,1100,60,1957.9474,-926.11995,-500.84423,-13207.06,2.6461229,0.52484601,-0.36774048,1406.8122,0,0,0,0,0
65.4,343.01547,1758.6542,-1100.2402,-17.894805,-52.90484,-0.024477591,0.51547627,0.052137674,-1.9125276,-0.019715819,0.041340532,0.074988363,-0.033697637,0.0087926798,0.037205769,0.50539279,-0.033715238,0.0040991149,0.037494181,0.50539267,0,0,0.026740957,0.057754035,0.17751237,59.652205,1100.2402,1200,1406.8241,nan,nan,4.712389,1100,60,1958.4636,-926.35963,-499.38018,-13210.559,-467.4523,0.67921687,72.135909,1406.8241,0,0,0,0,0
65.5,341.24884,1753.3562,-1100.2426,-17.413781,-53.062107,-0.024025702,0.51221827,0.051968008,-1.9038184,-0.054420389,0.041244949,0.078477873,-0.033849861,0.0033000541,0.038486197,0.505388,-0.033960072,0.0018400311,0.039238937,0.50534327,0,0,0.026899091,0.057389639,0.17753579,59.660073,1100.2426,1200,1406.8105,nan,nan,4.712389,1100,60,1958.9799,-924.8722,-487.36833,-13234.102,-345.01131,4.9116229,97.409133,1406.8105,0,0,0,0,0
65.6,339.53029,1748.0427,-1100.2451,-16.933401,-53.214642,-0.027709438,0.50612224,0.05166094,-1.8947979,-0.076626091,0.04126497,0.08186561,-0.034110992,-0.00023959661,0.040195015,0.50537455,-0.034220211,-0.0019266126,0.040932805,0.50528905,0,0,0.027204509,0.056544126,0.17755903,59.667882,1100.2451,1200,1406.7728,nan,nan,4.712389,1100,60,1959.4923,-921.76848,-466.80406,-13277.093,-241.79973,9.8084748,78.081479,1406.7728,0,0,0,0,0
65.7,337.8597,1742.7142,-1100.2483,-16.454876,-53.362041,-0.037680697,0.49808336,0.051275828,-1.8855092,-0.093962554,0.041264928,0.084435007,-0.034310114,-0.0036666228,0.041649977,0.50535363,-0.034382486,-0.0050469319,0.042217504,0.50523542,0,0,0.027602859,0.05527068,0.17758178,59.675524,1100.2483,1200,1406.7143,nan,nan,4.712389,1100,60,1959.9936,-917.64469,-442.39382,-13333.954,-193.86983,8.8671918,53.016611,1406.7143,0,0,0,0,0
65.8,336.23683,1737.3712,-1100.2528,-15.979356,-53.503924,-0.055497895,0.48849945,0.05086278,-1.8760372,-0.10743269,0.040991786,0.086012226,-0.034426782,-0.0064260067,0.042658657,0.5053274,-0.034459318,-0.0075599982,0.043006113,0.50518943,0,0,0.028046779,0.053647498,0.17760363,59.682863,1100.2528,1200,1406.6408,nan,nan,4.712389,1100,60,1960.4748,-912.98937,-416.25198,-13397.839,-145.80041,4.224336,25.342595,1406.6408,0,0,0,0,0
65.9,334.66132,1732.0143,-1100.2596,-15.508101,-53.63991,-0.082028668,0.47773446,0.050454826,-1.8664857,-0.11754911,0.040316068,0.086591618,-0.034439054,-0.0087018175,0.043169632,0.50529894,-0.034418459,-0.0096263257,0.043295809,0.50515854,0,0,0.028479648,0.051765457,0.17762416,59.689757,1100.2596,1200,1406.561,nan,nan,4.712389,1100,60,1960.9265,-908.41262,-389.81626,-13460.795,-107.49369,-2.6979472,-0.10207661,1406.561,0,0,0,0,0
66,333.13268,1726.6441,-1100.2694,-15.042465,-53.769646,-0.11742766,0.466088,0.050067147,-1.8569581,-0.12489036,0.03916201,0.086285488,-0.034324613,-0.0105202,0.04321414,0.50527213,-0.034244726,-0.011245445,0.043142744,0.50514976,0,0,0.028847626,0.049711492,0.17764298,59.696077,1100.2694,1200,1406.4854,nan,nan,4.712389,1100,60,1961.3398,-904.51631,-363.98598,-13515.346,-74.487301,-10.970356,-21.873853,1406.4854,0,0,0,0,0
66.1,331.65028,1721.2612,-1100.2831,-14.583869,-53.892829,-0.16118142,0.45381533,0.049698547,-1.8475489,-0.12981974,0.037510517,0.085235414,-0.034076586,-0.011918244,0.042855421,0.50525128,-0.033936334,-0.012463176,0.042617707,0.505169,0,0,0.029103739,0.047562209,0.17765979,59.701716,1100.2831,1200,1406.426,nan,nan,4.712389,1100,60,1961.7077,-901.83985,-339.34277,-13554.869,-45.917107,-19.456206,-39.646969,1406.426,0,0,0,0,0
66.2,330.21335,1715.8663,-1100.3016,-14.133746,-54.009227,-0.21219561,0.44113815,0.049336394,-1.8383387,-0.13266187,0.035395641,0.083586852,-0.03369613,-0.012936041,0.042165056,0.50524088,-0.033497485,-0.013318265,0.041793426,0.5052206,0,0,0.029211831,0.045382391,0.17767437,59.706601,1100.3016,1200,1406.3953,nan,nan,4.712389,1100,60,1962.0253,-900.80656,-316.27202,-13574.252,-21.323364,-27.294322,-53.545333,1406.3953,0,0,0,0,0
66.3,328.82098,1710.4602,-1100.3255,-13.693472,-54.118707,-0.26892539,0.42824797,0.048961664,-1.8293927,-0.1337098,0.032887588,0.081476599,-0.033191248,-0.013613764,0.041213261,0.50524518,-0.032939223,-0.013851845,0.040738299,0.50530709,0,0,0.029148717,0.043224943,0.17768661,59.710699,1100.3255,1200,1406.4049,nan,nan,4.712389,1100,60,1962.29,-901.68677,-295.01945,-13570.191,-0.38992638,-33.90007,-63.906041,1406.4049,0,0,0,0,0
66.4,327.47211,1705.0434,-1100.3552,-13.264298,-54.221242,-0.32952343,0.41530862,0.048553178,-1.8207601,-0.1332389,0.030078968,0.079028019,-0.032575972,-0.013993387,0.04006467,0.50526796,-0.032277923,-0.014106413,0.039514009,0.50542914,0,0,0.028904442,0.04113157,0.17769653,59.714012,1100.3552,1200,1406.4655,nan,nan,4.712389,1100,60,1962.5019,-904.5855,-275.72434,-13541.224,17.077154,-38.916181,-71.132087,1406.4655,0,0,0,0,0
66.5,326.16559,1699.6166,-1100.3912,-12.847292,-54.316917,-0.39198965,0.40245768,0.048090875,-1.8124747,-0.13151096,0.027072889,0.076349672,-0.031868593,-0.014117504,0.038776866,0.50531225,-0.03153343,-0.01412465,0.038174836,0.50558567,0,0,0.028481303,0.039133701,0.17770423,59.716575,1100.3912,1200,1406.5853,nan,nan,4.712389,1100,60,1962.6635,-909.4504,-258.43957,-13487.593,31.267011,-42.191153,-75.642025,1406.5853,0,0,0,0,0
66.6,324.90017,1694.1807,-1100.4333,-12.443302,-54.405924,-0.45431027,0.38980782,0.047558075,-1.8045565,-0.12877337,0.023972918,0.073535167,-0.03109003,-0.014028386,0.0374,0.50538017,-0.030727513,-0.013948457,0.036767583,0.50577405,0,0,0.027891984,0.037253523,0.17770992,59.718457,1100.4333,1200,1406.7702,nan,nan,4.712389,1100,60,1962.7791,-916.09582,-243.14655,-13410.992,42.390784,-43.73914,-77.847858,1406.7702,0,0,0,0,0
66.7,323.67449,1688.7361,-1100.4816,-12.052935,-54.488549,-0.51457688,0.37744833,0.046942792,-1.7970132,-0.12525657,0.020875529,0.070663528,-0.030262318,-0.013766913,0.035976861,0.50547284,-0.029882407,-0.013617863,0.035331764,0.50599036,0,0,0.027157214,0.035505068,0.17771386,59.719749,1100.4816,1200,1407.0235,nan,nan,4.712389,1100,60,1962.8546,-924.23718,-229.76836,-13314.237,50.695747,-43.696568,-78.1454,1407.0235,0,0,0,0,0
66.8,322.48719,1683.2835,-1100.5358,-11.676552,-54.565153,-0.57108022,0.36544687,0.04623827,-1.7898424,-0.121171,0.017864917,0.067799809,-0.029407273,-0.013371574,0.034543109,0.50559038,-0.029019577,-0.013170091,0.033899905,0.50622969,0,0,0.026303246,0.033895352,0.17771639,59.720559,1100.5358,1200,1407.3454,nan,nan,4.712389,1100,60,1962.8974,-933.52924,-218.18244,-13200.917,56.464662,-42.282353,-76.90846,1407.3454,0,0,0,0,0
66.9,321.33686,1677.8236,-1100.5954,-11.314283,-54.636152,-0.62237646,0.35385157,0.04544291,-1.7830337,-0.11670442,0.015009911,0.06499588,-0.028545407,-0.012877647,0.033127639,0.5057319,-0.028158756,-0.012638826,0.03249794,0.50648646,0,0,0.02535943,0.032425535,0.17771784,59.721007,1100.5954,1200,1407.7336,nan,nan,4.712389,1100,60,1962.9154,-943.60288,-208.23302,-13075.062,60.00742,-39.762303,-74.483864,1407.7336,0,0,0,0,0
67,320.22209,1672.3568,-1100.6598,-10.966047,-54.702,-0.66732658,0.34269325,0.044559758,-1.7765706,-0.11202003,0.01236269,0.0622914,-0.027695121,-0.012316588,0.031753018,0.50589563,-0.027317261,-0.012053708,0.0311457,0.50675463,0,0,0.024356029,0.03109207,0.17771861,59.721221,1100.6598,1200,1408.1831,nan,nan,4.712389,1100,60,1962.917,-954.09659,-199.74286,-12940.836,61.649124,-36.41922,-71.18691,1408.1831,0,0,0,0,0
67.1,319.14149,1666.8837,-1100.7284,-10.63158,-54.763163,-0.70511134,0.33198794,0.04359572,-1.7704323,-0.10725562,0.0099589177,0.059714956,-0.026872171,-0.01171566,0.030436023,0.50607899,-0.026509579,-0.011440064,0.029857478,0.50702804,0,0,0.023322407,0.029887814,0.17771907,59.721328,1100.7284,1200,1408.6868,nan,nan,4.712389,1100,60,1962.9108,-964.68029,-192.524,-12802.284,61.717143,-32.529492,-67.297582,1408.6868,0,0,0,0,0
67.2,318.09369,1661.4046,-1100.8004,-10.310476,-54.820108,-0.7352257,0.32173923,0.042560634,-1.7645956,-0.10252376,0.0078189463,0.057285349,-0.026089384,-0.011097784,0.029188246,0.50627874,-0.025747187,-0.010818859,0.028642675,0.50730054,0,0,0.022285614,0.028803052,0.17771958,59.72145,1100.8004,1200,1409.2358,nan,nan,4.712389,1100,60,1962.9049,-975.07098,-186.38693,-12663.139,60.528992,-28.346129,-63.057982,1409.2358,0,0,0,0,0
67.3,317.07739,1655.9201,-1100.8751,-10.002215,-54.873289,-0.75745704,0.31194075,0.041466321,-1.7590357,-0.097912862,0.0059497125,0.055012966,-0.025356578,-0.010481593,0.028016764,0.50649115,-0.02503856,-0.010206833,0.027506483,0.50756619,0,0,0.021269401,0.027826416,0.1777205,59.721706,1100.8751,1200,1409.8198,nan,nan,4.712389,1100,60,1962.9073,-985.0408,-181.14822,-12526.686,58.382146,-24.087796,-58.671266,1409.8198,0,0,0,0,0
67.4,316.09133,1650.4303,-1100.9516,-9.7061984,-54.923132,-0.77185196,0.30257841,0.040325679,-1.7537282,-0.09348898,0.0043470348,0.052901192,-0.024680658,-0.0098816515,0.026924839,0.50671211,-0.024389332,-0.0096167835,0.026450596,0.50781941,0,0,0.020293609,0.026945673,0.17772213,59.722203,1100.9516,1200,1410.4275,nan,nan,4.712389,1100,60,1962.9252,-994.41869,-176.6362,-12395.67,55.546338,-19.933019,-54.302132,1410.4275,0,0,0,0,0
67.5,315.13431,1644.9358,-1101.0292,-9.4217798,-54.970035,-0.77867582,0.29363248,0.039151891,-1.748649,-0.089298177,0.0029980504,0.050947793,-0.024065841,-0.0093087927,0.02591261,0.50693729,-0.023802568,-0.0090579518,0.025473897,0.50805508,0,0,0.01937391,0.026148375,0.17772478,59.723039,1101.0292,1200,1411.0467,nan,nan,4.712389,1100,60,1962.9651,-1003.0874,-172.69497,-12272.269,52.258498,-16.01862,-50.0787,1411.0467,0,0,0,0,0
67.6,314.20521,1639.4366,-1101.1071,-9.1482908,-55.014359,-0.778369,0.28507942,0.037957776,-1.7437756,-0.085369171,0.0018835959,0.049146228,-0.023513957,-0.0087705439,0.02497777,0.50716226,-0.023279099,-0.0085364742,0.024573114,0.50826857,0,0,0.018521819,0.025422376,0.17772868,59.724297,1101.1071,1200,1411.6653,nan,nan,4.712389,1100,60,1963.0328,-1010.9776,-169.18682,-12158.088,48.720181,-12.441324,-46.095501,1411.6653,0,0,0,0,0
67.7,313.30297,1633.9332,-1101.1846,-8.8850624,-55.056426,-0.77150296,0.27689345,0.036755287,-1.7390873,-0.081716122,0.0009803957,0.047486838,-0.023024806,-0.0082715902,0.024116187,0.5073826,-0.022817893,-0.0080558589,0.023743419,0.50845582,0,0,0.017744928,0.024756208,0.17773406,59.72605,1101.1846,1200,1412.2711,nan,nan,4.712389,1100,60,1963.1331,-1018.0602,-165.99329,-12054.194,45.097143,-9.2615615,-42.417241,1412.2711,0,0,0,0,0
67.8,312.42659,1628.4256,-1101.2612,-8.6314422,-55.096525,-0.75873857,0.2690479,0.035555159,-1.7345655,-0.078341402,0.00026296803,0.045957903,-0.022596539,-0.0078142523,0.023322463,0.50759404,-0.022416437,-0.0076174637,0.022978952,0.50861333,0,0,0.017047288,0.024139348,0.17774109,59.728358,1101.2612,1200,1412.8521,nan,nan,4.712389,1100,60,1963.27,-1024.3385,-163.01523,-11961.166,41.520648,-6.5086006,-39.082989,1412.8521,0,0,0,0,0
67.9,311.57514,1622.9141,-1101.3363,-8.3868072,-55.134905,-0.74078831,0.26151619,0.034366697,-1.7301938,-0.075238202,-0.00029479471,0.044546533,-0.022226026,-0.0073989505,0.022590412,0.50779247,-0.022071104,-0.0072209492,0.022273267,0.50873817,0,0,0.016429893,0.023562389,0.1777499,59.731267,1101.3363,1200,1413.3972,nan,nan,4.712389,1100,60,1963.4468,-1029.8403,-160.17192,-11879.166,38.09004,-4.1862834,-36.110502,1413.3972,0,0,0,0,0
68,310.74774,1617.3989,-1101.4093,-8.1505733,-55.171784,-0.71838369,0.25427267,0.03319768,-1.7259577,-0.072392923,-0.00071838241,0.043239406,-0.021909212,-0.0070246375,0.021913471,0.50797407,-0.021777491,-0.0068646943,0.021619703,0.50882795,0,0,0.015891209,0.023017114,0.1777606,59.734814,1101.4093,1200,1413.8955,nan,nan,4.712389,1100,60,1963.6658,-1034.6112,-157.39977,-11808.005,34.876154,-2.2788247,-33.500453,1413.8955,0,0,0,0,0
68.1,309.9436,1611.88,-1101.48,-7.9222001,-55.207349,-0.69224814,0.24729321,0.032054358,-1.7218452,-0.069787268,-0.0010317469,0.04202335,-0.02164143,-0.0066891868,0.021285018,0.50813534,-0.021530722,-0.0065461628,0.021011675,0.50888082,0,0,0.01542771,0.022496514,0.17777327,59.739021,1101.48,1200,1414.3375,nan,nan,4.712389,1100,60,1963.9288,-1038.7085,-154.6505,-11747.221,31.925192,-0.75627494,-31.240369,1414.3375,0,0,0,0,0
68.2,309.16194,1606.3576,-1101.5478,-7.7011945,-55.24176,-0.66307565,0.24055555,0.03094153,-1.7178459,-0.067400037,-0.0012566748,0.040885785,-0.021417684,-0.0063897305,0.020698631,0.50827311,-0.021325703,-0.0062622184,0.020442893,0.50889537,0,0,0.015034398,0.021994757,0.17778794,59.743905,1101.5478,1200,1414.7144,nan,nan,4.712389,1100,60,1964.2368,-1042.1967,-151.8893,-11696.149,29.262748,0.42060739,-29.308186,1414.7144,0,0,0,0,0
68.3,308.40204,1600.8319,-1101.6126,-7.4871107,-55.27515,-0.63151484,0.23403955,0.029862664,-1.7139515,-0.065208594,-0.0014124129,0.039815037,-0.021232879,-0.0061229447,0.02014827,0.50838458,-0.021157337,-0.0060093854,0.019907519,0.50887065,0,0,0.014705273,0.021507112,0.17780463,59.749469,1101.6126,1200,1415.0183,nan,nan,4.712389,1100,60,1964.5901,-1045.143,-149.09277,-11653.983,26.897755,1.2962104,-27.675338,1415.0183,0,0,0,0,0
68.4,307.66324,1595.3028,-1101.6742,-7.2795494,-55.307636,-0.5981581,0.22772729,0.028820055,-1.7101548,-0.063190048,-0.0015155037,0.038800544,-0.021082005,-0.0058852824,0.019628403,0.50846732,-0.021020689,-0.0057840594,0.019400272,0.50880606,0,0,0.014433752,0.021029855,0.17782334,59.755713,1101.6742,1200,1415.2426,nan,nan,4.712389,1100,60,1964.9889,-1047.615,-146.24703,-11619.836,24.826176,1.9167026,-26.309376,1415.2426,0,0,0,0,0
68.5,306.9449,1589.7705,-1101.7324,-7.0781552,-55.339312,-0.56353509,0.22160306,0.027815,-1.7064505,-0.061322145,-0.0015797846,0.037832968,-0.020960284,-0.0056731575,0.019134088,0.50851928,-0.020911109,-0.0055826694,0.018916484,0.50870136,0,0,0.014213018,0.020560159,0.17784404,59.762629,1101.7324,1200,1415.3815,nan,nan,4.712389,1100,60,1965.4324,-1049.6783,-143.34588,-11592.787,23.034337,2.3274301,-25.176108,1415.3815,0,0,0,0,0
68.6,306.24642,1584.2351,-1101.7871,-6.8826128,-55.370259,-0.52810989,0.21565323,0.026847971,-1.7028339,-0.059583922,-0.0016165111,0.036904239,-0.020863271,-0.0054830841,0.018661004,0.50853875,-0.02082432,-0.0054017992,0.018452119,0.50855656,0,0,0.014036307,0.020095979,0.17786668,59.770201,1101.7871,1200,1415.4304,nan,nan,4.712389,1100,60,1965.92,-1051.3946,-140.38912,-11571.919,21.501835,2.5710197,-24.241296,1415.4304,0,0,0,0,0
68.7,305.56723,1578.6966,-1101.8382,-6.6926442,-55.400545,-0.49228125,0.20986618,0.025918792,-1.6993017,-0.057956148,-0.0016345654,0.036007536,-0.020786925,-0.0053117776,0.018205462,0.50852438,-0.020756469,-0.0052382713,0.018003768,0.50837194,0,0,0.013897131,0.01963593,0.17789123,59.778413,1101.8382,1200,1415.3854,nan,nan,4.712389,1100,60,1966.4503,-1052.8211,-137.3811,-11556.352,20.203993,2.6861033,-23.471947,1415.3854,0,0,0,0,0
68.8,304.90678,1573.1552,-1101.8857,-6.5080033,-55.430227,-0.45638506,0.20423205,0.025026792,-1.695851,-0.056421582,-0.0016407191,0.035137229,-0.020727641,-0.0051562224,0.01776438,0.50847512,-0.020704155,-0.0050892015,0.017568614,0.50814794,0,0,0.013789435,0.019179177,0.1779176,59.787242,1101.8857,1200,1415.2437,nan,nan,4.712389,1100,60,1967.022,-1054.0095,-134.32938,-11545.261,19.113884,2.7065667,-22.837249,1415.2437,0,0,0,0,0
68.9,304.26455,1567.6108,-1101.9296,-6.3284727,-55.459351,-0.4206986,0.19874258,0.024170947,-1.6924799,-0.0549651,-0.0016399231,0.034288784,-0.020682265,-0.0050137115,0.017335244,0.5083902,-0.020664428,-0.0049520272,0.017144392,0.50788516,0,0,0.013707703,0.018725329,0.17794573,59.796664,1101.9296,1200,1415.003,nan,nan,4.712389,1100,60,1967.6335,-1055.0056,-131.2437,-11537.893,18.203932,2.6612233,-22.309193,1415.003,0,0,0,0,0
69,303.64004,1562.0635,-1101.97,-6.1538595,-55.487958,-0.38544579,0.19339089,0.023350001,-1.6891865,-0.053573694,-0.0016356041,0.03345866,-0.020648091,-0.0048818655,0.016916063,0.50826913,-0.020634774,-0.0048245176,0.01672933,0.50758434,0,0,0.013647026,0.01827434,0.17797554,59.806653,1101.97,1200,1414.6621,nan,nan,4.712389,1100,60,1968.2832,-1055.8498,-128.13502,-11533.579,17.44713,2.5738173,-21.862943,1414.6621,0,0,0,0,0
69.1,303.03276,1556.5133,-1102.0069,-5.9839911,-55.516082,-0.35080322,0.18817129,0.022562564,-1.6859695,-0.052236408,-0.001629952,0.032644184,-0.020622831,-0.0047586332,0.016505304,0.50811164,-0.020613092,-0.0047047678,0.016322092,0.50724629,0,0,0.01360312,0.017826425,0.17800694,59.817182,1102.0069,1200,1414.2202,nan,nan,4.712389,1100,60,1968.9691,-1056.5765,-125.01487,-11531.729,16.817935,2.4632686,-21.476993,1414.2202,0,0,0,0,0
69.2,302.44225,1550.9604,-1102.0404,-5.8187123,-55.543751,-0.31690635,0.18307906,0.021807196,-1.6828279,-0.05094419,-0.0016241872,0.031843427,-0.020604589,-0.0046422805,0.016101836,0.50791768,-0.020597653,-0.0045911823,0.015921713,0.5068719,0,0,0.013572323,0.017381983,0.17803987,59.828222,1102.0404,1200,1413.6771,nan,nan,4.712389,1100,60,1969.6895,-1057.2148,-121.89469,-11531.839,16.292867,2.3440839,-21.13316,1413.6771,0,0,0,0,0
69.3,301.86805,1545.4047,-1102.0705,-5.6578821,-55.57099,-0.28385566,0.17811028,0.021082463,-1.6797607,-0.049689732,-0.0016187998,0.031055084,-0.020591818,-0.0045313697,0.015704868,0.50768735,-0.020587058,-0.0044824515,0.015527542,0.50646211,0,0,0.013551564,0.016941537,0.17807422,59.839744,1102.0705,1200,1413.0331,nan,nan,4.712389,1100,60,1970.4424,-1057.7889,-118.78548,-11533.486,15.850881,2.2268695,-20.816451,1413.0331,0,0,0,0,0
69.4,301.30973,1539.8464,-1102.0974,-5.5013711,-55.597819,-0.25172252,0.17326169,0.020386985,-1.6767671,-0.048467263,-0.0016137577,0.03027836,-0.020583281,-0.004424733,0.015313888,0.50742094,-0.020580201,-0.0043775232,0.01513918,0.50601787,0,0,0.01353832,0.016505677,0.17810991,59.851721,1102.0974,1200,1412.289,nan,nan,4.712389,1100,60,1971.226,-1058.3181,-115.69746,-11536.318,15.473536,2.1188944,-20.514842,1412.289,0,0,0,0,0
69.5,300.76686,1534.2853,-1102.121,-5.3490591,-55.624258,-0.22055465,0.1685305,0.019719463,-1.6738461,-0.047272352,-0.0016086818,0.029512862,-0.020578005,-0.0043214433,0.014928609,0.50711883,-0.020576217,-0.0042755717,0.014756431,0.50554018,0,0,0.01353056,0.016075021,0.17814687,59.864123,1102.121,1200,1411.4458,nan,nan,4.712389,1100,60,1972.0385,-1058.8181,-112.63988,-11540.052,15.14503,2.0246619,-20.218994,1411.4458,0,0,0,0,0
69.6,300.23903,1528.7217,-1102.1417,-5.2008335,-55.650323,-0.19038093,0.16391433,0.0190787,-1.6709969,-0.046101702,-0.0016029887,0.028758504,-0.020575241,-0.004220783,0.014548919,0.50678153,-0.020574449,-0.0041759672,0.014379252,0.50503004,0,0,0.013526689,0.015650182,0.178185,59.876923,1102.1417,1200,1410.505,nan,nan,4.712389,1100,60,1972.8778,-1059.3008,-109.62089,-11544.461,14.852108,1.9464604,-19.921943,1410.505,0,0,0,0,0
69.7,299.72583,1523.1554,-1102.1593,-5.0565877,-55.676026,-0.16121568,0.15941104,0.018463606,-1.6682188,-0.044952962,-0.0015960025,0.028015423,-0.020574421,-0.0041222133,0.014174837,0.50640964,-0.020574404,-0.0040782449,0.014007712,0.50448844,0,0,0.01352548,0.015231741,0.17822423,59.890092,1102.1593,1200,1409.4682,nan,nan,4.712389,1100,60,1973.7423,-1059.7752,-106.64752,-11549.371,14.583908,1.8848725,-19.618768,1409.4682,0,0,0,0,0
69.8,299.22687,1517.5866,-1102.1741,-4.9162198,-55.70138,-0.13306229,0.15501871,0.017873198,-1.6655107,-0.043824542,-0.0015870398,0.027283913,-0.020575125,-0.0040253452,0.013806475,0.50600382,-0.020575723,-0.0039820774,0.013641956,0.50391639,0,0,0.013526016,0.014820231,0.17826447,59.903603,1102.1741,1200,1408.3373,nan,nan,4.712389,1100,60,1974.6301,-1060.2477,-103.72564,-11554.647,14.331738,1.8392281,-19.306265,1408.3373,0,0,0,0,0
69.9,298.74177,1512.0153,-1102.1861,-4.7796316,-55.726396,-0.10591622,0.15073551,0.017306598,-1.6628717,-0.04271546,-0.0015754697,0.026564359,-0.020577051,-0.0039299123,0.013444004,0.50556482,-0.020578146,-0.0038872477,0.01328218,0.50331489,0,0,0.013527635,0.014416125,0.17830564,59.91743,1102.1861,1200,1407.1143,nan,nan,4.712389,1100,60,1975.5395,-1060.7229,-100.86005,-11560.19,14.088837,1.807995,-18.982641,1407.1143,0,0,0,0,0
70,298.27015,1506.4414,-1102.1954,-4.6467281,-55.751083,-0.079767441,0.1465597,0.01676302,-1.6603007,-0.041625194,-0.0015607544,0.025857196,-0.020579981,-0.003835746,0.013087632,0.5050934,-0.020581491,-0.0037936269,0.012928598,0.50268492,0,0,0.01352988,0.014019828,0.17834767,59.931547,1102.1954,1200,1405.8013,nan,nan,4.712389,1100,60,1976.4687,-1061.2034,-98.054522,-11565.93,13.850121,1.7891053,-18.647226,1405.8013,0,0,0,0,0
70.1,297.81165,1500.8652,-1102.2022,-4.5174168,-55.77545,-0.054602362,0.14248955,0.016241765,-1.6577967,-0.040553566,-0.0015424721,0.025162865,-0.020583764,-0.0037427546,0.012737577,0.50459039,-0.020585632,-0.0037011532,0.012581433,0.50202749,0,0,0.013532446,0.013631677,0.17839048,59.945929,1102.2022,1200,1404.4007,nan,nan,4.712389,1100,60,1977.416,-1061.691,-95.311886,-11571.816,13.611926,1.7802177,-18.300213,1404.4007,0,0,0,0,0
70.2,297.36591,1495.2865,-1102.2065,-4.3916076,-55.799502,-0.030405299,0.13852336,0.015742199,-1.6553585,-0.039500637,-0.0015203269,0.024481791,-0.020588292,-0.0036509041,0.012394055,0.50405664,-0.020590478,-0.003609815,0.012240895,0.50134356,0,0,0.013535148,0.013251938,0.178434,59.96055,1102.2065,1200,1402.9147,nan,nan,4.712389,1100,60,1978.3799,-1062.1863,-92.63415,-11577.814,13.371767,1.7789221,-17.942435,1402.9147,0,0,0,0,0
70.3,296.93259,1489.7054,-1102.2084,-4.2692121,-55.823247,-0.0071595422,0.13465936,0.015263752,-1.6529849,-0.038466625,-0.0014941489,0.023814356,-0.02059349,-0.0035602023,0.012057267,0.503493,-0.020595964,-0.0035196364,0.011907178,0.50063411,0,0,0.013537885,0.012880811,0.17847816,59.975388,1102.2084,1200,1401.3458,nan,nan,4.712389,1100,60,1979.3588,-1062.6892,-90.022589,-11583.902,13.128119,1.7828905,-17.575174,1401.3458,0,0,0,0,0
70.4,296.51136,1484.122,-1102.2081,-4.1501437,-55.84669,0.0151519,0.13089579,0.014805894,-1.6506747,-0.037451838,-0.0014638867,0.023160891,-0.020599301,-0.0034706864,0.011727391,0.50290038,-0.02060204,-0.003430665,0.011580445,0.49990011,0,0,0.013540613,0.012518434,0.17852288,59.990418,1102.2081,1200,1399.6964,nan,nan,4.712389,1100,60,1980.351,-1063.1993,-87.47785,-11590.066,12.880209,1.7899823,-17.199996,1399.6964,0,0,0,0,0
70.5,296.10187,1478.5362,-1102.2055,-4.0343175,-55.869834,0.036545819,0.12723084,0.014368135,-1.6484265,-0.036456618,-0.001429595,0.022521663,-0.020605677,-0.0033824119,0.011404573,0.50227967,-0.02060866,-0.0033429625,0.011260832,0.49914252,0,0,0.013543323,0.012164888,0.17856811,60.005617,1102.2055,1200,1397.969,nan,nan,4.712389,1100,60,1981.3551,-1063.7158,-85.000053,-11596.295,12.627847,1.7983115,-16.818623,1397.969,0,0,0,0,0
70.6,295.70382,1472.9481,-1102.2009,-3.9216504,-55.892683,0.057038533,0.12366264,0.013950008,-1.646239,-0.035481309,-0.0013914197,0.021896875,-0.020612573,-0.0032954441,0.011088931,0.50163179,-0.020615781,-0.0032565975,0.010948438,0.49836229,0,0,0.013546028,0.011820202,0.17861377,60.020964,1102.2009,1200,1396.1663,nan,nan,4.712389,1100,60,1982.3697,-1064.2379,-82.588878,-11602.584,12.37127,1.806282,-16.43283,1396.1663,0,0,0,0,0
70.7,295.31688,1467.3578,-1102.1943,-3.8120606,-55.91524,0.076645774,0.12018931,0.013551063,-1.6441109,-0.03452622,-0.0013495813,0.021286661,-0.020619945,-0.0032098521,0.010780545,0.50095765,-0.020623358,-0.0031716394,0.01064333,0.49756038,0,0,0.013548746,0.011484363,0.1786598,60.036436,1102.1943,1200,1394.2906,nan,nan,4.712389,1100,60,1983.3931,-1064.7647,-80.243649,-11608.926,12.111017,1.8125991,-16.044367,1394.2906,0,0,0,0,0
70.8,294.94076,1461.7652,-1102.1857,-3.7054682,-55.937506,0.095382686,0.1168089,0.013170861,-1.6420409,-0.033591613,-0.0013043581,0.020691091,-0.020627746,-0.0031257038,0.010479466,0.50025819,-0.020631341,-0.0030881547,0.010345546,0.49673772,0,0,0.013551495,0.011157316,0.17870613,60.052012,1102.1857,1200,1392.3447,nan,nan,4.712389,1100,60,1984.4241,-1065.2952,-77.963412,-11615.316,11.847824,1.8162621,-15.6549,1392.3447,0,0,0,0,0
70.9,294.57517,1456.1704,-1102.1753,-3.6017948,-55.959483,0.1132639,0.11351948,0.012808967,-1.6400276,-0.032677685,-0.0012560706,0.020110177,-0.020635923,-0.0030430623,0.010185712,0.49953433,-0.020639676,-0.0030062038,0.010055088,0.49589525,0,0,0.013554286,0.010838976,0.17875272,60.067673,1102.1753,1200,1390.331,nan,nan,4.712389,1100,60,1985.4613,-1065.8287,-75.746993,-11621.748,11.582542,1.8165444,-15.265971,1390.331,0,0,0,0,0
71,294.2198,1450.5734,-1102.1632,-3.5009637,-55.981171,0.13030366,0.11031905,0.012464948,-1.6380697,-0.031784563,-0.001205067,0.01954387,-0.020644422,-0.0029619838,0.0098992732,0.49878699,-0.020648307,-0.0029258396,0.009771935,0.4950339,0,0,0.01355712,0.010529229,0.17879948,60.083397,1102.1632,1200,1388.2521,nan,nan,4.712389,1100,60,1986.5033,-1066.3643,-73.593059,-11628.215,11.316071,1.8129653,-14.878975,1388.2521,0,0,0,0,0
71.1,293.87438,1444.9743,-1102.1494,-3.4028998,-56.002571,0.14651596,0.10720562,0.012138368,-1.6361657,-0.030912306,-0.0011517102,0.018992076,-0.020653181,-0.0028825162,0.0096201124,0.49801711,-0.02065717,-0.0028471058,0.0094960382,0.4941546,0,0,0.013559989,0.010227941,0.17884638,60.099165,1102.1494,1200,1386.1106,nan,nan,4.712389,1100,60,1987.5488,-1066.9016,-71.500162,-11634.708,11.049313,1.8052572,-14.495149,1386.1106,0,0,0,0,0
71.2,293.53865,1439.373,-1102.134,-3.3075299,-56.023681,0.16191471,0.10417719,0.011828788,-1.6343143,-0.030060901,-0.0010963674,0.018454656,-0.020662139,-0.0028046983,0.0093481699,0.49722561,-0.020666203,-0.0027700373,0.0092273281,0.49325825,0,0,0.013562872,0.009934959,0.17889335,60.114959,1102.134,1200,1383.9091,nan,nan,4.712389,1100,60,1988.5966,-1067.4399,-69.466777,-11641.217,10.783131,1.7933302,-14.115561,1383.9091,0,0,0,0,0
71.3,293.21232,1433.7697,-1102.1171,-3.2147824,-56.044502,0.17651387,0.10123175,0.011535764,-1.6325142,-0.02923027,-0.001039401,0.017931433,-0.020671229,-0.0027285597,0.0090833655,0.49641341,-0.020675339,-0.0026946594,0.0089657164,0.49234578,0,0,0.01356574,0.0096501174,0.17894033,60.130759,1102.1171,1200,1381.6502,nan,nan,4.712389,1100,60,1989.6454,-1067.9789,-67.491337,-11647.731,10.518333,1.7772387,-13.741119,1381.6502,0,0,0,0,0
71.4,292.89515,1428.1642,-1102.0988,-3.1245873,-56.065031,0.19032758,0.098367313,0.011258848,-1.6307642,-0.028420276,-0.0009811613,0.017422197,-0.020680387,-0.002654121,0.0088256022,0.49558144,-0.020684513,-0.002620989,0.0087110987,0.49141807,0,0,0.013568554,0.0093732405,0.17898728,60.146548,1102.0988,1200,1379.3363,nan,nan,4.712389,1100,60,1990.694,-1068.5182,-65.572252,-11654.237,10.255646,1.7571487,-13.37258,1379.3363,0,0,0,0,0
71.5,292.58687,1422.5568,-1102.0791,-3.0368765,-56.085268,0.20337026,0.095581889,0.010997587,-1.6290628,-0.027630726,-0.00092198176,0.016926716,-0.020689546,-0.0025813945,0.0085747685,0.4947306,-0.02069366,-0.0025490345,0.008463358,0.49047601,0,0,0.013571271,0.0091041459,0.17903414,60.162309,1102.0791,1200,1376.9701,nan,nan,4.712389,1100,60,1991.7412,-1069.0576,-63.707937,-11660.723,9.9957192,1.7333084,-13.010554,1376.9701,0,0,0,0,0
71.6,292.28726,1416.9473,-1102.0582,-2.9515834,-56.105209,0.21565671,0.092873512,0.010751526,-1.6274088,-0.02686138,-0.00086217487,0.016444733,-0.020698644,-0.0025103847,0.0083307418,0.49386181,-0.020702717,-0.002478797,0.0082223667,0.48952049,0,0,0.013573843,0.0088426466,0.17908086,60.178023,1102.0582,1200,1374.554,nan,nan,4.712389,1100,60,1992.786,-1069.5968,-61.896817,-11667.176,9.7391105,1.7060233,-12.655525,1374.554,0,0,0,0,0
71.7,291.99606,1411.3358,-1102.0361,-2.8686432,-56.124853,0.22720215,0.090240235,0.010520206,-1.6258011,-0.026111957,-0.0008020299,0.015975978,-0.02070762,-0.0024410889,0.0080933899,0.49297598,-0.020711625,-0.0024102712,0.0079879892,0.48855237,0,0,0.013576217,0.0085885531,0.1791274,60.193677,1102.0361,1200,1372.0906,nan,nan,4.712389,1100,60,1993.8271,-1070.1358,-60.137348,-11673.582,9.4862941,1.6756337,-12.30786,1372.0906,0,0,0,0,0
71.8,291.71304,1405.7224,-1102.0128,-2.7879928,-56.144198,0.23802228,0.087680137,0.010303167,-1.6242382,-0.025382145,-0.00074181156,0.015520168,-0.020716416,-0.0023734986,0.007862574,0.49207399,-0.020720328,-0.0023434457,0.007760084,0.48757251,0,0,0.013578344,0.0083416754,0.1791737,60.209252,1102.0128,1200,1369.5823,nan,nan,4.712389,1100,60,1994.8637,-1070.6743,-58.428019,-11679.928,9.2376621,1.6424975,-11.967825,1369.5823,0,0,0,0,0
71.9,291.43799,1400.1071,-1101.9885,-2.7095707,-56.16324,0.24813325,0.085191328,0.01009995,-1.6227192,-0.024671599,-0.00068175962,0.015077011,-0.020724978,-0.0023075997,0.0076381501,0.49115673,-0.020728774,-0.0022783043,0.0075385053,0.48658174,0,0,0.013580173,0.0081018242,0.17921972,60.224735,1101.9885,1200,1367.0316,nan,nan,4.712389,1100,60,1995.8945,-1071.2121,-56.767356,-11686.202,8.9935306,1.6069755,-11.6356,1367.0316,0,0,0,0,0
72,291.17067,1394.4899,-1101.9633,-2.6333168,-56.181976,0.25755172,0.082771948,0.0099100975,-1.6212427,-0.023979957,-0.0006220892,0.014646209,-0.020733259,-0.0022433738,0.0074199709,0.49022508,-0.020736918,-0.0022148267,0.0073231044,0.48558091,0,0,0.013581657,0.0078688117,0.17926543,60.240111,1101.9633,1200,1364.4409,nan,nan,4.712389,1100,60,1996.9188,-1071.7493,-55.153931,-11692.39,8.7541464,1.569421,-11.31129,1364.4409,0,0,0,0,0
72.1,290.91088,1388.8708,-1101.9371,-2.5591728,-56.200405,0.26629477,0.080420171,0.0097331533,-1.6198076,-0.023306837,-0.00056299161,0.014227463,-0.020741214,-0.0021807986,0.0072078872,0.48927991,-0.020744718,-0.0021529891,0.0071137315,0.48457082,0,0,0.013582753,0.0076424529,0.17931077,60.255365,1101.9371,1200,1361.8126,nan,nan,4.712389,1100,60,1997.9354,-1072.2856,-53.586359,-11698.482,8.5196948,1.5301715,-10.99494,1361.8126,0,0,0,0,0
72.2,290.6584,1383.2499,-1101.9101,-2.487082,-56.218523,0.27437992,0.078134208,0.0095686663,-1.6184129,-0.022651846,-0.00050463555,0.013820472,-0.020748805,-0.0021198488,0.0070017486,0.48832207,-0.020752138,-0.002092765,0.0069102362,0.48355229,0,0,0.01358342,0.0074225656,0.17935571,60.270485,1101.9101,1200,1359.1492,nan,nan,4.712389,1100,60,1998.9435,-1072.8209,-52.0633,-11704.467,8.2903071,1.4895434,-10.686543,1359.1492,0,0,0,0,0
72.3,290.41304,1377.6272,-1101.8823,-2.4169888,-56.236327,0.28182504,0.075912305,0.0094161902,-1.6170574,-0.022014582,-0.0004471686,0.013424938,-0.020755999,-0.0020604966,0.0068014053,0.48735241,-0.020759147,-0.0020341256,0.0067124688,0.48252608,0,0,0.013583625,0.0072089714,0.1794002,60.285457,1101.8823,1200,1356.453,nan,nan,4.712389,1100,60,1999.9422,-1073.355,-50.583459,-11710.334,8.0660679,1.4478287,-10.386049,1356.453,0,0,0,0,0
72.4,290.17459,1372.0027,-1101.8538,-2.3488394,-56.253813,0.28864835,0.073752747,0.0092752846,-1.61574,-0.021394638,-0.00039071874,0.013040561,-0.020762767,-0.0020027125,0.0066067081,0.48637176,-0.020765718,-0.0019770406,0.0065202806,0.48149299,0,0,0.013583339,0.0070014959,0.17944422,60.300269,1101.8538,1200,1353.7262,nan,nan,4.712389,1100,60,2000.9307,-1073.8877,-49.145583,-11716.074,7.8470224,1.4052932,-10.093379,1353.7262,0,0,0,0,0
72.5,289.94287,1366.3765,-1101.8246,-2.2825814,-56.27098,0.29486832,0.071653857,0.009145516,-1.6144598,-0.020791606,-0.00033539606,0.01266705,-0.020769087,-0.0019464654,0.0064175094,0.48538095,-0.020771832,-0.0019214782,0.006333525,0.48045375,0,0,0.013582538,0.0067999684,0.17948773,60.314908,1101.8246,1200,1350.9712,nan,nan,4.712389,1100,60,2001.9081,-1074.4187,-47.748463,-11721.681,7.6331823,1.3621763,-9.8084246,1350.9712,0,0,0,0,0
72.6,289.71769,1360.7486,-1101.7948,-2.2181636,-56.287824,0.30050366,0.069613995,0.0090264588,-1.6132157,-0.020205076,-0.00028129436,0.012304115,-0.02077494,-0.0018917231,0.0062336638,0.48438078,-0.020777472,-0.0018674062,0.0061520574,0.47940912,0,0,0.013581206,0.0066042226,0.17953069,60.329365,1101.7948,1200,1348.1901,nan,nan,4.712389,1100,60,2002.8738,-1074.9478,-46.390928,-11727.146,7.4245321,1.3186914,-9.5310605,1348.1901,0,0,0,0,0
72.7,289.49886,1355.1191,-1101.7645,-2.1555362,-56.304343,0.30557319,0.067631561,0.0089176951,-1.6120067,-0.019634644,-0.00022849272,0.011951472,-0.020780312,-0.0018384528,0.0060550279,0.48337203,-0.020782625,-0.0018147913,0.0059757358,0.47835981,0,0,0.01357933,0.0064140965,0.17957307,60.343628,1101.7645,1200,1345.3853,nan,nan,4.712389,1100,60,2003.8269,-1075.4748,-45.071848,-11732.463,7.221034,1.2750271,-9.2611456,1345.3853,0,0,0,0,0
72.8,289.28621,1349.4879,-1101.7338,-2.0946509,-56.320533,0.31009587,0.065704994,0.0088188162,-1.6108318,-0.019079904,-0.00017705704,0.011608842,-0.020785194,-0.0017866216,0.0058814615,0.4823555,-0.020787285,-0.0017636005,0.0058044209,0.47730654,0,0,0.013576903,0.0062294322,0.17961484,60.357687,1101.7338,1200,1342.5588,nan,nan,4.712389,1100,60,2004.7668,-1075.9992,-43.790128,-11737.628,7.0226323,1.2313492,-8.9985286,1342.5588,0,0,0,0,0
72.9,289.07958,1343.855,-1101.7026,-2.0354603,-56.336392,0.31409067,0.063832769,0.0087294223,-1.6096902,-0.018540461,-0.0001270414,0.011275953,-0.020789581,-0.001736196,0.0057128267,0.48133195,-0.020791448,-0.0017138003,0.0056379764,0.47624998,0,0,0.013573923,0.0060500759,0.17965598,60.371533,1101.7026,1200,1339.7127,nan,nan,4.712389,1100,60,2005.6928,-1076.5208,-42.544708,-11742.637,6.8292575,1.1878023,-8.7430514,1339.7127,0,0,0,0,0
73,288.87878,1338.2207,-1101.671,-1.9779186,-56.351918,0.31757657,0.062013399,0.0086491232,-1.6085808,-0.018015923,-7.8489324e-05,0.010952538,-0.02079347,-0.0016871428,0.0055489891,0.48030211,-0.020795114,-0.0016653576,0.0054762691,0.47519081,0,0,0.013570393,0.0058758782,0.17969645,60.385156,1101.671,1200,1336.8493,nan,nan,4.712389,1100,60,2006.6043,-1077.0392,-41.334561,-11747.485,6.6408294,1.1445118,-8.4945515,1336.8493,0,0,0,0,0
73.1,288.68365,1332.5848,-1101.6391,-1.9219809,-56.367108,0.32057246,0.060245436,0.0085775382,-1.6075029,-0.017505904,-3.1434955e-05,0.010638338,-0.020796863,-0.0016394289,0.005389817,0.47926674,-0.020798284,-0.0016182394,0.0053191688,0.47412969,0,0,0.013566321,0.0057066934,0.17973624,60.398548,1101.6391,1200,1333.9704,nan,nan,4.712389,1100,60,2007.5008,-1077.554,-40.158692,-11752.17,6.4572598,1.1015864,-8.2528643,1333.9704,0,0,0,0,0
73.2,288.49405,1326.9473,-1101.6069,-1.8676038,-56.38196,0.32309715,0.058527466,0.0085142965,-1.6064555,-0.017010027,1.4095926e-05,0.010333097,-0.020799764,-0.0015930217,0.005235182,0.47822653,-0.020800965,-0.0015724132,0.0051665485,0.47306725,0,0,0.013561716,0.0055423799,0.17977531,60.4117,1101.6069,1200,1331.0781,nan,nan,4.712389,1100,60,2008.3815,-1078.0649,-39.016136,-11756.691,6.2784546,1.0591198,-8.0178248,1331.0781,0,0,0,0,0
73.3,288.30981,1321.3084,-1101.5745,-1.8147448,-56.396473,0.32516927,0.056858112,0.0084590374,-1.6054378,-0.016527921,5.8084972e-05,0.010036569,-0.02080218,-0.0015478887,0.0050849588,0.4771822,-0.020803164,-0.0015278469,0.0050182844,0.47200412,0,0,0.013556593,0.0053828,0.17981365,60.424606,1101.5745,1200,1328.1743,nan,nan,4.712389,1100,60,2009.2461,-1078.5715,-37.905955,-11761.046,6.1043162,1.0171921,-7.7892686,1328.1743,0,0,0,0,0
73.4,288.13079,1315.6681,-1101.5419,-1.7633625,-56.410643,0.32680729,0.055236034,0.00841141,-1.604449,-0.016059225,0.00010052045,0.009748511,-0.02080412,-0.0015039982,0.0049390253,0.47613443,-0.020804893,-0.0014845087,0.0048742555,0.4709409,0,0,0.01355097,0.0052278195,0.17985123,60.437257,1101.5419,1200,1325.2609,nan,nan,4.712389,1100,60,2010.094,-1079.0733,-36.827239,-11765.235,5.9347444,0.9758725,-7.5670329,1325.2609,0,0,0,0,0
73.5,287.95684,1310.0264,-1101.5091,-1.7134166,-56.42447,0.32802944,0.053659922,0.0083710734,-1.6034882,-0.015603585,0.00014139651,0.0094686886,-0.020805596,-0.0014613189,0.0047972624,0.47508389,-0.020806163,-0.0014423678,0.0047343443,0.46987817,0,0,0.013544866,0.0050773081,0.17988804,60.449649,1101.5091,1200,1322.3399,nan,nan,4.712389,1100,60,2010.9249,-1079.5699,-35.779106,-11769.257,5.7696377,0.93521967,-7.3509575,1322.3399,0,0,0,0,0
73.6,287.78782,1304.3833,-1101.4763,-1.6648681,-56.437953,0.32885369,0.052128505,0.0083376967,-1.6025548,-0.015160654,0.00018071255,0.0091968719,-0.020806621,-0.00141982,0.0046595539,0.47403122,-0.020806987,-0.0014013935,0.004598436,0.4688165,0,0,0.013538304,0.0049311389,0.17992405,60.461773,1101.4763,1200,1319.4129,nan,nan,4.712389,1100,60,2011.7381,-1080.061,-34.760695,-11773.114,5.6088944,0.8952838,-7.1408848,1319.4129,0,0,0,0,0
73.7,287.62358,1298.7389,-1101.4434,-1.6176787,-56.451088,0.32929774,0.050640542,0.0083109588,-1.6016478,-0.014730093,0.00021847265,0.0089328377,-0.020807209,-0.0013794713,0.0045257869,0.47297706,-0.020807383,-0.0013615561,0.0044664188,0.46775645,0,0,0.013531307,0.0047891884,0.17995925,60.473626,1101.4434,1200,1316.4817,nan,nan,4.712389,1100,60,2012.5335,-1080.5461,-33.771173,-11776.805,5.4524132,0.85610744,-6.9366603,1316.4817,0,0,0,0,0
73.8,287.464,1293.0932,-1101.4104,-1.5718112,-56.463877,0.32937897,0.049194825,0.0082905484,-1.6007667,-0.014311574,0.00025468504,0.0086763681,-0.020807377,-0.0013402433,0.0043958512,0.47192204,-0.020807365,-0.0013228263,0.0043381841,0.46669855,0,0,0.013523902,0.0046513364,0.17999363,60.485201,1101.4104,1200,1313.5482,nan,nan,4.712389,1100,60,2013.3105,-1081.0249,-32.809727,-11780.333,5.3000935,0.81772651,-6.7381328,1313.5482,0,0,0,0,0
73.9,287.30895,1287.4462,-1101.3775,-1.5272295,-56.476318,0.32911445,0.047790177,0.0082761639,-1.5999106,-0.013904774,0.00028936169,0.0084272513,-0.020807141,-0.0013021072,0.0042696395,0.47086675,-0.020806952,-0.0012851754,0.0042136256,0.46564332,0,0,0.013516115,0.0045174661,0.18002716,60.496494,1101.3775,1200,1310.6138,nan,nan,4.712389,1100,60,2014.0689,-1081.4968,-31.875568,-11783.698,5.1518363,0.78017114,-6.5451544,1310.6138,0,0,0,0,0
74,287.1583,1281.798,-1101.3446,-1.4838983,-56.488409,0.32852089,0.046425454,0.0082675135,-1.5990789,-0.013509378,0.00032251787,0.0081852808,-0.020806521,-0.0012650346,0.0041470474,0.46981177,-0.020806162,-0.0012485754,0.0040926404,0.46459126,0,0,0.013507975,0.0043874637,0.18005985,60.5075,1101.3446,1200,1307.6804,nan,nan,4.712389,1100,60,2014.8083,-1081.9616,-30.967928,-11786.904,5.0075439,0.74346638,-6.3575807,1307.6804,0,0,0,0,0
74.1,287.01192,1276.1486,-1101.3118,-1.4417833,-56.500152,0.32761465,0.04509954,0.0082643143,-1.5982708,-0.01312508,0.00035417182,0.0079502556,-0.020805534,-0.0012289978,0.0040279731,0.46875768,-0.020805014,-0.0012129988,0.0039751278,0.46354286,0,0,0.01349951,0.0042612186,0.18009167,60.518216,1101.3118,1200,1304.7493,nan,nan,4.712389,1100,60,2015.5285,-1082.4187,-30.086061,-11789.952,4.8671204,0.70763274,-6.1752705,1304.7493,0,0,0,0,0
74.2,286.86969,1270.498,-1101.2791,-1.400851,-56.511544,0.32641171,0.04381135,0.0082662933,-1.5974858,-0.012751581,0.0003843444,0.00772198,-0.020804199,-0.0011939697,0.0039123177,0.46770503,-0.020803528,-0.0011784191,0.00386099,0.46249859,0,0,0.013490751,0.0041386232,0.18012261,60.528637,1101.2791,1200,1301.8223,nan,nan,4.712389,1100,60,2016.2292,-1082.8679,-29.229241,-11792.845,4.7304718,0.67268672,-5.9980859,1301.8223,0,0,0,0,0
74.3,286.73151,1264.8463,-1101.2465,-1.3610689,-56.522587,0.32492768,0.042559827,0.0082731861,-1.5967232,-0.012388588,0.00041305881,0.0075002634,-0.020802538,-0.001159924,0.0037999846,0.46665435,-0.020801724,-0.0011448098,0.0037501317,0.4614589,0,0,0.013481727,0.0040195726,0.18015267,60.538762,1101.2465,1200,1298.9007,nan,nan,4.712389,1100,60,2016.9102,-1083.3088,-28.39676,-11795.586,4.5975061,0.63864121,-5.8258924,1298.9007,0,0,0,0,0
74.4,286.59725,1259.1936,-1101.2141,-1.3224054,-56.533281,0.32317776,0.041343942,0.0082847375,-1.5959823,-0.012035817,0.00044034028,0.0072849204,-0.02080057,-0.0011268347,0.00369088,0.46560615,-0.020799622,-0.0011121454,0.0036424602,0.46042423,0,0,0.013472468,0.003903965,0.18018184,60.548586,1101.2141,1200,1295.986,nan,nan,4.712389,1100,60,2017.5713,-1083.7409,-27.587932,-11798.178,4.4681329,0.60550583,-5.6585585,1295.986,0,0,0,0,0
74.5,286.4668,1253.5397,-1101.1819,-1.2848296,-56.543625,0.32117678,0.040162695,0.0083007012,-1.5952625,-0.011692991,0.00046621587,0.0070757703,-0.020798316,-0.0010946765,0.0035849124,0.46456095,-0.020797243,-0.0010804009,0.0035378852,0.45939501,0,0,0.013463006,0.0037917014,0.18021011,60.558108,1101.1819,1200,1293.0797,nan,nan,4.712389,1100,60,2018.2124,-1084.164,-26.802087,-11800.623,4.342264,0.57328728,-5.4959559,1293.0797,0,0,0,0,0
74.6,286.34006,1247.8849,-1101.1499,-1.2483115,-56.55362,0.31893913,0.039015111,0.0083208393,-1.5945632,-0.011359838,0.00049071423,0.0068726375,-0.020795796,-0.0010634247,0.003481993,0.46351924,-0.020794609,-0.0010495517,0.0034363187,0.45837163,0,0,0.013453369,0.0036826854,0.18023747,60.567325,1101.1499,1200,1290.1829,nan,nan,4.712389,1100,60,2018.8331,-1084.5777,-26.038577,-11802.926,4.2198131,0.54198954,-5.3379591,1290.1829,0,0,0,0,0
74.7,286.21692,1242.2291,-1101.1181,-1.2128219,-56.563267,0.31647882,0.037900242,0.0083449225,-1.5938839,-0.011036095,0.00051386536,0.0066753508,-0.020793032,-0.0010330552,0.0033820352,0.46248147,-0.020791738,-0.0010195741,0.0033376754,0.4573545,0,0,0.013443589,0.0035768232,0.18026392,60.576236,1101.1181,1200,1287.2972,nan,nan,4.712389,1100,60,2019.4335,-1084.9817,-25.296767,-11805.089,4.1006956,0.51161413,-5.1844455,1287.2972,0,0,0,0,0
74.8,286.09729,1236.5723,-1101.0866,-1.1783322,-56.572567,0.31380945,0.036817166,0.0083727296,-1.593224,-0.010721505,0.00053570044,0.0064837437,-0.020790043,-0.0010035443,0.0032849546,0.4614481,-0.020788653,-0.00099044471,0.0032418719,0.45634398,0,0,0.013433696,0.0034740236,0.18028946,60.584839,1101.0866,1200,1284.4236,nan,nan,4.712389,1100,60,2020.0135,-1085.3757,-24.576044,-11807.116,3.9848289,0.48216031,-5.0352955,1284.4236,0,0,0,0,0
74.9,285.98105,1230.9146,-1101.0553,-1.1448149,-56.58152,0.31094419,0.035764986,0.0084040478,-1.592583,-0.010415816,0.00055625163,0.0062976544,-0.02078685,-0.00097486903,0.0031906693,0.46041958,-0.020785373,-0.00096214063,0.0031488272,0.45534045,0,0,0.013423718,0.0033741982,0.18031408,60.593134,1101.0553,1200,1281.5636,nan,nan,4.712389,1100,60,2020.5728,-1085.7593,-23.87581,-11809.011,3.872132,0.45362528,-4.890392,1281.5636,0,0,0,0,0
75,285.86813,1225.2561,-1101.0244,-1.1122429,-56.590129,0.30789583,0.034742829,0.0084386718,-1.5919602,-0.010118784,0.00057555191,0.0061169251,-0.020783474,-0.00094700686,0.0030990994,0.45939633,-0.020781918,-0.00093463961,0.0030584626,0.45434426,0,0,0.013413685,0.0032772608,0.18033777,60.601119,1101.0244,1200,1278.7181,nan,nan,4.712389,1100,60,2021.1115,-1086.1324,-23.195482,-11810.777,3.7625256,0.42600432,-4.7496208,1278.7181,0,0,0,0,0
75.1,285.75841,1219.5967,-1100.9938,-1.08059,-56.598394,0.30467674,0.033749845,0.0084764045,-1.5913552,-0.0098301713,0.00059363493,0.0059414026,-0.020779935,-0.00091993579,0.0030101674,0.45837876,-0.02077831,-0.00090791989,0.0029707013,0.45335573,0,0,0.013403625,0.0031831275,0.18036055,60.608794,1100.9938,1200,1275.8884,nan,nan,4.712389,1100,60,2021.6296,-1086.4945,-22.534496,-11812.418,3.6559324,0.39929098,-4.6128702,1275.8884,0,0,0,0,0
75.2,285.65182,1213.9364,-1100.9634,-1.0498308,-56.606317,0.30129886,0.032785208,0.0085170559,-1.5907675,-0.0095497444,0.00061053485,0.0057709376,-0.020776252,-0.00089363432,0.0029237977,0.45736726,-0.020774567,-0.00088196023,0.0028854688,0.45237519,0,0,0.013393567,0.0030917172,0.1803824,60.616158,1100.9634,1200,1273.0756,nan,nan,4.712389,1100,60,2022.1269,-1086.8456,-21.892302,-11813.938,3.5522762,0.37347719,-4.480031,1273.0756,0,0,0,0,0
75.3,285.54827,1208.2754,-1100.9335,-1.0199403,-56.6139,0.29777376,0.031848116,0.0085604436,-1.5901966,-0.0092772772,0.00062628623,0.0056053852,-0.020772445,-0.00086808149,0.0028399169,0.45636221,-0.020770709,-0.00085673987,0.0028026926,0.45140295,0,0,0.013383537,0.0030029506,0.18040333,60.623212,1100.9335,1200,1270.2806,nan,nan,4.712389,1100,60,2022.6036,-1087.1853,-21.268366,-11815.34,3.4514829,0.34855345,-4.3509965,1270.2806,0,0,0,0,0
75.4,285.44766,1202.6137,-1100.9039,-0.99089432,-56.621145,0.29411259,0.030937786,0.0086063923,-1.589642,-0.0090125493,0.00064092387,0.0054446041,-0.020768534,-0.00084325682,0.0027584536,0.45536398,-0.020766754,-0.00083223856,0.0027223021,0.4504393,0,0,0.013373563,0.0029167509,0.18042334,60.629956,1100.9039,1200,1267.5047,nan,nan,4.712389,1100,60,2023.0595,-1087.5135,-20.662168,-11816.628,3.3534797,0.32450893,-4.2256627,1267.5047,0,0,0,0,0
75.5,285.34992,1196.9513,-1100.8746,-0.96266943,-56.628054,0.29032611,0.03005346,0.0086547336,-1.5891033,-0.0087553454,0.00065448271,0.0052884573,-0.020764536,-0.00081914031,0.0026793382,0.45437291,-0.020762722,-0.00080843652,0.0026442287,0.44948453,0,0,0.01336367,0.0028330435,0.18044243,60.636391,1100.8746,1200,1264.7486,nan,nan,4.712389,1100,60,2023.4948,-1087.8299,-20.073205,-11817.807,3.2581952,0.30133159,-4.1039278,1264.7486,0,0,0,0,0
75.6,285.25496,1191.2881,-1100.8458,-0.9352427,-56.634628,0.2864247,0.029194397,0.0087053062,-1.5885799,-0.0085054563,0.00066699775,0.0051368113,-0.020760471,-0.00079571246,0.0026025032,0.45338935,-0.02075863,-0.00078531446,0.0025684057,0.4485389,0,0,0.013353883,0.0027517558,0.1804606,60.642517,1100.8458,1200,1262.0134,nan,nan,4.712389,1100,60,2023.9094,-1088.1343,-19.500986,-11818.879,3.1655598,0.27900835,-3.9856923,1262.0134,0,0,0,0,0
75.7,285.16271,1185.6244,-1100.8173,-0.90859186,-56.640871,0.28241832,0.028359881,0.008757955,-1.5880715,-0.0082626779,0.00067850393,0.0049895364,-0.020756356,-0.00077295423,0.0025278829,0.45241363,-0.020754496,-0.00076285356,0.0024947682,0.44760267,0,0,0.013344226,0.0026728175,0.18047785,60.648335,1100.8173,1200,1259.2999,nan,nan,4.712389,1100,60,2024.3035,-1088.4266,-18.945034,-11819.848,3.0755049,0.25752513,-3.8708594,1259.2999,0,0,0,0,0
75.8,285.07308,1179.96,-1100.7893,-0.88269524,-56.646786,0.27831659,0.027549212,0.0088125316,-1.5875777,-0.0080268114,0.00068903602,0.0048465066,-0.020752208,-0.00075084705,0.0024554135,0.45144604,-0.020750337,-0.00074103544,0.0024232533,0.44667609,0,0,0.013334723,0.0025961599,0.18049419,60.653847,1100.7893,1200,1256.609,nan,nan,4.712389,1100,60,2024.677,-1088.7066,-18.404886,-11820.719,2.9879639,0.23686703,-3.7593342,1256.609,0,0,0,0,0
75.9,284.98602,1174.2951,-1100.7617,-0.85753176,-56.652373,0.27412872,0.026761711,0.0088688937,-1.5870979,-0.0077976634,0.00069862859,0.0047075993,-0.020748044,-0.0007293728,0.0023850329,0.45048689,-0.020746169,-0.00071984221,0.0023537996,0.44575939,0,0,0.013325397,0.0025217168,0.18050963,60.659055,1100.7617,1200,1253.9416,nan,nan,4.712389,1100,60,2025.0302,-1088.9742,-17.880092,-11821.495,2.9028711,0.21701839,-3.6510245,1253.9416,0,0,0,0,0
76,284.90143,1168.6296,-1100.7345,-0.83308092,-56.657638,0.26986357,0.025996719,0.0089269052,-1.5866319,-0.0075750454,0.00070731591,0.0045726954,-0.02074388,-0.00070851382,0.0023166808,0.44953647,-0.020742009,-0.00069925639,0.0022863477,0.44485279,0,0,0.013316269,0.0024494235,0.18052417,60.663958,1100.7345,1200,1251.2984,nan,nan,4.712389,1100,60,2025.363,-1089.2292,-17.370216,-11822.179,2.8201625,0.19796292,-3.5458399,1251.2984,0,0,0,0,0
76.1,284.81926,1162.9636,-1100.7077,-0.80932277,-56.662581,0.26552965,0.025253594,0.0089864357,-1.5861792,-0.0073587739,0.00071513188,0.0044416792,-0.020739732,-0.00068825289,0.0022502985,0.44859503,-0.020737872,-0.00067926095,0.0022208396,0.4439565,0,0,0.01330736,0.0023792174,0.18053781,60.668561,1100.7077,1200,1248.6802,nan,nan,4.712389,1100,60,2025.6757,-1089.4716,-16.874833,-11822.775,2.7397752,0.17968374,-3.4436926,1248.6802,0,0,0,0,0
76.2,284.73943,1157.2971,-1100.6813,-0.7862379,-56.667207,0.26113509,0.024531713,0.0090473608,-1.5857394,-0.0071486705,0.00072210997,0.0043144382,-0.020735616,-0.00066857321,0.0021858292,0.44766286,-0.020733772,-0.00065983931,0.0021572191,0.44307073,0,0,0.01329869,0.0023110376,0.18055056,60.672864,1100.6813,1200,1246.0877,nan,nan,4.712389,1100,60,2025.9683,-1089.7012,-16.393529,-11823.287,2.661648,0.16216354,-3.3444968,1246.0877,0,0,0,0,0
76.3,284.66187,1151.6302,-1100.6554,-0.76380745,-56.671519,0.25668769,0.023830468,0.0091095612,-1.5853122,-0.0069445612,0.0007282832,0.0041908632,-0.020731545,-0.00064945843,0.0021232174,0.44674018,-0.020729725,-0.00064097529,0.0020954316,0.44219566,0,0,0.013290278,0.002244825,0.18056242,60.676869,1100.6554,1200,1243.5216,nan,nan,4.712389,1100,60,2026.241,-1089.9179,-15.925906,-11823.718,2.5857208,0.1453846,-3.248169,1243.5216,0,0,0,0,0
76.4,284.58653,1145.9628,-1100.63,-0.74201305,-56.675519,0.25219491,0.023149271,0.0091729234,-1.5848972,-0.006746277,0.00073368404,0.0040708481,-0.020727534,-0.0006308926,0.0020624094,0.44582725,-0.020725744,-0.00062265314,0.002035424,0.44133147,0,0,0.013282143,0.0021805223,0.18057341,60.68058,1100.63,1200,1240.9826,nan,nan,4.712389,1100,60,2026.4939,-1090.1217,-15.471572,-11824.072,2.5119348,0.12932889,-3.1546275,1240.9826,0,0,0,0,0
76.5,284.51334,1140.2951,-1100.605,-0.72083686,-56.679211,0.24766387,0.02248755,0.0092373388,-1.5844941,-0.0065536531,0.00073834442,0.0039542896,-0.020723596,-0.00061286018,0.0020033529,0.44492428,-0.020721842,-0.0006048575,0.0019771448,0.44047833,0,0,0.0132743,0.0021180738,0.18058353,60.683998,1100.605,1200,1238.4713,nan,nan,4.712389,1100,60,2026.7272,-1090.3125,-15.03015,-11824.351,2.4402325,0.11397814,-3.0637931,1238.4713,0,0,0,0,0
76.6,284.44224,1134.627,-1100.5804,-0.70026151,-56.682599,0.24310136,0.021844748,0.0093027039,-1.5841025,-0.0063665293,0.00074229568,0.0038410876,-0.020719744,-0.00059534606,0.0019459972,0.44403148,-0.020718031,-0.00058757343,0.0019205438,0.43963639,0,0,0.013266768,0.0020574254,0.18059279,60.687127,1100.5804,1200,1235.9882,nan,nan,4.712389,1100,60,2026.9411,-1090.4903,-14.601274,-11824.56,2.370558,0.099313894,-2.9755883,1235.9882,0,0,0,0,0
76.7,284.37317,1128.9586,-1100.5563,-0.68027012,-56.685687,0.23851389,0.021220325,0.00936892,-1.5837222,-0.00618475,0.00074556849,0.0037311449,-0.020715991,-0.0005783355,0.001890293,0.44314907,-0.020714324,-0.00057078637,0.0018655724,0.43880582,0,0,0.01325956,0.0019985246,0.1806012,60.689968,1100.5563,1200,1233.534,nan,nan,4.712389,1100,60,2027.1357,-1090.655,-14.184585,-11824.702,2.3028563,0.085317584,-2.889938,1233.534,0,0,0,0,0
76.8,284.30607,1123.2899,-1100.5327,-0.66084626,-56.688477,0.23390762,0.020613754,0.0094358932,-1.5833526,-0.0060081634,0.0007481929,0.0036243669,-0.020712347,-0.00056181415,0.0018361924,0.44227722,-0.020710733,-0.00055448217,0.0018121835,0.43798673,0,0,0.013252693,0.0019413206,0.18060876,60.692526,1100.5327,1200,1231.1092,nan,nan,4.712389,1100,60,2027.3113,-1090.8067,-13.779737,-11824.779,2.2370738,0.071970577,-2.8067686,1231.1092,0,0,0,0,0
76.9,284.24089,1117.6209,-1100.5095,-0.64197397,-56.690974,0.22928843,0.020024526,0.009503534,-1.5829937,-0.0058366221,0.00075019828,0.0035206619,-0.020708825,-0.00054576807,0.001783649,0.44141613,-0.020707267,-0.00053864701,0.0017603309,0.43717928,0,0,0.013246178,0.0018857639,0.18061548,60.694802,1100.5095,1200,1228.7143,nan,nan,4.712389,1100,60,2027.468,-1090.9453,-13.386394,-11824.795,2.1731582,0.059254224,-2.726009,1228.7143,0,0,0,0,0
77,284.17756,1111.9517,-1100.4868,-0.62363772,-56.693181,0.2246619,0.019452145,0.0095717573,-1.582645,-0.0056699827,0.00075161329,0.0034199407,-0.020705434,-0.00053018365,0.0017326175,0.44056597,-0.020703938,-0.00052326749,0.0017099704,0.43638357,0,0,0.01324003,0.0018318064,0.18062138,60.696801,1100.4868,1200,1226.3497,nan,nan,4.712389,1100,60,2027.606,-1091.0708,-13.004229,-11824.752,2.1110583,0.047149908,-2.6475896,1226.3497,0,0,0,0,0
77.1,284.11605,1106.2823,-1100.4646,-0.60582242,-56.695103,0.22003335,0.018896129,0.0096404824,-1.5823063,-0.0055081057,0.00075246588,0.0033221168,-0.020702185,-0.00051504768,0.0016830541,0.43972688,-0.020700754,-0.00050833055,0.0016610584,0.43559973,0,0,0.013234261,0.0017794017,0.18062647,60.698525,1100.4646,1200,1224.0159,nan,nan,4.712389,1100,60,2027.7257,-1091.1832,-12.632924,-11824.655,2.0507244,0.035639088,-2.5714428,1224.0159,0,0,0,0,0
77.2,284.0563,1100.6127,-1100.4428,-0.58851338,-56.696742,0.2154078,0.018356009,0.0097096324,-1.5819772,-0.0053508556,0.00075278328,0.0032271063,-0.020699087,-0.00050034729,0.0016349162,0.43889904,-0.020697726,-0.00049382347,0.0016135531,0.43482785,0,0,0.01322888,0.0017285045,0.18063075,60.699978,1100.4428,1200,1221.7134,nan,nan,4.712389,1100,60,2027.8271,-1091.2826,-12.27217,-11824.505,1.9921077,0.024703332,-2.497503,1221.7134,0,0,0,0,0
77.3,283.99825,1094.943,-1100.4215,-0.57169634,-56.698105,0.21079,0.017831331,0.0097791345,-1.5816576,-0.0051981004,0.00075259197,0.0031348273,-0.020696149,-0.00048606997,0.0015881626,0.43808257,-0.020694862,-0.00047973391,0.0015674137,0.43406803,0,0,0.0132239,0.001679071,0.18063423,60.701163,1100.4215,1200,1219.4424,nan,nan,4.712389,1100,60,2027.9105,-1091.3689,-11.921668,-11824.305,1.9351607,0.014324355,-2.4257062,1219.4424,0,0,0,0,0
77.4,283.94186,1089.2731,-1100.4006,-0.5553574,-56.699193,0.20618447,0.017321652,0.0098489195,-1.5813471,-0.0050497121,0.00075191772,0.0030452009,-0.020693379,-0.00047220356,0.0015427529,0.43727762,-0.020692169,-0.00046604984,0.0015226004,0.43332036,0,0,0.013219328,0.0016310585,0.18063692,60.702084,1100.4006,1200,1217.2035,nan,nan,4.712389,1100,60,2027.9762,-1091.4424,-11.581127,-11824.059,1.8798371,0.0044840463,-2.3559901,1217.2035,0,0,0,0,0
77.5,283.88708,1083.6031,-1100.3802,-0.5394831,-56.700012,0.20159545,0.016826543,0.009918922,-1.5810455,-0.0049055659,0.00075078552,0.00295815,-0.020690785,-0.00045873621,0.0014986484,0.4364843,-0.020689656,-0.00045275959,0.001479075,0.43258492,0,0,0.013215174,0.0015844258,0.18063885,60.702744,1100.3802,1200,1214.997,nan,nan,4.712389,1100,60,2028.0244,-1091.5029,-11.250263,-11823.768,1.8260917,-0.0048354981,-2.2882945,1214.997,0,0,0,0,0
77.6,283.83387,1077.9331,-1100.3603,-0.52406029,-56.700566,0.19702695,0.016345588,0.0099890802,-1.5807525,-0.0047655408,0.00074921964,0.0028735999,-0.020688375,-0.00044565641,0.001455811,0.43570273,-0.02068733,-0.00043985178,0.0014367999,0.43186178,0,0,0.013211446,0.0015391328,0.18064001,60.703148,1100.3603,1200,1212.8231,nan,nan,4.712389,1100,60,2028.0554,-1091.5506,-10.928803,-11823.435,1.7738806,-0.013651955,-2.2225606,1212.8231,0,0,0,0,0
77.7,283.78218,1072.263,-1100.3408,-0.50907625,-56.700859,0.19248275,0.015878381,0.010059335,-1.5804679,-0.004629519,0.0007472436,0.0027914782,-0.020686154,-0.00043295299,0.0014142042,0.43493303,-0.020685197,-0.00042731538,0.0013957391,0.431151,0,0,0.013208151,0.0014951405,0.18064041,60.703299,1100.3408,1200,1210.6821,nan,nan,4.712389,1100,60,2028.0693,-1091.5856,-10.616479,-11823.064,1.7231607,-0.021982749,-2.1587312,1210.6821,0,0,0,0,0
77.8,283.73196,1066.5929,-1100.3217,-0.49451856,-56.700895,0.18796639,0.015424528,0.010129632,-1.5801914,-0.004497386,0.00074488014,0.0027117144,-0.02068413,-0.00042061506,0.0013737921,0.43417527,-0.020683262,-0.00041513964,0.0013558572,0.43045266,0,0,0.013205295,0.0014524111,0.18064008,60.7032,1100.3217,1200,1208.5744,nan,nan,4.712389,1100,60,2028.0666,-1091.6079,-10.313032,-11822.655,1.6738903,-0.029845037,-2.096751,1208.5744,0,0,0,0,0
77.9,283.68319,1060.9229,-1100.3032,-0.48037518,-56.700678,0.1834812,0.014983647,0.010199918,-1.5799228,-0.0043690307,0.00074215132,0.0026342403,-0.020682308,-0.00040863206,0.0013345402,0.43342957,-0.020681532,-0.00040331414,0.0013171202,0.42976679,0,0,0.013202883,0.001410908,0.18063902,60.702856,1100.3032,1200,1206.5002,nan,nan,4.712389,1100,60,2028.0473,-1091.6177,-10.018211,-11822.212,1.6260287,-0.037255685,-2.0365659,1206.5002,0,0,0,0,0
78,283.63581,1055.2528,-1100.285,-0.4666344,-56.700214,0.1790303,0.014555367,0.010270145,-1.5796619,-0.0042443449,0.00073907842,0.0025589895,-0.020680694,-0.00039699371,0.0012964149,0.432696,-0.020680012,-0.00039182873,0.0012794947,0.42909344,0,0,0.013200922,0.0013705957,0.18063724,60.702271,1100.285,1200,1204.4597,nan,nan,4.712389,1100,60,2028.0118,-1091.6149,-9.7317703,-11821.737,1.5795361,-0.044231259,-1.9781237,1204.4597,0,0,0,0,0
78.1,283.58978,1049.5828,-1100.2673,-0.45328482,-56.699505,0.1746166,0.014139327,0.010340265,-1.5794084,-0.0041232237,0.00073568199,0.0024858976,-0.020679292,-0.00038569004,0.0012593835,0.43197463,-0.020678707,-0.00038067356,0.0012429488,0.42843266,0,0,0.013199415,0.0013314396,0.18063476,60.701449,1100.2673,1200,1202.4532,nan,nan,4.712389,1100,60,2027.9604,-1091.5999,-9.4534728,-11821.232,1.534374,-0.05078801,-1.9213735,1202.4532,0,0,0,0,0
78.2,283.54507,1043.9129,-1100.2501,-0.44031539,-56.698558,0.17024281,0.013735176,0.010410235,-1.5791622,-0.0040055649,0.0007319819,0.002414902,-0.020678106,-0.00037471133,0.0012234144,0.43126553,-0.020677619,-0.00036983906,0.001207451,0.42778446,0,0,0.013198365,0.0012934061,0.18063158,60.700393,1100.2501,1200,1200.4808,nan,nan,4.712389,1100,60,2027.8933,-1091.5726,-9.1830875,-11820.699,1.4905046,-0.05694186,-1.8662658,1200.4808,0,0,0,0,0
78.3,283.50164,1038.2431,-1100.2333,-0.42771533,-56.697375,0.16591146,0.013342574,0.010480015,-1.5789231,-0.0038912695,0.00072799725,0.0023459422,-0.020677141,-0.00036404818,0.0011884767,0.43056877,-0.020676754,-0.00035931594,0.0011729711,0.42714889,0,0,0.013197776,0.0012564628,0.18062772,60.699109,1100.2333,1200,1198.5426,nan,nan,4.712389,1100,60,2027.8109,-1091.5331,-8.9203902,-11820.139,1.4478915,-0.062708398,-1.8127527,1198.5426,0,0,0,0,0
78.4,283.45945,1032.5734,-1100.2169,-0.4154742,-56.695962,0.1616249,0.012961191,0.010549566,-1.5786907,-0.0037802411,0.0007237465,0.0022789592,-0.0206764,-0.00035369143,0.0011545407,0.4298844,-0.020676115,-0.00034909514,0.0011394796,0.42652595,0,0,0.013197651,0.0012205781,0.1806232,60.6976,1100.2169,1200,1196.6389,nan,nan,4.712389,1100,60,2027.7133,-1091.4817,-8.665163,-11819.556,1.4064989,-0.068102868,-1.7607877,1196.6389,0,0,0,0,0
78.5,283.41847,1026.9039,-1100.2009,-0.40358182,-56.694324,0.15738529,0.012590705,0.010618851,-1.578465,-0.003672386,0.00071924736,0.0022138957,-0.020675886,-0.00034363219,0.0011215774,0.42921246,-0.020675703,-0.00033916791,0.0011069479,0.42591566,0,0,0.01319799,0.0011857214,0.18061802,60.695869,1100.2009,1200,1194.7698,nan,nan,4.712389,1100,60,2027.6009,-1091.4185,-8.4171942,-11818.95,1.3662922,-0.073140166,-1.7103254,1194.7698,0,0,0,0,0
78.6,283.37867,1021.2346,-1100.1854,-0.39202832,-56.692463,0.15319464,0.012230804,0.010687837,-1.5782458,-0.0035676134,0.00071451691,0.0021506964,-0.020675602,-0.00033386182,0.0010895586,0.42855299,-0.020675523,-0.00032952572,0.0010753482,0.42531803,0,0,0.013198795,0.0011518629,0.18061219,60.693923,1100.1854,1200,1192.9354,nan,nan,4.712389,1100,60,2027.4739,-1091.3435,-8.1762782,-11818.325,1.3272376,-0.07783483,-1.661322,1192.9354,0,0,0,0,0
78.7,283.34,1015.5654,-1100.1702,-0.3808041,-56.690386,0.14905477,0.011881185,0.010756493,-1.5780328,-0.0034658348,0.00070957154,0.0020893072,-0.020675549,-0.00032437193,0.001058457,0.42790604,-0.020675576,-0.0003201603,0.0010446536,0.42473306,0,0,0.013200067,0.0011189738,0.18060573,60.691764,1100.1702,1200,1191.1357,nan,nan,4.712389,1100,60,2027.3327,-1091.257,-7.9422152,-11817.68,1.2893023,-0.082201041,-1.6137348,1191.1357,0,0,0,0,0
78.8,283.30244,1009.8965,-1100.1555,-0.36989982,-56.688096,0.14496738,0.011541555,0.010824789,-1.5778258,-0.0033669645,0.00070442697,0.0020296759,-0.020675731,-0.00031515439,0.0010282461,0.42727162,-0.020675863,-0.00031106359,0.001014838,0.42416075,0,0,0.013201805,0.001087026,0.18059866,60.689397,1100.1555,1200,1189.371,nan,nan,4.712389,1100,60,2027.1775,-1091.1591,-7.7148111,-11817.019,1.2524543,-0.086252621,-1.5675223,1189.371,0,0,0,0,0
78.9,283.26596,1004.2278,-1100.1412,-0.35930641,-56.685599,0.140934,0.011211626,0.010892698,-1.5776248,-0.0032709191,0.00069909831,0.0019717518,-0.020676148,-0.00030620127,0.00099890017,0.42664976,-0.020676386,-0.00030222781,0.00098587589,0.4236011,0,0,0.01320401,0.0010559924,0.18059098,60.686826,1100.1412,1200,1187.6411,nan,nan,4.712389,1100,60,2027.0086,-1091.05,-7.4938772,-11816.342,1.2166627,-0.090003025,-1.5226445,1187.6411,0,0,0,0,0
79,283.23052,998.55938,-1100.1273,-0.34901505,-56.682898,0.13695602,0.010891122,0.010960194,-1.5774296,-0.0031776176,0.00069360003,0.0019154854,-0.020676802,-0.0002975049,0.00097039424,0.42604047,-0.020677147,-0.00029364537,0.00095774272,0.42305408,0,0,0.01320668,0.0010258466,0.18058271,60.684056,1100.1273,1200,1185.9462,nan,nan,4.712389,1100,60,2026.8263,-1090.9297,-7.2792303,-11815.651,1.1818972,-0.093465346,-1.4790623,1185.9462,0,0,0,0,0
79.1,283.19609,992.89122,-1100.1138,-0.33901719,-56.679998,0.1330347,0.010579772,0.011027255,-1.5772399,-0.0030869813,0.00068794598,0.0018608291,-0.020677693,-0.00028905783,0.00094270405,0.42544377,-0.020678145,-0.00028530892,0.00093041453,0.42251969,0,0,0.013209814,0.00099656294,0.18057385,60.68109,1100.1138,1200,1184.2863,nan,nan,4.712389,1100,60,2026.631,-1090.7986,-7.0706924,-11814.948,1.1481285,-0.096652316,-1.4367378,1184.2863,0,0,0,0,0
79.2,283.16265,987.22337,-1100.1007,-0.32930449,-56.676903,0.12917116,0.010277316,0.011093857,-1.5770556,-0.0029989338,0.00068214944,0.0018077362,-0.020678823,-0.0002808528,0.00091580606,0.42485965,-0.020679382,-0.0002772113,0.00090386809,0.4219979,0,0,0.013213409,0.00096811661,0.18056443,60.677934,1100.1007,1200,1182.6614,nan,nan,4.712389,1100,60,2026.4227,-1090.6568,-6.8680905,-11814.234,1.115328,-0.099576301,-1.3956343,1182.6614,0,0,0,0,0
79.3,283.13017,981.55583,-1100.088,-0.31986886,-56.673619,0.12536641,0.0099834975,0.011159982,-1.5768766,-0.002913401,0.00067622306,0.0017561617,-0.02068019,-0.0002728828,0.00088967741,0.42428813,-0.020680856,-0.00026934558,0.00087808086,0.42148868,0,0,0.013217465,0.00094048346,0.18055446,60.674591,1100.088,1200,1181.0715,nan,nan,4.712389,1100,60,2026.202,-1090.5043,-6.6712565,-11813.51,1.0834679,-0.10224931,-1.3557161,1181.0715,0,0,0,0,0
79.4,283.09862,975.88863,-1100.0756,-0.31070243,-56.670149,0.12162131,0.0096980704,0.01122561,-1.5767028,-0.0028303106,0.00067017896,0.0017060619,-0.020681796,-0.000265141,0.00086429593,0.42372919,-0.020682569,-0.00026170504,0.00085303095,0.420992,0,0,0.013221977,0.00091364007,0.18054394,60.671066,1100.0756,1200,1179.5166,nan,nan,4.712389,1100,60,2025.969,-1090.3416,-6.4800271,-11812.778,1.0525214,-0.10468299,-1.3169486,1179.5166,0,0,0,0,0
79.5,283.06798,970.22179,-1100.0636,-0.30179757,-56.666498,0.11793665,0.0094207946,0.011290725,-1.5765338,-0.0027495927,0.00066402869,0.0016573942,-0.020683639,-0.00025762077,0.00083964007,0.42318282,-0.020684519,-0.00025428312,0.0008286971,0.42050784,0,0,0.013226942,0.00088756368,0.1805329,60.667363,1100.0636,1200,1177.9967,nan,nan,4.712389,1100,60,2025.7241,-1090.1686,-6.2942435,-11812.038,1.0224621,-0.10688863,-1.2792982,1177.9967,0,0,0,0,0
79.6,283.03821,964.55532,-1100.052,-0.29314684,-56.66267,0.11431308,0.0091514369,0.011355311,-1.5763697,-0.0026711793,0.00065778327,0.0016101174,-0.02068572,-0.00025031567,0.00081568892,0.42264901,-0.020686706,-0.00024707349,0.0008050587,0.42003614,0,0,0.013232358,0.00086223223,0.18052134,60.663486,1100.052,1200,1176.5117,nan,nan,4.712389,1100,60,2025.4675,-1089.9856,-6.1137517,-11811.293,0.99326457,-0.10887718,-1.2427322,1176.5117,0,0,0,0,0
79.7,283.0093,958.88924,-1100.0407,-0.28474303,-56.658671,0.11075115,0.0088897709,0.011419354,-1.5762103,-0.0025950042,0.0006514532,0.0015641914,-0.020688036,-0.00024321948,0.00079242221,0.42212774,-0.020689129,-0.00024006999,0.00078209572,0.41957688,0,0,0.01323822,0.00083762429,0.18050927,60.65944,1100.0407,1200,1175.0615,nan,nan,4.712389,1100,60,2025.1996,-1089.7928,-5.9384017,-11810.543,0.9649041,-0.11065923,-1.2072191,1175.0615,0,0,0,0,0
79.8,282.98121,953.22357,-1100.0298,-0.27657912,-56.654503,0.10725133,0.0086355766,0.011482841,-1.5760555,-0.0025210034,0.00064504845,0.0015195774,-0.020690588,-0.00023632611,0.0007698202,0.42161898,-0.020691786,-0.00023326663,0.00075978871,0.41912999,0,0,0.013244523,0.00081371906,0.18049672,60.655229,1100.0298,1200,1173.6462,nan,nan,4.712389,1100,60,2024.9206,-1089.5903,-5.7680479,-11809.789,0.93735659,-0.11224503,-1.172728,1173.6462,0,0,0,0,0
79.9,282.95394,947.55833,-1100.0193,-0.2686483,-56.650173,0.10381397,0.0083886404,0.011545761,-1.575905,-0.0024491146,0.00063857851,0.0014762376,-0.020693373,-0.0002296297,0.00074786379,0.4211227,-0.020694676,-0.00022665762,0.0007381188,0.41869544,0,0,0.013251264,0.00079049633,0.18048369,60.650856,1100.0193,1200,1172.2656,nan,nan,4.712389,1100,60,2024.6308,-1089.3785,-5.6025489,-11809.032,0.91059867,-0.11364449,-1.1392293,1172.2656,0,0,0,0,0
80,282.92744,941.89352,-1100.009,-0.26094395,-56.645683,0.10043936,0.0081487549,0.011608103,-1.5757589,-0.0023792772,0.00063205241,0.0014341354,-0.020696389,-0.00022312454,0.0007265344,0.42063887,-0.020697796,-0.00022023731,0.00071706768,0.41827316,0,0,0.013258437,0.00076793651,0.18047019,60.646328,1100.009,1200,1170.9196,nan,nan,4.712389,1100,60,2024.3305,-1089.1574,-5.4417673,-11808.273,0.88460763,-0.11486719,-1.1066939,1170.9196,0,0,0,0,0
80.1,282.9017,936.22917,-1099.9992,-0.25345962,-56.641039,0.097127683,0.0079157185,0.011669858,-1.5756169,-0.0023114324,0.00062547869,0.0013932351,-0.020699636,-0.00021680507,0.000705814,0.42016746,-0.020701146,-0.00021400024,0.00069661754,0.4178631,0,0,0.013266037,0.00074602056,0.18045624,60.641646,1099.9992,1200,1169.6081,nan,nan,4.712389,1100,60,2024.0199,-1088.9273,-5.2855693,-11807.514,0.85936139,-0.11592238,-1.0750938,1169.6081,0,0,0,0,0
80.2,282.8767,930.56529,-1099.9896,-0.24618907,-56.636245,0.093879054,0.0076893354,0.011731018,-1.575479,-0.0022455232,0.00061886545,0.0013535023,-0.020703111,-0.00021066591,0.00068568509,0.41970842,-0.020704723,-0.00020794111,0.00067675113,0.4174652,0,0,0.013274059,0.00072473,0.18044185,60.636817,1099.9896,1200,1168.3311,nan,nan,4.712389,1100,60,2023.6995,-1088.6883,-5.1338253,-11806.754,0.83483851,-0.11681898,-1.0444018,1168.3311,0,0,0,0,0
80.3,282.85242,924.9019,-1099.9804,-0.23912621,-56.631304,0.090693509,0.0074694156,0.011791576,-1.575345,-0.002181494,0.00061222037,0.0013149033,-0.020706811,-0.00020470186,0.00066613067,0.41926171,-0.020708524,-0.00020205475,0.00065745167,0.4170794,0,0,0.013282496,0.00070404689,0.18042703,60.631844,1099.9804,1200,1167.0883,nan,nan,4.712389,1100,60,2023.3694,-1088.4407,-4.986409,-11805.995,0.81101817,-0.11756561,-1.0145913,1167.0883,0,0,0,0,0
80.4,282.82884,919.23901,-1099.9714,-0.23226514,-56.626223,0.087571012,0.0072557744,0.011851525,-1.5752148,-0.0021192912,0.00060555069,0.0012774058,-0.020710734,-0.00019890783,0.00064713425,0.41882728,-0.020712547,-0.00019633617,0.00063870289,0.41670563,0,0,0.013291342,0.0006839538,0.18041179,60.626731,1099.9714,1200,1165.8797,nan,nan,4.712389,1100,60,2023.0299,-1088.1846,-4.8431979,-11805.237,0.78788014,-0.11817057,-0.98563689,1165.8797,0,0,0,0,0
80.5,282.80593,913.57664,-1099.9628,-0.22560013,-56.621003,0.084511461,0.0070482324,0.011910859,-1.5750884,-0.0020588623,0.00059886326,0.0012409779,-0.020714878,-0.00019327891,0.0006286798,0.41840507,-0.020716789,-0.00019078052,0.00062048897,0.41634381,0,0,0.013300593,0.00066443384,0.18039616,60.621482,1099.9628,1200,1164.7051,nan,nan,4.712389,1100,60,2022.6814,-1087.9204,-4.7040729,-11804.482,0.76540477,-0.11864184,-0.9575135,1164.7051,0,0,0,0,0
80.6,282.78368,907.91479,-1099.9545,-0.21912558,-56.615651,0.081514691,0.0068466153,0.011969576,-1.5749656,-0.0020001566,0.00059216453,0.0012055892,-0.020719239,-0.00018781033,0.00061075178,0.41799504,-0.020721248,-0.00018538309,0.00060279458,0.41599389,0,0,0.013310239,0.00064547056,0.18038013,60.616102,1099.9545,1200,1163.5644,nan,nan,4.712389,1100,60,2022.324,-1087.6481,-4.5689182,-11803.729,0.74357297,-0.11898713,-0.93019701,1163.5644,0,0,0,0,0
80.7,282.76206,902.25349,-1099.9465,-0.21283609,-56.61017,0.078580476,0.006650754,0.01202767,-1.5748463,-0.0019431248,0.00058546058,0.0011712096,-0.020723815,-0.00018249744,0.00059333508,0.41759711,-0.020725919,-0.00018013929,0.00058560481,0.41565577,0,0,0.013320276,0.00062704804,0.18036372,60.610594,1099.9465,1200,1162.4573,nan,nan,4.712389,1100,60,2021.9581,-1087.3679,-4.4376212,-11802.98,0.7223662,-0.11921384,-0.90366399,1162.4573,0,0,0,0,0
80.8,282.74107,896.59273,-1099.9388,-0.2067264,-56.604563,0.075708534,0.0064604841,0.012085139,-1.5747303,-0.001887719,0.00057875714,0.0011378104,-0.020728602,-0.00017733576,0.00057641505,0.41721124,-0.020730801,-0.00017504471,0.0005689052,0.41532939,0,0,0.013330696,0.00060915078,0.18034695,60.604963,1099.9388,1200,1161.3838,nan,nan,4.712389,1100,60,2021.584,-1087.0802,-4.3100728,-11802.235,0.70176645,-0.1193291,-0.87789168,1161.3838,0,0,0,0,0
80.9,282.72068,890.93255,-1099.9314,-0.20079137,-56.598836,0.072898529,0.0062756459,0.012141981,-1.5746177,-0.0018338926,0.00057205956,0.0011053634,-0.020733597,-0.00017232091,0.00055997744,0.41683735,-0.020735889,-0.00017009502,0.00055268171,0.41501467,0,0,0.013341492,0.00059176375,0.18032982,60.599213,1099.9314,1200,1160.3436,nan,nan,4.712389,1100,60,2021.2018,-1086.7851,-4.1861666,-11801.494,0.68175625,-0.11933974,-0.852858,1160.3436,0,0,0,0,0
81,282.70088,885.27294,-1099.9242,-0.19502605,-56.592993,0.070150079,0.0060960843,0.012198193,-1.5745084,-0.0017816004,0.00056537287,0.0010738414,-0.020738797,-0.00016744866,0.00054400844,0.41647537,-0.02074118,-0.00016528605,0.00053692068,0.41471152,0,0,0.013352657,0.00057487236,0.18031235,60.593347,1099.9242,1200,1159.3366,nan,nan,4.712389,1100,60,2020.812,-1086.4827,-4.0657994,-11800.759,0.6623186,-0.11925234,-0.82854152,1159.3366,0,0,0,0,0
81.1,282.68164,879.61392,-1099.9173,-0.1894256,-56.587036,0.067462752,0.0059216487,0.012253776,-1.5744021,-0.0017307986,0.00055870178,0.0010432178,-0.020744198,-0.00016271489,0.00052849463,0.41612525,-0.020746671,-0.00016061374,0.00052160888,0.41441985,0,0,0.013364183,0.00055846244,0.18029455,60.58737,1099.9173,1200,1158.3625,nan,nan,4.712389,1100,60,2020.4147,-1086.1734,-3.9488709,-11800.03,0.64343702,-0.11907321,-0.80492145,1158.3625,0,0,0,0,0
81.2,282.66296,873.95551,-1099.9107,-0.18398532,-56.580972,0.064836074,0.0057521928,0.012308729,-1.5742989,-0.0016814446,0.0005520507,0.0010134669,-0.020749796,-0.00015811562,0.00051342296,0.41578689,-0.020752357,-0.00015607415,0.00050673345,0.41413959,0,0,0.013376063,0.0005425202,0.18027643,60.581286,1099.9107,1200,1157.4211,nan,nan,4.712389,1100,60,2020.0102,-1085.8572,-3.8352836,-11799.306,0.62509549,-0.11880839,-0.7819776,1157.4211,0,0,0,0,0
81.3,282.64481,868.2977,-1099.9043,-0.17870067,-56.574802,0.062269531,0.0055875744,0.012363051,-1.5741986,-0.001633497,0.00054542371,0.00098456379,-0.020755589,-0.00015364697,0.00049878079,0.41546023,-0.020758236,-0.00015166346,0.00049228189,0.41387063,0,0,0.013388288,0.0005270323,0.18025801,60.575098,1099.9043,1200,1156.5123,nan,nan,4.712389,1100,60,2019.5989,-1085.5345,-3.7249427,-11798.59,0.60727845,-0.11846368,-0.7596904,1156.5123,0,0,0,0,0
81.4,282.62719,862.64052,-1099.8982,-0.1735672,-56.568532,0.059762572,0.0054276556,0.012416744,-1.5741012,-0.0015869155,0.00053882462,0.00095648419,-0.020761571,-0.00014930517,0.00048455582,0.41514518,-0.020764303,-0.00014737797,0.0004782421,0.41361289,0,0,0.013400852,0.00051198574,0.18023928,60.56881,1099.8982,1200,1155.6358,nan,nan,4.712389,1100,60,2019.1808,-1085.2054,-3.6177563,-11797.88,0.58997081,-0.11804463,-0.73804083,1155.6358,0,0,0,0,0
81.5,282.61007,856.98397,-1099.8924,-0.16858061,-56.562165,0.057314609,0.005272302,0.012469809,-1.5740065,-0.0015416611,0.00053225699,0.00092920456,-0.020767738,-0.00014508658,0.00047073613,0.41484167,-0.020770553,-0.00014321406,0.00046460228,0.41336628,0,0,0.013413746,0.00049736793,0.18022027,60.562427,1099.8924,1200,1154.7914,nan,nan,4.712389,1100,60,2018.7564,-1084.8701,-3.5136347,-11797.177,0.57315789,-0.11755655,-0.71701045,1154.7914,0,0,0,0,0
81.6,282.59344,851.32806,-1099.8867,-0.16373671,-56.555705,0.054925025,0.0051213836,0.012522247,-1.5739146,-0.0014976959,0.00052572407,0.00090270201,-0.020774088,-0.00014098766,0.00045731013,0.41454961,-0.020776984,-0.00013916824,0.00045135101,0.4131307,0,0,0.013426962,0.00048316662,0.18020099,60.555951,1099.8867,1200,1153.9788,nan,nan,4.712389,1100,60,2018.3258,-1084.5289,-3.412491,-11796.482,0.55682546,-0.11700454,-0.69658136,1153.9788,0,0,0,0,0
81.7,282.5773,845.6728,-1099.8814,-0.15903144,-56.549155,0.05259317,0.0049747738,0.01257406,-1.5738253,-0.0014549832,0.00051922889,0.00087695435,-0.020780615,-0.00013700497,0.00044426657,0.41426891,-0.02078359,-0.00013523713,0.00043847718,0.41290606,0,0,0.013440492,0.00046936991,0.18018145,60.549387,1099.8814,1200,1153.1979,nan,nan,4.712389,1100,60,2017.8894,-1084.1819,-3.3142408,-11795.796,0.54095969,-0.11639345,-0.67673617,1153.1979,0,0,0,0,0
81.8,282.56161,840.0182,-1099.8762,-0.15446086,-56.542521,0.05031837,0.0048323496,0.012625251,-1.5737385,-0.001413487,0.00051277423,0.00085194001,-0.020787316,-0.00013313516,0.00043159451,0.41399949,-0.020790368,-0.00013141742,0.00042597,0.41269224,0,0,0.013454327,0.00045596628,0.18016165,60.542739,1099.8762,1200,1152.4483,nan,nan,4.712389,1100,60,2017.4473,-1083.8293,-3.2188019,-11795.117,0.52554714,-0.11572792,-0.65745803,1152.4483,0,0,0,0,0
81.9,282.54638,834.36426,-1099.8713,-0.15002112,-56.535804,0.048099924,0.0046939917,0.012675823,-1.5736542,-0.0013731727,0.00050636265,0.00082763804,-0.020794186,-0.000129375,0.00041928334,0.41374126,-0.020797312,-0.00012770592,0.00041381902,0.41248916,0,0,0.01346846,0.00044294449,0.18014162,60.536009,1099.8713,1200,1151.7298,nan,nan,4.712389,1100,60,2016.9998,-1083.4714,-3.1260944,-11794.447,0.51057478,-0.11501238,-0.63873057,1151.7298,0,0,0,0,0
82,282.53158,828.711,-1099.8666,-0.14570849,-56.52901,0.045937108,0.0045595841,0.012725778,-1.5735723,-0.0013340066,0.00049999648,0.0008040281,-0.02080122,-0.00012572134,0.00040732277,0.41349412,-0.02080442,-0.00012409954,0.00040201405,0.41229671,0,0,0.013482882,0.00043029366,0.18012135,60.529203,1099.8666,1200,1151.0423,nan,nan,4.712389,1100,60,2016.5472,-1083.1083,-3.0360409,-11793.786,0.49602995,-0.11425105,-0.62053789,1151.0423,0,0,0,0,0
82.1,282.51721,823.05843,-1099.8621,-0.14151935,-56.522141,0.043829179,0.0044290141,0.01277512,-1.5734928,-0.0012959558,0.00049367784,0.00078109044,-0.020808415,-0.00012217114,0.00039570278,0.41325798,-0.020811686,-0.00012059524,0.00039054522,0.41211479,0,0,0.013497584,0.00041800321,0.18010087,60.522322,1099.8621,1200,1150.3853,nan,nan,4.712389,1100,60,2016.0897,-1082.7403,-2.948566,-11793.133,0.48190036,-0.11344796,-0.60286458,1150.3853,0,0,0,0,0
82.2,282.50325,817.40654,-1099.8578,-0.13745019,-56.515201,0.041775373,0.0043021723,0.012823853,-1.5734155,-0.0012589886,0.00048740865,0.00075880587,-0.020815766,-0.00011872142,0.00038441365,0.41303274,-0.020819106,-0.00011719012,0.00037940294,0.4119433,0,0,0.013512558,0.00040606288,0.18008018,60.515372,1099.8578,1200,1149.7586,nan,nan,4.712389,1100,60,2015.6275,-1082.3675,-2.8635963,-11792.49,0.46817406,-0.11260695,-0.58569568,1149.7586,0,0,0,0,0
82.3,282.4897,811.75536,-1099.8537,-0.13349757,-56.508194,0.039774911,0.0041789523,0.01287198,-1.5733405,-0.001223074,0.00048119065,0.00073715577,-0.020823268,-0.00011536931,0.00037344594,0.41281831,-0.020826676,-0.00011388133,0.00036857789,0.41178212,0,0,0.013527796,0.00039446267,0.18005929,60.508354,1099.8537,1200,1149.162,nan,nan,4.712389,1100,60,2015.1608,-1081.9901,-2.7810608,-11791.856,0.45483946,-0.11173166,-0.56901665,1149.162,0,0,0,0,0
82.4,282.47653,806.10487,-1099.8498,-0.12965818,-56.501123,0.037826999,0.0040592509,0.012919506,-1.5732676,-0.001188182,0.00047502539,0.00071612205,-0.020830917,-0.00011211202,0.00036279048,0.41261458,-0.02083439,-0.00011066612,0.00035806102,0.41163115,0,0,0.013543289,0.00038319289,0.18003821,60.501274,1099.8498,1200,1148.5952,nan,nan,4.712389,1100,60,2014.69,-1081.6084,-2.7008902,-11791.232,0.44188532,-0.11082555,-0.55281339,1148.5952,0,0,0,0,0
82.5,282.46374,800.4551,-1099.8461,-0.12592879,-56.493992,0.035930829,0.0039429677,0.012966435,-1.5731967,-0.0011542834,0.00046891424,0.00069568711,-0.020838709,-0.00010894683,0.00035243837,0.41242146,-0.020842245,-0.00010754182,0.00034784356,0.41149028,0,0,0.013559029,0.00037224415,0.18001695,60.494133,1099.8461,1200,1148.0579,nan,nan,4.712389,1100,60,2014.2152,-1081.2224,-2.6230174,-11790.617,0.4293007,-0.10989193,-0.53707221,1148.0579,0,0,0,0,0
82.6,282.45132,794.80604,-1099.8426,-0.12230625,-56.486803,0.034085582,0.0038300054,0.013012771,-1.5731279,-0.0011213499,0.00046285843,0.00067583391,-0.020846639,-0.00010587112,0.00034238097,0.41223884,-0.020850236,-0.00010450582,0.00033791695,0.4113594,0,0,0.013575006,0.00036160728,0.17999553,60.486937,1099.8426,1200,1147.5498,nan,nan,4.712389,1100,60,2013.7367,-1080.8326,-2.5473769,-11790.012,0.41707499,-0.1089339,-0.52177983,1147.5498,0,0,0,0,0
82.7,282.43926,789.1577,-1099.8393,-0.11878753,-56.479561,0.032290429,0.0037202692,0.01305852,-1.5730611,-0.0010893541,0.00045685901,0.00065654585,-0.020854701,-0.00010288233,0.00033260986,0.41206661,-0.020858357,-0.0001015556,0.00032827292,0.4112384,0,0,0.013591213,0.00035127341,0.17997395,60.479687,1099.8393,1200,1147.0707,nan,nan,4.712389,1100,60,2013.2547,-1080.4389,-2.4739053,-11789.417,0.40519789,-0.10795444,-0.50692335,1147.0707,0,0,0,0,0
82.8,282.42754,783.51009,-1099.8362,-0.11536966,-56.472269,0.030544533,0.0036136671,0.013103685,-1.5729962,-0.0010582691,0.0004509169,0.00063780683,-0.020862893,-9.997797e-05,0.0003231169,0.41190468,-0.020866606,-9.8688721e-05,0.00031890342,0.41112716,0,0,0.01360764,0.00034123391,0.17995222,60.472387,1099.8362,1200,1146.6201,nan,nan,4.712389,1100,60,2012.7693,-1080.0416,-2.402541,-11788.832,0.39365939,-0.10695635,-0.49249024,1146.6201,0,0,0,0,0
82.9,282.41616,777.86321,-1099.8332,-0.11204976,-56.46493,0.028847048,0.0035101099,0.013148272,-1.5729331,-0.0010280691,0.00044503287,0.00061960123,-0.020871208,-9.7155644e-05,0.00031389416,0.41175294,-0.020874976,-9.5902804e-05,0.00030980061,0.41102558,0,0,0.013624279,0.0003314804,0.17993035,60.465041,1099.8332,1200,1146.198,nan,nan,4.712389,1100,60,2012.2809,-1079.6409,-2.3332239,-11788.257,0.38244978,-0.10594227,-0.47846835,1146.198,0,0,0,0,0
83,282.40511,772.21707,-1099.8304,-0.10882504,-56.457547,0.027197125,0.0034095106,0.013192287,-1.5728718,-0.00099872877,0.00043920757,0.00060191383,-0.020879643,-9.441301e-05,0.00030493395,0.41161127,-0.020883463,-9.319554e-05,0.00030095692,0.41093354,0,0,0.013641123,0.00032200474,0.17990836,60.457651,1099.8304,1200,1145.8038,nan,nan,4.712389,1100,60,2011.7896,-1079.237,-2.2658957,-11787.691,0.37155963,-0.10491472,-0.46484588,1145.8038,0,0,0,0,0
83.1,282.39438,766.57167,-1099.8277,-0.10569278,-56.450123,0.025593909,0.0033117851,0.013235733,-1.5728123,-0.00097022366,0.00043344151,0.0005847299,-0.020888192,-9.1747797e-05,0.00029622878,0.41147957,-0.020892063,-9.0564691e-05,0.00029236495,0.41085092,0,0,0.013658161,0.00031279902,0.17988624,60.450221,1099.8277,1200,1145.4374,nan,nan,4.712389,1100,60,2011.2957,-1078.83,-2.2004999,-11787.136,0.36097977,-0.10387606,-0.45161137,1145.4374,0,0,0,0,0
83.2,282.38396,760.92701,-1099.8253,-0.10265034,-56.442661,0.024036543,0.0032168513,0.013278617,-1.5727545,-0.00094253,0.0004277351,0.00056803509,-0.020896851,-8.9157801e-05,0.00028777139,0.41135773,-0.020900771,-8.800808e-05,0.00028401755,0.41077762,0,0,0.013675385,0.00030385557,0.17986401,60.442753,1099.8253,1200,1145.0984,nan,nan,4.712389,1100,60,2010.7993,-1078.4202,-2.1369814,-11786.591,0.35070132,-0.10282851,-0.4387537,1145.0984,0,0,0,0,0
83.3,282.37383,755.2831,-1099.8229,-0.099695161,-56.435165,0.022524166,0.0031246298,0.013320944,-1.5726983,-0.00091562466,0.00042208863,0.00055181549,-0.020905616,-8.6640882e-05,0.00027955474,0.41124563,-0.020909582,-8.5523597e-05,0.00027590774,0.4107135,0,0,0.013692788,0.00029516692,0.17984169,60.435252,1099.8229,1200,1144.7866,nan,nan,4.712389,1100,60,2010.3007,-1078.0077,-2.0752868,-11786.056,0.34071564,-0.10177418,-0.42626207,1144.7866,0,0,0,0,0
83.4,282.364,749.63994,-1099.8207,-0.096824745,-56.427638,0.021055918,0.0030350432,0.01336272,-1.5726437,-0.0008894852,0.00041650228,0.00053605757,-0.020914482,-8.4194961e-05,0.00027157197,0.41114317,-0.020918492,-8.310919e-05,0.00026802878,0.41065846,0,0,0.013710361,0.00028672582,0.17981927,60.427719,1099.8207,1200,1144.5015,nan,nan,4.712389,1100,60,2009.8,-1077.5927,-2.0153641,-11785.531,0.33101434,-0.10071504,-0.414126,1144.5015,0,0,0,0,0
83.5,282.35445,743.99754,-1099.8187,-0.094036674,-56.420082,0.019630938,0.0029480164,0.013403948,-1.5725907,-0.00086408983,0.00041097615,0.00052074819,-0.020923444,-8.1818022e-05,0.00026381643,0.41105023,-0.020927496,-8.0762869e-05,0.0002603741,0.41061238,0,0,0.013728094,0.00027852523,0.17979676,60.420158,1099.8187,1200,1144.243,nan,nan,4.712389,1100,60,2009.2975,-1077.1753,-1.9571628,-11785.016,0.32158928,-0.099652936,-0.4023353,1144.243,0,0,0,0,0
83.6,282.34518,738.35589,-1099.8168,-0.091328596,-56.4125,0.018248368,0.0028634764,0.013444637,-1.5725392,-0.00083941736,0.00040551024,0.0005058746,-0.020932497,-7.9508104e-05,0.00025628164,0.41096669,-0.02093659,-7.84827e-05,0.0002529373,0.41057513,0,0,0.013745981,0.00027055831,0.17977418,60.412572,1099.8168,1200,1144.0106,nan,nan,4.712389,1100,60,2008.7933,-1076.7559,-1.9006337,-11784.511,0.31243255,-0.098589605,-0.3908801,1144.0106,0,0,0,0,0
83.7,282.33617,732.715,-1099.815,-0.088698227,-56.404896,0.01690735,0.0027813525,0.013484789,-1.5724892,-0.00081544722,0.00040010445,0.0004914244,-0.020941637,-7.7263305e-05,0.00024896135,0.41089245,-0.020945768,-7.6266805e-05,0.0002457122,0.41054661,0,0,0.013764012,0.00026281842,0.17975154,60.404963,1099.815,1200,1143.8041,nan,nan,4.712389,1100,60,2008.2877,-1076.3344,-1.8457294,-11784.016,0.30353648,-0.097526669,-0.3797508,1143.8041,0,0,0,0,0
83.8,282.32742,727.07487,-1099.8134,-0.086143347,-56.397271,0.015607029,0.0027015756,0.013524412,-1.5724406,-0.00079215943,0.00039475863,0.00047738555,-0.02095086,-7.5081777e-05,0.00024184943,0.41082738,-0.020955027,-7.4113362e-05,0.00023869278,0.41052668,0,0,0.013782179,0.0002552991,0.17972883,60.397335,1099.8134,1200,1143.623,nan,nan,4.712389,1100,60,2007.7808,-1075.9111,-1.7924033,-11783.531,0.29489361,-0.096465645,-0.36893807,1143.623,0,0,0,0,0
83.9,282.31893,721.43551,-1099.8119,-0.083661798,-56.38963,0.014346554,0.002624079,0.013563511,-1.5723935,-0.00076953457,0.00038947252,0.00046374636,-0.020960161,-7.2961726e-05,0.00023493997,0.41077137,-0.020964362,-7.2020599e-05,0.00023187318,0.41051524,0,0,0.013800474,0.00024799407,0.17970608,60.38969,1099.8119,1200,1143.4672,nan,nan,4.712389,1100,60,2007.2729,-1075.4862,-1.7406105,-11783.056,0.28649669,-0.095407944,-0.35843288,1143.4672,0,0,0,0,0
84,282.31067,715.79691,-1099.8105,-0.081251487,-56.381974,0.01312508,0.0025487976,0.013602091,-1.5723476,-0.00074755379,0.00038424583,0.00045049545,-0.020969535,-7.0901409e-05,0.0002282272,0.4107243,-0.020973768,-6.9986798e-05,0.00022524772,0.41051215,0,0,0.013818889,0.00024089725,0.17968329,60.38203,1099.8105,1200,1143.3363,nan,nan,4.712389,1100,60,2006.764,-1075.0598,-1.6903072,-11782.591,0.27833871,-0.094354879,-0.34822644,1143.3363,0,0,0,0,0
84.1,282.30266,710.15907,-1099.8093,-0.078910375,-56.374307,0.011941765,0.0024756683,0.013640158,-1.5723031,-0.00072619877,0.00037907817,0.00043762179,-0.020978978,-6.8899135e-05,0.00022170555,0.41068606,-0.020983241,-6.8010288e-05,0.0002188109,0.41051731,0,0,0.013837416,0.00023400272,0.17966046,60.374359,1099.8093,1200,1143.23,nan,nan,4.712389,1100,60,2006.2544,-1074.6321,-1.6414509,-11782.135,0.27041282,-0.09330767,-0.33831021,1143.23,0,0,0,0,0
84.2,282.29488,704.52201,-1099.8081,-0.076636487,-56.36663,0.010795773,0.0024046297,0.013677717,-1.5722598,-0.00070545171,0.00037396912,0.00042511466,-0.020988485,-6.6953259e-05,0.00021536957,0.41065652,-0.020992777,-6.6089447e-05,0.00021255733,0.41053058,0,0,0.013856047,0.00022730472,0.1796376,60.36668,1099.8081,1200,1143.1478,nan,nan,4.712389,1100,60,2005.7443,-1074.2032,-1.5940004,-11781.69,0.2627124,-0.092267445,-0.32867592,1143.1478,0,0,0,0,0
84.3,282.28732,698.88571,-1099.8071,-0.0744279,-56.358947,0.0096862765,0.0023356224,0.013714774,-1.5722178,-0.00068529532,0.00036891817,0.00041296364,-0.020998053,-6.5062187e-05,0.00020921399,0.41063556,-0.02100237,-6.4222701e-05,0.00020648182,0.41055184,0,0,0.013874774,0.00022079767,0.17961473,60.358994,1099.8071,1200,1143.0896,nan,nan,4.712389,1100,60,2005.2338,-1073.7734,-1.5479153,-11781.253,0.25523102,-0.091235243,-0.31931551,1143.0896,0,0,0,0,0
84.4,282.27998,693.25018,-1099.8062,-0.072282746,-56.35126,0.0086124529,0.0022685883,0.013751334,-1.572177,-0.00066571281,0.0003639248,0.00040115861,-0.021007676,-6.3224367e-05,0.00020323368,0.41062307,-0.021012017,-6.240852e-05,0.00020057931,0.41058098,0,0,0.013893589,0.00021447614,0.17959184,60.351304,1099.8062,1200,1143.0549,nan,nan,4.712389,1100,60,2004.7231,-1073.3427,-1.5031568,-11780.827,0.24796241,-0.090212024,-0.31022119,1143.0549,0,0,0,0,0
84.5,282.27285,687.61542,-1099.8054,-0.070199213,-56.343572,0.0075734881,0.0022034712,0.013787403,-1.5721373,-0.00064668786,0.00035898843,0.00038968974,-0.02101735,-6.1438294e-05,0.00019742366,0.41061893,-0.021021714,-6.0645417e-05,0.00019484487,0.41061787,0,0,0.013912484,0.00020833486,0.17956895,60.343613,1099.8054,1200,1143.0434,nan,nan,4.712389,1100,60,2004.2123,-1072.9113,-1.4596868,-11780.41,0.24090051,-0.089198666,-0.30138535,1143.0434,0,0,0,0,0
84.6,282.26593,681.98143,-1099.8047,-0.068175538,-56.335885,0.0065685759,0.0021402166,0.013822986,-1.5720988,-0.00062820462,0.00035410841,0.00037854748,-0.021027071,-5.9702506e-05,0.00019177909,0.41062302,-0.021031455,-5.893195e-05,0.00018927374,0.41066239,0,0,0.013931452,0.0002023687,0.17954607,60.335924,1099.8047,1200,1143.0548,nan,nan,4.712389,1100,60,2003.7017,-1072.4793,-1.4174687,-11780.002,0.23403941,-0.088195971,-0.29280064,1143.0548,0,0,0,0,0
84.7,282.2592,676.3482,-1099.8041,-0.066210009,-56.328201,0.0055969187,0.0020787712,0.013858089,-1.5720614,-0.0006102477,0.00034928409,0.00036772254,-0.021036835,-5.8015581e-05,0.00018629527,0.41063521,-0.021041238,-5.7266717e-05,0.00018386127,0.41071442,0,0,0.013950485,0.00019657269,0.1795232,60.328238,1099.8041,1200,1143.0888,nan,nan,4.712389,1100,60,2003.1913,-1072.047,-1.3764665,-11779.603,0.22737339,-0.08720467,-0.28445989,1143.0888,0,0,0,0,0
84.8,282.25267,670.71575,-1099.8036,-0.064300963,-56.320523,0.0046577278,0.0020190836,0.013892716,-1.572025,-0.00059280213,0.00034451476,0.00035720592,-0.021046638,-5.6376142e-05,0.00018096763,0.41065538,-0.021051057,-5.5648356e-05,0.00017860296,0.41077384,0,0,0.013969575,0.000190942,0.17950034,60.320558,1099.8036,1200,1143.145,nan,nan,4.712389,1100,60,2002.6814,-1071.6145,-1.3366456,-11779.213,0.2208969,-0.086225422,-0.27635616,1143.145,0,0,0,0,0
84.9,282.24633,665.08406,-1099.8031,-0.062446783,-56.312853,0.003750224,0.0019611036,0.013926873,-1.5719897,-0.00057585338,0.00033979969,0.00034698884,-0.021056475,-5.4782847e-05,0.00017579174,0.41068342,-0.021060908,-5.4075545e-05,0.00017349442,0.41084051,0,0,0.013988715,0.00018547191,0.17947751,60.312886,1099.8031,1200,1143.2231,nan,nan,4.712389,1100,60,2002.1721,-1071.1818,-1.2979721,-11778.833,0.21460451,-0.085258824,-0.26848271,1143.2231,0,0,0,0,0
85,282.24017,659.45314,-1099.8028,-0.060645899,-56.305194,0.0028736375,0.0019047825,0.013960565,-1.5719554,-0.00055938734,0.00033513813,0.00033706281,-0.021066342,-5.3234394e-05,0.00017076328,0.4107192,-0.021070788,-5.2546998e-05,0.00016853141,0.41091433,0,0,0.014007898,0.00018015787,0.17945471,60.305225,1099.8028,1200,1143.3227,nan,nan,4.712389,1100,60,2001.6636,-1070.7492,-1.2604131,-11778.461,0.208491,-0.084305406,-0.26083297,1143.3227,0,0,0,0,0
85.1,282.23419,653.82298,-1099.8026,-0.058896787,-56.297547,0.0020272089,0.001850073,0.013993797,-1.5719221,-0.00054339028,0.00033052929,0.00032741956,-0.021076235,-5.1729519e-05,0.00016587808,0.4107626,-0.021080693,-5.1061468e-05,0.00016370978,0.41099517,0,0,0.014027117,0.00017499544,0.17943195,60.297576,1099.8026,1200,1143.4436,nan,nan,4.712389,1100,60,2001.1559,-1070.3168,-1.2239369,-11778.098,0.20255125,-0.083365642,-0.25340057,1143.4436,0,0,0,0,0
85.2,282.22838,648.19359,-1099.8024,-0.057197964,-56.289915,0.0012101889,0.0017969293,0.014026574,-1.5718898,-0.00052784889,0.00032597236,0.00031805105,-0.021086151,-5.0266994e-05,0.00016113204,0.4108135,-0.021090617,-4.9617743e-05,0.00015902553,0.4110829,0,0,0.014046364,0.00016998032,0.17940924,60.289942,1099.8024,1200,1143.5853,nan,nan,4.712389,1100,60,2000.6493,-1069.8847,-1.1885123,-11777.744,0.19678033,-0.082439947,-0.24617935,1143.5853,0,0,0,0,0
85.3,282.22274,642.56496,-1099.8023,-0.055547991,-56.2823,0.00042183885,0.0017453066,0.014058901,-1.5718583,-0.0005127502,0.00032146651,0.00030894948,-0.021096085,-4.8845625e-05,0.00015652124,0.41087178,-0.021100558,-4.8214644e-05,0.00015447474,0.4111774,0,0,0.014065632,0.00016510831,0.17938657,60.282326,1099.8023,1200,1143.7475,nan,nan,4.712389,1100,60,2000.1439,-1069.4531,-1.1541092,-11777.398,0.19117343,-0.081528683,-0.23916328,1143.7475,0,0,0,0,0
85.4,282.21726,636.93709,-1099.8023,-0.053945469,-56.274704,-0.00033856898,0.0016951615,0.014090783,-1.5718278,-0.00049808165,0.00031701092,0.00030010727,-0.021106033,-4.7464253e-05,0.00015204181,0.41093731,-0.021110512,-4.6851028e-05,0.00015005363,0.41127855,0,0,0.014084914,0.00016037534,0.17936396,60.274729,1099.8023,1200,1143.9299,nan,nan,4.712389,1100,60,1999.6397,-1069.022,-1.1206985,-11777.061,0.18572587,-0.080632158,-0.23234655,1143.9299,0,0,0,0,0
85.5,282.21194,631.30998,-1099.8024,-0.052389039,-56.26713,-0.0010717513,0.001646452,0.014122225,-1.5717981,-0.00048383102,0.00031260472,0.00029151705,-0.021115991,-4.6121752e-05,0.00014769004,0.41100997,-0.021120474,-4.5525782e-05,0.00014575852,0.41138624,0,0,0.014104204,0.00015577748,0.17934142,60.267152,1099.8024,1200,1144.1322,nan,nan,4.712389,1100,60,1999.1371,-1068.5917,-1.0882516,-11776.731,0.18043313,-0.079750635,-0.22572347,1144.1322,0,0,0,0,0
85.6,282.20678,625.68363,-1099.8025,-0.050877382,-56.259578,-0.0017784137,0.0015991371,0.014153231,-1.5717693,-0.00046998643,0.00030824705,0.00028317166,-0.021125956,-4.4817027e-05,0.0001434623,0.41108964,-0.021130441,-4.4237827e-05,0.00014158583,0.41150032,0,0,0.014123495,0.00015131086,0.17931894,60.259599,1099.8025,1200,1144.354,nan,nan,4.712389,1100,60,1998.636,-1068.1622,-1.0567409,-11776.41,0.17529079,-0.07888433,-0.21928855,1144.354,0,0,0,0,0
85.7,282.20176,620.05803,-1099.8027,-0.049409214,-56.252051,-0.0024592501,0.001553177,0.014183807,-1.5717414,-0.00045653634,0.00030393703,0.00027506416,-0.021135924,-4.3549015e-05,0.00013935506,0.41117621,-0.021140409,-4.2986113e-05,0.00013753208,0.4116207,0,0,0.01414278,0.00014697177,0.17929654,60.252071,1099.8027,1200,1144.5949,nan,nan,4.712389,1100,60,1998.1366,-1067.7337,-1.0261396,-11776.097,0.17029458,-0.078033414,-0.21303644,1144.5949,0,0,0,0,0
85.8,282.19689,614.43318,-1099.803,-0.047983291,-56.244551,-0.0031149431,0.0015085331,0.014213956,-1.5717142,-0.00044346956,0.00029967379,0.00026718778,-0.021145891,-4.2316684e-05,0.0001353649,0.41126953,-0.021150375,-4.1769622e-05,0.00013359389,0.41174723,0,0,0.014162052,0.00014275658,0.17927422,60.244571,1099.803,1200,1144.8547,nan,nan,4.712389,1100,60,1997.6391,-1067.3062,-0.99642164,-11775.792,0.16544034,-0.077198016,-0.20696195,1144.8547,0,0,0,0,0
85.9,282.19216,608.80908,-1099.8033,-0.046598401,-56.237081,-0.0037461635,0.0014651678,0.014243684,-1.5716878,-0.00043077518,0.00029545644,0.00025953596,-0.021155853,-4.111903e-05,0.0001314885,0.41136951,-0.021160335,-4.0587362e-05,0.00012976798,0.41187981,0,0,0.014181305,0.00013866176,0.17925199,60.237099,1099.8033,1200,1145.133,nan,nan,4.712389,1100,60,1997.1435,-1066.88,-0.9675616,-11775.494,0.16072404,-0.07637823,-0.20106004,1145.133,0,0,0,0,0
86,282.18756,603.18573,-1099.8037,-0.045253368,-56.22964,-0.0043535703,0.0014230447,0.014272994,-1.5716621,-0.00041844263,0.00029128409,0.00025210231,-0.021165807,-3.9955079e-05,0.00012772262,0.411476,-0.021170285,-3.9438372e-05,0.00012605116,0.41201831,0,0,0.014200534,0.0001346839,0.17922984,60.229657,1099.8037,1200,1145.4294,nan,nan,4.712389,1100,60,1996.6501,-1066.4551,-0.93953491,-11775.204,0.15614175,-0.07557411,-0.1953258,1145.4294,0,0,0,0,0
86.1,282.1831,597.56311,-1099.8042,-0.043947051,-56.222233,-0.0049378109,0.0013821282,0.014301891,-1.5716372,-0.00040646164,0.00028715587,0.00024488066,-0.02117575,-3.8823882e-05,0.00012406412,0.4115889,-0.021180222,-3.8321716e-05,0.00012244033,0.41216261,0,0,0.01421973,0.00013081966,0.1792078,60.222249,1099.8042,1200,1145.7436,nan,nan,4.712389,1100,60,1996.1588,-1066.0317,-0.91231763,-11774.922,0.15168968,-0.074785675,-0.18975447,1145.7436,0,0,0,0,0
86.2,282.17876,591.94124,-1099.8047,-0.04267834,-56.214859,-0.0054995204,0.0013423841,0.014330379,-1.571613,-0.00039482221,0.00028307087,0.00023786496,-0.021185678,-3.7724519e-05,0.00012050997,0.41170808,-0.021190142,-3.7236485e-05,0.00011893248,0.41231258,0,0,0.01423889,0.00012706582,0.17918586,60.214874,1099.8047,1200,1146.0753,nan,nan,4.712389,1100,60,1995.6699,-1065.6098,-0.88588653,-11774.647,0.1473641,-0.074012915,-0.18434144,1146.0753,0,0,0,0,0
86.3,282.17455,586.3201,-1099.8053,-0.041446156,-56.207521,-0.0060393221,0.0013037788,0.014358463,-1.5715895,-0.00038351464,0.00027902823,0.00023104938,-0.021195587,-3.6656097e-05,0.00011705718,0.41183341,-0.021200042,-3.6181798e-05,0.00011552469,0.41246812,0,0,0.014258005,0.00012341923,0.17916402,60.207536,1099.8053,1200,1146.4242,nan,nan,4.712389,1100,60,1995.1833,-1065.1895,-0.86021903,-11774.378,0.14316144,-0.073255785,-0.1790822,1146.4242,0,0,0,0,0
86.4,282.17047,580.6997,-1099.8059,-0.040249452,-56.200221,-0.0065578274,0.0012662798,0.014386146,-1.5715667,-0.00037252951,0.00027502706,0.00022442823,-0.021205475,-3.5617745e-05,0.00011370288,0.41196479,-0.021209919,-3.5156796e-05,0.00011221411,0.4126291,0,0,0.014277072,0.00011987685,0.17914229,60.200235,1099.8059,1200,1146.7898,nan,nan,4.712389,1100,60,1994.6994,-1064.7711,-0.8352932,-11774.117,0.13907821,-0.072514215,-0.1739724,1146.7898,0,0,0,0,0
86.5,282.1665,575.08002,-1099.8066,-0.039087211,-56.19296,-0.0070556357,0.0012298556,0.014413432,-1.5715445,-0.00036185766,0.00027106649,0.00021799598,-0.021215338,-3.460862e-05,0.00011044428,0.41210208,-0.02121977,-3.4160646e-05,0.00010899799,0.41279539,0,0,0.014296083,0.00011643571,0.17912069,60.192974,1099.8066,1200,1147.172,nan,nan,4.712389,1100,60,1994.2181,-1064.3545,-0.81108772,-11773.863,0.135111,-0.071788105,-0.16900779,1147.172,0,0,0,0,0
86.6,282.16264,569.46107,-1099.8073,-0.037958443,-56.18574,-0.0075333341,0.0011944755,0.014440326,-1.571523,-0.00035149017,0.00026714565,0.00021174726,-0.021225172,-3.3627901e-05,0.00010727866,0.41224516,-0.021229591,-3.3192537e-05,0.00010587363,0.41296689,0,0,0.014315033,0.00011309293,0.1790992,60.185753,1099.8073,1200,1147.5702,nan,nan,4.712389,1100,60,1993.7395,-1063.9399,-0.78758189,-11773.616,0.13125653,-0.071077334,-0.16418426,1147.5702,0,0,0,0,0
86.7,282.1589,563.84284,-1099.8081,-0.03686219,-56.178563,-0.0079914981,0.0011601097,0.014466832,-1.5715021,-0.00034141842,0.00026326369,0.00020567687,-0.021234975,-3.267479e-05,0.00010420337,0.41239393,-0.021239379,-3.2251684e-05,0.00010283844,0.41314347,0,0,0.014333917,0.00010984571,0.17907784,60.178574,1099.8081,1200,1147.9843,nan,nan,4.712389,1100,60,1993.2638,-1063.5274,-0.7647556,-11773.375,0.12751159,-0.070381753,-0.1594978,1147.9843,0,0,0,0,0
86.8,282.15526,558.22532,-1099.8089,-0.035797518,-56.171429,-0.0084306909,0.0011267291,0.014492952,-1.5714818,-0.00033163399,0.00025941976,0.00019977974,-0.021244744,-3.1748514e-05,0.00010121584,0.41254825,-0.021249132,-3.1337319e-05,9.988987e-05,0.41332502,0,0,0.01435273,0.00010669134,0.17905661,60.17144,1099.8089,1200,1148.4138,nan,nan,4.712389,1100,60,1992.791,-1063.1171,-0.74258929,-11773.14,0.12387308,-0.069701195,-0.15494453,1148.4138,0,0,0,0,0
86.9,282.15173,552.60851,-1099.8098,-0.03476352,-56.16434,-0.008851464,0.0010943058,0.014518691,-1.571462,-0.00032212872,0.00025561303,0.00019405094,-0.021254475,-3.0848317e-05,9.8313595e-05,0.41270801,-0.021258845,-3.0448702e-05,9.702547e-05,0.41351141,0,0,0.014371465,0.00010362717,0.17903552,60.164351,1099.8098,1200,1148.8584,nan,nan,4.712389,1100,60,1992.3213,-1062.709,-0.721064,-11772.912,0.12033797,-0.069035472,-0.15052067,1148.8584,0,0,0,0,0
87,282.1483,546.99241,-1099.8107,-0.033759317,-56.157298,-0.0092543569,0.0010628123,0.014544052,-1.5714429,-0.00031289468,0.00025184267,0.00018848569,-0.021264165,-2.997347e-05,9.5494195e-05,0.41287308,-0.021268517,-2.9585108e-05,9.4242845e-05,0.41370253,0,0,0.014390117,0.00010065064,0.17901456,60.157308,1099.8107,1200,1149.3179,nan,nan,4.712389,1100,60,1991.8547,-1062.3033,-0.70016128,-11772.69,0.11690334,-0.068384375,-0.14622256,1149.3179,0,0,0,0,0
87.1,282.14497,541.37702,-1099.8116,-0.032784053,-56.150304,-0.0096398974,0.0010322221,0.014569039,-1.5714242,-0.00030392417,0.00024810788,0.00018307934,-0.021273813,-2.9123261e-05,9.2755292e-05,0.41304336,-0.021278144,-2.8745836e-05,9.1539671e-05,0.41389827,0,0,0.014408682,9.7759241e-05,0.17899375,60.150314,1099.8116,1200,1149.7918,nan,nan,4.712389,1100,60,1991.3914,-1061.9001,-0.67986321,-11772.474,0.11356632,-0.06774768,-0.14204662,1149.7918,0,0,0,0,0
87.2,282.14174,535.76232,-1099.8126,-0.031836898,-56.14336,-0.010008602,0.0010025094,0.014593655,-1.5714062,-0.00029520969,0.00024440784,0.00017782738,-0.021283414,-2.8296998e-05,9.0094597e-05,0.41321872,-0.021287724,-2.7930205e-05,8.891369e-05,0.4140985,0,0,0.014427155,9.4950563e-05,0.17897309,60.143369,1099.8126,1200,1150.2799,nan,nan,4.712389,1100,60,1990.9314,-1061.4994,-0.66015239,-11772.264,0.11032416,-0.067125147,-0.13798939,1150.2799,0,0,0,0,0
87.3,282.1386,530.14831,-1099.8136,-0.030917044,-56.136466,-0.010360974,0.00097364911,0.014617904,-1.5713886,-0.00028674397,0.00024074179,0.00017272542,-0.021292966,-2.7494011e-05,8.7509888e-05,0.41339904,-0.021297254,-2.713755e-05,8.6362708e-05,0.41430312,0,0,0.014445531,9.2222247e-05,0.17895257,60.136475,1099.8136,1200,1150.7818,nan,nan,4.712389,1100,60,1990.4748,-1061.1014,-0.6410119,-11772.059,0.10717415,-0.066516523,-0.13404751,1150.7818,0,0,0,0,0
87.4,282.13555,524.53499,-1099.8147,-0.030023708,-56.129624,-0.010697506,0.00094561692,0.014641789,-1.5713715,-0.00027851994,0.00023710895,0.00016776919,-0.021302467,-2.6713646e-05,8.4999004e-05,0.41358421,-0.021306731,-2.6367229e-05,8.3884593e-05,0.414512,0,0,0.014463804,8.9572005e-05,0.17893222,60.129633,1099.8147,1200,1151.2971,nan,nan,4.712389,1100,60,1990.0217,-1060.706,-0.62242533,-11771.861,0.1041137,-0.065921537,-0.13021772,1151.2971,0,0,0,0,0
87.5,282.13259,518.92235,-1099.8158,-0.029156127,-56.122836,-0.011018681,0.00091838915,0.014665314,-1.571355,-0.00027053072,0.00023350856,0.00016295455,-0.021311913,-2.5955269e-05,8.2559847e-05,0.4137741,-0.021316152,-2.5618613e-05,8.1477273e-05,0.41472504,0,0,0.01448197,8.6997614e-05,0.17891202,60.122844,1099.8158,1200,1151.8257,nan,nan,4.712389,1100,60,1989.5721,-1060.3135,-0.60437672,-11771.668,0.10114025,-0.06533991,-0.12649682,1151.8257,0,0,0,0,0
87.6,282.12972,513.31038,-1099.8169,-0.028313562,-56.116102,-0.011324968,0.00089194282,0.01468848,-1.5713389,-0.00026276966,0.0002299399,0.00015827747,-0.021321303,-2.5218264e-05,8.0190378e-05,0.41396862,-0.021325515,-2.4891096e-05,7.9138735e-05,0.41494212,0,0,0.014500026,8.4496914e-05,0.17889198,60.116109,1099.8169,1200,1152.367,nan,nan,4.712389,1100,60,1989.1262,-1059.9239,-0.58685056,-11771.48,0.098251333,-0.064771352,-0.12288174,1152.367,0,0,0,0,0
87.7,282.12692,507.69909,-1099.818,-0.027495295,-56.109423,-0.011616826,0.00086625558,0.014711292,-1.5713232,-0.00025523025,0.00022640225,0.00015373405,-0.021330633,-2.4502031e-05,7.7888615e-05,0.41416763,-0.021334818,-2.4184084e-05,7.6867024e-05,0.41516313,0,0,0.014517965,8.2067806e-05,0.17887211,60.109431,1099.818,1200,1152.9209,nan,nan,4.712389,1100,60,1988.684,-1059.5372,-0.5698318,-11771.297,0.095444563,-0.064215562,-0.11936948,1152.9209,0,0,0,0,0
87.8,282.12421,502.08847,-1099.8192,-0.026700627,-56.102802,-0.011894703,0.00084130574,0.014733753,-1.571308,-0.0002479062,0.00022289489,0.00014932048,-0.021339901,-2.3805988e-05,7.5652633e-05,0.41437102,-0.021344058,-2.3497005e-05,7.466024e-05,0.41538794,0,0,0.014535785,7.970825e-05,0.1788524,60.102809,1099.8192,1200,1153.487,nan,nan,4.712389,1100,60,1988.2457,-1059.1535,-0.55330582,-11771.12,0.092717606,-0.06367223,-0.11595712,1153.487,0,0,0,0,0
87.9,282.12158,496.4785,-1099.8204,-0.02592888,-56.096238,-0.012159034,0.00081707222,0.014755864,-1.5712933,-0.00024079139,0.00021941716,0.00014503307,-0.021349105,-2.3129569e-05,7.3480562e-05,0.41457868,-0.021353233,-2.2829298e-05,7.2516536e-05,0.41561647,0,0,0.01455348,7.7416265e-05,0.17883287,60.096245,1099.8204,1200,1154.065,nan,nan,4.712389,1100,60,1987.8112,-1058.773,-0.5372584,-11770.947,0.090068199,-0.063141039,-0.11264184,1154.065,0,0,0,0,0
88,282.11902,490.86918,-1099.8217,-0.025179395,-56.089733,-0.012410246,0.00079353455,0.014777631,-1.571279,-0.00023387986,0.00021596837,0.00014086823,-0.021358243,-2.2472223e-05,7.1370582e-05,0.4147905,-0.02136234,-2.218042e-05,7.0434117e-05,0.41584858,0,0,0.014571047,7.5189925e-05,0.17881352,60.089739,1099.8217,1200,1154.6545,nan,nan,4.712389,1100,60,1987.3806,-1058.3956,-0.52167574,-11770.78,0.087494143,-0.062621665,-0.10942087,1154.6545,0,0,0,0,0
88.1,282.11654,485.26052,-1099.8229,-0.024451533,-56.083288,-0.012648755,0.00077067283,0.014799054,-1.5712651,-0.00022716584,0.00021254789,0.00013682248,-0.021367312,-2.1833417e-05,6.932093e-05,0.41500635,-0.021371378,-2.1549844e-05,6.841124e-05,0.41608418,0,0,0.014588482,7.3027359e-05,0.17879434,60.083294,1099.8229,1200,1155.2553,nan,nan,4.712389,1100,60,1986.954,-1058.0215,-0.50654444,-11770.617,0.084993302,-0.06211378,-0.10629156,1155.2553,0,0,0,0,0
88.2,282.11413,479.65249,-1099.8242,-0.023744671,-56.076903,-0.012874963,0.00074846772,0.014820137,-1.5712516,-0.00022064371,0.00020915509,0.00013289242,-0.02137631,-2.121263e-05,6.7329887e-05,0.41522614,-0.021380344,-2.0937057e-05,6.6446212e-05,0.41632315,0,0,0.01460578,7.0926751e-05,0.17877534,60.076909,1099.8242,1200,1155.8671,nan,nan,4.712389,1100,60,1986.5315,-1057.6507,-0.49185148,-11770.459,0.082563601,-0.061617047,-0.1032513,1155.8671,0,0,0,0,0
88.3,282.11179,474.0451,-1099.8255,-0.023058206,-56.070581,-0.013089267,0.00072690045,0.014840883,-1.5712384,-0.00021430801,0.00020578934,0.00012907477,-0.021385235,-2.0609358e-05,6.5395786e-05,0.41544974,-0.021389235,-2.034156e-05,6.4537386e-05,0.41656539,0,0,0.014622938,6.8886333e-05,0.17875653,60.070587,1099.8255,1200,1156.4894,nan,nan,4.712389,1100,60,1986.1131,-1057.2833,-0.47758421,-11770.305,0.080203023,-0.061131129,-0.10029756,1156.4894,0,0,0,0,0
88.4,282.10951,468.43834,-1099.8268,-0.022391551,-56.064321,-0.013292048,0.00070595276,0.014861294,-1.5712257,-0.00020815343,0.00020245008,0.00012536632,-0.021394085,-2.0023109e-05,6.3517008e-05,0.41567705,-0.021398051,-1.9762868e-05,6.2683162e-05,0.41681078,0,0,0.014639953,6.6904389e-05,0.1787379,60.064327,1099.8268,1200,1157.1221,nan,nan,4.712389,1100,60,1985.699,-1056.9193,-0.46373033,-11770.156,0.077909608,-0.060655684,-0.097427902,1157.1221,0,0,0,0,0
88.5,282.1073,462.8322,-1099.8281,-0.021744136,-56.058125,-0.013483682,0.00068560695,0.014881372,-1.5712133,-0.00020217484,0.00019913671,0.00012176398,-0.021402857,-1.9453406e-05,6.1691977e-05,0.41590796,-0.021406788,-1.9200511e-05,6.0881988e-05,0.41705922,0,0,0.014656821,6.4979253e-05,0.17871947,60.05813,1099.8281,1200,1157.7647,nan,nan,4.712389,1100,60,1985.289,-1056.5588,-0.45027791,-11770.011,0.075681453,-0.060190367,-0.094639937,1157.7647,0,0,0,0,0
88.6,282.10516,457.22668,-1099.8295,-0.021115409,-56.051993,-0.013664531,0.00066584577,0.014901122,-1.5712013,-0.00019636721,0.0001958487,0.0001182647,-0.021411551,-1.8899785e-05,5.9919164e-05,0.41614235,-0.021415446,-1.865403e-05,5.9132352e-05,0.4173106,0,0,0.014673538,6.3109303e-05,0.17870122,60.051998,1099.8295,1200,1158.4171,nan,nan,4.712389,1100,60,1984.8834,-1056.2019,-0.43721537,-11769.87,0.073516708,-0.059734832,-0.091931351,1158.4171,0,0,0,0,0
88.7,282.10308,451.62177,-1099.8309,-0.02050483,-56.045927,-0.013834949,0.00064665251,0.014920544,-1.5711896,-0.00019072568,0.0001925855,0.00011486557,-0.021420163,-1.8361795e-05,5.8197082e-05,0.41638011,-0.021424021,-1.812298e-05,5.7432787e-05,0.41756482,0,0,0.014690101,6.1292966e-05,0.17868317,60.045932,1099.8309,1200,1159.0788,nan,nan,4.712389,1100,60,1984.4821,-1055.8486,-0.42453144,-11769.733,0.071413576,-0.059288731,-0.089299892,1159.0788,0,0,0,0,0
88.8,282.10105,446.01747,-1099.8323,-0.019911879,-56.039926,-0.013995282,0.0006280109,0.014939641,-1.5711783,-0.00018524554,0.0001893466,0.00011156374,-0.021428693,-1.7838999e-05,5.6524288e-05,0.41662114,-0.021432513,-1.7606928e-05,5.5781869e-05,0.41782177,0,0,0.014706507,5.9528712e-05,0.17866532,60.039931,1099.8323,1200,1159.7497,nan,nan,4.712389,1100,60,1984.0852,-1055.4989,-0.41221517,-11769.6,0.069370309,-0.058851715,-0.086743377,1159.7497,0,0,0,0,0
88.9,282.09909,440.41376,-1099.8337,-0.019336048,-56.033993,-0.014145863,0.00060990517,0.014958416,-1.5711672,-0.00017992217,0.00018613151,0.00010835642,-0.021437138,-1.7330969e-05,5.4899376e-05,0.41686534,-0.02144092,-1.7105455e-05,5.417821e-05,0.41808135,0,0,0.014722752,5.7815055e-05,0.17864767,60.033997,1099.8337,1200,1160.4293,nan,nan,4.712389,1100,60,1983.6928,-1055.153,-0.40025596,-11769.471,0.067385212,-0.058423438,-0.08425968,1160.4293,0,0,0,0,0
89,282.09718,434.81064,-1099.8351,-0.018776843,-56.028127,-0.014287018,0.00059231996,0.014976871,-1.5711565,-0.00017475113,0.00018293976,0.00010524093,-0.021445497,-1.6837293e-05,5.3320985e-05,0.41711258,-0.02144924,-1.661815e-05,5.2620467e-05,0.41834345,0,0,0.014738835,5.6150551e-05,0.17863021,60.028131,1099.8351,1200,1161.1175,nan,nan,4.712389,1100,60,1983.3049,-1054.8108,-0.38864348,-11769.346,0.065456635,-0.058003552,-0.081846738,1161.1175,0,0,0,0,0
89.1,282.09533,429.2081,-1099.8365,-0.018233787,-56.022329,-0.014419063,0.00057524037,0.014995008,-1.5711462,-0.00016972807,0.00017977088,0.00010221466,-0.021453768,-1.6357567e-05,5.1787788e-05,0.41736277,-0.021457471,-1.6144618e-05,5.110733e-05,0.41860798,0,0,0.014754751,5.4533798e-05,0.17861296,60.022333,1099.8365,1200,1161.8138,nan,nan,4.712389,1100,60,1982.9215,-1054.4725,-0.37736771,-11769.224,0.063582975,-0.05759171,-0.079502545,1161.8138,0,0,0,0,0
89.2,282.09353,423.60614,-1099.838,-0.017706415,-56.0166,-0.014542306,0.00055865193,0.01501283,-1.5711361,-0.00016484879,0.00017662445,9.9275057e-05,-0.021461949,-1.58914e-05,5.0298499e-05,0.4176158,-0.021465611,-1.5684471e-05,4.9637529e-05,0.41887483,0,0,0.014770498,5.2963432e-05,0.17859592,60.016604,1099.838,1200,1162.5181,nan,nan,4.712389,1100,60,1982.5427,-1054.138,-0.36641891,-11769.106,0.061762677,-0.057187569,-0.077225151,1162.5181,0,0,0,0,0
89.3,282.09179,418.00475,-1099.8394,-0.017194274,-56.01094,-0.014657045,0.00054254056,0.015030338,-1.5711263,-0.00016010918,0.00017350004,9.6419657e-05,-0.021470039,-1.5438413e-05,4.8851866e-05,0.41787157,-0.02147366,-1.5237334e-05,4.8209829e-05,0.4191439,0,0,0.014786073,5.1438128e-05,0.17857908,60.010945,1099.8394,1200,1163.2299,nan,nan,4.712389,1100,60,1982.1685,-1053.8075,-0.35578764,-11768.991,0.059994227,-0.056790785,-0.075012664,1163.2299,0,0,0,0,0
89.4,282.09009,412.40392,-1099.8409,-0.016696927,-56.005351,-0.01476357,0.0005268926,0.015047535,-1.5711167,-0.00015550527,0.00017039725,9.3646059e-05,-0.021478037,-1.4998234e-05,4.7446674e-05,0.41812997,-0.021481616,-1.4802842e-05,4.682303e-05,0.41941509,0,0,0.014801474,4.99566e-05,0.17856245,60.005355,1099.8409,1200,1163.9491,nan,nan,4.712389,1100,60,1981.799,-1053.4809,-0.3454647,-11768.879,0.058276156,-0.056401019,-0.072863242,1163.9491,0,0,0,0,0
89.5,282.08845,406.80365,-1099.8424,-0.016213946,-55.999832,-0.014862163,0.00051169478,0.015064424,-1.5711075,-0.00015103319,0.00016731571,9.0951933e-05,-0.021485941,-1.4570506e-05,4.6081741e-05,0.4183909,-0.021489477,-1.438064e-05,4.5475966e-05,0.4196883,0,0,0.014816698,4.8517598e-05,0.17854603,59.999836,1099.8424,1200,1164.6754,nan,nan,4.712389,1100,60,1981.4342,-1053.1583,-0.33544117,-11768.771,0.056607035,-0.056017935,-0.070775098,1164.6754,0,0,0,0,0
89.6,282.08685,401.20392,-1099.8439,-0.015744919,-55.994385,-0.014953096,0.00049693419,0.015081005,-1.5710985,-0.00014668919,0.00016425506,8.8335011e-05,-0.021493749,-1.4154878e-05,4.4755921e-05,0.41865426,-0.021497242,-1.3970384e-05,4.4167506e-05,0.41996344,0,0,0.014831742,4.7119906e-05,0.17852982,59.994389,1099.8439,1200,1165.4083,nan,nan,4.712389,1100,60,1981.0741,-1052.8397,-0.32570841,-11768.666,0.054985476,-0.0556412,-0.068746493,1165.4083,0,0,0,0,0
89.7,282.08529,395.60474,-1099.8454,-0.015289444,-55.989009,-0.015036635,0.00048259831,0.015097282,-1.5710898,-0.00014246963,0.00016121494,8.5793094e-05,-0.021501461,-1.3751011e-05,4.3468097e-05,0.41891995,-0.02150491,-1.3571738e-05,4.2896547e-05,0.4202404,0,0,0.014846605,4.5762345e-05,0.17851383,59.989013,1099.8454,1200,1166.1478,nan,nan,4.712389,1100,60,1980.7188,-1052.5252,-0.31625798,-11768.564,0.053410131,-0.055270484,-0.06677574,1166.1478,0,0,0,0,0
89.8,282.08379,390.00609,-1099.8469,-0.014847129,-55.983705,-0.015113036,0.00046867496,0.015113256,-1.5710813,-0.00013837094,0.00015819505,8.3324043e-05,-0.021509075,-1.3358575e-05,4.2217188e-05,0.41918786,-0.02151248,-1.3184377e-05,4.1662021e-05,0.4205191,0,0,0.014861284,4.4443767e-05,0.17849805,59.983709,1099.8469,1200,1166.8935,nan,nan,4.712389,1100,60,1980.3683,-1052.2148,-0.30708173,-11768.465,0.051879689,-0.054905461,-0.064861197,1166.8935,0,0,0,0,0
89.9,282.08232,384.40797,-1099.8484,-0.014417595,-55.978475,-0.01518255,0.00045515232,0.015128929,-1.5710731,-0.00013438969,0.00015519507,8.0925779e-05,-0.02151659,-1.2977249e-05,4.1002139e-05,0.41945789,-0.02151995,-1.2807983e-05,4.0462889e-05,0.42079943,0,0,0.014875778,4.3163059e-05,0.17848248,59.978478,1099.8484,1200,1167.6451,nan,nan,4.712389,1100,60,1980.0226,-1051.9085,-0.29817171,-11768.369,0.050392877,-0.054545812,-0.063001269,1167.6451,0,0,0,0,0
90,282.0809,378.81037,-1099.8499,-0.014000475,-55.973317,-0.015245417,0.0004420189,0.015144303,-1.5710651,-0.00013052254,0.00015221471,7.8596283e-05,-0.021524005,-1.2606721e-05,3.9821929e-05,0.41972996,-0.02152732,-1.2442249e-05,3.9298141e-05,0.4210813,0,0,0.014890083,4.1919138e-05,0.17846714,59.97332,1099.8499,1200,1168.4023,nan,nan,4.712389,1100,60,1979.6818,-1051.6064,-0.28952021,-11768.275,0.048948457,-0.054191221,-0.061194408,1168.4023,0,0,0,0,0
