alpha_rad,mach,CN,CA,CM,CMQ,CNR,CLP,CNB,CYB
-3.141593,0.3000,-0.000000,0.000000,-0.000000,-0.067420,-5.569000,-0.157300,0.000000,0.000000
-3.141593,0.5000,-0.000000,0.000000,-0.000000,-0.071760,-5.706000,-0.161100,0.000000,0.000000
-3.141593,0.7000,-0.000000,0.000000,-0.000000,-0.080790,-5.938000,-0.167700,0.000000,0.000000
-3.141593,0.9000,-0.000000,0.000000,-0.000000,-0.103600,-5.728000,-0.161700,0.000000,0.000000
-3.141593,1.1000,-48.609000,0.243000,-0.337700,-0.138300,-5.728000,-0.161700,0.000000,-47.120049
-3.141593,1.3000,-45.945000,0.247000,-0.326100,-0.110300,-5.728000,-0.161700,0.000000,-44.472984
-3.141593,1.6000,-42.836000,0.253000,-0.307300,-0.094720,-5.728000,-0.161700,0.000000,-39.614302
-3.141593,2.0000,-36.332000,0.241000,-0.262100,-0.080170,-5.728000,-0.161700,0.000000,-32.973721
-3.141593,2.5000,-28.836000,0.222000,-0.208400,-0.066040,-5.728000,-0.161700,0.000000,-25.989366
-3.141593,3.0000,-24.046000,0.204000,-0.173900,-0.056810,-5.728000,-0.161700,0.000000,-21.743748
-3.054326,0.3000,-0.000000,0.000000,-17.424700,-0.067420,-5.413000,-0.371200,0.000000,0.000000
-3.054326,0.5000,-0.000000,0.000000,-17.785700,-0.071760,-5.546000,-0.380400,0.000000,0.000000
-3.054326,0.7000,-0.000000,0.000000,-18.383400,-0.080790,-5.771000,-0.395800,0.000000,0.000000
-3.054326,0.9000,-0.000000,0.000000,-17.572100,-0.103600,-5.567000,-0.381800,0.000000,0.000000
-3.054326,1.1000,-44.591000,4.090000,-0.844400,-0.138300,-5.567000,-0.381800,0.000000,-40.680003
-3.054326,1.3000,-42.122000,3.873000,-0.826400,-0.110300,-5.567000,-0.381800,0.000000,-39.069992
-3.054326,1.6000,-39.448000,3.637000,-0.706100,-0.094720,-5.567000,-0.381800,0.000000,-34.217040
-3.054326,2.0000,-33.536000,3.111000,-0.575700,-0.080170,-5.567000,-0.381800,0.000000,-27.811371
-3.054326,2.5000,-26.673000,2.502000,-0.443700,-0.066040,-5.567000,-0.381800,0.000000,-20.912960
-3.054326,3.0000,-22.280000,2.107000,-0.362200,-0.056810,-5.567000,-0.381800,0.000000,-16.461077
-2.967060,0.3000,-32.420000,4.257000,-17.616200,-0.067420,-5.178000,-0.662900,-4.203218,0.000000
-2.967060,0.5000,-33.099000,4.368000,-18.024700,-0.071760,-5.305000,-0.679100,-4.867276,0.000000
-2.967060,0.7000,-34.301000,4.551000,-18.683600,-0.080790,-5.520000,-0.706700,-5.741037,0.000000
-2.967060,0.9000,-33.176000,4.378000,-17.844300,-0.103600,-5.325000,-0.681800,-5.259753,0.000000
-2.967060,1.1000,-40.878000,7.212000,-1.219500,-0.138300,-5.325000,-0.681800,0.000000,-34.102448
-2.967060,1.3000,-38.535000,6.775000,-1.224500,-0.110300,-5.325000,-0.681800,0.000000,-33.449276
-2.967060,1.6000,-36.311000,6.365000,-1.003700,-0.094720,-5.325000,-0.681800,0.000000,-28.527569
-2.967060,2.0000,-31.006000,5.430000,-0.800100,-0.080170,-5.325000,-0.681800,0.000000,-22.018768
-2.967060,2.5000,-24.807000,4.351000,-0.604000,-0.066040,-5.325000,-0.681800,0.000000,-14.627613
-2.967060,3.0000,-20.856000,3.653000,-0.484000,-0.056810,-5.325000,-0.681800,0.000000,-9.723094
-2.879793,0.3000,-29.857000,5.877000,-18.158300,-0.067420,-4.871000,-1.025000,-7.889629,-23.875151
-2.879793,0.5000,-30.421000,5.992000,-18.635200,-0.071760,-4.990000,-1.050000,-8.806361,-25.095551
-2.879793,0.7000,-31.447000,6.201000,-19.385300,-0.080790,-5.193000,-1.092000,-10.043950,-26.917557
-2.879793,0.9000,-30.471000,5.990000,-18.490100,-0.103600,-5.010000,-1.054000,-9.241809,-25.353382
-2.879793,1.1000,-37.591000,9.722000,-1.437700,-0.138300,-5.010000,-1.054000,0.000000,-27.209766
-2.879793,1.3000,-35.326000,9.040000,-1.490400,-0.110300,-5.010000,-1.054000,0.000000,-27.175388
-2.879793,1.6000,-33.573000,8.526000,-1.182500,-0.094720,-5.010000,-1.054000,0.000000,-21.818233
-2.879793,2.0000,-28.941000,7.271000,-0.922900,-0.080170,-5.010000,-1.054000,0.000000,-14.404159
-2.879793,2.5000,-23.532000,5.822000,-0.679000,-0.066040,-5.010000,-1.054000,0.000000,-7.425533
-2.879793,3.0000,-20.103000,4.884000,-0.532000,-0.056810,-5.010000,-1.054000,0.000000,-4.242752
-2.792527,0.3000,-27.670000,7.307000,-18.992800,-0.067420,-4.502000,-1.447000,-10.983601,-18.930526
-2.792527,0.5000,-28.136000,7.412000,-19.561400,-0.071760,-4.612000,-1.482000,-12.186812,-19.984768
-2.792527,0.7000,-29.014000,7.626000,-20.436600,-0.080790,-4.800000,-1.542000,-14.192165,-21.772396
-2.792527,0.9000,-28.176000,7.399000,-19.457100,-0.103600,-4.630000,-1.488000,-13.206677,-20.145196
-2.792527,1.1000,-34.846000,11.742000,-1.495100,-0.138300,-4.630000,-1.488000,0.000000,-19.944661
-2.792527,1.3000,-32.669000,10.771000,-1.610000,-0.110300,-4.630000,-1.488000,0.000000,-20.019145
-2.792527,1.6000,-31.461000,10.212000,-1.234700,-0.094720,-4.630000,-1.488000,0.000000,-13.814012
-2.792527,2.0000,-27.652000,8.711000,-0.935900,-0.080170,-4.630000,-1.488000,0.000000,-7.391156
-2.792527,2.5000,-22.887000,6.970000,-0.670500,-0.066040,-4.630000,-1.488000,0.000000,-3.669795
-2.792527,3.0000,-19.616000,5.846000,-0.517400,-0.056810,-4.630000,-1.488000,0.000000,-2.796034
-2.705260,0.3000,-25.801000,8.691000,-20.075300,-0.067420,-4.082000,-1.917000,-17.251759,-16.655883
-2.705260,0.5000,-26.189000,8.782000,-20.762400,-0.071760,-4.182000,-1.964000,-21.606238,-19.005010
-2.705260,0.7000,-26.916000,8.960000,-21.862300,-0.080790,-4.352000,-2.044000,-24.860639,-20.615021
-2.705260,0.9000,-26.233000,8.734000,-20.795100,-0.103600,-4.198000,-1.972000,-18.890419,-15.899579
-2.705260,1.1000,-32.758000,13.384000,-1.405600,-0.138300,-4.198000,-1.972000,0.000000,-12.605071
-2.705260,1.3000,-30.743000,12.078000,-1.583900,-0.110300,-4.198000,-1.972000,0.000000,-12.267026
-2.705260,1.6000,-30.189000,11.511000,-1.165900,-0.094720,-4.198000,-1.972000,0.000000,-7.047381
-2.705260,2.0000,-26.919000,9.820000,-0.856100,-0.080170,-4.198000,-1.972000,0.000000,-4.728048
-2.705260,2.5000,-22.368000,7.866000,-0.594200,-0.066040,-4.198000,-1.972000,0.000000,-3.527128
-2.705260,3.0000,-19.182000,6.648000,-0.433400,-0.056810,-4.198000,-1.972000,0.000000,-1.704549
-2.617994,0.3000,-23.900000,9.790000,-22.003700,-0.067420,-3.624000,-2.423000,-40.175801,-21.056199
-2.617994,0.5000,-24.065000,9.632000,-23.332700,-0.071760,-3.713000,-2.483000,-40.645626,-20.844205
-2.617994,0.7000,-24.702000,9.765000,-24.775500,-0.080790,-3.864000,-2.584000,-37.058910,-18.271624
-2.617994,0.9000,-24.513000,10.007000,-22.754400,-0.103600,-3.727000,-2.492000,-23.382408,-11.149759
-2.617994,1.1000,-31.400000,14.735000,-1.195600,-0.138300,-3.727000,-2.492000,0.000000,-5.890006
-2.617994,1.3000,-29.687000,13.064000,-1.426600,-0.110300,-3.727000,-2.492000,0.000000,-5.535345
-2.617994,1.6000,-29.532000,12.503000,-1.001000,-0.094720,-3.727000,-2.492000,0.000000,-5.025413
-2.617994,2.0000,-26.328000,10.676000,-0.708700,-0.080170,-3.727000,-2.492000,0.000000,-4.988171
-2.617994,2.5000,-21.890000,8.634000,-0.451900,-0.066040,-3.727000,-2.492000,0.000000,-2.730717
-2.617994,3.0000,-18.990000,7.379000,-0.285800,-0.056810,-3.727000,-2.492000,0.000000,0.160944
-2.530727,0.3000,-21.604000,9.911000,-27.087800,-0.067420,-3.141000,-2.951000,-61.822146,-20.322813
-2.530727,0.5000,-21.987000,10.109000,-27.856500,-0.071760,-3.218000,-3.023000,-52.952759,-16.678801
-2.530727,0.7000,-22.932000,10.823000,-28.330200,-0.080790,-3.349000,-3.146000,-41.442037,-11.470615
-2.530727,0.9000,-23.083000,11.527000,-24.875900,-0.103600,-3.231000,-3.035000,-24.511134,-5.656239
-2.530727,1.1000,-30.795000,15.850000,-0.898100,-0.138300,-3.231000,-3.035000,0.000000,-0.839383
-2.530727,1.3000,-29.395000,13.812000,-1.169100,-0.110300,-3.231000,-3.035000,0.000000,-3.251535
-2.530727,1.6000,-28.981000,13.264000,-0.777300,-0.094720,-3.231000,-3.035000,0.000000,-5.594360
-2.530727,2.0000,-25.802000,11.403000,-0.504400,-0.080170,-3.231000,-3.035000,0.000000,-5.357728
-2.530727,2.5000,-21.678000,9.349000,-0.257000,-0.066040,-3.231000,-3.035000,0.000000,-1.575634
-2.530727,3.0000,-19.009000,8.108000,-0.088700,-0.056810,-3.231000,-3.035000,0.000000,2.093015
-2.443461,0.3000,-19.865000,10.623000,-32.789700,-0.067420,-2.649000,-3.485000,-62.395104,-11.596666
-2.443461,0.5000,-20.341000,11.145000,-32.575000,-0.071760,-2.714000,-3.570000,-52.184996,-9.453804
-2.443461,0.7000,-21.401000,12.257000,-32.008700,-0.080790,-2.824000,-3.715000,-41.184206,-6.388479
-2.443461,0.9000,-21.806000,13.287000,-27.032900,-0.103600,-2.725000,-3.584000,-24.654374,-1.868415
-2.443461,1.1000,-30.864000,16.756000,-0.549000,-0.138300,-2.725000,-3.584000,0.000000,0.124389
-2.443461,1.3000,-29.281000,14.381000,-0.860300,-0.110300,-2.725000,-3.584000,0.000000,-4.697681
-2.443461,1.6000,-28.629000,13.876000,-0.512100,-0.094720,-2.725000,-3.584000,0.000000,-6.606203
-2.443461,2.0000,-25.360000,12.099000,-0.263400,-0.080170,-2.725000,-3.584000,0.000000,-5.200738
-2.443461,2.5000,-21.585000,10.056000,-0.031500,-0.066040,-2.725000,-3.584000,0.000000,-0.972882
-2.443461,3.0000,-19.391000,8.784000,0.136700,-0.056810,-2.725000,-3.584000,0.000000,2.696339
-2.356194,0.3000,-18.330000,11.874000,-37.978100,-0.067420,-2.162000,-4.009000,-56.510827,-4.186603
-2.356194,0.5000,-18.803000,12.533000,-36.965000,-0.071760,-2.215000,-4.108000,-48.420663,-4.014715
-2.356194,0.7000,-19.884000,13.883000,-35.518100,-0.080790,-2.305000,-4.275000,-39.241879,-2.683734
-2.356194,0.9000,-20.487000,15.143000,-29.178900,-0.103600,-2.224000,-4.124000,-24.528323,0.699009
-2.356194,1.1000,-31.110000,17.452000,-0.193400,-0.138300,-2.224000,-4.124000,-5.613840,18.747179
-2.356194,1.3000,-29.243000,14.854000,-0.523300,-0.110300,-2.224000,-4.124000,-5.323924,18.002334
-2.356194,1.6000,-28.282000,14.421000,-0.230200,-0.094720,-2.224000,-4.124000,-4.128161,15.320891
-2.356194,2.0000,-25.133000,12.724000,-0.012600,-0.080170,-2.224000,-4.124000,-3.075637,12.943117
-2.356194,2.5000,-21.762000,10.695000,0.207500,-0.066040,-2.224000,-4.124000,-2.099890,10.742959
-2.356194,3.0000,-19.886000,9.378000,0.376000,-0.056810,-2.224000,-4.124000,-1.536100,9.430885
-2.268928,0.3000,-16.751000,13.255000,-42.330000,-0.067420,-1.696000,-4.510000,-37.459981,-3.747717
-2.268928,0.5000,-17.237000,14.019000,-40.784800,-0.071760,-1.737000,-4.621000,-30.985558,-2.380640
-2.268928,0.7000,-18.301000,15.542000,-38.706600,-0.080790,-1.808000,-4.808000,-28.315574,-1.615168
-2.268928,0.9000,-19.002000,16.921000,-31.365900,-0.103600,-1.744000,-4.639000,-17.079872,-1.220973
-2.268928,1.1000,-31.307000,17.919000,0.136700,-0.138300,-1.744000,-4.639000,-5.613840,-9.448074
-2.268928,1.3000,-29.397000,15.272000,-0.178400,-0.110300,-1.744000,-4.639000,-5.323924,-8.393832
-2.268928,1.6000,-27.886000,14.925000,0.047400,-0.094720,-1.744000,-4.639000,-4.128161,-9.705905
-2.268928,2.0000,-24.978000,13.310000,0.239800,-0.080170,-1.744000,-4.639000,-3.075637,-8.491235
-2.268928,2.5000,-22.137000,11.227000,0.451600,-0.066040,-1.744000,-4.639000,-2.099890,-2.346262
-2.268928,3.0000,-20.462000,9.873000,0.630200,-0.056810,-1.744000,-4.639000,-1.536100,-1.356764
-2.181662,0.3000,-15.069000,14.521000,-45.684800,-0.067420,-1.263000,-4.972000,-39.430955,-5.042602
-2.181662,0.5000,-15.555000,15.380000,-43.821600,-0.071760,-1.294000,-5.094000,-38.611626,-4.442142
-2.181662,0.7000,-16.551000,16.995000,-41.732600,-0.080790,-1.347000,-5.301000,-41.040967,-4.222699
-2.181662,0.9000,-17.214000,18.325000,-34.147600,-0.103600,-1.299000,-5.114000,-46.673142,-5.481487
-2.181662,1.1000,-31.303000,18.127000,0.416400,-0.138300,-1.299000,-5.114000,-5.613840,-14.541669
-2.181662,1.3000,-29.431000,15.651000,0.146400,-0.110300,-1.299000,-5.114000,-5.323924,-12.089409
-2.181662,1.6000,-27.620000,15.296000,0.303600,-0.094720,-1.299000,-5.114000,-4.128161,-12.891550
-2.181662,2.0000,-24.770000,13.663000,0.458000,-0.080170,-1.299000,-5.114000,-3.075637,-11.040897
-2.181662,2.5000,-22.508000,11.574000,0.675500,-0.066040,-1.299000,-5.114000,-2.099890,-7.717742
-2.181662,3.0000,-20.989000,10.168000,0.855500,-0.056810,-1.299000,-5.114000,-1.536100,-6.611933
-2.094395,0.3000,-13.282000,15.474000,-49.211800,-0.067420,-0.878300,-5.382000,-61.994033,-7.053110
-2.094395,0.5000,-13.730000,16.372000,-47.523600,-0.071760,-0.899800,-5.514000,-67.036062,-7.144784
-2.094395,0.7000,-14.619000,18.040000,-45.869100,-0.080790,-0.936400,-5.739000,-79.641134,-7.545854
-2.094395,0.9000,-15.169000,19.209000,-39.511600,-0.103600,-0.903300,-5.536000,-371.047468,-10.508046
-2.094395,1.1000,-31.265000,18.105000,0.648400,-0.138300,-0.903300,-5.536000,-5.613840,-20.242599
-2.094395,1.3000,-29.393000,15.923000,0.431500,-0.110300,-0.903300,-5.536000,-5.323924,-16.266272
-2.094395,1.6000,-27.376000,15.496000,0.526300,-0.094720,-0.903300,-5.536000,-4.128161,-16.655883
-2.094395,2.0000,-24.733000,13.809000,0.647900,-0.080170,-0.903300,-5.536000,-3.075637,-14.472914
-2.094395,2.5000,-22.773000,11.658000,0.842100,-0.066040,-0.903300,-5.536000,-2.099890,-12.794148
-2.094395,3.0000,-21.445000,10.207000,1.001200,-0.056810,-0.903300,-5.536000,-1.536100,-11.447697
-2.007129,0.3000,-11.422000,15.977000,-56.500300,-0.067420,-0.552400,-5.729000,-322.002281,-10.393454
-2.007129,0.5000,-11.799000,16.868000,-55.525700,-0.071760,-0.566000,-5.869000,-530.272439,-11.029438
-2.007129,0.7000,-12.544000,18.534000,-55.630800,-0.080790,-0.589000,-6.108000,920.743177,-12.267026
-2.007129,0.9000,-12.916000,19.410000,-98.910100,-0.103600,-0.568200,-5.892000,25.330464,-16.249083
-2.007129,1.1000,-31.127000,17.782000,0.811800,-0.138300,-0.568200,-5.892000,-5.613840,-26.178442
-2.007129,1.3000,-29.147000,16.048000,0.662000,-0.110300,-0.568200,-5.892000,-5.323924,-21.228086
-2.007129,1.6000,-27.059000,15.479000,0.702100,-0.094720,-0.568200,-5.892000,-4.128161,-21.193709
-2.007129,2.0000,-24.705000,13.718000,0.791800,-0.080170,-0.568200,-5.892000,-3.075637,-19.245652
-2.007129,2.5000,-22.933000,11.547000,0.956200,-0.066040,-0.568200,-5.892000,-2.099890,-17.612723
-2.007129,3.0000,-21.830000,10.090000,1.094600,-0.056810,-0.568200,-5.892000,-1.536100,-16.346486
-1.919862,0.3000,-9.530000,15.929000,-0.000000,-0.067420,-0.295600,-6.001000,67.952795,-14.639072
-1.919862,0.5000,-9.814000,16.773000,-0.000000,-0.071760,-0.302800,-6.148000,31.976775,-15.819365
-1.919862,0.7000,-10.377000,18.349000,-0.000000,-0.080790,-0.315100,-6.399000,3.065324,-18.099737
-1.919862,0.9000,-10.584000,18.904000,-35.090800,-0.103600,-0.304000,-6.172000,252.044134,-22.110441
-1.919862,1.1000,-30.728000,17.275000,0.920000,-0.138300,-0.304000,-6.172000,-5.613840,-31.174634
-1.919862,1.3000,-28.744000,15.909000,0.819600,-0.110300,-0.304000,-6.172000,-5.323924,-26.539405
-1.919862,1.6000,-26.635000,15.217000,0.820300,-0.094720,-0.304000,-6.172000,-4.128161,-26.109687
-1.919862,2.0000,-24.554000,13.374000,0.873600,-0.080170,-0.304000,-6.172000,-3.075637,-23.961095
-1.919862,2.5000,-22.952000,11.237000,1.006600,-0.066040,-0.304000,-6.172000,-2.099890,-22.717777
-1.919862,3.0000,-22.022000,9.766000,1.103900,-0.056810,-0.304000,-6.172000,-1.536100,-21.680723
-1.832596,0.3000,-7.662000,15.291000,-44.636000,-0.067420,-0.115600,-6.192000,88.980346,-19.509213
-1.832596,0.5000,-7.843000,16.029000,-49.944600,-0.071760,-0.118400,-6.344000,260.523909,-21.182250
-1.832596,0.7000,-8.208000,17.409000,-55.096600,-0.080790,-0.123200,-6.602000,-1229.567428,-24.385084
-1.832596,0.9000,-8.286000,17.648000,-54.919700,-0.103600,-0.118900,-6.369000,-341.654733,-27.977529
-1.832596,1.1000,-30.194000,16.579000,0.973000,-0.138300,-0.118900,-6.369000,-5.613840,-35.890076
-1.832596,1.3000,-28.192000,15.460000,0.898600,-0.110300,-0.118900,-6.369000,-5.323924,-31.839265
-1.832596,1.6000,-26.078000,14.657000,0.868600,-0.094720,-0.118900,-6.369000,-4.128161,-30.888155
-1.832596,2.0000,-24.285000,12.843000,0.902000,-0.080170,-0.118900,-6.369000,-3.075637,-28.934369
-1.832596,2.5000,-22.775000,10.661000,0.971500,-0.066040,-0.118900,-6.369000,-2.099890,-27.880126
-1.832596,3.0000,-21.997000,9.207000,1.026300,-0.056810,-0.118900,-6.369000,-1.536100,-26.717022
-1.745329,0.3000,-5.886000,14.013000,-89.873200,-0.067420,-0.017870,-6.296000,-957.412476,-24.654374
-1.745329,0.5000,-5.974000,14.605000,-94.604200,-0.071760,-0.018300,-6.450000,-1003.249099,-26.613890
-1.745329,0.7000,-6.161000,15.705000,-99.769200,-0.080790,-0.019050,-6.712000,-1047.366849,-30.429788
-1.745329,0.9000,-6.163000,15.669000,-94.717100,-0.103600,-0.018380,-6.475000,-975.747125,-33.220093
-1.745329,1.1000,-29.500000,15.593000,0.961700,-0.138300,-0.018380,-6.475000,-5.613840,-41.407660
-1.745329,1.3000,-27.545000,14.664000,0.902100,-0.110300,-0.018380,-6.475000,-5.323924,-37.523006
-1.745329,1.6000,-25.399000,13.817000,0.851800,-0.094720,-0.018380,-6.475000,-4.128161,-36.113530
-1.745329,2.0000,-23.824000,11.960000,0.848200,-0.080170,-0.018380,-6.475000,-3.075637,-34.366009
-1.745329,2.5000,-22.419000,9.799000,0.864700,-0.066040,-0.018380,-6.475000,-2.099890,-32.469518
-1.745329,3.0000,-21.779000,8.392000,0.884500,-0.056810,-0.018380,-6.475000,-1.536100,-31.082960
-1.658063,0.3000,-4.312000,12.120000,-0.000000,-0.067420,-0.005424,-6.309000,-2709.517413,-29.455760
-1.658063,0.5000,-4.331000,12.537000,-0.000000,-0.071760,-0.005557,-6.464000,-2973.650957,-31.535597
-1.658063,0.7000,-4.389000,13.297000,-0.000000,-0.080790,-0.005783,-6.726000,-3114.598574,-35.637975
-1.658063,0.9000,-4.370000,13.062000,-0.000000,-0.103600,-0.005579,-6.489000,-2803.482492,-37.505817
-1.658063,1.1000,-28.645000,14.160000,0.892200,-0.138300,-0.005579,-6.489000,-5.613840,-47.469553
-1.658063,1.3000,-26.737000,13.402000,0.837400,-0.110300,-0.005579,-6.489000,-5.323924,-44.112021
-1.658063,1.6000,-24.592000,12.508000,0.767400,-0.094720,-0.005579,-6.489000,-4.128161,-41.671220
-1.658063,2.0000,-23.219000,10.710000,0.741500,-0.080170,-0.005579,-6.489000,-3.075637,-38.972589
-1.658063,2.5000,-21.950000,8.646000,0.726000,-0.066040,-0.005579,-6.489000,-2.099890,-36.153637
-1.658063,3.0000,-21.439000,7.321000,0.724800,-0.056810,-0.005579,-6.489000,-1.536100,-34.457682
-1.570796,0.3000,-3.084000,9.682000,-0.000000,-0.067420,-0.078620,-6.231000,186.898833,-32.607028
-1.570796,0.5000,-3.066000,9.917000,-0.000000,-0.071760,-0.080550,-6.384000,206.780468,-34.715513
-1.570796,0.7000,-3.058000,10.315000,-0.000000,-0.080790,-0.083830,-6.644000,219.156357,-38.909564
-1.570796,0.9000,-3.058000,9.955000,-0.000000,-0.103600,-0.080870,-6.409000,218.296920,-40.307581
-1.570796,1.1000,-27.713000,12.193000,0.810800,-0.138300,-0.080870,-6.409000,-5.613840,-51.634956
-1.570796,1.3000,-25.859000,11.525000,0.751100,-0.110300,-0.080870,-6.409000,-5.323924,-48.695683
-1.570796,1.6000,-23.772000,10.745000,0.675000,-0.094720,-0.080870,-6.409000,-4.128161,-45.080319
-1.570796,2.0000,-22.572000,9.113000,0.641700,-0.080170,-0.080870,-6.409000,-3.075637,-43.877108
-1.570796,2.5000,-21.467000,7.233000,0.616500,-0.066040,-0.080870,-6.409000,-2.099890,-40.250285
-1.570796,3.0000,-21.076000,6.032000,0.610200,-0.056810,-0.080870,-6.409000,-1.536100,-38.210555
-1.483530,0.3000,-2.340000,6.989000,-0.000000,-0.067420,-0.235200,-6.065000,2924.376586,-32.904966
-1.483530,0.5000,-2.318000,7.037000,-0.000000,-0.071760,-0.241000,-6.214000,3206.271822,-35.059287
-1.483530,0.7000,-2.308000,7.066000,-0.000000,-0.080790,-0.250800,-6.467000,3363.835215,-39.293446
-1.483530,0.9000,-2.351000,6.588000,-0.000000,-0.103600,-0.242000,-6.238000,3048.135470,-41.046696
-1.483530,1.1000,-26.822000,9.966000,0.784200,-0.138300,-0.242000,-6.238000,-5.613840,-51.772466
-1.483530,1.3000,-25.050000,9.402000,0.722900,-0.110300,-0.242000,-6.238000,-5.323924,-48.248776
-1.483530,1.6000,-23.064000,8.780000,0.647300,-0.094720,-0.242000,-6.238000,-4.128161,-44.988646
-1.483530,2.0000,-22.077000,6.986000,0.662300,-0.080170,-0.242000,-6.238000,-3.075637,-46.552821
-1.483530,2.5000,-21.160000,5.366000,0.647000,-0.066040,-0.242000,-6.238000,-2.099890,-42.524928
-1.483530,3.0000,-20.881000,4.328000,0.653400,-0.056810,-0.242000,-6.238000,-1.536100,-40.233096
-1.396263,0.3000,-2.095000,4.369000,-52.405400,-0.067420,-0.470500,-5.816000,906.419232,-31.180363
-1.396263,0.5000,-2.106000,4.227000,-54.047300,-0.071760,-0.482100,-5.958000,961.423180,-33.288848
-1.396263,0.7000,-2.164000,3.892000,-56.263700,-0.080790,-0.501700,-6.201000,1019.864875,-37.345389
-1.396263,0.9000,-2.295000,3.238000,-51.968500,-0.103600,-0.483900,-5.981000,960.850222,-39.923699
-1.396263,1.1000,-25.984000,7.787000,0.828600,-0.138300,-0.483900,-5.981000,-5.613840,-49.543661
-1.396263,1.3000,-24.294000,7.436000,0.754500,-0.110300,-0.483900,-5.981000,-5.323924,-45.343880
-1.396263,1.6000,-22.465000,6.898000,0.695200,-0.094720,-0.483900,-5.981000,-4.128161,-42.381688
-1.396263,2.0000,-21.875000,4.861000,0.888500,-0.080170,-0.483900,-5.981000,-3.075637,-45.286584
-1.396263,2.5000,-21.165000,3.540000,0.899600,-0.066040,-0.483900,-5.981000,-2.099890,-41.195665
-1.396263,3.0000,-20.991000,2.696000,0.935700,-0.056810,-0.483900,-5.981000,-1.536100,-38.726217
-1.308997,0.3000,-2.295000,1.978000,-20.868000,-0.067420,-0.777300,-5.490000,244.882162,-28.401518
-1.308997,0.5000,-2.375000,1.669000,-21.191700,-0.071760,-0.796400,-5.624000,254.507853,-30.275090
-1.308997,0.7000,-2.566000,1.018000,-21.667100,-0.080790,-0.828800,-5.853000,267.571290,-33.810239
-1.308997,0.9000,-2.858000,0.134000,-19.400000,-0.103600,-0.799500,-5.646000,251.585768,-37.110476
-1.308997,1.1000,-25.202000,5.659000,0.954400,-0.138300,-0.799500,-5.646000,-5.613840,-46.976810
-1.308997,1.3000,-23.572000,5.559000,0.846800,-0.110300,-0.799500,-5.646000,-5.323924,-42.490550
-1.308997,1.6000,-21.916000,5.188000,0.799200,-0.094720,-0.799500,-5.646000,-4.128161,-39.385119
-1.308997,2.0000,-21.956000,2.913000,1.323100,-0.080170,-0.799500,-5.646000,-3.075637,-42.226990
-1.308997,2.5000,-21.447000,1.928000,1.363800,-0.066040,-0.799500,-5.646000,-2.099890,-38.204826
-1.308997,3.0000,-21.356000,1.304000,1.435400,-0.056810,-0.799500,-5.646000,-1.536100,-35.592138
-1.221730,0.3000,-2.836000,-0.052000,-9.669300,-0.067420,-1.146000,-5.097000,92.819163,-24.889287
-1.221730,0.5000,-3.014000,-0.486000,-9.627800,-0.071760,-1.174000,-5.222000,95.569360,-26.304492
-1.221730,0.7000,-3.389000,-1.368000,-9.568000,-0.080790,-1.222000,-5.434000,99.751952,-28.963017
-1.221730,0.9000,-3.926000,-2.495000,-8.060700,-0.103600,-1.179000,-5.242000,93.449416,-32.641406
-1.221730,1.1000,-24.524000,3.560000,1.191700,-0.138300,-1.179000,-5.242000,-5.613840,-43.945863
-1.221730,1.3000,-22.975000,3.774000,1.014700,-0.110300,-1.179000,-5.242000,-5.323924,-38.823620
-1.221730,1.6000,-21.440000,3.567000,0.983700,-0.094720,-1.179000,-5.242000,-4.128161,-35.815592
-1.221730,2.0000,-22.228000,1.299000,1.921000,-0.080170,-1.179000,-5.242000,-3.075637,-37.482899
-1.221730,2.5000,-21.886000,0.669000,1.979200,-0.066040,-1.179000,-5.242000,-2.099890,-33.672730
-1.221730,3.0000,-21.837000,0.284000,2.078900,-0.056810,-1.179000,-5.242000,-1.536100,-30.956910
-1.134464,0.3000,-3.612000,-1.656000,-4.671000,-0.067420,-1.566000,-4.648000,43.126533,-20.775450
-1.134464,0.5000,-3.892000,-2.149000,-4.511300,-0.071760,-1.605000,-4.762000,44.152128,-21.646346
-1.134464,0.7000,-4.462000,-3.144000,-4.257100,-0.080790,-1.670000,-4.956000,45.819435,-23.267816
-1.134464,0.9000,-5.319000,-4.479000,-3.092300,-0.103600,-1.611000,-4.781000,42.817136,-26.911828
-1.134464,1.1000,-23.980000,1.553000,1.567200,-0.138300,-1.611000,-4.781000,-5.613840,-39.098640
-1.134464,1.3000,-22.416000,2.170000,1.246900,-0.110300,-1.611000,-4.781000,-5.323924,-33.667000
-1.134464,1.6000,-20.973000,2.153000,1.224900,-0.094720,-1.611000,-4.781000,-4.128161,-30.870966
-1.134464,2.0000,-22.530000,0.123000,2.597000,-0.080170,-1.611000,-4.781000,-3.075637,-31.254848
-1.134464,2.5000,-22.296000,-0.157000,2.648200,-0.066040,-1.611000,-4.781000,-2.099890,-27.788453
-1.134464,3.0000,-22.232000,-0.303000,2.756700,-0.056810,-1.611000,-4.781000,-1.536100,-25.061174
-1.047198,0.3000,-4.477000,-2.778000,-2.141900,-0.067420,-2.024000,-4.157000,22.488593,-16.197517
-1.047198,0.5000,-4.856000,-3.276000,-1.922000,-0.071760,-2.074000,-4.259000,22.935501,-16.495455
-1.047198,0.7000,-5.609000,-4.273000,-1.571200,-0.080790,-2.158000,-4.433000,23.720453,-17.228841
-1.047198,0.9000,-6.826000,-5.740000,-0.588100,-0.103600,-2.082000,-4.276000,22.076064,-19.904554
-1.047198,1.1000,-23.374000,-0.208000,2.060400,-0.138300,-2.082000,-4.276000,-5.613840,-31.604352
-1.047198,1.3000,-21.808000,0.827000,1.517100,-0.110300,-2.082000,-4.276000,-5.323924,-27.226954
-1.047198,1.6000,-20.459000,0.993000,1.502600,-0.094720,-2.082000,-4.276000,-4.128161,-24.929394
-1.047198,2.0000,-22.666000,-0.582000,3.244000,-0.080170,-2.082000,-4.276000,-3.075637,-24.150171
-1.047198,2.5000,-22.465000,-0.548000,3.257100,-0.066040,-2.082000,-4.276000,-2.099890,-20.844205
-1.047198,3.0000,-22.325000,-0.477000,3.348400,-0.056810,-2.082000,-4.276000,-1.536100,-18.363297
-0.959931,0.3000,-5.312000,-3.428000,-0.746200,-0.067420,-2.507000,-3.638000,12.639449,-11.550829
-0.959931,0.5000,-5.755000,-3.872000,-0.507800,-0.071760,-2.568000,-3.727000,12.662367,-11.092463
-0.959931,0.7000,-6.654000,-4.793000,-0.117100,-0.080790,-2.673000,-3.879000,12.977494,-11.103922
-0.959931,0.9000,-8.175000,-6.216000,0.761100,-0.103600,-2.578000,-3.742000,11.923252,-12.163894
-0.959931,1.1000,-22.693000,-1.498000,2.569200,-0.138300,-2.578000,-3.742000,-5.613840,-22.597455
-0.959931,1.3000,-21.011000,-0.254000,1.816500,-0.110300,-2.578000,-3.742000,-5.323924,-19.893095
-0.959931,1.6000,-19.816000,0.125000,1.779500,-0.094720,-2.578000,-3.742000,-4.128161,-18.351838
-0.959931,2.0000,-22.528000,-0.858000,3.759000,-0.080170,-2.578000,-3.742000,-3.075637,-17.039765
-0.959931,2.5000,-22.201000,-0.573000,3.702400,-0.066040,-2.578000,-3.742000,-2.099890,-13.206677
-0.959931,3.0000,-21.973000,-0.331000,3.752000,-0.056810,-2.578000,-3.742000,-1.536100,-11.459156
-0.872665,0.3000,-6.011000,-3.651000,0.063900,-0.067420,-2.999000,-3.105000,5.930113,-6.915601
-0.872665,0.5000,-6.453000,-3.986000,0.288100,-0.071760,-3.073000,-3.182000,5.576598,-5.615559
-0.872665,0.7000,-7.445000,-4.774000,0.693800,-0.080790,-3.198000,-3.311000,5.606392,-4.950928
-0.872665,0.9000,-9.170000,-6.021000,1.493100,-0.103600,-3.085000,-3.194000,4.851234,-4.474227
-0.872665,1.1000,-21.831000,-2.320000,3.038300,-0.138300,-3.085000,-3.194000,-5.613840,18.747179
-0.872665,1.3000,-20.029000,-1.026000,2.109600,-0.110300,-3.085000,-3.194000,-5.323924,18.002334
-0.872665,1.6000,-19.023000,-0.450000,2.024000,-0.094720,-3.085000,-3.194000,-4.128161,15.320891
-0.872665,2.0000,-22.079000,-0.807000,4.064500,-0.080170,-3.085000,-3.194000,-3.075637,12.943117
-0.872665,2.5000,-21.374000,-0.356000,3.913200,-0.066040,-3.085000,-3.194000,-2.099890,10.742959
-0.872665,3.0000,-21.114000,-0.005000,3.904800,-0.056810,-3.085000,-3.194000,-1.536100,9.430885
-0.785398,0.3000,-6.530000,-3.531000,0.564800,-0.067420,-3.486000,-2.575000,3.692140,-1.945192
-0.785398,0.5000,-6.934000,-3.756000,0.768200,-0.071760,-3.571000,-2.638000,3.563225,-1.712571
-0.785398,0.7000,-7.905000,-4.352000,1.143600,-0.080790,-3.717000,-2.745000,3.271589,-0.271697
-0.785398,0.9000,-9.630000,-5.280000,1.850400,-0.103600,-3.585000,-2.648000,2.315895,3.005737
-0.785398,1.1000,-20.407000,-2.661000,3.361800,-0.138300,-3.585000,-2.648000,-5.613840,1.070858
-0.785398,1.3000,-18.683000,-1.498000,2.370700,-0.110300,-3.585000,-2.648000,-5.323924,-3.948252
-0.785398,1.6000,-18.076000,-0.752000,2.204000,-0.094720,-3.585000,-2.648000,-4.128161,-4.749247
-0.785398,2.0000,-20.996000,-0.563000,4.112800,-0.080170,-3.585000,-2.648000,-3.075637,0.144443
-0.785398,2.5000,-19.942000,-0.037000,3.864600,-0.066040,-3.585000,-2.648000,-2.099890,2.543933
-0.785398,3.0000,-19.620000,0.357000,3.790400,-0.056810,-3.585000,-2.648000,-1.536100,3.194240
-0.698132,0.3000,-6.897000,-3.172000,0.921000,-0.067420,-3.952000,-2.061000,4.471363,-2.828693
-0.698132,0.5000,-7.213000,-3.312000,1.067100,-0.071760,-4.049000,-2.111000,3.286486,-0.469768
-0.698132,0.7000,-8.050000,-3.707000,1.376300,-0.080790,-4.214000,-2.197000,2.060356,2.959327
-0.698132,0.9000,-9.590000,-4.284000,1.974700,-0.103600,-4.065000,-2.120000,0.534169,7.150513
-0.698132,1.1000,-18.406000,-2.608000,3.492800,-0.138300,-4.065000,-2.120000,-5.613840,11.218514
-0.698132,1.3000,-17.125000,-1.669000,2.556100,-0.110300,-4.065000,-2.120000,-5.323924,5.758226
-0.698132,1.6000,-16.730000,-0.842000,2.321600,-0.094720,-4.065000,-2.120000,-4.128161,3.748290
-0.698132,2.0000,-19.280000,-0.255000,3.909400,-0.080170,-4.065000,-2.120000,-3.075637,6.984356
-0.698132,2.5000,-18.067000,0.261000,3.582200,-0.066040,-4.065000,-2.120000,-2.099890,7.878170
-0.698132,3.0000,-17.564000,0.636000,3.443800,-0.056810,-4.065000,-2.120000,-1.536100,10.003843
-0.610865,0.3000,-7.402000,-2.693000,1.345200,-0.067420,-4.385000,-1.578000,5.671136,-4.784771
-0.610865,0.5000,-7.414000,-2.734000,1.341800,-0.071760,-4.492000,-1.617000,3.716204,-0.767190
-0.610865,0.7000,-7.902000,-2.925000,1.503200,-0.080790,-4.675000,-1.683000,1.409476,5.068958
-0.610865,0.9000,-9.094000,-3.218000,1.943600,-0.103600,-4.510000,-1.623000,-0.791828,10.313240
-0.610865,1.1000,-15.933000,-2.271000,3.417700,-0.138300,-4.510000,-1.623000,-5.613840,18.729990
-0.610865,1.3000,-15.090000,-1.577000,2.615900,-0.110300,-4.510000,-1.623000,-5.323924,15.286514
-0.610865,1.6000,-14.927000,-0.753000,2.343000,-0.094720,-4.510000,-1.623000,-4.128161,11.688339
-0.610865,2.0000,-17.133000,0.016000,3.502700,-0.080170,-4.510000,-1.623000,-3.075637,14.346863
-0.610865,2.5000,-15.890000,0.460000,3.125300,-0.066040,-4.510000,-1.623000,-2.099890,13.894227
-0.610865,3.0000,-15.021000,0.747000,2.898800,-0.056810,-4.510000,-1.623000,-1.536100,18.609669
-0.523599,0.3000,-8.241000,-2.042000,1.910800,-0.067420,-4.770000,-1.141000,3.686410,-0.587282
-0.523599,0.5000,-7.797000,-2.072000,1.715700,-0.071760,-4.887000,-1.169000,2.908907,1.228994
-0.523599,0.7000,-7.626000,-2.121000,1.622300,-0.080790,-5.086000,-1.217000,1.149926,5.775415
-0.523599,0.9000,-8.295000,-2.232000,1.836500,-0.103600,-4.906000,-1.174000,-1.435259,12.077950
-0.523599,1.1000,-13.422000,-1.766000,3.160500,-0.138300,-4.906000,-1.174000,-5.613840,22.517241
-0.523599,1.3000,-12.565000,-1.284000,2.509800,-0.110300,-4.906000,-1.174000,-5.323924,21.422892
-0.523599,1.6000,-12.754000,-0.544000,2.233300,-0.094720,-4.906000,-1.174000,-4.128161,19.469106
-0.523599,2.0000,-14.468000,0.201000,2.955200,-0.080170,-4.906000,-1.174000,-3.075637,21.927095
-0.523599,2.5000,-13.288000,0.520000,2.539500,-0.066040,-4.906000,-1.174000,-2.099890,23.078740
-0.523599,3.0000,-11.547000,0.405000,1.850100,-0.056810,-4.906000,-1.174000,-1.536100,22.740695
-0.436332,0.3000,-7.928000,-1.243000,1.988600,-0.067420,-5.096000,-0.760800,-0.329508,7.958384
-0.436332,0.5000,-7.585000,-1.307000,1.849500,-0.071760,-5.221000,-0.779500,0.517782,6.405668
-0.436332,0.7000,-7.244000,-1.366000,1.703900,-0.080790,-5.433000,-0.811200,0.684112,6.440046
-0.436332,0.9000,-7.291000,-1.372000,1.693100,-0.103600,-5.241000,-0.782500,-0.975174,10.989331
-0.436332,1.1000,-10.945000,-1.194000,2.755400,-0.138300,-5.241000,-0.782500,-5.613840,24.539782
-0.436332,1.3000,-10.099000,-0.883000,2.263300,-0.110300,-5.241000,-0.782500,-5.323924,23.009985
-0.436332,1.6000,-10.086000,-0.286000,1.981600,-0.094720,-5.241000,-0.782500,-4.128161,24.556971
-0.436332,2.0000,-11.390000,0.294000,2.340000,-0.080170,-5.241000,-0.782500,-3.075637,30.922532
-0.436332,2.5000,-9.745000,0.255000,1.538000,-0.066040,-5.241000,-0.782500,-2.099890,27.330087
-0.436332,3.0000,-8.860000,0.291000,1.243500,-0.056810,-5.241000,-0.782500,-1.536100,21.348407
-0.349066,0.3000,-7.001000,-0.554000,1.853300,-0.067420,-5.353000,-0.448000,-3.108869,14.467184
-0.349066,0.5000,-6.877000,-0.611000,1.806100,-0.071760,-5.484000,-0.459000,-2.333084,12.822795
-0.349066,0.7000,-6.716000,-0.673000,1.741600,-0.080790,-5.707000,-0.477700,-1.054242,10.141353
-0.349066,0.9000,-6.549000,-0.665000,1.666300,-0.103600,-5.505000,-0.460800,0.534512,6.812468
-0.349066,1.1000,-8.521000,-0.634000,2.245700,-0.138300,-5.505000,-0.460800,-5.613840,25.181495
-0.349066,1.3000,-7.823000,-0.457000,1.904900,-0.110300,-5.505000,-0.460800,-5.323924,22.855286
-0.349066,1.6000,-7.469000,-0.039000,1.628800,-0.094720,-5.505000,-0.460800,-4.128161,24.379354
-0.349066,2.0000,-7.561000,0.214000,1.462400,-0.080170,-5.505000,-0.460800,-3.075637,33.752944
-0.349066,2.5000,-6.982000,0.242000,1.040200,-0.066040,-5.505000,-0.460800,-2.099890,26.058121
-0.349066,3.0000,-6.555000,0.259000,0.840500,-0.056810,-5.505000,-0.460800,-1.536100,22.305247
-0.331613,0.3000,-6.724000,-0.446000,1.793600,-0.067420,-5.395000,-0.394300,-3.686983,15.865201
-0.331613,0.5000,-6.632000,-0.498000,1.758900,-0.071760,-5.527000,-0.404000,-3.015477,14.415618
-0.331613,0.7000,-6.528000,-0.554000,1.718000,-0.080790,-5.752000,-0.420400,-1.773877,11.751364
-0.331613,0.9000,-6.448000,-0.537000,1.678600,-0.103600,-5.549000,-0.405600,0.085084,7.637527
-0.331613,1.1000,-8.050000,-0.531000,2.135400,-0.138300,-5.549000,-0.405600,-5.613840,25.221602
-0.331613,1.3000,-7.390000,-0.376000,1.822600,-0.110300,-5.549000,-0.405600,-5.323924,22.895393
-0.331613,1.6000,-6.992000,0.004000,1.550100,-0.094720,-5.549000,-0.405600,-4.128161,23.943906
-0.331613,2.0000,-6.898000,0.215000,1.332800,-0.080170,-5.549000,-0.405600,-3.075637,32.142932
-0.331613,2.5000,-6.453000,0.244000,0.958800,-0.066040,-5.549000,-0.405600,-2.099890,26.166983
-0.331613,3.0000,-6.093000,0.257000,0.772900,-0.056810,-5.549000,-0.405600,-1.536100,22.849557
-0.314159,0.3000,-6.422000,-0.347000,1.724600,-0.067420,-5.434000,-0.343700,-4.183165,17.108520
-0.314159,0.5000,-6.357000,-0.395000,1.700800,-0.071760,-5.567000,-0.352100,-3.607915,15.853742
-0.314159,0.7000,-6.302000,-0.444000,1.679700,-0.080790,-5.794000,-0.366500,-2.569143,13.590559
-0.314159,0.9000,-6.294000,-0.419000,1.669300,-0.103600,-5.589000,-0.353500,-1.090912,10.198649
-0.314159,1.1000,-7.582000,-0.431000,2.023000,-0.138300,-5.589000,-0.353500,-5.613840,25.290357
-0.314159,1.3000,-6.957000,-0.296000,1.737100,-0.110300,-5.589000,-0.353500,-5.323924,22.792261
-0.314159,1.6000,-6.530000,0.046000,1.469500,-0.094720,-5.589000,-0.353500,-4.128161,23.279275
-0.314159,2.0000,-6.286000,0.221000,1.217300,-0.080170,-5.589000,-0.353500,-3.075637,29.650566
-0.314159,2.5000,-5.931000,0.248000,0.882200,-0.066040,-5.589000,-0.353500,-2.099890,26.344599
-0.314159,3.0000,-5.628000,0.256000,0.708700,-0.056810,-5.589000,-0.353500,-1.536100,22.912582
-0.296706,0.3000,-6.097000,-0.259000,1.647600,-0.067420,-5.470000,-0.296200,-4.597986,18.151303
-0.296706,0.5000,-6.056000,-0.302000,1.633000,-0.071760,-5.604000,-0.303500,-4.109253,17.079872
-0.296706,0.7000,-6.042000,-0.344000,1.628400,-0.080790,-5.832000,-0.315800,-3.254400,15.177652
-0.296706,0.9000,-6.090000,-0.312000,1.640500,-0.103600,-5.626000,-0.304700,-2.125100,12.536317
-0.296706,1.1000,-7.115000,-0.333000,1.909000,-0.138300,-5.626000,-0.304700,-5.613840,25.324735
-0.296706,1.3000,-6.536000,-0.218000,1.649100,-0.110300,-5.626000,-0.304700,-5.323924,22.585996
-0.296706,1.6000,-6.089000,0.086000,1.387700,-0.094720,-5.626000,-0.304700,-4.128161,22.631833
-0.296706,2.0000,-5.735000,0.232000,1.117200,-0.080170,-5.626000,-0.304700,-3.075637,27.301439
-0.296706,2.5000,-5.413000,0.253000,0.809500,-0.066040,-5.626000,-0.304700,-2.099890,26.464921
-0.296706,3.0000,-5.179000,0.256000,0.648100,-0.056810,-5.626000,-0.304700,-1.536100,22.740695
-0.279253,0.3000,-5.754000,-0.180000,1.564100,-0.067420,-5.503000,-0.252000,-4.958377,19.068035
-0.279253,0.5000,-5.733000,-0.219000,1.557400,-0.071760,-5.638000,-0.258100,-4.553296,18.168492
-0.279253,0.7000,-5.754000,-0.255000,1.566100,-0.080790,-5.867000,-0.268600,-3.868611,16.604317
-0.279253,0.9000,-5.844000,-0.218000,1.595100,-0.103600,-5.660000,-0.259100,-3.044125,14.656260
-0.279253,1.1000,-6.651000,-0.240000,1.793600,-0.138300,-5.660000,-0.259100,-5.613840,25.330464
-0.279253,1.3000,-6.117000,-0.143000,1.558400,-0.110300,-5.660000,-0.259100,-5.323924,22.574537
-0.279253,1.6000,-5.659000,0.125000,1.305300,-0.094720,-5.660000,-0.259100,-4.128161,22.379731
-0.279253,2.0000,-5.226000,0.243000,1.023900,-0.080170,-5.660000,-0.259100,-3.075637,25.588295
-0.279253,2.5000,-4.902000,0.258000,0.740200,-0.066040,-5.660000,-0.259100,-2.099890,26.144064
-0.279253,3.0000,-4.734000,0.257000,0.590600,-0.056810,-5.660000,-0.259100,-1.536100,23.044363
-0.261799,0.3000,-5.396000,-0.110000,1.474500,-0.067420,-5.533000,-0.210900,-5.327935,20.019145
-0.261799,0.5000,-5.391000,-0.145000,1.474100,-0.071760,-5.668000,-0.216100,-4.956085,19.165438
-0.261799,0.7000,-5.439000,-0.175000,1.493300,-0.080790,-5.899000,-0.224900,-4.432974,17.945038
-0.261799,0.9000,-5.558000,-0.135000,1.534300,-0.103600,-5.690000,-0.216900,-3.872622,16.604317
-0.261799,1.1000,-6.190000,-0.150000,1.677200,-0.138300,-5.690000,-0.216900,-5.613840,25.347653
-0.261799,1.3000,-5.702000,-0.070000,1.465600,-0.110300,-5.690000,-0.216900,-5.323924,22.580267
-0.261799,1.6000,-5.237000,0.161000,1.221800,-0.094720,-5.690000,-0.216900,-4.128161,22.104712
-0.261799,2.0000,-4.752000,0.256000,0.938300,-0.080170,-5.690000,-0.216900,-3.075637,24.041309
-0.261799,2.5000,-4.409000,0.264000,0.674400,-0.066040,-5.690000,-0.216900,-2.099890,25.061174
-0.261799,3.0000,-4.286000,0.258000,0.535400,-0.056810,-5.690000,-0.216900,-1.536100,23.382408
-0.244346,0.3000,-5.019000,-0.049000,1.378100,-0.067420,-5.559000,-0.173100,-5.792603,21.193709
-0.244346,0.5000,-5.033000,-0.080000,1.384300,-0.071760,-5.695000,-0.177400,-5.506124,20.529078
-0.244346,0.7000,-5.101000,-0.105000,1.411400,-0.080790,-5.927000,-0.184600,-5.110211,19.572238
-0.244346,0.9000,-5.238000,-0.064000,1.459900,-0.103600,-5.717000,-0.178100,-5.539356,20.586374
-0.244346,1.1000,-5.730000,-0.065000,1.560000,-0.138300,-5.717000,-0.178100,-5.613840,25.319005
-0.244346,1.3000,-5.289000,-0.000000,1.370900,-0.110300,-5.717000,-0.178100,-5.323924,22.603185
-0.244346,1.6000,-4.825000,0.196000,1.137300,-0.094720,-5.717000,-0.178100,-4.128161,21.686453
-0.244346,2.0000,-4.311000,0.270000,0.857900,-0.080170,-5.717000,-0.178100,-3.075637,22.568808
-0.244346,2.5000,-3.949000,0.271000,0.612200,-0.066040,-5.717000,-0.178100,-2.099890,23.296464
-0.244346,3.0000,-3.841000,0.261000,0.483000,-0.056810,-5.717000,-0.178100,-1.536100,23.399596
-0.226893,0.3000,-4.620000,0.003000,1.272300,-0.067420,-5.582000,-0.138600,-6.325454,22.522971
-0.226893,0.5000,-4.642000,-0.025000,1.281900,-0.071760,-5.719000,-0.142000,-6.124919,22.047416
-0.226893,0.7000,-4.727000,-0.046000,1.315000,-0.080790,-5.951000,-0.147800,-5.912924,21.520295
-0.226893,0.9000,-4.805000,-0.016000,1.340900,-0.103600,-5.741000,-0.142600,-6.949978,23.995472
-0.226893,1.1000,-5.273000,0.016000,1.442500,-0.138300,-5.741000,-0.142600,-5.613840,25.055444
-0.226893,1.3000,-4.877000,0.066000,1.274600,-0.110300,-5.741000,-0.142600,-5.323924,22.505782
-0.226893,1.6000,-4.424000,0.229000,1.052300,-0.094720,-5.741000,-0.142600,-4.128161,21.256734
-0.226893,2.0000,-3.900000,0.284000,0.781300,-0.080170,-5.741000,-0.142600,-3.075637,21.377055
-0.226893,2.5000,-3.530000,0.278000,0.553900,-0.066040,-5.741000,-0.142600,-2.099890,21.566131
-0.226893,3.0000,-3.403000,0.265000,0.433300,-0.056810,-5.741000,-0.142600,-1.536100,22.677670
-0.209440,0.3000,-4.197000,0.046000,1.157200,-0.067420,-5.601000,-0.107500,-6.508801,22.964148
-0.209440,0.5000,-4.229000,0.020000,1.170500,-0.071760,-5.739000,-0.110100,-6.399939,22.729236
-0.209440,0.7000,-4.319000,0.003000,1.205100,-0.080790,-5.972000,-0.114600,-6.422857,22.769343
-0.209440,0.9000,-4.361000,0.025000,1.217300,-0.103600,-5.761000,-0.110600,-6.978626,24.092875
-0.209440,1.1000,-4.825000,0.092000,1.324900,-0.138300,-5.761000,-0.110600,-5.613840,24.723129
-0.209440,1.3000,-4.471000,0.129000,1.176900,-0.110300,-5.761000,-0.110600,-5.323924,22.305247
-0.209440,1.6000,-4.034000,0.259000,0.967000,-0.094720,-5.761000,-0.110600,-4.128161,20.861393
-0.209440,2.0000,-3.510000,0.297000,0.708400,-0.080170,-5.761000,-0.110600,-3.075637,20.299895
-0.209440,2.5000,-3.141000,0.286000,0.498900,-0.066040,-5.761000,-0.110600,-2.099890,19.996227
-0.209440,3.0000,-2.993000,0.268000,0.386800,-0.056810,-5.761000,-0.110600,-1.536100,21.039010
-0.191986,0.3000,-3.785000,0.085000,1.045100,-0.067420,-5.617000,-0.079730,-6.359832,22.585996
-0.191986,0.5000,-3.817000,0.061000,1.058400,-0.071760,-5.755000,-0.081690,-6.371291,22.620374
-0.191986,0.7000,-3.901000,0.045000,1.090800,-0.080790,-5.989000,-0.085010,-6.497341,22.941230
-0.191986,0.9000,-3.928000,0.062000,1.097300,-0.103600,-5.778000,-0.082000,-6.795279,23.657427
-0.191986,1.1000,-4.382000,0.163000,1.207500,-0.138300,-5.778000,-0.082000,-5.613840,24.562701
-0.191986,1.3000,-4.069000,0.187000,1.078600,-0.110300,-5.778000,-0.082000,-5.323924,22.116171
-0.191986,1.6000,-3.653000,0.288000,0.881600,-0.094720,-5.778000,-0.082000,-4.128161,20.580644
-0.191986,2.0000,-3.144000,0.310000,0.638600,-0.080170,-5.778000,-0.082000,-3.075637,19.297219
-0.191986,2.5000,-2.786000,0.293000,0.447300,-0.066040,-5.778000,-0.082000,-2.099890,18.529455
-0.191986,3.0000,-2.622000,0.272000,0.343600,-0.056810,-5.778000,-0.082000,-1.536100,19.222734
-0.174533,0.3000,-3.380000,0.120000,0.935200,-0.067420,-5.630000,-0.055350,-6.199403,22.139089
-0.174533,0.5000,-3.412000,0.097000,0.948200,-0.071760,-5.768000,-0.056700,-6.228051,22.202115
-0.174533,0.7000,-3.491000,0.082000,0.978300,-0.080790,-6.003000,-0.059010,-6.359832,22.545889
-0.174533,0.9000,-3.504000,0.095000,0.980000,-0.103600,-5.791000,-0.056920,-6.606203,23.164684
-0.174533,1.1000,-3.943000,0.229000,1.090400,-0.138300,-5.791000,-0.056920,-5.613840,24.327788
-0.174533,1.3000,-3.672000,0.242000,0.979500,-0.110300,-5.791000,-0.056920,-5.323924,21.932824
-0.174533,1.6000,-3.278000,0.314000,0.796300,-0.094720,-5.791000,-0.056920,-4.128161,20.288436
-0.174533,2.0000,-2.797000,0.323000,0.571600,-0.080170,-5.791000,-0.056920,-3.075637,18.420593
-0.174533,2.5000,-2.456000,0.300000,0.398300,-0.066040,-5.791000,-0.056920,-2.099890,17.360621
-0.174533,3.0000,-2.284000,0.277000,0.303300,-0.056810,-5.791000,-0.056920,-1.536100,17.549697
-0.157080,0.3000,-2.986000,0.151000,0.828700,-0.067420,-5.640000,-0.034370,-6.010327,21.589050
-0.157080,0.5000,-3.017000,0.129000,0.841100,-0.071760,-5.778000,-0.035210,-6.044705,21.680723
-0.157080,0.7000,-3.090000,0.116000,0.868700,-0.080790,-6.013000,-0.036640,-6.199403,22.047416
-0.157080,0.9000,-3.093000,0.125000,0.866600,-0.103600,-5.800000,-0.035350,-6.388479,22.563078
-0.157080,1.1000,-3.510000,0.289000,0.974100,-0.138300,-5.800000,-0.035350,-5.613840,18.747179
-0.157080,1.3000,-3.279000,0.292000,0.879800,-0.110300,-5.800000,-0.035350,-5.323924,18.002334
-0.157080,1.6000,-2.912000,0.339000,0.711400,-0.094720,-5.800000,-0.035350,-4.128161,15.320891
-0.157080,2.0000,-2.467000,0.335000,0.507100,-0.080170,-5.800000,-0.035350,-3.075637,12.943117
-0.157080,2.5000,-2.147000,0.308000,0.351700,-0.066040,-5.800000,-0.035350,-2.099890,10.742959
-0.157080,3.0000,-1.978000,0.281000,0.265700,-0.056810,-5.800000,-0.035350,-1.536100,9.430885
-0.139626,0.3000,-2.607000,0.177000,0.725800,-0.067420,-5.646000,-0.016810,-5.884277,21.073388
-0.139626,0.5000,-2.636000,0.156000,0.737800,-0.071760,-5.784000,-0.017230,-5.935843,21.193709
-0.139626,0.7000,-2.703000,0.145000,0.762900,-0.080790,-6.019000,-0.017930,-6.061893,21.589050
-0.139626,0.9000,-2.697000,0.151000,0.757700,-0.103600,-5.807000,-0.017290,-6.216592,21.990120
-0.139626,1.1000,-3.088000,0.343000,0.858800,-0.138300,-5.807000,-0.017290,-5.613840,23.651698
-0.139626,1.3000,-2.893000,0.338000,0.779800,-0.110300,-5.807000,-0.017290,-5.323924,21.617698
-0.139626,1.6000,-2.559000,0.361000,0.627300,-0.094720,-5.807000,-0.017290,-4.128161,19.526402
-0.139626,2.0000,-2.154000,0.346000,0.444900,-0.080170,-5.807000,-0.017290,-3.075637,17.045494
-0.139626,2.5000,-1.862000,0.315000,0.307300,-0.066040,-5.807000,-0.017290,-2.099890,15.257866
-0.139626,3.0000,-1.699000,0.286000,0.230400,-0.056810,-5.807000,-0.017290,-1.536100,14.879714
-0.130900,0.3000,-2.420000,0.190000,0.675100,-0.067420,-5.647000,-0.009325,-5.741037,20.626481
-0.130900,0.5000,-2.449000,0.169000,0.686600,-0.071760,-5.786000,-0.009553,-5.792603,20.752531
-0.130900,0.7000,-2.512000,0.158000,0.710600,-0.080790,-6.021000,-0.009942,-5.941572,21.153602
-0.130900,0.9000,-2.503000,0.163000,0.704100,-0.103600,-5.808000,-0.009590,-6.056164,21.508836
-0.130900,1.1000,-2.878000,0.368000,0.801600,-0.138300,-5.808000,-0.009590,-5.613840,23.256357
-0.130900,1.3000,-2.701000,0.359000,0.729800,-0.110300,-5.808000,-0.009590,-5.323924,21.314030
-0.130900,1.6000,-2.383000,0.371000,0.585600,-0.094720,-5.808000,-0.009590,-4.128161,19.199816
-0.130900,2.0000,-2.001000,0.352000,0.414500,-0.080170,-5.808000,-0.009590,-3.075637,16.569939
-0.130900,2.5000,-1.725000,0.318000,0.285800,-0.066040,-5.808000,-0.009590,-2.099890,14.822418
-0.130900,3.0000,-1.567000,0.288000,0.213600,-0.056810,-5.808000,-0.009590,-1.536100,14.169246
-0.122173,0.3000,-2.238000,0.201000,0.625700,-0.067420,-5.648000,-0.002694,-5.711816,20.471782
-0.122173,0.5000,-2.266000,0.181000,0.636700,-0.071760,-5.787000,-0.002760,-5.769685,20.620751
-0.122173,0.7000,-2.325000,0.170000,0.659200,-0.080790,-6.022000,-0.002872,-5.935843,21.039010
-0.122173,0.9000,-2.313000,0.174000,0.651900,-0.103600,-5.809000,-0.002770,-6.033246,21.331219
-0.122173,1.1000,-2.672000,0.392000,0.744700,-0.138300,-5.809000,-0.002770,-5.613840,23.239168
-0.122173,1.3000,-2.511000,0.379000,0.679700,-0.110300,-5.809000,-0.002770,-5.323924,21.377055
-0.122173,1.6000,-2.211000,0.381000,0.544000,-0.094720,-5.809000,-0.002770,-4.128161,19.205545
-0.122173,2.0000,-1.853000,0.357000,0.384700,-0.080170,-5.809000,-0.002770,-3.075637,16.369404
-0.122173,2.5000,-1.592000,0.321000,0.264700,-0.066040,-5.809000,-0.002770,-2.099890,14.598965
-0.122173,3.0000,-1.441000,0.290000,0.197200,-0.056810,-5.809000,-0.002770,-1.536100,13.739528
-0.113446,0.3000,-2.055000,0.212000,0.575400,-0.067420,-5.648000,0.003077,-5.746767,20.477512
-0.113446,0.5000,-2.081000,0.192000,0.585900,-0.071760,-5.787000,0.003153,-5.815522,20.649399
-0.113446,0.7000,-2.137000,0.182000,0.607000,-0.080790,-6.022000,0.003281,-5.987409,21.090576
-0.113446,0.9000,-2.122000,0.185000,0.598800,-0.103600,-5.809000,0.003165,-6.067623,21.314030
-0.113446,1.1000,-2.462000,0.415000,0.688100,-0.138300,-5.809000,0.003165,-5.613840,23.411056
-0.113446,1.3000,-2.318000,0.398000,0.629700,-0.110300,-5.809000,0.003165,-5.323924,21.611968
-0.113446,1.6000,-2.037000,0.391000,0.502700,-0.094720,-5.809000,0.003165,-4.128161,19.383162
-0.113446,2.0000,-1.704000,0.362000,0.355300,-0.080170,-5.809000,0.003165,-3.075637,16.369404
-0.113446,2.5000,-1.460000,0.325000,0.244000,-0.066040,-5.809000,0.003165,-2.099890,14.501562
-0.113446,3.0000,-1.318000,0.293000,0.181300,-0.056810,-5.809000,0.003165,-1.536100,13.504615
-0.104720,0.3000,-1.873000,0.222000,0.525300,-0.067420,-5.647000,0.007988,-5.303870,19.222734
-0.104720,0.5000,-1.898000,0.203000,0.535200,-0.071760,-5.786000,0.008184,-5.363458,19.383162
-0.104720,0.7000,-1.950000,0.193000,0.554700,-0.080790,-6.021000,0.008517,-5.525032,19.801421
-0.104720,0.9000,-1.933000,0.195000,0.546000,-0.103600,-5.808000,0.008216,-5.593787,20.001957
-0.104720,1.1000,-2.253000,0.436000,0.632000,-0.138300,-5.808000,0.008216,-5.613840,22.007309
-0.104720,1.3000,-2.124000,0.416000,0.579800,-0.110300,-5.808000,0.008216,-5.323924,20.357190
-0.104720,1.6000,-1.862000,0.400000,0.461600,-0.094720,-5.808000,0.008216,-4.128161,18.157033
-0.104720,2.0000,-1.557000,0.367000,0.326400,-0.080170,-5.808000,0.008216,-3.075637,15.263596
-0.104720,2.5000,-1.330000,0.328000,0.223600,-0.066040,-5.808000,0.008216,-2.099890,13.481697
-0.104720,3.0000,-1.197000,0.295000,0.165800,-0.056810,-5.808000,0.008216,-1.536100,12.536317
-0.095993,0.3000,-1.712000,0.230000,0.482800,-0.067420,-5.645000,0.012040,-5.265482,18.999280
-0.095993,0.5000,-1.736000,0.211000,0.492300,-0.071760,-5.784000,0.012330,-5.330799,19.176897
-0.095993,0.7000,-1.785000,0.201000,0.510500,-0.080790,-6.019000,0.012830,-5.494092,19.606616
-0.095993,0.9000,-1.766000,0.203000,0.501200,-0.103600,-5.806000,0.012380,-5.535918,19.749855
-0.095993,1.1000,-2.068000,0.453000,0.576400,-0.138300,-5.806000,0.012380,-5.613840,21.898447
-0.095993,1.3000,-1.953000,0.431000,0.530200,-0.110300,-5.806000,0.012380,-5.323924,20.322813
-0.095993,1.6000,-1.709000,0.407000,0.421000,-0.094720,-5.806000,0.012380,-4.128161,18.076818
-0.095993,2.0000,-1.428000,0.371000,0.297900,-0.080170,-5.806000,0.012380,-3.075637,15.137545
-0.095993,2.5000,-1.216000,0.330000,0.203700,-0.066040,-5.806000,0.012380,-2.099890,13.241055
-0.095993,3.0000,-1.091000,0.296000,0.150600,-0.056810,-5.806000,0.012380,-1.536100,12.255567
-0.087266,0.3000,-1.534000,0.239000,0.433400,-0.067420,-5.643000,0.015230,-5.600089,19.726937
-0.087266,0.5000,-1.557000,0.220000,0.442200,-0.071760,-5.781000,0.015600,-5.682022,19.944661
-0.087266,0.7000,-1.601000,0.210000,0.458800,-0.080790,-6.016000,0.016230,-5.867088,20.431675
-0.087266,0.9000,-1.582000,0.212000,0.449400,-0.103600,-5.804000,0.015660,-5.861358,20.477512
-0.087266,1.1000,-1.861000,0.472000,0.521100,-0.138300,-5.804000,0.015660,-5.613840,22.992796
-0.087266,1.3000,-1.760000,0.446000,0.480500,-0.110300,-5.804000,0.015660,-5.323924,21.422892
-0.087266,1.6000,-1.537000,0.415000,0.380500,-0.094720,-5.804000,0.015660,-4.128161,19.056576
-0.087266,2.0000,-1.283000,0.376000,0.269600,-0.080170,-5.804000,0.015660,-3.075637,15.922497
-0.087266,2.5000,-1.090000,0.333000,0.184000,-0.066040,-5.804000,0.015660,-2.099890,13.762446
-0.087266,3.0000,-0.975000,0.299000,0.135800,-0.056810,-5.804000,0.015660,-1.536100,12.582153
-0.078540,0.3000,-1.361000,0.247000,0.385100,-0.067420,-5.639000,0.017560,-5.474612,19.268571
-0.078540,0.5000,-1.382000,0.228000,0.393100,-0.071760,-5.778000,0.017990,-5.559982,19.497754
-0.078540,0.7000,-1.422000,0.219000,0.408200,-0.080790,-6.012000,0.018720,-5.746767,19.990497
-0.078540,0.9000,-1.403000,0.220000,0.398900,-0.103600,-5.800000,0.018060,-5.723848,19.984768
-0.078540,1.1000,-1.658000,0.488000,0.466300,-0.138300,-5.800000,0.018060,-5.613840,22.585996
-0.078540,1.3000,-1.569000,0.461000,0.431000,-0.110300,-5.800000,0.018060,-5.323924,21.107765
-0.078540,1.6000,-1.367000,0.423000,0.340400,-0.094720,-5.800000,0.018060,-4.128161,18.712802
-0.078540,2.0000,-1.141000,0.380000,0.241600,-0.080170,-5.800000,0.018060,-3.075637,15.595911
-0.078540,2.5000,-0.968000,0.336000,0.164700,-0.066040,-5.800000,0.018060,-2.099890,13.435860
-0.078540,3.0000,-0.864000,0.301000,0.121200,-0.056810,-5.800000,0.018060,-1.536100,12.181083
-0.069813,0.3000,-1.192000,0.253000,0.337900,-0.067420,-5.635000,0.019030,-5.347988,18.798745
-0.069813,0.5000,-1.211000,0.235000,0.345100,-0.071760,-5.773000,0.019490,-5.437369,19.039388
-0.069813,0.7000,-1.247000,0.226000,0.358500,-0.080790,-6.008000,0.020290,-5.625300,19.537861
-0.069813,0.9000,-1.228000,0.227000,0.349500,-0.103600,-5.796000,0.019570,-5.581755,19.480565
-0.069813,1.1000,-1.458000,0.503000,0.412000,-0.138300,-5.796000,0.019570,-5.613840,22.167737
-0.069813,1.3000,-1.382000,0.474000,0.381800,-0.110300,-5.796000,0.019570,-5.323924,20.781179
-0.069813,1.6000,-1.201000,0.429000,0.300700,-0.094720,-5.796000,0.019570,-4.128161,18.351838
-0.069813,2.0000,-1.003000,0.384000,0.213900,-0.080170,-5.796000,0.019570,-3.075637,15.263596
-0.069813,2.5000,-0.848000,0.339000,0.145500,-0.066040,-5.796000,0.019570,-2.099890,13.103545
-0.069813,3.0000,-0.756000,0.303000,0.106900,-0.056810,-5.796000,0.019570,-1.536100,11.825849
-0.061087,0.3000,-1.027000,0.259000,0.291800,-0.067420,-5.630000,0.019640,-5.220791,18.317461
-0.061087,0.5000,-1.044000,0.241000,0.298200,-0.071760,-5.768000,0.020120,-5.314184,18.569562
-0.061087,0.7000,-1.076000,0.232000,0.310000,-0.080790,-6.002000,0.020940,-5.503260,19.073765
-0.061087,0.9000,-1.057000,0.233000,0.301400,-0.103600,-5.790000,0.020200,-5.437942,18.959173
-0.061087,1.1000,-1.261000,0.516000,0.358300,-0.138300,-5.790000,0.020200,-5.613840,21.732289
-0.061087,1.3000,-1.198000,0.485000,0.332800,-0.110300,-5.790000,0.020200,-5.323924,20.431675
-0.061087,1.6000,-1.038000,0.435000,0.261500,-0.094720,-5.790000,0.020200,-4.128161,17.973686
-0.061087,2.0000,-0.867000,0.388000,0.186500,-0.080170,-5.790000,0.020200,-3.075637,14.931280
-0.061087,2.5000,-0.732000,0.341000,0.126700,-0.066040,-5.790000,0.020200,-2.099890,12.776959
-0.061087,3.0000,-0.651000,0.304000,0.092900,-0.056810,-5.790000,0.020200,-1.536100,11.499263
-0.052360,0.3000,-0.867000,0.264000,0.246800,-0.067420,-5.624000,0.019390,-5.093595,17.818987
-0.052360,0.5000,-0.881000,0.246000,0.252400,-0.071760,-5.762000,0.019870,-5.190425,18.082548
-0.052360,0.7000,-0.909000,0.238000,0.262500,-0.080790,-5.996000,0.020670,-5.380647,18.598210
-0.052360,0.9000,-0.892000,0.238000,0.254600,-0.103600,-5.784000,0.019940,-5.293557,18.432052
-0.052360,1.1000,-1.069000,0.528000,0.305100,-0.138300,-5.784000,0.019940,-5.613840,21.285382
-0.052360,1.3000,-1.016000,0.495000,0.284200,-0.110300,-5.784000,0.019940,-5.323924,20.070712
-0.052360,1.6000,-0.879000,0.441000,0.222600,-0.094720,-5.784000,0.019940,-4.128161,17.584075
-0.052360,2.0000,-0.734000,0.391000,0.159300,-0.080170,-5.784000,0.019940,-3.075637,14.604694
-0.052360,2.5000,-0.618000,0.343000,0.108100,-0.066040,-5.784000,0.019940,-2.099890,12.444643
-0.052360,3.0000,-0.549000,0.306000,0.079100,-0.056810,-5.784000,0.019940,-1.536100,11.166947
-0.043633,0.3000,-0.711000,0.269000,0.202900,-0.067420,-5.617000,0.018290,-4.966971,17.320514
-0.043633,0.5000,-0.723000,0.250000,0.207600,-0.071760,-5.755000,0.018740,-5.067239,17.595534
-0.043633,0.7000,-0.746000,0.242000,0.216100,-0.080790,-5.989000,0.019500,-5.258034,18.111196
-0.043633,0.9000,-0.731000,0.242000,0.209000,-0.103600,-5.777000,0.018810,-5.149745,17.893472
-0.043633,1.1000,-0.880000,0.537000,0.252600,-0.138300,-5.777000,0.018810,-5.613840,20.827016
-0.043633,1.3000,-0.838000,0.503000,0.235800,-0.110300,-5.777000,0.018810,-5.323924,19.698289
-0.043633,1.6000,-0.723000,0.445000,0.184200,-0.094720,-5.777000,0.018810,-4.128161,17.183004
-0.043633,2.0000,-0.604000,0.393000,0.132400,-0.080170,-5.777000,0.018810,-3.075637,14.272379
-0.043633,2.5000,-0.508000,0.345000,0.089700,-0.066040,-5.777000,0.018810,-2.099890,12.112328
-0.043633,3.0000,-0.450000,0.307000,0.065500,-0.056810,-5.777000,0.018810,-1.536100,10.834632
-0.034907,0.3000,-0.559000,0.272000,0.160100,-0.067420,-5.609000,0.016330,-4.839202,16.804852
-0.034907,0.5000,-0.569000,0.254000,0.164000,-0.071760,-5.747000,0.016730,-4.943480,17.091331
-0.034907,0.7000,-0.588000,0.246000,0.170700,-0.080790,-5.980000,0.017410,-5.135421,17.612723
-0.034907,0.9000,-0.575000,0.245000,0.164700,-0.103600,-5.769000,0.016800,-5.005359,17.343432
-0.034907,1.1000,-0.695000,0.545000,0.200700,-0.138300,-5.769000,0.016800,-5.613840,20.357190
-0.034907,1.3000,-0.663000,0.509000,0.187800,-0.110300,-5.769000,0.016800,-5.323924,19.308678
-0.034907,1.6000,-0.571000,0.449000,0.146300,-0.094720,-5.769000,0.016800,-4.128161,16.764745
-0.034907,2.0000,-0.478000,0.395000,0.105600,-0.080170,-5.769000,0.016800,-3.075637,13.945793
-0.034907,2.5000,-0.400000,0.346000,0.071400,-0.066040,-5.769000,0.016800,-2.099890,11.780012
-0.034907,3.0000,-0.354000,0.308000,0.052100,-0.056810,-5.769000,0.016800,-1.536100,10.502316
-0.026180,0.3000,-0.413000,0.275000,0.118400,-0.067420,-5.600000,0.013520,-4.712005,16.283461
-0.026180,0.5000,-0.420000,0.257000,0.121400,-0.071760,-5.738000,0.013850,-4.819721,16.575669
-0.026180,0.7000,-0.434000,0.249000,0.126400,-0.080790,-5.971000,0.014420,-5.012808,17.108520
-0.026180,0.9000,-0.423000,0.248000,0.121700,-0.103600,-5.760000,0.013910,-4.861547,16.781934
-0.026180,1.1000,-0.515000,0.551000,0.149400,-0.138300,-5.760000,0.013910,-5.613840,19.870176
-0.026180,1.3000,-0.492000,0.515000,0.140200,-0.110300,-5.760000,0.013910,-5.323924,18.907607
-0.026180,1.6000,-0.422000,0.452000,0.108900,-0.094720,-5.760000,0.013910,-4.128161,16.335027
-0.026180,2.0000,-0.354000,0.397000,0.079000,-0.080170,-5.760000,0.013910,-3.075637,13.613477
-0.026180,2.5000,-0.296000,0.347000,0.053400,-0.066040,-5.760000,0.013910,-2.099890,11.453426
-0.026180,3.0000,-0.261000,0.309000,0.038900,-0.056810,-5.760000,0.013910,-1.536100,10.170001
-0.017453,0.3000,-0.270000,0.276000,0.077800,-0.067420,-5.591000,0.009861,-4.585381,15.750610
-0.017453,0.5000,-0.276000,0.258000,0.079800,-0.071760,-5.728000,0.010100,-4.696535,16.054277
-0.017453,0.7000,-0.285000,0.250000,0.083200,-0.080790,-5.961000,0.010510,-4.890768,16.592858
-0.017453,0.9000,-0.277000,0.250000,0.079900,-0.103600,-5.750000,0.010140,-4.718307,16.214706
-0.017453,1.1000,-0.339000,0.556000,0.098900,-0.138300,-5.750000,0.010140,-5.613840,19.371703
-0.017453,1.3000,-0.324000,0.518000,0.093000,-0.110300,-5.750000,0.010140,-5.323924,18.489348
-0.017453,1.6000,-0.277000,0.454000,0.072000,-0.094720,-5.750000,0.010140,-4.128161,15.893849
-0.017453,2.0000,-0.233000,0.398000,0.052500,-0.080170,-5.750000,0.010140,-3.075637,13.281162
-0.017453,2.5000,-0.194000,0.348000,0.035500,-0.066040,-5.750000,0.010140,-2.099890,11.121111
-0.017453,3.0000,-0.171000,0.310000,0.025800,-0.056810,-5.750000,0.010140,-1.536100,9.837685
-0.008727,0.3000,-0.133000,0.277000,0.038400,-0.067420,-5.581000,0.005353,-4.459331,15.206300
-0.008727,0.5000,-0.135000,0.259000,0.039400,-0.071760,-5.718000,0.005484,-4.573922,15.527156
-0.008727,0.7000,-0.140000,0.252000,0.041100,-0.080790,-5.950000,0.005707,-4.769301,16.065737
-0.008727,0.9000,-0.136000,0.251000,0.039300,-0.103600,-5.740000,0.005506,-4.576214,15.636018
-0.008727,1.1000,-0.167000,0.558000,0.049100,-0.138300,-5.740000,0.005506,-5.613840,18.861771
-0.008727,1.3000,-0.160000,0.521000,0.046300,-0.110300,-5.740000,0.005506,-5.323924,18.059630
-0.008727,1.6000,-0.137000,0.455000,0.035700,-0.094720,-5.740000,0.005506,-4.128161,15.435483
-0.008727,2.0000,-0.115000,0.399000,0.026200,-0.080170,-5.740000,0.005506,-3.075637,12.948846
-0.008727,2.5000,-0.096000,0.348000,0.017700,-0.066040,-5.740000,0.005506,-2.099890,10.788795
-0.008727,3.0000,-0.084000,0.310000,0.012900,-0.056810,-5.740000,0.005506,-1.536100,9.505370
0.000000,0.3000,0.000000,0.278000,0.000000,-0.067420,-5.569000,0.000000,-4.332707,14.661990
0.000000,0.5000,0.000000,0.260000,0.000000,-0.071760,-5.706000,0.000000,-4.451882,14.988576
0.000000,0.7000,0.000000,0.252000,0.000000,-0.080790,-5.938000,0.000000,-4.648407,15.532886
0.000000,0.9000,0.000000,0.251000,0.000000,-0.103600,-5.728000,0.000000,-4.434120,15.051601
0.000000,1.1000,0.000000,0.559000,0.000000,-0.138300,-5.728000,0.000000,-5.613840,18.747179
0.000000,1.3000,0.000000,0.521000,0.000000,-0.110300,-5.728000,0.000000,-5.323924,18.002334
0.000000,1.6000,0.000000,0.455000,0.000000,-0.094720,-5.728000,0.000000,-4.128161,15.320891
0.000000,2.0000,0.000000,0.399000,0.000000,-0.080170,-5.728000,0.000000,-3.075637,12.943117
0.000000,2.5000,0.000000,0.349000,0.000000,-0.066040,-5.728000,0.000000,-2.099890,10.742959
0.000000,3.0000,0.000000,0.310000,0.000000,-0.056810,-5.728000,0.000000,-1.536100,9.430885
0.008727,0.3000,0.133000,0.277000,-0.038400,-0.067420,-5.581000,0.005353,-4.459331,15.206300
0.008727,0.5000,0.135000,0.259000,-0.039400,-0.071760,-5.718000,0.005484,-4.573922,15.527156
0.008727,0.7000,0.140000,0.252000,-0.041100,-0.080790,-5.950000,0.005707,-4.769301,16.065737
0.008727,0.9000,0.136000,0.251000,-0.039300,-0.103600,-5.740000,0.005506,-4.576214,15.636018
0.008727,1.1000,0.167000,0.558000,-0.049100,-0.138300,-5.740000,0.005506,-5.613840,18.861771
0.008727,1.3000,0.160000,0.521000,-0.046300,-0.110300,-5.740000,0.005506,-5.323924,18.059630
0.008727,1.6000,0.137000,0.455000,-0.035700,-0.094720,-5.740000,0.005506,-4.128161,15.435483
0.008727,2.0000,0.115000,0.399000,-0.026200,-0.080170,-5.740000,0.005506,-3.075637,12.948846
0.008727,2.5000,0.096000,0.348000,-0.017700,-0.066040,-5.740000,0.005506,-2.099890,10.788795
0.008727,3.0000,0.084000,0.310000,-0.012900,-0.056810,-5.740000,0.005506,-1.536100,9.505370
0.017453,0.3000,0.270000,0.276000,-0.077800,-0.067420,-5.591000,0.009861,-4.585381,15.750610
0.017453,0.5000,0.276000,0.258000,-0.079800,-0.071760,-5.728000,0.010100,-4.696535,16.054277
0.017453,0.7000,0.285000,0.250000,-0.083200,-0.080790,-5.961000,0.010510,-4.890768,16.592858
0.017453,0.9000,0.277000,0.250000,-0.079900,-0.103600,-5.750000,0.010140,-4.718307,16.214706
0.017453,1.1000,0.339000,0.556000,-0.098900,-0.138300,-5.750000,0.010140,-5.613840,19.371703
0.017453,1.3000,0.324000,0.518000,-0.093000,-0.110300,-5.750000,0.010140,-5.323924,18.489348
0.017453,1.6000,0.277000,0.454000,-0.072000,-0.094720,-5.750000,0.010140,-4.128161,15.893849
0.017453,2.0000,0.233000,0.398000,-0.052500,-0.080170,-5.750000,0.010140,-3.075637,13.281162
0.017453,2.5000,0.194000,0.348000,-0.035500,-0.066040,-5.750000,0.010140,-2.099890,11.121111
0.017453,3.0000,0.171000,0.310000,-0.025800,-0.056810,-5.750000,0.010140,-1.536100,9.837685
0.026180,0.3000,0.413000,0.275000,-0.118400,-0.067420,-5.600000,0.013520,-4.712005,16.283461
0.026180,0.5000,0.420000,0.257000,-0.121400,-0.071760,-5.738000,0.013850,-4.819721,16.575669
0.026180,0.7000,0.434000,0.249000,-0.126400,-0.080790,-5.971000,0.014420,-5.012808,17.108520
0.026180,0.9000,0.423000,0.248000,-0.121700,-0.103600,-5.760000,0.013910,-4.861547,16.781934
0.026180,1.1000,0.515000,0.551000,-0.149400,-0.138300,-5.760000,0.013910,-5.613840,19.870176
0.026180,1.3000,0.492000,0.515000,-0.140200,-0.110300,-5.760000,0.013910,-5.323924,18.907607
0.026180,1.6000,0.422000,0.452000,-0.108900,-0.094720,-5.760000,0.013910,-4.128161,16.335027
0.026180,2.0000,0.354000,0.397000,-0.079000,-0.080170,-5.760000,0.013910,-3.075637,13.613477
0.026180,2.5000,0.296000,0.347000,-0.053400,-0.066040,-5.760000,0.013910,-2.099890,11.453426
0.026180,3.0000,0.261000,0.309000,-0.038900,-0.056810,-5.760000,0.013910,-1.536100,10.170001
0.034907,0.3000,0.559000,0.272000,-0.160100,-0.067420,-5.609000,0.016330,-4.839202,16.804852
0.034907,0.5000,0.569000,0.254000,-0.164000,-0.071760,-5.747000,0.016730,-4.943480,17.091331
0.034907,0.7000,0.588000,0.246000,-0.170700,-0.080790,-5.980000,0.017410,-5.135421,17.612723
0.034907,0.9000,0.575000,0.245000,-0.164700,-0.103600,-5.769000,0.016800,-5.005359,17.343432
0.034907,1.1000,0.695000,0.545000,-0.200700,-0.138300,-5.769000,0.016800,-5.613840,20.357190
0.034907,1.3000,0.663000,0.509000,-0.187800,-0.110300,-5.769000,0.016800,-5.323924,19.308678
0.034907,1.6000,0.571000,0.449000,-0.146300,-0.094720,-5.769000,0.016800,-4.128161,16.764745
0.034907,2.0000,0.478000,0.395000,-0.105600,-0.080170,-5.769000,0.016800,-3.075637,13.945793
0.034907,2.5000,0.400000,0.346000,-0.071400,-0.066040,-5.769000,0.016800,-2.099890,11.780012
0.034907,3.0000,0.354000,0.308000,-0.052100,-0.056810,-5.769000,0.016800,-1.536100,10.502316
0.043633,0.3000,0.711000,0.269000,-0.202900,-0.067420,-5.617000,0.018290,-4.966971,17.320514
0.043633,0.5000,0.723000,0.250000,-0.207600,-0.071760,-5.755000,0.018740,-5.067239,17.595534
0.043633,0.7000,0.746000,0.242000,-0.216100,-0.080790,-5.989000,0.019500,-5.258034,18.111196
0.043633,0.9000,0.731000,0.242000,-0.209000,-0.103600,-5.777000,0.018810,-5.149745,17.893472
0.043633,1.1000,0.880000,0.537000,-0.252600,-0.138300,-5.777000,0.018810,-5.613840,20.827016
0.043633,1.3000,0.838000,0.503000,-0.235800,-0.110300,-5.777000,0.018810,-5.323924,19.698289
0.043633,1.6000,0.723000,0.445000,-0.184200,-0.094720,-5.777000,0.018810,-4.128161,17.183004
0.043633,2.0000,0.604000,0.393000,-0.132400,-0.080170,-5.777000,0.018810,-3.075637,14.272379
0.043633,2.5000,0.508000,0.345000,-0.089700,-0.066040,-5.777000,0.018810,-2.099890,12.112328
0.043633,3.0000,0.450000,0.307000,-0.065500,-0.056810,-5.777000,0.018810,-1.536100,10.834632
0.052360,0.3000,0.867000,0.264000,-0.246800,-0.067420,-5.624000,0.019390,-5.093595,17.818987
0.052360,0.5000,0.881000,0.246000,-0.252400,-0.071760,-5.762000,0.019870,-5.190425,18.082548
0.052360,0.7000,0.909000,0.238000,-0.262500,-0.080790,-5.996000,0.020670,-5.380647,18.598210
0.052360,0.9000,0.892000,0.238000,-0.254600,-0.103600,-5.784000,0.019940,-5.293557,18.432052
0.052360,1.1000,1.069000,0.528000,-0.305100,-0.138300,-5.784000,0.019940,-5.613840,21.285382
0.052360,1.3000,1.016000,0.495000,-0.284200,-0.110300,-5.784000,0.019940,-5.323924,20.070712
0.052360,1.6000,0.879000,0.441000,-0.222600,-0.094720,-5.784000,0.019940,-4.128161,17.584075
0.052360,2.0000,0.734000,0.391000,-0.159300,-0.080170,-5.784000,0.019940,-3.075637,14.604694
0.052360,2.5000,0.618000,0.343000,-0.108100,-0.066040,-5.784000,0.019940,-2.099890,12.444643
0.052360,3.0000,0.549000,0.306000,-0.079100,-0.056810,-5.784000,0.019940,-1.536100,11.166947
0.061087,0.3000,1.027000,0.259000,-0.291800,-0.067420,-5.630000,0.019640,-5.220791,18.317461
0.061087,0.5000,1.044000,0.241000,-0.298200,-0.071760,-5.768000,0.020120,-5.314184,18.569562
0.061087,0.7000,1.076000,0.232000,-0.310000,-0.080790,-6.002000,0.020940,-5.503260,19.073765
0.061087,0.9000,1.057000,0.233000,-0.301400,-0.103600,-5.790000,0.020200,-5.437942,18.959173
0.061087,1.1000,1.261000,0.516000,-0.358300,-0.138300,-5.790000,0.020200,-5.613840,21.732289
0.061087,1.3000,1.198000,0.485000,-0.332800,-0.110300,-5.790000,0.020200,-5.323924,20.431675
0.061087,1.6000,1.038000,0.435000,-0.261500,-0.094720,-5.790000,0.020200,-4.128161,17.973686
0.061087,2.0000,0.867000,0.388000,-0.186500,-0.080170,-5.790000,0.020200,-3.075637,14.931280
0.061087,2.5000,0.732000,0.341000,-0.126700,-0.066040,-5.790000,0.020200,-2.099890,12.776959
0.061087,3.0000,0.651000,0.304000,-0.092900,-0.056810,-5.790000,0.020200,-1.536100,11.499263
0.069813,0.3000,1.192000,0.253000,-0.337900,-0.067420,-5.635000,0.019030,-5.347988,18.798745
0.069813,0.5000,1.211000,0.235000,-0.345100,-0.071760,-5.773000,0.019490,-5.437369,19.039388
0.069813,0.7000,1.247000,0.226000,-0.358500,-0.080790,-6.008000,0.020290,-5.625300,19.537861
0.069813,0.9000,1.228000,0.227000,-0.349500,-0.103600,-5.796000,0.019570,-5.581755,19.480565
0.069813,1.1000,1.458000,0.503000,-0.412000,-0.138300,-5.796000,0.019570,-5.613840,22.167737
0.069813,1.3000,1.382000,0.474000,-0.381800,-0.110300,-5.796000,0.019570,-5.323924,20.781179
0.069813,1.6000,1.201000,0.429000,-0.300700,-0.094720,-5.796000,0.019570,-4.128161,18.351838
0.069813,2.0000,1.003000,0.384000,-0.213900,-0.080170,-5.796000,0.019570,-3.075637,15.263596
0.069813,2.5000,0.848000,0.339000,-0.145500,-0.066040,-5.796000,0.019570,-2.099890,13.103545
0.069813,3.0000,0.756000,0.303000,-0.106900,-0.056810,-5.796000,0.019570,-1.536100,11.825849
0.078540,0.3000,1.361000,0.247000,-0.385100,-0.067420,-5.639000,0.017560,-5.474612,19.268571
0.078540,0.5000,1.382000,0.228000,-0.393100,-0.071760,-5.778000,0.017990,-5.559982,19.497754
0.078540,0.7000,1.422000,0.219000,-0.408200,-0.080790,-6.012000,0.018720,-5.746767,19.990497
0.078540,0.9000,1.403000,0.220000,-0.398900,-0.103600,-5.800000,0.018060,-5.723848,19.984768
0.078540,1.1000,1.658000,0.488000,-0.466300,-0.138300,-5.800000,0.018060,-5.613840,22.585996
0.078540,1.3000,1.569000,0.461000,-0.431000,-0.110300,-5.800000,0.018060,-5.323924,21.107765
0.078540,1.6000,1.367000,0.423000,-0.340400,-0.094720,-5.800000,0.018060,-4.128161,18.712802
0.078540,2.0000,1.141000,0.380000,-0.241600,-0.080170,-5.800000,0.018060,-3.075637,15.595911
0.078540,2.5000,0.968000,0.336000,-0.164700,-0.066040,-5.800000,0.018060,-2.099890,13.435860
0.078540,3.0000,0.864000,0.301000,-0.121200,-0.056810,-5.800000,0.018060,-1.536100,12.181083
0.087266,0.3000,1.534000,0.239000,-0.433400,-0.067420,-5.643000,0.015230,-5.600089,19.726937
0.087266,0.5000,1.557000,0.220000,-0.442200,-0.071760,-5.781000,0.015600,-5.682022,19.944661
0.087266,0.7000,1.601000,0.210000,-0.458800,-0.080790,-6.016000,0.016230,-5.867088,20.431675
0.087266,0.9000,1.582000,0.212000,-0.449400,-0.103600,-5.804000,0.015660,-5.861358,20.477512
0.087266,1.1000,1.861000,0.472000,-0.521100,-0.138300,-5.804000,0.015660,-5.613840,22.992796
0.087266,1.3000,1.760000,0.446000,-0.480500,-0.110300,-5.804000,0.015660,-5.323924,21.422892
0.087266,1.6000,1.537000,0.415000,-0.380500,-0.094720,-5.804000,0.015660,-4.128161,19.056576
0.087266,2.0000,1.283000,0.376000,-0.269600,-0.080170,-5.804000,0.015660,-3.075637,15.922497
0.087266,2.5000,1.090000,0.333000,-0.184000,-0.066040,-5.804000,0.015660,-2.099890,13.762446
0.087266,3.0000,0.975000,0.299000,-0.135800,-0.056810,-5.804000,0.015660,-1.536100,12.582153
0.095993,0.3000,1.712000,0.230000,-0.482800,-0.067420,-5.645000,0.012040,-5.265482,18.999280
0.095993,0.5000,1.736000,0.211000,-0.492300,-0.071760,-5.784000,0.012330,-5.330799,19.176897
0.095993,0.7000,1.785000,0.201000,-0.510500,-0.080790,-6.019000,0.012830,-5.494092,19.606616
0.095993,0.9000,1.766000,0.203000,-0.501200,-0.103600,-5.806000,0.012380,-5.535918,19.749855
0.095993,1.1000,2.068000,0.453000,-0.576400,-0.138300,-5.806000,0.012380,-5.613840,21.898447
0.095993,1.3000,1.953000,0.431000,-0.530200,-0.110300,-5.806000,0.012380,-5.323924,20.322813
0.095993,1.6000,1.709000,0.407000,-0.421000,-0.094720,-5.806000,0.012380,-4.128161,18.076818
0.095993,2.0000,1.428000,0.371000,-0.297900,-0.080170,-5.806000,0.012380,-3.075637,15.137545
0.095993,2.5000,1.216000,0.330000,-0.203700,-0.066040,-5.806000,0.012380,-2.099890,13.241055
0.095993,3.0000,1.091000,0.296000,-0.150600,-0.056810,-5.806000,0.012380,-1.536100,12.255567
0.104720,0.3000,1.873000,0.222000,-0.525300,-0.067420,-5.647000,0.007988,-5.303870,19.222734
0.104720,0.5000,1.898000,0.203000,-0.535200,-0.071760,-5.786000,0.008184,-5.363458,19.383162
0.104720,0.7000,1.950000,0.193000,-0.554700,-0.080790,-6.021000,0.008517,-5.525032,19.801421
0.104720,0.9000,1.933000,0.195000,-0.546000,-0.103600,-5.808000,0.008216,-5.593787,20.001957
0.104720,1.1000,2.253000,0.436000,-0.632000,-0.138300,-5.808000,0.008216,-5.613840,22.007309
0.104720,1.3000,2.124000,0.416000,-0.579800,-0.110300,-5.808000,0.008216,-5.323924,20.357190
0.104720,1.6000,1.862000,0.400000,-0.461600,-0.094720,-5.808000,0.008216,-4.128161,18.157033
0.104720,2.0000,1.557000,0.367000,-0.326400,-0.080170,-5.808000,0.008216,-3.075637,15.263596
0.104720,2.5000,1.330000,0.328000,-0.223600,-0.066040,-5.808000,0.008216,-2.099890,13.481697
0.104720,3.0000,1.197000,0.295000,-0.165800,-0.056810,-5.808000,0.008216,-1.536100,12.536317
0.113446,0.3000,2.055000,0.212000,-0.575400,-0.067420,-5.648000,0.003077,-5.746767,20.477512
0.113446,0.5000,2.081000,0.192000,-0.585900,-0.071760,-5.787000,0.003153,-5.815522,20.649399
0.113446,0.7000,2.137000,0.182000,-0.607000,-0.080790,-6.022000,0.003281,-5.987409,21.090576
0.113446,0.9000,2.122000,0.185000,-0.598800,-0.103600,-5.809000,0.003165,-6.067623,21.314030
0.113446,1.1000,2.462000,0.415000,-0.688100,-0.138300,-5.809000,0.003165,-5.613840,23.411056
0.113446,1.3000,2.318000,0.398000,-0.629700,-0.110300,-5.809000,0.003165,-5.323924,21.611968
0.113446,1.6000,2.037000,0.391000,-0.502700,-0.094720,-5.809000,0.003165,-4.128161,19.383162
0.113446,2.0000,1.704000,0.362000,-0.355300,-0.080170,-5.809000,0.003165,-3.075637,16.369404
0.113446,2.5000,1.460000,0.325000,-0.244000,-0.066040,-5.809000,0.003165,-2.099890,14.501562
0.113446,3.0000,1.318000,0.293000,-0.181300,-0.056810,-5.809000,0.003165,-1.536100,13.504615
0.122173,0.3000,2.238000,0.201000,-0.625700,-0.067420,-5.648000,-0.002694,-5.711816,20.471782
0.122173,0.5000,2.266000,0.181000,-0.636700,-0.071760,-5.787000,-0.002760,-5.769685,20.620751
0.122173,0.7000,2.325000,0.170000,-0.659200,-0.080790,-6.022000,-0.002872,-5.935843,21.039010
0.122173,0.9000,2.313000,0.174000,-0.651900,-0.103600,-5.809000,-0.002770,-6.033246,21.331219
0.122173,1.1000,2.672000,0.392000,-0.744700,-0.138300,-5.809000,-0.002770,-5.613840,23.239168
0.122173,1.3000,2.511000,0.379000,-0.679700,-0.110300,-5.809000,-0.002770,-5.323924,21.377055
0.122173,1.6000,2.211000,0.381000,-0.544000,-0.094720,-5.809000,-0.002770,-4.128161,19.205545
0.122173,2.0000,1.853000,0.357000,-0.384700,-0.080170,-5.809000,-0.002770,-3.075637,16.369404
0.122173,2.5000,1.592000,0.321000,-0.264700,-0.066040,-5.809000,-0.002770,-2.099890,14.598965
0.122173,3.0000,1.441000,0.290000,-0.197200,-0.056810,-5.809000,-0.002770,-1.536100,13.739528
0.130900,0.3000,2.420000,0.190000,-0.675100,-0.067420,-5.647000,-0.009325,-5.741037,20.626481
0.130900,0.5000,2.449000,0.169000,-0.686600,-0.071760,-5.786000,-0.009553,-5.792603,20.752531
0.130900,0.7000,2.512000,0.158000,-0.710600,-0.080790,-6.021000,-0.009942,-5.941572,21.153602
0.130900,0.9000,2.503000,0.163000,-0.704100,-0.103600,-5.808000,-0.009590,-6.056164,21.508836
0.130900,1.1000,2.878000,0.368000,-0.801600,-0.138300,-5.808000,-0.009590,-5.613840,23.256357
0.130900,1.3000,2.701000,0.359000,-0.729800,-0.110300,-5.808000,-0.009590,-5.323924,21.314030
0.130900,1.6000,2.383000,0.371000,-0.585600,-0.094720,-5.808000,-0.009590,-4.128161,19.199816
0.130900,2.0000,2.001000,0.352000,-0.414500,-0.080170,-5.808000,-0.009590,-3.075637,16.569939
0.130900,2.5000,1.725000,0.318000,-0.285800,-0.066040,-5.808000,-0.009590,-2.099890,14.822418
0.130900,3.0000,1.567000,0.288000,-0.213600,-0.056810,-5.808000,-0.009590,-1.536100,14.169246
0.139626,0.3000,2.607000,0.177000,-0.725800,-0.067420,-5.646000,-0.016810,-5.884277,21.073388
0.139626,0.5000,2.636000,0.156000,-0.737800,-0.071760,-5.784000,-0.017230,-5.935843,21.193709
0.139626,0.7000,2.703000,0.145000,-0.762900,-0.080790,-6.019000,-0.017930,-6.061893,21.589050
0.139626,0.9000,2.697000,0.151000,-0.757700,-0.103600,-5.807000,-0.017290,-6.216592,21.990120
0.139626,1.1000,3.088000,0.343000,-0.858800,-0.138300,-5.807000,-0.017290,-5.613840,23.651698
0.139626,1.3000,2.893000,0.338000,-0.779800,-0.110300,-5.807000,-0.017290,-5.323924,21.617698
0.139626,1.6000,2.559000,0.361000,-0.627300,-0.094720,-5.807000,-0.017290,-4.128161,19.526402
0.139626,2.0000,2.154000,0.346000,-0.444900,-0.080170,-5.807000,-0.017290,-3.075637,17.045494
0.139626,2.5000,1.862000,0.315000,-0.307300,-0.066040,-5.807000,-0.017290,-2.099890,15.257866
0.139626,3.0000,1.699000,0.286000,-0.230400,-0.056810,-5.807000,-0.017290,-1.536100,14.879714
0.157080,0.3000,2.986000,0.151000,-0.828700,-0.067420,-5.640000,-0.034370,-6.010327,21.589050
0.157080,0.5000,3.017000,0.129000,-0.841100,-0.071760,-5.778000,-0.035210,-6.044705,21.680723
0.157080,0.7000,3.090000,0.116000,-0.868700,-0.080790,-6.013000,-0.036640,-6.199403,22.047416
0.157080,0.9000,3.093000,0.125000,-0.866600,-0.103600,-5.800000,-0.035350,-6.388479,22.563078
0.157080,1.1000,3.510000,0.289000,-0.974100,-0.138300,-5.800000,-0.035350,-5.613840,18.747179
0.157080,1.3000,3.279000,0.292000,-0.879800,-0.110300,-5.800000,-0.035350,-5.323924,18.002334
0.157080,1.6000,2.912000,0.339000,-0.711400,-0.094720,-5.800000,-0.035350,-4.128161,15.320891
0.157080,2.0000,2.467000,0.335000,-0.507100,-0.080170,-5.800000,-0.035350,-3.075637,12.943117
0.157080,2.5000,2.147000,0.308000,-0.351700,-0.066040,-5.800000,-0.035350,-2.099890,10.742959
0.157080,3.0000,1.978000,0.281000,-0.265700,-0.056810,-5.800000,-0.035350,-1.536100,9.430885
0.174533,0.3000,3.380000,0.120000,-0.935200,-0.067420,-5.630000,-0.055350,-6.199403,22.139089
0.174533,0.5000,3.412000,0.097000,-0.948200,-0.071760,-5.768000,-0.056700,-6.228051,22.202115
0.174533,0.7000,3.491000,0.082000,-0.978300,-0.080790,-6.003000,-0.059010,-6.359832,22.545889
0.174533,0.9000,3.504000,0.095000,-0.980000,-0.103600,-5.791000,-0.056920,-6.606203,23.164684
0.174533,1.1000,3.943000,0.229000,-1.090400,-0.138300,-5.791000,-0.056920,-5.613840,24.327788
0.174533,1.3000,3.672000,0.242000,-0.979500,-0.110300,-5.791000,-0.056920,-5.323924,21.932824
0.174533,1.6000,3.278000,0.314000,-0.796300,-0.094720,-5.791000,-0.056920,-4.128161,20.288436
0.174533,2.0000,2.797000,0.323000,-0.571600,-0.080170,-5.791000,-0.056920,-3.075637,18.420593
0.174533,2.5000,2.456000,0.300000,-0.398300,-0.066040,-5.791000,-0.056920,-2.099890,17.360621
0.174533,3.0000,2.284000,0.277000,-0.303300,-0.056810,-5.791000,-0.056920,-1.536100,17.549697
0.191986,0.3000,3.785000,0.085000,-1.045100,-0.067420,-5.617000,-0.079730,-6.359832,22.585996
0.191986,0.5000,3.817000,0.061000,-1.058400,-0.071760,-5.755000,-0.081690,-6.371291,22.620374
0.191986,0.7000,3.901000,0.045000,-1.090800,-0.080790,-5.989000,-0.085010,-6.497341,22.941230
0.191986,0.9000,3.928000,0.062000,-1.097300,-0.103600,-5.778000,-0.082000,-6.795279,23.657427
0.191986,1.1000,4.382000,0.163000,-1.207500,-0.138300,-5.778000,-0.082000,-5.613840,24.562701
0.191986,1.3000,4.069000,0.187000,-1.078600,-0.110300,-5.778000,-0.082000,-5.323924,22.116171
0.191986,1.6000,3.653000,0.288000,-0.881600,-0.094720,-5.778000,-0.082000,-4.128161,20.580644
0.191986,2.0000,3.144000,0.310000,-0.638600,-0.080170,-5.778000,-0.082000,-3.075637,19.297219
0.191986,2.5000,2.786000,0.293000,-0.447300,-0.066040,-5.778000,-0.082000,-2.099890,18.529455
0.191986,3.0000,2.622000,0.272000,-0.343600,-0.056810,-5.778000,-0.082000,-1.536100,19.222734
0.209440,0.3000,4.197000,0.046000,-1.157200,-0.067420,-5.601000,-0.107500,-6.508801,22.964148
0.209440,0.5000,4.229000,0.020000,-1.170500,-0.071760,-5.739000,-0.110100,-6.399939,22.729236
0.209440,0.7000,4.319000,0.003000,-1.205100,-0.080790,-5.972000,-0.114600,-6.422857,22.769343
0.209440,0.9000,4.361000,0.025000,-1.217300,-0.103600,-5.761000,-0.110600,-6.978626,24.092875
0.209440,1.1000,4.825000,0.092000,-1.324900,-0.138300,-5.761000,-0.110600,-5.613840,24.723129
0.209440,1.3000,4.471000,0.129000,-1.176900,-0.110300,-5.761000,-0.110600,-5.323924,22.305247
0.209440,1.6000,4.034000,0.259000,-0.967000,-0.094720,-5.761000,-0.110600,-4.128161,20.861393
0.209440,2.0000,3.510000,0.297000,-0.708400,-0.080170,-5.761000,-0.110600,-3.075637,20.299895
0.209440,2.5000,3.141000,0.286000,-0.498900,-0.066040,-5.761000,-0.110600,-2.099890,19.996227
0.209440,3.0000,2.993000,0.268000,-0.386800,-0.056810,-5.761000,-0.110600,-1.536100,21.039010
0.226893,0.3000,4.620000,0.003000,-1.272300,-0.067420,-5.582000,-0.138600,-6.325454,22.522971
0.226893,0.5000,4.642000,-0.025000,-1.281900,-0.071760,-5.719000,-0.142000,-6.124919,22.047416
0.226893,0.7000,4.727000,-0.046000,-1.315000,-0.080790,-5.951000,-0.147800,-5.912924,21.520295
0.226893,0.9000,4.805000,-0.016000,-1.340900,-0.103600,-5.741000,-0.142600,-6.949978,23.995472
0.226893,1.1000,5.273000,0.016000,-1.442500,-0.138300,-5.741000,-0.142600,-5.613840,25.055444
0.226893,1.3000,4.877000,0.066000,-1.274600,-0.110300,-5.741000,-0.142600,-5.323924,22.505782
0.226893,1.6000,4.424000,0.229000,-1.052300,-0.094720,-5.741000,-0.142600,-4.128161,21.256734
0.226893,2.0000,3.900000,0.284000,-0.781300,-0.080170,-5.741000,-0.142600,-3.075637,21.377055
0.226893,2.5000,3.530000,0.278000,-0.553900,-0.066040,-5.741000,-0.142600,-2.099890,21.566131
0.226893,3.0000,3.403000,0.265000,-0.433300,-0.056810,-5.741000,-0.142600,-1.536100,22.677670
0.244346,0.3000,5.019000,-0.049000,-1.378100,-0.067420,-5.559000,-0.173100,-5.792603,21.193709
0.244346,0.5000,5.033000,-0.080000,-1.384300,-0.071760,-5.695000,-0.177400,-5.506124,20.529078
0.244346,0.7000,5.101000,-0.105000,-1.411400,-0.080790,-5.927000,-0.184600,-5.110211,19.572238
0.244346,0.9000,5.238000,-0.064000,-1.459900,-0.103600,-5.717000,-0.178100,-5.539356,20.586374
0.244346,1.1000,5.730000,-0.065000,-1.560000,-0.138300,-5.717000,-0.178100,-5.613840,25.319005
0.244346,1.3000,5.289000,-0.000000,-1.370900,-0.110300,-5.717000,-0.178100,-5.323924,22.603185
0.244346,1.6000,4.825000,0.196000,-1.137300,-0.094720,-5.717000,-0.178100,-4.128161,21.686453
0.244346,2.0000,4.311000,0.270000,-0.857900,-0.080170,-5.717000,-0.178100,-3.075637,22.568808
0.244346,2.5000,3.949000,0.271000,-0.612200,-0.066040,-5.717000,-0.178100,-2.099890,23.296464
0.244346,3.0000,3.841000,0.261000,-0.483000,-0.056810,-5.717000,-0.178100,-1.536100,23.399596
0.261799,0.3000,5.396000,-0.110000,-1.474500,-0.067420,-5.533000,-0.210900,-5.327935,20.019145
0.261799,0.5000,5.391000,-0.145000,-1.474100,-0.071760,-5.668000,-0.216100,-4.956085,19.165438
0.261799,0.7000,5.439000,-0.175000,-1.493300,-0.080790,-5.899000,-0.224900,-4.432974,17.945038
0.261799,0.9000,5.558000,-0.135000,-1.534300,-0.103600,-5.690000,-0.216900,-3.872622,16.604317
0.261799,1.1000,6.190000,-0.150000,-1.677200,-0.138300,-5.690000,-0.216900,-5.613840,25.347653
0.261799,1.3000,5.702000,-0.070000,-1.465600,-0.110300,-5.690000,-0.216900,-5.323924,22.580267
0.261799,1.6000,5.237000,0.161000,-1.221800,-0.094720,-5.690000,-0.216900,-4.128161,22.104712
0.261799,2.0000,4.752000,0.256000,-0.938300,-0.080170,-5.690000,-0.216900,-3.075637,24.041309
0.261799,2.5000,4.409000,0.264000,-0.674400,-0.066040,-5.690000,-0.216900,-2.099890,25.061174
0.261799,3.0000,4.286000,0.258000,-0.535400,-0.056810,-5.690000,-0.216900,-1.536100,23.382408
0.279253,0.3000,5.754000,-0.180000,-1.564100,-0.067420,-5.503000,-0.252000,-4.958377,19.068035
0.279253,0.5000,5.733000,-0.219000,-1.557400,-0.071760,-5.638000,-0.258100,-4.553296,18.168492
0.279253,0.7000,5.754000,-0.255000,-1.566100,-0.080790,-5.867000,-0.268600,-3.868611,16.604317
0.279253,0.9000,5.844000,-0.218000,-1.595100,-0.103600,-5.660000,-0.259100,-3.044125,14.656260
0.279253,1.1000,6.651000,-0.240000,-1.793600,-0.138300,-5.660000,-0.259100,-5.613840,25.330464
0.279253,1.3000,6.117000,-0.143000,-1.558400,-0.110300,-5.660000,-0.259100,-5.323924,22.574537
0.279253,1.6000,5.659000,0.125000,-1.305300,-0.094720,-5.660000,-0.259100,-4.128161,22.379731
0.279253,2.0000,5.226000,0.243000,-1.023900,-0.080170,-5.660000,-0.259100,-3.075637,25.588295
0.279253,2.5000,4.902000,0.258000,-0.740200,-0.066040,-5.660000,-0.259100,-2.099890,26.144064
0.279253,3.0000,4.734000,0.257000,-0.590600,-0.056810,-5.660000,-0.259100,-1.536100,23.044363
0.296706,0.3000,6.097000,-0.259000,-1.647600,-0.067420,-5.470000,-0.296200,-4.597986,18.151303
0.296706,0.5000,6.056000,-0.302000,-1.633000,-0.071760,-5.604000,-0.303500,-4.109253,17.079872
0.296706,0.7000,6.042000,-0.344000,-1.628400,-0.080790,-5.832000,-0.315800,-3.254400,15.177652
0.296706,0.9000,6.090000,-0.312000,-1.640500,-0.103600,-5.626000,-0.304700,-2.125100,12.536317
0.296706,1.1000,7.115000,-0.333000,-1.909000,-0.138300,-5.626000,-0.304700,-5.613840,25.324735
0.296706,1.3000,6.536000,-0.218000,-1.649100,-0.110300,-5.626000,-0.304700,-5.323924,22.585996
0.296706,1.6000,6.089000,0.086000,-1.387700,-0.094720,-5.626000,-0.304700,-4.128161,22.631833
0.296706,2.0000,5.735000,0.232000,-1.117200,-0.080170,-5.626000,-0.304700,-3.075637,27.301439
0.296706,2.5000,5.413000,0.253000,-0.809500,-0.066040,-5.626000,-0.304700,-2.099890,26.464921
0.296706,3.0000,5.179000,0.256000,-0.648100,-0.056810,-5.626000,-0.304700,-1.536100,22.740695
0.314159,0.3000,6.422000,-0.347000,-1.724600,-0.067420,-5.434000,-0.343700,-4.183165,17.108520
0.314159,0.5000,6.357000,-0.395000,-1.700800,-0.071760,-5.567000,-0.352100,-3.607915,15.853742
0.314159,0.7000,6.302000,-0.444000,-1.679700,-0.080790,-5.794000,-0.366500,-2.569143,13.590559
0.314159,0.9000,6.294000,-0.419000,-1.669300,-0.103600,-5.589000,-0.353500,-1.090912,10.198649
0.314159,1.1000,7.582000,-0.431000,-2.023000,-0.138300,-5.589000,-0.353500,-5.613840,25.290357
0.314159,1.3000,6.957000,-0.296000,-1.737100,-0.110300,-5.589000,-0.353500,-5.323924,22.792261
0.314159,1.6000,6.530000,0.046000,-1.469500,-0.094720,-5.589000,-0.353500,-4.128161,23.279275
0.314159,2.0000,6.286000,0.221000,-1.217300,-0.080170,-5.589000,-0.353500,-3.075637,29.650566
0.314159,2.5000,5.931000,0.248000,-0.882200,-0.066040,-5.589000,-0.353500,-2.099890,26.344599
0.314159,3.0000,5.628000,0.256000,-0.708700,-0.056810,-5.589000,-0.353500,-1.536100,22.912582
0.331613,0.3000,6.724000,-0.446000,-1.793600,-0.067420,-5.395000,-0.394300,-3.686983,15.865201
0.331613,0.5000,6.632000,-0.498000,-1.758900,-0.071760,-5.527000,-0.404000,-3.015477,14.415618
0.331613,0.7000,6.528000,-0.554000,-1.718000,-0.080790,-5.752000,-0.420400,-1.773877,11.751364
0.331613,0.9000,6.448000,-0.537000,-1.678600,-0.103600,-5.549000,-0.405600,0.085084,7.637527
0.331613,1.1000,8.050000,-0.531000,-2.135400,-0.138300,-5.549000,-0.405600,-5.613840,25.221602
0.331613,1.3000,7.390000,-0.376000,-1.822600,-0.110300,-5.549000,-0.405600,-5.323924,22.895393
0.331613,1.6000,6.992000,0.004000,-1.550100,-0.094720,-5.549000,-0.405600,-4.128161,23.943906
0.331613,2.0000,6.898000,0.215000,-1.332800,-0.080170,-5.549000,-0.405600,-3.075637,32.142932
0.331613,2.5000,6.453000,0.244000,-0.958800,-0.066040,-5.549000,-0.405600,-2.099890,26.166983
0.331613,3.0000,6.093000,0.257000,-0.772900,-0.056810,-5.549000,-0.405600,-1.536100,22.849557
0.349066,0.3000,7.001000,-0.554000,-1.853300,-0.067420,-5.353000,-0.448000,-3.108869,14.467184
0.349066,0.5000,6.877000,-0.611000,-1.806100,-0.071760,-5.484000,-0.459000,-2.333084,12.822795
0.349066,0.7000,6.716000,-0.673000,-1.741600,-0.080790,-5.707000,-0.477700,-1.054242,10.141353
0.349066,0.9000,6.549000,-0.665000,-1.666300,-0.103600,-5.505000,-0.460800,0.534512,6.812468
0.349066,1.1000,8.521000,-0.634000,-2.245700,-0.138300,-5.505000,-0.460800,-5.613840,25.181495
0.349066,1.3000,7.823000,-0.457000,-1.904900,-0.110300,-5.505000,-0.460800,-5.323924,22.855286
0.349066,1.6000,7.469000,-0.039000,-1.628800,-0.094720,-5.505000,-0.460800,-4.128161,24.379354
0.349066,2.0000,7.561000,0.214000,-1.462400,-0.080170,-5.505000,-0.460800,-3.075637,33.752944
0.349066,2.5000,6.982000,0.242000,-1.040200,-0.066040,-5.505000,-0.460800,-2.099890,26.058121
0.349066,3.0000,6.555000,0.259000,-0.840500,-0.056810,-5.505000,-0.460800,-1.536100,22.305247
0.436332,0.3000,7.928000,-1.243000,-1.988600,-0.067420,-5.096000,-0.760800,-0.329508,7.958384
0.436332,0.5000,7.585000,-1.307000,-1.849500,-0.071760,-5.221000,-0.779500,0.517782,6.405668
0.436332,0.7000,7.244000,-1.366000,-1.703900,-0.080790,-5.433000,-0.811200,0.684112,6.440046
0.436332,0.9000,7.291000,-1.372000,-1.693100,-0.103600,-5.241000,-0.782500,-0.975174,10.989331
0.436332,1.1000,10.945000,-1.194000,-2.755400,-0.138300,-5.241000,-0.782500,-5.613840,24.539782
0.436332,1.3000,10.099000,-0.883000,-2.263300,-0.110300,-5.241000,-0.782500,-5.323924,23.009985
0.436332,1.6000,10.086000,-0.286000,-1.981600,-0.094720,-5.241000,-0.782500,-4.128161,24.556971
0.436332,2.0000,11.390000,0.294000,-2.340000,-0.080170,-5.241000,-0.782500,-3.075637,30.922532
0.436332,2.5000,9.745000,0.255000,-1.538000,-0.066040,-5.241000,-0.782500,-2.099890,27.330087
0.436332,3.0000,8.860000,0.291000,-1.243500,-0.056810,-5.241000,-0.782500,-1.536100,21.348407
0.523599,0.3000,8.241000,-2.042000,-1.910800,-0.067420,-4.770000,-1.141000,3.686410,-0.587282
0.523599,0.5000,7.797000,-2.072000,-1.715700,-0.071760,-4.887000,-1.169000,2.908907,1.228994
0.523599,0.7000,7.626000,-2.121000,-1.622300,-0.080790,-5.086000,-1.217000,1.149926,5.775415
0.523599,0.9000,8.295000,-2.232000,-1.836500,-0.103600,-4.906000,-1.174000,-1.435259,12.077950
0.523599,1.1000,13.422000,-1.766000,-3.160500,-0.138300,-4.906000,-1.174000,-5.613840,22.517241
0.523599,1.3000,12.565000,-1.284000,-2.509800,-0.110300,-4.906000,-1.174000,-5.323924,21.422892
0.523599,1.6000,12.754000,-0.544000,-2.233300,-0.094720,-4.906000,-1.174000,-4.128161,19.469106
0.523599,2.0000,14.468000,0.201000,-2.955200,-0.080170,-4.906000,-1.174000,-3.075637,21.927095
0.523599,2.5000,13.288000,0.520000,-2.539500,-0.066040,-4.906000,-1.174000,-2.099890,23.078740
0.523599,3.0000,11.547000,0.405000,-1.850100,-0.056810,-4.906000,-1.174000,-1.536100,22.740695
0.610865,0.3000,7.402000,-2.693000,-1.345200,-0.067420,-4.385000,-1.578000,5.671136,-4.784771
0.610865,0.5000,7.414000,-2.734000,-1.341800,-0.071760,-4.492000,-1.617000,3.716204,-0.767190
0.610865,0.7000,7.902000,-2.925000,-1.503200,-0.080790,-4.675000,-1.683000,1.409476,5.068958
0.610865,0.9000,9.094000,-3.218000,-1.943600,-0.103600,-4.510000,-1.623000,-0.791828,10.313240
0.610865,1.1000,15.933000,-2.271000,-3.417700,-0.138300,-4.510000,-1.623000,-5.613840,18.729990
0.610865,1.3000,15.090000,-1.577000,-2.615900,-0.110300,-4.510000,-1.623000,-5.323924,15.286514
0.610865,1.6000,14.927000,-0.753000,-2.343000,-0.094720,-4.510000,-1.623000,-4.128161,11.688339
0.610865,2.0000,17.133000,0.016000,-3.502700,-0.080170,-4.510000,-1.623000,-3.075637,14.346863
0.610865,2.5000,15.890000,0.460000,-3.125300,-0.066040,-4.510000,-1.623000,-2.099890,13.894227
0.610865,3.0000,15.021000,0.747000,-2.898800,-0.056810,-4.510000,-1.623000,-1.536100,18.609669
0.698132,0.3000,6.897000,-3.172000,-0.921000,-0.067420,-3.952000,-2.061000,4.471363,-2.828693
0.698132,0.5000,7.213000,-3.312000,-1.067100,-0.071760,-4.049000,-2.111000,3.286486,-0.469768
0.698132,0.7000,8.050000,-3.707000,-1.376300,-0.080790,-4.214000,-2.197000,2.060356,2.959327
0.698132,0.9000,9.590000,-4.284000,-1.974700,-0.103600,-4.065000,-2.120000,0.534169,7.150513
0.698132,1.1000,18.406000,-2.608000,-3.492800,-0.138300,-4.065000,-2.120000,-5.613840,11.218514
0.698132,1.3000,17.125000,-1.669000,-2.556100,-0.110300,-4.065000,-2.120000,-5.323924,5.758226
0.698132,1.6000,16.730000,-0.842000,-2.321600,-0.094720,-4.065000,-2.120000,-4.128161,3.748290
0.698132,2.0000,19.280000,-0.255000,-3.909400,-0.080170,-4.065000,-2.120000,-3.075637,6.984356
0.698132,2.5000,18.067000,0.261000,-3.582200,-0.066040,-4.065000,-2.120000,-2.099890,7.878170
0.698132,3.0000,17.564000,0.636000,-3.443800,-0.056810,-4.065000,-2.120000,-1.536100,10.003843
0.785398,0.3000,6.530000,-3.531000,-0.564800,-0.067420,-3.486000,-2.575000,3.692140,-1.945192
0.785398,0.5000,6.934000,-3.756000,-0.768200,-0.071760,-3.571000,-2.638000,3.563225,-1.712571
0.785398,0.7000,7.905000,-4.352000,-1.143600,-0.080790,-3.717000,-2.745000,3.271589,-0.271697
0.785398,0.9000,9.630000,-5.280000,-1.850400,-0.103600,-3.585000,-2.648000,2.315895,3.005737
0.785398,1.1000,20.407000,-2.661000,-3.361800,-0.138300,-3.585000,-2.648000,-5.613840,1.070858
0.785398,1.3000,18.683000,-1.498000,-2.370700,-0.110300,-3.585000,-2.648000,-5.323924,-3.948252
0.785398,1.6000,18.076000,-0.752000,-2.204000,-0.094720,-3.585000,-2.648000,-4.128161,-4.749247
0.785398,2.0000,20.996000,-0.563000,-4.112800,-0.080170,-3.585000,-2.648000,-3.075637,0.144443
0.785398,2.5000,19.942000,-0.037000,-3.864600,-0.066040,-3.585000,-2.648000,-2.099890,2.543933
0.785398,3.0000,19.620000,0.357000,-3.790400,-0.056810,-3.585000,-2.648000,-1.536100,3.194240
0.872665,0.3000,6.011000,-3.651000,-0.063900,-0.067420,-2.999000,-3.105000,5.930113,-6.915601
0.872665,0.5000,6.453000,-3.986000,-0.288100,-0.071760,-3.073000,-3.182000,5.576598,-5.615559
0.872665,0.7000,7.445000,-4.774000,-0.693800,-0.080790,-3.198000,-3.311000,5.606392,-4.950928
0.872665,0.9000,9.170000,-6.021000,-1.493100,-0.103600,-3.085000,-3.194000,4.851234,-4.474227
0.872665,1.1000,21.831000,-2.320000,-3.038300,-0.138300,-3.085000,-3.194000,-5.613840,18.747179
0.872665,1.3000,20.029000,-1.026000,-2.109600,-0.110300,-3.085000,-3.194000,-5.323924,18.002334
0.872665,1.6000,19.023000,-0.450000,-2.024000,-0.094720,-3.085000,-3.194000,-4.128161,15.320891
0.872665,2.0000,22.079000,-0.807000,-4.064500,-0.080170,-3.085000,-3.194000,-3.075637,12.943117
0.872665,2.5000,21.374000,-0.356000,-3.913200,-0.066040,-3.085000,-3.194000,-2.099890,10.742959
0.872665,3.0000,21.114000,-0.005000,-3.904800,-0.056810,-3.085000,-3.194000,-1.536100,9.430885
0.959931,0.3000,5.312000,-3.428000,0.746200,-0.067420,-2.507000,-3.638000,12.639449,-11.550829
0.959931,0.5000,5.755000,-3.872000,0.507800,-0.071760,-2.568000,-3.727000,12.662367,-11.092463
0.959931,0.7000,6.654000,-4.793000,0.117100,-0.080790,-2.673000,-3.879000,12.977494,-11.103922
0.959931,0.9000,8.175000,-6.216000,-0.761100,-0.103600,-2.578000,-3.742000,11.923252,-12.163894
0.959931,1.1000,22.693000,-1.498000,-2.569200,-0.138300,-2.578000,-3.742000,-5.613840,-22.597455
0.959931,1.3000,21.011000,-0.254000,-1.816500,-0.110300,-2.578000,-3.742000,-5.323924,-19.893095
0.959931,1.6000,19.816000,0.125000,-1.779500,-0.094720,-2.578000,-3.742000,-4.128161,-18.351838
0.959931,2.0000,22.528000,-0.858000,-3.759000,-0.080170,-2.578000,-3.742000,-3.075637,-17.039765
0.959931,2.5000,22.201000,-0.573000,-3.702400,-0.066040,-2.578000,-3.742000,-2.099890,-13.206677
0.959931,3.0000,21.973000,-0.331000,-3.752000,-0.056810,-2.578000,-3.742000,-1.536100,-11.459156
1.047198,0.3000,4.477000,-2.778000,2.141900,-0.067420,-2.024000,-4.157000,22.488593,-16.197517
1.047198,0.5000,4.856000,-3.276000,1.922000,-0.071760,-2.074000,-4.259000,22.935501,-16.495455
1.047198,0.7000,5.609000,-4.273000,1.571200,-0.080790,-2.158000,-4.433000,23.720453,-17.228841
1.047198,0.9000,6.826000,-5.740000,0.588100,-0.103600,-2.082000,-4.276000,22.076064,-19.904554
1.047198,1.1000,23.374000,-0.208000,-2.060400,-0.138300,-2.082000,-4.276000,-5.613840,-31.604352
1.047198,1.3000,21.808000,0.827000,-1.517100,-0.110300,-2.082000,-4.276000,-5.323924,-27.226954
1.047198,1.6000,20.459000,0.993000,-1.502600,-0.094720,-2.082000,-4.276000,-4.128161,-24.929394
1.047198,2.0000,22.666000,-0.582000,-3.244000,-0.080170,-2.082000,-4.276000,-3.075637,-24.150171
1.047198,2.5000,22.465000,-0.548000,-3.257100,-0.066040,-2.082000,-4.276000,-2.099890,-20.844205
1.047198,3.0000,22.325000,-0.477000,-3.348400,-0.056810,-2.082000,-4.276000,-1.536100,-18.363297
1.134464,0.3000,3.612000,-1.656000,4.671000,-0.067420,-1.566000,-4.648000,43.126533,-20.775450
1.134464,0.5000,3.892000,-2.149000,4.511300,-0.071760,-1.605000,-4.762000,44.152128,-21.646346
1.134464,0.7000,4.462000,-3.144000,4.257100,-0.080790,-1.670000,-4.956000,45.819435,-23.267816
1.134464,0.9000,5.319000,-4.479000,3.092300,-0.103600,-1.611000,-4.781000,42.817136,-26.911828
1.134464,1.1000,23.980000,1.553000,-1.567200,-0.138300,-1.611000,-4.781000,-5.613840,-39.098640
1.134464,1.3000,22.416000,2.170000,-1.246900,-0.110300,-1.611000,-4.781000,-5.323924,-33.667000
1.134464,1.6000,20.973000,2.153000,-1.224900,-0.094720,-1.611000,-4.781000,-4.128161,-30.870966
1.134464,2.0000,22.530000,0.123000,-2.597000,-0.080170,-1.611000,-4.781000,-3.075637,-31.254848
1.134464,2.5000,22.296000,-0.157000,-2.648200,-0.066040,-1.611000,-4.781000,-2.099890,-27.788453
1.134464,3.0000,22.232000,-0.303000,-2.756700,-0.056810,-1.611000,-4.781000,-1.536100,-25.061174
1.221730,0.3000,2.836000,-0.052000,9.669300,-0.067420,-1.146000,-5.097000,92.819163,-24.889287
1.221730,0.5000,3.014000,-0.486000,9.627800,-0.071760,-1.174000,-5.222000,95.569360,-26.304492
1.221730,0.7000,3.389000,-1.368000,9.568000,-0.080790,-1.222000,-5.434000,99.751952,-28.963017
1.221730,0.9000,3.926000,-2.495000,8.060700,-0.103600,-1.179000,-5.242000,93.449416,-32.641406
1.221730,1.1000,24.524000,3.560000,-1.191700,-0.138300,-1.179000,-5.242000,-5.613840,-43.945863
1.221730,1.3000,22.975000,3.774000,-1.014700,-0.110300,-1.179000,-5.242000,-5.323924,-38.823620
1.221730,1.6000,21.440000,3.567000,-0.983700,-0.094720,-1.179000,-5.242000,-4.128161,-35.815592
1.221730,2.0000,22.228000,1.299000,-1.921000,-0.080170,-1.179000,-5.242000,-3.075637,-37.482899
1.221730,2.5000,21.886000,0.669000,-1.979200,-0.066040,-1.179000,-5.242000,-2.099890,-33.672730
1.221730,3.0000,21.837000,0.284000,-2.078900,-0.056810,-1.179000,-5.242000,-1.536100,-30.956910
1.308997,0.3000,2.295000,1.978000,20.868000,-0.067420,-0.777300,-5.490000,244.882162,-28.401518
1.308997,0.5000,2.375000,1.669000,21.191700,-0.071760,-0.796400,-5.624000,254.507853,-30.275090
1.308997,0.7000,2.566000,1.018000,21.667100,-0.080790,-0.828800,-5.853000,267.571290,-33.810239
1.308997,0.9000,2.858000,0.134000,19.400000,-0.103600,-0.799500,-5.646000,251.585768,-37.110476
1.308997,1.1000,25.202000,5.659000,-0.954400,-0.138300,-0.799500,-5.646000,-5.613840,-46.976810
1.308997,1.3000,23.572000,5.559000,-0.846800,-0.110300,-0.799500,-5.646000,-5.323924,-42.490550
1.308997,1.6000,21.916000,5.188000,-0.799200,-0.094720,-0.799500,-5.646000,-4.128161,-39.385119
1.308997,2.0000,21.956000,2.913000,-1.323100,-0.080170,-0.799500,-5.646000,-3.075637,-42.226990
1.308997,2.5000,21.447000,1.928000,-1.363800,-0.066040,-0.799500,-5.646000,-2.099890,-38.204826
1.308997,3.0000,21.356000,1.304000,-1.435400,-0.056810,-0.799500,-5.646000,-1.536100,-35.592138
1.396263,0.3000,2.095000,4.369000,52.405400,-0.067420,-0.470500,-5.816000,906.419232,-31.180363
1.396263,0.5000,2.106000,4.227000,54.047300,-0.071760,-0.482100,-5.958000,961.423180,-33.288848
1.396263,0.7000,2.164000,3.892000,56.263700,-0.080790,-0.501700,-6.201000,1019.864875,-37.345389
1.396263,0.9000,2.295000,3.238000,51.968500,-0.103600,-0.483900,-5.981000,960.850222,-39.923699
1.396263,1.1000,25.984000,7.787000,-0.828600,-0.138300,-0.483900,-5.981000,-5.613840,-49.543661
1.396263,1.3000,24.294000,7.436000,-0.754500,-0.110300,-0.483900,-5.981000,-5.323924,-45.343880
1.396263,1.6000,22.465000,6.898000,-0.695200,-0.094720,-0.483900,-5.981000,-4.128161,-42.381688
1.396263,2.0000,21.875000,4.861000,-0.888500,-0.080170,-0.483900,-5.981000,-3.075637,-45.286584
1.396263,2.5000,21.165000,3.540000,-0.899600,-0.066040,-0.483900,-5.981000,-2.099890,-41.195665
1.396263,3.0000,20.991000,2.696000,-0.935700,-0.056810,-0.483900,-5.981000,-1.536100,-38.726217
1.483530,0.3000,2.340000,6.989000,0.000000,-0.067420,-0.235200,-6.065000,2924.376586,-32.904966
1.483530,0.5000,2.318000,7.037000,0.000000,-0.071760,-0.241000,-6.214000,3206.271822,-35.059287
1.483530,0.7000,2.308000,7.066000,0.000000,-0.080790,-0.250800,-6.467000,3363.835215,-39.293446
1.483530,0.9000,2.351000,6.588000,0.000000,-0.103600,-0.242000,-6.238000,3048.135470,-41.046696
1.483530,1.1000,26.822000,9.966000,-0.784200,-0.138300,-0.242000,-6.238000,-5.613840,-51.772466
1.483530,1.3000,25.050000,9.402000,-0.722900,-0.110300,-0.242000,-6.238000,-5.323924,-48.248776
1.483530,1.6000,23.064000,8.780000,-0.647300,-0.094720,-0.242000,-6.238000,-4.128161,-44.988646
1.483530,2.0000,22.077000,6.986000,-0.662300,-0.080170,-0.242000,-6.238000,-3.075637,-46.552821
1.483530,2.5000,21.160000,5.366000,-0.647000,-0.066040,-0.242000,-6.238000,-2.099890,-42.524928
1.483530,3.0000,20.881000,4.328000,-0.653400,-0.056810,-0.242000,-6.238000,-1.536100,-40.233096
1.570796,0.3000,3.084000,9.682000,0.000000,-0.067420,-0.078620,-6.231000,186.898833,-32.607028
1.570796,0.5000,3.066000,9.917000,0.000000,-0.071760,-0.080550,-6.384000,206.780468,-34.715513
1.570796,0.7000,3.058000,10.315000,0.000000,-0.080790,-0.083830,-6.644000,219.156357,-38.909564
1.570796,0.9000,3.058000,9.955000,0.000000,-0.103600,-0.080870,-6.409000,218.296920,-40.307581
1.570796,1.1000,27.713000,12.193000,-0.810800,-0.138300,-0.080870,-6.409000,-5.613840,-51.634956
1.570796,1.3000,25.859000,11.525000,-0.751100,-0.110300,-0.080870,-6.409000,-5.323924,-48.695683
1.570796,1.6000,23.772000,10.745000,-0.675000,-0.094720,-0.080870,-6.409000,-4.128161,-45.080319
1.570796,2.0000,22.572000,9.113000,-0.641700,-0.080170,-0.080870,-6.409000,-3.075637,-43.877108
1.570796,2.5000,21.467000,7.233000,-0.616500,-0.066040,-0.080870,-6.409000,-2.099890,-40.250285
1.570796,3.0000,21.076000,6.032000,-0.610200,-0.056810,-0.080870,-6.409000,-1.536100,-38.210555
1.658063,0.3000,4.312000,12.120000,0.000000,-0.067420,-0.005424,-6.309000,-2709.517413,-29.455760
1.658063,0.5000,4.331000,12.537000,0.000000,-0.071760,-0.005557,-6.464000,-2973.650957,-31.535597
1.658063,0.7000,4.389000,13.297000,0.000000,-0.080790,-0.005783,-6.726000,-3114.598574,-35.637975
1.658063,0.9000,4.370000,13.062000,0.000000,-0.103600,-0.005579,-6.489000,-2803.482492,-37.505817
1.658063,1.1000,28.645000,14.160000,-0.892200,-0.138300,-0.005579,-6.489000,-5.613840,-47.469553
1.658063,1.3000,26.737000,13.402000,-0.837400,-0.110300,-0.005579,-6.489000,-5.323924,-44.112021
1.658063,1.6000,24.592000,12.508000,-0.767400,-0.094720,-0.005579,-6.489000,-4.128161,-41.671220
1.658063,2.0000,23.219000,10.710000,-0.741500,-0.080170,-0.005579,-6.489000,-3.075637,-38.972589
1.658063,2.5000,21.950000,8.646000,-0.726000,-0.066040,-0.005579,-6.489000,-2.099890,-36.153637
1.658063,3.0000,21.439000,7.321000,-0.724800,-0.056810,-0.005579,-6.489000,-1.536100,-34.457682
1.745329,0.3000,5.886000,14.013000,89.873200,-0.067420,-0.017870,-6.296000,-957.412476,-24.654374
1.745329,0.5000,5.974000,14.605000,94.604200,-0.071760,-0.018300,-6.450000,-1003.249099,-26.613890
1.745329,0.7000,6.161000,15.705000,99.769200,-0.080790,-0.019050,-6.712000,-1047.366849,-30.429788
1.745329,0.9000,6.163000,15.669000,94.717100,-0.103600,-0.018380,-6.475000,-975.747125,-33.220093
1.745329,1.1000,29.500000,15.593000,-0.961700,-0.138300,-0.018380,-6.475000,-5.613840,-41.407660
1.745329,1.3000,27.545000,14.664000,-0.902100,-0.110300,-0.018380,-6.475000,-5.323924,-37.523006
1.745329,1.6000,25.399000,13.817000,-0.851800,-0.094720,-0.018380,-6.475000,-4.128161,-36.113530
1.745329,2.0000,23.824000,11.960000,-0.848200,-0.080170,-0.018380,-6.475000,-3.075637,-34.366009
1.745329,2.5000,22.419000,9.799000,-0.864700,-0.066040,-0.018380,-6.475000,-2.099890,-32.469518
1.745329,3.0000,21.779000,8.392000,-0.884500,-0.056810,-0.018380,-6.475000,-1.536100,-31.082960
1.832596,0.3000,7.662000,15.291000,44.636000,-0.067420,-0.115600,-6.192000,88.980346,-19.509213
1.832596,0.5000,7.843000,16.029000,49.944600,-0.071760,-0.118400,-6.344000,260.523909,-21.182250
1.832596,0.7000,8.208000,17.409000,55.096600,-0.080790,-0.123200,-6.602000,-1229.567428,-24.385084
1.832596,0.9000,8.286000,17.648000,54.919700,-0.103600,-0.118900,-6.369000,-341.654733,-27.977529
1.832596,1.1000,30.194000,16.579000,-0.973000,-0.138300,-0.118900,-6.369000,-5.613840,-35.890076
1.832596,1.3000,28.192000,15.460000,-0.898600,-0.110300,-0.118900,-6.369000,-5.323924,-31.839265
1.832596,1.6000,26.078000,14.657000,-0.868600,-0.094720,-0.118900,-6.369000,-4.128161,-30.888155
1.832596,2.0000,24.285000,12.843000,-0.902000,-0.080170,-0.118900,-6.369000,-3.075637,-28.934369
1.832596,2.5000,22.775000,10.661000,-0.971500,-0.066040,-0.118900,-6.369000,-2.099890,-27.880126
1.832596,3.0000,21.997000,9.207000,-1.026300,-0.056810,-0.118900,-6.369000,-1.536100,-26.717022
1.919862,0.3000,9.530000,15.929000,0.000000,-0.067420,-0.295600,-6.001000,67.952795,-14.639072
1.919862,0.5000,9.814000,16.773000,0.000000,-0.071760,-0.302800,-6.148000,31.976775,-15.819365
1.919862,0.7000,10.377000,18.349000,0.000000,-0.080790,-0.315100,-6.399000,3.065324,-18.099737
1.919862,0.9000,10.584000,18.904000,35.090800,-0.103600,-0.304000,-6.172000,252.044134,-22.110441
1.919862,1.1000,30.728000,17.275000,-0.920000,-0.138300,-0.304000,-6.172000,-5.613840,-31.174634
1.919862,1.3000,28.744000,15.909000,-0.819600,-0.110300,-0.304000,-6.172000,-5.323924,-26.539405
1.919862,1.6000,26.635000,15.217000,-0.820300,-0.094720,-0.304000,-6.172000,-4.128161,-26.109687
1.919862,2.0000,24.554000,13.374000,-0.873600,-0.080170,-0.304000,-6.172000,-3.075637,-23.961095
1.919862,2.5000,22.952000,11.237000,-1.006600,-0.066040,-0.304000,-6.172000,-2.099890,-22.717777
1.919862,3.0000,22.022000,9.766000,-1.103900,-0.056810,-0.304000,-6.172000,-1.536100,-21.680723
2.007129,0.3000,11.422000,15.977000,56.500300,-0.067420,-0.552400,-5.729000,-322.002281,-10.393454
2.007129,0.5000,11.799000,16.868000,55.525700,-0.071760,-0.566000,-5.869000,-530.272439,-11.029438
2.007129,0.7000,12.544000,18.534000,55.630800,-0.080790,-0.589000,-6.108000,920.743177,-12.267026
2.007129,0.9000,12.916000,19.410000,98.910100,-0.103600,-0.568200,-5.892000,25.330464,-16.249083
2.007129,1.1000,31.127000,17.782000,-0.811800,-0.138300,-0.568200,-5.892000,-5.613840,-26.178442
2.007129,1.3000,29.147000,16.048000,-0.662000,-0.110300,-0.568200,-5.892000,-5.323924,-21.228086
2.007129,1.6000,27.059000,15.479000,-0.702100,-0.094720,-0.568200,-5.892000,-4.128161,-21.193709
2.007129,2.0000,24.705000,13.718000,-0.791800,-0.080170,-0.568200,-5.892000,-3.075637,-19.245652
2.007129,2.5000,22.933000,11.547000,-0.956200,-0.066040,-0.568200,-5.892000,-2.099890,-17.612723
2.007129,3.0000,21.830000,10.090000,-1.094600,-0.056810,-0.568200,-5.892000,-1.536100,-16.346486
2.094395,0.3000,13.282000,15.474000,49.211800,-0.067420,-0.878300,-5.382000,-61.994033,-7.053110
2.094395,0.5000,13.730000,16.372000,47.523600,-0.071760,-0.899800,-5.514000,-67.036062,-7.144784
2.094395,0.7000,14.619000,18.040000,45.869100,-0.080790,-0.936400,-5.739000,-79.641134,-7.545854
2.094395,0.9000,15.169000,19.209000,39.511600,-0.103600,-0.903300,-5.536000,-371.047468,-10.508046
2.094395,1.1000,31.265000,18.105000,-0.648400,-0.138300,-0.903300,-5.536000,-5.613840,-20.242599
2.094395,1.3000,29.393000,15.923000,-0.431500,-0.110300,-0.903300,-5.536000,-5.323924,-16.266272
2.094395,1.6000,27.376000,15.496000,-0.526300,-0.094720,-0.903300,-5.536000,-4.128161,-16.655883
2.094395,2.0000,24.733000,13.809000,-0.647900,-0.080170,-0.903300,-5.536000,-3.075637,-14.472914
2.094395,2.5000,22.773000,11.658000,-0.842100,-0.066040,-0.903300,-5.536000,-2.099890,-12.794148
2.094395,3.0000,21.445000,10.207000,-1.001200,-0.056810,-0.903300,-5.536000,-1.536100,-11.447697
2.181662,0.3000,15.069000,14.521000,45.684800,-0.067420,-1.263000,-4.972000,-39.430955,-5.042602
2.181662,0.5000,15.555000,15.380000,43.821600,-0.071760,-1.294000,-5.094000,-38.611626,-4.442142
2.181662,0.7000,16.551000,16.995000,41.732600,-0.080790,-1.347000,-5.301000,-41.040967,-4.222699
2.181662,0.9000,17.214000,18.325000,34.147600,-0.103600,-1.299000,-5.114000,-46.673142,-5.481487
2.181662,1.1000,31.303000,18.127000,-0.416400,-0.138300,-1.299000,-5.114000,-5.613840,-14.541669
2.181662,1.3000,29.431000,15.651000,-0.146400,-0.110300,-1.299000,-5.114000,-5.323924,-12.089409
2.181662,1.6000,27.620000,15.296000,-0.303600,-0.094720,-1.299000,-5.114000,-4.128161,-12.891550
2.181662,2.0000,24.770000,13.663000,-0.458000,-0.080170,-1.299000,-5.114000,-3.075637,-11.040897
2.181662,2.5000,22.508000,11.574000,-0.675500,-0.066040,-1.299000,-5.114000,-2.099890,-7.717742
2.181662,3.0000,20.989000,10.168000,-0.855500,-0.056810,-1.299000,-5.114000,-1.536100,-6.611933
2.268928,0.3000,16.751000,13.255000,42.330000,-0.067420,-1.696000,-4.510000,-37.459981,-3.747717
2.268928,0.5000,17.237000,14.019000,40.784800,-0.071760,-1.737000,-4.621000,-30.985558,-2.380640
2.268928,0.7000,18.301000,15.542000,38.706600,-0.080790,-1.808000,-4.808000,-28.315574,-1.615168
2.268928,0.9000,19.002000,16.921000,31.365900,-0.103600,-1.744000,-4.639000,-17.079872,-1.220973
2.268928,1.1000,31.307000,17.919000,-0.136700,-0.138300,-1.744000,-4.639000,-5.613840,-9.448074
2.268928,1.3000,29.397000,15.272000,0.178400,-0.110300,-1.744000,-4.639000,-5.323924,-8.393832
2.268928,1.6000,27.886000,14.925000,-0.047400,-0.094720,-1.744000,-4.639000,-4.128161,-9.705905
2.268928,2.0000,24.978000,13.310000,-0.239800,-0.080170,-1.744000,-4.639000,-3.075637,-8.491235
2.268928,2.5000,22.137000,11.227000,-0.451600,-0.066040,-1.744000,-4.639000,-2.099890,-2.346262
2.268928,3.0000,20.462000,9.873000,-0.630200,-0.056810,-1.744000,-4.639000,-1.536100,-1.356764
2.356194,0.3000,18.330000,11.874000,37.978100,-0.067420,-2.162000,-4.009000,-56.510827,-4.186603
2.356194,0.5000,18.803000,12.533000,36.965000,-0.071760,-2.215000,-4.108000,-48.420663,-4.014715
2.356194,0.7000,19.884000,13.883000,35.518100,-0.080790,-2.305000,-4.275000,-39.241879,-2.683734
2.356194,0.9000,20.487000,15.143000,29.178900,-0.103600,-2.224000,-4.124000,-24.528323,0.699009
2.356194,1.1000,31.110000,17.452000,0.193400,-0.138300,-2.224000,-4.124000,-5.613840,18.747179
2.356194,1.3000,29.243000,14.854000,0.523300,-0.110300,-2.224000,-4.124000,-5.323924,18.002334
2.356194,1.6000,28.282000,14.421000,0.230200,-0.094720,-2.224000,-4.124000,-4.128161,15.320891
2.356194,2.0000,25.133000,12.724000,0.012600,-0.080170,-2.224000,-4.124000,-3.075637,12.943117
2.356194,2.5000,21.762000,10.695000,-0.207500,-0.066040,-2.224000,-4.124000,-2.099890,10.742959
2.356194,3.0000,19.886000,9.378000,-0.376000,-0.056810,-2.224000,-4.124000,-1.536100,9.430885
2.443461,0.3000,19.865000,10.623000,32.789700,-0.067420,-2.649000,-3.485000,-62.395104,-11.596666
2.443461,0.5000,20.341000,11.145000,32.575000,-0.071760,-2.714000,-3.570000,-52.184996,-9.453804
2.443461,0.7000,21.401000,12.257000,32.008700,-0.080790,-2.824000,-3.715000,-41.184206,-6.388479
2.443461,0.9000,21.806000,13.287000,27.032900,-0.103600,-2.725000,-3.584000,-24.654374,-1.868415
2.443461,1.1000,30.864000,16.756000,0.549000,-0.138300,-2.725000,-3.584000,0.000000,0.124389
2.443461,1.3000,29.281000,14.381000,0.860300,-0.110300,-2.725000,-3.584000,0.000000,-4.697681
2.443461,1.6000,28.629000,13.876000,0.512100,-0.094720,-2.725000,-3.584000,0.000000,-6.606203
2.443461,2.0000,25.360000,12.099000,0.263400,-0.080170,-2.725000,-3.584000,0.000000,-5.200738
2.443461,2.5000,21.585000,10.056000,0.031500,-0.066040,-2.725000,-3.584000,0.000000,-0.972882
2.443461,3.0000,19.391000,8.784000,-0.136700,-0.056810,-2.725000,-3.584000,0.000000,2.696339
2.530727,0.3000,21.604000,9.911000,27.087800,-0.067420,-3.141000,-2.951000,-61.822146,-20.322813
2.530727,0.5000,21.987000,10.109000,27.856500,-0.071760,-3.218000,-3.023000,-52.952759,-16.678801
2.530727,0.7000,22.932000,10.823000,28.330200,-0.080790,-3.349000,-3.146000,-41.442037,-11.470615
2.530727,0.9000,23.083000,11.527000,24.875900,-0.103600,-3.231000,-3.035000,-24.511134,-5.656239
2.530727,1.1000,30.795000,15.850000,0.898100,-0.138300,-3.231000,-3.035000,0.000000,-0.839383
2.530727,1.3000,29.395000,13.812000,1.169100,-0.110300,-3.231000,-3.035000,0.000000,-3.251535
2.530727,1.6000,28.981000,13.264000,0.777300,-0.094720,-3.231000,-3.035000,0.000000,-5.594360
2.530727,2.0000,25.802000,11.403000,0.504400,-0.080170,-3.231000,-3.035000,0.000000,-5.357728
2.530727,2.5000,21.678000,9.349000,0.257000,-0.066040,-3.231000,-3.035000,0.000000,-1.575634
2.530727,3.0000,19.009000,8.108000,0.088700,-0.056810,-3.231000,-3.035000,0.000000,2.093015
2.617994,0.3000,23.900000,9.790000,22.003700,-0.067420,-3.624000,-2.423000,-40.175801,-21.056199
2.617994,0.5000,24.065000,9.632000,23.332700,-0.071760,-3.713000,-2.483000,-40.645626,-20.844205
2.617994,0.7000,24.702000,9.765000,24.775500,-0.080790,-3.864000,-2.584000,-37.058910,-18.271624
2.617994,0.9000,24.513000,10.007000,22.754400,-0.103600,-3.727000,-2.492000,-23.382408,-11.149759
2.617994,1.1000,31.400000,14.735000,1.195600,-0.138300,-3.727000,-2.492000,0.000000,-5.890006
2.617994,1.3000,29.687000,13.064000,1.426600,-0.110300,-3.727000,-2.492000,0.000000,-5.535345
2.617994,1.6000,29.532000,12.503000,1.001000,-0.094720,-3.727000,-2.492000,0.000000,-5.025413
2.617994,2.0000,26.328000,10.676000,0.708700,-0.080170,-3.727000,-2.492000,0.000000,-4.988171
2.617994,2.5000,21.890000,8.634000,0.451900,-0.066040,-3.727000,-2.492000,0.000000,-2.730717
2.617994,3.0000,18.990000,7.379000,0.285800,-0.056810,-3.727000,-2.492000,0.000000,0.160944
2.705260,0.3000,25.801000,8.691000,20.075300,-0.067420,-4.082000,-1.917000,-17.251759,-16.655883
2.705260,0.5000,26.189000,8.782000,20.762400,-0.071760,-4.182000,-1.964000,-21.606238,-19.005010
2.705260,0.7000,26.916000,8.960000,21.862300,-0.080790,-4.352000,-2.044000,-24.860639,-20.615021
2.705260,0.9000,26.233000,8.734000,20.795100,-0.103600,-4.198000,-1.972000,-18.890419,-15.899579
2.705260,1.1000,32.758000,13.384000,1.405600,-0.138300,-4.198000,-1.972000,0.000000,-12.605071
2.705260,1.3000,30.743000,12.078000,1.583900,-0.110300,-4.198000,-1.972000,0.000000,-12.267026
2.705260,1.6000,30.189000,11.511000,1.165900,-0.094720,-4.198000,-1.972000,0.000000,-7.047381
2.705260,2.0000,26.919000,9.820000,0.856100,-0.080170,-4.198000,-1.972000,0.000000,-4.728048
2.705260,2.5000,22.368000,7.866000,0.594200,-0.066040,-4.198000,-1.972000,0.000000,-3.527128
2.705260,3.0000,19.182000,6.648000,0.433400,-0.056810,-4.198000,-1.972000,0.000000,-1.704549
2.792527,0.3000,27.670000,7.307000,18.992800,-0.067420,-4.502000,-1.447000,-10.983601,-18.930526
2.792527,0.5000,28.136000,7.412000,19.561400,-0.071760,-4.612000,-1.482000,-12.186812,-19.984768
2.792527,0.7000,29.014000,7.626000,20.436600,-0.080790,-4.800000,-1.542000,-14.192165,-21.772396
2.792527,0.9000,28.176000,7.399000,19.457100,-0.103600,-4.630000,-1.488000,-13.206677,-20.145196
2.792527,1.1000,34.846000,11.742000,1.495100,-0.138300,-4.630000,-1.488000,0.000000,-19.944661
2.792527,1.3000,32.669000,10.771000,1.610000,-0.110300,-4.630000,-1.488000,0.000000,-20.019145
2.792527,1.6000,31.461000,10.212000,1.234700,-0.094720,-4.630000,-1.488000,0.000000,-13.814012
2.792527,2.0000,27.652000,8.711000,0.935900,-0.080170,-4.630000,-1.488000,0.000000,-7.391156
2.792527,2.5000,22.887000,6.970000,0.670500,-0.066040,-4.630000,-1.488000,0.000000,-3.669795
2.792527,3.0000,19.616000,5.846000,0.517400,-0.056810,-4.630000,-1.488000,0.000000,-2.796034
2.879793,0.3000,29.857000,5.877000,18.158300,-0.067420,-4.871000,-1.025000,-7.889629,-23.875151
2.879793,0.5000,30.421000,5.992000,18.635200,-0.071760,-4.990000,-1.050000,-8.806361,-25.095551
2.879793,0.7000,31.447000,6.201000,19.385300,-0.080790,-5.193000,-1.092000,-10.043950,-26.917557
2.879793,0.9000,30.471000,5.990000,18.490100,-0.103600,-5.010000,-1.054000,-9.241809,-25.353382
2.879793,1.1000,37.591000,9.722000,1.437700,-0.138300,-5.010000,-1.054000,0.000000,-27.209766
2.879793,1.3000,35.326000,9.040000,1.490400,-0.110300,-5.010000,-1.054000,0.000000,-27.175388
2.879793,1.6000,33.573000,8.526000,1.182500,-0.094720,-5.010000,-1.054000,0.000000,-21.818233
2.879793,2.0000,28.941000,7.271000,0.922900,-0.080170,-5.010000,-1.054000,0.000000,-14.404159
2.879793,2.5000,23.532000,5.822000,0.679000,-0.066040,-5.010000,-1.054000,0.000000,-7.425533
2.879793,3.0000,20.103000,4.884000,0.532000,-0.056810,-5.010000,-1.054000,0.000000,-4.242752
2.967060,0.3000,32.420000,4.257000,17.616200,-0.067420,-5.178000,-0.662900,-4.203218,0.000000
2.967060,0.5000,33.099000,4.368000,18.024700,-0.071760,-5.305000,-0.679100,-4.867276,0.000000
2.967060,0.7000,34.301000,4.551000,18.683600,-0.080790,-5.520000,-0.706700,-5.741037,0.000000
2.967060,0.9000,33.176000,4.378000,17.844300,-0.103600,-5.325000,-0.681800,-5.259753,0.000000
2.967060,1.1000,40.878000,7.212000,1.219500,-0.138300,-5.325000,-0.681800,0.000000,-34.102448
2.967060,1.3000,38.535000,6.775000,1.224500,-0.110300,-5.325000,-0.681800,0.000000,-33.449276
2.967060,1.6000,36.311000,6.365000,1.003700,-0.094720,-5.325000,-0.681800,0.000000,-28.527569
2.967060,2.0000,31.006000,5.430000,0.800100,-0.080170,-5.325000,-0.681800,0.000000,-22.018768
2.967060,2.5000,24.807000,4.351000,0.604000,-0.066040,-5.325000,-0.681800,0.000000,-14.627613
2.967060,3.0000,20.856000,3.653000,0.484000,-0.056810,-5.325000,-0.681800,0.000000,-9.723094
3.054326,0.3000,0.000000,0.000000,17.424700,-0.067420,-5.413000,-0.371200,0.000000,0.000000
3.054326,0.5000,0.000000,0.000000,17.785700,-0.071760,-5.546000,-0.380400,0.000000,0.000000
3.054326,0.7000,0.000000,0.000000,18.383400,-0.080790,-5.771000,-0.395800,0.000000,0.000000
3.054326,0.9000,0.000000,0.000000,17.572100,-0.103600,-5.567000,-0.381800,0.000000,0.000000
3.054326,1.1000,44.591000,4.090000,0.844400,-0.138300,-5.567000,-0.381800,0.000000,-40.680003
3.054326,1.3000,42.122000,3.873000,0.826400,-0.110300,-5.567000,-0.381800,0.000000,-39.069992
3.054326,1.6000,39.448000,3.637000,0.706100,-0.094720,-5.567000,-0.381800,0.000000,-34.217040
3.054326,2.0000,33.536000,3.111000,0.575700,-0.080170,-5.567000,-0.381800,0.000000,-27.811371
3.054326,2.5000,26.673000,2.502000,0.443700,-0.066040,-5.567000,-0.381800,0.000000,-20.912960
3.054326,3.0000,22.280000,2.107000,0.362200,-0.056810,-5.567000,-0.381800,0.000000,-16.461077
3.141593,0.3000,0.000000,0.000000,0.000000,-0.067420,-5.569000,-0.157300,0.000000,0.000000
3.141593,0.5000,0.000000,0.000000,0.000000,-0.071760,-5.706000,-0.161100,0.000000,0.000000
3.141593,0.7000,0.000000,0.000000,0.000000,-0.080790,-5.938000,-0.167700,0.000000,0.000000
3.141593,0.9000,0.000000,0.000000,0.000000,-0.103600,-5.728000,-0.161700,0.000000,0.000000
3.141593,1.1000,48.609000,0.243000,0.337700,-0.138300,-5.728000,-0.161700,0.000000,-47.120049
3.141593,1.3000,45.945000,0.247000,0.326100,-0.110300,-5.728000,-0.161700,0.000000,-44.472984
3.141593,1.6000,42.836000,0.253000,0.307300,-0.094720,-5.728000,-0.161700,0.000000,-39.614302
3.141593,2.0000,36.332000,0.241000,0.262100,-0.080170,-5.728000,-0.161700,0.000000,-32.973721
3.141593,2.5000,28.836000,0.222000,0.208400,-0.066040,-5.728000,-0.161700,0.000000,-25.989366
3.141593,3.0000,24.046000,0.204000,0.173900,-0.056810,-5.728000,-0.161700,0.000000,-21.743748
