time,x,y,z,vx,vy,vz,phi,theta,psi,p,q,r,elevator,aileron,rudder,throttle,elevator_cmd,aileron_cmd,rudder_cmd,throttle_cmd,tvc_pitch,tvc_yaw,alpha,beta,mach,airspeed,altitude,mass,thrust,pitch_sp,roll_sp,heading_sp,altitude_sp,speed_sp,qbar,rocket_table_aero_fx,rocket_table_aero_fy,rocket_table_aero_fz,rocket_table_aero_mx,rocket_table_aero_my,rocket_table_aero_mz,tabulated_thrust_fx,tabulated_thrust_fy,tabulated_thrust_fz,tabulated_thrust_mx,tabulated_thrust_my,tabulated_thrust_mz
0,0,0,-3,3.5,0,-40,0,1.4835299,0,0,0,0,-3.2796454e-15,0,0,0.004,-4.9194682e-14,0,0,1,0,0,-0.1247489,-0.050313703,0.11777876,40.078049,3,85,6670,1.4835299,0,0,nan,nan,983.54482,-46.080105,196.95385,418.18936,0,695.57074,-323.77213,6670,0,0,0,0,0
0.04,0.14868418,0.001562446,-4.6517989,3.9493563,0.073790851,-42.744134,-0.0049582429,1.4845269,-0.0049769716,1.1076983e-19,0.048810794,-0.018998344,0.1355832,-3.9617917e-21,-0.12564094,0.080723608,0.7854,-9.5428952e-21,-0.29252309,1,0,0,-0.11084116,-0.044868464,0.1257814,42.80041,4.6517989,84.80688,6870.1,1.4835299,0,0,nan,nan,1121.5225,-53.970107,96.83613,312.91035,-1.3393648e-20,442.25478,-78.117884,6870.1,0,0,0,0,0
0.08,0.31441704,0.0049877692,-6.4153131,4.349812,0.091068078,-45.590992,-0.013766698,1.4870414,-0.013817455,1.1076922e-19,0.075219827,-0.014005288,0.26179939,-3.7826999e-21,-0.20745176,0.15153706,0.7854,-8.3720199e-21,-0.18797343,1,0,0,-0.098002525,-0.040887985,0.13411601,45.635571,6.4153131,84.61376,7070.2,1.4835299,0,0,nan,nan,1274.8103,-61.854696,14.824413,219.22406,-1.3055168e-20,209.84566,129.31852,7070.2,0,0,0,0,0
0.12,0.4955416,0.0087754131,-8.2946359,4.721641,0.10364582,-48.539279,-0.019282353,1.490346,-0.019351839,4.714093e-20,0.08998759,-0.0079234867,0.26179939,-2.1060161e-21,-0.13612487,0.21689564,0.7854,-3.1362521e-21,-0.092999126,1,0,0,-0.086164637,-0.037638726,0.14276377,48.577107,8.2946359,84.42064,7270.3,1.4835299,0,0,nan,nan,1444.1873,-70.601677,71.59188,182.85811,-5.4781081e-21,131.80377,-18.164509,7270.3,0,0,0,0,0
0.16,0.69111536,0.013516427,-10.293804,5.0701726,0.13517665,-51.588363,-0.025086628,1.4941022,-0.025174033,-1.2871067e-19,0.097308316,-0.011154897,0.26179939,4.8614639e-21,-0.11393605,0.27721952,0.7854,7.5626157e-21,-0.11486306,1,0,0,-0.075304156,-0.034307396,0.15171616,51.622104,10.293804,84.22752,7470.4,1.4835299,0,0,nan,nan,1630.6031,-79.984494,76.447954,138.84062,2.1729528e-18,35.672695,-34.005725,7470.4,0,0,0,0,0
0.2,0.90011515,0.019416945,-12.416858,5.3909857,0.15918066,-54.738708,-0.03296233,1.4979859,-0.033071762,-3.1577449e-19,0.096092088,-0.012094554,0.26179939,1.0195822e-20,-0.11425355,0.33289656,0.7854,1.6438097e-20,-0.10959252,1,0,0,-0.065622349,-0.031284178,0.16097469,54.771047,12.416858,84.0344,7670.5,1.4835299,0,0,nan,nan,1835.2296,-89.544822,57.72855,90.419733,5.1338239e-18,-71.226683,9.166207,7670.5,0,0,0,0,0
0.24,1.1213424,0.026119441,-14.667296,5.6786119,0.17652206,-57.944137,-0.04142214,1.5016413,-0.04155291,-4.8204317e-20,0.085545291,-0.011155691,0.26179939,7.9277513e-21,-0.100748,0.38428469,0.7854,2.2335753e-21,-0.089364569,1,0,0,-0.05737877,-0.028640207,0.17040086,57.976794,14.667296,83.84128,7664.9417,1.4835299,0,0,nan,nan,2055.9041,-99.174701,57.442746,40.365676,4.4478529e-18,-184.48182,6.4890837,7664.9417,0,0,0,0,0
0.28,1.3533862,0.033508489,-17.046025,5.9304664,0.19383741,-61.153394,-0.050030672,1.504688,-0.050181129,1.291083e-19,0.065346514,-0.01118358,0.26179939,-1.0876066e-21,-0.087064041,0.43171431,0.7854,-5.3563259e-21,-0.079661815,1,0,0,-0.050805456,-0.02624958,0.17984127,61.187135,17.046025,83.64072,7659.3833,1.4835299,0,0,nan,nan,2289.3674,-108.48546,60.881537,-8.1821616,-1.5952148e-20,-297.76948,-5.3733869,7659.3833,0,0,0,0,0
0.32,1.5948872,0.041575811,-19.553197,6.1509152,0.20990545,-64.36647,-0.058753769,1.5067418,-0.05892268,-3.1964562e-20,0.035744756,-0.011602552,0.26179939,-1.3676078e-21,-0.078819749,0.47549035,0.60830819,1.193734e-21,-0.073883044,1,0,0,-0.046059212,-0.024061595,0.1892947,64.401642,19.553197,83.43768,7653.825,1.4835299,0,0,nan,nan,2535.6223,-117.42717,58.893399,-51.207203,4.1004169e-21,-403.74168,-2.9922143,7653.825,0,0,0,0,0
0.36,1.844722,0.050234229,-22.188958,6.347498,0.22327767,-67.582972,-0.066779376,1.5074421,-0.066964538,-3.2881161e-20,-0.0024216955,-0.011715669,0.26179939,4.2950983e-22,-0.071878124,0.51589423,0.34087369,1.1107976e-21,-0.067021112,1,0,0,-0.043271294,-0.022068559,0.19875955,67.61975,22.188958,83.23464,7648.2667,1.4835299,0,0,nan,nan,2794.6528,-126.00544,57.269436,-84.619785,3.320977e-19,-495.05765,-0.44755732,7648.2667,0,0,0,0,0
0.4,2.1022094,0.059389303,-24.953427,6.5422353,0.2348334,-70.801101,-0.073139438,1.5065124,-0.073337509,1.2876287e-20,-0.042249727,-0.011848884,0.19322743,9.3570304e-22,-0.065515384,0.55318574,0.093022134,-3.9540232e-22,-0.061556759,1,0,0,-0.04232699,-0.020237628,0.20823124,70.839892,24.953427,83.0316,7642.7083,1.4835299,0,0,nan,nan,3066.3463,-137.40268,57.753435,-14.212065,7.816755e-19,-316.16175,-2.5889506,7642.7083,0,0,0,0,0
0.44,2.3688795,0.068976245,-27.84654,6.8262713,0.24461222,-74.013848,-0.078228924,1.5045796,-0.078437843,2.7444734e-19,-0.044270569,-0.012019465,0.085268238,-5.0343799e-21,-0.06039992,0.58760462,0.054502222,-7.693537e-21,-0.057001475,1,0,0,-0.041338737,-0.018542385,0.21769545,74.057183,27.84654,82.82856,7637.15,1.4835299,0,0,nan,nan,3350.2645,-149.74681,56.317055,207.53677,-4.0007772e-20,238.18534,-0.66143578,7637.15,0,0,0,0,0
0.48,2.6484502,0.078905207,-30.868061,7.167158,0.25173692,-77.222775,-0.083729945,1.5031826,-0.083951235,3.384839e-19,-0.024309853,-0.01196862,0.097699182,-7.2476369e-21,-0.055493042,0.61937215,0.12326975,-8.6952925e-21,-0.052012887,1,0,0,-0.039315073,-0.01697983,0.22715616,77.272957,30.868061,82.62552,7631.5917,1.4835299,0,0,nan,nan,3646.4791,-162.8432,54.158219,171.51902,-5.1284606e-20,140.07914,1.4768053,7631.5917,0,0,0,0,0
0.52,2.9411087,0.089070125,-34.017971,7.4762081,0.25635965,-80.433487,-0.08960172,1.5022863,-0.089836641,3.5373277e-19,-0.021035311,-0.011847934,0.1183837,-7.558248e-21,-0.050622688,0.64869258,0.11901255,-8.3558778e-21,-0.047344808,1,0,0,-0.037453916,-0.015538865,0.236623,80.490483,34.017971,82.42288,7626.0333,1.4835299,0,0,nan,nan,3955.2715,-176.41971,52.83348,106.66451,-5.5625561e-20,-31.302717,1.1343447,7626.0333,0,0,0,0,0
0.56,3.2458638,0.09937651,-37.296316,7.7790332,0.2586757,-83.644065,-0.095225076,1.5013612,-0.095473395,3.8498981e-19,-0.022589639,-0.011755175,0.10716801,-8.2205314e-21,-0.04623321,0.6757544,0.096879588,-8.3893261e-21,-0.043332836,1,0,0,-0.035903209,-0.01420403,0.24609182,83.708332,37.296316,82.22064,7620.475,1.4835299,0,0,nan,nan,4276.4935,-190.41116,51.242723,127.88675,-6.2770293e-20,16.101522,1.265703,7620.475,0,0,0,0,0
0.6,3.5630378,0.10972793,-40.70305,8.097547,0.25844074,-86.852769,-0.10069016,1.5004719,-0.10095185,3.8353866e-19,-0.019036582,-0.011605267,0.097999396,-7.9301769e-21,-0.042269074,0.7007316,0.095356812,-7.7329066e-21,-0.039582109,1,0,0,-0.034314104,-0.012967167,0.25555952,86.925435,40.70305,82.0184,7614.9167,1.4835299,0,0,nan,nan,4610.0117,-204.84238,49.112163,144.55717,-6.4774681e-20,53.530797,2.2794571,7614.9167,0,0,0,0,0
0.64,3.8930759,0.12001919,-44.238105,8.4202073,0.25553819,-90.060199,-0.10615773,1.4997453,-0.10643312,4.1483878e-19,-0.015292189,-0.01137878,0.096536299,-7.5851765e-21,-0.038541617,0.72378476,0.095620369,-7.7600979e-21,-0.03600781,1,0,0,-0.032687722,-0.01182258,0.26502676,90.142001,44.238105,81.81616,7609.3583,1.4835299,0,0,nan,nan,4955.8156,-219.66511,46.97813,136.25155,-7.2543966e-20,28.433315,2.8772369,7609.3583,0,0,0,0,0
0.68,4.235986,0.13014464,-47.901438,8.7413762,0.25002772,-93.26654,-0.11154567,1.4991247,-0.11183481,3.9670073e-19,-0.013565522,-0.011118334,0.093502391,-7.2344685e-21,-0.035065609,0.7450621,0.090396934,-6.9027188e-21,-0.032727732,1,0,0,-0.031128277,-0.010763159,0.27449334,93.357955,47.901438,81.61392,7603.8,1.4835299,0,0,nan,nan,5313.8649,-234.94792,44.87029,132.34989,-7.1743857e-20,15.673504,3.1454729,7603.8,0,0,0,0,0
0.72,4.5917711,0.14000026,-51.692996,9.0645634,0.24191128,-96.471316,-0.1167878,1.4985631,-0.11709053,3.9494444e-19,-0.012034653,-0.010829049,0.08871562,-6.7689531e-21,-0.031871423,0.76470041,0.085477257,-6.4077498e-21,-0.029722647,1,0,0,-0.029629393,-0.0097825086,0.28395818,96.572907,51.692996,81.41168,7598.2417,1.4835299,0,0,nan,nan,5684.0803,-250.68328,42.622407,134.70441,-7.3784409e-20,20.070845,3.5542469,7598.2417,0,0,0,0,0
0.76,4.960536,0.1494813,-55.612711,9.3902109,0.23116789,-99.674266,-0.12189348,1.4980677,-0.12220966,3.931668e-19,-0.010281398,-0.010500925,0.084595587,-6.2520561e-21,-0.028924205,0.78282595,0.081961154,-5.9612562e-21,-0.026935723,1,0,0,-0.028167654,-0.0088756783,0.2934205,99.786582,55.612711,81.20972,7592.6833,1.4835299,0,0,nan,nan,6066.3892,-266.86962,40.2974,134.28421,-7.579556e-20,18.673752,3.9795568,7592.6833,0,0,0,0,0
0.8,5.3423446,0.15848309,-59.660507,9.7165718,0.21782675,-102.87525,-0.12685517,1.4976365,-0.12718459,3.2514516e-19,-0.0088698438,-0.010139689,0.080885166,-5.4353758e-21,-0.026196885,0.79955524,0.078249613,-4.6169243e-21,-0.024358974,1,0,0,-0.026752527,-0.0080381338,0.30287963,102.99874,59.660507,81.0086,7587.125,1.4835299,0,0,nan,nan,6460.7183,-283.49635,37.973016,131.96074,-6.4617019e-20,13.590195,4.2865179,7587.125,0,0,0,0,0
0.84,5.7372128,0.16690268,-63.836303,10.043289,0.20193904,-106.07409,-0.13164557,1.4972543,-0.1319879,2.9047272e-19,-0.0077768648,-0.0097539109,0.077047761,-4.4049186e-21,-0.023681472,0.81499585,0.074368131,-3.870416e-21,-0.021989291,1,0,0,-0.025392546,-0.0072655191,0.31233489,106.20913,63.836303,80.80748,7581.5667,1.4835299,0,0,nan,nan,6866.9894,-300.42646,35.644013,130.8454,-5.9504172e-20,12.037141,4.5293181,7581.5667,0,0,0,0,0
0.88,6.1451633,0.17463913,-68.140008,10.370681,0.18355382,-109.27061,-0.13625179,1.4969145,-0.13660666,2.8077722e-19,-0.0067590051,-0.0093468104,0.073352321,-3.7751737e-21,-0.021367333,0.82924704,0.070850311,-3.5172487e-21,-0.019811089,1,0,0,-0.024082561,-0.0065538924,0.32178582,109.41759,68.140008,80.60636,7576.0083,1.4835299,0,0,nan,nan,7285.129,-317.66402,33.314377,129.61921,-5.9270682e-20,10.752914,4.7480015,7576.0083,0,0,0,0,0
0.92,6.5662139,0.1815937,-72.571528,10.698202,0.16273554,-112.46466,-0.14066529,1.4966128,-0.14103228,2.7103272e-19,-0.005914312,-0.0089214054,0.069855619,-3.3975978e-21,-0.019239789,0.84240044,0.06743899,-3.1975565e-21,-0.017809813,1,0,0,-0.022823783,-0.0058996354,0.33123184,112.62391,72.571528,80.40524,7570.45,1.4835299,0,0,nan,nan,7715.0559,-335.28166,31.017571,127.58083,-5.8904389e-20,8.3135623,4.9148691,7570.45,0,0,0,0,0
0.96,7.0003616,0.18767056,-77.13076,11.025499,0.13956533,-115.65607,-0.14487161,1.4963418,-0.14525025,2.8213308e-19,-0.0052627681,-0.0084827217,0.066433817,-3.2082817e-21,-0.017287032,0.8545406,0.064062261,-3.1400056e-21,-0.015976047,1,0,0,-0.021619573,-0.0052993135,0.34067238,115.82787,77.13076,80.20412,7564.8917,1.4835299,0,0,nan,nan,8156.6836,-353.26788,28.773168,125.46737,-6.3075348e-20,6.5163702,5.0239646,7564.8917,0,0,0,0,0
1,7.447595,0.19277733,-81.817596,11.352447,0.11413317,-118.84466,-0.14885963,1.4960953,-0.14924938,2.7645776e-19,-0.004739571,-0.0080352379,0.063105881,-2.9974112e-21,-0.015498941,0.86574559,0.060819782,-2.9071766e-21,-0.014299778,1,0,0,-0.02047046,-0.0047496623,0.35010683,119.02926,81.817596,80.003,7559.3333,1.4835299,0,0,nan,nan,8609.9214,-371.61154,26.591021,123.27728,-6.3527926e-20,5.2776105,5.088021,7559.3333,0,0,0,0,0
1.04,7.9078968,0.19682534,-86.631919,11.678856,0.086535983,-122.03024,-0.15262257,1.4958691,-0.15302288,2.9166541e-19,-0.0043229446,-0.0075826992,0.059914193,-2.9433094e-21,-0.013865173,0.87608744,0.05772584,-2.9023169e-21,-0.012770604,1,0,0,-0.019376179,-0.004247591,0.35953458,122.22785,86.631919,79.80268,7553.775,1.4835299,0,0,nan,nan,9074.6733,-390.30142,24.483135,120.83102,-6.8836498e-20,4.0551172,5.1101753,7553.775,0,0,0,0,0
1.08,8.3812415,0.19972995,-91.573605,12.004528,0.056878077,-125.21261,-0.15615509,1.4956591,-0.15656536,2.8998637e-19,-0.0040106676,-0.0071289731,0.056856254,-2.8251959e-21,-0.01237555,0.88563264,0.054758466,-2.7344712e-21,-0.011378688,1,0,0,-0.018336759,-0.0037901463,0.36895502,125.42343,91.573605,79.60236,7548.2167,1.4835299,0,0,nan,nan,9550.8395,-409.32604,22.462279,118.20061,-7.0241361e-20,2.9524667,5.0867856,7548.2167,0,0,0,0,0
1.12,8.8675969,0.20141081,-96.642522,12.329329,0.025269426,-128.39161,-0.15945365,1.4954617,-0.15987328,2.9247485e-19,-0.0037853225,-0.0066779875,0.053928398,-2.7024017e-21,-0.011020754,0.89444256,0.051923992,-2.6170289e-21,-0.010115298,1,0,0,-0.017351779,-0.0033744792,0.3783676,128.6158,96.642522,79.40204,7542.6583,1.4835299,0,0,nan,nan,10038.32,-428.66056,20.535666,115.59575,-7.2665411e-20,2.2544577,5.0219508,7542.6583,0,0,0,0,0
1.16,9.3669306,0.20179199,-101.83853,12.653472,-0.0081796578,-131.56707,-0.1625194,1.4952748,-0.16294777,2.9491774e-19,-0.0035687235,-0.0062332315,0.051174349,-2.5801614e-21,-0.0097919239,0.90257383,0.049319779,-2.5072938e-21,-0.00897173,1,0,0,-0.016416928,-0.0029978601,0.38777189,131.80479,101.83853,79.20172,7537.1,1.4835299,0,0,nan,nan,10537.017,-448.18298,18.70223,113.68555,-7.5169092e-20,2.3021822,4.9215344,7537.1,0,0,0,0,0
1.2,9.8792169,0.200802,-107.16149,12.976862,-0.043356125,-134.73888,-0.16535804,1.495098,-0.16579455,2.9306117e-19,-0.0034099846,-0.0057976791,0.04860903,-2.4583915e-21,-0.0086803098,0.91007874,0.046854152,-2.3701773e-21,-0.0079393081,1,0,0,-0.015529221,-0.0026576535,0.3971675,134.99026,107.16149,79.0014,7531.5417,1.4835299,0,0,nan,nan,11046.831,-467.98815,16.975408,111.16631,-7.657736e-20,1.1380991,4.7893367,7531.5417,0,0,0,0,0
1.24,10.404422,0.19837412,-112.61125,13.299392,-0.080126045,-137.90667,-0.16797271,1.4949283,-0.16841675,2.8478472e-19,-0.0032801376,-0.0053854958,0.046231645,-2.3143591e-21,-0.0076909827,0.91700553,0.044692267,-2.1939053e-21,-0.007047908,1,0,0,-0.014688315,-0.0023510955,0.40655336,138.17184,112.61125,78.80108,7525.9833,1.4835299,0,0,nan,nan,11567.622,-489.30766,15.405887,109.01339,-7.628046e-20,2.0203117,4.3489933,7525.9833,0,0,0,0,0
1.28,10.942509,0.19444674,-118.18763,13.620792,-0.11840967,-141.06962,-0.17038272,1.4947667,-0.17083373,2.8503691e-19,-0.003163496,-0.0049925375,0.044156532,-2.1676845e-21,-0.0068317438,0.92339874,0.042745793,-2.0941178e-21,-0.0062602978,1,0,0,-0.01389128,-0.0020754245,0.41592698,141.34866,118.18763,78.60136,7520.425,1.4835299,0,0,nan,nan,12099.163,-511.5673,13.724941,105.60003,-7.8231318e-20,0.22692223,4.4197074,7520.425,0,0,0,0,0
1.32,11.493423,0.18895996,-123.89043,13.940662,-0.15814277,-144.22744,-0.17258126,1.4946089,-0.17303865,2.8628869e-19,-0.003200216,-0.0045955104,0.042150214,-2.072297e-21,-0.0060512378,0.92929947,0.040753224,-2.0080614e-21,-0.0055276137,1,0,0,-0.013141813,-0.0018291523,0.42528747,144.5204,123.89043,78.40184,7514.8667,1.4835299,0,0,nan,nan,12641.304,-534.24684,12.233645,102.45621,-8.0463938e-20,-0.73610216,4.3071947,7514.8667,0,0,0,0,0
1.36,12.057107,0.18185906,-129.71944,14.259251,-0.19915283,-147.37988,-0.17456542,1.4944511,-0.17502859,2.8214446e-19,-0.0032557805,-0.0042192505,0.040198282,-1.967826e-21,-0.0053430669,0.93474565,0.038868981,-1.8913392e-21,-0.0048734634,1,0,0,-0.012438581,-0.0016099547,0.4346341,147.68682,129.71944,78.20232,7509.3083,1.4835299,0,0,nan,nan,13193.904,-557.33889,10.93994,99.768639,-8.1157932e-20,-0.44974626,3.9904495,7509.3083,0,0,0,0,0
1.4,12.633511,0.17309554,-135.67445,14.576605,-0.24131455,-150.52669,-0.17635043,1.4942939,-0.17681882,2.7903409e-19,-0.0032959343,-0.0038684641,0.038366162,-1.866161e-21,-0.0047124029,0.93977231,0.03712345,-1.7894277e-21,-0.0042952572,1,0,0,-0.011777908,-0.0014152863,0.4439662,150.84767,135.67445,78.0028,7503.75,1.4835299,0,0,nan,nan,13756.818,-580.83644,9.7348106,96.923713,-8.2098429e-20,-0.52952875,3.7432159,7503.75,0,0,0,0,0
1.44,13.222584,0.16262519,-141.75521,14.892621,-0.28453046,-153.66765,-0.17794872,1.4941369,-0.17842182,2.8128918e-19,-0.0033570299,-0.00353733,0.036642066,-1.7732396e-21,-0.0041511261,0.94441175,0.035465119,-1.7273712e-21,-0.0037792603,1,0,0,-0.0111579,-0.0012430241,0.45328307,154.00269,141.75521,77.80328,7498.1917,1.4835299,0,0,nan,nan,14329.899,-604.73205,8.6323906,94.003678,-8.4608488e-20,-0.80208729,3.5211965,7498.1917,0,0,0,0,0
1.48,13.824272,0.15040786,-147.9615,15.207297,-0.32869204,-156.80253,-0.17936956,1.4939793,-0.17984685,2.8131369e-19,-0.0034335899,-0.0032270535,0.035006276,-1.7072106e-21,-0.0036512328,0.94869381,0.033890717,-1.6557691e-21,-0.003320735,1,0,0,-0.010576927,-0.0010911789,0.46258405,157.15166,147.9615,77.60376,7492.6333,1.4835299,0,0,nan,nan,14912.994,-629.01812,7.6514642,91.187578,-8.6458751e-20,-0.84477072,3.2663373,7492.6333,0,0,0,0,0
1.52,14.438522,0.13640778,-154.29307,15.520664,-0.37369374,-159.93108,-0.18062465,1.4938206,-0.18110566,2.769886e-19,-0.0035091144,-0.0029396899,0.033460909,-1.6205971e-21,-0.0032083346,0.95264601,0.032409746,-1.5639923e-21,-0.0029162933,1,0,0,-0.01003274,-0.0009577842,0.47186845,160.29432,154.29307,77.4048,7487.075,1.4835299,0,0,nan,nan,15505.947,-653.68704,6.7757109,88.427128,-8.6940001e-20,-0.81100387,3.008268,7487.075,0,0,0,0,0
1.56,15.065282,0.12059316,-160.74965,15.832719,-0.41944087,-163.05305,-0.18172678,1.4936609,-0.18221107,2.7045304e-19,-0.0035832849,-0.0026747291,0.03200546,-1.5364112e-21,-0.0028176483,0.95629377,0.031015059,-1.4662292e-21,-0.0025603638,1,0,0,-0.0095231378,-0.00084099846,0.48113549,163.4304,160.74965,77.2064,7481.5167,1.4835299,0,0,nan,nan,16108.592,-678.73086,5.9941503,85.690053,-8.6652246e-20,-0.80639112,2.7611198,7481.5167,0,0,0,0,0
1.6,15.704499,0.10293589,-167.33098,16.143467,-0.46584512,-166.16819,-0.18268814,1.4935,-0.1831753,2.6989541e-19,-0.0036560745,-0.0024316117,0.030633359,-1.4533578e-21,-0.0024739338,0.95966054,0.029699515,-1.4060494e-21,-0.0022479231,1,0,0,-0.0090461058,-0.0007391156,0.49038451,166.55967,167.33098,77.008,7475.9583,1.4835299,0,0,nan,nan,16720.766,-704.14176,5.3036647,83.008407,-8.8229101e-20,-0.76713895,2.517681,7475.9583,0,0,0,0,0
1.64,16.356122,0.08341127,-174.03679,16.452938,-0.51282369,-169.27628,-0.1835209,1.493338,-0.18401056,2.6765834e-19,-0.0037189988,-0.0022100826,0.029340808,-1.3876473e-21,-0.00217258,0.96276796,0.028464699,-1.3409915e-21,-0.0019747921,1,0,0,-0.0085995146,-0.00065053635,0.49961486,169.68189,174.03679,76.8096,7470.4,1.4835299,0,0,nan,nan,17342.303,-729.91191,4.6970094,80.623799,-8.9247032e-20,-0.29578138,2.280289,7470.4,0,0,0,0,0
1.68,17.020103,0.061997793,-180.86678,16.761363,-0.56030103,-172.37708,-0.18424021,1.4931763,-0.18473204,2.6702863e-19,-0.0037154092,-0.002009438,0.028151745,-1.3271535e-21,-0.0019093392,0.96563601,0.027356327,-1.2875861e-21,-0.0017368459,1,0,0,-0.0081788541,-0.0005737749,0.50882591,172.79682,180.86678,76.6112,7464.8417,1.4835299,0,0,nan,nan,17973.036,-756.03409,4.165469,78.436253,-9.0808358e-20,0.10298354,2.0542012,7464.8417,0,0,0,0,0
1.72,17.696399,0.038676834,-187.82066,17.068586,-0.60820837,-175.47039,-0.18486041,1.493016,-0.18535411,2.6580375e-19,-0.0037280063,-0.001828691,0.027051085,-1.2743641e-21,-0.0016801287,0.96828313,0.026297265,-1.2344525e-21,-0.0015301624,1,0,0,-0.0077821275,-0.0005074647,0.51801702,175.90426,187.82066,76.4128,7459.2833,1.4835299,0,0,nan,nan,18612.792,-782.50045,3.7025054,75.925071,-9.2149588e-20,-0.38226541,1.8398936,7459.2833,0,0,0,0,0
1.76,18.38496,0.013432405,-194.89813,17.374573,-0.65648299,-178.55598,-0.18538885,1.4928558,-0.18588416,2.6400116e-19,-0.003767938,-0.0016668391,0.025995787,-1.2193043e-21,-0.0014811851,0.97072633,0.025272506,-1.1817508e-21,-0.0013512337,1,0,0,-0.0074094249,-0.00045035143,0.52718757,179.00398,194.89813,76.2146,7453.725,1.4835299,0,0,nan,nan,19261.399,-809.30249,3.3013879,73.631621,-9.32646e-20,-0.39071032,1.6381657,7453.725,0,0,0,0,0
1.8,19.085739,-0.013749088,-202.09887,17.679407,-0.70506811,-181.63361,-0.18583472,1.4926953,-0.18633139,2.610695e-19,-0.0037959197,-0.001522702,0.024992787,-1.1642964e-21,-0.0013090657,0.97298133,0.024310593,-1.1271638e-21,-0.0011967868,1,0,0,-0.0070592134,-0.00040129131,0.53633689,182.09573,202.09887,76.017,7448.1667,1.4835299,0,0,nan,nan,19918.674,-836.43187,2.9549021,71.444893,-9.3943507e-20,-0.22176463,1.4511107,7448.1667,0,0,0,0,0
1.84,19.798689,-0.042879079,-209.42256,17.983079,-0.753913,-184.70307,-0.18620836,1.4925349,-0.18670617,2.5645738e-19,-0.0038149877,-0.0013950249,0.024048177,-1.1086499e-21,-0.0011605474,0.97506263,0.023404861,-1.0686809e-21,-0.0010637871,1,0,0,-0.006729805,-0.00035924954,0.54546433,185.17929,209.42256,75.8194,7442.6083,1.4835299,0,0,nan,nan,20584.435,-863.88035,2.6569981,69.237693,-9.3962139e-20,-0.20228499,1.2781625,7442.6083,0,0,0,0,0
1.88,20.523763,-0.073967086,-216.86887,18.285572,-0.80297254,-187.76414,-0.1865185,1.4923747,-0.18701726,2.5183426e-19,-0.0038335346,-0.0012825535,0.023154768,-1.0523599e-21,-0.0010327241,0.9769836,0.022545177,-1.0135179e-21,-0.00094954522,1,0,0,-0.0064200358,-0.00032329315,0.5545693,188.25444,216.86887,75.6218,7437.05,1.4835299,0,0,nan,nan,21258.502,-891.63963,2.4015146,67.071374,-9.3910187e-20,-0.18086154,1.1199307,7437.05,0,0,0,0,0
1.92,21.260915,-0.10702092,-224.43746,18.586894,-0.85220685,-190.81661,-0.18677299,1.4922145,-0.18727255,2.4997091e-19,-0.0038472707,-0.0011839629,0.02230844,-1.0034534e-21,-0.00092295846,0.97875659,0.021731474,-9.7221645e-22,-0.00085159537,1,0,0,-0.0061287224,-0.0002925876,0.56365121,191.32098,224.43746,75.4242,7431.4917,1.4835299,0,0,nan,nan,21940.689,-919.70135,2.1827267,64.96819,-9.4838842e-20,-0.1049673,0.97675257,7431.4917,0,0,0,0,0
1.96,22.010098,-0.14204689,-232.12799,18.88705,-0.90158081,-193.86028,-0.1869794,1.4920547,-0.1874796,2.4779802e-19,-0.0038539739,-0.0010979293,0.021508011,-9.6159479e-22,-0.00082885878,0.98039301,0.020962465,-9.3195075e-22,-0.00076772167,1,0,0,-0.0058546058,-0.00026639202,0.57270949,194.3787,232.12799,75.2266,7425.9333,1.4835299,0,0,nan,nan,22630.812,-948.05716,1.9956216,62.903733,-9.5617543e-20,-0.038160428,0.84811208,7425.9333,0,0,0,0,0
2,22.771264,-0.17904998,-239.94009,19.186038,-0.95106352,-196.89495,-0.18714455,1.4918953,-0.18764526,2.4476922e-19,-0.0038551471,-0.0010231754,0.020750789,-9.1948515e-22,-0.00074828673,0.98190337,0.020234399,-8.9069773e-22,-0.00069596102,1,0,0,-0.0055965394,-0.00024405241,0.58174357,197.42739,239.94009,75.029,7420.375,1.4835299,0,0,nan,nan,23328.681,-976.69866,1.8356364,60.876621,-9.6025969e-20,0.016017759,0.73339631,7420.375,0,0,0,0,0
2.04,23.544368,-0.21803401,-247.8734,19.483853,-1.0006277,-199.92041,-0.18727447,1.4917364,-0.18777559,2.425538e-19,-0.0038513307,-0.00095846199,0.020033906,-8.8157246e-22,-0.00067934906,0.98329738,0.019544917,-8.5450345e-22,-0.00063458439,1,0,0,-0.0053534735,-0.00022499529,0.59075282,200.46684,247.8734,74.83236,7414.8167,1.4835299,0,0,nan,nan,24034.102,-1005.6172,1.6985798,58.891443,-9.6713268e-20,0.067647982,0.63219341,7414.8167,0,0,0,0,0
2.08,24.329363,-0.25900178,-255.92755,19.780493,-1.0502496,-202.93642,-0.18737456,1.4915783,-0.18787599,2.4031666e-19,-0.0038423224,-0.00090261588,0.019354737,-8.4545222e-22,-0.00062035764,0.98458401,0.018891372,-8.2009472e-22,-0.0005820408,1,0,0,-0.0051244144,-0.00020872149,0.59973663,203.49683,255.92755,74.63572,7409.2583,1.4835299,0,0,nan,nan,24746.876,-1034.804,1.5810054,56.950641,-9.7356835e-20,0.12605929,0.54316789,7409.2583,0,0,0,0,0
2.12,25.126197,-0.30195524,-264.10216,20.075751,-1.099912,-205.94253,-0.18744614,1.4914195,-0.18794779,2.3918222e-19,-0.0039322901,-0.00085490693,0.018647534,-8.1306204e-22,-0.0005687654,0.98577153,0.01812646,-7.9160961e-22,-0.00053493589,1,0,0,-0.0049107757,-0.00019483791,0.60869356,206.51686,264.10216,74.43908,7403.7,1.4835299,0,0,nan,nan,25466.737,-1065.4759,1.4525391,54.703534,-9.826851e-20,-1.1987738,0.44312783,7403.7,0,0,0,0,0
2.16,25.93482,-0.34689567,-272.39681,20.37001,-1.1495966,-208.9381,-0.18748787,1.4912576,-0.18798965,2.3549338e-19,-0.0039673786,-0.00081743379,0.017915005,-7.8014098e-22,-0.00052471784,0.98686758,0.017423729,-7.5631459e-22,-0.00049652564,1,0,0,-0.0047124425,-0.00018291731,0.61762193,209.52634,272.39681,74.24244,7398.1417,1.4835299,0,0,nan,nan,26193.386,-1096.4881,1.3350117,53.704778,-9.8086459e-20,0.49300745,0.34912163,7398.1417,0,0,0,0,0
2.2,26.755198,-0.39382379,-280.81108,20.663373,-1.1992964,-211.92293,-0.18751505,1.4910968,-0.18801692,2.3179501e-19,-0.0039041617,-0.00078628199,0.01725474,-7.471025e-22,-0.0004878253,0.98787919,0.016813149,-7.2275967e-22,-0.00046387053,1,0,0,-0.0045236706,-0.00017258505,0.6265211,212.52506,280.81108,74.0458,7392.5833,1.4835299,0,0,nan,nan,26926.611,-1127.7974,1.209762,52.093248,-9.7847811e-20,0.53320175,0.30367375,7392.5833,0,0,0,0,0
2.24,27.587288,-0.44274007,-289.34454,20.955525,-1.249003,-214.8968,-0.18753238,1.4909383,-0.18803431,2.2866657e-19,-0.0038787876,-0.00075922363,0.016637402,-7.1393963e-22,-0.00045603234,0.98881288,0.016210963,-6.9259114e-22,-0.00043524574,1,0,0,-0.0043443978,-0.00016361743,0.63539047,215.51281,289.34454,73.84916,7387.025,1.4835299,0,0,nan,nan,27666.199,-1159.3949,1.094246,50.318145,-9.7800575e-20,0.077481804,0.2569452,7387.025,0,0,0,0,0
2.28,28.431042,-0.49364454,-297.99674,21.246513,-1.2987034,-217.85951,-0.18753877,1.4907804,-0.18804072,2.2496155e-19,-0.0038655145,-0.00073676479,0.016039317,-6.8350002e-22,-0.00042853836,0.98967464,0.015629807,-6.6219583e-22,-0.00041063818,1,0,0,-0.0041752295,-0.00015579219,0.6442294,218.48935,297.99674,73.65324,7381.4667,1.4835299,0,0,nan,nan,28411.931,-1191.2712,0.98629285,48.833704,-9.7457671e-20,0.2657677,0.20985742,7381.4667,0,0,0,0,0
2.32,29.286414,-0.54653675,-306.76723,21.536399,-1.3483885,-220.81079,-0.1875373,1.4906237,-0.18803925,2.2239243e-19,-0.0038312583,-0.00071823952,0.015472374,-6.5523809e-22,-0.00040485259,0.99047002,0.015086795,-6.3651925e-22,-0.00038938006,1,0,0,-0.0040149324,-0.00014890666,0.6530372,221.45444,306.76723,73.45756,7375.9083,1.4835299,0,0,nan,nan,29163.582,-1223.4173,0.87938871,47.363663,-9.7561456e-20,0.40158287,0.17467375,7375.9083,0,0,0,0,0
2.36,30.15336,-0.60141598,-315.65556,21.825134,-1.3980517,-223.75046,-0.18753094,1.4904685,-0.18803287,2.1981343e-19,-0.0037946678,-0.00070271991,0.014936586,-6.2968776e-22,-0.00038425614,0.99120413,0.014570168,-6.1201357e-22,-0.00037073258,1,0,0,-0.0038626972,-0.00014280609,0.66181328,224.40788,315.65556,73.26188,7370.35,1.4835299,0,0,nan,nan,29920.932,-1255.8242,0.77437267,45.851641,-9.762212e-20,0.3499511,0.1457045,7370.35,0,0,0,0,0
2.4,31.031833,-0.65828121,-324.66125,22.112695,-1.4476864,-226.6783,-0.18752087,1.4903148,-0.18802277,2.1779719e-19,-0.0037607746,-0.00068982384,0.014425524,-6.0627911e-22,-0.00036619694,0.99188169,0.014075644,-5.901619e-22,-0.00035431187,1,0,0,-0.0037182264,-0.00013736208,0.67055706,227.34947,324.66125,73.0662,7364.7917,1.4835299,0,0,nan,nan,30683.762,-1288.4829,0.67127524,44.397776,-9.789719e-20,0.36631557,0.11996598,7364.7917,0,0,0,0,0
2.44,31.921786,-0.71713119,-333.78382,22.399085,-1.4972868,-229.59411,-0.18750839,1.4901626,-0.18801025,2.149089e-19,-0.0037228445,-0.00067918635,0.013938376,-5.8346714e-22,-0.00035028338,0.99250706,0.013605375,-5.6699236e-22,-0.00033977807,1,0,0,-0.0035810072,-0.00013246444,0.67926797,230.27899,333.78382,72.87052,7359.2333,1.4835299,0,0,nan,nan,31451.851,-1321.3841,0.56859497,42.986027,-9.7743434e-20,0.41176409,0.098811095,7359.2333,0,0,0,0,0
2.48,32.823172,-0.77796447,-343.02279,22.68429,-1.546848,-232.49771,-0.18749488,1.4900121,-0.18799669,2.123075e-19,-0.0036821793,-0.00067038873,0.0134747,-5.609132e-22,-0.00033615839,0.99308425,0.013157489,-5.4560605e-22,-0.00032679622,1,0,0,-0.0034505064,-0.00012802391,0.68794545,233.19627,343.02279,72.67484,7353.675,1.4835299,0,0,nan,nan,32224.977,-1354.5189,0.4658103,41.588806,-9.7680555e-20,0.41960133,0.081524305,7353.675,0,0,0,0,0
2.52,33.735944,-0.84077938,-352.37767,22.968294,-1.5963658,-235.38889,-0.18748128,1.4898631,-0.18798304,2.0912392e-19,-0.0036410792,-0.00066312463,0.013032505,-5.3919979e-22,-0.00032352182,0.99361699,0.012729786,-5.2371036e-22,-0.00031511849,1,0,0,-0.0033263304,-0.00012396808,0.69658894,236.10109,352.37767,72.47964,7348.1167,1.4835299,0,0,nan,nan,33002.917,-1387.8777,0.36271498,40.218629,-9.7309038e-20,0.42352326,0.066977279,7348.1167,0,0,0,0,0
2.56,34.660052,-0.9055741,-361.84796,23.251081,-1.6458356,-238.26744,-0.18746832,1.4897159,-0.18797004,2.0594298e-19,-0.0035991539,-0.00065714762,0.012610388,-5.1771651e-22,-0.00031213946,0.99410868,0.01232134,-5.0278973e-22,-0.00030454408,1,0,0,-0.0032081135,-0.00012023736,0.70519781,238.99323,361.84796,72.28492,7342.5583,1.4835299,0,0,nan,nan,33785.438,-1421.4511,0.25889617,38.879146,-9.6895338e-20,0.43438817,0.054875914,7342.5583,0,0,0,0,0
2.6,35.595449,-0.97234665,-371.43315,23.532639,-1.6952539,-241.13316,-0.18745666,1.4895704,-0.18795835,2.0247559e-19,-0.0035559851,-0.00065224812,0.012207281,-4.9686931e-22,-0.0003018151,0.9945625,0.011931208,-4.8210115e-22,-0.00029490376,1,0,0,-0.003095487,-0.00011678307,0.7137715,241.87251,371.43315,72.0902,7337,1.4835299,0,0,nan,nan,34572.315,-1455.2295,0.15411501,37.566415,-9.6302436e-20,0.44454343,0.044733171,7337,0,0,0,0,0
2.64,36.542085,-1.0410949,-381.13272,23.812955,-1.7446176,-243.98587,-0.18744689,1.4894266,-0.18794854,1.9930913e-19,-0.0035119831,-0.00064825392,0.011822132,-4.7636675e-22,-0.00029239013,0.99498136,0.011558254,-4.6300835e-22,-0.00028606218,1,0,0,-0.0029881079,-0.00011356538,0.72230951,244.73875,381.13272,71.89548,7331.4417,1.4835299,0,0,nan,nan,35363.322,-1489.2036,0.048145267,36.2777,-9.5808767e-20,0.44908895,0.036250023,7331.4417,0,0,0,0,0
2.68,37.49991,-1.1118166,-390.94615,24.092016,-1.7939237,-246.8254,-0.18743945,1.4892846,-0.18794108,1.9672618e-19,-0.0034675038,-0.00064501975,0.011453839,-4.5836625e-22,-0.0002837345,0.99536795,0.011201423,-4.4605262e-22,-0.00027790713,1,0,0,-0.0028856686,-0.00011055187,0.73081132,247.59176,390.94615,71.70076,7325.8833,1.4835299,0,0,nan,nan,36158.238,-1523.364,-0.059169027,35.013981,-9.5556626e-20,0.45231424,0.029130056,7325.8833,0,0,0,0,0
2.72,38.468873,-1.1845094,-400.87291,24.369809,-1.8431697,-249.65157,-0.1874347,1.4891444,-0.18793631,1.9341042e-19,-0.0034226071,-0.00064242838,0.011101439,-4.4114097e-22,-0.00027574175,0.99572477,0.010859853,-4.2818205e-22,-0.00027034755,1,0,0,-0.0027878819,-0.00010771608,0.73927643,250.43136,400.87291,71.50604,7320.325,1.4835299,0,0,nan,nan,36956.835,-1557.7013,-0.16793335,33.77482,-9.4909232e-20,0.45476978,0.023097617,7320.325,0,0,0,0,0
2.76,39.448923,-1.2591709,-410.91246,24.646319,-1.892353,-252.46422,-0.18743295,1.4890059,-0.18793455,1.906929e-19,-0.0033774427,-0.00064038535,0.010764073,-4.2391679e-22,-0.00026832566,0.9960541,0.01053278,-4.1235271e-22,-0.00026331127,1,0,0,-0.0026944796,-0.00010503636,0.74770437,253.2574,410.91246,71.31152,7314.7667,1.4835299,0,0,nan,nan,37758.892,-1592.2061,-0.27824208,32.558828,-9.451584e-20,0.45410737,0.01796748,7314.7667,0,0,0,0,0
2.8,40.440009,-1.3357985,-421.06426,24.921532,-1.941471,-255.26316,-0.18743443,1.4888693,-0.18793603,1.8842317e-19,-0.0033326296,-0.0006388045,0.010440998,-4.0815945e-22,-0.0002614181,0.99635806,0.010219366,-3.9812254e-22,-0.00025673728,1,0,0,-0.0026052246,-0.00010249515,0.75609457,256.06968,421.06426,71.1176,7309.2083,1.4835299,0,0,nan,nan,38564.175,-1626.8685,-0.39020004,31.364646,-9.4310367e-20,0.44727259,0.013679673,7309.2083,0,0,0,0,0
2.84,41.442079,-1.4143895,-431.32774,25.195434,-1.9905215,-258.0482,-0.18743928,1.4887344,-0.18794091,1.8541553e-19,-0.0032879251,-0.00063762839,0.010131265,-3.9327285e-22,-0.00025495632,0.9966386,0.0099187573,-3.8293815e-22,-0.00025057078,1,0,0,-0.0025199004,-0.0001000781,0.76444655,258.86802,431.32774,70.92368,7303.65,1.4835299,0,0,nan,nan,39372.458,-1661.679,-0.50371157,30.197417,-9.3700476e-20,0.44978901,0.0097570726,7303.65,0,0,0,0,0
2.88,42.45508,-1.4949413,-441.70237,25.468015,-2.0395023,-260.8192,-0.18744771,1.4886012,-0.18794937,1.8300382e-19,-0.0032428388,-0.00063682089,0.0098342864,-3.7927945e-22,-0.00024889438,0.99689754,0.0096305076,-3.6956549e-22,-0.0002447752,1,0,0,-0.0024382764,-9.77727e-05,0.77275985,261.65228,441.70237,70.72976,7298.0917,1.4835299,0,0,nan,nan,40183.517,-1696.6281,-0.61888851,29.052054,-9.3356355e-20,0.45026617,0.0063008754,7298.0917,0,0,0,0,0
2.92,43.478958,-1.5774509,-452.18756,25.739259,-2.0884117,-263.57601,-0.18745988,1.4884699,-0.18796157,1.8133676e-19,-0.0031978435,-0.00063633471,0.0095493944,-3.664295e-22,-0.00024319231,0.99713652,0.0093538293,-3.5818824e-22,-0.00023931245,1,0,0,-0.0023601432,-9.5568499e-05,0.78103404,264.42229,452.18756,70.53584,7292.5333,1.4835299,0,0,nan,nan,40997.131,-1731.7063,-0.7357788,27.927012,-9.3363466e-20,0.44629486,0.0033005235,7292.5333,0,0,0,0,0
2.96,44.513661,-1.6619155,-462.78276,26.009155,-2.1372479,-266.31847,-0.18747588,1.4883403,-0.18797763,1.7936795e-19,-0.0031531033,-0.0006361345,0.0092758864,-3.5474411e-22,-0.00023781466,0.9973571,0.0090880864,-3.4666255e-22,-0.00023415166,1,0,0,-0.0022853153,-9.3456836e-05,0.78926868,267.1779,462.78276,70.34192,7286.975,1.4835299,0,0,nan,nan,41813.076,-1766.9043,-0.85435008,26.823848,-9.3188958e-20,0.44311018,0.00058575452,7286.975,0,0,0,0,0
3,45.559134,-1.7483321,-473.48738,26.277691,-2.1860092,-269.04644,-0.18749583,1.4882125,-0.18799764,1.7754747e-19,-0.0031085528,-0.00063619585,0.0090131827,-3.4348312e-22,-0.00023273269,0.99756069,0.0088327651,-3.3585556e-22,-0.00022926814,1,0,0,-0.0022136149,-9.1430247e-05,0.79746336,269.91897,473.48738,70.148,7281.4167,1.4835299,0,0,nan,nan,42631.133,-1802.2126,-0.97460767,25.741662,-9.3064789e-20,0.439643,-0.0018836557,7281.4167,0,0,0,0,0
3.04,46.615322,-1.8366978,-484.30084,26.544818,-2.2346947,-271.75975,-0.18751911,1.4880863,-0.18802101,1.7528212e-19,-0.003078781,-0.00063184572,0.0087680116,-3.3245202e-22,-0.000227682,0.99774859,0.0086047167,-3.2496806e-22,-0.0002235852,1,0,0,-0.0021451024,-8.9524854e-05,0.80561757,272.64533,484.30084,69.95504,7275.8583,1.4835299,0,0,nan,nan,43451.07,-1837.6889,-1.0960094,24.46527,-9.2399672e-20,-0.083957307,0.12221605,7275.8583,0,0,0,0,0
3.08,47.682166,-1.9270091,-495.22255,26.810425,-2.283278,-274.45821,-0.1875377,1.4879602,-0.18803966,1.7303157e-19,-0.0031067753,-0.00061961357,0.0085356823,-3.2184691e-22,-0.00022071128,0.99792202,0.008373552,-3.1465005e-22,-0.0002156141,1,0,0,-0.0020816458,-8.8012638e-05,0.81373073,275.35677,495.22255,69.76208,7270.3,1.4835299,0,0,nan,nan,44272.648,-1873.2953,-1.1288469,23.375611,-9.1590155e-20,-0.2293403,0.083045635,7270.3,0,0,0,0,0
3.12,48.759609,-2.019261,-506.25191,27.074724,-2.331717,-277.14166,-0.18755041,1.4878334,-0.18805242,1.70496e-19,-0.0031007683,-0.00061499428,0.0083112702,-3.1153616e-22,-0.00021433656,0.99808209,0.0081604203,-3.0419067e-22,-0.00021051631,1,0,0,-0.0020229743,-8.671882e-05,0.82180243,278.05316,506.25191,69.56912,7264.7417,1.4835299,0,0,nan,nan,45095.645,-1908.9934,-1.1516147,22.608732,-9.0604603e-20,0.3333642,0.0244794,7264.7417,0,0,0,0,0
3.16,49.8476,-2.1134479,-517.38833,27.337718,-2.3800215,-279.80997,-0.18756388,1.4877077,-0.18806593,1.6722803e-19,-0.0030621174,-0.00061144776,0.0081051416,-3.0088992e-22,-0.00020934933,0.99822983,0.00796546,-2.9281755e-22,-0.00020595093,1,0,0,-0.0019671046,-8.5476146e-05,0.82983228,280.73435,517.38833,69.37616,7259.1833,1.4835299,0,0,nan,nan,45919.843,-1944.7735,-1.2055598,21.655671,-8.9203823e-20,0.34434574,0.048748904,7259.1833,0,0,0,0,0
3.2,50.946083,-2.2095645,-528.63118,27.599308,-2.4281939,-282.46301,-0.18757832,1.4875834,-0.18808042,1.6459727e-19,-0.0030316541,-0.00060627871,0.00790946,-2.900806e-22,-0.00020443109,0.99836619,0.0077745901,-2.8293819e-22,-0.0002009995,1,0,0,-0.0019138476,-8.4354301e-05,0.83781991,283.40023,528.63118,69.1832,7253.625,1.4835299,0,0,nan,nan,46745.024,-1980.6262,-1.2474512,20.700666,-8.811766e-20,0.28912904,0.045422064,7253.625,0,0,0,0,0
3.24,52.055004,-2.3076053,-539.97987,27.859516,-2.4762239,-285.10065,-0.1875933,1.4874604,-0.18809545,1.6153515e-19,-0.0029968742,-0.00060243138,0.0077207945,-2.7990997e-22,-0.00019975145,0.99849205,0.0075915762,-2.7267093e-22,-0.00019664112,1,0,0,-0.0018631299,-8.333219e-05,0.84576496,286.05065,539.97987,68.99024,7248.0667,1.4835299,0,0,nan,nan,47570.973,-2016.542,-1.2840517,19.831684,-8.6776575e-20,0.39461852,0.031611156,7248.0667,0,0,0,0,0
3.28,53.174307,-2.4075646,-551.43377,28.11834,-2.5241092,-287.72277,-0.18761011,1.4873389,-0.18811232,1.5940851e-19,-0.0029547152,-0.00059915607,0.0075407863,-2.706873e-22,-0.00019550148,0.99860821,0.0074174458,-2.6430746e-22,-0.0001926115,1,0,0,-0.0018144665,-8.2367559e-05,0.85366704,288.6855,551.43377,68.798,7242.5083,1.4835299,0,0,nan,nan,48397.471,-2052.5114,-1.325842,18.945401,-8.5915855e-20,0.40574907,0.033300586,7242.5083,0,0,0,0,0
3.32,54.303936,-2.5094365,-562.99226,28.375746,-2.5718478,-290.32922,-0.187629,1.4872191,-0.18813128,1.5669651e-19,-0.0029141727,-0.00059570408,0.0073679439,-2.6153891e-22,-0.00019144637,0.99871542,0.0072489487,-2.5527123e-22,-0.00018865651,1,0,0,-0.0017677024,-8.1464842e-05,0.86152572,291.30463,562.99226,68.606,7236.95,1.4835299,0,0,nan,nan,49224.297,-2088.5245,-1.3657633,18.065166,-8.4718899e-20,0.38689833,0.032355648,7236.95,0,0,0,0,0
3.36,55.443834,-2.613215,-574.6547,28.63173,-2.6194353,-292.91989,-0.18764986,1.4871009,-0.18815221,1.546152e-19,-0.0028733558,-0.00059255747,0.0072011019,-2.5339423e-22,-0.00018756639,0.99881437,0.0070863488,-2.4754508e-22,-0.00018492212,1,0,0,-0.0017227596,-8.0618973e-05,0.86934068,293.90791,574.6547,68.414,7231.3917,1.4835299,0,0,nan,nan,50051.24,-2124.5722,-1.4037978,17.216386,-8.3842964e-20,0.40416547,0.02865977,7231.3917,0,0,0,0,0
3.4,56.593945,-2.7188942,-586.42047,28.886282,-2.6668689,-295.49468,-0.18767295,1.4869844,-0.18817539,1.5209935e-19,-0.0028312337,-0.00058964138,0.0070403419,-2.4513872e-22,-0.00018389114,0.9989057,0.0069297512,-2.3938764e-22,-0.00018137578,1,0,0,-0.0016794687,-7.9818472e-05,0.87711162,296.49526,586.42047,68.222,7225.8333,1.4835299,0,0,nan,nan,50878.091,-2160.6452,-1.4422255,16.37685,-8.271249e-20,0.40350548,0.027835968,7225.8333,0,0,0,0,0
3.44,57.75421,-2.8264678,-598.28893,29.139389,-2.7141459,-298.05347,-0.18769834,1.4868695,-0.18820087,1.4945736e-19,-0.0027898206,-0.00058677742,0.0068851804,-2.3680854e-22,-0.00018037244,0.99899,0.0067783026,-2.3129934e-22,-0.00017795534,1,0,0,-0.0016377294,-7.9060907e-05,0.88483822,299.06656,598.28893,68.03,7220.275,1.4835299,0,0,nan,nan,51704.645,-2196.7344,-1.4799371,15.549211,-8.1494374e-20,0.39328971,0.026985208,7220.275,0,0,0,0,0
3.48,58.924572,-2.9359294,-610.25943,29.39104,-2.7612633,-300.59618,-0.18772599,1.4867562,-0.18822861,1.4745556e-19,-0.0027489684,-0.00058403378,0.0067351571,-2.2932688e-22,-0.0001769937,0.9990678,0.0066318121,-2.2444467e-22,-0.00017467589,1,0,0,-0.0015974723,-7.834359e-05,0.8925202,301.62171,610.25943,67.838,7214.7167,1.4835299,0,0,nan,nan,52530.697,-2232.8309,-1.5167484,14.739765,-8.0607735e-20,0.39021786,0.025597692,7214.7167,0,0,0,0,0
3.52,60.104972,-3.0472726,-622.33134,29.641227,-2.8082182,-303.12271,-0.18775592,1.4866446,-0.18825865,1.4500963e-19,-0.0027084287,-0.00058140136,0.0065901196,-2.2224747e-22,-0.00017375441,0.99913961,0.0064902277,-2.1714372e-22,-0.00017153113,1,0,0,-0.0015586133,-7.7662582e-05,0.90015728,304.16062,622.33134,67.64648,7209.1583,1.4835299,0,0,nan,nan,53356.045,-2268.9256,-1.5531263,13.943564,-7.9461667e-20,0.38233745,0.024783577,7209.1583,0,0,0,0,0
3.56,61.295351,-3.1604909,-634.50399,29.889934,-2.8550076,-305.63293,-0.18778811,1.4865346,-0.18829095,1.4274753e-19,-0.0026689191,-0.00057883244,0.0064498325,-2.1503644e-22,-0.00017064167,0.99920589,0.0063531233,-2.1034421e-22,-0.00016850163,1,0,0,-0.0015210924,-7.7015925e-05,0.90774911,306.68317,634.50399,67.45544,7203.6,1.4835299,0,0,nan,nan,54180.477,-2305.0091,-1.5889092,13.16129,-7.8399979e-20,0.37192271,0.024102809,7203.6,0,0,0,0,0
3.6,62.495651,-3.2755775,-646.77675,30.137156,-2.9016286,-308.12676,-0.18782249,1.4864261,-0.18832545,1.405057e-19,-0.0026299639,-0.00057634153,0.0063139854,-2.084638e-22,-0.00016764463,0.99926706,0.0062203463,-2.0378388e-22,-0.0001655846,1,0,0,-0.0014848539,-7.6401909e-05,0.91529541,309.18927,646.77675,67.2644,7198.0417,1.4835299,0,0,nan,nan,55003.797,-2341.0725,-1.6239586,12.396466,-7.7333985e-20,0.36857003,0.023209033,7198.0417,0,0,0,0,0
3.64,63.705811,-3.3925258,-659.14894,30.382882,-2.9480787,-310.60413,-0.18785907,1.4863192,-0.18836216,1.3797993e-19,-0.0025913839,-0.00057393065,0.0061824518,-2.0170583e-22,-0.00016475971,0.99932352,0.0060917665,-1.970181e-22,-0.00016277607,1,0,0,-0.001449826,-7.581829e-05,0.92279595,311.67884,659.14894,67.07336,7192.4833,1.4835299,0,0,nan,nan,55825.81,-2377.1074,-1.6584371,11.644598,-7.6096599e-20,0.36160468,0.022489902,7192.4833,0,0,0,0,0
3.68,64.925771,-3.5113288,-671.61992,30.627105,-2.9943555,-313.06495,-0.18789782,1.4862138,-0.18840106,1.3579385e-19,-0.0025535532,-0.00057158293,0.0060550042,-1.9530088e-22,-0.00016197966,0.99937563,0.0059670993,-1.9093393e-22,-0.00016006697,1,0,0,-0.0014159529,-7.5263421e-05,0.93025052,314.1518,671.61992,66.88232,7186.925,1.4835299,0,0,nan,nan,56646.324,-2413.1049,-1.6923144,10.906389,-7.5032134e-20,0.35336449,0.021850434,7186.925,0,0,0,0,0
3.72,66.155472,-3.6319795,-684.18901,30.869817,-3.0404566,-315.50915,-0.18793871,1.4861099,-0.18844209,1.3425607e-19,-0.0025163975,-0.00056929764,0.0059314353,-1.8965681e-22,-0.00015929827,0.99942373,0.0058461938,-1.8592869e-22,-0.00015745316,1,0,0,-0.001383185,-7.47359e-05,0.9376589,316.60809,684.18901,66.69128,7181.3667,1.4835299,0,0,nan,nan,57465.152,-2449.0568,-1.7255574,10.182802,-7.4313065e-20,0.34667892,0.021194074,7181.3667,0,0,0,0,0
3.76,67.394852,-3.7544709,-696.85556,31.111012,-3.0863797,-317.93668,-0.18798169,1.4860075,-0.18848523,1.3211106e-19,-0.0024798709,-0.00056707337,0.0058115977,-1.8405236e-22,-0.00015671134,0.99946812,0.0057289391,-1.8024199e-22,-0.00015493153,1,0,0,-0.0013514715,-7.42343e-05,0.9450209,319.04763,696.85556,66.50044,7175.8083,1.4835299,0,0,nan,nan,58282.107,-2484.9546,-1.7582046,9.4725909,-7.3245642e-20,0.33876408,0.020591108,7175.8083,0,0,0,0,0
3.8,68.643852,-3.8787955,-709.61887,31.350648,-3.1320065,-320.34198,-0.18802846,1.485907,-0.18853217,1.2920278e-19,-0.0022520942,-0.00057621796,0.0057301341,-1.667573e-22,-0.0001554207,0.99950909,0.0057885104,-1.2620467e-22,-0.00015887597,1,0,0,-0.0013188692,-7.363298e-05,0.95232012,321.4649,709.61887,66.3102,7170.25,1.4835299,0,0,nan,nan,59094.997,-2587.0481,-1.4605844,13.382523,-7.185221e-20,12.115225,-0.69429194,7170.25,0,0,0,0,0
3.84,69.902345,-4.0049136,-722.47663,31.583285,-3.175732,-322.63776,-0.18817916,1.4858416,-0.18868341,1.2746409e-19,-0.0009415677,-0.00066571013,0.0061091141,-1.0429672e-22,-0.00017514043,0.99954691,0.0064669657,-6.7295704e-23,-0.00019403258,1,0,0,-0.0012459879,-7.0081873e-05,0.95929741,323.77243,722.47663,66.11996,7164.6917,1.4835299,0,0,nan,nan,59871.283,-2824.2638,-1.463082,8.9359478,-7.1310786e-20,3.3544814,-0.42480798,7164.6917,0,0,0,0,0
3.88,71.169843,-4.1327432,-735.42362,31.800043,-3.2175182,-324.79767,-0.18839344,1.4857945,-0.18889847,1.2522416e-19,-0.0014341003,-0.00065459957,0.0064974117,-6.5397197e-23,-0.00019468875,0.99958181,0.0066763278,-4.5710031e-23,-0.00020211186,1,0,0,-0.00117016,-6.5101029e-05,0.96587259,325.94323,735.42362,65.92972,7159.1333,1.4835299,0,0,nan,nan,60600.202,-3052.5061,-1.6924525,3.718701,-7.0444651e-20,-7.3773611,0.39551975,7159.1333,0,0,0,0,0
3.92,72.445784,-4.2622058,-748.4545,32.005859,-3.2572398,-326.82611,-0.18854191,1.4857244,-0.18904747,1.2332018e-19,-0.0017243986,-0.00063123242,0.006739759,-4.5056669e-23,-0.00020159164,0.99961402,0.0069487376,-3.4660376e-23,-0.0002068788,1,0,0,-0.0011199092,-6.1141088e-05,0.97205965,327.9821,748.4545,65.73948,7153.575,1.4835299,0,0,nan,nan,61282.716,-3271.3351,-1.4381184,6.6661361,-6.9722941e-20,2.0792168,-0.013879401,7153.575,0,0,0,0,0
3.96,73.729781,-4.3932172,-761.56409,32.201936,-3.2948809,-328.72805,-0.18869286,1.4856566,-0.18919897,1.211916e-19,-0.0015093047,-0.00063529225,0.0071234374,-3.3904781e-23,-0.00021255924,0.99964375,0.007421584,-2.7875004e-23,-0.00022144852,1,0,0,-0.0010664488,-5.7013812e-05,0.97787338,329.89409,761.56409,65.54924,7148.0167,1.4835299,0,0,nan,nan,61919.989,-3480.4811,-1.3702655,5.1774452,-6.8835125e-20,0.030875333,0.043272749,7148.0167,0,0,0,0,0
4,75.021405,-4.5256977,-774.74744,32.386768,-3.330624,-330.50888,-0.18884476,1.4855903,-0.18935142,1.1900414e-19,-0.0016718606,-0.00062035959,0.0075307666,-2.7141384e-23,-0.000223784,0.9996712,0.0078024021,-2.3300198e-23,-0.00023044005,1,0,0,-0.0010165697,-5.2977107e-05,0.98332908,331.68444,774.74744,65.359,7142.4583,1.4835299,0,0,nan,nan,62513.35,-3679.7513,-1.3377107,3.8174871,-6.7876072e-20,-1.8542018,0.18251669,7142.4583,0,0,0,0,0
4.04,76.320233,-4.6595726,-787.99981,32.561851,-3.3645074,-332.17385,-0.18897403,1.4855177,-0.18948117,1.1668169e-19,-0.0017549022,-0.00060517549,0.0079357718,-2.2634857e-23,-0.00023304344,0.99969652,0.0082417882,-1.999281e-23,-0.00024002091,1,0,0,-0.00097487372,-4.9441219e-05,0.98844246,333.35851,787.99981,65.16972,7136.9,1.4835299,0,0,nan,nan,63064.268,-3869.0529,-1.217081,4.0976027,-6.680408e-20,0.22200781,0.090987436,7136.9,0,0,0,0,0
4.08,77.62589,-4.7947684,-801.31665,32.727708,-3.3965996,-333.72836,-0.18909672,1.4854446,-0.1896043,1.1502656e-19,-0.0017449619,-0.00059566971,0.0084104597,-1.9479663e-23,-0.00024429101,0.9997199,0.008759642,-1.7605638e-23,-0.00025272073,1,0,0,-0.00093492921,-4.6139498e-05,0.99322944,334.92174,801.31665,64.98044,7131.3417,1.4835299,0,0,nan,nan,63574.319,-4048.3929,-1.1393869,3.3950859,-6.6082359e-20,-0.38642554,0.10239579,7131.3417,0,0,0,0,0
4.12,78.938005,-4.9312155,-814.69367,32.884441,-3.4270032,-335.17792,-0.18921145,1.4853705,-0.18971945,1.1314578e-19,-0.0018133809,-0.00058311295,0.0089220146,-1.7156197e-23,-0.000256493,0.99974148,0.0092893576,-1.5716452e-23,-0.0002651321,1,0,0,-0.00089841099,-4.3116087e-05,0.99770608,336.37959,814.69367,64.79116,7125.7833,1.4835299,0,0,nan,nan,64045.171,-4217.8508,-1.0654889,2.9045723,-6.5202307e-20,-0.58616694,0.11581552,7125.7833,0,0,0,0,0
4.16,80.256228,-5.0688479,-828.12676,33.032771,-3.4557921,-336.52792,-0.18931513,1.485294,-0.18982351,1.112056e-19,-0.0018486795,-0.00057189465,0.0094741468,-1.534201e-23,-0.00026950351,0.99976139,0.0098809506,-1.4196496e-23,-0.0002791926,1,0,0,-0.00086552128,-4.0406093e-05,1.0018884,337.73753,828.12676,64.60188,7120.225,1.4835299,0,0,nan,nan,64478.55,-4377.5757,-0.97920146,2.721355,-6.4260987e-20,-0.1290747,0.089421101,7120.225,0,0,0,0,0
4.2,81.580231,-5.2076024,-841.61204,33.173125,-3.4830487,-337.78374,-0.189412,1.4852168,-0.18992074,1.0904552e-19,-0.0018694808,-0.0005623245,0.010087034,-1.386907e-23,-0.00028434158,0.99977977,0.010534596,-1.2925936e-23,-0.00029529766,1,0,0,-0.00083472078,-3.7930744e-05,1.0057921,339.00095,841.61204,64.4126,7114.6667,1.4835299,0,0,nan,nan,64876.22,-4527.7766,-0.90572503,2.3391289,-6.3167421e-20,-0.29732752,0.087618806,7114.6667,0,0,0,0,0
4.24,82.909703,-5.3474194,-855.14585,33.305899,-3.5088589,-338.95065,-0.18950176,1.4851385,-0.19001082,1.0707589e-19,-0.0019036605,-0.00055281432,0.010754849,-1.2657288e-23,-0.00030079772,0.99979674,0.011241734,-1.1886334e-23,-0.00031286251,1,0,0,-0.00080632468,-3.5684583e-05,1.0094328,340.17512,855.14585,64.22332,7109.1083,1.4835299,0,0,nan,nan,65239.961,-4668.7084,-0.83424178,2.0729206,-6.2161024e-20,-0.26069291,0.082180645,7109.1083,0,0,0,0,0
4.28,84.24435,-5.4882426,-868.72472,33.431592,-3.5333014,-340.0338,-0.18958466,1.4850592,-0.19009404,1.057803e-19,-0.0019255545,-0.00054434154,0.011486768,-1.1686391e-23,-0.00031910476,0.9998124,0.012023322,-1.1076074e-23,-0.00033265044,1,0,0,-0.00078002797,-3.3649864e-05,1.0128257,341.26523,868.72472,64.03476,7103.55,1.4835299,0,0,nan,nan,65571.551,-4800.6654,-0.76422932,1.8633062,-6.1525771e-20,-0.16424507,0.071617552,7103.55,0,0,0,0,0
4.32,85.583897,-5.6300187,-882.34541,33.550609,-3.5564555,-341.03817,-0.18966202,1.4849791,-0.19017168,1.0401253e-19,-0.0019454583,-0.0005366735,0.012292872,-1.0866674e-23,-0.00033966782,0.99982685,0.012882619,-1.0335998e-23,-0.00035483677,1,0,0,-0.00075540703,-3.1795359e-05,1.0159855,342.27627,882.34541,63.84644,7097.9917,1.4835299,0,0,nan,nan,65872.748,-4923.9717,-0.6999075,1.6340528,-6.059771e-20,-0.19376144,0.066839505,7097.9917,0,0,0,0,0
4.36,86.928084,-5.7726978,-896.00486,33.663361,-3.5783985,-341.96861,-0.18973405,1.4848982,-0.19024397,1.0251187e-19,-0.0019653855,-0.00052955098,0.013178751,-1.01708e-23,-0.0003626413,0.99984019,0.01382782,-9.7188985e-24,-0.0003795934,1,0,0,-0.00073241037,-3.0107119e-05,1.0189265,343.21311,896.00486,63.65812,7092.4333,1.4835299,0,0,nan,nan,66145.289,-5038.9764,-0.63847148,1.456486,-5.9808461e-20,-0.15395275,0.06060763,7092.4333,0,0,0,0,0
4.4,88.276668,-5.9162327,-909.70019,33.770255,-3.5992043,-342.82977,-0.1898013,1.4848168,-0.19031147,1.0102986e-19,-0.0019807566,-0.00052313407,0.014156368,-9.575491e-24,-0.00038839,0.9998525,0.014873912,-9.1803189e-24,-0.00040742889,1,0,0,-0.00071079727,-2.8567169e-05,1.0216624,344.08041,909.70019,63.4698,7086.875,1.4835299,0,0,nan,nan,66390.872,-5146.0451,-0.5804939,1.2953461,-5.901504e-20,-0.12949643,0.054562272,7086.875,0,0,0,0,0
4.44,89.629423,-6.0605794,-923.42872,33.871664,-3.6189449,-343.62611,-0.18986434,1.4847348,-0.19037475,9.9322399e-20,-0.0019951025,-0.00051728148,0.015238005,-9.0403077e-24,-0.00041732256,0.99986386,0.016032501,-8.6847997e-24,-0.00043871951,1,0,0,-0.00069039159,-2.7158671e-05,1.0242063,344.88266,923.42872,63.28148,7081.3167,1.4835299,0,0,nan,nan,66611.145,-5245.554,-0.52636061,1.14645,-5.8076145e-20,-0.12383153,0.04991876,7081.3167,0,0,0,0,0
4.48,90.986135,-6.2056965,-937.18793,33.967951,-3.6376888,-344.36191,-0.18992351,1.4846523,-0.19043414,9.7886824e-20,-0.002007855,-0.00051193866,0.016437799,-8.5687174e-24,-0.00044987527,0.99987435,0.017320774,-8.2655476e-24,-0.00047398565,1,0,0,-0.00067108007,-2.5869116e-05,1.026571,345.62415,937.18793,63.09316,7075.7583,1.4835299,0,0,nan,nan,66807.702,-5337.8844,-0.47537892,1.0206806,-5.7283783e-20,-0.10231065,0.045123908,7075.7583,0,0,0,0,0
4.52,92.346607,-6.3515455,-950.9755,34.059464,-3.6555016,-345.04122,-0.18997923,1.4845693,-0.19049006,9.6302567e-20,-0.0020186508,-0.00050709781,0.017774347,-8.1601558e-24,-0.00048663583,0.99988403,0.018759957,-7.8772686e-24,-0.00051391349,1,0,0,-0.00065271426,-2.4685758e-05,1.0287684,346.30894,950.9755,62.90532,7070.2,1.4835299,0,0,nan,nan,66982.077,-5423.4183,-0.42770389,0.90581627,-5.6393263e-20,-0.09187626,0.040881936,7070.2,0,0,0,0,0
4.56,93.710654,-6.4980903,-964.78922,34.146526,-3.6724458,-345.6679,-0.19003182,1.4844861,-0.19054285,9.4494633e-20,-0.0020285909,-0.00050268806,0.0192695,-7.7702139e-24,-0.00052830289,0.99989296,0.020374254,-7.5082638e-24,-0.00055927241,1,0,0,-0.00063518999,-2.359773e-05,1.0308098,346.94091,964.78922,62.71796,7064.6417,1.4835299,0,0,nan,nan,67135.734,-5502.5334,-0.38316807,0.80426626,-5.5361628e-20,-0.081320405,0.037089404,7064.6417,0,0,0,0,0
4.6,95.078104,-6.6452972,-978.62707,34.229448,-3.6885805,-346.2456,-0.19008161,1.4844024,-0.19059282,9.2711871e-20,-0.0020368521,-0.00049869439,0.020950323,-7.4168096e-24,-0.00057573253,0.9999012,0.02219568,-7.1735336e-24,-0.0006110731,1,0,0,-0.00061840346,-2.2595377e-05,1.0327062,347.52372,978.62707,62.5306,7059.0833,1.4835299,0,0,nan,nan,67270.076,-5575.6028,-0.34148824,0.71668804,-5.433566e-20,-0.064828226,0.033364941,7059.0833,0,0,0,0,0
4.64,96.448797,-6.7931351,-992.48715,34.308525,-3.7039621,-346.77776,-0.19012891,1.4843185,-0.19064031,9.1039445e-20,-0.0020436476,-0.00049508867,0.022851311,-7.0923415e-24,-0.00063002337,0.99990881,0.024263913,-6.874642e-24,-0.00067058658,1,0,0,-0.00060224137,-2.1669299e-05,1.0344676,348.06083,992.48715,62.34324,7053.525,1.4835299,0,0,nan,nan,67386.438,-5642.991,-0.30266082,0.63703754,-5.3366338e-20,-0.054783927,0.030067904,7053.525,0,0,0,0,0
4.68,97.822584,-6.9415748,-1006.3677,34.38403,-3.7186438,-347.26766,-0.19017403,1.4842344,-0.19068559,8.9058568e-20,-0.0020492494,-0.00049183377,0.02501573,-6.7849395e-24,-0.00069255591,0.99991584,0.026629731,-6.5762306e-24,-0.00073942899,1,0,0,-0.00058661416,-2.0811327e-05,1.0361037,348.55552,1006.3677,62.15588,7047.9667,1.4835299,0,0,nan,nan,67486.084,-5705.052,-0.26646252,0.56739716,-5.2209133e-20,-0.042378663,0.026979636,7047.9667,0,0,0,0,0
4.72,99.199327,-7.0905892,-1020.2671,34.456224,-3.7326755,-347.71833,-0.19021723,1.4841501,-0.19072896,8.7779529e-20,-0.0020533549,-0.00048891352,0.027500092,-6.5179315e-24,-0.00076512832,0.99992232,0.029360406,-6.3496015e-24,-0.00081974135,1,0,0,-0.00057142876,-2.0013822e-05,1.0376236,349.01085,1020.2671,61.96852,7042.4083,1.4835299,0,0,nan,nan,67570.211,-5762.1273,-0.23273731,0.50617898,-5.1457174e-20,-0.029061558,0.024059813,7042.4083,0,0,0,0,0
4.76,100.5789,-7.2401533,-1034.1838,34.525349,-3.7461044,-348.13267,-0.1902588,1.4840657,-0.19077069,8.643608e-20,-0.0020559622,-0.00048630785,0.030378958,-6.2860164e-24,-0.00085011657,0.99992831,0.032545302,-6.1347537e-24,-0.00091437236,1,0,0,-0.00055659163,-1.9269513e-05,1.0390358,349.42971,1034.1838,61.7814,7036.85,1.4835299,0,0,nan,nan,67639.948,-5814.5448,-0.20135672,0.45212763,-5.0662017e-20,-0.015681986,0.021334633,7036.85,0,0,0,0,0
4.8,101.96118,-7.3902438,-1048.1165,34.591635,-3.7589746,-348.51335,-0.19029902,1.4839813,-0.19081105,8.5110999e-20,-0.002056992,-0.00048399844,0.033752944,-6.0796366e-24,-0.00095072426,0.99993383,0.036306544,-5.9356883e-24,-0.0010272086,1,0,0,-0.00054201158,-1.857158e-05,1.0403482,349.81478,1048.1165,61.595,7031.2917,1.4835299,0,0,nan,nan,67696.351,-5862.617,-0.17215983,0.4051746,-4.987286e-20,-0.00020857979,0.018732554,7031.2917,0,0,0,0,0
4.84,103.34607,-7.5408392,-1062.0637,34.655295,-3.7713275,-348.86288,-0.19033817,1.4838969,-0.19085036,8.3806921e-20,-0.0020558107,-0.00048198618,0.037760728,-5.885011e-24,-0.0010713656,0.99993893,0.040815442,-5.7506167e-24,-0.0011637014,1,0,0,-0.00052758519,-1.7913197e-05,1.0415682,350.16861,1062.0637,61.4086,7025.7333,1.4835299,0,0,nan,nan,67740.417,-5906.6426,-0.14494432,0.36653415,-4.9091857e-20,0.02258192,0.016059643,7025.7333,0,0,0,0,0
4.88,104.73345,-7.6919194,-1076.0244,34.71653,-3.7832019,-349.18362,-0.19037663,1.4838125,-0.19088896,8.2269066e-20,-0.0020517812,-0.00048027641,0.042600271,-5.6947939e-24,-0.0012183379,0.99994363,0.046320507,-5.5607325e-24,-0.0013317544,1,0,0,-0.00051318265,-1.7286968e-05,1.0427029,350.49353,1076.0244,61.2222,7020.175,1.4835299,0,0,nan,nan,67773.08,-5946.9051,-0.11961228,0.33438888,-4.8170385e-20,0.049533692,0.013381779,7020.175,0,0,0,0,0
4.92,106.12324,-7.8434661,-1089.9975,34.775527,-3.7946339,-349.47776,-0.19041479,1.4837284,-0.19092727,8.0755844e-20,-0.0020440909,-0.00047888144,0.048562988,-5.5096252e-24,-0.0014009061,0.99994797,0.053195322,-5.3826196e-24,-0.0015432391,1,0,0,-0.00049865106,-1.6684944e-05,1.0437587,350.79177,1089.9975,61.0358,7014.6167,1.4835299,0,0,nan,nan,67795.212,-5983.673,-0.095968365,0.31068811,-4.7260402e-20,0.087528771,0.01047846,7014.6167,0,0,0,0,0
4.96,107.51535,-7.9954622,-1103.9818,34.832463,-3.8056573,-349.74735,-0.19045321,1.4836448,-0.19096583,7.9522757e-20,-0.0020310074,-0.00047784475,0.056097959,-5.3431913e-24,-0.0016333335,0.99995198,0.062030741,-5.231852e-24,-0.0018169132,1,0,0,-0.00048378467,-1.6097663e-05,1.0447416,351.06536,1103.9818,60.8494,7009.0583,1.4835299,0,0,nan,nan,67807.629,-6017.1997,-0.073807514,0.29769452,-4.6511836e-20,0.1441168,0.0070724531,7009.0583,0,0,0,0,0
5,108.9097,-8.147892,-1117.9764,34.887505,-3.8163035,-349.99427,-0.19049262,1.4835617,-0.19100539,7.839702e-20,-0.0020096901,-0.00047724966,0.065935234,-5.1906409e-24,-0.0019387894,0.99995568,0.073816916,-5.0955242e-24,-0.0021841879,1,0,0,-0.00046828551,-1.551278e-05,1.0456574,351.31622,1117.9764,60.663,7003.5,1.4835299,0,0,nan,nan,67811.089,-6047.7236,-0.052866223,0.3000187,-4.5823846e-20,0.23314625,0.0026852166,7003.5,0,0,0,0,0
5.04,110.30542,-8.3007076,-1131.9786,34.881777,-3.8238513,-350.05512,-0.18988116,1.4831836,-0.19039159,7.5131063e-20,-0.023681615,-0.00045411109,0.20556157,-5.0304782e-24,-0.0022074651,0.99995909,0.7854,-4.8604222e-24,-0.0022522657,1,0,0,-0.00088071466,-1.5293271e-05,1.0460061,351.37647,1131.9786,60.52348,6443.22,1.3962634,0,0,nan,nan,67740.89,-6052.5382,-0.21431049,-86.377624,-4.3840422e-20,-242.73111,0.4729812,6443.22,0,0,0,0,0
5.08,111.70035,-8.4537127,-1145.9763,34.879171,-3.8255266,-349.757,-0.18738263,1.4819344,-0.18788329,7.6524888e-20,-0.030919362,-0.00040668859,0.26179939,-4.89437e-24,-0.0019876359,0.99996224,0.7854,-4.9893047e-24,-0.0017096837,1,0,0,-0.0020844181,-1.6976729e-05,1.0452907,351.07928,1145.9763,60.38396,5882.94,1.3962634,0,0,nan,nan,67533.171,-6009.2731,-0.098459796,79.214689,-4.4490866e-20,193.21598,0.14481983,5882.94,0,0,0,0,0
5.12,113.09638,-8.6066772,-1159.9556,34.915879,-3.8216251,-349.12519,-0.18604394,1.4812126,-0.18653926,7.7523139e-20,-0.0065718601,-0.00041568943,0.26179939,-5.0452266e-24,-0.0015694643,0.99996515,0.70888037,-5.1538737e-24,-0.0012865966,1,0,0,-0.0025580533,-1.9248848e-05,1.0435947,350.45292,1159.9556,60.24444,5322.66,1.3962634,0,0,nan,nan,67199.793,-5923.7051,-0.0092544927,41.29366,-4.4903615e-20,73.799937,-0.17392562,5322.66,0,0,0,0,0
5.16,114.49209,-8.7593888,-1173.9039,34.845786,-3.812717,-348.19795,-0.18537667,1.4808013,-0.18586929,7.7824258e-20,-0.023139255,-0.00042709447,0.26179939,-5.2037065e-24,-0.0011905477,0.99996784,0.47052143,-5.3356408e-24,-0.00094286847,1,0,0,-0.0029467259,-2.1056024e-05,1.0409938,349.52306,1173.9039,60.10492,4762.38,1.3962634,0,0,nan,nan,66751.829,-5799.3947,-0.10819754,-93.90586,-4.4875912e-20,-312.84024,-0.03221233,4762.38,0,0,0,0,0
5.2,115.88352,-8.9116555,-1187.8099,34.723498,-3.7991943,-346.99417,-0.18235208,1.4792266,-0.18283219,7.1514842e-20,-0.054762381,-0.00043457508,0.26179939,-5.2533191e-24,-0.00088155734,0.99997031,0.28767666,-5.1133071e-24,-0.00069744361,1,0,0,-0.0045997987,-2.2799399e-05,1.0375575,348.31318,1187.8099,59.9654,4202.1,1.3962634,0,0,nan,nan,66199.68,-5639.162,-0.13498976,-19.513514,-4.0957958e-20,-128.81938,-0.10724832,4202.1,0,0,0,0,0
5.24,117.27101,-9.0632981,-1201.6626,34.661549,-3.781361,-345.52504,-0.17826684,1.4770459,-0.17872935,6.1785137e-20,-0.047107665,-0.00044526638,0.24280599,-5.1157621e-24,-0.00066442375,0.9999726,0.22081522,-4.6601743e-24,-0.0005370145,1,0,0,-0.0066297284,-2.4332717e-05,1.0333471,346.84403,1201.6626,59.82588,3641.82,1.3962634,0,0,nan,nan,65552.792,-5447.8443,-0.2237017,131.38297,-3.5103069e-20,271.15149,-0.042754061,3641.82,0,0,0,0,0
5.28,118.65688,-9.214151,-1215.4518,34.61836,-3.7595618,-343.81268,-0.17607268,1.4757846,-0.17652539,5.9965915e-20,-0.019301666,-0.0004463637,0.21579876,-4.8569098e-24,-0.00051068371,0.99997471,0.19661164,-4.8350178e-24,-0.00041921898,1,0,0,-0.0076082579,-2.5963026e-05,1.0284172,345.13415,1215.4518,59.75608,3081.54,1.3962634,0,0,nan,nan,64819.815,-5230.5717,-0.32672499,62.622473,-3.3815857e-20,78.503579,0.002549354,3081.54,0,0,0,0,0
5.32,120.03928,-9.3640615,-1229.1684,34.482765,-3.7341007,-341.88464,-0.17478854,1.4749888,-0.17523538,6.0284311e-20,-0.024892061,-0.00044787505,0.1809945,-5.017443e-24,-0.00040167272,0.99997666,0.15336785,-5.2668387e-24,-0.00033779819,1,0,0,-0.0083246702,-2.7903e-05,1.0228208,343.20143,1229.1684,59.70952,2521.26,1.3962634,0,0,nan,nan,64009.175,-4990.2568,-0.41511746,-8.3849749,-3.3730376e-20,-89.546973,-0.024746239,2521.26,0,0,0,0,0
5.36,121.41585,-9.5128873,-1242.8038,34.350762,-3.7051848,-339.74647,-0.17322851,1.4740279,-0.17366809,5.9899279e-20,-0.016068818,-0.00044975169,0.1477374,-5.4263347e-24,-0.00032517984,0.99997846,0.13132954,-5.7554553e-24,-0.00027949498,1,0,0,-0.0091441312,-3.011533e-05,1.0165985,341.05964,1242.8038,59.66296,1960.98,1.3962634,0,0,nan,nan,63127.724,-4729.2103,-0.52609532,100.718,-3.3243121e-20,202.65519,0.00058570115,1960.98,0,0,0,0,0
5.4,122.78741,-9.6604941,-1256.35,34.205843,-3.6730276,-337.41194,-0.17281552,1.4736937,-0.17325316,5.7617292e-20,-0.0060153179,-0.00044888779,0.12915123,-5.8487161e-24,-0.00026902531,0.99998012,0.11622695,-6.1959569e-24,-0.00023490801,1,0,0,-0.009313297,-3.2730825e-05,1.0097867,338.7211,1256.35,59.6164,1400.7,1.3962634,0,0,nan,nan,62181.763,-4452.0493,-0.64195627,10.706682,-3.1714235e-20,-63.071072,0.0024809774,1400.7,0,0,0,0,0
5.44,124.15192,-9.8067559,-1269.7992,34.009694,-3.6377981,-334.8947,-0.17226619,1.4732814,-0.17270121,5.5719399e-20,-0.013958075,-0.00045020663,0.10950755,-6.4315335e-24,-0.00022728973,0.99998165,0.096364779,-6.8510844e-24,-0.00020209629,1,0,0,-0.0096643372,-3.5778195e-05,1.0024156,336.19608,1269.7992,59.56984,840.42,1.3962634,0,0,nan,nan,61176.817,-4160.2094,-0.7500849,36.853418,-3.0399117e-20,-7.303393,-0.019862715,840.42,0,0,0,0,0
5.48,125.50878,-9.951552,-1283.1443,33.823807,-3.5996183,-332.19763,-0.17157214,1.4727839,-0.17200383,5.3342324e-20,-0.010096489,-0.00045174487,0.094281323,-7.1496454e-24,-0.00019604704,0.99998306,0.085599948,-7.709382e-24,-0.00017671521,1,0,0,-0.010023541,-3.9215905e-05,0.9945094,333.49278,1283.1443,59.52328,280.14,1.3962634,0,0,nan,nan,60117.621,-3856.5436,-0.87518496,57.096117,-2.8828818e-20,29.185867,-0.0033891024,280.14,0,0,0,0,0
5.52,126.85789,-10.094771,-1296.3785,33.619092,-3.5593192,-329.37275,-0.17106561,1.4723894,-0.17149485,5.3466816e-20,-0.011165886,-0.00045282645,0.083022908,-8.3330349e-24,-0.00017168518,0.99998437,0.075613545,-9.4068537e-24,-0.0001568521,1,0,0,-0.010299075,-4.3115619e-05,0.98621479,330.6605,1296.3785,59.5,0,1.3962634,0,0,nan,nan,59023.568,-3548.0267,-0.98056896,42.66314,-2.8612189e-20,-29.459736,-0.04475169,0,0,0,0,0,0
5.56,128.19899,-10.236415,-1309.502,33.43245,-3.5215209,-326.69525,-0.17041675,1.4719092,-0.17084282,5.1845426e-20,-0.012142528,-0.00046430888,0.073766141,-1.0060677e-23,-0.00015488388,0.99998557,0.068310505,-1.1395023e-23,-0.00014573615,1,0,0,-0.010643394,-4.7185522e-05,0.97835915,327.97664,1309.502,59.5,0,1.3962634,0,0,nan,nan,57994.013,-3264.315,-1.0592114,64.854326,-2.7482384e-20,13.154855,-0.12128091,0,0,0,0,0,0
5.6,129.53317,-10.376606,-1322.5217,33.27085,-3.4868003,-324.19808,-0.16982153,1.4714536,-0.17024467,5.2012007e-20,-0.011163547,-0.00047560335,0.067312496,-1.257131e-23,-0.00014419893,0.99998668,0.063408452,-1.4747036e-23,-0.00013771571,1,0,0,-0.010931936,-5.1154861e-05,0.97104251,325.47463,1322.5217,59.5,0,1.3962634,0,0,nan,nan,57039.067,-3007.4841,-1.1738094,64.405533,-2.7324103e-20,-5.587924,-0.066061952,0,0,0,0,0,0
5.64,130.86115,-10.515463,-1335.4448,33.123576,-3.4548802,-321.86523,-0.16921406,1.4709853,-0.16963417,4.8666506e-20,-0.012632146,-0.00048374809,0.062234479,-1.6167981e-23,-0.00013598714,0.99998771,0.058976096,-1.8709225e-23,-0.00013096459,1,0,0,-0.011230567,-5.5164712e-05,0.9642149,323.13761,1335.4448,59.5,0,1.3962634,0,0,nan,nan,56151.055,-2774.138,-1.2512687,68.250005,-2.5349555e-20,-11.559601,-0.082764496,0,0,0,0,0,0
5.68,132.1836,-10.653091,-1348.2775,32.995905,-3.4254944,-319.68127,-0.16853317,1.470468,-0.16894986,4.7144137e-20,-0.01322684,-0.00049467133,0.058131517,-2.1739469e-23,-0.0001300191,0.99998866,0.055611175,-2.6774926e-23,-0.0001265125,1,0,0,-0.011555982,-5.9128285e-05,0.95783207,320.95065,1348.2775,59.5,0,1.3962634,0,0,nan,nan,55323.278,-2561.4561,-1.3220921,78.26045,-2.4358373e-20,-0.39791032,-0.091740597,0,0,0,0,0,0
5.72,133.50129,-10.78959,-1361.0254,32.885433,-3.3984292,-317.63323,-0.16784584,1.4699401,-0.16825904,4.4254825e-20,-0.013501245,-0.00050458807,0.054951693,-3.2888164e-23,-0.00012565096,0.99998953,0.052936733,-4.4452265e-23,-0.00012290793,1,0,0,-0.011872919,-6.2998141e-05,0.95185518,318.90063,1361.0254,59.5,0,1.3962634,0,0,nan,nan,54549.92,-2367.0887,-1.3942786,82.207902,-2.2689869e-20,-5.4011919,-0.076521161,0,0,0,0,0,0
5.76,134.81492,-10.925043,-1373.6936,32.798465,-3.3730498,-315.68795,-0.16721833,1.4694398,-0.16762831,4.4918536e-20,-0.0086427443,-0.00054746521,0.053363572,-5.1945711e-23,-0.00012605204,0.99999034,0.053692418,-5.939872e-23,-0.00013216872,1,0,0,-0.012113396,-6.6253178e-05,0.94618744,316.95505,1373.6936,59.5,0,1.3962634,0,0,nan,nan,53818.794,-2286.2816,-1.1453169,123.09867,-2.2909127e-20,95.680348,-0.74129978,0,0,0,0,0,0
5.8,136.12536,-11.059488,-1386.2846,32.713933,-3.3480578,-313.7698,-0.16709917,1.4692284,-0.16750853,4.4705664e-20,-0.0046960569,-0.00059915215,0.054631956,-5.7625961e-23,-0.00013851429,0.99999108,0.055312087,-5.9822064e-23,-0.00014581138,1,0,0,-0.012057049,-6.7009212e-05,0.94059862,315.03674,1386.2846,59.5,0,1.3962634,0,0,nan,nan,53103.047,-2255.3103,-1.3861393,75.009164,-2.270542e-20,-43.621361,0.012753207,0,0,0,0,0,0
5.84,137.43196,-11.192943,-1398.7993,32.612598,-3.3235027,-311.87409,-0.16682458,1.4689195,-0.16723251,4.3801797e-20,-0.010624448,-0.0005842844,0.054705264,-5.8843913e-23,-0.00014281877,0.99999177,0.054471895,-5.9308564e-23,-0.00014334057,1,0,0,-0.012156041,-6.7812638e-05,0.93506976,313.13933,1398.7993,59.5,0,1.3962634,0,0,nan,nan,52400.303,-2224.7831,-1.3676211,85.413644,-2.2152589e-20,-22.071895,0.045631334,0,0,0,0,0,0
5.88,138.73482,-11.32542,-1411.2385,32.528573,-3.2991747,-309.99709,-0.16636101,1.4684954,-0.16676651,4.1694346e-20,-0.0097271126,-0.00059621569,0.054815639,-5.7668401e-23,-0.00014477686,0.9999924,0.055230443,-5.7122818e-23,-0.0001474508,1,0,0,-0.012319291,-6.8747987e-05,0.92959877,311.26211,1411.2385,59.5,0,1.3962634,0,0,nan,nan,51710.137,-2194.7526,-1.2595244,103.70691,-2.0997102e-20,19.747291,-0.1685881,0,0,0,0,0,0
5.92,140.03444,-11.456929,-1423.6031,32.447241,-3.2751321,-308.13989,-0.16600432,1.4681308,-0.16640794,4.1016427e-20,-0.0092184417,-0.0006071168,0.05552138,-5.7147147e-23,-0.00014895003,0.99999299,0.055936982,-5.6856153e-23,-0.00015136397,1,0,0,-0.012415789,-6.9179207e-05,0.9241851,309.40486,1423.6031,59.5,0,1.3962634,0,0,nan,nan,51032.301,-2165.3211,-1.2910689,95.089904,-2.0567948e-20,-12.176274,-0.0025620992,0,0,0,0,0,0
5.96,141.33075,-11.587482,-1435.8937,32.365358,-3.251393,-306.30244,-0.1655986,1.4677335,-0.16600007,4.1749927e-20,-0.010637767,-0.00060629283,0.055918849,-5.8031763e-23,-0.00015120536,0.99999353,0.056145236,-5.8552166e-23,-0.00015238642,1,0,0,-0.012549686,-6.9667601e-05,0.91882781,307.56727,1435.8937,59.5,0,1.3962634,0,0,nan,nan,50366.509,-2136.385,-1.2577852,100.60591,-2.0846198e-20,-4.8893097,-0.018097888,0,0,0,0,0,0
6,142.62392,-11.717091,-1448.1112,32.289903,-3.2279138,-304.48371,-0.16515252,1.4673087,-0.1655516,4.1772972e-20,-0.010520385,-0.00061150186,0.056349427,-5.9134445e-23,-0.00015324595,0.99999403,0.056723868,-5.9269467e-23,-0.00015494656,1,0,0,-0.012692825,-7.0158931e-05,0.91352568,305.74891,1448.1112,59.5,0,1.3962634,0,0,nan,nan,49712.452,-2107.9548,-1.2184107,106.33359,-2.0768019e-20,2.8355278,-0.051387225,0,0,0,0,0,0
6.04,143.91413,-11.845766,-1460.2562,32.217309,-3.2047056,-302.6837,-0.16472352,1.4668909,-0.16512029,3.9013877e-20,-0.010605955,-0.0006155749,0.05689801,-5.6917368e-23,-0.00015567876,0.99999449,0.057259555,-5.5999501e-23,-0.00015725035,1,0,0,-0.012821473,-7.0558824e-05,0.90827787,303.94949,1460.2562,59.5,0,1.3962634,0,0,nan,nan,49069.865,-2080.0409,-1.2039765,106.66183,-1.9312701e-20,-4.1519903,-0.01736506,0,0,0,0,0,0
6.08,145.20147,-11.973517,-1472.3297,32.147148,-3.1817656,-300.90211,-0.16427656,1.466459,-0.16467089,3.7685004e-20,-0.011064569,-0.00061767942,0.057371828,-5.5843918e-23,-0.00015770903,0.99999491,0.057693581,-5.4719766e-23,-0.00015907656,1,0,0,-0.012958472,-7.0982243e-05,0.90308342,302.16866,1472.3297,59.5,0,1.3962634,0,0,nan,nan,48438.48,-2052.6102,-1.1753466,110.14348,-1.8574105e-20,-2.2044303,-0.023929249,0,0,0,0,0,0
6.12,146.48609,-12.100369,-1484.3322,32.080761,-3.1777613,-299.13816,-0.16375376,1.4660164,-0.16414698,0.0025604287,-0.011187454,0.0088279529,0.057855382,0.00011956698,-0.019773155,0.9999953,0.058209606,0.00063763752,-0.10438585,1,0,0,-0.013096537,-0.00014007668,0.89794136,300.40609,1484.3322,59.5,0,1.3962634,0,0,nan,nan,47818.031,-2025.6578,-524.83683,113.40819,1.4986469,-0.74880909,1496.0188,0,0,0,0,0,0
6.16,147.76808,-12.237375,-1496.2643,32.015814,-3.5399887,-297.38596,-0.10795515,1.4663339,-0.11008866,0.10826908,-0.011490473,0.20925046,0.058553646,0.00015049626,-0.0033524581,0.99999566,0.059180325,-0.00016085883,0.054775873,1,0,0,-0.01322608,-0.0071161073,0.8928522,298.66194,1496.2643,59.5,0,1.3962634,0,0,nan,nan,47208.416,-1999.1885,830.07779,109.6855,1.8135012,-18.846178,-2221.7592,0,0,0,0,0,0
6.2,149.04751,-12.36347,-1508.127,31.953671,-2.7733178,-295.66477,-0.093018444,1.4659397,-0.099780059,0.11080745,-0.014149547,-0.15254469,0.059045283,-2.4882779e-05,-0.020025557,0.999996,0.059074652,0.00020625159,-0.10680016,1,0,0,-0.013390326,-0.0057348056,0.887795,296.92918,1508.127,59.5,0,1.3962634,0,0,nan,nan,46607.278,-1973.0578,200.17303,116.04553,-0.35897754,-8.7482129,-438.85468,0,0,0,0,0,0
6.24,150.32453,-12.482356,-1519.9209,31.894586,-3.3380305,-293.94607,-0.1033473,1.4652202,-0.11504734,0.14826858,-0.012358522,0.155316,0.059318254,0.0001804429,-0.062394664,0.99999631,0.059925287,0.0001935323,-0.036543603,1,0,0,-0.013573315,-0.0061373715,0.88281257,295.22213,1519.9209,59.5,0,1.3962634,0,0,nan,nan,46018.973,-1947.469,-865.57702,130.43607,2.1155373,23.735685,2625.5423,0,0,0,0,0,0
6.28,151.59928,-12.617184,-1531.6465,31.841443,-3.1388793,-292.25177,-0.025944949,1.4652418,-0.044248272,0.19115706,-0.01232528,0.086514057,0.060367217,-4.1827799e-06,-0.016798633,0.99999659,0.060812356,-0.00018751024,-0.0082254777,1,0,0,-0.013630177,-0.013097724,0.87786307,293.52678,1531.6465,59.5,0,1.3962634,0,0,nan,nan,45438.973,-1922.3703,1208.9556,108.15164,-0.1423062,-45.305534,-3170.0229,0,0,0,0,0,0
6.32,152.87202,-12.729853,-1543.3047,31.792924,-2.6318098,-290.57553,-0.041136822,1.4645831,-0.066688105,0.15566648,-0.016316547,-0.13584293,0.060327555,-0.00011185712,-0.050787557,0.99999685,0.060160882,-7.147388e-05,-0.083875375,1,0,0,-0.013805117,-0.0091587774,0.87295189,291.84491,1543.3047,59.5,0,1.3962634,0,0,nan,nan,44867.722,-1897.5379,-171.30717,129.31215,-1.4002702,7.7948363,721.26672,0,0,0,0,0,0
6.36,154.14273,-12.841398,-1554.896,31.740146,-2.9952792,-288.91076,-0.050966475,1.463898,-0.082188132,0.12890012,-0.013056337,0.078754358,0.060732628,-1.7775489e-05,-0.057893611,0.9999971,0.061448145,1.102338e-05,-0.037055841,1,0,0,-0.013979811,-0.0088912828,0.86811511,290.18859,1554.896,59.5,0,1.3962634,0,0,nan,nan,44308.789,-1873.2433,-383.65294,138.64342,-0.26989439,26.492369,1326.8696,0,0,0,0,0,0
6.4,155.4115,-12.960705,-1566.4211,31.698598,-2.8321486,-287.26513,-0.01312601,1.4635146,-0.049116019,0.11493423,-0.013001813,0.029589688,0.061689838,-6.9092473e-05,-0.031299548,0.99999732,0.062077682,-0.000127104,-0.02849424,1,0,0,-0.014058429,-0.012001669,0.86331034,288.54362,1566.4211,59.5,0,1.3962634,0,0,nan,nan,43757.687,-1849.3907,672.02113,121.92214,-0.85527401,-26.971453,-1647.2558,0,0,0,0,0,0
6.44,156.67875,-13.067185,-1577.8807,31.660403,-2.5707422,-285.63565,-0.024070891,1.4629143,-0.064114615,0.081205668,-0.015093068,-0.069354029,0.061873199,-7.5325148e-05,-0.05045137,0.99999753,0.061966102,-2.736368e-05,-0.066853712,1,0,0,-0.014223609,-0.0096060466,0.85854828,286.91357,1577.8807,59.5,0,1.3962634,0,0,nan,nan,43215.395,-1825.8357,-103.3705,135.46255,-0.90155892,4.9701287,546.47574,0,0,0,0,0,0
6.48,157.9443,-13.173052,-1589.2754,31.615253,-2.7360192,-284.01997,-0.026786557,1.4623205,-0.06972547,0.065732599,-0.013466114,0.046823003,0.062355073,-7.949742e-06,-0.051547895,0.99999772,0.062887964,9.2655657e-06,-0.039247846,1,0,0,-0.014378191,-0.0096799076,0.85384442,285.3036,1589.2754,59.5,0,1.3962634,0,0,nan,nan,42683.339,-1802.7391,-120.44569,140.0403,-0.12107844,11.143202,598.41515,0,0,0,0,0,0
6.52,159.20822,-13.281219,-1600.6057,31.581755,-2.6023517,-282.42056,-0.0071404836,1.461822,-0.052516149,0.059085221,-0.013560533,0.012390879,0.063049253,-3.5510276e-05,-0.037877033,0.99999789,0.06340108,-6.5840463e-05,-0.037487184,1,0,0,-0.014490611,-0.011179897,0.84917594,283.70608,1600.6057,59.5,0,1.3962634,0,0,nan,nan,42159.106,-1780.0296,393.36309,134.25152,-0.42567697,-11.321495,-855.8373,0,0,0,0,0,0
6.56,160.47093,-13.381363,-1611.8724,31.550639,-2.4469113,-280.83618,-0.013015053,1.4612498,-0.060489082,0.042429794,-0.014417479,-0.033260702,0.063406076,-3.7781769e-05,-0.048555978,0.99999806,0.063646706,-1.2839538e-05,-0.056748027,1,0,0,-0.014637476,-0.0098558661,0.84455033,282.1235,1611.8724,59.5,0,1.3962634,0,0,nan,nan,41643.332,-1757.6549,-24.855678,140.81912,-0.43856203,1.3839808,333.40292,0,0,0,0,0,0
6.6,161.73226,-13.480287,-1623.076,31.514788,-2.5008833,-279.26598,-0.01299514,1.4606795,-0.061987052,0.034757707,-0.013883224,0.027195761,0.063883739,-5.7842757e-06,-0.048191002,0.9999982,0.064288299,-1.7481762e-07,-0.041330611,1,0,0,-0.014778105,-0.0099673953,0.83997396,280.55798,1623.076,59.5,0,1.3962634,0,0,nan,nan,41136.529,-1735.6792,-2.8313513,143.60521,-0.07957463,3.3062401,273.05361,0,0,0,0,0,0
6.64,162.99231,-13.578926,-1634.217,31.487782,-2.3949888,-277.71053,-0.0025147878,1.4601334,-0.052775117,0.030151053,-0.014000319,0.006666341,0.064430708,-2.3338086e-05,-0.041163146,0.99999834,0.064763035,-3.9845105e-05,-0.041277109,1,0,0,-0.014902791,-0.010686401,0.83543479,279.00548,1634.217,59.5,0,1.3962634,0,0,nan,nan,40637.398,-1714.0569,246.79148,142.81873,-0.26698645,-4.5540593,-436.41261,0,0,0,0,0,0
6.68,164.25136,-13.672161,-1645.2961,31.462787,-2.2872803,-276.16931,-0.0051286111,1.4595631,-0.056427415,0.020074084,-0.014369107,-0.014932851,0.064854088,-2.4276449e-05,-0.046825458,0.99999847,0.065147338,-1.0992978e-05,-0.050884844,1,0,0,-0.015038917,-0.0099724101,0.83093698,277.46739,1645.2961,59.5,0,1.3962634,0,0,nan,nan,40146.24,-1692.7718,29.873445,146.24685,-0.26958182,-0.25138399,183.48838,0,0,0,0,0,0
6.72,165.50935,-13.763595,-1656.3138,31.435666,-2.2826108,-274.64195,-0.0043936703,1.4589897,-0.056370522,0.014644382,-0.014274286,0.015891912,0.065317325,-7.7572712e-06,-0.046277322,0.99999859,0.065663896,-5.0861324e-06,-0.042548361,1,0,0,-0.015172488,-0.010032463,0.82648307,275.94453,1656.3138,59.5,0,1.3962634,0,0,nan,nan,39663.195,-1671.8446,49.105918,148.37042,-0.089002522,0.41654369,129.83628,0,0,0,0,0,0
6.76,166.76635,-13.853553,-1667.2707,31.41456,-2.1958993,-273.12839,0.0012973942,1.4584186,-0.051169128,0.010742182,-0.014390159,0.0049034552,0.065800261,-1.6762872e-05,-0.042567341,0.9999987,0.066120889,-2.4940365e-05,-0.042620104,1,0,0,-0.0153,-0.010367566,0.8220667,274.43478,1667.2707,59.5,0,1.3962634,0,0,nan,nan,39187.545,-1651.248,171.46338,149.29728,-0.18078576,-2.0969266,-219.45357,0,0,0,0,0,0
6.8,168.02258,-13.939499,-1678.1673,31.39537,-2.1101847,-271.62836,0.00037818038,1.4578388,-0.052402979,0.0042812537,-0.014589438,-0.0057105544,0.066240387,-1.6632121e-05,-0.045395037,0.9999988,0.066546321,-9.3908439e-06,-0.047371239,1,0,0,-0.015430354,-0.0099800465,0.8176898,272.93878,1678.1673,59.5,0,1.3962634,0,0,nan,nan,38719.376,-1630.9761,62.410068,151.47915,-0.174569,-0.8564409,93.529667,0,0,0,0,0,0
6.84,169.27801,-14.023267,-1689.0041,31.375802,-2.0756304,-270.14164,0.0011089769,1.4572538,-0.051753472,0.00036002227,-0.01465181,0.0097592223,0.066688794,-7.6487422e-06,-0.044951269,0.99999889,0.06700805,-5.9532346e-06,-0.042934141,1,0,0,-0.015559421,-0.0099861258,0.81335328,271.45681,1689.0041,59.5,0,1.3962634,0,0,nan,nan,38258.675,-1611.0327,72.449148,153.27122,-0.078693728,-0.59760408,65.203894,0,0,0,0,0,0
6.88,170.53273,-14.105013,-1699.7818,31.360256,-2.0004803,-268.66801,0.004248181,1.4566648,-0.048556142,-0.0026172468,-0.014771186,0.0043733918,0.067139615,-1.1844224e-05,-0.042894814,0.99999898,0.06744916,-1.5802797e-05,-0.042801831,1,0,0,-0.015685773,-0.010129027,0.8090537,269.98771,1699.7818,59.5,0,1.3962634,0,0,nan,nan,37805.022,-1591.401,133.13876,154.65958,-0.11912188,-1.3109413,-109.05792,0,0,0,0,0,0
6.92,171.78689,-14.18348,-1710.5007,31.346573,-1.925506,-267.20728,0.0041005301,1.4560711,-0.048520332,-0.0067312191,-0.014917742,-0.0010686157,0.067574855,-1.1554854e-05,-0.044177129,0.99999905,0.067877486,-7.707954e-06,-0.045091373,1,0,0,-0.015811981,-0.0099088891,0.80479173,268.53171,1710.5007,59.5,0,1.3962634,0,0,nan,nan,37358.388,-1572.0769,79.78906,156.33178,-0.11308686,-1.0454964,44.38698,0,0,0,0,0,0
6.96,173.04049,-14.259568,-1721.1614,31.33347,-1.876248,-265.75925,0.0046573863,1.4554717,-0.04762999,-0.0094854239,-0.015031765,0.0065717566,0.068007592,-6.6222485e-06,-0.043835253,0.99999913,0.068310315,-5.438535e-06,-0.042718612,1,0,0,-0.015937127,-0.0098779586,0.80056756,267.08886,1721.1614,59.5,0,1.3962634,0,0,nan,nan,36918.698,-1553.0581,83.16158,157.89518,-0.061596535,-0.94150849,34.476618,0,0,0,0,0,0
7,174.29362,-14.33339,-1731.7645,31.322929,-1.8077848,-264.32372,0.0064122045,1.4548662,-0.045442402,-0.011622641,-0.015218482,0.0041797287,0.068479314,-8.3910642e-06,-0.042637378,0.99999919,0.068824436,-1.0266473e-05,-0.042472242,1,0,0,-0.016061967,-0.0099220774,0.7963792,265.65848,1731.7645,59.5,0,1.3962634,0,0,nan,nan,36485.681,-1534.3857,112.97508,158.33231,-0.077316144,-2.7805223,-52.71633,0,0,0,0,0,0
7.04,175.54636,-14.404334,-1742.3103,31.313499,-1.7390455,-262.90053,0.0065794942,1.4542498,-0.044755627,-0.01423726,-0.01559329,0.001399533,0.06895804,-8.2120793e-06,-0.043137907,0.99999926,0.069286065,-6.2725642e-06,-0.043520949,1,0,0,-0.016194746,-0.009788833,0.79222662,264.24055,1742.3103,59.5,0,1.3962634,0,0,nan,nan,36059.249,-1516.006,87.356782,159.38305,-0.073520097,-2.7330045,19.95983,0,0,0,0,0,0
7.08,176.79874,-14.472836,-1752.7995,31.305157,-1.6833218,-261.48942,0.0070049315,1.4536204,-0.043713967,-0.016158988,-0.015811521,0.0050787431,0.069437283,-5.5993893e-06,-0.042875156,0.99999931,0.069783716,-4.8345714e-06,-0.042244712,1,0,0,-0.016333723,-0.0097429219,0.78810965,262.83502,1752.7995,59.5,0,1.3962634,0,0,nan,nan,35639.3,-1497.9085,87.473178,161.01432,-0.046713773,-1.0575199,18.264583,0,0,0,0,0,0
7.12,178.05082,-14.538982,-1763.2325,31.298864,-1.6190032,-260.0902,0.0080128016,1.4529841,-0.042019368,-0.017701429,-0.015938756,0.0040848031,0.069944311,-6.2671936e-06,-0.042120224,0.99999937,0.070302319,-7.1111263e-06,-0.041904282,1,0,0,-0.016472608,-0.0097384865,0.78402709,261.44146,1763.2325,59.5,0,1.3962634,0,0,nan,nan,35225.645,-1480.0913,102.11024,161.99477,-0.051823638,-1.2240445,-25.561492,0,0,0,0,0,0
7.16,179.30267,-14.602481,-1773.6097,31.293928,-1.5541223,-258.70271,0.0082407027,1.4523426,-0.041043766,-0.019416653,-0.016100603,0.00254563,0.070451284,-6.0839372e-06,-0.042203385,0.99999942,0.070802998,-5.0193341e-06,-0.04230318,1,0,0,-0.01661185,-0.0096450786,0.77997867,260.05979,1773.6097,59.5,0,1.3962634,0,0,nan,nan,34818.179,-1462.5493,90.105148,162.96762,-0.048739628,-1.3217294,7.6246843,0,0,0,0,0,0
7.2,180.55435,-14.663537,-1783.9316,31.290061,-1.4960345,-257.32678,0.0085052386,1.4516947,-0.039968087,-0.02073673,-0.01624042,0.004259003,0.070952124,-4.5011172e-06,-0.041955702,0.99999946,0.071302722,-3.8567468e-06,-0.041550801,1,0,0,-0.016751456,-0.0095871063,0.77596408,258.68989,1783.9316,59.5,0,1.3962634,0,0,nan,nan,34416.797,-1445.2774,88.661364,164.05849,-0.032885013,-0.97983438,10.135771,0,0,0,0,0,0
7.24,181.80591,-14.722227,-1794.1987,31.287732,-1.4344999,-255.9622,0.0090563835,1.4510414,-0.03855786,-0.021763639,-0.016355686,0.0039319498,0.071453052,-4.5153658e-06,-0.041411063,0.9999995,0.071803043,-4.7887883e-06,-0.041167996,1,0,0,-0.016890081,-0.0095536172,0.77198248,257.33148,1794.1987,59.5,0,1.3962634,0,0,nan,nan,34021.35,-1428.2703,95.666518,165.0047,-0.03216606,-0.9439811,-11.966112,0,0,0,0,0,0
7.28,183.05739,-14.778415,-1804.4114,31.286698,-1.3724782,-254.60882,0.0092364776,1.4503837,-0.037479468,-0.02280215,-0.016474728,0.0030831767,0.071949869,-4.3065764e-06,-0.041273602,0.99999954,0.072295306,-3.7099921e-06,-0.041215826,1,0,0,-0.017027575,-0.0094766553,0.76803349,255.98441,1804.4114,59.5,0,1.3962634,0,0,nan,nan,33631.727,-1411.5229,90.109824,165.88078,-0.029425491,-0.98733187,2.2964664,0,0,0,0,0,0
7.32,184.30886,-14.8322,-1814.5702,31.286737,-1.3140858,-253.26647,0.0093793,1.4497212,-0.03640031,-0.023609653,-0.016592091,0.0038408863,0.072439779,-3.3534365e-06,-0.041011168,0.99999958,0.072780652,-2.8762499e-06,-0.040709514,1,0,0,-0.017164023,-0.0094119555,0.76411671,254.64855,1814.5702,59.5,0,1.3962634,0,0,nan,nan,33247.825,-1395.0303,88.31995,166.75245,-0.020151656,-0.91800536,5.5385126,0,0,0,0,0,0
7.36,185.56035,-14.883641,-1824.6756,31.288038,-1.2546357,-251.93498,0.0096587188,1.4490539,-0.035155641,-0.024213127,-0.016701994,0.0037741953,0.072923841,-3.1622906e-06,-0.040571841,0.99999961,0.073260816,-3.202316e-06,-0.040320036,1,0,0,-0.017299132,-0.0093614019,0.76023154,253.32369,1824.6756,59.5,0,1.3962634,0,0,nan,nan,32869.517,-1378.787,91.373387,167.57109,-0.017929691,-0.87536719,-5.3901531,0,0,0,0,0,0
7.4,186.81191,-14.932686,-1834.7278,31.290509,-1.1949642,-250.61419,0.0097656046,1.4483825,-0.034061127,-0.024779286,-0.016809992,0.0033085509,0.073401852,-2.9832342e-06,-0.040322133,0.99999964,0.073734155,-2.6482566e-06,-0.04017648,1,0,0,-0.017432752,-0.0092901144,0.75637752,252.00966,1834.7278,59.5,0,1.3962634,0,0,nan,nan,32496.697,-1362.7882,88.712245,168.32845,-0.015874146,-0.88186901,0.23236659,0,0,0,0,0,0
7.44,188.0636,-14.979386,-1844.7275,31.294104,-1.1373346,-249.30393,0.0098215272,1.4477071,-0.032997209,-0.025211747,-0.016883475,0.0036115514,0.07387683,-2.4115062e-06,-0.040035908,0.99999967,0.074211983,-2.0766904e-06,-0.039777145,1,0,0,-0.017564137,-0.0092215323,0.75255426,250.70635,1844.7275,59.5,0,1.3962634,0,0,nan,nan,32129.264,-1347.0045,87.036193,169.33523,-0.010503178,-0.3438621,2.8950363,0,0,0,0,0,0
7.48,189.31545,-15.023787,-1854.6749,31.298871,-1.0797145,-248.00406,0.0099374348,1.4470293,-0.031858276,-0.025508743,-0.016950777,0.0036227783,0.074354821,-2.1806097e-06,-0.039647169,0.99999969,0.074685708,-2.1256537e-06,-0.039393923,1,0,0,-0.017691723,-0.0091607028,0.7487613,249.41357,1854.6749,59.5,0,1.3962634,0,0,nan,nan,31767.113,-1331.4502,88.033986,169.95967,-0.0082303287,-0.81075883,-2.3156679,0,0,0,0,0,0
7.52,190.56751,-15.065878,-1864.5705,31.304664,-1.0221596,-246.71445,0.0099744657,1.4463478,-0.030787771,-0.02575782,-0.017063796,0.0033675568,0.074817455,-2.0242454e-06,-0.039340788,0.99999972,0.075135697,-1.8231745e-06,-0.039145733,1,0,0,-0.017817325,-0.0090903007,0.7449982,248.13119,1864.5705,59.5,0,1.3962634,0,0,nan,nan,31410.141,-1316.1231,86.573793,170.65315,-0.0066578571,-0.918517,-0.41746766,0,0,0,0,0,0
7.56,191.81982,-15.105691,-1874.4148,31.311499,-0.96586425,-245.43492,0.0099677718,1.4456619,-0.029752556,-0.025925941,-0.01716604,0.0034615042,0.075267608,-1.6691512e-06,-0.039031279,0.99999974,0.075580753,-1.4355498e-06,-0.038787066,1,0,0,-0.017941278,-0.0090192111,0.74126456,246.85905,1874.4148,59.5,0,1.3962634,0,0,nan,nan,31058.254,-1301.0186,85.126838,171.39123,-0.00348061,-0.75703091,1.386637,0,0,0,0,0,0
7.6,193.07243,-15.143265,-1884.208,31.319364,-0.91001373,-244.16534,0.0099825865,1.4449721,-0.028690649,-0.026004664,-0.017261301,0.0034780959,0.075711621,-1.4538948e-06,-0.038665212,0.99999976,0.076019751,-1.3644054e-06,-0.038412999,1,0,0,-0.018063089,-0.0089519732,0.73755993,245.59701,1884.208,59.5,0,1.3962634,0,0,nan,nan,30711.352,-1286.133,85.079518,172.01042,-0.0015696947,-0.80564703,-0.95497304,0,0,0,0,0,0
7.64,194.32537,-15.178607,-1893.9507,31.3282,-0.85445773,-242.90557,0.0099613138,1.4442784,-0.0276628,-0.026038084,-0.017363318,0.0033358922,0.076146449,-1.3118388e-06,-0.038330993,0.99999978,0.076447446,-1.1773605e-06,-0.038108519,1,0,0,-0.018182999,-0.0088804554,0.7338839,244.34491,1893.9507,59.5,0,1.3962634,0,0,nan,nan,30369.341,-1271.4618,84.060896,172.59183,-0.00031960869,-0.82910775,-0.50436437,0,0,0,0,0,0
7.68,195.57868,-15.211744,-1903.6431,31.337963,-0.79978848,-241.65546,0.0099087963,1.4435807,-0.026665929,-0.026019162,-0.017463011,0.0033405211,0.07657176,-1.0792901e-06,-0.03800265,0.99999979,0.076866701,-9.158457e-07,-0.0377606,1,0,0,-0.018301107,-0.0088074787,0.73023607,243.10263,1903.6431,59.5,0,1.3962634,0,0,nan,nan,30032.13,-1257.0011,82.816583,173.15149,0.0016189572,-0.78491896,0.56292468,0,0,0,0,0,0
7.72,196.8324,-15.242707,-1913.2857,31.348632,-0.74572122,-240.41488,0.0098603862,1.442879,-0.025666769,-0.025941598,-0.017558824,0.0033412129,0.076988804,-9.0002844e-07,-0.03764481,0.99999981,0.077277924,-8.0782808e-07,-0.037393393,1,0,0,-0.01841729,-0.0087361548,0.72661605,241.87001,1913.2857,59.5,0,1.3962634,0,0,nan,nan,29699.628,-1242.7469,82.253098,173.65683,0.0030637372,-0.76999446,-0.40636456,0,0,0,0,0,0
7.76,198.08656,-15.271515,-1922.8789,31.36017,-0.69210376,-239.18369,0.0097949217,1.4421736,-0.024688607,-0.025827099,-0.01765353,0.0032561008,0.077397119,-7.7513331e-07,-0.03729679,0.99999982,0.077679916,-6.7754593e-07,-0.037059262,1,0,0,-0.018531536,-0.0086629559,0.72302342,240.64693,1922.8789,59.5,0,1.3962634,0,0,nan,nan,29371.749,-1228.6953,81.353966,174.11658,0.0040297994,-0.75973036,-0.42870886,0,0,0,0,0,0
7.8,199.3412,-15.298192,-1932.423,31.372536,-0.63920942,-237.96177,0.0097091795,1.4414645,-0.023736062,-0.025677631,-0.017746038,0.0032258777,0.077796366,-6.1512576e-07,-0.036954845,0.99999984,0.078072852,-4.9961848e-07,-0.03671053,1,0,0,-0.018643838,-0.008588451,0.71945782,239.43324,1932.423,59.5,0,1.3962634,0,0,nan,nan,29048.406,-1214.8428,80.243465,174.53756,0.0052373059,-0.73554572,0.13579191,0,0,0,0,0,0
7.84,200.59635,-15.322766,-1941.9184,31.385699,-0.58696273,-236.74897,0.0096208663,1.4407517,-0.0227928,-0.025490093,-0.017835593,0.0032094297,0.078186631,-4.7357183e-07,-0.036598514,0.99999985,0.078456812,-3.9157098e-07,-0.036347181,1,0,0,-0.018754145,-0.0085144736,0.71591887,238.22883,1941.9184,59.5,0,1.3962634,0,0,nan,nan,28729.515,-1201.1856,79.4353,174.915,0.0062595702,-0.71265124,-0.21859585,0,0,0,0,0,0
7.88,201.85204,-15.34526,-1951.3654,31.399628,-0.53526013,-235.54519,0.0095238697,1.4400354,-0.021866338,-0.025274917,-0.017922545,0.0031509327,0.078567775,-3.6700631e-07,-0.036243552,0.99999986,0.078831494,-2.9183795e-07,-0.035997949,1,0,0,-0.018862412,-0.0084396657,0.7124062,237.03355,1951.3654,59.5,0,1.3962634,0,0,nan,nan,28414.996,-1187.7202,78.538326,175.24884,0.0069786065,-0.69205133,-0.33916709,0,0,0,0,0,0
7.92,203.1083,-15.365698,-1960.7645,31.414286,-0.48421624,-234.35028,0.0094145116,1.4393158,-0.020961387,-0.025036037,-0.018006853,0.0031090254,0.078939591,-2.5110106e-07,-0.035892655,0.99999987,0.079196729,-1.675289e-07,-0.035645276,1,0,0,-0.018968604,-0.008363926,0.70891943,235.84728,1960.7645,59.5,0,1.3962634,0,0,nan,nan,28104.768,-1174.4432,77.501603,175.54093,0.0077431857,-0.66932336,-0.072573127,0,0,0,0,0,0
7.96,204.36516,-15.384107,-1970.116,31.42964,-0.43382607,-233.16414,0.0093009756,1.4385928,-0.02007068,-0.024772672,-0.018088299,0.003080032,0.079301942,-1.4145728e-07,-0.035535327,0.99999988,0.079552414,-7.3101523e-08,-0.035283659,1,0,0,-0.019072678,-0.008288218,0.70545822,234.6699,1970.116,59.5,0,1.3962634,0,0,nan,nan,27798.753,-1161.3511,76.583499,175.79129,0.0084335417,-0.64536807,-0.17665212,0,0,0,0,0,0
8,205.62265,-15.400512,-1979.4201,31.445661,-0.38403158,-231.98663,0.0091825786,1.4378667,-0.019195813,-0.024489855,-0.018166833,0.0030325746,0.079654694,-5.2575508e-08,-0.035176922,0.99999989,0.079898396,7.3525584e-09,-0.034927225,1,0,0,-0.019174588,-0.0082121218,0.70202222,233.50129,1979.4201,59.5,0,1.3962634,0,0,nan,nan,27496.875,-1148.4406,75.658091,175.99973,0.0089453793,-0.62168506,-0.27760104,0,0,0,0,0,0
8.04,206.88079,-15.414938,-1988.6773,31.462314,-0.33487448,-230.81764,0.0090570073,1.4371375,-0.01833982,-0.024191097,-0.018242464,0.0029878194,0.079997688,3.5192006e-08,-0.034820754,0.9999999,0.080234502,9.7492456e-08,-0.034570984,1,0,0,-0.019274293,-0.0081354414,0.69861108,232.34132,1988.6773,59.5,0,1.3962634,0,0,nan,nan,27199.06,-1135.7086,74.655918,176.16671,0.0094304983,-0.59786228,-0.16769109,0,0,0,0,0,0
8.08,208.1396,-15.427409,-1997.888,31.479568,-0.28636602,-229.65706,0.0089277517,1.4364054,-0.017499821,-0.02387686,-0.018315142,0.0029511832,0.08033076,1.2000958e-07,-0.034462105,0.99999991,0.080560579,1.7529577e-07,-0.034210134,1,0,0,-0.01937175,-0.0080586352,0.69522446,231.18988,1997.888,59.5,0,1.3962634,0,0,nan,nan,26905.234,-1123.1518,73.692142,176.29275,0.0098762776,-0.57330343,-0.18424297,0,0,0,0,0,0
8.12,209.39912,-15.437951,-2007.0523,31.497393,-0.23847795,-228.50477,0.0087956117,1.4356704,-0.016675593,-0.023549719,-0.018384797,0.0029075042,0.080653763,1.929484e-07,-0.034102275,0.99999991,0.080876486,2.4145448e-07,-0.033850833,1,0,0,-0.019466914,-0.0079816395,0.69186203,230.04685,2007.0523,59.5,0,1.3962634,0,0,nan,nan,26615.326,-1110.7672,72.739949,176.37802,0.010220144,-0.54847886,-0.24558041,0,0,0,0,0,0
8.16,210.65937,-15.446591,-2016.1708,31.515757,-0.19122178,-227.36066,0.0086595331,1.4349328,-0.015868667,-0.023212238,-0.018451416,0.0028626939,0.080966549,2.6158129e-07,-0.03374361,0.99999992,0.081182067,3.0940982e-07,-0.033492574,1,0,0,-0.019559744,-0.0079043224,0.68852346,228.91211,2016.1708,59.5,0,1.3962634,0,0,nan,nan,26329.268,-1098.5518,71.751755,176.42276,0.010520249,-0.52365608,-0.2085716,0,0,0,0,0,0
8.2,211.92035,-15.453352,-2025.2436,31.534631,-0.14460738,-226.22462,0.0085209076,1.4341925,-0.015078039,-0.022865345,-0.018514984,0.0028220044,0.08126896,3.2774504e-07,-0.033384341,0.99999993,0.081477165,3.7195176e-07,-0.033132457,1,0,0,-0.019650196,-0.0078268848,0.68520844,227.78557,2025.2436,59.5,0,1.3962634,0,0,nan,nan,26046.99,-1086.5025,70.772033,176.42743,0.010791161,-0.49849802,-0.20250998,0,0,0,0,0,0
8.24,213.18211,-15.45826,-2034.2711,31.553985,-0.098622392,-225.09654,0.0083806332,1.4334499,-0.01430316,-0.022510521,-0.018575459,0.0027791681,0.081560846,3.8702421e-07,-0.033024493,0.99999993,0.081761635,4.2647251e-07,-0.032772798,1,0,0,-0.019738227,-0.0077493699,0.68191665,226.6671,2034.2711,59.5,0,1.3962634,0,0,nan,nan,25768.427,-1074.6166,69.803609,176.39234,0.011003267,-0.47305883,-0.23358261,0,0,0,0,0,0
8.28,214.44464,-15.461341,-2043.2536,31.573789,-0.053267417,-223.97633,0.0082384111,1.4327049,-0.01354462,-0.022149496,-0.018632821,0.0027348826,0.081842061,4.4179652e-07,-0.032665401,0.99999994,0.082035331,4.7941435e-07,-0.032414244,1,0,0,-0.019823796,-0.0076717202,0.67864778,225.55659,2043.2536,59.5,0,1.3962634,0,0,nan,nan,25493.514,-1062.8911,68.821541,176.31778,0.011175403,-0.44755822,-0.22575157,0,0,0,0,0,0
8.32,215.70797,-15.46262,-2052.1915,31.594014,-0.0085474508,-222.86386,0.0080947918,1.4319576,-0.012802096,-0.021783236,-0.01868706,0.002692349,0.082112455,4.9404111e-07,-0.032306603,0.99999994,0.082298101,5.293585e-07,-0.032055411,1,0,0,-0.01990686,-0.007594021,0.67540152,224.45395,2052.1915,59.5,0,1.3962634,0,0,nan,nan,25222.186,-1051.3234,67.839818,176.20412,0.011322646,-0.42189619,-0.21850036,0,0,0,0,0,0
8.36,216.97213,-15.462122,-2061.0851,31.614632,0.035542852,-221.75905,0.0079504256,1.4312083,-0.012075128,-0.021412712,-0.018738153,0.002649463,0.08237188,5.4201862e-07,-0.031947902,0.99999995,0.0825498,5.7412013e-07,-0.031697006,1,0,0,-0.019987378,-0.0075163307,0.67217758,223.35907,2061.0851,59.5,0,1.3962634,0,0,nan,nan,24954.382,-1039.9107,66.865931,176.05173,0.01143423,-0.39603994,-0.23216059,0,0,0,0,0,0
8.4,218.23711,-15.459873,-2069.9346,31.635614,0.079006171,-220.6618,0.0078053583,1.4304571,-0.011363821,-0.021039071,-0.018786085,0.0026056742,0.082620194,5.8622868e-07,-0.03158996,0.99999995,0.082790287,6.1632246e-07,-0.031339698,1,0,0,-0.020065307,-0.0074386399,0.66897567,222.27185,2069.9346,59.5,0,1.3962634,0,0,nan,nan,24690.04,-1028.6503,65.889331,175.86095,0.01151496,-0.37009937,-0.23355239,0,0,0,0,0,0
8.44,219.50294,-15.455896,-2078.7403,31.656933,0.12184152,-219.57199,0.0076598401,1.429704,-0.010668036,-0.020663133,-0.018830847,0.0025625184,0.082857251,6.2796782e-07,-0.031232797,0.99999996,0.083019417,6.5629873e-07,-0.030982984,1,0,0,-0.020140607,-0.0073609888,0.66579549,221.19218,2078.7403,59.5,0,1.3962634,0,0,nan,nan,24429.102,-1017.5397,64.912942,175.63214,0.011574651,-0.34406902,-0.22963068,0,0,0,0,0,0
8.48,220.76962,-15.450219,-2087.5026,31.67856,0.16405195,-218.48955,0.0075142784,1.4289492,-0.009987442,-0.0202856,-0.018872428,0.0025195283,0.083082909,6.6677684e-07,-0.030876291,0.99999996,0.083237049,6.9288599e-07,-0.030627017,1,0,0,-0.020213237,-0.0072834253,0.66263676,220.11997,2087.5026,59.5,0,1.3962634,0,0,nan,nan,24171.509,-1006.5764,63.942212,175.36568,0.011611136,-0.31792327,-0.23495316,0,0,0,0,0,0
8.52,222.03718,-15.442864,-2096.2217,31.700469,0.20564091,-217.41437,0.0073688271,1.4281929,-0.0093219372,-0.019907239,-0.018910817,0.002476165,0.083297029,7.0265421e-07,-0.030520748,0.99999996,0.083443046,7.269701e-07,-0.030272241,1,0,0,-0.020283156,-0.0072059631,0.65949921,219.05511,2096.2217,59.5,0,1.3962634,0,0,nan,nan,23917.203,-995.75778,62.973761,175.06193,0.011625355,-0.29170837,-0.23787366,0,0,0,0,0,0
8.56,223.30562,-15.433858,-2104.898,31.722633,0.24660993,-216.34636,0.0072236377,1.4274351,-0.0086713914,-0.019528685,-0.018946009,0.002433027,0.083499471,7.3628954e-07,-0.030166312,0.99999996,0.083637268,7.5912763e-07,-0.029918561,1,0,0,-0.020350324,-0.0071286275,0.65638256,217.99753,2104.898,59.5,0,1.3962634,0,0,nan,nan,23666.131,-985.08151,62.0075,174.72127,0.011622638,-0.26544233,-0.23662677,0,0,0,0,0,0
8.6,224.57495,-15.423225,-2113.5317,31.745026,0.28696185,-215.28543,0.0070789549,1.4266759,-0.0080355577,-0.019150467,-0.018977999,0.0023901455,0.083690098,7.6770786e-07,-0.029812961,0.99999997,0.083819579,7.8892315e-07,-0.029566002,1,0,0,-0.020414701,-0.0070514539,0.65328653,216.94711,2113.5317,59.5,0,1.3962634,0,0,nan,nan,23418.235,-974.54519,61.046358,174.34409,0.011603831,-0.23911777,-0.23852742,0,0,0,0,0,0
8.64,225.84518,-15.41099,-2122.123,31.767621,0.32670033,-214.23149,0.0069349346,1.4259156,-0.0074142577,-0.01877311,-0.019006782,0.0023472253,0.083868775,7.9686516e-07,-0.029460845,0.99999997,0.083989847,8.1659377e-07,-0.029214814,1,0,0,-0.020476249,-0.0069744638,0.65021088,215.90377,2122.123,59.5,0,1.3962634,0,0,nan,nan,23173.464,-964.14649,60.089834,173.93078,0.011569321,-0.21275431,-0.2407258,0,0,0,0,0,0
8.68,227.11632,-15.397176,-2130.6724,31.790392,0.36582835,-213.18446,0.0067916911,1.4251542,-0.0068073344,-0.018397085,-0.019032356,0.0023044478,0.084035369,8.2408978e-07,-0.029110104,0.99999997,0.084147938,8.425545e-07,-0.028865052,1,0,0,-0.020534928,-0.006897678,0.64715532,214.86742,2130.6724,59.5,0,1.3962634,0,0,nan,nan,22931.765,-953.88312,59.137523,173.48172,0.0115218,-0.18637015,-0.24073452,0,0,0,0,0,0
8.72,228.38837,-15.381809,-2139.18,31.813315,0.40434921,-212.14423,0.0066493745,1.4243919,-0.0062145774,-0.018022787,-0.01905472,0.0022619232,0.084189747,8.4952624e-07,-0.02876078,0.99999997,0.084293723,8.6673103e-07,-0.028516739,1,0,0,-0.020590699,-0.006821123,0.64411962,213.83797,2139.18,59.5,0,1.3962634,0,0,nan,nan,22693.087,-943.75286,58.190776,172.99733,0.011462696,-0.15996897,-0.24138506,0,0,0,0,0,0
8.76,229.66134,-15.364913,-2147.6461,31.836365,0.44226683,-211.11074,0.0065081088,1.4236287,-0.005635787,-0.017650588,-0.019073875,0.002219538,0.084331781,8.7318254e-07,-0.028412961,0.99999998,0.084427072,8.891785e-07,-0.028170015,1,0,0,-0.020643524,-0.0067448207,0.64110351,212.81532,2147.6461,59.5,0,1.3962634,0,0,nan,nan,22457.38,-933.75352,57.24995,172.47799,0.011392545,-0.13356163,-0.2425928,0,0,0,0,0,0
8.8,230.93523,-15.346511,-2156.071,31.859516,0.47958502,-210.0839,0.0063679849,1.4228649,-0.0050707824,-0.017280826,-0.019089822,0.002177328,0.084461342,8.9521395e-07,-0.028066757,0.99999998,0.08454786,9.1013282e-07,-0.027824967,1,0,0,-0.020693365,-0.0066687902,0.63810675,211.79941,2156.071,59.5,0,1.3962634,0,0,nan,nan,22224.594,-923.88294,56.314912,171.92411,0.011312752,-0.10716225,-0.24288622,0,0,0,0,0,0
8.84,232.21005,-15.326628,-2164.4549,31.882745,0.51630767,-209.06362,0.0062290995,1.4221006,-0.0045193644,-0.016913795,-0.019102565,0.0021353725,0.084578303,9.1575556e-07,-0.027722234,0.99999998,0.084655961,9.2964912e-07,-0.027481639,1,0,0,-0.020740186,-0.0065930525,0.6351291,210.79013,2164.4549,59.5,0,1.3962634,0,0,nan,nan,21994.683,-914.13903,55.386266,171.33611,0.011224535,-0.080778878,-0.2430543,0,0,0,0,0,0
8.88,233.48581,-15.305287,-2172.7982,31.906027,0.55243904,-208.04982,0.0060915419,1.4213358,-0.0039813296,-0.016549759,-0.019112107,0.0020936473,0.084682542,9.3485359e-07,-0.027379458,0.99999998,0.084751253,9.4775716e-07,-0.027140115,1,0,0,-0.020783948,-0.0065176272,0.63217032,209.78741,2172.7982,59.5,0,1.3962634,0,0,nan,nan,21767.597,-904.51974,54.464467,170.71439,0.011128531,-0.054420191,-0.24350418,0,0,0,0,0,0
8.92,234.76249,-15.282512,-2181.101,31.929339,0.58798347,-207.04242,0.0059553821,1.4205707,-0.0034564843,-0.016188959,-0.019118453,0.0020521538,0.084773936,9.5259257e-07,-0.027038514,0.99999998,0.084833615,9.6458189e-07,-0.026800477,1,0,0,-0.020824617,-0.0064425316,0.62923016,208.79116,2181.101,59.5,0,1.3962634,0,0,nan,nan,21543.293,-895.02304,53.549612,170.05939,0.011025577,-0.028097116,-0.2436249,0,0,0,0,0,0
8.96,236.04011,-15.258327,-2189.3637,31.952657,0.62294538,-206.04136,0.0058206851,1.4198054,-0.0029446304,-0.015831608,-0.01912161,0.0020109346,0.084852365,9.6907151e-07,-0.026699467,0.99999998,0.084902929,9.8020163e-07,-0.026462777,1,0,0,-0.020862155,-0.0063677832,0.62630841,207.80131,2189.3637,59.5,0,1.3962634,0,0,nan,nan,21321.724,-885.64697,52.642012,169.37152,0.010916555,-0.0018186259,-0.24350472,0,0,0,0,0,0
9,237.31866,-15.232754,-2197.5864,31.97596,0.65732939,-205.04654,0.0056875119,1.4190401,-0.0024455654,-0.015477892,-0.019121585,0.001969997,0.084917711,9.8434835e-07,-0.026362376,0.99999999,0.084959078,9.9465361e-07,-0.026127078,1,0,0,-0.020896528,-0.0062933989,0.62340482,206.81777,2197.5864,59.5,0,1.3962634,0,0,nan,nan,21102.846,-876.38957,51.742026,168.6512,0.010802072,0.024407021,-0.24343354,0,0,0,0,0,0
9.04,238.59814,-15.205816,-2205.7695,31.999223,0.69114025,-204.0579,0.0055559133,1.4182748,-0.0019590905,-0.015127982,-0.019118388,0.0019293419,0.084969859,9.9848093e-07,-0.026027307,0.99999999,0.085001948,1.0080087e-06,-0.025793445,1,0,0,-0.020927699,-0.0062193939,0.62051918,205.84046,2205.7695,59.5,0,1.3962634,0,0,nan,nan,20886.616,-867.24896,50.849841,167.89887,0.010682709,0.050570697,-0.24323492,0,0,0,0,0,0
9.08,239.87855,-15.177537,-2213.9131,32.022426,0.72438278,-203.07535,0.0054259334,1.4175098,-0.0014850067,-0.014782025,-0.019112026,0.0018889903,0.085008693,1.0115384e-06,-0.025694319,0.99999999,0.085031427,1.0203339e-06,-0.02546193,1,0,0,-0.020955636,-0.0061457831,0.61765127,204.86932,2213.9131,59.5,0,1.3962634,0,0,nan,nan,20672.992,-858.22328,49.965664,167.11497,0.010559084,0.076663743,-0.24284701,0,0,0,0,0,0
9.12,241.15988,-15.147939,-2222.0175,32.045545,0.75706194,-202.09884,0.0052976123,1.4167451,-0.0010231133,-0.014440154,-0.019102511,0.0018489558,0.085034104,1.023575e-06,-0.025363463,0.99999999,0.085047404,1.031671e-06,-0.025132584,1,0,0,-0.020980303,-0.0060725808,0.61480086,203.90426,2222.0175,59.5,0,1.3962634,0,0,nan,nan,20461.932,-849.31069,49.089752,166.29992,0.010431705,0.10267813,-0.24239888,0,0,0,0,0,0
9.16,242.44214,-15.117044,-2230.083,32.06856,0.78918281,-201.12828,0.0051709845,1.4159808,-0.00057321064,-0.014102483,-0.019089854,0.0018092433,0.085045981,1.0346372e-06,-0.025034792,0.99999999,0.085049771,1.0420676e-06,-0.024805459,1,0,0,-0.021001667,-0.0059998001,0.61196775,202.94521,2230.083,59.5,0,1.3962634,0,0,nan,nan,20253.395,-840.50941,48.222295,165.45417,0.010301016,0.12860567,-0.24187056,0,0,0,0,0,0
9.2,243.72532,-15.084875,-2238.1098,32.09145,0.82075053,-200.1636,0.0050460785,1.4152172,-0.00013510023,-0.013769112,-0.019074068,0.0017698647,0.085044217,1.0447751e-06,-0.024708355,0.99999999,0.085038424,1.0515746e-06,-0.024480602,1,0,0,-0.021019695,-0.0059274537,0.60915173,201.99209,2238.1098,59.5,0,1.3962634,0,0,nan,nan,20047.342,-831.81769,47.363457,164.57816,0.010167459,0.1544383,-0.24121084,0,0,0,0,0,0
9.24,245.00941,-15.051454,-2246.0981,32.114193,0.85177035,-199.20474,0.0049229196,1.4144542,0.0002914166,-0.01344013,-0.019055165,0.0017308315,0.085028707,1.0540342e-06,-0.024384197,0.99999999,0.085013257,1.0602319e-06,-0.024158054,1,0,0,-0.021034355,-0.0058555536,0.60635258,201.04484,2246.0981,59.5,0,1.3962634,0,0,nan,nan,19843.733,-823.23381,46.513418,163.67234,0.010031435,0.1801683,-0.24046021,0,0,0,0,0,0
9.28,246.29441,-15.016803,-2254.0482,32.136769,0.88224759,-198.25163,0.0048015288,1.4136921,0.00070653776,-0.013115611,-0.01903316,0.001692151,0.084999348,1.0624538e-06,-0.024062362,0.99999999,0.08497417,1.0680767e-06,-0.023837858,1,0,0,-0.021045614,-0.0057841108,0.6035701,200.10338,2254.0482,59.5,0,1.3962634,0,0,nan,nan,19642.531,-814.75608,45.672338,162.73715,0.0098932907,0.20578806,-0.2396337,0,0,0,0,0,0
9.32,247.58031,-14.980942,-2261.9602,32.159157,0.91218767,-197.3042,0.004681923,1.4129309,0.0011104599,-0.012795619,-0.019008069,0.0016538312,0.084956039,1.0700727e-06,-0.023742889,0.99999999,0.084921064,1.0751479e-06,-0.023520052,1,0,0,-0.021053441,-0.005713136,0.6008041,199.16765,2261.9602,59.5,0,1.3962634,0,0,nan,nan,19443.696,-806.38284,44.840349,161.77306,0.0097533574,0.23129005,-0.23871013,0,0,0,0,0,0
9.36,248.86709,-14.943894,-2269.8345,32.181194,0.94155905,-196.36236,0.0045656093,1.4121699,0.0015048916,-0.012480293,-0.019080278,0.001641845,0.084851732,1.0738416e-06,-0.023412772,0.99999999,0.084719686,1.0680118e-06,-0.023167074,1,0,0,-0.021059439,-0.0056430726,0.59805424,198.23752,2269.8345,59.5,0,1.3962634,0,0,nan,nan,19247.185,-798.32505,43.915423,160.38881,0.009593701,-1.5830263,0.21934929,0,0,0,0,0,0
9.4,250.15476,-14.905682,-2277.6712,32.203102,0.97045214,-195.42586,0.0044601302,1.4114037,0.0018977015,-0.012173136,-0.019180899,0.0016265031,0.084616379,1.0325443e-06,-0.023050693,0.99999999,0.084446189,9.8744869e-07,-0.022797829,1,0,0,-0.021067678,-0.0055747464,0.59531988,197.31279,2277.6712,59.5,0,1.3962634,0,0,nan,nan,19052.933,-790.44388,43.377352,160.2623,0.0092023393,0.26736203,-0.42563857,0,0,0,0,0,0
9.44,251.4433,-14.86632,-2285.4705,32.22526,0.99897072,-194.49458,0.0043530823,1.4106376,0.0022768044,-0.011880698,-0.019094907,0.001553064,0.084398603,9.8428061e-07,-0.022703477,0.99999999,0.084258769,9.7259192e-07,-0.022468434,1,0,0,-0.021070925,-0.0055056906,0.59260079,196.39338,2285.4705,59.5,0,1.3962634,0,0,nan,nan,18860.902,-782.65451,42.642931,159.65454,0.0087858832,0.76248617,-0.46944782,0,0,0,0,0,0
9.48,252.73273,-14.825828,-2293.2326,32.247223,1.0269446,-193.56852,0.00424105,1.4098747,0.0026392505,-0.011596272,-0.019049222,0.0015144523,0.084192078,1.0048869e-06,-0.022368918,0.99999999,0.084036897,1.0341315e-06,-0.022132212,1,0,0,-0.021068331,-0.005436279,0.58989684,195.47923,2293.2326,59.5,0,1.3962634,0,0,nan,nan,18671.062,-774.95626,41.762354,158.60373,0.0087306918,0.047210913,-0.060850847,0,0,0,0,0,0
9.52,254.02303,-14.784227,-2300.9579,32.26896,1.0544036,-192.64762,0.0041334242,1.4091126,0.0029946794,-0.011311429,-0.019045496,0.0014957224,0.083951949,1.0389089e-06,-0.022025612,0.99999999,0.08377537,1.0524885e-06,-0.021784031,1,0,0,-0.021062558,-0.0053679174,0.58720785,194.57029,2300.9579,59.5,0,1.3962634,0,0,nan,nan,18483.38,-767.34553,41.063243,157.78037,0.0087428747,0.15080502,-0.18920878,0,0,0,0,0,0
9.56,255.3142,-14.741536,-2308.6464,32.290576,1.0814312,-191.73182,0.0040287252,1.408351,0.0033415929,-0.011028426,-0.019012334,0.0014532675,0.083695317,1.0464299e-06,-0.021685157,1,0.083513888,1.049153e-06,-0.021450678,1,0,0,-0.02105308,-0.0052999506,0.58453365,193.66649,2308.6464,59.5,0,1.3962634,0,0,nan,nan,18297.823,-759.82139,40.374043,156.95774,0.008621195,0.37080832,-0.33148489,0,0,0,0,0,0
9.6,256.60623,-14.697773,-2316.2983,32.312005,1.1079841,-190.82107,0.0039232656,1.4075911,0.0036763876,-0.010749509,-0.018971316,0.0014120604,0.083431035,1.0568722e-06,-0.021354138,1,0.083241525,1.0683479e-06,-0.02112355,1,0,0,-0.021039282,-0.0052320198,0.58187409,192.76779,2316.2983,59.5,0,1.3962634,0,0,nan,nan,18114.362,-752.38302,39.601008,156.00428,0.0085162247,0.30767177,-0.20187722,0,0,0,0,0,0
9.64,257.89912,-14.652957,-2323.9139,32.333195,1.134045,-189.91531,0.0038195723,1.4068327,0.0040017627,-0.010473327,-0.018936993,0.0013832463,0.083151155,1.0724877e-06,-0.021024032,1,0.082949561,1.0803996e-06,-0.020792653,1,0,0,-0.021021531,-0.0051646577,0.57922899,191.87412,2323.9139,59.5,0,1.3962634,0,0,nan,nan,17932.966,-745.02883,38.869436,155.03211,0.0084381415,0.3017297,-0.1806829,0,0,0,0,0,0
9.68,259.19284,-14.607107,-2331.4934,32.354143,1.1596494,-189.0145,0.0037185835,1.4060758,0.0043187793,-0.01020043,-0.018897845,0.0013494191,0.082855585,1.0772292e-06,-0.020695155,1,0.082644257,1.0776808e-06,-0.020466652,1,0,0,-0.020999893,-0.0050978611,0.57659821,190.98544,2331.4934,59.5,0,1.3962634,0,0,nan,nan,17753.604,-737.75749,38.174713,154.04711,0.0083083558,0.36658132,-0.25274754,0,0,0,0,0,0
9.72,260.4874,-14.560241,-2339.037,32.374828,1.1847983,-188.11858,0.0036186989,1.4053205,0.0046259761,-0.009932155,-0.018852823,0.0013120179,0.08254691,1.0786775e-06,-0.020371828,1,0.082326398,1.0812083e-06,-0.020147134,1,0,0,-0.020974217,-0.0050313907,0.57398158,190.10167,2339.037,59.5,0,1.3962634,0,0,nan,nan,17576.248,-730.56786,37.456284,153.01433,0.0081653067,0.39320802,-0.23261174,0,0,0,0,0,0
9.76,261.78278,-14.512379,-2346.5447,32.395219,1.2094805,-187.22751,0.0035200985,1.4045671,0.0049237189,-0.0096681811,-0.01880565,0.0012791998,0.082224394,1.0840758e-06,-0.020052176,1,0.081993816,1.0880757e-06,-0.019829071,1,0,0,-0.020944504,-0.0049653696,0.57137896,189.22279,2346.5447,59.5,0,1.3962634,0,0,nan,nan,17400.868,-723.45871,36.74136,151.94394,0.0080438335,0.41084218,-0.20268464,0,0,0,0,0,0
9.8,263.07897,-14.463538,-2354.017,32.415296,1.233707,-186.34123,0.0034234974,1.4038156,0.005212895,-0.0094081615,-0.018755429,0.00124699,0.081887481,1.0880182e-06,-0.019734789,1,0.081646948,1.0895786e-06,-0.019513714,1,0,0,-0.020910772,-0.004899891,0.5687902,188.34872,2354.017,59.5,0,1.3962634,0,0,nan,nan,17227.436,-716.42884,36.049698,150.84452,0.0079177413,0.44330109,-0.2226407,0,0,0,0,0,0
9.84,264.37596,-14.413736,-2361.4539,32.435037,1.2574866,-185.4597,0.0033285074,1.4030663,0.0054932751,-0.0091524223,-0.01870127,0.0012128921,0.081536576,1.0896484e-06,-0.019421216,1,0.081286327,1.0909258e-06,-0.019203141,1,0,0,-0.020872982,-0.0048348764,0.56621514,187.47942,2361.4539,59.5,0,1.3962634,0,0,nan,nan,17055.924,-709.47708,35.360337,149.71145,0.0077833031,0.47409981,-0.22772123,0,0,0,0,0,0
9.88,265.67373,-14.362992,-2368.8556,32.454419,1.2808179,-184.58287,0.0032349061,1.4023192,0.0057648067,-0.0089009675,-0.018643713,0.0011798782,0.081171721,1.0922899e-06,-0.019111581,1,0.080911643,1.094496e-06,-0.018895915,1,0,0,-0.020831108,-0.0047703289,0.56365364,186.61484,2368.8556,59.5,0,1.3962634,0,0,nan,nan,16886.306,-702.60229,34.672042,148.5446,0.0076561676,0.50083109,-0.21360302,0,0,0,0,0,0
9.92,266.97227,-14.311323,-2376.2223,32.473422,1.303705,-183.71069,0.0031429529,1.4015744,0.00602792,-0.0086535721,-0.018582884,0.0011480533,0.080792768,1.0951079e-06,-0.018805069,1,0.080522812,1.0966651e-06,-0.018591563,1,0,0,-0.020785135,-0.0047063036,0.56110556,185.75492,2376.2223,59.5,0,1.3962634,0,0,nan,nan,16718.553,-695.80335,33.996015,147.34653,0.0075322736,0.52910804,-0.2141007,0,0,0,0,0,0
9.96,268.27156,-14.258747,-2383.5542,32.492025,1.326155,-182.84311,0.003052642,1.4008322,0.0062827714,-0.0084102612,-0.018518609,0.0011159158,0.080399735,1.0966961e-06,-0.018501946,1,0.080119941,1.0975566e-06,-0.018291,1,0,0,-0.020735041,-0.004642794,0.55857075,184.89962,2383.5542,59.5,0,1.3962634,0,0,nan,nan,16552.641,-689.07916,33.32888,146.11758,0.0074051977,0.55787796,-0.21837341,0,0,0,0,0,0
10,269.57159,-14.205281,-2390.8516,32.510208,1.3481714,-181.9801,0.0029638321,1.4000926,0.0065293829,-0.0081710868,-0.018450941,0.0010839961,0.086994655,1.0979542e-06,-0.018202529,1,0.29623313,1.0988936e-06,-0.017994119,1,0,0,-0.020680804,-0.0045797901,0.55604907,184.04889,2390.8516,59.5,0,1.2566371,0,0,nan,nan,16388.543,-682.42862,32.666682,73.201409,0.0072791232,-226.69404,-0.21385456,0,0,0,0,0,0
10.04,270.8667,-14.150955,-2398.1154,32.139876,1.3692008,-181.1897,0.0028048556,1.3961062,0.0066951656,-0.0079299952,-0.24405084,0.00071580175,0.17466519,1.3235767e-06,-0.018000896,1,0.15312391,1.8682295e-06,-0.018023702,1,0,0,-0.026021919,-0.0045092323,0.55356889,183.21211,2398.1154,59.5,0,1.2566371,0,0,nan,nan,16227.903,-672.31439,36.108333,-557.30532,0.0081447281,-2350.7569,-7.8517861,0,0,0,0,0,0
10.08,272.14853,-14.095731,-2405.3476,32.093199,1.3939439,-180.35109,0.0023549939,1.3835236,0.0065540058,-0.0075583349,-0.31242018,-0.00031938519,0.11363519,3.3090276e-06,-0.018464404,1,0.093132492,5.3553834e-06,-0.018956706,1,0,0,-0.038177485,-0.0043897919,0.55108944,182.37578,2405.3476,59.5,0,1.2566371,0,0,nan,nan,16068.296,-655.86676,36.612321,675.16781,0.016723539,1238.7935,-1.756229,0,0,0,0,0,0
10.12,273.44046,-14.039497,-2412.5441,32.521962,1.4184225,-179.43081,0.0019456885,1.3744264,0.006432142,-0.0068257947,-0.13822058,0.00054981559,0.14581898,5.88659e-06,-0.018801146,1,0.19158634,6.9281465e-06,-0.0186682,1,0,0,-0.044186534,-0.0042689927,0.54858138,181.5302,2412.5441,59.5,0,1.2566371,0,0,nan,nan,15908.023,-643.54313,31.931945,656.38734,0.027600998,1008.893,14.486091,0,0,0,0,0,0
10.16,274.74623,-13.982325,-2419.7046,32.743972,1.441665,-178.55602,0.0018924388,1.3701426,0.0066386569,-0.0059277643,-0.095188941,0.0016821521,0.19574441,5.326339e-06,-0.018191468,1,0.21526875,3.7661006e-06,-0.017677844,1,0,0,-0.046522469,-0.0042016296,0.54611748,180.69945,2419.7046,59.5,0,1.2566371,0,0,nan,nan,15751.307,-634.19728,35.933877,361.73169,0.024675182,-23.346184,1.0756597,0,0,0,0,0,0
10.2,276.05893,-13.924173,-2426.8305,32.903641,1.4674915,-177.69896,0.0019251803,1.3662374,0.0069007994,-0.0053112669,-0.098828585,0.0011465587,0.20739243,2.567664e-06,-0.01775169,1,0.20976325,7.6584859e-07,-0.017652771,1,0,0,-0.048819174,-0.0041297012,0.54367871,179.87723,2426.8305,59.5,0,1.2566371,0,0,nan,nan,15597.008,-625.07199,37.876781,407.37411,0.012495669,44.147426,-5.9916008,0,0,0,0,0,0
10.24,277.37884,-13.864985,-2433.9221,33.109643,1.4928057,-176.8373,0.0018634734,1.3625203,0.0070486605,-0.0050362407,-0.083165392,0.00089250236,0.21185568,9.1174013e-07,-0.017702988,1,0.2169647,2.9192236e-07,-0.017626596,1,0,0,-0.050653428,-0.0040385766,0.54124897,179.0582,2433.9221,59.5,0,1.2566371,0,0,nan,nan,15444.177,-616.68092,34.553014,469.73713,0.0053074914,189.46761,2.7393729,0,0,0,0,0,0
10.28,278.70747,-13.80482,-2440.9792,33.331141,1.5165739,-175.97668,0.0018461983,1.3595985,0.0072341651,-0.0049060183,-0.063481073,0.0013413845,0.22129669,3.2024478e-07,-0.017393549,1,0.22816273,-7.5605931e-08,-0.017074669,1,0,0,-0.051590083,-0.0039624251,0.53883109,178.24331,2440.9792,59.5,0,1.2566371,0,0,nan,nan,15292.965,-609.57011,33.799335,455.89323,0.0027518273,112.47237,2.9766029,0,0,0,0,0,0
10.32,280.04466,-13.743703,-2448.0021,33.535371,1.5405423,-175.12355,0.0018928153,1.3572331,0.0074813755,-0.004859013,-0.056463593,0.0013910381,0.2287145,-3.558462e-07,-0.016942369,1,0.23204172,-8.378432e-07,-0.016671618,1,0,0,-0.052054901,-0.0038963312,0.53642872,177.43375,2448.0021,59.5,0,1.2566371,0,0,nan,nan,15143.561,-603.16004,34.542111,429.73428,-8.3290078e-05,13.84101,-1.6222581,0,0,0,0,0,0
10.36,281.38977,-13.681625,-2454.9909,33.73011,1.5644422,-174.27613,0.0019145393,1.3549863,0.0077030485,-0.0048963373,-0.056032336,0.0011932728,0.23110259,-8.0952585e-07,-0.016642788,1,0.23175036,-9.3858601e-07,-0.01646514,1,0,0,-0.052441891,-0.0038244545,0.53404006,176.62893,2454.9909,59.5,0,1.2566371,0,0,nan,nan,14995.848,-596.90197,33.481299,428.722,-0.0019266129,4.9804274,-0.67762329,0,0,0,0,0,0
10.4,282.74272,-13.618607,-2461.9459,33.927694,1.5874815,-173.43173,0.0019138595,1.3527702,0.0079041586,-0.0049594667,-0.054311717,0.0012176349,0.23177266,-7.6759173e-07,-0.016362079,1,0.23232765,-6.5344582e-07,-0.016137102,1,0,0,-0.052768007,-0.0037526526,0.53166307,175.82817,2461.9459,59.5,0,1.2566371,0,0,nan,nan,14849.694,-590.71795,32.215896,434.69758,-0.0017117993,22.373833,0.87995582,0,0,0,0,0,0
10.44,284.10361,-13.554679,-2468.8672,34.126667,1.610007,-172.59055,0.0019211769,1.3506485,0.0081158438,-0.0050046094,-0.051750649,0.0012689703,0.23281201,-6.1920392e-07,-0.016012673,1,0.23359913,-5.4255149e-07,-0.015763998,1,0,0,-0.052977767,-0.0036855026,0.52929771,175.03146,2468.8672,59.5,0,1.2566371,0,0,nan,nan,14705.083,-584.77982,31.76093,432.52782,-0.0010779395,16.870398,-0.079836346,0,0,0,0,0,0
10.48,285.47242,-13.489854,-2475.7549,34.322729,1.6322432,-171.75342,0.0019244695,1.3486071,0.0083250069,-0.0050335608,-0.050506801,0.0012091515,0.23369133,-5.2666744e-07,-0.015679542,1,0.23408785,-4.5464061e-07,-0.015461194,1,0,0,-0.053110004,-0.003618853,0.52694433,174.2389,2475.7549,59.5,0,1.2566371,0,0,nan,nan,14562.021,-579.02363,31.138262,427.33321,-0.00068368429,4.3536364,-0.51730149,0,0,0,0,0,0
10.52,286.849,-13.42415,-2482.6092,34.516002,1.6539643,-170.92026,0.0019141894,1.3465928,0.0085212665,-0.0050476314,-0.050258988,0.0011639501,0.23391685,-3.8516565e-07,-0.015375579,1,0.23390474,-2.6546604e-07,-0.015161998,1,0,0,-0.053217536,-0.003551845,0.52460269,173.45043,2482.6092,59.5,0,1.2566371,0,0,nan,nan,14420.478,-573.36561,30.2303,424.55535,-0.00010789169,1.2332374,-0.045382982,0,0,0,0,0,0
10.56,288.23329,-13.357587,-2489.4302,34.707941,1.6751488,-170.0907,0.0018980797,1.3445861,0.0087118112,-0.005040432,-0.050019887,0.0011543454,0.23379611,-2.1259323e-07,-0.015062436,1,0.23368468,-9.9518081e-08,-0.014839725,1,0,0,-0.053311075,-0.0034863082,0.52227241,172.6659,2489.4302,59.5,0,1.2566371,0,0,nan,nan,14280.421,-567.78738,29.488387,422.99451,0.00057231495,2.8934919,-0.050613602,0,0,0,0,0,0
10.6,289.62524,-13.290186,-2496.2181,34.898628,1.6959071,-169.26466,0.0018782709,1.3425922,0.008897941,-0.0050129911,-0.049657704,0.0011242613,0.23363968,-7.0232348e-08,-0.014747417,1,0.23352761,2.0316582e-08,-0.014530821,1,0,0,-0.053385229,-0.0034219377,0.51995332,171.88526,2496.2181,59.5,0,1.2566371,0,0,nan,nan,14141.827,-562.29542,28.825007,420.68298,0.0011166863,2.7695955,-0.26382639,0,0,0,0,0,0
10.64,291.02478,-13.221962,-2502.9731,35.08755,1.716224,-168.44221,0.001852091,1.3406111,0.009076162,-0.0049693147,-0.049407392,0.0010841652,0.23344193,5.6761095e-08,-0.014444171,1,0.23327046,1.4613195e-07,-0.014234533,1,0,0,-0.053442804,-0.0033580493,0.51764538,171.1085,2502.9731,59.5,0,1.2566371,0,0,nan,nan,14004.68,-556.88417,28.086337,417.80994,0.0015869437,1.3834158,-0.20885431,0,0,0,0,0,0
10.68,292.43184,-13.152934,-2509.6952,35.274585,1.7360693,-167.62335,0.0018207027,1.3386373,0.0092470235,-0.00491052,-0.049287259,0.0010541759,0.2331367,1.8301249e-07,-0.014145292,1,0.23288807,2.6844037e-07,-0.013936097,1,0,0,-0.053490247,-0.0032949715,0.51534846,170.33557,2509.6952,59.5,0,1.2566371,0,0,nan,nan,13868.96,-551.54289,27.359547,415.05338,0.0020409026,0.79223649,-0.15244447,0,0,0,0,0,0
10.72,293.84635,-13.083121,-2516.3846,35.459851,1.7554706,-166.80801,0.0017859006,1.3366675,0.0094117598,-0.0048377952,-0.049188278,0.0010238664,0.23274379,2.9608721e-07,-0.013847706,1,0.23245008,3.6947163e-07,-0.01364086,1,0,0,-0.053529993,-0.0032328612,0.51306244,169.56643,2516.3846,59.5,0,1.2566371,0,0,nan,nan,13734.648,-546.26691,26.680238,412.42398,0.0024324408,0.92216087,-0.2032541,0,0,0,0,0,0
10.76,295.26824,-13.012541,-2523.0415,35.643363,1.7744439,-165.99616,0.0017476739,1.3347021,0.0095698255,-0.0047534205,-0.049071983,0.00098880139,0.23230381,3.9437384e-07,-0.013555612,1,0.23198348,4.5998985e-07,-0.013353229,1,0,0,-0.053561787,-0.0031715204,0.51078719,168.80104,2523.0415,59.5,0,1.2566371,0,0,nan,nan,13601.724,-541.05557,26.001597,409.6962,0.0027578162,0.99722214,-0.21656508,0,0,0,0,0,0
10.8,296.69743,-12.941209,-2529.666,35.825043,1.7929851,-165.18777,0.0017062906,1.3327414,0.0097210477,-0.0046591102,-0.048958137,0.00095506494,0.23182448,4.843027e-07,-0.013268888,1,0.23147415,5.4465325e-07,-0.013069437,1,0,0,-0.053585777,-0.0031109436,0.50852262,168.03936,2529.666,59.5,0,1.2566371,0,0,nan,nan,13470.171,-535.90766,25.324681,406.84109,0.0030429766,0.90397518,-0.1959693,0,0,0,0,0,0
10.84,298.13386,-12.869144,-2536.2582,36.004837,1.811101,-164.38284,0.0016625845,1.330785,0.0098658939,-0.0045561229,-0.04885434,0.00092271079,0.23129888,5.6526832e-07,-0.012985764,1,0.23091513,6.1839358e-07,-0.012788834,1,0,0,-0.053602669,-0.0030512104,0.50626863,167.28136,2536.2582,59.5,0,1.2566371,0,0,nan,nan,13339.971,-530.82123,24.668688,403.93143,0.0032870948,0.85819883,-0.20086068,0,0,0,0,0,0
10.88,299.57744,-12.796362,-2542.8183,36.182725,1.8288031,-163.58132,0.0016170015,1.3288327,0.010004488,-0.0044458914,-0.048750173,0.00088933493,0.2307272,6.3581875e-07,-0.012706842,1,0.23031277,6.8210848e-07,-0.01251319,1,0,0,-0.053612854,-0.0029922911,0.50402511,166.52699,2542.8183,59.5,0,1.2566371,0,0,nan,nan,13211.107,-525.7948,24.027012,400.98684,0.0034863853,0.90509954,-0.21077314,0,0,0,0,0,0
10.92,301.02809,-12.72288,-2549.3463,36.358686,1.8460969,-162.7832,0.001569793,1.3268847,0.010136812,-0.0043297579,-0.048638866,0.0008558099,0.23011405,6.9790068e-07,-0.012432635,1,0.22967167,7.389408e-07,-0.012242158,1,0,0,-0.053616348,-0.0029341549,0.50179197,165.77624,2549.3463,59.5,0,1.2566371,0,0,nan,nan,13083.56,-520.82745,23.393727,397.98689,0.0036493826,0.96682607,-0.20766006,0,0,0,0,0,0
10.96,302.48575,-12.648714,-2555.8425,36.532685,1.8629876,-161.98845,0.0015213524,1.3249414,0.010263043,-0.0042087945,-0.048521213,0.00082297593,0.22946129,7.5277916e-07,-0.012162665,1,0.22899111,7.8878955e-07,-0.011975029,1,0,0,-0.053613129,-0.0028768156,0.49956911,165.02905,2555.8425,59.5,0,1.2566371,0,0,nan,nan,12957.316,-515.91833,22.773305,394.92395,0.0037818317,1.0113868,-0.20580167,0,0,0,0,0,0
11,303.95034,-12.57388,-2562.307,36.704689,1.8794828,-161.19706,0.0014720367,1.3230028,0.010383365,-0.0040839774,-0.048398443,0.00079030424,0.2287684,8.0047304e-07,-0.011896796,1,0.22826991,8.3156179e-07,-0.011712097,1,0,0,-0.053603236,-0.0028202726,0.49735642,164.28541,2562.307,59.5,0,1.2566371,0,0,nan,nan,12832.356,-511.06652,22.166663,391.80527,0.0038848767,1.0559962,-0.20839078,0,0,0,0,0,0
11.04,305.42176,-12.498393,-2568.7399,36.874672,1.8955891,-160.409,0.0014220887,1.3210692,0.010497882,-0.0039562216,-0.048269773,0.0007576816,0.22803509,8.4161464e-07,-0.011635194,1,0.22750841,8.6845348e-07,-0.01145349,1,0,0,-0.053586691,-0.0027645098,0.49515383,163.54526,2568.7399,59.5,0,1.2566371,0,0,nan,nan,12708.665,-506.27114,21.571496,388.63578,0.0039617553,1.1106263,-0.2086571,0,0,0,0,0,0
11.08,306.89994,-12.42227,-2575.1414,37.042605,1.9113126,-159.62426,0.001371739,1.3191409,0.010606721,-0.0038263135,-0.048134286,0.00072542294,0.22726173,8.7710839e-07,-0.01137779,1,0.22670714,9.0019931e-07,-0.011198967,1,0,0,-0.053563472,-0.0027095207,0.49296122,162.8086,2575.1414,59.5,0,1.2566371,0,0,nan,nan,12586.227,-501.53138,20.987902,385.41522,0.0040165041,1.1691017,-0.2073539,0,0,0,0,0,0
11.12,308.38481,-12.345525,-2581.5115,37.208463,1.9266594,-158.8428,0.0013212134,1.3172182,0.010710035,-0.003694932,-0.047991889,0.000693539,0.22644855,9.0744821e-07,-0.011124451,1,0.22586607,9.2705318e-07,-0.010948458,1,0,0,-0.05353354,-0.0026553011,0.49077852,162.07537,2581.5115,59.5,0,1.2566371,0,0,nan,nan,12465.025,-496.84646,20.416557,382.14341,0.0040515919,1.2261644,-0.20705847,0,0,0,0,0,0
11.16,309.87626,-12.268172,-2587.8504,37.372218,1.9416359,-158.06462,0.0012706956,1.3153013,0.010807958,-0.0035626858,-0.047842752,0.00066194765,0.22559546,9.3305091e-07,-0.010875158,1,0.22498498,9.4951147e-07,-0.010701996,1,0,0,-0.053496864,-0.0026018415,0.48860563,161.34555,2587.8504,59.5,0,1.2566371,0,0,nan,nan,12345.045,-492.21562,19.856983,378.8219,0.0040691288,1.2824072,-0.20676033,0,0,0,0,0,0
11.2,311.37423,-12.190228,-2594.1583,37.533846,1.9562481,-157.28968,0.0012203399,1.3133905,0.010900622,-0.0034301094,-0.047686882,0.00063070963,0.22470231,9.5444102e-07,-0.010629881,1,0.22406377,9.6811833e-07,-0.010459506,1,0,0,-0.053453409,-0.0025491321,0.48644245,160.61911,2594.1583,59.5,0,1.2566371,0,0,nan,nan,12226.272,-487.6381,19.308793,375.45244,0.0040714977,1.3391761,-0.20574626,0,0,0,0,0,0
11.24,312.87862,-12.111706,-2600.4352,37.693321,1.9705019,-156.51799,0.0011702868,1.3114861,0.01098816,-0.0032976638,-0.047524223,0.00059987662,0.22376904,9.7206814e-07,-0.010388545,1,0.22310241,9.8323456e-07,-0.010220907,1,0,0,-0.05340314,-0.0024971646,0.48428891,159.89601,2600.4352,59.5,0,1.2566371,0,0,nan,nan,12108.689,-483.11316,18.772025,372.03623,0.0040607345,1.396164,-0.20465016,0,0,0,0,0,0
11.28,314.38935,-12.032621,-2606.6813,37.850621,1.9844033,-155.74951,0.001120658,1.3095883,0.011070709,-0.0031657505,-0.04735479,0.00056944112,0.2227956,9.8628919e-07,-0.010151092,1,0.22210082,9.9518656e-07,-0.0099861552,1,0,0,-0.053346016,-0.0024459301,0.48214492,159.17623,2606.6813,59.5,0,1.2566371,0,0,nan,nan,11992.283,-478.64008,18.246554,368.57434,0.0040384874,1.4526889,-0.20360131,0,0,0,0,0,0
11.32,315.90633,-11.952986,-2612.8967,38.005722,1.9979579,-154.98423,0.0010715554,1.3076974,0.011148398,-0.0030347194,-0.047178652,0.00053941152,0.2217819,9.9745186e-07,-0.0099174729,1,0.2210589,1.0043222e-06,-0.0097552029,1,0,0,-0.053282001,-0.0023954183,0.48001038,158.45974,2612.8967,59.5,0,1.2566371,0,0,nan,nan,11877.039,-474.21815,17.732128,365.06798,0.0040063067,1.5086217,-0.20233472,0,0,0,0,0,0
11.36,317.42947,-11.872816,-2619.0816,38.158602,2.0111717,-154.22213,0.0010230667,1.3058137,0.011221355,-0.0029048714,-0.046995872,0.00050981139,0.22072784,1.0058838e-06,-0.0096876314,1,0.21997656,1.0109415e-06,-0.0095279849,1,0,0,-0.053211055,-0.0023456197,0.47788521,157.7465,2619.0816,59.5,0,1.2566371,0,0,nan,nan,11762.942,-469.84665,17.228589,361.51844,0.0039656141,1.5640779,-0.20089327,0,0,0,0,0,0
11.4,318.95868,-11.792123,-2625.236,38.309241,2.0240501,-153.46319,0.00097526711,1.3039374,0.011289707,-0.0027764643,-0.046806508,0.00048065038,0.21963333,1.0118678e-06,-0.0094615069,1,0.21885372,1.0152986e-06,-0.0093044435,1,0,0,-0.053133143,-0.0022965244,0.47576933,157.03649,2625.236,59.5,0,1.2566371,0,0,nan,nan,11649.979,-465.5249,16.735801,357.92695,0.0039176297,1.619055,-0.19938734,0,0,0,0,0,0
11.44,320.49388,-11.710921,-2631.3602,38.457618,2.0365987,-152.70741,0.00092821971,1.3020688,0.011353581,-0.0026497186,-0.04661062,0.00045193304,0.2184983,1.0156579e-06,-0.0092390439,1,0.21769029,1.0176335e-06,-0.0090845254,1,0,0,-0.053048227,-0.0022481223,0.47366266,156.32967,2631.3602,59.5,0,1.2566371,0,0,nan,nan,11538.135,-461.2522,16.253581,354.29472,0.0038634318,1.6734706,-0.19778607,0,0,0,0,0,0
11.48,322.03497,-11.629224,-2637.4542,38.603714,2.0488231,-151.95475,0.0008819768,1.3002082,0.011413098,-0.0025248213,-0.046408279,0.00042366802,0.21732267,1.017489e-06,-0.0090201867,1,0.21648622,1.0181664e-06,-0.0088681731,1,0,0,-0.052956272,-0.0022004032,0.47156511,155.62602,2637.4542,59.5,0,1.2566371,0,0,nan,nan,11427.397,-457.02789,15.781752,350.62294,0.0038039948,1.7272801,-0.19606972,0,0,0,0,0,0
11.52,323.58186,-11.547044,-2643.5181,38.747509,2.0607286,-151.20521,0.00083658178,1.2983558,0.011468379,-0.0024019293,-0.046199559,0.00039586246,0.21610637,1.0175723e-06,-0.0088048778,1,0.21524142,1.0170913e-06,-0.0086553291,1,0,0,-0.052857243,-0.0021533569,0.4694766,154.92551,2643.5181,59.5,0,1.2566371,0,0,nan,nan,11317.752,-452.85129,15.32015,346.91283,0.0037401789,1.7804775,-0.19426938,0,0,0,0,0,0
11.56,325.13445,-11.464393,-2649.5521,38.888986,2.0723206,-150.45878,0.00079206988,1.2965119,0.011519542,-0.0022811733,-0.045984532,0.00036852014,0.21484932,1.0160963e-06,-0.0085930608,1,0.21395583,1.0145826e-06,-0.008445938,1,0,0,-0.052751106,-0.0021069733,0.46739705,154.22812,2649.5521,59.5,0,1.2566371,0,0,nan,nan,11209.186,-448.72175,14.868607,343.16561,0.0036727389,1.8330556,-0.19239697,0,0,0,0,0,0
11.6,326.69266,-11.381285,-2655.5564,39.028127,2.0836045,-149.71543,0.00074846904,1.2946767,0.011566703,-0.0021626607,-0.045763274,0.00034164438,0.21355147,1.0132321e-06,-0.0083846803,1,0.2126294,1.0107999e-06,-0.0082399446,1,0,0,-0.052637828,-0.002061242,0.46532639,153.53381,2655.5564,59.5,0,1.2566371,0,0,nan,nan,11101.686,-444.63863,14.42695,339.38246,0.0036023445,1.8849976,-0.19044875,0,0,0,0,0,0
11.64,328.2564,-11.297731,-2661.5309,39.164917,2.0945853,-148.97515,0.00070580089,1.2928504,0.011609976,-0.0020464784,-0.045535862,0.00031523819,0.21221276,1.0091343e-06,-0.0081796808,1,0.21126207,1.0058864e-06,-0.0080372934,1,0,0,-0.052517377,-0.002016153,0.46326453,152.84255,2661.5309,59.5,0,1.2566371,0,0,nan,nan,10995.24,-440.60127,13.995011,335.56459,0.0035295888,1.9362878,-0.18843173,0,0,0,0,0,0
11.68,329.82555,-11.213744,-2667.4759,39.299339,2.1052683,-148.23792,0.00066408153,1.2910334,0.011649472,-0.001932695,-0.045302374,0.00028930331,0.21083314,1.0039417e-06,-0.0079780074,1,0.2098538,9.9997067e-07,-0.0078379301,1,0,0,-0.052389722,-0.0019716959,0.46121139,152.15432,2667.4759,59.5,0,1.2566371,0,0,nan,nan,10889.834,-436.60906,13.572623,331.71317,0.0034549924,1.9869151,-0.18635529,0,0,0,0,0,0
11.72,331.40005,-11.129335,-2673.3914,39.431408,2.1156587,-147.50374,0.00062332138,1.2892259,0.011685297,-0.0018213626,-0.045051554,0.00026381062,0.20941567,9.977816e-07,-0.0077796143,1,0.20841467,9.9317796e-07,-0.0076418284,1,0,0,-0.052254536,-0.0019278613,0.45916692,151.4691,2673.3914,59.5,0,1.2566371,0,0,nan,nan,10785.457,-432.63291,13.158993,327.93542,0.0033790665,2.2659246,-0.18476582,0,0,0,0,0,0
11.76,332.97977,-11.044516,-2679.2777,39.561146,2.1257614,-146.7726,0.00058352351,1.2874291,0.011717556,-0.0017125172,-0.044776949,0.00023877714,0.20797266,9.9079796e-07,-0.0075844711,1,0.20695238,9.8566037e-07,-0.0074489289,1,0,0,-0.052110769,-0.0018846407,0.45713109,150.78688,2679.2777,59.5,0,1.2566371,0,0,nan,nan,10682.099,-428.69203,12.753956,324.05819,0.0033022661,2.2957077,-0.18212021,0,0,0,0,0,0
11.8,334.56465,-10.959298,-2685.1347,39.688487,2.1355807,-146.04449,0.00054469593,1.2856431,0.011746356,-0.0016061823,-0.044509452,0.00021426787,0.2064923,9.8306906e-07,-0.0073924756,1,0.20544016,9.7741332e-07,-0.0072591108,1,0,0,-0.051958681,-0.0018420269,0.45510383,150.10764,2685.1347,59.5,0,1.2566371,0,0,nan,nan,10579.749,-424.79372,12.358045,320.10779,0.0032248596,2.1972961,-0.17979163,0,0,0,0,0,0
11.84,336.15457,-10.873692,-2690.9627,39.813417,2.1451216,-145.31941,0.00050683959,1.2838677,0.0117718,-0.0015023757,-0.04424892,0.00019020066,0.2049631,9.7463215e-07,-0.0072035841,1,0.20387661,9.6851769e-07,-0.0070723922,1,0,0,-0.051798865,-0.0018000099,0.45308507,149.43134,2690.9627,59.5,0,1.2566371,0,0,nan,nan,10478.394,-420.93686,11.971208,316.15575,0.0031470005,2.196425,-0.17796156,0,0,0,0,0,0
11.88,337.74944,-10.78771,-2696.7618,39.935944,2.1543891,-144.59733,0.00046994547,1.2821027,0.01179398,-0.001401106,-0.043983734,0.00016656955,0.20338795,9.6562778e-07,-0.0070177845,1,0.2022714,9.5916917e-07,-0.0068887415,1,0,0,-0.05163144,-0.0017585782,0.45107475,148.75797,2696.7618,59.5,0,1.2566371,0,0,nan,nan,10378.022,-417.12076,11.592994,312.19575,0.0030691281,2.2621224,-0.17567696,0,0,0,0,0,0
11.92,339.34917,-10.701363,-2702.532,40.05606,2.1633881,-143.87825,0.00043400725,1.2803485,0.011812993,-0.0013023671,-0.043711067,0.00014342042,0.20177185,9.5617999e-07,-0.0068350155,1,0.20062728,9.494286e-07,-0.006708069,1,0,0,-0.051456299,-0.0017177223,0.44907278,148.08749,2702.532,59.5,0,1.2566371,0,0,nan,nan,10278.623,-413.34491,11.223311,308.2052,0.0029916152,2.3138701,-0.17316277,0,0,0,0,0,0
11.96,340.95366,-10.614661,-2708.2735,40.173752,2.1721232,-143.16216,0.00039901993,1.2786054,0.011828936,-0.0012061452,-0.043433614,0.0001207455,0.20011531,9.4632059e-07,-0.0066552116,1,0.19894197,9.3928567e-07,-0.0065303253,1,0,0,-0.051273416,-0.0016774332,0.44707911,147.41989,2708.2735,59.5,0,1.2566371,0,0,nan,nan,10180.184,-409.60876,10.862133,304.18336,0.002914562,2.3450943,-0.17082741,0,0,0,0,0,0
12,342.5628,-10.527614,-2713.9865,40.289009,2.1805992,-142.44903,0.00036497428,1.2768733,0.011841899,-0.0011124243,-0.043152464,9.8523707e-05,0.19841711,9.3607673e-07,-0.006478332,1,0.19721442,9.2879012e-07,-0.0063554802,1,0,0,-0.051082833,-0.0016377012,0.44509366,146.75515,2713.9865,59.5,0,1.2566371,0,0,nan,nan,10082.696,-405.91171,10.509255,300.13857,0.0028380515,2.3788971,-0.16849696,0,0,0,0,0,0
12.04,344.17652,-10.440233,-2719.6709,40.401824,2.1888208,-141.73887,0.00033185871,1.2751526,0.011851974,-0.0010211844,-0.042866788,7.6758737e-05,0.1966771,9.2550537e-07,-0.0063043343,1,0.19544532,9.1800841e-07,-0.0061834831,1,0,0,-0.050884567,-0.0015985166,0.44311636,146.09323,2719.6709,59.5,0,1.2566371,0,0,nan,nan,9986.1455,-402.25319,10.164487,296.07386,0.002762244,2.420699,-0.16604026,0,0,0,0,0,0
12.08,345.79469,-10.352528,-2725.327,40.512191,2.1967925,-141.03165,0.00029966164,1.2734435,0.011859246,-0.00093240031,-0.042576005,5.5454708e-05,0.19489582,9.1465571e-07,-0.0061331672,1,0.19363528,9.0697598e-07,-0.0060142805,1,0,0,-0.050678602,-0.0015598701,0.44114715,145.43411,2725.327,59.5,0,1.2566371,0,0,nan,nan,9890.5231,-398.63265,9.82771,291.9884,0.0026872715,2.4635693,-0.16355551,0,0,0,0,0,0
12.12,347.41724,-10.264508,-2730.9549,40.620103,2.2045189,-140.32737,0.00026837058,1.271746,0.011863803,-0.00084604353,-0.042280245,3.4605406e-05,0.19307352,9.0356164e-07,-0.0059647822,1,0.19178427,8.9572168e-07,-0.0058478283,1,0,0,-0.050464915,-0.0015217528,0.43918596,144.77778,2730.9549,59.5,0,1.2566371,0,0,nan,nan,9795.8178,-395.04958,9.4987871,287.88233,0.0026132188,2.5040959,-0.16108188,0,0,0,0,0,0
12.16,349.04406,-10.176185,-2736.5547,40.725553,2.2120045,-139.62602,0.00023797173,1.2700605,0.011865729,-0.00076208284,-0.041979736,1.4205631e-05,0.19121016,8.922574e-07,-0.0057991352,1,0.18989215,8.842824e-07,-0.0056840829,1,0,0,-0.050243494,-0.0014841556,0.43723273,144.1242,2736.5547,59.5,0,1.2566371,0,0,nan,nan,9702.0189,-391.50346,9.177561,283.75717,0.0025401676,2.5435563,-0.15858219,0,0,0,0,0,0
12.2,350.67504,-10.087566,-2742.1264,40.828537,2.2192537,-138.92758,0.00020845049,1.2683871,0.011865104,-0.00068048437,-0.041674525,-5.7467647e-06,0.18930573,8.8077838e-07,-0.005636181,1,0.18795899,8.7269192e-07,-0.0055229987,1,0,0,-0.050014326,-0.0014470695,0.43528739,143.47336,2742.1264,59.5,0,1.2566371,0,0,nan,nan,9609.1161,-387.99376,8.8638871,279.61439,0.0024681984,2.5830819,-0.15605414,0,0,0,0,0,0
12.24,352.3101,-9.9986617,-2747.6703,40.92905,2.226271,-138.23205,0.00017979181,1.266726,0.01186201,-0.00060121181,-0.041364613,-2.5255248e-05,0.1873603,8.6915548e-07,-0.0054758747,1,0.18598487,8.6097758e-07,-0.0053645312,1,0,0,-0.049777396,-0.0014104859,0.43334987,142.82523,2747.6703,59.5,0,1.2566371,0,0,nan,nan,9517.0991,-384.52,8.5576287,275.455,0.0023973763,2.6223558,-0.15351538,0,0,0,0,0,0
12.28,353.94914,-9.9094811,-2753.1864,41.027088,2.2330607,-137.53941,0.00015198006,1.2650774,0.011856523,-0.00052422699,-0.041050063,-4.4324414e-05,0.18537392,8.5741578e-07,-0.0053181726,1,0.18396986,8.4916471e-07,-0.0052086378,1,0,0,-0.049532688,-0.001374396,0.43142012,142.17979,2753.1864,59.5,0,1.2566371,0,0,nan,nan,9425.9578,-381.08167,8.2586458,271.27992,0.002327753,2.6608715,-0.15096699,0,0,0,0,0,0
12.32,355.59204,-9.8200332,-2758.6749,41.122648,2.239627,-136.84965,0.00012499917,1.2634414,0.01184872,-0.00044949019,-0.040730971,-6.295846e-05,0.18334665,8.4558444e-07,-0.0051630319,1,0.18191398,8.3727711e-07,-0.005055276,1,0,0,-0.049280186,-0.0013387913,0.42949806,141.53702,2758.6749,59.5,0,1.2566371,0,0,nan,nan,9335.6821,-377.67829,7.9667993,267.0902,0.0022593723,2.6985679,-0.14840633,0,0,0,0,0,0
12.36,357.23873,-9.7303268,-2764.1358,41.215727,2.2459743,-136.16276,9.883279e-05,1.2618183,0.011838675,-0.00037696035,-0.040407431,-8.1161541e-05,0.18127854,8.3368424e-07,-0.0050104105,1,0.17981728,8.2533569e-07,-0.0049044041,1,0,0,-0.049019877,-0.0013036636,0.42758364,140.8969,2764.1358,59.5,0,1.2566371,0,0,nan,nan,9246.2621,-374.30937,7.6819541,262.88693,0.0021922699,2.7355484,-0.14583705,0,0,0,0,0,0
12.4,358.88908,-9.6403706,-2769.5693,41.306323,2.2521067,-135.47872,7.3464328e-05,1.2602083,0.011826459,-0.00030659543,-0.040079526,-9.8938182e-05,0.17916961,8.2173535e-07,-0.0048602668,1,0.17767981,8.1335896e-07,-0.0047559812,1,0,0,-0.048751745,-0.0012690045,0.42567679,140.25939,2769.5693,59.5,0,1.2566371,0,0,nan,nan,9157.6883,-370.97445,7.4039772,258.67115,0.0021264724,2.7718206,-0.14326239,0,0,0,0,0,0
12.44,360.54302,-9.5501731,-2774.9755,41.394435,2.2580284,-134.79754,4.8877041e-05,1.2586114,0.011812144,-0.00023835261,-0.039747342,-0.00011629302,0.17701994,8.0975587e-07,-0.0047125602,1,0.17550164,8.0136367e-07,-0.0046099673,1,0,0,-0.048475779,-0.0012348059,0.42377745,139.62449,2774.9755,59.5,0,1.2566371,0,0,nan,nan,9069.951,-367.67306,7.1327365,254.44387,0.0020619998,2.8073307,-0.14068323,0,0,0,0,0,0
12.48,362.20043,-9.4597427,-2780.3545,41.480062,2.2637435,-134.1192,2.5054101e-05,1.2570279,0.011795797,-0.00017218851,-0.039410974,-0.00013323069,0.17482958,7.9776202e-07,-0.0045672508,1,0.17328282,7.8936478e-07,-0.0044663227,1,0,0,-0.048191967,-0.0012010598,0.42188556,138.99217,2780.3545,59.5,0,1.2566371,0,0,nan,nan,8983.0406,-364.40474,6.8681025,250.20611,0.0019988658,2.8420486,-0.13810101,0,0,0,0,0,0
12.52,363.86123,-9.3690874,-2785.7064,41.56419,2.2692672,-133.44336,1.9810337e-06,1.2554638,0.011777487,-0.00010805952,-0.038534364,-0.00014964875,0.17279022,7.857582e-07,-0.0044242709,1,0.17159012,7.7732893e-07,-0.0043248949,1,0,0,-0.047886826,-0.0011677608,0.42000091,138.36236,2785.7064,59.5,0,1.2566371,0,0,nan,nan,8896.9415,-361.17787,6.6083255,249.02903,0.0019370519,11.674954,-0.13206695,0,0,0,0,0,0
12.56,365.52538,-9.2782147,-2791.0313,41.646654,2.2746001,-132.77006,-2.0315335e-05,1.2539479,0.011757328,-4.5930906e-05,-0.037285168,-0.00016499435,0.17132307,7.7340892e-07,-0.0042831843,1,0.17033789,7.6444757e-07,-0.0041849445,1,0,0,-0.04753314,-0.0011349279,0.41812344,137.73504,2791.0313,59.5,0,1.2566371,0,0,nan,nan,8811.6446,-358.00982,6.3529938,243.77737,0.0018757244,7.6967493,-0.12466615,0,0,0,0,0,0
12.6,367.19276,-9.1871327,-2796.3294,41.725767,2.2797265,-132.09982,-4.1802869e-05,1.2524704,0.011735433,1.4182343e-05,-0.036629144,-0.00017995301,0.16973849,7.5993895e-07,-0.0041438189,1,0.16850405,7.5015428e-07,-0.0040469806,1,0,0,-0.047153388,-0.0011025694,0.41625331,137.11026,2796.3294,59.5,0,1.2566371,0,0,nan,nan,8727.1506,-354.88481,6.106611,238.55444,0.001813046,4.1972068,-0.1272436,0,0,0,0,0,0
12.64,368.86325,-9.0958492,-2801.6007,41.802273,2.2846602,-131.4324,-6.2559575e-05,1.2510151,0.011711807,7.2246471e-05,-0.036088589,-0.00019516769,0.16787054,7.4592997e-07,-0.0040068256,1,0.16653548,7.3629506e-07,-0.0039117904,1,0,0,-0.046758432,-0.0010706528,0.41439035,136.48796,2801.6007,59.5,0,1.2566371,0,0,nan,nan,8643.4454,-351.79472,5.8658115,234.63733,0.0017504591,5.146647,-0.1279764,0,0,0,0,0,0
12.68,370.53676,-9.004372,-2806.8454,41.876489,2.2894077,-130.76767,-8.2658624e-05,1.2495836,0.011686455,0.000128319,-0.035451312,-0.00021001342,0.16597779,7.3277914e-07,-0.0038722842,1,0.16465959,7.2396896e-07,-0.0037788247,1,0,0,-0.046344336,-0.0010391626,0.41253445,135.86811,2806.8454,59.5,0,1.2566371,0,0,nan,nan,8560.5178,-348.74141,5.6291927,230.39561,0.0016912449,5.24343,-0.12321,0,0,0,0,0,0
12.72,372.21319,-8.9127084,-2812.0635,41.948124,2.2939688,-130.10572,-0.00010210425,1.2481768,0.011659454,0.0001825227,-0.034875084,-0.00022428828,0.1640714,7.2063412e-07,-0.003739826,1,0.162713,7.123402e-07,-0.0036477818,1,0,0,-0.04591259,-0.0010081004,0.41068557,135.25069,2812.0635,59.5,0,1.2566371,0,0,nan,nan,8478.3607,-345.72335,5.399103,225.81853,0.0016356454,4.4178105,-0.12061015,0,0,0,0,0,0
12.76,373.89243,-8.8208659,-2817.2552,42.017141,2.2983474,-129.44656,-0.00012091235,1.2467915,0.011630861,0.00023495478,-0.03436979,-0.00023832909,0.1620876,7.0900022e-07,-0.0036094767,1,0.16067538,7.0099396e-07,-0.0035189756,1,0,0,-0.045466905,-0.00097745536,0.40884367,134.63569,2817.2552,59.5,0,1.2566371,0,0,nan,nan,8396.9656,-342.7376,5.1754513,221.38075,0.0015824185,4.1558693,-0.11981265,0,0,0,0,0,0
12.8,375.57439,-8.7288516,-2822.4206,42.083628,2.3025485,-128.79013,-0.00013912093,1.2454261,0.01160071,0.00028568698,-0.033874902,-0.00025213096,0.16004713,6.9782723e-07,-0.0034813696,1,0.15860702,6.9018166e-07,-0.0033924296,1,0,0,-0.045008322,-0.00094721236,0.40700867,134.02308,2822.4206,59.5,0,1.2566371,0,0,nan,nan,8316.3233,-339.78296,4.9571051,216.99324,0.0015313851,4.137881,-0.11744944,0,0,0,0,0,0
12.84,377.25896,-8.6366726,-2827.5597,42.147579,2.3065752,-128.13644,-0.00015675124,1.2440804,0.011569045,0.00033479224,-0.03338982,-0.00026553614,0.15797237,6.8714388e-07,-0.003355425,1,0.15650802,6.7979016e-07,-0.0032679578,1,0,0,-0.044537307,-0.0009173636,0.40518051,133.41283,2827.5597,59.5,0,1.2566371,0,0,nan,nan,8236.4253,-336.85866,4.7442728,212.54494,0.0014825492,3.9839147,-0.11452028,0,0,0,0,0,0
12.88,378.94604,-8.5443357,-2832.6728,42.208973,2.3104311,-127.48548,-0.00017381353,1.2427537,0.011535924,0.000382335,-0.032924037,-0.00027856974,0.15585908,6.7675124e-07,-0.0032315591,1,0.1543662,6.6952893e-07,-0.0031455437,1,0,0,-0.044054825,-0.00088790207,0.40335913,132.80494,2832.6728,59.5,0,1.2566371,0,0,nan,nan,8157.2636,-333.96365,4.5372374,208.0886,0.0014354067,3.8455692,-0.11221167,0,0,0,0,0,0
12.92,380.63552,-8.4518479,-2837.7599,42.267826,2.31412,-126.83724,-0.00019032296,1.2414454,0.011501393,0.0004283633,-0.032468882,-0.00029128065,0.15370675,6.6649033e-07,-0.0031097742,1,0.15218922,6.5934186e-07,-0.0030252157,1,0,0,-0.043561587,-0.00085881843,0.40154449,132.19938,2837.7599,59.5,0,1.2566371,0,0,nan,nan,8078.8299,-331.08843,4.3355781,203.72469,0.0013895568,3.941449,-0.10983148,0,0,0,0,0,0
12.96,382.32732,-8.3592155,-2842.8211,42.324322,2.3176474,-126.19167,-0.00020629434,1.2401561,0.011465499,0.0004729165,-0.031961898,-0.00030365407,0.15155138,6.5632627e-07,-0.0029900889,1,0.15006761,6.4923859e-07,-0.0029072923,1,0,0,-0.043055737,-0.00083010675,0.39973655,131.59614,2842.8211,59.5,0,1.2566371,0,0,nan,nan,8001.1179,-328.22541,4.1398526,199.68394,0.001344848,4.6597457,-0.11314329,0,0,0,0,0,0
13,384.02133,-8.266445,-2847.8566,42.37844,2.3210173,-125.54868,-0.00022182224,1.2388886,0.011428202,0.00051604059,-0.031387672,-0.00031713919,0.14951488,6.4686099e-07,-0.0028746303,1,0.1481167,6.4099062e-07,-0.0027952665,1,0,0,-0.042534544,-0.0008017256,0.39793504,130.99512,2847.8566,59.5,0,1.2566371,0,0,nan,nan,7924.1101,-325.59085,3.9455921,195.2022,0.001302549,4.4526048,-0.11370213,0,0,0,0,0,0
13.04,385.71745,-8.1735429,-2852.8663,42.429831,2.3242232,-124.90832,-0.00023694707,1.2376423,0.011389518,0.00055787328,-0.030924327,-0.0003287148,0.14748111,6.3943117e-07,-0.0027621149,1,0.14602276,6.3438104e-07,-0.0026836038,1,0,0,-0.042001518,-0.0007737028,0.39613974,130.39627,2852.8663,59.5,0,1.2566371,0,0,nan,nan,7847.7932,-322.98022,3.7506152,190.4829,0.0012654974,3.4653233,-0.093531125,0,0,0,0,0,0
13.08,387.41558,-8.0805155,-2857.8505,42.478608,2.3272715,-124.27055,-0.00025147708,1.2364132,0.011349699,0.00059850205,-0.030508981,-0.00033909812,0.14535259,6.3106159e-07,-0.0026503208,1,0.1438439,6.2427597e-07,-0.0025724667,1,0,0,-0.041459989,-0.00074608642,0.39435061,129.79955,2857.8505,59.5,0,1.2566371,0,0,nan,nan,7772.1595,-320.39166,3.5681526,186.12881,0.0012272056,3.6308421,-0.095594652,0,0,0,0,0,0
13.12,389.11561,-7.9873691,-2862.8093,42.524915,2.3301706,-123.63531,-0.00026544329,1.2352012,0.011308766,0.00063781134,-0.030061978,-0.00035005797,0.14318952,6.2027004e-07,-0.0025402267,1,0.14167207,6.123091e-07,-0.0024639351,1,0,0,-0.040908899,-0.00071883505,0.39256757,129.20495,2862.8093,59.5,0,1.2566371,0,0,nan,nan,7697.2011,-317.82539,3.3917064,181.79154,0.0011846202,3.8113089,-0.099488044,0,0,0,0,0,0
13.16,390.81745,-7.8941095,-2867.7427,42.568714,2.3329224,-123.00262,-0.00027893927,1.2340073,0.011266676,0.00067572122,-0.029614619,-0.00036089666,0.14101003,6.0901942e-07,-0.0024323408,1,0.13947397,6.0133755e-07,-0.0023574365,1,0,0,-0.040347923,-0.00069192076,0.39079059,128.61245,2867.7427,59.5,0,1.2566371,0,0,nan,nan,7622.9112,-315.2813,3.2178429,177.37044,0.0011419907,3.6775546,-0.094636215,0,0,0,0,0,0
13.2,392.52099,-7.8007426,-2872.6508,42.609995,2.3355296,-122.37245,-0.00029196326,1.2328309,0.01122349,0.00071227536,-0.029181797,-0.00037108778,0.13879468,5.9833042e-07,-0.0023261312,1,0.13723089,5.9096273e-07,-0.0022522769,1,0,0,-0.039777755,-0.00066534704,0.38901961,128.02204,2872.6508,59.5,0,1.2566371,0,0,nan,nan,7549.2829,-312.75882,3.0493955,172.98502,0.0011014337,3.6118342,-0.090602047,0,0,0,0,0,0
13.24,394.22613,-7.7072741,-2877.5338,42.648795,2.3379964,-121.74481,-0.00030450713,1.2316718,0.011179271,0.00074753076,-0.028750584,-0.00038095857,0.13654324,5.878351e-07,-0.0022214606,1,0.13495711,5.8049757e-07,-0.002148746,1,0,0,-0.03919862,-0.00063910796,0.3872546,127.43369,2877.5338,59.5,0,1.2566371,0,0,nan,nan,7476.3091,-310.2576,2.8868307,168.64197,0.0010621392,3.6304799,-0.089300499,0,0,0,0,0,0
13.28,395.93278,-7.6137095,-2882.3917,42.685132,2.3403268,-121.11968,-0.00031659393,1.23053,0.011134049,0.00078152143,-0.028318351,-0.00039061681,0.13426236,5.7741985e-07,-0.0021184915,1,0.1326561,5.7019245e-07,-0.0020469822,1,0,0,-0.038610498,-0.00061318965,0.38549549,126.84739,2882.3917,59.5,0,1.2566371,0,0,nan,nan,7403.9831,-307.7774,2.7288902,164.30752,0.0010238472,3.620263,-0.087072646,0,0,0,0,0,0
13.32,397.64084,-7.5200543,-2887.2246,42.719019,2.3425239,-120.49704,-0.00032824006,1.2294055,0.011087858,0.00081428411,-0.027888571,-0.0003999217,0.13195164,5.6720833e-07,-0.0020171892,1,0.13032381,5.6011953e-07,-0.0019468052,1,0,0,-0.03801351,-0.00058758409,0.38374224,126.26313,2887.2246,59.5,0,1.2566371,0,0,nan,nan,7332.2981,-305.31793,2.5754842,159.98741,0.00098678292,3.5966288,-0.084019729,0,0,0,0,0,0
13.36,399.35021,-7.4263136,-2892.0327,42.750473,2.3445912,-119.87689,-0.00033945039,1.2282981,0.011040745,0.00084585674,-0.027460819,-0.00040886313,0.12960994,5.5711617e-07,-0.0019174541,1,0.12796062,5.5005771e-07,-0.0018481545,1,0,0,-0.037407791,-0.00056228553,0.3819948,125.68089,2892.0327,59.5,0,1.2566371,0,0,nan,nan,7261.2474,-302.87887,2.4268968,155.69114,0.00095074858,3.5872935,-0.081438588,0,0,0,0,0,0
13.4,401.06079,-7.3324927,-2896.816,42.779513,2.3465322,-119.25921,-0.00035023317,1.2272077,0.01099275,0.0008762682,-0.027033824,-0.00041749602,0.12723819,5.4702026e-07,-0.0018192718,1,0.12556817,5.3994571e-07,-0.0017510616,1,0,0,-0.036793411,-0.00053728626,0.38025314,125.10064,2896.816,59.5,0,1.2566371,0,0,nan,nan,7190.8244,-300.45998,2.2829326,151.4163,0.00091547882,3.5816446,-0.0790669,0,0,0,0,0,0
13.44,402.77248,-7.2385964,-2901.5747,42.806158,2.3483502,-118.644,-0.00036059934,1.2261345,0.010943909,0.0009055424,-0.026607681,-0.00042581917,0.12483704,5.3691117e-07,-0.0017226367,1,0.12314648,5.298354e-07,-0.0016554992,1,0,0,-0.036170429,-0.00051257851,0.37851719,124.52239,2901.5747,59.5,0,1.2566371,0,0,nan,nan,7121.0225,-298.06099,2.1433601,147.16163,0.0008809405,3.5731018,-0.076515485,0,0,0,0,0,0
13.48,404.4852,-7.1446298,-2906.3088,42.830424,2.3500485,-118.03123,-0.00037055793,1.2250782,0.010894262,0.00093370354,-0.026182549,-0.0004338205,0.12240656,5.2680409e-07,-0.0016275122,1,0.12069549,5.1972859e-07,-0.0015614193,1,0,0,-0.035538912,-0.00048815554,0.37678691,123.94609,2906.3088,59.5,0,1.2566371,0,0,nan,nan,7051.8354,-295.68163,2.008124,142.92895,0.00084714903,3.5652875,-0.073958436,0,0,0,0,0,0
13.52,406.19884,-7.0505974,-2911.0185,42.85233,2.3516302,-117.4209,-0.00038011727,1.224039,0.010843844,0.00096077554,-0.025758253,-0.00044151039,0.11994693,5.1669253e-07,-0.0015338657,1,0.11821558,5.0961228e-07,-0.0014687999,1,0,0,-0.034898917,-0.00046401068,0.37506227,123.37175,2911.0185,59.5,0,1.2566371,0,0,nan,nan,6983.2567,-293.32146,1.8771474,138.72515,0.00081407586,3.5731551,-0.071501303,0,0,0,0,0,0
13.56,407.91331,-6.9565039,-2915.7037,42.872019,2.3530998,-116.81295,-0.00038928668,1.2230174,0.010792693,0.0009867798,-0.025284634,-0.00044888158,0.11748409,5.065862e-07,-0.0014416675,1,0.11577407,4.9952269e-07,-0.0013775998,1,0,0,-0.034248764,-0.00044013832,0.3733432,122.79935,2915.7037,59.5,0,1.2566371,0,0,nan,nan,6915.2803,-290.96353,1.7499486,134.85838,0.00078160776,4.2021317,-0.06878667,0,0,0,0,0,0
13.6,409.62853,-6.8623537,-2920.3647,42.889485,2.35446,-116.2074,-0.00039807536,1.2220153,0.010740842,0.0010117387,-0.024800673,-0.00045593665,0.11504444,4.9651908e-07,-0.0013508773,1,0.11332851,4.8948562e-07,-0.0012877891,1,0,0,-0.03358676,-0.00041653347,0.3716297,122.22888,2920.3647,59.5,0,1.2566371,0,0,nan,nan,6847.9007,-288.62374,1.6268613,130.70227,0.00074990817,3.8412985,-0.06634423,0,0,0,0,0,0
13.64,411.34441,-6.7681511,-2925.0016,42.904655,2.3557129,-115.60426,-0.0004064914,1.2210318,0.010688328,0.0010356769,-0.02435987,-0.0004627096,0.11256251,4.8648654e-07,-0.0012614856,1,0.1108058,4.7947329e-07,-0.0011993761,1,0,0,-0.032914787,-0.00039318928,0.36992172,121.66032,2925.0016,59.5,0,1.2566371,0,0,nan,nan,6781.1123,-286.30113,1.5077954,126.60683,0.00071895254,3.6233084,-0.064110567,0,0,0,0,0,0
13.68,413.06085,-6.6739004,-2929.6143,42.917605,2.3568621,-115.00349,-0.00041454462,1.2200656,0.010635181,0.0010586185,-0.023925744,-0.00046921051,0.11003171,4.7649095e-07,-0.0011734862,1,0.10824985,4.6951293e-07,-0.001112345,1,0,0,-0.032233452,-0.00037009855,0.36821923,121.09366,2929.6143,59.5,0,1.2566371,0,0,nan,nan,6714.909,-283.99529,1.3925809,122.61403,0.00068873003,3.6765493,-0.061827005,0,0,0,0,0,0
13.72,414.77776,-6.5796057,-2934.2031,42.92837,2.3579107,-114.40509,-0.00042224528,1.2191169,0.010581435,0.0010805877,-0.023487812,-0.00047543209,0.10747388,4.6656224e-07,-0.0010868541,1,0.10567519,4.5963874e-07,-0.0010266593,1,0,0,-0.031542552,-0.0003472547,0.36652217,120.52889,2934.2031,59.5,0,1.2566371,0,0,nan,nan,6649.2848,-281.70609,1.2811192,118.61949,0.00065928003,3.655934,-0.059491265,0,0,0,0,0,0
13.76,416.49507,-6.4852709,-2938.768,42.936949,2.3588614,-113.80904,-0.0004296024,1.2181856,0.010527118,0.0011016101,-0.023056603,-0.00048137746,0.10488848,4.5671244e-07,-0.0010015593,1,0.10306797,4.4984242e-07,-0.00094229247,1,0,0,-0.030842308,-0.00032465148,0.36483051,119.96599,2938.768,59.5,0,1.2566371,0,0,nan,nan,6584.2341,-279.43327,1.1733582,114.63135,0.00063060754,3.5841571,-0.057228498,0,0,0,0,0,0
13.8,418.21268,-6.3908999,-2943.309,42.943361,2.3597169,-113.21533,-0.00043662481,1.2172714,0.010472263,0.0011217105,-0.022631933,-0.00048705739,0.10227062,4.4693539e-07,-0.00091758023,1,0.10042762,4.4011516e-07,-0.00085922847,1,0,0,-0.030133031,-0.00030228251,0.36314421,119.40494,2943.309,59.5,0,1.2566371,0,0,nan,nan,6519.751,-277.17654,1.0692066,110.67846,0.00060268456,3.5513505,-0.055029182,0,0,0,0,0,0
13.84,419.9305,-6.2964964,-2947.8264,42.947632,2.3604802,-112.62396,-0.00044332162,1.2163741,0.010416897,0.001140913,-0.022209912,-0.00049247737,0.099622381,4.3723154e-07,-0.00083489776,1,0.097759103,4.3046441e-07,-0.00077744633,1,0,0,-0.029414844,-0.0002801415,0.36146322,118.84574,2947.8264,59.5,0,1.2566371,0,0,nan,nan,6455.83,-274.93568,0.96856002,106.75434,0.00057549567,3.5330998,-0.052841403,0,0,0,0,0,0
13.88,421.64845,-6.2020641,-2952.3202,42.949782,2.361154,-112.03491,-0.0004497017,1.2154937,0.01036105,0.0011592414,-0.021790524,-0.00049764021,0.096945663,4.2760563e-07,-0.00075348903,1,0.095062469,4.208937e-07,-0.00069692136,1,0,0,-0.02868784,-0.00025822235,0.35978751,118.28836,2952.3202,59.5,0,1.2566371,0,0,nan,nan,6392.4653,-272.7105,0.87133523,102.85291,0.00054903321,3.5068842,-0.050676239,0,0,0,0,0,0
13.92,423.36645,-6.1076065,-2956.7904,42.949828,2.3617408,-111.44816,-0.00045577357,1.21463,0.010304748,0.0011767192,-0.021374281,-0.00050255123,0.094240271,4.1805802e-07,-0.00067333114,1,0.09233694,4.1140045e-07,-0.00061763193,1,0,0,-0.027952138,-0.00023651909,0.35811704,117.7328,2956.7904,59.5,0,1.2566371,0,0,nan,nan,6329.6516,-270.50078,0.77745374,98.977846,0.00052328189,3.4822376,-0.048553586,0,0,0,0,0,0
13.96,425.08441,-6.013127,-2961.2372,42.947793,2.3622434,-110.86371,-0.00046154563,1.2137829,0.01024802,0.0011933692,-0.020960649,-0.00050721648,0.091506324,4.0858795e-07,-0.00059440312,1,0.089583197,4.0198488e-07,-0.000539558,1,0,0,-0.027207833,-0.00021502583,0.35645176,117.17904,2961.2372,59.5,0,1.2566371,0,0,nan,nan,6267.3834,-268.30633,0.68683088,95.130913,0.00049822484,3.4627788,-0.046467408,0,0,0,0,0,0
14,426.80225,-5.918629,-2965.6607,42.943697,2.3626644,-110.28154,-0.00046702619,1.2129523,0.01019089,0.0012092139,-0.020549243,-0.00051164098,0.088744394,3.9919668e-07,-0.00051668433,1,0.086801826,3.9264938e-07,-0.00046267872,1,0,0,-0.026454999,-0.00019373676,0.35479164,116.62707,2965.6607,59.5,0,1.2566371,0,0,nan,nan,6205.6552,-266.12698,0.59938375,91.311445,0.00047384899,3.444409,-0.044411876,0,0,0,0,0,0
14.04,428.51989,-5.8241157,-2970.0609,42.937626,2.3630068,-109.70163,-0.00047222358,1.2121383,0.010133385,0.0012242742,-0.020114667,-0.00051582841,0.085964741,3.8989002e-07,-0.0004401536,1,0.084030389,3.8341279e-07,-0.0003869723,1,0,0,-0.02569295,-0.00017264632,0.35313668,116.07688,2970.0609,59.5,0,1.2566371,0,0,nan,nan,6144.4632,-263.88432,0.51494914,87.819787,0.00045004105,4.0640286,-0.042344857,0,0,0,0,0,0
14.08,430.23725,-5.7295901,-2974.438,42.929747,2.3632747,-109.12398,-0.00047714841,1.211343,0.010075525,0.0012385692,-0.019626321,-0.00051977778,0.08322996,3.8073063e-07,-0.00036478996,1,0.081322892,3.7438376e-07,-0.00031241929,1,0,0,-0.024918371,-0.00015174942,0.35148701,115.52852,2974.438,59.5,0,1.2566371,0,0,nan,nan,6083.8081,-261.6147,0.43348269,84.182087,0.00042693434,3.9480299,-0.040241087,0,0,0,0,0,0
14.12,431.95426,-5.6350552,-2978.792,42.919923,2.3634687,-108.54863,-0.00048180828,1.2105665,0.010017335,0.0012521242,-0.019183197,-0.00052349222,0.080481381,3.7175175e-07,-0.00029057236,1,0.078536421,3.6551166e-07,-0.00023899607,1,0,0,-0.024132609,-0.00013104074,0.34984262,114.98199,2978.792,59.5,0,1.2566371,0,0,nan,nan,6023.6855,-259.36269,0.35500198,80.471044,0.00040462642,3.5321076,-0.038224794,0,0,0,0,0,0
14.16,433.67084,-5.5405139,-2983.1231,42.908202,2.3635917,-107.97557,-0.00048620832,1.2098071,0.0099588418,0.0012649635,-0.018766019,-0.00052698654,0.077672877,3.6287834e-07,-0.00021748064,1,0.075692214,3.5668777e-07,-0.00016668832,1,0,0,-0.023337133,-0.00011051466,0.34820346,114.43727,2983.1231,59.5,0,1.2566371,0,0,nan,nan,5964.0898,-257.12787,0.27945789,76.902951,0.00038297558,3.5161956,-0.036353364,0,0,0,0,0,0
14.2,435.38692,-5.4459689,-2987.4312,42.894646,2.3636462,-107.40476,-0.00049035616,1.2090645,0.0099000665,0.0012771066,-0.018344875,-0.00053027207,0.074830468,3.5406734e-07,-0.00014550381,1,0.072833699,3.4792317e-07,-9.5487921e-05,1,0,0,-0.022531808,-9.0165298e-05,0.34656949,113.89433,2987.4312,59.5,0,1.2566371,0,0,nan,nan,5905.0157,-254.91007,0.20673951,73.367969,0.00036189759,3.5349455,-0.034502009,0,0,0,0,0,0
14.24,437.10242,-5.3514231,-2991.7166,42.879259,2.3636346,-106.83619,-0.00049425979,1.2083386,0.0098410304,0.0012885724,-0.017928203,-0.00053334839,0.071964717,3.4533499e-07,-7.4625866e-05,1,0.069949086,3.3925189e-07,-2.5371728e-05,1,0,0,-0.021716696,-6.9987019e-05,0.34494067,113.35318,2991.7166,59.5,0,1.2566371,0,0,nan,nan,5846.4577,-252.70912,0.13676569,69.825284,0.00034140621,3.45091,-0.032634639,0,0,0,0,0,0
14.28,438.81727,-5.2568789,-2995.9793,42.862051,2.3635587,-106.26986,-0.00049792603,1.2076292,0.009781755,0.0012993801,-0.017521373,-0.00053621778,0.069067969,3.3669026e-07,-4.824206e-06,1,0.067029346,3.3066677e-07,4.3683447e-05,1,0,0,-0.020892193,-4.9974416e-05,0.34331695,112.81378,2995.9793,59.5,0,1.2566371,0,0,nan,nan,5788.4107,-250.52477,0.069488693,66.313199,0.00032150282,3.3859805,-0.03081765,0,0,0,0,0,0
14.32,440.5314,-5.162339,-3000.2194,42.843045,2.3634211,-105.70574,-0.00050136365,1.206936,0.009722259,0.0013095487,-0.017119889,-0.00053895373,0.066139778,3.2814579e-07,6.3880555e-05,1,0.064080453,3.2222561e-07,0.00011158131,1,0,0,-0.020058523,-3.012007e-05,0.34169828,112.27614,3000.2194,59.5,0,1.2566371,0,0,nan,nan,5730.8696,-248.35683,0.0052012687,62.837487,0.00030219421,3.3558264,-0.030025701,0,0,0,0,0,0
14.36,442.24473,-5.0678057,-3004.4369,42.822264,2.3632239,-105.14382,-0.00050458738,1.2062588,0.0096625537,0.0013191003,-0.016722003,-0.00054152066,0.063183456,3.1984696e-07,0.00013143232,1,0.061104902,3.1413684e-07,0.00017836562,1,0,0,-0.019215794,-1.0415969e-05,0.34008464,111.74023,3004.4369,59.5,0,1.2566371,0,0,nan,nan,5673.8291,-246.20511,-0.057010125,59.387226,0.00028369212,3.3220312,-0.027698725,0,0,0,0,0,0
14.4,443.9572,-4.9732814,-3008.632,42.799724,2.3629688,-104.58409,-0.00050759896,1.2055974,0.0096026633,0.0013280621,-0.016328459,-0.00054381626,0.06019947,3.1177417e-07,0.00019797442,1,0.058101369,3.061461e-07,0.00024423919,1,0,0,-0.01836414,9.1397704e-06,0.33847597,111.20603,3008.632,59.5,0,1.2566371,0,0,nan,nan,5617.2842,-244.06944,-0.11669856,55.963234,0.00026594514,3.2850605,-0.025521797,0,0,0,0,0,0
14.44,445.66873,-4.8787684,-3012.8048,42.775446,2.3626582,-104.02652,-0.00051039847,1.2049516,0.0095426129,0.0013364529,-0.01593899,-0.00054591034,0.057187557,3.0370505e-07,0.00026355995,1,0.055070032,2.9803196e-07,0.00030914269,1,0,0,-0.017503691,2.8551135e-05,0.33687223,110.67354,3012.8048,59.5,0,1.2566371,0,0,nan,nan,5561.23,-241.94963,-0.17377234,52.568972,0.00024859623,3.2543041,-0.023997136,0,0,0,0,0,0
14.48,447.37926,-4.7842688,-3016.9553,42.749595,2.3622954,-103.47107,-0.00051299346,1.204322,0.0094824189,0.0013442808,-0.015503665,-0.00054784162,0.054177744,2.9559511e-07,0.00032815137,1,0.052093614,2.8994011e-07,0.00037303139,1,0,0,-0.01663256,4.7824234e-05,0.33527342,110.14275,3016.9553,59.5,0,1.2566371,0,0,nan,nan,5505.6626,-239.80049,-0.22846176,49.642272,0.00023139577,3.9470145,-0.022420328,0,0,0,0,0,0
14.52,449.08873,-4.6897846,-3021.0836,42.722234,2.3618829,-102.91773,-0.00051539434,1.2037106,0.0094220943,0.0013515564,-0.015048825,-0.00054958956,0.051216984,2.8761095e-07,0.00039174777,1,0.049140847,2.8208609e-07,0.00043594269,1,0,0,-0.015748173,6.696459e-05,0.33367954,109.61367,3021.0836,59.5,0,1.2566371,0,0,nan,nan,5450.5789,-237.66625,-0.28088253,46.422799,0.00021474952,3.5775107,-0.020604327,0,0,0,0,0,0
14.56,450.79707,-4.5953179,-3025.1898,42.693265,2.3614214,-102.36651,-0.00051760454,1.2031165,0.0093616591,0.0013582997,-0.014644507,-0.00055114228,0.04821716,2.7978964e-07,0.00045439007,1,0.04609445,2.7434455e-07,0.00049793033,1,0,0,-0.014852664,8.5976801e-05,0.33209056,109.08627,3025.1898,59.5,0,1.2566371,0,0,nan,nan,5395.9742,-235.54936,-0.33099063,43.241635,0.00019871017,3.2745525,-0.018890287,0,0,0,0,0,0
14.6,452.50423,-4.5008706,-3029.2741,42.662759,2.3609134,-101.81738,-0.00051962667,1.2025381,0.0093011334,0.0013645279,-0.014254149,-0.0005525223,0.045159511,2.7202368e-07,0.00051610395,1,0.043007647,2.6659208e-07,0.00055899488,1,0,0,-0.013946891,0.00010486594,0.33050644,108.56055,3029.2741,59.5,0,1.2566371,0,0,nan,nan,5341.8435,-233.44956,-0.37880737,40.180006,0.00018310638,3.2986125,-0.017399076,0,0,0,0,0,0
14.64,454.21014,-4.4064444,-3033.3364,42.630755,2.3603608,-101.27033,-0.00052146684,1.2019754,0.0092405325,0.0013702538,-0.013861574,-0.00055374534,0.042074199,2.6428005e-07,0.00057688903,1,0.039907247,2.5887493e-07,0.000619131,1,0,0,-0.013030667,0.00012363767,0.32892712,108.03649,3033.3364,59.5,0,1.2566371,0,0,nan,nan,5288.1819,-231.36669,-0.42445133,37.123922,0.00016788149,3.2703444,-0.015922603,0,0,0,0,0,0
14.68,455.91474,-4.3120411,-3037.3768,42.59725,2.3597653,-100.72533,-0.00052313121,1.2014283,0.0091798716,0.0013754903,-0.013477548,-0.00055480786,0.038963535,2.5659533e-07,0.00063675676,1,0.036775486,2.5124092e-07,0.00067836435,1,0,0,-0.012104242,0.00014229732,0.32735257,107.51407,3037.3768,59.5,0,1.2566371,0,0,nan,nan,5234.9847,-229.30056,-0.46799335,34.069684,0.00015308063,3.1741881,-0.014408981,0,0,0,0,0,0
14.72,457.61797,-4.2176625,-3041.3955,42.562258,2.3591286,-100.18239,-0.00052462468,1.2008963,0.0091191665,0.0013802517,-0.013103283,-0.00055571075,0.035820127,2.4898468e-07,0.00069573035,1,0.033608924,2.4368081e-07,0.00073671856,1,0,0,-0.011168008,0.00016084999,0.32578275,106.99328,3041.3955,59.5,0,1.2566371,0,0,nan,nan,5182.2472,-227.25094,-0.50945911,31.050166,0.00013871646,3.1151247,-0.012953495,0,0,0,0,0,0
14.76,459.31977,-4.1233101,-3045.3925,42.525802,2.3584524,-99.64147,-0.00052595227,1.2003792,0.009058432,0.0013845519,-0.012734314,-0.00055646246,0.032645756,2.4144473e-07,0.00075382585,1,0.03041424,2.3619099e-07,0.00079420311,1,0,0,-0.01022215,0.00017930085,0.3242176,106.47411,3045.3925,59.5,0,1.2566371,0,0,nan,nan,5129.9649,-225.21766,-0.54889958,28.061832,0.00012477484,3.078761,-0.01156314,0,0,0,0,0,0
14.8,461.02009,-4.0289854,-3049.3679,42.487897,2.3577385,-99.102565,-0.00052711937,1.1998767,0.0089976824,0.0013884046,-0.012369956,-0.00055706822,0.029443294,2.3398133e-07,0.00081105493,1,0.02719228,2.2878459e-07,0.00085083028,1,0,0,-0.0092667934,0.00019765516,0.3226571,105.95654,3049.3679,59.5,0,1.2566371,0,0,nan,nan,5078.133,-223.20053,-0.58637956,25.09666,0.00011125482,3.0364381,-0.010194899,0,0,0,0,0,0
14.84,462.71886,-3.93469,-3053.3218,42.448592,2.3569887,-98.56565,-0.00052813124,1.1993888,0.0089369311,0.0013918231,-0.01199768,-0.00055753101,0.026217257,2.2660492e-07,0.00086743233,1,0.023964968,2.2147825e-07,0.00090661582,1,0,0,-0.0083017081,0.0002159181,0.3211012,105.44056,3053.3218,59.5,0,1.2566371,0,0,nan,nan,5026.7475,-221.17435,-0.62189141,22.403606,9.806241e-05,3.5204465,-0.0088777006,0,0,0,0,0,0
14.88,464.41604,-3.8404252,-3057.2543,42.408101,2.3562066,-98.030662,-0.00052899612,1.1989172,0.0088761882,0.0013948167,-0.011556809,-0.00055786241,0.023046709,2.1939867e-07,0.0009229605,1,0.020849032,2.1444625e-07,0.00096154521,1,0,0,-0.0073231439,0.00023409568,0.31954996,104.92618,3057.2543,59.5,0,1.2566371,0,0,nan,nan,4975.8064,-219.13114,-0.65544284,19.734491,8.5272319e-05,3.6532681,-0.0075927673,0,0,0,0,0,0
14.92,466.11157,-3.7461923,-3061.1654,42.366293,2.3553924,-97.49765,-0.00052972148,1.1984628,0.0088154639,0.0013974042,-0.011151434,-0.00055805434,0.019893671,2.1247684e-07,0.00097763987,1,0.017666692,2.0771597e-07,0.0010156412,1,0,0,-0.0063316204,0.00025219357,0.31800335,104.4134,3061.1654,59.5,0,1.2566371,0,0,nan,nan,4925.3062,-217.1023,-0.68719189,16.891821,7.3151605e-05,3.1551453,-0.0061572944,0,0,0,0,0,0
14.96,467.80541,-3.6519926,-3065.0552,42.323175,2.3545474,-96.966605,-0.00053030858,1.1980238,0.0087547743,0.0013996058,-0.010785662,-0.00055809806,0.016674395,2.0574765e-07,0.0010315095,1,0.014401178,2.0106452e-07,0.0010689559,1,0,0,-0.0053291048,0.00027021654,0.31646133,103.9022,3065.0552,59.5,0,1.2566371,0,0,nan,nan,4875.2425,-215.08763,-0.71711875,14.186566,6.1560744e-05,3.046384,-0.0048200531,0,0,0,0,0,0
15,469.4975,-3.5578272,-3068.9238,42.27882,2.3536738,-96.437489,-0.00053076001,1.1975992,0.0086941332,0.0014014354,-0.010420454,-0.00055801346,0.013411032,1.9906915e-07,0.0010845896,1,0.01111936,1.9439999e-07,0.0011214821,1,0,0,-0.0043156516,0.0002881698,0.31492388,103.39258,3068.9238,59.5,0,1.2566371,0,0,nan,nan,4825.6112,-213.08701,-0.74524384,11.543354,5.0299296e-05,3.0734692,-0.0036603039,0,0,0,0,0,0
15.04,471.18779,-3.4636972,-3072.7713,42.23324,2.352773,-95.91029,-0.00053108084,1.1971893,0.0086335512,0.0014029028,-0.010058377,-0.0005578111,0.010125815,1.9241755e-07,0.0011368769,1,0.0078175025,1.8777725e-07,0.001173216,1,0,0,-0.0032912163,0.00030605901,0.31339096,102.88451,3072.7713,59.5,0,1.2566371,0,0,nan,nan,4776.4079,-211.10033,-0.77166771,8.8881942,3.9329575e-05,2.988913,-0.0024872979,0,0,0,0,0,0
15.08,472.87623,-3.3696038,-3076.5977,42.186433,2.3518461,-95.384999,-0.00053127539,1.1967937,0.0085730395,0.0014040179,-0.0097080484,-0.00055748608,0.0068107514,1.8581989e-07,0.0011883844,1,0.0044787307,1.8122127e-07,0.0012241854,1,0,0,-0.0022562149,0.00032388946,0.31186252,102.37799,3076.5977,59.5,0,1.2566371,0,0,nan,nan,4727.6287,-209.12747,-0.79643869,6.2535721,2.8681212e-05,2.8971535,-0.0012899428,0,0,0,0,0,0
15.12,474.56278,-3.275548,-3080.4031,42.138421,2.3508948,-94.8616,-0.00053134711,1.1964119,0.0085126097,0.0014047912,-0.0093659834,-0.00055704065,0.0034621392,1.7927876e-07,0.0012391335,1,0.0011078409,1.7471731e-07,0.0012744088,1,0,0,-0.001210949,0.00034166629,0.31033853,101.873,3080.4031,59.5,0,1.2566371,0,0,nan,nan,4679.2694,-207.16831,-0.81957316,3.6555206,1.8351017e-05,2.8485881,-0.0001577104,0,0,0,0,0,0
15.16,476.24739,-3.1815306,-3084.1877,42.089222,2.3499203,-94.340077,-0.00053129982,1.1960436,0.0084522724,0.0014052329,-0.0090290941,-0.00055648263,8.3931437e-05,1.7279123e-07,0.0012891363,1,-0.0022901343,1.6826948e-07,0.0013238918,1,0,0,-0.00015555065,0.00035939479,0.30881897,101.36954,3084.1877,59.5,0,1.2566371,0,0,nan,nan,4631.326,-205.22275,-0.84111629,1.0830692,8.3287436e-06,2.8048707,0.0009219106,0,0,0,0,0,0
15.2,477.93,-3.0875528,-3087.9514,42.038863,2.3489135,-93.820431,-0.000531034,1.1956888,0.0083921488,0.001405358,-0.0086949392,-0.00055204287,-0.0033203802,1.6528434e-07,0.0013409564,1,-0.0057108107,1.5775976e-07,0.0013804291,1,0,0,0.00090993379,0.00037693428,0.30730383,100.8676,3087.9514,59.5,0,1.2566371,0,0,nan,nan,4583.7961,-203.22423,-0.89632446,-1.4513199,-1.8422177e-06,2.7962526,0.067000937,0,0,0,0,0,0
15.24,479.61058,-2.993616,-3091.6944,41.98737,2.3478684,-93.302678,-0.00053001507,1.1953473,0.0083328299,0.001404969,-0.0083651121,-0.00054425517,-0.0067483773,1.4520837e-07,0.0014019327,1,-0.0091571022,1.2482418e-07,0.0014460709,1,0,0,0.0019854667,0.00039400257,0.3057932,100.36721,3091.6944,59.5,0,1.2566371,0,0,nan,nan,4536.6788,-201.2307,-0.92604997,-3.9765356,-2.7168525e-05,2.7357183,0.041956557,0,0,0,0,0,0
15.28,481.28908,-2.8997215,-3095.4167,41.934752,2.3467992,-92.786805,-0.00052841957,1.1950188,0.0082741607,0.0014034458,-0.0080424411,-0.00054108984,-0.010205299,1.1055028e-07,0.0014633201,1,-0.012635206,8.5134165e-08,0.0015047295,1,0,0,0.0030708305,0.00041078931,0.30428703,99.86835,3095.4167,59.5,0,1.2566371,0,0,nan,nan,4489.9699,-199.25366,-0.95296269,-6.4736811,-6.970693e-05,2.684572,0.0091432255,0,0,0,0,0,0
15.32,482.96545,-2.8058703,-3099.1184,41.88103,2.3457008,-92.272793,-0.00052667021,1.1947032,0.0082157435,0.0014005462,-0.0077246104,-0.00053938531,-0.01369166,7.8328063e-08,0.0015207702,1,-0.01614136,5.9255437e-08,0.0015604861,1,0,0,0.0041659068,0.00042738648,0.30278528,99.371013,3099.1184,59.5,0,1.2566371,0,0,nan,nan,4443.6654,-197.29295,-0.99144251,-8.9396382,-0.00010819966,2.6518872,0.015999108,0,0,0,0,0,0
15.36,484.63966,-2.7120637,-3102.7996,41.826217,2.3445695,-91.760625,-0.00052479994,1.1944001,0.0081575968,0.0013966019,-0.007410629,-0.00053655793,-0.017205365,5.6415206e-08,0.001578013,1,-0.019673903,4.3891405e-08,0.0016185079,1,0,0,0.0052706386,0.00044374214,0.30128791,98.87518,3102.7996,59.5,0,1.2566371,0,0,nan,nan,4397.7612,-195.34845,-1.0292582,-11.38003,-0.00013333491,2.6180535,0.022020587,0,0,0,0,0,0
15.4,486.31165,-2.6183029,-3106.4603,41.77033,2.3434079,-91.250285,-0.00052277785,1.1941096,0.0080997908,0.0013919903,-0.0071008281,-0.00053381998,-0.020746128,4.1334185e-08,0.0016361273,1,-0.02323375,3.226577e-08,0.0016767697,1,0,0,0.0063849567,0.00045985004,0.29979487,98.38084,3106.4603,59.5,0,1.2566371,0,0,nan,nan,4352.2532,-193.41998,-1.0631001,-13.794701,-0.00014970492,2.5827348,0.016230544,0,0,0,0,0,0
15.44,487.98138,-2.5245891,-3110.1006,41.713383,2.3422174,-90.741756,-0.00052067992,1.1938314,0.0080422681,0.0013869322,-0.0067950583,-0.00053173609,-0.02431421,3.0478262e-08,0.0016937618,1,-0.026820907,2.4213054e-08,0.0017338334,1,0,0,0.0075087976,0.00047573997,0.29830613,97.887977,3110.1006,59.5,0,1.2566371,0,0,nan,nan,4307.1377,-191.50741,-1.0973915,-16.181965,-0.00016067372,2.5507797,0.01325024,0,0,0,0,0,0
15.48,489.64882,-2.4309235,-3113.7207,41.655393,2.3409975,-90.235022,-0.00051856285,1.1935653,0.0079849836,0.0013815927,-0.0064929429,-0.0005297299,-0.027909342,2.3458882e-08,0.0017507773,1,-0.030434853,1.9628503e-08,0.0017906163,1,0,0,0.0086421186,0.00049141729,0.29682165,97.396577,3113.7207,59.5,0,1.2566371,0,0,nan,nan,4262.4106,-189.61059,-1.132557,-18.541978,-0.0001668791,2.5210634,0.014494924,0,0,0,0,0,0
15.52,491.31392,-2.3373072,-3117.3205,41.596246,2.3397475,-89.730138,-0.00051643019,1.1933106,0.0079279432,0.0013761041,-0.006246703,-0.00052763103,-0.031571084,1.9134487e-08,0.0018076779,1,-0.03418776,1.6664273e-08,0.0018474906,1,0,0,0.0097827601,0.00050687681,0.29534145,96.906647,3117.3205,59.5,0,1.2566371,0,0,nan,nan,4218.0697,-187.66023,-1.1666662,-21.300992,-0.00017002174,1.6995687,0.014507848,0,0,0,0,0,0
15.56,492.97662,-2.2437415,-3120.9001,41.535935,2.3384683,-89.227129,-0.00051428441,1.1930647,0.0078711492,0.0013705406,-0.0060335079,-0.00052562537,-0.035370102,1.6118906e-08,0.00186444,1,-0.038048556,1.4279821e-08,0.0019040771,1,0,0,0.010927747,0.00052212237,0.29386556,96.418202,3120.9001,59.5,0,1.2566371,0,0,nan,nan,4174.1139,-185.71927,-1.1999743,-23.698151,-0.0001715889,2.0062497,0.013523627,0,0,0,0,0,0
15.6,494.6369,-2.1502275,-3124.4597,41.474605,2.3371613,-88.725927,-0.00051214126,1.1928282,0.0078145871,0.0013649411,-0.0057739333,-0.00052370643,-0.039185597,1.3875951e-08,0.0019208897,1,-0.041846817,1.2545598e-08,0.0019603019,1,0,0,0.012079327,0.00053715804,0.29239397,95.931229,3124.4597,59.5,0,1.2566371,0,0,nan,nan,4130.5393,-183.79297,-1.2330939,-26.067823,-0.00017222134,2.2868789,0.013453632,0,0,0,0,0,0
15.64,496.2947,-2.0567663,-3127.9992,41.412219,2.3358266,-88.226538,-0.00051000855,1.1926023,0.0077582499,0.0013593336,-0.0055043133,-0.00052177369,-0.042985463,1.2297232e-08,0.0019770702,1,-0.045650233,1.1363086e-08,0.002016328,1,0,0,0.013238313,0.00055198324,0.29092663,95.445715,3127.9992,59.5,0,1.2566371,0,0,nan,nan,4087.3423,-181.88113,-1.2658908,-28.509436,-0.0001720722,2.2158133,0.013856236,0,0,0,0,0,0
15.68,497.94999,-1.9633591,-3131.5188,41.348766,2.3344645,-87.728956,-0.0005078854,1.1923871,0.0077021386,0.0013537392,-0.0052432854,-0.00051982202,-0.046810076,1.1118607e-08,0.0020330489,1,-0.049498616,1.0362102e-08,0.0020721637,1,0,0,0.014404403,0.00056659685,0.2894635,94.961647,3131.5188,59.5,0,1.2566371,0,0,nan,nan,4044.519,-179.9837,-1.2981285,-30.90417,-0.00017146049,2.1889772,0.0139922,0,0,0,0,0,0
15.72,499.60272,-1.8700068,-3135.0185,41.284285,2.3330757,-87.233156,-0.00050577211,1.1921824,0.0076462523,0.0013481679,-0.0049797037,-0.00051787598,-0.050663937,1.0089161e-08,0.0020887999,1,-0.053368359,9.3927926e-09,0.0021277419,1,0,0,0.015577793,0.00058099912,0.28800455,94.479012,3135.0185,59.5,0,1.2566371,0,0,nan,nan,4002.0659,-178.10054,-1.3298668,-33.242338,-0.00017067635,2.2404363,0.014084657,0,0,0,0,0,0
15.76,501.25285,-1.7767106,-3138.4985,41.218795,2.331661,-86.73912,-0.00050366991,1.1919883,0.0075905891,0.0013426233,-0.0047113804,-0.00051592454,-0.054536256,9.1186265e-09,0.0021442983,1,-0.057252824,8.4502324e-09,0.0021830646,1,0,0,0.016758861,0.00059519005,0.28654973,93.997798,3138.4985,59.5,0,1.2566371,0,0,nan,nan,3959.9794,-176.23153,-1.3611645,-35.558263,-0.00016982326,2.2582799,0.014346073,0,0,0,0,0,0
15.8,502.90034,-1.6834714,-3141.9587,41.152284,2.3302205,-86.246845,-0.00050157817,1.1918049,0.0075351485,0.0013371063,-0.0044532279,-0.00051395604,-0.058432845,8.1629404e-09,0.0021995518,1,-0.061184071,7.4903906e-09,0.0022381463,1,0,0,0.017947416,0.00060916938,0.28509902,93.517993,3141.9587,59.5,0,1.2566371,0,0,nan,nan,3918.2561,-174.36436,-1.3917223,-38.075836,-0.00016903922,1.8010355,0.014531612,0,0,0,0,0,0
15.84,504.54515,-1.5902904,-3145.3992,41.084586,2.3287538,-85.756402,-0.00049949459,1.1916304,0.0074799322,0.001331612,-0.0042619386,-0.0005119932,-0.06244624,7.1885651e-09,0.0022545394,1,-0.065299901,6.493931e-09,0.0022929346,1,0,0,0.019139698,0.00062294021,0.28365241,93.039593,3145.3992,59.5,0,1.2566371,0,0,nan,nan,3876.8931,-172.4954,-1.4213712,-40.597638,-0.00016839411,1.617989,0.014549995,0,0,0,0,0,0
15.88,506.18723,-1.4971685,-3148.8202,41.015847,2.3272626,-85.267727,-0.00049741887,1.1914639,0.0074249399,0.0013261383,-0.004044512,-0.00051002935,-0.066538165,6.1849056e-09,0.0023092374,1,-0.069398699,5.4829198e-09,0.0023474313,1,0,0,0.020336223,0.00063650393,0.28220987,92.562593,3148.8202,59.5,0,1.2566371,0,0,nan,nan,3835.8876,-170.64216,-1.4505217,-42.896251,-0.00016777289,2.0349962,0.014775573,0,0,0,0,0,0
15.92,507.82654,-1.4041067,-3152.2216,40.946103,2.3257475,-84.780793,-0.00049535229,1.1913068,0.0073701695,0.001320685,-0.0037943425,-0.00050804094,-0.070609435,5.1989039e-09,0.0023636593,1,-0.07345428,4.5179597e-09,0.0024016678,1,0,0,0.021538882,0.00064986017,0.28077137,92.086977,3152.2216,59.5,0,1.2566371,0,0,nan,nan,3795.2359,-168.80429,-1.4791718,-45.257628,-0.00016712594,2.1095726,0.015156618,0,0,0,0,0,0
15.96,509.46304,-1.3111059,-3155.6036,40.875319,2.3242088,-84.295605,-0.00049329333,1.1911598,0.007315622,0.0013152532,-0.0035471552,-0.0005060234,-0.074683012,4.2164218e-09,0.0024178227,1,-0.077543891,3.5121791e-09,0.0024556509,1,0,0,0.022747758,0.00066300836,0.27933687,91.612732,3155.6036,59.5,0,1.2566371,0,0,nan,nan,3754.9344,-166.98163,-1.5072489,-47.62041,-0.0001664686,2.0491315,0.015473969,0,0,0,0,0,0
16,511.09669,-1.2181672,-3158.9663,40.803518,2.3226472,-83.812142,-0.00049123996,1.1910225,0.0072612989,0.0013098419,-0.0033017773,-0.00050398603,-0.071598482,3.1591601e-09,0.0024717211,1,0.7854,2.3824975e-09,0.0025093583,1,0,0,0.023962865,0.00067594845,0.27790632,91.139844,3158.9663,59.5,0,1.0821041,0,0,nan,nan,3714.9798,-165.17407,-1.5347485,-68.280711,-0.00016588054,-59.50349,0.015735299,0,0,0,0,0,0
16.04,512.72598,-1.1253027,-3162.3102,40.615622,2.3201858,-83.376342,-0.00048808763,1.1899433,0.0072083846,0.0013043478,-0.077254626,-0.00050652569,0.068027858,-1.3684283e-08,0.0025244756,1,0.7784056,-5.1004515e-08,0.002559072,1,0,0,0.022866067,0.00068883166,0.27647042,90.665261,3162.3102,59.5,0,1.0821041,0,0,nan,nan,3675.1219,-163.6244,-1.4833292,-408.24656,-0.00018124012,-1208.9231,-0.15251424,0,0,0,0,0,0
16.08,514.344,-1.032564,-3165.6382,40.242152,2.3164021,-83.016866,-0.00047981336,1.1834524,0.0071611883,0.0012967703,-0.27429599,-0.00054402546,0.2059055,-1.5643241e-07,0.0025551397,1,0.27916222,-3.2019994e-07,0.0025577545,1,0,0,0.014132635,0.00070314315,0.27502677,90.188189,3165.6382,59.5,0,1.0821041,0,0,nan,nan,3635.2978,-162.82982,-1.2267614,-624.43881,-0.00032200598,-2007.3215,-0.69484629,0,0,0,0,0,0
16.12,515.94654,-0.93997656,-3168.9521,39.913438,2.3131881,-82.642908,-0.00046748104,1.1685335,0.007118636,0.0012819369,-0.45351898,-0.00063641501,0.093631282,-4.5247502e-07,0.0025097715,1,-0.23916638,-6.6210959e-07,0.0024487548,1,0,0,-0.0025302425,0.00072175274,0.27359675,89.715642,3168.9521,59.5,0,1.0821041,0,0,nan,nan,3596.0718,-161.76752,-1.0816629,-207.11945,-0.00061204498,-704.24382,-0.74014108,0,0,0,0,0,0
16.16,517.54165,-0.84747684,-3172.2488,39.893261,2.3120593,-82.141464,-0.00045459737,1.1499014,0.0070772103,0.0012583025,-0.44595596,-0.00058845635,-0.045995058,-7.0250594e-07,0.0025497261,1,-0.33368293,-8.7252386e-07,0.0026864218,1,0,0,-0.019184082,0.00073837479,0.27217556,89.246048,3172.2488,59.5,0,1.0821041,0,0,nan,nan,3557.3133,-159.06582,-1.7480451,302.01508,-0.00084208206,893.10759,0.70583866,0,0,0,0,0,0
16.2,519.14157,-0.75498444,-3175.5229,40.143773,2.3128315,-81.518315,-0.00043852008,1.1350163,0.0070401636,0.0012272029,-0.2723715,-0.00053493202,-0.097492206,-9.5758685e-07,0.0028068517,1,0.0039614314,-1.1077664e-06,0.0029683353,1,0,0,-0.0287272,0.00074971525,0.27073975,88.77172,3175.5229,59.5,0,1.0821041,0,0,nan,nan,3518.4105,-156.24629,-1.5701369,523.68344,-0.0010750792,1565.0754,-0.31961659,0,0,0,0,0,0
16.24,520.75151,-0.66245884,-3178.772,40.331503,2.3132395,-80.922916,-0.00043021229,1.1269657,0.0069958393,0.0011910183,-0.14447472,-0.00059430184,0.042134134,-9.7955868e-07,0.0029165375,1,0.27660326,-8.4822448e-07,0.0029252994,1,0,0,-0.032156008,0.00076235935,0.26931242,88.300236,3178.772,59.5,0,1.0821041,0,0,nan,nan,3479.9676,-154.04324,-1.5465911,220.26688,-0.0010809153,520.51276,-0.57481164,0,0,0,0,0,0
16.28,522.3654,-0.56994481,-3181.999,40.332596,2.3121517,-80.41653,-0.00042961192,1.1216507,0.0069443668,0.0011607193,-0.14161541,-0.00061864366,0.17959167,-6.1367426e-07,0.0029099755,1,0.25523728,-2.9547699e-07,0.0029216473,1,0,0,-0.035152839,0.00077589354,0.26790953,87.836827,3181.999,59.5,0,1.0821041,0,0,nan,nan,3442.3891,-151.94729,-1.7965938,-70.77988,-0.00072238238,-479.09908,0.098826404,0,0,0,0,0,0
16.32,523.97712,-0.47749371,-3185.2068,40.260806,2.3103859,-79.946899,-0.00042732063,1.1149161,0.0068957078,0.001143279,-0.19088273,-0.00058444808,0.15229675,-2.4237104e-07,0.0029910053,1,0.090539355,-7.4384179e-08,0.003082724,1,0,0,-0.040477704,0.00078737819,0.26652067,87.378072,3185.2068,59.5,0,1.0821041,0,0,nan,nan,3405.3962,-149.15149,-1.9012329,46.812196,-0.00036901209,-121.85352,0.20221727,0,0,0,0,0,0
16.36,525.58803,-0.3850984,-3188.3949,40.30451,2.3094676,-79.422409,-0.0004219499,1.1075019,0.006850897,0.0011332034,-0.16787413,-0.00057518962,0.10300286,-1.5373904e-07,0.0031256076,1,0.10456955,-1.6019515e-07,0.0032052443,1,0,0,-0.044996626,0.00079748713,0.26512208,86.916185,3188.3949,59.5,0,1.0821041,0,0,nan,nan,3368.3792,-146.54326,-1.838914,209.46791,-0.00028425763,390.74313,-0.20567818,0,0,0,0,0,0
16.4,527.20169,-0.29273197,-3191.5615,40.37602,2.3087748,-78.885078,-0.00041848001,1.1016008,0.0068042334,0.0011237023,-0.1294068,-0.00060049878,0.13805412,-1.6759722e-07,0.0031971155,1,0.16886102,-1.5694748e-07,0.0032252897,1,0,0,-0.047617377,0.00080810142,0.26372452,86.454691,3191.5615,59.5,0,1.0821041,0,0,nan,nan,3331.614,-144.38556,-1.8614077,155.79345,-0.00029436586,191.18214,-0.2475718,0,0,0,0,0,0
16.44,528.81746,-0.2003994,-3194.7071,40.410292,2.3077631,-78.367505,-0.00041739791,1.0967085,0.0067551861,0.0011148531,-0.11762384,-0.00061256479,0.1643185,-1.0378077e-07,0.0032324621,1,0.17037045,-3.6663832e-08,0.0032620205,1,0,0,-0.04968338,0.00081891765,0.26233776,85.996798,3194.7071,59.5,0,1.0821041,0,0,nan,nan,3295.3453,-142.39677,-1.9499234,117.08615,-0.00023412718,47.255502,-0.047279372,0,0,0,0,0,0
16.48,530.43442,-0.10810964,-3197.832,40.440945,2.3066809,-77.852789,-0.00041664656,1.0921319,0.0067059939,0.0011086197,-0.10977941,-0.00061057609,0.16436831,-8.1977245e-09,0.0032883737,1,0.1632318,5.0426856e-08,0.0033331576,1,0,0,-0.051455749,0.00082926638,0.26095631,85.5407,3197.832,59.5,0,1.0821041,0,0,nan,nan,3259.4303,-140.50316,-1.9763067,134.77806,-0.00014707627,95.646072,-0.039894939,0,0,0,0,0,0
16.52,532.0528,-0.015861925,-3200.9363,40.480563,2.3056578,-77.334369,-0.00041599878,1.0879791,0.0066567983,0.0011048136,-0.09698791,-0.00061525819,0.16726001,5.728009e-08,0.0033482621,1,0.17190535,9.4460883e-08,0.0033848626,1,0,0,-0.052660474,0.00083948266,0.2595779,85.085654,3200.9363,59.5,0,1.0821041,0,0,nan,nan,3223.8099,-138.74686,-1.9723084,139.79407,-8.854787e-05,106.15912,-0.10951955,0,0,0,0,0,0
16.56,533.67275,0.076344727,-3204.0198,40.517978,2.3046138,-76.817997,-0.00041602197,1.0843178,0.0066068793,0.0011026171,-0.086225305,-0.00062397983,0.17429562,1.0770152e-07,0.003391904,1,0.17835402,1.4326298e-07,0.0034186889,1,0,0,-0.053375712,0.00084987286,0.25820445,84.632288,3204.0198,59.5,0,1.0821041,0,0,nan,nan,3188.5298,-137.10055,-1.9886434,130.55143,-4.447899e-05,72.741234,-0.090898411,0,0,0,0,0,0
16.6,535.29411,0.16850874,-3207.0828,40.55168,2.3035285,-76.304444,-0.0004165578,1.0810251,0.0065563572,0.001101846,-0.078177145,-0.00062885261,0.17805891,1.5820588e-07,0.0034296441,1,0.17978854,1.9189183e-07,0.0034565884,1,0,0,-0.053744766,0.00086032158,0.25683611,84.180652,3207.0828,59.5,0,1.0821041,0,0,nan,nan,3153.5911,-135.57384,-2.006043,127.90296,-1.2984022e-06,63.510627,-0.055465588,0,0,0,0,0,0
16.64,536.9168,0.26062895,-3210.1252,40.583919,2.3024243,-75.792488,-0.00041726925,1.0780368,0.0065055573,0.0011023713,-0.071031426,-0.00063189948,0.1798163,1.9958413e-07,0.0034685081,1,0.18066818,2.2368225e-07,0.003495305,1,0,0,-0.053801804,0.00087077669,0.25547234,83.730568,3210.1252,59.5,0,1.0821041,0,0,nan,nan,3118.9777,-134.15239,-2.0095751,124.74896,3.3153831e-05,55.682114,-0.054171954,0,0,0,0,0,0
16.68,538.54073,0.35270467,-3213.1472,40.614004,2.3013027,-75.282469,-0.00041808185,1.0753152,0.0064545193,0.0011038186,-0.064933139,-0.00063545913,0.18038279,2.2682805e-07,0.0035046663,1,0.1803161,2.4190408e-07,0.0035285322,1,0,0,-0.053593864,0.00088131045,0.25411315,83.28204,3213.1472,59.5,0,1.0821041,0,0,nan,nan,3084.6878,-132.81931,-2.0098614,120.36511,5.4949087e-05,46.186279,-0.053536164,0,0,0,0,0,0
16.72,540.16583,0.44473516,-3216.1489,40.641486,2.3001611,-74.774609,-0.00041896632,1.0728164,0.0064032487,0.0011058228,-0.059926376,-0.00063849565,0.17945164,2.4354603e-07,0.0035371026,1,0.17826806,2.524371e-07,0.0035590584,1,0,0,-0.053171065,0.0008919424,0.25275854,82.835063,3216.1489,59.5,0,1.0821041,0,0,nan,nan,3050.7184,-131.55751,-2.0107975,115.70542,6.7520023e-05,37.833332,-0.04241744,0,0,0,0,0,0
16.76,541.79197,0.53671961,-3219.1302,40.66638,2.2990005,-74.268885,-0.0004198264,1.0705004,0.0063518401,0.0011081248,-0.055784044,-0.00064043097,0.17700202,2.5194322e-07,0.0035678912,1,0.17484813,2.5506817e-07,0.0035891268,1,0,0,-0.052573198,0.00090265327,0.2514084,82.389607,3219.1302,59.5,0,1.0821041,0,0,nan,nan,3017.0651,-130.35348,-2.0089943,111.21926,7.2993799e-05,31.754775,-0.033505325,0,0,0,0,0,0
16.8,543.41906,0.62865733,-3222.0914,40.68888,2.2978246,-73.76519,-0.00042058391,1.0683378,0.0063003782,0.0011104991,-0.052214639,-0.0006417455,0.17339157,2.5221819e-07,0.0035975977,1,0.17065552,2.4991756e-07,0.0036179303,1,0,0,-0.051827377,0.00091344367,0.25006266,81.945642,3222.0914,59.5,0,1.0821041,0,0,nan,nan,2983.7233,-129.16829,-2.0037529,107.847,7.1704507e-05,30.296055,-0.028781878,0,0,0,0,0,0
16.84,545.04702,0.72054788,-3225.0325,40.710014,2.2966427,-73.262975,-0.00042121647,1.0663197,0.0062488936,0.0011127436,-0.048495781,-0.00064274043,0.16989759,2.4591932e-07,0.0036257178,1,0.16773456,2.3997529e-07,0.0036447633,1,0,0,-0.050928459,0.00092432867,0.24872112,81.503108,3225.0325,59.5,0,1.0821041,0,0,nan,nan,2950.6865,-128.01219,-1.9960802,104.87179,6.5172244e-05,30.454505,-0.025185227,0,0,0,0,0,0
16.88,546.67579,0.81239097,-3227.9535,40.728833,2.2954498,-72.762755,-0.0004217251,1.064445,0.0061973979,0.0011147274,-0.045196596,-0.00064337014,0.16678807,2.3594032e-07,0.0036519529,1,0.16443582,2.281714e-07,0.0036697742,1,0,0,-0.049890839,0.00093531992,0.24738392,81.062046,3227.9535,59.5,0,1.0821041,0,0,nan,nan,2917.9553,-126.89307,-1.9872354,99.834628,5.5919364e-05,24.533503,-0.01966564,0,0,0,0,0,0
16.92,548.30525,0.90418609,-3230.8545,40.744935,2.294244,-72.264751,-0.00042208307,1.0626896,0.006145939,0.0011163856,-0.042512952,-0.00064341181,0.16294917,2.2367431e-07,0.003676826,1,0.15998625,2.1429612e-07,0.0036939261,1,0,0,-0.04874448,0.00094641622,0.24605108,80.622461,3230.8545,59.5,0,1.0821041,0,0,nan,nan,2885.5281,-125.80351,-1.9771118,95.306966,4.5135723e-05,20.940926,-0.013751473,0,0,0,0,0,0
16.96,549.93532,0.9959328,-3233.7357,40.75872,2.2930295,-71.768742,-0.00042226251,1.0610353,0.0060945676,0.0011176677,-0.040112575,-0.00064296894,0.15846935,2.0890877e-07,0.003700798,1,0.15522773,1.9771897e-07,0.0037172659,1,0,0,-0.047502139,0.00095761676,0.24472247,80.184314,3233.7357,59.5,0,1.0821041,0,0,nan,nan,2853.3996,-124.73993,-1.9651489,91.221185,3.2712977e-05,19.330347,-0.0098155537,0,0,0,0,0,0
17,551.5659,1.0876308,-3236.597,40.770232,2.2918077,-71.274699,-0.00042225636,1.0594733,0.0060433132,0.0011185213,-0.03791648,-0.0006422144,0.15372799,1.9178088e-07,0.003723757,1,0.15033217,1.7916011e-07,0.0037394638,1,0,0,-0.046172236,0.00096892759,0.24339804,79.747586,3236.597,59.5,0,1.0821041,0,0,nan,nan,2821.5665,-123.69983,-1.9518527,86.905766,1.8820366e-05,17.359792,-0.0065188169,0,0,0,0,0,0
17.04,553.19689,1.1792798,-3239.4387,40.779355,2.290579,-70.78269,-0.0004220644,1.0579944,0.0059921991,0.0011189075,-0.035966077,-0.000641138,0.14871758,1.7301728e-07,0.0037456689,1,0.14510277,1.5947965e-07,0.0037607004,1,0,0,-0.044765757,0.000980353,0.24207777,79.312268,3239.4387,59.5,0,1.0821041,0,0,nan,nan,2790.0261,-122.68032,-1.937648,82.486395,4.0678396e-06,15.357563,-0.0028882256,0,0,0,0,0,0
17.08,554.8282,1.2708795,-3242.2607,40.786106,2.2893443,-70.292704,-0.00042168428,1.0565894,0.0059412524,0.0011188061,-0.03422388,-0.00063971892,0.14339317,1.5317065e-07,0.003766728,1,0.13957904,1.3898875e-07,0.0037812285,1,0,0,-0.043292086,0.00099189471,0.2407616,78.878345,3242.2607,59.5,0,1.0821041,0,0,nan,nan,2758.7752,-121.67607,-1.9222006,78.265421,-1.1136495e-05,14.096499,0.00080013643,0,0,0,0,0,0
17.12,556.45973,1.3624298,-3245.0631,40.790701,2.2881064,-69.804627,-0.00042111419,1.055252,0.0058905001,0.0011182036,-0.032579484,-0.00063791705,0.13791036,1.3253884e-07,0.0037871985,1,0.13405849,1.1787682e-07,0.0038013758,1,0,0,-0.041754558,0.0010035608,0.23944949,78.445798,3245.0631,59.5,0,1.0821041,0,0,nan,nan,2727.8103,-120.67947,-1.9045327,74.286945,-2.6656057e-05,13.285074,0.004183576,0,0,0,0,0,0
17.16,558.09142,1.4539305,-3247.846,40.793088,2.2868665,-69.31849,-0.00042035645,1.0539779,0.0058399647,0.0011170953,-0.031080959,-0.00063588813,0.13233205,1.1134594e-07,0.0038071178,1,0.12835838,9.6405223e-08,0.0038208216,1,0,0,-0.040158443,0.0010153603,0.2381414,78.014617,3247.846,59.5,0,1.0821041,0,0,nan,nan,2697.1288,-119.69895,-1.885592,70.065358,-4.2168867e-05,11.796882,0.0061188635,0,0,0,0,0,0
17.2,559.72315,1.5453815,-3250.6096,40.793228,2.2856252,-68.834315,-0.00041942091,1.0527605,0.0057896601,0.0011154858,-0.029744757,-0.00063368342,0.12652068,9.0006443e-08,0.0038263035,1,0.12237155,7.5116437e-08,0.0038395007,1,0,0,-0.038511099,0.0010273004,0.2368373,77.58479,3250.6096,59.5,0,1.0821041,0,0,nan,nan,2666.7279,-118.73274,-1.8659974,65.926162,-5.7367703e-05,10.673114,0.0083400223,0,0,0,0,0,0
17.24,561.35485,1.6367829,-3253.3538,40.791192,2.2843834,-68.352063,-0.00041831634,1.0515943,0.0057396008,0.0011133899,-0.028518618,-0.00063126615,0.1204938,6.8898659e-08,0.0038448459,1,0.11622019,5.424218e-08,0.003857641,1,0,0,-0.036817202,0.0010393849,0.23553714,77.156301,3253.3538,59.5,0,1.0821041,0,0,nan,nan,2636.6044,-117.77963,-1.8457243,61.875833,-7.1985724e-05,9.8982039,0.010551599,0,0,0,0,0,0
17.28,562.98642,1.7281347,-3256.0787,40.787007,2.2831422,-67.871717,-0.00041705101,1.0504754,0.0056898009,0.0011108283,-0.027381438,-0.00062866422,0.11431429,4.8183964e-08,0.0038628443,1,0.10994185,3.3836451e-08,0.0038752641,1,0,0,-0.035080388,0.001051618,0.23424088,76.729134,3256.0787,59.5,0,1.0821041,0,0,nan,nan,2606.7555,-116.83862,-1.8247035,57.830285,-8.592324e-05,9.1594757,0.012351936,0,0,0,0,0,0
17.32,564.61779,1.8194368,-3258.7845,40.780802,2.2819032,-67.393238,-0.00041563782,1.0494009,0.0056402682,0.0011078218,-0.026286149,-0.00062604226,0.10804455,2.8046888e-08,0.0038801441,1,0.10366995,1.4281809e-08,0.0038918787,1,0,0,-0.03330214,0.0010640093,0.23294855,76.303302,3258.7845,59.5,0,1.0821041,0,0,nan,nan,2577.1798,-115.80655,-1.8022348,54.175494,-9.926248e-05,9.1760141,0.011832973,0,0,0,0,0,0
17.36,566.24887,1.9106895,-3261.4712,40.772668,2.2806676,-66.916628,-0.00041410133,1.0483698,0.0055909957,0.0011043986,-0.025234223,-0.00062339696,0.10179531,9.2187712e-09,0.0038963496,1,0.097396255,-3.3984829e-09,0.0039074161,1,0,0,-0.031482561,0.0010765713,0.23166026,75.878836,3261.4712,59.5,0,1.0821041,0,0,nan,nan,2547.8778,-114.77304,-1.7799617,50.293128,-0.00011134589,8.3589295,0.013960747,0,0,0,0,0,0
17.4,567.8796,2.0018927,-3264.1388,40.762525,2.2794352,-66.441934,-0.00041244917,1.0473787,0.0055419944,0.0011006043,-0.024286189,-0.00062049843,0.095417425,-8.0749554e-09,0.0039119366,1,0.090889698,-1.9813423e-08,0.0039227389,1,0,0,-0.029626321,0.0010893029,0.23037597,75.455728,3264.1388,59.5,0,1.0821041,0,0,nan,nan,2518.8469,-113.74851,-1.7572462,46.437067,-0.00012203928,7.5956286,0.016338911,0,0,0,0,0,0
17.44,569.50987,2.0930468,-3266.7875,40.750437,2.2782069,-65.969119,-0.00041068187,1.0464242,0.0054932813,0.0010964768,-0.023406149,-0.00061743448,0.08886779,-2.4529214e-08,0.003927178,1,0.084240344,-3.5896721e-08,0.0039377009,1,0,0,-0.027736232,0.0011022067,0.22909565,75.033964,3266.7875,59.5,0,1.0821041,0,0,nan,nan,2490.0843,-112.73247,-1.7336826,42.703784,-0.00013186087,7.1916261,0.017480026,0,0,0,0,0,0
17.48,571.13963,2.1841518,-3269.4173,40.736459,2.2769839,-65.498153,-0.00040880767,1.0455039,0.005444863,0.0010920382,-0.02256792,-0.00061429872,0.082207694,-4.0563057e-08,0.0039419165,1,0.077521123,-5.1640626e-08,0.0039520395,1,0,0,-0.025813769,0.0011152896,0.22781927,74.613533,3269.4173,59.5,0,1.0821041,0,0,nan,nan,2461.5872,-111.70932,-1.7095048,39.10498,-0.00014116612,7.0653022,0.018377147,0,0,0,0,0,0
17.52,572.7688,2.275208,-3272.0283,40.720784,2.2757679,-65.028964,-0.00040683806,1.0446176,0.0053967415,0.0010873024,-0.021702871,-0.00061109828,0.075573409,-5.6020046e-08,0.0039560542,1,0.070973096,-6.6558223e-08,0.0039657429,1,0,0,-0.023856827,0.0011285604,0.22654687,74.194451,3272.0283,59.5,0,1.0821041,0,0,nan,nan,2433.355,-110.62988,-1.6844827,35.747232,-0.00015002066,7.2259266,0.019274355,0,0,0,0,0,0
17.56,574.3973,2.3662158,-3274.6206,40.703365,2.2745593,-64.561599,-0.00040478429,1.0437653,0.0053489183,0.0010822913,-0.020882896,-0.00060781955,0.068992413,-7.0550117e-08,0.0039695846,1,0.064351135,-8.039082e-08,0.003978871,1,0,0,-0.021866129,0.0011420266,0.22527849,73.776729,3274.6206,59.5,0,1.0821041,0,0,nan,nan,2405.3863,-109.55999,-1.6590631,32.138235,-0.00015801219,6.4774933,0.020393246,0,0,0,0,0,0
17.6,576.02508,2.4571753,-3277.1942,40.684167,2.2733582,-64.096078,-0.00040265263,1.0429443,0.0053013994,0.0010770333,-0.020142598,-0.00060444421,0.062268078,-8.4156866e-08,0.0039825951,1,0.057504745,-9.3426489e-08,0.0039915467,1,0,0,-0.01984532,0.0011556933,0.2240141,73.360355,3277.1942,59.5,0,1.0821041,0,0,nan,nan,2377.6786,-108.49926,-1.6332131,28.636778,-0.00016517059,6.0099238,0.021456479,0,0,0,0,0,0
17.64,577.65205,2.5480869,-3279.7492,40.66327,2.2721656,-63.632351,-0.00040044846,1.042152,0.0052541907,0.0010715527,-0.019438101,-0.00060099447,0.055403993,-9.7073531e-08,0.0039951343,1,0.050570005,-1.0592237e-07,0.0040037486,1,0,0,-0.017795614,0.0011695662,0.22275366,72.945315,3279.7492,59.5,0,1.0821041,0,0,nan,nan,2350.2291,-107.44748,-1.6068791,25.24346,-0.00017167222,5.8166476,0.02222454,0,0,0,0,0,0
17.68,579.27816,2.6389511,-3282.2857,40.640808,2.2709829,-63.170341,-0.00039817951,1.0413879,0.005207294,0.0010658669,-0.01871782,-0.00059751342,0.048512588,-1.0938614e-07,0.0040071446,1,0.043733523,-1.1775632e-07,0.0040153417,1,0,0,-0.01571567,0.0011836553,0.22149712,72.531597,3282.2857,59.5,0,1.0821041,0,0,nan,nan,2323.0352,-106.3982,-1.5792458,22.25144,-0.00017778134,6.2900489,0.022535152,0,0,0,0,0,0
17.72,580.90335,2.7297681,-3284.8038,40.616868,2.2698116,-62.709997,-0.00039585712,1.0406532,0.0051607065,0.001059992,-0.01798874,-0.00059401876,0.041734264,-1.2082508e-07,0.0040185002,1,0.036988611,-1.28486e-07,0.004026235,1,0,0,-0.013602931,0.0011979749,0.22024446,72.119192,3284.8038,59.5,0,1.0821041,0,0,nan,nan,2296.0944,-105.3575,-1.5511277,19.031551,-0.00018319358,5.8056924,0.023203073,0,0,0,0,0,0
17.76,582.52754,2.8205385,-3287.3035,40.59135,2.2686514,-62.251376,-0.00039348797,1.0399464,0.0051144297,0.0010539532,-0.017331799,-0.00059045752,0.034877092,-1.3126635e-07,0.0040292685,1,0.030020173,-1.3829327e-07,0.0040366434,1,0,0,-0.011460674,0.0012125316,0.21899566,71.70809,3287.3035,59.5,0,1.0821041,0,0,nan,nan,2269.4044,-104.32641,-1.5226858,15.821782,-0.00018781812,5.2711902,0.024115629,0,0,0,0,0,0
17.8,584.15069,2.9112627,-3289.7848,40.564315,2.267503,-61.794436,-0.00039107483,1.0392649,0.0050684684,0.0010477737,-0.016715157,-0.00058683374,0.027866305,-1.4098358e-07,0.0040395606,1,0.022923356,-1.4761255e-07,0.0040466055,1,0,0,-0.0092904238,0.0012273315,0.21775067,71.298277,3289.7848,59.5,0,1.0821041,0,0,nan,nan,2242.9626,-103.30471,-1.4937748,12.749003,-0.00019184863,5.106192,0.02471561,0,0,0,0,0,0
17.84,585.77272,3.0019412,-3292.2479,40.535916,2.266368,-61.339112,-0.00038862265,1.0386081,0.0050228239,0.0010414678,-0.016077336,-0.00058319594,0.020814128,-1.5020026e-07,0.0040493295,1,0.015930228,-1.5645744e-07,0.0040559533,1,0,0,-0.0070906085,0.0012423845,0.21650954,70.889766,3292.2479,59.5,0,1.0821041,0,0,nan,nan,2216.768,-102.19349,-1.4636737,10.11,-0.00019562139,5.7304178,0.024804527,0,0,0,0,0,0
17.88,587.3936,3.0925746,-3294.6929,40.506312,2.2652481,-60.885378,-0.00038614119,1.0379779,0.0049774915,0.0010350454,-0.01540543,-0.00057957618,0.013923244,-1.5868758e-07,0.0040584025,1,0.0091182439,-1.6431382e-07,0.0040645114,1,0,0,-0.0048572155,0.001257706,0.21527241,70.482607,3294.6929,59.5,0,1.0821041,0,0,nan,nan,2190.8219,-101.05708,-1.4329682,7.2572363,-0.0001988931,5.3596136,0.025152285,0,0,0,0,0,0
17.92,589.01327,3.1831634,-3297.1197,40.475374,2.2641428,-60.433312,-0.00038363652,1.0373733,0.00493247,0.0010285269,-0.014804307,-0.00057591636,0.0069866547,-1.6624781e-07,0.0040668035,1,0.0020712249,-1.7127312e-07,0.0040724973,1,0,0,-0.0025934238,0.0012733045,0.21403927,70.076795,3297.1197,59.5,0,1.0821041,0,0,nan,nan,2165.1222,-99.929634,-1.4019652,4.3661365,-0.00020150182,4.7774454,0.025902277,0,0,0,0,0,0
17.96,590.63168,3.2737084,-3299.5285,40.443155,2.2630528,-59.982877,-0.00038110955,1.0367918,0.0048877633,0.0010219317,-0.014246417,-0.00057220528,-0.00011741343,-1.7314516e-07,0.0040746689,1,-0.0051300114,-1.7783308e-07,0.0040800008,1,0,0,-0.00030092548,0.0012891872,0.2128101,69.672319,3299.5285,59.5,0,1.0821041,0,0,nan,nan,2139.6666,-98.811088,-1.3704881,1.6299363,-0.0002036243,4.6283644,0.02638937,0,0,0,0,0,0
18,592.24877,3.3642096,-3301.9193,40.409723,2.2619398,-59.534032,-0.00037829947,1.0362324,0.0048436785,0.0010152673,-0.013697302,-0.00055442678,-0.007308016,-1.8557732e-07,0.004102157,1,-0.012356006,-2.0641504e-07,0.0041471816,1,0,0,0.0020204515,0.0013046408,0.21158487,69.269171,3301.9193,59.5,0,1.0821041,0,0,nan,nan,2114.4527,-97.694022,-1.4653322,-1.0529053,-0.00020792607,4.5574678,0.26245252,0,0,0,0,0,0
18.04,593.86451,3.4546652,-3304.2921,40.375083,2.2607807,-59.086772,-0.00037391281,1.0356947,0.0048017302,0.001008004,-0.013166291,-0.00052502851,-0.014551046,-2.6407244e-07,0.0042012581,1,-0.019646369,-3.5208159e-07,0.0042817557,1,0,0,0.0043703399,0.0013185514,0.21036355,68.867344,3304.2921,59.5,0,1.0821041,0,0,nan,nan,2089.4784,-96.586382,-1.4719408,-3.7519377,-0.0002495828,4.3384588,0.17606223,0,0,0,0,0,0
18.08,595.47883,3.5450744,-3306.6471,40.339241,2.2596215,-58.641089,-0.00036832688,1.0351777,0.004761542,0.00099862899,-0.012661046,-0.00051135659,-0.021879514,-4.2004734e-07,0.0043055949,1,-0.027041008,-5.3672332e-07,0.0043684653,1,0,0,0.0067478962,0.0013317665,0.20914612,68.466828,3306.6471,59.5,0,1.0821041,0,0,nan,nan,2064.7413,-95.489289,-1.4697946,-6.413211,-0.00033368867,4.149455,0.062223884,0,0,0,0,0,0
18.12,597.0917,3.635437,-3308.9843,40.302217,2.2584461,-58.196964,-0.00036250038,1.0346805,0.0047221194,0.0009864898,-0.012176293,-0.00050355221,-0.029299307,-5.6839255e-07,0.0043845421,1,-0.034526905,-6.555634e-07,0.0044367455,1,0,0,0.0091526147,0.0013445539,0.20793255,68.067613,3308.9843,59.5,0,1.0821041,0,0,nan,nan,2040.2392,-94.377851,-1.5037203,-9.141438,-0.00041127294,3.7757458,0.072179187,0,0,0,0,0,0
18.16,598.70307,3.7257521,-3311.3038,40.263871,2.2572411,-57.754545,-0.0003565825,1.0342012,0.0046834061,0.00097229003,-0.011783734,-0.00049347226,-0.036949287,-6.6476495e-07,0.0044625849,1,-0.042429788,-7.1639233e-07,0.004520078,1,0,0,0.011579597,0.0013567454,0.20672298,67.669744,3311.3038,59.5,0,1.0821041,0,0,nan,nan,2015.973,-93.161287,-1.5362762,-12.136465,-0.00045833739,3.0398656,0.082407129,0,0,0,0,0,0
18.2,600.31287,3.8160185,-3313.6056,40.224302,2.2560132,-57.313806,-0.00035056521,1.0337369,0.0046454867,0.00095695179,-0.011406752,-0.00048436037,-0.044881484,-7.2028751e-07,0.0045468455,1,-0.050461362,-7.4902634e-07,0.0046059654,1,0,0,0.014027333,0.0013683783,0.20551748,67.273244,3313.6056,59.5,0,1.0821041,0,0,nan,nan,1991.9424,-91.955622,-1.5585561,-14.780901,-0.00048187483,3.3541886,0.060166416,0,0,0,0,0,0
18.24,601.92108,3.9062354,-3315.8898,40.1836,2.2547659,-56.874686,-0.00034462712,1.0332884,0.0046081922,0.00094110492,-0.01099684,-0.00047778849,-0.052838644,-7.4733451e-07,0.0046293518,1,-0.058401611,-7.5768624e-07,0.0046858359,1,0,0,0.016498224,0.0013795748,0.20431602,66.878102,3315.8898,59.5,0,1.0821041,0,0,nan,nan,1968.145,-90.76065,-1.5824756,-17.450528,-0.00048941209,3.4571843,0.045283241,0,0,0,0,0,0
18.28,603.52763,3.996402,-3318.1565,40.141674,2.2534968,-56.437233,-0.00033890551,1.032856,0.0045713764,0.00092522292,-0.010617202,-0.00047220775,-0.060835625,-7.5011081e-07,0.0047091057,1,-0.066517686,-7.4521587e-07,0.0047647231,1,0,0,0.018991113,0.0013903694,0.20311856,66.484305,3318.1565,59.5,0,1.0821041,0,0,nan,nan,1944.5783,-89.575685,-1.6086689,-20.471936,-0.00048392029,2.6759839,0.042032196,0,0,0,0,0,0
18.32,605.13248,4.0865174,-3320.4057,40.098392,2.2522053,-56.00152,-0.00033343313,1.0324371,0.0045349946,0.00090967268,-0.010313879,-0.00046703522,-0.069143136,-7.3521234e-07,0.0047887969,1,-0.075048734,-7.2066038e-07,0.0048447176,1,0,0,0.021500885,0.0014007762,0.20192505,66.091838,3320.4057,59.5,0,1.0821041,0,0,nan,nan,1921.2398,-88.401903,-1.6335222,-23.312025,-0.00046930584,2.6182769,0.037621481,0,0,0,0,0,0
18.36,606.73557,4.1765807,-3322.6375,40.053925,2.2508931,-55.567438,-0.00032822768,1.0320308,0.0044990057,0.00089468501,-0.0099780017,-0.00046251825,-0.077605587,-7.1004249e-07,0.0048685891,1,-0.083523306,-6.9011073e-07,0.004924291,1,0,0,0.024029694,0.0014108213,0.20073547,65.700691,3322.6375,59.5,0,1.0821041,0,0,nan,nan,1898.1272,-87.239683,-1.6574477,-25.977297,-0.00044967653,2.9963148,0.031984491,0,0,0,0,0,0
18.4,608.33687,4.2665912,-3324.8519,40.008272,2.2495604,-55.134965,-0.00032330918,1.0316385,0.0044633575,0.00088038111,-0.009621753,-0.00045846715,-0.086056535,-6.7894032e-07,0.0049483678,1,-0.092005573,-6.5581073e-07,0.0050054143,1,0,0,0.026579141,0.0014205245,0.19954973,65.310839,3324.8519,59.5,0,1.0821041,0,0,nan,nan,1875.2374,-86.18881,-1.6827407,-28.826383,-0.0004274836,2.6897364,0.033652148,0,0,0,0,0,0
18.44,609.93631,4.3565479,-3327.0492,39.961179,2.2482059,-54.704114,-0.00031865244,1.0312589,0.0044280466,0.00086681399,-0.0093579634,-0.00045426712,-0.0947901,-6.4539324e-07,0.0050323868,1,-0.10105921,-6.2202227e-07,0.005092084,1,0,0,0.02914447,0.0014298797,0.19836745,64.922152,3327.0492,59.5,0,1.0821041,0,0,nan,nan,1852.5614,-85.264994,-1.7046085,-31.874685,-0.00040475062,2.0193683,0.028286012,0,0,0,0,0,0
18.48,611.53384,4.4464501,-3329.2292,39.912767,2.2468329,-54.274786,-0.00031425779,1.0308895,0.0043930387,0.00085397674,-0.0090906509,-0.00045111465,-0.1038603,-6.1207836e-07,0.0051170577,1,-0.11023392,-5.8846409e-07,0.0051756657,1,0,0,0.031725399,0.0014389387,0.19718854,64.5346,3329.2292,59.5,0,1.0821041,0,0,nan,nan,1830.096,-84.344957,-1.7251022,-34.519775,-0.00038266315,2.5365505,0.020306339,0,0,0,0,0,0
18.52,613.12941,4.5362971,-3331.392,39.863133,2.2454413,-53.84692,-0.00031015739,1.0305318,0.0043582628,0.00084186091,-0.0087711008,-0.00044844263,-0.11293743,-5.7703484e-07,0.0052000267,1,-0.11927814,-5.5163957e-07,0.0052578901,1,0,0,0.034325396,0.001447722,0.19601298,64.14818,3331.392,59.5,0,1.0821041,0,0,nan,nan,1807.8397,-83.428491,-1.7473988,-37.207776,-0.0003602418,2.7462427,0.020276645,0,0,0,0,0,0
18.56,614.72297,4.626088,-3333.5378,39.812164,2.2440305,-53.420612,-0.00030633501,1.0301868,0.0043237042,0.00083048252,-0.0084842775,-0.00044585369,-0.12207426,-5.3995287e-07,0.0052827131,1,-0.12858152,-5.1368152e-07,0.0053404324,1,0,0,0.036942952,0.0014562258,0.19484081,63.762905,3333.5378,59.5,0,1.0821041,0,0,nan,nan,1785.7917,-82.410522,-1.7681937,-40.295573,-0.00033751279,1.9647804,0.017433015,0,0,0,0,0,0
18.6,616.31447,4.7158221,-3335.6665,39.759815,2.2426012,-52.995959,-0.0003027777,1.0298518,0.0042893439,0.00081984049,-0.00825036,-0.00044359659,-0.1315593,-5.0225075e-07,0.0053646915,1,-0.13827928,-4.7584126e-07,0.0054218433,1,0,0,0.039573996,0.0014644663,0.19367219,63.378823,3335.6665,59.5,0,1.0821041,0,0,nan,nan,1763.9533,-81.370449,-1.7888677,-43.089681,-0.00031507497,2.1344722,0.016368934,0,0,0,0,0,0
18.64,617.90385,4.8054987,-3337.7783,39.706256,2.2411542,-52.572857,-0.00029946845,1.0295269,0.004255168,0.00080991936,-0.0079701119,-0.00044134874,-0.1411712,-4.6494978e-07,0.0054463043,1,-0.14789039,-4.3929553e-07,0.0055034916,1,0,0,0.042221732,0.0014724428,0.19250712,62.995933,3337.7783,59.5,0,1.0821041,0,0,nan,nan,1742.323,-80.338488,-1.8094318,-45.763569,-0.00029337308,2.5290936,0.01693588,0,0,0,0,0,0
18.68,619.49106,4.8951171,-3339.8732,39.651451,2.2396898,-52.151322,-0.00029637834,1.0292138,0.0042211775,0.00080068399,-0.0076797474,-0.00043904513,-0.15078224,-4.2957266e-07,0.0055281933,1,-0.15756768,-4.0575497e-07,0.0055857191,1,0,0,0.044887121,0.0014801559,0.19134555,62.614223,3339.8732,59.5,0,1.0821041,0,0,nan,nan,1720.8985,-79.313136,-1.8282954,-48.763899,-0.00027319338,2.0203956,0.018185141,0,0,0,0,0,0
18.72,621.07606,4.9846766,-3341.9513,39.595209,2.2382089,-51.731466,-0.00029347379,1.0289108,0.0041873811,0.00079207339,-0.0074629821,-0.00043661634,-0.16069515,-3.9753431e-07,0.0056108839,1,-0.16775449,-3.7647974e-07,0.0056690068,1,0,0,0.047564946,0.0014876228,0.19018742,62.233671,3341.9513,59.5,0,1.0821041,0,0,nan,nan,1699.6775,-78.294315,-1.8446457,-51.730901,-0.00025515278,1.8414363,0.017945744,0,0,0,0,0,0
18.76,622.65877,5.0741766,-3344.0126,39.537694,2.2367135,-51.313186,-0.00029073178,1.0286168,0.0041537785,0.00078401423,-0.0072155178,-0.00043434112,-0.17083937,-3.6955334e-07,0.0056939132,1,-0.17794468,-3.5116479e-07,0.0057519518,1,0,0,0.05025709,0.0014948574,0.18903272,61.854275,3344.0126,59.5,0,1.0821041,0,0,nan,nan,1678.6582,-77.283144,-1.860083,-54.442157,-0.00023940943,2.3223332,0.016462711,0,0,0,0,0,0
18.8,624.23917,5.1636165,-3346.0572,39.478479,2.2352021,-50.896734,-0.00028814281,1.0283311,0.0041203567,0.00077643796,-0.0072694588,-0.00043219439,-0.18144061,-3.4472977e-07,0.0057766677,1,-0.18987137,-3.2821182e-07,0.0058345028,1,0,0,0.052954819,0.0015018671,0.18788135,61.475998,3346.0572,59.5,0,1.0821041,0,0,nan,nan,1657.8373,-76.265114,-1.8746616,-59.864046,-0.00022551565,-6.8621031,0.015428204,0,0,0,0,0,0
18.84,625.81713,5.2529956,-3348.0852,39.416417,2.2336714,-50.48283,-0.00028568255,1.0280189,0.004087123,0.00076928782,-0.0085049594,-0.00043032032,-0.19646715,-3.2260722e-07,0.005858855,1,-0.20870183,-3.0805468e-07,0.0059159814,1,0,0,0.055600993,0.0015086754,0.18673311,61.098777,3348.0852,59.5,0,1.0821041,0,0,nan,nan,1637.21,-75.209588,-1.8859922,-63.897072,-0.00021329313,-11.891626,0.011667002,0,0,0,0,0,0
18.88,627.39259,5.3423132,-3350.0967,39.353307,2.2321308,-50.070398,-0.00028334361,1.0276538,0.0040540662,0.00076251354,-0.0097344784,-0.00042880467,-0.21523667,-3.028789e-07,0.0059396414,1,-0.22871689,-2.8953051e-07,0.0059957108,1,0,0,0.058202961,0.0015153094,0.18558833,60.722717,3350.0967,59.5,0,1.0821041,0,0,nan,nan,1616.7807,-74.170708,-1.8967409,-65.086774,-0.00020240447,-7.9047164,0.0095682847,0,0,0,0,0,0
18.92,628.96552,5.431569,-3352.0917,39.289994,2.2305841,-49.658919,-0.0002811305,1.0272497,0.0040211637,0.0007560824,-0.010416714,-0.00042733806,-0.23405969,-2.8399612e-07,0.0060193258,1,-0.24683752,-2.7081723e-07,0.0060749672,1,0,0,0.060791279,0.0015217749,0.18444715,60.347867,3352.0917,59.5,0,1.0821041,0,0,nan,nan,1596.5507,-73.143888,-1.9075518,-66.142018,-0.00019213766,-3.7588561,0.010195093,0,0,0,0,0,0
18.96,630.53591,5.5207629,-3354.0702,39.226137,2.2290302,-49.248626,-0.00027903371,1.0268255,0.0039884102,0.00074997872,-0.010800227,-0.00042577472,-0.25182177,-2.6528386e-07,0.0060988127,1,-0.264091,-2.5232796e-07,0.0061544515,1,0,0,0.063378055,0.0015280733,0.18330958,59.974229,3354.0702,59.5,0,1.0821041,0,0,nan,nan,1576.5184,-72.02885,-1.9168148,-68.288209,-0.00018233993,-3.0065958,0.010566122,0,0,0,0,0,0
19,632.10373,5.6098945,-3356.0324,39.160826,2.2274663,-48.840116,-0.00027703768,1.0263851,0.0039558088,0.00074418611,-0.011516072,-0.0004242041,-0.26179939,-2.4729608e-07,0.0061782206,1,-0.28389023,-2.3517031e-07,0.0062337138,1,0,0,0.065949263,0.0015342135,0.18217552,59.601767,3356.0324,59.5,0,1.0821041,0,0,nan,nan,1556.6808,-70.917777,-1.9248524,-75.350371,-0.00017309734,-18.794691,0.0096237422,0,0,0,0,0,0
19.04,633.66883,5.698963,-3357.9783,39.089551,2.225875,-48.436104,-0.00027510649,1.0258581,0.0039233866,0.00073867884,-0.015718845,-0.00042312969,-0.26179939,-2.318051e-07,0.006256573,1,-0.32511065,-2.224842e-07,0.0063103691,1,0,0,0.068345631,0.0015402192,0.1810438,59.230099,3357.9783,59.5,0,1.0821041,0,0,nan,nan,1537.0165,-69.851492,-1.9280154,-87.598576,-0.00016506608,-52.684505,-0.00029638025,0,0,0,0,0,0
19.08,635.23096,5.7879673,-3359.9082,39.01213,2.2242597,-48.036674,-0.00027321452,1.0250898,0.0038911585,0.00073340124,-0.0236645,-0.00042350495,-0.26179939,-2.2110089e-07,0.0063301509,1,-0.39229924,-2.1501396e-07,0.0063790934,1,0,0,0.070407335,0.0015461656,0.17991412,58.859131,3359.9082,59.5,0,1.0821041,0,0,nan,nan,1517.5197,-68.855597,-1.9254349,-97.842005,-0.00015913806,-81.273991,-0.017347793,0,0,0,0,0,0
19.12,636.78989,5.8769068,-3361.8221,38.929774,2.2226295,-47.641065,-0.00027138768,1.0239429,0.0038590786,0.00072829346,-0.034670356,-0.00042574846,-0.26179939,-2.1301721e-07,0.0063947506,1,-0.48456094,-2.0714936e-07,0.006436473,1,0,0,0.072019786,0.0015521533,0.17878658,58.488889,3361.8221,59.5,0,1.0821041,0,0,nan,nan,1498.1909,-67.946604,-1.918329,-105.62487,-0.00015434003,-103.35259,-0.034384246,0,0,0,0,0,0
19.16,638.34546,5.9657809,-3363.7203,38.844075,2.2209941,-47.248283,-0.00026966068,1.0223111,0.0038270906,0.00072335159,-0.04786267,-0.00042946749,-0.26179939,-2.0290393e-07,0.0064489382,1,-0.59937321,-1.9447051e-07,0.0064834959,1,0,0,0.073107381,0.0015582676,0.1776614,58.11945,3363.7203,59.5,0,1.0821041,0,0,nan,nan,1479.033,-67.137946,-1.9072108,-110.33803,-0.000148639,-117.5121,-0.048437094,0,0,0,0,0,0
19.2,639.89757,6.0545897,-3365.6028,38.756797,2.2193639,-46.857228,-0.00026805439,1.0201251,0.003795151,0.00071862285,-0.062282655,-0.00043444886,-0.26179939,-1.8830566e-07,0.0064929565,1,-0.73300776,-1.7640123e-07,0.006520329,1,0,0,0.07363584,0.0015645906,0.17653893,57.750924,3365.6028,59.5,0,1.0821041,0,0,nan,nan,1460.0506,-66.432163,-1.8912283,-111.91089,-0.00014108838,-123.58031,-0.062132653,0,0,0,0,0,0
19.24,641.44618,6.1433335,-3367.4696,38.669678,2.2177494,-46.46681,-0.00026659245,1.0173539,0.0037632094,0.00071417161,-0.076982659,-0.00044055826,-0.26179939,-1.684802e-07,0.0065265333,1,-0.7854,-1.5279575e-07,0.006546564,1,0,0,0.073609705,0.0015712063,0.17541956,57.383439,3367.4696,59.5,0,1.0821041,0,0,nan,nan,1441.249,-65.824929,-1.8711985,-110.48582,-0.00013147988,-121.93118,-0.07364609,0,0,0,0,0,0
19.28,642.99134,6.2320131,-3369.3209,38.584323,2.2161593,-46.076013,-0.0002652938,1.0140033,0.0037312173,0.00071006459,-0.091086487,-0.00044741675,-0.26179939,-1.4337028e-07,0.0065499868,1,-0.7854,-1.2421225e-07,0.0065632955,1,0,0,0.073068441,0.0015781839,0.17430368,57.017125,3369.3209,59.5,0,1.0821041,0,0,nan,nan,1422.6336,-65.306127,-1.8482392,-106.3841,-0.00011989595,-113.39699,-0.081088284,0,0,0,0,0,0
19.32,644.53314,6.3206298,-3371.1565,38.502108,2.2146007,-45.683947,-0.00026416048,1.0101119,0.0036991428,0.0007063587,-0.10383808,-0.00045455887,-0.26179939,-1.1420286e-07,0.0065646987,1,-0.7854,-9.2938276e-08,0.0065724826,1,0,0,0.072080684,0.0015855716,0.17319166,56.652099,3371.1565,59.5,0,1.0821041,0,0,nan,nan,1404.2089,-64.861172,-1.8231189,-100.06434,-0.00010691745,-99.161325,-0.084466189,0,0,0,0,0,0
19.36,646.07173,6.4091848,-3372.9764,38.424112,2.213079,-45.289889,-0.00026317774,1.0057459,0.0036669724,0.00070308381,-0.11463683,-0.00046157014,-0.26179939,-8.354293e-08,0.0065725366,1,-0.7854,-6.2258324e-08,0.0065761717,1,0,0,0.070737235,0.0015933979,0.17208379,56.28846,3372.9764,59.5,0,1.0821041,0,0,nan,nan,1385.9782,-64.472457,-1.7966538,-92.077283,-9.3607427e-05,-80.64268,-0.084099039,0,0,0,0,0,0
19.4,647.60729,6.4976796,-3374.7804,38.351074,2.2115976,-44.893317,-0.00026231775,1.000992,0.0036347089,0.00070023152,-0.12306413,-0.00046809486,-0.26179939,-5.4539914e-08,0.0065755354,1,-0.7854,-3.5458905e-08,0.0065764167,1,0,0,0.069143112,0.0016016715,0.17098031,55.92628,3374.7804,59.5,0,1.0821041,0,0,nan,nan,1367.9437,-64.1189,-1.7694416,-83.13918,-8.1232553e-05,-59.624588,-0.081086701,0,0,0,0,0,0
19.44,649.14002,6.586116,-3376.5686,38.283278,2.2101574,-44.493987,-0.00026154723,0.99594924,0.0036023644,0.00069775326,-0.12893321,-0.00047393209,-0.26179939,-2.9985627e-08,0.0065753392,1,-0.7854,-1.4721005e-08,0.0065745551,1,0,0,0.067406609,0.0016103883,0.16988132,55.565598,3376.5686,59.5,0,1.0821041,0,0,nan,nan,1350.1056,-63.780409,-1.74263,-73.898447,-7.08444e-05,-37.741444,-0.074658853,0,0,0,0,0,0
19.48,650.67015,6.6744956,-3378.3407,38.220781,2.2087577,-44.091801,-0.00026082392,0.99072138,0.0035699668,0.00069557412,-0.13219189,-0.00047863086,-0.26179939,-1.2034368e-08,0.006574277,1,-0.7854,-2.2159456e-09,0.0065739012,1,0,0,0.065635955,0.0016195145,0.1687869,55.206438,3378.3407,59.5,0,1.0821041,0,0,nan,nan,1332.4634,-63.442107,-1.7173537,-64.720759,-6.3124574e-05,-16.023027,-0.064277567,0,0,0,0,0,0
19.52,652.19787,6.7628199,-3380.0967,38.163386,2.2073962,-43.686826,-0.00026009245,0.98541157,0.0035375661,0.00069359422,-0.13293156,-0.00048196231,-0.26179939,-3.2814297e-09,0.0065751517,1,-0.7854,-7.3837351e-10,0.0065768591,1,0,0,0.063933438,0.0016289978,0.16769709,54.84881,3380.0967,59.5,0,1.0821041,0,0,nan,nan,1315.0162,-63.088315,-1.6936134,-56.085007,-5.8922305e-05,4.2941437,-0.052674187,0,0,0,0,0,0
19.56,653.72339,6.8510905,-3381.8364,38.110656,2.2060698,-43.279296,-0.00025930012,0.98011667,0.0035052173,0.00069168822,-0.1313797,-0.0004838936,-0.26179939,-5.7981761e-09,0.0065798543,1,-0.7854,-1.1527283e-08,0.0065847377,1,0,0,0.062389598,0.0016387788,0.16661187,54.492711,3381.8364,59.5,0,1.0821041,0,0,nan,nan,1297.762,-62.705972,-1.6719338,-48.39103,-5.8848943e-05,22.179072,-0.040366601,0,0,0,0,0,0
19.6,655.24688,6.9393085,-3383.5598,38.061965,2.2047742,-42.869591,-0.00025840069,0.97492226,0.0034729764,0.00068971903,-0.1278732,-0.00048440102,-0.26179939,-2.0272098e-08,0.0065898383,1,-0.7854,-3.4349532e-08,0.0065988819,1,0,0,0.061079159,0.0016487893,0.16553122,54.138132,3383.5598,59.5,0,1.0821041,0,0,nan,nan,1280.699,-62.284863,-1.6527894,-41.946631,-6.2992255e-05,36.839988,-0.027500123,0,0,0,0,0,0
19.64,656.76849,7.0274753,-3385.2668,38.016518,2.2035046,-42.458236,-0.00025735324,0.96989856,0.0034409021,0.00068755201,-0.12284884,-0.00048351772,-0.26179939,-4.6369059e-08,0.0066063871,1,-0.7854,-6.8318984e-08,0.0066203638,1,0,0,0.060057033,0.0016589581,0.16445513,53.785069,3385.2668,59.5,0,1.0821041,0,0,nan,nan,1263.8253,-61.787434,-1.6358975,-37.104348,-7.1128183e-05,47.421298,-0.015024099,0,0,0,0,0,0
19.68,658.28832,7.1155917,-3386.9573,37.973462,2.2022559,-42.045813,-0.00025612425,0.96509718,0.0034090521,0.00068506548,-0.11678164,-0.0004813575,-0.26179939,-8.3125156e-08,0.0066303644,1,-0.7854,-1.1212137e-07,0.0066497397,1,0,0,0.059357593,0.0016692143,0.16338358,53.433515,3386.9573,59.5,0,1.0821041,0,0,nan,nan,1247.1389,-61.252956,-1.6217221,-33.757368,-8.2696035e-05,54.134243,-0.0034686527,0,0,0,0,0,0
19.72,659.80647,7.2036585,-3388.6313,37.931973,2.2010231,-41.632888,-0.00025468922,0.96055102,0.0033774805,0.00068215685,-0.11013581,-0.00047808771,-0.26179939,-1.2915354e-07,0.0066622138,1,-0.7854,-1.6409373e-07,0.0066871504,1,0,0,0.058996669,0.0016794889,0.1623165,53.083449,3388.6313,59.5,0,1.0821041,0,0,nan,nan,1230.6375,-60.68107,-1.6101032,-31.915861,-9.708412e-05,56.956483,0.0065866304,0,0,0,0,0,0
19.76,661.32297,7.2916762,-3390.2888,37.891252,2.1998014,-41.220026,-0.00025303348,0.95627452,0.0033462347,0.00067874506,-0.1033663,-0.00047392028,-0.26179939,-1.8268203e-07,0.0067019402,1,-0.7854,-2.2220952e-07,0.0067323054,1,0,0,0.058971523,0.0016897208,0.16125384,52.734855,3390.2888,59.5,0,1.0821041,0,0,nan,nan,1214.3185,-60.073551,-1.6007909,-31.510572,-0.00011357917,56.071674,0.014771519,0,0,0,0,0,0
19.8,662.83785,7.3796451,-3391.9297,37.850562,2.1985868,-40.807764,-0.0002511522,0.95226445,0.003315354,0.00067477347,-0.096895988,-0.0004690904,-0.26179939,-2.4163383e-07,0.006749164,1,-0.7854,-2.8422402e-07,0.0067845779,1,0,0,0.059262604,0.001699859,0.16019555,52.387713,3391.9297,59.5,0,1.0821041,0,0,nan,nan,1198.1798,-59.433986,-1.5934449,-32.405186,-0.00013140106,51.837163,0.020852499,0,0,0,0,0,0
19.84,664.35109,7.4675656,-3393.5542,37.809262,2.1973755,-40.39658,-0.00024904976,0.94850157,0.0032848686,0.00067021119,-0.091097114,-0.00046384483,-0.26179939,-3.0377105e-07,0.006803179,1,-0.7854,-3.4783412e-07,0.0068430488,1,0,0,0.059835991,0.0017098645,0.15914156,52.042005,3393.5542,59.5,0,1.0821041,0,0,nan,nan,1182.2189,-58.767394,-1.5876487,-34.410774,-0.00014975542,44.746317,0.02469297,0,0,0,0,0,0
19.88,665.86266,7.5554376,-3395.1623,37.766822,2.196165,-39.986877,-0.00024673896,0.94495295,0.0032547988,0.00066505283,-0.086277323,-0.00045843051,-0.26179939,-3.6682482e-07,0.0068630008,1,-0.7854,-4.1078477e-07,0.006906557,1,0,0,0.060646343,0.0017197107,0.15809184,51.697712,3395.1623,59.5,0,1.0821041,0,0,nan,nan,1166.4335,-58.079808,-1.5829467,-37.301282,-0.00016787813,35.388232,0.026281218,0,0,0,0,0,0
19.92,667.3725,7.6432612,-3396.754,37.722837,2.1949532,-39.578978,-0.00024423997,0.9415747,0.0032251548,0.00065931679,-0.082675419,-0.00045308368,-0.26179939,-4.285917e-07,0.006927425,1,-0.7854,-4.7093948e-07,0.0069737582,1,0,0,0.061639861,0.0017293845,0.15704633,51.354821,3396.754,59.5,0,1.0821041,0,0,nan,nan,1150.8215,-57.363044,-1.5786675,-40.90392,-0.000185093,24.239904,0.025650167,0,0,0,0,0,0
19.96,668.88055,7.7310363,-3398.3295,37.676997,2.1937391,-39.173151,-0.00024157918,0.93831433,0.0031959366,0.00065304222,-0.080475172,-0.0004480249,-0.26179939,-4.8697383e-07,0.0069950548,1,-0.7854,-5.2629471e-07,0.0070431499,1,0,0,0.062756016,0.0017388881,0.15600501,51.013326,3398.3295,59.5,0,1.0821041,0,0,nan,nan,1135.3813,-56.624803,-1.5743634,-44.954385,-0.0002007665,11.988084,0.023073941,0,0,0,0,0,0
20,670.38673,7.8187627,-3399.8887,37.629169,2.1925224,-38.769517,-0.00023878735,0.93511393,0.0031671351,0.00064628835,-0.07975705,-0.00044342612,-0.26179939,-5.4012236e-07,0.0070644651,1,-0.7854,-5.7524863e-07,0.0071133438,1,0,0,0.06393316,0.0017482321,0.15496787,50.673219,3399.8887,59.5,0,1.0821041,0,0,nan,nan,1120.1112,-55.885788,-1.5697856,-49.12881,-0.00021435287,-0.55110166,0.018889601,0,0,0,0,0,0
20.04,671.89096,7.9064405,-3401.4318,37.579362,2.1913034,-38.368088,-0.00023589779,0.93191401,0.0031387331,0.00063912933,-0.080519324,-0.00043942711,-0.26179939,-5.8657679e-07,0.0071342692,1,-0.7854,-6.1661346e-07,0.0071829675,1,0,0,0.065111517,0.0017574362,0.1539349,50.334497,3401.4318,59.5,0,1.0821041,0,0,nan,nan,1105.0095,-55.153918,-1.5645594,-53.185549,-0.00022547732,-12.753784,0.013373936,0,0,0,0,0,0
20.08,673.39316,7.9940694,-3402.959,37.527705,2.1900834,-37.968785,-0.0002329451,0.92865648,0.003110707,0.00063164937,-0.082690153,-0.00043612849,-0.26179939,-6.2524885e-07,0.0072031261,1,-0.7854,-6.4955503e-07,0.0072507405,1,0,0,0.066235757,0.0017665277,0.1529061,49.997163,3402.959,59.5,0,1.0821041,0,0,nan,nan,1090.075,-54.436125,-1.5584054,-56.91294,-0.00023390059,-24.07414,0.0069367934,0,0,0,0,0,0
20.12,674.89326,8.0816496,-3404.4702,37.474427,2.1888639,-37.571446,-0.0002299634,0.92528734,0.0030830276,0.0006239385,-0.086137982,-0.00043358357,-0.26179939,-6.5542809e-07,0.0072698338,1,-0.7854,-6.7364273e-07,0.0073155861,1,0,0,0.067257255,0.0017755396,0.15188151,49.661229,3404.4702,59.5,0,1.0821041,0,0,nan,nan,1075.3068,-53.738127,-1.5511191,-60.13642,-0.00023951256,-34.062659,2.4823044e-06,0,0,0,0,0,0
20.16,676.3912,8.169181,-3405.9655,37.419837,2.1876467,-37.175847,-0.00022698463,0.92175876,0.0030556629,0.00061608823,-0.090683726,-0.00043180264,-0.26179939,-6.7682953e-07,0.0073333921,1,-0.7854,-6.8890167e-07,0.0073766547,1,0,0,0.068135816,0.0017845084,0.1508612,49.326714,3405.9655,59.5,0,1.0821041,0,0,nan,nan,1060.7044,-53.06429,-1.5425613,-62.722932,-0.00024233784,-42.377399,-0.0070525977,0,0,0,0,0,0
20.2,677.88694,8.2566638,-3407.4451,37.364302,2.1864342,-36.781715,-0.00022403713,0.91803079,0.0030285798,0.00060818725,-0.096113896,-0.00043075891,-0.26179939,-6.8961292e-07,0.0073930242,1,-0.7854,-6.9579871e-07,0.0074333309,1,0,0,0.068840819,0.0017934722,0.14984525,48.993646,3407.4451,59.5,0,1.0821041,0,0,nan,nan,1046.2676,-52.41757,-1.5326659,-64.58275,-0.00024253234,-48.78859,-0.013887576,0,0,0,0,0,0
20.24,679.38045,8.3440982,-3408.9088,37.30822,2.1852284,-36.388745,-0.00022114462,0.91407247,0.0030017458,0.0006003173,-0.10219394,-0.00043039323,-0.26179939,-6.9435773e-07,0.0074481924,1,-0.7854,-6.9519238e-07,0.0074852495,1,0,0,0.069351806,0.0018024689,0.14883377,48.66206,3408.9088,59.5,0,1.0821041,0,0,nan,nan,1031.9965,-51.799537,-1.5214377,-65.668985,-0.00024036692,-53.177216,-0.020202938,0,0,0,0,0,0
20.28,680.87171,8.4314846,-3410.3569,37.252002,2.1840318,-35.996619,-0.00021832544,0.9098624,0.0029751303,0.00059254984,-0.10868113,-0.00043062014,-0.26179939,-6.9201173e-07,0.0074986084,1,-0.7854,-6.8826682e-07,0.0075322964,1,0,0,0.069658541,0.001811535,0.14782688,48.331998,3410.3569,59.5,0,1.0821041,0,0,nan,nan,1017.8913,-51.210454,-1.5089419,-65.97508,-0.00023620468,-55.528446,-0.025759413,0,0,0,0,0,0
20.32,682.36072,8.5188233,-3411.7894,37.19605,2.1828463,-35.605019,-0.00021559212,0.90538888,0.0029487065,0.00058494339,-0.11533636,-0.00043133524,-0.26179939,-6.8381962e-07,0.0075442268,1,-0.7854,-6.7644674e-07,0.0075745913,1,0,0,0.069760598,0.0018207037,0.14682472,48.003505,3411.7894,59.5,0,1.0821041,0,0,nan,nan,1003.9525,-50.649415,-1.4952954,-65.530696,-0.00023047411,-55.920913,-0.030383446,0,0,0,0,0,0
20.36,683.84751,8.6061148,-3413.2061,37.14074,2.1816739,-35.213642,-0.00021295147,0.90064951,0.0029224516,0.0005775419,-0.12193455,-0.00043242238,-0.26179939,-6.7123424e-07,0.0075852271,1,-0.7854,-6.6129859e-07,0.0076124633,1,0,0,0.069666543,0.0018300041,0.14582745,47.676627,3413.2061,59.5,0,1.0821041,0,0,nan,nan,990.18054,-50.114516,-1.4806567,-64.396398,-0.00022363955,-54.512897,-0.033964149,0,0,0,0,0,0
20.4,685.33211,8.6933597,-3414.6072,37.086402,2.1805162,-34.822211,-0.00021040479,0.89565052,0.002896348,0.00057037402,-0.12827326,-0.00043376023,-0.26179939,-6.5581876e-07,0.0076219878,1,-0.7854,-6.4443003e-07,0.0076464202,1,0,0,0.069392798,0.0018394602,0.1448352,47.351412,3414.6072,59.5,0,1.0821041,0,0,nan,nan,976.57587,-49.603053,-1.4652156,-62.657546,-0.0002161714,-51.526499,-0.036449815,0,0,0,0,0,0
20.44,686.81455,8.7805586,-3415.9927,37.03332,2.1793745,-34.430484,-0.00020794856,0.89040568,0.002870383,0.00056345333,-0.13417932,-0.00043522827,-0.26179939,-6.391499e-07,0.0076550545,1,-0.7854,-6.2739642e-07,0.007677113,1,0,0,0.068962269,0.0018490903,0.14384811,47.027906,3415.9927,59.5,0,1.0821041,0,0,nan,nan,963.13884,-49.111735,-1.4491822,-60.417797,-0.0002085191,-47.230797,-0.037842901,0,0,0,0,0,0
20.48,688.2949,8.8677122,-3417.3625,36.981711,2.1782497,-34.038261,-0.00020557513,0.88493506,0.0028445491,0.00055677942,-0.13951348,-0.00043671201,-0.26179939,-6.2272919e-07,0.0076851037,1,-0.7854,-6.1161994e-07,0.0077052972,1,0,0,0.068402826,0.0018589071,0.14286633,46.706154,3417.3625,59.5,0,1.0821041,0,0,nan,nan,949.86966,-48.636895,-1.4327758,-57.792559,-0.00020108837,-41.924924,-0.038192452,0,0,0,0,0,0
20.52,689.77321,8.9548211,-3418.7165,36.931735,2.1771425,-33.645389,-0.0002032737,0.87926361,0.0028188439,0.00055033956,-0.14417307,-0.0004381072,-0.26179939,-6.0790812e-07,0.0077129046,1,-0.7854,-5.9832579e-07,0.0077317937,1,0,0,0.067745714,0.0018689168,0.14188998,46.386197,3418.7165,59.5,0,1.0821041,0,0,nan,nan,936.76841,-48.174691,-1.4162161,-54.902715,-0.00019422407,-35.921836,-0.03758549,0,0,0,0,0,0
20.56,691.24956,9.041886,-3420.0549,36.883484,2.176053,-33.251765,-0.00020103124,0.87341968,0.0027932689,0.00054411087,-0.14809276,-0.00043932301,-0.26179939,-5.9583089e-07,0.0077392801,1,-0.7854,-5.8849824e-07,0.0077574508,1,0,0,0.067023983,0.0018791199,0.14091918,46.068074,3420.0549,59.5,0,1.0821041,0,0,nan,nan,923.83499,-47.721293,-1.3997136,-51.868856,-0.00018819903,-29.53344,-0.036138438,0,0,0,0,0,0
20.6,692.72401,9.1289077,-3421.3774,36.83699,2.1749811,-32.857333,-0.00019883344,0.86743353,0.0027678296,0.00053806279,-0.1512437,-0.00044028431,-0.26179939,-5.8739673e-07,0.0077650701,1,-0.7854,-5.8285671e-07,0.0077831082,1,0,0,0.066270983,0.0018895114,0.13995404,45.751819,3421.3774,59.5,0,1.0821041,0,0,nan,nan,911.06915,-47.273051,-1.3834628,-48.806231,-0.00018320895,-23.057539,-0.033988746,0,0,0,0,0,0
20.64,694.19663,9.2158869,-3422.6842,36.792229,2.1739265,-32.462088,-0.00019666557,0.86133592,0.0027425345,0.00053215957,-0.15363121,-0.00044093296,-0.26179939,-5.8324134e-07,0.007791097,1,-0.7854,-5.8185015e-07,0.0078095657,1,0,0,0.065519,0.0019000814,0.13899465,45.437465,3422.6842,59.5,0,1.0821041,0,0,nan,nan,898.47049,-46.826622,-1.3676356,-45.820517,-0.00017937257,-16.766963,-0.031286911,0,0,0,0,0,0
20.68,695.6675,9.3028242,-3423.9752,36.749125,2.1728884,-32.066065,-0.00019451325,0.8551568,0.0027173943,0.00052636275,-0.15529125,-0.00044122835,-0.26179939,-5.8373565e-07,0.0078181353,1,-0.7854,-5.8566704e-07,0.0078375548,1,0,0,0.064798059,0.0019108157,0.13804112,45.125041,3423.9752,59.5,0,1.0821041,0,0,nan,nan,886.03851,-46.379085,-1.3523772,-43.004511,-0.00017673634,-10.901046,-0.028189164,0,0,0,0,0,0
20.72,697.13667,9.3897202,-3425.2503,36.707563,2.1718661,-31.669341,-0.00019236311,0.84892416,0.0026924213,0.00052063335,-0.15628614,-0.00044114717,-0.26179939,-5.8899896e-07,0.0078468854,1,-0.7854,-5.9425751e-07,0.0078677164,1,0,0,0.064134938,0.0019216967,0.13709351,44.814576,3425.2503,59.5,0,1.0821041,0,0,nan,nan,873.77257,-45.928013,-1.3378024,-40.435753,-0.0001752823,-5.6595251,-0.024850967,0,0,0,0,0,0
20.76,698.6042,9.4765757,-3426.5095,36.667395,2.1708584,-31.272023,-0.00019020326,0.84266308,0.0026676289,0.00051493388,-0.15669953,-0.00044068255,-0.26179939,-5.9892312e-07,0.0078779525,1,-0.7854,-6.07364e-07,0.0079005834,1,0,0,0.063552401,0.0019327044,0.13615192,44.506095,3426.5095,59.5,0,1.0821041,0,0,nan,nan,861.67198,-45.471518,-1.3239948,-38.175057,-0.00017493812,-1.1988015,-0.021421342,0,0,0,0,0,0
20.8,700.07015,9.5633911,-3427.7529,36.628449,2.1698643,-30.874246,-0.00018802369,0.83639497,0.0026430303,0.00050922988,-0.15663119,-0.00043984269,-0.26179939,-6.1320416e-07,0.0079118308,1,-0.7854,-6.2455715e-07,0.0079365681,1,0,0,0.06306866,0.001943817,0.13521643,44.199623,3427.7529,59.5,0,1.0821041,0,0,nan,nan,849.73597,-45.008274,-1.3110058,-36.2659,-0.00017558827,2.369597,-0.018038081,0,0,0,0,0,0
20.84,701.53457,9.650167,-3428.9803,36.590539,2.1688827,-30.476163,-0.00018581645,0.83013703,0.0026186386,0.00050349117,-0.15619163,-0.0004386491,-0.26179939,-6.3137845e-07,0.0079488932,1,-0.7854,-6.4527406e-07,0.007975956,1,0,0,0.062697067,0.0019550122,0.13428709,43.895184,3428.9803,59.5,0,1.0821041,0,0,nan,nan,837.96373,-44.537505,-1.2988563,-34.734579,-0.00017708542,4.9785638,-0.014823861,0,0,0,0,0,0
20.88,702.99748,9.7369038,-3430.1917,36.553474,2.1679123,-30.077939,-0.00018357581,0.8239019,0.0025944659,0.00049769273,-0.15549695,-0.00043713451,-0.26179939,-6.5286052e-07,0.0079893858,1,-0.7854,-6.6885661e-07,0.0080189039,1,0,0,0.062446013,0.0019662679,0.13336399,43.592801,3430.1917,59.5,0,1.0821041,0,0,nan,nan,826.35439,-44.058963,-1.2875382,-33.591032,-0.0001792614,6.6032559,-0.011883283,0,0,0,0,0,0
20.92,704.45893,9.823602,-3431.3873,36.517063,2.166952,-29.679743,-0.00018129824,0.81769758,0.0025705231,0.00049181522,-0.15466397,-0.00043534063,-0.26179939,-6.7698064e-07,0.0080334274,1,-0.7854,-6.9458828e-07,0.0080654424,1,0,0,0.062319033,0.0019775627,0.1324472,43.292497,3431.3873,59.5,0,1.0821041,0,0,nan,nan,814.90707,-43.572879,-1.2770179,-32.8302,-0.00018193736,7.2575383,-0.0093008321,0,0,0,0,0,0
20.96,705.91893,9.910262,-3432.5669,36.481126,2.1660007,-29.281742,-0.00017898232,0.81152742,0.0025468193,0.00048584514,-0.15380587,-0.00043331569,-0.26179939,-7.0302065e-07,0.0080810139,1,-0.7854,-7.217283e-07,0.0081154837,1,0,0,0.062315071,0.0019888767,0.13153679,42.994293,3432.5669,59.5,0,1.0821041,0,0,nan,nan,803.62085,-43.079907,-1.2672396,-32.433803,-0.00018493265,6.9893537,-0.0071397514,0,0,0,0,0,0
21,707.37749,9.9968841,-3433.7306,36.445495,2.1650575,-28.884095,-0.0001766286,0.80539039,0.0025233617,0.00047977484,-0.15302845,-0.00043111217,-0.26179939,-7.3024685e-07,0.0081320264,1,-0.7854,-7.4954236e-07,0.0081688317,1,0,0,0.062428889,0.0020001924,0.13063281,42.698213,3433.7306,59.5,0,1.0821041,0,0,nan,nan,792.49481,-42.581053,-1.2581295,-32.372419,-0.00018807253,5.8753394,-0.0054417858,0,0,0,0,0,0
21.04,708.83464,10.083469,-3434.8784,36.410024,2.1641215,-28.486948,-0.00017423934,0.79928141,0.0025001556,0.00047360215,-0.15242704,-0.00042878442,-0.26179939,-7.5793954e-07,0.0081862425,1,-0.7854,-7.7732952e-07,0.0082251962,1,0,0,0.062651596,0.0020114942,0.12973535,42.404278,3434.8784,59.5,0,1.0821041,0,0,nan,nan,781.52802,-42.077606,-1.2496,-32.607733,-0.00019119437,4.0149986,-0.0042277415,0,0,0,0,0,0
21.08,710.29037,10.170016,-3436.0104,36.374587,2.163192,-28.090428,-0.00017181831,0.79319182,0.0024772041,0.00046732997,-0.15208407,-0.00042638654,-0.26179939,-7.8541861e-07,0.0082433505,1,-0.7854,-8.0444507e-07,0.0082842081,1,0,0,0.062971248,0.0020227696,0.12884447,42.11251,3436.0104,59.5,0,1.0821041,0,0,nan,nan,770.71953,-41.571062,-1.2415543,-33.094849,-0.00019415263,1.524708,-0.0034987715,0,0,0,0,0,0
21.12,711.74468,10.256526,-3437.1265,36.339081,2.1622684,-27.694645,-0.00016937046,0.78710995,0.002454508,0.00046096561,-0.15206748,-0.00042397048,-0.26179939,-8.1206516e-07,0.0083029657,1,-0.7854,-8.303192e-07,0.0083454374,1,0,0,0.063373502,0.0020340086,0.12796025,41.822932,3437.1265,59.5,0,1.0821041,0,0,nan,nan,760.06841,-41.063049,-1.2338903,-33.784579,-0.00019682251,-1.4681902,-0.0032382753,0,0,0,0,0,0
21.16,713.19756,10.342999,-3438.2268,36.303429,2.1613503,-27.299684,-0.00016690164,0.7810217,0.0024320663,0.00045452011,-0.15242964,-0.00042158438,-0.26179939,-8.3733888e-07,0.0083646477,1,-0.7854,-8.5447153e-07,0.0084084105,1,0,0,0.063842297,0.0020452042,0.12708275,41.535568,3438.2268,59.5,0,1.0821041,0,0,nan,nan,749.57374,-40.555259,-1.2265048,-34.62561,-0.00019910238,-4.8310013,-0.0034142855,0,0,0,0,0,0
21.2,714.64902,10.429436,-3439.3113,36.267581,2.1604373,-26.905607,-0.00016441826,0.77491116,0.0024098761,0.00044800741,-0.15320707,-0.0004192712,-0.26179939,-8.6079132e-07,0.0084279184,1,-0.7854,-8.765214e-07,0.0084726291,1,0,0,0.064360519,0.002056352,0.12621204,41.250443,3439.3113,59.5,0,1.0821041,0,0,nan,nan,739.23465,-40.049384,-1.2192971,-35.566507,-0.00020091517,-8.430825,-0.0039821954,0,0,0,0,0,0
21.24,716.09904,10.515836,-3440.38,36.231508,2.1595294,-26.512453,-0.00016192707,0.76876129,0.0023879328,0.00044144362,-0.15442067,-0.00041706772,-0.26179939,-8.8207494e-07,0.0084922799,1,-0.7854,-8.9619405e-07,0.008537587,1,0,0,0.064910657,0.00206745,0.12534822,40.967581,3440.38,59.5,0,1.0821041,0,0,nan,nan,729.05028,-39.547061,-1.212172,-36.557471,-0.00020220866,-12.13911,-0.0048876845,0,0,0,0,0,0
21.28,717.54761,10.6022,-3441.4331,36.195207,2.1586265,-26.120237,-0.0001594348,0.76255447,0.0023662304,0.00043484612,-0.15607644,-0.00041500384,-0.26179939,-9.0094816e-07,0.0085572312,1,-0.7854,-9.1332282e-07,0.0086027867,1,0,0,0.065475392,0.0020784985,0.12449136,40.687011,3441.4331,59.5,0,1.0821041,0,0,nan,nan,719.01982,-39.049823,-1.2050426,-37.551848,-0.00020295495,-15.835528,-0.0060696972,0,0,0,0,0,0
21.32,718.99472,10.688528,-3442.4704,36.158691,2.1577286,-25.728955,-0.00015694794,0.75627311,0.0023447616,0.00042823287,-0.1581667,-0.00041310218,-0.26179939,-9.1727629e-07,0.0086222846,1,-0.7854,-9.2784743e-07,0.0086677544,1,0,0,0.066038141,0.0020894999,0.12364156,40.408761,3442.4704,59.5,0,1.0821041,0,0,nan,nan,709.14251,-38.559062,-1.1978321,-38.50735,-0.0002031491,-19.411108,-0.0074633453,0,0,0,0,0,0
21.36,720.44037,10.77482,-3443.4922,36.121994,2.1568359,-25.33858,-0.00015447256,0.74990018,0.0023235184,0.00042162167,-0.1606715,-0.00041137804,-0.26179939,-9.3102889e-07,0.0086869793,1,-0.7854,-9.3980865e-07,0.0087320525,1,0,0,0.066583518,0.0021004581,0.12279891,40.132863,3443.4922,59.5,0,1.0821041,0,0,nan,nan,699.41767,-38.075998,-1.1904756,-39.386984,-0.00020280706,-22.770633,-0.0090026213,0,0,0,0,0,0
21.4,721.88456,10.861077,-3444.4983,36.085163,2.1559487,-24.949069,-0.00015201407,0.74341965,0.0023024921,0.00041502948,-0.16356045,-0.00040983953,-0.26179939,-9.4227345e-07,0.0087508936,1,-0.7854,-9.4933982e-07,0.0087952905,1,0,0,0.06709772,0.0021113782,0.12196351,39.85935,3444.4983,59.5,0,1.0821041,0,0,nan,nan,689.84465,-37.601662,-1.1829207,-40.159698,-0.00020196315,-25.834286,-0.010622832,0,0,0,0,0,0
21.44,723.32726,10.947298,-3445.4889,36.04826,2.1550672,-24.560366,-0.00014957711,0.73681685,0.002281674,0.00040847192,-0.16679453,-0.000408488,-0.26179939,-9.5116615e-07,0.0088136549,1,-0.7854,-9.5665548e-07,0.0088571328,1,0,0,0.067568825,0.0021222663,0.12113547,39.588257,3445.4889,59.5,0,1.0821041,0,0,nan,nan,680.42287,-37.136884,-1.1751283,-40.800759,-0.00020066696,-28.538605,-0.012262686,0,0,0,0,0,0
21.48,724.76849,11.033484,-3446.4639,36.01135,2.1541918,-24.172401,-0.00014716544,0.73007884,0.0022610549,0.0004019628,-0.17032815,-0.00040731865,-0.26179939,-9.579399e-07,0.0088749473,1,-0.7854,-9.6203781e-07,0.0089173048,1,0,0,0.067987003,0.002133129,0.12031491,39.319621,3446.4639,59.5,0,1.0821041,0,0,nan,nan,671.15181,-36.682286,-1.1670723,-41.291873,-0.00019898011,-30.836789,-0.013865998,0,0,0,0,0,0
21.52,726.20824,11.119635,-3447.4235,35.974508,2.1533228,-23.785097,-0.00014478189,0.72319458,0.0022406263,0.00039551375,-0.17411103,-0.00040632124,-0.26179939,-9.6289037e-07,0.008934516,1,-0.7854,-9.6582146e-07,0.0089755961,1,0,0,0.068344648,0.0021439732,0.11950195,39.053483,3447.4235,59.5,0,1.0821041,0,0,nan,nan,662.031,-36.238291,-1.1587394,-41.621094,-0.0001969728,-32.698431,-0.015382989,0,0,0,0,0,0
21.56,727.64653,11.205752,-3448.3675,35.93781,2.1524607,-23.398369,-0.00014242836,0.7161551,0.0022203797,0.00038913407,-0.1780902,-0.00040548094,-0.26179939,-9.6636069e-07,0.0089921708,1,-0.7854,-9.6837747e-07,0.009031862,1,0,0,0.068636426,0.0021548053,0.11869671,38.789883,3448.3675,59.5,0,1.0821041,0,0,nan,nan,653.06002,-35.805128,-1.1501283,-41.782529,-0.00019472037,-34.108764,-0.016771189,0,0,0,0,0,0
21.6,729.08334,11.291834,-3449.2961,35.901331,2.1516057,-23.012133,-0.00014010582,0.70895356,0.0022003076,0.00038283053,-0.18221175,-0.00040477921,-0.26179939,-9.6872536e-07,0.0090477862,1,-0.7854,-9.7009692e-07,0.009086022,1,0,0,0.068859254,0.0021656317,0.11789934,38.528866,3449.2961,59.5,0,1.0821041,0,0,nan,nan,644.23849,-35.382851,-1.1412486,-41.775898,-0.00019230004,-35.067496,-0.017995972,0,0,0,0,0,0
21.64,730.51871,11.377882,-3450.2093,35.865144,2.1507582,-22.6263,-0.00013781435,0.7015853,0.0021804029,0.00037660744,-0.18642248,-0.0004041947,-0.26179939,-9.703742e-07,0.0091013002,1,-0.7854,-9.7137508e-07,0.0091380575,1,0,0,0.069012211,0.0021764577,0.11710997,38.270475,3450.2093,59.5,0,1.0821041,0,0,nan,nan,635.56606,-34.971351,-1.1321194,-41.605963,-0.00018978782,-35.587332,-0.019030739,0,0,0,0,0,0
21.68,731.95263,11.463896,-3451.107,35.829318,2.1499185,-22.240786,-0.00013555325,0.69404771,0.0021606596,0.00037046664,-0.19067136,-0.00040370413,-0.26179939,-9.7169683e-07,0.0091527106,1,-0.7854,-9.7259656e-07,0.009188007,1,0,0,0.0690964,0.0021872879,0.11632873,38.014759,3451.107,59.5,0,1.0821041,0,0,nan,nan,627.04241,-34.570383,-1.1227683,-41.281872,-0.00018725584,-35.692269,-0.019856821,0,0,0,0,0,0
21.72,733.38513,11.549877,-3451.9893,35.793913,2.1490868,-21.855512,-0.00013332114,0.6863402,0.0021410724,0.00036440774,-0.19491079,-0.0004032832,-0.26179939,-9.7306849e-07,0.0092020708,1,-0.7854,-9.7412213e-07,0.0092359608,1,0,0,0.069114755,0.0021981257,0.11555579,37.761763,3451.9893,59.5,0,1.0821041,0,0,nan,nan,618.66723,-34.179587,-1.1132295,-40.816439,-0.0001847701,-35.415735,-0.020463129,0,0,0,0,0,0
21.76,734.81622,11.635825,-3452.8562,35.758986,2.1482635,-21.470402,-0.00013111604,0.67846398,0.002121637,0.00035842832,-0.19909758,-0.00040290729,-0.26179939,-9.7483745e-07,0.0092494833,1,-0.7854,-9.7627742e-07,0.0092820537,1,0,0,0.069071822,0.002208973,0.11479128,37.511537,3452.8562,59.5,0,1.0821041,0,0,nan,nan,610.44024,-33.798508,-1.1035425,-40.225404,-0.00018238867,-34.798673,-0.02084561,0,0,0,0,0,0
21.8,736.24593,11.72174,-3453.7077,35.724582,2.1474485,-21.08539,-0.00012893554,0.67042189,0.0021023501,0.00035252419,-0.20319375,-0.00040255221,-0.26179939,-9.7731451e-07,0.0092950933,1,-0.7854,-9.7934401e-07,0.0093264581,1,0,0,0.068973505,0.0022198304,0.11403536,37.26413,3453.7077,59.5,0,1.0821041,0,0,nan,nan,602.36114,-33.426625,-1.0937505,-39.526684,-0.00018016042,-33.887604,-0.021006564,0,0,0,0,0,0
21.84,737.67426,11.807623,-3454.5438,35.690737,2.1466422,-20.700419,-0.00012677687,0.66221819,0.0020832091,0.00034668974,-0.20716709,-0.00040219484,-0.26179939,-9.8076482e-07,0.0093390806,1,-0.7854,-9.8355291e-07,0.0093693757,1,0,0,0.068826807,0.002230697,0.11328818,37.019591,3454.5438,59.5,0,1.0821041,0,0,nan,nan,594.42965,-33.063371,-1.0838988,-38.739654,-0.00017812418,-32.73276,-0.020953851,0,0,0,0,0,0
21.88,739.10126,11.893473,-3455.3645,35.657478,2.1458444,-20.315438,-0.00012463711,0.6538583,0.0020642124,0.00034091825,-0.21099151,-0.00040181358,-0.26179939,-9.8540213e-07,0.0093816523,1,-0.7854,-9.8908044e-07,0.0094110297,1,0,0,0.068639557,0.0022415703,0.11254991,36.777972,3455.3645,59.5,0,1.0821041,0,0,nan,nan,586.64546,-32.708154,-1.0740337,-37.884453,-0.00017630848,-31.386312,-0.020700053,0,0,0,0,0,0
21.92,740.52694,11.979292,-3456.1698,35.624825,2.1450553,-19.930409,-0.0001225132,0.6453486,0.0020453591,0.00033520223,-0.21464717,-0.00040138882,-0.26179939,-9.9138536e-07,0.0094230339,1,-0.7854,-9.9604658e-07,0.0094516562,1,0,0,0.068420134,0.0022524462,0.11182068,36.539323,3456.1698,59.5,0,1.0821041,0,0,nan,nan,579.00829,-32.360379,-1.0642008,-36.981362,-0.00017473162,-29.900748,-0.020261595,0,0,0,0,0,0
21.96,741.95132,12.065079,-3456.9597,35.592786,2.1442748,-19.545305,-0.00012040214,0.63669609,0.002026649,0.00032953374,-0.2181204,-0.00040090323,-0.26179939,-9.9881757e-07,0.0094634624,1,-0.7854,-1.0045154e-06,0.0094914973,1,0,0,0.068177212,0.002263319,0.11110066,36.303695,3456.9597,59.5,0,1.0821041,0,0,nan,nan,571.51781,-32.019464,-1.0544444,-36.050238,-0.00017340215,-28.327419,-0.01965789,0,0,0,0,0,0
22,743.37443,12.150835,-3457.7342,35.561362,2.1435027,-19.160106,-0.00011830103,0.62790826,0.0020080823,0.0003239047,-0.22140356,-0.00040034201,-0.26179939,-1.0077469e-06,0.0095031776,1,-0.7854,-1.0144973e-06,0.0095307925,1,0,0,0.067919509,0.0022741816,0.11039001,36.07114,3457.7342,59.5,0,1.0821041,0,0,nan,nan,564.17371,-31.684856,-1.044806,-35.110025,-0.00017231963,-26.715282,-0.018910494,0,0,0,0,0,0
22.04,744.7963,12.236561,-3458.4933,35.530548,2.142739,-18.774804,-0.0001162072,0.61899275,0.00198966,0.00031830719,-0.22449464,-0.00039969298,-0.26179939,-1.0181695e-06,0.0095424156,1,-0.7854,-1.0259532e-06,0.0095697732,1,0,0,0.067655559,0.0022850255,0.10968889,35.841707,3458.4933,59.5,0,1.0821041,0,0,nan,nan,556.97564,-31.356043,-1.035324,-34.178341,-0.00017147565,-25.10984,-0.018042319,0,0,0,0,0,0
22.08,746.21694,12.322256,-3459.2369,35.500329,2.1419835,-18.389398,-0.0001141182,0.6099572,0.0019713831,0.00031273366,-0.22739682,-0.00039894665,-0.26179939,-1.0300337e-06,0.0095814021,1,-0.7854,-1.0387998e-06,0.0096086554,1,0,0,0.067393509,0.0022958408,0.10899745,35.615449,3459.2369,59.5,0,1.0821041,0,0,nan,nan,549.92326,-31.032566,-1.0260325,-33.271153,-0.00017085499,-23.552302,-0.017076906,0,0,0,0,0,0
22.12,747.63639,12.407921,-3459.9652,35.470689,2.1412359,-18.003898,-0.00011203193,0.60080904,0.0019532533,0.00030717715,-0.2301179,-0.00039809623,-0.26179939,-1.0432454e-06,0.0096203463,1,-0.7854,-1.0529154e-06,0.009647635,1,0,0,0.067140941,0.0023066165,0.10831584,35.392417,3459.9652,59.5,0,1.0821041,0,0,nan,nan,543.0162,-30.714025,-1.0169612,-32.402524,-0.00017043686,-22.078937,-0.016037756,0,0,0,0,0,0
22.16,749.05467,12.493557,-3460.678,35.441603,2.1404962,-17.61832,-0.00010994663,0.5915553,0.0019352721,0.00030163144,-0.23266971,-0.00039713749,-0.26179939,-1.0576748e-06,0.0096594357,1,-0.7854,-1.0681472e-06,0.0096868833,1,0,0,0.066904723,0.0023173405,0.10764424,35.172662,3460.678,59.5,0,1.0821041,0,0,nan,nan,536.25409,-30.400084,-1.008135,-31.58444,-0.00017019622,-20.720633,-0.014947757,0,0,0,0,0,0
22.2,750.47179,12.579163,-3461.3754,35.413046,2.1397639,-17.232686,-0.00010786089,0.58220247,0.0019174414,0.00029609117,-0.23506744,-0.00039606864,-0.26179939,-1.0731627e-06,0.0096988325,1,-0.7854,-1.084318e-06,0.0097265429,1,0,0,0.06669089,0.0023279999,0.10698279,34.956235,3461.3754,59.5,0,1.0821041,0,0,nan,nan,529.63654,-30.090477,-0.99957357,-30.82671,-0.00017010501,-19.502637,-0.013828674,0,0,0,0,0,0
22.24,751.88777,12.664739,-3462.0574,35.384988,2.1390388,-16.847024,-0.00010577369,0.57275638,0.0018997627,0.00029055193,-0.23732897,-0.00039489015,-0.26179939,-1.0895278e-06,0.0097386695,1,-0.7854,-1.1012334e-06,0.0097667254,1,0,0,0.066504555,0.0023385811,0.10633164,34.743187,3462.0574,59.5,0,1.0821041,0,0,nan,nan,523.16314,-29.785004,-0.99129166,-30.136926,-0.00017013339,-18.444469,-0.01270073,0,0,0,0,0,0
22.28,753.30265,12.750287,-3462.724,35.357399,2.1383206,-16.461367,-0.00010368437,0.56322211,0.0018822378,0.00028501032,-0.23947417,-0.00039360451,-0.26179939,-1.106574e-06,0.0097790479,1,-0.7854,-1.1186888e-06,0.0098075094,1,0,0,0.066349843,0.0023490697,0.10569097,34.533569,3462.724,59.5,0,1.0821041,0,0,nan,nan,516.8335,-29.483537,-0.98329895,-29.520488,-0.00017025086,-17.559985,-0.011582273,0,0,0,0,0,0
22.32,754.71642,12.835806,-3463.3751,35.330248,2.1376092,-16.07575,-0.00010159264,0.55360391,0.0018648682,0.00027946388,-0.24152426,-0.000392216,-0.26179939,-1.1240966e-06,0.0098200357,1,-0.7854,-1.1364761e-06,0.0098489391,1,0,0,0.066229866,0.0023594511,0.10506092,34.327432,3463.3751,59.5,0,1.0821041,0,0,nan,nan,510.64719,-29.186011,-0.97560033,-28.980677,-0.00017042725,-16.857565,-0.010489509,0,0,0,0,0,0
22.36,756.12913,12.921297,-3464.0108,35.303505,2.1369041,-15.69021,-9.9498497e-05,0.54390517,0.0018476551,0.00027391117,-0.24350116,-0.00039073041,-0.26179939,-1.1418889e-06,0.009861667,1,-0.7854,-1.1543891e-06,0.0098910247,1,0,0,0.066146709,0.0023697104,0.10444164,34.124827,3464.0108,59.5,0,1.0821041,0,0,nan,nan,504.60378,-28.892423,-0.9681961,-28.518772,-0.00017063356,-16.340422,-0.009436329,0,0,0,0,0,0
22.4,757.54076,13.00676,-3464.6311,35.277138,2.1362051,-15.304786,-9.7402266e-05,0.5341284,0.0018305996,0.00026835162,-0.24542689,-0.00038915474,-0.26179939,-1.1597482e-06,0.0099039416,1,-0.7854,-1.1722294e-06,0.0099337424,1,0,0,0.066101449,0.0023798323,0.1038333,33.925803,3464.6311,59.5,0,1.0821041,0,0,nan,nan,498.70284,-28.602828,-0.96108241,-28.134199,-0.00017084274,-16.006993,-0.0084341963,0,0,0,0,0,0
22.44,758.95135,13.092195,-3465.236,35.251122,2.135512,-14.919515,-9.5304517e-05,0.52427523,0.0018137025,0.00026278553,-0.24732304,-0.00038749699,-0.26179939,-1.1774805e-06,0.0099468261,1,-0.7854,-1.1898109e-06,0.0099770356,1,0,0,0.066094191,0.002389802,0.10323605,33.730412,3465.236,59.5,0,1.0821041,0,0,nan,nan,492.94393,-28.31733,-0.95425162,-27.82471,-0.00017103019,-15.851402,-0.0074921075,0,0,0,0,0,0
22.48,760.36091,13.177603,-3465.8254,35.225429,2.1348244,-14.534436,-9.3206039e-05,0.51434645,0.0017969642,0.00025721396,-0.24921029,-0.00038576581,-0.26179939,-1.1949049e-06,0.0099902549,1,-0.7854,-1.206963e-06,0.010020817,1,0,0,0.066124126,0.0023996042,0.10265004,33.538703,3465.8254,59.5,0,1.0821041,0,0,nan,nan,487.32661,-28.036082,-0.94769278,-27.58658,-0.00017117425,-15.863969,-0.0066166122,0,0,0,0,0,0
22.52,761.76944,13.262983,-3466.3995,35.200036,2.1341422,-14.149583,-9.1107798e-05,0.50434205,0.0017803848,0.0002516386,-0.25110796,-0.00038397028,-0.26179939,-1.2118572e-06,0.010034133,1,-0.7854,-1.2235345e-06,0.010064971,1,0,0,0.066189599,0.0024092243,0.10207543,33.350725,3466.3995,59.5,0,1.0821041,0,0,nan,nan,481.85042,-27.759272,-0.94139211,-27.414817,-0.00017125647,-16.031756,-0.0058118876,0,0,0,0,0,0
22.56,763.17697,13.348335,-3466.9582,35.174923,2.1334651,-13.764989,-8.9010894e-05,0.49426126,0.0017639639,0.00024606172,-0.25303368,-0.00038211962,-0.26179939,-1.2281928e-06,0.010078336,1,-0.7854,-1.2393948e-06,0.010109357,1,0,0,0.066288192,0.0024186478,0.10151236,33.16653,3466.9582,59.5,0,1.0821041,0,0,nan,nan,476.51492,-27.48712,-0.93533353,-27.303377,-0.00017126178,-16.339125,-0.0050798602,0,0,0,0,0,0
22.6,764.58349,13.433661,-3467.5015,35.150071,2.1327929,-13.380684,-8.6916521e-05,0.48410266,0.0017477011,0.00024048602,-0.25500309,-0.00038022303,-0.26179939,-1.2437884e-06,0.010122718,1,-0.7854,-1.2544361e-06,0.010153809,1,0,0,0.066416819,0.0024278604,0.10096099,32.986166,3467.5015,59.5,0,1.0821041,0,0,nan,nan,471.31966,-27.219873,-0.92949911,-27.245383,-0.00017117855,-16.768297,-0.0044203658,0,0,0,0,0,0
22.64,765.98902,13.51896,-3468.0294,35.125466,2.1321255,-12.996693,-8.4825928e-05,0.47386425,0.0017315953,0.0002349145,-0.25702961,-0.0003782894,-0.26179939,-1.2585431e-06,0.010167108,1,-0.7854,-1.2685736e-06,0.010198145,1,0,0,0.066571824,0.0024368484,0.10042147,32.809681,3468.0294,59.5,0,1.0821041,0,0,nan,nan,466.26419,-26.957793,-0.92386964,-27.233333,-0.00017099853,-17.299898,-0.0038313425,0,0,0,0,0,0
22.68,767.39358,13.604233,-3468.542,35.101097,2.1314626,-12.613037,-8.274038e-05,0.4635435,0.0017156453,0.00022935041,-0.2591243,-0.00037632719,-0.26179939,-1.2723791e-06,0.01021132,1,-0.7854,-1.2817457e-06,0.010242166,1,0,0,0.066749087,0.0024455987,0.099893954,32.637126,3468.542,59.5,0,1.0821041,0,0,nan,nan,461.34806,-26.701157,-0.91842504,-27.259307,-0.00017071672,-17.913487,-0.0033090462,0,0,0,0,0,0
22.72,768.79716,13.689479,-3469.0392,35.076955,2.1308041,-12.229733,-8.0661127e-05,0.45313754,0.0016998495,0.00022379709,-0.26129574,-0.00037434421,-0.26179939,-1.2852415e-06,0.010255152,1,-0.7854,-1.2939132e-06,0.010285661,1,0,0,0.066944125,0.0024540983,0.099378586,32.468549,3469.0392,59.5,0,1.0821041,0,0,nan,nan,456.57085,-26.450245,-0.91314488,-27.315154,-0.00017033119,-18.588046,-0.0028482829,0,0,0,0,0,0
22.76,770.19979,13.774698,-3469.5211,35.053034,2.1301499,-11.846794,-7.8589374e-05,0.44264316,0.001684206,0.00021825793,-0.26354998,-0.00037234757,-0.26179939,-1.2970974e-06,0.01029839,1,-0.7854,-1.305058e-06,0.010328412,1,0,0,0.067152198,0.0024623351,0.098875518,32.303999,3469.5211,59.5,0,1.0821041,0,0,nan,nan,451.93211,-26.205341,-0.90800875,-27.392673,-0.00016984275,-19.302437,-0.0024426509,0,0,0,0,0,0
22.8,771.60146,13.859892,-3469.9877,35.029332,2.1294999,-11.464227,-7.6526254e-05,0.43205698,0.0016687128,0.00021273623,-0.2658906,-0.0003703435,-0.26179939,-1.3079344e-06,0.010340815,1,-0.7854,-1.315182e-06,0.010370194,1,0,0,0.067368414,0.0024702972,0.098384896,32.143522,3469.9877,59.5,0,1.0821041,0,0,nan,nan,447.43143,-25.96672,-0.90299669,-27.483769,-0.00016925472,-20.035813,-0.0020847848,0,0,0,0,0,0
22.84,773.00218,13.94506,-3470.439,35.005847,2.128854,-11.082035,-7.4472811e-05,0.42137551,0.0016533674,0.00020723515,-0.26831871,-0.00036833733,-0.26179939,-1.3177593e-06,0.010382203,1,-0.7854,-1.3243044e-06,0.010410782,1,0,0,0.067587822,0.0024779735,0.097906868,31.987169,3470.439,59.5,0,1.0821041,0,0,nan,nan,443.06838,-25.734652,-0.89808947,-27.580599,-0.00016857251,-20.767983,-0.0017665977,0,0,0,0,0,0
22.88,774.40197,14.030202,-3470.875,34.982582,2.1282122,-10.700216,-7.2429981e-05,0.41059527,0.0016381673,0.00020175765,-0.27083305,-0.00036633339,-0.26179939,-1.3265957e-06,0.010422332,1,-0.7854,-1.3324599e-06,0.010449955,1,0,0,0.067805506,0.0024853532,0.09744158,31.834985,3470.875,59.5,0,1.0821041,0,0,nan,nan,438.84257,-25.509392,-0.89326896,-27.675691,-0.00016780331,-21.479729,-0.0014795149,0,0,0,0,0,0
22.92,775.80084,14.115318,-3471.2958,34.959539,2.1275742,-10.318763,-7.039858e-05,0.39971287,0.0016231099,0.00019630643,-0.27343017,-0.00036433503,-0.26179939,-1.3344815e-06,0.01046098,1,-0.7854,-1.3396958e-06,0.010487495,1,0,0,0.06801667,0.0024924262,0.096989178,31.687018,3471.2958,59.5,0,1.0821041,0,0,nan,nan,434.75361,-25.29118,-0.88851833,-27.762049,-0.00016695569,-22.153071,-0.0012146951,0,0,0,0,0,0
22.96,777.19879,14.200409,-3471.7013,34.936724,2.1269402,-9.9376673,-6.8379298e-05,0.3887251,0.0016081924,0.00019088391,-0.27610455,-0.0003623446,-0.26179939,-1.3414668e-06,0.010497934,1,-0.7854,-1.3460693e-06,0.010523194,1,0,0,0.068216712,0.0024991826,0.096549806,31.543316,3471.7013,59.5,0,1.0821041,0,0,nan,nan,430.80111,-25.080239,-0.88382229,-27.83324,-0.00016603926,-22.771488,-0.00096323635,0,0,0,0,0,0
23,778.59583,14.285475,-3472.0916,34.914142,2.1263102,-9.5569131,-6.6372696e-05,0.37762899,0.0015934118,0.00018549216,-0.27884878,-0.00036036343,-0.26179939,-1.3476105e-06,0.010532989,1,-0.7854,-1.3516451e-06,0.010556853,1,0,0,0.068401296,0.0025056132,0.096123605,31.403924,3472.0916,59.5,0,1.0821041,0,0,nan,nan,426.98472,-24.876769,-0.87916721,-27.883458,-0.00016506429,-23.320084,-0.00071636354,0,0,0,0,0,0
23.04,779.99197,14.370515,-3472.4666,34.891802,2.1256839,-9.1764829,-6.4379206e-05,0.36642193,0.0015787653,0.00018013293,-0.28165378,-0.00035839194,-0.26179939,-1.3529781e-06,0.010565951,1,-0.7854,-1.3564923e-06,0.010588289,1,0,0,0.068566406,0.002511709,0.095710719,31.268889,3472.4666,59.5,0,1.0821041,0,0,nan,nan,423.30408,-24.68095,-0.87454129,-27.907573,-0.00016404134,-23.785718,-0.00046559537,0,0,0,0,0,0
23.08,781.38722,14.455531,-3472.8265,34.869709,2.1250615,-8.7963555,-6.2399135e-05,0.35510168,0.00156425,0.00017480762,-0.28450901,-0.00035642962,-0.26179939,-1.357639e-06,0.01059664,1,-0.7854,-1.3606818e-06,0.010617331,1,0,0,0.0687084,0.0025174617,0.095311286,31.138257,3472.8265,59.5,0,1.0821041,0,0,nan,nan,419.75887,-24.492939,-0.86993459,-27.901166,-0.000162981,-24.157082,-0.00020289,0,0,0,0,0,0
23.12,782.78159,14.540521,-3473.1711,34.847873,2.124443,-8.416507,-6.0432671e-05,0.34366644,0.0015498628,0.00016951728,-0.28740269,-0.00035447511,-0.26179939,-1.3616634e-06,0.010624893,1,-0.7854,-1.3642839e-06,0.010643826,1,0,0,0.068824044,0.0025228631,0.094925446,31.012072,3473.1711,59.5,0,1.0821041,0,0,nan,nan,416.34876,-24.312869,-0.86533909,-27.860544,-0.00016189358,-24.424746,7.9231257e-05,0,0,0,0,0,0
23.16,784.17509,14.625487,-3473.5006,34.826301,2.1238284,-8.0369111,-5.8479897e-05,0.33211493,0.0015356011,0.00016426264,-0.29032203,-0.00035252631,-0.26179939,-1.3651203e-06,0.01065056,1,-0.7854,-1.3673658e-06,0.010667639,1,0,0,0.068910551,0.0025279053,0.094553333,30.890379,3473.5006,59.5,0,1.0821041,0,0,nan,nan,413.07346,-24.14085,-0.86074869,-27.782746,-0.00016078883,-24.581169,0.00038758225,0,0,0,0,0,0
23.2,785.56774,14.710429,-3473.8148,34.805,2.1232175,-7.6575397,-5.6540797e-05,0.32044637,0.0015214619,0.00015904413,-0.29325344,-0.00035058042,-0.26179939,-1.368075e-06,0.010673514,1,-0.7854,-1.3699895e-06,0.010688654,1,0,0,0.068965593,0.0025325809,0.094195083,30.773221,3473.8148,59.5,0,1.0821041,0,0,nan,nan,409.93267,-23.97697,-0.85615917,-27.66553,-0.00015967573,-24.620672,0.0007282317,0,0,0,0,0,0
23.24,786.95954,14.795346,-3474.1139,34.783977,2.1226105,-7.2783633,-5.4615274e-05,0.30866054,0.0015074426,0.00015386189,-0.29618274,-0.00034863406,-0.26179939,-1.3705871e-06,0.010693643,1,-0.7854,-1.3722101e-06,0.010706773,1,0,0,0.06898732,0.0025368828,0.093850826,30.660641,3474.1139,59.5,0,1.0821041,0,0,nan,nan,406.92612,-23.821293,-0.85156815,-27.50736,-0.00015856231,-24.539387,0.0011064434,0,0,0,0,0,0
23.28,788.3505,14.880239,-3474.3979,34.763239,2.1220074,-6.8993511,-5.2703165e-05,0.29675781,0.0014935407,0.00014871582,-0.29909542,-0.00034668332,-0.26179939,-1.3727088e-06,0.010710855,1,-0.7854,-1.3740741e-06,0.010721918,1,0,0,0.068974363,0.0025408038,0.09352069,30.552681,3474.3979,59.5,0,1.0821041,0,0,nan,nan,404.05356,-23.673862,-0.84697497,-27.30737,-0.00015745551,-24.335185,0.0015266356,0,0,0,0,0,0
23.32,789.74064,14.965108,-3474.6666,34.742791,2.1214081,-6.5204721,-5.0804254e-05,0.28473912,0.0014797538,0.00014360562,-0.30197679,-0.00034472391,-0.26179939,-1.3744834e-06,0.01072508,1,-0.7854,-1.3756179e-06,0.010734032,1,0,0,0.068925829,0.0025443373,0.093204802,30.449382,3474.6666,59.5,0,1.0821041,0,0,nan,nan,401.31474,-23.534699,-0.84238063,-27.065336,-0.00015636106,-24.00758,0.0019923584,0,0,0,0,0,0
23.36,791.12997,15.049953,-3474.9202,34.722636,2.1208127,-6.1416949,-4.8918289e-05,0.272606,0.0014660795,0.0001385308,-0.3048122,-0.00034275121,-0.26179939,-1.375944e-06,0.010736264,1,-0.7854,-1.3768676e-06,0.010743074,1,0,0,0.068841295,0.0025474768,0.092903283,30.350784,3474.9202,59.5,0,1.0821041,0,0,nan,nan,398.70943,-23.403809,-0.83778763,-26.781627,-0.0001552834,-23.557619,0.002506287,0,0,0,0,0,0
23.4,792.5185,15.134774,-3475.1587,34.702778,2.1202211,-5.7629882,-4.7045001e-05,0.26036056,0.0014525159,0.00013349078,-0.30758719,-0.0003407604,-0.26179939,-1.3771132e-06,0.010744374,1,-0.7854,-1.3778377e-06,0.010749025,1,0,0,0.068720787,0.0025502159,0.092616251,30.256925,3475.1587,59.5,0,1.0821041,0,0,nan,nan,396.2374,-23.281176,-0.83319985,-26.45716,-0.00015422564,-22.98776,0.0030702294,0,0,0,0,0,0
23.44,793.90624,15.219572,-3475.382,34.683218,2.1196333,-5.3843216,-4.5184116e-05,0.24800549,0.0014390609,0.00012848486,-0.31028769,-0.0003387465,-0.26179939,-1.3780018e-06,0.010749395,1,-0.7854,-1.3785311e-06,0.010751881,1,0,0,0.068564762,0.0025525484,0.09234382,30.167842,3475.382,59.5,0,1.0821041,0,0,nan,nan,393.89846,-23.166771,-0.8286224,-26.093351,-0.00015318958,-22.301741,0.0036851469,0,0,0,0,0,0
23.48,795.2932,15.304346,-3475.5902,34.663957,2.1190493,-5.0056652,-4.3335373e-05,0.23554404,0.0014257128,0.00012351234,-0.31290013,-0.00033670451,-0.26179939,-1.3786093e-06,0.010751327,1,-0.7854,-1.3789392e-06,0.010751657,1,0,0,0.068374079,0.0025544685,0.0920861,30.08357,3475.5902,59.5,0,1.0821041,0,0,nan,nan,391.6924,-23.060548,-0.82406148,-25.69206,-0.00015217568,-21.50444,0.0043511857,0,0,0,0,0,0
23.52,796.6794,15.389097,-3475.7833,34.644993,2.1184692,-4.6269907,-4.1498539e-05,0.22297996,0.0014124702,0.0001185725,-0.31541157,-0.00033462948,-0.26179939,-1.3789238e-06,0.010750191,1,-0.7854,-1.3790421e-06,0.010748381,1,0,0,0.068149974,0.0025559702,0.091843194,30.004145,3475.7833,59.5,0,1.0821041,0,0,nan,nan,389.61904,-22.962451,-0.8195242,-25.255537,-0.00015118318,-20.601738,0.0050677173,0,0,0,0,0,0
23.56,798.06484,15.473825,-3475.9611,34.626324,2.1178927,-4.2482711,-3.9673417e-05,0.21031753,0.0013993317,0.00011366467,-0.31780983,-0.00033251656,-0.26179939,-1.3789222e-06,0.010746018,1,-0.7854,-1.3788093e-06,0.010742097,1,0,0,0.067894018,0.002557048,0.091615202,29.929597,3475.9611,59.5,0,1.0821041,0,0,nan,nan,387.6782,-22.872409,-0.81501844,-24.786367,-0.00015021009,-19.600376,0.0058333867,0,0,0,0,0,0
23.6,799.44954,15.55853,-3476.1239,34.607946,2.11732,-3.8694811,-3.7859865e-05,0.1975615,0.0013862961,0.00010878826,-0.32008358,-0.00033036108,-0.26179939,-1.3785712e-06,0.010738857,1,-0.7854,-1.3782007e-06,0.010732863,1,0,0,0.067608088,0.0025576963,0.091402218,29.859958,3476.1239,59.5,0,1.0821041,0,0,nan,nan,385.8697,-22.790344,-0.81055267,-24.287416,-0.00014925335,-18.507813,0.0066461667,0,0,0,0,0,0
23.64,800.83352,15.643212,-3476.2715,34.589853,2.1167509,-3.4905974,-3.6057801e-05,0.18471706,0.0013733623,0.00010394281,-0.3222224,-0.00032815865,-0.26179939,-1.3778282e-06,0.010728767,1,-0.7854,-1.3771671e-06,0.010720746,1,0,0,0.067294326,0.00255791,0.091204329,29.795257,3476.2715,59.5,0,1.0821041,0,0,nan,nan,384.19338,-22.71617,-0.80613583,-23.761779,-0.00014830892,-17.332092,0.0075034172,0,0,0,0,0,0
23.68,802.21677,15.727871,-3476.4039,34.57204,2.1161855,-3.1115989,-3.4267212e-05,0.17178977,0.0013605297,9.9127975e-05,-0.32421686,-0.00032590518,-0.26179939,-1.376642e-06,0.01071582,1,-0.7854,-1.375652e-06,0.010705824,1,0,0,0.066955101,0.0025576839,0.091021617,29.735519,3476.4039,59.5,0,1.0821041,0,0,nan,nan,382.64908,-22.649794,-0.80177716,-23.212727,-0.00014737188,-16.081706,0.0084019475,0,0,0,0,0,0
23.72,803.59932,15.812508,-3476.5211,34.554498,2.1156236,-2.7324667,-3.2488166e-05,0.15878559,0.0013477975,9.4343614e-05,-0.32605857,-0.00032359691,-0.26179939,-1.3749544e-06,0.010700096,1,-0.7854,-1.3735929e-06,0.010688184,1,0,0,0.06659297,0.0025570133,0.090854158,29.68077,3476.5211,59.5,0,1.0821041,0,0,nan,nan,381.23665,-22.591117,-0.79748606,-22.643659,-0.00014643657,-14.765473,0.0093380813,0,0,0,0,0,0
23.76,804.98117,15.897122,-3476.6232,34.537219,2.1150651,-2.3531843,-3.072081e-05,0.14571075,0.0013351654,8.9589762e-05,-0.32774019,-0.00032123051,-0.26179939,-1.3727017e-06,0.010681683,1,-0.7854,-1.3709223e-06,0.010667919,1,0,0,0.066210638,0.0025558934,0.090702019,29.631031,3476.6232,59.5,0,1.0821041,0,0,nan,nan,379.95595,-22.540039,-0.79327195,-22.058058,-0.00014549675,-13.392418,0.010307723,0,0,0,0,0,0
23.8,806.36233,15.981714,-3476.7102,34.520192,2.1145101,-1.9737375,-2.896538e-05,0.13257179,0.0013226329,8.4866668e-05,-0.32925547,-0.00031880308,-0.26179939,-1.3698158e-06,0.010660675,1,-0.7854,-1.36757e-06,0.010645129,1,0,0,0.065810919,0.0025543201,0.090565261,29.586323,3476.7102,59.5,0,1.0821041,0,0,nan,nan,378.80681,-22.496455,-0.78914417,-21.459442,-0.00014454571,-11.971658,0.011306422,0,0,0,0,0,0
23.84,807.74282,16.066284,-3476.7819,34.503409,2.1139584,-1.5941148,-2.7222197e-05,0.11937546,0.0013102,8.0174805e-05,-0.33059924,-0.00031631218,-0.26179939,-1.3662262e-06,0.010637173,1,-0.7854,-1.363464e-06,0.010619915,1,0,0,0.065396697,0.0025522891,0.09044394,29.546663,3476.7819,59.5,0,1.0821041,0,0,nan,nan,377.78911,-22.46026,-0.78511184,-20.851331,-0.00014357646,-10.512303,0.012329444,0,0,0,0,0,0
23.88,809.12264,16.150832,-3476.8384,34.486856,2.1134099,-1.2143071,-2.5491674e-05,0.10612871,0.0012978666,7.5514876e-05,-0.33176742,-0.00031375584,-0.26179939,-1.3618612e-06,0.01061128,1,-0.7854,-1.3585324e-06,0.010592383,1,0,0,0.064970894,0.0025497968,0.0903381,29.512067,3476.8384,59.5,0,1.0821041,0,0,nan,nan,376.90269,-22.43135,-0.78118377,-20.237205,-0.00014258179,-9.0233607,0.013371829,0,0,0,0,0,0
23.92,810.50181,16.235358,-3476.8798,34.470523,2.1128645,-0.83430795,-2.3774307e-05,0.09283861,0.0012856327,7.0887822e-05,-0.33275698,-0.00031113262,-0.26179939,-1.3566497e-06,0.010583102,1,-0.7854,-1.3527052e-06,0.010562639,1,0,0,0.064536431,0.0025468398,0.090247781,29.482546,3476.8798,59.5,0,1.0821041,0,0,nan,nan,376.14742,-22.409619,-0.77736835,-19.620475,-0.0001415545,-7.5136513,0.014428462,0,0,0,0,0,0
23.96,811.88032,16.319862,-3476.9059,34.454396,2.1123221,-0.45411315,-2.2070678e-05,0.079512357,0.0012734986,6.6294815e-05,-0.33356594,-0.00030844154,-0.26179939,-1.3505228e-06,0.010552743,1,-0.7854,-1.3459151e-06,0.01053079,1,0,0,0.064096197,0.0025434152,0.090173013,29.458111,3476.9059,59.5,0,1.0821041,0,0,nan,nan,375.52316,-22.394966,-0.77367349,-19.004449,-0.00014048744,-5.991731,0.015494126,0,0,0,0,0,0
24,813.25819,16.404345,-3476.9169,34.438465,2.1117827,-0.073721048,-2.0381449e-05,0.066157196,0.0012614646,6.1737258e-05,-0.33419331,-0.00030568218,-0.26179939,-1.3434148e-06,0.010520311,1,-0.7854,-1.3380996e-06,0.010496941,1,0,0,0.06365302,0.0025395202,0.090113819,29.438769,3476.9169,59.5,0,1.0821041,0,0,nan,nan,375.02977,-22.387292,-0.77010653,-18.392312,-0.00013937371,-4.4658256,0.016563568,0,0,0,0,0,0
24.04,814.63543,16.488806,-3476.9126,34.422715,2.1112461,0.30686769,-1.8707355e-05,0.052780391,0.0012495311,5.7216773e-05,-0.33463907,-0.00030285459,-0.26179939,-1.3352652e-06,0.010485909,1,-0.7854,-1.329202e-06,0.010461195,1,0,0,0.063209637,0.0025351529,0.090070213,29.424525,3476.9126,59.5,0,1.0821041,0,0,nan,nan,374.66711,-22.386499,-0.76667419,-17.787096,-0.00013820673,-2.9437714,0.017631549,0,0,0,0,0,0
24.08,816.01204,16.573245,-3476.8931,34.407134,2.1107121,0.68765016,-1.7049198e-05,0.039389195,0.0012376984,5.2735191e-05,-0.33490409,-0.00029995931,-0.26179939,-1.3260195e-06,0.010449639,1,-0.7854,-1.3191725e-06,0.010423651,1,0,0,0.062768673,0.0025303114,0.090042201,29.415381,3476.8931,59.5,0,1.0821041,0,0,nan,nan,374.43504,-22.392496,-0.76338253,-17.191667,-0.00013698033,-1.4329659,0.018692898,0,0,0,0,0,0
24.12,817.38804,16.657664,-3476.8583,34.39171,2.1101807,1.0686213,-1.5407843e-05,0.025990806,0.0012259671,4.8294536e-05,-0.33499011,-0.0002969974,-0.26179939,-1.3156307e-06,0.0104116,1,-0.7854,-1.3079694e-06,0.010384405,1,0,0,0.062332614,0.0025249948,0.09002978,29.411336,3476.8583,59.5,0,1.0821041,0,0,nan,nan,374.33342,-22.405193,-0.76023687,-16.608702,-0.0001356889,0.059674742,0.019742564,0,0,0,0,0,0
24.16,818.76341,16.742061,-3476.8084,34.376429,2.1096518,1.4497742,-1.3784204e-05,0.012592338,0.0012143378,4.3897004e-05,-0.33489967,-0.00029397036,-0.26179939,-1.3040596e-06,0.010371886,1,-0.7854,-1.2955599e-06,0.010343549,1,0,0,0.061903793,0.0025192024,0.09003294,29.412386,3476.8084,59.5,0,1.0821041,0,0,nan,nan,374.3621,-22.424508,-0.7572418,-16.040684,-0.0001343274,1.527749,0.020775652,0,0,0,0,0,0
24.2,820.13818,16.826437,-3476.7431,34.361281,2.1091252,1.8310999,-1.217924e-05,-0.00079920859,0.0012028111,3.9544947e-05,-0.33463602,-0.00029088012,-0.26179939,-1.2912766e-06,0.010330586,1,-0.7854,-1.2819205e-06,0.010301168,1,0,0,0.06148437,0.0025129341,0.09005166,29.418525,3476.7431,59.5,0,1.0821041,0,0,nan,nan,374.52093,-22.450361,-0.75440117,-15.489883,-0.00013289147,2.9653973,0.021787474,0,0,0,0,0,0
24.24,821.51235,16.910792,-3476.6626,34.346252,2.1086008,2.2125879,-1.0593943e-05,-0.014176979,0.0011913874,3.5240846e-05,-0.3342031,-0.00028772904,-0.26179939,-1.2772613e-06,0.010287785,1,-0.7854,-1.2670382e-06,0.010257342,1,0,0,0.061076321,0.0025061906,0.090085913,29.429744,3476.6626,59.5,0,1.0821041,0,0,nan,nan,374.80978,-22.482626,-0.75171584,-14.958832,-0.00013137751,4.3662668,0.022772714,0,0,0,0,0,0
24.28,822.88591,16.995126,-3476.5669,34.331333,2.1080785,2.5942201,-9.0293276e-06,-0.027534316,0.0011800675,3.098728e-05,-0.33360775,-0.00028452153,-0.26179939,-1.2620033e-06,0.010243545,1,-0.7854,-1.2509086e-06,0.010212105,1,0,0,0.060681194,0.0024989738,0.090135662,29.446031,3476.5669,59.5,0,1.0821041,0,0,nan,nan,375.22848,-22.519363,-0.74911466,-14.465787,-0.00012978306,5.6894954,0.023706347,0,0,0,0,0,0
24.32,824.25889,17.079439,-3476.4559,34.316514,2.1075582,2.9759777,-7.4864195e-06,-0.040864871,0.0011688519,2.6786918e-05,-0.33285709,-0.00028126023,-0.26179939,-1.2455025e-06,0.010197915,1,-0.7854,-1.233541e-06,0.010165532,1,0,0,0.060300236,0.0024912865,0.090200864,29.467371,3476.4559,59.5,0,1.0821041,0,0,nan,nan,375.7769,-22.562522,-0.74668293,-13.994123,-0.00012810538,6.9713744,0.024630248,0,0,0,0,0,0
24.36,825.63127,17.163732,-3476.3296,34.301784,2.1070397,3.3578471,-5.9662469e-06,-0.054162528,0.0011577411,2.2642486e-05,-0.33195623,-0.00027794705,-0.26179939,-1.2277722e-06,0.010150987,1,-0.7854,-1.2149568e-06,0.010117721,1,0,0,0.059934686,0.0024831309,0.090281463,29.493748,3476.3296,59.5,0,1.0821041,0,0,nan,nan,376.45486,-22.612055,-0.74441365,-13.544998,-0.00012634345,8.2089038,0.025515633,0,0,0,0,0,0
24.4,827.00306,17.248004,-3476.188,34.287135,2.1065231,3.7398135,-4.4698303e-06,-0.067421382,0.0011467356,1.8556734e-05,-0.33091058,-0.00027458651,-0.26179939,-1.2088363e-06,0.010102824,1,-0.7854,-1.1951871e-06,0.010068709,1,0,0,0.059585591,0.0024745103,0.090377398,29.525139,3476.188,59.5,0,1.0821041,0,0,nan,nan,377.2622,-22.667917,-0.74230468,-13.119379,-0.00012449712,9.3995778,0.026352964,0,0,0,0,0,0
24.44,828.37427,17.332255,-3476.0311,34.272559,2.106008,4.1218616,-2.9981712e-06,-0.080635747,0.0011358361,1.4532402e-05,-0.32972586,-0.00027118301,-0.26179939,-1.1887289e-06,0.01005347,1,-0.7854,-1.1742731e-06,0.010018534,1,0,0,0.059253816,0.0024654284,0.090488598,29.561524,3476.0311,59.5,0,1.0821041,0,0,nan,nan,378.19876,-22.730067,-0.74035753,-12.718049,-0.00012256703,10.541372,0.027147586,0,0,0,0,0,0
24.48,829.74489,17.416485,-3475.859,34.258046,2.1054944,4.5039754,-1.5522444e-06,-0.093800174,0.0011250429,1.0572197e-05,-0.32840797,-0.0002677405,-0.26179939,-1.1674936e-06,0.010002967,1,-0.7854,-1.1522646e-06,0.0099672437,1,0,0,0.058940044,0.0024558899,0.090614984,29.602875,3475.859,59.5,0,1.0821041,0,0,nan,nan,379.26435,-22.798471,-0.73857106,-12.341611,-0.00012055458,11.632727,0.02789841,0,0,0,0,0,0
24.52,831.11494,17.500695,-3475.6716,34.24359,2.1049822,4.8861384,-1.3299074e-07,-0.10690945,0.0011143564,6.6787715e-06,-0.32696299,-0.00026426325,-0.26179939,-1.1451823e-06,0.0099513609,1,-0.7854,-1.1292191e-06,0.0099148777,1,0,0,0.058644782,0.0024459,0.090756469,29.649164,3475.6716,59.5,0,1.0821041,0,0,nan,nan,380.4588,-22.873094,-0.73694257,-11.990495,-0.00011846187,12.672532,0.028601392,0,0,0,0,0,0
24.56,832.48441,17.584885,-3475.4689,34.229185,2.1044713,5.2683336,1.2586914e-06,-0.11995861,0.001103777,2.8546972e-06,-0.3253971,-0.00026075576,-0.26179939,-1.1218548e-06,0.0098986874,1,-0.7854,-1.1052019e-06,0.0098614681,1,0,0,0.058368367,0.0024354644,0.090912961,29.700362,3475.4689,59.5,0,1.0821041,0,0,nan,nan,381.78193,-22.953905,-0.73546946,-11.664966,-0.00011629164,13.660102,0.029255037,0,0,0,0,0,0
24.6,833.8533,17.669054,-3475.2509,34.214824,2.1039615,5.650544,2.6219528e-06,-0.13294293,0.001093305,-8.9755169e-07,-0.32371656,-0.00025722257,-0.26179939,-1.0975784e-06,0.0098449784,1,-0.7854,-1.080285e-06,0.0098070441,1,0,0,0.058110976,0.0024245899,0.091084356,29.756434,3475.2509,59.5,0,1.0821041,0,0,nan,nan,383.23354,-23.04088,-0.7341488,-11.365133,-0.00011404726,14.595156,0.029858852,0,0,0,0,0,0
24.64,835.22162,17.753203,-3475.0176,34.200502,2.1034528,6.0327524,3.9560001e-06,-0.14585795,0.0010829404,-4.5756206e-06,-0.3219276,-0.00025366822,-0.26179939,-1.0724266e-06,0.0097902625,1,-0.7854,-1.0545461e-06,0.0097516323,1,0,0,0.057872634,0.0024132835,0.091270545,29.817346,3475.0176,59.5,0,1.0821041,0,0,nan,nan,384.81345,-23.133992,-0.73297698,-11.090961,-0.00011173269,15.47779,0.030411993,0,0,0,0,0,0
24.68,836.58937,17.837331,-3474.769,34.186215,2.102945,6.4149415,5.2601005e-06,-0.15869946,0.0010726835,-8.177292e-06,-0.32003645,-0.00025009728,-0.26179939,-1.0464786e-06,0.0097345651,1,-0.7854,-1.0280681e-06,0.0096952555,1,0,0,0.057653227,0.0024015532,0.091471414,29.883059,3474.769,59.5,0,1.0821041,0,0,nan,nan,386.52145,-23.233219,-0.73194996,-10.842277,-0.00010935242,16.308452,0.030913824,0,0,0,0,0,0
24.72,837.95655,17.92144,-3474.5052,34.171959,2.1024381,6.7970941,6.5335874e-06,-0.17146347,0.0010625344,-1.1700501e-05,-0.31804927,-0.00024651433,-0.26179939,-1.019818e-06,0.0096779084,1,-0.7854,-1.0009375e-06,0.0096379341,1,0,0,0.057452509,0.0023894073,0.091686839,29.953533,3474.5052,59.5,0,1.0821041,0,0,nan,nan,388.35736,-23.338543,-0.73106335,-10.618783,-0.00010691138,17.087912,0.031364217,0,0,0,0,0,0
24.76,839.32316,18.005527,-3474.226,34.15773,2.1019318,7.1791934,7.7758639e-06,-0.18414626,0.0010524929,-1.5143352e-05,-0.31597209,-0.00024292387,-0.26179939,-9.9253241e-07,0.009620312,1,-0.7854,-9.7324397e-07,0.009579686,1,0,0,0.05727012,0.002376855,0.091916691,30.028727,3474.226,59.5,0,1.0821041,0,0,nan,nan,390.32097,-23.449945,-0.73031242,-10.420071,-0.00010441493,17.817232,0.031763356,0,0,0,0,0,0
24.8,840.6892,18.089595,-3473.9316,34.143527,2.1014262,7.5612226,8.986406e-06,-0.19674435,0.0010425589,-1.8504126e-05,-0.31381081,-0.00023933035,-0.26179939,-9.6471172e-07,0.0095617937,1,-0.7854,-9.450791e-07,0.0095205278,1,0,0,0.057105595,0.0023639058,0.092160834,30.108596,3473.9316,59.5,0,1.0821041,0,0,nan,nan,392.41206,-23.567409,-0.72969217,-10.245627,-0.00010186873,18.497738,0.032111645,0,0,0,0,0,0
24.84,842.05467,18.173643,-3473.6219,34.129346,2.1009212,7.9431655,1.0164765e-05,-0.20925448,0.0010327323,-2.1781296e-05,-0.31157116,-0.00023573812,-0.26179939,-9.3644769e-07,0.0095023695,1,-0.7854,-9.1653541e-07,0.0094604747,1,0,0,0.056958377,0.0023505699,0.092419127,30.193093,3473.6219,59.5,0,1.0821041,0,0,nan,nan,394.63042,-23.690918,-0.72919734,-10.094851,-9.9278752e-05,19.130984,0.032409761,0,0,0,0,0,0
24.88,843.41957,18.25767,-3473.2969,34.115187,2.1004166,8.325006,1.131057e-05,-0.22167362,0.0010230128,-2.497353e-05,-0.30925868,-0.00023215141,-0.26179939,-9.0783272e-07,0.0094420545,1,-0.7854,-8.8770553e-07,0.009399541,1,0,0,0.056827832,0.0023368579,0.092691423,30.282172,3473.2969,59.5,0,1.0821041,0,0,nan,nan,396.97583,-23.82046,-0.72882249,-9.9670651,-9.6651138e-05,19.718723,0.032658642,0,0,0,0,0,0
24.92,844.78391,18.341677,-3472.9567,34.101049,2.0999124,8.7067287,1.2423527e-05,-0.23399896,0.0010134,-2.80797e-05,-0.30687867,-0.00022857431,-0.26179939,-8.7895903e-07,0.0093808631,1,-0.7854,-8.5868121e-07,0.0093377407,1,0,0,0.056713263,0.0023227808,0.09297757,30.375782,3472.9567,59.5,0,1.0821041,0,0,nan,nan,399.44808,-23.956019,-0.72856204,-9.8615259,-9.3992187e-05,20.262873,0.032859447,0,0,0,0,0,0
24.96,846.14769,18.425664,-3472.6011,34.08693,2.0994085,9.0883188,1.350342e-05,-0.2462279,0.0010038934,-3.1098884e-05,-0.30443622,-0.00022501075,-0.26179939,-8.4991775e-07,0.0093188093,1,-0.7854,-8.2955255e-07,0.0092750881,1,0,0,0.056613922,0.0023083503,0.09327741,30.473872,3472.6011,59.5,0,1.0821041,0,0,nan,nan,402.04693,-24.097582,-0.7284103,-9.7774398,-9.1308267e-05,20.765486,0.033013538,0,0,0,0,0,0
25,847.5109,18.509631,-3472.2304,34.07283,2.0989049,9.4697618,1.455011e-05,-0.25835803,0.0009944926,-3.4030367e-05,-0.30193616,-0.00022146449,-0.26179939,-8.2079812e-07,0.0092559076,1,-0.7854,-8.0040721e-07,0.0092115975,1,0,0,0.056529023,0.0022935781,0.093590782,30.57639,3472.2304,59.5,0,1.0821041,0,0,nan,nan,404.77216,-24.245136,-0.72836153,-9.7139736,-8.8605759e-05,21.228711,0.033122459,0,0,0,0,0,0
25.04,848.87354,18.593577,-3471.8443,34.05875,2.0984014,9.8510439,1.5563535e-05,-0.27038714,0.00098519693,-3.6873643e-05,-0.29938303,-0.00021793909,-0.26179939,-7.9168672e-07,0.0091921726,1,-0.7854,-7.7132968e-07,0.0091472845,1,0,0,0.056457753,0.0022784766,0.093917518,30.683281,3471.8443,59.5,0,1.0821041,0,0,nan,nan,407.62353,-24.398665,-0.72840999,-9.6702677,-8.5890998e-05,21.654768,0.033187912,0,0,0,0,0,0
25.08,850.23562,18.677504,-3471.443,34.04469,2.097898,10.232152,1.6543704e-05,-0.28231318,0.00097600571,-3.9628409e-05,-0.29678116,-0.00021443792,-0.26179939,-7.6266681e-07,0.0091276203,1,-0.7854,-7.4240069e-07,0.0090821654,1,0,0,0.05639929,0.0022630581,0.09425745,30.794489,3471.443,59.5,0,1.0821041,0,0,nan,nan,410.6008,-24.558155,-0.72854995,-9.6454484,-8.3170219e-05,22.045908,0.033211735,0,0,0,0,0,0
25.12,851.59715,18.76141,-3471.0265,34.030651,2.0973946,10.613073,1.7490701e-05,-0.29413428,0.0009669182,-4.2294564e-05,-0.29413457,-0.00021096414,-0.26179939,-7.3381773e-07,0.0090622675,1,-0.7854,-7.1369662e-07,0.0090162582,1,0,0,0.056352808,0.0022473356,0.094610402,30.909958,3471.0265,59.5,0,1.0821041,0,0,nan,nan,413.70373,-24.723589,-0.72877575,-9.6386398,-8.04495e-05,22.404389,0.033195878,0,0,0,0,0,0
25.16,852.9581,18.845296,-3470.5948,34.016633,2.0968912,10.993796,1.8404677e-05,-0.30584873,0.00095793359,-4.4872202e-05,-0.29144702,-0.00020752068,-0.26179939,-7.0521435e-07,0.0089961325,1,-0.7854,-6.852891e-07,0.0089495822,1,0,0,0.056317492,0.0022313221,0.094976198,31.02963,3470.5948,59.5,0,1.0821041,0,0,nan,nan,416.93208,-24.89495,-0.72908183,-9.6489758,-7.7734721e-05,22.732441,0.033142375,0,0,0,0,0,0
25.2,854.3185,18.929162,-3470.1478,34.002639,2.0963877,11.374308,1.9285846e-05,-0.31745495,0.000949051,-4.7361603e-05,-0.28872201,-0.00020411025,-0.26179939,-6.769267e-07,0.0089292355,1,-0.7854,-6.5724463e-07,0.0088821588,1,0,0,0.056292544,0.0022150306,0.095354657,31.153446,3470.1478,59.5,0,1.0821041,0,0,nan,nan,420.2856,-25.072219,-0.72946275,-9.675611,-7.503152e-05,23.032239,0.033053326,0,0,0,0,0,0
25.24,855.67834,19.013008,-3469.6856,33.988668,2.0958841,11.754599,2.0134487e-05,-0.32895152,0.00094026949,-4.9763229e-05,-0.2859628,-0.00020073534,-0.26179939,-6.4901957e-07,0.0088615982,1,-0.7854,-6.2962424e-07,0.008814011,1,0,0,0.056277198,0.0021984745,0.095745596,31.281347,3469.6856,59.5,0,1.0821041,0,0,nan,nan,423.76404,-25.255373,-0.72991323,-9.7177316,-7.2345252e-05,23.305875,0.032930871,0,0,0,0,0,0
25.28,857.03763,19.096834,-3469.2082,33.974724,2.0953803,12.134659,2.0950931e-05,-0.34033711,0.00093158808,-5.2077709e-05,-0.28317237,-0.00019739822,-0.26179939,-6.2155229e-07,0.0087932445,1,-0.7854,-6.0248338e-07,0.0087451641,1,0,0,0.05627072,0.0021816671,0.096148829,31.413272,3469.2082,59.5,0,1.0821041,0,0,nan,nan,427.36714,-25.444391,-0.73042819,-9.7745647,-6.9680964e-05,23.555334,0.032777167,0,0,0,0,0,0
25.32,858.39635,19.18064,-3468.7156,33.960807,2.0948763,12.514478,2.1735565e-05,-0.35161054,0.00092300572,-5.4305833e-05,-0.28035352,-0.00019410093,-0.26179939,-5.9457857e-07,0.0087242001,1,-0.7854,-5.7587177e-07,0.0086756452,1,0,0,0.056272423,0.002164622,0.096564169,31.54916,3468.7156,59.5,0,1.0821041,0,0,nan,nan,431.09464,-25.639245,-0.7310027,-9.8453879,-6.7043366e-05,23.782469,0.032594371,0,0,0,0,0,0
25.36,859.75452,19.264425,-3468.2078,33.946919,2.0943721,12.894047,2.2488823e-05,-0.36277071,0.00091452133,-5.6448539e-05,-0.27750879,-0.00019084529,-0.26179939,-5.6814639e-07,0.0086544927,1,-0.7854,-5.4983337e-07,0.0086054835,1,0,0,0.056281666,0.0021473526,0.096991426,31.688949,3468.2078,59.5,0,1.0821041,0,0,nan,nan,434.94629,-25.839907,-0.7316321,-9.9295368,-6.443681e-05,23.988981,0.032384616,0,0,0,0,0,0
25.4,861.11213,19.348191,-3467.6848,33.933063,2.0938675,13.273356,2.3211184e-05,-0.37381664,0.00090613381,-5.85069e-05,-0.27464055,-0.00018763289,-0.26179939,-5.4229798e-07,0.0085841523,1,-0.7854,-5.2440644e-07,0.0085347102,1,0,0,0.056297862,0.0021298722,0.097430409,31.832576,3467.6848,59.5,0,1.0821041,0,0,nan,nan,438.92183,-26.046347,-0.73231191,-10.026412,-6.1865282e-05,24.1764,0.032149995,0,0,0,0,0,0
25.44,862.46919,19.431936,-3467.1467,33.91924,2.0933627,13.652398,2.3903162e-05,-0.38474743,0.00089784198,-6.0482114e-05,-0.27175101,-0.00018446516,-0.26179939,-5.1706996e-07,0.0085132105,1,-0.7854,-4.9962365e-07,0.0084633584,1,0,0,0.056320481,0.0021121942,0.097880926,31.97998,3467.1467,59.5,0,1.0821041,0,0,nan,nan,443.02098,-26.25853,-0.73303792,-10.135487,-5.9332387e-05,24.346074,0.031892542,0,0,0,0,0,0
25.48,863.8257,19.515661,-3466.5934,33.905453,2.0928575,14.031164,2.4565309e-05,-0.39556226,0.00088964467,-6.2375489e-05,-0.26884221,-0.00018134329,-0.26179939,-4.9249341e-07,0.0084417009,1,-0.7854,-4.7551229e-07,0.0083914628,1,0,0,0.056349049,0.0020943319,0.098342783,32.131097,3466.5934,59.5,0,1.0821041,0,0,nan,nan,447.24347,-26.476419,-0.73380614,-10.256308,-5.6841355e-05,24.49915,0.03161422,0,0,0,0,0,0
25.52,865.18166,19.599365,-3466.0249,33.891704,2.0923519,14.409646,2.5198204e-05,-0.40626041,0.00088154068,-6.4188433e-05,-0.26591607,-0.0001782683,-0.26179939,-4.6859407e-07,0.0083696587,1,-0.7854,-4.5209445e-07,0.0083190599,1,0,0,0.056383152,0.0020762983,0.098815787,32.285863,3466.0249,59.5,0,1.0821041,0,0,nan,nan,451.58905,-26.699974,-0.73461281,-10.388501,-5.4395037e-05,24.636573,0.031316906,0,0,0,0,0,0
25.56,866.53706,19.68305,-3465.4414,33.877995,2.0918459,14.787837,2.5802454e-05,-0.4168412,0.00087352878,-6.5922443e-05,-0.26297441,-0.00017524103,-0.26179939,-4.4539263e-07,0.0082971206,1,-0.7854,-4.2938738e-07,0.0082461873,1,0,0,0.056422436,0.0020581065,0.099299742,32.444216,3465.4414,59.5,0,1.0821041,0,0,nan,nan,456.05743,-26.929151,-0.7354544,-10.531774,-5.1995921e-05,24.759079,0.031002381,0,0,0,0,0,0
25.6,867.89192,19.766714,-3464.8427,33.86433,2.0913395,15.16573,2.6378685e-05,-0.42730407,0.00086560773,-6.7579089e-05,-0.26001897,-0.00017226218,-0.26179939,-4.2290502e-07,0.0082241248,1,-0.7854,-4.0740376e-07,0.0081728838,1,0,0,0.056466602,0.0020397692,0.099794454,32.606092,3464.8427,59.5,0,1.0821041,0,0,nan,nan,460.64834,-27.163905,-0.73632763,-10.685913,-4.9646139e-05,24.867194,0.03067232,0,0,0,0,0,0
25.64,869.24624,19.850358,-3464.2289,33.85071,2.0908327,15.543318,2.6927542e-05,-0.43764848,0.00085777627,-6.9160006e-05,-0.25705146,-0.00016933228,-0.26179939,-4.011427e-07,0.0081507102,1,-0.7854,-3.8615205e-07,0.0080991894,1,0,0,0.056515405,0.002021299,0.10029973,32.771427,3464.2289,59.5,0,1.0821041,0,0,nan,nan,465.3615,-27.404186,-0.7372294,-10.850786,-4.7347491e-05,24.961238,0.030328287,0,0,0,0,0,0
25.68,870.60001,19.933982,-3463.6,33.837139,2.0903254,15.920593,2.7449685e-05,-0.44787399,0.00085003316,-7.0666883e-05,-0.25407353,-0.00016645173,-0.26179939,-3.8011307e-07,0.0080769168,1,-0.7854,-3.6563695e-07,0.0080251442,1,0,0,0.056568651,0.0020027081,0.10081537,32.940158,3463.6,59.5,0,1.0821041,0,0,nan,nan,470.19663,-27.649942,-0.7381568,-11.026335,-4.5101464e-05,25.041335,0.02997173,0,0,0,0,0,0
25.72,871.95324,20.017585,-3462.956,33.82362,2.0898176,16.297549,2.7945783e-05,-0.45798021,0.00084237712,-7.2101453e-05,-0.25108685,-0.00016362082,-0.26179939,-3.5981983e-07,0.008002785,1,-0.7854,-3.4585967e-07,0.0079507891,1,0,0,0.056626191,0.0019840086,0.10134118,33.112222,3462.956,59.5,0,1.0821041,0,0,nan,nan,475.15344,-27.901119,-0.73910712,-11.212574,-4.2909257e-05,25.107421,0.02960398,0,0,0,0,0,0
25.76,873.30593,20.101168,-3462.2969,33.810156,2.0893093,16.674179,2.8416515e-05,-0.46796683,0.00083480688,-7.3465484e-05,-0.2480931,-0.00016083973,-0.26179939,-3.4026337e-07,0.0079283556,1,-0.7854,-3.2681844e-07,0.0078761648,1,0,0,0.056687915,0.0019652124,0.10187697,33.287554,3462.2969,59.5,0,1.0821041,0,0,nan,nan,480.23166,-28.157658,-0.74007779,-11.409584,-4.077181e-05,25.159262,0.029226248,0,0,0,0,0,0
25.8,874.65808,20.184731,-3461.6228,33.79675,2.0888006,17.050475,2.8862565e-05,-0.47783358,0.00082732118,-7.476077e-05,-0.24509401,-0.00015810854,-0.26179939,-3.2144119e-07,0.0078536691,1,-0.7854,-3.0850884e-07,0.0078013118,1,0,0,0.056753748,0.0019463308,0.10242255,33.466093,3461.6228,59.5,0,1.0821041,0,0,nan,nan,485.43098,-28.419501,-0.74106636,-11.617503,-3.8689834e-05,25.196476,0.028839633,0,0,0,0,0,0
25.84,876.00969,20.268273,-3460.9336,33.783406,2.0882913,17.426431,2.9284622e-05,-0.4875803,0.00081991874,-7.5989126e-05,-0.24209133,-0.00015542727,-0.26179939,-3.0334823e-07,0.0077787659,1,-0.7854,-2.9092419e-07,0.0077262704,1,0,0,0.056823641,0.0019273752,0.10297772,33.647775,3460.9336,59.5,0,1.0821041,0,0,nan,nan,490.75113,-28.686587,-0.74207051,-11.836519,-3.6663839e-05,25.21855,0.028445121,0,0,0,0,0,0
25.88,877.36078,20.351795,-3460.2294,33.770129,2.0877815,17.80204,2.9683375e-05,-0.49720687,0.0008125983,-7.7152381e-05,-0.2390869,-0.00015279586,-0.26179939,-2.8597733e-07,0.007703686,1,-0.7854,-2.7405594e-07,0.0076510797,1,0,0,0.056897565,0.0019083563,0.10354229,33.832539,3460.2294,59.5,0,1.0821041,0,0,nan,nan,496.1918,-28.958851,-0.74308796,-12.066857,-3.4694169e-05,25.224875,0.028043595,0,0,0,0,0,0
25.92,878.71133,20.435297,-3459.5102,33.756922,2.0872712,18.177296,3.0059517e-05,-0.50671326,0.00080535859,-7.8252372e-05,-0.23608265,-0.00015021421,-0.26179939,-2.6931953e-07,0.0076284681,1,-0.7854,-2.5789399e-07,0.007575778,1,0,0,0.056975501,0.0018892848,0.10411607,34.020321,3459.5102,59.5,0,1.0821041,0,0,nan,nan,501.75269,-29.23623,-0.74411652,-12.308772,-3.2781029e-05,25.214768,0.027635841,0,0,0,0,0,0
25.96,880.06136,20.518778,-3458.776,33.743789,2.0867603,18.55219,3.0413739e-05,-0.51609952,0.00079819834,-7.9290942e-05,-0.23308056,-0.00014768216,-0.26179939,-2.5336441e-07,0.0075531503,1,-0.7854,-2.4242703e-07,0.0075004026,1,0,0,0.057057435,0.001870171,0.10469887,34.211061,3458.776,59.5,0,1.0821041,0,0,nan,nan,507.43352,-29.518658,-0.74515399,-12.562532,-3.0924514e-05,25.187509,0.02722256,0,0,0,0,0,0
26,881.41086,20.602238,-3458.0268,33.730736,2.0862489,18.926716,3.0746732e-05,-0.52536576,0.00079111629,-8.0269934e-05,-0.23008272,-0.00014519953,-0.26179939,-2.3810042e-07,0.0074777691,1,-0.7854,-2.2764278e-07,0.0074249889,1,0,0,0.057143351,0.0018510246,0.10529051,34.404697,3458.0268,59.5,0,1.0821041,0,0,nan,nan,513.23396,-29.806069,-0.74619819,-12.828407,-2.9124644e-05,25.142372,0.026804378,0,0,0,0,0,0
26.04,882.75984,20.685679,-3457.2626,33.717767,2.085737,19.300866,3.1059188e-05,-0.53451221,0.00078411118,-8.1191194e-05,-0.22709131,-0.00014276611,-0.26179939,-2.2351512e-07,0.0074023597,1,-0.7854,-2.1352828e-07,0.007349571,1,0,0,0.057233221,0.0018318554,0.10589079,34.60117,3457.2626,59.5,0,1.0821041,0,0,nan,nan,519.15373,-30.098398,-0.74724692,-13.106659,-2.7381376e-05,25.078661,0.026381857,0,0,0,0,0,0
26.08,884.10831,20.769098,-3456.4835,33.704888,2.0852245,19.674634,3.1351794e-05,-0.54353916,0.00077718175,-8.2056563e-05,-0.22410856,-0.00014038168,-0.26179939,-2.0959543e-07,0.0073269555,1,-0.7854,-2.0007005e-07,0.0072741812,1,0,0,0.057327,0.0018126726,0.10649954,34.800417,3456.4835,59.5,0,1.0821041,0,0,nan,nan,525.1925,-30.395577,-0.74829791,-13.397522,-2.5694638e-05,24.995744,0.025955511,0,0,0,0,0,0
26.12,885.45626,20.852498,-3455.6894,33.692103,2.0847115,20.048011,3.162524e-05,-0.55244699,0.00077032672,-8.2867881e-05,-0.2211368,-0.000138046,-0.26179939,-1.963278e-07,0.0072515882,1,-0.7854,-1.872543e-07,0.00719885,1,0,0,0.057424618,0.0017934852,0.10711657,35.002381,3455.6894,59.5,0,1.0821041,0,0,nan,nan,531.34998,-30.697543,-0.74934883,-13.701193,-2.406434e-05,24.89309,0.025525814,0,0,0,0,0,0
26.16,886.8037,20.935876,-3454.8804,33.679419,2.084198,20.420992,3.1880212e-05,-0.56123621,0.00076354483,-8.3626983e-05,-0.21817841,-0.00013575881,-0.26179939,-1.836984e-07,0.0071762877,1,-0.7854,-1.75067e-07,0.0071236057,1,0,0,0.057525977,0.0017743017,0.1077417,35.207003,3454.8804,59.5,0,1.0821041,0,0,nan,nan,537.62583,-31.00423,-0.75039728,-14.017817,-2.2490387e-05,24.770301,0.02509322,0,0,0,0,0,0
26.2,888.15064,21.019234,-3454.0565,33.66684,2.0836839,20.793568,3.2117396e-05,-0.56990738,0.0007568348,-8.4335703e-05,-0.21523579,-0.00013351985,-0.26179939,-1.7169318e-07,0.0071010818,1,-0.7854,-1.6349402e-07,0.0070484748,1,0,0,0.057630944,0.0017551306,0.10837475,35.414223,3454.0565,59.5,0,1.0821041,0,0,nan,nan,544.01975,-31.315576,-0.75144074,-14.347478,-2.0972691e-05,24.627141,0.024658172,0,0,0,0,0,0
26.24,889.49708,21.102572,-3453.2177,33.654374,2.0831693,21.165732,3.2337478e-05,-0.57846118,0.00075019537,-8.4995873e-05,-0.21231138,-0.00013132886,-0.26179939,-1.6029799e-07,0.0070259964,1,-0.7854,-1.5252111e-07,0.006973482,1,0,0,0.057739349,0.0017359797,0.10901555,35.623985,3453.2177,59.5,0,1.0821041,0,0,nan,nan,550.53141,-31.63152,-0.7524766,-14.690182,-1.9511175e-05,24.463569,0.024221114,0,0,0,0,0,0
26.28,890.84302,21.185889,-3452.364,33.642025,2.0826543,21.537478,3.2541144e-05,-0.58689839,0.00074362523,-8.560932e-05,-0.20940761,-0.00012918554,-0.26179939,-1.4949858e-07,0.0069510556,1,-0.7854,-1.4213399e-07,0.0068986499,1,0,0,0.057850983,0.0017168569,0.10966392,35.836231,3452.364,59.5,0,1.0821041,0,0,nan,nan,557.1605,-31.952003,-0.75350212,-15.045855,-1.8105767e-05,24.279761,0.023782504,0,0,0,0,0,0
26.32,892.18847,21.269185,-3451.4954,33.629801,2.0821387,21.908798,3.2729076e-05,-0.59521988,0.0007371231,-8.6177869e-05,-0.20652685,-0.00012708961,-0.26179939,-1.3928061e-07,0.0068762812,1,-0.7854,-1.3231824e-07,0.0068239991,1,0,0,0.057965594,0.0016977696,0.11031968,36.050905,3451.4954,59.5,0,1.0821041,0,0,nan,nan,563.90667,-32.276967,-0.75451448,-15.41433,-1.6756403e-05,24.07613,0.023342827,0,0,0,0,0,0
26.36,893.53343,21.352461,-3450.612,33.617708,2.0816226,22.279687,3.2901957e-05,-0.60342661,0.00073068768,-8.6703346e-05,-0.20367144,-0.00012504076,-0.26179939,-1.2962963e-07,0.0068016937,1,-0.7854,-1.2305932e-07,0.0067495486,1,0,0,0.058082889,0.0016787248,0.11098267,36.267951,3450.612,59.5,0,1.0821041,0,0,nan,nan,570.76962,-32.606359,-0.75551073,-15.795343,-1.5463006e-05,23.85334,0.022902596,0,0,0,0,0,0
26.4,894.87791,21.435716,-3449.7138,33.605751,2.081106,22.650136,3.3060469e-05,-0.61151965,0.00072431766,-8.7187571e-05,-0.20084361,-0.00012303863,-0.26179939,-1.2053102e-07,0.0067273115,1,-0.7854,-1.1434246e-07,0.0066753159,1,0,0,0.058202536,0.0016597294,0.11165272,36.487316,3449.7138,59.5,0,1.0821041,0,0,nan,nan,577.74899,-32.940126,-0.75648784,-16.18853,-1.4225481e-05,23.612315,0.022462368,0,0,0,0,0,0
26.44,896.22191,21.518951,-3448.8007,33.593937,2.080589,23.020141,3.3205289e-05,-0.61950012,0.0007180117,-8.7632361e-05,-0.19804547,-0.00012108286,-0.26179939,-1.1196991e-07,0.0066531515,1,-0.7854,-1.061526e-07,0.0066013168,1,0,0,0.058324167,0.00164079,0.11232965,36.708945,3448.8007,59.5,0,1.0821041,0,0,nan,nan,584.84448,-33.27822,-0.75744269,-16.593426,-1.304369e-05,23.354238,0.022022742,0,0,0,0,0,0
26.48,897.56545,21.602164,-3447.8729,33.582271,2.0800715,23.389696,3.3337094e-05,-0.62736927,0.0007117685,-8.8039528e-05,-0.19527897,-0.00011917305,-0.26179939,-1.0393111e-07,0.0065792293,1,-0.7854,-9.847426e-08,0.006527566,1,0,0,0.058447378,0.0016219129,0.11301332,36.932784,3447.8729,59.5,0,1.0821041,0,0,nan,nan,592.05572,-33.620592,-0.7583721,-17.009468,-1.1917432e-05,23.08055,0.021584362,0,0,0,0,0,0
26.52,898.90852,21.685357,-3446.9303,33.570761,2.0795536,23.758795,3.3456554e-05,-0.63512839,0.0007055867,-8.8410877e-05,-0.19254588,-0.00011730874,-0.26179939,-9.6398977e-08,0.0065055592,1,-0.7854,-9.1291494e-08,0.0064540769,1,0,0,0.05857174,0.0016031041,0.11370356,37.158782,3446.9303,59.5,0,1.0821041,0,0,nan,nan,599.3824,-33.9672,-0.75927285,-17.435999,-1.084642e-05,22.792933,0.021147922,0,0,0,0,0,0
26.56,900.25114,21.76853,-3445.973,33.55941,2.0790353,24.127434,3.356433e-05,-0.64277884,0.00069946498,-8.8748201e-05,-0.18984774,-0.00011548942,-0.26179939,-8.9357365e-08,0.0064321545,1,-0.7854,-8.4587749e-08,0.0063808621,1,0,0,0.0586968,0.0015843695,0.11440021,37.386886,3445.973,59.5,0,1.0821041,0,0,nan,nan,606.82418,-34.318,-0.76014173,-17.872276,-9.8302561e-06,22.493289,0.020714157,0,0,0,0,0,0
26.6,901.5933,21.851681,-3445.0009,33.548225,2.0785166,24.495609,3.3661079e-05,-0.65032205,0.00069340198,-8.9053277e-05,-0.18718588,-0.00011371454,-0.26179939,-8.2789508e-08,0.0063590276,1,-0.7854,-7.83458e-08,0.0063079337,1,0,0,0.058822093,0.0015657147,0.11510311,37.617046,3445.0009,59.5,0,1.0821041,0,0,nan,nan,614.38071,-34.672953,-0.76097552,-18.317481,-8.8684035e-06,22.183715,0.02028384,0,0,0,0,0,0
26.64,902.93502,21.934812,-3444.0141,33.537211,2.0779976,24.863314,3.3747443e-05,-0.65775949,0.00068739636,-8.9327864e-05,-0.18456135,-0.00011198348,-0.26179939,-7.6677947e-08,0.0062861903,1,-0.7854,-7.254768e-08,0.006235303,1,0,0,0.058947144,0.0015471448,0.11581211,37.849213,3444.0141,59.5,0,1.0821041,0,0,nan,nan,622.05165,-35.032019,-0.76177106,-18.770736,-7.9601628e-06,21.866468,0.019857778,0,0,0,0,0,0
26.68,904.2763,22.017922,-3443.0125,33.526373,2.0774783,25.230548,3.3824053e-05,-0.66509268,0.00068144679,-8.9573694e-05,-0.18197494,-0.00011029552,-0.26179939,-7.1004467e-08,0.0062136542,1,-0.7854,-6.7174632e-08,0.0061629814,1,0,0,0.059071485,0.0015286651,0.11652706,38.083336,3443.0125,59.5,0,1.0821041,0,0,nan,nan,629.83667,-35.395162,-0.76252529,-19.231114,-7.1046482e-06,21.54392,0.019436797,0,0,0,0,0,0
26.72,905.61715,22.101011,-3441.9963,33.515715,2.0769586,25.597306,3.3891521e-05,-0.67232314,0.00067555193,-8.9792469e-05,-0.17942713,-0.00010864991,-0.26179939,-6.5750062e-08,0.0061414303,1,-0.7854,-6.2207084e-08,0.0060909798,1,0,0,0.059194655,0.0015102804,0.11724782,38.319369,3441.9963,59.5,0,1.0821041,0,0,nan,nan,637.73543,-35.762343,-0.76323524,-19.697663,-6.3007668e-06,21.218515,0.019021732,0,0,0,0,0,0
26.76,906.95758,22.18408,-3440.9655,33.505241,2.0764387,25.963588,3.3950443e-05,-0.67945242,0.00066971045,-8.9985849e-05,-0.17691813,-0.00010704579,-0.26179939,-6.0894916e-08,0.0060695299,1,-0.7854,-5.7624657e-08,0.0060193096,1,0,0,0.059316214,0.0014919952,0.11797423,38.557263,3440.9655,59.5,0,1.0821041,0,0,nan,nan,645.74758,-36.133528,-0.76389812,-20.169421,-5.5472019e-06,20.892717,0.018613414,0,0,0,0,0,0
26.8,908.29759,22.267128,-3439.92,33.494954,2.0759186,26.329391,3.4001389e-05,-0.68648208,0.00066392106,-9.0155449e-05,-0.17444784,-0.00010548224,-0.26179939,-5.6418423e-08,0.0059979643,1,-0.7854,-5.3406206e-08,0.0059479821,1,0,0,0.059435753,0.001473814,0.11870616,38.796972,3439.92,59.5,0,1.0821041,0,0,nan,nan,653.87279,-36.508678,-0.76451129,-20.645442,-4.842401e-06,20.568954,0.018212657,0,0,0,0,0,0
26.84,909.6372,22.350154,-3438.8599,33.484859,2.0753983,26.694714,3.4044906e-05,-0.69341366,0.00065818246,-9.0302832e-05,-0.1720159,-0.00010395825,-0.26179939,-5.2299237e-08,0.005926745,1,-0.7854,-4.9529889e-08,0.0058770092,1,0,0,0.059552899,0.001455741,0.11944346,39.038451,3438.8599,59.5,0,1.0821041,0,0,nan,nan,662.11071,-36.887755,-0.76507236,-21.12481,-4.1845693e-06,20.249562,0.017820235,0,0,0,0,0,0
26.88,910.97641,22.43316,-3437.7852,33.474957,2.0748778,27.059556,3.4081513e-05,-0.70024869,0.0006524934,-9.0429494e-05,-0.16962165,-0.00010247276,-0.26179939,-4.8515353e-08,0.005855884,1,-0.7854,-4.5973275e-08,0.0058064032,1,0,0,0.059667324,0.00143778,0.12018599,39.281654,3437.7852,59.5,0,1.0821041,0,0,nan,nan,670.46101,-37.270721,-0.76557915,-21.60667,-3.5716703e-06,19.936728,0.017436874,0,0,0,0,0,0
26.92,912.31522,22.516146,-3436.6959,33.465252,2.0743571,27.423917,3.4111698e-05,-0.70698864,0.00064685265,-9.0536865e-05,-0.16726419,-0.00010102462,-0.26179939,-4.5044223e-08,0.0057853938,1,-0.7854,-4.2713481e-08,0.0057361767,1,0,0,0.059778754,0.0014199348,0.12093363,39.526539,3436.6959,59.5,0,1.0821041,0,0,nan,nan,678.92335,-37.657532,-0.76602973,-22.090245,-3.0014327e-06,19.632437,0.01706323,0,0,0,0,0,0
26.96,913.65365,22.59911,-3435.592,33.455744,2.0738364,27.787796,3.4135913e-05,-0.71363498,0.00064125902,-9.0626296e-05,-0.16494242,-9.9612628e-05,-0.26179939,-4.1862903e-08,0.0057152873,1,-0.7854,-3.9727342e-08,0.0056663432,1,0,0,0.059886973,0.001402209,0.12168624,39.773062,3435.592,59.5,0,1.0821041,0,0,nan,nan,687.49739,-38.048145,-0.76642249,-22.574852,-2.4713649e-06,19.338416,0.016699876,0,0,0,0,0,0
27,914.9917,22.682054,-3434.4736,33.446437,2.0733156,28.151195,3.4154579e-05,-0.7201891,0.00063571135,-9.0699053e-05,-0.16265502,-9.8235517e-05,-0.26179939,-3.8948232e-08,0.005645578,1,-0.7854,-3.6991606e-08,0.0055969165,1,0,0,0.059991827,0.0013846057,0.12244369,40.021181,3434.4736,59.5,0,1.0821041,0,0,nan,nan,696.1828,-38.442512,-0.76675606,-23.05993,-1.9787773e-06,19.056088,0.016347285,0,0,0,0,0,0
27.04,916.32938,22.764976,-3433.3406,33.437332,2.0727948,28.514112,3.4168077e-05,-0.72665236,0.00063020856,-9.0756314e-05,-0.16040054,-9.6891992e-05,-0.26179939,-3.6277029e-08,0.0055762798,1,-0.7854,-3.4483156e-08,0.0055279109,1,0,0,0.060093228,0.0013671281,0.12320586,40.270854,3433.3406,59.5,0,1.0821041,0,0,nan,nan,704.97924,-38.840581,-0.76702937,-23.545047,-1.520811e-06,18.786534,0.016005821,0,0,0,0,0,0
27.08,917.66671,22.847878,-3432.1932,33.428429,2.0722741,28.87655,3.4176752e-05,-0.73302604,0.00062474957,-9.079916e-05,-0.1581774,-9.5580721e-05,-0.26179939,-3.3826323e-08,0.0055074073,1,-0.7854,-3.217924e-08,0.0054593412,1,0,0,0.060191155,0.0013497789,0.12397261,40.522042,3432.1932,59.5,0,1.0821041,0,0,nan,nan,713.88637,-39.242298,-0.76724167,-24.029917,-1.0944743e-06,18.530456,0.015675725,0,0,0,0,0,0
27.12,919.00368,22.930759,-3431.0312,33.41973,2.0717534,29.238508,3.4180909e-05,-0.73931136,0.00061933338,-9.0828574e-05,-0.15598399,-9.4300357e-05,-0.26179939,-3.1573583e-08,0.0054389751,1,-0.7854,-3.0057722e-08,0.0053912223,1,0,0,0.060285654,0.0013325608,0.12474384,40.774705,3431.0312,59.5,0,1.0821041,0,0,nan,nan,722.90387,-39.647604,-0.76739244,-24.514408,-6.9668512e-07,18.28816,0.015357107,0,0,0,0,0,0
27.16,920.34031,23.01362,-3429.8548,33.411237,2.0712328,29.599988,3.4180817e-05,-0.74550949,0.00061395904,-9.0845435e-05,-0.15381867,-9.3049551e-05,-0.26179939,-2.9496971e-08,0.0053709985,1,-0.7854,-2.8097325e-08,0.0053235696,1,0,0,0.060376835,0.0013154763,0.12551941,41.028804,3429.8548,59.5,0,1.0821041,0,0,nan,nan,732.0314,-40.056434,-0.76748146,-24.998544,-3.2431792e-07,18.059541,0.015049947,0,0,0,0,0,0
27.2,921.6766,23.096459,-3428.664,33.40295,2.0707123,29.960991,3.4176706e-05,-0.75162151,0.00060862567,-9.0850525e-05,-0.15167982,-9.1826966e-05,-0.26179939,-2.7575581e-08,0.0053034926,1,-0.7854,-2.6277882e-08,0.0052563982,1,0,0,0.060464866,0.0012985275,0.12629922,41.284301,3428.664,59.5,0,1.0821041,0,0,nan,nan,741.26863,-40.468721,-0.76750873,-25.482509,2.5744111e-08,17.844084,0.014754086,0,0,0,0,0,0
27.24,923.01256,23.179278,-3427.4587,33.39487,2.0701921,30.321516,3.4168771e-05,-0.75764846,0.00060333241,-9.0844522e-05,-0.14956594,-9.0631294e-05,-0.26179939,-2.5789685e-08,0.0052364725,1,-0.7854,-2.4580561e-08,0.0051897233,1,0,0,0.060549971,0.0012817165,0.12708314,41.541159,3427.4587,59.5,0,1.0821041,0,0,nan,nan,750.61523,-40.884394,-0.76747449,-25.966638,3.5655509e-07,17.640879,0.014469236,0,0,0,0,0,0
27.28,924.34821,23.262075,-3426.239,33.387,2.069672,30.681564,3.4157172e-05,-0.76359131,0.0005980785,-9.0828007e-05,-0.14747562,-8.946127e-05,-0.26179939,-2.4120952e-08,0.0051699533,1,-0.7854,-2.2988082e-08,0.0051235595,1,0,0,0.06063242,0.0012650449,0.12787107,41.799342,3426.239,59.5,0,1.0821041,0,0,nan,nan,760.07086,-41.303376,-0.76737913,-26.45141,6.7105121e-07,17.448646,0.014194981,0,0,0,0,0,0
27.32,925.68354,23.344852,-3425.0049,33.37934,2.0691522,31.041135,3.414204e-05,-0.76945097,0.00059286319,-9.0801468e-05,-0.14540766,-8.8315686e-05,-0.26179939,-2.2552651e-08,0.0051039494,1,-0.7854,-2.1484896e-08,0.0050579211,1,0,0,0.06071252,0.0012485145,0.1286629,42.058813,3425.0049,59.5,0,1.0821041,0,0,nan,nan,769.6352,-41.725589,-0.7672232,-26.937431,9.7199621e-07,17.265776,0.013930789,0,0,0,0,0,0
27.36,927.01857,23.427609,-3423.7564,33.371892,2.0686327,31.400229,3.4123477e-05,-0.77522832,0.00058768583,-9.0765306e-05,-0.14336103,-8.7193403e-05,-0.26179939,-2.1069825e-08,0.0050384749,1,-0.7854,-2.0057335e-08,0.0049928216,1,0,0,0.060790608,0.0012321266,0.12945851,42.319538,3423.7564,59.5,0,1.0821041,0,0,nan,nan,779.30792,-42.150951,-0.76700737,-27.425415,1.2619295e-06,17.090378,0.01367603,0,0,0,0,0,0
27.4,928.35331,23.510344,-3422.4936,33.364658,2.0681136,31.758845,3.4101565e-05,-0.7809242,0.00058254577,-9.0719844e-05,-0.14133498,-8.6093366e-05,-0.26179939,-1.9659425e-08,0.0049735428,1,-0.7854,-1.8693722e-08,0.0049282734,1,0,0,0.060867035,0.0012158826,0.13025781,42.581484,3422.4936,59.5,0,1.0821041,0,0,nan,nan,789.08869,-42.579378,-0.76673234,-27.916162,1.5431186e-06,16.920346,0.013429987,0,0,0,0,0,0
27.44,929.68776,23.593059,-3421.2164,33.357642,2.0675948,32.116983,3.4076363e-05,-0.78653942,0.00057744245,-9.0665336e-05,-0.13932897,-8.5014608e-05,-0.26179939,-1.83104e-08,0.0049091655,1,-0.7854,-1.7384428e-08,0.0048642883,1,0,0,0.060942157,0.0011997834,0.13106069,42.844615,3421.2164,59.5,0,1.0821041,0,0,nan,nan,798.97716,-43.010785,-0.76639885,-28.410527,1.8175182e-06,16.753424,0.01319188,0,0,0,0,0,0
27.48,931.02194,23.675753,-3419.9249,33.350846,2.0670765,32.474641,3.4047916e-05,-0.79207477,0.00057237531,-9.0601977e-05,-0.13734278,-8.3956261e-05,-0.26179939,-1.7013749e-08,0.004845354,1,-0.7854,-1.6121888e-08,0.0048008764,1,0,0,0.061016327,0.0011838299,0.13186706,43.1089,3419.9249,59.5,0,1.0821041,0,0,nan,nan,808.97302,-43.445086,-0.76600762,-28.909395,2.0867366e-06,16.587289,0.012960886,0,0,0,0,0,0
27.52,932.35584,23.758426,-3418.6192,33.344273,2.0665586,32.831816,3.4016261e-05,-0.79753106,0.00056734386,-9.0529914e-05,-0.13537645,-8.2917558e-05,-0.26179939,-1.5762511e-08,0.0047821183,1,-0.7854,-1.4900559e-08,0.0047380467,1,0,0,0.061089878,0.0011680231,0.1326768,43.374306,3418.6192,59.5,0,1.0821041,0,0,nan,nan,819.07592,-43.882149,-0.76555876,-29.413924,2.3520287e-06,16.419004,0.012735952,0,0,0,0,0,0
27.56,933.68949,23.841078,-3417.2991,33.337929,2.0660411,33.188507,3.3981434e-05,-0.80290908,0.0005623476,-9.0449257e-05,-0.13343124,-8.1898141e-05,-0.26179939,-1.4552208e-08,0.0047194657,1,-0.7854,-1.3718363e-08,0.0046758034,1,0,0,0.061163044,0.0011523635,0.13348983,43.640802,3417.2991,59.5,0,1.0821041,0,0,nan,nan,829.28555,-44.320782,-0.7650403,-29.931442,2.6145227e-06,16.231976,0.0125124,0,0,0,0,0,0
27.6,935.02289,23.92371,-3415.9648,33.331821,2.0655243,33.544708,3.3943484e-05,-0.80820972,0.00055738607,-9.0360103e-05,-0.13150857,-8.0897436e-05,-0.26179939,-1.338237e-08,0.0046574007,1,-0.7854,-1.2577025e-08,0.0046141521,1,0,0,0.061235981,0.0011368518,0.13430605,43.908357,3415.9648,59.5,0,1.0821041,0,0,nan,nan,839.60157,-44.762032,-0.76446636,-30.455591,2.8736867e-06,16.040189,0.012297103,0,0,0,0,0,0
27.64,936.35605,24.006321,-3414.6163,33.325952,2.065008,33.900419,3.3902455e-05,-0.8134339,0.00055245881,-9.0262566e-05,-0.12960907,-7.9914748e-05,-0.26179939,-1.225301e-08,0.0045959301,1,-0.7854,-1.1475751e-08,0.0045530995,1,0,0,0.061308847,0.0011214884,0.13512536,44.176942,3414.6163,59.5,0,1.0821041,0,0,nan,nan,850.02365,-45.20582,-0.76383586,-30.986865,3.1292763e-06,15.842347,0.012085574,0,0,0,0,0,0
27.68,937.68898,24.088912,-3413.2535,33.320328,2.0644923,34.255635,3.3858394e-05,-0.81858255,0.00054756539,-9.0156761e-05,-0.12773353,-7.8949827e-05,-0.26179939,-1.1163633e-08,0.0045350582,1,-0.7854,-1.0414479e-08,0.0044926472,1,0,0,0.061381754,0.0011062735,0.13594769,44.446526,3413.2535,59.5,0,1.0821041,0,0,nan,nan,860.55146,-45.652074,-0.76314842,-31.525642,3.3811573e-06,15.637448,0.011876112,0,0,0,0,0,0
27.72,939.0217,24.171482,-3411.8765,33.314953,2.0639773,34.610354,3.3811367e-05,-0.82365664,0.00054270536,-9.0042819e-05,-0.12588282,-7.8002441e-05,-0.26179939,-1.0115266e-08,0.0044747864,1,-0.7854,-9.3955258e-09,0.004432796,1,0,0,0.061454768,0.0010912074,0.13677293,44.71708,3411.8765,59.5,0,1.0821041,0,0,nan,nan,871.18466,-46.100723,-0.76240427,-32.07217,3.6288327e-06,15.424829,0.011669609,0,0,0,0,0,0
27.76,940.3542,24.254031,-3410.4854,33.309833,2.063463,34.964574,3.376145e-05,-0.82865719,0.0005378783,-8.9920886e-05,-0.1240579,-7.7072294e-05,-0.26179939,-9.1102933e-09,0.0044151158,1,-0.7854,-8.4218242e-09,0.0043735464,1,0,0,0.061527903,0.0010762903,0.137601,44.988577,3410.4854,59.5,0,1.0821041,0,0,nan,nan,881.9229,-46.551703,-0.7616032,-32.626552,3.8714612e-06,15.204201,0.011465974,0,0,0,0,0,0
27.8,941.6865,24.33656,-3409.0801,33.304971,2.0629494,35.318292,3.3708728e-05,-0.83358525,0.00053308376,-8.9791144e-05,-0.1222597,-7.6159155e-05,-0.26179939,-8.1514158e-09,0.0043560467,1,-0.7854,-7.4961138e-09,0.0043148981,1,0,0,0.061601126,0.0010615221,0.13843182,45.260989,3409.0801,59.5,0,1.0821041,0,0,nan,nan,892.76587,-47.004956,-0.7607447,-33.188736,4.1080896e-06,14.975672,0.011264607,0,0,0,0,0,0
27.84,943.01861,24.419068,-3407.6606,33.300374,2.0624366,35.671504,3.3653303e-05,-0.8384419,0.0005283213,-8.9653801e-05,-0.12048916,-7.5262843e-05,-0.26179939,-7.2413461e-09,0.004297578,1,-0.7854,-6.6211102e-09,0.0042568492,1,0,0,0.061674357,0.0010469029,0.13926529,45.534287,3407.6606,59.5,0,1.0821041,0,0,nan,nan,903.7132,-47.460426,-0.75982827,-33.75852,4.3377229e-06,14.739746,0.011065388,0,0,0,0,0,0
27.88,944.35054,24.501556,-3406.2271,33.296045,2.0619246,36.02421,3.3595286e-05,-0.84322828,0.00052359049,-8.9509102e-05,-0.11874709,-7.4383178e-05,-0.26179939,-6.3827401e-09,0.0042397079,1,-0.7854,-5.7993629e-09,0.0041993974,1,0,0,0.061747473,0.0010324327,0.14010135,45.808446,3406.2271,59.5,0,1.0821041,0,0,nan,nan,914.76458,-47.918066,-0.75885337,-34.335548,4.5593405e-06,14.497315,0.010868442,0,0,0,0,0,0
27.92,945.6823,24.584023,-3404.7794,33.29199,2.0614134,36.376406,3.3534799e-05,-0.84794552,0.00051889087,-8.9357324e-05,-0.11703421,-7.3519973e-05,-0.26179939,-5.5779508e-09,0.004182434,1,-0.7854,-5.0329191e-09,0.0041425399,1,0,0,0.061820314,0.0010181112,0.14093991,46.08344,3404.7794,59.5,0,1.0821041,0,0,nan,nan,925.91966,-48.37783,-0.75781938,-34.919327,4.7719585e-06,14.24963,0.010673867,0,0,0,0,0,0
27.96,947.01391,24.66647,-3403.3177,33.288213,2.0609031,36.728091,3.3471974e-05,-0.8525948,0.00051422199,-8.9198772e-05,-0.11535106,-7.267303e-05,-0.26179939,-4.8287826e-09,0.0041257534,1,-0.7854,-4.3231416e-09,0.0040862735,1,0,0,0.061892693,0.0010039383,0.14178088,46.359243,3403.3177,59.5,0,1.0821041,0,0,nan,nan,937.17811,-48.83968,-0.75672561,-35.50924,4.9746969e-06,13.99826,0.010481829,0,0,0,0,0,0
28,948.34537,24.748896,-3401.8419,33.284718,2.0603938,37.079263,3.3406948e-05,-0.85717734,0.00050958339,-8.9033782e-05,-0.11369798,-7.1842129e-05,-0.26179939,-4.1363406e-09,0.0040696627,1,-0.7854,-3.6706046e-09,0.0040305946,1,0,0,0.0619644,0.00098991392,0.1426242,46.63583,3401.8419,59.5,0,1.0821041,0,0,nan,nan,948.53958,-49.303578,-0.75557142,-36.10457,5.1668256e-06,13.745031,0.010292613,0,0,0,0,0,0
28.04,949.6767,24.831302,-3400.352,33.281508,2.0598854,37.42992,3.3339862e-05,-0.86169432,0.00050497461,-8.8862706e-05,-0.11207507,-7.1027015e-05,-0.26179939,-3.5009103e-09,0.0040141584,1,-0.7854,-3.0749829e-09,0.0039754996,1,0,0,0.062035215,0.00097603769,0.14346979,46.913177,3400.352,59.5,0,1.0821041,0,0,nan,nan,960.00376,-49.769491,-0.75435617,-36.704526,5.3478071e-06,13.491958,0.010106571,0,0,0,0,0,0
28.08,951.0079,24.913688,-3398.8482,33.278586,2.0593781,37.780062,3.3270858e-05,-0.86614696,0.00050039521,-8.8685914e-05,-0.1104822,-7.022739e-05,-0.26179939,-2.9218563e-09,0.0039592369,1,-0.7854,-2.5349711e-09,0.0039209849,1,0,0,0.062104915,0.00096230935,0.14431758,47.19126,3398.8482,59.5,0,1.0821041,0,0,nan,nan,971.5703,-50.237388,-0.75307931,-37.308275,5.5173352e-06,13.241163,0.0099240886,0,0,0,0,0,0
28.12,952.33899,24.996054,-3397.3303,33.275956,2.0588717,38.129688,3.3200071e-05,-0.87053645,0.00049584472,-8.8503779e-05,-0.10891897,-6.944291e-05,-0.26179939,-2.3975643e-09,0.0039048947,1,-0.7854,-2.0482613e-09,0.0038670471,1,0,0,0.062173288,0.00094872856,0.14516749,47.470057,3397.3303,59.5,0,1.0821041,0,0,nan,nan,983.23888,-50.707236,-0.75174036,-37.914977,5.6753651e-06,12.994789,0.0097455764,0,0,0,0,0,0
28.16,953.66999,25.078399,-3395.7985,33.27362,2.0583665,38.478799,3.3127634e-05,-0.87486396,0.0004913227,-8.8316674e-05,-0.10738474,-6.8673183e-05,-0.26179939,-1.9254334e-09,0.0038511286,1,-0.7854,-1.6115699e-09,0.0038136831,1,0,0,0.062240139,0.00093529495,0.14601946,47.749544,3395.7985,59.5,0,1.0821041,0,0,nan,nan,995.00917,-51.179005,-0.75033898,-38.523815,5.8221313e-06,12.754909,0.00957145,0,0,0,0,0,0
28.2,955.00089,25.160724,-3394.2527,33.271579,2.0578624,38.827393,3.3053667e-05,-0.87913064,0.00048682873,-8.8124958e-05,-0.10587863,-6.7917767e-05,-0.26179939,-1.5019148e-09,0.0037979355,1,-0.7854,-1.2207067e-09,0.0037608902,1,0,0,0.0623053,0.0009220081,0.14687341,48.029699,3394.2527,59.5,0,1.0821041,0,0,nan,nan,1006.8808,-51.652661,-0.74887496,-39.134036,5.9581531e-06,12.523435,0.0094021041,0,0,0,0,0,0
28.24,956.33172,25.243029,-3392.693,33.269835,2.0573595,39.175473,3.2978277e-05,-0.8833376,0.00048236238,-8.7928969e-05,-0.10439953,-6.7176173e-05,-0.26179939,-1.1225936e-09,0.0037453127,1,-0.7854,-8.7068697e-10,0.003708666,1,0,0,0.062368639,0.00090886756,0.14772928,48.310501,3392.693,59.5,0,1.0821041,0,0,nan,nan,1018.8536,-52.128168,-0.74734826,-39.744982,6.0842274e-06,12.302036,0.0092378903,0,0,0,0,0,0
28.28,957.66248,25.325314,-3391.1194,33.268389,2.0568578,39.523037,3.2901555e-05,-0.88748588,0.00047792328,-8.7729015e-05,-0.10294618,-6.6447871e-05,-0.26179939,-7.8231335e-10,0.0036932582,1,-0.7854,-5.5588534e-10,0.0036570085,1,0,0,0.062430064,0.00089587283,0.14858701,48.591928,3391.1194,59.5,0,1.0821041,0,0,nan,nan,1030.927,-52.605487,-0.74575902,-40.356117,6.2014089e-06,12.092058,0.0090790985,0,0,0,0,0,0
28.32,958.9932,25.407579,-3389.5319,33.267242,2.0563573,39.870088,3.2823574e-05,-0.8915765,0.00047351105,-8.7525367e-05,-0.10151714,-6.5732297e-05,-0.26179939,-4.7533776e-10,0.00364177,1,-0.7854,-2.7021994e-10,0.0036059162,1,0,0,0.062489529,0.00088302335,0.14944653,48.873961,3389.5319,59.5,0,1.0821041,0,0,nan,nan,1043.1009,-53.084573,-0.74410755,-40.967053,6.3109775e-06,11.894462,0.0089259392,0,0,0,0,0,0
28.36,960.32387,25.489823,-3387.9305,33.266395,2.0558581,40.216626,3.2744387e-05,-0.89561039,0.00046912535,-8.7318251e-05,-0.10011091,-6.5028865e-05,-0.26179939,-1.9554116e-10,0.0035908468,1,-0.7854,-7.3608689e-12,0.0035553882,1,0,0,0.062547036,0.00087031853,0.15030778,49.156579,3387.9305,59.5,0,1.0821041,0,0,nan,nan,1055.3749,-53.565378,-0.74239435,-41.577572,6.4143938e-06,11.709777,0.0087785302,0,0,0,0,0,0
28.4,961.65451,25.572048,-3386.3152,33.265849,2.0553602,40.562652,3.2664026e-05,-0.89958845,0.00046476588,-8.7107842e-05,-0.09872594,-6.4336973e-05,-0.26179939,6.3380359e-11,0.0035404876,1,-0.7854,2.3904743e-10,0.0035054235,1,0,0,0.062602635,0.00085775773,0.1511707,49.439761,3386.3152,59.5,0,1.0821041,0,0,nan,nan,1067.7486,-54.047847,-0.74062007,-42.187633,6.5132457e-06,11.538071,0.0086368867,0,0,0,0,0,0
28.44,962.98514,25.654253,-3384.6862,33.265604,2.0548637,40.908167,3.2582505e-05,-0.90351148,0.00046043235,-8.6894263e-05,-0.097360707,-6.3656022e-05,-0.26179939,3.0768697e-10,0.0034906916,1,-0.7854,4.7515998e-10,0.0034560216,1,0,0,0.062656424,0.00084534025,0.15203523,49.72349,3384.6862,59.5,0,1.0821041,0,0,nan,nan,1080.2219,-54.531919,-0.73878553,-42.797376,6.6091877e-06,11.378941,0.0085009175,0,0,0,0,0,0
28.48,964.31577,25.736438,-3383.0433,33.26566,2.0543686,41.253173,3.2499815e-05,-0.90738026,0.00045612453,-8.6677585e-05,-0.096013755,-6.2985421e-05,-0.26179939,5.4337258e-10,0.0034414584,1,-0.7854,7.0671189e-10,0.0034071822,1,0,0,0.06270854,0.00083306535,0.15290131,50.007747,3383.0433,59.5,0,1.0821041,0,0,nan,nan,1092.7943,-55.01753,-0.73689169,-43.407119,6.7038751e-06,11.23153,0.0083704251,0,0,0,0,0,0
28.52,965.6464,25.818604,-3381.3866,33.266019,2.053875,41.597669,3.2415932e-05,-0.91119549,0.00045184219,-8.6457822e-05,-0.094683757,-6.2324608e-05,-0.26179939,7.7595239e-10,0.0033927876,1,-0.7854,9.3881645e-10,0.0033589049,1,0,0,0.062759159,0.00082093224,0.15376889,50.292513,3381.3866,59.5,0,1.0821041,0,0,nan,nan,1105.4655,-55.504608,-0.73493961,-44.017341,6.798897e-06,11.094561,0.0082451119,0,0,0,0,0,0
28.56,966.97705,25.900749,-3379.7162,33.266682,2.0533828,41.941657,3.2330817e-05,-0.91495782,0.00044758515,-8.6234941e-05,-0.093369558,-6.1673054e-05,-0.26179939,1.0102707e-09,0.0033446788,1,-0.7854,1.1757902e-09,0.0033111894,1,0,0,0.062808484,0.00080894009,0.15463791,50.577769,3379.7162,59.5,0,1.0821041,0,0,nan,nan,1118.2352,-55.993079,-0.73293042,-44.628663,6.895711e-06,10.966395,0.0081245906,0,0,0,0,0,0
28.6,968.30774,25.982875,-3378.032,33.267651,2.0528922,42.285136,3.2244416e-05,-0.91866786,0.00044335326,-8.6008863e-05,-0.092070217,-6.1030279e-05,-0.26179939,1.2503379e-09,0.0032971315,1,-0.7854,1.4210137e-09,0.003264035,1,0,0,0.062856738,0.00079708803,0.15550832,50.8635,3378.032,59.5,0,1.0821041,0,0,nan,nan,1131.1032,-56.482864,-0.7308653,-45.241818,6.9955829e-06,10.845102,0.0080083997,0,0,0,0,0,0
28.64,969.63847,26.064982,-3376.3341,33.268926,2.052403,42.628108,3.215667e-05,-0.92232621,0.0004391464,-8.5779472e-05,-0.090785033,-6.0395855e-05,-0.26179939,1.4992056e-09,0.0032501451,1,-0.7854,1.6768344e-09,0.0032174409,1,0,0,0.062904154,0.00078537513,0.15638006,51.149687,3376.3341,59.5,0,1.0821041,0,0,nan,nan,1144.0691,-56.973882,-0.72874547,-45.857616,7.0995341e-06,10.72856,0.0078960223,0,0,0,0,0,0
28.68,970.96925,26.147069,-3374.6224,33.270512,2.0519155,42.97057,3.2067513e-05,-0.9259334,0.00043496444,-8.5546624e-05,-0.089513565,-5.976942e-05,-0.26179939,1.7588844e-09,0.0032037185,1,-0.7854,1.9445176e-09,0.0031714058,1,0,0,0.062950963,0.00077380043,0.15725308,51.436314,3374.6224,59.5,0,1.0821041,0,0,nan,nan,1157.1327,-57.466053,-0.72657209,-46.476903,7.2083002e-06,10.614551,0.0077869079,0,0,0,0,0,0
28.72,972.30011,26.229136,-3372.8971,33.27241,2.0514296,43.312523,3.1976879e-05,-0.92949,0.00043080731,-8.5310153e-05,-0.088255637,-5.9150674e-05,-0.26179939,2.0303103e-09,0.0031578504,1,-0.7854,2.2242461e-09,0.0031259281,1,0,0,0.062997385,0.00076236297,0.15812733,51.723365,3372.8971,59.5,0,1.0821041,0,0,nan,nan,1170.2935,-57.959295,-0.7243463,-47.10052,7.3223026e-06,10.500871,0.0076804965,0,0,0,0,0,0
28.76,973.63104,26.311184,-3371.1581,33.274623,2.0509453,43.653966,3.1884707e-05,-0.93299654,0.00042667491,-8.5069888e-05,-0.08701133,-5.8539381e-05,-0.26179939,2.3133599e-09,0.0031125389,1,-0.7854,2.515171e-09,0.0030810054,1,0,0,0.06304362,0.00075106171,0.15900277,52.010823,3371.1581,59.5,0,1.0821041,0,0,nan,nan,1183.5513,-58.453528,-0.72206917,-47.729262,7.441635e-06,10.38544,0.0075762423,0,0,0,0,0,0
28.8,974.96208,26.393213,-3369.4055,33.277157,2.0504627,43.994898,3.1790941e-05,-0.93645357,0.00042256719,-8.4825657e-05,-0.085780959,-5.7935373e-05,-0.26179939,2.6069149e-09,0.0030677816,1,-0.7854,2.8155091e-09,0.003036635,1,0,0,0.063089838,0.00073989562,0.15987934,52.298673,3369.4055,59.5,0,1.0821041,0,0,nan,nan,1196.9058,-58.948676,-0.71974166,-48.363834,7.5660657e-06,10.26641,0.0074736373,0,0,0,0,0,0
28.84,976.29322,26.475222,-3367.6392,33.280013,2.0499819,44.335316,3.1695535e-05,-0.93986165,0.00041848408,-8.4577302e-05,-0.084565043,-5.7338535e-05,-0.26179939,2.9089719e-09,0.0030235754,1,-0.7854,3.1226827e-09,0.0029928136,1,0,0,0.063136173,0.00072886366,0.160757,52.586899,3367.6392,59.5,0,1.0821041,0,0,nan,nan,1210.3566,-59.444667,-0.71736462,-49.004819,7.6950562e-06,10.142255,0.0073722332,0,0,0,0,0,0
28.88,977.62448,26.557212,-3365.8593,33.283198,2.0495028,44.67522,3.159846e-05,-0.94322139,0.00041442549,-8.4324686e-05,-0.083364261,-5.6748807e-05,-0.26179939,3.2167919e-09,0.0029799168,1,-0.7854,3.4334954e-09,0.0029495371,1,0,0,0.063182717,0.00071796475,0.1616357,52.875486,3365.8593,59.5,0,1.0821041,0,0,nan,nan,1223.9036,-59.941434,-0.71493879,-49.652641,7.8277949e-06,10.011855,0.0072716597,0,0,0,0,0,0
28.92,978.95587,26.639183,-3364.0659,33.286714,2.0490254,45.014608,3.1499697e-05,-0.94653339,0.00041039137,-8.4067703e-05,-0.082179397,-5.6166169e-05,-0.26179939,3.5270826e-09,0.0029368018,1,-0.7854,3.7443332e-09,0.0029068011,1,0,0,0.063229515,0.00070719783,0.16251539,53.16442,3364.0659,59.5,0,1.0821041,0,0,nan,nan,1237.5463,-60.438917,-0.71246481,-50.307547,7.9632448e-06,9.8745494,0.0071716386,0,0,0,0,0,0
28.96,980.28741,26.721135,-3362.2588,33.290568,2.0485499,45.353478,3.1399248e-05,-0.94979832,0.00040638163,-8.3806282e-05,-0.08101129,-5.5590629e-05,-0.26179939,3.8362025e-09,0.0028942258,1,-0.7854,4.0513818e-09,0.0028646007,1,0,0,0.063276569,0.00069656181,0.16339603,53.453686,3362.2588,59.5,0,1.0821041,0,0,nan,nan,1251.2844,-60.937062,-0.70994318,-50.969592,8.1002024e-06,9.7301776,0.0070719939,0,0,0,0,0,0
29,981.61911,26.803068,-3360.4383,33.294763,2.0480762,45.691828,3.1297127e-05,-0.95301685,0.00040239618,-8.3540395e-05,-0.079860765,-5.5022216e-05,-0.26179939,4.1403783e-09,0.0028521837,1,-0.7854,4.3508483e-09,0.0028229306,1,0,0,0.063323837,0.00068605562,0.16427758,53.74327,3360.4383,59.5,0,1.0821041,0,0,nan,nan,1265.1178,-61.435822,-0.70737432,-51.638635,8.237366e-06,9.5790832,0.006972655,0,0,0,0,0,0
29.04,982.95099,26.884982,-3358.6042,33.299304,2.0476044,46.029658,3.1193367e-05,-0.95618971,0.00039843491,-8.3270055e-05,-0.078728582,-5.4460962e-05,-0.26179939,4.4359217e-09,0.0028106701,1,-0.7854,4.6391747e-09,0.0027817852,1,0,0,0.063371236,0.00067567819,0.16515999,54.033159,3358.6042,59.5,0,1.0821041,0,0,nan,nan,1279.0459,-61.935155,-0.70475855,-52.314346,8.3734077e-06,9.4220964,0.0068736556,0,0,0,0,0,0
29.08,984.28305,26.966878,-3356.7566,33.304195,2.0471345,46.366965,3.1088013e-05,-0.95931763,0.00039449771,-8.2995319e-05,-0.077615375,-5.3906892e-05,-0.26179939,4.7194364e-09,0.0027696795,1,-0.7854,4.9132335e-09,0.0027411587,1,0,0,0.06341865,0.00066542845,0.16604323,54.323338,3356.7566,59.5,0,1.0821041,0,0,nan,nan,1293.0686,-62.435027,-0.70209616,-52.996227,8.5070477e-06,9.2604871,0.0067751262,0,0,0,0,0,0
29.12,985.61532,27.048754,-3354.8955,33.30944,2.0466666,46.703748,3.0981124e-05,-0.9624014,0.00039058445,-8.2716284e-05,-0.076521604,-5.3360014e-05,-0.26179939,4.9880027e-09,0.0027292059,1,-0.7854,5.1704941e-09,0.0027010451,1,0,0,0.063465937,0.00065530532,0.16692725,54.613796,3354.8955,59.5,0,1.0821041,0,0,nan,nan,1307.1856,-62.935409,-0.69938739,-53.683634,8.6371245e-06,9.0958932,0.0066772814,0,0,0,0,0,0
29.16,986.9478,27.130612,-3353.021,33.315043,2.0462006,47.040007,3.0872764e-05,-0.96544179,0.00038669501,-8.2433081e-05,-0.07544752,-5.2820307e-05,-0.26179939,5.2393315e-09,0.0026892436,1,-0.7854,5.4091512e-09,0.0026614387,1,0,0,0.063512938,0.00064530776,0.167812,54.904518,3353.021,59.5,0,1.0821041,0,0,nan,nan,1321.3965,-63.436274,-0.69663248,-54.375819,8.7626586e-06,8.9302274,0.0065804026,0,0,0,0,0,0
29.2,988.28051,27.212451,-3351.133,33.321006,2.0457366,47.375741,3.0763006e-05,-0.9684396,0.00038282924,-8.214587e-05,-0.074393133,-5.2287714e-05,-0.26179939,5.471878e-09,0.0026497867,1,-0.7854,5.62821e-09,0.0026223336,1,0,0,0.063559488,0.00063543471,0.16869747,55.195492,3351.133,59.5,0,1.0821041,0,0,nan,nan,1335.7011,-63.9376,-0.69383171,-55.071968,8.8829059e-06,8.7655666,0.0064848179,0,0,0,0,0,0
29.24,989.61347,27.294272,-3349.2316,33.327333,2.0452746,47.710951,3.0651922e-05,-0.97139559,0.000378987,-8.1854832e-05,-0.073358203,-5.1762138e-05,-0.26179939,5.6849113e-09,0.0026108294,1,-0.7854,5.827522e-09,0.0025837242,1,0,0,0.063605423,0.00062568513,0.16958359,55.486707,3349.2316,59.5,0,1.0821041,0,0,nan,nan,1350.099,-64.439364,-0.6909854,-55.77125,8.9973965e-06,8.6040321,0.0063908786,0,0,0,0,0,0
29.28,990.94669,27.376074,-3347.3168,33.334025,2.0448147,48.045635,3.0539584e-05,-0.97431056,0.00037516815,-8.1560158e-05,-0.072342242,-5.1243438e-05,-0.26179939,5.8785356e-09,0.0025723663,1,-0.7854,6.0077722e-09,0.0025456053,1,0,0,0.063650596,0.00061605797,0.17047035,55.77815,3347.3168,59.5,0,1.0821041,0,0,nan,nan,1364.59,-64.941544,-0.68809394,-56.472863,9.1059583e-06,8.4476645,0.0062989353,0,0,0,0,0,0
29.32,992.28019,27.457858,-3345.3886,33.341084,2.0443568,48.379794,3.0426057e-05,-0.97718523,0.00037137254,-8.1262039e-05,-0.071344527,-5.0731433e-05,-0.26179939,6.0536626e-09,0.0025343921,1,-0.7854,6.1704186e-09,0.0025079717,1,0,0,0.06369488,0.00060655217,0.1713577,56.069809,3345.3886,59.5,0,1.0821041,0,0,nan,nan,1379.1738,-65.444115,-0.68515784,-57.176085,9.2087225e-06,8.2983031,0.0062093143,0,0,0,0,0,0
29.36,993.61397,27.539623,-3343.4471,33.348512,2.0439011,48.71343,3.0311396e-05,-0.98002033,0.00036760005,-8.0960658e-05,-0.070364133,-5.0225902e-05,-0.26179939,6.2119383e-09,0.0024969019,1,-0.7854,6.3175875e-09,0.0024708187,1,0,0,0.063738178,0.00059716671,0.17224561,56.361674,3343.4471,59.5,0,1.0821041,0,0,nan,nan,1393.8501,-65.947048,-0.6821777,-57.880311,9.3061114e-06,8.157476,0.0061222958,0,0,0,0,0,0
29.4,994.94806,27.621371,-3341.4922,33.35631,2.0434475,49.046543,3.0195647e-05,-0.98281652,0.00036385056,-8.065618e-05,-0.069399977,-4.972659e-05,-0.26179939,6.3556287e-09,0.0024598911,1,-0.7854,6.4519328e-09,0.0024341419,1,0,0,0.063780429,0.00058790052,0.17313404,56.653734,3341.4922,59.5,0,1.0821041,0,0,nan,nan,1408.6186,-66.45031,-0.67915424,-58.585093,9.3988093e-06,8.026308,0.0060380952,0,0,0,0,0,0
29.44,996.28246,27.7031,-3339.524,33.364478,2.042996,49.379133,3.0078841e-05,-0.98557444,0.00036012397,-8.0348746e-05,-0.068450865,-4.9233219e-05,-0.26179939,6.4874715e-09,0.0024233553,1,-0.7854,6.5764677e-09,0.0023979374,1,0,0,0.063821612,0.00057875256,0.17402296,56.945977,3339.524,59.5,0,1.0821041,0,0,nan,nan,1423.4791,-66.953863,-0.67608831,-59.290166,9.4877167e-06,7.9054526,0.0059568488,0,0,0,0,0,0
29.48,997.6172,27.784811,-3337.5426,33.373017,2.0425468,49.711203,2.9960995e-05,-0.98829466,0.00035642019,-8.0038462e-05,-0.067515556,-4.8745494e-05,-0.26179939,6.6105043e-09,0.0023872907,1,-0.7854,6.6943791e-09,0.0023622012,1,0,0,0.063861744,0.00056972175,0.17491234,57.238393,3337.5426,59.5,0,1.0821041,0,0,nan,nan,1438.4312,-67.457662,-0.67298085,-59.99546,9.5738938e-06,7.7950514,0.0058786046,0,0,0,0,0,0
29.52,998.95229,27.866505,-3335.5478,33.381928,2.0420997,50.042753,2.9842111e-05,-0.99097771,0.00035273914,-7.9725399e-05,-0.066592821,-4.8263119e-05,-0.26179939,6.7278794e-09,0.0023516934,1,-0.7854,6.8088365e-09,0.0023269299,1,0,0,0.063900882,0.00056080703,0.17580215,57.530972,3335.5478,59.5,0,1.0821041,0,0,nan,nan,1453.4748,-67.961656,-0.66983292,-60.701109,9.6584922e-06,7.6947263,0.0058033185,0,0,0,0,0,0
29.56,1000.2877,27.94818,-3333.5398,33.391212,2.0416549,50.373783,2.972218e-05,-0.99362407,0.00034908079,-7.9409591e-05,-0.065681505,-4.77858e-05,-0.26179939,6.8426759e-09,0.0023165599,1,-0.7854,6.9228072e-09,0.00229212,1,0,0,0.063939118,0.00055200732,0.17669235,57.823704,3333.5398,59.5,0,1.0821041,0,0,nan,nan,1468.6095,-68.465787,-0.66664565,-61.407438,9.7426834e-06,7.6036031,0.005730857,0,0,0,0,0,0
29.6,1001.6236,28.029838,-3331.5186,33.40087,2.0412123,50.704296,2.9601177e-05,-0.99623418,0.00034544509,-7.9091033e-05,-0.064780581,-4.7313263e-05,-0.26179939,6.9577223e-09,0.0022818869,1,-0.7854,7.0388887e-09,0.0022577682,1,0,0,0.063976574,0.00054332151,0.17758292,58.116579,3331.5186,59.5,0,1.0821041,0,0,nan,nan,1483.835,-68.969993,-0.66342023,-62.114942,9.8275859e-06,7.520367,0.0056610049,0,0,0,0,0,0
29.64,1002.9598,28.111478,-3329.4841,33.410903,2.0407721,51.034291,2.947907e-05,-0.99880844,0.00034183203,-7.8769686e-05,-0.063889203,-4.6845261e-05,-0.26179939,7.0754387e-09,0.002247671,1,-0.7854,7.159169e-09,0.0022238712,1,0,0,0.064013392,0.00053474852,0.17847382,58.409587,3329.4841,59.5,0,1.0821041,0,0,nan,nan,1499.1512,-69.474207,-0.66015788,-62.824256,9.9141955e-06,7.4433462,0.0055934786,0,0,0,0,0,0
29.68,1004.2964,28.193101,-3327.4365,33.421312,2.0403341,51.363768,2.9355819e-05,-1.0013472,0.00033824161,-7.8445483e-05,-0.063006736,-4.6381578e-05,-0.26179939,7.1977089e-09,0.002213909,1,-0.7854,7.2851216e-09,0.0021904257,1,0,0,0.064049726,0.00052628722,0.17936503,58.70272,3327.4365,59.5,0,1.0821041,0,0,nan,nan,1514.5576,-69.978359,-0.65685984,-63.536112,1.0003326e-05,7.3706189,0.0055279438,0,0,0,0,0,0
29.72,1005.6335,28.274706,-3325.3757,33.432101,2.0398985,51.692729,2.9231382e-05,-1.0038508,0.00033467384,-7.811833e-05,-0.062132785,-4.5922042e-05,-0.26179939,7.3257898e-09,0.0021805974,1,-0.7854,7.4175428e-09,0.0021574282,1,0,0,0.064085736,0.00051793651,0.18025652,58.995968,3325.3757,59.5,0,1.0821041,0,0,nan,nan,1530.0542,-70.482378,-0.65352733,-64.251291,1.0095558e-05,7.3001372,0.0054640355,0,0,0,0,0,0
29.76,1006.971,28.356294,-3323.3017,33.443272,2.0394652,52.021173,2.9105717e-05,-1.0063197,0.00033112874,-7.7788122e-05,-0.061267198,-4.5466521e-05,-0.26179939,7.4602617e-09,0.0021477326,1,-0.7854,7.5565331e-09,0.0021248751,1,0,0,0.064121573,0.00050969527,0.18114826,59.289322,3323.3017,59.5,0,1.0821041,0,0,nan,nan,1545.6405,-70.986194,-0.65016152,-64.970574,1.0191211e-05,7.2298592,0.0054013807,0,0,0,0,0,0
29.8,1008.3089,28.437864,-3321.2147,33.454828,2.0390343,52.349099,2.8978783e-05,-1.0087541,0.00032760633,-7.7454745e-05,-0.06041006,-4.5014927e-05,-0.26179939,7.6010243e-09,0.0021153111,1,-0.7854,7.7015235e-09,0.0020927625,1,0,0,0.064157373,0.00050156236,0.18204022,59.582773,3321.2147,59.5,0,1.0821041,0,0,nan,nan,1561.3164,-71.489736,-0.64676353,-65.694687,1.029032e-05,7.1578809,0.0053396205,0,0,0,0,0,0
29.84,1009.6474,28.519417,-3319.1145,33.466771,2.0386057,52.676507,2.8850548e-05,-1.0111543,0.00032410664,-7.711809e-05,-0.05956167,-4.4567215e-05,-0.26179939,7.7473351e-09,0.0020833288,1,-0.7854,7.8513437e-09,0.0020610864,1,0,0,0.06419325,0.00049353668,0.18293238,59.876314,3319.1145,59.5,0,1.0821041,0,0,nan,nan,1577.0816,-71.992941,-0.64333441,-66.424259,1.0392645e-05,7.0825605,0.0052784315,0,0,0,0,0,0
29.88,1010.9863,28.600953,-3317.0012,33.479107,2.0381796,53.003396,2.8720989e-05,-1.0135208,0.00032062968,-7.6778059e-05,-0.058722503,-4.4123374e-05,-0.26179939,7.8978881e-09,0.0020517816,1,-0.7854,8.0043272e-09,0.0020298423,1,0,0,0.064229286,0.00048561709,0.18382471,60.169934,3317.0012,59.5,0,1.0821041,0,0,nan,nan,1592.9357,-72.495746,-0.63987512,-67.159774,1.0497688e-05,7.002623,0.0052175437,0,0,0,0,0,0
29.92,1012.3257,28.682472,-3314.8749,33.491838,2.0377559,53.329766,2.8590093e-05,-1.0158539,0.00031717547,-7.6434575e-05,-0.05789316,-4.3683425e-05,-0.26179939,8.0509263e-09,0.0020206651,1,-0.7854,8.1584448e-09,0.0019990257,1,0,0,0.064265531,0.0004778025,0.18471719,60.463627,3314.8749,59.5,0,1.0821041,0,0,nan,nan,1608.8787,-72.998098,-0.63638652,-67.901544,1.0604733e-05,6.9172419,0.0051567554,0,0,0,0,0,0
29.96,1013.6656,28.763975,-3312.7355,33.50497,2.0373347,53.655615,2.8457861e-05,-1.018154,0.00031374403,-7.6087585e-05,-0.057074313,-4.3247408e-05,-0.26179939,8.20438e-09,0.0019899746,1,-0.7854,8.3114577e-09,0.0019686318,1,0,0,0.064302,0.00047009179,0.18560979,60.757384,3312.7355,59.5,0,1.0821041,0,0,nan,nan,1624.9101,-73.499949,-0.63286942,-68.649691,1.0712894e-05,6.826089,0.0050959422,0,0,0,0,0,0
30,1015.006,28.84546,-3310.5831,33.518506,2.0369159,53.980943,2.8324307e-05,-1.0204216,0.00031033534,-7.5737068e-05,-0.056266645,-4.2815379e-05,-0.26179939,8.3560202e-09,0.0019597053,1,-0.7854,8.4610784e-09,0.0019386557,1,0,0,0.064338672,0.00046248387,0.18650248,61.051198,3310.5831,59.5,0,1.0821041,0,0,nan,nan,1641.0297,-74.001258,-0.62932452,-69.404136,1.0821182e-05,6.72935,0.0050350613,0,0,0,0,0,0
30.04,1016.347,28.926929,-3308.4177,33.53245,2.0364996,54.305749,2.8189453e-05,-1.0226571,0.0003069494,-7.5383037e-05,-0.055470785,-4.2387393e-05,-0.26179939,8.5036176e-09,0.0019298522,1,-0.7854,8.6051291e-09,0.0019090923,1,0,0,0.064375494,0.00045497766,0.18739524,61.34506,3308.4177,59.5,0,1.0821041,0,0,nan,nan,1657.2374,-74.501991,-0.62575248,-70.16461,1.0928567e-05,6.6277039,0.0049741492,0,0,0,0,0,0
30.08,1017.6886,29.008381,-3306.2393,33.546806,2.0360858,54.630031,2.8053338e-05,-1.024861,0.00030358618,-7.5025535e-05,-0.054687261,-4.1963498e-05,-0.26179939,8.6450948e-09,0.0019004102,1,-0.7854,8.7416869e-09,0.0018799365,1,0,0,0.064412387,0.00044757208,0.18828806,61.638963,3306.2393,59.5,0,1.0821041,0,0,nan,nan,1673.5328,-75.00212,-0.6221539,-70.930674,1.1034052e-05,6.5222678,0.004913315,0,0,0,0,0,0
30.12,1019.0308,29.089817,-3304.0479,33.561577,2.0356745,54.953791,2.7916006e-05,-1.0270338,0.00030024565,-7.466464e-05,-0.053916443,-4.154373e-05,-0.26179939,8.7786631e-09,0.0018713743,1,-0.7854,8.8692051e-09,0.001851183,1,0,0,0.064449251,0.00044026607,0.1891809,61.9329,3304.0479,59.5,0,1.0821041,0,0,nan,nan,1689.9157,-75.501622,-0.61852937,-71.701753,1.1136738e-05,6.4145104,0.0048527278,0,0,0,0,0,0
30.16,1020.3735,29.171236,-3301.8436,33.576767,2.0352657,55.277027,2.7777508e-05,-1.0291761,0.00029692776,-7.4300454e-05,-0.053158513,-4.11281e-05,-0.26179939,8.9029327e-09,0.0018427392,1,-0.7854,8.9866037e-09,0.0018228269,1,0,0,0.064485977,0.0004330586,0.19007374,62.226864,3301.8436,59.5,0,1.0821041,0,0,nan,nan,1706.3858,-76.000477,-0.61487947,-72.477177,1.1235882e-05,6.3061403,0.0047926006,0,0,0,0,0,0
30.2,1021.7169,29.252639,-3299.6264,33.592379,2.0348595,55.599739,2.7637899e-05,-1.0312882,0.00029363248,-7.3933102e-05,-0.052413442,-4.0716593e-05,-0.26179939,9.0169921e-09,0.0018145,1,-0.7854,9.093324e-09,0.0017948631,1,0,0,0.064522451,0.00042594862,0.19096657,62.520847,3299.6264,59.5,0,1.0821041,0,0,nan,nan,1722.9429,-76.498667,-0.61120479,-73.256236,1.1330937e-05,6.1989777,0.0047331714,0,0,0,0,0,0
30.24,1023.0609,29.334025,-3297.3963,33.608414,2.0344558,55.921929,2.7497233e-05,-1.0333708,0.00029035974,-7.3562722e-05,-0.051680982,-4.0309166e-05,-0.26179939,9.1204492e-09,0.0017866517,1,-0.7854,9.1893432e-09,0.0017672868,1,0,0,0.064558565,0.00041893511,0.19185936,62.814844,3297.3963,59.5,0,1.0821041,0,0,nan,nan,1739.5867,-76.996174,-0.60750596,-74.038225,1.1421593e-05,6.0948178,0.0046746831,0,0,0,0,0,0
30.28,1024.4055,29.415396,-3295.1533,33.624876,2.0340547,56.243595,2.7355564e-05,-1.0354243,0.00028710951,-7.3189459e-05,-0.050960682,-3.9905745e-05,-0.26179939,9.2134348e-09,0.0017591896,1,-0.7854,9.2751509e-09,0.0017400934,1,0,0,0.064594224,0.00041201704,0.19275209,63.108848,3295.1533,59.5,0,1.0821041,0,0,nan,nan,1756.3171,-77.492979,-0.60378366,-74.822503,1.1507777e-05,5.9952971,0.0046173635,0,0,0,0,0,0
30.32,1025.7508,29.496751,-3292.8974,33.641764,2.0336562,56.564739,2.7212938e-05,-1.0374492,0.00028388172,-7.2813457e-05,-0.050251909,-3.950623e-05,-0.26179939,9.2965679e-09,0.0017321089,1,-0.7854,9.3516887e-09,0.0017132784,1,0,0,0.064629356,0.00040519342,0.19364474,63.402851,3292.8974,59.5,0,1.0821041,0,0,nan,nan,1773.1338,-77.98906,-0.60003862,-75.608533,1.1589657e-05,5.9017719,0.0045614074,0,0,0,0,0,0
30.36,1027.0968,29.578089,-3290.6288,33.659082,2.0332603,56.885363,2.7069396e-05,-1.039446,0.00028067634,-7.2434851e-05,-0.049553889,-3.9110499e-05,-0.26179939,9.3708872e-09,0.0017054054,1,-0.7854,9.4202601e-09,0.0016868375,1,0,0,0.064663914,0.00039846322,0.1945373,63.696849,3290.6288,59.5,0,1.0821041,0,0,nan,nan,1790.0365,-78.48439,-0.59627166,-76.395928,1.1667618e-05,5.815219,0.0045069612,0,0,0,0,0,0
30.4,1028.4435,29.659412,-3288.3473,33.676829,2.032867,57.205465,2.6924969e-05,-1.041415,0.00027749334,-7.205376e-05,-0.048865757,-3.871841e-05,-0.26179939,9.4377555e-09,0.0016790749,1,-0.7854,9.4824175e-09,0.0016607666,1,0,0,0.06469788,0.00039182546,0.19542974,63.990834,3288.3473,59.5,0,1.0821041,0,0,nan,nan,1807.0251,-78.978935,-0.59248364,-77.184474,1.1742219e-05,5.7361653,0.0044541122,0,0,0,0,0,0
30.44,1029.791,29.740719,-3286.053,33.695007,2.0324763,57.525049,2.6779678e-05,-1.0433567,0.00027433267,-7.1670283e-05,-0.048186613,-3.8329817e-05,-0.26179939,9.4987431e-09,0.0016531133,1,-0.7854,9.5398359e-09,0.0016350619,1,0,0,0.064731265,0.00038527912,0.19632204,64.284802,3286.053,59.5,0,1.0821041,0,0,nan,nan,1824.0993,-79.472658,-0.58867548,-77.974142,1.1814148e-05,5.6646531,0.0044028823,0,0,0,0,0,0
30.48,1031.1391,29.822011,-3283.7459,33.713617,2.0320883,57.844115,2.6633537e-05,-1.0452714,0.00027119433,-7.1284496e-05,-0.047515579,-3.7944569e-05,-0.26179939,9.5555027e-09,0.0016275167,1,-0.7854,9.5941829e-09,0.0016097196,1,0,0,0.06476411,0.00037882321,0.19721419,64.578746,3283.7459,59.5,0,1.0821041,0,0,nan,nan,1841.2588,-79.965513,-0.58484817,-78.765091,1.188416e-05,5.6002426,0.0043532277,0,0,0,0,0,0
30.52,1032.488,29.903287,-3281.4261,33.732661,2.0317029,58.162663,2.648655e-05,-1.0471594,0.00026807831,-7.0896448e-05,-0.046851855,-3.7562521e-05,-0.26179939,9.6096426e-09,0.0016022814,1,-0.7854,9.646995e-09,0.001584736,1,0,0,0.064796479,0.00037245673,0.19810617,64.872661,3281.4261,59.5,0,1.0821041,0,0,nan,nan,1858.5035,-80.457452,-0.58100271,-79.557652,1.1953019e-05,5.5420527,0.0043050432,0,0,0,0,0,0
30.56,1033.8377,29.984548,-3279.0935,33.752139,2.0313202,58.480695,2.6338712e-05,-1.049021,0.0002649846,-7.0506168e-05,-0.046194766,-3.7183543e-05,-0.26179939,9.6626095e-09,0.0015774037,1,-0.7854,9.6995702e-09,0.0015601075,1,0,0,0.064828456,0.00036617869,0.19899797,65.166541,3279.0935,59.5,0,1.0821041,0,0,nan,nan,1875.8332,-80.94842,-0.57714014,-80.352297,1.2021433e-05,5.4888356,0.0042581715,0,0,0,0,0,0
30.6,1035.1881,30.065794,-3276.7483,33.772053,2.0309401,58.798211,2.6190016e-05,-1.0508564,0.00026191321,-7.0113658e-05,-0.045543805,-3.6807524e-05,-0.26179939,9.715589e-09,0.0015528801,1,-0.7854,9.7528835e-09,0.0015358306,1,0,0,0.064860138,0.00035998809,0.19988956,65.460382,3276.7483,59.5,0,1.0821041,0,0,nan,nan,1893.2476,-81.438359,-0.57326149,-81.149601,1.209e-05,5.4390808,0.0042124162,0,0,0,0,0,0
30.64,1036.5394,30.147024,-3274.3903,33.792423,2.0305625,59.115139,2.6037976e-05,-1.0526662,0.00025886701,-6.9718733e-05,-0.0449292,-3.6320631e-05,-0.26179939,9.8324612e-09,0.0015292981,1,-0.7854,1.0034719e-08,0.0015133376,1,0,0,0.064890604,0.00035388034,0.20078076,65.75412,3274.3903,59.5,0,1.0821041,0,0,nan,nan,1910.7432,-82.122219,-0.56968055,-82.127339,1.2191917e-05,4.7768047,0.0055774984,0,0,0,0,0,0
30.68,1037.8915,30.22824,-3272.0197,33.813271,2.0301878,59.431361,2.5876085e-05,-1.054453,0.00025585355,-6.9316959e-05,-0.044399781,-3.5881344e-05,-0.26179939,1.0434075e-08,0.0015068508,1,-0.7854,1.0990763e-08,0.0014911995,1,0,0,0.064916463,0.00034785599,0.20167124,66.04765,3272.0197,59.5,0,1.0821041,0,0,nan,nan,1928.3139,-82.836946,-0.56510315,-83.10732,1.2549145e-05,4.0938092,0.0037212024,0,0,0,0,0,0
30.72,1039.2444,30.30944,-3269.6365,33.834578,2.0298161,59.746881,2.5715479e-05,-1.0562202,0.00025286041,-6.8901709e-05,-0.043945599,-3.5605611e-05,-0.26179939,1.1081776e-08,0.0014843943,1,-0.7854,1.134288e-08,0.001468639,1,0,0,0.064935155,0.00034192312,0.20256098,66.340965,3269.6365,59.5,0,1.0821041,0,0,nan,nan,1945.9592,-83.555825,-0.56092086,-84.045248,1.2934874e-05,3.5263815,0.0032795632,0,0,0,0,0,0
30.76,1040.5982,30.390626,-3267.2406,33.856315,2.0294472,60.061716,2.5561349e-05,-1.0579703,0.0002498821,-6.8478977e-05,-0.043550698,-3.5301068e-05,-0.26179939,1.1063575e-08,0.001462005,1,-0.7854,1.0837709e-08,0.001446452,1,0,0,0.064944826,0.00033607855,0.20344996,66.634057,3267.2406,59.5,0,1.0821041,0,0,nan,nan,1963.6786,-84.279312,-0.55700887,-84.926903,1.2968596e-05,3.1110885,0.0038513997,0,0,0,0,0,0
30.8,1041.9529,30.471797,-3264.8322,33.878446,2.029081,60.375884,2.5409973e-05,-1.0597055,0.0002469229,-6.80597e-05,-0.04319551,-3.4953202e-05,-0.26179939,1.0587091e-08,0.0014400105,1,-0.7854,1.0208736e-08,0.0014247423,1,0,0,0.064944437,0.0003303189,0.20433816,66.926922,3264.8322,59.5,0,1.0821041,0,0,nan,nan,1981.4717,-85.00769,-0.55289876,-85.74329,1.2754046e-05,2.870943,0.0038681512,0,0,0,0,0,0
30.84,1043.3085,30.552953,-3262.4112,33.900932,2.0287176,60.689404,2.5260145e-05,-1.0614269,0.00024398384,-6.7648234e-05,-0.042858574,-3.4622496e-05,-0.26179939,1.0063731e-08,0.0014183421,1,-0.7854,9.7149044e-09,0.0014032529,1,0,0,0.064933817,0.00032464435,0.20522557,67.219554,3262.4112,59.5,0,1.0821041,0,0,nan,nan,1999.3383,-85.741047,-0.54868798,-86.491282,1.2509554e-05,2.8137581,0.0036500667,0,0,0,0,0,0
30.88,1044.6649,30.634095,-3259.9776,33.923731,2.0283571,61.002297,2.5112775e-05,-1.0631348,0.00024106346,-6.7244391e-05,-0.042518384,-3.4304475e-05,-0.26179939,9.5871052e-09,0.0013969071,1,-0.7854,9.265198e-09,0.0013819853,1,0,0,0.064913644,0.00031905463,0.20611217,67.511949,3259.9776,59.5,0,1.0821041,0,0,nan,nan,2017.2779,-86.479265,-0.54451492,-87.173757,1.2285977e-05,2.9318086,0.0036497542,0,0,0,0,0,0
30.92,1046.0223,30.715222,-3257.5316,33.946808,2.0279994,61.314581,2.4967451e-05,-1.0648288,0.00023816182,-6.6847556e-05,-0.04215519,-3.3978767e-05,-0.26179939,9.1543395e-09,0.0013757413,1,-0.7854,8.8746633e-09,0.0013610246,1,0,0,0.064885356,0.00031354836,0.20699795,67.804102,3257.5316,59.5,0,1.0821041,0,0,nan,nan,2035.2901,-87.222042,-0.54033915,-87.799225,1.2082372e-05,3.2028235,0.0037147606,0,0,0,0,0,0
30.96,1047.3806,30.796335,-3255.0731,33.970132,2.0276445,61.626269,2.4823052e-05,-1.0665075,0.00023527983,-6.6456729e-05,-0.041752623,-3.3647012e-05,-0.26179939,8.8097544e-09,0.001354876,1,-0.7854,8.6069937e-09,0.0013403694,1,0,0,0.064851001,0.00030812429,0.20788289,68.096008,3255.0731,59.5,0,1.0821041,0,0,nan,nan,2053.3747,-87.968913,-0.53613025,-88.380964,1.192418e-05,3.5922177,0.0037213249,0,0,0,0,0,0
31,1048.7399,30.877434,-3252.6021,33.993681,2.0272924,61.937371,2.4678816e-05,-1.0681691,0.00023241807,-6.6070082e-05,-0.04129898,-3.3313395e-05,-0.26179939,8.5839927e-09,0.0013343059,1,-0.7854,8.4657736e-09,0.0013200042,1,0,0,0.064813034,0.00030278136,0.20876697,68.387661,3252.6021,59.5,0,1.0821041,0,0,nan,nan,2071.5311,-88.719293,-0.5319128,-88.93577,1.1829916e-05,4.0563627,0.0037278535,0,0,0,0,0,0
31.04,1050.1001,30.95852,-3250.1187,34.017444,2.0269431,62.247893,2.4534078e-05,-1.0698116,0.00022957706,-6.56855e-05,-0.04078808,-3.2975475e-05,-0.26179939,8.4751959e-09,0.001314032,1,-0.7854,8.4365561e-09,0.0012999412,1,0,0,0.064774094,0.00029751834,0.20965018,68.679057,3250.1187,59.5,0,1.0821041,0,0,nan,nan,2089.7591,-89.472531,-0.52770166,-89.482403,1.1800141e-05,4.5466018,0.0037601973,0,0,0,0,0,0
31.08,1051.4612,31.039591,-3247.6229,34.041421,2.0265966,62.557831,2.438804e-05,-1.0714325,0.0002267576,-6.5300908e-05,-0.04021962,-3.2631519e-05,-0.26179939,8.478694e-09,0.0012940649,1,-0.7854,8.5181747e-09,0.0012801914,1,0,0,0.064736762,0.00029233386,0.21053251,68.970189,3247.6229,59.5,0,1.0821041,0,0,nan,nan,2108.0581,-90.227966,-0.52349515,-90.039887,1.1833773e-05,5.0136507,0.0037905276,0,0,0,0,0,0
31.12,1052.8234,31.120648,-3245.1147,34.065623,2.026253,62.867178,2.4239955e-05,-1.0730296,0.00022396049,-6.4914237e-05,-0.039598997,-3.2282562e-05,-0.26179939,8.5916777e-09,0.0012744098,1,-0.7854,8.705425e-09,0.0012607551,1,0,0,0.064703341,0.00028722652,0.21141392,69.261051,3245.1147,59.5,0,1.0821041,0,0,nan,nan,2126.4277,-90.984984,-0.51929551,-90.625818,1.1930716e-05,5.4119854,0.0038074716,0,0,0,0,0,0
31.16,1054.1864,31.201692,-3242.5942,34.090071,2.0259121,63.175923,2.4089248e-05,-1.0746011,0.00022118645,-6.4523483e-05,-0.038936627,-3.1929874e-05,-0.26179939,8.8034001e-09,0.0012550668,1,-0.7854,8.9806243e-09,0.0012416302,1,0,0,0.064675664,0.00028219499,0.2122944,69.551636,3242.5942,59.5,0,1.0821041,0,0,nan,nan,2144.8673,-91.743068,-0.51510813,-91.254818,1.208617e-05,5.7038228,0.0038149331,0,0,0,0,0,0
31.2,1055.5505,31.282722,-3240.0613,34.114793,2.0255741,63.484048,2.3935515e-05,-1.0761456,0.00021843607,-6.4126885e-05,-0.038246834,-3.157454e-05,-0.26179939,9.0947321e-09,0.0012360344,1,-0.7854,9.3202069e-09,0.0012228143,1,0,0,0.064654949,0.00027723792,0.21317393,69.841937,3240.0613,59.5,0,1.0821041,0,0,nan,nan,2163.3765,-92.501843,-0.51093502,-91.937292,1.2290181e-05,5.862335,0.0038109897,0,0,0,0,0,0
31.24,1056.9156,31.363738,-3237.5161,34.139821,2.0252388,63.791536,2.3778532e-05,-1.0776621,0.00021570983,-6.3723055e-05,-0.037546413,-3.1218153e-05,-0.26179939,9.4420287e-09,0.001217309,1,-0.7854,9.6981411e-09,0.0012043021,1,0,0,0.064641714,0.00027235402,0.21405249,70.131946,3237.5161,59.5,0,1.0821041,0,0,nan,nan,2181.9545,-93.261104,-0.50677576,-92.678585,1.2529739e-05,5.8738085,0.0037912825,0,0,0,0,0,0
31.28,1058.2817,31.444741,-3234.9586,34.165191,2.0249064,64.098368,2.3618283e-05,-1.0791508,0.00021300799,-6.3311066e-05,-0.036853,-3.0862655e-05,-0.26179939,9.818747e-09,0.0011988841,1,-0.7854,1.0086184e-08,0.0011860848,1,0,0,0.064635765,0.00026754211,0.21493004,70.421657,3234.9586,59.5,0,1.0821041,0,0,nan,nan,2200.6009,-94.020824,-0.50262951,-93.478626,1.2789646e-05,5.7385591,0.0037554687,0,0,0,0,0,0
31.32,1059.6488,31.525731,-3232.3888,34.190934,2.0245768,64.404525,2.345496e-05,-1.080612,0.00021033064,-6.289051e-05,-0.03618341,-3.0509911e-05,-0.26179939,1.0196894e-08,0.0011807509,1,-0.7854,1.0456115e-08,0.0011681525,1,0,0,0.06463624,0.00026280107,0.21580658,70.711061,3232.3888,59.5,0,1.0821041,0,0,nan,nan,2219.3151,-94.781159,-0.49849467,-94.33207,1.3053319e-05,5.4705275,0.0037054554,0,0,0,0,0,0
31.36,1061.0169,31.606708,-3229.8069,34.217081,2.0242499,64.709992,2.3288932e-05,-1.0820472,0.00020767768,-6.2461521e-05,-0.035552103,-3.0161577e-05,-0.26179939,1.0549639e-08,0.0011628992,1,-0.7854,1.0782835e-08,0.0011504943,1,0,0,0.064641723,0.00025812993,0.21668207,71.000151,3229.8069,59.5,0,1.0821041,0,0,nan,nan,2238.0965,-95.542414,-0.49436873,-95.228947,1.3304357e-05,5.0956081,0.0036434778,0,0,0,0,0,0
31.4,1062.3861,31.687672,-3227.2127,34.243652,2.0239259,65.014757,2.3120702e-05,-1.0834581,0.0002050488,-6.2024743e-05,-0.034969899,-2.9819037e-05,-0.26179939,1.085383e-08,0.0011453183,1,-0.7854,1.104644e-08,0.0011330993,1,0,0,0.064650394,0.0002535278,0.21755649,71.288922,3227.2127,59.5,0,1.0821041,0,0,nan,nan,2256.9445,-96.305021,-0.49024875,-96.155719,1.3528116e-05,4.6488825,0.0035725905,0,0,0,0,0,0
31.44,1063.7563,31.768623,-3224.6063,34.270661,2.0236046,65.318811,2.2950864e-05,-1.0848467,0.00020244362,-6.1581254e-05,-0.034443086,-2.9483272e-05,-0.26179939,1.1091771e-08,0.0011279973,1,-0.7854,1.1233508e-08,0.0011159568,1,0,0,0.064660225,0.00024899387,0.21842984,71.577366,3224.6063,59.5,0,1.0821041,0,0,nan,nan,2275.8587,-97.069481,-0.48613194,-97.096665,1.3712905e-05,4.1710329,0.0034967731,0,0,0,0,0,0
31.48,1065.1277,31.849561,-3221.9878,34.29811,2.0232861,65.622153,2.2780046e-05,-1.0862153,0.00019986161,-6.1132458e-05,-0.033972976,-2.915478e-05,-0.26179939,1.125242e-08,0.0011109262,1,-0.7854,1.1337943e-08,0.0010990575,1,0,0,0.064669175,0.00024452742,0.21930208,71.865477,3221.9878,59.5,0,1.0821041,0,0,nan,nan,2294.8384,-97.83632,-0.48201583,-98.035444,1.3850868e-05,3.7042921,0.0034202364,0,0,0,0,0,0
31.52,1066.5001,31.930487,-3219.3571,34.325994,2.0229704,65.924784,2.2608853e-05,-1.0875661,0.00019730223,-6.0679944e-05,-0.033555957,-2.8833566e-05,-0.26179939,1.1332009e-08,0.0010940961,1,-0.7854,1.1361114e-08,0.0010823936,1,0,0,0.064675392,0.00024012779,0.2201732,72.153251,3219.3571,59.5,0,1.0821041,0,0,nan,nan,2313.8832,-98.606032,-0.47789855,-98.956688,1.3938541e-05,3.2883266,0.0033469122,0,0,0,0,0,0
31.56,1067.8737,32.011399,-3216.7144,34.354298,2.0226575,66.226711,2.2437817e-05,-1.0889012,0.00019476497,-6.0225345e-05,-0.033184015,-2.8519181e-05,-0.26179939,1.1333923e-08,0.0010775001,1,-0.7854,1.1311221e-08,0.0010659595,1,0,0,0.064677377,0.00023579434,0.22104319,72.440683,3216.7144,59.5,0,1.0821041,0,0,nan,nan,2332.9927,-99.37903,-0.47377906,-99.84746,1.3976948e-05,2.9564576,0.003280191,0,0,0,0,0,0
31.6,1069.2484,32.0923,-3214.0596,34.383,2.0223474,66.527942,2.2267357e-05,-1.090222,0.00019224935,-5.9770197e-05,-0.032845676,-2.8210791e-05,-0.26179939,1.1267902e-08,0.0010611331,1,-0.7854,1.1202054e-08,0.0010497515,1,0,0,0.064674117,0.00023152642,0.22191204,72.727768,3214.0596,59.5,0,1.0821041,0,0,nan,nan,2352.1665,-100.15561,-0.46965725,-100.69845,1.3971266e-05,2.7325865,0.0032226459,0,0,0,0,0,0
31.64,1070.6243,32.173188,-3211.3928,34.412074,2.02204,66.82849,2.2097749e-05,-1.0915297,0.00018975501,-5.9315809e-05,-0.032527253,-2.7907283e-05,-0.26179939,1.1148685e-08,0.001044992,1,-0.7854,1.1051318e-08,0.0010337679,1,0,0,0.064665161,0.00022732337,0.22277973,73.014503,3211.3928,59.5,0,1.0821041,0,0,nan,nan,2371.404,-100.93591,-0.46553395,-101.50479,1.3930105e-05,2.6291214,0.0031757955,0,0,0,0,0,0
31.68,1072.0013,32.254064,-3208.7139,34.441493,2.0217354,67.128366,2.1929117e-05,-1.0928249,0.00018728169,-5.8863173e-05,-0.032214279,-2.7607395e-05,-0.26179939,1.099429e-08,0.0010290754,1,-0.7854,1.0878689e-08,0.0010180085,1,0,0,0.064650637,0.00022318449,0.22364625,73.300884,3208.7139,59.5,0,1.0821041,0,0,nan,nan,2390.705,-101.71991,-0.46141082,-102.26637,1.38645e-05,2.6460964,0.0031400144,0,0,0,0,0,0
31.72,1073.3796,32.334927,-3206.0231,34.471232,2.0214336,67.427582,2.1761432e-05,-1.0941074,0.0001848293,-5.8412894e-05,-0.031892971,-2.7309851e-05,-0.26179939,1.0824067e-08,0.0010133837,1,-0.7854,1.0703796e-08,0.0010024744,1,0,0,0.064631214,0.00021910903,0.22451158,73.586906,3206.0231,59.5,0,1.0821041,0,0,nan,nan,2410.069,-102.50746,-0.45729019,-102.98773,1.3786717e-05,2.7715555,0.0031145745,0,0,0,0,0,0
31.76,1074.759,32.415779,-3203.3203,34.501267,2.0211345,67.726148,2.1594535e-05,-1.0953767,0.00018239784,-5.796518e-05,-0.031551581,-2.7013488e-05,-0.26179939,1.065676e-08,0.00099791793,1,-0.7854,1.0544341e-08,0.00098716746,1,0,0,0.06460801,0.00021509617,0.22537573,73.872568,3203.3203,59.5,0,1.0821041,0,0,nan,nan,2429.4956,-103.29823,-0.45317488,-103.67745,1.3708994e-05,2.9831412,0.0030977835,0,0,0,0,0,0
31.8,1076.1396,32.496619,-3200.6056,34.531582,2.0208382,68.02407,2.1428161e-05,-1.0966319,0.00017998746,-5.7519852e-05,-0.031181493,-2.6717365e-05,-0.26179939,1.0508748e-08,0.00098268001,1,-0.7854,1.041453e-08,0.0009720896,1,0,0,0.064582456,0.00021114506,0.22623867,74.157864,3200.6056,59.5,0,1.0821041,0,0,nan,nan,2448.9844,-104.09182,-0.44906787,-104.34711,1.3642353e-05,3.2507067,0.0030872125,0,0,0,0,0,0
31.84,1077.5214,32.577447,-3197.879,34.562169,2.0205446,68.32135,2.1261978e-05,-1.0978716,0.00017759838,-5.7076407e-05,-0.030777971,-2.6420846e-05,-0.26179939,1.0392632e-08,0.00096767162,1,-0.7854,1.0323948e-08,0.00095724238,1,0,0,0.064556137,0.00020725478,0.2271004,74.442791,3197.879,59.5,0,1.0821041,0,0,nan,nan,2468.535,-104.88776,-0.44497207,-105.01003,1.3595582e-05,3.5396639,0.0030799903,0,0,0,0,0,0
31.88,1078.9045,32.658263,-3195.1405,34.593026,2.0202537,68.617988,2.1095635e-05,-1.0990945,0.00017523087,-5.6634099e-05,-0.030340475,-2.6123639e-05,-0.26179939,1.0316296e-08,0.00095289401,1,-0.7854,1.0276975e-08,0.00094262656,1,0,0,0.06453062,0.00020342438,0.2279609,74.727344,3195.1405,59.5,0,1.0821041,0,0,nan,nan,2488.1468,-105.68557,-0.44089009,-105.67985,1.3574509e-05,3.8147073,0.0030731293,0,0,0,0,0,0
31.92,1080.2888,32.739068,-3192.3902,34.624162,2.0199655,68.913979,2.0928797e-05,-1.1002993,0.00017288523,-5.6192044e-05,-0.02987254,-2.5825805e-05,-0.26179939,1.0282493e-08,0.00093834754,1,-0.7854,1.0272756e-08,0.00092824176,1,0,0,0.064507299,0.00019965293,0.22882015,75.011519,3192.3902,59.5,0,1.0821041,0,0,nan,nan,2507.8195,-106.48482,-0.43682406,-106.36904,1.3581595e-05,4.0435169,0.0030638446,0,0,0,0,0,0
31.96,1081.6744,32.819861,-3189.628,34.655591,2.01968,69.209314,2.0761188e-05,-1.1014849,0.00017056173,-5.574933e-05,-0.029381221,-2.5527724e-05,-0.26179939,1.0288982e-08,0.00092403141,1,-0.7854,1.0305712e-08,0.00091408634,1,0,0,0.064487252,0.00019593944,0.22967814,75.295309,3189.628,59.5,0,1.0821041,0,0,nan,nan,2527.5524,-107.28513,-0.43277543,-107.08768,1.36159e-05,4.2000488,0.0030498346,0,0,0,0,0,0
32,1083.0612,32.900643,-3186.854,34.68733,2.0193972,69.503983,2.0592614e-05,-1.1026506,0.00016826057,-5.5305125e-05,-0.0288762,-2.5230029e-05,-0.26179939,1.0329164e-08,0.00090994356,1,-0.7854,1.0366497e-08,0.0009001573,1,0,0,0.064471147,0.00019228299,0.23053486,75.578711,3186.854,59.5,0,1.0821041,0,0,nan,nan,2547.3451,-108.08626,-0.42874502,-107.84245,1.3673405e-05,4.2670728,0.0030294943,0,0,0,0,0,0
32.04,1084.4493,32.981413,-3184.0683,34.719403,2.0191171,69.797974,2.0422989e-05,-1.103796,0.00016598188,-5.4858769e-05,-0.028368635,-2.4933526e-05,-0.26179939,1.0393121e-08,0.00089608063,1,-0.7854,1.0443285e-08,0.00088645047,1,0,0,0.064459192,0.00018868268,0.23139028,75.861719,3184.0683,59.5,0,1.0821041,0,0,nan,nan,2567.1969,-108.8881,-0.42473293,-108.63604,1.3747628e-05,4.2376991,0.0030020432,0,0,0,0,0,0
32.08,1085.8387,33.062173,-3181.2708,34.751832,2.0188397,70.091275,2.0252333e-05,-1.1049212,0.00016372569,-5.440984e-05,-0.027869896,-2.4639087e-05,-0.26179939,1.046893e-08,0.00088243821,1,-0.7854,1.0523222e-08,0.00087296073,1,0,0,0.064451137,0.00018513764,0.2322444,76.144328,3181.2708,59.5,0,1.0821041,0,0,nan,nan,2587.1074,-109.69066,-0.42073872,-109.467,1.3830469e-05,4.1157493,0.0029675555,0,0,0,0,0,0
32.12,1087.2294,33.142921,-3178.4616,34.784638,2.018565,70.383874,2.008077e-05,-1.1060268,0.00016149193,-5.3958191e-05,-0.027390324,-2.4347553e-05,-0.26179939,1.0544099e-08,0.00086901101,1,-0.7854,1.0593892e-08,0.00085968231,1,0,0,0.064446324,0.00018164707,0.23309718,76.426531,3178.4616,59.5,0,1.0821041,0,0,nan,nan,2607.076,-110.49411,-0.41676149,-110.33005,1.3913187e-05,3.9149558,0.0029268969,0,0,0,0,0,0
32.16,1088.6214,33.223658,-3175.6407,34.817836,2.0182929,70.675763,1.9908511e-05,-1.1071137,0.00015928044,-5.3503959e-05,-0.026938146,-2.4059644e-05,-0.26179939,1.0606956e-08,0.00085579329,1,-0.7854,1.0644627e-08,0.00084660924,1,0,0,0.064443777,0.00017821022,0.23394863,76.708325,3175.6407,59.5,0,1.0821041,0,0,nan,nan,2627.1021,-111.2987,-0.41280011,-111.21678,1.3987378e-05,3.6571017,0.0028815777,0,0,0,0,0,0
32.2,1090.0148,33.304385,-3172.8081,34.851438,2.0180234,70.966935,1.9735825e-05,-1.1081832,0.00015709098,-5.3047537e-05,-0.02651866,-2.3775886e-05,-0.26179939,1.0647852e-08,0.00084277912,1,-0.7854,1.0667537e-08,0.00083373565,1,0,0,0.064442327,0.00017482639,0.23479872,76.989704,3172.8081,59.5,0,1.0821041,0,0,nan,nan,2647.1853,-112.10475,-0.40885336,-112.11672,1.4045875e-05,3.3693287,0.0028335441,0,0,0,0,0,0
32.24,1091.4095,33.385101,-3169.9639,34.885448,2.0177566,71.257388,1.9563012e-05,-1.1092365,0.00015492324,-5.2589523e-05,-0.026133778,-2.3496567e-05,-0.26179939,1.0660065e-08,0.00082996286,1,-0.7854,1.0658164e-08,0.00082105613,1,0,0,0.064440753,0.00017149491,0.23564745,77.270665,3169.9639,59.5,0,1.0821041,0,0,nan,nan,2667.3249,-112.91263,-0.40492015,-113.01852,1.4083449e-05,3.0809321,0.0027849333,0,0,0,0,0,0
32.28,1092.8055,33.465806,-3167.1081,34.919862,2.0174924,71.547121,1.9390369e-05,-1.1102751,0.00015277693,-5.2130648e-05,-0.025781956,-2.3221723e-05,-0.26179939,1.0640311e-08,0.00081733936,1,-0.7854,1.0615714e-08,0.00080856601,1,0,0,0.064437914,0.00016821516,0.23649479,77.551202,3167.1081,59.5,0,1.0821041,0,0,nan,nan,2687.5206,-113.72267,-0.40099969,-113.9113,1.4097267e-05,2.8200113,0.0027378222,0,0,0,0,0,0
32.32,1094.203,33.546501,-3164.2407,34.954673,2.0172309,71.836137,1.9218163e-05,-1.1113001,0.00015065171,-5.1671698e-05,-0.025458518,-2.2951146e-05,-0.26179939,1.0588843e-08,0.00080490424,1,-0.7854,1.0542861e-08,0.00079626148,1,0,0,0.064432878,0.00016498652,0.23734074,77.831313,3164.2407,59.5,0,1.0821041,0,0,nan,nan,2707.7717,-114.53518,-0.39709155,-114.78582,1.4087053e-05,2.6103592,0.0026939977,0,0,0,0,0,0
32.36,1095.6019,33.627185,-3161.3618,34.989867,2.0169719,72.124441,1.9046601e-05,-1.1123127,0.00014854731,-5.1213428e-05,-0.025156321,-2.2684429e-05,-0.26179939,1.0509158e-08,0.00079265399,1,-0.7854,1.0445194e-08,0.00078413967,1,0,0,0.064425012,0.00016180837,0.23818528,78.110994,3161.3618,59.5,0,1.0821041,0,0,nan,nan,2728.078,-115.35034,-0.39319578,-115.63547,1.4054957e-05,2.4689352,0.0026547739,0,0,0,0,0,0
32.4,1097.0021,33.707859,-3158.4714,35.025426,2.0167156,72.412041,1.8875819e-05,-1.1133134,0.0001464635,-5.075649e-05,-0.024866669,-2.2421025e-05,-0.26179939,1.0407356e-08,0.00078058601,1,-0.7854,1.0330366e-08,0.00077219861,1,0,0,0.064414038,0.00015868011,0.23902842,78.390243,3158.4714,59.5,0,1.0821041,0,0,nan,nan,2748.439,-116.16826,-0.38931289,-116.45693,1.4005156e-05,2.4041999,0.002620874,0,0,0,0,0,0
32.44,1098.4038,33.788523,-3155.5694,35.061334,2.0164618,72.698942,1.8705875e-05,-1.1143026,0.0001444001,-5.0301378e-05,-0.024580376,-2.2160317e-05,-0.26179939,1.029126e-08,0.00076869854,1,-0.7854,1.0207081e-08,0.00076043705,1,0,0,0.064400047,0.00015560109,0.23987013,78.669055,3155.5694,59.5,0,1.0821041,0,0,nan,nan,2768.8542,-116.98891,-0.38544377,-117.25038,1.3943262e-05,2.4154792,0.0025923875,0,0,0,0,0,0
32.48,1099.807,33.869177,-3152.656,35.097573,2.0162106,72.985152,1.8536749e-05,-1.1152803,0.00014235702,-4.9848388e-05,-0.024288836,-2.1901694e-05,-0.26179939,1.0169414e-08,0.00075699044,1,-0.7854,1.008404e-08,0.00074885425,1,0,0,0.06438347,0.00015257067,0.24071042,78.947429,3152.656,59.5,0,1.0821041,0,0,nan,nan,2789.3232,-117.81214,-0.38158966,-118.01939,1.387559e-05,2.4934073,0.0025688033,0,0,0,0,0,0
32.52,1101.2116,33.94982,-3149.7312,35.13413,2.0159619,73.270675,1.8368352e-05,-1.1162462,0.00014033423,-4.939761e-05,-0.023984989,-2.1644621e-05,-0.26179939,1.0050061e-08,0.00074546103,1,-0.7854,9.9689588e-09,0.00073744974,1,0,0,0.064365004,0.00014958817,0.24154926,79.225361,3149.7312,59.5,0,1.0821041,0,0,nan,nan,2809.8456,-118.63773,-0.37775196,-118.77032,1.3808399e-05,2.6213682,0.0025491107,0,0,0,0,0,0
32.56,1102.6176,34.030454,-3146.795,35.170996,2.0157158,73.555514,1.8200551e-05,-1.1171995,0.00013833174,-4.8948941e-05,-0.023664062,-2.1388692e-05,-0.26179939,9.9402434e-09,0.0007341098,1,-0.7854,9.8677793e-09,0.00072622307,1,0,0,0.064345525,0.0001466529,0.24238666,79.502848,3146.795,59.5,0,1.0821041,0,0,nan,nan,2830.4209,-119.46537,-0.37393213,-119.51149,1.3747188e-05,2.77774,0.0025319526,0,0,0,0,0,0
32.6,1104.0252,34.111078,-3143.8473,35.208166,2.0154722,73.83967,1.8033185e-05,-1.1181397,0.00013634961,-4.8502117e-05,-0.023324013,-2.1133667e-05,-0.26179939,9.845106e-09,0.00072293618,1,-0.7854,9.7841395e-09,0.00071517355,1,0,0,0.064325967,0.00014376414,0.24322259,79.779887,3143.8473,59.5,0,1.0821041,0,0,nan,nan,2851.0487,-120.29474,-0.37013154,-120.25208,1.3696114e-05,2.9386546,0.0025158106,0,0,0,0,0,0
32.64,1105.4342,34.191692,-3140.8884,35.245644,2.0152311,74.12314,1.7866089e-05,-1.1190659,0.00013438792,-4.8056766e-05,-0.022965635,-2.0879489e-05,-0.26179939,9.7674665e-09,0.00071193934,1,-0.7854,9.7191529e-09,0.00070430007,1,0,0,0.064307215,0.00014092117,0.24405706,80.056475,3140.8884,59.5,0,1.0821041,0,0,nan,nan,2871.7284,-121.12551,-0.36635136,-121.00105,1.3657613e-05,3.0809293,0.0024991969,0,0,0,0,0,0
32.68,1106.8448,34.272297,-3137.9181,35.283434,2.0149925,74.405921,1.769912e-05,-1.1199775,0.00013244674,-4.7612464e-05,-0.02259231,-2.0626269e-05,-0.26179939,9.7076936e-09,0.00070111796,1,-0.7854,9.6714983e-09,0.00069360099,1,0,0,0.064289999,0.00013812328,0.24489004,80.332607,3137.9181,59.5,0,1.0821041,0,0,nan,nan,2892.4596,-121.95741,-0.36259248,-121.76601,1.3632237e-05,3.184813,0.0024808303,0,0,0,0,0,0
32.72,1108.2568,34.352892,-3134.9365,35.321549,2.0147564,74.688006,1.7532172e-05,-1.1208739,0.0001305261,-4.71688e-05,-0.022209475,-2.0374265e-05,-0.26179939,9.6638793e-09,0.00069047025,1,-0.7854,9.6377894e-09,0.0006830741,1,0,0,0.064274818,0.00013536976,0.24572154,80.60828,3134.9365,59.5,0,1.0821041,0,0,nan,nan,2913.2418,-122.79024,-0.35885546,-122.55241,1.361873e-05,3.2362214,0.0024597758,0,0,0,0,0,0
32.76,1109.6704,34.433478,-3131.9436,35.36,2.0145227,74.969388,1.7365191e-05,-1.121755,0.00012862603,-4.6725426e-05,-0.021823847,-2.0123829e-05,-0.26179939,9.632266e-09,0.00067999382,1,-0.7854,9.6131611e-09,0.00067271667,1,0,0,0.06426189,0.00013265992,0.24655152,80.88349,3131.9436,59.5,0,1.0821041,0,0,nan,nan,2934.0744,-123.62387,-0.35514051,-123.36297,1.3614312e-05,3.2282015,0.0024355326,0,0,0,0,0,0
32.8,1111.0855,34.514055,-3128.9395,35.398803,2.0142916,75.250059,1.7198174e-05,-1.1226206,0.00012674647,-4.6282103e-05,-0.021442542,-1.9875365e-05,-0.26179939,9.6078599e-09,0.0006696858,1,-0.7854,9.5919848e-09,0.00066252551,1,0,0,0.064251147,0.00012999309,0.24737999,81.158233,3128.9395,59.5,0,1.0821041,0,0,nan,nan,2954.957,-124.45829,-0.35144757,-124.1974,1.3615124e-05,3.1614707,0.0024080628,0,0,0,0,0,0
32.84,1112.5022,34.594622,-3125.9242,35.437971,2.0140628,75.530012,1.7031177e-05,-1.1234713,0.00012488734,-4.5838729e-05,-0.021072167,-1.9629264e-05,-0.26179939,9.585144e-09,0.00065954296,1,-0.7854,9.5686209e-09,0.00065249715,1,0,0,0.064242253,0.00012736864,0.24820694,81.432505,3125.9242,59.5,0,1.0821041,0,0,nan,nan,2975.8889,-125.29359,-0.34777634,-125.05265,1.3616778e-05,3.0439898,0.002377761,0,0,0,0,0,0
32.88,1113.9205,34.67518,-3122.8977,35.477513,2.0138365,75.80924,1.6864298e-05,-1.1243074,0.0001230485,-4.5395344e-05,-0.020718033,-1.9385864e-05,-0.26179939,9.5587969e-09,0.00064956182,1,-0.7854,9.5381107e-09,0.00064262801,1,0,0,0.064234667,0.00012478595,0.24903234,81.706303,3122.8977,59.5,0,1.0821041,0,0,nan,nan,2996.8696,-126.12991,-0.34412638,-125.92336,1.3614935e-05,2.8896531,0.0023453727,0,0,0,0,0,0
32.92,1115.3404,34.755729,-3119.86,35.517437,2.0136127,76.087741,1.6697667e-05,-1.1251296,0.00012122977,-4.4952122e-05,-0.020383548,-1.9145405e-05,-0.26179939,9.5243295e-09,0.00063973884,1,-0.7854,9.4967299e-09,0.00063291459,1,0,0,0.064227719,0.00012224444,0.24985619,81.979622,3119.86,59.5,0,1.0821041,0,0,nan,nan,3017.8987,-126.96748,-0.34049722,-126.80263,1.3605832e-05,2.7162877,0.0023118736,0,0,0,0,0,0
32.96,1116.7618,34.83627,-3116.8112,35.557745,2.0133912,76.365511,1.653143e-05,-1.125939,0.00011943095,-4.4509345e-05,-0.020069886,-1.8908007e-05,-0.26179939,9.4785683e-09,0.0006300706,1,-0.7854,9.4423444e-09,0.00062335357,1,0,0,0.064220702,0.00011974354,0.25067847,82.25246,3116.8112,59.5,0,1.0821041,0,0,nan,nan,3038.9757,-127.80652,-0.33688843,-127.68297,1.3586709e-05,2.5432334,0.0022783289,0,0,0,0,0,0
33,1118.1849,34.916801,-3113.7513,35.598434,2.0131721,76.64255,1.6365731e-05,-1.1267361,0.00011765182,-4.4067367e-05,-0.019775952,-1.8673666e-05,-0.26179939,9.4199361e-09,0.00062055392,1,-0.7854,9.3745398e-09,0.00061394201,1,0,0,0.064212965,0.00011728271,0.25149919,82.524814,3113.7513,59.5,0,1.0821041,0,0,nan,nan,3060.1,-128.64725,-0.33329974,-128.55727,1.3556077e-05,2.3888261,0.0022457514,0,0,0,0,0,0
33.04,1119.6096,34.997324,-3110.6804,35.639499,2.0129554,76.91886,1.6200696e-05,-1.1275218,0.00011589218,-4.3626568e-05,-0.019498631,-1.844226e-05,-0.26179939,9.348511e-09,0.00061118598,1,-0.7854,9.2945254e-09,0.00060467733,1,0,0,0.064203987,0.00011486141,0.25231833,82.79668,3110.6804,59.5,0,1.0821041,0,0,nan,nan,3081.2712,-129.48984,-0.32973104,-129.4197,1.3513814e-05,2.2681073,0.0022149753,0,0,0,0,0,0
33.08,1121.036,35.077838,-3107.5984,35.680931,2.012741,77.194444,1.6036424e-05,-1.1282967,0.00011415183,-4.3187312e-05,-0.019233288,-1.8213576e-05,-0.26179939,9.2658734e-09,0.00060196435,1,-0.7854,9.2048417e-09,0.00059555739,1,0,0,0.064193442,0.00011247911,0.25313588,83.068056,3107.5984,59.5,0,1.0821041,0,0,nan,nan,3102.4888,-130.33441,-0.32618245,-130.26634,1.3461075e-05,2.1910483,0.0021865637,0,0,0,0,0,0
33.12,1122.464,35.158344,-3104.5054,35.722719,2.012529,77.469306,1.5872974e-05,-1.1290611,0.0001124306,-4.2749908e-05,-0.018974443,-1.7987344e-05,-0.26179939,9.1747774e-09,0.00059288699,1,-0.7854,9.1089248e-09,0.00058658044,1,0,0,0.064181226,0.00011013527,0.25395184,83.33894,3104.5054,59.5,0,1.0821041,0,0,nan,nan,3123.7525,-131.18099,-0.32265429,-131.09567,1.3400051e-05,2.1614998,0.0021607556,0,0,0,0,0,0
33.16,1123.8937,35.238841,-3101.4014,35.764851,2.0123193,77.743448,1.5710366e-05,-1.1298152,0.00011072837,-4.2314584e-05,-0.018716515,-1.7763271e-05,-0.26179939,9.0786998e-09,0.00058395224,1,-0.7854,9.0105925e-09,0.000577745,1,0,0,0.064167456,0.00010782935,0.25476619,83.609329,3101.4014,59.5,0,1.0821041,0,0,nan,nan,3145.0616,-132.02952,-0.31914706,-131.9086,1.3333615e-05,2.1769808,0.0021374611,0,0,0,0,0,0
33.2,1125.3251,35.31933,-3098.2864,35.807319,2.0121119,78.016875,1.5548584e-05,-1.1305589,0.00010904503,-4.1881467e-05,-0.018454552,-1.7541085e-05,-0.26179939,8.9813367e-09,0.00057515865,1,-0.7854,8.9135258e-09,0.00056904981,1,0,0,0.064152445,0.00010556082,0.25557893,83.879221,3098.2864,59.5,0,1.0821041,0,0,nan,nan,3166.4159,-132.87989,-0.31566137,-132.70824,1.3264902e-05,2.2293052,0.0021162987,0,0,0,0,0,0
33.24,1126.7582,35.39981,-3095.1606,35.850113,2.0119068,78.289588,1.5387584e-05,-1.131292,0.00010738052,-4.1450583e-05,-0.018184842,-1.7320566e-05,-0.26179939,8.8861138e-09,0.00056650497,1,-0.7854,8.8208122e-09,0.00056049365,1,0,0,0.064136645,0.0001033291,0.25639006,84.148614,3095.1606,59.5,0,1.0821041,0,0,nan,nan,3187.8148,-133.73192,-0.31219787,-133.49941,1.3196886e-05,2.3059338,0.0020966685,0,0,0,0,0,0
33.28,1128.1931,35.480283,-3092.0238,35.893231,2.011704,78.561588,1.5227302e-05,-1.1320141,0.00010573478,-4.1021872e-05,-0.017905324,-1.7101567e-05,-0.26179939,8.7957738e-09,0.00055798996,1,-0.7854,8.7346039e-09,0.00055207529,1,0,0,0.064120582,0.00010113366,0.25719956,84.417504,3092.0238,59.5,0,1.0821041,0,0,nan,nan,3209.2579,-134.58538,-0.30875722,-134.28787,1.3132016e-05,2.3918467,0.0020778498,0,0,0,0,0,0
33.32,1129.6296,35.560747,-3088.8762,35.936672,2.0115035,78.832874,1.5067669e-05,-1.1327248,0.00010410777,-4.0595202e-05,-0.01761577,-1.6884028e-05,-0.26179939,8.7120884e-09,0.00054961232,1,-0.7854,8.6559286e-09,0.00054379334,1,0,0,0.064104783,9.8973924e-05,0.25800743,84.685889,3088.8762,59.5,0,1.0821041,0,0,nan,nan,3230.7447,-135.44006,-0.30533999,-135.07954,1.3071936e-05,2.471668,0.0020591069,0,0,0,0,0,0
33.36,1131.0679,35.641203,-3085.7178,35.980439,2.0113052,79.103444,1.490862e-05,-1.1334238,0.00010249945,-4.0170404e-05,-0.017317705,-1.6667973e-05,-0.26179939,8.6357213e-09,0.00054137058,1,-0.7854,8.5846639e-09,0.00053564621,1,0,0,0.064089701,9.6849346e-05,0.25881366,84.953767,3085.7178,59.5,0,1.0821041,0,0,nan,nan,3252.2747,-136.29577,-0.30194662,-135.8797,1.301734e-05,2.5317466,0.0020397893,0,0,0,0,0,0
33.4,1132.508,35.721652,-3082.5485,36.024536,2.0111091,79.373294,1.4750108e-05,-1.1341108,0.00010090978,-3.9747301e-05,-0.017014097,-1.6453502e-05,-0.26179939,8.5662497e-09,0.00053326308,1,-0.7854,8.5196656e-09,0.00052763208,1,0,0,0.064075662,9.4759376e-05,0.25961824,85.221135,3082.5485,59.5,0,1.0821041,0,0,nan,nan,3273.8474,-137.15235,-0.29857741,-136.69226,1.2967963e-05,2.5619141,0.0020194123,0,0,0,0,0,0
33.44,1133.9498,35.802092,-3079.3684,36.068973,2.0109153,79.64242,1.4592108e-05,-1.1347855,9.9338699e-05,-3.9325739e-05,-0.016708868,-1.6240761e-05,-0.26179939,8.5023274e-09,0.00052528795,1,-0.7854,8.4590213e-09,0.00051974892,1,0,0,0.064062831,9.2703477e-05,0.26042115,85.487989,3079.3684,59.5,0,1.0821041,0,0,nan,nan,3295.4623,-138.00971,-0.29523249,-137.51935,1.2922697e-05,2.5566914,0.0019977094,0,0,0,0,0,0
33.48,1135.3934,35.882525,-3076.1776,36.113756,2.0107236,79.910816,1.443462e-05,-1.1354481,9.7786107e-05,-3.8905608e-05,-0.016406303,-1.6029926e-05,-0.26179939,8.4419568e-09,0.00051744308,1,-0.7854,8.4003845e-09,0.0005119945,1,0,0,0.064051195,9.0681124e-05,0.2612224,85.754326,3076.1776,59.5,0,1.0821041,0,0,nan,nan,3317.119,-138.86782,-0.29191187,-138.36107,1.2879812e-05,2.5158002,0.0019746503,0,0,0,0,0,0
33.52,1136.8388,35.962951,-3072.9761,36.158895,2.0105341,80.178478,1.4277671e-05,-1.1360987,9.6251896e-05,-3.8486863e-05,-0.01611043,-1.5821167e-05,-0.26179939,8.3828245e-09,0.00050972623,1,-0.7854,8.3413374e-09,0.0005043665,1,0,0,0.06404058,8.8691807e-05,0.26202197,86.020144,3072.9761,59.5,0,1.0821041,0,0,nan,nan,3338.8168,-139.72673,-0.28861542,-139.21561,1.2837249e-05,2.4439348,0.0019504246,0,0,0,0,0,0
33.56,1138.286,36.043369,-3069.7639,36.204395,2.0103468,80.445403,1.4121311e-05,-1.1367377,9.4735931e-05,-3.8069526e-05,-0.015824477,-1.5614628e-05,-0.26179939,8.3226486e-09,0.00050213507,1,-0.7854,8.2797312e-09,0.00049686255,1,0,0,0.064030685,8.6735034e-05,0.26281986,86.28544,3069.7639,59.5,0,1.0821041,0,0,nan,nan,3360.5553,-140.58652,-0.28534298,-140.07959,1.2792928e-05,2.3498544,0.0019253966,0,0,0,0,0,0
33.6,1139.7351,36.123779,-3066.541,36.250259,2.0101617,80.711587,1.3965603e-05,-1.1373654,9.323806e-05,-3.7653683e-05,-0.015550464,-1.5410405e-05,-0.26179939,8.2594914e-09,0.00049466727,1,-0.7854,8.2139581e-09,0.00048948032,1,0,0,0.064021128,8.4810325e-05,0.26361605,86.550212,3066.541,59.5,0,1.0821041,0,0,nan,nan,3382.3341,-141.44733,-0.28209434,-140.94859,1.2745043e-05,2.2449499,0.0019000389,0,0,0,0,0,0
33.64,1141.1859,36.204182,-3063.3075,36.296489,2.0099787,80.97703,1.3810616e-05,-1.1379824,9.1758116e-05,-3.7239472e-05,-0.015288983,-1.5208538e-05,-0.26179939,8.1919957e-09,0.00048732053,1,-0.7854,8.1431247e-09,0.00048221759,1,0,0,0.064011512,8.2917212e-05,0.26441054,86.814456,3063.3075,59.5,0,1.0821041,0,0,nan,nan,3404.1525,-142.30929,-0.27886934,-141.81786,1.2692285e-05,2.1415064,0.0018748563,0,0,0,0,0,0
33.68,1142.6387,36.284578,-3060.0634,36.343083,2.0097978,81.24173,1.365642e-05,-1.1385892,9.0295933e-05,-3.6827063e-05,-0.0150392,-1.5009007e-05,-0.26179939,8.1195191e-09,0.00048009269,1,-0.7854,8.0671099e-09,0.0004750723,1,0,0,0.064001475,8.1055238e-05,0.26520332,87.07817,3060.0634,59.5,0,1.0821041,0,0,nan,nan,3426.0102,-143.17253,-0.27566786,-142.68297,1.2633989e-05,2.0509206,0.0018503109,0,0,0,0,0,0
33.72,1144.0933,36.364966,-3056.8087,36.390037,2.009619,81.505689,1.3503072e-05,-1.1391862,8.8851344e-05,-3.6416639e-05,-0.014799047,-1.481174e-05,-0.26179939,8.0421575e-09,0.00047298177,1,-0.7854,7.9865099e-09,0.0004680426,1,0,0,0.06399074,7.9223952e-05,0.26599438,87.341352,3056.8087,59.5,0,1.0821041,0,0,nan,nan,3447.9066,-144.03715,-0.27248987,-143.54044,1.2570175e-05,1.9821275,0.0018267598,0,0,0,0,0,0
33.76,1145.5498,36.445347,-3053.5435,36.437344,2.0094423,81.768908,1.3350617e-05,-1.1397737,8.7424194e-05,-3.6008371e-05,-0.014565585,-1.4616626e-05,-0.26179939,7.9606617e-09,0.00046598595,1,-0.7854,7.9024873e-09,0.00046112678,1,0,0,0.063979155,7.7422907e-05,0.26678373,87.604001,3053.5435,59.5,0,1.0821041,0,0,nan,nan,3469.8414,-144.9032,-0.26933545,-144.38817,1.2501487e-05,1.9404543,0.0018044128,0,0,0,0,0,0
33.8,1147.0082,36.525722,-3050.2677,36.484998,2.0092676,82.031388,1.319908e-05,-1.1403519,8.6014342e-05,-3.5602401e-05,-0.014335479,-1.4423533e-05,-0.26179939,7.8762713e-09,0.00045910358,1,-0.7854,7.8165541e-09,0.00045432331,1,0,0,0.063966697,7.5651657e-05,0.26757134,87.866113,3050.2677,59.5,0,1.0821041,0,0,nan,nan,3491.814,-145.77068,-0.26620474,-145.22568,1.2429053e-05,1.9270473,0.0017833149,0,0,0,0,0,0
33.84,1148.4685,36.606089,-3046.9815,36.532991,2.0090951,82.293133,1.3048467e-05,-1.140921,8.462166e-05,-3.519883e-05,-0.01410549,-1.4232331e-05,-0.26179939,7.7904934e-09,0.00045233317,1,-0.7854,7.7303257e-09,0.0004476308,1,0,0,0.063953475,7.3909758e-05,0.26835722,88.127688,3046.9815,59.5,0,1.0821041,0,0,nan,nan,3513.8241,-146.63953,-0.26309795,-146.0541,1.2354285e-05,1.9389328,0.0017633542,0,0,0,0,0,0
33.88,1149.9308,36.68645,-3043.6848,36.581319,2.0089245,82.554143,1.289877e-05,-1.1414808,8.3246036e-05,-3.4797711e-05,-0.013872941,-1.4042901e-05,-0.26179939,7.7048649e-09,0.00044567332,1,-0.7854,7.645283e-09,0.00044104789,1,0,0,0.063939701,7.2196765e-05,0.26914136,88.388723,3043.6848,59.5,0,1.0821041,0,0,nan,nan,3535.871,-147.50966,-0.26001534,-146.87587,1.2278656e-05,1.9696747,0.001744292,0,0,0,0,0,0
33.92,1151.3949,36.766804,-3040.3777,36.629977,2.008756,82.814418,1.2749969e-05,-1.1420312,8.188737e-05,-3.439905e-05,-0.013636066,-1.385516e-05,-0.26179939,7.620733e-09,0.00043912268,1,-0.7854,7.5625762e-09,0.00043457326,1,0,0,0.063925654,7.0512235e-05,0.26992376,88.649215,3040.3777,59.5,0,1.0821041,0,0,nan,nan,3557.9545,-148.38092,-0.25695715,-147.69435,1.2203485e-05,2.0105079,0.0017258096,0,0,0,0,0,0
33.96,1152.8611,36.847151,-3037.0602,36.678964,2.0085894,83.073959,1.2602036e-05,-1.1425721,8.0545568e-05,-3.4002817e-05,-0.013394207,-1.3669059e-05,-0.26179939,7.5390835e-09,0.00043267991,1,-0.7854,7.482895e-09,0.00042820554,1,0,0,0.063911634,6.8855724e-05,0.2707044,88.909164,3037.0602,59.5,0,1.0821041,0,0,nan,nan,3580.074,-149.25318,-0.25392363,-148.51325,1.2129767e-05,2.0517583,0.0017075622,0,0,0,0,0,0
34,1154.3292,36.927491,-3033.7323,36.728281,2.0084249,83.332763,1.2454946e-05,-1.1431032,7.9220539e-05,-3.3608954e-05,-0.013147843,-1.3484592e-05,-0.26179939,7.460438e-09,0.00042634363,1,-0.7854,7.406419e-09,0.00042194333,1,0,0,0.063897917,6.7226794e-05,0.27148328,89.168567,3033.7323,59.5,0,1.0821041,0,0,nan,nan,3602.2291,-150.12629,-0.25091495,-149.33609,1.2058059e-05,2.0843282,0.0016892331,0,0,0,0,0,0
34.04,1155.7992,37.007825,-3030.3941,36.777929,2.0082623,83.59083,1.2308678e-05,-1.1436244,7.7912187e-05,-3.3217394e-05,-0.012898439,-1.3301786e-05,-0.26179939,7.3848292e-09,0.00042011238,1,-0.7854,7.3328464e-09,0.0004157851,1,0,0,0.063884715,6.5625011e-05,0.2722604,89.427421,3030.3941,59.5,0,1.0821041,0,0,nan,nan,3624.4192,-151.00016,-0.24793123,-150.16563,1.1988444e-05,2.1010198,0.0016705779,0,0,0,0,0,0
34.08,1157.2713,37.088152,-3027.0456,36.827913,2.0081017,83.848156,1.2163222e-05,-1.1441356,7.6620412e-05,-3.2828072e-05,-0.012648164,-1.3120696e-05,-0.26179939,7.3118491e-09,0.00041398463,1,-0.7854,7.2614915e-09,0.00040972928,1,0,0,0.06387215,6.4049949e-05,0.27303574,89.685725,3027.0456,59.5,0,1.0821041,0,0,nan,nan,3646.6439,-151.87469,-0.2449725,-151.00353,1.1920563e-05,2.0975072,0.0016514547,0,0,0,0,0,0
34.12,1158.7454,37.168473,-3023.6868,36.878237,2.007943,84.104737,1.2018577e-05,-1.1446368,7.53451e-05,-3.2440942e-05,-0.012399512,-1.294139e-05,-0.26179939,7.2407588e-09,0.00040795878,1,-0.7854,7.1914297e-09,0.0004037742,1,0,0,0.06386024,6.250119e-05,0.27380931,89.943476,3023.6868,59.5,0,1.0821041,0,0,nan,nan,3668.9027,-152.74986,-0.24203875,-151.85016,1.1853717e-05,2.0728251,0.001631836,0,0,0,0,0,0
34.16,1160.2215,37.248788,-3020.3177,36.928906,2.0077862,84.360572,1.1874757e-05,-1.1451281,7.408613e-05,-3.2055984e-05,-0.012154904,-1.2763935e-05,-0.26179939,7.170636e-09,0.00040203315,1,-0.7854,7.1216634e-09,0.00039791818,1,0,0,0.063848907,6.0978324e-05,0.27458109,90.200672,3020.3177,59.5,0,1.0821041,0,0,nan,nan,3691.1951,-153.62568,-0.23912991,-152.70462,1.1787007e-05,2.0293213,0.0016118016,0,0,0,0,0,0
34.2,1161.6996,37.329097,-3016.9385,36.979923,2.0076314,84.615658,1.1731784e-05,-1.1456097,7.2843367e-05,-3.1673208e-05,-0.011916315,-1.2588388e-05,-0.26179939,7.1005349e-09,0.00039620607,1,-0.7854,7.0512827e-09,0.0003921595,1,0,0,0.06383799,5.9480951e-05,0.27535107,90.457311,3016.9385,59.5,0,1.0821041,0,0,nan,nan,3713.5206,-154.5022,-0.23624587,-153.56492,1.1719487e-05,1.972106,0.0015915163,0,0,0,0,0,0
34.24,1163.1797,37.409399,-3013.549,37.03129,2.0074784,84.869993,1.1589687e-05,-1.1460819,7.161667e-05,-3.1292654e-05,-0.011684999,-1.2414782e-05,-0.26179939,7.0296348e-09,0.00039047583,1,-0.7854,6.9795967e-09,0.0003864965,1,0,0,0.063827283,5.8008681e-05,0.27611926,90.713391,3013.549,59.5,0,1.0821041,0,0,nan,nan,3735.8788,-155.37948,-0.23338651,-154.42837,1.1650323e-05,1.9081055,0.0015711953,0,0,0,0,0,0
34.28,1164.662,37.489695,-3010.1494,37.083008,2.0073272,85.123575,1.14485e-05,-1.1465451,7.0405891e-05,-3.0914387e-05,-0.011461336,-1.2243128e-05,-0.26179939,6.9573531e-09,0.00038484078,1,-0.7854,6.9062184e-09,0.00038092755,1,0,0,0.063816561,5.656113e-05,0.27688565,90.968909,3010.1494,59.5,0,1.0821041,0,0,nan,nan,3758.2691,-156.25761,-0.23055171,-155.29204,1.1578906e-05,1.8448846,0.0015510664,0,0,0,0,0,0
34.32,1166.1463,37.569986,-3006.7396,37.135075,2.007178,85.376404,1.1308253e-05,-1.1469994,6.9210884e-05,-3.0538484e-05,-0.011244827,-1.2073407e-05,-0.26179939,6.8834126e-09,0.00037929933,1,-0.7854,6.831094e-09,0.0003754511,1,0,0,0.063805624,5.5137921e-05,0.27765022,91.223865,3006.7396,59.5,0,1.0821041,0,0,nan,nan,3780.6911,-157.13666,-0.2277414,-156.15321,1.1504932e-05,1.7894327,0.0015313323,0,0,0,0,0,0
34.36,1167.6327,37.65027,-3003.3198,37.187488,2.0070305,85.628481,1.1168974e-05,-1.1474452,6.8031501e-05,-3.0165029e-05,-0.011034223,-1.1905579e-05,-0.26179939,6.807853e-09,0.00037384996,1,-0.7854,6.7544784e-09,0.0003700657,1,0,0,0.063794323,5.3738683e-05,0.27841298,91.478255,3003.3198,59.5,0,1.0821041,0,0,nan,nan,3803.1444,-158.01668,-0.22495551,-157.00979,1.1428421e-05,1.7471049,0.0015121408,0,0,0,0,0,0
34.4,1169.1212,37.730548,-2999.8899,37.240243,2.0068849,85.879806,1.1030682e-05,-1.1478826,6.68676e-05,-2.9794101e-05,-0.010827767,-1.1739588e-05,-0.26179939,6.7309939e-09,0.00036849124,1,-0.7854,6.676865e-09,0.00036476997,1,0,0,0.063782579,5.2363048e-05,0.27917392,91.732079,2999.8899,59.5,0,1.0821041,0,0,nan,nan,3825.6284,-158.89769,-0.22219404,-157.86059,1.1349691e-05,1.7208769,0.0014935668,0,0,0,0,0,0
34.44,1170.6118,37.810821,-2996.4499,37.293335,2.0067411,86.13038,1.0893387e-05,-1.1483118,6.5719048e-05,-2.9425765e-05,-0.010623497,-1.1575371e-05,-0.26179939,6.6533573e-09,0.0003632218,1,-0.7854,6.5988857e-09,0.0003595626,1,0,0,0.063770392,5.1010652e-05,0.27993303,91.985335,2996.4499,59.5,0,1.0821041,0,0,nan,nan,3848.1428,-159.77968,-0.21945699,-158.70549,1.1269275e-05,1.7110174,0.0014756073,0,0,0,0,0,0
34.48,1172.1046,37.891088,-2992.9999,37.346762,2.0065991,86.380204,1.0757093e-05,-1.1487329,6.4585716e-05,-2.9060065e-05,-0.010419573,-1.1412866e-05,-0.26179939,6.5755663e-09,0.00035804036,1,-0.7854,6.5211986e-09,0.00035444234,1,0,0,0.063757835,4.9681133e-05,0.28069031,92.238022,2992.9999,59.5,0,1.0821041,0,0,nan,nan,3870.687,-160.6626,-0.21674441,-159.54535,1.1187828e-05,1.7152084,0.0014581892,0,0,0,0,0,0
34.52,1173.5994,37.971349,-2989.54,37.400518,2.0064588,86.629278,1.0621796e-05,-1.1491458,6.3467482e-05,-2.8697025e-05,-0.010214551,-1.1252023e-05,-0.26179939,6.4982392e-09,0.00035294567,1,-0.7854,6.4443847e-09,0.00034940797,1,0,0,0.063745037,4.8374134e-05,0.28144576,92.490137,2989.54,59.5,0,1.0821041,0,0,nan,nan,3893.2607,-161.54638,-0.21405633,-160.38185,1.1106013e-05,1.7290727,0.0014411882,0,0,0,0,0,0
34.56,1175.0965,38.051605,-2986.0701,37.454603,2.0063203,86.877602,1.0487488e-05,-1.1495504,6.2364228e-05,-2.8336647e-05,-0.010007589,-1.1092806e-05,-0.26179939,6.4218942e-09,0.00034793651,1,-0.7854,6.3688659e-09,0.00034445827,1,0,0,0.063732157,4.7089298e-05,0.28219936,92.741679,2986.0701,59.5,0,1.0821041,0,0,nan,nan,3915.8633,-162.43092,-0.2113928,-161.21712,1.1024398e-05,1.7470036,0.0014244537,0,0,0,0,0,0
34.6,1176.5957,38.131855,-2982.5903,37.509014,2.0061836,87.125176,1.0354158e-05,-1.1499468,6.1275839e-05,-2.7978918e-05,-0.0097985358,-1.0935196e-05,-0.26179939,6.3468809e-09,0.00034301165,1,-0.7854,6.2948579e-09,0.00033959201,1,0,0,0.063719361,4.5826272e-05,0.28295113,92.992647,2982.5903,59.5,0,1.0821041,0,0,nan,nan,3938.4945,-163.31614,-0.20875384,-162.05341,1.094338e-05,1.7631468,0.0014078362,0,0,0,0,0,0
34.64,1178.0971,38.2121,-2979.1006,37.563753,2.0060485,87.371998,1.0221797e-05,-1.1503347,6.0202201e-05,-2.7623815e-05,-0.0095879071,-1.0779191e-05,-0.26179939,6.2733455e-09,0.00033816986,1,-0.7854,6.2223607e-09,0.00033480796,1,0,0,0.063706789,4.4584708e-05,0.28370104,93.243038,2979.1006,59.5,0,1.0821041,0,0,nan,nan,3961.1537,-164.20195,-0.20613946,-162.89268,1.0863143e-05,1.7723673,0.0013912116,0,0,0,0,0,0
34.68,1179.6007,38.292339,-2975.601,37.618821,2.0059152,87.618067,1.00904e-05,-1.1507142,5.9143195e-05,-2.7271313e-05,-0.0093767502,-1.0624803e-05,-0.26179939,6.201232e-09,0.00033340989,1,-0.7854,6.1511847e-09,0.00033010484,1,0,0,0.063694538,4.3364265e-05,0.28444909,93.492851,2975.601,59.5,0,1.0821041,0,0,nan,nan,3983.8404,-165.08828,-0.20354962,-163.73634,1.0783652e-05,1.7710433,0.0013744988,0,0,0,0,0,0
34.72,1181.1065,38.372573,-2972.0916,37.67422,2.0057835,87.863382,9.9599644e-06,-1.1510853,5.8098701e-05,-2.6921391e-05,-0.0091664334,-1.0472052e-05,-0.26179939,6.1303163e-09,0.00032873046,1,-0.7854,6.0810053e-09,0.00032548137,1,0,0,0.063682646,4.2164604e-05,0.28519529,93.742085,2972.0916,59.5,0,1.0821041,0,0,nan,nan,4006.5543,-165.9751,-0.20098426,-164.58499,1.0704689e-05,1.7575669,0.0013576687,0,0,0,0,0,0
34.76,1182.6145,38.452802,-2968.5725,37.729952,2.0056535,88.107939,9.8304951e-06,-1.151448,5.7068592e-05,-2.6574036e-05,-0.0089583943,-1.032096e-05,-0.26179939,6.0602638e-09,0.00032413029,1,-0.7854,6.0114329e-09,0.00032093624,1,0,0,0.063671095,4.0985394e-05,0.28593962,93.990737,2968.5725,59.5,0,1.0821041,0,0,nan,nan,4029.2947,-166.86238,-0.1984433,-165.43841,1.0625904e-05,1.7324819,0.0013407432,0,0,0,0,0,0
34.8,1184.1248,38.533026,-2965.0435,37.78602,2.0055252,88.351738,9.7020005e-06,-1.1518024,5.6052739e-05,-2.6229249e-05,-0.0087538929,-1.0171543e-05,-0.26179939,5.9906987e-09,0.00031960807,1,-0.7854,5.9420862e-09,0.00031646816,1,0,0,0.063659813,3.982631e-05,0.28668209,94.238807,2965.0435,59.5,0,1.0821041,0,0,nan,nan,4052.0614,-167.75016,-0.19592663,-166.29565,1.0546899e-05,1.6982565,0.0013237863,0,0,0,0,0,0
34.84,1185.6373,38.613245,-2961.5048,37.842424,2.0053985,88.594776,9.5744923e-06,-1.1521488,5.5051008e-05,-2.5887043e-05,-0.0085538101,-1.0023813e-05,-0.26179939,5.9212724e-09,0.00031516251,1,-0.7854,5.8726566e-09,0.00031207584,1,0,0,0.063648693,3.8687033e-05,0.28742267,94.486291,2961.5048,59.5,0,1.0821041,0,0,nan,nan,4074.8537,-168.63846,-0.19343414,-167.15519,1.0467296e-05,1.658747,0.0013068883,0,0,0,0,0,0
34.88,1187.1521,38.693458,-2957.9564,37.899164,2.0052734,88.837054,9.4479842e-06,-1.1524872,5.4063261e-05,-2.5547442e-05,-0.0083585227,-9.8777665e-06,-0.26179939,5.8517198e-09,0.00031079235,1,-0.7854,5.8029523e-09,0.00030775804,1,0,0,0.063637615,3.7567249e-05,0.28816138,94.73319,2957.9564,59.5,0,1.0821041,0,0,nan,nan,4097.6713,-169.52731,-0.19096572,-168.01529,1.0386803e-05,1.6184607,0.0012901473,0,0,0,0,0,0
34.92,1188.6691,38.773667,-2954.3984,37.95624,2.0051499,89.07857,9.3224894e-06,-1.1528179,5.3089363e-05,-2.5210478e-05,-0.0081678716,-9.7333919e-06,-0.26179939,5.7818961e-09,0.00030649634,1,-0.7854,5.7329191e-09,0.00030351353,1,0,0,0.063626461,3.6466651e-05,0.2888982,94.9795,2954.3984,59.5,0,1.0821041,0,0,nan,nan,4120.5136,-170.41677,-0.18852125,-168.87425,1.030526e-05,1.5817511,0.0012736516,0,0,0,0,0,0
34.96,1190.1885,38.85387,-2950.8306,38.01365,2.005028,89.319325,9.1980195e-06,-1.1531411,5.2129176e-05,-2.4876186e-05,-0.0079812225,-9.5906661e-06,-0.26179939,5.711788e-09,0.00030227328,1,-0.7854,5.6626349e-09,0.00029934114,1,0,0,0.063615143,3.5384934e-05,0.28963314,95.225222,2950.8306,59.5,0,1.0821041,0,0,nan,nan,4143.3802,-171.30685,-0.18610064,-169.7307,1.0222651e-05,1.5520887,0.0012574647,0,0,0,0,0,0
35,1191.7101,38.934069,-2947.2533,38.07139,2.0049077,89.559318,9.0745827e-06,-1.1534568,5.1182567e-05,-2.4544599e-05,-0.0077976041,-9.4495599e-06,-0.26179939,5.6415027e-09,0.00029812201,1,-0.7854,5.592283e-09,0.00029523975,1,0,0,0.06360361,3.4321798e-05,0.29036618,95.470353,2947.2533,59.5,0,1.0821041,0,0,nan,nan,4166.2707,-172.19757,-0.18370381,-170.58384,1.01391e-05,1.5315246,0.0012416173,0,0,0,0,0,0
35.04,1193.2341,39.014263,-2943.6664,38.129459,2.0047889,89.798551,8.9521836e-06,-1.1537653,5.0249405e-05,-2.4215745e-05,-0.0076158945,-9.3100407e-06,-0.26179939,5.5712373e-09,0.0002940414,1,-0.7854,5.5221096e-09,0.00029120824,1,0,0,0.063591856,3.3276947e-05,0.29109732,95.714893,2943.6664,59.5,0,1.0821041,0,0,nan,nan,4189.1847,-173.08892,-0.18133068,-171.43349,1.0054835e-05,1.5204317,0.0012261051,0,0,0,0,0,0
35.08,1194.7604,39.094453,-2940.0699,38.187853,2.0046717,90.037022,8.8308231e-06,-1.1540664,4.9329562e-05,-2.3889642e-05,-0.0074350219,-9.1720773e-06,-0.26179939,5.5012355e-09,0.00029003037,1,-0.7854,5.4523762e-09,0.00028724556,1,0,0,0.063579917,3.2250088e-05,0.29182657,95.95884,2940.0699,59.5,0,1.0821041,0,0,nan,nan,4212.1216,-173.98086,-0.17898119,-172.28012,9.9701434e-06,1.5175504,0.001210893,0,0,0,0,0,0
35.12,1196.289,39.174637,-2936.4639,38.246569,2.004556,90.274733,8.7104992e-06,-1.1543604,4.8422914e-05,-2.3566299e-05,-0.0072541427,-9.035643e-06,-0.26179939,5.4317423e-09,0.00028608786,1,-0.7854,5.383314e-09,0.00028335065,1,0,0,0.063567863,3.1240931e-05,0.29255391,96.202192,2936.4639,59.5,0,1.0821041,0,0,nan,nan,4235.081,-174.87334,-0.17665528,-173.12471,9.8853177e-06,1.5203154,0.0011959248,0,0,0,0,0,0
35.16,1197.82,39.254817,-2932.8484,38.305607,2.0044419,90.511682,8.5912078e-06,-1.1546471,4.7529337e-05,-2.3245717e-05,-0.0070727686,-8.9007175e-06,-0.26179939,5.3629631e-09,0.0002822128,1,-0.7854,5.315089e-09,0.00027952248,1,0,0,0.06355578,3.024919e-05,0.29327935,96.444949,2932.8484,59.5,0,1.0821041,0,0,nan,nan,4258.0625,-175.76631,-0.17435286,-173.96852,9.8006104e-06,1.5253894,0.0011811354,0,0,0,0,0,0
35.2,1199.3533,39.334993,-2929.2234,38.364965,2.0043292,90.747871,8.4729442e-06,-1.1549266,4.6648711e-05,-2.292789e-05,-0.0068908229,-8.7672881e-06,-0.26179939,5.2950338e-09,0.00027840418,1,-0.7854,5.2477821e-09,0.00027576001,1,0,0,0.063543759,2.9274582e-05,0.29400287,96.687109,2929.2234,59.5,0,1.0821041,0,0,nan,nan,4281.0657,-176.6597,-0.17207388,-174.81288,9.7161967e-06,1.5293,0.0011664631,0,0,0,0,0,0
35.24,1200.8891,39.415164,-2925.5891,38.424643,2.004218,90.983297,8.3557041e-06,-1.1551988,4.5780912e-05,-2.2612805e-05,-0.0067086207,-8.6353486e-06,-0.26179939,5.2280072e-09,0.00027466095,1,-0.7854,5.1813868e-09,0.00027206221,1,0,0,0.063531875,2.8316829e-05,0.29472448,96.92867,2925.5891,59.5,0,1.0821041,0,0,nan,nan,4304.09,-177.55345,-0.16981825,-175.65892,9.6321565e-06,1.5290603,0.0011518604,0,0,0,0,0,0
35.28,1202.4272,39.49533,-2921.9453,38.484641,2.0041082,91.21796,8.2394844e-06,-1.1554637,4.492582e-05,-2.2300452e-05,-0.0065267816,-8.5048979e-06,-0.26179939,5.1618551e-09,0.00027098208,1,-0.7854,5.1158221e-09,0.00026842805,1,0,0,0.063520176,2.7375656e-05,0.29544417,97.169633,2921.9453,59.5,0,1.0821041,0,0,nan,nan,4327.1351,-178.44753,-0.16758586,-176.50742,9.5484746e-06,1.5226648,0.0011373006,0,0,0,0,0,0
35.32,1203.9677,39.575493,-2918.2921,38.544961,2.0039999,91.451859,8.1242843e-06,-1.1557213,4.4083309e-05,-2.1990818e-05,-0.0063460934,-8.375937e-06,-0.26179939,5.0964842e-09,0.00026736654,1,-0.7854,5.0509569e-09,0.00026485649,1,0,0,0.06350868,2.6450793e-05,0.29616194,97.409994,2918.2921,59.5,0,1.0821041,0,0,nan,nan,4350.2004,-179.3419,-0.16537662,-177.35864,9.4650572e-06,1.509379,0.0011227802,0,0,0,0,0,0
35.36,1205.5107,39.655651,-2914.6296,38.605603,2.0038931,91.684992,8.0101047e-06,-1.1559717,4.3253255e-05,-2.1683899e-05,-0.0061673567,-8.2484671e-06,-0.26179939,5.0317619e-09,0.0002638133,1,-0.7854,4.9866408e-09,0.00026134652,1,0,0,0.06349737,2.5541975e-05,0.29687778,97.649754,2914.6296,59.5,0,1.0821041,0,0,nan,nan,4373.2856,-180.23656,-0.16319039,-178.21236,9.3817616e-06,1.4897837,0.0011083169,0,0,0,0,0,0
35.4,1207.056,39.735804,-2910.9578,38.666568,2.0037876,91.917359,7.8969483e-06,-1.1562151,4.2435531e-05,-2.1379692e-05,-0.0059912361,-8.1224866e-06,-0.26179939,4.967546e-09,0.00026032132,1,-0.7854,4.9227346e-09,0.0002578971,1,0,0,0.0634862,2.4648941e-05,0.29759169,97.88891,2910.9578,59.5,0,1.0821041,0,0,nan,nan,4396.3901,-181.13151,-0.16102705,-179.0679,9.2984303e-06,1.4655792,0.0010939432,0,0,0,0,0,0
35.44,1208.6039,39.815954,-2907.2767,38.727856,2.0036836,92.148958,7.7848187e-06,-1.1564514,4.1630009e-05,-2.1078202e-05,-0.0058181479,-7.9979901e-06,-0.26179939,4.9037122e-09,0.00025688962,1,-0.7854,4.8591344e-09,0.00025450725,1,0,0,0.063475111,2.3771433e-05,0.29830367,98.127462,2907.2767,59.5,0,1.0821041,0,0,nan,nan,4419.5135,-182.02677,-0.15888647,-179.92431,9.2149245e-06,1.4392002,0.0010796985,0,0,0,0,0,0
35.48,1210.1541,39.896099,-2903.5863,38.789465,2.0035809,92.379789,7.6737199e-06,-1.1566809,4.0836561e-05,-2.0779434e-05,-0.0056481996,-7.8749673e-06,-0.26179939,4.8401753e-09,0.00025351718,1,-0.7854,4.7957876e-09,0.00025117598,1,0,0,0.063464035,2.2909199e-05,0.29901371,98.365408,2903.5863,59.5,0,1.0821041,0,0,nan,nan,4442.6554,-182.92236,-0.15676851,-180.78054,9.1311507e-06,1.4133216,0.0010656209,0,0,0,0,0,0
35.52,1211.7069,39.976241,-2899.8868,38.851396,2.0034796,92.609852,7.5636553e-06,-1.1569036,4.0055059e-05,-2.0483399e-05,-0.0054811903,-7.7534038e-06,-0.26179939,4.7769006e-09,0.00025020305,1,-0.7854,4.7326965e-09,0.00024790233,1,0,0,0.063452914,2.2061991e-05,0.29972181,98.602747,2899.8868,59.5,0,1.0821041,0,0,nan,nan,4465.8153,-183.81828,-0.15467306,-181.63565,9.0470751e-06,1.3903526,0.0010517397,0,0,0,0,0,0
35.56,1213.2621,40.056378,-2896.178,38.913645,2.0033797,92.839146,7.4546273e-06,-1.1571198,3.9285376e-05,-2.0190106e-05,-0.0053166676,-7.633282e-06,-0.26179939,4.7139049e-09,0.00024694626,1,-0.7854,4.6699114e-09,0.00024468538,1,0,0,0.063441707,2.1229562e-05,0.30042797,98.839478,2896.178,59.5,0,1.0821041,0,0,nan,nan,4488.9928,-184.71455,-0.15259999,-182.48895,8.9627266e-06,1.372013,0.0010380706,0,0,0,0,0,0
35.6,1214.8199,40.136511,-2892.4601,38.976212,2.0032811,93.067672,7.3466364e-06,-1.1573293,3.8527387e-05,-1.9899562e-05,-0.0051540269,-7.5145828e-06,-0.26179939,4.6512472e-09,0.0002437459,1,-0.7854,4.6075168e-09,0.00024152421,1,0,0,0.063430398,2.0411672e-05,0.30113218,99.0756,2892.4601,59.5,0,1.0821041,0,0,nan,nan,4512.1874,-185.61117,-0.15054916,-183.34014,8.8781868e-06,1.3590639,0.0010246143,0,0,0,0,0,0
35.64,1216.3801,40.216641,-2888.7331,39.039094,2.0031838,93.29543,7.2396817e-06,-1.1575324,3.7780969e-05,-1.9611774e-05,-0.0049926313,-7.3972869e-06,-0.26179939,4.5890134e-09,0.00024060105,1,-0.7854,4.5456112e-09,0.00023841793,1,0,0,0.063418995,1.9608081e-05,0.30183444,99.311113,2888.7331,59.5,0,1.0821041,0,0,nan,nan,4535.3987,-186.5081,-0.14852047,-184.1893,8.7935723e-06,1.3512344,0.0010113579,0,0,0,0,0,0
35.68,1217.9429,40.296766,-2884.9969,39.102289,2.0030879,93.522419,7.1337609e-06,-1.1577291,3.7045999e-05,-1.932674e-05,-0.00483193,-7.2813768e-06,-0.26179939,4.5272976e-09,0.00023751083,1,-0.7854,4.484288e-09,0.00023536565,1,0,0,0.063407528,1.8818555e-05,0.30253474,99.546014,2884.9969,59.5,0,1.0821041,0,0,nan,nan,4558.6264,-187.40532,-0.14651379,-185.03687,8.7090115e-06,1.3473451,0.0009982787,0,0,0,0,0,0
35.72,1219.5082,40.376888,-2881.2517,39.165795,2.0029933,93.74864,7.0288706e-06,-1.1579193,3.6322357e-05,-1.9044457e-05,-0.0046715512,-7.1668375e-06,-0.26179939,4.4661839e-09,0.00023447437,1,-0.7854,4.4236193e-09,0.00023236653,1,0,0,0.063396041,1.8042862e-05,0.3032331,99.780304,2881.2517,59.5,0,1.0821041,0,0,nan,nan,4581.8698,-188.3028,-0.144529,-185.88352,8.6246223e-06,1.3455938,0.00098534988,0,0,0,0,0,0
35.76,1221.076,40.457006,-2877.4975,39.229611,2.0028999,93.974092,6.9250069e-06,-1.1581031,3.5609924e-05,-1.8764918e-05,-0.0045113554,-7.0536568e-06,-0.26179939,4.4057327e-09,0.00023149079,1,-0.7854,4.3636453e-09,0.00022941969,1,0,0,0.063384583,1.7280772e-05,0.30392949,100.01398,2877.4975,59.5,0,1.0821041,0,0,nan,nan,4605.1287,-189.20048,-0.14256598,-186.73004,8.5404944e-06,1.3439393,0.00097254595,0,0,0,0,0,0
35.8,1222.6464,40.53712,-2873.7343,39.293737,2.0028078,94.198775,6.8221658e-06,-1.1582805,3.4908579e-05,-1.8488114e-05,-0.0043514409,-6.9418253e-06,-0.26179939,4.3459729e-09,0.00022855925,1,-0.7854,4.3043719e-09,0.00022652429,1,0,0,0.063373198,1.653206e-05,0.30462392,100.24704,2873.7343,59.5,0,1.0821041,0,0,nan,nan,4628.4025,-190.09833,-0.1406246,-187.57712,8.4566788e-06,1.3405037,0.00095984751,0,0,0,0,0,0
35.84,1224.2194,40.617231,-2869.9621,39.358173,2.002717,94.422689,6.7203439e-06,-1.1584516,3.4218205e-05,-1.8214034e-05,-0.0041921037,-6.8313355e-06,-0.26179939,4.286901e-09,0.0002256789,1,-0.7854,4.245774e-09,0.00022367949,1,0,0,0.063361919,1.5796505e-05,0.30531639,100.47949,2869.9621,59.5,0,1.0821041,0,0,nan,nan,4651.6908,-190.99632,-0.13870472,-188.4253,8.3731857e-06,1.3339177,0.00094724414,0,0,0,0,0,0
35.88,1225.7949,40.697338,-2866.1809,39.422917,2.0026274,94.645832,6.6195382e-06,-1.1586162,3.3538682e-05,-1.7942668e-05,-0.0040337629,-6.7221805e-06,-0.26179939,4.2284866e-09,0.0002228489,1,-0.7854,4.1878054e-09,0.00022088447,1,0,0,0.063350759,1.5073888e-05,0.3060069,100.71132,2866.1809,59.5,0,1.0821041,0,0,nan,nan,4674.9933,-191.89442,-0.13680622,-189.2748,8.2899905e-06,1.3235442,0.00093473519,0,0,0,0,0,0
35.92,1227.3731,40.777441,-2862.3909,39.48797,2.002539,94.868203,6.5197467e-06,-1.1587746,3.286989e-05,-1.7674007e-05,-0.0038768683,-6.6143537e-06,-0.26179939,4.1706822e-09,0.00022006843,1,-0.7854,4.1304106e-09,0.00021813838,1,0,0,0.063339713,1.4363994e-05,0.30669543,100.94254,2862.3909,59.5,0,1.0821041,0,0,nan,nan,4698.3093,-192.79261,-0.13492894,-190.12555,8.2070461e-06,1.3095465,0.00092232845,0,0,0,0,0,0
35.96,1228.9539,40.857541,-2858.5919,39.553333,2.0024518,95.089803,6.4209677e-06,-1.1589267,3.221171e-05,-1.7408044e-05,-0.0037218082,-6.5078469e-06,-0.26179939,4.1134354e-09,0.00021733665,1,-0.7854,4.0735373e-09,0.00021544043,1,0,0,0.063328761,1.3666611e-05,0.30738199,101.17314,2858.5919,59.5,0,1.0821041,0,0,nan,nan,4721.6386,-193.6909,-0.13307275,-190.9772,8.1242974e-06,1.2927977,0.00091003725,0,0,0,0,0,0
36,1230.5372,40.937637,-2854.7841,39.619004,2.0023659,95.31063,6.3232001e-06,-1.1590727,3.1564022e-05,-1.7144773e-05,-0.0035688368,-6.4026507e-06,-0.26179939,4.0566995e-09,0.00021465277,1,-0.7854,4.0171463e-09,0.00021278981,1,0,0,0.063317869,1.2981532e-05,0.30806658,101.40311,2854.7841,59.5,0,1.0821041,0,0,nan,nan,4744.9807,-194.58928,-0.1312375,-191.82922,8.0416962e-06,1.2746582,0.00089787682,0,0,0,0,0,0
36.04,1232.1233,41.01773,-2850.9675,39.684982,2.0022811,95.530685,6.2264425e-06,-1.1592126,3.0926708e-05,-1.688419e-05,-0.0034180324,-6.2987538e-06,-0.26179939,4.0004425e-09,0.00021201599,1,-0.7854,3.961218e-09,0.00021018573,1,0,0,0.063307004,1.2308552e-05,0.30874919,101.63247,2850.9675,59.5,0,1.0821041,0,0,nan,nan,4768.3351,-195.48776,-0.12942305,-192.68099,7.9592119e-06,1.2566752,0.00088586058,0,0,0,0,0,0
36.08,1233.7119,41.09782,-2847.1421,39.751267,2.0021975,95.749966,6.1306934e-06,-1.1593464,3.0299648e-05,-1.6626291e-05,-0.0032692936,-6.1961434e-06,-0.26179939,3.9446516e-09,0.00020942553,1,-0.7854,3.9057532e-09,0.00020762743,1,0,0,0.063296131,1.1647469e-05,0.30942982,101.86121,2847.1421,59.5,0,1.0821041,0,0,nan,nan,4791.7014,-196.38635,-0.12762924,-193.53195,7.8768388e-06,1.240265,0.00087399735,0,0,0,0,0,0
36.12,1235.3032,41.177906,-2843.308,39.817857,2.0021151,95.968474,6.0359508e-06,-1.1594744,2.9682726e-05,-1.6371073e-05,-0.0031223704,-6.0948057e-06,-0.26179939,3.889333e-09,0.00020688061,1,-0.7854,3.850771e-09,0.00020511415,1,0,0,0.063285229,1.0998084e-05,0.31010847,102.08933,2843.308,59.5,0,1.0821041,0,0,nan,nan,4815.0792,-197.28503,-0.12585593,-194.38169,7.794596e-06,1.2264448,0.00086228986,0,0,0,0,0,0
36.16,1236.8972,41.257989,-2839.4651,39.884751,2.0020338,96.186209,5.9422117e-06,-1.1595965,2.9075825e-05,-1.611853e-05,-0.0029769229,-5.9947269e-06,-0.26179939,3.8345083e-09,0.0002043805,1,-0.7854,3.7963016e-09,0.00020264515,1,0,0,0.063274289,1.0360202e-05,0.31078513,102.31683,2839.4651,59.5,0,1.0821041,0,0,nan,nan,4838.4681,-198.18381,-0.12410298,-195.23004,7.712523e-06,1.2156612,0.00085073467,0,0,0,0,0,0
36.2,1238.4939,41.338069,-2835.6135,39.951946,2.0019536,96.403171,5.8494728e-06,-1.1597129,2.8478828e-05,-1.5868656e-05,-0.0028325931,-5.8958933e-06,-0.26179939,3.7802081e-09,0.00020192444,1,-0.7854,3.7423795e-09,0.00020021969,1,0,0,0.063263316,9.7336295e-06,0.31145981,102.5437,2835.6135,59.5,0,1.0821041,0,0,nan,nan,4861.8676,-199.08265,-0.12237024,-196.07703,7.630672e-06,1.2077452,0.00083932354,0,0,0,0,0,0
36.24,1240.0932,41.418146,-2831.7533,40.019441,2.0018745,96.61936,5.75773e-06,-1.1598235,2.7891623e-05,-1.5621443e-05,-0.0026890747,-5.798292e-06,-0.26179939,3.7264646e-09,0.00019951172,1,-0.7854,3.6890354e-09,0.00019783706,1,0,0,0.063252325,9.1181772e-06,0.3121325,102.76995,2831.7533,59.5,0,1.0821041,0,0,nan,nan,4885.2773,-199.98155,-0.12065755,-196.92292,7.5490975e-06,1.2019914,0.00082804555,0,0,0,0,0,0
36.28,1241.6953,41.498219,-2827.8844,40.087235,2.0017966,96.834775,5.6669788e-06,-1.1599283,2.7314095e-05,-1.5376882e-05,-0.0025461677,-5.7019116e-06,-0.26179939,3.6733045e-09,0.00019714161,1,-0.7854,3.6362907e-09,0.00019549655,1,0,0,0.063241342,8.5136579e-06,0.3128032,102.99557,2827.8844,59.5,0,1.0821041,0,0,nan,nan,4908.6968,-200.88047,-0.11896479,-197.76811,7.467848e-06,1.1973408,0.00081688969,0,0,0,0,0,0
36.32,1243.3001,41.57829,-2824.0069,40.155327,2.0017198,97.049417,5.5772145e-06,-1.1600274,2.6746131e-05,-1.5134961e-05,-0.0024038073,-5.6067413e-06,-0.26179939,3.6207447e-09,0.00019481342,1,-0.7854,3.5841542e-09,0.00019319747,1,0,0,0.063230392,7.9198875e-06,0.31347191,103.22057,2824.0069,59.5,0,1.0821041,0,0,nan,nan,4932.1257,-201.77938,-0.11729179,-198.61304,7.3869587e-06,1.1926197,0.00080584706,0,0,0,0,0,0
36.36,1244.9076,41.658357,-2820.1209,40.223715,2.001644,97.263285,5.4884326e-06,-1.1601209,2.618762e-05,-1.4895668e-05,-0.0022620632,-5.5127714e-06,-0.26179939,3.56879e-09,0.00019252644,1,-0.7854,3.5326221e-09,0.00019093911,1,0,0,0.063219498,7.3366847e-06,0.31413862,103.44495,2820.1209,59.5,0,1.0821041,0,0,nan,nan,4955.5635,-202.67825,-0.11563841,-199.4581,7.3064487e-06,1.186786,0.00079491236,0,0,0,0,0,0
36.4,1246.5178,41.738421,-2816.2263,40.292399,2.0015693,97.476379,5.4006285e-06,-1.1602087,2.563845e-05,-1.4658991e-05,-0.0021211122,-5.4199924e-06,-0.26179939,3.5174338e-09,0.00019027999,1,-0.7854,3.4816805e-09,0.0001887208,1,0,0,0.063208676,6.763871e-06,0.31480334,103.66869,2816.2263,59.5,0,1.0821041,0,0,nan,nan,4979.0098,-203.57706,-0.11400449,-200.30355,7.2263217e-06,1.1791296,0.00078408443,0,0,0,0,0,0
36.44,1248.1309,41.818483,-2812.3232,40.361378,2.0014956,97.688698,5.3137979e-06,-1.1602909,2.509851e-05,-1.4424917e-05,-0.0019811908,-5.3283951e-06,-0.26179939,3.4666608e-09,0.00018807339,1,-0.7854,3.4313095e-09,0.00018654188,1,0,0,0.063197931,6.2012708e-06,0.31546605,103.89181,2812.3232,59.5,0,1.0821041,0,0,nan,nan,5002.4643,-204.47579,-0.11238989,-201.14948,7.1465693e-06,1.1693916,0.00077336572,0,0,0,0,0,0
36.48,1249.7466,41.898541,-2808.4116,40.430652,2.001423,97.900242,5.2279367e-06,-1.1603675,2.4567688e-05,-1.4193434e-05,-0.0018425395,-5.2379695e-06,-0.26179939,3.4164516e-09,0.00018590598,1,-0.7854,3.3814883e-09,0.00018440167,1,0,0,0.063187258,5.6487114e-06,0.31612677,104.11431,2808.4116,59.5,0,1.0821041,0,0,nan,nan,5025.9264,-205.37443,-0.11079446,-201.9958,7.0671767e-06,1.1577814,0.00076276109,0,0,0,0,0,0
36.52,1251.3652,41.978597,-2804.4916,40.50022,2.0013514,98.111011,5.1430409e-06,-1.1604386,2.4045875e-05,-1.3964532e-05,-0.0017053506,-5.1487054e-06,-0.26179939,3.366787e-09,0.00018377709,1,-0.7854,3.3321994e-09,0.00018229954,1,0,0,0.063176644,5.1060227e-06,0.31678549,104.33617,2804.4916,59.5,0,1.0821041,0,0,nan,nan,5049.3958,-206.27297,-0.10921803,-202.84226,6.9881293e-06,1.1448971,0.00075227609,0,0,0,0,0,0
36.56,1252.9865,42.05865,-2800.5632,40.570082,2.0012809,98.321005,5.0591064e-06,-1.1605042,2.3532961e-05,-1.3738198e-05,-0.0015697303,-5.0605917e-06,-0.26179939,3.3176522e-09,0.00018168608,1,-0.7854,3.2834316e-09,0.00018023483,1,0,0,0.06316607,4.5730373e-06,0.3174422,104.5574,2800.5632,59.5,0,1.0821041,0,0,nan,nan,5072.872,-207.17141,-0.10766045,-203.68853,6.9094176e-06,1.1315706,0.00074191535,0,0,0,0,0,0
36.6,1254.6106,42.138699,-2796.6264,40.640235,2.0012113,98.530222,4.9761292e-06,-1.1605644,2.3028836e-05,-1.3514422e-05,-0.0014356811,-4.973617e-06,-0.26179939,3.2690383e-09,0.00017963231,1,-0.7854,3.2351811e-09,0.00017820691,1,0,0,0.063155517,4.0495906e-06,0.3180969,104.77801,2796.6264,59.5,0,1.0821041,0,0,nan,nan,5096.3546,-208.06974,-0.10612157,-204.53427,6.8310406e-06,1.1186766,0.00073168133,0,0,0,0,0,0
36.64,1256.2376,42.218747,-2792.6812,40.71068,2.0011427,98.738664,4.8941047e-06,-1.1606194,2.2533393e-05,-1.3293193e-05,-0.001303108,-4.8877696e-06,-0.26179939,3.2209438e-09,0.00017761515,1,-0.7854,3.187451e-09,0.00017621518,1,0,0,0.063144971,3.5355203e-06,0.3187496,104.99798,2792.6812,59.5,0,1.0821041,0,0,nan,nan,5119.8433,-208.96796,-0.10460124,-205.37917,6.753007e-06,1.1069464,0.00072157379,0,0,0,0,0,0
36.68,1257.8674,42.298791,-2788.7277,40.781414,2.0010751,98.946329,4.8130283e-06,-1.160669,2.2046525e-05,-1.3074499e-05,-0.0011718438,-4.8030376e-06,-0.26179939,3.173373e-09,0.00017563399,1,-0.7854,3.1402491e-09,0.00017425901,1,0,0,0.063134423,3.030667e-06,0.31940029,105.21733,2788.7277,59.5,0,1.0821041,0,0,nan,nan,5143.3376,-209.86606,-0.10309929,-206.22306,6.6753337e-06,1.096826,0.00071158985,0,0,0,0,0,0
36.72,1259.5,42.378833,-2784.7659,40.852435,2.0010085,99.153219,4.732895e-06,-1.1607134,2.1568125e-05,-1.2858329e-05,-0.001041688,-4.7194098e-06,-0.26179939,3.1263337e-09,0.00017368822,1,-0.7854,3.0935849e-09,0.00017233782,1,0,0,0.06312387,2.5348734e-06,0.32004897,105.43604,2784.7659,59.5,0,1.0821041,0,0,nan,nan,5166.837,-210.76402,-0.10161557,-207.06588,6.5980429e-06,1.0884048,0.00070172481,0,0,0,0,0,0
36.76,1261.1354,42.458872,-2780.7959,40.923744,2.0009429,99.359333,4.6536995e-06,-1.1607526,2.1098087e-05,-1.2644669e-05,-0.00091244965,-4.6368752e-06,-0.26179939,3.0798348e-09,0.00017177725,1,-0.7854,3.0474669e-09,0.00017045101,1,0,0,0.063113318,2.0479849e-06,0.32069564,105.65412,2780.7959,59.5,0,1.0821041,0,0,nan,nan,5190.3413,-211.66184,-0.10014994,-207.90771,6.5211583e-06,1.0814249,0.00069197324,0,0,0,0,0,0
36.8,1262.7737,42.538908,-2776.8176,40.995337,2.0008781,99.564671,4.5754364e-06,-1.1607866,2.0636306e-05,-1.2433507e-05,-0.00078398466,-4.5554232e-06,-0.26179939,3.0338833e-09,0.00016990049,1,-0.7854,3.0019004e-09,0.000168598,1,0,0,0.06310278,1.5698494e-06,0.32134029,105.87156,2776.8176,59.5,0,1.0821041,0,0,nan,nan,5213.8499,-212.55949,-0.098702219,-208.74876,6.4447011e-06,1.0753637,0.00068233017,0,0,0,0,0,0
36.84,1264.4149,42.618942,-2772.8311,41.067214,2.0008143,99.769233,4.4981002e-06,-1.1608156,2.018268e-05,-1.2224827e-05,-0.00065622004,-4.4750437e-06,-0.26179939,2.988483e-09,0.00016805735,1,-0.7854,2.956886e-09,0.00016677822,1,0,0,0.063092268,1.100317e-06,0.32198293,106.08838,2772.8311,59.5,0,1.0821041,0,0,nan,nan,5237.3624,-213.45694,-0.097272267,-209.58925,6.3686877e-06,1.0695663,0.00067279205,0,0,0,0,0,0
36.88,1266.059,42.698974,-2768.8365,41.139374,2.0007515,99.973019,4.4216852e-06,-1.1608394,1.9737105e-05,-1.2018615e-05,-0.0005291613,-4.395727e-06,-0.26179939,2.9436329e-09,0.00016624728,1,-0.7854,2.91242e-09,0.0001649911,1,0,0,0.063081797,6.3924035e-07,0.32262356,106.30456,2768.8365,59.5,0,1.0821041,0,0,nan,nan,5260.8785,-214.35417,-0.095859923,-210.42943,6.2931282e-06,1.0633964,0.00066335724,0,0,0,0,0,0
36.92,1267.7059,42.779003,-2764.8337,41.211815,2.0006895,100.17603,4.3461859e-06,-1.1608582,1.9299478e-05,-1.1814857e-05,-0.00040288223,-4.3174632e-06,-0.26179939,2.8993283e-09,0.00016446971,1,-0.7854,2.8684949e-09,0.0001632361,1,0,0,0.063071375,1.8647449e-07,0.32326216,106.5201,2764.8337,59.5,0,1.0821041,0,0,nan,nan,5284.3978,-215.25118,-0.094465031,-211.26946,6.2180267e-06,1.0563706,0.000654026,0,0,0,0,0,0
36.96,1269.3558,42.859029,-2760.8228,41.284537,2.0006284,100.37826,4.2715968e-06,-1.1608719,1.8869698e-05,-1.1613537e-05,-0.00027750095,-4.2402423e-06,-0.26179939,2.8555615e-09,0.00016272409,1,-0.7854,2.8251016e-09,0.00016151266,1,0,0,0.063061008,-2.5812326e-07,0.32389875,106.73501,2760.8228,59.5,0,1.0821041,0,0,nan,nan,5307.9198,-216.14792,-0.093087435,-212.10943,6.143383e-06,1.0482508,0.00064479999,0,0,0,0,0,0
37,1271.0085,42.939053,-2756.8038,41.357539,2.0005683,100.57972,4.1979123e-06,-1.1608806,1.8447664e-05,-1.1414641e-05,-0.00015314831,-4.1640543e-06,-0.26179939,2.8123235e-09,0.00016100987,1,-0.7854,2.7822309e-09,0.00015982024,1,0,0,0.063050696,-6.9469323e-07,0.32453332,106.94929,2756.8038,59.5,0,1.0821041,0,0,nan,nan,5331.4442,-217.0444,-0.09172698,-212.94932,6.0691948e-06,1.0390747,0.00063568145,0,0,0,0,0,0
37.04,1272.6642,43.019075,-2752.7768,41.43082,2.000509,100.7804,4.125127e-06,-1.1608844,1.8033275e-05,-1.1218153e-05,-2.9936241e-05,-4.0888887e-06,-0.26179939,2.769606e-09,0.00015932652,1,-0.7854,2.7398752e-09,0.00015815833,1,0,0,0.06304043,-1.1233735e-06,0.32516587,107.16293,2752.7768,59.5,0,1.0821041,0,0,nan,nan,5354.9705,-217.94061,-0.090383509,-213.789,5.9954603e-06,1.0291252,0.00062667235,0,0,0,0,0,0
37.08,1274.3229,43.099094,-2748.7418,41.504378,2.0004505,100.9803,4.0532353e-06,-1.1608833,1.7626432e-05,-1.102406e-05,9.2067259e-05,-4.0147348e-06,-0.26179939,2.7274022e-09,0.00015767351,1,-0.7854,2.6980293e-09,0.00015652639,1,0,0,0.063030204,-1.5443e-06,0.3257964,107.37593,2748.7418,59.5,0,1.0821041,0,0,nan,nan,5378.4983,-218.83653,-0.089056868,-214.62829,5.9221799e-06,1.0188476,0.00061777365,0,0,0,0,0,0
37.12,1275.9844,43.179111,-2744.6988,41.578213,2.000393,101.17943,3.9822314e-06,-1.1608773,1.7227036e-05,-1.0832345e-05,0.00021285128,-3.941582e-06,-0.26179939,2.6857078e-09,0.00015605033,1,-0.7854,2.6566905e-09,0.00015492391,1,0,0,0.063020006,-1.9576065e-06,0.3264249,107.5883,2744.6988,59.5,0,1.0821041,0,0,nan,nan,5402.0272,-219.73216,-0.0877469,-215.46699,5.8493574e-06,1.0087385,0.00060898483,0,0,0,0,0,0
37.16,1277.649,43.259125,-2740.6479,41.652324,2.0003362,101.37778,3.9121097e-06,-1.1608665,1.6834988e-05,-1.0642995e-05,0.00033246154,-3.8694196e-06,-0.26179939,2.6445208e-09,0.00015445647,1,-0.7854,2.6158585e-09,0.0001533504,1,0,0,0.063009829,-2.3634244e-06,0.32705138,107.80003,2740.6479,59.5,0,1.0821041,0,0,nan,nan,5425.5569,-220.62748,-0.086453451,-216.30491,5.7769999e-06,0.99923128,0.00060030397,0,0,0,0,0,0
37.2,1279.3165,43.339138,-2736.589,41.726709,2.0002803,101.57535,3.842864e-06,-1.160851,1.6450193e-05,-1.0455993e-05,0.00045098743,-3.7982372e-06,-0.26179939,2.6038409e-09,0.00015289142,1,-0.7854,2.5755337e-09,0.00015180536,1,0,0,0.062999666,-2.7618832e-06,0.32767584,108.01113,2736.589,59.5,0,1.0821041,0,0,nan,nan,5449.0869,-221.5225,-0.085176364,-217.14195,5.7051171e-06,0.99060585,0.00059172804,0,0,0,0,0,0
37.24,1280.987,43.419148,-2732.5223,41.801366,2.0002252,101.77215,3.7744885e-06,-1.1608307,1.6072554e-05,-1.0271325e-05,0.00056854041,-3.7280246e-06,-0.26179939,2.5636686e-09,0.00015135469,1,-0.7854,2.5357168e-09,0.0001502883,1,0,0,0.062989516,-3.1531102e-06,0.32829827,108.22158,2732.5223,59.5,0,1.0821041,0,0,nan,nan,5472.6169,-222.4172,-0.083915484,-217.97805,5.6337194e-06,0.98293861,0.00058325359,0,0,0,0,0,0
37.28,1282.6604,43.499156,-2728.4476,41.876294,2.0001709,101.96817,3.7069768e-06,-1.1608057,1.5701975e-05,-1.0088974e-05,0.00068522929,-3.658772e-06,-0.26179939,2.5240039e-09,0.00014984581,1,-0.7854,2.4964072e-09,0.00014879874,1,0,0,0.062979382,-3.5372309e-06,0.32891867,108.4314,2728.4476,59.5,0,1.0821041,0,0,nan,nan,5496.1464,-223.31156,-0.082670655,-218.81325,5.562817e-06,0.97610253,0.00057487737,0,0,0,0,0,0
37.32,1284.3369,43.579162,-2724.3652,41.951492,2.0001175,102.16341,3.6403228e-06,-1.1607761,1.5338362e-05,-9.9089241e-06,0.00080113818,-3.5904699e-06,-0.26179939,2.4848457e-09,0.00014836428,1,-0.7854,2.4576028e-09,0.0001473362,1,0,0,0.06296927,-3.9143683e-06,0.32953705,108.64058,2724.3652,59.5,0,1.0821041,0,0,nan,nan,5519.6751,-224.20556,-0.081441722,-219.64766,5.492418e-06,0.96981253,0.00056659696,0,0,0,0,0,0
37.36,1286.0164,43.659165,-2720.275,42.026959,2.0000648,102.35788,3.5745203e-06,-1.1607419,1.4981621e-05,-9.7311586e-06,0.00091631177,-3.5231087e-06,-0.26179939,2.4461912e-09,0.00014690964,1,-0.7854,2.4192997e-09,0.00014590023,1,0,0,0.062959187,-4.2846437e-06,0.33015339,108.84912,2720.275,59.5,0,1.0821041,0,0,nan,nan,5543.2025,-225.0992,-0.08022853,-220.4814,5.422528e-06,0.96370282,0.0005584111,0,0,0,0,0,0
37.4,1287.6989,43.739167,-2716.177,42.102692,2.0000129,102.55157,3.5095629e-06,-1.160703,1.4631659e-05,-9.555661e-06,0.0010307508,-3.4566792e-06,-0.26179939,2.4080361e-09,0.00014548142,1,-0.7854,2.3814924e-09,0.00014449036,1,0,0,0.062949141,-4.6481764e-06,0.33076771,109.05702,2716.177,59.5,0,1.0821041,0,0,nan,nan,5566.7283,-225.99244,-0.079030925,-221.3146,5.3531502e-06,0.95741623,0.00055031971,0,0,0,0,0,0
37.44,1289.3845,43.819167,-2712.0712,42.178692,1.9999618,102.74448,3.4454444e-06,-1.1606597,1.4288384e-05,-9.3824146e-06,0.0011444179,-3.3911717e-06,-0.26179939,2.3703749e-09,0.00014407918,1,-0.7854,2.344175e-09,0.00014310615,1,0,0,0.062939136,-5.0050835e-06,0.33138,109.26428,2712.0712,59.5,0,1.0821041,0,0,nan,nan,5590.2521,-226.88528,-0.077848753,-222.14735,5.2842857e-06,0.95068426,0.00054232356,0,0,0,0,0,0
37.48,1291.0731,43.899164,-2707.9578,42.254957,1.9999114,102.93662,3.3821586e-06,-1.1606117,1.3951705e-05,-9.2114027e-06,0.0012572511,-3.3265767e-06,-0.26179939,2.3332017e-09,0.00014270246,1,-0.7854,2.3073414e-09,0.00014174715,1,0,0,0.062929175,-5.3554804e-06,0.33199026,109.47091,2707.9578,59.5,0,1.0821041,0,0,nan,nan,5613.7735,-227.77769,-0.076681862,-222.9797,5.2159348e-06,0.94338043,0.00053442383,0,0,0,0,0,0
37.52,1292.7647,43.97916,-2703.8367,42.331485,1.9998618,103.12798,3.3196991e-06,-1.1605593,1.362153e-05,-9.0426085e-06,0.0013691828,-3.2628844e-06,-0.26179939,2.2965106e-09,0.00014135082,1,-0.7854,2.2709861e-09,0.00014041292,1,0,0,0.062919257,-5.6994804e-06,0.33259849,109.67689,2703.8367,59.5,0,1.0821041,0,0,nan,nan,5637.292,-228.66968,-0.075530098,-223.81161,5.1480978e-06,0.9355368,0.00052662149,0,0,0,0,0,0
37.56,1294.4594,44.059153,-2699.708,42.408277,1.9998129,103.31856,3.2580595e-06,-1.1605024,1.3297771e-05,-8.8760153e-06,0.001480157,-3.2000849e-06,-0.26179939,2.2602968e-09,0.00014002384,1,-0.7854,2.2351048e-09,0.00013910305,1,0,0,0.062909379,-6.0371953e-06,0.33320469,109.88223,2699.708,59.5,0,1.0821041,0,0,nan,nan,5660.8074,-229.56122,-0.074393311,-224.64301,5.0807763e-06,0.92732263,0.00051891684,0,0,0,0,0,0
37.6,1296.1572,44.139145,-2695.5716,42.485329,1.9997647,103.50837,3.1972337e-06,-1.1604411,1.2980338e-05,-8.7116063e-06,0.0015901435,-3.1381683e-06,-0.26179939,2.2245562e-09,0.00013872107,1,-0.7854,2.1996944e-09,0.0001378171,1,0,0,0.062899536,-6.3687347e-06,0.33380886,110.08693,2695.5716,59.5,0,1.0821041,0,0,nan,nan,5684.3193,-230.4523,-0.07327135,-225.4738,5.013973e-06,0.91899333,0.00051130925,0,0,0,0,0,0
37.64,1297.8581,44.219134,-2691.4277,42.562642,1.9997173,103.6974,3.1372149e-06,-1.1603754,1.2669142e-05,-8.5493645e-06,0.0016991443,-3.0771247e-06,-0.26179939,2.1892858e-09,0.00013744211,1,-0.7854,2.1647524e-09,0.00013655467,1,0,0,0.062889722,-6.6942066e-06,0.33441099,110.29099,2691.4277,59.5,0,1.0821041,0,0,nan,nan,5707.8271,-231.34292,-0.072164064,-226.30386,4.9476921e-06,0.91082361,0.00050379711,0,0,0,0,0,0
37.68,1299.5621,44.299122,-2687.2762,42.640214,1.9996706,103.88566,3.0779968e-06,-1.1603054,1.2364097e-05,-8.3892728e-06,0.001807192,-3.0169445e-06,-0.26179939,2.1544834e-09,0.00013618655,1,-0.7854,2.1302767e-09,0.00013531534,1,0,0,0.062879934,-7.0137171e-06,0.33501109,110.49441,2687.2762,59.5,0,1.0821041,0,0,nan,nan,5731.3307,-232.23307,-0.071071303,-227.13308,4.8819386e-06,0.90304174,0.0004963781,0,0,0,0,0,0
37.72,1301.2692,44.379108,-2683.1172,42.718043,1.9996246,104.07314,3.0195728e-06,-1.1602311,1.2065116e-05,-8.231314e-06,0.0019143415,-2.9576183e-06,-0.26179939,2.1201465e-09,0.00013495397,1,-0.7854,2.096265e-09,0.00013409872,1,0,0,0.062870168,-7.3273708e-06,0.33560916,110.69719,2683.1172,59.5,0,1.0821041,0,0,nan,nan,5754.8295,-233.12273,-0.069992916,-227.96142,4.8167177e-06,0.89578019,0.00048904957,0,0,0,0,0,0
37.76,1302.9794,44.459092,-2678.9507,42.796128,1.9995792,104.25984,2.9619362e-06,-1.1601525,1.1772114e-05,-8.0754707e-06,0.0020206567,-2.899137e-06,-0.26179939,2.0862726e-09,0.00013374398,1,-0.7854,2.0627142e-09,0.00013290441,1,0,0,0.062860426,-7.6352703e-06,0.33620519,110.89933,2678.9507,59.5,0,1.0821041,0,0,nan,nan,5778.3232,-234.0119,-0.068928755,-228.78884,4.7520337e-06,0.8890528,0.00048180905,0,0,0,0,0,0
37.8,1304.6927,44.539075,-2674.7768,42.874468,1.9995346,104.44577,2.9050804e-06,-1.1600697,1.1485005e-05,-7.9217253e-06,0.0021261967,-2.8414916e-06,-0.26179939,2.0528585e-09,0.00013255618,1,-0.7854,2.0296205e-09,0.00013173202,1,0,0,0.062850708,-7.9375165e-06,0.33679919,111.10083,2674.7768,59.5,0,1.0821041,0,0,nan,nan,5801.8115,-234.90056,-0.06787867,-229.61538,4.6878901e-06,0.88276178,0.00047465464,0,0,0,0,0,0
37.84,1306.4092,44.619055,-2670.5955,42.95306,1.9994906,104.63092,2.8489988e-06,-1.1599826,1.1203706e-05,-7.7700603e-06,0.0022310041,-2.7846733e-06,-0.26179939,2.0198998e-09,0.00013139019,1,-0.7854,1.9969792e-09,0.00013058117,1,0,0,0.062841019,-8.2342089e-06,0.33739116,111.30168,2670.5955,59.5,0,1.0821041,0,0,nan,nan,5825.2939,-235.78869,-0.066842512,-230.4411,4.6242885e-06,0.8767305,0.00046758523,0,0,0,0,0,0
37.88,1308.1288,44.699034,-2666.4067,43.031905,1.9994473,104.8153,2.7936848e-06,-1.1598914,1.0928134e-05,-7.6204579e-06,0.002335098,-2.7286732e-06,-0.26179939,1.9873918e-09,0.00013024564,1,-0.7854,1.9647849e-09,0.00012945149,1,0,0,0.062831361,-8.5254449e-06,0.33798109,111.50189,2666.4067,59.5,0,1.0821041,0,0,nan,nan,5848.7701,-236.67629,-0.065820135,-231.26606,4.5612294e-06,0.87075209,0.00046060054,0,0,0,0,0,0
37.92,1309.8516,44.779011,-2662.2106,43.111001,1.9994047,104.9989,2.7391317e-06,-1.159796,1.0658205e-05,-7.4729004e-06,0.002438474,-2.6734826e-06,-0.26179939,1.955329e-09,0.00012912213,1,-0.7854,1.933032e-09,0.0001283426,1,0,0,0.062821739,-8.8113207e-06,0.33856899,111.70147,2662.2106,59.5,0,1.0821041,0,0,nan,nan,5872.2397,-237.56333,-0.06481139,-232.09033,4.4987124e-06,0.86464122,0.00045370088,0,0,0,0,0,0
37.96,1311.5775,44.858986,-2658.0072,43.190345,1.9993627,105.18173,2.6853329e-06,-1.1596965,1.0393838e-05,-7.3273703e-06,0.0025411084,-2.6190926e-06,-0.26179939,1.9237062e-09,0.00012801932,1,-0.7854,1.9017153e-09,0.00012725415,1,0,0,0.062812155,-9.0919306e-06,0.33915486,111.90039,2658.0072,59.5,0,1.0821041,0,0,nan,nan,5895.7023,-238.4498,-0.063816134,-232.91394,4.4367369e-06,0.85827617,0.00044688686,0,0,0,0,0,0
38,1313.3067,44.93896,-2653.7965,43.269938,1.9993213,105.36378,2.6322818e-06,-1.159593,1.0134953e-05,-7.18385e-06,0.0026429682,-2.5654941e-06,-0.26179939,1.8925181e-09,0.00012693683,1,-0.7854,1.87083e-09,0.00012618577,1,0,0,0.062802609,-9.3673673e-06,0.33973869,112.09868,2653.7965,59.5,0,1.0821041,0,0,nan,nan,5919.1575,-239.33569,-0.06283422,-233.7369,4.3753025e-06,0.85162215,0.00044015895,0,0,0,0,0,0
38.04,1315.039,45.018932,-2649.5785,43.349778,1.9992806,105.54506,2.5799718e-06,-1.1594853,9.8814686e-06,-7.0423217e-06,0.0027440212,-2.512678e-06,-0.26179939,1.8617603e-09,0.00012587431,1,-0.7854,1.8403721e-09,0.00012513711,1,0,0,0.0627931,-9.6377221e-06,0.34032048,112.29632,2649.5785,59.5,0,1.0821041,0,0,nan,nan,5942.6051,-240.22098,-0.061865504,-234.55918,4.3144098e-06,0.84473168,0.00043351716,0,0,0,0,0,0
38.08,1316.7745,45.098903,-2645.3532,43.429863,1.9992405,105.72556,2.5283962e-06,-1.1593737,9.6333066e-06,-6.9027678e-06,0.0028442453,-2.4606354e-06,-0.26179939,1.8314289e-09,0.00012483141,1,-0.7854,1.810338e-09,0.00012410783,1,0,0,0.062783627,-9.9030848e-06,0.34090024,112.49333,2645.3532,59.5,0,1.0821041,0,0,nan,nan,5966.0446,-241.10568,-0.060909845,-235.38073,4.25406e-06,0.83772383,0.00042696085,0,0,0,0,0,0
38.12,1318.5132,45.178871,-2641.1208,43.510192,1.999201,105.90529,2.4775482e-06,-1.159258,9.3903882e-06,-6.7651707e-06,0.002943635,-2.4093571e-06,-0.26179939,1.8015206e-09,0.00012380779,1,-0.7854,1.7807248e-09,0.00012309759,1,0,0,0.062774186,-1.0163544e-05,0.34147797,112.68968,2641.1208,59.5,0,1.0821041,0,0,nan,nan,5989.4756,-241.98976,-0.0599671,-236.20147,4.1942551e-06,0.83074916,0.00042048869,0,0,0,0,0,0
38.16,1320.2551,45.258839,-2636.8812,43.590764,1.9991622,106.08424,2.4274212e-06,-1.1591384,9.152636e-06,-6.6295126e-06,0.0030422027,-2.3588344e-06,-0.26179939,1.7720323e-09,0.00012280311,1,-0.7854,1.7515294e-09,0.00012210606,1,0,0,0.062764775,-1.0419185e-05,0.34205366,112.8854,2636.8812,59.5,0,1.0821041,0,0,nan,nan,6012.8978,-242.87322,-0.059037127,-237.02134,4.1349976e-06,0.82395005,0.00041409888,0,0,0,0,0,0
38.2,1322.0003,45.338805,-2632.6344,43.671577,1.9991239,106.26242,2.3780083e-06,-1.1590148,8.919973e-06,-6.4957755e-06,0.0031399753,-2.3090586e-06,-0.26179939,1.7429607e-09,0.00012181704,1,-0.7854,1.7227485e-09,0.00012113291,1,0,0,0.062755392,-1.0670095e-05,0.34262732,113.08047,2632.6344,59.5,0,1.0821041,0,0,nan,nan,6036.3108,-243.75604,-0.058119785,-237.84029,4.0762895e-06,0.8174265,0.00040778936,0,0,0,0,0,0
38.24,1323.7487,45.418769,-2628.3805,43.75263,1.9990862,106.43983,2.329303e-06,-1.1588874,8.6923233e-06,-6.3639416e-06,0.0032369886,-2.2600213e-06,-0.26179939,1.7143025e-09,0.00012084925,1,-0.7854,1.6943783e-09,0.00012017781,1,0,0,0.062746037,-1.0916357e-05,0.34319894,113.2749,2628.3805,59.5,0,1.0821041,0,0,nan,nan,6059.7143,-244.63822,-0.057214934,-238.6583,4.0181323e-06,0.81121528,0.00040155821,0,0,0,0,0,0
38.28,1325.5004,45.498732,-2624.1196,43.833922,1.9990491,106.61646,2.2812983e-06,-1.1587561,8.4696118e-06,-6.2339929e-06,0.0033332786,-2.2117142e-06,-0.26179939,1.6860535e-09,0.00011989942,1,-0.7854,1.6664144e-09,0.00011924044,1,0,0,0.062736709,-1.1158053e-05,0.34376853,113.46869,2624.1196,59.5,0,1.0821041,0,0,nan,nan,6083.1079,-245.51974,-0.056322435,-239.47537,3.9605265e-06,0.80528657,0.00039540389,0,0,0,0,0,0
38.32,1327.2553,45.578693,-2619.8516,43.915451,1.9990125,106.79233,2.2339876e-06,-1.1586209,8.2517641e-06,-6.1059115e-06,0.0034288746,-2.1641291e-06,-0.26179939,1.6582093e-09,0.00011896723,1,-0.7854,1.6388519e-09,0.0001183205,1,0,0,0.062727412,-1.1395265e-05,0.34433608,113.66184,2619.8516,59.5,0,1.0821041,0,0,nan,nan,6106.4912,-246.4006,-0.055442148,-240.29152,3.9034715e-06,0.79955718,0.00038932543,0,0,0,0,0,0
38.36,1329.0134,45.658653,-2615.5766,43.997215,1.9989766,106.96741,2.1873641e-06,-1.158482,8.0387065e-06,-5.9796795e-06,0.0035237944,-2.117258e-06,-0.26179939,1.6307649e-09,0.00011805238,1,-0.7854,1.6116857e-09,0.00011741768,1,0,0,0.062718146,-1.1628072e-05,0.3449016,113.85434,2615.5766,59.5,0,1.0821041,0,0,nan,nan,6129.8639,-247.28077,-0.054573936,-241.10679,3.846966e-06,0.79391602,0.00038332241,0,0,0,0,0,0
38.4,1330.7749,45.738611,-2611.2946,44.079214,1.9989412,107.14173,2.1414213e-06,-1.1583392,7.8303661e-06,-5.855279e-06,0.003618042,-2.0710927e-06,-0.26179939,1.6037152e-09,0.00011715455,1,-0.7854,1.5849104e-09,0.00011653167,1,0,0,0.062708913,-1.1856552e-05,0.34546509,114.0462,2611.2946,59.5,0,1.0821041,0,0,nan,nan,6153.2256,-248.16024,-0.053717662,-241.92121,3.7910081e-06,0.78825405,0.00037739484,0,0,0,0,0,0
38.44,1332.5396,45.818568,-2607.0056,44.161446,1.9989063,107.31527,2.0961523e-06,-1.1581927,7.6266709e-06,-5.7326921e-06,0.0037116101,-2.0256251e-06,-0.26179939,1.577055e-09,0.00011627345,1,-0.7854,1.5585213e-09,0.00011566218,1,0,0,0.062699715,-1.2080783e-05,0.34602655,114.23741,2607.0056,59.5,0,1.0821041,0,0,nan,nan,6176.5759,-249.039,-0.052873191,-242.7348,3.7355959e-06,0.78249125,0.00037154291,0,0,0,0,0,0
38.48,1334.3076,45.898524,-2602.7097,44.243909,1.998872,107.48804,2.0515507e-06,-1.1580425,7.4275496e-06,-5.6119012e-06,0.0038044842,-1.9808469e-06,-0.26179939,1.5507795e-09,0.00011540879,1,-0.7854,1.5325137e-09,0.00011480892,1,0,0,0.062690553,-1.2300839e-05,0.34658597,114.42799,2602.7097,59.5,0,1.0821041,0,0,nan,nan,6199.9146,-249.91705,-0.052040387,-243.54757,3.680728e-06,0.77659371,0.00036576671,0,0,0,0,0,0
38.52,1336.079,45.978478,-2598.4069,44.326602,1.9988382,107.66004,2.0076097e-06,-1.1578885,7.2329316e-06,-5.4928886e-06,0.0038966487,-1.9367499e-06,-0.26179939,1.5248846e-09,0.00011456026,1,-0.7854,1.5068838e-09,0.00011397159,1,0,0,0.062681427,-1.2516797e-05,0.34714336,114.61792,2598.4069,59.5,0,1.0821041,0,0,nan,nan,6223.2412,-250.79436,-0.051219117,-244.35949,3.6264034e-06,0.77057778,0.00036006601,0,0,0,0,0,0
38.56,1337.8536,46.058431,-2594.0972,44.409525,1.9988049,107.83127,1.9643227e-06,-1.1577309,7.0427473e-06,-5.3756365e-06,0.0039880924,-1.893326e-06,-0.26179939,1.4993663e-09,0.00011372758,1,-0.7854,1.4816278e-09,0.00011314992,1,0,0,0.062672334,-1.2728727e-05,0.34769871,114.8072,2594.0972,59.5,0,1.0821041,0,0,nan,nan,6246.5554,-251.67093,-0.050409249,-245.17055,3.5726218e-06,0.76450102,0.00035444015,0,0,0,0,0,0
38.6,1339.6316,46.138382,-2589.7807,44.492675,1.9987722,108.00173,1.9216829e-06,-1.1575697,6.8569276e-06,-5.2601272e-06,0.0040788126,-1.8505669e-06,-0.26179939,1.4742209e-09,0.00011291048,1,-0.7854,1.4567425e-09,0.00011234363,1,0,0,0.062663275,-1.2936703e-05,0.34825204,114.99585,2589.7807,59.5,0,1.0821041,0,0,nan,nan,6269.8569,-252.54675,-0.049610651,-245.9807,3.5193835e-06,0.75844362,0.00034888802,0,0,0,0,0,0
38.64,1341.4128,46.218333,-2585.4575,44.57605,1.99874,108.17142,1.8796839e-06,-1.1574048,6.6754044e-06,-5.1463432e-06,0.0041688162,-1.8084648e-06,-0.26179939,1.4494452e-09,0.00011210868,1,-0.7854,1.4322243e-09,0.00011155245,1,0,0,0.062654246,-1.3140796e-05,0.34880334,115.18385,2585.4575,59.5,0,1.0821041,0,0,nan,nan,6293.1453,-253.42181,-0.048823192,-246.78989,3.4666885e-06,0.75248575,0.00034340818,0,0,0,0,0,0
38.68,1343.1975,46.298282,-2581.1274,44.659651,1.9987083,108.34034,1.8383188e-06,-1.1572364,6.4981103e-06,-5.0342666e-06,0.0042581186,-1.7670117e-06,-0.26179939,1.4250355e-09,0.00011132191,1,-0.7854,1.4080696e-09,0.00011077611,1,0,0,0.062645249,-1.3341073e-05,0.3493526,115.37121,2581.1274,59.5,0,1.0821041,0,0,nan,nan,6316.4202,-254.29609,-0.048046742,-247.59811,3.4145369e-06,0.74668691,0.00033799905,0,0,0,0,0,0
38.72,1344.9855,46.378229,-2576.7906,44.743474,1.9986771,108.50848,1.7975811e-06,-1.1570644,6.3249786e-06,-4.9238798e-06,0.0043467407,-1.7262001e-06,-0.26179939,1.400988e-09,0.0001105499,1,-0.7854,1.3842744e-09,0.00011001434,1,0,0,0.062636281,-1.3537604e-05,0.34989983,115.55793,2576.7906,59.5,0,1.0821041,0,0,nan,nan,6339.6813,-255.16959,-0.047281173,-248.40532,3.3629281e-06,0.74107254,0.00033265918,0,0,0,0,0,0
38.76,1346.7768,46.458176,-2572.447,44.82752,1.9986463,108.67586,1.7574641e-06,-1.1568888,6.1559436e-06,-4.8151652e-06,0.0044347041,-1.6860222e-06,-0.26179939,1.3772988e-09,0.00010979239,1,-0.7854,1.3608344e-09,0.0001092669,1,0,0,0.062627343,-1.3730456e-05,0.35044504,115.744,2572.447,59.5,0,1.0821041,0,0,nan,nan,6362.9282,-256.04229,-0.046526356,-249.21153,3.3118608e-06,0.73563056,0.00032738737,0,0,0,0,0,0
38.8,1348.5715,46.538121,-2568.0968,44.911785,1.9986161,108.84247,1.7179613e-06,-1.1567098,5.9909399e-06,-4.7081051e-06,0.0045220272,-1.6464707e-06,-0.26179939,1.3539632e-09,0.00010904912,1,-0.7854,1.3377449e-09,0.00010853351,1,0,0,0.062618437,-1.3919695e-05,0.35098822,115.92943,2568.0968,59.5,0,1.0821041,0,0,nan,nan,6386.1607,-256.91419,-0.045782164,-250.01674,3.2613328e-06,0.73031792,0.00032218281,0,0,0,0,0,0
38.84,1350.3696,46.618065,-2563.74,44.996269,1.9985863,109.00831,1.6790662e-06,-1.1565272,5.8299033e-06,-4.6026821e-06,0.0046087219,-1.6075382e-06,-0.26179939,1.3309766e-09,0.00010831984,1,-0.7854,1.315001e-09,0.00010781393,1,0,0,0.062609563,-1.4105385e-05,0.35152936,116.11422,2563.74,59.5,0,1.0821041,0,0,nan,nan,6409.3784,-257.78528,-0.045048471,-250.82097,3.2113417e-06,0.72507451,0.00031704504,0,0,0,0,0,0
38.88,1352.171,46.698008,-2559.3765,45.080971,1.9985571,109.17338,1.6407721e-06,-1.1563413,5.6727701e-06,-4.4988786e-06,0.0046947932,-1.5692173e-06,-0.26179939,1.3083343e-09,0.00010760429,1,-0.7854,1.2925981e-09,0.00010710792,1,0,0,0.062600721,-1.428759e-05,0.35206849,116.29837,2559.3765,59.5,0,1.0821041,0,0,nan,nan,6432.5808,-258.65553,-0.044325151,-251.62424,3.1618848e-06,0.7198403,0.00031197387,0,0,0,0,0,0
38.92,1353.9759,46.77795,-2555.0065,45.165888,1.9985282,109.33768,1.6030728e-06,-1.1561518,5.5194772e-06,-4.3966773e-06,0.0047802393,-1.5315005e-06,-0.26179939,1.2860316e-09,0.00010690224,1,-0.7854,1.2705317e-09,0.00010641524,1,0,0,0.062591914,-1.4466373e-05,0.35260558,116.48188,2555.0065,59.5,0,1.0821041,0,0,nan,nan,6455.7678,-259.52494,-0.043612081,-252.42655,3.1129591e-06,0.71457078,0.00030696919,0,0,0,0,0,0
38.96,1355.7841,46.85789,-2550.6298,45.25102,1.9984999,109.50122,1.5659616e-06,-1.155959,5.3699626e-06,-4.296061e-06,0.0048650547,-1.4943805e-06,-0.26179939,1.2640642e-09,0.00010621344,1,-0.7854,1.2487976e-09,0.00010573564,1,0,0,0.06258314,-1.4641795e-05,0.35314065,116.66474,2550.6298,59.5,0,1.0821041,0,0,nan,nan,6478.9389,-260.3935,-0.042909137,-253.22789,3.0645624e-06,0.70924699,0.00030203083,0,0,0,0,0,0
39,1357.5958,46.93783,-2546.2467,45.336365,1.998472,109.66399,1.5294321e-06,-1.1557628,5.2241646e-06,-4.1970124e-06,0.0049492332,-1.4578499e-06,-0.26179939,1.242428e-09,0.00010553766,1,-0.7854,1.2273919e-09,0.00010506889,1,0,0,0.062574401,-1.4813917e-05,0.35367369,116.84696,2546.2467,59.5,0,1.0821041,0,0,nan,nan,6502.0939,-261.2612,-0.042216198,-254.02827,3.0166927e-06,0.70387786,0.00029715837,0,0,0,0,0,0
39.04,1359.4109,47.017768,-2541.8571,45.421921,1.9984445,109.82599,1.493478e-06,-1.1555633,5.0820227e-06,-4.0995145e-06,0.0050327709,-1.4219013e-06,-0.26179939,1.2211191e-09,0.00010487466,1,-0.7854,1.206311e-09,0.00010441476,1,0,0,0.062565695,-1.4982797e-05,0.35420471,117.02854,2541.8571,59.5,0,1.0821041,0,0,nan,nan,6525.2323,-262.12802,-0.041533144,-254.82766,2.9693483e-06,0.69849503,0.00029235111,0,0,0,0,0,0
39.08,1361.2294,47.097705,-2537.461,45.507688,1.9984175,109.98722,1.4580928e-06,-1.1553604,4.9434768e-06,-4.0035502e-06,0.0051156688,-1.3865274e-06,-0.26179939,1.2001341e-09,0.00010422422,1,-0.7854,1.1855515e-09,0.00010377303,1,0,0,0.062557022,-1.5148495e-05,0.35473371,117.20948,2537.461,59.5,0,1.0821041,0,0,nan,nan,6548.3539,-262.99397,-0.040859854,-255.62603,2.9225278e-06,0.69314215,0.00028760806,0,0,0,0,0,0
39.12,1363.0513,47.177642,-2533.0584,45.593663,1.9983909,110.14769,1.4232702e-06,-1.1551542,4.8084675e-06,-3.9091024e-06,0.0051979327,-1.3517212e-06,-0.26179939,1.1794694e-09,0.00010358611,1,-0.7854,1.1651098e-09,0.00010314348,1,0,0,0.06254838,-1.5311067e-05,0.35526068,117.38978,2533.0584,59.5,0,1.0821041,0,0,nan,nan,6571.4582,-263.85902,-0.04019621,-256.42336,2.8762299e-06,0.68786201,0.00028292808,0,0,0,0,0,0
39.16,1364.8767,47.257577,-2528.6495,45.679845,1.9983647,110.3074,1.3890037e-06,-1.1549447,4.6769365e-06,-3.8161541e-06,0.0052795734,-1.3174755e-06,-0.26179939,1.1591213e-09,0.00010296011,1,-0.7854,1.1449821e-09,0.00010252588,1,0,0,0.06253977,-1.547057e-05,0.35578563,117.56943,2528.6495,59.5,0,1.0821041,0,0,nan,nan,6594.5451,-264.72317,-0.039542094,-257.21963,2.8304529e-06,0.68268512,0.00027830996,0,0,0,0,0,0
39.2,1366.7055,47.337511,-2524.2342,45.766234,1.998339,110.46634,1.355287e-06,-1.154732,4.5488257e-06,-3.7246883e-06,0.0053606038,-1.2837835e-06,-0.26179939,1.1390861e-09,0.000102346,1,-0.7854,1.1251647e-09,0.00010192003,1,0,0,0.062531192,-1.5627059e-05,0.35630856,117.74845,2524.2342,59.5,0,1.0821041,0,0,nan,nan,6617.6141,-265.58641,-0.038897388,-258.01483,2.7851947e-06,0.67762263,0.0002737526,0,0,0,0,0,0
39.24,1368.5378,47.417444,-2519.8125,45.852826,1.9983137,110.62451,1.3221139e-06,-1.154516,4.4240781e-06,-3.6346884e-06,0.0054410374,-1.2506384e-06,-0.26179939,1.1193598e-09,0.00010174357,1,-0.7854,1.1056532e-09,0.00010132571,1,0,0,0.062522645,-1.5780589e-05,0.35682948,117.92682,2519.8125,59.5,0,1.0821041,0,0,nan,nan,6640.665,-266.44873,-0.038261978,-258.80895,2.7404528e-06,0.67266512,0.0002692551,0,0,0,0,0,0
39.28,1370.3736,47.497376,-2515.3845,45.939621,1.9982888,110.78192,1.2894781e-06,-1.1542969,4.3026371e-06,-3.5461373e-06,0.0055208853,-1.2180333e-06,-0.26179939,1.0999383e-09,0.00010115261,1,-0.7854,1.0864436e-09,0.00010074271,1,0,0,0.062514129,-1.5931214e-05,0.35734837,118.10456,2515.3845,59.5,0,1.0821041,0,0,nan,nan,6663.6973,-267.31011,-0.037635749,-259.602,2.6962242e-06,0.66778703,0.00026481681,0,0,0,0,0,0
39.32,1372.2128,47.577307,-2510.9503,46.026618,1.9982642,110.93857,1.2573734e-06,-1.1540745,4.1844471e-06,-3.4590186e-06,0.005600155,-1.1859617e-06,-0.26179939,1.0808172e-09,0.00010057292,1,-0.7854,1.0675314e-09,0.00010017084,1,0,0,0.062505647,-1.6078985e-05,0.35786524,118.28165,2510.9503,59.5,0,1.0821041,0,0,nan,nan,6686.7108,-268.17055,-0.037018585,-260.39397,2.6525055e-06,0.66295502,0.00026043727,0,0,0,0,0,0
39.36,1374.0556,47.657237,-2506.5098,46.113814,1.9982401,111.09445,1.2257936e-06,-1.153849,4.0694529e-06,-3.3733157e-06,0.0056788503,-1.1544168e-06,-0.26179939,1.0619924e-09,0.00010000429,1,-0.7854,1.0489126e-09,9.9609886e-05,1,0,0,0.062497197,-1.6223954e-05,0.3583801,118.45811,2506.5098,59.5,0,1.0821041,0,0,nan,nan,6709.7052,-269.03003,-0.036410376,-261.18489,2.6092936e-06,0.6581376,0.00025611619,0,0,0,0,0,0
39.4,1375.9018,47.737166,-2502.063,46.201209,1.9982164,111.24958,1.1947326e-06,-1.1536204,3.9576e-06,-3.289012e-06,0.0057569715,-1.123392e-06,-0.26179939,1.0434597e-09,9.9446525e-05,1,-0.7854,1.030583e-09,9.9059658e-05,1,0,0,0.06248878,-1.6366172e-05,0.35889295,118.63392,2502.063,59.5,0,1.0821041,0,0,nan,nan,6732.6801,-269.88856,-0.035811008,-261.97474,2.566585e-06,0.65331335,0.00025185327,0,0,0,0,0,0
39.44,1377.7515,47.817095,-2497.6101,46.2888,1.9981931,111.40394,1.1641842e-06,-1.1533886,3.8488348e-06,-3.2060913e-06,0.0058345173,-1.0928807e-06,-0.26179939,1.0252151e-09,9.8899426e-05,1,-0.7854,1.012539e-09,9.8519962e-05,1,0,0,0.062480396,-1.6505689e-05,0.35940377,118.8091,2497.6101,59.5,0,1.0821041,0,0,nan,nan,6755.6352,-270.7461,-0.035220373,-262.76352,2.5243768e-06,0.64847566,0.00024764813,0,0,0,0,0,0
39.48,1379.6047,47.897022,-2493.151,46.376587,1.9981701,111.55753,1.1341425e-06,-1.1531538,3.7431042e-06,-3.1245373e-06,0.0059114865,-1.0628763e-06,-0.26179939,1.0072551e-09,9.8362803e-05,1,-0.7854,9.9477684e-10,9.7990609e-05,1,0,0,0.062472046,-1.6642553e-05,0.35991259,118.98363,2493.151,59.5,0,1.0821041,0,0,nan,nan,6778.5702,-271.60267,-0.034638359,-263.55122,2.4826662e-06,0.6436329,0.00024350025,0,0,0,0,0,0
39.52,1381.4614,47.976948,-2488.6858,46.464567,1.9981475,111.71037,1.1046013e-06,-1.1529159,3.6403559e-06,-3.0443339e-06,0.0059878793,-1.0333722e-06,-0.26179939,9.8957593e-10,9.7836467e-05,1,-0.7854,9.7729318e-10,9.7471411e-05,1,0,0,0.062463729,-1.6776813e-05,0.36041939,119.15753,2488.6858,59.5,0,1.0821041,0,0,nan,nan,6801.4847,-272.45824,-0.03406486,-264.33783,2.4414506e-06,0.63880451,0.00023940892,0,0,0,0,0,0
39.56,1383.3217,48.056874,-2484.2145,46.55274,1.9981253,111.86245,1.0755546e-06,-1.1526749,3.540538e-06,-2.9654649e-06,0.006063699,-1.0043621e-06,-0.26179939,9.7217425e-10,9.7320232e-05,1,-0.7854,9.6008459e-10,9.6962187e-05,1,0,0,0.062455444,-1.6908516e-05,0.36092419,119.33079,2484.2145,59.5,0,1.0821041,0,0,nan,nan,6824.3785,-273.3128,-0.033499767,-265.12332,2.4007276e-06,0.63401446,0.00023537326,0,0,0,0,0,0
39.6,1385.1855,48.136798,-2479.7371,46.641104,1.9981035,112.01377,1.0469966e-06,-1.1524309,3.4435996e-06,-2.8879144e-06,0.0061389513,-9.7583954e-07,-0.26179939,9.550466e-10,9.6813917e-05,1,-0.7854,9.4314761e-10,9.6462755e-05,1,0,0,0.062447191,-1.7037709e-05,0.36142697,119.50341,2479.7371,59.5,0,1.0821041,0,0,nan,nan,6847.2513,-274.16636,-0.032942974,-265.90769,2.3604947e-06,0.62928401,0.00023139235,0,0,0,0,0,0
39.64,1387.0528,48.216722,-2475.2537,46.729657,1.998082,112.16432,1.0189212e-06,-1.1521839,3.3494903e-06,-2.8116664e-06,0.0062136442,-9.4779828e-07,-0.26179939,9.3818948e-10,9.6317341e-05,1,-0.7854,9.2647868e-10,9.5972939e-05,1,0,0,0.06243897,-1.7164437e-05,0.36192774,119.67539,2475.2537,59.5,0,1.0821041,0,0,nan,nan,6870.1027,-275.01889,-0.032394376,-266.69092,2.3207491e-06,0.62462606,0.00022746527,0,0,0,0,0,0
39.68,1388.9237,48.296645,-2470.7643,46.818398,1.9980609,112.31412,9.9132246e-07,-1.151934,3.2581602e-06,-2.7367052e-06,0.0062877864,-9.2023216e-07,-0.26179939,9.2159931e-10,9.5830331e-05,1,-0.7854,9.1007415e-10,9.5492566e-05,1,0,0,0.062430781,-1.7288744e-05,0.36242651,119.84674,2470.7643,59.5,0,1.0821041,0,0,nan,nan,6892.9324,-275.87039,-0.031853868,-267.47301,2.2814878e-06,0.62004224,0.00022359119,0,0,0,0,0,0
39.72,1390.7981,48.376567,-2466.2689,46.907326,1.9980401,112.46316,9.6419465e-07,-1.1516811,3.1695603e-06,-2.6630149e-06,0.0063613865,-8.9313511e-07,-0.26179939,9.0527237e-10,9.5352712e-05,1,-0.7854,8.9393023e-10,9.5021464e-05,1,0,0,0.062422624,-1.7410675e-05,0.36292327,120.01745,2466.2689,59.5,0,1.0821041,0,0,nan,nan,6915.74,-276.72085,-0.031321347,-268.25394,2.2427074e-06,0.61552353,0.00021976943,0,0,0,0,0,0
39.76,1392.6761,48.456488,-2461.7676,46.996438,1.9980197,112.61145,9.375319e-07,-1.1514252,3.0836422e-06,-2.5905801e-06,0.0064344513,-8.6650108e-07,-0.26179939,8.8920491e-10,9.4884314e-05,1,-0.7854,8.7804314e-10,9.4559465e-05,1,0,0,0.062414499,-1.7530274e-05,0.36341803,120.18752,2461.7676,59.5,0,1.0821041,0,0,nan,nan,6938.5254,-277.57026,-0.030796711,-269.03373,2.2044044e-06,0.61105371,0.00021599945,0,0,0,0,0,0
39.8,1394.5576,48.536409,-2457.2603,47.085733,1.9979996,112.75898,9.1132845e-07,-1.1511665,3.0003579e-06,-2.5193852e-06,0.0065069855,-8.4032409e-07,-0.26179939,8.7339314e-10,9.4424971e-05,1,-0.7854,8.6240911e-10,9.4106405e-05,1,0,0,0.062406407,-1.7647581e-05,0.36391079,120.35695,2457.2603,59.5,0,1.0821041,0,0,nan,nan,6961.2882,-278.41861,-0.030279858,-269.81236,2.166575e-06,0.60661454,0.00021228082,0,0,0,0,0,0
39.84,1396.4428,48.616328,-2452.7471,47.175211,1.9979798,112.90575,8.8557859e-07,-1.1509048,2.9196602e-06,-2.4494148e-06,0.006578992,-8.1459821e-07,-0.26179939,8.5783335e-10,9.3974518e-05,1,-0.7854,8.470245e-10,9.3662122e-05,1,0,0,0.062398348,-1.776264e-05,0.36440154,120.52575,2452.7471,59.5,0,1.0821041,0,0,nan,nan,6984.0281,-279.26589,-0.029770688,-270.58984,2.1292157e-06,0.60219097,0.00020861316,0,0,0,0,0,0
39.88,1398.3315,48.696247,-2448.2281,47.264868,1.9979604,113.05176,8.6027663e-07,-1.1506403,2.8415025e-06,-2.3806537e-06,0.0066504721,-7.8931751e-07,-0.26179939,8.4252195e-10,9.3532794e-05,1,-0.7854,8.3188579e-10,9.3226456e-05,1,0,0,0.062390321,-1.7875491e-05,0.36489029,120.69391,2448.2281,59.5,0,1.0821041,0,0,nan,nan,7006.7447,-280.11209,-0.029269101,-271.36616,2.0923228e-06,0.59777494,0.00020499608,0,0,0,0,0,0
39.92,1400.2238,48.776165,-2443.7033,47.354704,1.9979412,113.19702,8.3541693e-07,-1.1503729,2.7658389e-06,-2.3130868e-06,0.0067214265,-7.6447613e-07,-0.26179939,8.2745545e-10,9.3099641e-05,1,-0.7854,8.169896e-10,9.279925e-05,1,0,0,0.062382327,-1.7986175e-05,0.36537705,120.86143,2443.7033,59.5,0,1.0821041,0,0,nan,nan,7029.4378,-280.9572,-0.028775001,-272.14133,2.0558931e-06,0.59336682,0.0002014291,0,0,0,0,0,0
39.96,1402.1197,48.856082,-2439.1727,47.444718,1.9979225,113.34152,8.1099388e-07,-1.1501027,2.6926239e-06,-2.246699e-06,0.0067918566,-7.4006824e-07,-0.26179939,8.1263052e-10,9.2674904e-05,1,-0.7854,8.0233268e-10,9.2380352e-05,1,0,0,0.062374366,-1.8094731e-05,0.36586181,121.02832,2439.1727,59.5,0,1.0821041,0,0,nan,nan,7052.107,-281.80122,-0.028288288,-272.91532,2.0199231e-06,0.58897436,0.00019791164,0,0,0,0,0,0
40,1404.0192,48.935999,-2434.6363,47.534907,1.997904,113.48528,7.8700193e-07,-1.1498297,2.6218127e-06,-2.1814754e-06,0.006861765,-7.1608808e-07,-0.26179939,7.9804391e-10,9.2258429e-05,1,-0.7854,7.8791183e-10,9.1969611e-05,1,0,0,0.062366437,-1.8201197e-05,0.36634457,121.19458,2434.6363,59.5,0,1.0821041,0,0,nan,nan,7074.7522,-282.64413,-0.027808868,-273.68812,1.9844098e-06,0.58460958,0.000194443,0,0,0,0,0,0
40.04,1405.9223,49.015915,-2430.0942,47.625271,1.9978858,113.62827,7.6343553e-07,-1.1495539,2.5533613e-06,-2.1174012e-06,0.0069311556,-6.9252999e-07,-0.26179939,7.8369241e-10,9.1850066e-05,1,-0.7854,7.7372385e-10,9.1566877e-05,1,0,0,0.06235854,-1.8305613e-05,0.36682533,121.3602,2430.0942,59.5,0,1.0821041,0,0,nan,nan,7097.3729,-283.48592,-0.027336646,-274.45973,1.94935e-06,0.58028483,0.00019102247,0,0,0,0,0,0
40.08,1407.829,49.09583,-2425.5463,47.715807,1.9978679,113.77052,7.4028922e-07,-1.1492754,2.487226e-06,-2.0544616e-06,0.0070000338,-6.6938835e-07,-0.26179939,7.6957283e-10,9.1449668e-05,1,-0.7854,7.5976554e-10,9.1172006e-05,1,0,0,0.062350676,-1.8408014e-05,0.36730411,121.52519,2425.5463,59.5,0,1.0821041,0,0,nan,nan,7119.9689,-284.32659,-0.026871526,-275.23014,1.9147405e-06,0.57600909,0.00018764928,0,0,0,0,0,0
40.12,1409.7394,49.175744,-2420.9928,47.806515,1.9978504,113.91201,7.1755754e-07,-1.1489941,2.4233638e-06,-1.9926422e-06,0.0070684056,-6.4665764e-07,-0.26179939,7.5568192e-10,9.105709e-05,1,-0.7854,7.4603361e-10,9.0784855e-05,1,0,0,0.062342843,-1.850844e-05,0.36778089,121.68954,2420.9928,59.5,0,1.0821041,0,0,nan,nan,7142.5399,-285.16612,-0.026413416,-275.99933,1.8805779e-06,0.57178565,0.00018432273,0,0,0,0,0,0
40.16,1411.6534,49.255658,-2416.4336,47.897392,1.9978331,114.05276,6.9523511e-07,-1.1487101,2.3617324e-06,-1.9319282e-06,0.0071362773,-6.2433242e-07,-0.26179939,7.420164e-10,9.067219e-05,1,-0.7854,7.3252476e-10,9.0405282e-05,1,0,0,0.062335043,-1.8606924e-05,0.36825569,121.85326,2416.4336,59.5,0,1.0821041,0,0,nan,nan,7165.0855,-286.00452,-0.025962223,-276.76731,1.8468585e-06,0.56761168,0.00018104219,0,0,0,0,0,0
40.2,1413.571,49.335571,-2411.8689,47.988437,1.9978162,114.19275,6.7331658e-07,-1.1484233,2.3022899e-06,-1.8723055e-06,0.0072036541,-6.0240728e-07,-0.26179939,7.2857295e-10,9.0294827e-05,1,-0.7854,7.1923565e-10,9.0033149e-05,1,0,0,0.062327275,-1.8703504e-05,0.36872849,122.01635,2411.8689,59.5,0,1.0821041,0,0,nan,nan,7187.6056,-286.84176,-0.025517857,-277.53406,1.8135787e-06,0.56347954,0.00017780712,0,0,0,0,0,0
40.24,1415.4923,49.415483,-2407.2985,48.079649,1.9977995,114.33199,6.5179665e-07,-1.1481339,2.244995e-06,-1.8137597e-06,0.0072705407,-5.8087688e-07,-0.26179939,7.1534824e-10,8.9924864e-05,1,-0.7854,7.0616297e-10,8.9668321e-05,1,0,0,0.062319539,-1.8798213e-05,0.36919932,122.1788,2407.2985,59.5,0,1.0821041,0,0,nan,nan,7210.0997,-287.67785,-0.025080227,-278.29959,1.7807345e-06,0.55937941,0.00017461707,0,0,0,0,0,0
40.28,1417.4172,49.495395,-2402.7226,48.171025,1.9977831,114.47048,6.3067006e-07,-1.1478418,2.189807e-06,-1.7562767e-06,0.0073369403,-5.5973593e-07,-0.26179939,7.02339e-10,8.9562166e-05,1,-0.7854,6.9330348e-10,8.9310665e-05,1,0,0,0.062311835,-1.8891087e-05,0.36966815,122.34063,2402.7226,59.5,0,1.0821041,0,0,nan,nan,7232.5677,-288.51276,-0.024649244,-279.06389,1.7483223e-06,0.55530229,0.0001714716,0,0,0,0,0,0
40.32,1419.3458,49.575306,-2398.1412,48.262566,1.9977669,114.60823,6.0993161e-07,-1.1475471,2.1366859e-06,-1.6998425e-06,0.0074028553,-5.3897917e-07,-0.26179939,6.8954202e-10,8.9206601e-05,1,-0.7854,6.8065403e-10,8.8960048e-05,1,0,0,0.062304164,-1.8982158e-05,0.37013501,122.50182,2398.1412,59.5,0,1.0821041,0,0,nan,nan,7255.0092,-289.3465,-0.024224819,-279.82696,1.7163382e-06,0.5512424,0.00016837031,0,0,0,0,0,0
40.36,1421.278,49.655216,-2393.5542,48.354268,1.9977511,114.74522,5.8957613e-07,-1.1472497,2.0855921e-06,-1.6444432e-06,0.0074682876,-5.186014e-07,-0.26179939,6.7695417e-10,8.8858038e-05,1,-0.7854,6.6821155e-10,8.8616344e-05,1,0,0,0.062296525,-1.907146e-05,0.37059988,122.66238,2393.5542,59.5,0,1.0821041,0,0,nan,nan,7277.4239,-290.17905,-0.023806866,-280.58879,1.6847785e-06,0.54719846,0.00016531273,0,0,0,0,0,0
40.4,1423.2139,49.735126,-2388.9618,48.44613,1.9977355,114.88147,5.695985e-07,-1.1469498,2.0364864e-06,-1.5900651e-06,0.0075332391,-4.9859743e-07,-0.26179939,6.6457241e-10,8.8516349e-05,1,-0.7854,6.5597307e-10,8.8279425e-05,1,0,0,0.062288919,-1.9159026e-05,0.37106277,122.82231,2388.9618,59.5,0,1.0821041,0,0,nan,nan,7299.8116,-291.01041,-0.023395297,-281.34938,1.6536396e-06,0.54317348,0.00016229837,0,0,0,0,0,0
40.44,1425.1535,49.815035,-2384.364,48.538152,1.9977202,115.01697,5.4999363e-07,-1.1466472,1.9893305e-06,-1.5366944e-06,0.0075977126,-4.7896218e-07,-0.26179939,6.523938e-10,8.8181408e-05,1,-0.7854,6.4393569e-10,8.7949166e-05,1,0,0,0.062281345,-1.9244886e-05,0.37152369,122.9816,2384.364,59.5,0,1.0821041,0,0,nan,nan,7322.1719,-291.84057,-0.022990028,-282.10872,1.6229181e-06,0.53917332,0.00015932663,0,0,0,0,0,0
40.48,1427.0968,49.894944,-2379.7608,48.630331,1.9977052,115.15173,5.307565e-07,-1.1463421,1.9440863e-06,-1.4843178e-06,0.0076617114,-4.5969059e-07,-0.26179939,6.4041542e-10,8.7853092e-05,1,-0.7854,6.320965e-10,8.7625447e-05,1,0,0,0.062273803,-1.9329073e-05,0.37198263,123.14027,2379.7608,59.5,0,1.0821041,0,0,nan,nan,7344.5046,-292.66951,-0.022590974,-282.86679,1.5926104e-06,0.53520459,0.00015639693,0,0,0,0,0,0
40.52,1429.0438,49.974852,-2375.1521,48.722665,1.9976904,115.28574,5.118821e-07,-1.1460344,1.9007166e-06,-1.4329216e-06,0.0077252394,-4.407777e-07,-0.26179939,6.2863438e-10,8.753128e-05,1,-0.7854,6.2045264e-10,8.7308148e-05,1,0,0,0.062266293,-1.9411618e-05,0.3724396,123.29831,2375.1521,59.5,0,1.0821041,0,0,nan,nan,7366.8095,-293.49724,-0.022198052,-283.6236,1.5627129e-06,0.5312725,0.00015350864,0,0,0,0,0,0
40.56,1430.9944,50.054759,-2370.5382,48.815154,1.9976759,115.41901,4.9336549e-07,-1.1457242,1.8591844e-06,-1.3824927e-06,0.0077883012,-4.2221859e-07,-0.26179939,6.1704778e-10,8.7215852e-05,1,-0.7854,6.0900119e-10,8.699715e-05,1,0,0,0.062258815,-1.9492549e-05,0.37289459,123.45573,2370.5382,59.5,0,1.0821041,0,0,nan,nan,7389.0862,-294.32374,-0.021811179,-284.37913,1.5332222e-06,0.52737937,0.00015066116,0,0,0,0,0,0
40.6,1432.9488,50.134666,-2365.9189,48.907796,1.9976616,115.55154,4.7520177e-07,-1.1454115,1.8194533e-06,-1.3330179e-06,0.0078509015,-4.0400842e-07,-0.26179939,6.0565273e-10,8.6906691e-05,1,-0.7854,5.9773925e-10,8.6692338e-05,1,0,0,0.062251369,-1.9571898e-05,0.37334762,123.61251,2365.9189,59.5,0,1.0821041,0,0,nan,nan,7411.3344,-295.149,-0.021430274,-285.13338,1.5041344e-06,0.52352419,0.00014785395,0,0,0,0,0,0
40.64,1434.9069,50.214572,-2361.2943,49.000588,1.9976476,115.68332,4.5738609e-07,-1.1450963,1.7814875e-06,-1.2844841e-06,0.0079130446,-3.861424e-07,-0.26179939,5.9444631e-10,8.6603683e-05,1,-0.7854,5.8666391e-10,8.6393599e-05,1,0,0,0.062243955,-1.9649693e-05,0.37379868,123.76866,2361.2943,59.5,0,1.0821041,0,0,nan,nan,7433.5539,-295.97302,-0.021055256,-285.88634,1.4754457e-06,0.51970316,0.0001450865,0,0,0,0,0,0
40.68,1436.8686,50.294478,-2356.6645,49.093531,1.9976338,115.81436,4.3991364e-07,-1.1447786,1.7452518e-06,-1.2368783e-06,0.0079747342,-3.6861577e-07,-0.26179939,5.8342562e-10,8.6306714e-05,1,-0.7854,5.7577228e-10,8.610082e-05,1,0,0,0.062236573,-1.9725963e-05,0.37424777,123.92419,2356.6645,59.5,0,1.0821041,0,0,nan,nan,7455.7443,-296.79579,-0.020686044,-286.63801,1.4471525e-06,0.51591104,0.00014235837,0,0,0,0,0,0
40.72,1438.8342,50.374383,-2352.0294,49.186621,1.9976202,115.94466,4.2277965e-07,-1.1444584,1.7107113e-06,-1.1901877e-06,0.0080359735,-3.5142386e-07,-0.26179939,5.7258781e-10,8.6015674e-05,1,-0.7854,5.6506154e-10,8.5813893e-05,1,0,0,0.062229223,-1.9800736e-05,0.37469489,124.07909,2352.0294,59.5,0,1.0821041,0,0,nan,nan,7477.9056,-297.61729,-0.020322561,-287.38839,1.4192507e-06,0.51214278,0.00013966914,0,0,0,0,0,0
40.76,1440.8034,50.454287,-2347.3892,49.279858,1.9976069,116.07422,4.0597942e-07,-1.1441358,1.6778316e-06,-1.1443997e-06,0.0080967651,-3.3456201e-07,-0.26179939,5.6193006e-10,8.5730453e-05,1,-0.7854,5.545289e-10,8.553271e-05,1,0,0,0.062221906,-1.9874039e-05,0.37514006,124.23337,2347.3892,59.5,0,1.0821041,0,0,nan,nan,7500.0372,-298.43753,-0.019964728,-288.13748,1.3917366e-06,0.50839495,0.00013701839,0,0,0,0,0,0
40.8,1442.7764,50.534191,-2342.7438,49.37324,1.9975938,116.20304,3.8950828e-07,-1.1438108,1.6465789e-06,-1.0995017e-06,0.0081571114,-3.1802562e-07,-0.26179939,5.5144961e-10,8.5450944e-05,1,-0.7854,5.4417167e-10,8.5257164e-05,1,0,0,0.06221462,-1.9945901e-05,0.37558326,124.38702,2342.7438,59.5,0,1.0821041,0,0,nan,nan,7522.1391,-299.2565,-0.019612468,-288.88526,1.3646064e-06,0.50466648,0.00013440569,0,0,0,0,0,0
40.84,1444.7531,50.614095,-2338.0932,49.466765,1.997581,116.33112,3.7336161e-07,-1.1434834,1.61692e-06,-1.0554813e-06,0.0082170148,-3.0181012e-07,-0.26179939,5.4114378e-10,8.5177043e-05,1,-0.7854,5.3398719e-10,8.4987153e-05,1,0,0,0.062207366,-2.0016346e-05,0.37602451,124.54005,2338.0932,59.5,0,1.0821041,0,0,nan,nan,7544.2109,-300.07418,-0.019265705,-289.63173,1.3378564e-06,0.50095868,0.00013183058,0,0,0,0,0,0
40.88,1446.7335,50.693998,-2333.4375,49.560432,1.9975684,116.45846,3.5753481e-07,-1.1431536,1.588822e-06,-1.012326e-06,0.0082764778,-2.8591102e-07,-0.26179939,5.3100994e-10,8.4908645e-05,1,-0.7854,5.2397288e-10,8.4722575e-05,1,0,0,0.062200145,-2.0085402e-05,0.3764638,124.69245,2333.4375,59.5,0,1.0821041,0,0,nan,nan,7566.2523,-300.89056,-0.018924364,-290.37688,1.3114831e-06,0.49727446,0.00012929257,0,0,0,0,0,0
40.92,1448.7177,50.7739,-2328.7768,49.65424,1.997556,116.58507,3.4202335e-07,-1.1428214,1.5622524e-06,-9.7002374e-07,0.0083355034,-2.7032387e-07,-0.26179939,5.210455e-10,8.464565e-05,1,-0.7854,5.1412617e-10,8.4463328e-05,1,0,0,0.062192955,-2.0153093e-05,0.37690114,124.84422,2328.7768,59.5,0,1.0821041,0,0,nan,nan,7588.2631,-301.70565,-0.018588371,-291.12071,1.2854828e-06,0.49361722,0.00012679113,0,0,0,0,0,0
40.96,1450.7057,50.853802,-2324.111,49.748186,1.9975438,116.71094,3.2682276e-07,-1.1424868,1.5371795e-06,-9.2856241e-07,0.008394095,-2.5504427e-07,-0.26179939,5.112479e-10,8.4387958e-05,1,-0.7854,5.044445e-10,8.4209315e-05,1,0,0,0.062185797,-2.0219446e-05,0.37733652,124.99537,2324.111,59.5,0,1.0821041,0,0,nan,nan,7610.243,-302.51943,-0.018257652,-291.86322,1.2598518e-06,0.48998965,0.00012432576,0,0,0,0,0,0
41,1452.6974,50.933704,-2319.4402,49.842269,1.9975318,116.83607,3.1192856e-07,-1.14215,1.5135718e-06,-8.8793003e-07,0.0084522563,-2.4006788e-07,-0.26179939,5.0161458e-10,8.4135471e-05,1,-0.7854,4.9492533e-10,8.396044e-05,1,0,0,0.062178671,-2.0284485e-05,0.37776996,125.1459,2319.4402,59.5,0,1.0821041,0,0,nan,nan,7632.1918,-303.3319,-0.017932134,-292.60439,1.2345865e-06,0.48639292,0.00012189594,0,0,0,0,0,0
41.04,1454.6929,51.013605,-2314.7644,49.936488,1.9975201,116.96047,2.9733638e-07,-1.1418108,1.4913984e-06,-8.4811474e-07,0.0085099909,-2.2539044e-07,-0.26179939,4.9214301e-10,8.3888093e-05,1,-0.7854,4.8556614e-10,8.3716606e-05,1,0,0,0.062171577,-2.0348235e-05,0.37820144,125.29581,2314.7644,59.5,0,1.0821041,0,0,nan,nan,7654.1092,-304.14305,-0.017611746,-293.34422,1.2096832e-06,0.48282641,0.0001195012,0,0,0,0,0,0
41.08,1456.6921,51.093505,-2310.0836,50.030841,1.9975085,117.08414,2.8304185e-07,-1.1414693,1.4706288e-06,-8.0910482e-07,0.0085673023,-2.110077e-07,-0.26179939,4.8283065e-10,8.3645729e-05,1,-0.7854,4.7636439e-10,8.3477722e-05,1,0,0,0.062164514,-2.0410718e-05,0.37863098,125.4451,2310.0836,59.5,0,1.0821041,0,0,nan,nan,7675.9949,-304.95286,-0.017296417,-294.0827,1.1851382e-06,0.47928801,0.00011714109,0,0,0,0,0,0
41.12,1458.6951,51.173405,-2305.3979,50.125327,1.9974972,117.20707,2.6904066e-07,-1.1411255,1.4512329e-06,-7.7088865e-07,0.0086241937,-1.9691549e-07,-0.26179939,4.7367499e-10,8.3408287e-05,1,-0.7854,4.673176e-10,8.3243695e-05,1,0,0,0.062157483,-2.0471959e-05,0.37905858,125.59376,2305.3979,59.5,0,1.0821041,0,0,nan,nan,7697.8487,-305.76134,-0.016986076,-294.81984,1.1609477e-06,0.47577482,0.00011481521,0,0,0,0,0,0
41.16,1460.702,51.253305,-2300.7073,50.219944,1.9974861,117.32928,2.5532856e-07,-1.1407795,1.4331811e-06,-7.3345476e-07,0.0086806679,-1.8310967e-07,-0.26179939,4.6467356e-10,8.3175676e-05,1,-0.7854,4.5842331e-10,8.3014436e-05,1,0,0,0.062150484,-2.0531981e-05,0.37948424,125.74181,2300.7073,59.5,0,1.0821041,0,0,nan,nan,7719.6703,-306.56847,-0.016680655,-295.55563,1.137108e-06,0.47228413,0.00011252315,0,0,0,0,0,0
41.2,1462.7126,51.333204,-2296.0118,50.31469,1.9974751,117.45075,2.4190132e-07,-1.1404312,1.4164444e-06,-6.9679177e-07,0.0087367275,-1.6958615e-07,-0.26179939,4.5582392e-10,8.2947807e-05,1,-0.7854,4.4967912e-10,8.2789856e-05,1,0,0,0.062143517,-2.0590806e-05,0.37990795,125.88923,2296.0118,59.5,0,1.0821041,0,0,nan,nan,7741.4595,-307.37425,-0.016380085,-296.29006,1.1136153e-06,0.46881408,0.00011026452,0,0,0,0,0,0
41.24,1464.7269,51.413103,-2291.3115,50.409564,1.9974644,117.57149,2.2875477e-07,-1.1400807,1.4009939e-06,-6.6088845e-07,0.0087923749,-1.5634088e-07,-0.26179939,4.4712368e-10,8.2724591e-05,1,-0.7854,4.4108267e-10,8.2569868e-05,1,0,0,0.062136581,-2.0648456e-05,0.38032973,126.03604,2291.3115,59.5,0,1.0821041,0,0,nan,nan,7763.216,-308.17867,-0.016084299,-297.02312,1.090466e-06,0.46536411,0.00010803892,0,0,0,0,0,0
41.28,1466.7451,51.493002,-2286.6063,50.504564,1.9974539,117.6915,2.1588478e-07,-1.1397279,1.3868015e-06,-6.2573367e-07,0.0088476125,-1.4336985e-07,-0.26179939,4.3857049e-10,8.2505942e-05,1,-0.7854,4.3263165e-10,8.2354389e-05,1,0,0,0.062129677,-2.0704954e-05,0.38074958,126.18222,2286.6063,59.5,0,1.0821041,0,0,nan,nan,7784.9396,-308.98172,-0.015793229,-297.75482,1.0676564e-06,0.46193491,0.00010584592,0,0,0,0,0,0
41.32,1468.7671,51.5729,-2281.8964,50.599689,1.9974435,117.81078,2.0328728e-07,-1.139373,1.3738393e-06,-5.9131642e-07,0.0089024428,-1.3066911e-07,-0.26179939,4.3016205e-10,8.2291776e-05,1,-0.7854,4.2432379e-10,8.2143333e-05,1,0,0,0.062122805,-2.076032e-05,0.38116749,126.32779,2281.8964,59.5,0,1.0821041,0,0,nan,nan,7806.63,-309.7834,-0.015506811,-298.48515,1.0451829e-06,0.45852796,0.0001036851,0,0,0,0,0,0
41.36,1470.7929,51.652797,-2277.1817,50.694937,1.9974333,117.92933,1.909582e-07,-1.1390158,1.3620799e-06,-5.5762581e-07,0.0089568687,-1.1823475e-07,-0.26179939,4.2189611e-10,8.208201e-05,1,-0.7854,4.1615685e-10,8.1936618e-05,1,0,0,0.062115964,-2.0814576e-05,0.38158348,126.47274,2277.1817,59.5,0,1.0821041,0,0,nan,nan,7828.2869,-310.5837,-0.015224978,-299.2141,1.0230421e-06,0.45514495,0.00010155601,0,0,0,0,0,0
41.4,1472.8225,51.732694,-2272.4623,50.790307,1.9974234,118.04716,1.7889356e-07,-1.1386565,1.3514963e-06,-5.2465107e-07,0.0090108931,-1.0606292e-07,-0.26179939,4.1377042e-10,8.1876561e-05,1,-0.7854,4.0812859e-10,8.1734165e-05,1,0,0,0.062109155,-2.0867742e-05,0.38199753,126.61708,2272.4623,59.5,0,1.0821041,0,0,nan,nan,7849.9102,-311.38261,-0.014947667,-299.94167,1.0012302e-06,0.45178711,9.945821e-05,0,0,0,0,0,0
41.44,1474.856,51.812591,-2267.7382,50.885797,1.9974136,118.16426,1.6708941e-07,-1.1382951,1.3420618e-06,-4.9238154e-07,0.0090645189,-9.4149808e-08,-0.26179939,4.0578277e-10,8.167535e-05,1,-0.7854,4.0023683e-10,8.1535893e-05,1,0,0,0.062102377,-2.0919838e-05,0.38240966,126.7608,2267.7382,59.5,0,1.0821041,0,0,nan,nan,7871.4995,-312.18012,-0.014674814,-300.66785,9.7974377e-07,0.44845483,9.7391272e-05,0,0,0,0,0,0
41.48,1476.8932,51.892487,-2263.0094,50.981406,1.9974039,118.28064,1.5554182e-07,-1.1379315,1.3337504e-06,-4.6080668e-07,0.0091177492,-8.2491661e-08,-0.26179939,3.9793094e-10,8.1478297e-05,1,-0.7854,3.9247936e-10,8.1341726e-05,1,0,0,0.062095631,-2.0970885e-05,0.38281987,126.9039,2263.0094,59.5,0,1.0821041,0,0,nan,nan,7893.0547,-312.97624,-0.014406357,-301.39264,9.5857919e-07,0.44514753,9.5354781e-05,0,0,0,0,0,0
41.52,1478.9343,51.972383,-2258.276,51.077131,1.9973945,118.39629,1.4424694e-07,-1.1375658,1.3265363e-06,-4.2991607e-07,0.0091705869,-7.1084762e-08,-0.26179939,3.9021277e-10,8.1285326e-05,1,-0.7854,3.8485402e-10,8.1151586e-05,1,0,0,0.062088916,-2.1020901e-05,0.38322816,127.04639,2258.276,59.5,0,1.0821041,0,0,nan,nan,7914.5755,-313.77094,-0.014142233,-302.11603,9.3773285e-07,0.4418639,9.3348348e-05,0,0,0,0,0,0
41.56,1480.9792,52.052279,-2253.538,51.172972,1.9973852,118.51122,1.3320095e-07,-1.1371979,1.3203941e-06,-3.9969938e-07,0.0092230348,-5.9925444e-08,-0.26179939,3.8262609e-10,8.109636e-05,1,-0.7854,3.7735867e-10,8.0965399e-05,1,0,0,0.062082232,-2.1069907e-05,0.38363452,127.18826,2253.538,59.5,0,1.0821041,0,0,nan,nan,7936.0616,-314.56423,-0.013882381,-302.83801,9.1720117e-07,0.43860233,9.1371597e-05,0,0,0,0,0,0
41.6,1483.0279,52.132174,-2248.7953,51.268927,1.9973761,118.62543,1.2240006e-07,-1.136828,1.3152988e-06,-3.7014645e-07,0.0092750953,-4.9010078e-08,-0.26179939,3.7516877e-10,8.0911324e-05,1,-0.7854,3.6999121e-10,8.0783091e-05,1,0,0,0.06207558,-2.111792e-05,0.38403898,127.32952,2248.7953,59.5,0,1.0821041,0,0,nan,nan,7957.5128,-315.35609,-0.013626741,-303.5586,8.9698057e-07,0.43536137,8.9424162e-05,0,0,0,0,0,0
41.64,1485.0805,52.212069,-2244.0482,51.364994,1.9973672,118.73892,1.1184053e-07,-1.136456,1.3112259e-06,-3.4124718e-07,0.0093267709,-3.8335079e-08,-0.26179939,3.6783873e-10,8.0730147e-05,1,-0.7854,3.6274957e-10,8.0604589e-05,1,0,0,0.06206896,-2.116496e-05,0.38444152,127.47017,2244.0482,59.5,0,1.0821041,0,0,nan,nan,7978.9288,-316.14652,-0.013375254,-304.27777,8.7706753e-07,0.43214009,8.7505682e-05,0,0,0,0,0,0
41.68,1487.1369,52.291964,-2239.2965,51.461172,1.9973584,118.85169,1.0151869e-07,-1.136082,1.3081511e-06,-3.1299163e-07,0.0093780639,-2.7896904e-08,-0.26179939,3.606339e-10,8.0552754e-05,1,-0.7854,3.5563172e-10,8.0429823e-05,1,0,0,0.06206237,-2.1211045e-05,0.38484214,127.6102,2239.2965,59.5,0,1.0821041,0,0,nan,nan,8000.3095,-316.93552,-0.013127859,-304.99553,8.5745852e-07,0.42893829,8.5615787e-05,0,0,0,0,0,0
41.72,1489.1972,52.371858,-2234.5403,51.557459,1.9973498,118.96373,9.1430864e-08,-1.1357059,1.3060506e-06,-2.8536993e-07,0.0094289767,-1.769205e-08,-0.26179939,3.5355227e-10,8.0379077e-05,1,-0.7854,3.4863567e-10,8.0258722e-05,1,0,0,0.062055812,-2.1256192e-05,0.38524086,127.74963,2234.5403,59.5,0,1.0821041,0,0,nan,nan,8021.6546,-317.72308,-0.0128845,-305.71187,8.3815008e-07,0.42575638,8.3754104e-05,0,0,0,0,0,0
41.76,1491.2613,52.451752,-2229.7796,51.653853,1.9973414,119.07506,8.1573454e-08,-1.1353278,1.3049011e-06,-2.5837237e-07,0.0094795116,-7.7170602e-09,-0.26179939,3.4659186e-10,8.0209044e-05,1,-0.7854,3.4175945e-10,8.0091219e-05,1,0,0,0.062049285,-2.1300418e-05,0.38563768,127.88844,2229.7796,59.5,0,1.0821041,0,0,nan,nan,8042.9639,-318.50918,-0.012645119,-306.42679,8.1913877e-07,0.42259511,8.192025e-05,0,0,0,0,0,0
41.8,1493.3293,52.531645,-2225.0145,51.750354,1.9973331,119.18568,7.1942891e-08,-1.1349476,1.3046793e-06,-2.3198932e-07,0.0095296711,2.03148e-09,-0.26179939,3.3975071e-10,8.0042589e-05,1,-0.7854,3.3500114e-10,7.9927246e-05,1,0,0,0.06204279,-2.1343742e-05,0.38603259,128.02664,2225.0145,59.5,0,1.0821041,0,0,nan,nan,8064.2371,-319.29383,-0.012409658,-307.14029,8.0042117e-07,0.41945525,8.0113846e-05,0,0,0,0,0,0
41.84,1495.4012,52.611538,-2220.245,51.84696,1.997325,119.29557,6.2535647e-08,-1.1345655,1.3053627e-06,-2.0621126e-07,0.0095794579,1.155694e-08,-0.26179939,3.3302689e-10,7.9879645e-05,1,-0.7854,3.2835881e-10,7.9766736e-05,1,0,0,0.062036325,-2.1386179e-05,0.38642559,128.16423,2220.245,59.5,0,1.0821041,0,0,nan,nan,8085.474,-320.07701,-0.012178063,-307.85234,7.8199389e-07,0.41633724,7.8334509e-05,0,0,0,0,0,0
41.88,1497.4769,52.691431,-2215.4711,51.943668,1.997317,119.40475,5.3348239e-08,-1.1341814,1.3069289e-06,-1.8102879e-07,0.0096288745,2.0862646e-08,-0.26179939,3.2641849e-10,7.9720145e-05,1,-0.7854,3.2183058e-10,7.9609626e-05,1,0,0,0.062029892,-2.1427747e-05,0.3868167,128.30122,2215.4711,59.5,0,1.0821041,0,0,nan,nan,8106.6743,-320.85873,-0.011950278,-308.56297,7.6385352e-07,0.41324103,7.6581874e-05,0,0,0,0,0,0
41.92,1499.5565,52.771324,-2210.6928,52.040478,1.9973092,119.51322,4.4377222e-08,-1.1337953,1.309356e-06,-1.5643263e-07,0.0096779235,2.9951883e-08,-0.26179939,3.1992362e-10,7.9564025e-05,1,-0.7854,3.1541456e-10,7.9455851e-05,1,0,0,0.06202349,-2.1468462e-05,0.38720592,128.4376,2210.6928,59.5,0,1.0821041,0,0,nan,nan,8127.8379,-321.63897,-0.011726248,-309.27215,7.4599667e-07,0.4101661,7.4855582e-05,0,0,0,0,0,0
41.96,1501.6399,52.851216,-2205.9102,52.137387,1.9973015,119.62097,3.5619196e-08,-1.1334073,1.3126222e-06,-1.3241359e-07,0.0097266074,3.8827893e-08,-0.26179939,3.1354042e-10,7.9411222e-05,1,-0.7854,3.0910891e-10,7.9305349e-05,1,0,0,0.062017118,-2.1508339e-05,0.38759324,128.57336,2205.9102,59.5,0,1.0821041,0,0,nan,nan,8148.9645,-322.41773,-0.011505919,-309.97989,7.2841995e-07,0.40711161,7.315529e-05,0,0,0,0,0,0
42,1503.7273,52.931108,-2201.1234,52.234395,1.997294,119.72801,2.70708e-08,-1.1330173,1.3167063e-06,-1.0896261e-07,0.0097749286,4.7493881e-08,-0.26179939,3.0726705e-10,7.9261673e-05,1,-0.7854,3.0291181e-10,7.9158058e-05,1,0,0,0.062010778,-2.1547394e-05,0.38797867,128.70853,2201.1234,59.5,0,1.0821041,0,0,nan,nan,8170.0539,-323.195,-0.011289239,-310.68618,7.1112001e-07,0.40407662,7.1480662e-05,0,0,0,0,0,0
42.04,1505.8185,53.010999,-2196.3322,52.3315,1.9972866,119.83434,1.8728713e-08,-1.1326254,1.3215874e-06,-8.6070727e-08,0.0098228893,5.5953013e-08,-0.26179939,3.0110169e-10,7.9115317e-05,1,-0.7854,2.9682147e-10,7.9013917e-05,1,0,0,0.062004469,-2.1585643e-05,0.38836221,128.84308,2196.3322,59.5,0,1.0821041,0,0,nan,nan,8191.1059,-323.97077,-0.011076155,-311.39101,6.940935e-07,0.4010604,6.9831371e-05,0,0,0,0,0,0
42.08,1507.9136,53.090891,-2191.5368,52.4287,1.9972793,119.93996,1.0589655e-08,-1.1322315,1.3272449e-06,-6.3729083e-08,0.0098704918,6.4208415e-08,-0.26179939,2.9504257e-10,7.8972095e-05,1,-0.7854,2.9083612e-10,7.8872869e-05,1,0,0,0.061998191,-2.1623101e-05,0.38874387,128.97704,2191.5368,59.5,0,1.0821041,0,0,nan,nan,8212.1202,-324.74505,-0.010866614,-312.09439,6.7733712e-07,0.39806252,6.8207087e-05,0,0,0,0,0,0
42.12,1510.0126,53.170782,-2186.7372,52.525994,1.9972722,120.04487,2.6503861e-09,-1.1318358,1.3336585e-06,-4.1928935e-08,0.0099177383,7.2263175e-08,-0.26179939,2.8908792e-10,7.8831948e-05,1,-0.7854,2.8495403e-10,7.8734854e-05,1,0,0,0.061991943,-2.1659783e-05,0.38912364,129.11038,2186.7372,59.5,0,1.0821041,0,0,nan,nan,8233.0967,-325.51782,-0.010660567,-312.79631,6.6084759e-07,0.39508295,6.6607481e-05,0,0,0,0,0,0
42.16,1512.1155,53.250672,-2181.9335,52.623379,1.9972653,120.14907,-5.0922956e-09,-1.1314382,1.3408083e-06,-2.0661644e-08,0.0099646308,8.0120344e-08,-0.26179939,2.8323603e-10,7.8694817e-05,1,-0.7854,2.791735e-10,7.8599816e-05,1,0,0,0.061985727,-2.1695703e-05,0.38950153,129.24313,2181.9335,59.5,0,1.0821041,0,0,nan,nan,8254.0351,-326.28907,-0.010457962,-313.49677,6.4462166e-07,0.39212191,6.503222e-05,0,0,0,0,0,0
42.2,1514.2223,53.330563,-2177.1255,52.720856,1.9972584,120.25257,-1.2641552e-08,-1.1310388,1.3486747e-06,8.132326e-11,0.010011172,8.7782932e-08,-0.26179939,2.774852e-10,7.8560645e-05,1,-0.7854,2.7349286e-10,7.8467698e-05,1,0,0,0.061979541,-2.1730875e-05,0.38987755,129.37527,2177.1255,59.5,0,1.0821041,0,0,nan,nan,8274.9351,-327.0588,-0.010258749,-314.19576,6.2865612e-07,0.38917975,6.3480972e-05,0,0,0,0,0,0
42.24,1516.333,53.410453,-2172.3135,52.818421,1.9972517,120.35536,-2.0000505e-08,-1.1306374,1.3572385e-06,2.0308396e-08,0.010057363,9.525391e-08,-0.26179939,2.7183377e-10,7.8429378e-05,1,-0.7854,2.6791045e-10,7.8338445e-05,1,0,0,0.061973386,-2.1765314e-05,0.39025169,129.50681,2172.3135,59.5,0,1.0821041,0,0,nan,nan,8295.7967,-327.82701,-0.01006288,-314.89327,6.1294778e-07,0.38625674,6.1953406e-05,0,0,0,0,0,0
42.28,1518.4476,53.490343,-2167.4973,52.916074,1.9972451,120.45744,-2.7172239e-08,-1.1302343,1.3664806e-06,4.0027901e-08,0.010103208,1.0253621e-07,-0.26179939,2.6628008e-10,7.830096e-05,1,-0.7854,2.6242464e-10,7.8212003e-05,1,0,0,0.061967262,-2.1799033e-05,0.39062395,129.63775,2167.4973,59.5,0,1.0821041,0,0,nan,nan,8316.6195,-328.59369,-0.0098703065,-315.58931,5.9749345e-07,0.38335291,6.0449196e-05,0,0,0,0,0,0
42.32,1520.5661,53.570233,-2162.6771,53.013813,1.9972387,120.55882,-3.4159801e-08,-1.1298293,1.3763825e-06,5.924806e-08,0.010148707,1.0963273e-07,-0.26179939,2.6082251e-10,7.8175338e-05,1,-0.7854,2.5703382e-10,7.808832e-05,1,0,0,0.061961168,-2.1832047e-05,0.39099435,129.76808,2162.6771,59.5,0,1.0821041,0,0,nan,nan,8337.4034,-329.35883,-0.0096809797,-316.28387,5.8228997e-07,0.38046806,5.8968024e-05,0,0,0,0,0,0
42.36,1522.6885,53.650122,-2157.8528,53.111636,1.9972324,120.6595,-4.0966196e-08,-1.1294225,1.3869258e-06,7.7976992e-08,0.010193865,1.1654632e-07,-0.26179939,2.5545945e-10,7.8052458e-05,1,-0.7854,2.517364e-10,7.7967342e-05,1,0,0,0.061955105,-2.1864367e-05,0.39136288,129.89782,2157.8528,59.5,0,1.0821041,0,0,nan,nan,8358.1481,-330.12243,-0.0094948529,-316.97695,5.6733421e-07,0.37760173,5.750958e-05,0,0,0,0,0,0
42.4,1524.8148,53.730011,-2153.0245,53.209543,1.9972262,120.75947,-4.7594395e-08,-1.1290139,1.3980925e-06,9.6222717e-08,0.010238681,1.2327981e-07,-0.26179939,2.5018933e-10,7.7932268e-05,1,-0.7854,2.4653081e-10,7.784902e-05,1,0,0,0.061949073,-2.1896007e-05,0.39172955,130.02696,2153.0245,59.5,0,1.0821041,0,0,nan,nan,8378.8534,-330.88448,-0.0093118793,-317.66854,5.5262303e-07,0.37475339,5.6073563e-05,0,0,0,0,0,0
42.44,1526.945,53.8099,-2148.1923,53.30753,1.9972201,120.85875,-5.4047328e-08,-1.1286035,1.4098648e-06,1.1399315e-07,0.01028316,1.2983598e-07,-0.26179939,2.4501058e-10,7.7814719e-05,1,-0.7854,2.414155e-10,7.7733301e-05,1,0,0,0.061943071,-2.192698e-05,0.39209436,130.1555,2148.1923,59.5,0,1.0821041,0,0,nan,nan,8399.5192,-331.64498,-0.009132013,-318.35864,5.3815335e-07,0.37192252,5.4659675e-05,0,0,0,0,0,0
42.48,1529.0792,53.889789,-2143.3561,53.405597,1.9972141,120.95732,-6.032789e-08,-1.1281913,1.4222254e-06,1.3129611e-07,0.010327302,1.3621759e-07,-0.26179939,2.3992167e-10,7.7699759e-05,1,-0.7854,2.3638897e-10,7.7620138e-05,1,0,0,0.0619371,-2.1957299e-05,0.3924573,130.28344,2143.3561,59.5,0,1.0821041,0,0,nan,nan,8420.1452,-332.40392,-0.0089552085,-319.04724,5.2392208e-07,0.36910873,5.3267624e-05,0,0,0,0,0,0
42.52,1531.2173,53.969677,-2138.5159,53.503743,1.9972083,121.0552,-6.6438938e-08,-1.1277774,1.4351571e-06,1.481393e-07,0.01037111,1.4242734e-07,-0.26179939,2.3492108e-10,7.7587341e-05,1,-0.7854,2.3144973e-10,7.7509482e-05,1,0,0,0.061931159,-2.1986976e-05,0.3928184,130.41079,2138.5159,59.5,0,1.0821041,0,0,nan,nan,8440.7312,-333.16129,-0.0087814212,-319.73435,5.0992618e-07,0.36631186,5.1897117e-05,0,0,0,0,0,0
42.56,1533.3593,54.049566,-2133.6718,53.601965,1.9972026,121.15238,-7.2383293e-08,-1.1273617,1.4486431e-06,1.6453036e-07,0.010414586,1.4846792e-07,-0.26179939,2.3000735e-10,7.7477414e-05,1,-0.7854,2.265963e-10,7.7401285e-05,1,0,0,0.061925249,-2.2016023e-05,0.39317763,130.53754,2133.6718,59.5,0,1.0821041,0,0,nan,nan,8461.277,-333.91709,-0.0086106067,-320.41996,4.9616265e-07,0.36353189,5.0547864e-05,0,0,0,0,0,0
42.6,1535.5052,54.129454,-2128.8239,53.700263,1.997197,121.24886,-7.816374e-08,-1.1269443,1.4626668e-06,1.8047679e-07,0.010457731,1.5434198e-07,-0.26179939,2.2517901e-10,7.7369934e-05,1,-0.7854,2.2182724e-10,7.72955e-05,1,0,0,0.061919369,-2.2044451e-05,0.39353502,130.66369,2128.8239,59.5,0,1.0821041,0,0,nan,nan,8481.7824,-334.67131,-0.0084427215,-321.10406,4.826285e-07,0.36076894,4.9219572e-05,0,0,0,0,0,0
42.64,1537.6551,54.209341,-2123.9721,53.798634,1.9971915,121.34464,-8.3783026e-08,-1.1265252,1.4772119e-06,1.9598603e-07,0.010500549,1.6005212e-07,-0.26179939,2.2043461e-10,7.7264851e-05,1,-0.7854,2.1714115e-10,7.7192081e-05,1,0,0,0.06191352,-2.2072273e-05,0.39389056,130.78926,2123.9721,59.5,0,1.0821041,0,0,nan,nan,8502.2472,-335.42395,-0.0082777225,-321.78665,4.6932078e-07,0.35802309,4.7911953e-05,0,0,0,0,0,0
42.68,1539.8089,54.289229,-2119.1165,53.897077,1.9971861,121.43974,-8.9243865e-08,-1.1261043,1.4922626e-06,2.1106539e-07,0.01054304,1.6560092e-07,-0.26179939,2.1577276e-10,7.7162122e-05,1,-0.7854,2.1253661e-10,7.7090985e-05,1,0,0,0.061907701,-2.2099501e-05,0.39424426,130.91422,2119.1165,59.5,0,1.0821041,0,0,nan,nan,8522.6713,-336.175,-0.0081155674,-322.46773,4.5623655e-07,0.35529436,4.6624717e-05,0,0,0,0,0,0
42.72,1541.9667,54.369116,-2114.2572,53.995591,1.9971808,121.53414,-9.4548933e-08,-1.1256818,1.5078029e-06,2.2572212e-07,0.010585207,1.7099093e-07,-0.26179939,2.1119205e-10,7.7061701e-05,1,-0.7854,2.0801224e-10,7.6992165e-05,1,0,0,0.061901912,-2.2126144e-05,0.39459612,131.0386,2114.2572,59.5,0,1.0821041,0,0,nan,nan,8543.0543,-336.92446,-0.0079562141,-323.1473,4.433729e-07,0.35258262,4.5357589e-05,0,0,0,0,0,0
42.76,1544.1284,54.449003,-2109.394,54.094174,1.9971756,121.62784,-9.9700874e-08,-1.1252576,1.5238176e-06,2.3996335e-07,0.010627052,1.7622465e-07,-0.26179939,2.0669112e-10,7.6963545e-05,1,-0.7854,2.0356669e-10,7.6895579e-05,1,0,0,0.061896153,-2.2152215e-05,0.39494613,131.16238,2109.394,59.5,0,1.0821041,0,0,nan,nan,8563.3962,-337.67232,-0.0077996214,-323.82535,4.3072694e-07,0.34988762,4.4110289e-05,0,0,0,0,0,0
42.8,1546.294,54.52889,-2104.5271,54.192824,1.9971706,121.72086,-1.0470229e-07,-1.1248317,1.5402915e-06,2.5379612e-07,0.010668578,1.8130457e-07,-0.26179939,2.022686e-10,7.686761e-05,1,-0.7854,1.9919862e-10,7.6801184e-05,1,0,0,0.061890424,-2.2177723e-05,0.39529431,131.28557,2104.5271,59.5,0,1.0821041,0,0,nan,nan,8583.6967,-338.41858,-0.0076457485,-324.50187,4.1829581e-07,0.34720903,4.2882551e-05,0,0,0,0,0,0
42.84,1548.4636,54.608777,-2099.6565,54.291541,1.9971656,121.81319,-1.0955577e-07,-1.1244042,1.5572095e-06,2.6722739e-07,0.010709785,1.8623312e-07,-0.26179939,1.9792316e-10,7.6773853e-05,1,-0.7854,1.949067e-10,7.6708939e-05,1,0,0,0.061884726,-2.2202681e-05,0.39564066,131.40818,2099.6565,59.5,0,1.0821041,0,0,nan,nan,8603.9556,-339.16323,-0.0074945553,-325.17687,4.0607666e-07,0.34454649,4.1674108e-05,0,0,0,0,0,0
42.88,1550.6372,54.688664,-2094.7823,54.390322,1.9971608,121.90483,-1.1426383e-07,-1.123975,1.5745572e-06,2.8026401e-07,0.010750675,1.9101272e-07,-0.26179939,1.936535e-10,7.6682234e-05,1,-0.7854,1.9068965e-10,7.6618802e-05,1,0,0,0.061879057,-2.2227098e-05,0.39598518,131.53019,2094.7823,59.5,0,1.0821041,0,0,nan,nan,8624.1728,-339.90626,-0.0073460019,-325.85035,3.9406668e-07,0.34189973,4.0484702e-05,0,0,0,0,0,0
42.92,1552.8146,54.76855,-2089.9043,54.489166,1.997156,121.99578,-1.1882898e-07,-1.1235442,1.59232e-06,2.9291275e-07,0.010791252,1.9564574e-07,-0.26179939,1.8945832e-10,7.6592711e-05,1,-0.7854,1.8654618e-10,7.6530733e-05,1,0,0,0.061873419,-2.2250985e-05,0.39632787,131.65162,2089.9043,59.5,0,1.0821041,0,0,nan,nan,8644.348,-340.64768,-0.0072000493,-326.52229,3.8226308e-07,0.33926854,3.9314072e-05,0,0,0,0,0,0
42.96,1554.9961,54.848436,-2085.0228,54.588071,1.9971513,122.08604,-1.2325371e-07,-1.1231118,1.6104839e-06,3.051803e-07,0.010831515,2.0013455e-07,-0.26179939,1.8533635e-10,7.6505244e-05,1,-0.7854,1.8247505e-10,7.6444692e-05,1,0,0,0.061867811,-2.2274351e-05,0.39666874,131.77245,2085.0228,59.5,0,1.0821041,0,0,nan,nan,8664.4811,-341.38747,-0.0070566589,-327.1927,3.7066311e-07,0.33665286,3.8161963e-05,0,0,0,0,0,0
43,1557.1815,54.928322,-2080.1376,54.687036,1.9971468,122.17563,-1.2754044e-07,-1.1226778,1.629035e-06,3.1707323e-07,0.010871469,2.0448145e-07,-0.26179939,1.8128635e-10,7.6419793e-05,1,-0.7854,1.7847501e-10,7.636064e-05,1,0,0,0.061862232,-2.2297206e-05,0.39700779,131.8927,2080.1376,59.5,0,1.0821041,0,0,nan,nan,8684.5719,-342.12563,-0.0069157926,-327.86157,3.5926402e-07,0.33405265,3.7028116e-05,0,0,0,0,0,0
43.04,1559.3709,55.008208,-2075.2489,54.78606,1.9971423,122.26452,-1.3169157e-07,-1.1222422,1.6479596e-06,3.2859805e-07,0.010911113,2.0868873e-07,-0.26179939,1.7730709e-10,7.6336321e-05,1,-0.7854,1.7454486e-10,7.6278539e-05,1,0,0,0.061856684,-2.2319561e-05,0.39734501,132.01237,2075.2489,59.5,0,1.0821041,0,0,nan,nan,8704.6202,-342.86216,-0.0067774128,-328.5289,3.4806313e-07,0.33146791,3.5912282e-05,0,0,0,0,0,0
43.08,1561.5642,55.088094,-2070.3567,54.88514,1.9971379,122.35274,-1.3570949e-07,-1.121805,1.6672443e-06,3.3976117e-07,0.01095045,2.1275866e-07,-0.26179939,1.7339736e-10,7.6254788e-05,1,-0.7854,1.7068341e-10,7.6198352e-05,1,0,0,0.061851165,-2.2341424e-05,0.39768043,132.13145,2070.3567,59.5,0,1.0821041,0,0,nan,nan,8724.6257,-343.59705,-0.0066414825,-329.19469,3.3705776e-07,0.3288986,3.4814206e-05,0,0,0,0,0,0
43.12,1563.7615,55.167979,-2065.4609,54.984276,1.9971336,122.44027,-1.3959653e-07,-1.1213662,1.686876e-06,3.5056892e-07,0.010989482,2.1669346e-07,-0.26179939,1.6955597e-10,7.6175158e-05,1,-0.7854,1.6688947e-10,7.6120042e-05,1,0,0,0.061845676,-2.2362806e-05,0.39801403,132.24994,2065.4609,59.5,0,1.0821041,0,0,nan,nan,8744.5884,-344.33029,-0.0065079651,-329.85893,3.2624524e-07,0.32634463,3.3733644e-05,0,0,0,0,0,0
43.16,1565.9627,55.247864,-2060.5616,55.083466,1.9971294,122.52712,-1.43355e-07,-1.1209259,1.7068417e-06,3.6102753e-07,0.011028211,2.2049532e-07,-0.26179939,1.6578175e-10,7.6097394e-05,1,-0.7854,1.6316188e-10,7.6043572e-05,1,0,0,0.061840217,-2.2383714e-05,0.39834582,132.36785,2060.5616,59.5,0,1.0821041,0,0,nan,nan,8764.5081,-345.06189,-0.0063768245,-330.52163,3.1562296e-07,0.32380581,3.2670353e-05,0,0,0,0,0,0
43.2,1568.168,55.327749,-2055.6589,55.182708,1.9971253,122.61329,-1.4698718e-07,-1.1204841,1.7271287e-06,3.7114316e-07,0.011066638,2.2416641e-07,-0.26179939,1.6207355e-10,7.6021461e-05,1,-0.7854,1.5949952e-10,7.5968908e-05,1,0,0,0.061834787,-2.2404159e-05,0.39867581,132.48518,2055.6589,59.5,0,1.0821041,0,0,nan,nan,8784.3845,-345.79183,-0.0062480252,-331.18277,3.051883e-07,0.32128192,3.1624094e-05,0,0,0,0,0,0
43.24,1570.3771,55.407634,-2050.7527,55.282001,1.9971213,122.69879,-1.5049531e-07,-1.1200407,1.7477246e-06,3.8092188e-07,0.011104766,2.2770888e-07,-0.26179939,1.5843024e-10,7.5947322e-05,1,-0.7854,1.5590125e-10,7.5896014e-05,1,0,0,0.061829387,-2.2424149e-05,0.39900399,132.60193,2050.7527,59.5,0,1.0821041,0,0,nan,nan,8804.2175,-346.52011,-0.0061215322,-331.84235,2.949387e-07,0.31877274,3.0594633e-05,0,0,0,0,0,0
43.28,1572.5903,55.487519,-2045.8432,55.381344,1.9971174,122.78361,-1.5388161e-07,-1.1195958,1.7686172e-06,3.9036967e-07,0.011142595,2.3112483e-07,-0.26179939,1.5485069e-10,7.5874943e-05,1,-0.7854,1.5236597e-10,7.5824856e-05,1,0,0,0.061824017,-2.2443693e-05,0.39933037,132.7181,2045.8432,59.5,0,1.0821041,0,0,nan,nan,8824.0069,-347.24673,-0.0059973107,-332.50038,2.8487159e-07,0.31627803,2.958174e-05,0,0,0,0,0,0
43.32,1574.8075,55.567404,-2040.9302,55.480734,1.9971135,122.86775,-1.5714826e-07,-1.1191493,1.7897945e-06,3.9949245e-07,0.011180128,2.3441634e-07,-0.26179939,1.5133381e-10,7.580429e-05,1,-0.7854,1.4889259e-10,7.57554e-05,1,0,0,0.061818677,-2.2462799e-05,0.39965496,132.83369,2040.9302,59.5,0,1.0821041,0,0,nan,nan,8843.7526,-347.97168,-0.0058753268,-333.15685,2.7498444e-07,0.31379765,2.8585187e-05,0,0,0,0,0,0
43.36,1577.0286,55.647288,-2036.0139,55.580171,1.9971098,122.95122,-1.6029741e-07,-1.1187014,1.8112445e-06,4.0829602e-07,0.011217366,2.3758547e-07,-0.26179939,1.4787852e-10,7.573533e-05,1,-0.7854,1.4548006e-10,7.5687614e-05,1,0,0,0.061813366,-2.2481476e-05,0.39997775,132.9487,2036.0139,59.5,0,1.0821041,0,0,nan,nan,8863.4543,-348.69496,-0.0057555467,-333.81175,2.6527477e-07,0.31133147,2.7604745e-05,0,0,0,0,0,0
43.4,1579.2537,55.727172,-2031.0943,55.679686,1.9971061,123.03398,-1.6347422e-07,-1.1182524,1.833115e-06,4.1679776e-07,0.011220094,2.4564356e-07,-0.26179939,1.4530695e-10,7.5675002e-05,1,-0.7854,1.4492924e-10,7.5637572e-05,1,0,0,0.061807372,-2.249983e-05,0.40029871,133.06311,2031.0943,59.5,0,1.0821041,0,0,nan,nan,8883.1098,-349.4604,-0.0056366074,-334.60371,2.5773614e-07,-0.31557301,7.7734729e-05,0,0,0,0,0,0
43.44,1581.4828,55.807057,-2026.1714,55.779296,1.9971025,123.11602,-1.6693613e-07,-1.1178047,1.8556825e-06,4.252329e-07,0.011155954,2.5041682e-07,-0.26179939,1.4778175e-10,7.5623693e-05,1,-0.7854,1.5063087e-10,7.5587795e-05,1,0,0,0.061798151,-2.251784e-05,0.40061777,133.17691,2026.1714,59.5,0,1.0821041,0,0,nan,nan,8902.7162,-350.23057,-0.005484297,-335.3025,2.6248174e-07,-0.72315111,7.700441e-06,0,0,0,0,0,0
43.48,1583.7158,55.886941,-2021.2452,55.87892,1.997099,123.19735,-1.7019329e-07,-1.1173602,1.8784069e-06,4.3388331e-07,0.011064418,2.511519e-07,-0.26179939,1.5033828e-10,7.557169e-05,1,-0.7854,1.5056752e-10,7.5535374e-05,1,0,0,0.061784377,-2.2535287e-05,0.40093494,133.29011,2021.2452,59.5,0,1.0821041,0,0,nan,nan,8922.2737,-351.0037,-0.0053641508,-335.85345,2.6739928e-07,-0.7509189,2.1889637e-05,0,0,0,0,0,0
43.52,1585.9529,55.966825,-2016.3158,55.978472,1.9970956,123.27804,-1.7327065e-07,-1.1169191,1.9013223e-06,4.425265e-07,0.010989923,2.5561287e-07,-0.26179939,1.4870652e-10,7.5521743e-05,1,-0.7854,1.469515e-10,7.5488243e-05,1,0,0,0.061766539,-2.2552319e-05,0.40125025,133.4027,2016.3158,59.5,0,1.0821041,0,0,nan,nan,8941.7826,-351.77931,-0.0052539419,-336.27116,2.6208565e-07,-0.43784335,5.0918944e-05,0,0,0,0,0,0
43.56,1588.1939,56.046708,-2011.3831,56.077885,1.9970922,123.3581,-1.7641921e-07,-1.1164802,1.9247022e-06,4.5096088e-07,0.010965134,2.6100658e-07,-0.26179939,1.4692466e-10,7.5475697e-05,1,-0.7854,1.4634552e-10,7.5444252e-05,1,0,0,0.061746535,-2.2569045e-05,0.4015637,133.51468,2011.3831,59.5,0,1.0821041,0,0,nan,nan,8961.2432,-352.55542,-0.0051342389,-336.61525,2.5642879e-07,0.060811248,3.7669158e-05,0,0,0,0,0,0
43.6,1590.4389,56.126592,-2006.4473,56.177138,1.9970889,123.43755,-1.7956605e-07,-1.1160411,1.9484577e-06,4.5927847e-07,0.011000794,2.6420309e-07,-0.26179939,1.4669683e-10,7.5431125e-05,1,-0.7854,1.4658366e-10,7.540002e-05,1,0,0,0.06172682,-2.2585406e-05,0.40187529,133.62607,2006.4473,59.5,0,1.0821041,0,0,nan,nan,8980.6555,-353.32942,-0.0050152351,-336.96354,2.5459499e-07,0.54311487,2.0796629e-05,0,0,0,0,0,0
43.64,1592.6879,56.206475,-2001.5083,56.276253,1.9970858,123.51637,-1.825559e-07,-1.1155996,1.9724126e-06,4.6752338e-07,0.011084643,2.661294e-07,-0.26179939,1.4567455e-10,7.5386861e-05,1,-0.7854,1.4423491e-10,7.5356044e-05,1,0,0,0.061709457,-2.2601346e-05,0.40218505,133.73686,2001.5083,59.5,0,1.0821041,0,0,nan,nan,9000.0191,-354.09909,-0.0049003469,-337.38206,2.5081004e-07,0.83829956,1.5683422e-05,0,0,0,0,0,0
43.68,1594.9408,56.286359,-1996.5661,56.375283,1.9970827,123.59456,-1.8532866e-07,-1.1151542,1.9964945e-06,4.755591e-07,0.011188685,2.6756069e-07,-0.26179939,1.4230432e-10,7.5343221e-05,1,-0.7854,1.3913901e-10,7.5312921e-05,1,0,0,0.061695431,-2.2616849e-05,0.40249294,133.84706,1996.5661,59.5,0,1.0821041,0,0,nan,nan,9019.3337,-354.86335,-0.0047856233,-337.90287,2.4125577e-07,0.86397691,1.142357e-05,0,0,0,0,0,0
43.72,1597.1977,56.366242,-1991.6209,56.474291,1.9970796,123.67207,-1.8785559e-07,-1.1147049,2.0206581e-06,4.8319521e-07,0.011281191,2.6851567e-07,-0.26179939,1.3669532e-10,7.5300323e-05,1,-0.7854,1.3216032e-10,7.5270556e-05,1,0,0,0.061684437,-2.2631895e-05,0.40279899,133.95665,1991.6209,59.5,0,1.0821041,0,0,nan,nan,9038.5988,-355.62249,-0.0046717031,-338.5168,2.262097e-07,0.64471766,8.9563841e-06,0,0,0,0,0,0
43.76,1599.4585,56.446125,-1986.6725,56.57332,1.9970767,123.74889,-1.9013343e-07,-1.1142524,2.0448786e-06,4.9027862e-07,0.011338551,2.6951143e-07,-0.26179939,1.2959958e-10,7.5258358e-05,1,-0.7854,1.2438335e-10,7.5229403e-05,1,0,0,0.061675151,-2.2646484e-05,0.40310317,134.06564,1986.6725,59.5,0,1.0821041,0,0,nan,nan,9057.8139,-356.37789,-0.0045609244,-339.18185,2.0753845e-07,0.28996427,1.2552697e-05,0,0,0,0,0,0
43.8,1601.7234,56.526008,-1981.7211,56.672385,1.9970738,123.82501,-1.9221579e-07,-1.1137984,2.0691891e-06,4.9673643e-07,0.01135274,2.711546e-07,-0.26179939,1.2227996e-10,7.5217872e-05,1,-0.7854,1.1741326e-10,7.5190143e-05,1,0,0,0.061665836,-2.2660649e-05,0.4034055,134.17403,1981.7211,59.5,0,1.0821041,0,0,nan,nan,9076.9788,-357.1314,-0.0044535506,-339.84238,1.8837609e-07,-0.055886244,1.9202184e-05,0,0,0,0,0,0
43.84,1603.9921,56.605891,-1976.7667,56.771468,1.997071,123.90045,-1.9418808e-07,-1.1133446,2.0936576e-06,5.0261017e-07,0.011332235,2.7355357e-07,-0.26179939,1.1620628e-10,7.517933e-05,1,-0.7854,1.1262251e-10,7.5153043e-05,1,0,0,0.061655024,-2.2674435e-05,0.40370598,134.28182,1976.7667,59.5,0,1.0821041,0,0,nan,nan,9096.0934,-357.88461,-0.0043492125,-340.45086,1.7237211e-07,-0.26988457,2.4775719e-05,0,0,0,0,0,0
43.88,1606.2649,56.685774,-1971.8093,56.870531,1.9970683,123.97522,-1.9612484e-07,-1.112892,2.1183439e-06,5.080445e-07,0.011296873,2.76468e-07,-0.26179939,1.1232405e-10,7.5142861e-05,1,-0.7854,1.1039649e-10,7.5118003e-05,1,0,0,0.061642004,-2.2687883e-05,0.40400462,134.38901,1971.8093,59.5,0,1.0821041,0,0,nan,nan,9115.1579,-358.6383,-0.0042477134,-340.98404,1.6187353e-07,-0.29226563,2.7595064e-05,0,0,0,0,0,0
43.92,1608.5416,56.765657,-1966.8488,56.969526,1.9970656,124.04934,-1.9806783e-07,-1.1124407,2.1432789e-06,5.132266e-07,0.011269241,2.795246e-07,-0.26179939,1.1068467e-10,7.5108322e-05,1,-0.7854,1.1016096e-10,7.5084722e-05,1,0,0,0.061626989,-2.2701023e-05,0.40430143,134.49561,1966.8488,59.5,0,1.0821041,0,0,nan,nan,9134.1723,-359.39225,-0.0041485076,-341.44831,1.5699996e-07,-0.14019208,2.6943161e-05,0,0,0,0,0,0
43.96,1610.8222,56.845539,-1961.8855,57.06842,1.997063,124.12282,-2.0001857e-07,-1.1119901,2.1684569e-06,5.1831594e-07,0.011266141,2.8230571e-07,-0.26179939,1.1057011e-10,7.5075382e-05,1,-0.7854,1.1076082e-10,7.5052766e-05,1,0,0,0.061610913,-2.2713865e-05,0.40459641,134.60162,1961.8855,59.5,0,1.0821041,0,0,nan,nan,9153.1366,-360.14547,-0.0040508597,-341.87372,1.5594934e-07,0.10808554,2.2982617e-05,0,0,0,0,0,0
44,1613.1069,56.925422,-1956.9192,57.167202,1.9970605,124.19569,-2.0194217e-07,-1.111539,2.1938369e-06,5.2339433e-07,0.01129323,2.8449148e-07,-0.26179939,1.1084425e-10,7.5043629e-05,1,-0.7854,1.1090817e-10,7.5021715e-05,1,0,0,0.061595006,-2.2726399e-05,0.40488958,134.70704,1956.9192,59.5,0,1.0821041,0,0,nan,nan,9172.051,-360.89663,-0.003954327,-342.30006,1.5587217e-07,0.34930707,1.7239297e-05,0,0,0,0,0,0
44.04,1615.3954,57.005304,-1951.95,57.265881,1.9970581,124.26793,-2.037847e-07,-1.1110864,2.2193585e-06,5.2844854e-07,0.011344377,2.8598804e-07,-0.26179939,1.1039182e-10,7.5012724e-05,1,-0.7854,1.0964984e-10,7.4991327e-05,1,0,0,0.061580302,-2.2738608e-05,0.40518093,134.81187,1951.95,59.5,0,1.0821041,0,0,nan,nan,9190.9151,-361.64458,-0.0038588531,-342.76118,1.5397023e-07,0.49592791,1.1812393e-05,0,0,0,0,0,0
44.08,1617.6879,57.085186,-1946.9779,57.364485,1.9970557,124.33953,-2.0549634e-07,-1.1106315,2.2449634e-06,5.3338835e-07,0.011405406,2.8693338e-07,-0.26179939,1.0851852e-10,7.4982511e-05,1,-0.7854,1.0668306e-10,7.4961593e-05,1,0,0,0.061567292,-2.2750472e-05,0.40547047,134.91611,1946.9779,59.5,0,1.0821041,0,0,nan,nan,9209.7286,-362.38877,-0.0037646686,-343.27338,1.4850219e-07,0.50607493,8.3421587e-06,0,0,0,0,0,0
44.12,1619.9844,57.165068,-1942.003,57.463043,1.9970533,124.41048,-2.0704957e-07,-1.1101742,2.2706132e-06,5.3809056e-07,0.011460292,2.8761071e-07,-0.26179939,1.0515236e-10,7.4953041e-05,1,-0.7854,1.0238112e-10,7.4932697e-05,1,0,0,0.061555815,-2.2761984e-05,0.40575819,135.01977,1942.003,59.5,0,1.0821041,0,0,nan,nan,9228.4913,-363.12937,-0.00367218,-343.83167,1.3929338e-07,0.39310321,7.5342398e-06,0,0,0,0,0,0
44.16,1622.2848,57.244951,-1937.0252,57.561577,1.9970511,124.48077,-2.0844661e-07,-1.109715,2.2962975e-06,5.4244954e-07,0.011497263,2.8832905e-07,-0.26179939,1.0078609e-10,7.4924513e-05,1,-0.7854,9.7564137e-11,7.4904911e-05,1,0,0,0.061545199,-2.2773147e-05,0.4060441,135.12284,1937.0252,59.5,0,1.0821041,0,0,nan,nan,9247.203,-363.86708,-0.0035818029,-344.41427,1.2759408e-07,0.2137491,9.0659085e-06,0,0,0,0,0,0
44.2,1624.5891,57.324833,-1932.0446,57.660095,1.9970489,124.55039,-2.0971533e-07,-1.1092547,2.3220308e-06,5.4641465e-07,0.011512573,2.8930916e-07,-0.26179939,9.6222216e-11,7.4897176e-05,1,-0.7854,9.3142382e-11,7.4878483e-05,1,0,0,0.061534575,-2.2783981e-05,0.40632819,135.22532,1932.0446,59.5,0,1.0821041,0,0,nan,nan,9265.8634,-364.60286,-0.0034937861,-344.99272,1.1543799e-07,0.041845021,1.1798071e-05,0,0,0,0,0,0
44.24,1626.8974,57.404714,-1927.0613,57.758584,1.9970467,124.61936,-2.1089624e-07,-1.1087942,2.3478408e-06,5.5000285e-07,0.011510843,2.9061293e-07,-0.26179939,9.2240468e-11,7.4871221e-05,1,-0.7854,8.9773352e-11,7.4853534e-05,1,0,0,0.06152322,-2.279451e-05,0.40661049,135.32721,1927.0613,59.5,0,1.0821041,0,0,nan,nan,9284.4724,-365.33748,-0.0034081276,-345.54322,1.0480142e-07,-0.06097483,1.4286458e-05,0,0,0,0,0,0
44.28,1629.2096,57.484596,-1922.0752,57.857025,1.9970447,124.68769,-2.1202643e-07,-1.1083339,2.3737537e-06,5.53285e-07,0.011502295,2.9214055e-07,-0.26179939,8.9316035e-11,7.4846711e-05,1,-0.7854,8.7653698e-11,7.4830023e-05,1,0,0,0.061510807,-2.2804756e-05,0.40689098,135.42852,1922.0752,59.5,0,1.0821041,0,0,nan,nan,9303.0301,-366.07131,-0.0033246005,-346.05473,9.6887736e-08,-0.066424514,1.5364775e-05,0,0,0,0,0,0
44.32,1631.5257,57.564478,-1917.0865,57.955394,1.9970426,124.75537,-2.1312687e-07,-1.1078739,2.3997811e-06,5.5635421e-07,0.011498259,2.9368864e-07,-0.26179939,8.7485304e-11,7.4823562e-05,1,-0.7854,8.6507427e-11,7.4807775e-05,1,0,0,0.06149747,-2.2814738e-05,0.40716968,135.52925,1917.0865,59.5,0,1.0821041,0,0,nan,nan,9321.5364,-366.80422,-0.0032428553,-346.53149,9.1784242e-08,0.014225877,1.4541018e-05,0,0,0,0,0,0
44.36,1633.8458,57.64436,-1912.095,58.053674,1.9970407,124.82244,-2.1419726e-07,-1.1074139,2.425915e-06,5.5929002e-07,0.011506853,2.9503909e-07,-0.26179939,8.6390443e-11,7.480159e-05,1,-0.7854,8.5749871e-11,7.4786553e-05,1,0,0,0.061483695,-2.282446e-05,0.4074466,135.6294,1912.095,59.5,0,1.0821041,0,0,nan,nan,9339.9915,-367.53567,-0.0031625542,-346.98951,8.8573545e-08,0.13933621,1.2091732e-05,0,0,0,0,0,0
44.4,1636.1698,57.724241,-1907.1008,58.151861,1.9970388,124.88888,-2.1521939e-07,-1.1069532,2.4521302e-06,5.621322e-07,0.01153039,2.9604202e-07,-0.26179939,8.5463192e-11,7.4780578e-05,1,-0.7854,8.4743715e-11,7.4766147e-05,1,0,0,0.061470097,-2.283392e-05,0.40772174,135.72897,1907.1008,59.5,0,1.0821041,0,0,nan,nan,9358.395,-368.26498,-0.0030834857,-347.4491,8.5800958e-08,0.25617451,8.8651742e-06,0,0,0,0,0,0
44.44,1638.4978,57.804123,-1902.104,58.249958,1.9970369,124.9547,-2.1616673e-07,-1.1064914,2.478393e-06,5.648726e-07,0.011565272,2.9666345e-07,-0.26179939,8.4162024e-11,7.4760355e-05,1,-0.7854,8.304095e-11,7.4746439e-05,1,0,0,0.061457172,-2.284311e-05,0.4079951,135.82796,1902.104,59.5,0,1.0821041,0,0,nan,nan,9376.747,-368.99159,-0.0030056186,-347.92684,8.208033e-08,0.32188938,5.8964843e-06,0,0,0,0,0,0
44.48,1640.8296,57.884004,-1897.1046,58.347981,1.9970351,125.01989,-2.1701581e-07,-1.106028,2.5046716e-06,5.6746575e-07,0.01160409,2.9698388e-07,-0.26179939,8.2168464e-11,7.4740847e-05,1,-0.7854,8.0523476e-11,7.4727429e-05,1,0,0,0.061445131,-2.2852023e-05,0.40826668,135.92638,1897.1046,59.5,0,1.0821041,0,0,nan,nan,9395.0472,-369.71526,-0.0029290803,-348.42988,7.6597523e-08,0.31817468,3.9987468e-06,0,0,0,0,0,0
44.52,1643.1654,57.963886,-1892.1025,58.445943,1.9970334,125.08445,-2.1775509e-07,-1.1055632,2.5309453e-06,5.6985185e-07,0.011638875,2.9715442e-07,-0.26179939,7.9475355e-11,7.472208e-05,1,-0.7854,7.7403274e-11,7.470921e-05,1,0,0,0.061433857,-2.2860658e-05,0.40853649,136.02422,1892.1025,59.5,0,1.0821041,0,0,nan,nan,9413.2955,-370.43611,-0.0028540801,-348.95447,6.9338181e-08,0.25495069,3.4873759e-06,0,0,0,0,0,0
44.56,1645.5051,58.043767,-1887.0979,58.543854,1.9970317,125.14837,-2.1838819e-07,-1.1050971,2.5572079e-06,5.7198216e-07,0.01166414,2.9733205e-07,-0.26179939,7.6348267e-11,7.4704155e-05,1,-0.7854,7.4100107e-11,7.4691912e-05,1,0,0,0.061422992,-2.2869021e-05,0.40880453,136.12149,1887.0979,59.5,0,1.0821041,0,0,nan,nan,9431.4916,-371.15452,-0.00278081,-349.48877,6.0989789e-08,0.16305476,4.1247308e-06,0,0,0,0,0,0
44.6,1647.8487,58.123648,-1882.0908,58.641716,1.99703,125.21165,-2.1893103e-07,-1.1046302,2.5834651e-06,5.7383699e-07,0.011678605,2.9762079e-07,-0.26179939,7.3190753e-11,7.4687185e-05,1,-0.7854,7.105803e-11,7.4675646e-05,1,0,0,0.061412103,-2.2877123e-05,0.4090708,136.21818,1882.0908,59.5,0,1.0821041,0,0,nan,nan,9449.6354,-371.87096,-0.002709366,-350.01829,5.2595396e-08,0.08004032,5.2781867e-06,0,0,0,0,0,0
44.64,1650.1963,58.203529,-1877.0811,58.739521,1.9970284,125.2743,-2.1940485e-07,-1.1041629,2.6097286e-06,5.7543052e-07,0.011685134,2.9804005e-07,-0.26179939,7.0376008e-11,7.4671253e-05,1,-0.7854,6.8576899e-11,7.4660451e-05,1,0,0,0.061400853,-2.2884979e-05,0.40933532,136.3143,1877.0811,59.5,0,1.0821041,0,0,nan,nan,9467.7269,-372.58582,-0.0026397147,-350.5317,4.511926e-08,0.035258646,6.2065527e-06,0,0,0,0,0,0
44.68,1652.5477,58.28341,-1872.069,58.837259,1.9970269,125.33633,-2.1982802e-07,-1.1036955,2.6360081e-06,5.7680241e-07,0.011689117,2.9852868e-07,-0.26179939,6.8111954e-11,7.4656368e-05,1,-0.7854,6.6719761e-11,7.4646288e-05,1,0,0,0.061389115,-2.2892602e-05,0.40959807,136.40984,1872.069,59.5,0,1.0821041,0,0,nan,nan,9485.766,-373.29924,-0.0025717133,-351.02461,3.9097488e-08,0.039905848,6.3518378e-06,0,0,0,0,0,0
44.72,1654.903,58.363291,-1867.0544,58.934917,1.9970254,125.39773,-2.2021008e-07,-1.1032278,2.6623053e-06,5.78001e-07,0.011696125,2.9897875e-07,-0.26179939,6.6385723e-11,7.4642472e-05,1,-0.7854,6.532082e-11,7.4633051e-05,1,0,0,0.061376991,-2.2900002e-05,0.40985908,136.50482,1867.0544,59.5,0,1.0821041,0,0,nan,nan,9503.7527,-374.01111,-0.0025051689,-351.50038,3.4493406e-08,0.085152016,5.5259597e-06,0,0,0,0,0,0
44.76,1657.2623,58.443172,-1862.0373,59.032488,1.9970239,125.45852,-2.2054981e-07,-1.1027597,2.6886121e-06,5.790654e-07,0.011709787,2.9928269e-07,-0.26179939,6.4997923e-11,7.4629457e-05,1,-0.7854,6.4077945e-11,7.4620615e-05,1,0,0,0.061364743,-2.2907182e-05,0.41011834,136.59923,1862.0373,59.5,0,1.0821041,0,0,nan,nan,9521.687,-374.72112,-0.0024399088,-351.96784,3.0785782e-08,0.14804339,3.9348897e-06,0,0,0,0,0,0
44.8,1659.6254,58.523053,-1857.0178,59.129969,1.9970225,125.5187,-2.208376e-07,-1.1022909,2.7149121e-06,5.8001343e-07,0.01173068,2.9937433e-07,-0.26179939,6.3662175e-11,7.4617211e-05,1,-0.7854,6.2684031e-11,7.4608873e-05,1,0,0,0.061352676,-2.2914143e-05,0.41037586,136.69308,1857.0178,59.5,0,1.0821041,0,0,nan,nan,9539.5686,-375.42893,-0.002375835,-352.43724,2.7227231e-08,0.20197724,2.0511462e-06,0,0,0,0,0,0
44.84,1661.9925,58.602934,-1851.9959,59.227363,1.9970211,125.57827,-2.210607e-07,-1.1018212,2.7411857e-06,5.8083908e-07,0.011756509,2.9924908e-07,-0.26179939,6.2124054e-11,7.4605647e-05,1,-0.7854,6.0942855e-11,7.459777e-05,1,0,0,0.061341013,-2.2920882e-05,0.41063164,136.78636,1851.9959,59.5,0,1.0821041,0,0,nan,nan,9557.3976,-376.13429,-0.0023129431,-352.91624,2.315413e-08,0.22721945,4.0146266e-07,0,0,0,0,0,0
44.88,1664.3634,58.682815,-1846.9717,59.324678,1.9970198,125.63722,-2.2120893e-07,-1.1013505,2.7674158e-06,5.8151923e-07,0.011783354,2.9895833e-07,-0.26179939,6.0252256e-11,7.4594734e-05,1,-0.7854,5.8827887e-11,7.4587311e-05,1,0,0,0.061329825,-2.2927399e-05,0.41088569,136.87908,1846.9717,59.5,0,1.0821041,0,0,nan,nan,9575.1738,-376.83711,-0.0022513036,-353.40729,1.8224925e-08,0.21748147,-6.3955368e-07,0,0,0,0,0,0
44.92,1666.7383,58.762696,-1841.9451,59.421919,1.9970185,125.69555,-2.2127867e-07,-1.1008787,2.793591e-06,5.8202595e-07,0.011807365,2.9858327e-07,-0.26179939,5.8071331e-11,7.4584485e-05,1,-0.7854,5.6469377e-11,7.4577542e-05,1,0,0,0.061319022,-2.2933694e-05,0.41113801,136.97123,1841.9451,59.5,0,1.0821041,0,0,nan,nan,9592.8971,-377.53749,-0.0021910167,-353.90744,1.2506202e-08,0.18056175,-9.7225893e-07,0,0,0,0,0,0
44.96,1669.117,58.842577,-1836.9162,59.519091,1.9970173,125.75327,-2.2127386e-07,-1.100406,2.8197075e-06,5.82339e-07,0.011826216,2.9820077e-07,-0.26179939,5.5731306e-11,7.457495e-05,1,-0.7854,5.4083982e-11,7.4568523e-05,1,0,0,0.06130841,-2.2939773e-05,0.4113886,137.06282,1836.9162,59.5,0,1.0821041,0,0,nan,nan,9610.5672,-378.23562,-0.0021321622,-354.41011,6.3935196e-09,0.13355801,-7.7495023e-07,0,0,0,0,0,0
45,1671.4996,58.922457,-1831.8849,59.616193,1.9970161,125.81037,-2.2120398e-07,-1.0999327,2.8457671e-06,5.824537e-07,0.011839787,2.9785517e-07,-0.26179939,5.3433986e-11,7.4566176e-05,1,-0.7854,5.1881079e-11,7.4560295e-05,1,0,0,0.061297778,-2.2945645e-05,0.41163746,137.15385,1831.8849,59.5,0,1.0821041,0,0,nan,nan,9628.1843,-378.93176,-0.0020747634,-354.90809,4.1813038e-10,0.095157686,-4.0069703e-07,0,0,0,0,0,0
45.04,1673.8861,59.002338,-1826.8515,59.713219,1.997015,125.86686,-2.2108018e-07,-1.0994589,2.8717736e-06,5.8238193e-07,0.011849921,2.9754616e-07,-0.26179939,5.1349475e-11,7.455819e-05,1,-0.7854,4.9984301e-11,7.4552861e-05,1,0,0,0.061286979,-2.2951318e-05,0.41188461,137.24432,1826.8515,59.5,0,1.0821041,0,0,nan,nan,9645.7481,-379.62607,-0.002018777,-355.39637,-4.9725688e-09,0.07831278,-2.2052514e-07,0,0,0,0,0,0
45.08,1676.2765,59.082218,-1821.8157,59.810164,1.9970138,125.92274,-2.209113e-07,-1.0989847,2.8977289e-06,5.8214668e-07,0.011859461,2.9723509e-07,-0.26179939,4.9555867e-11,7.4550981e-05,1,-0.7854,4.8396059e-11,7.4546185e-05,1,0,0,0.061275981,-2.29568e-05,0.41213005,137.33423,1821.8157,59.5,0,1.0821041,0,0,nan,nan,9663.2586,-380.31857,-0.0019641112,-355.87376,-9.5741624e-09,0.086044955,-4.7951764e-07,0,0,0,0,0,0
45.12,1678.6707,59.162099,-1816.7778,59.907021,1.9970128,125.97802,-2.2070128e-07,-1.0985101,2.9236308e-06,5.8177306e-07,0.011871036,2.9686524e-07,-0.26179939,4.8021906e-11,7.4544505e-05,1,-0.7854,4.7012856e-11,7.4540203e-05,1,0,0,0.061264859,-2.2962098e-05,0.41237378,137.42359,1816.7778,59.5,0,1.0821041,0,0,nan,nan,9680.7158,-381.0092,-0.0019106587,-356.34284,-1.3471242e-08,0.11158586,-1.2192372e-06,0,0,0,0,0,0
45.16,1681.0688,59.241979,-1811.7376,60.003787,1.9970117,126.03269,-2.2044875e-07,-1.098035,2.9494717e-06,5.8127976e-07,0.011886081,2.9638631e-07,-0.26179939,4.6633532e-11,7.4538701e-05,1,-0.7854,4.5678852e-11,7.4534846e-05,1,0,0,0.061253755,-2.2967213e-05,0.4126158,137.51239,1811.7376,59.5,0,1.0821041,0,0,nan,nan,9698.1196,-381.69777,-0.0018583327,-356.8085,-1.6967411e-08,0.14224705,-2.2879332e-06,0,0,0,0,0,0
45.2,1683.4708,59.32186,-1806.6953,60.10046,1.9970107,126.08677,-2.2014874e-07,-1.0975592,2.9752411e-06,5.8067394e-07,0.011904446,2.9577338e-07,-0.26179939,4.5248395e-11,7.4533506e-05,1,-0.7854,4.4252212e-11,7.4530062e-05,1,0,0,0.061242815,-2.2972148e-05,0.41285613,137.60063,1806.6953,59.5,0,1.0821041,0,0,nan,nan,9715.4699,-382.38412,-0.0018070899,-357.27576,-2.0440965e-08,0.16506017,-3.4236235e-06,0,0,0,0,0,0
45.24,1685.8767,59.40174,-1801.6508,60.197044,1.9970098,126.14025,-2.1979551e-07,-1.0970826,3.0009273e-06,5.7995134e-07,0.011924666,2.9503363e-07,-0.26179939,4.3753833e-11,7.452888e-05,1,-0.7854,4.2657197e-11,7.4525825e-05,1,0,0,0.061232131,-2.2976902e-05,0.41309476,137.68833,1801.6508,59.5,0,1.0821041,0,0,nan,nan,9732.7667,-383.06815,-0.0017569343,-357.74779,-2.4190983e-08,0.1717951,-4.3690115e-06,0,0,0,0,0,0
45.28,1688.2864,59.481621,-1796.6042,60.29354,1.9970088,126.19312,-2.1938531e-07,-1.0966053,3.0265205e-06,5.7910058e-07,0.011944697,2.9419985e-07,-0.26179939,4.2105703e-11,7.4524807e-05,1,-0.7854,4.0903987e-11,7.4522141e-05,1,0,0,0.061221712,-2.2981476e-05,0.41333169,137.77547,1796.6042,59.5,0,1.0821041,0,0,nan,nan,9750.0098,-383.74983,-0.0017079018,-358.225,-2.8333956e-08,0.16150517,-4.969997e-06,0,0,0,0,0,0
45.32,1690.7,59.561501,-1791.5554,60.389952,1.997008,126.2454,-2.1891797e-07,-1.0961271,3.0520146e-06,5.7810969e-07,0.011962783,2.9331492e-07,-0.26179939,4.0335767e-11,7.4521296e-05,1,-0.7854,3.907291e-11,7.4519029e-05,1,0,0,0.061211494,-2.2985874e-05,0.41356694,137.86206,1791.5554,59.5,0,1.0821041,0,0,nan,nan,9767.1991,-384.42923,-0.0016600347,-358.70519,-3.2783984e-08,0.13993546,-5.2218574e-06,0,0,0,0,0,0
45.36,1693.1174,59.641381,-1786.5046,60.48628,1.9970071,126.29708,-2.1839695e-07,-1.0956483,3.0774069e-06,5.7697194e-07,0.011978092,2.924144e-07,-0.26179939,3.8528981e-11,7.4518366e-05,1,-0.7854,3.7273878e-11,7.4516512e-05,1,0,0,0.061201372,-2.2990101e-05,0.41380051,137.9481,1786.5046,59.5,0,1.0821041,0,0,nan,nan,9784.3346,-385.10647,-0.0016133574,-359.18476,-3.7313283e-08,0.11642504,-5.251839e-06,0,0,0,0,0,0
45.4,1695.5387,59.721262,-1781.4518,60.582522,1.9970063,126.34816,-2.1782791e-07,-1.095169,3.1026971e-06,5.7568889e-07,0.011990918,2.9151416e-07,-0.26179939,3.6783428e-11,7.4516033e-05,1,-0.7854,3.5599922e-11,7.4514601e-05,1,0,0,0.061191249,-2.2994162e-05,0.4140324,138.0336,1781.4518,59.5,0,1.0821041,0,0,nan,nan,9801.4162,-385.78167,-0.0015678621,-359.6603,-4.1659245e-08,0.099822596,-5.252916e-06,0,0,0,0,0,0
45.44,1697.9638,59.801142,-1776.3969,60.678676,1.9970055,126.39865,-2.1721669e-07,-1.0946891,3.1278854e-06,5.7426976e-07,0.012002417,2.9060729e-07,-0.26179939,3.5170627e-11,7.45143e-05,1,-0.7854,3.40935e-11,7.4513283e-05,1,0,0,0.061181069,-2.2998062e-05,0.41426261,138.11855,1776.3969,59.5,0,1.0821041,0,0,nan,nan,9818.4438,-386.45487,-0.0015235089,-360.12987,-4.5630767e-08,0.095124042,-5.4005462e-06,0,0,0,0,0,0
45.48,1700.3928,59.881022,-1771.34,60.774737,1.9970047,126.44855,-2.1656739e-07,-1.0942088,3.1529706e-06,5.72728e-07,0.012014041,2.8967014e-07,-0.26179939,3.3711444e-11,7.4513149e-05,1,-0.7854,3.273687e-11,7.451253e-05,1,0,0,0.061170835,-2.3001808e-05,0.41449116,138.20295,1771.34,59.5,0,1.0821041,0,0,nan,nan,9835.4174,-387.12608,-0.0014802385,-360.59358,-4.9172909e-08,0.10204316,-5.7868965e-06,0,0,0,0,0,0
45.52,1702.8256,59.960902,-1766.2811,60.870703,1.997004,126.49786,-2.1588149e-07,-1.093728,3.177949e-06,5.7107662e-07,0.01202694,2.886742e-07,-0.26179939,3.2374819e-11,7.4512548e-05,1,-0.7854,3.1467024e-11,7.4512303e-05,1,0,0,0.061160599,-2.3005402e-05,0.41471803,138.28681,1766.2811,59.5,0,1.0821041,0,0,nan,nan,9852.3369,-387.79524,-0.0014379915,-361.05324,-5.2370376e-08,0.11582108,-6.3958753e-06,0,0,0,0,0,0
45.56,1705.2622,60.040782,-1761.2203,60.966571,1.9970033,126.54658,-2.1515797e-07,-1.0932466,3.2028147e-06,5.693243e-07,0.012041552,2.8759819e-07,-0.26179939,3.1096736e-11,7.4512461e-05,1,-0.7854,3.0206102e-11,7.4512562e-05,1,0,0,0.061150437,-2.3008848e-05,0.41494325,138.37013,1761.2203,59.5,0,1.0821041,0,0,nan,nan,9869.2023,-388.46225,-0.0013967243,-361.51149,-5.5396497e-08,0.12967029,-7.1235344e-06,0,0,0,0,0,0
45.6,1707.7027,60.120662,-1756.1575,61.062342,1.9970026,126.59472,-2.143945e-07,-1.0927647,3.2275606e-06,5.6747369e-07,0.01205753,2.8643585e-07,-0.26179939,2.9809367e-11,7.4512853e-05,1,-0.7854,2.8893444e-11,7.4513283e-05,1,0,0,0.061140413,-2.3012146e-05,0.41516681,138.45291,1756.1575,59.5,0,1.0821041,0,0,nan,nan,9886.0135,-389.12704,-0.001356418,-361.97059,-5.8434631e-08,0.13768911,-7.8300948e-06,0,0,0,0,0,0
45.64,1710.147,60.200543,-1751.0928,61.158016,1.997002,126.64227,-2.1358889e-07,-1.0922821,3.2521797e-06,5.6552229e-07,0.012073983,2.8519678e-07,-0.26179939,2.8467729e-11,7.4513706e-05,1,-0.7854,2.7506603e-11,7.4514453e-05,1,0,0,0.061130558,-2.3015298e-05,0.41538872,138.53515,1751.0928,59.5,0,1.0821041,0,0,nan,nan,9902.7704,-389.78956,-0.0013170754,-362.43166,-6.1606158e-08,0.13704812,-8.399272e-06,0,0,0,0,0,0
45.68,1712.5952,60.280423,-1746.0262,61.253595,1.9970014,126.68924,-2.127403e-07,-1.0917988,3.2766663e-06,5.6346514e-07,0.012089895,2.8390103e-07,-0.26179939,2.7063836e-11,7.451501e-05,1,-0.7854,2.6064645e-11,7.4516073e-05,1,0,0,0.06112086,-2.3018307e-05,0.41560898,138.61685,1746.0262,59.5,0,1.0821041,0,0,nan,nan,9919.4729,-390.44984,-0.0012787111,-362.89434,-6.4932155e-08,0.12868819,-8.7807418e-06,0,0,0,0,0,0
45.72,1715.0471,60.360303,-1740.9578,61.349078,1.9970008,126.73563,-2.1184981e-07,-1.0913149,3.3010168e-06,5.6129814e-07,0.012104546,2.8257023e-07,-0.26179939,2.5624532e-11,7.4516768e-05,1,-0.7854,2.4614836e-11,7.4518152e-05,1,0,0,0.061111279,-2.3021176e-05,0.4158276,138.69801,1740.9578,59.5,0,1.0821041,0,0,nan,nan,9936.1211,-391.1079,-0.0012413372,-363.35717,-6.8339262e-08,0.11645025,-9.0012746e-06,0,0,0,0,0,0
45.76,1717.5029,60.440183,-1735.8875,61.444466,1.9970002,126.78144,-2.1092007e-07,-1.0908305,3.3252291e-06,5.5902052e-07,0.012117747,2.8121929e-07,-0.26179939,2.4196056e-11,7.4518986e-05,1,-0.7854,2.3210153e-11,7.4520692e-05,1,0,0,0.06110176,-2.3023908e-05,0.41604457,138.77864,1735.8875,59.5,0,1.0821041,0,0,nan,nan,9952.7147,-391.76382,-0.0012049529,-363.81827,-7.1701586e-08,0.10518236,-9.1441737e-06,0,0,0,0,0,0
45.8,1719.9625,60.520063,-1730.8153,61.539757,1.9969997,126.82667,-2.0995443e-07,-1.0903455,3.349302e-06,5.5663571e-07,0.01212985,2.7985185e-07,-0.26179939,2.2823151e-11,7.4521663e-05,1,-0.7854,2.1887639e-11,7.4523689e-05,1,0,0,0.061092262,-2.3026507e-05,0.41625991,138.85873,1730.8153,59.5,0,1.0821041,0,0,nan,nan,9969.2538,-392.41763,-0.0011695401,-364.27618,-7.4897511e-08,0.098700773,-9.3091626e-06,0,0,0,0,0,0
45.84,1722.4259,60.599943,-1725.7414,61.634949,1.9969992,126.87132,-2.0895604e-07,-1.0898601,3.3732343e-06,5.541504e-07,0.012141286,2.7847535e-07,-0.26179939,2.1531997e-11,7.4524796e-05,1,-0.7854,2.0658343e-11,7.4527145e-05,1,0,0,0.061082763,-2.3028978e-05,0.41647363,138.93829,1725.7414,59.5,0,1.0821041,0,0,nan,nan,9985.7384,-393.06879,-0.0011352283,-364.73463,-7.7856771e-08,0.088251734,-8.9755797e-06,0,0,0,0,0,0
45.88,1724.8931,60.679823,-1720.6657,61.730044,1.9969987,126.9154,-2.0793126e-07,-1.0893743,3.3970287e-06,5.5157322e-07,0.012150998,2.7715609e-07,-0.26179939,2.0352722e-11,7.4528418e-05,1,-0.7854,1.9577993e-11,7.4531119e-05,1,0,0,0.061073203,-2.3031328e-05,0.41668571,139.01732,1720.6657,59.5,0,1.0821041,0,0,nan,nan,10002.168,-393.71722,-0.0011017903,-365.19261,-8.0497848e-08,0.076708255,-8.9198381e-06,0,0,0,0,0,0
45.92,1727.3641,60.759703,-1715.5883,61.825039,1.9969982,126.9589,-2.0688485e-07,-1.0888881,3.4206867e-06,5.4891666e-07,0.012160183,2.7578777e-07,-0.26179939,1.9324571e-11,7.453251e-05,1,-0.7854,1.8646825e-11,7.4535514e-05,1,0,0,0.061063553,-2.303356e-05,0.41689618,139.09582,1715.5883,59.5,0,1.0821041,0,0,nan,nan,10018.544,-394.36366,-0.0010691127,-365.64353,-8.2713814e-08,0.080001363,-9.617927e-06,0,0,0,0,0,0
45.96,1729.8389,60.839582,-1710.5091,61.919931,1.9969978,127.00183,-2.0581461e-07,-1.0884015,3.4442023e-06,5.4619272e-07,0.012170451,2.7434551e-07,-0.26179939,1.8388979e-11,7.4537009e-05,1,-0.7854,1.7744577e-11,7.4540289e-05,1,0,0,0.061053852,-2.3035675e-05,0.41710503,139.17379,1710.5091,59.5,0,1.0821041,0,0,nan,nan,10034.865,-395.00808,-0.0010374342,-366.08881,-8.4666448e-08,0.094427198,-1.0143072e-05,0,0,0,0,0,0
46,1732.3175,60.919462,-1705.4282,62.014715,1.9969974,127.0442,-2.0471837e-07,-1.0879144,3.4675703e-06,5.4340616e-07,0.012182726,2.7284019e-07,-0.26179939,1.7460783e-11,7.4541894e-05,1,-0.7854,1.6800436e-11,7.4545438e-05,1,0,0,0.061044184,-2.3037677e-05,0.41731227,139.25124,1705.4282,59.5,0,1.0821041,0,0,nan,nan,10051.131,-395.65037,-0.001006589,-366.53133,-8.6590027e-08,0.11247284,-1.0770585e-05,0,0,0,0,0,0
46.04,1734.7999,60.999342,-1700.3457,62.109393,1.996997,127.086,-2.0359334e-07,-1.0874268,3.4907845e-06,5.405554e-07,0.012196976,2.7124796e-07,-0.26179939,1.6484487e-11,7.4547138e-05,1,-0.7854,1.5775364e-11,7.455092e-05,1,0,0,0.061034638,-2.3039565e-05,0.4175179,139.32815,1700.3457,59.5,0,1.0821041,0,0,nan,nan,10067.342,-396.29046,-0.00097647163,-366.97414,-8.8637005e-08,0.12621918,-1.1588374e-05,0,0,0,0,0,0
46.08,1737.2861,61.079222,-1695.2614,62.203964,1.9969966,127.12724,-2.0243545e-07,-1.0869387,3.5138373e-06,5.3763456e-07,0.012212358,2.6956433e-07,-0.26179939,1.5418474e-11,7.4552707e-05,1,-0.7854,1.4636456e-11,7.455671e-05,1,0,0,0.061025271,-2.304134e-05,0.41772194,139.40455,1695.2614,59.5,0,1.0821041,0,0,nan,nan,10083.499,-396.92827,-0.00094713577,-367.41927,-9.0921406e-08,0.13046171,-1.2267025e-05,0,0,0,0,0,0
46.12,1739.776,61.159102,-1690.1756,62.29843,1.9969963,127.16791,-2.0124192e-07,-1.0864499,3.536722e-06,5.3463493e-07,0.012227645,2.6781665e-07,-0.26179939,1.4245935e-11,7.4558591e-05,1,-0.7854,1.3393049e-11,7.4562815e-05,1,0,0,0.061016091,-2.3043003e-05,0.41792437,139.48042,1690.1756,59.5,0,1.0821041,0,0,nan,nan,10099.601,-397.5638,-0.00091861375,-367.86703,-9.3488649e-08,0.12437467,-1.2670218e-05,0,0,0,0,0,0
46.16,1742.2698,61.238982,-1685.0881,62.392792,1.996996,127.20802,-2.0001271e-07,-1.0859605,3.5594349e-06,5.3154812e-07,0.012241762,2.660351e-07,-0.26179939,1.2993008e-11,7.4564795e-05,1,-0.7854,1.2100678e-11,7.4569247e-05,1,0,0,0.061007062,-2.3044556e-05,0.41812521,139.55577,1685.0881,59.5,0,1.0821041,0,0,nan,nan,10115.648,-398.19708,-0.0008909094,-368.31619,-9.626553e-08,0.11125849,-1.2857679e-05,0,0,0,0,0,0
46.2,1744.7673,61.318862,-1679.999,62.487051,1.9969957,127.24757,-1.9875005e-07,-1.0854706,3.5819743e-06,5.2836961e-07,0.012254176,2.6424115e-07,-0.26179939,1.1716625e-11,7.4571331e-05,1,-0.7854,1.0829216e-11,7.4576019e-05,1,0,0,0.060998121,-2.3046e-05,0.41832447,139.6306,1679.999,59.5,0,1.0821041,0,0,nan,nan,10131.64,-398.82816,-0.00086403625,-368.76458,-9.9093894e-08,0.096714629,-1.2905921e-05,0,0,0,0,0,0
46.24,1747.2685,61.398742,-1674.9084,62.581206,1.9969954,127.28655,-1.9745756e-07,-1.0849802,3.60434e-06,5.2510042e-07,0.012265039,2.6244606e-07,-0.26179939,1.0478406e-11,7.4578207e-05,1,-0.7854,9.6355338e-12,7.4583135e-05,1,0,0,0.06098921,-2.3047342e-05,0.41852213,139.70491,1674.9084,59.5,0,1.0821041,0,0,nan,nan,10147.577,-399.45712,-0.00083799294,-369.21012,-1.0180294e-07,0.08616071,-1.2917963e-05,0,0,0,0,0,0
46.28,1749.7736,61.478621,-1669.8162,62.675253,1.9969951,127.32498,-1.9613907e-07,-1.0844894,3.6265324e-06,5.2174654e-07,0.012275032,2.6064722e-07,-0.26179939,9.3231595e-12,7.4585425e-05,1,-0.7854,8.547183e-12,7.459059e-05,1,0,0,0.060980292,-2.3048583e-05,0.41871822,139.7787,1669.8162,59.5,0,1.0821041,0,0,nan,nan,10163.459,-400.084,-0.00081274984,-369.65161,-1.0426882e-07,0.082740405,-1.3013976e-05,0,0,0,0,0,0
46.32,1752.2824,61.558501,-1664.7225,62.769192,1.9969949,127.36286,-1.9479741e-07,-1.0839982,3.6485509e-06,5.1831677e-07,0.012285034,2.5883009e-07,-0.26179939,8.2656413e-12,7.4592974e-05,1,-0.7854,7.5557577e-12,7.4598364e-05,1,0,0,0.060971368,-2.3049728e-05,0.41891273,139.85198,1664.7225,59.5,0,1.0821041,0,0,nan,nan,10179.286,-400.70877,-0.00078826585,-370.08905,-1.0645143e-07,0.086394003,-1.3261317e-05,0,0,0,0,0,0
46.36,1754.7949,61.638381,-1659.6272,62.863019,1.9969946,127.40018,-1.9343379e-07,-1.0835066,3.6703936e-06,5.1481979e-07,0.01229575,2.5697659e-07,-0.26179939,7.2888658e-12,7.4600833e-05,1,-0.7854,6.6244097e-12,7.4606432e-05,1,0,0,0.06096247,-2.3050779e-05,0.41910567,139.92474,1659.6272,59.5,0,1.0821041,0,0,nan,nan,10195.058,-401.33143,-0.00076450278,-370.52353,-1.0839899e-07,0.094303762,-1.3649511e-05,0,0,0,0,0,0
46.4,1757.3112,61.718261,-1654.5305,62.956733,1.9969944,127.43694,-1.9204786e-07,-1.0830146,3.6920571e-06,5.1126171e-07,0.012307458,2.5507325e-07,-0.26179939,6.3550348e-12,7.4608979e-05,1,-0.7854,5.7063628e-12,7.4614771e-05,1,0,0,0.060953642,-2.3051737e-05,0.41929704,139.99699,1654.5305,59.5,0,1.0821041,0,0,nan,nan,10210.775,-401.9519,-0.00074143233,-370.95663,-1.1021761e-07,0.10236206,-1.4113098e-05,0,0,0,0,0,0
46.44,1759.8313,61.79814,-1649.4324,63.050334,1.9969942,127.47316,-1.9063838e-07,-1.0825221,3.7135371e-06,5.0764492e-07,0.012319958,2.5311603e-07,-0.26179939,5.4232589e-12,7.461739e-05,1,-0.7854,4.7645533e-12,7.4623363e-05,1,0,0,0.060944924,-2.3052604e-05,0.41948686,140.06873,1649.4324,59.5,0,1.0821041,0,0,nan,nan,10226.437,-402.57016,-0.00071904102,-371.38974,-1.1202175e-07,0.106954,-1.4564588e-05,0,0,0,0,0,0
46.48,1762.3551,61.87802,-1644.3328,63.143823,1.9969941,127.50883,-1.8920421e-07,-1.082029,3.7348297e-06,5.0396854e-07,0.012332715,2.5111091e-07,-0.26179939,4.4657928e-12,7.4626054e-05,1,-0.7854,3.7844453e-12,7.46322e-05,1,0,0,0.060936334,-2.3053382e-05,0.41967511,140.13995,1644.3328,59.5,0,1.0821041,0,0,nan,nan,10242.044,-403.18618,-0.0006973295,-371.82355,-1.1388892e-07,0.10631311,-1.492917e-05,0,0,0,0,0,0
46.52,1764.8826,61.9579,-1639.2317,63.237199,1.9969939,127.54396,-1.8774499e-07,-1.0815355,3.7559317e-06,5.0023009e-07,0.012345113,2.4907066e-07,-0.26179939,3.4768247e-12,7.4634964e-05,1,-0.7854,2.7763989e-12,7.4641283e-05,1,0,0,0.060927866,-2.3054071e-05,0.41986181,140.21067,1639.2317,59.5,0,1.0821041,0,0,nan,nan,10257.595,-403.79996,-0.00067630536,-372.25788,-1.1583506e-07,0.10097198,-1.5173293e-05,0,0,0,0,0,0
46.56,1767.4138,62.03778,-1634.1293,63.330463,1.9969938,127.57853,-1.8626154e-07,-1.0810414,3.7768409e-06,4.9642753e-07,0.012356713,2.4700922e-07,-0.26179939,2.4715439e-12,7.4644121e-05,1,-0.7854,1.7680279e-12,7.4650613e-05,1,0,0,0.060919495,-2.3054673e-05,0.42004696,140.28088,1634.1293,59.5,0,1.0821041,0,0,nan,nan,10273.091,-404.41153,-0.00065597428,-372.69182,-1.1781724e-07,0.093247595,-1.5313303e-05,0,0,0,0,0,0
46.6,1769.9488,62.11766,-1629.0255,63.423614,1.9969936,127.61256,-1.8475565e-07,-1.080547,3.7975564e-06,4.9256083e-07,0.012367396,2.4493629e-07,-0.26179939,1.4770944e-12,7.4653527e-05,1,-0.7854,7.9076372e-13,7.4660194e-05,1,0,0,0.060911189,-2.3055192e-05,0.42023057,140.35058,1629.0255,59.5,0,1.0821041,0,0,nan,nan,10288.532,-405.02092,-0.00063633336,-373.12426,-1.1975909e-07,0.086089963,-1.5402134e-05,0,0,0,0,0,0
46.64,1772.4875,62.197539,-1623.9204,63.516651,1.9969935,127.64605,-1.8322954e-07,-1.0800521,3.8180777e-06,4.886325e-07,0.012377373,2.4285439e-07,-0.26179939,5.2004295e-13,7.4663182e-05,1,-0.7854,-1.3325567e-13,7.4670023e-05,1,0,0,0.060902922,-2.305563e-05,0.42041263,140.41977,1623.9204,59.5,0,1.0821041,0,0,nan,nan,10303.918,-405.62816,-0.00061736889,-373.55428,-1.2158605e-07,0.081831921,-1.5503492e-05,0,0,0,0,0,0
46.68,1775.03,62.277419,-1618.8139,63.609573,1.9969934,127.679,-1.8168521e-07,-1.0795568,3.8384044e-06,4.8464707e-07,0.012387057,2.4075908e-07,-0.26179939,-3.8420441e-13,7.4673081e-05,1,-0.7854,-9.9882237e-13,7.4680089e-05,1,0,0,0.060894684,-2.3055989e-05,0.42059316,140.48847,1618.8139,59.5,0,1.0821041,0,0,nan,nan,10319.249,-406.23326,-0.00059905854,-373.98157,-1.2325513e-07,0.08134779,-1.5665434e-05,0,0,0,0,0,0
46.72,1777.5761,62.357299,-1613.7061,63.702377,1.9969933,127.71141,-1.8012398e-07,-1.0790611,3.8585354e-06,4.8060976e-07,0.012396869,2.3864194e-07,-0.26179939,-1.2361285e-12,7.4683212e-05,1,-0.7854,-1.8175713e-12,7.4690379e-05,1,0,0,0.060886484,-2.3056272e-05,0.42077216,140.55665,1613.7061,59.5,0,1.0821041,0,0,nan,nan,10334.524,-406.83621,-0.0005813769,-374.40639,-1.2476839e-07,0.083901,-1.5903422e-05,0,0,0,0,0,0
46.76,1780.126,62.437178,-1608.5971,63.795063,1.9969933,127.74328,-1.7854631e-07,-1.0785651,3.8784688e-06,4.7652511e-07,0.012407074,2.3649471e-07,-0.26179939,-2.049904e-12,7.4693562e-05,1,-0.7854,-2.6112483e-12,7.4700876e-05,1,0,0,0.06087834,-2.3056481e-05,0.42094963,140.62434,1608.5971,59.5,0,1.0821041,0,0,nan,nan,10349.743,-407.43698,-0.00056430157,-374.82946,-1.261664e-07,0.087651169,-1.619846e-05,0,0,0,0,0,0
46.8,1782.6795,62.517058,-1603.4867,63.887631,1.9969932,127.77462,-1.7695199e-07,-1.0780686,3.8982023e-06,4.7239598e-07,0.012417695,2.3431282e-07,-0.26179939,-2.8460963e-12,7.4704115e-05,1,-0.7854,-3.4019075e-12,7.4711568e-05,1,0,0,0.060870276,-2.3056617e-05,0.42112558,140.69153,1603.4867,59.5,0,1.0821041,0,0,nan,nan,10364.908,-408.03555,-0.00054781732,-375.25158,-1.2750753e-07,0.090532874,-1.6509236e-05,0,0,0,0,0,0
46.84,1785.2368,62.596938,-1598.3752,63.980078,1.9969932,127.80543,-1.7534061e-07,-1.0775717,3.9177332e-06,4.6822336e-07,0.012428538,2.3209698e-07,-0.26179939,-3.6428204e-12,7.4714861e-05,1,-0.7854,-4.203296e-12,7.4722444e-05,1,0,0,0.060862306,-2.3056682e-05,0.42130001,140.75822,1598.3752,59.5,0,1.0821041,0,0,nan,nan,10380.017,-408.63191,-0.00053191685,-375.67329,-1.2884348e-07,0.091107725,-1.6791566e-05,0,0,0,0,0,0
46.88,1787.7978,62.676818,-1593.2624,64.072407,1.9969931,127.8357,-1.7371199e-07,-1.0770743,3.9370592e-06,4.6400696e-07,0.012439298,2.2985247e-07,-0.26179939,-4.4490729e-12,7.472579e-05,1,-0.7854,-5.0167275e-12,7.4733501e-05,1,0,0,0.060854433,-2.3056677e-05,0.42147293,140.82441,1593.2624,59.5,0,1.0821041,0,0,nan,nan,10395.07,-409.22605,-0.00051659839,-376.09474,-1.3019971e-07,0.089053711,-1.7016411e-05,0,0,0,0,0,0
46.92,1790.3624,62.756697,-1588.1484,64.164615,1.9969931,127.86544,-1.7206643e-07,-1.0765765,3.9561787e-06,4.5974612e-07,0.012449696,2.2758666e-07,-0.26179939,-5.2625929e-12,7.4736899e-05,1,-0.7854,-5.8324351e-12,7.4744736e-05,1,0,0,0.060846649,-2.3056603e-05,0.42164433,140.89011,1588.1484,59.5,0,1.0821041,0,0,nan,nan,10410.069,-409.81797,-0.00050186147,-376.51563,-1.3156949e-07,0.085144164,-1.7179501e-05,0,0,0,0,0,0
46.96,1792.9307,62.836577,-1583.0332,64.256703,1.9969931,127.89465,-1.7040483e-07,-1.0760784,3.9750906e-06,4.5544085e-07,0.012459589,2.2530605e-07,-0.26179939,-6.0724793e-12,7.4748187e-05,1,-0.7854,-6.6351471e-12,7.4756148e-05,1,0,0,0.060838939,-2.3056462e-05,0.42181424,140.95531,1583.0332,59.5,0,1.0821041,0,0,nan,nan,10425.011,-410.4077,-0.00048770274,-376.93542,-1.3292186e-07,0.080791855,-1.7299794e-05,0,0,0,0,0,0
47,1795.5028,62.916457,-1577.9169,64.348671,1.9969931,127.92334,-1.6872844e-07,-1.0755798,3.993794e-06,4.5109231e-07,0.012469005,2.2301406e-07,-0.26179939,-6.8648726e-12,7.4759652e-05,1,-0.7854,-7.4110637e-12,7.4767735e-05,1,0,0,0.060831288,-2.3056257e-05,0.42198264,141.02002,1577.9169,59.5,0,1.0821041,0,0,nan,nan,10439.898,-410.99524,-0.0004741136,-377.35358,-1.3421735e-07,0.077397837,-1.7408837e-05,0,0,0,0,0,0
47.04,1798.0785,62.996337,-1572.7994,64.440516,1.9969931,127.9515,-1.6703855e-07,-1.0750809,4.0122886e-06,4.4670289e-07,0.012478114,2.2071028e-07,-0.26179939,-7.6290274e-12,7.4771289e-05,1,-0.7854,-8.1532936e-12,7.477949e-05,1,0,0,0.060823685,-2.3055989e-05,0.42214955,141.08423,1572.7994,59.5,0,1.0821041,0,0,nan,nan,10454.73,-411.58062,-0.0004610803,-377.76978,-1.354256e-07,0.075791652,-1.7536489e-05,0,0,0,0,0,0
47.08,1800.6578,63.076216,-1567.6808,64.532238,1.9969931,127.97914,-1.653362e-07,-1.0745816,4.0305735e-06,4.4227563e-07,0.012487137,2.1839141e-07,-0.26179939,-8.3612917e-12,7.4783091e-05,1,-0.7854,-8.8637671e-12,7.4791406e-05,1,0,0,0.060816132,-2.3055661e-05,0.42231496,141.14796,1567.6808,59.5,0,1.0821041,0,0,nan,nan,10469.507,-412.16382,-0.00044858617,-378.18402,-1.3653634e-07,0.075975391,-1.7699191e-05,0,0,0,0,0,0
47.12,1803.2408,63.156096,-1562.5611,64.623837,1.9969932,128.00625,-1.6362203e-07,-1.0740819,4.0486478e-06,4.3781358e-07,0.012496253,2.1605322e-07,-0.26179939,-9.0657034e-12,7.479505e-05,1,-0.7854,-9.5513555e-12,7.4803471e-05,1,0,0,0.060808636,-2.3055274e-05,0.42247889,141.2112,1562.5611,59.5,0,1.0821041,0,0,nan,nan,10484.227,-412.74483,-0.00043661478,-378.59659,-1.375617e-07,0.077234277,-1.7895176e-05,0,0,0,0,0,0
47.16,1805.8275,63.235976,-1557.4404,64.71531,1.9969932,128.03285,-1.6189628e-07,-1.0735819,4.06651e-06,4.3331913e-07,0.01250553,2.1369261e-07,-0.26179939,-9.7514217e-12,7.4807155e-05,1,-0.7854,-1.0227475e-11,7.4815675e-05,1,0,0,0.060801207,-2.3054829e-05,0.42264134,141.27395,1557.4404,59.5,0,1.0821041,0,0,nan,nan,10498.893,-413.32366,-0.00042515265,-379.00789,-1.3852819e-07,0.078520804,-1.8107634e-05,0,0,0,0,0,0
47.2,1808.4179,63.315855,-1552.3186,64.806658,1.9969932,128.05892,-1.6015895e-07,-1.0730815,4.0841586e-06,4.2879375e-07,0.012514918,2.1130893e-07,-0.26179939,-1.0428464e-11,7.4819397e-05,1,-0.7854,-1.090127e-11,7.4828011e-05,1,0,0,0.060793855,-2.3054328e-05,0.42280231,141.33621,1552.3186,59.5,0,1.0821041,0,0,nan,nan,10513.502,-413.90028,-0.00041419045,-379.41827,-1.3946466e-07,0.078921517,-1.8313524e-05,0,0,0,0,0,0
47.24,1811.0119,63.395735,-1547.1957,64.89788,1.9969933,128.08448,-1.5841008e-07,-1.0725807,4.1015922e-06,4.2423807e-07,0.01252428,2.0890414e-07,-0.26179939,-1.1103677e-11,7.483177e-05,1,-0.7854,-1.1576363e-11,7.4840473e-05,1,0,0,0.060786584,-2.3053773e-05,0.4229618,141.39799,1547.1957,59.5,0,1.0821041,0,0,nan,nan,10528.057,-414.47468,-0.00040372244,-379.8279,-1.4039095e-07,0.078007243,-1.8493728e-05,0,0,0,0,0,0
47.28,1813.6095,63.475615,-1542.0719,64.988976,1.9969934,128.10953,-1.5664988e-07,-1.0720796,4.1188096e-06,4.196523e-07,0.012533464,2.0648189e-07,-0.26179939,-1.1778543e-11,7.4844267e-05,1,-0.7854,-1.225028e-11,7.4853056e-05,1,0,0,0.060779393,-2.3053163e-05,0.42311983,141.45928,1542.0719,59.5,0,1.0821041,0,0,nan,nan,10542.555,-415.04688,-0.00039374455,-380.23672,-1.4131135e-07,0.075940846,-1.864027e-05,0,0,0,0,0,0
47.32,1816.2108,63.555495,-1536.947,65.079945,1.9969934,128.13406,-1.5487889e-07,-1.0715781,4.1358098e-06,4.1503677e-07,0.012542364,2.0404607e-07,-0.26179939,-1.2449438e-11,7.4856886e-05,1,-0.7854,-1.2916406e-11,7.4865759e-05,1,0,0,0.060772274,-2.3052502e-05,0.42327639,141.5201,1536.947,59.5,0,1.0821041,0,0,nan,nan,10556.999,-415.61688,-0.00038425213,-380.6445,-1.4221526e-07,0.073331182,-1.8758083e-05,0,0,0,0,0,0
47.36,1818.8157,63.635374,-1531.8212,65.170787,1.9969935,128.15808,-1.5309783e-07,-1.0710762,4.1525923e-06,4.103923e-07,0.012550957,2.0159938e-07,-0.26179939,-1.3109911e-11,7.4869623e-05,1,-0.7854,-1.3567325e-11,7.4878578e-05,1,0,0,0.06076522,-2.305179e-05,0.42343149,141.58043,1531.8212,59.5,0,1.0821041,0,0,nan,nan,10571.386,-416.18468,-0.00037523826,-381.05096,-1.4308428e-07,0.070926132,-1.8861305e-05,0,0,0,0,0,0
47.4,1821.4243,63.715254,-1526.6944,65.261501,1.9969936,128.18159,-1.5130754e-07,-1.070574,4.1691565e-06,4.057203e-07,0.012559303,1.9914262e-07,-0.26179939,-1.3753774e-11,7.4882475e-05,1,-0.7854,-1.4198011e-11,7.4891508e-05,1,0,0,0.060758225,-2.305103e-05,0.42358514,141.64028,1526.6944,59.5,0,1.0821041,0,0,nan,nan,10585.718,-416.7503,-0.00036669327,-381.45589,-1.439007e-07,0.069290583,-1.8966339e-05,0,0,0,0,0,0
47.44,1824.0365,63.795134,-1521.5667,65.352086,1.9969937,128.20459,-1.4950879e-07,-1.0700715,4.1855021e-06,4.0102267e-07,0.012567509,1.9667488e-07,-0.26179939,-1.4377656e-11,7.4895436e-05,1,-0.7854,-1.4807622e-11,7.4904544e-05,1,0,0,0.060751286,-2.3050222e-05,0.42373733,141.69965,1521.5667,59.5,0,1.0821041,0,0,nan,nan,10599.995,-417.31373,-0.00035860553,-381.85921,-1.4465486e-07,0.068602021,-1.9084918e-05,0,0,0,0,0,0
47.48,1826.6523,63.875014,-1516.4381,65.442541,1.9969938,128.22709,-1.4770215e-07,-1.0695686,4.2016284e-06,3.9630144e-07,0.012575677,1.9419429e-07,-0.26179939,-1.4982058e-11,7.49085e-05,1,-0.7854,-1.5399337e-11,7.4917678e-05,1,0,0,0.060744406,-2.3049368e-05,0.42388808,141.75855,1516.4381,59.5,0,1.0821041,0,0,nan,nan,10614.216,-417.87498,-0.00035096291,-382.26102,-1.4534854e-07,0.068631083,-1.921999e-05,0,0,0,0,0,0
47.52,1829.2717,63.954893,-1511.3086,65.532865,1.9969939,128.24908,-1.45888e-07,-1.0690654,4.2175348e-06,3.9155843e-07,0.012583867,1.9169916e-07,-0.26179939,-1.5570693e-11,7.492166e-05,1,-0.7854,-1.5978587e-11,7.4930903e-05,1,0,0,0.060737589,-2.304847e-05,0.42403739,141.81697,1511.3086,59.5,0,1.0821041,0,0,nan,nan,10628.382,-418.43403,-0.00034375439,-382.6615,-1.4599267e-07,0.068890253,-1.9365724e-05,0,0,0,0,0,0
47.56,1831.8947,64.034773,-1506.1782,65.623059,1.996994,128.27057,-1.4406653e-07,-1.0685619,4.2332203e-06,3.8679501e-07,0.012592077,1.8918883e-07,-0.26179939,-1.6148615e-11,7.493491e-05,1,-0.7854,-1.6550624e-11,7.4944213e-05,1,0,0,0.060730841,-2.3047528e-05,0.42418526,141.87492,1506.1782,59.5,0,1.0821041,0,0,nan,nan,10642.492,-418.99088,-0.00033697097,-383.06085,-1.4660222e-07,0.068867609,-1.9511104e-05,0,0,0,0,0,0
47.6,1834.5214,64.114653,-1501.047,65.713121,1.9969942,128.29155,-1.4223793e-07,-1.0680581,4.2486842e-06,3.8201211e-07,0.012600251,1.8666399e-07,-0.26179939,-1.6720061e-11,7.4948242e-05,1,-0.7854,-1.7118488e-11,7.4957602e-05,1,0,0,0.060724164,-2.3046544e-05,0.42433169,141.9324,1501.047,59.5,0,1.0821041,0,0,nan,nan,10656.546,-419.54553,-0.00033060575,-383.45921,-1.4718968e-07,0.068238915,-1.9645137e-05,0,0,0,0,0,0
47.64,1837.1516,64.194533,-1495.915,65.803051,1.9969943,128.31204,-1.4040241e-07,-1.0675539,4.2639258e-06,3.7721035e-07,0.012608313,1.8412645e-07,-0.26179939,-1.7286926e-11,7.4961653e-05,1,-0.7854,-1.7682173e-11,7.4971065e-05,1,0,0,0.06071756,-2.304552e-05,0.4244767,141.9894,1495.915,59.5,0,1.0821041,0,0,nan,nan,10670.545,-420.09797,-0.00032465311,-383.85659,-1.4776046e-07,0.066974354,-1.976137e-05,0,0,0,0,0,0
47.68,1839.7854,64.274412,-1490.7821,65.892848,1.9969944,128.33203,-1.3856035e-07,-1.0670494,4.2789444e-06,3.7239028e-07,0.012616199,1.815784e-07,-0.26179939,-1.7848407e-11,7.4975138e-05,1,-0.7854,-1.8239129e-11,7.4984601e-05,1,0,0,0.060711025,-2.3044455e-05,0.42462028,142.04594,1490.7821,59.5,0,1.0821041,0,0,nan,nan,10684.488,-420.64822,-0.0003191076,-384.2529,-1.4831242e-07,0.065310438,-1.9859935e-05,0,0,0,0,0,0
47.72,1842.4228,64.354292,-1485.6484,65.982513,1.9969945,128.35152,-1.3671222e-07,-1.0665446,4.2937397e-06,3.6755262e-07,0.012623881,1.7902166e-07,-0.26179939,-1.8401787e-11,7.4988693e-05,1,-0.7854,-1.8785747e-11,7.4998205e-05,1,0,0,0.060704555,-2.3043352e-05,0.42476244,142.102,1485.6484,59.5,0,1.0821041,0,0,nan,nan,10698.376,-421.19627,-0.00031396291,-384.648,-1.488376e-07,0.063616722,-1.994663e-05,0,0,0,0,0,0
47.76,1845.0638,64.434172,-1480.514,66.072043,1.9969947,128.37052,-1.348586e-07,-1.0660395,4.3083114e-06,3.6269839e-07,0.012631376,1.7645721e-07,-0.26179939,-1.8943888e-11,7.5002316e-05,1,-0.7854,-1.9319039e-11,7.5011873e-05,1,0,0,0.060698147,-2.3042212e-05,0.42490319,142.1576,1480.514,59.5,0,1.0821041,0,0,nan,nan,10712.209,-421.74213,-0.00030921139,-385.04177,-1.4932693e-07,0.062226099,-2.0029794e-05,0,0,0,0,0,0
47.8,1847.7084,64.514052,-1475.3788,66.161439,1.9969948,128.38902,-1.3300004e-07,-1.0655342,4.3226594e-06,3.5782887e-07,0.012638731,1.7388504e-07,-0.26179939,-1.9472503e-11,7.5016001e-05,1,-0.7854,-1.9837852e-11,7.50256e-05,1,0,0,0.060691798,-2.3041036e-05,0.42504253,142.21274,1475.3788,59.5,0,1.0821041,0,0,nan,nan,10725.986,-422.2858,-0.00030484423,-385.43414,-1.4977398e-07,0.061303228,-2.0116565e-05,0,0,0,0,0,0
47.84,1850.3566,64.593932,-1470.2429,66.2507,1.996995,128.40703,-1.3113701e-07,-1.0650285,4.3367833e-06,3.5294547e-07,0.012646001,1.7130451e-07,-0.26179939,-1.9987233e-11,7.5029744e-05,1,-0.7854,-2.0343145e-11,7.5039383e-05,1,0,0,0.060685509,-2.3039825e-05,0.42518046,142.2674,1470.2429,59.5,0,1.0821041,0,0,nan,nan,10739.707,-422.82728,-0.00030085217,-385.82513,-1.5017787e-07,0.060799978,-2.0210134e-05,0,0,0,0,0,0
47.88,1853.0083,64.673811,-1465.1063,66.339825,1.9969951,128.42456,-1.2926987e-07,-1.0645225,4.3506829e-06,3.4804954e-07,0.012653226,1.6871486e-07,-0.26179939,-2.0489464e-11,7.504354e-05,1,-0.7854,-2.0837369e-11,7.5053214e-05,1,0,0,0.060679283,-2.3038581e-05,0.42531698,142.32161,1465.1063,59.5,0,1.0821041,0,0,nan,nan,10753.373,-423.36657,-0.00029722628,-386.21484,-1.505428e-07,0.060504449,-2.0308989e-05,0,0,0,0,0,0
47.92,1855.6636,64.753691,-1459.969,66.428814,1.9969953,128.44159,-1.2739889e-07,-1.0640162,4.3643578e-06,3.4314223e-07,0.012660415,1.6611573e-07,-0.26179939,-2.0981611e-11,7.5057384e-05,1,-0.7854,-2.1323312e-11,7.506709e-05,1,0,0,0.06067312,-2.3037304e-05,0.42545211,142.37536,1459.969,59.5,0,1.0821041,0,0,nan,nan,10766.984,-423.90366,-0.00029395861,-386.60336,-1.5087601e-07,0.060150739,-2.0408205e-05,0,0,0,0,0,0
47.96,1858.3224,64.833571,-1454.831,66.517666,1.9969954,128.45814,-1.255243e-07,-1.0635097,4.3778076e-06,3.3822447e-07,0.012667548,1.6350742e-07,-0.26179939,-2.1466049e-11,7.5071271e-05,1,-0.7854,-2.1802975e-11,7.5081005e-05,1,0,0,0.060667024,-2.3035996e-05,0.42558585,142.42864,1454.831,59.5,0,1.0821041,0,0,nan,nan,10780.539,-424.43857,-0.00029104235,-386.99077,-1.5118469e-07,0.059535978,-2.0501957e-05,0,0,0,0,0,0
48,1860.9848,64.913451,-1449.6924,66.606381,1.9969956,128.47421,-1.2364634e-07,-1.0630028,4.3910321e-06,3.3329698e-07,0.01267459,1.6089085e-07,-0.26179939,-2.1944208e-11,7.5085196e-05,1,-0.7854,-2.2276928e-11,7.5094955e-05,1,0,0,0.060660995,-2.3034658e-05,0.4257182,142.48147,1449.6924,59.5,0,1.0821041,0,0,nan,nan,10794.038,-424.97127,-0.00028847156,-387.37711,-1.5147305e-07,0.058595337,-2.0586076e-05,0,0,0,0,0,0
48.04,1863.6508,64.993331,-1444.5531,66.694957,1.9969958,128.48979,-1.2176531e-07,-1.0624957,4.4040309e-06,3.283604e-07,0.012681504,1.5826726e-07,-0.26179939,-2.2416186e-11,7.5099155e-05,1,-0.7854,-2.2744338e-11,7.5108937e-05,1,0,0,0.060655032,-2.303329e-05,0.42584916,142.53383,1444.5531,59.5,0,1.0821041,0,0,nan,nan,10807.483,-425.50178,-0.00028624058,-387.76234,-1.5174151e-07,0.057409745,-2.0659556e-05,0,0,0,0,0,0
48.08,1866.3202,65.07321,-1439.4133,66.783395,1.9969959,128.50489,-1.1988155e-07,-1.0619883,4.4168041e-06,3.2341542e-07,0.012688271,1.5563785e-07,-0.26179939,-2.2880959e-11,7.5113146e-05,1,-0.7854,-2.320358e-11,7.5122949e-05,1,0,0,0.060649132,-2.3031893e-05,0.42597875,142.58575,1439.4133,59.5,0,1.0821041,0,0,nan,nan,10820.872,-426.0301,-0.00028434351,-388.1464,-1.5198718e-07,0.056152252,-2.072457e-05,0,0,0,0,0,0
48.12,1868.9933,65.15309,-1434.2728,66.871695,1.9969961,128.51951,-1.1799547e-07,-1.0614807,4.4293516e-06,3.1846285e-07,0.012694893,1.5300339e-07,-0.26179939,-2.3337023e-11,7.5127164e-05,1,-0.7854,-2.365307e-11,7.5136985e-05,1,0,0,0.060643295,-2.303047e-05,0.42610696,142.6372,1434.2728,59.5,0,1.0821041,0,0,nan,nan,10834.205,-426.55623,-0.00028277384,-388.52923,-1.522057e-07,0.055003605,-2.0785146e-05,0,0,0,0,0,0
48.16,1871.6698,65.23297,-1429.1317,66.959854,1.9969963,128.53366,-1.1610748e-07,-1.0609728,4.4416733e-06,3.1350364e-07,0.012701389,1.5036421e-07,-0.26179939,-2.378315e-11,7.5141206e-05,1,-0.7854,-2.4091986e-11,7.5151043e-05,1,0,0,0.060637517,-2.302902e-05,0.4262338,142.68821,1429.1317,59.5,0,1.0821041,0,0,nan,nan,10847.483,-427.08017,-0.00028152446,-388.91078,-1.5239344e-07,0.054076226,-2.0845266e-05,0,0,0,0,0,0
48.2,1874.3499,65.31285,-1423.9901,67.047874,1.9969965,128.54733,-1.1421796e-07,-1.0604646,4.4537694e-06,3.085388e-07,0.012707789,1.4772021e-07,-0.26179939,-2.4218905e-11,7.5155269e-05,1,-0.7854,-2.4520541e-11,7.5165119e-05,1,0,0,0.0606318,-2.3027545e-05,0.42635927,142.73876,1423.9901,59.5,0,1.0821041,0,0,nan,nan,10860.706,-427.60193,-0.00028058795,-389.29105,-1.5254936e-07,0.053377002,-2.0907244e-05,0,0,0,0,0,0
48.24,1877.0334,65.39273,-1418.848,67.135752,1.9969966,128.56052,-1.1232721e-07,-1.0599561,4.4656397e-06,3.0356936e-07,0.012714115,1.4507114e-07,-0.26179939,-2.4644771e-11,7.5169348e-05,1,-0.7854,-2.4939814e-11,7.5179208e-05,1,0,0,0.060626143,-2.3026046e-05,0.42648338,142.78886,1418.848,59.5,0,1.0821041,0,0,nan,nan,10873.874,-428.12151,-0.000279957,-389.67008,-1.5267503e-07,0.052819041,-2.0971004e-05,0,0,0,0,0,0
48.28,1879.7205,65.47261,-1413.7053,67.22349,1.9969968,128.57324,-1.1043551e-07,-1.0594475,4.4772844e-06,2.9859625e-07,0.012720376,1.4241691e-07,-0.26179939,-2.5061881e-11,7.518344e-05,1,-0.7854,-2.5351232e-11,7.5193307e-05,1,0,0,0.060620548,-2.3024523e-05,0.42660613,142.83852,1413.7053,59.5,0,1.0821041,0,0,nan,nan,10886.986,-428.63889,-0.00027962477,-390.04792,-1.5277392e-07,0.052270827,-2.103447e-05,0,0,0,0,0,0
48.32,1882.4112,65.55249,-1408.5622,67.311086,1.996997,128.58549,-1.085431e-07,-1.0589385,4.4887034e-06,2.9362029e-07,0.012726567,1.3975773e-07,-0.26179939,-2.5471505e-11,7.5197539e-05,1,-0.7854,-2.5755982e-11,7.5207411e-05,1,0,0,0.060615017,-2.3022979e-05,0.42672753,142.88772,1408.5622,59.5,0,1.0821041,0,0,nan,nan,10900.043,-429.15409,-0.00027958502,-390.42463,-1.5284996e-07,0.05161717,-2.1094718e-05,0,0,0,0,0,0
48.36,1885.1053,65.63237,-1403.4185,67.398539,1.9969972,128.59728,-1.0665019e-07,-1.0584293,4.4998967e-06,2.8864217e-07,0.012732671,1.3709412e-07,-0.26179939,-2.5874557e-11,7.5211643e-05,1,-0.7854,-2.6154608e-11,7.5221517e-05,1,0,0,0.060609548,-2.3021412e-05,0.42684758,142.93648,1403.4185,59.5,0,1.0821041,0,0,nan,nan,10913.045,-429.66711,-0.00027983204,-390.80021,-1.5290591e-07,0.050804942,-2.1149335e-05,0,0,0,0,0,0
48.4,1887.8029,65.712249,-1398.2744,67.48585,1.9969973,128.60859,-1.0475705e-07,-1.0579199,4.5108644e-06,2.8366252e-07,0.01273867,1.3442683e-07,-0.26179939,-2.627132e-11,7.5225749e-05,1,-0.7854,-2.654692e-11,7.5235622e-05,1,0,0,0.060604142,-2.3019825e-05,0.42696629,142.98479,1398.2744,59.5,0,1.0821041,0,0,nan,nan,10925.991,-430.17793,-0.0002803604,-391.17467,-1.5294278e-07,0.049856587,-2.1197374e-05,0,0,0,0,0,0
48.44,1890.5039,65.792129,-1393.1299,67.573017,1.9969975,128.61944,-1.0286395e-07,-1.0574103,4.5216066e-06,2.7868197e-07,0.012744551,1.3175663e-07,-0.26179939,-2.6661475e-11,7.5239852e-05,1,-0.7854,-2.6932252e-11,7.5249723e-05,1,0,0,0.060598798,-2.3018218e-05,0.42708366,143.03266,1393.1299,59.5,0,1.0821041,0,0,nan,nan,10938.883,-430.68658,-0.00028116462,-391.54798,-1.5295967e-07,0.048850193,-2.1239566e-05,0,0,0,0,0,0
48.48,1893.2085,65.872009,-1387.9849,67.66004,1.9969977,128.62982,-1.0097119e-07,-1.0569004,4.5321236e-06,2.7370121e-07,0.012750315,1.2908411e-07,-0.26179939,-2.7044371e-11,7.5253951e-05,1,-0.7854,-2.7309837e-11,7.5263818e-05,1,0,0,0.060593515,-2.3016593e-05,0.42719969,143.08009,1387.9849,59.5,0,1.0821041,0,0,nan,nan,10951.719,-431.19304,-0.00028223899,-391.9201,-1.529547e-07,0.047879043,-2.1277799e-05,0,0,0,0,0,0
48.52,1895.9166,65.951889,-1382.8395,67.74692,1.9969979,128.63975,-9.907909e-08,-1.0563903,4.5424155e-06,2.6872097e-07,0.012755967,1.2640963e-07,-0.26179939,-2.7419392e-11,7.5268042e-05,1,-0.7854,-2.7679203e-11,7.5277902e-05,1,0,0,0.060588291,-2.3014949e-05,0.42731439,143.12708,1382.8395,59.5,0,1.0821041,0,0,nan,nan,10964.5,-431.69733,-0.00028357754,-392.29102,-1.5292625e-07,0.047010421,-2.1314184e-05,0,0,0,0,0,0
48.56,1898.6281,66.031769,-1377.6937,67.833654,1.996998,128.64921,-9.7187932e-08,-1.0558799,4.5524827e-06,2.6374204e-07,0.012761523,1.2373332e-07,-0.26179939,-2.7786257e-11,7.5282121e-05,1,-0.7854,-2.8040364e-11,7.5291973e-05,1,0,0,0.060583127,-2.3013288e-05,0.42742777,143.17362,1377.6937,59.5,0,1.0821041,0,0,nan,nan,10977.226,-432.19944,-0.0002851741,-392.66072,-1.5287337e-07,0.046261019,-2.1350165e-05,0,0,0,0,0,0
48.6,1901.3431,66.111649,-1372.5476,67.920243,1.9969982,128.65821,-9.5297989e-08,-1.0553693,4.5623254e-06,2.5876519e-07,0.012766996,1.210552e-07,-0.26179939,-2.8145142e-11,7.5296187e-05,1,-0.7854,-2.839381e-11,7.5306027e-05,1,0,0,0.060578022,-2.3011611e-05,0.42753982,143.21973,1372.5476,59.5,0,1.0821041,0,0,nan,nan,10989.897,-432.69937,-0.00028702255,-393.02923,-1.5279695e-07,0.045597004,-2.1386011e-05,0,0,0,0,0,0
48.64,1904.0615,66.191529,-1367.4011,68.006686,1.9969984,128.66675,-9.3409496e-08,-1.0548586,4.5719438e-06,2.5379118e-07,0.012772391,1.1837533e-07,-0.26179939,-2.8496585e-11,7.5310234e-05,1,-0.7854,-2.8740266e-11,7.5320061e-05,1,0,0,0.060572978,-2.3009918e-05,0.42765056,143.26541,1367.4011,59.5,0,1.0821041,0,0,nan,nan,11002.513,-433.19712,-0.00028911703,-393.39656,-1.5269854e-07,0.044955284,-2.1420894e-05,0,0,0,0,0,0
48.68,1906.7835,66.271409,-1362.2543,68.092983,1.9969986,128.67484,-9.152267e-08,-1.0543476,4.5813382e-06,2.4882068e-07,0.012777708,1.156939e-07,-0.26179939,-2.8841253e-11,7.5324261e-05,1,-0.7854,-2.9080401e-11,7.5334072e-05,1,0,0,0.060567993,-2.3008211e-05,0.42775998,143.31064,1362.2543,59.5,0,1.0821041,0,0,nan,nan,11015.074,-433.6927,-0.00029145199,-393.76276,-1.525803e-07,0.044274127,-2.1453401e-05,0,0,0,0,0,0
48.72,1909.5088,66.351289,-1357.1071,68.179133,1.9969987,128.68248,-8.9637719e-08,-1.0538364,4.5905089e-06,2.4385432e-07,0.01278294,1.1301128e-07,-0.26179939,-2.9179696e-11,7.5338264e-05,1,-0.7854,-2.9414612e-11,7.5348058e-05,1,0,0,0.060563069,-2.3006489e-05,0.4278681,143.35545,1357.1071,59.5,0,1.0821041,0,0,nan,nan,11027.58,-434.18611,-0.00029402221,-394.12782,-1.5244401e-07,0.043518937,-2.1482231e-05,0,0,0,0,0,0
48.76,1912.2376,66.431169,-1351.9597,68.265136,1.9969989,128.68966,-8.7754857e-08,-1.0533249,4.5994562e-06,2.3889266e-07,0.012788077,1.1032794e-07,-0.26179939,-2.9512175e-11,7.5352241e-05,1,-0.7854,-2.9742931e-11,7.5362014e-05,1,0,0,0.060558206,-2.3004755e-05,0.42797491,143.39982,1351.9597,59.5,0,1.0821041,0,0,nan,nan,11040.031,-434.67734,-0.00029682265,-394.49176,-1.5229052e-07,0.042693006,-2.1506741e-05,0,0,0,0,0,0
48.8,1914.9698,66.511049,-1346.812,68.350992,1.9969991,128.6964,-8.5874311e-08,-1.0528133,4.6081806e-06,2.3393626e-07,0.012793114,1.076444e-07,-0.26179939,-2.9838637e-11,7.5366187e-05,1,-0.7854,-3.0065111e-11,7.537594e-05,1,0,0,0.060553402,-2.3003007e-05,0.42808042,143.44375,1346.812,59.5,0,1.0821041,0,0,nan,nan,11052.427,-435.1664,-0.00029984835,-394.85456,-1.5211979e-07,0.041830777,-2.1527144e-05,0,0,0,0,0,0
48.84,1917.7055,66.590929,-1341.664,68.436699,1.9969993,128.70268,-8.3996317e-08,-1.0523015,4.6166823e-06,2.289857e-07,0.012798048,1.049611e-07,-0.26179939,-3.0158828e-11,7.5380102e-05,1,-0.7854,-3.0380812e-11,7.5389832e-05,1,0,0,0.060548657,-2.3001248e-05,0.42818463,143.48726,1341.664,59.5,0,1.0821041,0,0,nan,nan,11064.769,-435.65329,-0.00030309425,-395.21621,-1.5193108e-07,0.040978902,-2.1544315e-05,0,0,0,0,0,0
48.88,1920.4446,66.670809,-1336.5158,68.522257,1.9969994,128.70852,-8.2121115e-08,-1.0517895,4.6249618e-06,2.2404157e-07,0.012802883,1.0227836e-07,-0.26179939,-3.0472473e-11,7.5393983e-05,1,-0.7854,-3.0689806e-11,7.5403687e-05,1,0,0,0.060543971,-2.2999478e-05,0.42828756,143.53034,1336.5158,59.5,0,1.0821041,0,0,nan,nan,11077.055,-436.13802,-0.00030655518,-395.5767,-1.517238e-07,0.040174786,-2.1559345e-05,0,0,0,0,0,0
48.92,1923.1871,66.750689,-1331.3673,68.607666,1.9969996,128.71391,-8.0248937e-08,-1.0512773,4.6330196e-06,2.1910449e-07,0.012807626,9.9596398e-08,-0.26179939,-3.0779434e-11,7.5407826e-05,1,-0.7854,-3.0992089e-11,7.5417503e-05,1,0,0,0.060539342,-2.2997697e-05,0.42838919,143.573,1331.3673,59.5,0,1.0821041,0,0,nan,nan,11089.287,-436.62058,-0.00031022592,-395.93601,-1.5149732e-07,0.03943205,-2.1573068e-05,0,0,0,0,0,0
48.96,1925.933,66.830569,-1326.2187,68.692926,1.9969998,128.71886,-7.8380002e-08,-1.0507649,4.6408561e-06,2.1417507e-07,0.012812283,9.6915333e-08,-0.26179939,-3.1079792e-11,7.5421629e-05,1,-0.7854,-3.1287898e-11,7.5431277e-05,1,0,0,0.060534772,-2.2995907e-05,0.42848955,143.61522,1326.2187,59.5,0,1.0821041,0,0,nan,nan,11101.464,-437.10097,-0.00031410125,-396.29417,-1.5125234e-07,0.038738099,-2.1585752e-05,0,0,0,0,0,0
49,1928.6824,66.910449,-1321.0698,68.778036,1.9969999,128.72336,-7.651451e-08,-1.0502523,4.6484718e-06,2.0925391e-07,0.012816859,9.4235303e-08,-0.26179939,-3.137382e-11,7.543539e-05,1,-0.7854,-3.1577612e-11,7.5445007e-05,1,0,0,0.06053026,-2.2994108e-05,0.42858863,143.65703,1321.0698,59.5,0,1.0821041,0,0,nan,nan,11113.587,-437.5792,-0.00031817613,-396.65118,-1.5098947e-07,0.038063154,-2.1597087e-05,0,0,0,0,0,0
49.04,1931.4351,66.990329,-1315.9208,68.862995,1.9970001,128.72743,-7.4652649e-08,-1.0497396,4.6558672e-06,2.0434157e-07,0.012821355,9.1556503e-08,-0.26179939,-3.1661883e-11,7.5449105e-05,1,-0.7854,-3.1861619e-11,7.545869e-05,1,0,0,0.060525806,-2.2992301e-05,0.42868643,143.69841,1315.9208,59.5,0,1.0821041,0,0,nan,nan,11125.654,-438.05527,-0.00032244567,-397.00706,-1.5071017e-07,0.037375303,-2.1606413e-05,0,0,0,0,0,0
49.08,1934.1913,67.070209,-1310.7717,68.947803,1.9970002,128.73105,-7.27946e-08,-1.0492266,4.6630428e-06,1.9943856e-07,0.012825766,8.887921e-08,-0.26179939,-3.1944301e-11,7.5462773e-05,1,-0.7854,-3.2140167e-11,7.5472324e-05,1,0,0,0.060521411,-2.2990485e-05,0.42878297,143.73937,1310.7717,59.5,0,1.0821041,0,0,nan,nan,11137.668,-438.52918,-0.0003269052,-397.36182,-1.5041534e-07,0.036654339,-2.1613057e-05,0,0,0,0,0,0
49.12,1936.9508,67.150089,-1305.6224,69.03246,1.9970004,128.73424,-7.0940544e-08,-1.0487135,4.6699991e-06,1.9454538e-07,0.01283009,8.6203766e-08,-0.26179939,-3.2221269e-11,7.5476391e-05,1,-0.7854,-3.2413352e-11,7.5485906e-05,1,0,0,0.060517073,-2.2988663e-05,0.42887824,143.7799,1305.6224,59.5,0,1.0821041,0,0,nan,nan,11149.626,-439.00093,-0.00033155019,-397.71546,-1.5010565e-07,0.035898685,-2.1616648e-05,0,0,0,0,0,0
49.16,1939.7137,67.229969,-1300.4729,69.116965,1.9970005,128.73699,-6.9090665e-08,-1.0482002,4.6767366e-06,1.8966252e-07,0.012834322,8.3530533e-08,-0.26179939,-3.2492823e-11,7.5489957e-05,1,-0.7854,-3.2681098e-11,7.5499435e-05,1,0,0,0.060512793,-2.2986834e-05,0.42897225,143.82002,1300.4729,59.5,0,1.0821041,0,0,nan,nan,11161.53,-439.47053,-0.00033637617,-398.06798,-1.4978136e-07,0.035123405,-2.1617233e-05,0,0,0,0,0,0
49.2,1942.48,67.309849,-1295.3234,69.201319,1.9970007,128.73931,-6.7245153e-08,-1.0476868,4.683256e-06,1.8479044e-07,0.012838462,8.0859846e-08,-0.26179939,-3.2758889e-11,7.5503468e-05,1,-0.7854,-3.2943285e-11,7.5512907e-05,1,0,0,0.060508571,-2.2985e-05,0.42906501,143.85972,1295.3234,59.5,0,1.0821041,0,0,nan,nan,11173.38,-439.93797,-0.00034137865,-398.41937,-1.4944224e-07,0.03435141,-2.1615227e-05,0,0,0,0,0,0
49.24,1945.2496,67.389729,-1290.1738,69.285519,1.9970008,128.7412,-6.5404195e-08,-1.0471732,4.6895578e-06,1.7992963e-07,0.012842511,7.8191978e-08,-0.26179939,-3.3019364e-11,7.5516922e-05,1,-0.7854,-3.3199823e-11,7.5526321e-05,1,0,0,0.060504405,-2.298316e-05,0.42915651,143.89901,1290.1738,59.5,0,1.0821041,0,0,nan,nan,11185.175,-440.40326,-0.00034655315,-398.76963,-1.4908826e-07,0.033602555,-2.1611186e-05,0,0,0,0,0,0
49.28,1948.0226,67.469609,-1285.0241,69.369566,1.997001,128.74266,-6.3567976e-08,-1.0466594,4.6956427e-06,1.7508059e-07,0.012846473,7.5527139e-08,-0.26179939,-3.3274204e-11,7.5530317e-05,1,-0.7854,-3.3450725e-11,7.5539674e-05,1,0,0,0.060500296,-2.2981315e-05,0.42924677,143.93788,1285.0241,59.5,0,1.0821041,0,0,nan,nan,11196.916,-440.8664,-0.00035189515,-399.11875,-1.4871915e-07,0.032885587,-2.1605573e-05,0,0,0,0,0,0
49.32,1950.799,67.549489,-1279.8744,69.453461,1.9970011,128.74369,-6.1736672e-08,-1.0461454,4.7015112e-06,1.7024379e-07,0.012850351,7.2865501e-08,-0.26179939,-3.3523466e-11,7.5543652e-05,1,-0.7854,-3.3696123e-11,7.5552965e-05,1,0,0,0.060496244,-2.2979467e-05,0.42933578,143.97634,1279.8744,59.5,0,1.0821041,0,0,nan,nan,11208.603,-441.32739,-0.00035740017,-399.46675,-1.4833516e-07,0.032195969,-2.1598582e-05,0,0,0,0,0,0
49.36,1953.5787,67.629369,-1274.7246,69.537201,1.9970013,128.74429,-5.9910449e-08,-1.0456314,4.7071641e-06,1.6541973e-07,0.012854147,7.0207224e-08,-0.26179939,-3.3767304e-11,7.5556923e-05,1,-0.7854,-3.393623e-11,7.5566191e-05,1,0,0,0.060492248,-2.2977615e-05,0.42942356,144.01438,1274.7246,59.5,0,1.0821041,0,0,nan,nan,11220.235,-441.78623,-0.00036306383,-399.81362,-1.4793692e-07,0.031519702,-2.1590108e-05,0,0,0,0,0,0
49.4,1956.3618,67.709249,-1269.5749,69.620787,1.9970014,128.74446,-5.8089464e-08,-1.0451171,4.7126019e-06,1.6060883e-07,0.012857863,6.7552497e-08,-0.26179939,-3.4005924e-11,7.5570129e-05,1,-0.7854,-3.4171268e-11,7.5579351e-05,1,0,0,0.060488308,-2.297576e-05,0.4295101,144.05201,1269.5749,59.5,0,1.0821041,0,0,nan,nan,11231.813,-442.24293,-0.00036888186,-400.15937,-1.4752526e-07,0.030840648,-2.157985e-05,0,0,0,0,0,0
49.44,1959.1482,67.789129,-1264.4251,69.704218,1.9970015,128.74422,-5.6273869e-08,-1.0446027,4.7178254e-06,1.5581155e-07,0.012861498,6.4901548e-08,-0.26179939,-3.4239523e-11,7.5583267e-05,1,-0.7854,-3.4401406e-11,7.5592442e-05,1,0,0,0.060484424,-2.2973903e-05,0.42959541,144.08924,1264.4251,59.5,0,1.0821041,0,0,nan,nan,11243.337,-442.69749,-0.00037485012,-400.50403,-1.4710062e-07,0.03014774,-2.1567479e-05,0,0,0,0,0,0
49.48,1961.938,67.869009,-1259.2753,69.787494,1.9970016,128.74355,-5.4463814e-08,-1.0440882,4.7228353e-06,1.5102829e-07,0.012865049,6.2254635e-08,-0.26179939,-3.4468236e-11,7.5596337e-05,1,-0.7854,-3.4626728e-11,7.5605462e-05,1,0,0,0.060480597,-2.2972044e-05,0.4296795,144.12606,1259.2753,59.5,0,1.0821041,0,0,nan,nan,11254.807,-443.14991,-0.00038096459,-400.84757,-1.4666361e-07,0.029438986,-2.1552796e-05,0,0,0,0,0,0
49.52,1964.7311,67.948889,-1254.1256,69.870615,1.9970018,128.74246,-5.265945e-08,-1.0435735,4.7276321e-06,1.4625944e-07,0.012868515,5.961203e-08,-0.26179939,-3.4692125e-11,7.5609334e-05,1,-0.7854,-3.4847245e-11,7.5618409e-05,1,0,0,0.060476825,-2.2970183e-05,0.42976237,144.16247,1254.1256,59.5,0,1.0821041,0,0,nan,nan,11266.223,-443.60018,-0.00038722127,-401.19002,-1.4621453e-07,0.028721017,-2.1535813e-05,0,0,0,0,0,0
49.56,1967.5275,68.028769,-1248.9759,69.95358,1.9970019,128.74095,-5.0860925e-08,-1.0430587,4.7322167e-06,1.415054e-07,0.012871896,5.6973992e-08,-0.26179939,-3.4911188e-11,7.5622259e-05,1,-0.7854,-3.5062923e-11,7.5631282e-05,1,0,0,0.060473109,-2.2968322e-05,0.42984402,144.19847,1248.9759,59.5,0,1.0821041,0,0,nan,nan,11277.585,-444.04833,-0.00039361622,-401.53135,-1.4575328e-07,0.028004987,-2.1516733e-05,0,0,0,0,0,0
49.6,1970.3272,68.108649,-1243.8263,70.036389,1.997002,128.73902,-4.9068391e-08,-1.0425438,4.7365899e-06,1.3676657e-07,0.012875191,5.4340748e-08,-0.26179939,-3.5125409e-11,7.5635109e-05,1,-0.7854,-3.5273752e-11,7.5644079e-05,1,0,0,0.060469448,-2.296646e-05,0.42992446,144.23407,1243.8263,59.5,0,1.0821041,0,0,nan,nan,11288.893,-444.49433,-0.00040014551,-401.87158,-1.452801e-07,0.027301115,-2.1495844e-05,0,0,0,0,0,0
49.64,1973.1302,68.188529,-1238.6768,70.119041,1.9970021,128.73668,-4.7281992e-08,-1.0420287,4.7407523e-06,1.3204333e-07,0.012878404,5.1712492e-08,-0.26179939,-3.5334792e-11,7.5647882e-05,1,-0.7854,-3.5479761e-11,7.5656798e-05,1,0,0,0.060465842,-2.2964599e-05,0.43000369,144.26927,1238.6768,59.5,0,1.0821041,0,0,nan,nan,11300.147,-444.93821,-0.00040680521,-402.2107,-1.4479495e-07,0.026614407,-2.1473398e-05,0,0,0,0,0,0
49.68,1975.9365,68.268409,-1233.5274,70.201536,1.9970022,128.73392,-4.550187e-08,-1.0415135,4.7447047e-06,1.2733608e-07,0.012881537,4.9089394e-08,-0.26179939,-3.5539388e-11,7.5660577e-05,1,-0.7854,-3.5681031e-11,7.5669437e-05,1,0,0,0.060462291,-2.2962738e-05,0.43008171,144.30406,1233.5274,59.5,0,1.0821041,0,0,nan,nan,11311.347,-445.37996,-0.00041359144,-402.54872,-1.44298e-07,0.025943232,-2.144952e-05,0,0,0,0,0,0
49.72,1978.7462,68.348289,-1228.3781,70.283874,1.9970023,128.73075,-4.3728158e-08,-1.0409982,4.7484479e-06,1.2264518e-07,0.012884589,4.647162e-08,-0.26179939,-3.5739294e-11,7.5673192e-05,1,-0.7854,-3.5877695e-11,7.5681995e-05,1,0,0,0.060458794,-2.2960878e-05,0.43015854,144.33846,1228.3781,59.5,0,1.0821041,0,0,nan,nan,11322.493,-445.81958,-0.0004205004,-402.88564,-1.4378975e-07,0.025280963,-2.1424185e-05,0,0,0,0,0,0
49.76,1981.5591,68.42817,-1223.2289,70.366055,1.9970024,128.72718,-4.1960984e-08,-1.0404828,4.7519827e-06,1.17971e-07,0.012887563,4.3859341e-08,-0.26179939,-3.5934638e-11,7.5685724e-05,1,-0.7854,-3.6069893e-11,7.569447e-05,1,0,0,0.060455352,-2.295902e-05,0.43023417,144.37246,1223.2289,59.5,0,1.0821041,0,0,nan,nan,11333.586,-446.25707,-0.00042752835,-403.22147,-1.4327062e-07,0.024619547,-2.139726e-05,0,0,0,0,0,0
49.8,1984.3753,68.50805,-1218.0799,70.448077,1.9970025,128.72319,-4.0200474e-08,-1.0399672,4.7553099e-06,1.1331389e-07,0.012890458,4.125275e-08,-0.26179939,-3.6125549e-11,7.5698173e-05,1,-0.7854,-3.6257734e-11,7.570686e-05,1,0,0,0.060451964,-2.2957164e-05,0.43030862,144.40606,1218.0799,59.5,0,1.0821041,0,0,nan,nan,11344.625,-446.69244,-0.00043467165,-403.5562,-1.4274099e-07,0.023953169,-2.1368591e-05,0,0,0,0,0,0
49.84,1987.1948,68.58793,-1212.9311,70.529941,1.9970026,128.71879,-3.8446748e-08,-1.0394515,4.7584303e-06,1.0867418e-07,0.012893273,3.8652053e-08,-0.26179939,-3.6312121e-11,7.5710537e-05,1,-0.7854,-3.6441293e-11,7.5719163e-05,1,0,0,0.06044863,-2.295531e-05,0.43038187,144.43927,1212.9311,59.5,0,1.0821041,0,0,nan,nan,11355.611,-447.1257,-0.00044192673,-403.88985,-1.4220126e-07,0.023280438,-2.1338086e-05,0,0,0,0,0,0
49.88,1990.0175,68.66781,-1207.7824,70.611646,1.9970026,128.714,-3.6699928e-08,-1.0389358,4.7613448e-06,1.040522e-07,0.012896008,3.6057461e-08,-0.26179939,-3.6494414e-11,7.5722814e-05,1,-0.7854,-3.6620605e-11,7.5731379e-05,1,0,0,0.060445351,-2.295346e-05,0.43045395,144.47208,1207.7824,59.5,0,1.0821041,0,0,nan,nan,11366.542,-447.55683,-0.00044929008,-404.22241,-1.4165174e-07,0.022604333,-2.130575e-05,0,0,0,0,0,0
49.92,1992.8435,68.74769,-1202.6339,70.693192,1.9970027,128.70879,-3.4960131e-08,-1.0384199,4.7640542e-06,9.9448261e-08,0.012898662,3.3469179e-08,-0.26179939,-3.667246e-11,7.5735003e-05,1,-0.7854,-3.6795684e-11,7.5743506e-05,1,0,0,0.060442125,-2.2951612e-05,0.43052485,144.50449,1202.6339,59.5,0,1.0821041,0,0,nan,nan,11377.421,-447.98585,-0.00045675824,-404.55389,-1.4109255e-07,0.021930274,-2.1271693e-05,0,0,0,0,0,0
49.96,1995.6728,68.82757,-1197.4857,70.774578,1.9970028,128.70319,-3.3227477e-08,-1.0379039,4.7665593e-06,9.4862682e-08,0.012901237,3.0887396e-08,-0.26179939,-3.6846275e-11,7.5747102e-05,1,-0.7854,-3.6966543e-11,7.5755541e-05,1,0,0,0.060438952,-2.2949769e-05,0.43059457,144.53652,1197.4857,59.5,0,1.0821041,0,0,nan,nan,11388.246,-448.41276,-0.00046432774,-404.88428,-1.4052375e-07,0.021263404,-2.1236066e-05,0,0,0,0,0,0
50,1998.5053,68.90745,-1192.3377,70.855805,1.9970028,128.69718,-3.1502078e-08,-1.0373878,4.768861e-06,9.0295771e-08,0.012903732,2.8312283e-08,-0.26179939,-3.7015885e-11,7.575911e-05,1,-0.7854,-3.7133223e-11,7.5767485e-05,1,0,0,0.060435833,-2.294793e-05,0.43066313,144.56815,1192.3377,59.5,0,1.0821041,0,0,nan,nan,11399.018,-448.83755,-0.00047199517,-405.21359,-1.3994551e-07,0.020606385,-2.1199012e-05,0,0,0,0,0,0
50.04,2001.3411,68.98733,-1187.1899,70.936872,1.9970029,128.69077,-2.9784047e-08,-1.0368716,4.7709602e-06,8.5747832e-08,0.01290615,2.5743995e-08,-0.26179939,-3.718134e-11,7.5771025e-05,1,-0.7854,-3.7295791e-11,7.5779335e-05,1,0,0,0.060432767,-2.2946095e-05,0.43073052,144.5994,1187.1899,59.5,0,1.0821041,0,0,nan,nan,11409.736,-449.26024,-0.00047975716,-405.54182,-1.3935803e-07,0.019958591,-2.1160604e-05,0,0,0,0,0,0
50.08,2004.1801,69.06721,-1182.0424,71.017778,1.997003,128.68397,-2.8073489e-08,-1.0363553,4.7728578e-06,8.1219161e-08,0.012908491,2.3182684e-08,-0.26179939,-3.7342713e-11,7.5782846e-05,1,-0.7854,-3.7454336e-11,7.5791089e-05,1,0,0,0.060429753,-2.2944265e-05,0.43079675,144.63026,1182.0424,59.5,0,1.0821041,0,0,nan,nan,11420.401,-449.68082,-0.0004876104,-405.86897,-1.3876164e-07,0.019316838,-2.1120846e-05,0,0,0,0,0,0
50.12,2007.0224,69.147091,-1176.8952,71.098523,1.997003,128.67677,-2.6370506e-08,-1.0358389,4.7745547e-06,7.6710043e-08,0.012910756,2.0628506e-08,-0.26179939,-3.7500091e-11,7.5794572e-05,1,-0.7854,-3.7608945e-11,7.5802748e-05,1,0,0,0.060426793,-2.2942441e-05,0.43086182,144.66073,1176.8952,59.5,0,1.0821041,0,0,nan,nan,11431.014,-450.0993,-0.00049555161,-406.19504,-1.3815666e-07,0.018677131,-2.1079687e-05,0,0,0,0,0,0
50.16,2009.8678,69.226971,-1171.7483,71.179108,1.9970031,128.66918,-2.4675198e-08,-1.0353224,4.7760518e-06,7.2220755e-08,0.012912944,1.8081621e-08,-0.26179939,-3.7653556e-11,7.5806201e-05,1,-0.7854,-3.7759697e-11,7.5814308e-05,1,0,0,0.060423885,-2.2940622e-05,0.43092575,144.69082,1171.7483,59.5,0,1.0821041,0,0,nan,nan,11441.573,-450.51568,-0.00050357761,-406.52005,-1.3754338e-07,0.018036508,-2.1037059e-05,0,0,0,0,0,0
50.2,2012.7165,69.306851,-1166.6016,71.259531,1.9970031,128.66119,-2.2987662e-08,-1.0348059,4.77735e-06,6.7751562e-08,0.012915056,1.5542198e-08,-0.26179939,-3.7803182e-11,7.5817731e-05,1,-0.7854,-3.7906658e-11,7.582577e-05,1,0,0,0.060421029,-2.293881e-05,0.43098852,144.72052,1166.6016,59.5,0,1.0821041,0,0,nan,nan,11452.079,-450.92997,-0.00051168526,-406.84399,-1.3692209e-07,0.017394168,-2.0992926e-05,0,0,0,0,0,0
50.24,2015.5684,69.386731,-1161.4554,71.339792,1.9970031,128.65282,-2.1307991e-08,-1.0342892,4.7784502e-06,6.3302721e-08,0.012917092,1.3010407e-08,-0.26179939,-3.7949024e-11,7.5829163e-05,1,-0.7854,-3.8049863e-11,7.5837131e-05,1,0,0,0.060418225,-2.2937004e-05,0.43105015,144.74984,1161.4554,59.5,0,1.0821041,0,0,nan,nan,11462.532,-451.34215,-0.00051987148,-407.16686,-1.3629302e-07,0.016751494,-2.09473e-05,0,0,0,0,0,0
50.28,2018.4235,69.466611,-1156.3094,71.419891,1.9970031,128.64405,-1.9636279e-08,-1.0337725,4.7793534e-06,5.8874483e-08,0.012919051,1.0486412e-08,-0.26179939,-3.8091119e-11,7.5840494e-05,1,-0.7854,-3.8189348e-11,7.5848392e-05,1,0,0,0.060415474,-2.2935204e-05,0.43111065,144.77878,1156.3094,59.5,0,1.0821041,0,0,nan,nan,11472.932,-451.75225,-0.00052813322,-407.48866,-1.3565623e-07,0.016111122,-2.0900241e-05,0,0,0,0,0,0
50.32,2021.2819,69.546491,-1151.1638,71.499828,1.9970032,128.6349,-1.7972617e-08,-1.0332557,4.7800606e-06,5.4467094e-08,0.012920934,7.9703699e-09,-0.26179939,-3.8229501e-11,7.5851723e-05,1,-0.7854,-3.8325139e-11,7.5859549e-05,1,0,0,0.060412774,-2.2933413e-05,0.43117001,144.80734,1151.1638,59.5,0,1.0821041,0,0,nan,nan,11483.279,-452.16026,-0.00053646746,-407.80941,-1.3501207e-07,0.015475594,-2.0851837e-05,0,0,0,0,0,0
50.36,2024.1434,69.626371,-1146.0186,71.579602,1.9970032,128.62536,-1.6317093e-08,-1.0327388,4.7805726e-06,5.0080796e-08,0.012922742,5.4624262e-09,-0.26179939,-3.8364202e-11,7.5862849e-05,1,-0.7854,-3.8457279e-11,7.5870603e-05,1,0,0,0.060410126,-2.2931628e-05,0.43122823,144.83552,1146.0186,59.5,0,1.0821041,0,0,nan,nan,11493.574,-452.56618,-0.00054487122,-408.12908,-1.3436059e-07,0.014846251,-2.0802167e-05,0,0,0,0,0,0
50.4,2027.0081,69.706251,-1140.8738,71.659213,1.9970032,128.61544,-1.4669793e-08,-1.0322219,4.7808905e-06,4.5715823e-08,0.012924475,2.9627185e-09,-0.26179939,-3.8495271e-11,7.5873871e-05,1,-0.7854,-3.8585823e-11,7.5881552e-05,1,0,0,0.060407528,-2.2929852e-05,0.43128534,144.86332,1140.8738,59.5,0,1.0821041,0,0,nan,nan,11503.816,-452.97002,-0.00055334157,-408.4477,-1.337019e-07,0.014222806,-2.075128e-05,0,0,0,0,0,0
50.44,2029.8759,69.786132,-1135.7294,71.73866,1.9970032,128.60513,-1.3030799e-08,-1.0317049,4.7810152e-06,4.1372404e-08,0.012926134,4.7138032e-10,-0.26179939,-3.8622763e-11,7.5884788e-05,1,-0.7854,-3.8710832e-11,7.5892394e-05,1,0,0,0.060404982,-2.2928083e-05,0.43134132,144.89075,1135.7294,59.5,0,1.0821041,0,0,nan,nan,11514.005,-453.37178,-0.00056187562,-408.76527,-1.3303646e-07,0.013603697,-2.0699187e-05,0,0,0,0,0,0
50.48,2032.747,69.866012,-1130.5853,71.817945,1.9970032,128.59445,-1.1400191e-08,-1.0311878,4.7809477e-06,3.705076e-08,0.012927719,-2.0114545e-09,-0.26179939,-3.8746741e-11,7.5895598e-05,1,-0.7854,-3.8832372e-11,7.590313e-05,1,0,0,0.060402487,-2.2926323e-05,0.43139618,144.9178,1130.5853,59.5,0,1.0821041,0,0,nan,nan,11524.142,-453.77145,-0.00057047052,-409.08177,-1.3236421e-07,0.012986947,-2.0645874e-05,0,0,0,0,0,0
50.52,2035.6212,69.945892,-1125.4418,71.897065,1.9970032,128.58338,-9.7780448e-09,-1.0306707,4.780689e-06,3.2751104e-08,0.012929232,-4.4856498e-09,-0.26179939,-3.8867269e-11,7.5906302e-05,1,-0.7854,-3.8950504e-11,7.5913758e-05,1,0,0,0.060400043,-2.2924572e-05,0.43144993,144.94448,1125.4418,59.5,0,1.0821041,0,0,nan,nan,11534.227,-454.16906,-0.00057912348,-409.39723,-1.3168568e-07,0.012371079,-2.0591316e-05,0,0,0,0,0,0
50.56,2038.4986,70.025772,-1120.2987,71.976021,1.9970032,128.57194,-8.1644352e-09,-1.0301535,4.7802402e-06,2.847364e-08,0.01293067,-6.9510674e-09,-0.26179939,-3.8984401e-11,7.5916897e-05,1,-0.7854,-3.9065274e-11,7.5924277e-05,1,0,0,0.06039765,-2.292283e-05,0.43150257,144.97079,1120.2987,59.5,0,1.0821041,0,0,nan,nan,11544.259,-454.56459,-0.00058783175,-409.71164,-1.3100091e-07,0.011755682,-2.0535506e-05,0,0,0,0,0,0
50.6,2041.3791,70.105652,-1115.156,72.054813,1.9970031,128.56012,-6.5594347e-09,-1.0296362,4.7796021e-06,2.4218569e-08,0.012932036,-9.4075695e-09,-0.26179939,-3.9098183e-11,7.5927382e-05,1,-0.7854,-3.9176727e-11,7.5934685e-05,1,0,0,0.060395306,-2.2921098e-05,0.4315541,144.99673,1115.156,59.5,0,1.0821041,0,0,nan,nan,11554.239,-454.95806,-0.00059659264,-410.025,-1.3031012e-07,0.011141422,-2.0478457e-05,0,0,0,0,0,0
50.64,2044.2628,70.185532,-1110.0138,72.13344,1.9970031,128.54793,-4.963114e-09,-1.0291189,4.7787758e-06,1.9986081e-08,0.012933328,-1.1855022e-08,-0.26179939,-3.9208659e-11,7.5937757e-05,1,-0.7854,-3.9284899e-11,7.5944983e-05,1,0,0,0.060393013,-2.2919375e-05,0.43160454,145.0223,1110.0138,59.5,0,1.0821041,0,0,nan,nan,11564.166,-455.34945,-0.00060540348,-410.33731,-1.2961348e-07,0.010529582,-2.0420209e-05,0,0,0,0,0,0
50.68,2047.1497,70.265412,-1104.8722,72.211903,1.9970031,128.53536,-3.3755418e-09,-1.0286016,4.7777624e-06,1.5776366e-08,0.012934548,-1.4293296e-08,-0.26179939,-3.931586e-11,7.5948021e-05,1,-0.7854,-3.938982e-11,7.5955169e-05,1,0,0,0.06039077,-2.2917662e-05,0.43165387,145.0475,1104.8722,59.5,0,1.0821041,0,0,nan,nan,11574.042,-455.73879,-0.00061426163,-410.64858,-1.2891116e-07,0.0099213988,-2.0360816e-05,0,0,0,0,0,0
50.72,2050.0396,70.345292,-1099.731,72.2902,1.997003,128.52242,-1.7967846e-09,-1.0280842,4.7765629e-06,1.1589605e-08,0.012935696,-1.6722268e-08,-0.26179939,-3.9419826e-11,7.5958173e-05,1,-0.7854,-3.9491534e-11,7.5965242e-05,1,0,0,0.060388577,-2.291596e-05,0.43170212,145.07234,1099.731,59.5,0,1.0821041,0,0,nan,nan,11583.865,-456.12606,-0.00062316452,-410.95881,-1.2820338e-07,0.0093175092,-2.0300324e-05,0,0,0,0,0,0
50.76,2052.9327,70.425173,-1094.5903,72.368331,1.997003,128.50911,-2.2690674e-10,-1.0275667,4.7751783e-06,7.425976e-09,0.012936772,-1.9141823e-08,-0.26179939,-3.9520595e-11,7.5968212e-05,1,-0.7854,-3.9590079e-11,7.5975201e-05,1,0,0,0.060386433,-2.2914268e-05,0.43174927,145.09681,1094.5903,59.5,0,1.0821041,0,0,nan,nan,11593.637,-456.51128,-0.00063210957,-411.26799,-1.2749017e-07,0.0087177513,-2.0238767e-05,0,0,0,0,0,0
50.8,2055.8289,70.505053,-1089.4502,72.446297,1.9970029,128.49543,1.3340302e-09,-1.0270492,4.7736096e-06,3.2856514e-09,0.012937776,-2.1551845e-08,-0.26179939,-3.9618216e-11,7.5978136e-05,1,-0.7854,-3.9685516e-11,7.5985045e-05,1,0,0,0.060384339,-2.2912586e-05,0.43179535,145.12091,1089.4502,59.5,0,1.0821041,0,0,nan,nan,11603.356,-456.89444,-0.00064109427,-411.57614,-1.2677188e-07,0.0081213402,-2.017616e-05,0,0,0,0,0,0
50.84,2058.7283,70.584933,-1084.3107,72.524096,1.9970029,128.48139,2.8859668e-09,-1.0265317,4.7718579e-06,-8.3120487e-10,0.01293871,-2.3952221e-08,-0.26179939,-3.9712739e-11,7.5987946e-05,1,-0.7854,-3.9777885e-11,7.5994775e-05,1,0,0,0.060382294,-2.2910916e-05,0.43184034,145.14466,1084.3107,59.5,0,1.0821041,0,0,nan,nan,11613.024,-457.27556,-0.00065011615,-411.88326,-1.2604849e-07,0.0075272963,-2.0112502e-05,0,0,0,0,0,0
50.88,2061.6307,70.664813,-1079.1717,72.60173,1.9970028,128.46698,4.4288459e-09,-1.0260141,4.7699243e-06,-4.9244337e-09,0.012939573,-2.6342838e-08,-0.26179939,-3.980421e-11,7.599764e-05,1,-0.7854,-3.9867234e-11,7.6004387e-05,1,0,0,0.060380298,-2.2909258e-05,0.43188425,145.16804,1079.1717,59.5,0,1.0821041,0,0,nan,nan,11622.64,-457.65462,-0.00065917277,-412.18934,-1.2532041e-07,0.0069348961,-2.004779e-05,0,0,0,0,0,0
50.92,2064.5362,70.744693,-1074.0333,72.679197,1.9970027,128.45221,5.9626125e-09,-1.0254965,4.7678098e-06,-8.9938813e-09,0.012940366,-2.8723583e-08,-0.26179939,-3.9892674e-11,7.6007218e-05,1,-0.7854,-3.995361e-11,7.6013883e-05,1,0,0,0.06037835,-2.290761e-05,0.4319271,145.19106,1074.0333,59.5,0,1.0821041,0,0,nan,nan,11632.204,-458.03164,-0.00066826174,-412.49439,-1.2458766e-07,0.0063439439,-1.9982031e-05,0,0,0,0,0,0
50.96,2067.4449,70.824573,-1068.8955,72.756497,1.9970026,128.43708,7.487213e-09,-1.0249789,4.7655154e-06,-1.30394e-08,0.012941088,-3.1094342e-08,-0.26179939,-3.9978176e-11,7.6016678e-05,1,-0.7854,-4.0037051e-11,7.6023262e-05,1,0,0,0.060376452,-2.2905975e-05,0.43196888,145.21372,1068.8955,59.5,0,1.0821041,0,0,nan,nan,11641.717,-458.40662,-0.00067738071,-412.79842,-1.2385053e-07,0.0057547706,-1.991524e-05,0,0,0,0,0,0
51,2070.3566,70.904453,-1063.7583,72.83363,1.9970025,128.42158,9.0025959e-09,-1.0244612,4.7630423e-06,-1.7060848e-08,0.01294174,-3.3455008e-08,-0.26179939,-4.0060751e-11,7.6026021e-05,1,-0.7854,-4.0117587e-11,7.6032521e-05,1,0,0,0.060374602,-2.2904352e-05,0.43200959,145.23603,1063.7583,59.5,0,1.0821041,0,0,nan,nan,11651.178,-458.77956,-0.00068652734,-413.10141,-1.2310912e-07,0.0051679998,-1.9847444e-05,0,0,0,0,0,0
51.04,2073.2714,70.984333,-1058.6217,72.910596,1.9970024,128.40573,1.0508711e-08,-1.0239436,4.7603915e-06,-2.1058088e-08,0.012942323,-3.5805474e-08,-0.26179939,-4.0140432e-11,7.6035245e-05,1,-0.7854,-4.0195255e-11,7.6041662e-05,1,0,0,0.0603728,-2.2902741e-05,0.43204925,145.25798,1058.6217,59.5,0,1.0821041,0,0,nan,nan,11660.588,-459.15047,-0.00069569937,-413.40339,-1.2236345e-07,0.0045842184,-1.9778679e-05,0,0,0,0,0,0
51.08,2076.1893,71.064213,-1053.4858,72.987394,1.9970023,128.38952,1.2005511e-08,-1.0234259,4.7575641e-06,-2.5030988e-08,0.012942836,-3.814564e-08,-0.26179939,-4.0217254e-11,7.604435e-05,1,-0.7854,-4.0270087e-11,7.6050683e-05,1,0,0,0.060371046,-2.2901143e-05,0.43208785,145.27958,1053.4858,59.5,0,1.0821041,0,0,nan,nan,11669.946,-459.51935,-0.00070489452,-413.70434,-1.2161387e-07,0.0040037118,-1.9708976e-05,0,0,0,0,0,0
51.12,2079.1103,71.144093,-1048.3506,73.064025,1.9970022,128.37296,1.3492949e-08,-1.0229081,4.7545611e-06,-2.8979418e-08,0.01294328,-4.0475408e-08,-0.26179939,-4.0291254e-11,7.6053334e-05,1,-0.7854,-4.0342125e-11,7.6059583e-05,1,0,0,0.06036934,-2.2899557e-05,0.4321254,145.30082,1048.3506,59.5,0,1.0821041,0,0,nan,nan,11679.253,-459.88619,-0.00071411059,-414.00426,-1.2086034e-07,0.0034263724,-1.9638358e-05,0,0,0,0,0,0
51.16,2082.0343,71.223974,-1043.216,73.140487,1.9970021,128.35604,1.4970982e-08,-1.0223904,4.7513838e-06,-3.2903255e-08,0.012943656,-4.2794681e-08,-0.26179939,-4.0362472e-11,7.6062198e-05,1,-0.7854,-4.0411409e-11,7.6068362e-05,1,0,0,0.060367682,-2.2897984e-05,0.4321619,145.32171,1043.216,59.5,0,1.0821041,0,0,nan,nan,11688.509,-460.25102,-0.00072334538,-414.30317,-1.2010322e-07,0.0028517954,-1.9566841e-05,0,0,0,0,0,0
51.2,2084.9613,71.303854,-1038.082,73.216782,1.997002,128.33877,1.6439567e-08,-1.0218726,4.7480331e-06,-3.6802382e-08,0.012943963,-4.5103367e-08,-0.26179939,-4.0430949e-11,7.607094e-05,1,-0.7854,-4.047798e-11,7.6077019e-05,1,0,0,0.060366071,-2.2896425e-05,0.43219736,145.34225,1038.082,59.5,0,1.0821041,0,0,nan,nan,11697.714,-460.61382,-0.00073259675,-414.60107,-1.1934252e-07,0.0022794934,-1.949443e-05,0,0,0,0,0,0
51.24,2087.8915,71.383734,-1032.9488,73.292908,1.9970019,128.32115,1.7898664e-08,-1.0213549,4.7445102e-06,-4.0676686e-08,0.012944202,-4.7401372e-08,-0.26179939,-4.0496724e-11,7.6079561e-05,1,-0.7854,-4.0541876e-11,7.6085554e-05,1,0,0,0.060364508,-2.2894878e-05,0.43223178,145.36244,1032.9488,59.5,0,1.0821041,0,0,nan,nan,11706.868,-460.9746,-0.00074186258,-414.89795,-1.1857839e-07,0.0017091155,-1.9421135e-05,0,0,0,0,0,0
51.28,2090.8246,71.463614,-1027.8163,73.368865,1.9970017,128.30318,1.9348234e-08,-1.0208371,4.7408161e-06,-4.4526058e-08,0.012944374,-4.9688603e-08,-0.26179939,-4.0559835e-11,7.6088059e-05,1,-0.7854,-4.0603134e-11,7.6093966e-05,1,0,0,0.060362992,-2.2893346e-05,0.43226517,145.38228,1027.8163,59.5,0,1.0821041,0,0,nan,nan,11715.971,-461.33337,-0.00075114079,-415.19381,-1.1781113e-07,0.0011405742,-1.9346964e-05,0,0,0,0,0,0
51.32,2093.7608,71.543494,-1022.6845,73.444653,1.9970016,128.28486,2.0788241e-08,-1.0203193,4.736952e-06,-4.8350396e-08,0.012944477,-5.1964971e-08,-0.26179939,-4.0620317e-11,7.6096433e-05,1,-0.7854,-4.0661789e-11,7.6102255e-05,1,0,0,0.060361523,-2.2891827e-05,0.43229753,145.40178,1022.6845,59.5,0,1.0821041,0,0,nan,nan,11725.023,-461.69013,-0.00076042935,-415.48867,-1.1704068e-07,0.00057403588,-1.9271935e-05,0,0,0,0,0,0
51.36,2096.7,71.623374,-1017.5535,73.520273,1.9970014,128.2662,2.2218649e-08,-1.0198016,4.732919e-06,-5.2149601e-08,0.012944514,-5.4230387e-08,-0.26179939,-4.0678203e-11,7.6104684e-05,1,-0.7854,-4.0717866e-11,7.6110419e-05,1,0,0,0.0603601,-2.2890322e-05,0.43232886,145.42092,1017.5535,59.5,0,1.0821041,0,0,nan,nan,11734.025,-462.04488,-0.00076972623,-415.78252,-1.1626732e-07,9.7997664e-06,-1.9196068e-05,0,0,0,0,0,0
51.4,2099.6423,71.703254,-1012.4232,73.595723,1.9970013,128.24719,2.3639425e-08,-1.0192838,4.7287181e-06,-5.5923577e-08,0.012944483,-5.6484767e-08,-0.26179939,-4.0733523e-11,7.6112811e-05,1,-0.7854,-4.0771402e-11,7.6118459e-05,1,0,0,0.060358724,-2.2888832e-05,0.43235917,145.43973,1012.4232,59.5,0,1.0821041,0,0,nan,nan,11742.975,-462.39762,-0.00077902946,-416.07536,-1.1549108e-07,-0.00055186401,-1.9119388e-05,0,0,0,0,0,0
51.44,2102.5875,71.783134,-1007.2937,73.671004,1.9970011,128.22784,2.5050535e-08,-1.018766,4.7243506e-06,-5.9672234e-08,0.012944386,-5.8728027e-08,-0.26179939,-4.0786314e-11,7.6120813e-05,1,-0.7854,-4.0822433e-11,7.6126373e-05,1,0,0,0.060357395,-2.2887355e-05,0.43238846,145.45819,1007.2937,59.5,0,1.0821041,0,0,nan,nan,11751.875,-462.74836,-0.00078833708,-416.3672,-1.1471212e-07,-0.0011108399,-1.9041916e-05,0,0,0,0,0,0
51.48,2105.5358,71.863014,-1002.1649,73.746115,1.9970009,128.20815,2.645195e-08,-1.0182482,4.7198175e-06,-6.3395487e-08,0.012944222,-6.0960088e-08,-0.26179939,-4.0836607e-11,7.612869e-05,1,-0.7854,-4.0870989e-11,7.6134162e-05,1,0,0,0.060356112,-2.2885894e-05,0.43241674,145.47631,1002.1649,59.5,0,1.0821041,0,0,nan,nan,11760.725,-463.09711,-0.00079764716,-416.65804,-1.1393063e-07,-0.0016672042,-1.8963672e-05,0,0,0,0,0,0
51.52,2108.4871,71.942894,-997.037,73.821056,1.9970008,128.18812,2.7843641e-08,-1.0177305,4.71512e-06,-6.7093253e-08,0.012943992,-6.3180872e-08,-0.26179939,-4.0884435e-11,7.6136441e-05,1,-0.7854,-4.0917103e-11,7.6141825e-05,1,0,0,0.060354874,-2.2884446e-05,0.43244401,145.49409,997.037,59.5,0,1.0821041,0,0,nan,nan,11769.524,-463.44386,-0.00080695783,-416.94787,-1.1314664e-07,-0.0022211712,-1.8884671e-05,0,0,0,0,0,0
51.56,2111.4413,72.022774,-991.90986,73.895827,1.9970006,128.16775,2.922558e-08,-1.0172127,4.7102591e-06,-7.0765455e-08,0.012943696,-6.5390302e-08,-0.26179939,-4.0929831e-11,7.6144066e-05,1,-0.7854,-4.0960808e-11,7.6149362e-05,1,0,0,0.060353683,-2.2883014e-05,0.43247027,145.51153,991.90986,59.5,0,1.0821041,0,0,nan,nan,11778.273,-463.78862,-0.00081626721,-417.23671,-1.1236036e-07,-0.0027729859,-1.8804922e-05,0,0,0,0,0,0
51.6,2114.3986,72.102654,-986.78354,73.970427,1.9970004,128.14704,3.0597742e-08,-1.016695,4.7052361e-06,-7.4412018e-08,0.012943335,-6.7588305e-08,-0.26179939,-4.097283e-11,7.6151565e-05,1,-0.7854,-4.1002139e-11,7.6156771e-05,1,0,0,0.060352537,-2.2881597e-05,0.43249553,145.52863,986.78354,59.5,0,1.0821041,0,0,nan,nan,11786.972,-464.1314,-0.0008255735,-417.52455,-1.1157188e-07,-0.0033228179,-1.8724436e-05,0,0,0,0,0,0
51.64,2117.3588,72.182534,-981.65806,74.044858,1.9970002,128.126,3.1960102e-08,-1.0161772,4.700052e-06,-7.8032875e-08,0.012942908,-6.9774805e-08,-0.26179939,-4.1013463e-11,7.6158936e-05,1,-0.7854,-4.1041126e-11,7.6164054e-05,1,0,0,0.060351437,-2.2880195e-05,0.43251979,145.5454,981.65806,59.5,0,1.0821041,0,0,nan,nan,11795.621,-464.47219,-0.00083487488,-417.8114,-1.1078134e-07,-0.0038707059,-1.8643225e-05,0,0,0,0,0,0
51.68,2120.322,72.262414,-976.53342,74.119117,1.997,128.10462,3.3312637e-08,-1.0156595,4.6947079e-06,-8.1627958e-08,0.012942416,-7.1949732e-08,-0.26179939,-4.1051762e-11,7.616618e-05,1,-0.7854,-4.1077801e-11,7.6171208e-05,1,0,0,0.060350382,-2.2878808e-05,0.43254306,145.56183,976.53342,59.5,0,1.0821041,0,0,nan,nan,11804.219,-464.811,-0.00084416959,-418.09725,-1.0998882e-07,-0.004416568,-1.8561304e-05,0,0,0,0,0,0
51.72,2123.2882,72.342294,-971.40965,74.193206,1.9969998,128.08292,3.4655326e-08,-1.0151418,4.6892051e-06,-8.5197208e-08,0.012941859,-7.4113015e-08,-0.26179939,-4.1087755e-11,7.6173296e-05,1,-0.7854,-4.111219e-11,7.6178235e-05,1,0,0,0.060349372,-2.2877437e-05,0.43256534,145.57793,971.40965,59.5,0,1.0821041,0,0,nan,nan,11812.768,-465.14784,-0.00085345589,-418.38212,-1.0919447e-07,-0.0049602645,-1.847869e-05,0,0,0,0,0,0
51.76,2126.2573,72.422174,-966.28675,74.267124,1.9969995,128.06088,3.5988149e-08,-1.0146242,4.6835446e-06,-8.8740566e-08,0.012941238,-7.6264587e-08,-0.26179939,-4.1121471e-11,7.6180284e-05,1,-0.7854,-4.1144322e-11,7.6185133e-05,1,0,0,0.060348407,-2.2876081e-05,0.43258663,145.59369,966.28675,59.5,0,1.0821041,0,0,nan,nan,11821.267,-465.4827,-0.00086273207,-418.666,-1.0839844e-07,-0.005501678,-1.8395403e-05,0,0,0,0,0,0
51.8,2129.2294,72.502054,-961.16474,74.34087,1.9969993,128.03851,3.7311087e-08,-1.0141065,4.6777276e-06,-9.2257977e-08,0.012940552,-7.8404382e-08,-0.26179939,-4.115294e-11,7.6187144e-05,1,-0.7854,-4.1174227e-11,7.6191903e-05,1,0,0,0.060347487,-2.2874742e-05,0.43260694,145.60912,961.16474,59.5,0,1.0821041,0,0,nan,nan,11829.716,-465.8156,-0.00087199645,-418.94889,-1.0760085e-07,-0.0060407705,-1.8311459e-05,0,0,0,0,0,0
51.84,2132.2045,72.581934,-956.04363,74.414446,1.9969991,128.01582,3.8624122e-08,-1.0135889,4.6717552e-06,-9.5749392e-08,0.012939802,-8.0532336e-08,-0.26179939,-4.1182189e-11,7.6193874e-05,1,-0.7854,-4.1201931e-11,7.6198543e-05,1,0,0,0.060346611,-2.2873418e-05,0.43262628,145.62423,956.04363,59.5,0,1.0821041,0,0,nan,nan,11838.115,-466.14653,-0.00088124738,-419.23079,-1.0680168e-07,-0.0065775969,-1.8226875e-05,0,0,0,0,0,0
51.88,2135.1824,72.661814,-950.92343,74.487849,1.9969988,127.9928,3.9927239e-08,-1.0130714,4.6656286e-06,-9.9214763e-08,0.012938988,-8.2648388e-08,-0.26179939,-4.1209248e-11,7.6200476e-05,1,-0.7854,-4.1227469e-11,7.6205054e-05,1,0,0,0.060345779,-2.287211e-05,0.43264464,145.639,950.92343,59.5,0,1.0821041,0,0,nan,nan,11846.465,-466.47549,-0.00089048322,-419.51172,-1.0600119e-07,-0.0071122745,-1.8141662e-05,0,0,0,0,0,0
51.92,2138.1633,72.741694,-945.80416,74.561081,1.9969986,127.96946,4.1220423e-08,-1.0125538,4.659349e-06,-1.0265405e-07,0.012938111,-8.4752478e-08,-0.26179939,-4.1234149e-11,7.6206948e-05,1,-0.7854,-4.1250866e-11,7.6211435e-05,1,0,0,0.060344992,-2.2870818e-05,0.43266203,145.65344,945.80416,59.5,0,1.0821041,0,0,nan,nan,11854.766,-466.8025,-0.00089970239,-419.79166,-1.0519938e-07,-0.0076449285,-1.8055833e-05,0,0,0,0,0,0
51.96,2141.1472,72.821574,-940.68584,74.634141,1.9969983,127.94579,4.250366e-08,-1.0120363,4.6529173e-06,-1.060672e-07,0.01293717,-8.6844547e-08,-0.26179939,-4.1256918e-11,7.621329e-05,1,-0.7854,-4.1272155e-11,7.6217686e-05,1,0,0,0.060344249,-2.2869543e-05,0.43267846,145.66756,940.68584,59.5,0,1.0821041,0,0,nan,nan,11863.017,-467.12756,-0.0009089033,-420.07063,-1.0439635e-07,-0.0081756428,-1.7969399e-05,0,0,0,0,0,0
52,2144.1339,72.901454,-935.56846,74.70703,1.9969981,127.9218,4.3776939e-08,-1.0115188,4.6463349e-06,-1.094542e-07,0.012936166,-8.8924537e-08,-0.26179939,-4.1277585e-11,7.6219502e-05,1,-0.7854,-4.1291357e-11,7.6223807e-05,1,0,0,0.06034355,-2.2868284e-05,0.43269392,145.68136,935.56846,59.5,0,1.0821041,0,0,nan,nan,11871.218,-467.45067,-0.00091808441,-420.34862,-1.0359236e-07,-0.0087044357,-1.7882373e-05,0,0,0,0,0,0
52.04,2147.1236,72.981334,-930.45205,74.779745,1.9969978,127.8975,4.5040249e-08,-1.0110014,4.6396029e-06,-1.1281499e-07,0.0129351,-9.0992393e-08,-0.26179939,-4.1296174e-11,7.6225584e-05,1,-0.7854,-4.1308503e-11,7.6229798e-05,1,0,0,0.060342894,-2.2867041e-05,0.43270843,145.69483,930.45205,59.5,0,1.0821041,0,0,nan,nan,11879.371,-467.77183,-0.00092724421,-420.62563,-1.0278736e-07,-0.0092312695,-1.7794767e-05,0,0,0,0,0,0
52.08,2150.1161,73.061214,-925.33661,74.852289,1.9969975,127.87287,4.6293579e-08,-1.010484,4.6327223e-06,-1.1614956e-07,0.01293397,-9.3048061e-08,-0.26179939,-4.1312714e-11,7.6231535e-05,1,-0.7854,-4.1323616e-11,7.6235658e-05,1,0,0,0.060342282,-2.2865816e-05,0.43272198,145.70797,925.33661,59.5,0,1.0821041,0,0,nan,nan,11887.474,-468.09105,-0.0009363812,-420.90167,-1.0198148e-07,-0.0097560833,-1.7706598e-05,0,0,0,0,0,0
52.12,2153.1116,73.141094,-920.22217,74.92466,1.9969972,127.84793,4.7536922e-08,-1.0099667,4.6256944e-06,-1.1945788e-07,0.012932779,-9.5091488e-08,-0.26179939,-4.1327229e-11,7.6237356e-05,1,-0.7854,-4.1336721e-11,7.6241387e-05,1,0,0,0.060341713,-2.2864607e-05,0.43273458,145.7208,920.22217,59.5,0,1.0821041,0,0,nan,nan,11895.529,-468.40833,-0.00094549392,-421.17674,-1.0117493e-07,-0.010278832,-1.7617878e-05,0,0,0,0,0,0
52.16,2156.11,73.220973,-915.10873,74.996859,1.996997,127.82267,4.877027e-08,-1.0094494,4.6185204e-06,-1.2273992e-07,0.012931525,-9.7122623e-08,-0.26179939,-4.1339744e-11,7.6243045e-05,1,-0.7854,-4.1347848e-11,7.6246984e-05,1,0,0,0.060341187,-2.2863415e-05,0.43274624,145.7333,915.10873,59.5,0,1.0821041,0,0,nan,nan,11903.534,-468.72367,-0.00095458093,-421.45084,-1.0036766e-07,-0.01079951,-1.7528625e-05,0,0,0,0,0,0
52.2,2159.1112,73.300853,-909.99631,75.068884,1.9969967,127.7971,4.9993617e-08,-1.0089322,4.6112013e-06,-1.2599567e-07,0.012930209,-9.9141419e-08,-0.26179939,-4.1350287e-11,7.6248604e-05,1,-0.7854,-4.1357015e-11,7.6252451e-05,1,0,0,0.060340704,-2.286224e-05,0.43275696,145.74549,909.99631,59.5,0,1.0821041,0,0,nan,nan,11911.491,-469.03709,-0.0009636408,-421.72398,-9.9559807e-08,-0.011318158,-1.743885e-05,0,0,0,0,0,0
52.24,2162.1153,73.380733,-904.88492,75.140737,1.9969964,127.77122,5.1206958e-08,-1.008415,4.6037383e-06,-1.292251e-07,0.012928832,-1.0114783e-07,-0.26179939,-4.1358881e-11,7.6254031e-05,1,-0.7854,-4.1364255e-11,7.6257786e-05,1,0,0,0.060340264,-2.2861082e-05,0.43276673,145.75736,904.88492,59.5,0,1.0821041,0,0,nan,nan,11919.399,-469.34858,-0.00097267215,-421.99615,-9.8751506e-08,-0.011834842,-1.7348565e-05,0,0,0,0,0,0
52.28,2165.1223,73.460613,-899.77457,75.212417,1.996996,127.74503,5.2410288e-08,-1.0078979,4.5961326e-06,-1.3242821e-07,0.012927393,-1.031418e-07,-0.26179939,-4.1365554e-11,7.6259326e-05,1,-0.7854,-4.1369591e-11,7.626299e-05,1,0,0,0.060339866,-2.2859941e-05,0.43277558,145.76891,899.77457,59.5,0,1.0821041,0,0,nan,nan,11927.259,-469.65814,-0.00098167362,-422.26736,-9.7942768e-08,-0.012349629,-1.7257783e-05,0,0,0,0,0,0
52.32,2168.1322,73.540493,-894.66527,75.283923,1.9969957,127.71853,5.3603606e-08,-1.0073808,4.5883853e-06,-1.3560497e-07,0.012925893,-1.051233e-07,-0.26179939,-4.137033e-11,7.626449e-05,1,-0.7854,-4.1373047e-11,7.6268061e-05,1,0,0,0.060339511,-2.2858817e-05,0.43278349,145.78015,894.66527,59.5,0,1.0821041,0,0,nan,nan,11935.07,-469.96579,-0.00099064385,-422.5376,-9.713373e-08,-0.012862563,-1.7166514e-05,0,0,0,0,0,0
52.36,2171.1449,73.620373,-889.55703,75.355256,1.9969954,127.69172,5.478691e-08,-1.0068638,4.5804976e-06,-1.3875539e-07,0.012924332,-1.0709228e-07,-0.26179939,-4.1373233e-11,7.6269523e-05,1,-0.7854,-4.1374648e-11,7.6273001e-05,1,0,0,0.060339198,-2.2857711e-05,0.43279048,145.79107,889.55703,59.5,0,1.0821041,0,0,nan,nan,11942.832,-470.27152,-0.00099958154,-422.80689,-9.6324525e-08,-0.013373653,-1.707477e-05,0,0,0,0,0,0
52.4,2174.1605,73.700253,-884.44988,75.426416,1.9969951,127.6646,5.5960198e-08,-1.0063468,4.5724707e-06,-1.4187946e-07,0.01292271,-1.090487e-07,-0.26179939,-4.1374287e-11,7.6274423e-05,1,-0.7854,-4.1374417e-11,7.6277809e-05,1,0,0,0.060338927,-2.2856623e-05,0.43279654,145.80168,884.44988,59.5,0,1.0821041,0,0,nan,nan,11950.547,-470.57533,-0.0010084854,-423.07522,-9.5515228e-08,-0.013882887,-1.6982562e-05,0,0,0,0,0,0
52.44,2177.1789,73.780132,-879.34382,75.497402,1.9969947,127.63718,5.7123472e-08,-1.00583,4.5643056e-06,-1.4497717e-07,0.012921027,-1.1099251e-07,-0.26179939,-4.1373517e-11,7.6279191e-05,1,-0.7854,-4.1372376e-11,7.6282485e-05,1,0,0,0.060338698,-2.2855552e-05,0.43280169,145.81198,879.34382,59.5,0,1.0821041,0,0,nan,nan,11958.213,-470.87725,-0.0010173541,-423.34259,-9.4705844e-08,-0.014390242,-1.6889907e-05,0,0,0,0,0,0
52.48,2180.2001,73.860012,-874.23885,75.568215,1.9969944,127.60946,5.8276732e-08,-1.0053132,4.5560036e-06,-1.4804853e-07,0.012919285,-1.1292369e-07,-0.26179939,-4.1370944e-11,7.6283827e-05,1,-0.7854,-4.1368547e-11,7.6287028e-05,1,0,0,0.06033851,-2.2854498e-05,0.43280592,145.82197,874.23885,59.5,0,1.0821041,0,0,nan,nan,11965.831,-471.17725,-0.0010261865,-423.60901,-9.3896508e-08,-0.014895704,-1.6796812e-05,0,0,0,0,0,0
52.52,2183.2242,73.939892,-869.13501,75.638853,1.996994,127.58144,5.9419981e-08,-1.0047964,4.5475658e-06,-1.5109354e-07,0.012917482,-1.1484218e-07,-0.26179939,-4.136659e-11,7.6288331e-05,1,-0.7854,-4.1362954e-11,7.6291439e-05,1,0,0,0.060338364,-2.2853462e-05,0.43280925,145.83165,869.13501,59.5,0,1.0821041,0,0,nan,nan,11973.401,-471.47536,-0.0010349813,-423.87448,-9.308729e-08,-0.015399283,-1.6703293e-05,0,0,0,0,0,0
52.56,2186.2511,74.019772,-864.03229,75.709318,1.9969937,127.55311,6.0553223e-08,-1.0042798,4.5389933e-06,-1.541122e-07,0.012915619,-1.1674797e-07,-0.26179939,-4.1360479e-11,7.6292702e-05,1,-0.7854,-4.1355624e-11,7.6295718e-05,1,0,0,0.060338259,-2.2852444e-05,0.43281166,145.84102,864.03229,59.5,0,1.0821041,0,0,nan,nan,11980.923,-471.77158,-0.0010437373,-424.13899,-9.2278324e-08,-0.015901007,-1.6609362e-05,0,0,0,0,0,0
52.6,2189.2808,74.099651,-858.93071,75.779608,1.9969933,127.52449,6.1676461e-08,-1.0037632,4.5302873e-06,-1.5710452e-07,0.012913697,-1.18641e-07,-0.26179939,-4.1352636e-11,7.6296941e-05,1,-0.7854,-4.1346574e-11,7.6299865e-05,1,0,0,0.060338196,-2.2851444e-05,0.43281317,145.85009,858.93071,59.5,0,1.0821041,0,0,nan,nan,11988.397,-472.0659,-0.0010524533,-424.40256,-9.1469678e-08,-0.016400917,-1.6515028e-05,0,0,0,0,0,0
52.64,2192.3133,74.179531,-853.83027,75.849725,1.9969929,127.49557,6.2789701e-08,-1.0032467,4.521449e-06,-1.6007051e-07,0.012911715,-1.2052126e-07,-0.26179939,-4.134308e-11,7.6301048e-05,1,-0.7854,-4.1335826e-11,7.6303879e-05,1,0,0,0.060338173,-2.2850462e-05,0.43281379,145.85885,853.83027,59.5,0,1.0821041,0,0,nan,nan,11995.823,-472.35833,-0.0010611282,-424.66519,-9.0661231e-08,-0.016899049,-1.6420301e-05,0,0,0,0,0,0
52.68,2195.3486,74.259411,-848.73101,75.919667,1.9969925,127.46635,6.3892949e-08,-1.0027302,4.5124795e-06,-1.6301019e-07,0.012909674,-1.223887e-07,-0.26179939,-4.1331833e-11,7.6305022e-05,1,-0.7854,-4.1323404e-11,7.630776e-05,1,0,0,0.060338191,-2.2849498e-05,0.4328135,145.8673,848.73101,59.5,0,1.0821041,0,0,nan,nan,12003.202,-472.64888,-0.0010697608,-424.92687,-8.9853367e-08,-0.017395428,-1.6325196e-05,0,0,0,0,0,0
52.72,2198.3867,74.339291,-843.63291,75.989434,1.9969921,127.43684,6.4986212e-08,-1.0022139,4.50338e-06,-1.6592357e-07,0.012907574,-1.2424331e-07,-0.26179939,-4.1318919e-11,7.6308864e-05,1,-0.7854,-4.1309328e-11,7.6311509e-05,1,0,0,0.06033825,-2.2848552e-05,0.43281233,145.87546,843.63291,59.5,0,1.0821041,0,0,nan,nan,12010.534,-472.93756,-0.0010783501,-425.1876,-8.9046028e-08,-0.017890064,-1.622972e-05,0,0,0,0,0,0
52.76,2201.4276,74.41917,-838.536,76.059028,1.9969917,127.40704,6.6069499e-08,-1.0016976,4.4941516e-06,-1.6881066e-07,0.012905415,-1.2608504e-07,-0.26179939,-4.1304357e-11,7.6312573e-05,1,-0.7854,-4.1293621e-11,7.6315126e-05,1,0,0,0.060338349,-2.2847624e-05,0.43281027,145.88331,838.536,59.5,0,1.0821041,0,0,nan,nan,12017.818,-473.22435,-0.0010868949,-425.4474,-8.8239217e-08,-0.018382955,-1.6133885e-05,0,0,0,0,0,0
52.8,2204.4713,74.49905,-833.44029,76.128446,1.9969913,127.37695,6.7142817e-08,-1.0011814,4.4847955e-06,-1.716715e-07,0.012903198,-1.2791387e-07,-0.26179939,-4.128817e-11,7.631615e-05,1,-0.7854,-4.1276304e-11,7.631861e-05,1,0,0,0.060338489,-2.2846714e-05,0.43280733,145.89086,833.44029,59.5,0,1.0821041,0,0,nan,nan,12025.055,-473.50928,-0.0010953941,-425.70625,-8.7433128e-08,-0.018874096,-1.6037702e-05,0,0,0,0,0,0
52.84,2207.5178,74.578929,-828.34579,76.19769,1.9969909,127.34657,6.8206178e-08,-1.0006654,4.4753127e-06,-1.745061e-07,0.012900922,-1.2972977e-07,-0.26179939,-4.1270376e-11,7.6319594e-05,1,-0.7854,-4.1257391e-11,7.6321961e-05,1,0,0,0.060338668,-2.2845823e-05,0.4328035,145.89811,828.34579,59.5,0,1.0821041,0,0,nan,nan,12032.245,-473.79234,-0.0011038468,-425.96417,-8.6627764e-08,-0.01936349,-1.5941184e-05,0,0,0,0,0,0
52.88,2210.567,74.658809,-823.25251,76.266759,1.9969905,127.3159,6.925959e-08,-1.0001494,4.4657046e-06,-1.7731448e-07,0.012898588,-1.3153273e-07,-0.26179939,-4.1250997e-11,7.6322906e-05,1,-0.7854,-4.1236909e-11,7.632518e-05,1,0,0,0.060338888,-2.284495e-05,0.4327988,145.90507,823.25251,59.5,0,1.0821041,0,0,nan,nan,12039.387,-474.07354,-0.0011122518,-426.22116,-8.5823189e-08,-0.019851147,-1.5844339e-05,0,0,0,0,0,0
52.92,2213.619,74.738689,-818.16046,76.335653,1.9969901,127.28494,7.0303067e-08,-0.99963347,4.4559721e-06,-1.8009668e-07,0.012896196,-1.3332271e-07,-0.26179939,-4.1230053e-11,7.6326086e-05,1,-0.7854,-4.1214877e-11,7.6328267e-05,1,0,0,0.060339147,-2.2844095e-05,0.43279323,145.91172,818.16046,59.5,0,1.0821041,0,0,nan,nan,12046.483,-474.35288,-0.0011206082,-426.47721,-8.501947e-08,-0.02033709,-1.5747179e-05,0,0,0,0,0,0
52.96,2216.6737,74.818568,-813.06966,76.404372,1.9969897,127.2537,7.1336619e-08,-0.99911767,4.4461165e-06,-1.8285273e-07,0.012893746,-1.350997e-07,-0.26179939,-4.1207564e-11,7.6329132e-05,1,-0.7854,-4.1191312e-11,7.6331221e-05,1,0,0,0.060339446,-2.2843258e-05,0.43278679,145.91809,813.06966,59.5,0,1.0821041,0,0,nan,nan,12053.531,-474.63036,-0.001128915,-426.73233,-8.4216671e-08,-0.020821345,-1.5649714e-05,0,0,0,0,0,0
53,2219.7312,74.898448,-807.98011,76.472917,1.9969892,127.22217,7.236026e-08,-0.99860197,4.4361389e-06,-1.8558264e-07,0.012891238,-1.3686366e-07,-0.26179939,-4.1183551e-11,7.6332047e-05,1,-0.7854,-4.116624e-11,7.6334043e-05,1,0,0,0.060339784,-2.284244e-05,0.43277948,145.92415,807.98011,59.5,0,1.0821041,0,0,nan,nan,12060.533,-474.906,-0.0011371712,-426.98652,-8.341492e-08,-0.021303933,-1.5551954e-05,0,0,0,0,0,0
53.04,2222.7914,74.978327,-802.89182,76.541286,1.9969888,127.19036,7.3374004e-08,-0.99808637,4.4260405e-06,-1.8828647e-07,0.012888673,-1.3861459e-07,-0.26179939,-4.1158033e-11,7.6334829e-05,1,-0.7854,-4.1139672e-11,7.6336733e-05,1,0,0,0.060340162,-2.2841641e-05,0.43277132,145.92993,802.89182,59.5,0,1.0821041,0,0,nan,nan,12067.489,-475.17979,-0.0011453758,-427.23978,-8.2614218e-08,-0.021784872,-1.5453908e-05,0,0,0,0,0,0
53.08,2225.8543,75.058207,-797.80482,76.609479,1.9969883,127.15827,7.4377865e-08,-0.99757087,4.4158223e-06,-1.9096424e-07,0.012886051,-1.4035246e-07,-0.26179939,-4.1131026e-11,7.6337479e-05,1,-0.7854,-4.1111631e-11,7.633929e-05,1,0,0,0.060340579,-2.284086e-05,0.43276229,145.93541,797.80482,59.5,0,1.0821041,0,0,nan,nan,12074.398,-475.45173,-0.0011535279,-427.49211,-8.1814627e-08,-0.022264171,-1.5355586e-05,0,0,0,0,0,0
53.12,2228.92,75.138087,-792.7191,76.677498,1.9969879,127.1259,7.5371859e-08,-0.99705548,4.4054855e-06,-1.9361599e-07,0.012883372,-1.4207726e-07,-0.26179939,-4.1102553e-11,7.6339997e-05,1,-0.7854,-4.1082138e-11,7.6341716e-05,1,0,0,0.060341034,-2.2840097e-05,0.43275242,145.9406,792.7191,59.5,0,1.0821041,0,0,nan,nan,12081.26,-475.72184,-0.0011616267,-427.74352,-8.1016338e-08,-0.022741833,-1.5257e-05,0,0,0,0,0,0
53.16,2231.9884,75.217966,-787.63468,76.745341,1.9969874,127.09325,7.6356001e-08,-0.9965402,4.3950314e-06,-1.9624177e-07,0.012880636,-1.4378896e-07,-0.26179939,-4.107263e-11,7.6342383e-05,1,-0.7854,-4.1051206e-11,7.6344009e-05,1,0,0,0.060341528,-2.2839353e-05,0.43274169,145.9455,787.63468,59.5,0,1.0821041,0,0,nan,nan,12088.076,-475.99012,-0.0011696712,-427.99401,-8.0219095e-08,-0.023217862,-1.5158157e-05,0,0,0,0,0,0
53.2,2235.0595,75.297846,-782.55158,76.813008,1.9969869,127.06033,7.7330309e-08,-0.99602502,4.3844609e-06,-1.9884161e-07,0.012877844,-1.4548756e-07,-0.26179939,-4.1041277e-11,7.6344637e-05,1,-0.7854,-4.1018858e-11,7.634617e-05,1,0,0,0.060342061,-2.2838628e-05,0.43273012,145.95011,782.55158,59.5,0,1.0821041,0,0,nan,nan,12094.846,-476.25657,-0.0011776605,-428.24358,-7.9423343e-08,-0.023692265,-1.5059069e-05,0,0,0,0,0,0
53.24,2238.1333,75.377725,-777.46979,76.8805,1.9969865,127.02713,7.82948e-08,-0.99550996,4.3737752e-06,-2.0141555e-07,0.012874995,-1.4717303e-07,-0.26179939,-4.1008512e-11,7.6346759e-05,1,-0.7854,-4.098511e-11,7.63482e-05,1,0,0,0.060342632,-2.2837922e-05,0.4327177,145.95444,777.46979,59.5,0,1.0821041,0,0,nan,nan,12101.569,-476.52119,-0.0011855938,-428.49222,-7.8628823e-08,-0.024165056,-1.4959744e-05,0,0,0,0,0,0
53.28,2241.2098,75.457604,-772.38934,76.947817,1.996986,126.99366,7.9249491e-08,-0.99499502,4.3629755e-06,-2.0396365e-07,0.01287209,-1.4884537e-07,-0.26179939,-4.0974353e-11,7.6348749e-05,1,-0.7854,-4.0949982e-11,7.6350098e-05,1,0,0,0.060343241,-2.2837234e-05,0.43270445,145.95848,772.38934,59.5,0,1.0821041,0,0,nan,nan,12108.247,-476.78399,-0.0011934702,-428.73995,-7.7835855e-08,-0.02463625,-1.4860194e-05,0,0,0,0,0,0
53.32,2244.289,75.537484,-767.31024,77.014958,1.9969855,126.95991,8.0194402e-08,-0.99448019,4.352063e-06,-2.0648595e-07,0.012869129,-1.5050456e-07,-0.26179939,-4.0938817e-11,7.6350607e-05,1,-0.7854,-4.0913488e-11,7.6351865e-05,1,0,0,0.060343889,-2.2836565e-05,0.43269036,145.96223,767.31024,59.5,0,1.0821041,0,0,nan,nan,12114.879,-477.04498,-0.0012012889,-428.98677,-7.7044305e-08,-0.025105864,-1.4760423e-05,0,0,0,0,0,0
53.36,2247.3709,75.617363,-762.23249,77.081923,1.996985,126.9259,8.1129553e-08,-0.99396548,4.3410386e-06,-2.0898249e-07,0.012866112,-1.521506e-07,-0.26179939,-4.0901922e-11,7.6352334e-05,1,-0.7854,-4.0875648e-11,7.63535e-05,1,0,0,0.060344574,-2.2835915e-05,0.43267544,145.96571,762.23249,59.5,0,1.0821041,0,0,nan,nan,12121.465,-477.30416,-0.0012090492,-429.23267,-7.62543e-08,-0.025573916,-1.4660445e-05,0,0,0,0,0,0
53.4,2250.4554,75.697243,-757.1561,77.148712,1.9969845,126.89161,8.2054963e-08,-0.9934509,4.3299036e-06,-2.1145334e-07,0.012863039,-1.5378346e-07,-0.26179939,-4.0863688e-11,7.635393e-05,1,-0.7854,-4.0836483e-11,7.6355004e-05,1,0,0,0.060345297,-2.2835283e-05,0.4326597,145.9689,757.1561,59.5,0,1.0821041,0,0,nan,nan,12128.005,-477.56152,-0.0012167502,-429.47766,-7.5465963e-08,-0.026040416,-1.4560268e-05,0,0,0,0,0,0
53.44,2253.5426,75.777122,-752.08109,77.215325,1.996984,126.85706,8.2970653e-08,-0.99293643,4.3186591e-06,-2.1389854e-07,0.012859911,-1.5540315e-07,-0.26179939,-4.082413e-11,7.6355395e-05,1,-0.7854,-4.0796002e-11,7.6356376e-05,1,0,0,0.060346057,-2.283467e-05,0.43264313,145.9718,752.08109,59.5,0,1.0821041,0,0,nan,nan,12134.5,-477.81709,-0.0012243912,-429.72173,-7.4679096e-08,-0.026505374,-1.44599e-05,0,0,0,0,0,0
53.48,2256.6325,75.857001,-747.00747,77.281763,1.9969835,126.82224,8.3876645e-08,-0.9924221,4.3073061e-06,-2.1631814e-07,0.012856728,-1.5700965e-07,-0.26179939,-4.0783265e-11,7.6356728e-05,1,-0.7854,-4.0754229e-11,7.6357618e-05,1,0,0,0.060346855,-2.2834077e-05,0.43262574,145.97443,747.00747,59.5,0,1.0821041,0,0,nan,nan,12140.949,-478.07085,-0.0012319714,-429.9649,-7.3894017e-08,-0.026968796,-1.4359349e-05,0,0,0,0,0,0
53.52,2259.725,75.936881,-741.93525,77.348025,1.996983,126.78716,8.477296e-08,-0.99190789,4.2958459e-06,-2.1871221e-07,0.012853489,-1.5860295e-07,-0.26179939,-4.074111e-11,7.6357931e-05,1,-0.7854,-4.0711176e-11,7.6358729e-05,1,0,0,0.06034769,-2.2833501e-05,0.43260753,145.97678,741.93525,59.5,0,1.0821041,0,0,nan,nan,12147.353,-478.32282,-0.0012394901,-430.20717,-7.311072e-08,-0.02743069,-1.4258626e-05,0,0,0,0,0,0
53.56,2262.8202,76.01676,-736.86443,77.41411,1.9969824,126.75181,8.5659622e-08,-0.99139381,4.2842796e-06,-2.210808e-07,0.012850196,-1.6018306e-07,-0.26179939,-4.0697681e-11,7.6359003e-05,1,-0.7854,-4.0666861e-11,7.635971e-05,1,0,0,0.060348562,-2.2832945e-05,0.43258851,145.97885,736.86443,59.5,0,1.0821041,0,0,nan,nan,12153.712,-478.57301,-0.0012469466,-430.44853,-7.2329199e-08,-0.027891064,-1.4157739e-05,0,0,0,0,0,0
53.6,2265.918,76.096639,-731.79503,77.48002,1.9969819,126.7162,8.6536653e-08,-0.99087987,4.2726082e-06,-2.2342396e-07,0.012846847,-1.6174997e-07,-0.26179939,-4.0652994e-11,7.6359944e-05,1,-0.7854,-4.0621299e-11,7.636056e-05,1,0,0,0.060349471,-2.2832408e-05,0.43256869,145.98064,731.79503,59.5,0,1.0821041,0,0,nan,nan,12160.025,-478.8214,-0.0012543401,-430.68898,-7.1549448e-08,-0.028349929,-1.4056696e-05,0,0,0,0,0,0
53.64,2269.0185,76.176519,-726.72707,77.545753,1.9969814,126.68033,8.7404078e-08,-0.99036606,4.2608328e-06,-2.2574177e-07,0.012843445,-1.6330366e-07,-0.26179939,-4.0607067e-11,7.6360756e-05,1,-0.7854,-4.0574509e-11,7.636128e-05,1,0,0,0.060350417,-2.2831889e-05,0.43254805,145.98216,726.72707,59.5,0,1.0821041,0,0,nan,nan,12166.294,-479.06801,-0.00126167,-430.92853,-7.0771719e-08,-0.028807299,-1.3955507e-05,0,0,0,0,0,0
53.68,2272.1216,76.256398,-721.66054,77.61131,1.9969808,126.6442,8.826192e-08,-0.98985239,4.2489547e-06,-2.2803428e-07,0.012839987,-1.6484415e-07,-0.26179939,-4.0559914e-11,7.6361437e-05,1,-0.7854,-4.0526504e-11,7.636187e-05,1,0,0,0.060351399,-2.283139e-05,0.43252662,145.98341,721.66054,59.5,0,1.0821041,0,0,nan,nan,12172.518,-479.31285,-0.0012689356,-431.16719,-6.9995811e-08,-0.029263187,-1.3854177e-05,0,0,0,0,0,0
53.72,2275.2272,76.336277,-716.59546,77.676691,1.9969803,126.60781,8.9110205e-08,-0.98933885,4.2369748e-06,-2.3030156e-07,0.012836476,-1.6637142e-07,-0.26179939,-4.0511554e-11,7.6361988e-05,1,-0.7854,-4.0477302e-11,7.6362331e-05,1,0,0,0.060352418,-2.2830909e-05,0.43250439,145.98438,716.59546,59.5,0,1.0821041,0,0,nan,nan,12178.696,-479.55592,-0.0012761363,-431.40494,-6.9221975e-08,-0.029717604,-1.3752718e-05,0,0,0,0,0,0
53.76,2278.3356,76.416156,-711.53185,77.741896,1.9969797,126.57116,8.9948958e-08,-0.98882546,4.2248944e-06,-2.3254367e-07,0.012832911,-1.6788548e-07,-0.26179939,-4.0462e-11,7.6362409e-05,1,-0.7854,-4.0426919e-11,7.6362661e-05,1,0,0,0.060353473,-2.2830447e-05,0.43248136,145.98508,711.53185,59.5,0,1.0821041,0,0,nan,nan,12184.831,-479.79721,-0.0012832715,-431.6418,-6.8450009e-08,-0.030170561,-1.3651135e-05,0,0,0,0,0,0
53.8,2281.4465,76.496035,-706.4697,77.806925,1.9969791,126.53426,9.0778205e-08,-0.98831221,4.2127144e-06,-2.3476067e-07,0.012829291,-1.6938633e-07,-0.26179939,-4.041127e-11,7.6362701e-05,1,-0.7854,-4.0375371e-11,7.6362863e-05,1,0,0,0.060354563,-2.2830004e-05,0.43245754,145.98551,706.4697,59.5,0,1.0821041,0,0,nan,nan,12190.92,-480.03674,-0.0012903404,-431.87776,-6.7680229e-08,-0.030622066,-1.3549439e-05,0,0,0,0,0,0
53.84,2284.56,76.575915,-701.40903,77.871777,1.9969786,126.49711,9.1597973e-08,-0.98779911,4.200436e-06,-2.3695264e-07,0.012825618,-1.7087396e-07,-0.26179939,-4.0359377e-11,7.6362864e-05,1,-0.7854,-4.0322669e-11,7.6362935e-05,1,0,0,0.06035569,-2.282958e-05,0.43243294,145.98567,701.40903,59.5,0,1.0821041,0,0,nan,nan,12196.965,-480.27452,-0.0012973426,-432.11284,-6.6912626e-08,-0.031072127,-1.3447636e-05,0,0,0,0,0,0
53.88,2287.6761,76.655794,-696.34986,77.936453,1.996978,126.4597,9.2408288e-08,-0.98728616,4.1880603e-06,-2.3911965e-07,0.012821892,-1.7234838e-07,-0.26179939,-4.0306337e-11,7.6362898e-05,1,-0.7854,-4.026883e-11,7.6362879e-05,1,0,0,0.060356853,-2.2829175e-05,0.43240755,145.98556,696.34986,59.5,0,1.0821041,0,0,nan,nan,12202.966,-480.51054,-0.0013042774,-432.34702,-6.6147126e-08,-0.031520751,-1.3345735e-05,0,0,0,0,0,0
53.92,2290.7948,76.735673,-691.29219,78.000952,1.9969774,126.42205,9.3209178e-08,-0.98677335,4.1755884e-06,-2.4126176e-07,0.012818112,-1.738096e-07,-0.26179939,-4.0252164e-11,7.6362803e-05,1,-0.7854,-4.0213869e-11,7.6362694e-05,1,0,0,0.060358051,-2.2828789e-05,0.43238138,145.98518,691.29219,59.5,0,1.0821041,0,0,nan,nan,12208.922,-480.7448,-0.0013111442,-432.58031,-6.5383785e-08,-0.031967947,-1.3243744e-05,0,0,0,0,0,0
53.96,2293.916,76.815552,-686.23602,78.065275,1.9969768,126.38414,9.4000672e-08,-0.9862607,4.1630214e-06,-2.4337906e-07,0.012814279,-1.7525761e-07,-0.26179939,-4.0196873e-11,7.636258e-05,1,-0.7854,-4.01578e-11,7.6362381e-05,1,0,0,0.060359284,-2.2828422e-05,0.43235443,145.98454,686.23602,59.5,0,1.0821041,0,0,nan,nan,12214.835,-480.97733,-0.0013179425,-432.81271,-6.4622658e-08,-0.032413726,-1.314167e-05,0,0,0,0,0,0
54,2297.0399,76.895431,-681.18138,78.129422,1.9969762,126.34598,9.4782797e-08,-0.98574821,4.1503603e-06,-2.454716e-07,0.012810393,-1.7669241e-07,-0.26179939,-4.0140478e-11,7.6362228e-05,1,-0.7854,-4.010064e-11,7.636194e-05,1,0,0,0.060360553,-2.2828074e-05,0.43232672,145.98363,681.18138,59.5,0,1.0821041,0,0,nan,nan,12220.703,-481.20811,-0.0013246718,-433.04423,-6.3863865e-08,-0.032858098,-1.303952e-05,0,0,0,0,0,0
54.04,2300.1662,76.97531,-676.12827,78.193393,1.9969756,126.30758,9.5555582e-08,-0.98523586,4.1376063e-06,-2.4753947e-07,0.012806454,-1.7811403e-07,-0.26179939,-4.0082998e-11,7.6361749e-05,1,-0.7854,-4.0042403e-11,7.6361371e-05,1,0,0,0.060361856,-2.2827744e-05,0.43229823,145.98246,676.12827,59.5,0,1.0821041,0,0,nan,nan,12226.528,-481.43715,-0.0013313315,-433.27486,-6.3107331e-08,-0.033301074,-1.2937302e-05,0,0,0,0,0,0
54.08,2303.2952,77.055189,-671.0767,78.257187,1.996975,126.26893,9.6319058e-08,-0.98472368,4.1247605e-06,-2.4958275e-07,0.012802462,-1.7952245e-07,-0.26179939,-4.0024444e-11,7.6361142e-05,1,-0.7854,-3.9983102e-11,7.6360674e-05,1,0,0,0.060363195,-2.2827433e-05,0.43226898,145.98102,671.0767,59.5,0,1.0821041,0,0,nan,nan,12232.308,-481.66446,-0.0013379211,-433.50461,-6.235324e-08,-0.033742662,-1.2835025e-05,0,0,0,0,0,0
54.12,2306.4267,77.135068,-666.02668,78.320804,1.9969744,126.23004,9.7073253e-08,-0.98421166,4.1118238e-06,-2.516015e-07,0.012798418,-1.8091769e-07,-0.26179939,-3.996483e-11,7.6360407e-05,1,-0.7854,-3.9922751e-11,7.635985e-05,1,0,0,0.060364568,-2.2827142e-05,0.43223896,145.97933,666.02668,59.5,0,1.0821041,0,0,nan,nan,12238.045,-481.89005,-0.0013444401,-433.73348,-6.1601451e-08,-0.034182872,-1.2732694e-05,0,0,0,0,0,0
54.16,2309.5607,77.214947,-660.97822,78.384245,1.9969738,126.19091,9.7818199e-08,-0.9836998,4.0987974e-06,-2.5359581e-07,0.012794321,-1.8229975e-07,-0.26179939,-3.9904171e-11,7.6359545e-05,1,-0.7854,-3.9861365e-11,7.63589e-05,1,0,0,0.060365976,-2.2826869e-05,0.43220819,145.97737,660.97822,59.5,0,1.0821041,0,0,nan,nan,12243.739,-482.11391,-0.001350888,-433.96147,-6.0852083e-08,-0.034621711,-1.2630318e-05,0,0,0,0,0,0
54.2,2312.6973,77.294826,-655.93133,78.447509,1.9969732,126.15153,9.8553925e-08,-0.98318811,4.0856824e-06,-2.5556576e-07,0.012790173,-1.8366865e-07,-0.26179939,-3.9842479e-11,7.6358556e-05,1,-0.7854,-3.9798953e-11,7.6357822e-05,1,0,0,0.060367419,-2.2826615e-05,0.43217666,145.97515,655.93133,59.5,0,1.0821041,0,0,nan,nan,12249.389,-482.33605,-0.0013572643,-434.18858,-6.0105254e-08,-0.035059188,-1.2527904e-05,0,0,0,0,0,0
54.24,2315.8364,77.374705,-650.88603,78.510597,1.9969725,126.11191,9.9280463e-08,-0.98267658,4.0724799e-06,-2.5751143e-07,0.012785972,-1.8502439e-07,-0.26179939,-3.9779769e-11,7.6357441e-05,1,-0.7854,-3.9735537e-11,7.6356619e-05,1,0,0,0.060368895,-2.282638e-05,0.43214438,145.97268,650.88603,59.5,0,1.0821041,0,0,nan,nan,12254.995,-482.55647,-0.0013635686,-434.41481,-5.9360822e-08,-0.035495309,-1.2425457e-05,0,0,0,0,0,0
54.28,2318.978,77.454584,-645.84231,78.573509,1.9969719,126.07206,9.9997844e-08,-0.98216522,4.0591908e-06,-2.594329e-07,0.012781719,-1.8636699e-07,-0.26179939,-3.9716055e-11,7.63562e-05,1,-0.7854,-3.9671124e-11,7.6355289e-05,1,0,0,0.060370406,-2.2826163e-05,0.43211135,145.96995,645.84231,59.5,0,1.0821041,0,0,nan,nan,12260.559,-482.77519,-0.0013698005,-434.64018,-5.8619036e-08,-0.035930083,-1.2322987e-05,0,0,0,0,0,0
54.32,2322.1222,77.534463,-640.80018,78.636244,1.9969713,126.03197,1.007061e-07,-0.98165403,4.0458163e-06,-2.6133025e-07,0.012777415,-1.8769645e-07,-0.26179939,-3.965135e-11,7.6354833e-05,1,-0.7854,-3.9605729e-11,7.6353834e-05,1,0,0,0.060371951,-2.2825966e-05,0.43207758,145.96696,640.80018,59.5,0,1.0821041,0,0,nan,nan,12266.079,-482.9922,-0.0013759595,-434.86466,-5.7879688e-08,-0.036363519,-1.22205e-05,0,0,0,0,0,0
54.36,2325.2688,77.614341,-635.75967,78.698802,1.9969706,125.99164,1.0140527e-07,-0.98114302,4.0323574e-06,-2.6320356e-07,0.012773059,-1.8901279e-07,-0.26179939,-3.9585667e-11,7.635334e-05,1,-0.7854,-3.9539368e-11,7.6352253e-05,1,0,0,0.060373529,-2.2825787e-05,0.43204306,145.96372,635.75967,59.5,0,1.0821041,0,0,nan,nan,12271.557,-483.20751,-0.0013820452,-435.08828,-5.7143025e-08,-0.036795625,-1.2118002e-05,0,0,0,0,0,0
54.4,2328.4179,77.69422,-630.72078,78.761184,1.99697,125.95108,1.0209537e-07,-0.98063218,4.0188152e-06,-2.6505293e-07,0.012768652,-1.9031601e-07,-0.26179939,-3.9519021e-11,7.6351722e-05,1,-0.7854,-3.947205e-11,7.6350547e-05,1,0,0,0.060375141,-2.2825627e-05,0.43200781,145.96022,630.72078,59.5,0,1.0821041,0,0,nan,nan,12276.991,-483.42113,-0.0013880572,-435.31103,-5.6408903e-08,-0.03722641,-1.20155e-05,0,0,0,0,0,0
54.44,2331.5696,77.774099,-625.68351,78.82339,1.9969693,125.91028,1.0277645e-07,-0.98012152,4.0051907e-06,-2.6687844e-07,0.012764193,-1.9160614e-07,-0.26179939,-3.9451422e-11,7.6349978e-05,1,-0.7854,-3.9403789e-11,7.6348717e-05,1,0,0,0.060376787,-2.2825485e-05,0.43197182,145.95647,625.68351,59.5,0,1.0821041,0,0,nan,nan,12282.383,-483.63305,-0.001393995,-435.53291,-5.5677441e-08,-0.037655883,-1.1913002e-05,0,0,0,0,0,0
54.48,2334.7237,77.853978,-620.64787,78.885419,1.9969687,125.86925,1.0344853e-07,-0.97961104,3.991485e-06,-2.6868016e-07,0.012759683,-1.9288318e-07,-0.26179939,-3.9382885e-11,7.6348111e-05,1,-0.7854,-3.93346e-11,7.6346762e-05,1,0,0,0.060378466,-2.2825363e-05,0.4319351,145.95247,620.64787,59.5,0,1.0821041,0,0,nan,nan,12287.732,-483.84329,-0.0013998584,-435.75393,-5.4948689e-08,-0.03808405,-1.1810513e-05,0,0,0,0,0,0
54.52,2337.8803,77.933857,-615.61389,78.947271,1.996968,125.82799,1.0411166e-07,-0.97910074,3.9776991e-06,-2.704582e-07,0.012755123,-1.9414716e-07,-0.26179939,-3.9313422e-11,7.6346118e-05,1,-0.7854,-3.9264492e-11,7.6344683e-05,1,0,0,0.060380178,-2.2825259e-05,0.43189766,145.94822,615.61389,59.5,0,1.0821041,0,0,nan,nan,12293.038,-484.05184,-0.0014056469,-435.97408,-5.4222633e-08,-0.038510919,-1.170804e-05,0,0,0,0,0,0
54.56,2341.0393,78.013735,-610.58155,79.008947,1.9969673,125.78651,1.0476586e-07,-0.97859062,3.963834e-06,-2.7221264e-07,0.012750512,-1.9539808e-07,-0.26179939,-3.9243046e-11,7.6344002e-05,1,-0.7854,-3.9193482e-11,7.634248e-05,1,0,0,0.060381923,-2.2825173e-05,0.43185949,145.94372,610.58155,59.5,0,1.0821041,0,0,nan,nan,12298.303,-484.25872,-0.0014113602,-436.19337,-5.349939e-08,-0.038936497,-1.1605591e-05,0,0,0,0,0,0
54.6,2344.2009,78.093614,-605.55089,79.070446,1.9969666,125.74479,1.0541117e-07,-0.97808069,3.9498909e-06,-2.7394357e-07,0.01274585,-1.9663596e-07,-0.26179939,-3.9171768e-11,7.6341763e-05,1,-0.7854,-3.9121577e-11,7.6340154e-05,1,0,0,0.060383701,-2.2825107e-05,0.4318206,145.93897,605.55089,59.5,0,1.0821041,0,0,nan,nan,12303.524,-484.46392,-0.001416998,-436.4118,-5.277888e-08,-0.039360791,-1.150317e-05,0,0,0,0,0,0
54.64,2347.3648,78.173493,-600.52189,79.131769,1.996966,125.70285,1.0604762e-07,-0.97757094,3.9358707e-06,-2.7565109e-07,0.012741137,-1.9786082e-07,-0.26179939,-3.9099603e-11,7.63394e-05,1,-0.7854,-3.9048795e-11,7.6337705e-05,1,0,0,0.060385511,-2.2825059e-05,0.431781,145.93398,600.52189,59.5,0,1.0821041,0,0,nan,nan,12308.704,-484.66745,-0.0014225599,-436.62937,-5.2061089e-08,-0.039783808,-1.1400785e-05,0,0,0,0,0,0
54.68,2350.5313,78.253371,-595.49458,79.192916,1.9969653,125.66068,1.0667526e-07,-0.97706139,3.9217745e-06,-2.7733527e-07,0.012736375,-1.9907268e-07,-0.26179939,-3.9026561e-11,7.6336914e-05,1,-0.7854,-3.8975144e-11,7.6335133e-05,1,0,0,0.060387354,-2.2825029e-05,0.43174068,145.92874,595.49458,59.5,0,1.0821041,0,0,nan,nan,12313.842,-484.86932,-0.0014280456,-436.84608,-5.134613e-08,-0.040205557,-1.1298442e-05,0,0,0,0,0,0
54.72,2353.7001,78.33325,-590.46895,79.253886,1.9969646,125.61829,1.072941e-07,-0.97655202,3.9076033e-06,-2.7899622e-07,0.012731562,-2.0027156e-07,-0.26179939,-3.8952656e-11,7.6334306e-05,1,-0.7854,-3.8900637e-11,7.6332439e-05,1,0,0,0.06038923,-2.2825018e-05,0.43169965,145.92325,590.46895,59.5,0,1.0821041,0,0,nan,nan,12318.937,-485.06953,-0.0014334548,-437.06193,-5.0634056e-08,-0.040626044,-1.1196147e-05,0,0,0,0,0,0
54.76,2356.8715,78.413128,-585.44503,79.314679,1.9969639,125.57568,1.079042e-07,-0.97604285,3.8933581e-06,-2.8063402e-07,0.012726699,-2.0145747e-07,-0.26179939,-3.88779e-11,7.6331575e-05,1,-0.7854,-3.8825289e-11,7.6329623e-05,1,0,0,0.060391138,-2.2825026e-05,0.43165791,145.91752,585.44503,59.5,0,1.0821041,0,0,nan,nan,12323.991,-485.26809,-0.0014387872,-437.27693,-4.992485e-08,-0.041045276,-1.1093905e-05,0,0,0,0,0,0
54.8,2360.0452,78.493007,-580.42282,79.375297,1.9969632,125.53284,1.0850559e-07,-0.97553388,3.8790399e-06,-2.8224878e-07,0.012721786,-2.0263044e-07,-0.26179939,-3.8802304e-11,7.6328723e-05,1,-0.7854,-3.874911e-11,7.6326686e-05,1,0,0,0.060393078,-2.2825052e-05,0.43161547,145.91155,580.42282,59.5,0,1.0821041,0,0,nan,nan,12329.003,-485.46499,-0.0014440425,-437.49108,-4.9218562e-08,-0.041463261,-1.0991725e-05,0,0,0,0,0,0
54.84,2363.2214,78.572885,-575.40232,79.435737,1.9969625,125.48979,1.0909829e-07,-0.9750251,3.8646498e-06,-2.8384058e-07,0.012716823,-2.0379048e-07,-0.26179939,-3.8725879e-11,7.6325749e-05,1,-0.7854,-3.8672108e-11,7.6323627e-05,1,0,0,0.060395049,-2.2825097e-05,0.43157233,145.90533,575.40232,59.5,0,1.0821041,0,0,nan,nan,12333.974,-485.66025,-0.0014492205,-437.70438,-4.8515175e-08,-0.041880005,-1.0889609e-05,0,0,0,0,0,0
54.88,2366.3999,78.652764,-570.38355,79.496002,1.9969618,125.44651,1.0968236e-07,-0.97451652,3.8501888e-06,-2.8540952e-07,0.012711811,-2.0493761e-07,-0.26179939,-3.8648637e-11,7.6322654e-05,1,-0.7854,-3.8594298e-11,7.6320448e-05,1,0,0,0.060397053,-2.282516e-05,0.4315285,145.89888,570.38355,59.5,0,1.0821041,0,0,nan,nan,12338.903,-485.85387,-0.0014543209,-437.91683,-4.781474e-08,-0.042295515,-1.0787565e-05,0,0,0,0,0,0
54.92,2369.5809,78.732642,-565.36652,79.55609,1.996961,125.40302,1.1025782e-07,-0.97400815,3.8356578e-06,-2.869557e-07,0.01270675,-2.0607186e-07,-0.26179939,-3.8570589e-11,7.6319439e-05,1,-0.7854,-3.851569e-11,7.6317148e-05,1,0,0,0.060399088,-2.2825241e-05,0.43148397,145.89218,565.36652,59.5,0,1.0821041,0,0,nan,nan,12343.791,-486.04585,-0.0014593434,-438.12843,-4.7117239e-08,-0.042709796,-1.06856e-05,0,0,0,0,0,0
54.96,2372.7643,78.812521,-560.35123,79.616002,1.9969603,125.35932,1.1082471e-07,-0.97349997,3.8210579e-06,-2.8847921e-07,0.012701639,-2.0719326e-07,-0.26179939,-3.8491748e-11,7.6316103e-05,1,-0.7854,-3.8436298e-11,7.6313728e-05,1,0,0,0.060401155,-2.2825341e-05,0.43143875,145.88525,560.35123,59.5,0,1.0821041,0,0,nan,nan,12348.637,-486.2362,-0.0014642879,-438.33918,-4.6422721e-08,-0.043122856,-1.0583718e-05,0,0,0,0,0,0
55,2375.9501,78.892399,-555.33769,79.675737,1.9969596,125.3154,1.1138308e-07,-0.97299201,3.8063901e-06,-2.8998016e-07,0.012696479,-2.0830181e-07,-0.26179939,-3.8412125e-11,7.6312647e-05,1,-0.7854,-3.8356131e-11,7.6310189e-05,1,0,0,0.060403252,-2.2825459e-05,0.43139284,145.87808,555.33769,59.5,0,1.0821041,0,0,nan,nan,12353.442,-486.42492,-0.001469154,-438.54909,-4.5731235e-08,-0.043534701,-1.0481926e-05,0,0,0,0,0,0
55.04,2379.1382,78.972278,-550.32591,79.735297,1.9969589,125.27126,1.1193295e-07,-0.97248425,3.7916553e-06,-2.9145863e-07,0.01269127,-2.0939755e-07,-0.26179939,-3.8331731e-11,7.6309072e-05,1,-0.7854,-3.8275201e-11,7.630653e-05,1,0,0,0.060405382,-2.2825595e-05,0.43134625,145.87067,550.32591,59.5,0,1.0821041,0,0,nan,nan,12358.207,-486.61202,-0.0014739416,-438.75816,-4.5042763e-08,-0.043945337,-1.0380227e-05,0,0,0,0,0,0
55.08,2382.3288,79.052156,-545.3159,79.79468,1.9969581,125.22691,1.1247437e-07,-0.97197669,3.7768546e-06,-2.9291474e-07,0.012686013,-2.1048051e-07,-0.26179939,-3.8250576e-11,7.6305378e-05,1,-0.7854,-3.8193518e-11,7.6302753e-05,1,0,0,0.060407542,-2.2825749e-05,0.43129898,145.86303,545.3159,59.5,0,1.0821041,0,0,nan,nan,12362.93,-486.79751,-0.0014786505,-438.96638,-4.4357354e-08,-0.044354771,-1.027863e-05,0,0,0,0,0,0
55.12,2385.5217,79.132034,-540.30767,79.853887,1.9969574,125.18236,1.1300738e-07,-0.97146936,3.761989e-06,-2.9434857e-07,0.012680706,-2.1155069e-07,-0.26179939,-3.8168674e-11,7.6301565e-05,1,-0.7854,-3.8111096e-11,7.6298857e-05,1,0,0,0.060409732,-2.2825922e-05,0.43125104,145.85516,540.30767,59.5,0,1.0821041,0,0,nan,nan,12367.613,-486.98138,-0.0014832805,-439.17377,-4.3674989e-08,-0.044763008,-1.0177138e-05,0,0,0,0,0,0
55.16,2388.717,79.211912,-535.30123,79.912917,1.9969567,125.13759,1.13532e-07,-0.97096223,3.7470594e-06,-2.9576023e-07,0.012675351,-2.1260814e-07,-0.26179939,-3.8086034e-11,7.6297634e-05,1,-0.7854,-3.8027942e-11,7.6294843e-05,1,0,0,0.060411954,-2.2826112e-05,0.43120242,145.84705,535.30123,59.5,0,1.0821041,0,0,nan,nan,12372.255,-487.16364,-0.0014878313,-439.38032,-4.2995717e-08,-0.045170055,-1.0075757e-05,0,0,0,0,0,0
55.2,2391.9146,79.291791,-530.29658,79.971772,1.9969559,125.09261,1.1404829e-07,-0.97045532,3.7320668e-06,-2.9714982e-07,0.012669948,-2.1365287e-07,-0.26179939,-3.8002666e-11,7.6293585e-05,1,-0.7854,-3.7944068e-11,7.6290712e-05,1,0,0,0.060414206,-2.2826321e-05,0.43115313,145.83871,530.29658,59.5,0,1.0821041,0,0,nan,nan,12376.856,-487.3443,-0.0014923029,-439.58603,-4.231952e-08,-0.045575918,-9.9744929e-06,0,0,0,0,0,0
55.24,2395.1146,79.371669,-525.29373,80.030451,1.9969552,125.04743,1.1455627e-07,-0.96994862,3.7170122e-06,-2.9851744e-07,0.012664496,-2.1468492e-07,-0.26179939,-3.7918581e-11,7.6289419e-05,1,-0.7854,-3.7859486e-11,7.6286463e-05,1,0,0,0.060416489,-2.2826548e-05,0.43110318,145.83014,525.29373,59.5,0,1.0821041,0,0,nan,nan,12381.417,-487.52336,-0.001496695,-439.79091,-4.1646575e-08,-0.045980602,-9.8733512e-06,0,0,0,0,0,0
55.28,2398.3169,79.451547,-520.29269,80.088954,1.9969544,125.00204,1.15056e-07,-0.96944215,3.7018966e-06,-2.9986319e-07,0.012658996,-2.157043e-07,-0.26179939,-3.7833789e-11,7.6285135e-05,1,-0.7854,-3.7774201e-11,7.6282098e-05,1,0,0,0.060418802,-2.2826793e-05,0.43105256,145.82133,520.29269,59.5,0,1.0821041,0,0,nan,nan,12385.938,-487.70082,-0.0015010076,-439.99495,-4.0976669e-08,-0.046384113,-9.7723356e-06,0,0,0,0,0,0
55.32,2401.5216,79.531425,-515.29348,80.14728,1.9969536,124.95645,1.155475e-07,-0.96893589,3.6867209e-06,-3.0118718e-07,0.012653449,-2.1671105e-07,-0.26179939,-3.7748301e-11,7.6280735e-05,1,-0.7854,-3.7688232e-11,7.6277617e-05,1,0,0,0.060421145,-2.2827056e-05,0.43100128,145.8123,515.29348,59.5,0,1.0821041,0,0,nan,nan,12390.419,-487.8767,-0.0015052404,-440.19817,-4.0309912e-08,-0.046786456,-9.6714535e-06,0,0,0,0,0,0
55.36,2404.7286,79.611303,-510.29609,80.205431,1.9969529,124.91065,1.1603082e-07,-0.96842986,3.6714861e-06,-3.0248951e-07,0.012647853,-2.177052e-07,-0.26179939,-3.766213e-11,7.6276219e-05,1,-0.7854,-3.7601584e-11,7.6273019e-05,1,0,0,0.060423518,-2.2827336e-05,0.43094934,145.80305,510.29609,59.5,0,1.0821041,0,0,nan,nan,12394.859,-488.05099,-0.0015093933,-440.40055,-3.9646287e-08,-0.047187637,-9.5707077e-06,0,0,0,0,0,0
55.4,2407.9379,79.691182,-505.30054,80.263406,1.9969521,124.86466,1.16506e-07,-0.96792405,3.6561931e-06,-3.0377027e-07,0.012642209,-2.1868677e-07,-0.26179939,-3.7575284e-11,7.6271587e-05,1,-0.7854,-3.7514269e-11,7.6268307e-05,1,0,0,0.06042592,-2.2827635e-05,0.43089675,145.79356,505.30054,59.5,0,1.0821041,0,0,nan,nan,12399.26,-488.2237,-0.0015134662,-440.6021,-3.8985905e-08,-0.047587662,-9.4701046e-06,0,0,0,0,0,0
55.44,2411.1495,79.77106,-500.30683,80.321205,1.9969513,124.81846,1.1697307e-07,-0.96741847,3.640843e-06,-3.0502959e-07,0.012636518,-2.196558e-07,-0.26179939,-3.7487772e-11,7.626684e-05,1,-0.7854,-3.7426293e-11,7.6263479e-05,1,0,0,0.060428353,-2.2827951e-05,0.43084352,145.78385,500.30683,59.5,0,1.0821041,0,0,nan,nan,12403.62,-488.39483,-0.0015174591,-440.80283,-3.8328748e-08,-0.047986536,-9.3696492e-06,0,0,0,0,0,0
55.48,2414.3635,79.850938,-495.31497,80.378829,1.9969506,124.77206,1.1743208e-07,-0.96691312,3.6254365e-06,-3.0626755e-07,0.01263078,-2.2061231e-07,-0.26179939,-3.7399604e-11,7.6261978e-05,1,-0.7854,-3.7337672e-11,7.6258537e-05,1,0,0,0.060430815,-2.2828285e-05,0.43078963,145.77392,495.31497,59.5,0,1.0821041,0,0,nan,nan,12407.941,-488.5644,-0.0015213717,-441.00274,-3.7674862e-08,-0.048384264,-9.2693457e-06,0,0,0,0,0,0
55.52,2417.5797,79.930816,-490.32497,80.436276,1.9969498,124.72547,1.1788307e-07,-0.966408,3.6099748e-06,-3.0748427e-07,0.012624994,-2.2155633e-07,-0.26179939,-3.7310792e-11,7.6257002e-05,1,-0.7854,-3.7248411e-11,7.625348e-05,1,0,0,0.060433306,-2.2828637e-05,0.4307351,145.76376,490.32497,59.5,0,1.0821041,0,0,nan,nan,12412.223,-488.73239,-0.001525204,-441.20182,-3.7024095e-08,-0.048780852,-9.1691993e-06,0,0,0,0,0,0
55.56,2420.7983,80.010694,-485.33684,80.493549,1.996949,124.67868,1.1832607e-07,-0.96590311,3.5944588e-06,-3.0867985e-07,0.012619161,-2.224879e-07,-0.26179939,-3.7221345e-11,7.6251911e-05,1,-0.7854,-3.7158522e-11,7.624831e-05,1,0,0,0.060435826,-2.2829007e-05,0.43067993,145.75338,485.33684,59.5,0,1.0821041,0,0,nan,nan,12416.465,-488.89883,-0.001528956,-441.40007,-3.6376559e-08,-0.049176304,-9.0692147e-06,0,0,0,0,0,0
55.6,2424.0191,80.090572,-480.35059,80.550645,1.9969482,124.63169,1.1876114e-07,-0.96539846,3.5788893e-06,-3.098544e-07,0.012613281,-2.2340704e-07,-0.26179939,-3.7131272e-11,7.6246707e-05,1,-0.7854,-3.7068016e-11,7.6243027e-05,1,0,0,0.060438376,-2.2829394e-05,0.43062412,145.74278,480.35059,59.5,0,1.0821041,0,0,nan,nan,12420.667,-489.06371,-0.0015326275,-441.59751,-3.5732366e-08,-0.049570625,-8.9693968e-06,0,0,0,0,0,0
55.64,2427.2422,80.170449,-475.36621,80.607566,1.9969474,124.58451,1.1918829e-07,-0.96489404,3.5632673e-06,-3.1100802e-07,0.012607355,-2.2431379e-07,-0.26179939,-3.7040586e-11,7.624139e-05,1,-0.7854,-3.6976903e-11,7.6237631e-05,1,0,0,0.060440955,-2.2829798e-05,0.43056768,145.73196,475.36621,59.5,0,1.0821041,0,0,nan,nan,12424.831,-489.22704,-0.0015362184,-441.79413,-3.5091495e-08,-0.049963821,-8.8697507e-06,0,0,0,0,0,0
55.68,2430.4676,80.250327,-470.38373,80.664312,1.9969466,124.53713,1.1960759e-07,-0.96438986,3.5475938e-06,-3.1214082e-07,0.012601381,-2.2520817e-07,-0.26179939,-3.6949292e-11,7.623596e-05,1,-0.7854,-3.6885187e-11,7.6232122e-05,1,0,0,0.060443562,-2.283022e-05,0.4305106,145.72092,470.38373,59.5,0,1.0821041,0,0,nan,nan,12428.955,-489.38882,-0.0015397288,-441.98993,-3.4453861e-08,-0.050355895,-8.7702794e-06,0,0,0,0,0,0
55.72,2433.6952,80.330205,-465.40315,80.720882,1.9969458,124.48956,1.2001907e-07,-0.96388592,3.5318696e-06,-3.1325291e-07,0.012595361,-2.2609024e-07,-0.26179939,-3.6857402e-11,7.6230418e-05,1,-0.7854,-3.6792883e-11,7.6226502e-05,1,0,0,0.060446198,-2.283066e-05,0.4304529,145.70966,465.40315,59.5,0,1.0821041,0,0,nan,nan,12433.04,-489.54906,-0.0015431585,-442.18492,-3.3819443e-08,-0.050746854,-8.6709898e-06,0,0,0,0,0,0
55.76,2436.9251,80.410083,-460.42448,80.777277,1.996945,124.44181,1.2042277e-07,-0.96338222,3.5160957e-06,-3.1434439e-07,0.012589294,-2.2696e-07,-0.26179939,-3.6764925e-11,7.6224765e-05,1,-0.7854,-3.6699998e-11,7.622077e-05,1,0,0,0.060448862,-2.2831117e-05,0.43039458,145.69818,460.42448,59.5,0,1.0821041,0,0,nan,nan,12437.086,-489.70776,-0.0015465076,-442.37909,-3.3188352e-08,-0.051136701,-8.5718847e-06,0,0,0,0,0,0
55.8,2440.1573,80.489961,-455.44771,80.833496,1.9969442,124.39386,1.2081873e-07,-0.96287876,3.5002731e-06,-3.1541537e-07,0.012583181,-2.2781751e-07,-0.26179939,-3.6671872e-11,7.6219e-05,1,-0.7854,-3.6606544e-11,7.6214928e-05,1,0,0,0.060451555,-2.2831591e-05,0.43033563,145.68648,455.44771,59.5,0,1.0821041,0,0,nan,nan,12441.094,-489.86492,-0.0015497759,-442.57245,-3.2560567e-08,-0.051525442,-8.4729684e-06,0,0,0,0,0,0
55.84,2443.3917,80.569839,-450.47287,80.889541,1.9969434,124.34573,1.2120699e-07,-0.96237555,3.4844025e-06,-3.1646597e-07,0.012577021,-2.2866279e-07,-0.26179939,-3.657825e-11,7.6213124e-05,1,-0.7854,-3.6512528e-11,7.6208975e-05,1,0,0,0.060454276,-2.2832082e-05,0.43027606,145.67458,450.47287,59.5,0,1.0821041,0,0,nan,nan,12445.063,-490.02056,-0.0015529636,-442.765,-3.1936199e-08,-0.05191308,-8.374246e-06,0,0,0,0,0,0
55.88,2446.6283,80.649716,-445.49996,80.94541,1.9969426,124.29741,1.215876e-07,-0.96187259,3.4684849e-06,-3.1749628e-07,0.012570816,-2.2949587e-07,-0.26179939,-3.648407e-11,7.6207138e-05,1,-0.7854,-3.6417962e-11,7.6202912e-05,1,0,0,0.060457025,-2.2832591e-05,0.43021588,145.66245,445.49996,59.5,0,1.0821041,0,0,nan,nan,12448.993,-490.17468,-0.0015560704,-442.95674,-3.1315161e-08,-0.05229962,-8.2757214e-06,0,0,0,0,0,0
55.92,2449.8672,80.729594,-440.52899,81.001104,1.9969418,124.2489,1.2196059e-07,-0.96136987,3.4525213e-06,-3.1850642e-07,0.012564564,-2.303168e-07,-0.26179939,-3.6389342e-11,7.6201042e-05,1,-0.7854,-3.6322851e-11,7.6196739e-05,1,0,0,0.060459802,-2.2833116e-05,0.43015509,145.65012,440.52899,59.5,0,1.0821041,0,0,nan,nan,12452.886,-490.32727,-0.0015590966,-443.14768,-3.0697432e-08,-0.052685067,-8.1773993e-06,0,0,0,0,0,0
55.96,2453.1083,80.809472,-435.55995,81.056624,1.9969409,124.20021,1.2232601e-07,-0.96086741,3.4365125e-06,-3.194965e-07,0.012558267,-2.3112561e-07,-0.26179939,-3.629407e-11,7.6194837e-05,1,-0.7854,-3.6227201e-11,7.6190457e-05,1,0,0,0.060462607,-2.2833659e-05,0.43009369,145.63757,435.55995,59.5,0,1.0821041,0,0,nan,nan,12456.739,-490.47836,-0.001562042,-443.3378,-3.0083121e-08,-0.053069424,-8.0792838e-06,0,0,0,0,0,0
56,2456.3516,80.889349,-430.59287,81.111968,1.9969401,124.15133,1.226839e-07,-0.9603652,3.4204594e-06,-3.2046663e-07,0.012551924,-2.3192234e-07,-0.26179939,-3.6198265e-11,7.6188523e-05,1,-0.7854,-3.6131027e-11,7.6184067e-05,1,0,0,0.06046544,-2.2834219e-05,0.43003168,145.62481,430.59287,59.5,0,1.0821041,0,0,nan,nan,12460.555,-490.62793,-0.0015649066,-443.52713,-2.9472076e-08,-0.053452697,-7.9813787e-06,0,0,0,0,0,0
56.04,2459.5972,80.969227,-425.62775,81.167138,1.9969393,124.10228,1.230343e-07,-0.95986324,3.4043628e-06,-3.2141691e-07,0.012545535,-2.3270701e-07,-0.26179939,-3.6101938e-11,7.61821e-05,1,-0.7854,-3.6034338e-11,7.6177569e-05,1,0,0,0.0604683,-2.2834796e-05,0.42996907,145.61184,425.62775,59.5,0,1.0821041,0,0,nan,nan,12464.332,-490.776,-0.0015676905,-443.71565,-2.8864473e-08,-0.053834888,-7.8836889e-06,0,0,0,0,0,0
56.08,2462.8449,81.049104,-420.6646,81.222133,1.9969384,124.05304,1.2337726e-07,-0.95936154,3.3882238e-06,-3.2234746e-07,0.012539101,-2.3347967e-07,-0.26179939,-3.6005098e-11,7.617557e-05,1,-0.7854,-3.5937142e-11,7.6170963e-05,1,0,0,0.060471187,-2.283539e-05,0.42990586,145.59866,420.6646,59.5,0,1.0821041,0,0,nan,nan,12468.072,-490.92256,-0.0015703937,-443.90337,-2.8260224e-08,-0.054216002,-7.7862179e-06,0,0,0,0,0,0
56.12,2466.0948,81.128982,-415.70341,81.276953,1.9969376,124.00362,1.2371281e-07,-0.9588601,3.3720431e-06,-3.2325839e-07,0.012532622,-2.3424036e-07,-0.26179939,-3.5907754e-11,7.6168932e-05,1,-0.7854,-3.5839446e-11,7.616425e-05,1,0,0,0.060474102,-2.2836e-05,0.42984205,145.58527,415.70341,59.5,0,1.0821041,0,0,nan,nan,12471.774,-491.06764,-0.0015730163,-444.09029,-2.7659439e-08,-0.054596044,-7.6889694e-06,0,0,0,0,0,0
56.16,2469.3469,81.208859,-410.74421,81.331599,1.9969368,123.95403,1.2404099e-07,-0.95835892,3.3558217e-06,-3.241498e-07,0.012526097,-2.3498911e-07,-0.26179939,-3.5809911e-11,7.6162187e-05,1,-0.7854,-3.5741257e-11,7.615743e-05,1,0,0,0.060477043,-2.2836628e-05,0.42977765,145.57168,410.74421,59.5,0,1.0821041,0,0,nan,nan,12475.438,-491.21122,-0.0015755582,-444.27641,-2.7061963e-08,-0.054975016,-7.5919467e-06,0,0,0,0,0,0
56.2,2472.6012,81.288737,-405.78699,81.386071,1.9969359,123.90426,1.2436186e-07,-0.957858,3.3395603e-06,-3.2502182e-07,0.012519527,-2.3572596e-07,-0.26179939,-3.5711579e-11,7.6155335e-05,1,-0.7854,-3.5642587e-11,7.6150504e-05,1,0,0,0.060480012,-2.2837272e-05,0.42971266,145.55788,405.78699,59.5,0,1.0821041,0,0,nan,nan,12479.065,-491.35332,-0.0015780196,-444.46173,-2.6467907e-08,-0.055352923,-7.4951565e-06,0,0,0,0,0,0
56.24,2475.8577,81.368614,-400.83177,81.440368,1.9969351,123.85431,1.2467545e-07,-0.95735735,3.3232599e-06,-3.2587454e-07,0.012512913,-2.3645095e-07,-0.26179939,-3.5612769e-11,7.6148378e-05,1,-0.7854,-3.5543444e-11,7.6143472e-05,1,0,0,0.060483007,-2.2837932e-05,0.42964709,145.54387,400.83177,59.5,0,1.0821041,0,0,nan,nan,12482.654,-491.49393,-0.0015804004,-444.64626,-2.5877315e-08,-0.055729768,-7.3985999e-06,0,0,0,0,0,0
56.28,2479.1164,81.448492,-395.87855,81.49449,1.9969342,123.80418,1.249818e-07,-0.95685696,3.3069214e-06,-3.2670808e-07,0.012506253,-2.3716411e-07,-0.26179939,-3.5513487e-11,7.6141315e-05,1,-0.7854,-3.5443835e-11,7.6136335e-05,1,0,0,0.060486029,-2.2838609e-05,0.42958092,145.52966,395.87855,59.5,0,1.0821041,0,0,nan,nan,12486.206,-491.63307,-0.0015827008,-444.83,-2.5290097e-08,-0.056105556,-7.3022806e-06,0,0,0,0,0,0
56.32,2482.3772,81.528369,-390.92734,81.548439,1.9969334,123.75389,1.2528096e-07,-0.95635683,3.2905455e-06,-3.2752256e-07,0.012499549,-2.3786549e-07,-0.26179939,-3.5413742e-11,7.6134146e-05,1,-0.7854,-3.5343768e-11,7.6129094e-05,1,0,0,0.060489078,-2.2839303e-05,0.42951418,145.51525,390.92734,59.5,0,1.0821041,0,0,nan,nan,12489.72,-491.77074,-0.0015849208,-445.01295,-2.470643e-08,-0.05648029,-7.2062033e-06,0,0,0,0,0,0
56.36,2485.6401,81.608246,-385.97814,81.602213,1.9969325,123.70342,1.2557297e-07,-0.95585698,3.2741332e-06,-3.2831808e-07,0.0124928,-2.3855513e-07,-0.26179939,-3.5313542e-11,7.6126874e-05,1,-0.7854,-3.5243252e-11,7.6121748e-05,1,0,0,0.060492153,-2.2840013e-05,0.42944686,145.50064,385.97814,59.5,0,1.0821041,0,0,nan,nan,12493.198,-491.90694,-0.0015870605,-445.1951,-2.4125959e-08,-0.056853972,-7.110372e-06,0,0,0,0,0,0
56.4,2488.9052,81.688124,-381.03097,81.655814,1.9969317,123.65278,1.2585786e-07,-0.9553574,3.2576853e-06,-3.2909476e-07,0.012486007,-2.3923307e-07,-0.26179939,-3.5212896e-11,7.6119497e-05,1,-0.7854,-3.5142298e-11,7.6114299e-05,1,0,0,0.060495254,-2.284074e-05,0.42937897,145.48582,381.03097,59.5,0,1.0821041,0,0,nan,nan,12496.639,-492.04168,-0.00158912,-445.37647,-2.3549126e-08,-0.057226608,-7.0147908e-06,0,0,0,0,0,0
56.44,2492.1725,81.768001,-376.08582,81.70924,1.9969308,123.60197,1.261357e-07,-0.95485809,3.2412026e-06,-3.298527e-07,0.012479169,-2.3989934e-07,-0.26179939,-3.5111813e-11,7.6112017e-05,1,-0.7854,-3.504091e-11,7.6106746e-05,1,0,0,0.060498382,-2.2841483e-05,0.4293105,145.4708,376.08582,59.5,0,1.0821041,0,0,nan,nan,12500.042,-492.17497,-0.0015910993,-445.55705,-2.2975642e-08,-0.057598199,-6.9194604e-06,0,0,0,0,0,0
56.48,2495.4419,81.847878,-371.14271,81.762493,1.99693,123.55099,1.2640651e-07,-0.95435905,3.2246859e-06,-3.3059202e-07,0.012472287,-2.4055399e-07,-0.26179939,-3.5010297e-11,7.6104433e-05,1,-0.7854,-3.4939094e-11,7.6099091e-05,1,0,0,0.060501535,-2.2842242e-05,0.42924146,145.45559,371.14271,59.5,0,1.0821041,0,0,nan,nan,12503.409,-492.3068,-0.0015929986,-445.73684,-2.2405684e-08,-0.05796875,-6.8243883e-06,0,0,0,0,0,0
56.52,2498.7134,81.927755,-366.20164,81.815572,1.9969291,123.49985,1.2667034e-07,-0.95386029,3.2081362e-06,-3.3131284e-07,0.012465362,-2.4119705e-07,-0.26179939,-3.4908358e-11,7.6096747e-05,1,-0.7854,-3.4836862e-11,7.6091333e-05,1,0,0,0.060504714,-2.2843017e-05,0.42917186,145.44017,366.20164,59.5,0,1.0821041,0,0,nan,nan,12506.74,-492.43718,-0.001594818,-445.91585,-2.1839028e-08,-0.058338264,-6.7295749e-06,0,0,0,0,0,0
56.56,2501.987,82.007632,-361.26262,81.868478,1.9969282,123.44853,1.2692723e-07,-0.95336181,3.1915542e-06,-3.3201526e-07,0.012458392,-2.4182858e-07,-0.26179939,-3.4806005e-11,7.6088959e-05,1,-0.7854,-3.4734221e-11,7.6083473e-05,1,0,0,0.060507919,-2.2843808e-05,0.42910169,145.42456,361.26262,59.5,0,1.0821041,0,0,nan,nan,12510.034,-492.56612,-0.0015965576,-446.09408,-2.1275918e-08,-0.058706744,-6.6350249e-06,0,0,0,0,0,0
56.6,2505.2627,82.08751,-356.32566,81.921209,1.9969274,123.39706,1.2717722e-07,-0.95286361,3.1749407e-06,-3.3269939e-07,0.012451378,-2.424486e-07,-0.26179939,-3.4703247e-11,7.6081069e-05,1,-0.7854,-3.4631184e-11,7.6075513e-05,1,0,0,0.060511149,-2.2844616e-05,0.42903097,145.40876,356.32566,59.5,0,1.0821041,0,0,nan,nan,12513.291,-492.69362,-0.0015982174,-446.27153,-2.0716263e-08,-0.059074193,-6.5407419e-06,0,0,0,0,0,0
56.64,2508.5406,82.167387,-351.39076,81.973768,1.9969265,123.34542,1.2742037e-07,-0.95236568,3.1582966e-06,-3.3336536e-07,0.012444321,-2.4305717e-07,-0.26179939,-3.460009e-11,7.6073079e-05,1,-0.7854,-3.4527748e-11,7.6067452e-05,1,0,0,0.060514405,-2.2845439e-05,0.42895968,145.39275,351.39076,59.5,0,1.0821041,0,0,nan,nan,12516.513,-492.81969,-0.0015997977,-446.4482,-2.0160105e-08,-0.059440613,-6.4467277e-06,0,0,0,0,0,0
56.68,2511.8205,82.247264,-346.45792,82.026153,1.9969256,123.29361,1.276567e-07,-0.95186805,3.1416227e-06,-3.3401327e-07,0.01243722,-2.4365433e-07,-0.26179939,-3.449654e-11,7.6064987e-05,1,-0.7854,-3.4423927e-11,7.605929e-05,1,0,0,0.060517687,-2.2846278e-05,0.42888785,145.37656,346.45792,59.5,0,1.0821041,0,0,nan,nan,12519.698,-492.94433,-0.0016012986,-446.62409,-1.9607356e-08,-0.05980601,-6.3529875e-06,0,0,0,0,0,0
56.72,2515.1026,82.327141,-341.52717,82.078365,1.9969248,123.24164,1.2788627e-07,-0.95137069,3.1249198e-06,-3.3464323e-07,0.012430075,-2.4424011e-07,-0.26179939,-3.4392607e-11,7.6056796e-05,1,-0.7854,-3.4319728e-11,7.6051029e-05,1,0,0,0.060520993,-2.2847133e-05,0.42881546,145.36016,341.52717,59.5,0,1.0821041,0,0,nan,nan,12522.847,-493.06754,-0.0016027201,-446.7992,-1.9058057e-08,-0.060170384,-6.2595229e-06,0,0,0,0,0,0
56.76,2518.3867,82.407018,-336.59849,82.130404,1.9969239,123.18952,1.2810912e-07,-0.95087363,3.1081886e-06,-3.3525536e-07,0.012422888,-2.4481456e-07,-0.26179939,-3.4288298e-11,7.6048505e-05,1,-0.7854,-3.4215158e-11,7.6042668e-05,1,0,0,0.060524324,-2.2848004e-05,0.42874252,145.34358,336.59849,59.5,0,1.0821041,0,0,nan,nan,12525.961,-493.18934,-0.0016040625,-446.97354,-1.8512252e-08,-0.060533739,-6.1663393e-06,0,0,0,0,0,0
56.8,2521.6729,82.486895,-331.6719,82.18227,1.996923,123.13723,1.2832528e-07,-0.95037685,3.0914301e-06,-3.3584977e-07,0.012415657,-2.4537772e-07,-0.26179939,-3.418362e-11,7.6040115e-05,1,-0.7854,-3.4110225e-11,7.6034209e-05,1,0,0,0.060527681,-2.2848891e-05,0.42866904,145.32681,331.6719,59.5,0,1.0821041,0,0,nan,nan,12529.038,-493.30972,-0.0016053259,-447.14711,-1.7969915e-08,-0.060896078,-6.0734369e-06,0,0,0,0,0,0
56.84,2524.9612,82.566771,-326.74741,82.233964,1.9969221,123.08479,1.2853481e-07,-0.94988036,3.074645e-06,-3.3642657e-07,0.012408383,-2.4592965e-07,-0.26179939,-3.4078582e-11,7.6031627e-05,1,-0.7854,-3.4004937e-11,7.6025652e-05,1,0,0,0.060531062,-2.2849793e-05,0.42859502,145.30984,326.74741,59.5,0,1.0821041,0,0,nan,nan,12532.08,-493.42869,-0.0016065104,-447.31991,-1.7431025e-08,-0.061257403,-5.9808206e-06,0,0,0,0,0,0
56.88,2528.2515,82.646648,-321.82502,82.285484,1.9969212,123.03218,1.2873774e-07,-0.94938416,3.0578341e-06,-3.3698588e-07,0.012401065,-2.4647037e-07,-0.26179939,-3.397319e-11,7.602304e-05,1,-0.7854,-3.38993e-11,7.6016997e-05,1,0,0,0.060534467,-2.2850711e-05,0.42852045,145.29269,321.82502,59.5,0,1.0821041,0,0,nan,nan,12535.086,-493.54626,-0.0016076162,-447.49193,-1.6895622e-08,-0.061617717,-5.8884936e-06,0,0,0,0,0,0
56.92,2531.5439,82.726525,-316.90473,82.336832,1.9969203,122.97943,1.2893412e-07,-0.94888826,3.0409981e-06,-3.3752781e-07,0.012393706,-2.4699994e-07,-0.26179939,-3.3867452e-11,7.6014356e-05,1,-0.7854,-3.3793323e-11,7.6008245e-05,1,0,0,0.060537898,-2.2851644e-05,0.42844535,145.27534,316.90473,59.5,0,1.0821041,0,0,nan,nan,12538.057,-493.66243,-0.0016086435,-447.66319,-1.6363749e-08,-0.061977024,-5.7964582e-06,0,0,0,0,0,0
56.96,2534.8384,82.806402,-311.98656,82.388007,1.9969195,122.92651,1.29124e-07,-0.94839265,3.0241379e-06,-3.3805248e-07,0.012386303,-2.475184e-07,-0.26179939,-3.3761377e-11,7.6005575e-05,1,-0.7854,-3.3687012e-11,7.5999396e-05,1,0,0,0.060541352,-2.2852592e-05,0.42836972,145.25781,311.98656,59.5,0,1.0821041,0,0,nan,nan,12540.993,-493.7772,-0.0016095925,-447.83368,-1.5835249e-08,-0.062335325,-5.7047176e-06,0,0,0,0,0,0
57,2538.1348,82.886279,-307.07051,82.43901,1.9969186,122.87345,1.293074e-07,-0.94789734,3.0072542e-06,-3.3855998e-07,0.012378858,-2.4802579e-07,-0.26179939,-3.3654969e-11,7.5996698e-05,1,-0.7854,-3.3580375e-11,7.5990451e-05,1,0,0,0.060544831,-2.2853556e-05,0.42829355,145.24009,307.07051,59.5,0,1.0821041,0,0,nan,nan,12543.894,-493.89058,-0.0016104632,-448.00341,-1.531023e-08,-0.062692622,-5.613274e-06,0,0,0,0,0,0
57.04,2541.4334,82.966155,-302.15658,82.489841,1.9969177,122.82023,1.2948438e-07,-0.94740233,2.9903478e-06,-3.3905045e-07,0.01237137,-2.4852216e-07,-0.26179939,-3.3548236e-11,7.5987724e-05,1,-0.7854,-3.3473416e-11,7.5981411e-05,1,0,0,0.060548334,-2.2854535e-05,0.42821686,145.22219,302.15658,59.5,0,1.0821041,0,0,nan,nan,12546.759,-494.00258,-0.001611256,-448.17237,-1.4788802e-08,-0.06304892,-5.5221317e-06,0,0,0,0,0,0
57.08,2544.7339,83.046032,-297.24478,82.540499,1.9969168,122.76686,1.2965499e-07,-0.94690762,2.9734195e-06,-3.3952399e-07,0.01236384,-2.4900756e-07,-0.26179939,-3.3441184e-11,7.5978655e-05,1,-0.7854,-3.3366142e-11,7.5972275e-05,1,0,0,0.060551861,-2.2855529e-05,0.42813965,145.2041,297.24478,59.5,0,1.0821041,0,0,nan,nan,12549.59,-494.11319,-0.001611971,-448.34057,-1.427074e-08,-0.063404218,-5.4312929e-06,0,0,0,0,0,0
57.12,2548.0365,83.125909,-292.33512,82.590986,1.9969159,122.71334,1.2981925e-07,-0.94641321,2.95647e-06,-3.3998071e-07,0.012356267,-2.4948202e-07,-0.26179939,-3.3333821e-11,7.5969492e-05,1,-0.7854,-3.3258565e-11,7.5963045e-05,1,0,0,0.060555412,-2.2856539e-05,0.42806191,145.18583,292.33512,59.5,0,1.0821041,0,0,nan,nan,12552.386,-494.22243,-0.0016126084,-448.50801,-1.3756086e-08,-0.063758521,-5.3407599e-06,0,0,0,0,0,0
57.16,2551.3411,83.205785,-287.42761,82.6413,1.996915,122.65967,1.2997723e-07,-0.9459191,2.9395002e-06,-3.4042074e-07,0.012348653,-2.499456e-07,-0.26179939,-3.3226155e-11,7.5960233e-05,1,-0.7854,-3.315069e-11,7.5953721e-05,1,0,0,0.060558986,-2.2857563e-05,0.42798365,145.16737,287.42761,59.5,0,1.0821041,0,0,nan,nan,12555.147,-494.33029,-0.0016131684,-448.67469,-1.3245015e-08,-0.064111831,-5.2505346e-06,0,0,0,0,0,0
57.2,2554.6477,83.285662,-282.52225,82.691443,1.9969141,122.60585,1.3012895e-07,-0.9454253,2.9225106e-06,-3.4084417e-07,0.012340996,-2.5039834e-07,-0.26179939,-3.3118193e-11,7.5950881e-05,1,-0.7854,-3.3042522e-11,7.5944304e-05,1,0,0,0.060562584,-2.2858602e-05,0.42790487,145.14873,282.52225,59.5,0,1.0821041,0,0,nan,nan,12557.873,-494.43679,-0.0016136512,-448.84061,-1.2737437e-08,-0.064464149,-5.1606222e-06,0,0,0,0,0,0
57.24,2557.9563,83.365539,-277.61904,82.741414,1.9969132,122.55189,1.3027446e-07,-0.94493181,2.9055022e-06,-3.4125113e-07,0.012333297,-2.5084029e-07,-0.26179939,-3.3009939e-11,7.5941436e-05,1,-0.7854,-3.2934066e-11,7.5934793e-05,1,0,0,0.060566206,-2.2859656e-05,0.42782559,145.12992,277.61904,59.5,0,1.0821041,0,0,nan,nan,12560.565,-494.54193,-0.001614057,-449.00578,-1.2233192e-08,-0.064815478,-5.071024e-06,0,0,0,0,0,0
57.28,2561.2669,83.445415,-272.71799,82.791214,1.9969123,122.49778,1.3041381e-07,-0.94443862,2.8884756e-06,-3.4164172e-07,0.012325557,-2.512715e-07,-0.26179939,-3.2901404e-11,7.5931897e-05,1,-0.7854,-3.2825336e-11,7.592519e-05,1,0,0,0.060569851,-2.2860725e-05,0.42774579,145.11092,272.71799,59.5,0,1.0821041,0,0,nan,nan,12563.223,-494.64571,-0.0016143861,-449.17019,-1.1732591e-08,-0.06516582,-4.9817417e-06,0,0,0,0,0,0
57.32,2564.5795,83.525292,-267.81911,82.840842,1.9969114,122.44352,1.3054704e-07,-0.94394575,2.8714316e-06,-3.4201607e-07,0.012317775,-2.51692e-07,-0.26179939,-3.2792591e-11,7.5922267e-05,1,-0.7854,-3.2716332e-11,7.5915495e-05,1,0,0,0.060573519,-2.2861809e-05,0.42766548,145.09174,267.81911,59.5,0,1.0821041,0,0,nan,nan,12565.847,-494.74814,-0.0016146386,-449.33385,-1.1235407e-08,-0.065515177,-4.8927784e-06,0,0,0,0,0,0
57.36,2567.8941,83.605168,-262.9224,82.890299,1.9969105,122.38912,1.3067419e-07,-0.94345319,2.8543708e-06,-3.4237427e-07,0.012309952,-2.5210186e-07,-0.26179939,-3.2683509e-11,7.5912544e-05,1,-0.7854,-3.2607063e-11,7.5905708e-05,1,0,0,0.06057721,-2.2862907e-05,0.42758467,145.07238,262.9224,59.5,0,1.0821041,0,0,nan,nan,12568.436,-494.84922,-0.0016148148,-449.49676,-1.0741549e-08,-0.065863551,-4.8041378e-06,0,0,0,0,0,0
57.4,2571.2106,83.685044,-258.02787,82.939585,1.9969096,122.33458,1.307953e-07,-0.94296094,2.8372942e-06,-3.4271646e-07,0.012302087,-2.525011e-07,-0.26179939,-3.2574163e-11,7.590273e-05,1,-0.7854,-3.2497535e-11,7.589583e-05,1,0,0,0.060580924,-2.286402e-05,0.42750336,145.05285,258.02787,59.5,0,1.0821041,0,0,nan,nan,12570.991,-494.94895,-0.0016149149,-449.65892,-1.0251326e-08,-0.066210944,-4.7158209e-06,0,0,0,0,0,0
57.44,2574.5292,83.764921,-253.13553,82.9887,1.9969087,122.2799,1.3091041e-07,-0.942469,2.8202023e-06,-3.4304273e-07,0.01229418,-2.5288979e-07,-0.26179939,-3.2464561e-11,7.5892826e-05,1,-0.7854,-3.2387756e-11,7.5885863e-05,1,0,0,0.060584661,-2.2865147e-05,0.42742154,145.03314,253.13553,59.5,0,1.0821041,0,0,nan,nan,12573.513,-495.04735,-0.0016149392,-449.82033,-9.7644455e-09,-0.066557358,-4.627831e-06,0,0,0,0,0,0
57.48,2577.8496,83.844797,-248.24537,83.037644,1.9969078,122.22507,1.3101958e-07,-0.94197739,2.8030958e-06,-3.433532e-07,0.012286233,-2.5326797e-07,-0.26179939,-3.2354709e-11,7.5882831e-05,1,-0.7854,-3.2277731e-11,7.5875805e-05,1,0,0,0.060588421,-2.2866289e-05,0.42733923,145.01325,248.24537,59.5,0,1.0821041,0,0,nan,nan,12576.001,-495.14441,-0.0016148879,-449.98099,-9.2810834e-09,-0.066902795,-4.5401703e-06,0,0,0,0,0,0
57.52,2581.1721,83.924673,-243.35741,83.086417,1.9969069,122.17011,1.3112284e-07,-0.94148609,2.7859756e-06,-3.4364798e-07,0.012278244,-2.5363569e-07,-0.26179939,-3.2244614e-11,7.5872747e-05,1,-0.7854,-3.2167467e-11,7.5865658e-05,1,0,0,0.060592203,-2.2867445e-05,0.42725643,144.99319,243.35741,59.5,0,1.0821041,0,0,nan,nan,12578.455,-495.24014,-0.0016147612,-450.14091,-8.8012141e-09,-0.067247257,-4.4528409e-06,0,0,0,0,0,0
57.56,2584.4964,84.00455,-238.47165,83.13502,1.9969059,122.11501,1.3122023e-07,-0.94099511,2.7688423e-06,-3.4392719e-07,0.012270214,-2.5399299e-07,-0.26179939,-3.213428e-11,7.5862573e-05,1,-0.7854,-3.205697e-11,7.5855422e-05,1,0,0,0.060596007,-2.2868615e-05,0.42717313,144.97295,238.47165,59.5,0,1.0821041,0,0,nan,nan,12580.876,-495.33455,-0.0016145594,-450.30009,-8.3246793e-09,-0.067590745,-4.365845e-06,0,0,0,0,0,0
57.6,2587.8228,84.084426,-233.5881,83.183452,1.996905,122.05977,1.313118e-07,-0.94050446,2.7516966e-06,-3.4419094e-07,0.012262144,-2.5433993e-07,-0.26179939,-3.2023717e-11,7.5852311e-05,1,-0.7854,-3.1946247e-11,7.5845097e-05,1,0,0,0.060599834,-2.28698e-05,0.42708935,144.95254,233.5881,59.5,0,1.0821041,0,0,nan,nan,12583.263,-495.42764,-0.0016142828,-450.45852,-7.8517206e-09,-0.067933261,-4.2791847e-06,0,0,0,0,0,0
57.64,2591.151,84.164302,-228.70676,83.231714,1.9969041,122.0044,1.3139758e-07,-0.94001413,2.7345392e-06,-3.4443934e-07,0.012254033,-2.5467655e-07,-0.26179939,-3.1912927e-11,7.584196e-05,1,-0.7854,-3.18353e-11,7.5834685e-05,1,0,0,0.060603684,-2.2870998e-05,0.42700508,144.93196,228.70676,59.5,0,1.0821041,0,0,nan,nan,12585.618,-495.51942,-0.0016139315,-450.61622,-7.3821125e-09,-0.068274807,-4.192863e-06,0,0,0,0,0,0
57.68,2594.4812,84.244178,-223.82764,83.279806,1.9969032,121.94889,1.3147763e-07,-0.93952412,2.7173709e-06,-3.4467251e-07,0.012245881,-2.550029e-07,-0.26179939,-3.1801917e-11,7.5831522e-05,1,-0.7854,-3.172414e-11,7.5824186e-05,1,0,0,0.060607555,-2.2872211e-05,0.42692033,144.91121,223.82764,59.5,0,1.0821041,0,0,nan,nan,12587.939,-495.60988,-0.0016135059,-450.77317,-6.9159634e-09,-0.068615384,-4.1068814e-06,0,0,0,0,0,0
57.72,2597.8133,84.324054,-218.95074,83.327728,1.9969023,121.89325,1.3155199e-07,-0.93903444,2.7001922e-06,-3.4489054e-07,0.012237689,-2.5531903e-07,-0.26179939,-3.1690697e-11,7.5820997e-05,1,-0.7854,-3.1612774e-11,7.58136e-05,1,0,0,0.060611448,-2.2873437e-05,0.4268351,144.89029,218.95074,59.5,0,1.0821041,0,0,nan,nan,12590.227,-495.69904,-0.0016130063,-450.92939,-6.4533149e-09,-0.068954994,-4.021242e-06,0,0,0,0,0,0
57.76,2601.1473,84.40393,-214.07607,83.37548,1.9969014,121.83747,1.3162069e-07,-0.93854509,2.683004e-06,-3.4509357e-07,0.012229456,-2.5562499e-07,-0.26179939,-3.1579271e-11,7.5810385e-05,1,-0.7854,-3.1501205e-11,7.5802928e-05,1,0,0,0.060615363,-2.2874678e-05,0.42674939,144.8692,214.07607,59.5,0,1.0821041,0,0,nan,nan,12592.482,-495.7869,-0.0016124329,-451.08487,-5.994008e-09,-0.069293639,-3.9359479e-06,0,0,0,0,0,0
57.8,2604.4832,84.483806,-209.20364,83.423062,1.9969005,121.78157,1.3168378e-07,-0.93805607,2.6658068e-06,-3.4528169e-07,0.012221183,-2.5592082e-07,-0.26179939,-3.1467645e-11,7.5799687e-05,1,-0.7854,-3.1389442e-11,7.579217e-05,1,0,0,0.0606193,-2.2875932e-05,0.42666321,144.84794,209.20364,59.5,0,1.0821041,0,0,nan,nan,12594.704,-495.87346,-0.001611786,-451.23961,-5.5381511e-09,-0.06963132,-3.8510005e-06,0,0,0,0,0,0
57.84,2607.8211,84.563682,-204.33344,83.470474,1.9968995,121.72553,1.3174131e-07,-0.93756738,2.6486014e-06,-3.4545502e-07,0.01221287,-2.5620658e-07,-0.26179939,-3.1355825e-11,7.5788904e-05,1,-0.7854,-3.1277488e-11,7.5781327e-05,1,0,0,0.060623258,-2.28772e-05,0.42657655,144.82652,204.33344,59.5,0,1.0821041,0,0,nan,nan,12596.894,-495.95873,-0.0016110658,-451.39363,-5.0857855e-09,-0.069968039,-3.7664008e-06,0,0,0,0,0,0
57.88,2611.1608,84.643558,-199.46548,83.517718,1.9968986,121.66936,1.317933e-07,-0.93707902,2.6313884e-06,-3.4561367e-07,0.012204516,-2.5648232e-07,-0.26179939,-3.1243817e-11,7.5778036e-05,1,-0.7854,-3.1165349e-11,7.57704e-05,1,0,0,0.060627238,-2.2878481e-05,0.42648943,144.80492,199.46548,59.5,0,1.0821041,0,0,nan,nan,12599.051,-496.04271,-0.0016102727,-451.54691,-4.6367522e-09,-0.070303796,-3.6821526e-06,0,0,0,0,0,0
57.92,2614.5024,84.723434,-194.59978,83.564792,1.9968977,121.61307,1.3183982e-07,-0.936591,2.6141685e-06,-3.4575775e-07,0.012196123,-2.5674809e-07,-0.26179939,-3.1131626e-11,7.5767083e-05,1,-0.7854,-3.1053032e-11,7.5759388e-05,1,0,0,0.060631239,-2.2879776e-05,0.42640184,144.78316,194.59978,59.5,0,1.0821041,0,0,nan,nan,12601.176,-496.12542,-0.0016094069,-451.69946,-4.1911594e-09,-0.070638594,-3.5982561e-06,0,0,0,0,0,0
57.96,2617.8459,84.80331,-189.73633,83.611696,1.9968968,121.55664,1.3188089e-07,-0.93610331,2.5969424e-06,-3.4588738e-07,0.01218769,-2.5700393e-07,-0.26179939,-3.1019257e-11,7.5756046e-05,1,-0.7854,-3.0940542e-11,7.5748293e-05,1,0,0,0.060635261,-2.2881085e-05,0.42631378,144.76124,189.73633,59.5,0,1.0821041,0,0,nan,nan,12603.268,-496.20684,-0.0016084688,-451.85129,-3.7490485e-09,-0.070972433,-3.5147153e-06,0,0,0,0,0,0
58,2621.1912,84.883186,-184.87514,83.658432,1.9968959,121.50009,1.3191656e-07,-0.93561597,2.5797107e-06,-3.4600266e-07,0.012179217,-2.572499e-07,-0.26179939,-3.0906719e-11,7.5744926e-05,1,-0.7854,-3.0827886e-11,7.5737114e-05,1,0,0,0.060639304,-2.2882406e-05,0.42622527,144.73915,184.87514,59.5,0,1.0821041,0,0,nan,nan,12605.328,-496.28699,-0.0016074586,-452.00239,-3.3101937e-09,-0.071305315,-3.4315293e-06,0,0,0,0,0,0
58.04,2624.5385,84.963062,-180.01621,83.704999,1.9968949,121.44342,1.3194688e-07,-0.93512896,2.5624741e-06,-3.4610371e-07,0.012170705,-2.5748604e-07,-0.26179939,-3.0794016e-11,7.5733723e-05,1,-0.7854,-3.071507e-11,7.5725854e-05,1,0,0,0.060643369,-2.2883742e-05,0.42613629,144.7169,180.01621,59.5,0,1.0821041,0,0,nan,nan,12607.356,-496.36588,-0.0016063767,-452.15276,-2.8747699e-09,-0.071637241,-3.3487031e-06,0,0,0,0,0,0
58.08,2627.8875,85.042938,-175.15955,83.751397,1.996894,121.38662,1.3197188e-07,-0.93464229,2.5452332e-06,-3.4619063e-07,0.012162153,-2.5771241e-07,-0.26179939,-3.0681153e-11,7.5722438e-05,1,-0.7854,-3.0602097e-11,7.5714511e-05,1,0,0,0.060647454,-2.288509e-05,0.42604686,144.69449,175.15955,59.5,0,1.0821041,0,0,nan,nan,12609.352,-496.4435,-0.0016052232,-452.30241,-2.4428186e-09,-0.071968212,-3.2662357e-06,0,0,0,0,0,0
58.12,2631.2385,85.122813,-170.30517,83.797627,1.9968931,121.3297,1.319916e-07,-0.93415597,2.5279886e-06,-3.4626354e-07,0.012153562,-2.5792906e-07,-0.26179939,-3.0568136e-11,7.5711071e-05,1,-0.7854,-3.0488974e-11,7.5703087e-05,1,0,0,0.06065156,-2.2886451e-05,0.42595698,144.67191,170.30517,59.5,0,1.0821041,0,0,nan,nan,12611.317,-496.51986,-0.0016039987,-452.45134,-2.0142473e-09,-0.07229823,-3.1841309e-06,0,0,0,0,0,0
58.16,2634.5913,85.202689,-165.45306,83.843689,1.9968922,121.27265,1.3200609e-07,-0.93366999,2.5107411e-06,-3.4632254e-07,0.012144932,-2.5813603e-07,-0.26179939,-3.0454971e-11,7.5699622e-05,1,-0.7854,-3.0375708e-11,7.5691582e-05,1,0,0,0.060655686,-2.2887826e-05,0.42586665,144.64918,165.45306,59.5,0,1.0821041,0,0,nan,nan,12613.249,-496.59497,-0.0016027032,-452.59955,-1.5890306e-09,-0.072627295,-3.1023895e-06,0,0,0,0,0,0
58.2,2637.9459,85.282565,-160.60324,83.889582,1.9968913,121.21549,1.320154e-07,-0.93318436,2.4934912e-06,-3.4636775e-07,0.012136262,-2.5833338e-07,-0.26179939,-3.0341663e-11,7.5688093e-05,1,-0.7854,-3.0262302e-11,7.5679996e-05,1,0,0,0.060659833,-2.2889213e-05,0.42577586,144.62628,160.60324,59.5,0,1.0821041,0,0,nan,nan,12615.15,-496.66883,-0.0016013373,-452.74703,-1.1672098e-09,-0.072955409,-3.0210122e-06,0,0,0,0,0,0
58.24,2641.3023,85.36244,-155.75571,83.935307,1.9968903,121.1582,1.3201955e-07,-0.93269908,2.4762396e-06,-3.4639927e-07,0.012127554,-2.5852116e-07,-0.26179939,-3.0228218e-11,7.5676484e-05,1,-0.7854,-3.0148762e-11,7.5668331e-05,1,0,0,0.060664001,-2.2890614e-05,0.42568464,144.60323,155.75571,59.5,0,1.0821041,0,0,nan,nan,12617.02,-496.74144,-0.0015999011,-452.8938,-7.4862548e-10,-0.073282572,-2.9400024e-06,0,0,0,0,0,0
58.28,2644.6606,85.442316,-150.91047,83.980864,1.9968894,121.1008,1.320186e-07,-0.93221414,2.4589869e-06,-3.4641722e-07,0.012118806,-2.5869942e-07,-0.26179939,-3.0114643e-11,7.5664795e-05,1,-0.7854,-3.0035098e-11,7.5656586e-05,1,0,0,0.060668188,-2.2892027e-05,0.42559297,144.58001,150.91047,59.5,0,1.0821041,0,0,nan,nan,12618.858,-496.81281,-0.0015983951,-453.03986,-3.3352005e-10,-0.073608786,-2.8593608e-06,0,0,0,0,0,0
58.32,2648.0207,85.522192,-146.06753,84.026254,1.9968885,121.04328,1.3201258e-07,-0.93172955,2.4417337e-06,-3.464217e-07,0.01211002,-2.5886822e-07,-0.26179939,-3.0000942e-11,7.5653027e-05,1,-0.7854,-2.9921311e-11,7.5644763e-05,1,0,0,0.060672396,-2.2893453e-05,0.42550086,144.55665,146.06753,59.5,0,1.0821041,0,0,nan,nan,12620.665,-496.88295,-0.0015968195,-453.1852,7.8199179e-11,-0.073934051,-2.7790896e-06,0,0,0,0,0,0
58.36,2651.3826,85.602067,-141.2269,84.071476,1.9968876,120.98564,1.3200154e-07,-0.93124532,2.4244807e-06,-3.4641283e-07,0.012101195,-2.5902759e-07,-0.26179939,-2.988712e-11,7.564118e-05,1,-0.7854,-2.9807406e-11,7.5632861e-05,1,0,0,0.060676624,-2.2894891e-05,0.42540831,144.53312,141.2269,59.5,0,1.0821041,0,0,nan,nan,12622.441,-496.95186,-0.0015951746,-453.32983,4.8669169e-10,-0.074258369,-2.6991894e-06,0,0,0,0,0,0
58.4,2654.7463,85.681943,-136.38857,84.116531,1.9968866,120.92788,1.3198551e-07,-0.93076144,2.4072284e-06,-3.4639071e-07,0.012092331,-2.5917759e-07,-0.26179939,-2.9773184e-11,7.5629255e-05,1,-0.7854,-2.9693391e-11,7.5620881e-05,1,0,0,0.060680871,-2.2896342e-05,0.42531533,144.50944,136.38857,59.5,0,1.0821041,0,0,nan,nan,12624.186,-497.01954,-0.0015934608,-453.47374,8.9178203e-10,-0.074581741,-2.6196621e-06,0,0,0,0,0,0
58.44,2658.1118,85.761818,-131.55255,84.161418,1.9968857,120.87001,1.3196454e-07,-0.93027792,2.3899775e-06,-3.4635545e-07,0.012083429,-2.5931829e-07,-0.26179939,-2.9659137e-11,7.5617252e-05,1,-0.7854,-2.9579267e-11,7.5608824e-05,1,0,0,0.060685139,-2.2897806e-05,0.42522191,144.4856,131.55255,59.5,0,1.0821041,0,0,nan,nan,12625.9,-497.086,-0.0015916785,-453.61695,1.293496e-09,-0.074904166,-2.5405099e-06,0,0,0,0,0,0
58.48,2661.4792,85.841693,-126.71885,84.206139,1.9968848,120.81203,1.3193867e-07,-0.92979475,2.3727286e-06,-3.4630715e-07,0.012074489,-2.5944971e-07,-0.26179939,-2.9544984e-11,7.5605172e-05,1,-0.7854,-2.9465045e-11,7.5596691e-05,1,0,0,0.060689426,-2.2899282e-05,0.42512807,144.46162,126.71885,59.5,0,1.0821041,0,0,nan,nan,12627.583,-497.15125,-0.0015898279,-453.75945,1.6919928e-09,-0.075225646,-2.461733e-06,0,0,0,0,0,0
58.52,2664.8482,85.921569,-121.88747,84.250692,1.9968839,120.75393,1.3190794e-07,-0.92931194,2.3554822e-06,-3.4624594e-07,0.01206551,-2.5957193e-07,-0.26179939,-2.9430732e-11,7.5593016e-05,1,-0.7854,-2.9350723e-11,7.5584481e-05,1,0,0,0.060693733,-2.290077e-05,0.4250338,144.43747,121.88747,59.5,0,1.0821041,0,0,nan,nan,12629.235,-497.21528,-0.0015879094,-453.90124,2.0870305e-09,-0.075546182,-2.3833333e-06,0,0,0,0,0,0
58.56,2668.2191,86.001444,-117.05842,84.295079,1.996883,120.69572,1.3187239e-07,-0.92882949,2.338239e-06,-3.4617191e-07,0.012056493,-2.5968498e-07,-0.26179939,-2.9316387e-11,7.5580784e-05,1,-0.7854,-2.9236317e-11,7.5572196e-05,1,0,0,0.060698059,-2.290227e-05,0.4249391,144.41318,117.05842,59.5,0,1.0821041,0,0,nan,nan,12630.857,-497.2781,-0.0015859234,-454.04233,2.4789018e-09,-0.075865775,-2.3053124e-06,0,0,0,0,0,0
58.6,2671.5918,86.081319,-112.2317,84.339299,1.996882,120.6374,1.3183207e-07,-0.9283474,2.3209995e-06,-3.4608517e-07,0.012047438,-2.5978893e-07,-0.26179939,-2.9201953e-11,7.5568476e-05,1,-0.7854,-2.912182e-11,7.5559835e-05,1,0,0,0.060702404,-2.2903783e-05,0.42484398,144.38873,112.2317,59.5,0,1.0821041,0,0,nan,nan,12632.449,-497.33973,-0.0015838702,-454.18271,2.8674322e-09,-0.076184424,-2.2276718e-06,0,0,0,0,0,0
58.64,2674.9662,86.161195,-107.40732,84.383353,1.9968811,120.57897,1.31787e-07,-0.92786568,2.3037644e-06,-3.4598583e-07,0.012038346,-2.5988381e-07,-0.26179939,-2.9087433e-11,7.5556093e-05,1,-0.7854,-2.9007242e-11,7.55474e-05,1,0,0,0.060706769,-2.2905308e-05,0.42474844,144.36414,107.40732,59.5,0,1.0821041,0,0,nan,nan,12634.01,-497.40015,-0.0015817501,-454.32239,3.2526469e-09,-0.076502132,-2.1504122e-06,0,0,0,0,0,0
58.68,2678.3423,86.24107,-102.58527,84.427241,1.9968802,120.52043,1.3173724e-07,-0.92738432,2.2865341e-06,-3.45874e-07,0.012029215,-2.599697e-07,-0.26179939,-2.8972834e-11,7.5543636e-05,1,-0.7854,-2.8892589e-11,7.5534891e-05,1,0,0,0.060711152,-2.2906845e-05,0.42465249,144.33939,102.58527,59.5,0,1.0821041,0,0,nan,nan,12635.541,-497.45938,-0.0015795635,-454.46137,3.6345712e-09,-0.076818898,-2.0735355e-06,0,0,0,0,0,0
58.72,2681.7203,86.320945,-97.765566,84.470962,1.9968793,120.46178,1.3168282e-07,-0.92690332,2.2693094e-06,-3.4574979e-07,0.012020047,-2.6004663e-07,-0.26179939,-2.885816e-11,7.5531105e-05,1,-0.7854,-2.8777864e-11,7.5522308e-05,1,0,0,0.060715555,-2.2908393e-05,0.42455612,144.3145,97.765566,59.5,0,1.0821041,0,0,nan,nan,12637.042,-497.51742,-0.0015773108,-454.59965,4.0131637e-09,-0.077134723,-1.9970421e-06,0,0,0,0,0,0
58.76,2685.0999,86.40082,-92.94821,84.514518,1.9968783,120.40303,1.3162379e-07,-0.9264227,2.2520907e-06,-3.4561329e-07,0.012010841,-2.6011466e-07,-0.26179939,-2.8743417e-11,7.55185e-05,1,-0.7854,-2.8663076e-11,7.5509653e-05,1,0,0,0.060719977,-2.2909954e-05,0.42445934,144.28946,92.94821,59.5,0,1.0821041,0,0,nan,nan,12638.513,-497.57428,-0.0015749922,-454.73724,4.3885841e-09,-0.077449607,-1.9209338e-06,0,0,0,0,0,0
58.8,2688.4813,86.480695,-88.133207,84.557908,1.9968774,120.34417,1.3156018e-07,-0.92594244,2.2348787e-06,-3.4546462e-07,0.012001598,-2.6017384e-07,-0.26179939,-2.8628609e-11,7.5505823e-05,1,-0.7854,-2.8548223e-11,7.5496924e-05,1,0,0,0.060724417,-2.2911526e-05,0.42436215,144.26427,88.133207,59.5,0,1.0821041,0,0,nan,nan,12639.954,-497.62995,-0.0015726083,-454.87413,4.7607908e-09,-0.077763552,-1.8452115e-06,0,0,0,0,0,0
58.84,2691.8645,86.56057,-83.32056,84.601133,1.9968765,120.2852,1.3149203e-07,-0.92546255,2.2176738e-06,-3.4530389e-07,0.011992318,-2.6022422e-07,-0.26179939,-2.8513742e-11,7.5493073e-05,1,-0.7854,-2.8433314e-11,7.5484124e-05,1,0,0,0.060728876,-2.291311e-05,0.42426455,144.23894,83.32056,59.5,0,1.0821041,0,0,nan,nan,12641.365,-497.68445,-0.0015701592,-455.01032,5.1296082e-09,-0.078076557,-1.7698764e-06,0,0,0,0,0,0
58.88,2695.2493,86.640446,-78.510274,84.644192,1.9968756,120.22613,1.3141939e-07,-0.92498303,2.2004767e-06,-3.4513119e-07,0.011983,-2.6026586e-07,-0.26179939,-2.8398816e-11,7.5480251e-05,1,-0.7854,-2.8318352e-11,7.5471252e-05,1,0,0,0.060733353,-2.2914705e-05,0.42416655,144.21346,78.510274,59.5,0,1.0821041,0,0,nan,nan,12642.747,-497.73779,-0.0015676454,-455.14582,5.4952629e-09,-0.078388623,-1.6949302e-06,0,0,0,0,0,0
58.92,2698.6359,86.720321,-73.702353,84.687086,1.9968747,120.16696,1.3134229e-07,-0.92450389,2.1832879e-06,-3.4494663e-07,0.011973645,-2.6029881e-07,-0.26179939,-2.8283842e-11,7.5467358e-05,1,-0.7854,-2.8203345e-11,7.545831e-05,1,0,0,0.060737849,-2.2916312e-05,0.42406814,144.18783,73.702353,59.5,0,1.0821041,0,0,nan,nan,12644.099,-497.78995,-0.0015650673,-455.28063,5.8576461e-09,-0.078699751,-1.6203725e-06,0,0,0,0,0,0
58.96,2702.0242,86.800195,-68.8968,84.729816,1.9968738,120.10769,1.3126078e-07,-0.92402512,2.166108e-06,-3.4475033e-07,0.011964253,-2.6032312e-07,-0.26179939,-2.8168824e-11,7.5454395e-05,1,-0.7854,-2.8088298e-11,7.5445297e-05,1,0,0,0.060742363,-2.2917931e-05,0.42396934,144.16206,68.8968,59.5,0,1.0821041,0,0,nan,nan,12645.422,-497.84095,-0.0015624253,-455.41475,6.2168502e-09,-0.079009941,-1.5462058e-06,0,0,0,0,0,0
59,2705.4142,86.88007,-64.09362,84.77238,1.9968728,120.04831,1.3117489e-07,-0.92354673,2.1489374e-06,-3.4454237e-07,0.011954824,-2.6033884e-07,-0.26179939,-2.8053767e-11,7.5441361e-05,1,-0.7854,-2.7973214e-11,7.5432214e-05,1,0,0,0.060746896,-2.291956e-05,0.42387014,144.13615,64.09362,59.5,0,1.0821041,0,0,nan,nan,12646.715,-497.8908,-0.0015597196,-455.54818,6.5729007e-09,-0.079319193,-1.4724318e-06,0,0,0,0,0,0
59.04,2708.8059,86.959945,-59.292817,84.81478,1.9968719,119.98884,1.3108466e-07,-0.92306872,2.1317768e-06,-3.4432288e-07,0.011945359,-2.6034603e-07,-0.26179939,-2.7938672e-11,7.5428257e-05,1,-0.7854,-2.7858094e-11,7.5419061e-05,1,0,0,0.060751446,-2.2921201e-05,0.42377054,144.1101,59.292817,59.5,0,1.0821041,0,0,nan,nan,12647.98,-497.9395,-0.0015569507,-455.68092,6.925622e-09,-0.079627508,-1.3990478e-06,0,0,0,0,0,0
59.08,2712.1993,87.03982,-54.494395,84.857015,1.996871,119.92926,1.3099014e-07,-0.92259109,2.1146266e-06,-3.4409195e-07,0.011935857,-2.6034474e-07,-0.26179939,-2.7823546e-11,7.5415084e-05,1,-0.7854,-2.7742948e-11,7.540584e-05,1,0,0,0.060756014,-2.2922853e-05,0.42367055,144.0839,54.494395,59.5,0,1.0821041,0,0,nan,nan,12649.215,-497.98704,-0.0015541189,-455.81298,7.2751734e-09,-0.079934886,-1.3260585e-06,0,0,0,0,0,0
59.12,2715.5944,87.119695,-49.698358,84.899086,1.9968701,119.86959,1.3089135e-07,-0.92211383,2.0974874e-06,-3.4384968e-07,0.011926318,-2.6033502e-07,-0.26179939,-2.7708392e-11,7.5401842e-05,1,-0.7854,-2.7627776e-11,7.539255e-05,1,0,0,0.060760601,-2.2924516e-05,0.42357018,144.05757,49.698358,59.5,0,1.0821041,0,0,nan,nan,12650.422,-498.03345,-0.0015512246,-455.94436,7.6215803e-09,-0.080241328,-1.2534641e-06,0,0,0,0,0,0
59.16,2718.9911,87.19957,-44.90471,84.940994,1.9968692,119.80982,1.3078835e-07,-0.92163696,2.0803598e-06,-3.4359618e-07,0.011916743,-2.6031692e-07,-0.26179939,-2.7593215e-11,7.5388532e-05,1,-0.7854,-2.7512585e-11,7.5379193e-05,1,0,0,0.060765205,-2.2926191e-05,0.42346941,144.03109,44.90471,59.5,0,1.0821041,0,0,nan,nan,12651.6,-498.07871,-0.0015482683,-456.07505,7.964868e-09,-0.080546832,-1.1812631e-06,0,0,0,0,0,0
59.2,2722.3896,87.279445,-40.113454,84.982737,1.9968683,119.74995,1.3068117e-07,-0.92116048,2.0632442e-06,-3.4333156e-07,0.011907131,-2.602905e-07,-0.26179939,-2.7478021e-11,7.5375155e-05,1,-0.7854,-2.7397379e-11,7.5365768e-05,1,0,0,0.060769826,-2.2927876e-05,0.42336826,144.00448,40.113454,59.5,0,1.0821041,0,0,nan,nan,12652.749,-498.12284,-0.0015452502,-456.20506,8.3048604e-09,-0.080851401,-1.1094592e-06,0,0,0,0,0,0
59.24,2725.7897,87.359319,-35.324595,85.024316,1.9968673,119.68999,1.3056985e-07,-0.92068437,2.0461412e-06,-3.4305591e-07,0.011897483,-2.602558e-07,-0.26179939,-2.7362812e-11,7.536171e-05,1,-0.7854,-2.7282163e-11,7.5352277e-05,1,0,0,0.060774465,-2.2929572e-05,0.42326673,143.97773,35.324595,59.5,0,1.0821041,0,0,nan,nan,12653.869,-498.16584,-0.0015421709,-456.3344,8.6417841e-09,-0.081155033,-1.0380527e-06,0,0,0,0,0,0
59.28,2729.1914,87.439194,-30.538136,85.065732,1.9968664,119.62994,1.3045443e-07,-0.92020866,2.0290513e-06,-3.4276934e-07,0.011887799,-2.6021289e-07,-0.26179939,-2.7247594e-11,7.5348199e-05,1,-0.7854,-2.7166938e-11,7.5338719e-05,1,0,0,0.060779122,-2.2931278e-05,0.42316482,143.95084,30.538136,59.5,0,1.0821041,0,0,nan,nan,12654.961,-498.20772,-0.0015390305,-456.46305,8.9755302e-09,-0.08145773,-9.6704336e-07,0,0,0,0,0,0
59.32,2732.5949,87.519069,-25.754081,85.106985,1.9968655,119.56979,1.3033494e-07,-0.91973333,2.0119749e-06,-3.4247195e-07,0.011878079,-2.6016182e-07,-0.26179939,-2.7132371e-11,7.5334621e-05,1,-0.7854,-2.7051713e-11,7.5325095e-05,1,0,0,0.060783796,-2.2932996e-05,0.42306253,143.92381,25.754081,59.5,0,1.0821041,0,0,nan,nan,12656.025,-498.24848,-0.0015358296,-456.59103,9.3061237e-09,-0.081759491,-8.9643146e-07,0,0,0,0,0,0
59.36,2735.9999,87.598943,-20.972434,85.148075,1.9968646,119.50955,1.3021143e-07,-0.91925839,1.9949127e-06,-3.4216385e-07,0.011868324,-2.6010263e-07,-0.26179939,-2.7017146e-11,7.5320978e-05,1,-0.7854,-2.6936489e-11,7.5311406e-05,1,0,0,0.060788487,-2.2934724e-05,0.42295986,143.89665,20.972434,59.5,0,1.0821041,0,0,nan,nan,12657.06,-498.28812,-0.0015325686,-456.71834,9.633657e-09,-0.082060317,-8.2621956e-07,0,0,0,0,0,0
59.4,2739.4066,87.678818,-16.193198,85.189002,1.9968637,119.44921,1.3008393e-07,-0.91878385,1.977865e-06,-3.4184513e-07,0.011858532,-2.6003539e-07,-0.26179939,-2.6901924e-11,7.530727e-05,1,-0.7854,-2.6821272e-11,7.5297652e-05,1,0,0,0.060793195,-2.2936462e-05,0.42285682,143.86935,16.193198,59.5,0,1.0821041,0,0,nan,nan,12658.067,-498.32665,-0.0015292477,-456.84497,9.958021e-09,-0.082360207,-7.5640812e-07,0,0,0,0,0,0
59.44,2742.815,87.758692,-11.416378,85.229766,1.9968628,119.38879,1.2995249e-07,-0.91830969,1.9608324e-06,-3.4151589e-07,0.011848705,-2.5996013e-07,-0.26179939,-2.6786711e-11,7.5293497e-05,1,-0.7854,-2.6706065e-11,7.5283834e-05,1,0,0,0.06079792,-2.2938211e-05,0.42275341,143.84192,11.416378,59.5,0,1.0821041,0,0,nan,nan,12659.046,-498.36407,-0.0015258675,-456.97093,1.0279308e-08,-0.082659162,-6.8699486e-07,0,0,0,0,0,0
59.48,2746.2249,87.838567,-6.6419755,85.270367,1.9968619,119.32827,1.2981714e-07,-0.91783593,1.9438154e-06,-3.4117624e-07,0.011838842,-2.5987693e-07,-0.26179939,-2.667151e-11,7.527966e-05,1,-0.7854,-2.6590874e-11,7.5269953e-05,1,0,0,0.060802662,-2.293997e-05,0.42264964,143.81436,6.6419755,59.5,0,1.0821041,0,0,nan,nan,12659.998,-498.40039,-0.0015224283,-457.09622,1.0597542e-08,-0.082957182,-6.1798429e-07,0,0,0,0,0,0
59.52,2749.6365,87.918441,-1.8699957,85.310807,1.996861,119.26767,1.2967791e-07,-0.91736256,1.9268145e-06,-3.4082627e-07,0.011828944,-2.5978582e-07,-0.26179939,-2.6556326e-11,7.5265759e-05,1,-0.7854,-2.6475704e-11,7.5256008e-05,1,0,0,0.060807421,-2.294174e-05,0.42254549,143.78666,1.8699957,59.5,0,1.0821041,0,0,nan,nan,12660.921,-498.43561,-0.0015189305,-457.22084,1.0912615e-08,-0.083254266,-5.4937619e-07,0,0,0,0,0,0
