time,x,y,z,vx,vy,vz,phi,theta,psi,p,q,r,elevator,aileron,rudder,throttle,elevator_cmd,aileron_cmd,rudder_cmd,throttle_cmd,tvc_pitch,tvc_yaw,alpha,beta,mach,airspeed,altitude,mass,thrust,pitch_sp,roll_sp,heading_sp,altitude_sp,speed_sp,qbar,rocket_aero_fx,rocket_aero_fy,rocket_aero_fz,rocket_aero_mx,rocket_aero_my,rocket_aero_mz,solid_motor_fx,solid_motor_fy,solid_motor_fz,solid_motor_mx,solid_motor_my,solid_motor_mz
0,0,0,-100,90,0,-55,0,0.54105207,0,0,0,0,-0.013962634,0,-0.0004360602,0.004,-0.29822169,0,-0.004360602,1,0,0,-0.0074973343,0,0.3103031,105.47512,100,85,16000,0.54858125,nan,0.00011009174,nan,nan,6748.8865,-63.574511,0.55444628,39.996523,0,194.03387,5.2857212,16000,0,0,0,0,0
0.02,1.829081,8.4106014e-06,-101.11553,93.236489,0.0014755466,-56.729345,8.7959556e-05,0.5432075,0.0001704579,-4.2418931e-06,0.22663993,0.022721831,-0.011142603,-3.520164e-06,-0.0064540851,0.043130476,0.13822366,-1.3703394e-05,-0.0037968319,1,0,0,-0.0033989708,-0.00013240087,0.32108533,109.13873,101.11553,84.874539,16133.333,0.54889462,nan,0.0012181503,nan,nan,7225.0898,-68.060346,9.2058703,25.963028,-0.00079649569,-130.00348,54.549025,16133.333,0,0,0,0,0
0.04,3.7230175,6.442529e-05,-102.26606,96.485286,0.0046967674,-58.507855,0.00044567147,0.54590802,0.00086175768,-0.00010887566,0.024235811,0.031889911,-0.00069558199,-2.9591642e-05,-0.0033901564,0.080723608,-0.079937318,-6.0645533e-05,-0.0053198709,1,0,0,0.0008023142,-0.0006948842,0.33197504,112.83873,102.26606,84.749077,16266.667,0.54919846,nan,0.0023392752,nan,nan,7722.427,-72.745262,7.2913346,-1.7116734,-0.0071193536,-25.073503,2.699777,16266.667,0,0,0,0,0
0.06,5.6822064,0.00020939127,-103.45233,99.766508,0.011128623,-60.302309,0.00086375375,0.54699603,0.0016761658,-0.00048601887,0.088723943,0.040249495,-0.0033767932,-6.5312304e-05,-0.0052058341,0.1168398,0.037737992,-9.7411179e-05,-0.0041995064,1,0,0,0.0033229405,-0.0013361606,0.34297177,116.57497,103.45233,84.623616,16400,0.54949236,nan,0.0034736068,nan,nan,8241.3526,-77.633541,12.923721,-6.7956282,-0.016642485,-83.257292,17.304294,16400,0,0,0,0,0
0.08,7.7072347,0.00051769338,-104.67476,103.07126,0.021363327,-62.127407,0.0013646934,0.54809282,0.0026680044,-0.001192007,0.021528689,0.042992288,-0.0040860139,-9.8879639e-05,-0.0045066662,0.15153706,-0.025190704,-0.00012600949,-0.005349232,1,0,0,0.0056466988,-0.0020998213,0.35407546,120.34742,104.67476,84.498155,16533.333,0.54977613,nan,0.0046212937,nan,nan,8782.341,-82.729653,15.563514,-15.039617,-0.026612063,10.147105,2.1185484,16533.333,0,0,0,0,0
0.1,9.7986279,0.0010695648,-105.93388,106.40624,0.036092119,-63.972274,0.0018731455,0.54872369,0.0037057603,-0.002207655,0.039094754,0.046262819,-0.0029303974,-0.00012253349,-0.0050872658,0.18487116,0.0073708006,-0.0001392086,-0.0048042218,1,0,0,0.0074193873,-0.0028714552,0.36528627,124.15611,105.93388,84.372694,16666.667,0.55004951,nan,0.0057824752,nan,nan,9345.8832,-88.03822,20.754707,-25.322444,-0.034706423,-40.996182,5.7213201,16666.667,0,0,0,0,0
0.12,11.956966,0.0019589409,-107.23011,109.76859,0.055608236,-65.84164,0.0023933652,0.54926839,0.0048081163,-0.0034546007,0.017697609,0.047337393,-0.0042870792,-0.00013546182,-0.0050298584,0.21689564,-0.0095438792,-0.00014303165,-0.0054078653,1,0,0,0.0089844006,-0.0036674662,0.37660417,128.00105,107.23011,84.247232,16800,0.55031231,nan,0.0069572912,nan,nan,9932.4642,-93.563813,25.425554,-31.20638,-0.040227603,6.5326321,1.7143132,16800,0,0,0,0,0
0.14,14.182818,0.0032845915,-108.56392,113.16051,0.080308873,-67.732021,0.0028998756,0.54967433,0.0059339751,-0.0048457166,0.021262121,0.048812117,-0.0036321302,-0.00013911153,-0.0052739687,0.24766195,-0.001385904,-0.00013939901,-0.0052659219,1,0,0,0.010330057,-0.0044529522,0.38802935,131.88228,108.56392,84.121771,16933.333,0.55056431,nan,0.0081458794,nan,nan,10542.584,-99.311143,31.112573,-40.660635,-0.043131912,-17.040986,2.3254175,16933.333,0,0,0,0,0
0.16,16.476766,0.0051526987,-109.93574,116.58119,0.11043029,-69.644819,0.0033932381,0.55001779,0.0070885134,-0.0063012071,0.014493371,0.049484043,-0.0043629528,-0.00013651184,-0.0053735064,0.27721952,-0.0056502625,-0.00013232887,-0.0055782558,1,0,0,0.011526943,-0.0052334097,0.39956187,135.79981,109.93574,83.99631,17066.667,0.55080532,nan,0.0093483765,nan,nan,11176.741,-105.2849,37.02827,-47.448212,-0.044000549,1.6875406,1.4138767,17066.667,0,0,0,0,0
0.18,18.839392,0.0076741871,-111.34601,120.03131,0.14626555,-71.579015,0.0038663568,0.55031273,0.0082596887,-0.0077624715,0.014517981,0.050338008,-0.0042242739,-0.00013020386,-0.0055332041,0.30561585,-0.0038850624,-0.00012361384,-0.0056177488,1,0,0,0.012604277,-0.0059992485,0.41120188,139.75369,111.34601,83.870849,17200,0.55103515,nan,0.010564918,nan,nan,11835.442,-111.48987,43.551176,-56.159021,-0.043433965,-6.7638875,1.4013706,17200,0,0,0,0,0
0.2,21.271284,0.010965536,-112.79516,123.51068,0.18805113,-73.535003,0.0043200258,0.55057148,0.0094485393,-0.0091908396,0.012152394,0.050920632,-0.0045824381,-0.00012225938,-0.0056647005,0.33289656,-0.0049535217,-0.00011481068,-0.0058107605,1,0,0,0.013576663,-0.006752361,0.42294946,143.74394,112.79516,83.745387,17333.333,0.55125359,nan,0.011795639,nan,nan,12519.197,-117.93083,50.522063,-63.910119,-0.042028202,-0.43862693,1.2426473,17333.333,0,0,0,0,0
0.22,23.773029,0.015148094,-114.28362,127.0195,0.23605018,-75.51253,0.0047533785,0.55080665,0.010651801,-0.010565034,0.011500301,0.05157019,-0.0046468907,-0.000113936,-0.0058044,0.35910547,-0.0046985162,-0.00010651734,-0.0059159963,1,0,0,0.014463902,-0.00749069,0.43480476,147.7706,114.28362,83.619926,17466.667,0.55146045,nan,0.013040672,nan,nan,13228.52,-124.61266,58.026324,-72.530083,-0.040198761,-2.9839226,1.1765604,17466.667,0,0,0,0,0
0.24,26.345214,0.020348367,-115.81183,130.55775,0.29051078,-77.511716,0.0051676299,0.55101971,0.011869557,-0.011875644,0.010397727,0.052136759,-0.0048501087,-0.00010597392,-0.005939385,0.38428469,-0.0050169608,-9.9054555e-05,-0.0060664974,1,0,0,0.015271123,-0.0082151119,0.44676788,151.83371,115.81183,83.494465,17600,0.55165553,nan,0.014300149,nan,nan,13963.93,-131.54022,66.054184,-80.982769,-0.038235398,-1.0817658,1.1682019,17600,0,0,0,0,0
0.26,28.98843,0.026697929,-117.38021,134.12548,0.35169447,-79.532525,0.0055636502,0.55121644,0.013101024,-0.013120857,0.0096981632,0.052725871,-0.004961826,-9.8690825e-05,-0.0060736756,0.40847469,-0.0050673456,-9.2448839e-05,-0.006191278,1,0,0,0.016008646,-0.0089255974,0.45883896,155.93329,117.38021,83.369004,17733.333,0.55183862,nan,0.015574201,nan,nan,14725.952,-138.71847,74.63073,-89.866491,-0.036296269,-1.7374257,1.1356671,17733.333,0,0,0,0,0
0.28,31.703266,0.034333587,-118.98921,137.72272,0.41986271,-81.575012,0.0059427088,0.55139701,0.01434618,-0.01430289,0.0089440617,0.053293724,-0.0050996589,-9.2186084e-05,-0.006206847,0.43171431,-0.0052112287,-8.6644001e-05,-0.00632736,1,0,0,0.016680101,-0.0096227497,0.47101811,160.06938,118.98921,83.243542,17866.667,0.55200954,nan,0.016862958,nan,nan,15515.114,-146.15237,83.774332,-98.85915,-0.034463239,-1.2199555,1.1473949,17866.667,0,0,0,0,0
0.3,34.490313,0.043397454,-120.63925,141.34948,0.49528583,-83.639196,0.0063059548,0.55156349,0.015604896,-0.015425794,0.0082780132,0.05387024,-0.0052052839,-8.6430389e-05,-0.0063385059,0.45404091,-0.0052994411,-8.1536162e-05,-0.0064560585,1,0,0,0.017291032,-0.010306981,0.48330545,164.24201,120.63925,83.118081,18000,0.55216807,nan,0.018166546,nan,nan,16331.947,-153.84694,93.502408,-108.12504,-0.032763921,-1.3651473,1.1398274,18000,0,0,0,0,0
0.32,37.350088,0.054035912,-122.33073,144.99213,0.57801405,-85.716696,0.0066545272,0.55171593,0.016877187,-0.016494068,0.0076134762,0.054443346,-0.0053077402,-8.1352717e-05,-0.0064697065,0.47549035,-0.0053932197,-7.7038801e-05,-0.0065881229,1,0,0,0.017846211,-0.010979794,0.49565388,168.43516,122.33073,82.99262,17985.185,0.55231404,nan,0.01948507,nan,nan,17173.715,-161.7764,103.82559,-117.55779,-0.031196227,-1.239522,1.1481374,17985.185,0,0,0,0,0
0.34,40.282708,0.066393934,-124.06378,148.63392,0.66800117,-87.797216,0.0069894747,0.55185495,0.018163065,-0.017511945,0.0069678979,0.055021371,-0.0053953446,-7.6879148e-05,-0.006600962,0.49609709,-0.0054710402,-7.3077622e-05,-0.0067189145,1,0,0,0.018351245,-0.011642883,0.50800562,172.62919,124.06378,82.867159,17970.37,0.55244733,nan,0.020818547,nan,nan,18036.605,-169.90482,114.74586,-127.17113,-0.029751997,-1.2588764,1.1515567,17970.37,0,0,0,0,0
0.36,43.288156,0.080618509,-125.83847,152.2748,0.76544884,-89.880721,0.007311781,0.55198061,0.019462575,-0.018483458,0.0063282492,0.055599925,-0.0054742199,-7.2931175e-05,-0.0067320732,0.51589423,-0.0055404966,-6.9570749e-05,-0.0068500525,1,0,0,0.018808853,-0.012296697,0.52036051,176.82405,125.83847,82.741697,17955.556,0.55256789,nan,0.022166966,nan,nan,18920.594,-178.232,126.27511,-136.92888,-0.028424392,-1.2276522,1.1543391,17955.556,0,0,0,0,0
0.38,46.366413,0.096860686,-127.65486,155.91474,0.87056223,-91.967171,0.0076223283,0.55209311,0.020775719,-0.019412324,0.0056926687,0.056179603,-0.0055422801,-6.9432645e-05,-0.0068629587,0.5349136,-0.0055998487,-6.6448151e-05,-0.0069806229,1,0,0,0.019221666,-0.012941586,0.5327184,181.01968,127.65486,82.616236,17940.741,0.55267561,nan,0.023530319,nan,nan,19825.664,-186.75775,138.42482,-146.82249,-0.027201481,-1.2278696,1.1548209,17940.741,0,0,0,0,0
0.4,49.51746,0.11527565,-129.513,159.55368,0.98354971,-94.056524,0.0079219229,0.55219248,0.022102489,-0.020301843,0.0050590355,0.056759215,-0.0056010402,-6.631698e-05,-0.0069935454,0.55318574,-0.0056500062,-6.3652901e-05,-0.007110936,1,0,0,0.019591945,-0.013577842,0.54507916,185.21602,129.513,82.490775,17925.926,0.55277043,nan,0.024908592,nan,nan,20751.789,-195.48185,151.2059,-156.82922,-0.026070875,-1.220352,1.1553345,17925.926,0,0,0,0,0
0.42,52.741276,0.13602279,-131.41296,163.19158,1.1046227,-96.148735,0.0082113023,0.55227876,0.023442866,-0.021154923,0.0044256428,0.057338788,-0.0056504486,-6.3528519e-05,-0.0071237402,0.57074001,-0.0056913387,-6.1139097e-05,-0.0072407368,1,0,0,0.019921798,-0.014205699,0.55744264,189.41301,131.41296,82.365314,17911.111,0.55285225,nan,0.026301771,nan,nan,21698.946,-204.40407,164.62855,-166.93168,-0.02502158,-1.219389,1.1550319,17911.111,0,0,0,0,0
0.44,56.037841,0.15926572,-133.35478,166.82839,1.2339956,-98.243754,0.0084911458,0.55235195,0.024796824,-0.021974133,0.0037920114,0.05791799,-0.0056910769,-6.1021704e-05,-0.0072534745,0.58760462,-0.0057241358,-5.8869567e-05,-0.0073700285,1,0,0,0.020213127,-0.014825351,0.56980869,193.61061,133.35478,82.239852,17896.296,0.55292101,nan,0.027709838,nan,nan,22667.108,-213.52416,178.70247,-177.10927,-0.024044626,-1.2179207,1.1547135,17896.296,0,0,0,0,0
0.46,59.407132,0.18517241,-135.33853,170.46407,1.3718854,-100.34153,0.0087620816,0.55241204,0.026164337,-0.022761773,0.0031574372,0.058496763,-0.0057232151,-5.8759257e-05,-0.0073826678,0.60380666,-0.0057488086,-5.6813735e-05,-0.0074987046,1,0,0,0.020467702,-0.015436954,0.58217717,197.80876,135.33853,82.114391,17881.481,0.55297661,nan,0.029132776,nan,nan,23656.248,-222.84186,193.43666,-187.34206,-0.023132882,-1.217879,1.1541243,17881.481,0,0,0,0,0
0.48,62.849126,0.21391516,-137.36427,174.09859,1.518512,-102.44199,0.009024692,0.55245901,0.027545372,-0.023519929,0.0025217434,0.059074991,-0.005747234,-5.6710386e-05,-0.0075112499,0.61937215,-0.0057656397,-5.494598e-05,-0.0076267074,1,0,0,0.020687151,-0.016040632,0.59454793,202.00739,137.36427,81.98893,17866.667,0.55301898,nan,0.030570561,nan,nan,24666.337,-232.35689,208.83955,-197.60925,-0.022280655,-1.2180875,1.1534867,17866.667,0,0,0,0,0
0.5,66.363799,0.2456707,-139.43203,177.7319,1.6740975,-104.54509,0.0092795179,0.55249285,0.028939898,-0.024250512,0.0018846909,0.059652619,-0.0057634461,-5.4849284e-05,-0.007639148,0.63432612,-0.0057749573,-5.3244473e-05,-0.0077539615,1,0,0,0.020872997,-0.016636482,0.60692083,206.20646,139.43203,81.863469,17851.852,0.55304802,nan,0.032023172,nan,nan,25697.342,-242.06896,224.91889,-207.88986,-0.021483256,-1.2186594,1.1527426,17851.852,0,0,0,0,0
0.52,69.951128,0.28062023,-141.54188,181.36396,1.8388665,-106.65076,0.009527062,0.55251353,0.030347882,-0.024955287,0.001246206,0.060229586,-0.0057721596,-5.3154001e-05,-0.0077662929,0.64869258,-0.0057770388,-5.1690367e-05,-0.0078804006,1,0,0,0.021026657,-0.017224576,0.61929574,210.40592,141.54188,81.738007,17837.037,0.55306366,nan,0.033490581,nan,nan,26749.232,-251.97777,241.68181,-218.16255,-0.020736675,-1.2193935,1.1519456,17837.037,0,0,0,0,0
0.54,73.611086,0.31894946,-143.69386,184.99474,2.0130459,-108.75892,0.0097677918,0.55252102,0.031769286,-0.025635894,0.00060621496,0.060805844,-0.0057736609,-5.1605642e-05,-0.0078926163,0.66249461,-0.0057721623,-5.0267258e-05,-0.0080059574,1,0,0,0.021149461,-0.017804968,0.6316725,214.6057,143.69386,81.612546,17822.222,0.5530658,nan,0.034972759,nan,nan,27821.973,-262.08299,259.13477,-228.40575,-0.020037339,-1.2202424,1.151085,17822.222,0,0,0,0,0
0.56,77.343648,0.36084865,-145.88803,188.62421,2.1968645,-110.86949,0.010002142,0.5525153,0.033204077,-0.026293858,-3.5308761e-05,0.061381345,-0.0057682225,-5.0187796e-05,-0.0080180515,0.6757544,-0.0057605843,-4.8960781e-05,-0.0081305668,1,0,0,0.021242659,-0.01837769,0.64405099,218.80576,145.88803,81.487085,17807.407,0.55305436,nan,0.036469677,nan,nan,28915.528,-272.38428,277.28354,-238.59763,-0.019381984,-1.2211621,1.1501718,17807.407,0,0,0,0,0
0.58,81.148788,0.40651266,-148.12443,192.25233,2.3905532,-112.9824,0.010230516,0.55249634,0.034652214,-0.0269306,-0.00067838479,0.061956045,-0.0057561023,-4.8886123e-05,-0.0081425337,0.68849324,-0.0057425518,-4.7758328e-05,-0.0082541654,1,0,0,0.021307429,-0.018942764,0.65643104,223.00604,148.12443,81.361624,17792.593,0.55302925,nan,0.037981299,nan,nan,30029.861,-282.88129,296.13324,-248.7162,-0.018767573,-1.2221257,1.1492037,17792.593,0,0,0,0,0
0.6,85.026477,0.45614099,-150.40311,195.87906,2.5943446,-115.09756,0.010453289,0.55246411,0.036113661,-0.02754744,-0.0013230198,0.062529899,-0.0057375456,-4.768805e-05,-0.0082659995,0.7007316,-0.0057182984,-4.6648809e-05,-0.0083766911,1,0,0,0.021344885,-0.019500193,0.66881253,227.20648,150.40311,81.236162,17777.778,0.5529904,nan,0.039507591,nan,nan,31164.933,-293.57366,315.68828,-258.7393,-0.018191265,-1.22312,1.1481816,17777.778,0,0,0,0,0
0.62,88.976689,0.50993779,-152.72412,199.5044,2.8084729,-117.21487,0.01067081,0.55241857,0.037588377,-0.028145608,-0.0019692168,0.063102865,-0.0057127859,-4.6582527e-05,-0.0083883871,0.71248914,-0.0056880479,-4.5622458e-05,-0.0084980838,1,0,0,0.021356082,-0.020049974,0.68119532,231.40704,152.72412,81.110701,17762.963,0.5529377,nan,0.041048512,nan,nan,32320.702,-304.46101,335.95238,-268.64466,-0.017650389,-1.2241352,1.1471039,17762.963,0,0,0,0,0
0.64,92.999394,0.56811191,-155.08749,203.12829,3.0331737,-119.33424,0.010883403,0.55235971,0.039076321,-0.028726248,-0.0026169757,0.063674898,-0.0056820463,-4.5559827e-05,-0.0085096365,0.72378476,-0.0056520142,-4.4670668e-05,-0.0086182849,1,0,0,0.021342024,-0.02059209,0.69357926,235.60765,155.08749,80.98524,17748.148,0.55287108,nan,0.042604023,nan,nan,33497.127,-315.54293,356.92858,-278.4099,-0.017142444,-1.2251671,1.145969,17748.148,0,0,0,0,0
0.66,97.094564,0.63087695,-157.49326,206.75073,3.2686842,-121.45558,0.011091369,0.55228748,0.04057745,-0.029290421,-0.0032662955,0.064245955,-0.0056455402,-4.4611379e-05,-0.0086296893,0.7346366,-0.0056104023,-4.3785842e-05,-0.0087372375,1,0,0,0.021303664,-0.021126518,0.70596421,239.80827,157.49326,80.859779,17733.333,0.55279045,nan,0.044174077,nan,nan,34694.164,-326.81902,378.61918,-288.0126,-0.01666509,-1.2262128,1.1447751,17733.333,0,0,0,0,0
0.68,101.26217,0.69845123,-159.94148,210.37168,3.5152424,-123.57877,0.011294985,0.55220186,0.042091722,-0.029839115,-0.0039171747,0.064815991,-0.0056034722,-4.3729619e-05,-0.0087484888,0.7450621,-0.0055634093,-4.2961272e-05,-0.0088548865,1,0,0,0.021241915,-0.021653228,0.71835003,244.00883,159.94148,80.734317,17718.519,0.55269571,nan,0.04575863,nan,nan,35911.768,-338.28885,401.02579,-297.43029,-0.016216138,-1.2272715,1.1435197,17718.519,0,0,0,0,0
0.7,105.50218,0.77105786,-162.43217,213.99112,3.7730877,-125.70369,0.011494511,0.55210282,0.043619092,-0.030373244,-0.0045696125,0.065384961,-0.0055560389,-4.2907863e-05,-0.00886598,0.75507801,-0.0055112251,-4.2191016e-05,-0.0089711784,1,0,0,0.021157646,-0.022172184,0.73073659,248.20929,162.43217,80.608856,17703.704,0.55258679,nan,0.04735763,nan,nan,37149.891,-349.95198,424.14933,-306.64053,-0.015793549,-1.2283428,1.1422005,17703.704,0,0,0,0,0
0.72,109.81457,0.84892475,-164.96538,217.60903,4.04246,-127.83025,0.011690186,0.55199034,0.045159514,-0.030893659,-0.0052236082,0.065952819,-0.0055034297,-4.2140196e-05,-0.0089821097,0.76470041,-0.0054540324,-4.1469814e-05,-0.0090860617,1,0,0,0.021051692,-0.022683345,0.74312373,252.4096,164.96538,80.483395,17688.889,0.55246359,nan,0.048971026,nan,nan,38408.487,-361.80794,447.98998,-315.62088,-0.015395421,-1.2294269,1.140815,17688.889,0,0,0,0,0
0.74,114.1993,0.93228459,-167.54114,221.2254,4.3235999,-129.9583,0.011882233,0.55186437,0.04671294,-0.031401148,-0.0058791622,0.066519518,-0.0054458272,-4.1421378e-05,-0.0090968265,0.77394477,-0.0053920083,-4.0792994e-05,-0.0091994865,1,0,0,0.020924855,-0.023186668,0.75551133,256.60969,167.54114,80.357934,17674.074,0.55232603,nan,0.050598763,nan,nan,39687.503,-373.85628,472.54724,-324.349,-0.015019983,-1.2305242,1.1393603,17674.074,0,0,0,0,0
0.76,118.65634,1.0213749,-170.15947,224.84021,4.6167489,-132.08774,0.012070858,0.55172489,0.048279322,-0.031896443,-0.0065362753,0.06708501,-0.0053834079,-4.0746756e-05,-0.0092100806,0.78282595,-0.005325324,-4.0156402e-05,-0.0093114046,1,0,0,0.020777906,-0.023682104,0.76789924,260.80952,170.15947,80.232472,17659.259,0.55217402,nan,0.052240782,nan,nan,40986.889,-386.0965,497.81988,-332.80262,-0.014665583,-1.2316353,1.1378336,17659.259,0,0,0,0,0
0.78,123.18567,1.1164381,-172.8204,228.45343,4.9221483,-134.21842,0.01225625,0.55157186,0.04985861,-0.03238022,-0.0071949492,0.067649246,-0.0053163427,-4.0112194e-05,-0.0093218243,0.7913582,-0.0052541453,-3.9556338e-05,-0.0094217698,1,0,0,0.020611586,-0.024169606,0.78028732,265.00902,172.8204,80.107011,17644.444,0.55200748,nan,0.053897023,nan,nan,42306.592,-398.5281,523.80598,-340.95959,-0.014330686,-1.2327607,1.1362319,17644.444,0,0,0,0,0
0.8,127.78724,1.2177213,-175.52395,232.06507,5.2400401,-136.3502,0.012438585,0.55140527,0.051450753,-0.03285311,-0.0078551862,0.068212177,-0.0052447973,-3.9514008e-05,-0.0094320113,0.79955524,-0.0051786335,-3.8989503e-05,-0.0095305376,1,0,0,0.020426612,-0.024649124,0.79267543,269.20816,175.52395,79.98155,17629.63,0.55182632,nan,0.055567421,nan,nan,43646.557,-411.15057,550.50293,-348.79792,-0.014013858,-1.2339008,1.1345521,17629.63,0,0,0,0,0
0.82,132.46104,1.3254765,-178.27015,235.6751,5.5706659,-138.48295,0.012618028,0.55122507,0.053055698,-0.033315693,-0.0085169891,0.068773749,-0.0051689325,-3.894891e-05,-0.0095405974,0.80743024,-0.0050989453,-3.8452947e-05,-0.0096376654,1,0,0,0.020223676,-0.025120607,0.80506342,273.40686,178.27015,79.856089,17614.815,0.55163045,nan,0.057251911,nan,nan,45006.727,-423.96337,577.9074,-356.29581,-0.013713765,-1.2350559,1.1327911,17614.815,0,0,0,0,0
0.84,137.20702,1.4399606,-181.05901,239.28351,5.9142674,-140.61652,0.012794727,0.55103123,0.05467339,-0.033768508,-0.0091803613,0.069333911,-0.0050889048,-3.8413964e-05,-0.0096475401,0.81499585,-0.0050152332,-3.794403e-05,-0.0097431124,1,0,0,0.020003448,-0.025584004,0.81745117,277.60509,181.05901,79.730627,17600,0.55141979,nan,0.058950423,nan,nan,46387.045,-436.96596,606.01542,-363.43165,-0.013429163,-1.2362262,1.1309456,17600,0,0,0,0,0
0.86,142.02515,1.5614353,-183.89054,242.8903,6.2710861,-142.75075,0.012968821,0.55082373,0.056303775,-0.034212055,-0.0098453066,0.069892609,-0.0050048665,-3.7906541e-05,-0.0097527987,0.82226422,-0.0049276459,-3.7460384e-05,-0.0098468394,1,0,0,0.019766577,-0.026039267,0.82983853,281.80277,183.89054,79.605166,17585.185,0.55119425,nan,0.060662884,nan,nan,47787.451,-450.15779,634.8223,-370.18408,-0.013158893,-1.2374119,1.1290121,17585.185,0,0,0,0,0
0.88,146.91541,1.6901671,-186.76477,246.49546,6.6413627,-144.8855,0.013140439,0.55060253,0.057946794,-0.034646794,-0.010511829,0.070449786,-0.0049169658,-3.7424283e-05,-0.0098563346,0.82924704,-0.0048363285,-3.6999885e-05,-0.0099488094,1,0,0,0.019513693,-0.026486345,0.84222535,285.99987,186.76477,79.479705,17570.37,0.55095376,nan,0.062389219,nan,nan,49207.884,-463.53826,664.3227,-376.53198,-0.012901873,-1.2386128,1.1269873,17570.37,0,0,0,0,0
0.9,151.87775,1.8264273,-189.6817,250.09899,7.0253375,-147.02058,0.013309697,0.55036761,0.05960239,-0.035073153,-0.011179933,0.071005385,-0.0048253478,-3.6965075e-05,-0.0099581105,0.83595552,-0.0047414226,-3.656062e-05,-0.010048987,1,0,0,0.019245407,-0.026925192,0.8546115,290.19633,189.6817,79.354244,17555.556,0.55069822,nan,0.064129349,nan,nan,50648.281,-477.10681,694.51063,-382.45456,-0.012657095,-1.2398287,1.1248675,17555.556,0,0,0,0,0
0.92,156.91215,1.9704921,-192.64133,253.70087,7.4232501,-149.15585,0.013476703,0.55011892,0.061270501,-0.035491524,-0.011849622,0.071559348,-0.0047301538,-3.6527012e-05,-0.010058091,0.84240044,-0.0046430667,-3.6140866e-05,-0.010147338,1,0,0,0.018962314,-0.027355762,0.86699684,294.39209,192.64133,79.228782,17540.741,0.55042756,nan,0.065883194,nan,nan,52108.579,-490.86282,725.37943,-387.93129,-0.012423618,-1.2410591,1.1226493,17540.741,0,0,0,0,0
0.94,162.01857,2.1226423,-195.64366,257.30111,7.835339,-151.29112,0.013641557,0.54985644,0.062951066,-0.035902271,-0.0125209,0.072111614,-0.0046315222,-3.6108378e-05,-0.010156244,0.84859215,-0.0045413964,-3.5739068e-05,-0.010243832,1,0,0,0.018664993,-0.027778012,0.87938123,298.5871,195.64366,79.103321,17525.926,0.5501417,nan,0.067650668,nan,nan,53588.712,-504.80567,756.92182,-392.94203,-0.012200565,-1.2423036,1.1203289,17525.926,0,0,0,0,0
0.96,167.19698,2.2831637,-198.6887,260.89971,8.2618415,-153.42622,0.01380435,0.54958013,0.064644021,-0.03630573,-0.013193773,0.072662121,-0.0045295882,-3.5707625e-05,-0.010252536,0.8545406,-0.0044365442,-3.535382e-05,-0.010338438,1,0,0,0.018354009,-0.0281919,0.89176452,302.78131,198.6887,78.97786,17511.111,0.54984055,nan,0.069431684,nan,nan,55088.613,-518.93473,789.1299,-397.46698,-0.011987117,-1.2435613,1.1179026,17511.111,0,0,0,0,0
0.98,172.44735,2.4523465,-201.77644,264.49666,8.7029939,-155.56096,0.013965163,0.54928997,0.0663493,-0.036702208,-0.013868242,0.073210804,-0.0044244842,-3.5323353e-05,-0.010346939,0.86025536,-0.0043286402,-3.498385e-05,-0.010431129,1,0,0,0.018029911,-0.028597389,0.90414657,306.97466,201.77644,78.852399,17496.296,0.54952404,nan,0.071226153,nan,nan,56608.212,-533.24936,821.99514,-401.48672,-0.011782509,-1.2448313,1.1153667,17496.296,0,0,0,0,0
1,177.76965,2.6304859,-204.90686,268.09198,9.1590308,-157.69516,0.014124073,0.54898591,0.068066837,-0.037091989,-0.014544313,0.0737576,-0.00431634,-3.4954296e-05,-0.010439424,0.86574559,-0.0042178118,-3.4628004e-05,-0.010521877,1,0,0,0.017693235,-0.028994443,0.91652725,311.16709,204.90686,78.726937,17481.481,0.54919209,nan,0.07303398,nan,nan,58147.44,-547.74889,855.50844,-404.98225,-0.011586028,-1.2461125,1.1127174,17481.481,0,0,0,0,0
1.02,183.16383,2.8178818,-208.07997,271.68565,9.6301856,-159.82862,0.014281149,0.54866794,0.069796562,-0.037475335,-0.015221986,0.074302439,-0.0042052828,-3.4599304e-05,-0.010529965,0.87102013,-0.0041041837,-3.4285233e-05,-0.010610658,1,0,0,0.017344506,-0.02938303,0.92890641,315.35856,208.07997,78.601476,17466.667,0.54884462,nan,0.074855069,nan,nan,59706.226,-562.43265,889.66009,-407.93499,-0.011397007,-1.2474035,1.1099507,17466.667,0,0,0,0,0
1.04,188.62988,3.0148386,-211.29574,275.27769,10.11669,-161.96115,0.014436453,0.54833601,0.071538404,-0.037852485,-0.015901266,0.074845254,-0.0040914374,-3.4257333e-05,-0.010618538,0.87608744,-0.0039878787,-3.3954583e-05,-0.01069745,1,0,0,0.016984235,-0.02976312,0.9412839,319.54901,211.29574,78.476015,17451.852,0.54848156,nan,0.076689321,nan,nan,61284.495,-577.29994,924.43985,-410.32684,-0.011214826,-1.248703,1.1070629,17451.852,0,0,0,0,0
1.06,194.16775,3.2216652,-214.55415,278.86809,10.618772,-164.09255,0.01459004,0.5479901,0.073292291,-0.038223657,-0.016582152,0.075385973,-0.003974926,-3.3927433e-05,-0.010705119,0.88095567,-0.0038690171,-3.3635184e-05,-0.010782231,1,0,0,0.016612923,-0.03013469,0.9536596,323.73838,214.55415,78.350554,17437.037,0.54810283,nan,0.078536633,nan,nan,62882.174,-592.35008,959.83691,-412.14014,-0.011038902,-1.2500092,1.1040501,17437.037,0,0,0,0,0
1.08,199.77741,3.4386754,-217.85517,282.45688,11.136662,-166.22261,0.014741963,0.54763017,0.075058148,-0.038589052,-0.017264646,0.075924524,-0.0038558689,-3.3608738e-05,-0.010789689,0.88563264,-0.0037477168,-3.3326243e-05,-0.010864982,1,0,0,0.01623106,-0.030497716,0.96603336,327.92662,217.85517,78.225092,17422.222,0.54770837,nan,0.0803969,nan,nan,64499.185,-607.58232,995.83991,-413.35774,-0.010868692,-1.2513202,1.1009082,17422.222,0,0,0,0,0
1.1,205.45884,3.6661873,-221.19878,286.04405,11.670583,-168.35112,0.014892266,0.54725619,0.0768359,-0.038948854,-0.017948748,0.076460831,-0.0037343839,-3.3300458e-05,-0.010872227,0.89012586,-0.003624094,-3.3027034e-05,-0.010945685,1,0,0,0.015839123,-0.030852182,0.97840503,332.11368,221.19878,78.099631,17407.407,0.54729809,nan,0.082270013,nan,nan,66135.452,-622.99596,1032.437,-413.963,-0.01070369,-1.2526342,1.0976334,17407.407,0,0,0,0,0
1.12,211.21199,3.9045235,-224.58495,289.62961,12.220759,-170.47787,0.015040989,0.54686813,0.078625466,-0.039303227,-0.018634455,0.07699482,-0.0036105869,-3.300187e-05,-0.010952717,0.89444256,-0.0034982625,-3.2736891e-05,-0.011024324,1,0,0,0.015437582,-0.031198072,0.99077447,336.29951,224.58495,77.97417,17392.593,0.54687193,nan,0.084155861,nan,nan,67790.895,-638.59023,1069.6159,-413.93978,-0.01054342,-1.2539488,1.0942218,17392.593,0,0,0,0,0
1.14,217.03684,4.1540112,-228.01363,293.21357,12.787411,-172.60263,0.015188169,0.54646596,0.080426767,-0.039652323,-0.019321765,0.077526411,-0.0034845916,-3.2712311e-05,-0.011031142,0.89858966,-0.0033703343,-3.2455206e-05,-0.011100885,1,0,0,0.015026895,-0.031535376,1.0031415,340.48404,228.01363,77.848708,17377.778,0.54642983,nan,0.086054329,nan,nan,69465.434,-654.36439,1107.3636,-413.27252,-0.01038744,-1.2552617,1.0906693,17377.778,0,0,0,0,0
1.16,222.93336,4.4149818,-231.48479,296.79595,13.370757,-174.72519,0.015333837,0.54604963,0.08223972,-0.039996279,-0.020010675,0.078055524,-0.0033565098,-3.2431175e-05,-0.011107489,0.90257383,-0.0032404193,-3.2181418e-05,-0.011175355,1,0,0,0.014607512,-0.031864087,1.0155061,344.66723,231.48479,77.723247,17362.963,0.54597172,nan,0.0879653,nan,nan,71158.986,-670.31765,1145.667,-411.9462,-0.010235334,-1.2565703,1.086972,17362.963,0,0,0,0,0
1.18,228.9015,4.6877712,-234.99838,300.37675,13.971012,-176.8453,0.01547802,0.54561913,0.08406424,-0.040335219,-0.020701178,0.078582077,-0.0032264512,-3.2157904e-05,-0.011181743,0.90640147,-0.0031086257,-3.1915011e-05,-0.011247723,1,0,0,0.014179873,-0.032184204,1.027868,348.84902,234.99838,77.597786,17348.148,0.54549753,nan,0.089888653,nan,nan,72871.468,-686.44923,1184.5123,-409.94638,-0.010086716,-1.257872,1.0831261,17348.148,0,0,0,0,0
1.2,234.94125,4.9727194,-238.55435,303.95598,14.588389,-178.96276,0.015620742,0.54517443,0.085900241,-0.040669252,-0.021393269,0.079105988,-0.0030945237,-3.1891985e-05,-0.011253896,0.91007874,-0.0029750594,-3.165551e-05,-0.011317979,1,0,0,0.013744409,-0.032495726,1.0402271,353.02936,238.55435,77.472325,17333.333,0.5450072,nan,0.091824265,nan,nan,74602.796,-702.75834,1223.8854,-407.2592,-0.0099412219,-1.2591638,1.0791274,17333.333,0,0,0,0,0
1.22,241.05258,5.2701708,-242.15264,307.53367,15.223098,-181.0773,0.015762022,0.54471547,0.087747634,-0.040998479,-0.022086938,0.079627169,-0.0029608334,-3.1632943e-05,-0.011323936,0.91361153,-0.002839825,-3.1402476e-05,-0.011386115,1,0,0,0.013301543,-0.032798661,1.0525833,357.20819,242.15264,77.346863,17318.519,0.54450068,nan,0.093772008,nan,nan,76352.882,-719.24415,1263.7716,-403.87141,-0.0097985129,-1.2604427,1.0749721,17318.519,0,0,0,0,0
1.24,247.23544,5.5804739,-245.79319,311.10982,15.875345,-183.18871,0.015901878,0.54424225,0.089606328,-0.041322986,-0.022782176,0.080145534,-0.0028254844,-3.1380342e-05,-0.011391857,0.91700553,-0.0027030248,-3.1155504e-05,-0.011452125,1,0,0,0.012851687,-0.033093016,1.0649364,361.38546,245.79319,77.221402,17303.704,0.5439779,nan,0.095731755,nan,nan,78121.64,-735.90585,1304.1561,-399.77035,-0.0096582716,-1.2617054,1.0706564,17303.704,0,0,0,0,0
1.26,253.48981,5.9039812,-249.47594,314.68445,16.545334,-185.29673,0.016040322,0.54375472,0.091476229,-0.041642851,-0.023478971,0.080660994,-0.0026885789,-3.1133778e-05,-0.011457651,0.92026618,-0.0025647596,-3.0914217e-05,-0.011516003,1,0,0,0.012395249,-0.033378805,1.0772863,365.56111,249.47594,77.095941,17288.889,0.5434388,nan,0.097703371,nan,nan,79908.979,-752.74259,1345.0235,-394.944,-0.0095202009,-1.2629487,1.0661762,17288.889,0,0,0,0,0
1.28,259.81566,6.2410495,-253.20082,318.25756,17.233265,-187.40112,0.016177365,0.54325286,0.093357242,-0.041958144,-0.024177308,0.081173457,-0.0025502177,-3.0892876e-05,-0.011521314,0.92339874,-0.0024251284,-3.0678268e-05,-0.011577746,1,0,0,0.011932626,-0.033656045,1.0896328,369.73509,253.20082,76.97048,17274.074,0.54288335,nan,0.099686722,nan,nan,81714.811,-769.75352,1386.3582,-389.38098,-0.0093840228,-1.2641689,1.0615278,17274.074,0,0,0,0,0
1.3,266.21296,6.5920394,-256.96776,321.82919,17.939335,-189.50162,0.016313014,0.54273664,0.095249269,-0.042268922,-0.024877173,0.081682831,-0.0024104993,-3.0657291e-05,-0.011582842,0.92640822,-0.0022842282,-3.0447332e-05,-0.011637351,1,0,0,0.011464206,-0.033924757,1.1019758,373.90735,256.96776,76.845018,17259.259,0.54231147,nan,0.10168167,nan,nan,83539.042,-786.93777,1428.1442,-383.07053,-0.0092494773,-1.2653624,1.0567074,17259.259,0,0,0,0,0
1.32,272.68167,6.9573153,-260.77666,325.39933,18.663736,-191.59799,0.016447273,0.54220602,0.097152209,-0.042575237,-0.025578548,0.082189021,-0.0022695209,-3.0426699e-05,-0.011642232,0.92929947,-0.0021421545,-3.0221109e-05,-0.011694818,1,0,0,0.010990373,-0.034184965,1.1143151,378.07783,260.77666,76.719557,17244.444,0.54172313,nan,0.10368807,nan,nan,85381.579,-804.29448,1470.3653,-376.00255,-0.0091163209,-1.2665254,1.051711,17244.444,0,0,0,0,0
1.34,279.22178,7.3372456,-264.62746,328.96801,19.406659,-193.68996,0.016580146,0.54166098,0.099065961,-0.042877132,-0.026281412,0.082691931,-0.0021273776,-3.02008e-05,-0.011699486,0.93207712,-0.0019990011,-2.9999319e-05,-0.011750147,1,0,0,0.010511499,-0.034436698,1.1266507,382.24648,264.62746,76.594096,17229.63,0.54111827,nan,0.10570578,nan,nan,87242.329,-821.82274,1513.0049,-368.16758,-0.0089843258,-1.2676539,1.046535,17229.63,0,0,0,0,0
1.36,285.83325,7.7322024,-268.52005,332.53525,20.168288,-195.77728,0.016711633,0.54110148,0.10099042,-0.043174641,-0.026985743,0.083191463,-0.0019841631,-2.9979315e-05,-0.011754601,0.93474565,-0.0018548598,-2.9781699e-05,-0.01180334,1,0,0,0.010027951,-0.034679988,1.1389823,386.41325,268.52005,76.468635,17214.815,0.54049686,nan,0.10773466,nan,nan,89121.194,-839.52165,1556.0462,-359.55685,-0.0088532789,-1.2687438,1.0411756,17214.815,0,0,0,0,0
1.38,292.51605,8.1425615,-272.45435,336.10105,20.948808,-197.85969,0.01684173,0.54052751,0.10292548,-0.043467794,-0.027691518,0.083687516,-0.0018399691,-2.9761984e-05,-0.011807581,0.93730934,-0.001709821,-2.9568005e-05,-0.011854399,1,0,0,0.0095400874,-0.034914871,1.1513098,390.57807,272.45435,76.343173,17200,0.53985884,nan,0.10977455,nan,nan,91018.079,-857.3903,1599.4721,-350.16223,-0.0087229808,-1.269791,1.0356291,17200,0,0,0,0,0
1.4,299.27015,8.5687024,-276.43025,339.66545,21.748395,-199.9369,0.016970434,0.53993902,0.10487102,-0.043756613,-0.028398709,0.08417999,-0.0016948857,-2.9548563e-05,-0.011858429,0.93977231,-0.0015639733,-2.9358009e-05,-0.011903329,1,0,0,0.0090482604,-0.035141385,1.1636331,394.74089,276.43025,76.217712,17185.185,0.53920419,nan,0.1118253,nan,nan,92932.884,-875.42777,1643.2654,-339.97626,-0.0085932449,-1.270791,1.0298919,17185.185,0,0,0,0,0
1.42,306.09553,9.0110078,-280.44764,343.22844,22.567223,-202.00867,0.017097739,0.53933601,0.10682695,-0.044041114,-0.029107288,0.084668782,-0.0015490014,-2.9338825e-05,-0.011907149,0.94213851,-0.0014174035,-2.9151497e-05,-0.011950135,1,0,0,0.0085528137,-0.035359573,1.175952,398.90167,280.44764,76.092251,17170.37,0.53853286,nan,0.11388675,nan,nan,94865.51,-893.6331,1687.4084,-328.99217,-0.0084638968,-1.2717394,1.0239603,17170.37,0,0,0,0,0
1.44,312.99215,9.4698643,-284.50642,346.79005,23.405464,-204.07472,0.017223636,0.53871843,0.10879314,-0.044321306,-0.029817221,0.085153787,-0.0014024028,-2.9132556e-05,-0.011953745,0.94441175,-0.0012701968,-2.8948267e-05,-0.011994824,1,0,0,0.0080540842,-0.035569482,1.1882665,403.06035,284.50642,75.96679,17155.556,0.53784482,nan,0.11595875,nan,nan,96815.856,-912.00536,1731.8836,-317.20386,-0.0083347734,-1.2726317,1.0178309,17155.556,0,0,0,0,0
1.46,319.96,9.9456615,-288.60646,350.35029,24.263282,-206.13477,0.017348116,0.53808626,0.11076947,-0.044597196,-0.030528476,0.085634899,-0.0012551751,-2.8929557e-05,-0.011998225,0.94659568,-0.0011224368,-2.8748132e-05,-0.012037403,1,0,0,0.0075524014,-0.035771159,1.2005762,407.21687,288.60646,75.841328,17140.741,0.53714004,nan,0.11804114,nan,nan,98783.819,-930.54358,1776.6731,-304.6059,-0.0082057224,-1.2734632,1.0115001,17140.741,0,0,0,0,0
1.48,326.99904,10.438792,-292.74765,353.90919,25.140839,-208.18854,0.017471168,0.53743948,0.11275583,-0.044868784,-0.031241015,0.086112009,-0.0011074016,-2.8729639e-05,-0.012040597,0.94869381,-0.00097420539,-2.8550914e-05,-0.01207788,1,0,0,0.007048088,-0.035964657,1.2128812,411.37118,292.74765,75.715867,17125.926,0.53641848,nan,0.12013375,nan,nan,100769.3,-949.24677,1821.7589,-291.19354,-0.0080766014,-1.2742292,1.0049645,17125.926,0,0,0,0,0
1.5,334.10924,10.949653,-296.92986,357.46675,26.038293,-210.23577,0.017592777,0.53677807,0.11475209,-0.045136065,-0.031954799,0.086585009,-0.00095916391,-2.8532626e-05,-0.012080869,0.95070951,-0.00082558271,-2.8356447e-05,-0.012116265,1,0,0,0.0065414594,-0.036150031,1.2251812,415.52322,296.92986,75.590406,17111.111,0.53568013,nan,0.12223641,nan,nan,102772.18,-968.11397,1867.1228,-276.96272,-0.0079472775,-1.2749247,0.99822059,17111.111,0,0,0,0,0
1.52,341.29059,11.478644,-301.15295,361.02299,26.955797,-212.27616,0.017712931,0.536102,0.11675814,-0.04539903,-0.032669784,0.087053788,-0.0008105422,-2.8338351e-05,-0.01211905,0.95264601,-0.00067664733,-2.8164573e-05,-0.012152569,1,0,0,0.0060328242,-0.03632734,1.2374761,419.67295,301.15295,75.464945,17096.296,0.53492497,nan,0.12434895,nan,nan,104792.37,-987.14417,1912.7467,-261.91003,-0.0078176268,-1.2755448,0.99126508,17096.296,0,0,0,0,0
1.54,348.54304,12.026165,-305.41678,364.57793,27.893499,-214.30944,0.017831613,0.53541125,0.11877383,-0.045657668,-0.033385927,0.087518233,-0.0006616148,-2.814666e-05,-0.012155151,0.95450644,-0.00052747614,-2.7975145e-05,-0.012186803,1,0,0,0.005522484,-0.036496643,1.2497657,423.8203,305.41678,75.339483,17081.481,0.53415296,nan,0.1264712,nan,nan,106829.76,-1006.3364,1958.612,-246.03276,-0.0076875339,-1.2760846,0.98409466,17081.481,0,0,0,0,0
1.56,355.86658,12.592624,-309.72122,368.13157,28.851544,-216.33532,0.017948807,0.53470579,0.12079905,-0.045911961,-0.034103179,0.087978231,-0.00051245845,-2.7957403e-05,-0.012189185,0.95629377,-0.00037814439,-2.7788021e-05,-0.01221898,1,0,0,0.0050107335,-0.036658005,1.26205,427.96523,309.72122,75.214022,17066.667,0.53336409,nan,0.128603,nan,nan,108884.24,-1025.6895,2004.7005,-229.32885,-0.0075568911,-1.2765389,0.97670608,17066.667,0,0,0,0,0
1.58,363.26119,13.178428,-314.0661,371.68394,29.83007,-218.35352,0.018064495,0.53398562,0.12283366,-0.04616189,-0.03482149,0.088433667,-0.00036314825,-2.7770441e-05,-0.012221162,0.95801089,-0.00022872571,-2.7603072e-05,-0.012249112,1,0,0,0.0044978608,-0.036811491,1.2743288,432.10767,314.0661,75.088561,17051.852,0.53255836,nan,0.13074414,nan,nan,110955.69,-1045.2026,2050.9936,-211.79694,-0.0074255986,-1.2769027,0.96909614,17051.852,0,0,0,0,0
1.6,370.72683,13.783987,-318.45128,375.23504,30.829212,-220.36375,0.018178657,0.53325071,0.12487752,-0.046407432,-0.035540805,0.088884424,-0.00021375764,-2.7585644e-05,-0.012251097,0.95966054,-7.9292058e-05,-2.742017e-05,-0.012277214,1,0,0,0.003984147,-0.036957169,1.2866019,436.24759,318.45128,74.9631,17037.037,0.53173575,nan,0.13289447,nan,nan,113044.02,-1064.8746,2097.4727,-193.4363,-0.0072935634,-1.2771706,0.9612617,17037.037,0,0,0,0,0
1.62,378.26348,14.409716,-322.87658,378.7849,31.849101,-222.36571,0.018291273,0.53250105,0.12693051,-0.04664856,-0.036261067,0.089330384,-6.435844e-05,-2.7402885e-05,-0.012279003,0.96124538,7.0086192e-05,-2.7239198e-05,-0.0123033,1,0,0,0.0034698668,-0.037095111,1.2988692,440.38492,322.87658,74.837638,17022.222,0.53089624,nan,0.13505379,nan,nan,115149.1,-1084.7045,2144.1194,-174.24688,-0.0071606993,-1.2773374,0.95319967,17022.222,0,0,0,0,0
1.64,385.87112,15.056031,-327.34185,382.33351,32.889861,-224.35913,0.018402323,0.53173661,0.12899247,-0.046885246,-0.036982218,0.089771429,8.4979141e-05,-2.7222048e-05,-0.012304895,0.96276796,0.0002193403,-2.7060044e-05,-0.012327386,1,0,0,0.002955288,-0.037225388,1.3111306,444.51961,327.34185,74.712177,17007.407,0.53003984,nan,0.13722192,nan,nan,117270.82,-1104.6912,2190.9149,-154.22928,-0.0070269267,-1.2773979,0.94490703,17007.407,0,0,0,0,0
1.66,393.54972,15.723349,-331.84691,385.8809,33.951614,-226.34371,0.018511784,0.53095739,0.13106326,-0.047117458,-0.037704194,0.090207439,0.00023418653,-2.704302e-05,-0.012328789,0.96423072,0.00036840315,-2.6882601e-05,-0.012349488,1,0,0,0.002440672,-0.037348076,1.3233858,448.6516,331.84691,74.586716,16992.593,0.52916655,nan,0.13939867,nan,nan,119409.08,-1124.8336,2237.8406,-133.38474,-0.0068921718,-1.2773467,0.9363808,16992.593,0,0,0,0,0
1.68,401.29925,16.412092,-336.39158,389.42707,35.034474,-228.31916,0.018619634,0.53016337,0.13314275,-0.047345163,-0.03842693,0.090638291,0.00038319674,-2.6865696e-05,-0.012350701,0.96563601,0.0005172092,-2.6706768e-05,-0.012369623,1,0,0,0.0019262736,-0.037463251,1.3356348,452.78085,336.39158,74.461255,16977.778,0.52827637,nan,0.14158385,nan,nan,121563.76,-1145.1306,2284.878,-111.71517,-0.0067563669,-1.2771784,0.92761804,16977.778,0,0,0,0,0
1.7,409.1197,17.122683,-340.97567,392.97202,36.138553,-230.28519,0.018725848,0.52935453,0.13523077,-0.047568325,-0.039150357,0.091063862,0.00053194441,-2.6689975e-05,-0.012370647,0.96698609,0.00066569451,-2.653245e-05,-0.012387807,1,0,0,0.0014123412,-0.037570992,1.3478774,456.9073,340.97567,74.335793,16962.963,0.52736929,nan,0.14377726,nan,nan,123734.73,-1165.5812,2332.0085,-89.223075,-0.0066194494,-1.2768877,0.9186159,16962.963,0,0,0,0,0
1.72,417.01104,17.855547,-345.599,396.51578,37.263956,-232.2415,0.018830404,0.52853088,0.13732719,-0.047786905,-0.039874403,0.09148403,0.00068036576,-2.6515761e-05,-0.012388645,0.96828313,0.00081379674,-2.6359556e-05,-0.012404059,1,0,0,0.00089911661,-0.037671378,1.3601135,461.03089,345.599,74.210332,16948.148,0.52644534,nan,0.14597871,nan,nan,125921.89,-1186.1842,2379.2134,-65.911621,-0.0064813623,-1.276469,0.90937155,16948.148,0,0,0,0,0
1.74,424.97324,18.611113,-350.26136,400.05834,38.410784,-234.1878,0.018933275,0.5276924,0.13943184,-0.048000864,-0.040598993,0.09189867,0.00082839858,-2.6342964e-05,-0.012404713,0.96952921,0.0009614551,-2.6187999e-05,-0.012418397,1,0,0,0.00038683558,-0.037764491,1.3723429,465.15158,350.26136,74.084871,16933.333,0.52550452,nan,0.14818801,nan,nan,128125.12,-1206.9387,2426.4743,-41.784576,-0.0063420532,-1.2759171,0.89988223,16933.333,0,0,0,0,0
1.76,433.00628,19.389808,-354.96256,403.59972,39.579133,-236.1238,0.019034437,0.52683908,0.14154457,-0.048210161,-0.041324049,0.092307654,0.00097598224,-2.6171498e-05,-0.012418869,0.97072633,0.0011086104,-2.6017696e-05,-0.01243084,1,0,0,-0.00012427261,-0.037850414,1.3845655,469.26931,354.96256,73.95941,16918.519,0.52454685,nan,0.15040493,nan,nan,130344.3,-1227.8433,2473.7728,-16.846325,-0.0062014747,-1.2752265,0.89014523,16918.519,0,0,0,0,0
1.78,441.11014,20.192064,-359.70238,407.1399,40.769093,-238.04921,0.019133864,0.52597092,0.14366523,-0.048414752,-0.04204949,0.092710857,0.0011230577,-2.600128e-05,-0.012431132,0.97187642,0.0012552049,-2.584857e-05,-0.012441408,1,0,0,-0.00063398485,-0.037929232,1.3967811,473.38403,359.70238,73.833948,16903.704,0.52357235,nan,0.1526293,nan,nan,132579.31,-1248.8971,2521.0904,8.8981493,-0.006059584,-1.2743917,0.88015787,16903.704,0,0,0,0,0
1.8,449.28479,21.018315,-364.48062,410.67891,41.980751,-239.96372,0.01923153,0.52508792,0.14579365,-0.048614593,-0.042775232,0.09310815,0.0012695674,-2.5832233e-05,-0.012441522,0.97298133,0.0014011825,-2.5680545e-05,-0.012450119,1,0,0,-0.0011420842,-0.038001029,1.4089897,477.49569,364.48062,73.708487,16888.889,0.52258104,nan,0.15486089,nan,nan,134830.02,-1270.0988,2568.4088,35.44327,-0.0059163424,-1.2734074,0.86991756,16888.889,0,0,0,0,0
1.82,457.53021,21.868995,-369.29704,414.21674,43.214186,-241.86704,0.019327407,0.52419008,0.14792966,-0.048809639,-0.043501188,0.093499403,0.0014154554,-2.5664281e-05,-0.012450057,0.97404283,0.0015464887,-2.5513551e-05,-0.012456994,1,0,0,-0.0016483599,-0.038065892,1.421191,481.60424,369.29704,73.583026,16874.074,0.52157294,nan,0.1570995,nan,nan,137096.33,-1291.4474,2615.7097,62.782879,-0.0057717155,-1.2722681,0.85942172,16874.074,0,0,0,0,0
1.84,465.84638,22.74454,-374.15143,417.75339,44.469474,-243.75889,0.019421468,0.52327739,0.1500731,-0.048999843,-0.044227266,0.093884488,0.0015606672,-2.5497355e-05,-0.012456759,0.97506263,0.0016910703,-2.534752e-05,-0.012462053,1,0,0,-0.002152607,-0.038123908,1.4333849,485.70961,374.15143,73.457565,16859.259,0.52054808,nan,0.15934492,nan,nan,139378.1,-1312.9417,2662.9751,90.910246,-0.0056256728,-1.2709685,0.84866784,16859.259,0,0,0,0,0
1.86,474.23327,23.645389,-379.04354,421.28886,45.746684,-245.63897,0.019513686,0.52234986,0.15222381,-0.049185157,-0.044953375,0.094263273,0.0017051499,-2.5331387e-05,-0.012461647,0.97604236,0.0018348757,-2.5182387e-05,-0.012465317,1,0,0,-0.0026546267,-0.038175164,1.4455712,489.81177,379.04354,73.332103,16844.444,0.51950651,nan,0.16159694,nan,nan,141675.21,-1334.5805,2710.1869,119.81808,-0.0054781875,-1.2695031,0.83765345,16844.444,0,0,0,0,0
1.88,482.69085,24.571979,-383.97316,424.82315,47.045882,-247.50699,0.019604033,0.52140749,0.1543816,-0.049365533,-0.045679416,0.094635626,0.001848852,-2.5166313e-05,-0.012464742,0.9769836,0.0019778549,-2.5018091e-05,-0.012466806,1,0,0,-0.0031542261,-0.038219751,1.4577499,493.91066,383.97316,73.206642,16829.63,0.51844825,nan,0.16385533,nan,nan,143987.55,-1356.3627,2757.327,149.49854,-0.0053292367,-1.2678666,0.82637612,16829.63,0,0,0,0,0
1.9,491.21912,25.524751,-388.94002,428.35626,48.367128,-249.36265,0.019692481,0.5204503,0.1565463,-0.049540922,-0.046405291,0.095001415,0.0019917236,-2.500207e-05,-0.012466064,0.97788786,0.0021199592,-2.4854574e-05,-0.012466542,1,0,0,-0.003651218,-0.038257756,1.4699208,498.00622,388.94002,73.081181,16814.815,0.51737334,nan,0.16611988,nan,nan,146314.99,-1378.2872,2804.3778,179.94325,-0.0051788008,-1.2660538,0.81483347,16814.815,0,0,0,0,0
1.92,499.81803,26.504147,-393.94388,431.88818,49.710474,-251.20567,0.019779001,0.51947828,0.15871774,-0.049711274,-0.047130897,0.095360506,0.0021337162,-2.4838601e-05,-0.012465636,0.97875659,0.0022611413,-2.4691778e-05,-0.012464546,1,0,0,-0.004145421,-0.03828927,1.4820838,502.09841,393.94388,72.95572,16800,0.51628184,nan,0.16839037,nan,nan,148657.39,-1400.3526,2851.3215,211.14329,-0.0050268635,-1.2640593,0.80302316,16800,0,0,0,0,0
1.94,508.48757,27.51061,-398.98448,435.4189,51.075972,-253.03575,0.019863566,0.51849146,0.16089574,-0.049876538,-0.047856128,0.095712765,0.0022747827,-2.4675851e-05,-0.012463477,0.97959119,0.0024013557,-2.4529652e-05,-0.01246084,1,0,0,-0.0046366595,-0.038314382,1.4942386,506.18718,398.98448,72.830258,16785.185,0.51517378,nan,0.17066658,nan,nan,151014.65,-1422.558,2898.1404,243.08925,-0.0048734119,-1.261878,0.79094291,16785.185,0,0,0,0,0
1.96,517.22772,28.544582,-404.06157,438.94842,52.463663,-254.8526,0.019946147,0.51748984,0.16308011,-0.050036665,-0.048580875,0.096058057,0.0024148775,-2.4513765e-05,-0.012459611,0.98039301,0.0025405579,-2.4368144e-05,-0.012455444,1,0,0,-0.0051247633,-0.038333183,1.5063852,510.27248,404.06157,72.704797,16770.37,0.51404922,nan,0.17294828,nan,nan,153386.62,-1444.902,2944.8172,275.7712,-0.0047184361,-1.2595046,0.77859045,16770.37,0,0,0,0,0
1.98,526.03844,29.606507,-409.17488,442.47672,53.873587,-256.65594,0.020026714,0.51647344,0.16527067,-0.050191603,-0.049305028,0.096396246,0.0025539564,-2.4352293e-05,-0.012454057,0.98116332,0.0026787049,-2.4207205e-05,-0.012448381,1,0,0,-0.0056095677,-0.038345762,1.5185235,514.35424,409.17488,72.579336,16755.556,0.51290821,nan,0.17523523,nan,nan,155773.19,-1467.3834,2991.3345,309.17871,-0.0045619292,-1.256934,0.76596357,16755.556,0,0,0,0,0
2,534.91972,30.696832,-414.32413,446.0038,55.305775,-258.44549,0.02010524,0.51544229,0.16746723,-0.050341301,-0.05002847,0.096727196,0.0026919766,-2.4191387e-05,-0.012446838,0.98190337,0.0028157553,-2.4046789e-05,-0.012439671,1,0,0,-0.0060909137,-0.03835221,1.5306532,518.43244,414.32413,72.453875,16740.741,0.51175081,nan,0.17752722,nan,nan,158174.22,-1490.0012,3037.6752,343.3009,-0.0044038871,-1.2541612,0.75306009,16740.741,0,0,0,0,0
2.02,543.87153,31.816001,-419.50904,449.52964,56.760257,-260.22096,0.020181695,0.51439639,0.1696696,-0.050485707,-0.050751086,0.09705077,0.0028288968,-2.4031001e-05,-0.012437975,0.98261434,0.0029516689,-2.3886853e-05,-0.012429338,1,0,0,-0.0065686474,-0.038352618,1.5427743,522.50701,419.50904,72.328413,16725.926,0.51057709,nan,0.17982401,nan,nan,160589.6,-1512.754,3083.8222,378.12639,-0.0042443086,-1.2511811,0.73987788,16725.926,0,0,0,0,0
2.04,552.89385,32.964461,-424.72933,453.05423,58.237053,-261.98205,0.020256052,0.51333578,0.17187758,-0.050624772,-0.051472753,0.097366829,0.0029646767,-2.3871091e-05,-0.01242749,0.98329738,0.0030864069,-2.3727353e-05,-0.012417402,1,0,0,-0.0070426203,-0.038347074,1.5548866,526.5779,424.72933,72.202952,16711.111,0.50938712,nan,0.18212537,nan,nan,163019.18,-1535.6407,3129.7585,413.64337,-0.0040831949,-1.2479888,0.72641483,16711.111,0,0,0,0,0
2.06,561.98665,34.142657,-429.98471,456.57754,59.73618,-263.72851,0.02032828,0.51226048,0.17409098,-0.050758443,-0.05219335,0.097675236,0.0030992778,-2.3711614e-05,-0.012415404,0.98395359,0.0032199316,-2.356825e-05,-0.012403885,1,0,0,-0.007512689,-0.03833567,1.5669899,530.64507,429.98471,72.077491,16696.296,0.50818095,nan,0.18443105,nan,nan,165462.85,-1558.6601,3175.4675,449.83958,-0.0039205501,-1.2445793,0.71266887,16696.296,0,0,0,0,0
2.08,571.1499,35.351037,-435.27489,460.09957,61.25765,-265.46003,0.020398352,0.51117052,0.17630961,-0.050886669,-0.052912749,0.097975851,0.0032326626,-2.3552531e-05,-0.01240174,0.98458401,0.003352207,-2.3409506e-05,-0.012388808,1,0,0,-0.0079787153,-0.038318494,1.5790842,534.70846,435.27489,71.95203,16681.481,0.50695868,nan,0.18674081,nan,nan,167920.47,-1581.8109,3220.9326,486.70232,-0.0037563805,-1.2409479,0.69863796,16681.481,0,0,0,0,0
2.1,580.38358,36.590047,-440.59957,463.62029,62.801467,-267.17636,0.020466239,0.51006594,0.17853325,-0.051009401,-0.053630822,0.098268534,0.003364795,-2.3393804e-05,-0.012386518,0.98518967,0.003483198,-2.3251084e-05,-0.012372194,1,0,0,-0.0084405659,-0.038295634,1.5911693,538.76804,440.59957,71.826568,16666.667,0.50572037,nan,0.18905443,nan,nan,170391.92,-1605.0919,3266.1372,524.21848,-0.0035906948,-1.2370897,0.68432012,16666.667,0,0,0,0,0
2.12,589.68766,37.860135,-445.95843,467.13967,64.367632,-268.87721,0.020531914,0.50894676,0.18076171,-0.051126587,-0.054347438,0.098553146,0.0034956402,-2.3235396e-05,-0.012369761,0.98577153,0.003612871,-2.309295e-05,-0.012354063,1,0,0,-0.0088981127,-0.038267181,1.6032451,542.82374,445.95843,71.701107,16651.852,0.5044661,nan,0.19137164,nan,nan,172877.06,-1628.5019,3311.0651,562.37455,-0.0034235041,-1.2330002,0.66971338,16651.852,0,0,0,0,0
2.14,599.06212,39.161748,-451.35116,470.6577,65.95614,-270.5623,0.020595347,0.50781302,0.18299479,-0.051238178,-0.055062461,0.098829545,0.0036251648,-2.3077274e-05,-0.012351489,0.98633054,0.0037411935,-2.293507e-05,-0.012334437,1,0,0,-0.009351232,-0.03823322,1.6153114,546.87553,451.35116,71.575646,16637.037,0.50319598,nan,0.19369222,nan,nan,175375.76,-1652.0397,3355.7002,601.15663,-0.0032548217,-1.2286746,0.65481579,16637.037,0,0,0,0,0
2.16,608.50692,40.495331,-456.77746,474.17435,67.566979,-272.23138,0.02065651,0.50666477,0.18523226,-0.051344123,-0.055775755,0.099097591,0.0037533362,-2.2919403e-05,-0.012331725,0.98686758,0.0038681345,-2.2777413e-05,-0.012313337,1,0,0,-0.0097998052,-0.03819384,1.6273681,550.92335,456.77746,71.450185,16622.222,0.50191007,nan,0.19601589,nan,nan,177887.89,-1675.704,3400.0263,640.55044,-0.003084663,-1.2241084,0.63962546,16622.222,0,0,0,0,0
2.18,618.02205,41.861332,-462.23699,477.68959,69.200133,-273.88418,0.020715377,0.50550204,0.18747393,-0.051444375,-0.05648718,0.099357142,0.0038801235,-2.2761753e-05,-0.012310488,0.98738352,0.0039936638,-2.2619949e-05,-0.012290784,1,0,0,-0.010243718,-0.038149126,1.6394151,554.96716,462.23699,71.324723,16607.407,0.50060849,nan,0.19834243,nan,nan,180413.33,-1699.4936,3444.0277,680.54132,-0.0029130453,-1.2192973,0.62414052,16607.407,0,0,0,0,0
2.2,627.60747,43.260197,-467.72942,481.2034,70.855579,-275.52042,0.02077192,0.50432489,0.18971957,-0.051538885,-0.057196594,0.099608054,0.0040054968,-2.2604294e-05,-0.0122878,0.98787919,0.0041177525,-2.2462651e-05,-0.012266798,1,0,0,-0.010682862,-0.038099164,1.6514522,559.00691,467.72942,71.199262,16592.593,0.49929132,nan,0.20067157,nan,nan,182951.94,-1723.4072,3487.6886,721.11427,-0.0027399882,-1.2142367,0.60835913,16592.593,0,0,0,0,0
2.22,637.26315,44.692372,-473.25444,484.71573,72.53329,-277.13984,0.020826111,0.50313336,0.19196897,-0.051627605,-0.057903852,0.099850186,0.0041294272,-2.2446997e-05,-0.012263682,0.98835539,0.0042403731,-2.230549e-05,-0.012241401,1,0,0,-0.01111713,-0.038044039,1.6634793,563.04255,473.25444,71.073801,16577.778,0.49795866,nan,0.20300306,nan,nan,185503.58,-1747.4438,3530.9934,762.25395,-0.0025655129,-1.2089225,0.59227949,16577.778,0,0,0,0,0
2.24,646.98907,46.1583,-478.81168,488.22657,74.233231,-278.7422,0.020877924,0.5019275,0.19422191,-0.051710487,-0.058608806,0.10008339,0.0042518872,-2.2289837e-05,-0.012238154,0.98881288,0.0043614989,-2.2148441e-05,-0.012214613,1,0,0,-0.011546424,-0.037983835,1.6754962,567.07404,478.81168,70.948339,16562.963,0.49661064,nan,0.20533665,nan,nan,188068.14,-1771.6018,3573.9268,803.94468,-0.0023896426,-1.2033503,0.57589981,16562.963,0,0,0,0,0
2.26,656.78518,47.658427,-484.40082,491.73586,75.955364,-280.32722,0.020927331,0.50070738,0.19647818,-0.051787487,-0.059311307,0.10030754,0.0043728504,-2.2132787e-05,-0.012211236,0.98925239,0.0044811044,-2.1991481e-05,-0.012186453,1,0,0,-0.011970645,-0.037918633,1.6875029,571.10133,484.40082,70.822878,16548.148,0.49524735,nan,0.20767206,nan,nan,190645.46,-1795.8803,3616.4735,846.17048,-0.0022124023,-1.1975161,0.55921834,16548.148,0,0,0,0,0
2.28,666.65147,49.193197,-490.0215,495.24359,77.699644,-281.89467,0.020974308,0.49947304,0.19873754,-0.051858559,-0.060011202,0.10052247,0.0044922913,-2.1975824e-05,-0.01218295,0.98967464,0.0045991653,-2.1834586e-05,-0.012156942,1,0,0,-0.012389703,-0.037848515,1.6994992,575.12438,490.0215,70.697417,16533.333,0.4938689,nan,0.21000905,nan,nan,193235.44,-1820.2778,3658.6183,888.91504,-0.0020338185,-1.1914157,0.54223339,16533.333,0,0,0,0,0
2.3,676.5879,50.763051,-495.67337,498.7497,79.466019,-283.44428,0.021018829,0.49822455,0.20099977,-0.051923658,-0.060708337,0.10072804,0.0046101857,-2.1818925e-05,-0.012153313,0.9900803,0.0047156582,-2.1677735e-05,-0.012126099,1,0,0,-0.012803509,-0.037773563,1.711485,579.14314,495.67337,70.571956,16518.519,0.49247543,nan,0.21234735,nan,nan,195837.92,-1844.7932,3700.3463,932.16177,-0.0018539196,-1.1850453,0.52494325,16518.519,0,0,0,0,0
2.32,686.59444,52.36843,-501.35607,502.25416,81.254434,-284.97582,0.021060867,0.49696198,0.20326464,-0.051982741,-0.061402555,0.10092412,0.0047265103,-2.1662067e-05,-0.012122347,0.99047002,0.0048305609,-2.1520907e-05,-0.012093944,1,0,0,-0.013211979,-0.037693855,1.7234601,583.15756,501.35607,70.446494,16503.704,0.49106704,nan,0.21468669,nan,nan,198452.79,-1869.4252,3741.6425,975.89381,-0.0016727356,-1.1784009,0.50734629,16503.704,0,0,0,0,0
2.34,696.67105,54.009776,-507.06924,505.75692,83.064827,-286.48905,0.021100398,0.4956854,0.20553193,-0.052035766,-0.062093697,0.10111054,0.0048412429,-2.1505231e-05,-0.01209007,0.99084443,0.004943852,-2.1364083e-05,-0.012060495,1,0,0,-0.013615032,-0.037609469,1.7354245,587.16761,507.06924,70.321033,16488.889,0.48964387,nan,0.2170268,nan,nan,201079.9,-1894.1726,3782.4922,1020.094,-0.0014902977,-1.1714786,0.48944089,16488.889,0,0,0,0,0
2.36,706.8177,55.687528,-512.8125,509.25795,84.897128,-287.98371,0.021137398,0.49439487,0.20780139,-0.052082691,-0.062781602,0.10128718,0.0049543623,-2.1348398e-05,-0.012056502,0.99120413,0.0050555112,-2.1207245e-05,-0.012025771,1,0,0,-0.014012594,-0.037520483,1.747378,591.17324,512.8125,70.195572,16474.074,0.48820604,nan,0.21936742,nan,nan,203719.12,-1919.0341,3822.8809,1064.745,-0.0013066389,-1.1642748,0.47122546,16474.074,0,0,0,0,0
2.38,717.03436,57.402121,-518.58549,512.75719,86.751264,-289.45959,0.021171842,0.49309047,0.21007279,-0.052123476,-0.063466105,0.10145388,0.0050658483,-2.119155e-05,-0.01202166,0.9915497,0.0051655192,-2.1050376e-05,-0.011989792,1,0,0,-0.01440459,-0.037426972,1.7593204,595.1744,518.58549,70.070111,16459.259,0.4867537,nan,0.22170827,nan,nan,206370.33,-1944.0086,3862.794,1109.8291,-0.0011217935,-1.1567859,0.45269846,16459.259,0,0,0,0,0
2.4,727.32098,59.153994,-524.38782,516.2546,88.627156,-290.91644,0.021203708,0.49177228,0.21234589,-0.052158082,-0.064147042,0.1016105,0.0051756816,-2.1034669e-05,-0.011985564,0.99188169,0.0052738575,-2.0893459e-05,-0.011952573,1,0,0,-0.014790952,-0.037329009,1.7712517,599.17106,524.38782,69.944649,16444.444,0.48528697,nan,0.22404909,nan,nan,209033.4,-1969.0946,3902.2172,1155.3284,-0.00093579714,-1.1490082,0.43385837,16444.444,0,0,0,0,0
2.42,737.67753,60.943579,-530.21912,519.75013,90.524717,-292.35404,0.021232972,0.49044038,0.21462046,-0.052186472,-0.064824244,0.10175689,0.0052838439,-2.087774e-05,-0.011948231,0.99220064,0.0053805087,-2.0736481e-05,-0.011914135,1,0,0,-0.015171614,-0.037226669,1.7831717,603.16317,530.21912,69.819188,16429.63,0.483806,nan,0.22638958,nan,nan,211708.18,-1994.2911,3941.1363,1201.2249,-0.00074868683,-1.1409383,0.41470373,16429.63,0,0,0,0,0
2.44,748.10398,62.77131,-536.079,523.24374,92.443857,-293.77217,0.021259611,0.48909486,0.21689624,-0.052208608,-0.065497541,0.10189291,0.0053903178,-2.0720749e-05,-0.011909679,0.99250706,0.0054854561,-2.0579427e-05,-0.011874493,1,0,0,-0.015546515,-0.037120023,1.7950804,607.15069,536.079,69.693727,16414.815,0.48231094,nan,0.22872948,nan,nan,214394.55,-2019.5967,3979.5371,1247.5001,-0.00056050077,-1.1325727,0.39523309,16414.815,0,0,0,0,0
2.46,758.60029,64.637618,-541.96706,526.73535,94.384476,-295.17062,0.021283605,0.48773581,0.219173,-0.052224456,-0.066166763,0.1020184,0.0054950866,-2.056368e-05,-0.011869926,0.99280144,0.005588684,-2.0422284e-05,-0.011833665,1,0,0,-0.015915595,-0.03700914,1.8069775,611.13358,541.96706,69.568266,16400,0.48080194,nan,0.2310685,nan,nan,217092.38,-2045.0102,4017.4056,1294.1357,-0.00037127843,-1.1239081,0.37544507,16400,0,0,0,0,0
2.48,769.1664,66.54293,-547.88291,530.22493,96.346473,-296.54915,0.021304931,0.48636332,0.22145048,-0.052233981,-0.066831734,0.10213322,0.0055981349,-2.0406522e-05,-0.011828988,0.99308425,0.0056901775,-2.026504e-05,-0.011791668,1,0,0,-0.016278799,-0.03689409,1.818863,615.1118,547.88291,69.442804,16385.185,0.47927916,nan,0.23340637,nan,nan,219801.53,-2070.5304,4054.728,1341.1128,-0.00018106039,-1.1149413,0.35533831,16385.185,0,0,0,0,0
2.5,779.80229,68.487674,-553.82615,533.71242,98.329737,-297.90757,0.021323569,0.48497748,0.22372844,-0.052237152,-0.06749228,0.10223723,0.0056994476,-2.0249262e-05,-0.011786882,0.99335596,0.0057899225,-2.0107684e-05,-0.011748518,1,0,0,-0.016636076,-0.036774941,1.8307367,619.0853,553.82615,69.317343,16370.37,0.47774274,nan,0.23574279,nan,nan,222521.88,-2096.1561,4091.4903,1388.4126,1.011161e-05,-1.1056691,0.33491151,16370.37,0,0,0,0,0
2.52,790.50791,70.472274,-559.79638,537.19776,100.33415,-299.24568,0.021339498,0.4835784,0.22600663,-0.052233936,-0.068148224,0.10233027,0.0057990108,-2.009189e-05,-0.011743624,0.99361699,0.0058879056,-1.9950206e-05,-0.011704231,1,0,0,-0.016987375,-0.036651757,1.8425986,623.05405,559.79638,69.191882,16355.556,0.47619286,nan,0.23807748,nan,nan,225253.29,-2121.886,4127.6789,1436.0159,0.0002021948,-1.0960884,0.31416341,16355.556,0,0,0,0,0
2.54,801.28322,72.497151,-565.79319,540.68089,102.3596,-300.56326,0.0213527,0.48216618,0.22828478,-0.052224304,-0.068799385,0.10241221,0.0058968112,-1.9934395e-05,-0.011699231,0.99386776,0.0059841144,-1.9792597e-05,-0.011658822,1,0,0,-0.017332651,-0.036524603,1.8544485,627.01802,565.79319,69.066421,16340.741,0.47462968,nan,0.24041016,nan,nan,227995.63,-2147.7189,4163.2803,1483.9037,0.00039514537,-1.0861961,0.2930928,16340.741,0,0,0,0,0
2.56,812.12817,74.562726,-571.81616,544.16176,104.40594,-301.86013,0.021363156,0.48074092,0.23056264,-0.052208228,-0.069445583,0.10248288,0.0059928364,-1.9776768e-05,-0.011653718,0.99410868,0.0060785371,-1.9634848e-05,-0.011612307,1,0,0,-0.017671859,-0.036393543,1.8662863,630.97715,571.81616,68.940959,16325.926,0.47305338,nan,0.24274053,nan,nan,230748.78,-2173.6535,4198.2808,1532.0563,0.00058891853,-1.0759892,0.27169852,16325.926,0,0,0,0,0
2.58,823.04271,76.669414,-577.86488,547.6403,106.47306,-303.13609,0.021370847,0.47930275,0.23283996,-0.052185681,-0.070086636,0.10254215,0.0060870747,-1.9619001e-05,-0.0116071,0.99434014,0.0061711626,-1.9476952e-05,-0.011564701,1,0,0,-0.018004961,-0.036258638,1.8781119,634.93141,577.86488,68.815498,16311.111,0.47146412,nan,0.24506829,nan,nan,233512.6,-2199.6887,4232.667,1580.4543,0.00078346857,-1.0654649,0.24997947,16311.111,0,0,0,0,0
2.6,834.02681,78.817631,-583.93893,551.11644,108.5608,-304.39096,0.021375756,0.47785176,0.23511646,-0.052156638,-0.070722359,0.10258986,0.0061795151,-1.9461086e-05,-0.011559393,0.9945625,0.0062619805,-1.9318901e-05,-0.011516018,1,0,0,-0.018331917,-0.036119949,1.8899252,638.88077,583.93893,68.690037,16296.296,0.4698621,nan,0.24739316,nan,nan,236286.97,-2225.8232,4266.4256,1629.0781,0.00097874887,-1.0546204,0.2279346,16296.296,0,0,0,0,0
2.62,845.08041,81.007788,-590.03789,554.59014,110.66902,-305.62455,0.021377866,0.47638809,0.2373919,-0.052121076,-0.071352565,0.10262587,0.0062701472,-1.9303017e-05,-0.011510609,0.99477613,0.0063509812,-1.9160691e-05,-0.011466272,1,0,0,-0.018652692,-0.035977532,1.901726,642.82519,590.03789,68.564576,16281.481,0.46824748,nan,0.24971484,nan,nan,239071.75,-2252.0558,4299.5432,1677.9077,0.001174712,-1.0434527,0.20556293,16281.481,0,0,0,0,0
2.64,856.20345,83.240292,-596.16132,558.06131,112.79758,-306.8367,0.021377161,0.47491186,0.239666,-0.052078971,-0.071977069,0.10265003,0.0063589615,-1.9144787e-05,-0.011460764,0.99498136,0.0064381557,-1.9002314e-05,-0.011415477,1,0,0,-0.018967254,-0.035831447,1.9135143,646.76463,596.16132,68.439114,16266.667,0.46662047,nan,0.25203303,nan,nan,241866.81,-2278.3854,4332.0067,1726.9234,0.0013713096,-1.0319593,0.18286354,16266.667,0,0,0,0,0
2.66,867.3959,85.515549,-602.30881,561.5299,114.9463,-308.02722,0.021373626,0.47342319,0.24193849,-0.052030305,-0.07259568,0.10266219,0.0064459489,-1.8986392e-05,-0.011409871,0.99517853,0.0065234956,-1.8843768e-05,-0.011363647,1,0,0,-0.019275573,-0.035681747,1.92529,650.69905,602.30881,68.313653,16251.852,0.46498125,nan,0.25434742,nan,nan,244672.03,-2304.8106,4363.803,1776.1049,0.0015684927,-1.0201375,0.15983556,16251.852,0,0,0,0,0
2.68,878.6577,87.83396,-608.47991,564.99584,117.11502,-309.19597,0.021367246,0.47192221,0.2442091,-0.051975057,-0.073208209,0.10266221,0.0065311012,-1.8827826e-05,-0.011357944,0.99536795,0.006606993,-1.8685047e-05,-0.011310794,1,0,0,-0.01957762,-0.035528489,1.9370529,654.62842,608.47991,68.188192,16237.037,0.46333001,nan,0.25665772,nan,nan,247487.29,-2331.3303,4394.9189,1825.4322,0.0017662115,-1.0079846,0.13647823,16237.037,0,0,0,0,0
2.7,889.98879,90.195925,-614.67418,568.45906,119.30358,-310.34276,0.021358007,0.47040905,0.24647757,-0.051913212,-0.073814462,0.10264994,0.0066144107,-1.8669087e-05,-0.011304996,0.99554994,0.0066886409,-1.852615e-05,-0.011256932,1,0,0,-0.019873371,-0.035371723,1.9488029,658.55271,614.67418,68.062731,16222.222,0.46166697,nan,0.25896363,nan,nan,250312.45,-2357.9432,4425.3415,1874.885,0.0019644154,-0.99549819,0.11279083,16222.222,0,0,0,0,0
2.72,901.38912,92.601838,-620.8912,571.91949,121.51179,-311.46746,0.021345895,0.46888387,0.24874361,-0.051844753,-0.074414248,0.10262522,0.0066958701,-1.851017e-05,-0.011251039,0.99572477,0.0067684326,-1.8367073e-05,-0.011202072,1,0,0,-0.020162801,-0.035211502,1.96054,662.47188,620.8912,67.937269,16207.407,0.45999231,nan,0.26126482,nan,nan,253147.38,-2384.6483,4455.0578,1924.4429,0.0021630534,-0.98267567,0.088772718,16207.407,0,0,0,0,0
2.74,912.85863,95.052091,-627.13051,575.37706,123.73947,-312.56991,0.0213309,0.46734678,0.25100696,-0.051769667,-0.07500737,0.10258791,0.006775473,-1.8351074e-05,-0.011196085,0.99589273,0.0068463621,-1.8207815e-05,-0.011146226,1,0,0,-0.020445889,-0.035047876,1.972264,666.3859,627.13051,67.811808,16192.593,0.45830626,nan,0.263561,nan,nan,255991.97,-2411.4443,4484.0548,1974.0856,0.0023620737,-0.96951462,0.064423356,16192.593,0,0,0,0,0
2.76,924.39727,97.547072,-633.39166,578.83171,125.98643,-313.64997,0.021313008,0.46579796,0.25326732,-0.051687942,-0.075593634,0.10253787,0.0068532133,-1.8191797e-05,-0.011140147,0.9960541,0.0069224238,-1.8048375e-05,-0.011089406,1,0,0,-0.020722617,-0.034880892,1.9839749,670.29474,633.39166,67.686347,16177.778,0.45660903,nan,0.26585186,nan,nan,258846.08,-2438.3301,4512.3198,2023.7925,0.0025614239,-0.95601264,0.039742278,16177.778,0,0,0,0,0
2.78,936.00497,100.08716,-639.67422,582.28336,128.25247,-314.7075,0.02129221,0.46423753,0.25552443,-0.051599567,-0.076172842,0.10247495,0.0069290856,-1.8032338e-05,-0.011083235,0.99620912,0.0069966128,-1.7888751e-05,-0.011031624,1,0,0,-0.020992967,-0.034710599,1.9956724,674.19835,639.67422,67.560886,16162.963,0.45490082,nan,0.26813708,nan,nan,261709.6,-2465.3044,4539.8399,2073.5431,0.0027610511,-0.94216736,0.014729109,16162.963,0,0,0,0,0
2.8,947.68168,102.67275,-645.97772,585.73194,130.53739,-315.74238,0.021268495,0.46266566,0.25777799,-0.051504535,-0.076744795,0.102399,0.0070030848,-1.7872697e-05,-0.011025362,0.99635806,0.0070689244,-1.7728945e-05,-0.010972889,1,0,0,-0.021256924,-0.034537041,2.0073567,678.09672,645.97772,67.435424,16148.148,0.45318186,nan,0.27041635,nan,nan,264582.39,-2492.3661,4566.6024,2123.3166,0.0029609019,-0.92797646,-0.010616431,16148.148,0,0,0,0,0
2.82,959.42733,105.3042,-652.30171,589.17737,132.84097,-316.75447,0.021241854,0.46108251,0.26002773,-0.051402838,-0.077309294,0.10230987,0.0070752066,-1.7712873e-05,-0.010966538,0.99650114,0.0071393547,-1.7568958e-05,-0.010913213,1,0,0,-0.021514473,-0.034360263,2.0190274,681.98981,652.30171,67.309963,16133.333,0.45145238,nan,0.27268935,nan,nan,267464.33,-2519.514,4592.5946,2173.0925,0.0031609222,-0.91343765,-0.03629452,16133.333,0,0,0,0,0
2.84,971.24187,107.98188,-658.64574,592.6196,135.163,-317.74366,0.021212278,0.45948824,0.26227335,-0.051294472,-0.077866137,0.10220741,0.0071454468,-1.7552867e-05,-0.010906773,0.9966386,0.0072079001,-1.7408789e-05,-0.010852606,1,0,0,-0.021765605,-0.034180309,2.0306846,685.87758,658.64574,67.184502,16118.519,0.44971261,nan,0.27495577,nan,nan,270355.31,-2546.747,4617.8038,2222.8499,0.0033610578,-0.8985487,-0.062305237,16118.519,0,0,0,0,0
2.86,983.12522,110.70618,-665.00935,596.05853,137.50326,-318.70983,0.021179761,0.45788301,0.26451458,-0.051179434,-0.078415123,0.10209149,0.007213802,-1.7392682e-05,-0.010846078,0.99677066,0.0072745574,-1.7248442e-05,-0.010791078,1,0,0,-0.022010307,-0.033997218,2.0423281,689.76002,665.00935,67.059041,16103.704,0.44796278,nan,0.27721527,nan,nan,273255.2,-2574.064,4642.2174,2272.5681,0.0035612537,-0.88330737,-0.08864855,16103.704,0,0,0,0,0
2.88,995.07731,113.47744,-671.39207,599.49411,139.86151,-319.65289,0.021144295,0.45626699,0.2667511,-0.051057723,-0.078956048,0.10196196,0.007280269,-1.7232318e-05,-0.010784463,0.99689754,0.0073393239,-1.7087919e-05,-0.010728638,1,0,0,-0.022248572,-0.033811033,2.0539579,693.63708,671.39207,66.933579,16088.889,0.44620312,nan,0.27946756,nan,nan,276163.88,-2601.4637,4665.8227,2322.2261,0.0037614548,-0.86771147,-0.11532431,16088.889,0,0,0,0,0
2.9,1007.0981,116.29602,-677.79345,602.92625,142.23751,-320.57272,0.021105874,0.45464037,0.26898264,-0.050929338,-0.079488708,0.10181866,0.0073448451,-1.7071778e-05,-0.010721936,0.99701943,0.0074021971,-1.6927222e-05,-0.010665296,1,0,0,-0.022480394,-0.033621793,2.0655738,697.50874,677.79345,66.808118,16074.074,0.44443388,nan,0.28171228,nan,nan,279081.22,-2628.9451,4688.6072,2371.8031,0.0039616054,-0.85175885,-0.14233227,16074.074,0,0,0,0,0
2.92,1019.1875,119.16228,-684.21301,606.35489,144.63103,-321.46923,0.021064494,0.45300331,0.2712089,-0.050794284,-0.080012897,0.10166146,0.007407528,-1.6911066e-05,-0.010658508,0.99713652,0.0074631753,-1.6766356e-05,-0.010601061,1,0,0,-0.022705766,-0.033429534,2.0771759,701.37498,684.21301,66.682657,16059.259,0.44265531,nan,0.28394914,nan,nan,282007.12,-2656.5071,4710.5584,2421.2783,0.0041616497,-0.83544737,-0.16967203,16059.259,0,0,0,0,0
2.94,1031.3454,122.07657,-690.65029,609.77995,147.04181,-322.34235,0.02102015,0.45135601,0.27342958,-0.050652563,-0.080528409,0.10149022,0.0074683157,-1.6750185e-05,-0.010594188,0.99724902,0.0075222567,-1.6605324e-05,-0.01053594,1,0,0,-0.022924684,-0.033234294,2.0887639,705.23575,690.65029,66.557196,16044.444,0.44086765,nan,0.28617778,nan,nan,284941.44,-2684.1484,4731.6638,2470.6305,0.0043615314,-0.8187749,-0.19734308,16044.444,0,0,0,0,0
2.96,1043.5718,125.03923,-697.10482,613.20136,149.46959,-323.19198,0.020972839,0.44969864,0.27564438,-0.050504183,-0.081035037,0.10130478,0.0075272067,-1.6589139e-05,-0.010528983,0.9973571,0.0075794401,-1.6444132e-05,-0.010469944,1,0,0,-0.023137146,-0.033036109,2.1003377,709.09105,697.10482,66.431734,16029.63,0.43907116,nan,0.2883979,nan,nan,287884.08,-2711.8681,4751.9108,2519.8389,0.0045611939,-0.80173935,-0.22534477,16029.63,0,0,0,0,0
2.98,1055.8666,128.0506,-703.57613,616.61904,151.9141,-324.01805,0.020922559,0.4480314,0.277853,-0.050349152,-0.081532571,0.10110501,0.0075841997,-1.6427932e-05,-0.010462903,0.99746094,0.0076347246,-1.6282783e-05,-0.010403079,1,0,0,-0.023343151,-0.032835012,2.1118974,712.94083,703.57613,66.306273,16014.815,0.4372661,nan,0.29060915,nan,nan,290834.92,-2739.6649,4771.2871,2568.8825,0.0047605806,-0.78433865,-0.25367632,16014.815,0,0,0,0,0
3,1068.2297,131.111,-710.06376,620.03293,154.37508,-324.8205,0.020869308,0.44635448,0.28005514,-0.050187479,-0.082020804,0.10089076,0.007639294,-1.6266571e-05,-0.010395956,0.99756069,0.0076881096,-1.6121284e-05,-0.010335353,1,0,0,-0.023542698,-0.032631038,2.1234429,716.78508,710.06376,66.180812,16000,0.43545272,nan,0.2928112,nan,nan,293793.83,-2767.5379,4789.7803,2617.7403,0.0049596344,-0.76657071,-0.2823368,16000,0,0,0,0,0
3.02,1080.6606,134.22062,-716.56697,623.34884,156.82431,-325.55286,0.020813015,0.4446682,0.28225034,-0.05001908,-0.082481534,0.10063613,0.007693405,-1.6106488e-05,-0.010329418,0.99765652,0.0077425807,-1.5964301e-05,-0.010270926,1,0,0,-0.02373971,-0.032429828,2.1346526,720.51531,716.56697,66.121771,15200,0.43363143,nan,0.29500366,nan,nan,296671.39,-2794.6445,4806.7336,2666.0489,0.0051664997,-0.7102796,-0.36614589,15200,0,0,0,0,0
3.04,1093.1558,137.37881,-723.08369,626.45173,159.22646,-326.15905,0.020753549,0.44297297,0.28443795,-0.049843859,-0.08295092,0.1003951,0.0077488377,-1.5952443e-05,-0.010266541,0.99774859,0.0077992392,-1.5817049e-05,-0.010211407,1,0,0,-0.023938839,-0.032237865,2.1451339,723.99901,723.08369,66.062731,14400,0.43180315,nan,0.29718589,nan,nan,299356.75,-2819.9406,4821.4343,2713.2597,0.0053617041,-0.76380039,-0.28046033,14400,0,0,0,0,0
3.06,1105.7112,140.5846,-729.6114,629.3416,161.57983,-326.6401,0.020691337,0.44126841,0.28661868,-0.049662629,-0.083431846,0.10017853,0.0078054457,-1.5806946e-05,-0.010207136,0.99783705,0.0078568163,-1.5679698e-05,-0.010155009,1,0,0,-0.024140563,-0.032055608,2.1548869,727.23631,729.6114,66.00369,13600,0.42996894,nan,0.2993572,nan,nan,301847.5,-2843.4035,4833.988,2759.3828,0.0055213475,-0.76122564,-0.26381049,13600,0,0,0,0,0
3.08,1118.3225,143.83701,-736.14762,632.01843,163.88277,-326.99707,0.020626606,0.4395545,0.2887928,-0.049476676,-0.08390475,0.099963273,0.0078630315,-1.5670458e-05,-0.010150945,0.99792202,0.0079152078,-1.5551107e-05,-0.010101615,1,0,0,-0.024345007,-0.031883139,2.1639118,730.22732,736.14762,65.944649,12800,0.42812986,nan,0.30151693,nan,nan,304141.45,-2865.0124,4844.4459,2804.3879,0.0056419992,-0.73315479,-0.27528566,12800,0,0,0,0,0
3.1,1130.9854,147.13501,-742.68987,634.48224,166.13363,-327.23102,0.020559409,0.43783151,0.29096024,-0.049287185,-0.084358981,0.099737812,0.007921416,-1.5542144e-05,-0.010097741,0.99800366,0.007974242,-1.5429642e-05,-0.010051013,1,0,0,-0.024552028,-0.031720228,2.1722087,732.97219,742.68987,65.885609,12000,0.42628697,nan,0.3036644,nan,nan,306236.61,-2884.7489,4852.8173,2848.2077,0.0057325289,-0.68849291,-0.30425847,12000,0,0,0,0,0
3.12,1143.6956,150.47754,-749.2357,636.73302,168.33076,-327.34305,0.020489691,0.43609989,0.29312072,-0.049094973,-0.084787728,0.099495219,0.0079804327,-1.5420685e-05,-0.010047318,0.99808209,0.0080337632,-1.5313803e-05,-0.010003014,1,0,0,-0.024761331,-0.031566486,2.1797779,735.47104,749.2357,65.826568,11200,0.42444134,nan,0.30579896,nan,nan,308131.25,-2902.5964,4859.0888,2890.7542,0.0058057605,-0.63333138,-0.34350672,11200,0,0,0,0,0
3.14,1156.449,153.86353,-755.78268,638.77079,170.47251,-327.3343,0.020417339,0.43436019,0.29527384,-0.04890043,-0.085186614,0.09923142,0.008039926,-1.5304786e-05,-0.0099994875,0.99815744,0.0080936248,-1.5202435e-05,-0.0099574441,1,0,0,-0.024972548,-0.031421451,2.1866195,737.72403,755.78268,65.767528,10400,0.42259405,nan,0.30791996,nan,nan,309823.84,-2918.5406,4863.2347,2931.9282,0.0058734871,-0.57131268,-0.3888509,10400,0,0,0,0,0
3.16,1169.2412,157.29183,-762.32841,640.59555,172.55721,-327.20596,0.020342211,0.43261307,0.29741915,-0.048703601,-0.085552728,0.098944013,0.0080997496,-1.5193387e-05,-0.0099540753,0.99822983,0.0081536889,-1.5094734e-05,-0.0099141419,1,0,0,-0.025185275,-0.031284636,2.1927337,739.73129,762.32841,65.708487,9600,0.42074616,nan,0.31002678,nan,nan,311313.07,-2932.5692,4865.2237,2971.6246,0.0059444454,-0.50464759,-0.43782171,9600,0,0,0,0,0
3.18,1182.0679,160.76131,-768.8705,642.20731,174.5832,-326.95924,0.020264152,0.43085921,0.29955615,-0.048504286,-0.085884051,0.098631586,0.0081597662,-1.5085714e-05,-0.0099109217,0.99829938,0.0082138256,-1.4990166e-05,-0.0098729597,1,0,0,-0.025399096,-0.031155555,2.1981208,741.493,768.8705,65.649446,8800,0.41889875,nan,0.31211879,nan,nan,312597.86,-2944.6718,4865.0229,3009.7368,0.0060241209,-0.43467606,-0.4889573,8800,0,0,0,0,0
3.2,1194.925,164.27077,-775.4066,643.60609,176.5488,-326.5954,0.020183008,0.42909934,0.3016843,-0.048302148,-0.086179102,0.09829331,0.0082198464,-1.4981229e-05,-0.0098698795,0.99836619,0.0082739125,-1.488838e-05,-0.0098337609,1,0,0,-0.025613603,-0.03103374,2.202781,743.00931,775.4066,65.590406,8000,0.4170529,nan,0.31419538,nan,nan,313677.32,-2954.8404,4862.5999,3046.1584,0.0061153781,-0.36221147,-0.54138507,8000,0,0,0,0,0
3.22,1207.8082,167.81898,-781.93438,644.7919,178.4523,-326.11574,0.020098632,0.4273342,0.30380308,-0.048096778,-0.086436728,0.097928713,0.0082798681,-1.4879565e-05,-0.0098308128,0.99843038,0.0083338339,-1.4789137e-05,-0.0097964202,1,0,0,-0.025828398,-0.030918747,2.2067147,744.28039,781.93438,65.531365,7200,0.41520968,nan,0.31625596,nan,nan,314550.8,-2963.0686,4857.9245,3080.785,0.0062192851,-0.28774931,-0.59457656,7200,0,0,0,0,0
3.24,1220.7131,171.40469,-788.45154,645.76476,180.29202,-325.52159,0.020010887,0.42556457,0.30591195,-0.047887755,-0.086655975,0.097537535,0.0083397162,-1.4780463e-05,-0.0097935971,0.99849205,0.0083934808,-1.4692258e-05,-0.0097608224,1,0,0,-0.026043101,-0.030810161,2.209922,745.30641,788.45154,65.472325,6400,0.41337017,nan,0.31829995,nan,nan,315217.85,-2969.3522,4850.9697,3113.5153,0.0063358266,-0.21159397,-0.64820371,6400,0,0,0,0,0
3.26,1233.6356,175.02661,-794.95579,646.52468,182.06625,-324.81433,0.019919647,0.42379123,0.30801036,-0.047674664,-0.086836016,0.097119656,0.0083992819,-1.4683733e-05,-0.0097581177,0.99855129,0.0084527499,-1.4597594e-05,-0.0097268621,1,0,0,-0.026257349,-0.0307076,2.2124034,746.08755,794.95579,65.413284,5600,0.41153544,nan,0.32032678,nan,nan,315678.23,-2973.6889,4841.7118,3144.2517,0.0064644124,-0.13393563,-0.70205454,5600,0,0,0,0,0
3.28,1246.5714,178.68341,-801.44489,647.07169,183.77328,-323.99536,0.019824801,0.42201501,0.31009778,-0.047457116,-0.086976097,0.096675045,0.0084584625,-1.4589217e-05,-0.0097242703,0.99860821,0.0085115439,-1.4505015e-05,-0.0096944434,1,0,0,-0.0264708,-0.030610709,2.2141591,746.62399,801.44489,65.354244,4800,0.40970656,nan,0.32233589,nan,nan,315931.9,-2976.0785,4830.1313,3172.9008,0.0066041939,-0.054896906,-0.75598376,4800,0,0,0,0,0
3.3,1259.5162,182.37373,-807.91661,647.40581,185.4114,-323.06611,0.019726249,0.42023672,0.31217366,-0.047234753,-0.087075519,0.096203734,0.0085171611,-1.4496781e-05,-0.0096919595,0.99866289,0.0085697708,-1.4414399e-05,-0.0096634795,1,0,0,-0.026683132,-0.030519167,2.2151895,746.91591,807.91661,65.295203,4000,0.40788461,nan,0.32432676,nan,nan,315979.04,-2976.5226,4816.2129,3199.3737,0.0067542384,0.025438913,-0.80988386,4000,0,0,0,0,0
3.32,1272.4657,186.09618,-814.36877,647.52706,186.9789,-322.02805,0.019623905,0.41845718,0.31423747,-0.047007245,-0.087133616,0.095705806,0.008575286,-1.4406302e-05,-0.0096610992,0.99871542,0.0086273434,-1.4325633e-05,-0.0096338918,1,0,0,-0.02689404,-0.03043268,2.2154948,746.9635,814.36877,65.236162,3200,0.40607065,nan,0.32629885,nan,nan,315820.02,-2975.0246,4799.9455,3223.5864,0.0069136131,0.10701082,-0.86366822,3200,0,0,0,0,0
3.34,1285.4158,189.84934,-820.7992,647.43546,188.47407,-320.88268,0.019517692,0.41667726,0.31628868,-0.046774296,-0.087149753,0.095181383,0.0086327504,-1.4317664e-05,-0.0096316116,0.99876589,0.0086841795,-1.4238609e-05,-0.0096056104,1,0,0,-0.027103239,-0.030350985,2.2150754,746.76693,820.7992,65.177122,2400,0.40426574,nan,0.32825166,nan,nan,315455.41,-2971.59,4781.3226,3245.4601,0.0070814181,0.18976983,-0.91726128,2400,0,0,0,0,0
3.36,1298.3621,193.63173,-827.20577,647.13106,189.89519,-319.63152,0.01940755,0.41489781,0.31832677,-0.046535638,-0.087123316,0.094630628,0.0086894724,-1.4230761e-05,-0.0096034274,0.99881437,0.0087402014,-1.4153224e-05,-0.0095785732,1,0,0,-0.027310461,-0.030273846,2.2139317,746.3264,827.20577,65.118081,1600,0.40247094,nan,0.33018471,nan,nan,314885.99,-2966.226,4760.3419,3264.9212,0.0072567953,0.27367291,-0.97059283,1600,0,0,0,0,0
3.38,1311.3004,197.44187,-833.58637,646.61387,191.24057,-318.2761,0.019293427,0.41311971,0.32035121,-0.04629103,-0.087053711,0.094053734,0.0087453747,-1.414549e-05,-0.0095764853,0.99886095,0.0087953356,-1.4069383e-05,-0.009552726,1,0,0,-0.027515455,-0.030201053,2.2120639,745.64209,833.58637,65.059041,800,0.4006873,nan,0.33209752,nan,nan,314112.71,-2958.9418,4737.006,3281.9016,0.0074389269,0.3586793,-1.0235947,800,0,0,0,0,0
3.4,1324.2265,201.27822,-839.93894,645.88393,192.50851,-316.81798,0.019175284,0.41134382,0.32236149,-0.04604026,-0.086940366,0.093450931,0.0088003839,-1.4061758e-05,-0.0095507315,0.9989057,0.0088495125,-1.3986998e-05,-0.0095280221,1,0,0,-0.027717986,-0.030132425,2.2094724,744.71418,839.93894,65,6.1099854e-09,0.39891586,nan,0.33398965,nan,nan,313136.75,-2949.7482,4711.3216,3296.3388,0.0076270308,0.44474846,-1.0761991,6.1099854e-09,0,0,0,0,0
3.42,1337.1366,205.1394,-846.26167,645.03791,193.72918,-315.30341,0.019053126,0.40957098,0.32435719,-0.045783222,-0.086795166,0.092834202,0.0088534823,-1.397822e-05,-0.0095251024,0.9989487,0.008899602,-1.3901857e-05,-0.0095011347,1,0,0,-0.027914338,-0.030064194,2.2064871,743.65391,846.26167,65,0,0.39715753,nan,0.33586071,nan,nan,312052.66,-2939.536,4684.144,3308.7402,0.0078136202,0.52489164,-1.1298831,0,0,0,0,0,0
3.44,1350.0297,209.0249,-852.5541,644.1939,194.94083,-313.7878,0.018926886,0.40780211,0.3263377,-0.045519787,-0.08657104,0.092149527,0.0089022858,-1.3890349e-05,-0.0094970604,0.99899,0.0089444618,-1.3808672e-05,-0.009470836,1,0,0,-0.028099788,-0.02999153,2.2035109,742.59713,852.5541,65,0,0.39541269,nan,0.33771054,nan,nan,310974.85,-2929.3831,4656.389,3319.8046,0.0080186316,0.70745839,-1.2977458,0,0,0,0,0,0
3.46,1362.906,212.93455,-858.81621,643.35182,196.14323,-312.27154,0.01879613,0.40603896,0.32830144,-0.045248935,-0.086271407,0.091398933,0.0089468173,-1.3795493e-05,-0.009466623,0.99902968,0.0089851878,-1.3707015e-05,-0.0094382792,1,0,0,-0.028273161,-0.029913227,2.2005438,741.54383,858.81621,65,0,0.39368159,nan,0.33953903,nan,nan,309903.32,-2919.2893,4627.8998,3329.3847,0.008264358,0.82495049,-1.3993239,0,0,0,0,0,0
3.48,1375.7655,216.86817,-865.04799,642.51162,197.33615,-310.75503,0.018660648,0.40428282,0.3302473,-0.044969246,-0.085919435,0.090605704,0.0089871608,-1.3693008e-05,-0.0094338635,0.9990678,0.0090217944,-1.3597784e-05,-0.0094034563,1,0,0,-0.028433781,-0.029828574,2.1975861,740.49404,865.04799,65,0,0.39196447,nan,0.34134607,nan,nan,308838.06,-2909.2545,4598.5928,3337.3995,0.0085520589,0.91115577,-1.4705386,0,0,0,0,0,0
3.5,1388.6082,220.82556,-871.24944,641.67323,198.5193,-309.23873,0.018520412,0.40253465,0.33217456,-0.044679455,-0.085528029,0.089782321,0.0090233965,-1.3583498e-05,-0.0093988466,0.99910443,0.0090543653,-1.3482364e-05,-0.0093664331,1,0,0,-0.028581346,-0.029737234,2.1946376,739.44779,871.24944,65,0,0.39026158,nan,0.34313157,nan,nan,307779.05,-2899.2787,4568.4356,3343.8199,0.0088713823,0.97736918,-1.5228775,0,0,0,0,0,0
3.52,1401.4341,224.80652,-877.42057,640.83661,199.69241,-307.72306,0.018375503,0.40079515,0.3340827,-0.044378715,-0.08510531,0.088936422,0.0090556035,-1.346806e-05,-0.0093616334,0.99913961,0.0090829781,-1.3362062e-05,-0.009327267,1,0,0,-0.028715774,-0.029639083,2.1916985,738.4051,877.42057,65,0,0.38857314,nan,0.34489543,nan,nan,306726.29,-2889.3617,4537.4244,3348.6471,0.0092086356,1.0310693,-1.5637952,0,0,0,0,0,0
3.54,1414.2433,228.81085,-883.5614,640.0017,200.85522,-306.20846,0.018226071,0.39906492,0.33597135,-0.044066619,-0.084656404,0.088072682,0.0090838593,-1.3347814e-05,-0.0093222818,0.99917341,0.0091077091,-1.3237902e-05,-0.0092860136,1,0,0,-0.028837116,-0.02953412,2.1887689,737.366,883.5614,65,0,0.38689937,nan,0.34663754,nan,nan,305679.77,-2879.5034,4505.5723,3351.9001,0.0095514606,1.0767587,-1.5976552,0,0,0,0,0,0
3.56,1427.0358,232.83834,-889.67195,639.16847,202.00746,-304.69538,0.018072306,0.39734445,0.3378402,-0.04374313,-0.084184618,0.087194027,0.0091082403,-1.3223692e-05,-0.0092808472,0.99920589,0.0091286332,-1.3110607e-05,-0.0092427263,1,0,0,-0.0289455,-0.029422415,2.1858489,736.33051,889.67195,65,0,0.38524049,nan,0.34835783,nan,nan,304639.47,-2869.7038,4472.9011,3353.6083,0.0098906179,1.1171821,-1.6270456,0,0,0,0,0,0
3.58,1439.8117,236.88878,-895.75225,638.33687,203.14888,-303.18423,0.017914414,0.3956342,0.339689,-0.043408468,-0.083692154,0.086302344,0.0091288212,-1.3096387e-05,-0.009237383,0.99923709,0.0091458238,-1.2980659e-05,-0.0091974566,1,0,0,-0.0290411,-0.029304075,2.1829385,735.29865,895.75225,65,0,0.38359672,nan,0.3500562,nan,nan,303605.39,-2859.9628,4439.4377,3353.8065,0.010220074,1.1540157,-1.6535031,0,0,0,0,0,0
3.6,1452.571,240.96195,-901.80236,637.50688,204.27922,-301.67543,0.017752614,0.39393456,0.34151755,-0.043063015,-0.083180538,0.085398904,0.0091456753,-1.2966383e-05,-0.0091919407,0.99926706,0.0091593531,-1.2848379e-05,-0.0091502542,1,0,0,-0.029124113,-0.029179231,2.1800378,734.27045,901.80236,65,0,0.38196825,nan,0.35173258,nan,nan,302577.51,-2850.2801,4405.2113,3352.5331,0.010536357,1.1882872,-1.6779434,0,0,0,0,0,0
3.62,1465.3137,245.05762,-907.82231,636.67848,205.39826,-300.16937,0.017587121,0.39224591,0.34332564,-0.04270724,-0.08265088,0.084484607,0.0091588744,-1.2834011e-05,-0.0091445698,0.99929586,0.0091692916,-1.2713984e-05,-0.0091011673,1,0,0,-0.029194755,-0.029048023,2.1771468,733.24592,907.82231,65,0,0.38035529,nan,0.35338688,nan,nan,301555.81,-2840.6558,4370.2518,3349.8274,0.010837762,1.2206307,-1.7009153,0,0,0,0,0,0
3.64,1478.0398,249.17558,-913.81216,635.85163,206.50576,-298.66646,0.017418151,0.39056861,0.34511311,-0.04234165,-0.082104035,0.083560129,0.0091684892,-1.2699507e-05,-0.0090953183,0.99932352,0.0091757088,-1.2577636e-05,-0.0090502424,1,0,0,-0.029253244,-0.028910597,2.1742657,732.22509,913.81216,65,0,0.37875802,nan,0.35501903,nan,nan,300540.29,-2831.0895,4334.5894,3345.7295,0.011123671,1.2514411,-1.7227504,0,0,0,0,0,0
3.66,1490.7494,253.31557,-919.77199,635.02634,207.60151,-297.16706,0.017245915,0.388903,0.34687978,-0.041966762,-0.081540698,0.082626011,0.009174589,-1.2563042e-05,-0.0090442327,0.9993501,0.0091786726,-1.2439468e-05,-0.0089975245,1,0,0,-0.029299803,-0.028767097,2.1713945,731.20797,919.77199,65,0,0.37717663,nan,0.35662897,nan,nan,299530.92,-2821.5813,4298.2536,3340.2793,0.011394073,1.2809676,-1.7436516,0,0,0,0,0,0
3.68,1503.4425,257.47738,-925.70186,634.20257,208.68531,-295.67156,0.017070617,0.38724941,0.34862551,-0.041583091,-0.080961462,0.081682708,0.0091772415,-1.2424759e-05,-0.008991358,0.99937563,0.0091782499,-1.22996e-05,-0.0089430574,1,0,0,-0.029334654,-0.028617666,2.1685332,730.19459,925.70186,65,0,0.37561129,nan,0.35821662,nan,nan,298527.7,-2812.1309,4261.2733,3333.516,0.011649262,1.3093708,-1.7637455,0,0,0,0,0,0
3.7,1516.1192,261.66075,-931.60187,633.38034,209.75695,-294.1803,0.016892456,0.38560814,0.35035014,-0.041191136,-0.080366856,0.080730624,0.0091765135,-1.2284781e-05,-0.0089367376,0.99940016,0.0091745061,-1.2158143e-05,-0.0088868832,1,0,0,-0.029358017,-0.028462446,2.1656819,729.18495,931.60187,65,0,0.37406218,nan,0.35978192,nan,nan,297530.59,-2802.7381,4223.6765,3325.4784,0.011889661,1.3367574,-1.7831131,0,0,0,0,0,0
3.72,1528.7794,265.86544,-937.47208,632.55964,210.81626,-292.69363,0.016711622,0.38397951,0.35205354,-0.040791384,-0.079757367,0.079770123,0.0091724705,-1.2143221e-05,-0.0088804138,0.99942373,0.0091675056,-1.2015205e-05,-0.008829043,1,0,0,-0.029370111,-0.028301573,2.1628407,728.17907,937.47208,65,0,0.37252946,nan,0.3613248,nan,nan,296539.58,-2793.4028,4185.4905,3316.2043,0.012115742,1.3632009,-1.8018083,0,0,0,0,0,0
3.74,1541.4232,270.09121,-943.31261,631.74046,211.86305,-291.2119,0.0165283,0.3823638,0.35373558,-0.040384305,-0.079133449,0.078801548,0.0091651765,-1.2000189e-05,-0.0088224274,0.99944637,0.0091573115,-1.1870891e-05,-0.0087695766,1,0,0,-0.029371149,-0.028135181,2.1600096,727.17696,943.31261,65,0,0.3710133,nan,0.36284522,nan,nan,295554.65,-2784.1248,4146.7414,3305.7309,0.012327981,1.3887545,-1.8198689,0,0,0,0,0,0
3.76,1554.0506,274.3378,-949.12355,630.92282,212.89716,-289.73543,0.01634267,0.3807613,0.35539613,-0.039970353,-0.078495536,0.077825221,0.0091546945,-1.1855789e-05,-0.0087628182,0.99946812,0.0091439856,-1.17253e-05,-0.0087085226,1,0,0,-0.029361344,-0.027963401,2.1571886,726.17864,949.12355,65,0,0.36951385,nan,0.36434312,nan,nan,294575.77,-2774.9038,4107.4544,3294.0943,0.012526849,1.4134587,-1.8373226,0,0,0,0,0,0
3.78,1566.6617,278.60495,-954.90502,630.10672,213.91842,-288.26453,0.016154902,0.37917229,0.35703507,-0.039549967,-0.077844045,0.076841452,0.0091410865,-1.171012e-05,-0.0087016246,0.99948901,0.0091275889,-1.1578531e-05,-0.0086459184,1,0,0,-0.029340902,-0.027786359,2.1543777,725.18412,954.90502,65,0,0.36803126,nan,0.36581845,nan,nan,293602.93,-2765.7396,4067.6541,3281.3297,0.012712803,1.4373463,-1.8541911,0,0,0,0,0,0
3.8,1579.2565,282.89242,-960.65711,629.29217,214.92669,-286.7995,0.015965164,0.37759704,0.35865229,-0.039123571,-0.077179378,0.075850539,0.0091244131,-1.1563281e-05,-0.008638884,0.99950909,0.0091081809,-1.1430676e-05,-0.0085818003,1,0,0,-0.029310027,-0.027604177,2.1515771,724.19339,960.65711,65,0,0.36656567,nan,0.36727116,nan,nan,292636.09,-2756.632,4027.3638,3267.4718,0.01288629,1.4604451,-1.8704925,0,0,0,0,0,0
3.82,1591.8351,287.19993,-966.37996,628.47919,215.92182,-285.34066,0.015773613,0.37603579,0.36024767,-0.038691574,-0.076501927,0.074852769,0.0091047339,-1.1415365e-05,-0.0085746327,0.99952838,0.0090858203,-1.1281827e-05,-0.0085162037,1,0,0,-0.029268921,-0.027416973,2.1487867,723.20648,966.37996,65,0,0.36511723,nan,0.3687012,nan,nan,291675.24,-2747.5807,3986.6062,3252.5539,0.013047748,1.4827795,-1.8862424,0,0,0,0,0,0
3.84,1604.3974,291.52723,-972.07369,627.6678,216.90367,-283.88828,0.015580404,0.3744888,0.36182112,-0.03825437,-0.075812072,0.073848421,0.0090821073,-1.1266461e-05,-0.0085089058,0.99954691,0.0090605645,-1.1132071e-05,-0.0084491628,1,0,0,-0.029217779,-0.027224865,2.1460066,722.22339,972.07369,65,0,0.36368606,nan,0.37010854,nan,nan,290720.34,-2738.5856,3945.4031,3236.6089,0.013197604,1.5043718,-1.901455,0,0,0,0,0,0
3.86,1616.9434,295.87404,-977.73844,626.85803,217.87212,-282.44264,0.015385685,0.37295631,0.36337254,-0.03781234,-0.075110185,0.072837767,0.0090565908,-1.1116657e-05,-0.0084417376,0.99956471,0.0090324701,-1.0981489e-05,-0.0083807111,1,0,0,-0.029156795,-0.027027964,2.1432368,721.24412,977.73844,65,0,0.36227229,nan,0.37149313,nan,nan,289771.37,-2729.6463,3903.7756,3219.6686,0.013336276,1.5252428,-1.9161431,0,0,0,0,0,0
3.88,1629.4733,300.2401,-983.37433,626.04988,218.82704,-281.00401,0.015189597,0.37143855,0.36490182,-0.037365849,-0.074396629,0.071821068,0.0090282408,-1.0966034e-05,-0.0083731613,0.99958181,0.0090015924,-1.0830163e-05,-0.0083108808,1,0,0,-0.029086158,-0.026826379,2.1404773,720.26868,983.37433,65,0,0.36087605,nan,0.37285495,nan,nan,288828.3,-2720.7626,3861.744,3201.7641,0.013464173,1.545412,-1.9303193,0,0,0,0,0,0
3.9,1641.987,304.62513,-988.98151,625.24339,219.76832,-279.57265,0.014992275,0.36993575,0.3664089,-0.036915253,-0.073671756,0.070798582,0.0089971125,-1.0814673e-05,-0.0083032093,0.99959824,0.008967986,-1.0678169e-05,-0.0082397035,1,0,0,-0.029006056,-0.026620215,2.1377281,719.29707,988.98151,65,0,0.35949747,nan,0.37419394,nan,nan,287891.1,-2711.9341,3819.3277,3182.9258,0.013581695,1.5648983,-1.943995,0,0,0,0,0,0
3.92,1654.4847,309.02887,-994.56014,624.43858,220.69586,-278.14881,0.014793852,0.36844814,0.36789367,-0.03646089,-0.072935914,0.069770556,0.0089632604,-1.066265e-05,-0.008231913,0.99961402,0.0089317042,-1.052558e-05,-0.0081672098,1,0,0,-0.028916671,-0.026409576,2.1349893,718.32929,994.56014,65,0,0.35813664,nan,0.37551009,nan,nan,286959.73,-2703.1607,3776.5457,3163.1831,0.013689233,1.5837197,-1.9571815,0,0,0,0,0,0
3.94,1666.9662,313.45103,-1000.1104,623.6355,221.60954,-276.73274,0.014594453,0.36697591,0.36935606,-0.036003087,-0.072189439,0.068737232,0.0089267379,-1.0510038e-05,-0.008159303,0.99962919,0.0088927996,-1.0372466e-05,-0.0080934296,1,0,0,-0.028818183,-0.026194563,2.1322607,717.36534,1000.1104,65,0,0.35679369,nan,0.37680337,nan,nan,286034.18,-2694.442,3733.416,3142.5648,0.013787167,1.6018935,-1.9698897,0,0,0,0,0,0
3.96,1679.4317,317.89134,-1005.6323,622.83416,222.50928,-275.32467,0.014394197,0.36551927,0.370796,-0.035542159,-0.071432663,0.067698847,0.0088875973,-1.0356907e-05,-0.008085409,0.99964375,0.0088513237,-1.0218896e-05,-0.0080183918,1,0,0,-0.028710768,-0.025975271,2.1295426,716.40522,1005.6323,65,0,0.35546872,nan,0.37807375,nan,nan,285114.4,-2685.7776,3689.9563,3121.0989,0.013875868,1.6194366,-1.98213,0,0,0,0,0,0
3.98,1691.8812,322.34952,-1011.1262,622.0346,223.39499,-273.92483,0.014193201,0.36407843,0.37221341,-0.035078409,-0.070665909,0.066655628,0.0088458901,-1.0203325e-05,-0.0080102599,0.99965775,0.0088073272,-1.0064934e-05,-0.0079421248,1,0,0,-0.028594599,-0.025751796,2.1268348,715.44893,1011.1262,65,0,0.35416183,nan,0.3793212,nan,nan,284200.36,-2677.1674,3646.1834,3098.8128,0.013955699,1.6363653,-1.9939126,0,0,0,0,0,0
4,1704.3147,326.82529,-1016.5922,621.23685,224.26658,-272.53344,0.013991574,0.36265357,0.37360822,-0.034612126,-0.069889491,0.065607801,0.0088016669,-1.0049355e-05,-0.0079338841,0.9996712,0.0087608598,-9.9106417e-06,-0.0078646561,1,0,0,-0.028469848,-0.02552423,2.1241373,714.49647,1016.5922,65,0,0.35287311,nan,0.3805457,nan,nan,283292.04,-2668.611,3602.1135,3075.7331,0.014027011,1.6526955,-2.0052473,0,0,0,0,0,0
4.02,1716.7323,331.31836,-1022.0304,620.44097,225.12397,-271.15071,0.013789422,0.36124488,0.37498038,-0.03414359,-0.06910372,0.064555581,0.0087549773,-9.8950599e-06,-0.007856309,0.99968411,0.0087119704,-9.7560777e-06,-0.0077860125,1,0,0,-0.02833668,-0.025292662,2.1214503,713.54783,1022.0304,65,0,0.35160267,nan,0.38174724,nan,nan,282389.39,-2660.108,3557.7626,3051.8857,0.014090149,1.6684426,-2.0161438,0,0,0,0,0,0
4.04,1729.1339,335.82845,-1027.441,619.64697,225.96709,-269.77684,0.013586847,0.35985253,0.37632981,-0.033673068,-0.068308896,0.063499182,0.0087058701,-9.7404979e-06,-0.0077775612,0.99969652,0.0086607069,-9.6012985e-06,-0.0077062201,1,0,0,-0.028195261,-0.02505718,2.1187735,712.603,1027.441,65,0,0.35035059,nan,0.3829258,nan,nan,281492.38,-2651.6582,3513.1456,3027.296,0.014145446,1.6836215,-2.0266113,0,0,0,0,0,0
4.06,1741.5197,340.35528,-1032.8243,618.85491,226.79588,-268.41203,0.013383945,0.3584767,0.37765647,-0.033200816,-0.067505316,0.062438808,0.0086543933,-9.5857251e-06,-0.007697667,0.99970845,0.0086071165,-9.4463581e-06,-0.0076253045,1,0,0,-0.028045752,-0.024817869,2.1161071,711.66199,1032.8243,65,0,0.34911695,nan,0.38408136,nan,nan,280600.97,-2643.2612,3468.2773,3001.9884,0.014193227,1.6982468,-2.036659,0,0,0,0,0,0
4.08,1753.8897,344.89855,-1038.1803,618.06481,227.61027,-267.05647,0.013180807,0.35711754,0.3789603,-0.032727081,-0.066693267,0.061374661,0.0086005937,-9.4307951e-06,-0.0076166518,0.9997199,0.0085512454,-9.2913076e-06,-0.0075432905,1,0,0,-0.027888311,-0.024574812,2.113451,710.72478,1038.1803,65,0,0.34790185,nan,0.38521391,nan,nan,279715.14,-2634.9166,3423.1719,2975.9871,0.014233808,1.7123327,-2.0462958,0,0,0,0,0,0
4.1,1766.2439,349.45798,-1043.5093,617.27673,228.41021,-265.71035,0.012977523,0.35577523,0.38024126,-0.032252097,-0.065873033,0.060306936,0.0085445179,-9.2757588e-06,-0.0075345404,0.99973091,0.0084931393,-9.1361959e-06,-0.0074602023,1,0,0,-0.027723093,-0.024328089,2.1108052,709.79136,1043.5093,65,0,0.34670534,nan,0.38632344,nan,nan,278834.83,-2626.6241,3377.8429,2949.3154,0.014267498,1.7258928,-2.0555302,0,0,0,0,0,0
4.12,1778.5824,354.03327,-1048.8114,616.4907,229.19563,-264.37384,0.012774176,0.35444991,0.38149928,-0.031776089,-0.06504489,0.059235824,0.008486211,-9.120665e-06,-0.0074513569,0.99974148,0.0084328428,-8.9810693e-06,-0.0073760637,1,0,0,-0.027550253,-0.02407778,2.1081697,708.86173,1048.8114,65,0,0.34552752,nan,0.38740994,nan,nan,277960.02,-2618.3834,3332.3036,2921.9961,0.014294594,1.7389406,-2.0643706,0,0,0,0,0,0
4.14,1790.9051,358.62415,-1054.087,615.70677,229.9665,-263.04711,0.012570847,0.35314174,0.38273435,-0.031299274,-0.064209107,0.058161511,0.0084257178,-8.9655598e-06,-0.0073671251,0.99975164,0.0083703998,-8.8259719e-06,-0.0072908978,1,0,0,-0.02736994,-0.023823961,2.1055445,707.93588,1054.087,65,0,0.34436844,nan,0.3884734,nan,nan,277090.66,-2610.1941,3286.5668,2894.0514,0.014315388,1.7514889,-2.0728253,0,0,0,0,0,0
4.16,1803.2122,363.23031,-1059.336,614.92498,230.72277,-261.73033,0.01236761,0.35185085,0.3839464,-0.030821856,-0.063365949,0.057084178,0.0083630821,-8.8104871e-06,-0.0072818679,0.99976139,0.0083058534,-8.6709456e-06,-0.007204727,1,0,0,-0.027182302,-0.023566708,2.1029295,707.01379,1059.336,65,0,0.34322818,nan,0.38951382,nan,nan,276226.73,-2602.0558,3240.6446,2865.503,0.014330162,1.7635506,-2.0809023,0,0,0,0,0,0
4.18,1815.5037,367.85146,-1064.5589,614.14538,231.46439,-260.42365,0.012164539,0.35057738,0.38513542,-0.030344033,-0.062515674,0.056004,0.0082983471,-8.6554885e-06,-0.007195608,0.99977077,0.0082392462,-8.51603e-06,-0.0071175736,1,0,0,-0.026987484,-0.023306093,2.1003247,706.09545,1064.5589,65,0,0.34210681,nan,0.3905312,nan,nan,275368.17,-2593.9681,3194.5491,2836.3718,0.01433919,1.7751377,-2.0886093,0,0,0,0,0,0
4.2,1827.7796,372.48732,-1069.7556,613.368,232.19134,-259.12723,0.011961703,0.34932147,0.38630135,-0.029865993,-0.061658536,0.054921151,0.008231555,-8.5006035e-06,-0.0071083673,0.99977977,0.0081706197,-8.3612627e-06,-0.0070294589,1,0,0,-0.026785629,-0.023042188,2.0977302,705.18086,1069.7556,65,0,0.34100437,nan,0.39152553,nan,nan,274514.94,-2585.9308,3148.2917,2806.6786,0.014342739,1.7862624,-2.095954,0,0,0,0,0,0
4.22,1840.04,377.13758,-1074.9266,612.5929,232.90357,-257.84121,0.011759166,0.34808323,0.38744418,-0.029387912,-0.060794781,0.053835797,0.0081627474,-8.3458694e-06,-0.0070201673,0.99978843,0.0081000149,-8.2066791e-06,-0.0069404042,1,0,0,-0.026576877,-0.022775063,2.0951458,704.26999,1074.9266,65,0,0.33992093,nan,0.39249681,nan,nan,273667.02,-2577.9433,3101.8836,2776.4432,0.014341067,1.7969361,-2.1029437,0,0,0,0,0,0
4.24,1852.2849,381.80195,-1080.0719,611.82011,233.60107,-256.56573,0.011556991,0.3468628,0.38856387,-0.028909963,-0.059924652,0.052748101,0.0080919653,-8.1913216e-06,-0.006931029,0.99979674,0.0080274721,-8.0523127e-06,-0.00685043,1,0,0,-0.026361365,-0.022504787,2.0925715,703.36284,1080.0719,65,0,0.33885654,nan,0.39344505,nan,nan,272824.36,-2570.0054,3055.3355,2745.6852,0.014334425,1.8071701,-2.1095858,0,0,0,0,0,0
4.26,1864.5144,386.48014,-1085.1918,611.04969,234.2838,-255.30092,0.011355236,0.34566029,0.3896604,-0.028432307,-0.059048385,0.051658224,0.0080192489,-8.0369933e-06,-0.0068409731,0.99980472,0.0079530308,-7.898195e-06,-0.0067595563,1,0,0,-0.02613923,-0.022231425,2.0900073,702.45938,1085.1918,65,0,0.33781126,nan,0.39437025,nan,nan,271986.91,-2562.1167,3008.6577,2714.4236,0.014323057,1.8169755,-2.1158873,0,0,0,0,0,0
4.28,1876.7284,391.17186,-1090.2866,610.28168,234.95175,-254.04692,0.011153957,0.34447581,0.39073375,-0.027955097,-0.058166212,0.050566319,0.0079446376,-7.8829159e-06,-0.0067500197,0.9998124,0.00787673,-7.7443555e-06,-0.0066678031,1,0,0,-0.025910603,-0.021955044,2.0874531,701.55961,1090.2866,65,0,0.33678512,nan,0.39527242,nan,nan,271154.64,-2554.2767,2961.8603,2682.677,0.0143072,1.8263629,-2.1218551,0,0,0,0,0,0
4.3,1888.9272,395.87679,-1095.3563,609.51611,235.60489,-252.80385,0.010953205,0.34330947,0.39178389,-0.027478481,-0.057278359,0.049472539,0.0078681702,-7.7291188e-06,-0.0066581883,0.99981977,0.0077986078,-7.5908221e-06,-0.0065751894,1,0,0,-0.025675617,-0.021675707,2.084909,700.6635,1095.3563,65,0,0.33577818,nan,0.39615155,nan,nan,270327.5,-2546.4851,2914.9531,2650.4633,0.014287082,1.8353426,-2.127496,0,0,0,0,0,0
4.32,1901.1106,400.59466,-1100.4013,608.75305,236.24321,-251.57182,0.010753031,0.34216137,0.3928108,-0.027002597,-0.056385049,0.048377031,0.007789885,-7.5756295e-06,-0.0065654982,0.99982685,0.0077187017,-7.4376207e-06,-0.0064817343,1,0,0,-0.025434399,-0.021393476,2.0823748,699.77104,1100.4013,65,0,0.33479048,nan,0.39700767,nan,nan,269505.46,-2538.7414,2867.9455,2617.8001,0.014262926,1.8439248,-2.1328166,0,0,0,0,0,0
4.34,1913.2788,405.32516,-1105.4217,607.99252,236.86671,-250.35095,0.010553481,0.3410316,0.39381448,-0.026527575,-0.055486497,0.04727994,0.0077098194,-7.4224741e-06,-0.0064719684,0.99983365,0.0076370489,-7.2847757e-06,-0.0063874562,1,0,0,-0.025187075,-0.021108413,2.0798505,698.88221,1105.4217,65,0,0.33382205,nan,0.39784078,nan,nan,268688.46,-2531.0453,2820.8465,2584.7046,0.014234948,1.8521191,-2.1378233,0,0,0,0,0,0
4.36,1925.4319,410.068,-1110.4178,607.23458,237.47536,-249.14135,0.010354598,0.33992028,0.39479491,-0.026053541,-0.054582918,0.046181405,0.0076280104,-7.2696765e-06,-0.0063776172,0.99984019,0.0075536855,-7.1323095e-06,-0.0062923732,1,0,0,-0.024933771,-0.020820577,2.0773362,697.99699,1110.4178,65,0,0.33287294,nan,0.39865089,nan,nan,267876.48,-2523.3964,2773.665,2551.1935,0.014203355,1.8599351,-2.1425224,0,0,0,0,0,0
4.38,1937.5698,414.82287,-1115.3898,606.47927,238.06917,-247.94312,0.010156423,0.33882747,0.39575208,-0.025580612,-0.053674518,0.045081563,0.0075444941,-7.1172593e-06,-0.0062824628,0.99984646,0.0074686472,-6.9802432e-06,-0.0061965031,1,0,0,-0.024674608,-0.020530028,2.0748316,697.11536,1115.3898,65,0,0.33194317,nan,0.39943801,nan,nan,267069.45,-2515.7943,2726.4095,2517.2831,0.014168352,1.867382,-2.1469201,0,0,0,0,0,0
4.4,1949.6926,419.58949,-1120.338,605.72663,238.64813,-246.75637,0.009958995,0.33775328,0.39668597,-0.025108898,-0.052761501,0.043980548,0.0074593062,-6.9652432e-06,-0.0061865228,0.9998525,0.0073819692,-6.8285962e-06,-0.0060998632,1,0,0,-0.024409705,-0.020236822,2.0723369,696.2373,1120.338,65,0,0.33103278,nan,0.40020217,nan,nan,266267.35,-2508.2385,2679.0883,2482.9892,0.014130133,1.8744689,-2.1510224,0,0,0,0,0,0
4.42,1961.8003,424.36756,-1125.2625,604.97671,239.21223,-245.58117,0.0097623496,0.33669777,0.39759659,-0.024638504,-0.051844065,0.042878491,0.0073724818,-6.8136475e-06,-0.0060898147,0.99985829,0.0072936859,-6.6773863e-06,-0.0060024706,1,0,0,-0.024139182,-0.019941016,2.0698518,695.3628,1125.2625,65,0,0.33014179,nan,0.40094337,nan,nan,265470.13,-2500.7287,2631.7094,2448.3272,0.014088888,1.8812044,-2.1548352,0,0,0,0,0,0
4.44,1973.8931,429.15677,-1130.1637,604.22954,239.7615,-244.41763,0.00956652,0.33566103,0.39848392,-0.024169528,-0.050922407,0.041775518,0.0072840553,-6.6624899e-06,-0.0059923554,0.99986386,0.0072038313,-6.5266298e-06,-0.0059043421,1,0,0,-0.023863155,-0.019642664,2.0673765,694.49182,1130.1637,65,0,0.32927023,nan,0.40166163,nan,nan,264677.75,-2493.2644,2584.2805,2413.3123,0.014044802,1.887597,-2.1583642,0,0,0,0,0,0
4.46,1985.971,433.95683,-1135.0416,603.48517,240.29591,-243.26583,0.0093715373,0.33464314,0.39934798,-0.023702063,-0.049996716,0.040671754,0.0071940606,-6.5117867e-06,-0.0058941616,0.99986921,0.0071124388,-6.3763418e-06,-0.005805494,1,0,0,-0.023581736,-0.019341822,2.0649107,693.62435,1135.0416,65,0,0.32841813,nan,0.40235697,nan,nan,263890.16,-2485.8453,2536.8091,2377.9591,0.013998052,1.893655,-2.1616151,0,0,0,0,0,0
4.48,1998.0341,438.76745,-1139.8967,602.74364,240.81549,-242.12585,0.0091774304,0.33364415,0.40018874,-0.023236193,-0.049067179,0.039567319,0.007102531,-6.3615527e-06,-0.0057952497,0.99987435,0.0070195411,-6.2265357e-06,-0.0057059423,1,0,0,-0.02329504,-0.019038542,2.0624545,692.76037,1139.8967,65,0,0.32758551,nan,0.40302942,nan,nan,263107.31,-2478.4709,2489.3025,2342.2819,0.013948811,1.8993862,-2.1645934,0,0,0,0,0,0
4.5,2010.0823,443.58833,-1144.729,602.00499,241.32024,-240.99777,0.0089842256,0.33266415,0.40100623,-0.022772,-0.04813398,0.038462333,0.0070094992,-6.2118013e-06,-0.0056956358,0.99987928,0.0069251706,-6.0772238e-06,-0.005605703,1,0,0,-0.023003175,-0.018732876,2.0600078,691.89985,1144.729,65,0,0.32677237,nan,0.40367898,nan,nan,262329.17,-2471.1408,2441.7677,2306.2947,0.013897245,1.9047986,-2.1673044,0,0,0,0,0,0
4.52,2022.1158,448.41917,-1149.5389,601.26927,241.81018,-239.88165,0.0087919475,0.33170318,0.40180043,-0.022309558,-0.047197296,0.037356909,0.0069149976,-6.0625447e-06,-0.0055953356,0.99988403,0.006829359,-5.9284169e-06,-0.0055047914,1,0,0,-0.02270625,-0.018424874,2.0575705,691.04276,1149.5389,65,0,0.32597875,nan,0.40430569,nan,nan,261555.69,-2463.8546,2394.2117,2270.011,0.013843515,1.9098995,-2.1697535,0,0,0,0,0,0
4.54,2034.1345,453.25967,-1154.3266,600.5365,242.28531,-238.77758,0.0086006185,0.33076131,0.40257136,-0.021848939,-0.046257305,0.036251162,0.0068190578,-5.9137935e-06,-0.0054943645,0.99988858,0.0067321375,-5.7801247e-06,-0.0054032228,1,0,0,-0.022404373,-0.018114588,2.0551426,690.18909,1154.3266,65,0,0.32520465,nan,0.40490956,nan,nan,260786.82,-2456.6119,2346.641,2233.4441,0.013787777,1.9146964,-2.1719457,0,0,0,0,0,0
4.56,2046.1387,458.10954,-1159.0923,599.80672,242.74565,-237.68561,0.0084102589,0.3298386,0.40331902,-0.021390205,-0.045314176,0.0351452,0.0067217109,-5.7655574e-06,-0.0053927378,0.99989296,0.0066335367,-5.6323557e-06,-0.0053010121,1,0,0,-0.022097648,-0.017802066,2.052724,689.33881,1159.0923,65,0,0.32445008,nan,0.40549063,nan,nan,260022.53,-2449.4122,2299.062,2196.6069,0.013730182,1.9191964,-2.1738862,0,0,0,0,0,0
4.58,2058.1283,462.96849,-1163.8362,599.07998,243.19122,-236.6058,0.0082208873,0.3289351,0.40404343,-0.020933418,-0.04436808,0.034039132,0.0066229876,-5.6178446e-06,-0.0052904704,0.99989716,0.006533587,-5.485117e-06,-0.005198174,1,0,0,-0.021786179,-0.017487357,2.0503147,688.4919,1163.8362,65,0,0.32371506,nan,0.40604891,nan,nan,259262.76,-2442.2552,2251.4811,2159.5119,0.013670874,1.9234062,-2.1755799,0,0,0,0,0,0
4.6,2070.1034,467.83622,-1168.5587,598.35631,243.62204,-235.53822,0.0080325204,0.32805085,0.40474458,-0.020478631,-0.043419179,0.032933061,0.0065229181,-5.4706623e-06,-0.0051875769,0.9999012,0.006432318,-5.3384147e-06,-0.0050947228,1,0,0,-0.021470067,-0.017170508,2.0479145,687.64833,1168.5587,65,0,0.32299958,nan,0.40658443,nan,nan,258507.48,-2435.1404,2203.9041,2122.1715,0.013609996,1.9273327,-2.1770316,0,0,0,0,0,0
4.62,2082.064,472.71243,-1173.26,597.63574,244.03812,-234.48291,0.007845173,0.3271859,0.4054225,-0.020025895,-0.042467636,0.03182709,0.0064215321,-5.3240165e-06,-0.0050840716,0.99990509,0.0063297589,-5.1922538e-06,-0.0049906728,1,0,0,-0.021149411,-0.016851565,2.0455235,686.80807,1173.26,65,0,0.32230367,nan,0.40709723,nan,nan,257756.63,-2428.0675,2156.3371,2084.5976,0.013547682,1.9309823,-2.178246,0,0,0,0,0,0
4.64,2094.0103,477.59683,-1177.9402,596.91831,244.4395,-233.43994,0.0076588584,0.3263403,0.40607719,-0.019575257,-0.041513609,0.03072132,0.0063188586,-5.177912e-06,-0.0049799688,0.99990881,0.0062259386,-5.0466383e-06,-0.0048860378,1,0,0,-0.020824311,-0.016530575,2.0431415,685.97109,1177.9402,65,0,0.32162731,nan,0.40758732,nan,nan,257010.18,-2421.0359,2108.7857,2046.8019,0.013484064,1.9343613,-2.1792278,0,0,0,0,0,0
4.66,2105.9422,482.48912,-1182.5997,596.20405,244.82619,-232.40933,0.0074735882,0.32551408,0.40670868,-0.019126757,-0.040557253,0.029615846,0.0062149266,-5.0323527e-06,-0.0048752823,0.9999124,0.0061208852,-4.9015709e-06,-0.0047808315,1,0,0,-0.020494862,-0.016207582,2.0407684,685.13738,1182.5997,65,0,0.32097052,nan,0.40805475,nan,nan,256268.08,-2414.0453,2061.2554,2008.7956,0.013419268,1.9374757,-2.1799816,0,0,0,0,0,0
4.68,2117.8599,487.38902,-1187.2387,595.49299,245.19822,-231.39115,0.0072893722,0.32470728,0.40731698,-0.018680433,-0.039598719,0.028510766,0.0061097641,-4.8873414e-06,-0.0047700257,0.99991584,0.0060146267,-4.7570536e-06,-0.0046750673,1,0,0,-0.020161161,-0.01588263,2.0384043,684.3069,1187.2387,65,0,0.32033328,nan,0.40849953,nan,nan,255530.28,-2407.0953,2013.7516,1970.59,0.013353416,1.9403316,-2.1805117,0,0,0,0,0,0
4.7,2129.7633,492.29622,-1191.8575,594.78517,245.55561,-230.38542,0.0071062191,0.32391994,0.4079021,-0.018236318,-0.038638157,0.027406172,0.0060033991,-4.7428798e-06,-0.0046642125,0.99991915,0.0059071905,-4.6130873e-06,-0.0045687585,1,0,0,-0.0198233,-0.015555763,2.036049,683.47963,1191.8575,65,0,0.3197156,nan,0.40892171,nan,nan,254796.75,-2400.1854,1966.2795,1932.1957,0.013286627,1.9429347,-2.1808225,0,0,0,0,0,0
4.72,2141.6527,497.21044,-1196.4562,594.08061,245.89841,-229.3922,0.0069241357,0.32315207,0.40846407,-0.017794443,-0.037675712,0.026302154,0.0058958588,-4.5989689e-06,-0.0045578558,0.99992232,0.0057986035,-4.4696721e-06,-0.004461918,1,0,0,-0.019481372,-0.015227024,2.0337024,682.65554,1196.4562,65,0,0.31911747,nan,0.40932132,nan,nan,254067.43,-2393.3152,1918.8442,1893.6234,0.013219014,1.9452905,-2.1809183,0,0,0,0,0,0
4.74,2153.528,502.13139,-1201.0352,593.37934,246.22663,-228.4115,0.0067431277,0.32240372,0.40900291,-0.017354832,-0.036711527,0.025198801,0.0057871702,-4.4556085e-06,-0.0044509686,0.99992537,0.0056888923,-4.3268069e-06,-0.0043545586,1,0,0,-0.019135468,-0.014896455,2.0313645,681.83459,1201.0352,65,0,0.31853888,nan,0.40969838,nan,nan,253342.28,-2386.4843,1871.4506,1854.8832,0.013150686,1.9474044,-2.1808033,0,0,0,0,0,0
4.76,2165.3893,507.05877,-1205.5947,592.68139,246.5403,-227.44336,0.0065631993,0.32167491,0.40951863,-0.016917509,-0.035745744,0.024096201,0.0056773599,-4.3127976e-06,-0.0043435638,0.99992831,0.005578083,-4.18449e-06,-0.0042466929,1,0,0,-0.018785676,-0.014564097,2.0290352,681.01677,1205.5947,65,0,0.31797983,nan,0.41005294,nan,nan,252621.26,-2379.6923,1824.1034,1815.9852,0.013081749,1.9492816,-2.1804816,0,0,0,0,0,0
4.78,2177.2367,511.99229,-1210.135,591.98679,246.83947,-226.48782,0.0063843535,0.32096566,0.41001127,-0.016482491,-0.034778498,0.022994437,0.0055664538,-4.1705344e-06,-0.0042356537,0.99993112,0.0054662012,-4.0427187e-06,-0.0041383333,1,0,0,-0.018432085,-0.01422999,2.0267144,680.20204,1210.135,65,0,0.31744031,nan,0.41038502,nan,nan,251904.32,-2372.9387,1776.8073,1776.9393,0.013012305,1.9509272,-2.1799571,0,0,0,0,0,0
4.8,2189.0702,516.93167,-1214.6562,591.29556,247.12416,-225.54489,0.006206592,0.32027599,0.41048085,-0.016049794,-0.033809926,0.021893593,0.0054544778,-4.0288163e-06,-0.0041272509,0.99993383,0.0053532725,-3.9014898e-06,-0.0040294918,1,0,0,-0.01807478,-0.013894176,2.0244021,679.39038,1214.6562,65,0,0.3169203,nan,0.41069467,nan,nan,251191.42,-2366.2232,1729.5669,1737.7548,0.012942451,1.9523461,-2.1792338,0,0,0,0,0,0
4.82,2200.8899,521.87661,-1219.1587,590.60771,247.3944,-224.61461,0.0060299153,0.31960591,0.41092739,-0.015619431,-0.032840159,0.020793749,0.005341457,-3.8876396e-06,-0.0040183673,0.99993643,0.0052393215,-3.7607989e-06,-0.0039201805,1,0,0,-0.017713848,-0.013556692,2.0220981,678.58174,1219.1587,65,0,0.31641978,nan,0.41098193,nan,nan,250482.52,-2359.5453,1682.3864,1698.441,0.012872283,1.9535429,-2.1783156,0,0,0,0,0,0
4.84,2212.6959,526.82682,-1223.6427,589.92329,247.65025,-223.69698,0.0058543226,0.31895544,0.41135092,-0.01519141,-0.031869329,0.019694985,0.0052274163,-3.7470002e-06,-0.003909015,0.99993893,0.005124373,-3.6206412e-06,-0.0038104112,1,0,0,-0.017349371,-0.013217578,2.0198025,677.77612,1223.6427,65,0,0.31593875,nan,0.41124683,nan,nan,249777.56,-2352.9047,1635.2702,1659.0071,0.01280189,1.9545223,-2.1772063,0,0,0,0,0,0
4.86,2224.4882,531.78202,-1228.1085,589.2423,247.89172,-222.79203,0.0056798124,0.31832459,0.41175147,-0.014765738,-0.030897561,0.018597378,0.0051123803,-3.6068931e-06,-0.0037992058,0.99994133,0.005008451,-3.4810109e-06,-0.0037001954,1,0,0,-0.016981432,-0.012876873,2.017515,676.97347,1228.1085,65,0,0.31547719,nan,0.4114894,nan,nan,249076.52,-2346.3008,1588.2224,1619.4619,0.012731361,1.9552888,-2.1759095,0,0,0,0,0,0
4.88,2236.267,536.74193,-1232.5563,588.56477,248.11886,-221.89977,0.0055063817,0.31771338,0.41212907,-0.014342418,-0.029924981,0.017501002,0.0049963731,-3.4673125e-06,-0.0036889511,0.99994363,0.0048915795,-3.3419017e-06,-0.0035895445,1,0,0,-0.016610113,-0.012534613,2.0152357,676.17377,1232.5563,65,0,0.31503507,nan,0.4117097,nan,nan,248379.33,-2339.7333,1541.2469,1579.814,0.012660778,1.9558464,-2.1744288,0,0,0,0,0,0
4.9,2248.0322,541.70624,-1236.9864,587.89071,248.33172,-221.02021,0.0053340267,0.3171218,0.41248375,-0.013921451,-0.028951713,0.016405932,0.0048794185,-3.3282521e-06,-0.0035782625,0.99994585,0.0047737817,-3.2033065e-06,-0.0034784699,1,0,0,-0.016235493,-0.012190835,2.0129644,675.37698,1236.9864,65,0,0.31461237,nan,0.41190776,nan,nan,247685.97,-2333.2018,1494.3479,1540.0718,0.012590223,1.9561995,-2.1727679,0,0,0,0,0,0
4.92,2259.784,546.67469,-1241.3989,587.22015,248.53032,-220.15337,0.0051627426,0.31654987,0.41281554,-0.013502834,-0.027977877,0.01531224,0.0047615399,-3.1897046e-06,-0.0034671511,0.99994797,0.0046550809,-3.0652178e-06,-0.0033669825,1,0,0,-0.015857651,-0.011845577,2.010701,674.58308,1241.3989,65,0,0.31420908,nan,0.41208362,nan,nan,246996.38,-2326.7059,1447.5289,1500.2435,0.012519773,1.9563519,-2.1709303,0,0,0,0,0,0
4.94,2271.5223,551.64698,-1245.7943,586.55309,248.71471,-219.29925,0.0049925238,0.31599758,0.41312447,-0.013086563,-0.027003591,0.014219995,0.0046427604,-3.0516625e-06,-0.003355628,0.99995002,0.0045354997,-2.9276271e-06,-0.0032550933,1,0,0,-0.015476664,-0.011498873,2.0084456,673.79203,1245.7943,65,0,0.31382517,nan,0.41223732,nan,nan,246310.53,-2320.2451,1400.7938,1460.3371,0.012449503,1.9563075,-2.1689193,0,0,0,0,0,0
4.96,2283.2474,556.62283,-1250.1727,585.88955,248.88494,-218.45786,0.0048233636,0.31546494,0.41341058,-0.01267263,-0.026028973,0.013129268,0.0045231026,-2.9141173e-06,-0.0032437041,0.99995198,0.0044150606,-2.7905257e-06,-0.003142813,1,0,0,-0.01509261,-0.01115076,2.0061979,673.0038,1250.1727,65,0,0.31346061,nan,0.41236891,nan,nan,245628.36,-2313.8191,1354.1462,1420.3604,0.012379484,1.95607,-2.1667384,0,0,0,0,0,0
4.98,2294.9593,561.60195,-1254.5344,585.22955,249.04104,-217.62919,0.0046552545,0.31495194,0.41367391,-0.012261027,-0.025054136,0.012040124,0.004402589,-2.7770602e-06,-0.00313139,0.99995387,0.0042937858,-2.6539041e-06,-0.0030301521,1,0,0,-0.014705563,-0.010801272,2.003958,672.21837,1254.5344,65,0,0.31311537,nan,0.41247843,nan,nan,244949.84,-2307.4275,1307.5895,1380.3211,0.012309784,1.9556429,-2.1643908,0,0,0,0,0,0
5,2306.658,566.58407,-1258.8796,584.5731,249.18305,-216.81326,0.0044881883,0.31445858,0.41391448,-0.011851742,-0.024079194,0.01095263,0.0042812416,-2.6404816e-06,-0.0030186964,0.99995568,0.0041716968,-2.5177522e-06,-0.002917121,1,0,0,-0.014315597,-0.010450443,2.0017257,671.4357,1258.8796,65,0,0.31278944,nan,0.41256593,nan,nan,244274.92,-2301.0698,1261.1272,1340.2267,0.01224047,1.9550298,-2.1618797,0,0,0,0,0,0
5.02,2318.3435,571.56891,-1263.2086,583.92021,249.31103,-216.01005,0.0043221559,0.31398485,0.41413234,-0.011444761,-0.023104256,0.0098668498,0.0041590821,-2.5043715e-06,-0.0029056335,0.99995742,0.0040488153,-2.3820595e-06,-0.0028037301,1,0,0,-0.013922785,-0.010098307,1.9995009,670.65575,1263.2086,65,0,0.31248276,nan,0.41263144,nan,nan,243603.56,-2294.7456,1214.7626,1300.0843,0.012171604,1.9542338,-2.1592085,0,0,0,0,0,0
5.04,2330.0161,576.55618,-1267.5217,583.27088,249.42502,-215.21957,0.0041571476,0.31353075,0.41432753,-0.011040067,-0.022129433,0.008782846,0.0040361321,-2.3687194e-06,-0.0027922117,0.99995909,0.0039251623,-2.2468151e-06,-0.0026899893,1,0,0,-0.0135272,-0.0097448974,1.9972836,669.87851,1267.5217,65,0,0.31219533,nan,0.41267502,nan,nan,242935.73,-2288.4545,1168.4989,1259.9011,0.012103246,1.9532581,-2.1563802,0,0,0,0,0,0
5.06,2341.6757,581.5456,-1271.819,582.62513,249.52505,-214.44181,0.0039931528,0.31309626,0.41450007,-0.010637644,-0.021154832,0.00770068,0.0039124126,-2.233514e-06,-0.002678441,0.9999607,0.0038007588,-2.1120073e-06,-0.0025759086,1,0,0,-0.013128912,-0.0093902469,1.9950737,669.10394,1271.819,65,0,0.31192709,nan,0.41269671,nan,nan,242271.36,-2282.1962,1122.3392,1219.684,0.012035454,1.9521057,-2.1533978,0,0,0,0,0,0
5.08,2353.3224,586.5369,-1276.101,581.98296,249.61119,-213.67675,0.0038301604,0.31268137,0.41465002,-0.010237472,-0.020180557,0.0066204115,0.0037879445,-2.098744e-06,-0.0025643313,0.99996224,0.0036756253,-1.9776242e-06,-0.0024614978,1,0,0,-0.012727992,-0.0090343877,1.992871,668.332,1276.101,65,0,0.31167802,nan,0.41269655,nan,nan,241610.43,-2275.9703,1076.2867,1179.4398,0.011968284,1.9507796,-2.1502645,0,0,0,0,0,0
5.1,2364.9563,591.5298,-1280.3677,581.34437,249.68347,-212.9244,0.0036681586,0.31228607,0.41477741,-0.0098395284,-0.019206713,0.005542099,0.0036627483,-1.9643973e-06,-0.0024498925,0.99996373,0.003549782,-1.8436535e-06,-0.0023467666,1,0,0,-0.012324508,-0.0086773518,1.9906756,667.56267,1280.3677,65,0,0.31144808,nan,0.4126746,nan,nan,240952.9,-2269.7763,1030.3444,1139.1751,0.011901788,1.9492826,-2.1469832,0,0,0,0,0,0
5.12,2376.5775,596.52402,-1284.6195,580.70937,249.74195,-212.18474,0.0035071349,0.31191033,0.41488228,-0.0094437908,-0.018233403,0.0044657996,0.0035368442,-1.8304614e-06,-0.002335134,0.99996515,0.003423249,-1.7100822e-06,-0.0022317245,1,0,0,-0.011918528,-0.0083191703,1.9884873,666.7959,1284.6195,65,0,0.31123723,nan,0.4126309,nan,nan,240298.71,-2263.6138,984.51499,1098.8964,0.011836017,1.9476172,-2.1435568,0,0,0,0,0,0
5.14,2388.186,601.51928,-1288.8567,580.07797,249.78666,-211.45775,0.0033470765,0.31155415,0.41496467,-0.009050234,-0.017260727,0.0033915691,0.0034102523,-1.6969234e-06,-0.0022200655,0.99996652,0.0032960461,-1.576897e-06,-0.0021163807,1,0,0,-0.011510119,-0.0079598743,1.986306,666.03168,1288.8567,65,0,0.31104543,nan,0.4125655,nan,nan,239647.83,-2257.4826,938.80147,1058.61,0.011771019,1.945786,-2.1399882,0,0,0,0,0,0
5.16,2399.7819,606.51532,-1293.0794,579.45015,249.81766,-210.74343,0.0031879697,0.31121749,0.41502463,-0.0086588318,-0.016288786,0.002319462,0.0032829923,-1.5637701e-06,-0.0021046963,0.99996784,0.0031681927,-1.4440845e-06,-0.0020007446,1,0,0,-0.011099347,-0.007599494,1.9841316,665.26997,1293.0794,65,0,0.31087265,nan,0.41247845,nan,nan,239000.22,-2251.3821,893.20653,1018.3219,0.011706839,1.9437913,-2.1362802,0,0,0,0,0,0
5.18,2411.3653,611.51185,-1297.2879,578.82593,249.835,-210.04174,0.0030298006,0.31090035,0.41506221,-0.008269556,-0.015317676,0.0012495315,0.0031550836,-1.4309879e-06,-0.0019890356,0.9999691,0.003039708,-1.3116305e-06,-0.0018848252,1,0,0,-0.010686278,-0.0072380597,1.9819641,664.51074,1297.2879,65,0,0.31071883,nan,0.4123698,nan,nan,238355.84,-2245.312,847.73287,978.03842,0.011643521,1.9416356,-2.1324356,0,0,0,0,0,0
5.2,2422.9362,616.50861,-1301.4825,578.2053,249.83873,-209.35268,0.0028725545,0.31060268,0.41507744,-0.0078823774,-0.014347496,0.00018182963,0.0030265455,-1.2985626e-06,-0.0018730923,0.99997031,0.0029106111,-1.1795208e-06,-0.0017686313,1,0,0,-0.010270977,-0.0068756006,1.9798034,663.75395,1301.4825,65,0,0.31058395,nan,0.4122396,nan,nan,237714.64,-2239.2719,802.3831,937.76527,0.011581108,1.9393208,-2.1284573,0,0,0,0,0,0
5.22,2434.4947,621.50531,-1305.6635,577.58826,249.82889,-208.67622,0.0027162164,0.31032447,0.41507036,-0.0074972651,-0.013378341,-0.00088359299,0.0028973969,-1.1664799e-06,-0.0017568756,0.99997148,0.0027809207,-1.0477405e-06,-0.001652172,1,0,0,-0.0098535051,-0.0065121461,1.9776493,662.99958,1305.6635,65,0,0.31046794,nan,0.41208789,nan,nan,237076.59,-2233.2614,757.15974,897.50825,0.011519638,1.9368491,-2.1243479,0,0,0,0,0,0
5.24,2446.041,626.5017,-1309.831,576.9748,249.80555,-208.01234,0.002560771,0.31006569,0.41504104,-0.0071141872,-0.012410305,-0.0019466868,0.0027676565,-1.0347252e-06,-0.0016403941,0.9999726,0.0026506552,-9.1627481e-07,-0.0015354557,1,0,0,-0.0094339269,-0.0061477248,1.9755018,662.24758,1309.831,65,0,0.31037077,nan,0.41191474,nan,nan,236441.64,-2227.2802,712.06529,857.27302,0.01145915,1.9342223,-2.12011,0,0,0,0,0,0
5.26,2457.575,631.49751,-1313.9853,576.36491,249.76873,-207.36102,0.0024062023,0.30982631,0.4149895,-0.0067331105,-0.011443482,-0.0030074036,0.0026373428,-9.0328323e-07,-0.0015236565,0.99997368,0.0025198331,-7.8510829e-07,-0.0014184911,1,0,0,-0.0090123037,-0.0057823648,1.9733609,661.49794,1313.9853,65,0,0.31029239,nan,0.41172018,nan,nan,235809.76,-2221.3279,667.10214,817.06509,0.011399679,1.9314423,-2.1157464,0,0,0,0,0,0
5.28,2469.0968,636.49245,-1318.1268,575.75859,249.71851,-206.72223,0.0022524942,0.3096063,0.41491581,-0.0063540004,-0.010477965,-0.0040656961,0.0025064742,-7.7213883e-07,-0.0014066713,0.99997471,0.0023884723,-6.5422537e-07,-0.0013012865,1,0,0,-0.0085886967,-0.0054160942,1.9712263,660.75061,1318.1268,65,0,0.31023275,nan,0.41150428,nan,nan,235180.9,-2215.4041,622.27264,776.88985,0.011341259,1.9285107,-2.1112596,0,0,0,0,0,0
5.3,2480.6065,641.48627,-1322.2556,575.15584,249.65493,-206.09594,0.0020996299,0.30940561,0.41482,-0.0059768215,-0.009513844,-0.0051215184,0.0023750686,-6.4127633e-07,-0.0012894469,0.99997571,0.0022565907,-5.2361019e-07,-0.0011838503,1,0,0,-0.0081631662,-0.0050489403,1.9690981,660.00557,1322.2556,65,0,0.31019179,nan,0.41126708,nan,nan,234555.03,-2209.5084,577.57909,736.75259,0.011283922,1.925429,-2.1066523,0,0,0,0,0,0
5.32,2492.1043,646.4787,-1326.372,574.55663,249.57803,-205.48212,0.0019475925,0.30922423,0.41470212,-0.0056015372,-0.0085512106,-0.0061748257,0.0022431439,-5.1067983e-07,-0.0011719917,0.99997666,0.002124206,-3.9324659e-07,-0.0010661905,1,0,0,-0.0077357719,-0.0046809301,1.9669761,659.26278,1326.372,65,0,0.31016947,nan,0.41100865,nan,nan,233932.11,-2203.6405,533.02369,696.65848,0.011227699,1.9221986,-2.101927,0,0,0,0,0,0
5.34,2503.59,651.46947,-1330.4762,573.96097,249.48789,-204.88074,0.0017963647,0.30906211,0.41456223,-0.00522811,-0.0075901543,-0.0072255744,0.0021107178,-3.8033319e-07,-0.0010543137,0.99997758,0.0019913357,-2.6311821e-07,-0.00094831531,1,0,0,-0.0073065727,-0.0043120902,1.9648603,658.52222,1330.4762,65,0,0.31016574,nan,0.41072902,nan,nan,233312.09,-2197.7999,488.60862,656.61259,0.011172619,1.918821,-2.0970863,0,0,0,0,0,0
5.36,2515.0639,656.45832,-1334.5685,573.36883,249.38453,-204.29178,0.001645929,0.30891921,0.41440037,-0.0048565013,-0.0066307639,-0.0082737218,0.0019778077,-2.5022001e-07,-0.00093642091,0.99997846,0.001857997,-1.3320844e-07,-0.00083023247,1,0,0,-0.0068756268,-0.003942447,1.9627505,657.78385,1334.5685,65,0,0.31018053,nan,0.41042825,nan,nan,232694.95,-2191.9864,444.33598,616.61987,0.011118707,1.9152971,-2.0921326,0,0,0,0,0,0
5.38,2526.526,661.44498,-1338.6491,572.7802,249.26803,-203.7152,0.0014962674,0.30879549,0.41421659,-0.0044866718,-0.0056731276,-0.0093192265,0.0018444308,-1.2032366e-07,-0.00081832127,0.9999793,0.001724207,-3.5004495e-09,-0.00071194981,1,0,0,-0.0064429918,-0.0035720261,1.9606468,657.04763,1338.6491,65,0,0.3102138,nan,0.4101064,nan,nan,232080.64,-2186.1996,400.20783,576.6852,0.011065991,1.9116282,-2.0870684,0,0,0,0,0,0
5.4,2537.9763,666.4292,-1342.7183,572.19507,249.13842,-203.15095,0.0013473618,0.30869091,0.41401094,-0.0041185812,-0.004717333,-0.010362048,0.0017106042,9.3727111e-09,-0.00070002252,0.99998012,0.0015899826,1.2602281e-07,-0.00059347497,1,0,0,-0.0060087247,-0.003200853,1.9585489,656.31354,1342.7183,65,0,0.31026549,nan,0.40976353,nan,nan,231469.12,-2180.4391,356.22616,536.81334,0.011014494,1.907815,-2.0818963,0,0,0,0,0,0
5.42,2549.415,671.4107,-1346.7763,571.61342,248.99577,-202.59902,0.001199194,0.30860543,0.41378348,-0.0037521887,-0.0037634669,-0.011402148,0.001576345,1.3888614e-07,-0.00058153229,0.9999809,0.0014553406,2.5537856e-07,-0.00047481548,1,0,0,-0.0055728817,-0.0028289527,1.9564568,655.58155,1346.7763,65,0,0.31033553,nan,0.40939968,nan,nan,230860.35,-2174.7045,312.39291,497.00896,0.010964239,1.9038584,-2.0766187,0,0,0,0,0,0
5.44,2560.842,676.38924,-1350.8234,571.03524,248.84013,-202.05935,0.0010517451,0.30853899,0.41353425,-0.0033874524,-0.0028116158,-0.012439487,0.0014416697,2.6823389e-07,-0.0004628581,0.99998165,0.0013202977,3.8458422e-07,-0.00035597873,1,0,0,-0.0051355186,-0.00245635,1.9543704,654.85162,1350.8234,65,0,0.31042387,nan,0.40901491,nan,nan,230254.31,-2168.9956,268.70998,457.27663,0.010915247,1.8997592,-2.071238,0,0,0,0,0,0
5.46,2572.2576,681.36455,-1354.8599,570.4605,248.67155,-201.53191,0.00090499658,0.30849156,0.4132633,-0.0030243301,-0.0018618657,-0.013474029,0.0013065949,3.9743338e-07,-0.00034400734,0.99998237,0.0011848702,5.1365738e-07,-0.000236972,1,0,0,-0.0046966906,-0.0020830689,1.9522897,654.12372,1354.8599,65,0,0.31053045,nan,0.40860927,nan,nan,229650.94,-2163.3119,225.1792,417.62086,0.010867537,1.8955177,-2.0657567,0,0,0,0,0,0
5.48,2583.6616,686.33637,-1358.8858,569.88919,248.49008,-201.01666,0.00075892927,0.30846309,0.4129707,-0.0026627786,-0.00091430208,-0.014505737,0.0011711372,5.2650221e-07,-0.00022498726,0.99998306,0.0010490744,6.4261578e-07,-0.00011780245,1,0,0,-0.0042564524,-0.0017091335,1.9502145,653.39782,1358.8858,65,0,0.3106552,nan,0.40818283,nan,nan,229050.22,-2157.6531,181.80236,378.04606,0.010821128,1.8911344,-2.0601772,0,0,0,0,0,0
5.5,2595.0543,691.30444,-1362.9016,569.32128,248.29579,-200.51356,0.00061352406,0.30845352,0.41265648,-0.0023027543,3.0989709e-05,-0.015534577,0.0010353128,6.5545814e-07,-0.000105805,0.99998373,0.00091292653,7.7147733e-07,1.5228916e-06,1,0,0,-0.0038148579,-0.0013345671,1.9481447,652.67389,1362.9016,65,0,0.31079805,nan,0.40773563,nan,nan,228452.11,-2152.0189,138.58119,338.55657,0.010776038,1.8866097,-2.0545019,0,0,0,0,0,0
5.52,2606.4356,696.26851,-1366.9074,568.75675,248.08871,-200.02257,0.00046876161,0.3084628,0.41232071,-0.0019442131,0.00097392468,-0.016560515,0.00089913791,7.8431908e-07,1.3532398e-05,0.99998437,0.00077644263,9.0026008e-07,0.00012099712,1,0,0,-0.0033719608,-0.00095939291,1.9460804,651.9519,1366.9074,65,0,0.31095896,nan,0.40726773,nan,nan,227856.57,-2146.4089,95.517389,299.15663,0.010732282,1.8819435,-2.0487333,0,0,0,0,0,0
5.54,2617.8057,701.22833,-1370.9036,568.19558,247.86892,-199.54364,0.00032462245,0.30849089,0.41196343,-0.0015871102,0.001914418,-0.017583519,0.00076262849,9.1310309e-07,0.00013301806,0.99998498,0.00063963862,1.0289822e-06,0.00024061345,1,0,0,-0.0029278144,-0.00058363359,1.9440213,651.23182,1370.9036,65,0,0.31113784,nan,0.4067792,nan,nan,227263.57,-2140.8228,52.61259,259.85043,0.010689874,1.877136,-2.0428738,0,0,0,0,0,0
5.56,2629.1646,706.18364,-1374.8902,567.63774,247.63645,-199.07672,0.00018108699,0.30853771,0.41158471,-0.0012314005,0.0028523849,-0.018603556,0.00062580047,1.0418283e-06,0.0002526452,0.99998557,0.00050253029,1.157662e-06,0.00036036521,1,0,0,-0.0024824711,-0.00020731148,1.9419674,650.51361,1374.8902,65,0,0.31133462,nan,0.40627007,nan,nan,226673.07,-2135.2603,9.8683869,220.64209,0.01064883,1.8721869,-2.0369258,0,0,0,0,0,0
5.58,2640.5124,711.13418,-1378.8676,567.0832,247.39137,-198.62177,3.8135518e-05,0.30860322,0.41118459,-0.00087703833,0.0037877407,-0.019620596,0.00048866967,1.1705131e-06,0.00037240716,0.99998614,0.00036513335,1.2863178e-06,0.00048024586,1,0,0,-0.0020359835,0.00016955147,1.9399186,649.79725,1378.8676,65,0,0.31154925,nan,0.40574042,nan,nan,226085.03,-2129.721,-32.713676,181.53565,0.01060916,1.867096,-2.0308918,0,0,0,0,0,0
5.6,2651.8491,716.07971,-1382.8361,566.53195,247.13374,-198.17874,-0.00010425179,0.30868736,0.41076313,-0.00052397771,0.0047204005,-0.02063461,0.00035125179,1.2991759e-06,0.00049229743,0.99998668,0.00022746343,1.4149682e-06,0.00060024899,1,0,0,-0.0015884032,0.00054693369,1.9378749,649.0827,1382.8361,65,0,0.31178165,nan,0.40519029,nan,nan,225499.42,-2124.2046,-75.132099,142.53508,0.010570878,1.8618628,-2.0247743,0,0,0,0,0,0
5.62,2663.1748,721.01998,-1386.7957,565.98394,246.8636,-197.74759,-0.00024609482,0.30879007,0.41032038,-0.00017217227,0.0056502795,-0.021645569,0.00021356243,1.4278352e-06,0.0006123096,0.99998721,8.9536043e-05,1.5436318e-06,0.00072036829,1,0,0,-0.001139782,0.00092481401,1.9358361,648.36993,1386.7957,65,0,0.31203174,nan,0.40461974,nan,nan,224916.21,-2118.7107,-117.38543,103.64431,0.010533992,1.8564867,-2.0185756,0,0,0,0,0,0
5.64,2674.4895,725.95472,-1390.7469,565.43916,246.58101,-197.32826,-0.00038741356,0.30891128,0.4098564,0.00017842472,0.0065772924,-0.022653447,7.5617114e-05,1.5565095e-06,0.00073243738,0.99998771,-4.8633361e-05,1.6723274e-06,0.00084059761,1,0,0,-0.00069017084,0.0013031716,1.9338021,647.65892,1390.7469,65,0,0.31229945,nan,0.40402883,nan,nan,224335.37,-2113.2392,-159.47226,64.867208,0.010498512,1.8509669,-2.0122984,0,0,0,0,0,0
5.66,2685.7934,730.88371,-1394.6898,564.89757,246.28603,-196.9207,-0.00052822804,0.30905094,0.40937124,0.00052786026,0.007501354,-0.023658216,-6.2568706e-05,1.6852177e-06,0.00085267461,0.99998819,-0.0001870294,1.8010736e-06,0.0009609309,1,0,0,-0.00023962071,0.0016819861,1.931773,646.94963,1394.6898,65,0,0.3125847,nan,0.40341762,nan,nan,223756.85,-2107.7895,-201.39123,26.207567,0.010464448,1.8453025,-2.0059451,0,0,0,0,0,0
5.68,2697.0865,735.80668,-1398.6246,564.35913,245.97871,-196.52486,-0.00066855836,0.30920897,0.40886496,0.00087618164,0.0084223783,-0.024659853,-0.00020097965,1.8139785e-06,0.00097301527,0.99998866,-0.00032563675,1.9298894e-06,0.0010813622,1,0,0,0.00021181784,0.0020612375,1.9297485,646.24204,1398.6246,65,0,0.31288743,nan,0.40278617,nan,nan,223180.62,-2102.3615,-243.14102,-12.330853,0.010431806,1.8394924,-1.9995183,0,0,0,0,0,0
5.7,2708.3689,740.7234,-1402.5516,563.82382,245.65911,-196.14068,-0.00080842466,0.30938531,0.40833762,0.0012234364,0.0093402789,-0.025658333,-0.00033960041,1.9428108e-06,0.0010934535,0.9999891,-0.00046444015,2.0587937e-06,0.0012018858,1,0,0,0.00066409448,0.002440906,1.9277286,645.5361,1402.5516,65,0,0.31320754,nan,0.40213452,nan,nan,222606.66,-2096.9547,-284.72036,-50.74435,0.010400593,1.8335353,-1.9930205,0,0,0,0,0,0
5.72,2719.6406,745.63362,-1406.4711,563.2916,245.32728,-195.76812,-0.00094784709,0.3095799,0.40778927,0.0015696722,0.010254969,-0.026653634,-0.00047841571,2.0717335e-06,0.0012139834,0.99998953,-0.00060342435,2.1878054e-06,0.001322496,1,0,0,0.0011171591,0.0028209726,1.9257133,644.83181,1406.4711,65,0,0.31354496,nan,0.40146274,nan,nan,222034.93,-2091.569,-326.12801,-89.029263,0.010370816,1.8274298,-1.9864544,0,0,0,0,0,0
5.74,2730.9016,750.53709,-1410.3832,562.76244,244.98328,-195.40711,-0.0010868459,0.30979265,0.40721996,0.001914937,0.011166361,-0.027645735,-0.0006174103,2.2007656e-06,0.0013345994,0.99998994,-0.00074257415,2.3169438e-06,0.0014431872,1,0,0,0.0015709619,0.0032014183,1.9237024,644.12911,1410.3832,65,0,0.31389961,nan,0.40077089,nan,nan,221465.39,-2086.2039,-367.3628,-127.18198,0.010342478,1.8211741,-1.9798226,0,0,0,0,0,0
5.76,2742.1521,755.43357,-1414.2881,562.2363,244.62717,-195.0576,-0.0012254412,0.31002351,0.40662976,0.0022592789,0.012074367,-0.028634615,-0.000756569,2.3299263e-06,0.001455296,0.99999034,-0.00088187439,2.4462277e-06,0.0015639541,1,0,0,0.002025453,0.0035822246,1.9216959,643.42799,1414.2881,65,0,0.3142714,nan,0.40005901,nan,nan,220898.01,-2080.8593,-408.42357,-165.19892,0.010315585,1.8147665,-1.9731278,0,0,0,0,0,0
5.78,2753.3922,760.32282,-1418.1862,561.71314,244.25899,-194.71954,-0.0013636532,0.31027239,0.40601871,0.0026027461,0.012978897,-0.029620256,-0.0008958766,2.4592345e-06,0.0015760677,0.99999072,-0.0010213099,2.5756765e-06,0.0016847914,1,0,0,0.0024805829,0.0039633736,1.9196936,642.72841,1418.1862,65,0,0.31466025,nan,0.39932718,nan,nan,220332.77,-2075.5347,-449.30924,-203.07655,0.010290141,1.8082048,-1.9663728,0,0,0,0,0,0
5.8,2764.6217,765.2046,-1422.0777,561.19293,243.87882,-194.39286,-0.0015015022,0.31053922,0.40538688,0.0029453869,0.013879861,-0.030602639,-0.0010353179,2.5887094e-06,0.0016969094,0.99999108,-0.0011608654,2.7053094e-06,0.001805694,1,0,0,0.0029363022,0.0043448476,1.9176956,642.03035,1422.0777,65,0,0.31506607,nan,0.39857543,nan,nan,219769.63,-2070.2299,-490.01874,-240.81137,0.010266148,1.8014868,-1.9595604,0,0,0,0,0,0
5.82,2775.8409,770.07866,-1425.9627,560.67563,243.48669,-194.0775,-0.0016390083,0.31082392,0.40473432,0.0032872497,0.014777167,-0.031581749,-0.0011748778,2.7183704e-06,0.0018178159,0.99999143,-0.0013005259,2.8351455e-06,0.0019266568,1,0,0,0.0033925613,0.0047266293,1.9157017,641.33377,1425.9627,65,0,0.31548877,nan,0.39780384,nan,nan,219208.56,-2064.9446,-530.55107,-278.3999,0.010243608,1.7946099,-1.9526935,0,0,0,0,0,0
5.84,2787.0498,774.94478,-1429.8415,560.1612,243.08268,-193.7734,-0.0017761916,0.31112642,0.40406109,0.003628383,0.015670724,-0.03255757,-0.0013145411,2.8482365e-06,0.0019387823,0.99999177,-0.001440276,2.9652041e-06,0.002047675,1,0,0,0.003849311,0.005108702,1.9137118,640.63865,1429.8415,65,0,0.31592827,nan,0.39701246,nan,nan,218649.52,-2059.6785,-570.90526,-315.8387,0.010222523,1.7875714,-1.945775,0,0,0,0,0,0
5.86,2798.2484,779.80271,-1433.7143,559.64959,242.66683,-193.48051,-0.0019130725,0.31144663,0.40336725,0.0039688354,0.016560438,-0.03353009,-0.0014542925,2.9783272e-06,0.0020598036,0.99999209,-0.0015801005,3.0955047e-06,0.0021687438,1,0,0,0.0043065019,0.0054910492,1.9117258,639.94497,1433.7143,65,0,0.31638446,nan,0.39620134,nan,nan,218092.5,-2054.4313,-611.08039,-353.12436,0.010202895,1.7803683,-1.938808,0,0,0,0,0,0
5.88,2809.4368,784.65222,-1437.5813,559.14077,242.2392,-193.19875,-0.0020496709,0.31178447,0.40265284,0.0043086553,0.017446212,-0.034499296,-0.0015941167,3.1086617e-06,0.0021808752,0.9999924,-0.0017199841,3.2260665e-06,0.0022898588,1,0,0,0.0047640845,0.0058736549,1.9097438,639.25268,1437.5813,65,0,0.31685726,nan,0.39537054,nan,nan,217537.45,-2049.2028,-651.07557,-390.25347,0.010184723,1.7729973,-1.9317955,0,0,0,0,0,0
5.9,2820.6151,789.49307,-1441.4429,558.63469,241.79985,-192.92807,-0.0021860069,0.31213986,0.40191793,0.0046478913,0.018327949,-0.035465177,-0.0017339985,3.2392595e-06,0.0023019925,0.9999927,-0.0018599115,3.356909e-06,0.0024110155,1,0,0,0.0052220094,0.0062565038,1.9077655,638.56176,1441.4429,65,0,0.31734657,nan,0.39452012,nan,nan,216984.35,-2043.9926,-690.88999,-427.22266,0.010168008,1.7654549,-1.9247408,0,0,0,0,0,0
5.92,2831.7832,794.32502,-1445.2991,558.13132,241.34883,-192.6684,-0.0023221006,0.3125127,0.40116257,0.0049865921,0.019205552,-0.036427724,-0.0018739225,3.3701398e-06,0.0024231512,0.99999299,-0.0019998672,3.4880515e-06,0.0025322097,1,0,0,0.0056802271,0.0066395806,1.905791,637.87219,1445.2991,65,0,0.31785229,nan,0.39365013,nan,nan,216433.17,-2038.8005,-730.52283,-464.02857,0.01015275,1.7577372,-1.9176472,0,0,0,0,0,0
5.94,2842.9414,799.14786,-1449.1502,557.6306,240.8862,-192.41968,-0.0024579719,0.31290292,0.40038682,0.005324806,0.02007892,-0.037386929,-0.0020138732,3.5013221e-06,0.002544347,0.99999326,-0.0021398356,3.6195135e-06,0.0026534371,1,0,0,0.0061386877,0.0070228707,1.9038202,637.18394,1449.1502,65,0,0.31837432,nan,0.39276063,nan,nan,215883.88,-2033.6262,-769.97337,-500.66784,0.010138948,1.7498402,-1.9105181,0,0,0,0,0,0
5.96,2854.0895,803.96133,-1452.9964,557.13249,240.41202,-192.18183,-0.0025936409,0.31331041,0.39959074,0.0056625817,0.020947948,-0.038342787,-0.002153835,3.6328259e-06,0.0026655757,0.99999353,-0.0022798012,3.7513145e-06,0.0027746938,1,0,0,0.0065973415,0.00740636,1.9018529,636.49698,1452.9964,65,0,0.31891256,nan,0.39185168,nan,nan,215336.45,-2028.4694,-809.24091,-537.13714,0.0101266,1.7417592,-1.9033569,0,0,0,0,0,0
5.98,2865.2277,808.76522,-1456.838,556.63694,239.92635,-191.9548,-0.0027291272,0.31373509,0.39877438,0.0059999676,0.021812534,-0.039295294,-0.0022937924,3.7646707e-06,0.0027868334,0.99999378,-0.0024197482,3.883474e-06,0.0028959762,1,0,0,0.0070561381,0.0077900348,1.8998891,635.81128,1456.838,65,0,0.31946691,nan,0.39092332,nan,nan,214790.86,-2023.3299,-848.3248,-573.43313,0.010115704,1.7334896,-1.8961675,0,0,0,0,0,0
6,2876.356,813.55929,-1460.6751,556.14392,239.42923,-191.73851,-0.0028644509,0.31417687,0.39793779,0.0063370121,0.022672568,-0.040244446,-0.0024337295,3.8968759e-06,0.0029081164,0.99999403,-0.0025596606,4.0160116e-06,0.0030172804,1,0,0,0.0075150273,0.0081738818,1.8979287,635.12682,1460.6751,65,0,0.32003725,nan,0.38997561,nan,nan,214247.07,-2018.2074,-887.22443,-609.55248,0.01010626,1.7250261,-1.8889535,0,0,0,0,0,0
6.02,2887.4744,818.34332,-1464.508,555.65337,238.92073,-191.53289,-0.0029996316,0.31463564,0.39708104,0.0066737635,0.023527941,-0.041190244,-0.0025736304,4.0294611e-06,0.0030294211,0.99999426,-0.0026995224,4.1489468e-06,0.0031386031,1,0,0,0.0079739582,0.0085578883,1.8959717,634.44356,1464.508,65,0,0.32062348,nan,0.38900861,nan,nan,213705.05,-2013.1016,-925.93925,-645.49185,0.010098265,1.7163631,-1.8817188,0,0,0,0,0,0
6.04,2898.5831,823.11707,-1468.3369,555.16525,238.4009,-191.33788,-0.003134689,0.31511131,0.39620417,0.0070102702,0.02437854,-0.042132688,-0.002713479,4.162446e-06,0.0031507439,0.99999449,-0.0028393174,4.2822992e-06,0.0032599411,1,0,0,0.0084328797,0.0089420422,1.8940179,633.76149,1468.3369,65,0,0.3212255,nan,0.38802237,nan,nan,213164.79,-2008.0123,-964.46876,-681.24791,0.010091716,1.7074948,-1.8744677,0,0,0,0,0,0
6.06,2909.682,827.88033,-1472.162,554.6795,237.86981,-191.15339,-0.0032696428,0.31560377,0.39530725,0.0073465801,0.025224249,-0.043071781,-0.0028532591,4.29585e-06,0.0032720818,0.9999947,-0.0029790292,4.4160885e-06,0.0033812911,1,0,0,0.0088917402,0.0093263317,1.8920673,633.08057,1472.162,65,0,0.32184317,nan,0.38701694,nan,nan,212626.25,-2002.9393,-1002.8125,-716.8173,0.010086611,1.6984145,-1.8672044,0,0,0,0,0,0
6.08,2920.7713,832.63286,-1475.9835,554.19608,237.3275,-190.97937,-0.0034045125,0.31611292,0.39439032,0.0076827416,0.026064948,-0.04400753,-0.0029929542,4.429693e-06,0.0033934315,0.99999491,-0.0031186411,4.5503345e-06,0.0035026503,1,0,0,0.0093504877,0.0097107457,1.8901199,632.40079,1475.9835,65,0,0.3224764,nan,0.38599238,nan,nan,212089.41,-1997.8822,-1040.9701,-752.19667,0.010082946,1.6891156,-1.8599333,0,0,0,0,0,0
6.1,2931.8509,837.37445,-1479.8016,553.71494,236.77403,-190.81573,-0.0035393176,0.31663866,0.39345345,0.0080188024,0.026900515,-0.044939941,-0.0031325476,4.5639945e-06,0.0035147902,0.99999511,-0.0032581362,4.6850567e-06,0.003624016,1,0,0,0.0098090695,0.010095274,1.8881756,631.72211,1479.8016,65,0,0.32312505,nan,0.38494874,nan,nan,211554.23,-1992.8409,-1078.9411,-787.38264,0.01008072,1.6795905,-1.8526592,0,0,0,0,0,0
6.12,2942.9208,842.10487,-1483.6165,553.23603,236.20946,-190.66241,-0.0036740775,0.31718088,0.39249667,0.0083548106,0.027730823,-0.045869024,-0.0032720224,4.6987745e-06,0.0036361552,0.9999953,-0.0033974974,4.8202752e-06,0.0037453857,1,0,0,0.010267432,0.010479905,1.8862342,631.04451,1483.6165,65,0,0.32378902,nan,0.38388606,nan,nan,211020.7,-1987.815,-1116.7254,-822.3718,0.010079929,1.6698313,-1.8453868,0,0,0,0,0,0
6.14,2953.9813,846.8239,-1487.4284,552.7593,235.63385,-190.51932,-0.0038088117,0.31773946,0.39152006,0.008690814,0.028555742,-0.046794792,-0.0034113615,4.8340525e-06,0.0037575241,0.99999549,-0.0035367073,4.9560096e-06,0.0038667571,1,0,0,0.010725523,0.010864631,1.8842957,630.36796,1487.4284,65,0,0.32446817,nan,0.3828044,nan,nan,210488.79,-1982.8044,-1154.3225,-857.16073,0.01008057,1.6598296,-1.8381214,0,0,0,0,0,0
6.16,2965.0322,851.53131,-1491.2376,552.28469,235.04725,-190.3864,-0.0039435393,0.31831429,0.39052365,0.0090268601,0.029375137,-0.047717259,-0.0035505474,4.9698486e-06,0.0038788946,0.99999566,-0.0036757482,5.0922801e-06,0.0039881281,1,0,0,0.011183286,0.011249443,1.8823601,629.69244,1491.2376,65,0,0.32516237,nan,0.38170382,nan,nan,209958.48,-1977.8089,-1191.7325,-891.74598,0.01008264,1.6495762,-1.8308682,0,0,0,0,0,0
6.18,2976.0736,856.2269,-1495.0442,551.81215,234.44973,-190.26356,-0.0040782797,0.31890526,0.38950751,0.0093629966,0.030188867,-0.048636443,-0.0036895624,5.1061828e-06,0.0040002646,0.99999583,-0.003814602,5.2291065e-06,0.0041094969,1,0,0,0.011640666,0.011634332,1.8804272,629.01792,1495.0442,65,0,0.32587151,nan,0.38058435,nan,nan,209429.73,-1972.8281,-1228.9551,-926.12406,0.010086136,1.6390614,-1.823633,0,0,0,0,0,0
6.2,2987.1056,860.91043,-1498.8484,551.34164,233.84133,-190.15072,-0.0042130521,0.31951225,0.38847168,0.009699271,0.030996788,-0.049552362,-0.0038283883,5.2430749e-06,0.0041216322,0.999996,-0.0039532503,5.366509e-06,0.0042308618,1,0,0,0.012097607,0.012019291,1.8784971,628.34439,1498.8484,65,0,0.32659543,nan,0.37944604,nan,nan,208902.53,-1967.8618,-1265.9902,-960.29142,0.010091056,1.6282747,-1.8164217,0,0,0,0,0,0
6.22,2998.1282,865.5817,-1502.6505,550.8731,233.22212,-190.04781,-0.0043478755,0.32013513,0.38741622,0.010035731,0.031798751,-0.050465042,-0.0039670066,5.3805452e-06,0.0042429961,0.99999616,-0.0040916743,5.5045078e-06,0.0043522216,1,0,0,0.012554051,0.012404313,1.8765696,627.67181,1502.6505,65,0,0.32733402,nan,0.37828895,nan,nan,208376.85,-1962.9099,-1302.838,-994.2445,0.010097396,1.6172049,-1.8092406,0,0,0,0,0,0
6.24,3009.1415,870.2405,-1506.4506,550.40648,232.59214,-189.95475,-0.004482769,0.32077378,0.38634117,0.010372423,0.032594598,-0.051374507,-0.0041053986,5.5186138e-06,0.0043643547,0.99999631,-0.0042298548,5.6431232e-06,0.004473575,1,0,0,0.013009941,0.012789391,1.8746447,627.00016,1506.4506,65,0,0.32808711,nan,0.37711312,nan,nan,207852.67,-1957.9721,-1339.4984,-1027.9797,0.010105155,1.6058399,-1.8020963,0,0,0,0,0,0
6.26,3020.1454,874.88659,-1510.2489,549.94172,231.95147,-189.87146,-0.0046177517,0.32142807,0.38524659,0.010709395,0.033384168,-0.052280788,-0.0042435449,5.6573012e-06,0.004485707,0.99999645,-0.0043677721,5.7823756e-06,0.0045949213,1,0,0,0.013465217,0.013174521,1.8727223,626.32942,1510.2489,65,0,0.32885459,nan,0.37591859,nan,nan,207329.96,-1953.0482,-1375.9715,-1061.4932,0.01011433,1.5941667,-1.7949957,0,0,0,0,0,0
6.28,3031.1401,879.51977,-1514.0457,549.47877,231.30014,-189.79785,-0.0047528426,0.32209787,0.38413251,0.011046695,0.034167293,-0.053183916,-0.0043814258,5.7966277e-06,0.0046070523,0.99999659,-0.004505406,5.9222857e-06,0.00471626,1,0,0,0.013919818,0.013559698,1.8708023,625.65957,1514.0457,65,0,0.32963628,nan,0.3747054,nan,nan,206808.7,-1948.138,-1412.2577,-1094.7815,0.01012492,1.5821716,-1.7879464,0,0,0,0,0,0
6.3,3042.1255,884.13984,-1517.8411,549.01758,230.63823,-189.73384,-0.0048880606,0.32278304,0.382999,0.011384368,0.034943795,-0.054083929,-0.004519021,5.936614e-06,0.00472839,0.99999673,-0.0046427357,6.0628743e-06,0.0048375908,1,0,0,0.014373683,0.013944917,1.8688848,624.99058,1517.8411,65,0,0.33043205,nan,0.37347361,nan,nan,206288.87,-1943.2411,-1448.3571,-1127.8405,0.010136922,1.5698396,-1.780956,0,0,0,0,0,0
6.32,3053.1017,888.74657,-1521.6352,548.55809,229.96579,-189.67934,-0.0050234247,0.32348344,0.38184609,0.011722463,0.035713492,-0.054980867,-0.0046563098,6.0772809e-06,0.0048497199,0.99999685,-0.0047797401,6.2041621e-06,0.0049589137,1,0,0,0.014826747,0.014330176,1.8669695,624.32243,1521.6352,65,0,0.33124173,nan,0.37222325,nan,nan,205770.45,-1938.3576,-1484.2701,-1160.6665,0.010150337,1.5571546,-1.774033,0,0,0,0,0,0
6.34,3064.0688,893.33975,-1525.4284,548.10024,229.28287,-189.63428,-0.0051589537,0.32419894,0.38067383,0.012061026,0.036476191,-0.055874776,-0.0047932706,6.2186493e-06,0.0049710421,0.99999698,-0.0049163971,6.3461704e-06,0.0050802291,1,0,0,0.015278945,0.014715473,1.8650565,623.65509,1525.4284,65,0,0.33206517,nan,0.37095435,nan,nan,205253.41,-1933.4871,-1519.9972,-1193.2555,0.010165164,1.5440995,-1.7671862,0,0,0,0,0,0
6.36,3075.0267,897.91919,-1529.2207,547.64399,228.58953,-189.59857,-0.0052946668,0.32492938,0.37948227,0.012400105,0.037231691,-0.056765702,-0.0049298817,6.3607404e-06,0.0050923571,0.9999971,-0.0050526841,6.4889206e-06,0.0052015379,1,0,0,0.015730212,0.015100806,1.8631457,622.98855,1529.2207,65,0,0.3329022,nan,0.36966697,nan,nan,204737.73,-1928.6294,-1555.5388,-1225.6033,0.010181404,1.5306557,-1.760425,0,0,0,0,0,0
6.38,3085.9755,902.48466,-1533.0125,547.18928,227.88583,-189.57211,-0.0054305826,0.32567462,0.37827144,0.012739746,0.037979782,-0.057653702,-0.0050661201,6.5035756e-06,0.0052136657,0.99999721,-0.0051885779,6.6324341e-06,0.005322841,1,0,0,0.016180477,0.015486175,1.861237,622.32278,1533.0125,65,0,0.33375266,nan,0.36836112,nan,nan,204223.39,-1923.7844,-1590.8956,-1257.7059,0.010199057,1.5168031,-1.7537594,0,0,0,0,0,0
6.4,3096.9152,907.03597,-1536.8037,546.73605,227.17183,-189.55482,-0.0055667204,0.3264345,0.37704139,0.013079996,0.038720243,-0.058538833,-0.0052019626,6.6471765e-06,0.005334969,0.99999732,-0.0053240543,6.776733e-06,0.0054441401,1,0,0,0.016629672,0.015871581,1.8593304,621.65777,1536.8037,65,0,0.33461635,nan,0.36703686,nan,nan,203710.38,-1918.9518,-1626.0683,-1289.5588,0.010218125,1.5025203,-1.7472,0,0,0,0,0,0
6.42,3107.8458,911.57291,-1540.5947,546.28426,226.44757,-189.54661,-0.0057030989,0.32720885,0.37579216,0.013420904,0.039452842,-0.059421159,-0.0053373849,6.7915651e-06,0.0054562685,0.99999743,-0.0054590884,6.9218394e-06,0.005565437,1,0,0,0.017077723,0.016257026,1.8574258,620.99349,1540.5947,65,0,0.33549312,nan,0.3656942,nan,nan,203198.66,-1914.1314,-1661.0576,-1321.1578,0.010238612,1.4877841,-1.7407583,0,0,0,0,0,0
6.44,3118.7674,916.09526,-1544.3857,545.83383,225.71312,-189.54739,-0.0058397374,0.32799752,0.37452379,0.013762516,0.040177334,-0.060300751,-0.0054723619,6.9367635e-06,0.0055775662,0.99999753,-0.0055936543,7.0677759e-06,0.0056867341,1,0,0,0.017524555,0.016642512,1.8555232,620.32991,1544.3857,65,0,0.33638276,nan,0.36433319,nan,nan,202688.23,-1909.3231,-1695.8644,-1352.4983,0.010260521,1.4725693,-1.7344464,0,0,0,0,0,0
6.46,3129.6801,920.60284,-1548.1767,545.38473,224.96854,-189.55706,-0.0059766549,0.32880034,0.37323631,0.014104879,0.040893463,-0.061177683,-0.0056068677,7.0827945e-06,0.0056988646,0.99999762,-0.0057277252,7.2145654e-06,0.0058080341,1,0,0,0.017970091,0.017028044,1.8536225,619.66703,1548.1767,65,0,0.33728509,nan,0.36295384,nan,nan,202179.06,-1904.5267,-1730.4899,-1383.5756,0.010283857,1.4568488,-1.7282775,0,0,0,0,0,0
6.48,3140.5837,925.09544,-1551.968,544.93689,224.21387,-189.57554,-0.0061138706,0.32961714,0.37192976,0.014448042,0.041600956,-0.06205204,-0.0057408752,7.229681e-06,0.0058201665,0.99999772,-0.0058612731,7.3622312e-06,0.0059293405,1,0,0,0.018414251,0.017413628,1.8517236,619.00481,1551.968,65,0,0.3381999,nan,0.36155619,nan,nan,201671.13,-1899.742,-1764.935,-1414.385,0.010308626,1.4405934,-1.7222655,0,0,0,0,0,0
6.5,3151.4785,929.57285,-1555.7597,544.49026,223.44918,-189.60273,-0.006251404,0.33044772,0.37060417,0.014792052,0.042299528,-0.06292391,-0.0058743565,7.3774463e-06,0.0059414753,0.99999781,-0.0059942691,7.5107973e-06,0.0060506569,1,0,0,0.018856952,0.017799268,1.8498265,618.34325,1555.7597,65,0,0.339127,nan,0.36014025,nan,nan,201164.42,-1894.9688,-1799.2009,-1444.9213,0.010334837,1.4237712,-1.7164254,0,0,0,0,0,0
6.52,3162.3642,934.03488,-1559.5521,544.04478,222.67452,-189.63852,-0.0063892745,0.33129191,0.36925957,0.015136957,0.042988874,-0.06379339,-0.0060072823,7.5261146e-06,0.0060627947,0.99999789,-0.0061266828,7.6602878e-06,0.0061719877,1,0,0,0.019298108,0.018184975,1.8479311,617.68231,1559.5521,65,0,0.34006617,nan,0.35870605,nan,nan,200658.91,-1890.207,-1833.2892,-1475.1794,0.010362499,1.4063477,-1.7107735,0,0,0,0,0,0
6.54,3173.2411,938.48132,-1563.3452,543.60041,221.88995,-189.68283,-0.0065275017,0.33214951,0.36789599,0.015482807,0.043668675,-0.064660586,-0.0061396222,7.67571e-06,0.0061841294,0.99999798,-0.0062584826,7.8107278e-06,0.006293338,1,0,0,0.01973763,0.018570757,1.8460374,617.02198,1563.3452,65,0,0.34101718,nan,0.35725361,nan,nan,200154.6,-1885.4563,-1867.2012,-1505.154,0.010391623,1.3882856,-1.7053271,0,0,0,0,0,0
6.56,3184.1092,942.91199,-1567.1394,543.15709,221.09551,-189.73556,-0.0066661055,0.33302033,0.36651345,0.015829649,0.044338588,-0.065525612,-0.0062713442,7.8262577e-06,0.0063054843,0.99999806,-0.0063896355,7.9621429e-06,0.0064147134,1,0,0,0.020175424,0.018956626,1.8441454,616.36225,1567.1394,65,0,0.34197981,nan,0.35578293,nan,nan,199651.44,-1880.7166,-1900.9385,-1534.8395,0.010422221,1.3695441,-1.700105,0,0,0,0,0,0
6.58,3194.9683,947.32668,-1570.9346,542.71476,220.29128,-189.79659,-0.006805106,0.33390416,0.36511199,0.016177534,0.044998253,-0.066388592,-0.0064024153,7.9777834e-06,0.0064268652,0.99999813,-0.0065201067,8.1145593e-06,0.00653612,1,0,0,0.020611394,0.019342595,1.8422549,615.70309,1570.9346,65,0,0.34295382,nan,0.35429404,nan,nan,199149.45,-1875.9878,-1934.5031,-1564.23,0.010454309,1.3500791,-1.6951274,0,0,0,0,0,0
6.6,3205.8186,951.72519,-1574.7311,542.27337,219.47729,-189.86584,-0.0069445236,0.33480078,0.36369161,0.016526511,0.045647284,-0.067249659,-0.0065328004,8.1303134e-06,0.0065482783,0.9999982,-0.00664986,8.2680041e-06,0.006657565,1,0,0,0.021045438,0.019728678,1.8403659,615.04449,1574.7311,65,0,0.34393897,nan,0.35278692,nan,nan,198648.58,-1871.2696,-1967.8967,-1593.3196,0.010487905,1.3298422,-1.6904165,0,0,0,0,0,0
6.62,3216.6601,956.10734,-1578.5291,541.83287,218.65361,-189.9432,-0.007084379,0.33570997,0.36225234,0.01687663,0.04628527,-0.068108958,-0.006662463,8.283875e-06,0.0066697309,0.99999828,-0.006778857,8.4225053e-06,0.0067790561,1,0,0,0.021477452,0.020114891,1.8384784,614.38643,1578.5291,65,0,0.34493499,nan,0.3512616,nan,nan,198148.83,-1866.562,-2001.1216,-1622.1018,0.010523028,1.3087808,-1.6859958,0,0,0,0,0,0
6.64,3227.4928,960.47293,-1582.3288,541.39321,217.82029,-190.02856,-0.007224693,0.33663151,0.36079419,0.017227943,0.046911775,-0.068966647,-0.0067913646,8.4384962e-06,0.0067912308,0.99999834,-0.0069070576,8.5780918e-06,0.006900602,1,0,0,0.021907324,0.020501255,1.8365924,613.72888,1582.3288,65,0,0.34594162,nan,0.34971807,nan,nan,197650.18,-1861.8647,-2034.18,-1650.5701,0.010559701,1.2868371,-1.6818914,0,0,0,0,0,0
6.66,3238.3167,964.82176,-1586.1302,540.95433,216.97739,-190.12182,-0.0073654873,0.33756515,0.35931717,0.017580503,0.047526329,-0.069822895,-0.0069194647,8.5942061e-06,0.0069127867,0.99999841,-0.0070344194,8.7347935e-06,0.0070222122,1,0,0,0.022334939,0.020887789,1.8347077,613.07184,1586.1302,65,0,0.34695857,nan,0.34815631,nan,nan,197152.62,-1857.1777,-2067.0744,-1678.7175,0.010597951,1.2639483,-1.6781311,0,0,0,0,0,0
6.68,3249.1319,969.15366,-1589.9335,540.51619,216.12496,-190.22286,-0.0075067837,0.33851065,0.35782129,0.017934361,0.048128432,-0.070677887,-0.0070467206,8.7510348e-06,0.0070344084,0.99999847,-0.0071608976,8.8926417e-06,0.0071438972,1,0,0,0.022760175,0.021274517,1.8328244,612.41529,1589.9335,65,0,0.34798556,nan,0.34657633,nan,nan,196656.13,-1852.5007,-2099.8076,-1706.5367,0.010637807,1.240045,-1.6747458,0,0,0,0,0,0
6.7,3259.9383,973.46841,-1593.7389,540.07873,215.26304,-190.33158,-0.0076486045,0.33946775,0.35630655,0.018289573,0.048717547,-0.071531823,-0.0071730871,8.9090137e-06,0.0071561065,0.99999853,-0.0072864448,9.0516688e-06,0.0072656687,1,0,0,0.023182903,0.021661464,1.8309424,611.75921,1593.7389,65,0,0.34902229,nan,0.3449781,nan,nan,196160.69,-1847.8337,-2132.3824,-1734.0201,0.010679303,1.2150511,-1.6717686,0,0,0,0,0,0
6.72,3270.7359,977.76585,-1597.5466,539.64192,214.3917,-190.44785,-0.0077909728,0.34043617,0.35477295,0.018646192,0.049293096,-0.072384921,-0.0072985165,9.0681754e-06,0.0072778927,0.99999859,-0.0074110107,9.2119087e-06,0.0073875393,1,0,0,0.023602989,0.02204866,1.8290616,611.10358,1597.5466,65,0,0.35006842,nan,0.3433616,nan,nan,195666.29,-1843.1764,-2164.802,-1761.1596,0.010722475,1.188883,-1.6692363,0,0,0,0,0,0
6.74,3281.5248,982.04577,-1601.3566,539.20569,213.51099,-190.57157,-0.0079339123,0.34141563,0.35322048,0.019004277,0.049854457,-0.073237415,-0.0074229582,9.2285542e-06,0.00739978,0.99999864,-0.007534542,9.3733971e-06,0.007509523,1,0,0,0.02402029,0.022436135,1.827182,610.44839,1601.3566,65,0,0.35112362,nan,0.3417268,nan,nan,195172.91,-1838.5288,-2197.07,-1787.9467,0.010767368,1.1614484,-1.6671887,0,0,0,0,0,0
6.76,3292.305,986.308,-1605.1692,538.77,212.62095,-190.70262,-0.0080774473,0.34240585,0.35164913,0.019363884,0.050400962,-0.074089562,-0.0075463583,9.3901859e-06,0.0075217825,0.9999987,-0.007656982,9.5361712e-06,0.0076316352,1,0,0,0.024434656,0.022823926,1.8253035,609.79363,1605.1692,65,0,0.35218754,nan,0.34007368,nan,nan,194680.55,-1833.8907,-2229.1899,-1814.3722,0.010814027,1.132645,-1.6656698,0,0,0,0,0,0
6.78,3303.0765,990.55234,-1608.9845,538.33481,211.72164,-190.84088,-0.008221603,0.3434065,0.35005889,0.019725074,0.050931886,-0.07494164,-0.0076686595,9.553108e-06,0.0076439157,0.99999875,-0.0077782702,9.7002705e-06,0.0077538927,1,0,0,0.024845927,0.023212069,1.8234262,609.13928,1608.9845,65,0,0.35325982,nan,0.33840217,nan,nan,194189.18,-1829.2621,-2261.1658,-1840.4268,0.010862508,1.10236,-1.6647281,0,0,0,0,0,0
6.8,3313.8393,994.77861,-1612.8026,537.90007,210.81312,-190.98622,-0.0083664057,0.34441726,0.34844972,0.020087907,0.051446447,-0.075793954,-0.0077898008,9.7173602e-06,0.0077661966,0.9999988,-0.0078983419,9.8657365e-06,0.007876314,1,0,0,0.025253934,0.023600607,1.82155,608.48532,1612.8026,65,0,0.35434005,nan,0.33671224,nan,nan,193698.8,-1824.6427,-2293.0021,-1866.1002,0.010912869,1.0704679,-1.6644167,0,0,0,0,0,0
6.82,3324.5934,998.98663,-1616.6237,537.46573,209.89542,-191.13853,-0.0085118826,0.3454378,0.3468216,0.020452449,0.051943795,-0.076646833,-0.0079097171,9.8829845e-06,0.007888644,0.99999884,-0.008017128,1.0032613e-05,0.0079989192,1,0,0,0.025658497,0.023989586,1.8196748,607.83175,1616.6237,65,0,0.35542782,nan,0.33500383,nan,nan,193209.39,-1820.0324,-2324.7036,-1891.3817,0.010965178,1.0368291,-1.6647948,0,0,0,0,0,0
6.84,3335.3388,1003.1762,-1620.4479,537.03177,208.96859,-191.29766,-0.0086580621,0.34646776,0.3451745,0.020818764,0.052423007,-0.077500638,-0.0080283384,1.0050025e-05,0.0080112784,0.99999889,-0.0081345543,1.0200948e-05,0.0081217306,1,0,0,0.026059425,0.024379057,1.8178007,607.17855,1620.4479,65,0,0.35652271,nan,0.33327686,nan,nan,192720.94,-1815.4312,-2356.2752,-1916.2598,0.01101951,1.001288,-1.6659275,0,0,0,0,0,0
6.86,3346.0755,1007.3472,-1624.2754,536.59813,208.0327,-191.46349,-0.0088049738,0.34750675,0.34350836,0.021186922,0.052883079,-0.078355765,-0.0081455899,1.021853e-05,0.008134122,0.99999893,-0.0082505412,1.0370789e-05,0.0082447723,1,0,0,0.026456512,0.024769075,1.8159275,606.5257,1624.2754,65,0,0.35762424,nan,0.33153126,nan,nan,192233.43,-1810.8389,-2387.7226,-1940.7222,0.01107595,0.96367071,-1.6678874,0,0,0,0,0,0
6.88,3356.8036,1011.4993,-1628.1062,536.16479,207.08777,-191.63588,-0.0089526491,0.34855438,0.34182314,0.021556994,0.053322914,-0.079212645,-0.0082613909,1.0388548e-05,0.0082571997,0.99999898,-0.0083650027,1.0542192e-05,0.0083680711,1,0,0,0.026849541,0.0251597,1.8140552,605.8732,1628.1062,65,0,0.35873192,nan,0.32976693,nan,nan,191746.87,-1806.2555,-2419.0518,-1964.7557,0.011134592,0.92378229,-1.6707555,0,0,0,0,0,0
6.9,3367.523,1015.6325,-1631.9405,535.73169,206.13387,-191.8147,-0.0091011208,0.34961023,0.34011876,0.021929054,0.053741311,-0.080071751,-0.0083756548,1.0560135e-05,0.0083805383,0.99999902,-0.0084778462,1.0715213e-05,0.0084916562,1,0,0,0.027238276,0.025551001,1.8121839,605.22103,1631.9405,65,0,0.35984523,nan,0.32798377,nan,nan,191261.22,-1801.6807,-2450.2692,-1988.3464,0.011195542,0.88140371,-1.6746218,0,0,0,0,0,0
6.92,3378.2337,1019.7465,-1635.7784,535.29882,205.17102,-191.9998,-0.0092504236,0.35067384,0.33839517,0.022303183,0.054136955,-0.080933605,-0.0084882877,1.0733348e-05,0.0085041675,0.99999905,-0.0085889714,1.0889913e-05,0.0086155597,1,0,0,0.027622466,0.025943049,1.8103134,604.56919,1635.7784,65,0,0.36096362,nan,0.32618166,nan,nan,190776.5,-1797.1146,-2481.3821,-2011.4792,0.011258919,0.83628814,-1.6795876,0,0,0,0,0,0
6.94,3388.9358,1023.8412,-1639.6201,534.86613,204.19928,-192.19104,-0.0094005944,0.35174475,0.33665227,0.022679462,0.054508397,-0.081798778,-0.0085991882,1.0908249e-05,0.00862812,0.99999909,-0.0086982693,1.106636e-05,0.008739817,1,0,0,0.028001839,0.026335925,1.8084438,603.91765,1639.6201,65,0,0.36208648,nan,0.32436047,nan,nan,190292.67,-1792.557,-2512.3981,-2034.1376,0.011324855,0.7881566,-1.6857663,0,0,0,0,0,0
6.96,3399.6292,1027.9164,-1643.4657,534.43361,203.21869,-192.38827,-0.0095516726,0.35282245,0.33488996,0.023057979,0.054854044,-0.082667903,-0.008708246,1.1084905e-05,0.0087524314,0.99999913,-0.0088056217,1.1244625e-05,0.0088644671,1,0,0,0.028376105,0.026729718,1.8065749,603.26641,1643.4657,65,0,0.36321319,nan,0.32252005,nan,nan,189809.74,-1788.0078,-2543.3256,-2056.3042,0.0113935,0.73669278,-1.693286,0,0,0,0,0,0
6.98,3410.314,1031.9719,-1647.3153,534.00122,202.22929,-192.59132,-0.0097036998,0.35390639,0.33310814,0.023438827,0.05517213,-0.083541676,-0.0088153412,1.126339e-05,0.0088771415,0.99999916,-0.0089108994,1.1424787e-05,0.0089895528,1,0,0,0.028744945,0.027124522,1.8047069,602.61547,1647.3153,65,0,0.36434305,nan,0.32066023,nan,nan,189327.7,-1783.4669,-2574.1739,-2077.96,0.011465021,0.68153687,-1.7022914,0,0,0,0,0,0
7,3420.9901,1036.0075,-1651.169,533.56894,201.23111,-192.80004,-0.0098567212,0.35499601,0.33130668,0.023822105,0.055460701,-0.084420872,-0.0089203431,1.1443783e-05,0.0090022936,0.99999919,-0.0090139611,1.1606931e-05,0.0091151216,1,0,0,0.029108019,0.027520446,1.8028397,601.9648,1651.169,65,0,0.36547532,nan,0.31878082,nan,nan,188846.53,-1778.9343,-2604.9529,-2099.0844,0.011539609,0.62227819,-1.7129466,0,0,0,0,0,0
7.02,3431.6576,1040.0231,-1655.0269,533.13675,200.22419,-193.01426,-0.010010785,0.35609069,0.32948544,0.024207917,0.055717582,-0.085306349,-0.0090231083,1.162617e-05,0.009127936,0.99999923,-0.0091146519,1.1791151e-05,0.009241226,1,0,0,0.029464952,0.027917607,1.8009731,601.31441,1655.0269,65,0,0.36660922,nan,0.31688161,nan,nan,188366.23,-1774.4099,-2635.6736,-2119.6549,0.011617475,0.55844627,-1.7254386,0,0,0,0,0,0
7.04,3442.3165,1044.0184,-1658.8892,532.70463,199.20857,-193.23381,-0.010165944,0.35718975,0.32764426,0.024596377,0.055940346,-0.086199064,-0.0091234797,1.1810647e-05,0.009254122,0.99999926,-0.0092128013,1.1977549e-05,0.0093679243,1,0,0,0.029815339,0.028316132,1.7991073,600.66429,1658.8892,65,0,0.36774387,nan,0.31496235,nan,nan,187886.79,-1769.8936,-2666.3481,-2139.6471,0.011698861,0.48950011,-1.7399811,0,0,0,0,0,0
7.06,3452.9667,1047.9934,-1662.7559,532.27258,198.18428,-193.45851,-0.010322253,0.35829249,0.32578296,0.024987606,0.056126279,-0.087100085,-0.0092212843,1.1997318e-05,0.0093809107,0.99999929,-0.0093082211,1.2166239e-05,0.009495281,1,0,0,0.030158737,0.028716166,1.7972422,600.01442,1662.7559,65,0,0.36887834,nan,0.31302279,nan,nan,187408.2,-1765.3853,-2696.9896,-2159.0344,0.01178404,0.4148151,-1.7568193,0,0,0,0,0,0
7.08,3463.6082,1051.9478,-1666.6271,531.84058,197.15134,-193.68817,-0.010479776,0.35939814,0.32390133,0.025381735,0.056272328,-0.088010609,-0.0093163307,1.2186298e-05,0.0095083679,0.99999931,-0.0094007027,1.2357346e-05,0.0096233683,1,0,0,0.030494658,0.029117865,1.7953778,599.3648,1666.6271,65,0,0.37001162,nan,0.31106261,nan,nan,186930.46,-1760.8849,-2727.6126,-2177.7875,0.011873319,0.333667,-1.7762358,0,0,0,0,0,0
7.1,3474.2412,1055.8815,-1670.503,531.40864,196.10979,-193.92259,-0.010638579,0.36050585,0.32199915,0.025778905,0.056375055,-0.088931982,-0.0094084071,1.2377714e-05,0.0096365668,0.99999934,-0.0094900143,1.2551011e-05,0.0097522666,1,0,0,0.030822567,0.029521404,1.7935141,598.71543,1670.503,65,0,0.37114258,nan,0.30908148,nan,nan,186453.56,-1756.3925,-2758.2333,-2195.8741,0.011967051,0.24521236,-1.7985578,0,0,0,0,0,0
7.12,3484.8655,1059.7942,-1674.3836,530.97675,195.05964,-194.16158,-0.010798736,0.36161471,0.32007614,0.026179272,0.056430563,-0.089865723,-0.0094972776,1.2571709e-05,0.0097655895,0.99999937,-0.0095758972,1.2747388e-05,0.0098820663,1,0,0,0.031141875,0.029926979,1.791651,598.0663,1674.3836,65,0,0.37226999,nan,0.30707902,nan,nan,185977.49,-1751.908,-2788.8696,-2213.2589,0.012065637,0.14846413,-1.824166,0,0,0,0,0,0
7.14,3495.4811,1063.6859,-1678.269,530.54493,194.00091,-194.40492,-0.010960328,0.36272373,0.31813204,0.026583003,0.056434427,-0.090813552,-0.0095826787,1.276844e-05,0.0098955277,0.99999939,-0.0096580613,1.2946652e-05,0.010012869,1,0,0,0.031451928,0.030334805,1.7897885,597.4174,1678.269,65,0,0.37339252,nan,0.30505481,nan,nan,185502.26,-1747.4312,-2819.5411,-2229.9024,0.012169534,0.042261449,-1.8535053,0,0,0,0,0,0
7.16,3506.0881,1067.5563,-1682.1593,530.11319,192.93362,-194.65238,-0.011123447,0.36383183,0.31616649,0.026990283,0.056381591,-0.091777423,-0.0096643151,1.2968087e-05,0.010026485,0.99999942,-0.0097361805,1.3148999e-05,0.010144788,1,0,0,0.031752,0.030745124,1.7879267,596.76874,1682.1593,65,0,0.37450867,nan,0.30300835,nan,nan,185027.84,-1742.9623,-2850.2699,-2245.7611,0.012279269,-0.074768274,-1.8870988,0,0,0,0,0,0
7.18,3516.6865,1071.4053,-1686.0546,529.68155,191.85778,-194.90372,-0.011288191,0.36493779,0.31417915,0.027401316,0.056266254,-0.09275957,-0.0097418538,1.3170849e-05,0.010158578,0.99999944,-0.0098098859,1.3354652e-05,0.010277954,1,0,0,0.032041281,0.031158206,1.7860655,596.1203,1686.0546,65,0,0.37561678,nan,0.3009391,nan,nan,184554.25,-1738.501,-2881.0807,-2260.7862,0.012395446,-0.20425726,-1.9255647,0,0,0,0,0,0
7.2,3527.2762,1075.2328,-1689.955,529.25005,190.77338,-195.1587,-0.011454673,0.3660403,0.31216957,0.027816327,0.056081729,-0.093762559,-0.0098149183,1.3376953e-05,0.010291939,0.99999946,-0.0098787583,1.3563864e-05,0.010412514,1,0,0,0.032318864,0.031574357,1.7842049,595.47209,1689.955,65,0,0.376715,nan,0.29884645,nan,nan,184081.48,-1734.0475,-2912.0012,-2274.9234,0.012518767,-0.34815825,-1.9696383,0,0,0,0,0,0
7.22,3537.8574,1079.0384,-1693.8604,528.81872,189.68044,-195.41704,-0.011623019,0.3671379,0.31013729,0.028235565,0.055820264,-0.094789345,-0.00988308,1.3586657e-05,0.010426718,0.99999948,-0.0099423192,1.3776922e-05,0.010548637,1,0,0,0.032583728,0.031993918,1.782345,594.82411,1693.8604,65,0,0.37780125,nan,0.29672968,nan,nan,183609.52,-1729.6017,-2943.0623,-2288.1115,0.012650042,-0.5088226,-2.0201995,0,0,0,0,0,0
7.24,3548.4299,1082.8221,-1697.7711,528.38761,188.57894,-195.67847,-0.01179337,0.36822895,0.30808178,0.02865931,0.05547282,-0.095843358,-0.0099458492,1.3800257e-05,0.010563088,0.9999995,-0.010000019,1.3994159e-05,0.010686515,1,0,0,0.032834722,0.032417279,1.7804857,594.17636,1697.7711,65,0,0.3788732,nan,0.29458799,nan,nan,183138.37,-1725.1635,-2974.2993,-2300.2813,0.01279022,-0.68910133,-2.0783092,0,0,0,0,0,0
7.26,3558.9937,1086.5837,-1701.6871,527.95679,187.46886,-195.94268,-0.011965887,0.36931161,0.30600241,0.029087874,0.055028792,-0.096928602,-0.010002663,1.4018093e-05,0.010701247,0.99999952,-0.010051222,1.4215956e-05,0.010826371,1,0,0,0.033070534,0.03284488,1.778627,593.52884,1701.6871,65,0,0.37992818,nan,0.29242047,nan,nan,182668.04,-1720.733,-3005.7523,-2311.3545,0.012940409,-0.89247715,-2.1452552,0,0,0,0,0,0
7.28,3569.549,1090.323,-1705.6083,527.52633,186.35017,-196.20934,-0.012140753,0.37038383,0.30389848,0.029521611,0.054475658,-0.098049774,-0.010052868,1.4240556e-05,0.010841424,0.99999954,-0.010095191,1.444276e-05,0.010968465,1,0,0,0.033289671,0.033277227,1.7767689,592.88154,1705.6083,65,0,0.38096318,nan,0.29022605,nan,nan,182198.53,-1716.3101,-3037.4669,-2321.2418,0.013101917,-1.1232385,-2.2226142,0,0,0,0,0,0
7.3,3580.0956,1094.0399,-1709.5349,527.09633,185.22285,-196.47811,-0.012318178,0.37144328,0.30176919,0.029960919,0.053798523,-0.099212433,-0.010095707,1.4468105e-05,0.010983884,0.99999956,-0.01013106,1.467509e-05,0.0111131,1,0,0,0.033490414,0.033714899,1.7749115,592.23449,1709.5349,65,0,0.38197472,nan,0.28800351,nan,nan,181729.82,-1711.8949,-3069.4955,-2329.8408,0.013276293,-1.3867118,-2.3123323,0,0,0,0,0,0
7.32,3590.6337,1097.7342,-1713.4669,526.66688,184.08684,-196.7486,-0.012498406,0.3724873,0.29961361,0.030406255,0.052979536,-0.1004232,-0.010130288,1.4701276e-05,0.01112894,0.99999958,-0.010157809,1.491356e-05,0.011260631,1,0,0,0.033670779,0.034158564,1.7730547,591.58767,1713.4669,65,0,0.38295877,nan,0.28575142,nan,nan,181261.94,-1707.4875,-3101.8988,-2337.0334,0.013465382,-1.6895748,-2.4168352,0,0,0,0,0,0
7.34,3601.1632,1101.4056,-1717.4043,526.23811,182.94208,-197.02039,-0.012681719,0.37351282,0.29743066,0.030858141,0.051997119,-0.10169002,-0.010155558,1.49407e-05,0.011276959,0.99999959,-0.010174223,1.5158899e-05,0.011411483,1,0,0,0.033828459,0.034609,1.7711987,590.9411,1717.4043,65,0,0.38391063,nan,0.28346812,nan,nan,180794.87,-1703.0877,-3134.7472,-2342.6827,0.013671403,-2.0402843,-2.5391761,0,0,0,0,0,0
7.36,3611.6841,1105.0541,-1721.3472,525.81019,181.78848,-197.29303,-0.012868447,0.37451634,0.29521911,0.031317181,0.050824952,-0.10302254,-0.01017026,1.5187131e-05,0.011428379,0.99999961,-0.010178845,1.5411976e-05,0.011566161,1,0,0,0.033960748,0.035067115,1.7693433,590.29479,1721.3472,65,0,0.3848248,nan,0.28115163,nan,nan,180328.63,-1698.6957,-3168.1234,-2346.6287,0.013897034,-2.4496699,-2.6832414,0,0,0,0,0,0
7.38,3622.1965,1108.6794,-1725.2955,525.38327,180.62596,-197.56602,-0.01305898,0.37549373,0.29297748,0.031784075,0.04943061,-0.10443256,-0.010172882,1.5441471e-05,0.011583724,0.99999962,-0.010169905,1.5673844e-05,0.011725279,1,0,0,0.034064451,0.03553398,1.7674887,589.64875,1725.2955,65,0,0.38569472,nan,0.27879962,nan,nan,179863.22,-1694.3115,-3202.1249,-2348.683,0.014145546,-2.9317671,-2.8540378,0,0,0,0,0,0
7.4,3632.7003,1112.2814,-1729.2493,524.95758,179.45438,-197.8388,-0.013253783,0.37644016,0.29070405,0.032259645,0.047773708,-0.10593466,-0.010161585,1.5704812e-05,0.011743631,0.99999964,-0.010145234,1.5945786e-05,0.011889583,1,0,0,0.034135761,0.036010867,1.7656349,589.00299,1729.2493,65,0,0.38651254,nan,0.27640929,nan,nan,179398.65,-1689.9353,-3236.8677,-2348.6222,0.014420959,-3.5050108,-3.058101,0,0,0,0,0,0
7.42,3643.1956,1115.8599,-1733.2085,524.53335,178.27359,-198.11075,-0.013453414,0.3773499,0.28839675,0.032744857,0.045803332,-0.10754713,-0.010134104,1.5978488e-05,0.011908879,0.99999965,-0.010102139,1.6229381e-05,0.012059999,1,0,0,0.0341701,0.036499301,1.763782,588.35753,1733.2085,65,0,0.38726875,nan,0.27397725,nan,nan,178934.92,-1685.567,-3272.4917,-2346.1787,0.014728271,-4.1939701,-3.3040891,0,0,0,0,0,0
7.44,3653.6825,1119.4146,-1737.1732,524.11088,177.08342,-198.38117,-0.013658552,0.37821607,0.28605313,0.033240867,0.043454435,-0.10929316,-0.010087618,1.6264151e-05,0.012080437,0.99999967,-0.01003723,1.6526598e-05,0.012237686,1,0,0,0.034161897,0.037001132,1.7619299,587.71238,1737.1732,65,0,0.38795165,nan,0.27149933,nan,nan,178472.05,-1681.2067,-3309.1667,-2341.0291,0.015073759,-5.0319271,-3.6036586,0,0,0,0,0,0
7.46,3664.1609,1122.9455,-1741.1432,523.69052,175.88363,-198.64925,-0.01387003,0.3790303,0.28367019,0.033749061,0.04064266,-0.11120261,-0.010018559,1.6563865e-05,0.012259523,0.99999968,-0.0099461756,1.6839922e-05,0.012424119,1,0,0,0.034104303,0.037518623,1.7600788,587.06757,1741.1432,65,0,0.38854668,nan,0.26897039,nan,nan,178010.05,-1676.8547,-3347.1018,-2332.7781,0.015465403,-6.0647915,-3.9727902,0,0,0,0,0,0
7.48,3674.631,1126.4523,-1745.1186,523.27267,174.67394,-198.91407,-0.014088885,0.37978231,0.28124424,0.034271123,0.037256765,-0.1133146,-0.0099223466,1.6880246e-05,0.012447693,0.99999969,-0.00982334,1.7172539e-05,0.012621207,1,0,0,0.033988775,0.038054587,1.7582287,586.42312,1745.1186,65,0,0.3890354,nan,0.26638391,nan,nan,177548.94,-1672.511,-3386.5582,-2320.9367,0.015913486,-7.3571958,-4.4338427,0,0,0,0,0,0
7.5,3685.0927,1129.9348,-1749.0992,522.85783,173.454,-199.17457,-0.014316429,0.38045925,0.27877071,0.034809128,0.033147247,-0.11568132,-0.0097929826,1.7216662e-05,0.012646978,0.9999997,-0.0096612477,1.7528594e-05,0.012831469,1,0,0,0.033804504,0.038612563,1.7563797,585.77907,1749.0992,65,0,0.38939408,nan,0.26373156,nan,nan,177088.73,-1668.1759,-3427.8665,-2304.8916,0.016431459,-9.002255,-5.0188281,0,0,0,0,0,0
7.52,3695.5461,1133.3929,-1753.085,522.44661,172.22339,-199.42949,-0.014554342,0.38104479,0.27624379,0.035365659,0.028108803,-0.11837391,-0.0096224535,1.7577523e-05,0.012860073,0.99999972,-0.0094497509,1.7913581e-05,0.01305831,1,0,0,0.033537573,0.039197089,1.7545319,585.13543,1753.085,65,0,0.38959148,nan,0.26100245,nan,nan,176629.45,-1663.8494,-3471.4537,-2283.8623,0.017037226,-11.137701,-5.7747998,0,0,0,0,0,0
7.54,3705.9914,1136.8262,-1757.0759,522.03973,170.98155,-199.67734,-0.014804828,0.38151776,0.27365602,0.035943986,0.021852408,-0.12149184,-0.0093997857,1.7968714e-05,0.013090655,0.99999973,-0.0091747041,1.833494e-05,0.013306448,1,0,0,0.033169715,0.039814088,1.7526855,584.49226,1757.0759,65,0,0.38958552,nan,0.258182,nan,nan,176171.11,-1659.5319,-3517.8821,-2256.8377,0.017755074,-13.973545,-6.77305,0,0,0,0,0,0
7.56,3716.4286,1140.2345,-1761.0716,521.6381,169.72779,-199.91629,-0.015070832,0.38185009,0.27099753,0.036548318,0.013959233,-0.12517814,-0.009109516,1.8398262e-05,0.013343871,0.99999974,-0.00881576,1.8802988e-05,0.013582637,1,0,0,0.032676397,0.040471471,1.7508405,583.8496,1761.0716,65,0,0.38931789,nan,0.25525015,nan,nan,175713.75,-1655.2236,-3567.9107,-2222.4822,0.018618706,-17.841575,-8.1254859,0,0,0,0,0,0
7.58,3726.8577,1143.6177,-1765.072,521.24287,168.46122,-200.14412,-0.015356399,0.38200357,0.26825504,0.037184187,0.0038012711,-0.12964571,-0.0087291013,1.887741e-05,0.01362719,0.99999975,-0.0083425342,1.9332441e-05,0.013896904,1,0,0,0.032023783,0.041180088,1.748997,583.20749,1765.072,65,0,0.38870508,nan,0.25217841,nan,nan,175257.4,-1650.9247,-3622.5932,-2178.9914,0.019676117,-23.288421,-10.015274,0,0,0,0,0,0
7.6,3737.2791,1146.9755,-1769.0768,520.85549,167.18062,-200.35799,-0.015667251,0.38192444,0.26540997,0.037859032,-0.0096024718,-0.13522462,-0.0082242954,1.9422384e-05,0.013951891,0.99999976,-0.0077075367,1.9945003e-05,0.014264837,1,0,0,0.031163685,0.041955298,1.7471554,582.56598,1769.0768,65,0,0.38762247,nan,0.24892464,nan,nan,174802.09,-1646.6357,-3683.4445,-2123.8626,0.020997786,-31.261298,-12.757694,0,0,0,0,0,0
7.62,3747.6928,1150.3074,-1773.0858,520.47787,165.88435,-200.55428,-0.016011802,0.38153412,0.26243547,0.038583142,-0.027863047,-0.14245273,-0.0075403574,2.0057475e-05,0.0143359,0.99999977,-0.0068322132,2.0673998e-05,0.014712069,1,0,0,0.030024757,0.0428197,1.7453155,581.92513,1773.0858,65,0,0.38587468,nan,0.24542336,nan,nan,174347.85,-1642.3567,-3752.7369,-2053.5178,0.022691096,-43.506507,-16.930004,0,0,0,0,0,0
7.64,3758.099,1153.6133,-1777.0984,520.11259,164.5701,-200.72816,-0.016402999,0.38071203,0.25929074,0.039371243,-0.053797576,-0.15226313,-0.0065839512,2.0820712e-05,0.014809602,0.99999978,-0.0055768659,2.1573213e-05,0.015283924,1,0,0,0.028496116,0.04380819,1.7434777,581.28497,1777.0984,65,0,0.38313521,nan,0.24156618,nan,nan,173894.71,-1638.0882,-3834.067,-1962.6585,0.024927206,-63.505067,-23.674668,0,0,0,0,0,0
7.66,3768.4981,1156.8927,-1781.1144,519.7632,163.23436,-200.87299,-0.016861993,0.37926124,0.25590998,0.040245322,-0.092749133,-0.16641104,-0.0051818518,2.177508e-05,0.01542904,0.99999979,-0.0036680595,2.2735125e-05,0.016068561,1,0,0,0.026394326,0.044978101,1.7416419,580.6455,1781.1144,65,0,0.37881083,nan,0.23715818,nan,nan,173442.68,-1633.8301,-3933.5421,-1843.1208,0.0279949,-98.93976,-35.49408,0,0,0,0,0,0
7.68,3778.8904,1160.1452,-1785.1329,519.4349,161.87158,-200.97929,-0.017426178,0.37683219,0.25217789,0.041240055,-0.15602932,-0.1885799,-0.0029727509,2.3032884e-05,0.016310328,0.99999979,-0.00049425112,2.4332633e-05,0.017261841,1,0,0,0.023389493,0.046431781,1.7398077,580.00663,1785.1329,65,0,0.37169155,nan,0.23180603,nan,nan,172991.71,-1629.582,-4062.5853,-1681.8176,0.032419058,-169.29853,-58.683475,0,0,0,0,0,0
7.7,3789.2763,1163.3701,-1789.153,519.1356,160.47186,-201.03294,-0.018169484,0.37272648,0.24786772,0.04241433,-0.27170219,-0.22782053,0.00093874784,2.4815778e-05,0.017739054,0.9999998,0.0056140552,2.6729189e-05,0.019394354,1,0,0,0.018813467,0.048374793,1.737974,579.36796,1789.153,65,0,0.35884525,nan,0.22456766,nan,nan,172541.58,-1625.3417,-4245.8336,-1457.5036,0.039256742,-335.19593,-112.63893,0,0,0,0,0,0
7.72,3799.6566,1166.5666,-1793.1737,518.87818,159.01434,-201.01274,-0.019265608,0.36526599,0.242445,0.043879474,-0.52955235,-0.31275723,0.0095064059,2.7633236e-05,0.020648351,0.99999981,0.021040023,3.0839141e-05,0.024474441,1,0,0,0.011037248,0.051303195,1.7361366,578.72813,1793.1737,65,0,0.33077589,nan,0.21243344,nan,nan,172091.5,-1621.1019,-4550.6213,-1143.2006,0.050990725,-860.50551,-280.79261,0,0,0,0,0,0
7.74,3810.0324,1169.7331,-1797.1928,518.6994,157.4786,-200.82986,-0.020839915,0.35225625,0.23541729,0.045873789,-0.579625,-0.29797616,0.0086544139,3.2395865e-05,0.019502013,0.99999982,0.0050108078,3.6982497e-05,0.017481722,1,0,0,-0.0019600405,0.055694562,1.7342864,578.08409,1797.1928,65,0,0.32609058,nan,0.21062394,nan,nan,171639.69,-1616.8459,-4832.946,-131.96651,0.07195339,784.52529,360.67887,0,0,0,0,0,0
